一级行业,二级行业,企业所有制性质,资产总计,actual_EBI_A,implied_gap_amount__CSI_nonSOE,implied_gap_amount__H_nonSOE,implied_gap_amount__Pooled_H_plus_CSI_nonSOE,positive_gap_amount__CSI_nonSOE,positive_gap_amount__H_nonSOE,positive_gap_amount__Pooled_H_plus_CSI_nonSOE,predicted_EBI_A__CSI_nonSOE,predicted_EBI_A__H_nonSOE,predicted_EBI_A__Pooled_H_plus_CSI_nonSOE,return_gap_pred_minus_actual__CSI_nonSOE,return_gap_pred_minus_actual__H_nonSOE,return_gap_pred_minus_actual__Pooled_H_plus_CSI_nonSOE
信息技术,半导体,中央国有企业,16532495767.0,0.12041299999999999,-227548291.8312292,-1125782308.9422193,-141818635.09712002,0.0,0.0,0.0,0.10664930121923688,0.05231787844011075,0.11183482541003882,-0.013763698780763112,-0.06809512155988924,-0.008578174589961171
信息技术,半导体,中央国有企业,22191209564.0,0.162735,-1550173982.320491,-2182370090.6481004,-1010999361.6302497,0.0,0.0,0.0,0.09287968283714995,0.06439110016190912,0.11717644859636864,-0.06985531716285004,-0.09834389983809087,-0.04555855140363135
信息技术,半导体,中央国有企业,26457799587.0,0.140437,-1556303114.1520543,-1592522435.773604,-391105081.8358865,0.0,0.0,0.0,0.08161490827485361,0.08024596141657649,0.12565477744404507,-0.058822091725146394,-0.06019103858342352,-0.014782222555954933
信息技术,半导体,中央国有企业,29106829546.42,0.034765000000000004,774125108.7217487,-78347340.39308472,1743576517.7344496,774125108.7217487,0.0,1743576517.7344496,0.06136099553730724,0.032073283258122115,0.09466766012839936,0.026595995537307238,-0.0026917167418778892,0.05990266012839936
信息技术,半导体,中央国有企业,29215259820.18,0.071223,-45967041.59626215,-327673776.19887114,1177334540.2832224,0.0,0.0,1177334540.2832224,0.06964960849572485,0.060007156697023945,0.11152161611807389,-0.0015733915042751428,-0.01121584330297605,0.04029861611807389
信息技术,半导体,中央国有企业,30589736143.75,0.029171999999999997,612546013.5693437,1587231902.8639696,2755814875.569867,612546013.5693437,1587231902.8639696,2755814875.569867,0.04919656022146818,0.08105972781187483,0.1192615275009728,0.02002456022146818,0.05188772781187483,0.0900895275009728
信息技术,半导体,中央国有企业,32328196228.0,0.100233,-865429752.5432379,192358020.60839358,1292676571.2995682,0.0,192358020.60839358,1292676571.2995682,0.07346287813982413,0.10618316249133594,0.14021904073616576,-0.02677012186017587,0.005950162491335939,0.039986040736165754
信息技术,半导体,中央国有企业,33581893568.0,0.007116,2278350844.278068,3209209477.522323,4241647094.740953,2278350844.278068,3209209477.522323,4241647094.740953,0.07496062108024473,0.10267968437128158,0.13342356172673941,0.06784462108024474,0.09556368437128158,0.1263075617267394
信息技术,半导体,中央国有企业,37098618886.0,0.172064,-3214595206.4742203,-2027281936.475015,-679815344.2376505,0.0,0.0,0.0,0.08541400323455921,0.11741824774963643,0.15373945410985113,-0.08664999676544079,-0.05464575225036357,-0.01832454589014887
信息技术,半导体,中央国有企业,39407731739.0,0.141605,-1703955526.5817158,-290112833.8688478,1295339629.8429863,0.0,0.0,1295339629.8429863,0.0983658829184302,0.13424317476757394,0.17447519000286812,-0.043239117081569814,-0.007361825232426067,0.032870190002868116
信息技术,半导体,中央国有企业,42579471835.65,0.058006,1700927571.1410425,3896885633.450364,5444826355.968233,1700927571.1410425,3896885633.450364,5444826355.968233,0.09795312705001022,0.14952629054028016,0.18588044562451123,0.03994712705001022,0.09152029054028016,0.12787444562451122
信息技术,半导体,中央国有企业,54059828326.1,0.059965000000000004,1237302475.7875025,3226132906.528897,5346604664.173425,1237302475.7875025,3226132906.528897,5346604664.173425,0.08285265085090245,0.11964208382402179,0.15886662121717454,0.02288765085090244,0.05967708382402179,0.09890162121717454
信息技术,半导体,中央国有企业,55516503601.44,0.055614,937700191.7114713,3525402181.092476,5468251113.959838,937700191.7114713,3525402181.092476,5468251113.959838,0.07250447636074742,0.11911587696260167,0.15411175758965484,0.01689047636074742,0.06350187696260168,0.09849775758965484
信息技术,半导体,地方国有企业,13734762795.0,0.065726,38903763.15763926,-495730286.92786366,16180973.775896547,38903763.15763926,0.0,16180973.775896547,0.06855850346134859,0.029632891270934138,0.06690410362052901,0.0028325034613485844,-0.03609310872906587,0.001178103620529003
信息技术,半导体,地方国有企业,17518033653.0,0.084979,-294524697.17287445,-863648911.1279966,-190843316.71044746,0.0,0.0,0.0,0.06816634265461144,0.0356784376061097,0.07408489393246398,-0.01681265734538856,-0.0493005623938903,-0.010894106067536019
信息技术,半导体,地方国有企业,31054473365.0,0.091003,-968915762.9428546,-1433128216.5174506,-390202364.5223088,0.0,0.0,0.0,0.05980247853068818,0.04485415053560495,0.07843790640024548,-0.03120052146931182,-0.04614884946439505,-0.012565093599754523
信息技术,半导体,地方国有企业,42551398848.0,0.128411,-3072149713.700659,-2071774816.442004,-1005990659.9894884,0.0,0.0,0.0,0.05621244021410812,0.07972224069874423,0.10476922353142752,-0.07219855978589187,-0.04868875930125577,-0.023641776468572476
信息技术,半导体,地方国有企业,53624552279.13,0.17677600000000002,-6794587383.03325,-6002712411.000123,-4423981511.575592,0.0,0.0,0.0,0.05006934988820752,0.06483637242503369,0.0942768214791688,-0.1267066501117925,-0.11193962757496632,-0.08249917852083122
信息技术,半导体,地方国有企业,65708880828.22,0.20275400000000002,-9848347034.487797,-8148703040.679848,-6285336548.512616,0.0,0.0,0.0,0.05287552223024586,0.07874179741839368,0.10709970686199771,-0.14987847776975416,-0.12401220258160633,-0.0956542931380023
信息技术,半导体,地方国有企业,89800578023.69,0.16050599999999998,-9917761266.107388,-5585187167.5492525,-3589900518.3101754,0.0,0.0,0.0,0.05006393510047323,0.09831055214802911,0.12052963684827132,-0.11044206489952675,-0.06219544785197087,-0.03997636315172866
信息技术,硬件设备,中央国有企业,12219367752.0,0.282642,-1033110354.8936591,-2356568492.483917,-1378185029.2468915,0.0,0.0,0.0,0.19809504340933964,0.08978680975513594,0.1698550655842388,-0.08454695659066036,-0.19285519024486408,-0.11278693441576121
信息技术,硬件设备,中央国有企业,14007819588.0,0.229887,-482318653.41246015,-2015376585.4863205,-844102224.5652671,0.0,0.0,0.0,0.1954548993877359,0.08601188989986554,0.16962764134232716,-0.03443210061226412,-0.14387511010013448,-0.060259358657672846
信息技术,硬件设备,中央国有企业,15131869545.0,0.150748,368084497.2781664,-757317304.4999899,130950129.59470282,368084497.2781664,0.0,130950129.59470282,0.17507311701105643,0.10070016537865084,0.15940192932481184,0.02432511701105644,-0.05004783462134915,0.008653929324811849
信息技术,硬件设备,中央国有企业,16769281027.0,0.145814,397890332.1246941,-945399763.05438,43038537.270217456,397890332.1246941,0.0,43038537.270217456,0.1695413340153377,0.08943711887240698,0.14838051058569068,0.023727334015337692,-0.05637688112759302,0.0025665105856906845
信息技术,硬件设备,中央国有企业,16792291128.0,0.18556699999999998,-79008425.79639575,-1576035959.4912558,-221330494.2070431,0.0,0.0,0.0,0.18086195855007808,0.09171226942882002,0.17238651780612058,-0.004705041449921898,-0.09385473057117996,-0.013180482193879406
信息技术,硬件设备,中央国有企业,19218418866.0,0.160768,200738221.81170464,-896886428.5558596,169522361.57352585,200738221.81170464,0.0,169522361.57352585,0.171213095572708,0.11409993459829446,0.16958882770468875,0.010445095572708007,-0.04666806540170554,0.008820827704688755
信息技术,硬件设备,中央国有企业,20726545629.0,0.157922,381832205.3752707,-1222783434.3887622,382957735.54177296,381832205.3752707,0.0,382957735.54177296,0.1763443754507853,0.09892599283719146,0.1763986792497226,0.01842237545078529,-0.05899600716280855,0.0184766792497226
信息技术,硬件设备,中央国有企业,20963979137.0,0.103103,1007656748.9883374,-795998637.2771577,490704402.8744123,1007656748.9883374,0.0,490704402.8744123,0.15116910149739615,0.06513317413462914,0.12651002591181043,0.04806610149739615,-0.03796982586537086,0.02340702591181043
信息技术,硬件设备,中央国有企业,22606867760.88,0.109944,1080975604.953335,-386561352.182803,1299410871.7717824,1080975604.953335,0.0,1299410871.7717824,0.157760248424468,0.09284471157704885,0.16742258949395655,0.04781624842446801,-0.01709928842295115,0.05747858949395655
信息技术,硬件设备,中央国有企业,25302247864.46,0.135073,261886312.57413024,-1415410650.272908,437636743.068364,261886312.57413024,0.0,437636743.068364,0.14542331804197842,0.07913288519853923,0.15236935822922582,0.010350318041978418,-0.05594011480146077,0.017296358229225817
信息技术,硬件设备,中央国有企业,26121984763.0,0.095297,1405170237.5899863,-555466681.2754631,1233413852.0606225,1405170237.5899863,0.0,1233413852.0606225,0.14908962909533252,0.07403266322333044,0.14251446311588348,0.053792629095332514,-0.02126433677666957,0.04721746311588347
信息技术,硬件设备,中央国有企业,26987332213.0,0.16145299999999999,-64509640.86551076,-1408162123.85557,31109814.06620292,0.0,0.0,31109814.06620292,0.15906263253587413,0.10927436623429387,0.16260575618281442,-0.002390367464125853,-0.05217863376570611,0.001152756182814435
信息技术,硬件设备,中央国有企业,30582928717.03,0.20623899999999998,-1687582653.3375583,-3048561409.92074,-1007367058.9235814,0.0,0.0,0.0,0.1510584556854905,0.10655719914542194,0.17330013177569442,-0.05518054431450947,-0.09968180085457803,-0.032938868224305556
信息技术,硬件设备,中央国有企业,31615458539.32,0.10294600000000001,611824914.4855591,-824331595.6891137,1027351063.2705015,611824914.4855591,0.0,1027351063.2705015,0.12229808099938312,0.0768723121974367,0.13544121312470575,0.01935208099938311,-0.026073687802563306,0.03249521312470574
信息技术,硬件设备,中央国有企业,31810174007.0,0.104033,1027493081.8035241,-1319746415.8030539,794424002.0304966,1027493081.8035241,0.0,794424002.0304966,0.13633376897967986,0.06254481400288359,0.129006896774525,0.03230076897967986,-0.041488185997116414,0.02497389677452501
信息技术,硬件设备,中央国有企业,31810733160.0,0.168109,-551017553.6779296,-2064140454.4009702,-281348634.94706506,0.0,0.0,0.0,0.1507872504223826,0.10322082392374103,0.15926454383698257,-0.017321749577617396,-0.06488817607625898,-0.008844456163017433
信息技术,硬件设备,中央国有企业,35569904322.27,0.176227,-1247669832.7226462,-2576685537.3857946,-693321126.3229918,0.0,0.0,0.0,0.14115044141781985,0.10378695309853686,0.1567352094109286,-0.035076558582180145,-0.07244004690146313,-0.019491790589071384
信息技术,硬件设备,中央国有企业,36617491563.87,0.09787699999999999,809474484.3506604,-339969791.43219334,1738982224.1720273,809474484.3506604,0.0,1738982224.1720273,0.11998322436926723,0.08859264498515138,0.14536747927378668,0.022106224369267236,-0.009284355014848616,0.04749047927378669
信息技术,硬件设备,中央国有企业,40953741117.01,0.102089,-10017355.452059608,-138775728.7787752,1686930038.7394607,0.0,0.0,1686930038.7394607,0.1018443982816017,0.09870040289034217,0.14328010959654916,-0.00024460171839829625,-0.0033885971096578316,0.04119110959654916
信息技术,硬件设备,中央国有企业,41246813453.82,0.152143,-358206893.75097823,-1715306070.877262,563792252.0100175,0.0,0.0,563792252.0100175,0.1434585256429196,0.11055660999201256,0.16581174686310593,-0.00868447435708039,-0.041586390007987445,0.01366874686310593
信息技术,硬件设备,中央国有企业,42527397016.91,0.090316,1694018119.1953235,947468086.3182514,3060516248.528582,1694018119.1953235,947468086.3182514,3060516248.528582,0.13014957172134795,0.11259500489516236,0.16228175532971464,0.03983357172134795,0.022279004895162366,0.07196575532971465
信息技术,硬件设备,中央国有企业,75358000240.0,0.300981,-11705440014.956802,-9550879342.327978,-7101270640.828117,0.0,0.0,0.0,0.14564991401473842,0.17424091517940554,0.20674720109063396,-0.15533108598526157,-0.12674008482059446,-0.09423379890936603
信息技术,硬件设备,中央国有企业,88701682384.0,0.271241,-11438663488.549274,-9614073416.176388,-6271389076.910224,0.0,0.0,0.0,0.14228444380944258,0.16285440396503492,0.20053896923399217,-0.12895655619055743,-0.10838659603496509,-0.07070203076600784
信息技术,硬件设备,中央国有企业,103865000000.0,0.286561,-16206074544.113827,-12284729831.929882,-8950342508.164116,0.0,0.0,0.0,0.13053082097805974,0.16828506651008635,0.20038815536355736,-0.15603017902194027,-0.11827593348991366,-0.08617284463644265
信息技术,硬件设备,中央国有企业,119233000000.0,0.194726,-7361122104.2311945,-2046637005.116437,1911526085.3182607,0.0,0.0,1911526085.3182607,0.13298871162990789,0.17756097852845742,0.21075785431313698,-0.061737288370092125,-0.017165021471542585,0.016031854313136973
信息技术,硬件设备,中央国有企业,132016200156.14,0.152555,-5627425982.336246,-721942635.1865922,4449933563.244822,0.0,0.0,4449933563.244822,0.10992821650160738,0.14708640876397952,0.1862624810362799,-0.04262678349839262,-0.005468591236020476,0.03370748103627991
信息技术,硬件设备,中央国有企业,138049655334.62,0.173097,-8709453408.856724,-2866763460.187764,2543565756.315443,0.0,0.0,2543565756.315443,0.11000771964109009,0.15233082384954902,0.19152200620628185,-0.06308928035890991,-0.020766176150450982,0.018425006206281846
信息技术,硬件设备,中央国有企业,138848007548.55,0.19493300000000002,-10348692312.422771,-5943541740.943946,-449252781.42366767,0.0,0.0,0.0,0.12040047702660252,0.15212689967576087,0.19169742759708613,-0.0745325229733975,-0.04280610032423915,-0.003235572402913889
信息技术,硬件设备,地方国有企业,29409085017.0,0.098164,3661584379.6117043,6010277550.471261,6106045168.596263,3661584379.6117043,6010277550.471261,6106045168.596263,0.22266921250474525,0.30253205657153237,0.3057884522761129,0.12450521250474525,0.20436805657153237,0.2076244522761129
信息技术,硬件设备,地方国有企业,38322865651.0,0.120228,3750144362.0350566,6351481387.591385,7121177355.342011,3750144362.0350566,6351481387.591385,7121177355.342011,0.21808457461493097,0.2859640763527779,0.3060485860749923,0.09785657461493097,0.16573607635277787,0.1858205860749923
信息技术,硬件设备,地方国有企业,41013425652.0,0.128312,3141922831.5317006,4970017984.387284,5994549534.381586,3141922831.5317006,4970017984.387284,5994549534.381586,0.2049191787855762,0.2494922697623461,0.2744726641992185,0.07660717878557619,0.12118026976234608,0.1461606641992185
信息技术,硬件设备,地方国有企业,46208162563.0,0.13527799999999998,3657230181.9942546,7255311554.889227,8187533028.78678,3657230181.9942546,7255311554.889227,8187533028.78678,0.21442484287668878,0.2922916346581054,0.3124660242505625,0.0791468428766888,0.15701363465810544,0.17718802425056254
信息技术,硬件设备,地方国有企业,48119624861.79,0.101262,5729031702.01703,6845553111.6792555,8500067758.474698,5729031702.01703,6845553111.6792555,8500067758.474698,0.22032011232884818,0.2435231487795503,0.2779065142265497,0.11905811232884818,0.14226114877955032,0.1766445142265497
信息技术,硬件设备,地方国有企业,71191039667.42,0.120797,6040713982.736889,7291556949.356446,9792808686.478765,6040713982.736889,7291556949.356446,9792808686.478765,0.2056491669434387,0.22321939730477441,0.2583537589998319,0.08485216694343871,0.10242239730477441,0.13755675899983189
信息技术,硬件设备,地方国有企业,83793847851.87,0.115566,6350032926.571617,15120804761.50151,15685055773.28921,6350032926.571617,15120804761.50151,15685055773.28921,0.19134761272408862,0.29601844548540046,0.3027522454749316,0.07578161272408862,0.18045244548540046,0.18718624547493162
信息技术,硬件设备,地方国有企业,340412000000.0,0.02121,12138094250.968624,-756123146.9801714,24589118234.425423,12138094250.968624,0.0,24589118234.425423,0.05686706923072225,0.018988799963044277,0.09344340609151681,0.03565706923072225,-0.0022212000369557228,0.07223340609151682
信息技术,硬件设备,地方国有企业,419187099795.0,0.019188,17809374948.10193,23874792087.887268,48169262326.2043,17809374948.10193,23874792087.887268,48169262326.2043,0.06167350338693976,0.07614297809823593,0.1340991276319359,0.042485503386939766,0.05695497809823594,0.11491112763193591
信息技术,硬件设备,地方国有企业,420562000000.0,0.054093999999999996,8117287068.173734,16018388677.423393,40360923656.45711,8117287068.173734,16018388677.423393,40360923656.45711,0.0733950473323166,0.09218205521522009,0.1500630215864893,0.0193010473323166,0.038088055215220094,0.09596902158648929
信息技术,硬件设备,地方国有企业,424257000000.0,0.050779,2419650061.5750623,-3546041641.94551,24526525403.775635,2419650061.5750623,0.0,24526525403.775635,0.05648226491153961,0.04242076043778768,0.10858953796113119,0.005703264911539614,-0.008358239562212315,0.05781053796113119
信息技术,硬件设备,地方国有企业,429978221541.0,0.040579000000000004,8828384288.34875,16758267362.542479,41045061461.01381,8828384288.34875,16758267362.542479,41045061461.01381,0.061111166156482724,0.07955368877024163,0.13603746604489017,0.02053216615648272,0.03897468877024163,0.09545846604489017
信息技术,硬件设备,地方国有企业,436378322803.0,0.043803999999999996,7763747594.714757,20249819719.99303,43572534509.84038,7763747594.714757,20249819719.99303,43572534509.84038,0.0615953227789265,0.09020827505638192,0.1436543643122321,0.017791322778926505,0.04640427505638192,0.09985036431223211
信息技术,硬件设备,地方国有企业,450233000000.0,0.209698,-70158944116.10625,-69660086074.61432,-42461063372.36414,0.0,0.0,0.0,0.05386991961471892,0.05497791934261967,0.11538891254447332,-0.15582808038528106,-0.15472008065738033,-0.09430908745552667
信息技术,软件服务,中央国有企业,1340618263.0,0.153531,31926439.42228146,-347115371.6397537,-126432159.40058008,31926439.42228146,0.0,0.0,0.17734571318377934,-0.10539085808582685,0.05922215542432375,0.02381471318377934,-0.25892185808582685,-0.09430884457567626
信息技术,软件服务,中央国有企业,1801574166.0,0.150455,41788365.71729013,-552232557.3846655,-223486123.0412054,41788365.71729013,0.0,0.0,0.17365047343980405,-0.1560727954172582,0.02640452943990794,0.02319547343980405,-0.30652779541725816,-0.12405047056009207
信息技术,软件服务,中央国有企业,5395667291.0,0.065706,537353191.1482999,-1253252816.8324158,-283053581.6856794,537353191.1482999,0.0,0.0,0.16529575640410737,-0.16656421779546116,0.013246579057234656,0.09958975640410737,-0.23227021779546114,-0.052459420942765345
信息技术,软件服务,中央国有企业,5535537490.15,0.042546999999999995,390094546.59934086,-1164086491.117431,-171790604.56514698,390094546.59934086,0.0,0.0,0.11301794293796756,-0.16774630813653055,0.011512867384904674,0.07047094293796757,-0.21029330813653055,-0.03103413261509532
信息技术,软件服务,中央国有企业,5628841870.04,0.022371,480968617.1256615,-895843511.3922632,44482312.659796126,480968617.1256615,0.0,44482312.659796126,0.10781817159059998,-0.13678136776511135,0.030273569247247306,0.08544717159059997,-0.15915236776511135,0.007902569247247308
信息技术,软件服务,中央国有企业,6327842567.91,0.011892,567214430.2795463,-919073121.478228,142183103.8626078,567214430.2795463,0.0,142183103.8626078,0.10152988592908838,-0.13335072872069653,0.034361443943446424,0.08963788592908838,-0.14524272872069655,0.022469443943446424
信息技术,软件服务,中央国有企业,10267677543.0,0.12857100000000002,241603561.23790157,-1631171124.1209004,-270593984.807284,241603561.23790157,0.0,0.0,0.15210149754689806,-0.030293662168218632,0.10221703790155433,0.023530497546898038,-0.15886466216821865,-0.02635396209844569
信息技术,软件服务,中央国有企业,14070448560.0,0.181308,-342610521.2560712,-2833727171.798303,-969425488.7211559,0.0,0.0,0.0,0.15695834833146277,-0.020087652719567833,0.1124100196273575,-0.024349651668537226,-0.20139565271956783,-0.0688979803726425
信息技术,软件服务,中央国有企业,17860169154.0,0.223171,-1392447415.0049644,-3845937387.9591117,-1819611085.1581228,0.0,0.0,0.0,0.14520715749668817,0.007834999831279998,0.12129004526387989,-0.07796384250331184,-0.21533600016872,-0.10188095473612012
信息技术,软件服务,中央国有企业,19581031615.0,0.230578,-1864576069.7907588,-4522053423.280645,-2290540236.409442,0.0,0.0,0.0,0.13535441288509004,-0.0003625097848132808,0.11360049434831722,-0.09522358711490997,-0.23094050978481329,-0.11697750565168279
信息技术,软件服务,中央国有企业,21636685902.19,0.199552,-1675143116.8599734,-4492379691.048748,-2066915566.1286337,0.0,0.0,0.0,0.12213057213287824,-0.00807590158145445,0.10402371181981124,-0.07742142786712176,-0.20762790158145444,-0.09552828818018877
信息技术,软件服务,中央国有企业,21882684637.81,0.24034199999999997,-2383515686.9682307,-5186824462.949634,-2760085281.3677673,0.0,0.0,0.0,0.13141954709173695,0.0033132921975039947,0.11421098239173295,-0.10892245290826302,-0.23702870780249596,-0.126131017608267
信息技术,软件服务,中央国有企业,22314945033.04,0.11631,77977217.13229707,-2794654934.1716905,-325031377.686538,77977217.13229707,0.0,0.0,0.11980439431810574,-0.008926917681574498,0.10174436350816507,0.003494394318105748,-0.1252369176815745,-0.014565636491834927
公用事业,公用事业Ⅱ,中央国有企业,100050000000.0,0.071715,7921987078.772075,-10881086445.910923,1210083918.4807885,7921987078.772075,0.0,1210083918.4807885,0.15089528064739705,-0.03704148621600123,0.08380979178891343,0.07918028064739704,-0.10875648621600123,0.012094791788913428
公用事业,公用事业Ⅱ,中央国有企业,142576000000.0,0.08984,7283619020.305518,-19365035423.298782,-2331109250.3039455,7283619020.305518,0.0,0.0,0.14092587013456345,-0.04598254673506608,0.07349005856312461,0.05108587013456345,-0.13582254673506608,-0.01634994143687539
公用事业,公用事业Ⅱ,中央国有企业,160654000000.0,0.09267500000000001,3864836311.1625547,-17041695060.328121,-134143870.04061265,3864836311.1625547,0.0,0.0,0.11673189438895114,-0.0134020043716815,0.09184001381826402,0.02405689438895113,-0.10607700437168151,-0.0008349861817359833
公用事业,公用事业Ⅱ,中央国有企业,162879000000.0,0.102966,2114286045.819471,-18491887771.31698,-1487765505.2969046,2114286045.819471,0.0,0.0,0.11594671602735449,-0.010565442182951634,0.09383182367710445,0.012980716027354483,-0.11353144218295164,-0.009134176322895551
公用事业,公用事业Ⅱ,中央国有企业,164632000000.0,0.082913,5023081212.672702,-17111363652.980373,297120269.8967153,5023081212.672702,0.0,297120269.8967153,0.11342396513844637,-0.021024045367731503,0.08471775405690701,0.030510965138446366,-0.1039370453677315,0.0018047540569070125
公用事业,公用事业Ⅱ,中央国有企业,167460000000.0,0.11171900000000001,-259723863.9321975,-25154574344.6611,-6762468773.023836,0.0,0.0,0.0,0.11016803938891559,-0.03849343487794753,0.07133640849740933,-0.0015509606110844232,-0.15021243487794755,-0.04038259150259069
公用事业,公用事业Ⅱ,中央国有企业,195239265297.35,0.113096,717987302.8827116,-24259992735.512283,-3660074890.296496,717987302.8827116,0.0,0.0,0.1167734739025432,-0.011161754701976778,0.09434938730033536,0.0036774739025431935,-0.12425775470197678,-0.01874661269966464
公用事业,公用事业Ⅱ,中央国有企业,214607123371.44,0.11774699999999999,-1446690949.8963401,-33051772495.48626,-8389521409.880495,0.0,0.0,0.0,0.11100588662422252,-0.03626360307900667,0.07865453522957394,-0.006741113375777472,-0.15401060307900666,-0.03909246477042605
公用事业,公用事业Ⅱ,中央国有企业,217196000000.0,0.10189999999999999,6126015532.029798,-37925669647.24247,-9650285738.970282,6126015532.029798,0.0,0.0,0.1301050108290659,-0.0727149544523954,0.05746876858243115,0.028205010829065902,-0.1746149544523954,-0.04443123141756884
公用事业,公用事业Ⅱ,中央国有企业,222386000000.0,-0.04884,40819974932.0218,15390234764.986403,39104318545.58025,40819974932.0218,15390234764.986403,39104318545.58025,0.13471460744840863,0.020365052318879806,0.12699983949340451,0.18355460744840862,0.0692050523188798,0.1758398394934045
公用事业,公用事业Ⅱ,中央国有企业,224722000000.0,0.12181900000000001,-1154057761.6574078,-32695786138.659405,-8225360923.642413,0.0,0.0,0.0,0.11668350920845576,-0.02367537143964278,0.08521661606054409,-0.005135490791544253,-0.14549437143964278,-0.03660238393945592
公用事业,公用事业Ⅱ,中央国有企业,226476498000.0,0.069153,15288028494.03814,-9984001813.948227,13503280531.45834,15288028494.03814,0.0,13503280531.45834,0.13665681884674913,0.025068947561374663,0.12877631919958574,0.06750381884674912,-0.04408405243862534,0.05962331919958573
公用事业,公用事业Ⅱ,中央国有企业,226717001711.92,0.109335,33328087.785770033,-32331720139.59875,-6549050977.357022,33328087.785770033,0.0,0.0,0.10948200303697611,-0.03327327328989353,0.08044854275195192,0.0001470030369761094,-0.14260827328989353,-0.028886457248048086
公用事业,公用事业Ⅱ,中央国有企业,226802000000.0,-0.000492,30997448717.21569,5395875981.236225,29090074880.60101,30997448717.21569,5395875981.236225,29090074880.60101,0.1361798490895834,0.023299130506945376,0.1277699856994251,0.13667184908958338,0.023791130506945375,0.1282619856994251
公用事业,公用事业Ⅱ,中央国有企业,227138590000.0,0.080532,13842282709.091787,-8467489259.005605,14406019910.54008,13842282709.091787,0.0,14406019910.54008,0.14147401213933655,0.043253045072061055,0.1439559206580444,0.060942012139336546,-0.03727895492793895,0.0634239206580444
公用事业,公用事业Ⅱ,中央国有企业,228909000000.0,0.125914,-1484894709.4058502,-34410410615.92655,-9217368067.109596,0.0,0.0,0.0,0.11942716588947638,-0.024409537370424728,0.08564748331821992,-0.006486834110523615,-0.15032353737042473,-0.04026651668178008
公用事业,公用事业Ⅱ,中央国有企业,232164000000.0,0.058502,18100740762.00848,-11986444492.784193,13396210153.131918,18100740762.00848,0.0,13396210153.131918,0.13646732090250202,0.00687278749166885,0.1162034961541493,0.07796532090250202,-0.05162921250833115,0.057701496154149295
公用事业,公用事业Ⅱ,中央国有企业,236691000000.0,0.06139,17641155427.263996,-9922326643.204092,15035108586.88211,17641155427.263996,0.0,15035108586.88211,0.135922430161113,0.01946898634420366,0.12491209668674394,0.074532430161113,-0.04192101365579634,0.06352209668674394
公用事业,公用事业Ⅱ,中央国有企业,241370000000.0,0.049387999999999994,16435065084.842695,-16637923026.945133,9517420735.804914,16435065084.842695,0.0,9517420735.804914,0.1174787531376836,-0.019543197029229548,0.08881883538055646,0.06809075313768362,-0.06893119702922954,0.039430835380556466
公用事业,公用事业Ⅱ,中央国有企业,258254000000.0,0.076989,10158115017.127857,-23919036013.677464,3639166802.0205216,10158115017.127857,0.0,3639166802.0205216,0.11632281483782578,-0.015629259595891884,0.09108042472922209,0.039333814837825776,-0.09261825959589189,0.01409142472922209
公用事业,公用事业Ⅱ,中央国有企业,262127000000.0,0.0981,5897918577.524469,-41777457270.66235,-8566618408.359009,5897918577.524469,0.0,0.0,0.12060023300737609,-0.061278687699711815,0.06541882481255648,0.02250023300737608,-0.1593786876997118,-0.032681175187443526
公用事业,公用事业Ⅱ,中央国有企业,264230768000.0,0.08776400000000001,13662882046.592505,-11396186732.025091,14907629400.619566,13662882046.592505,0.0,14907629400.619566,0.13947214190190185,0.04463432657746698,0.14418297616033712,0.051708141901901844,-0.04312967342253303,0.056418976160337114
公用事业,公用事业Ⅱ,中央国有企业,277363021076.32,0.118062,-604038808.9866527,-37957449430.50494,-7740625398.36262,0.0,0.0,0.0,0.11588420857473122,-0.018789153708988676,0.09015407857512957,-0.002177791425268777,-0.13685115370898868,-0.027907921424870433
公用事业,公用事业Ⅱ,中央国有企业,296483000000.0,0.147703,-10459800501.54685,-36775923652.55132,-9032437151.287058,0.0,0.0,0.0,0.11242340386279534,0.023662418743903277,0.11723772154799075,-0.03527959613720466,-0.12404058125609672,-0.030465278452009248
公用事业,公用事业Ⅱ,中央国有企业,296536685805.74,0.109754,2934308834.440929,-38801422151.042206,-5660694245.258819,2934308834.440929,0.0,0.0,0.11964926414402292,-0.021094640348199134,0.09066464439505095,0.00989526414402292,-0.13084864034819915,-0.01908935560494905
公用事业,公用事业Ⅱ,中央国有企业,311707560904.4,0.09,9211646910.645855,-45204464877.7457,-6785790265.976922,9211646910.645855,0.0,0.0,0.11955220875592121,-0.055022035226183694,0.06823026734966461,0.02955220875592121,-0.14502203522618368,-0.021769732650335383
公用事业,公用事业Ⅱ,中央国有企业,313579818706.81,0.109834,2288886964.9619904,-41051476470.41559,-6159703835.161601,2288886964.9619904,0.0,0.0,0.11713321643044908,-0.02107836751047998,0.0901908231509159,0.007299216430449076,-0.13091236751047997,-0.019643176849084107
公用事业,公用事业Ⅱ,中央国有企业,327268000000.0,0.116267,-449409314.2421156,-25860699426.06705,4013786756.292846,0.0,0.0,4013786756.292846,0.11489378503782186,0.03724705479891999,0.12853152557626424,-0.0013732149621781403,-0.07901994520108001,0.012264525576264243
公用事业,公用事业Ⅱ,中央国有企业,328563000000.0,0.148779,-11738587698.14227,-37060295713.72652,-6944966737.368468,0.0,0.0,0.0,0.11305194705081743,0.0359839022144109,0.1276416024921599,-0.03572705294918256,-0.1127950977855891,-0.021137397507840106
公用事业,公用事业Ⅱ,中央国有企业,330827000000.0,0.16353,-17220893427.58824,-45321661431.26116,-14662126554.799774,0.0,0.0,0.0,0.11147592512827478,0.02653494992470034,0.11921038112125137,-0.052054074871725226,-0.13699505007529966,-0.044319618878748634
公用事业,公用事业Ⅱ,中央国有企业,336672867584.0,0.122204,9556081815.233696,-43988477736.80429,-2282172103.0217843,9556081815.233696,0.0,0.0,0.15058787864103557,-0.008452438258509665,0.11542539583329392,0.028383878641035573,-0.13065643825850964,-0.006778604166706073
公用事业,公用事业Ⅱ,中央国有企业,347639000000.0,0.095614,9064934053.35324,-52593659624.65284,-10285272600.708406,9064934053.35324,0.0,0.0,0.1216897108763782,-0.05567414553215504,0.06602792766430578,0.026075710876378194,-0.15128814553215503,-0.029586072335694227
公用事业,公用事业Ⅱ,中央国有企业,356871426700.32,0.07221899999999999,17826969234.0298,-51113713587.33801,-4600869670.24978,17826969234.0298,0.0,0.0,0.12217247876085315,-0.07100825150607351,0.05932676675849331,0.049953478760853154,-0.14322725150607352,-0.012892233241506679
公用事业,公用事业Ⅱ,中央国有企业,357337000000.0,0.049264,30694524377.958958,-10294638010.789114,26938360177.955967,30694524377.958958,0.0,26938360177.955967,0.1351619741195537,0.02045467431923055,0.12465042843577902,0.08589797411955369,-0.02880932568076945,0.07538642843577902
公用事业,公用事业Ⅱ,中央国有企业,364848000000.0,0.035694,29858108908.448376,-19987118218.321964,19712616941.286156,29858108908.448376,0.0,19712616941.286156,0.1175311182203229,-0.019088041338645043,0.0897236697289999,0.08183711822032291,-0.05478204133864504,0.0540296697289999
公用事业,公用事业Ⅱ,中央国有企业,381746000000.0,0.099496,8564576607.185843,-58834925024.13498,-12374638252.84693,8564576607.185843,0.0,0.0,0.1219312753065804,-0.05462460643499861,0.06708010499953652,0.022435275306580404,-0.1541206064349986,-0.03241589500046348
公用事业,公用事业Ⅱ,中央国有企业,387155529975.3,0.042359,29644295820.509907,-38560042990.78711,9081763409.811533,29644295820.509907,0.0,9081763409.811533,0.11892847537957466,-0.05723932678419237,0.06581666160279549,0.07656947537957465,-0.09959832678419236,0.023457661602795492
公用事业,公用事业Ⅱ,中央国有企业,387975000000.0,0.117647,2163021267.565197,-59909026324.84766,-14744733495.179008,2163021267.565197,0.0,0.0,0.12322215630534235,-0.036767656420768485,0.07964266081531282,0.005575156305342346,-0.1544146564207685,-0.03800433918468718
公用事业,公用事业Ⅱ,中央国有企业,391898000000.0,0.103334,8201708076.986487,-50138355995.54007,-6168960416.142691,8201708076.986487,0.0,0.0,0.12426217028151837,-0.024603259173407555,0.08759276014640878,0.020928170281518374,-0.12793725917340754,-0.015741239853591216
公用事业,公用事业Ⅱ,中央国有企业,397909000000.0,-0.037367,66890219709.3928,20252443006.30714,62168008956.90042,66890219709.3928,20252443006.30714,62168008956.90042,0.1307373145779382,0.013530172484932844,0.11886975000289117,0.16810431457793817,0.05089717248493284,0.15623675000289117
公用事业,公用事业Ⅱ,中央国有企业,399993000000.0,0.099219,9914641037.15787,-45429953905.303474,-1477359906.140535,9914641037.15787,0.0,0.0,0.12400603636603108,-0.014357872358524953,0.09552553559902165,0.02478703636603108,-0.11357687235852496,-0.003693464400978355
公用事业,公用事业Ⅱ,中央国有企业,409016000000.0,0.095844,11498592052.768955,-43537473620.76562,1222381788.226536,11498592052.768955,0.0,1222381788.226536,0.12395681723152384,-0.010600426674667054,0.0988325916155518,0.02811281723152384,-0.10644442667466705,0.0029885916155518027
公用事业,公用事业Ⅱ,中央国有企业,409621000000.0,0.109671,5709773190.923159,-63374108911.6824,-13982112974.721468,5709773190.923159,0.0,0.0,0.12361016130013637,-0.045043013470213694,0.07553673204322663,0.013939161300136366,-0.15471401347021368,-0.03413426795677338
公用事业,公用事业Ⅱ,中央国有企业,412852000000.0,0.06217399999999999,33686993669.699684,-17773566042.544266,26956094327.376137,33686993669.699684,0.0,26956094327.376137,0.14376981077407808,0.019123303763711283,0.12746639128640805,0.08159581077407808,-0.04305069623628871,0.06529239128640806
公用事业,公用事业Ⅱ,中央国有企业,415250356776.35,0.097379,10660932735.564434,-44182237175.9507,884487184.0041835,10660932735.564434,0.0,884487184.0041835,0.12305250650418902,-0.009020034835138857,0.09950900944989087,0.025673506504189023,-0.10639903483513885,0.0021300094498908767
公用事业,公用事业Ⅱ,中央国有企业,425400654520.48,0.09295199999999999,12995532709.27841,-43613232298.69604,2906023233.8419585,12995532709.27841,0.0,2906023233.8419585,0.12350092504556023,-0.009570720252646853,0.0997832617833597,0.03054892504556024,-0.10252272025264685,0.006831261783359702
公用事业,公用事业Ⅱ,中央国有企业,428250000000.0,0.007541,62576235174.89029,8810461459.306255,55590465320.21167,62576235174.89029,8810461459.306255,55590465320.21167,0.15366180601258678,0.028114173285011687,0.1373494420787196,0.14612080601258678,0.020573173285011688,0.1298084420787196
公用事业,公用事业Ⅱ,中央国有企业,444090216404.0,0.093033,10515758719.914055,-77109854067.25227,-18311542119.2455,10515758719.914055,0.0,0.0,0.11671232985568772,-0.08060256146686984,0.05179916632646771,0.023679329855687714,-0.17363556146686984,-0.0412338336735323
公用事业,公用事业Ⅱ,中央国有企业,449905000000.0,0.019927999999999998,59247105170.8856,1492134631.7204988,51438740226.60693,59247105170.8856,1492134631.7204988,51438740226.60693,0.15161603452036673,0.023244554898746397,0.13426044846491356,0.13168803452036673,0.0033165548987463996,0.11433244846491356
公用事业,公用事业Ⅱ,中央国有企业,457899346871.8,0.119557,12803801849.09054,-50645636920.66743,1722604253.045552,12803801849.09054,0.0,1722604253.045552,0.14751904435879065,0.008952699586252305,0.1233189714131801,0.027962044358790655,-0.11060430041374769,0.003761971413180104
公用事业,公用事业Ⅱ,中央国有企业,464620000000.0,0.109367,6062819161.800222,-70195336687.22696,-15457836759.668594,6062819161.800222,0.0,0.0,0.12241598446429389,-0.041714177493923976,0.07609715203893808,0.01304898446429388,-0.15108117749392397,-0.03326984796106193
公用事业,公用事业Ⅱ,中央国有企业,493936293815.87,0.187621,-22637335864.078785,-96016413527.80548,-38005636017.97367,0.0,0.0,0.0,0.14179052318041738,-0.006769278118737648,0.11067659139142458,-0.04583047681958263,-0.19439027811873766,-0.07694440860857543
公用事业,公用事业Ⅱ,中央国有企业,500771000000.0,-0.08757899999999999,117829217759.99098,52099560996.46046,108772474735.3109,117829217759.99098,52099560996.46046,108772474735.3109,0.14771660968984024,0.01645969432626982,0.1296310116326842,0.23529560968984023,0.1040386943262698,0.2172100116326842
公用事业,公用事业Ⅱ,中央国有企业,505656118063.91,0.080496,22253685199.71552,-45376446438.520515,10418138796.79201,22253685199.71552,0.0,10418138796.79201,0.12450552426902678,-0.009241758167073885,0.10109920922583054,0.04400952426902678,-0.08973775816707388,0.020603209225830546
公用事业,公用事业Ⅱ,中央国有企业,512222000000.0,-0.070186,112543952930.84366,41371256245.18695,99984975013.74655,112543952930.84366,41371256245.18695,99984975013.74655,0.1495311400893434,0.010582214260978537,0.125012517466541,0.2197171400893434,0.08076821426097854,0.195198517466541
公用事业,公用事业Ⅱ,中央国有企业,518120395445.0,0.059893999999999996,29967308882.94099,-70188858003.4282,-2508514563.429888,29967308882.94099,0.0,0.0,0.11773250461474857,-0.07557423985406875,0.055052433087206705,0.05783850461474858,-0.13546823985406875,-0.004841566912793291
公用事业,公用事业Ⅱ,中央国有企业,520151776851.06,0.124002,8914326319.238832,-72793693431.82579,-10048500988.959782,8914326319.238832,0.0,0.0,0.1411399330340947,-0.01594502444834578,0.10468359826389084,0.017137933034094693,-0.13994702444834578,-0.01931840173610916
公用事业,公用事业Ⅱ,中央国有企业,539267250476.02,0.11831200000000001,3468447426.6642857,-92047344309.71585,-25613131087.734577,3468447426.6642857,0.0,0.0,0.12474377835034973,-0.0523776612550904,0.07081582613606623,0.0064317783503497206,-0.1706896612550904,-0.04749617386393379
公用事业,公用事业Ⅱ,中央国有企业,550316013000.0,0.065696,48914497423.29195,-24695855621.89941,37456808075.51037,48914497423.29195,0.0,37456808075.51037,0.15458037964332313,0.020820228555022247,0.13376017983608696,0.08888437964332313,-0.04487577144497776,0.06806417983608695
公用事业,公用事业Ⅱ,中央国有企业,559208340046.84,0.159873,-26482916010.356747,-91163785871.94194,-33051506745.027946,0.0,0.0,0.0,0.11251512975053535,-0.003149936790080715,0.10076889804354577,-0.04735787024946464,-0.1630229367900807,-0.059104101956454214
公用事业,公用事业Ⅱ,中央国有企业,566071979792.34,0.157895,-26412074013.261898,-91382717106.99599,-33792157137.12589,0.0,0.0,0.0,0.11123649197253854,-0.00353803390589863,0.09819913384968758,-0.046658508027461465,-0.16143303390589864,-0.05969586615031243
公用事业,公用事业Ⅱ,中央国有企业,571942544909.29,0.14083600000000002,-15697194533.353231,-59092474263.74387,-6703358250.355022,0.0,0.0,0.0,0.11339059543433197,0.03751710059356414,0.1291156649593218,-0.027445404565668047,-0.10331889940643588,-0.01172033504067821
公用事业,公用事业Ⅱ,中央国有企业,595576880000.0,0.072089,50589845585.40229,-29764414568.923916,38956271435.156334,50589845585.40229,0.0,38956271435.156334,0.1570315947921321,0.02211322765483456,0.1374983077541162,0.0849425947921321,-0.04997577234516544,0.0654093077541162
公用事业,公用事业Ⅱ,中央国有企业,619678043000.0,0.09944900000000001,32599701315.148422,-48634299550.173485,22197300216.19022,32599701315.148422,0.0,22197300216.19022,0.15205648171312636,0.020965826197804335,0.13526969829153238,0.05260748171312635,-0.07848317380219567,0.035820698291532366
公用事业,公用事业Ⅱ,中央国有企业,659739168841.27,0.087264,23932331084.297157,-95360903939.15608,-12288094132.417973,23932331084.297157,0.0,0.0,0.1235394437125972,-0.05727934143392274,0.06863831470985705,0.03627544371259721,-0.14454334143392272,-0.01862568529014294
公用事业,公用事业Ⅱ,中央国有企业,749261994107.31,0.081283,33919016825.503815,-106710410383.41855,-9883796404.30828,33919016825.503815,0.0,0.0,0.1265529017062994,-0.061137690256091365,0.068091624376999,0.04526990170629941,-0.14242069025609136,-0.01319137562300099
公用事业,公用事业Ⅱ,地方国有企业,37455297271.0,0.113437,1811150739.3831065,-805165216.8393253,1819109170.9242644,1811150739.3831065,0.0,1819109170.9242644,0.1617919957240735,0.09194030192245652,0.16200447385456532,0.04835499572407349,-0.02149669807754348,0.04856747385456532
公用事业,公用事业Ⅱ,地方国有企业,41329132241.0,0.113068,2159151337.8970056,-1679805515.29789,1529702462.8012242,2159151337.8970056,0.0,1529702462.8012242,0.1653108422959979,0.07242341289610088,0.1500806924969333,0.052242842295997904,-0.04064458710389912,0.037012692496933286
公用事业,公用事业Ⅱ,地方国有企业,48467289300.0,0.10283899999999999,2912107916.4882073,-1763711930.084531,2161086726.19759,2912107916.4882073,0.0,2161086726.19759,0.1629229856849227,0.06644926260066639,0.14742756184056469,0.06008398568492271,-0.0363897373993336,0.0445885618405647
公用事业,公用事业Ⅱ,地方国有企业,54713816868.0,0.108055,2467610766.413404,-2565005531.6359234,1779683893.0122936,2467610766.413404,0.0,1779683893.0122936,0.15315532214288113,0.06117460162048033,0.14058213838820413,0.045100322142881136,-0.04688039837951967,0.03252713838820413
公用事业,公用事业Ⅱ,地方国有企业,60353345396.81,0.12410700000000001,1548051769.1733842,-3896917229.623986,848922625.9699677,1548051769.1733842,0.0,848922625.9699677,0.14975680878848197,0.059538628454021726,0.13817287522843164,0.025649808788481956,-0.06456837154597828,0.014065875228431626
公用事业,公用事业Ⅱ,地方国有企业,65049216986.43,0.113788,1966555138.2503982,-3343895415.854135,1648487822.7089524,1966555138.2503982,0.0,1648487822.7089524,0.1440198033845149,0.06238237867558484,0.13913016242837858,0.030231803384514894,-0.05140562132441516,0.025342162428378584
公用事业,公用事业Ⅱ,地方国有企业,70280844646.92,0.10925800000000001,2712732122.19799,-3037243756.215186,2383351237.273137,2712732122.19799,0.0,2383351237.273137,0.1478564564617334,0.06604218818849113,0.14316981835173898,0.03859845646173339,-0.04321581181150888,0.03391181835173897
公用事业,公用事业Ⅱ,地方国有企业,110970000000.0,0.068494,11502811946.34159,1107999243.8397331,11622813343.57429,11502811946.34159,1107999243.8397331,11622813343.57429,0.17215095184591864,0.07847867373019494,0.17323233778115066,0.10365695184591864,0.009984673730194946,0.10473833778115066
公用事业,公用事业Ⅱ,地方国有企业,114512000000.0,0.092206,8930537105.8069,-2114263259.7674422,8948205004.300938,8930537105.8069,0.0,8948205004.300938,0.17019378386376013,0.07374275370469957,0.17034807248411465,0.07798778386376014,-0.018463246295300426,0.07814207248411466
公用事业,公用事业Ⅱ,地方国有企业,115629000000.0,-0.013076,20807295418.986313,9650856742.318058,20860408609.848713,20807295418.986313,9650856742.318058,20860408609.848713,0.1668727621529747,0.07038798172013991,0.16733210358862147,0.1799487621529747,0.08346398172013991,0.18040810358862147
公用事业,公用事业Ⅱ,地方国有企业,120921000000.0,-0.029239,24868933540.173023,15161094877.616426,26055553220.519047,24868933540.173023,15161094877.616426,26055553220.519047,0.17642365198082238,0.0961411645505448,0.18623683315155387,0.2056626519808224,0.1253801645505448,0.21547583315155389
公用事业,公用事业Ⅱ,地方国有企业,147240775217.75,0.101326,11349313182.59655,-1067438121.2422208,12319919143.024117,11349313182.59655,0.0,12319919143.024117,0.17840596080441976,0.09407639051062032,0.18499792528567277,0.07707996080441976,-0.00724960948937968,0.08367192528567277
公用事业,公用事业Ⅱ,地方国有企业,154085417032.43,0.110196,10629464366.67903,-3081161524.2796235,11701450015.933605,10629464366.67903,0.0,11701450015.933605,0.17918023336480876,0.09019954878728635,0.18613732034877012,0.06898423336480876,-0.01999645121271365,0.07594132034877012
公用事业,公用事业Ⅱ,地方国有企业,156337713781.7,0.100489,9909147226.651997,-3369179916.4055133,11484592380.383572,9909147226.651997,0.0,11484592380.383572,0.16387196107162277,0.0789383463866945,0.1739491530403593,0.06338296107162278,-0.021550653613305493,0.0734601530403593
医疗保健,医药生物,中央国有企业,6314412346.0,0.167189,240943094.95828244,-1338873670.477685,-490786373.8598727,240943094.95828244,0.0,0.0,0.20534664346003045,-0.044845564281476374,0.08946420995350077,0.03815764346003045,-0.21203456428147638,-0.07772479004649924
医疗保健,医药生物,中央国有企业,7541051691.0,0.151122,318413158.175262,-1574580570.2684884,-574089715.2744668,318413158.175262,0.0,0.0,0.19334597236121293,-0.05767919044240197,0.07499339900398454,0.04222397236121292,-0.20880119044240197,-0.07612860099601547
医疗保健,医药生物,中央国有企业,11577632332.0,0.12092499999999999,746171650.1604049,-1972062331.6086981,-544417470.9556557,746171650.1604049,0.0,0.0,0.1853744166651003,-0.04940881913139669,0.07390178701966438,0.0644494166651003,-0.17033381913139667,-0.04702321298033561
医疗保健,医药生物,中央国有企业,12940709340.0,0.104587,610245583.868798,-2509911513.360744,-701866728.2967116,610245583.868798,0.0,0.0,0.15174404277373083,-0.08936770892793763,0.05034988595500503,0.047157042773730826,-0.19395470892793765,-0.05423711404499497
医疗保健,医药生物,中央国有企业,14188056936.91,0.119225,439518307.9544653,-2773114159.1918325,-881818967.4214909,439518307.9544653,0.0,0.0,0.15020304793911318,-0.07622911831394763,0.05707279893803124,0.030978047939113185,-0.19545411831394763,-0.06215220106196876
医疗保健,医药生物,中央国有企业,15869522217.56,0.147812,10133398.806746688,-3249539596.150393,-1221972171.9065118,10133398.806746688,0.0,0.0,0.14845054466869417,-0.05695406362822322,0.07081080518429403,0.0006385446686941743,-0.20476606362822322,-0.07700119481570597
医疗保健,医药生物,中央国有企业,16583015601.51,0.095379,694476108.4756585,-2663293606.563267,-476643199.4552859,694476108.4756585,0.0,0.0,0.13725775867477455,-0.06522469661117339,0.06663614581056752,0.041878758674774544,-0.1606036966111734,-0.028742854189432482
医疗保健,医药生物,中央国有企业,20103525732.0,0.18062,-338389560.5856091,-2285827370.356633,-988590783.111739,0.0,0.0,0.0,0.16378765103312332,0.06691718981491175,0.13144500471356926,-0.016832348966876687,-0.11370281018508825,-0.04917499528643074
医疗保健,医药生物,中央国有企业,22010147281.0,0.12152400000000001,897298405.057992,-1162971137.4792879,237936186.76144168,897298405.057992,0.0,237936186.76144168,0.16229148754119307,0.06868604654917466,0.1323342950754372,0.04076748754119307,-0.05283795345082534,0.010810295075437196
医疗保健,医药生物,中央国有企业,24307980617.0,0.14111700000000002,188374230.19692376,-2130378285.0208619,-559162851.6976075,188374230.19692376,0.0,0.0,0.14886648084602236,0.05347589485895991,0.11811373779949653,0.0077494808460223386,-0.08764110514104011,-0.023003262200503485
医疗保健,医药生物,中央国有企业,27122781699.0,0.151666,-42648663.12631919,-2673471196.117522,-850911877.422096,0.0,0.0,0.0,0.15009357046089075,0.053096788855403754,0.12029341119752224,-0.0015724295391092435,-0.09856921114459624,-0.03137258880247776
医疗保健,医药生物,中央国有企业,40081972320.77,0.173289,-1224156667.0161977,-4345004329.183501,-1835727177.1942334,0.0,0.0,0.0,0.14274767191316196,0.06488604281987212,0.12748967748904208,-0.030541328086838043,-0.10840295718012788,-0.04579932251095792
医疗保健,医药生物,中央国有企业,40148455933.08,0.158599,-512970164.4530965,-3623963143.0737576,-1124444748.6951168,0.0,0.0,0.0,0.14582216580971077,0.06833492735137238,0.13059182705742514,-0.012776834190289216,-0.09026407264862761,-0.02800717294257485
医疗保健,医药生物,中央国有企业,58804678665.86,0.162615,-1512342595.8801672,-5551892865.522208,-2088096021.8817604,0.0,0.0,0.0,0.13689693418973342,0.06820256562434125,0.12710598831494785,-0.025718065810266588,-0.09441243437565876,-0.03550901168505216
医疗保健,医药生物,地方国有企业,8810796391.0,0.235988,-151552601.04082802,-1758810347.0629976,-937077082.7517653,0.0,0.0,0.0,0.21878721651626917,0.03636809403331841,0.12963245151530625,-0.01720078348373083,-0.1996199059666816,-0.10635554848469375
医疗保健,医药生物,地方国有企业,10205569714.0,0.230657,-215923849.0116346,-2027706382.2075572,-1086810395.7891977,0.0,0.0,0.0,0.20949954822977396,0.031970749351400776,0.12416511113481385,-0.021157451770226043,-0.19868625064859924,-0.10649188886518615
医疗保健,医药生物,地方国有企业,12495334742.0,0.276818,-952919936.5195339,-3275752639.8745136,-2035186524.7462654,0.0,0.0,0.0,0.20055594250453113,0.014659946013348843,0.11394228944336439,-0.07626205749546888,-0.26215805398665115,-0.16287571055663563
医疗保健,医药生物,地方国有企业,12721347980.0,0.265335,-932355781.2546506,-3303697162.231766,-2122728971.8168573,0.0,0.0,0.0,0.19204435637320325,0.0056379012785666704,0.09847147459733607,-0.07329064362679674,-0.2596970987214333,-0.16686352540266391
医疗保健,医药生物,地方国有企业,14603844518.0,0.23507,-554414395.4357809,-3091469147.6574078,-1669195443.816814,0.0,0.0,0.0,0.19710640796418805,0.023381280372301222,0.12077164234770896,-0.037963592035811955,-0.21168871962769878,-0.11429835765229104
医疗保健,医药生物,地方国有企业,16844623212.0,0.320434,-2272866566.2610755,-5229964794.602269,-3676222103.367944,0.0,0.0,0.0,0.1855027202880323,0.009951258487772188,0.10219094065100684,-0.1349312797119677,-0.3104827415122278,-0.21824305934899316
医疗保健,医药生物,地方国有企业,17080413435.81,0.226449,-647403171.6561731,-3650252050.7289243,-1950274366.0880404,0.0,0.0,0.0,0.1885457505213394,0.012739181765976715,0.1122670820143858,-0.03790324947866061,-0.2137098182340233,-0.11418191798561421
医疗保健,医药生物,地方国有企业,17539661657.5,0.21535,-593636657.5827345,-3541051818.5823345,-1819586205.5503128,0.0,0.0,0.0,0.18150461180638602,0.013461737402404667,0.11160876250741397,-0.03384538819361399,-0.20188826259759535,-0.10374123749258604
医疗保健,医药生物,地方国有企业,17560037344.69,0.149847,327150598.9875746,-2330297820.149746,-654229438.1595098,327150598.9875746,0.0,0.0,0.16847740451257937,0.01714239496939582,0.11259027751601605,0.018630404512579357,-0.1327046050306042,-0.037256722483983956
医疗保健,医药生物,地方国有企业,20921822081.0,0.106557,1581160412.6337667,-1610166316.0412216,213251252.94396704,1581160412.6337667,0.0,213251252.94396704,0.1821316993025854,0.029595905989766427,0.11674976677329311,0.07557469930258541,-0.07696109401023357,0.010192766773293116
医疗保健,医药生物,地方国有企业,21837512362.0,0.108193,1409486196.9347415,-1982413048.6621275,-69353610.53766617,1409486196.9347415,0.0,0.0,0.17273726555413993,0.01741283164566977,0.10501710663870532,0.06454426555413993,-0.09078016835433023,-0.003175893361294674
医疗保健,医药生物,地方国有企业,22515769521.0,0.294649,-2816980631.8197365,-6510866621.554229,-4440009004.224995,0.0,0.0,0.0,0.16953754737154791,0.005479819462702568,0.09745347443362357,-0.12511145262845208,-0.28916918053729745,-0.19719552556637643
医疗保健,医药生物,地方国有企业,25072835362.0,0.11994500000000001,1232175828.2777958,-2708148481.387438,-473204022.147775,1232175828.2777958,0.0,0.0,0.16908885670737753,0.011933742306669264,0.10107182449688337,0.04914385670737752,-0.10801125769333075,-0.018873175503116638
医疗保健,医药生物,地方国有企业,26027589000.0,0.253845,-2491463139.7367983,-6809556571.206643,-4228211460.038033,0.0,0.0,0.0,0.15812106876162066,-0.007783404044901826,0.09139386170831906,-0.09572393123837933,-0.26162840404490184,-0.16245113829168092
医疗保健,医药生物,地方国有企业,27044491890.0,0.12707100000000002,967488478.7650589,-2823907306.757743,-578249248.8533714,967488478.7650589,0.0,0.0,0.16284495658606546,0.022653903970108843,0.10568959445519163,0.03577395658606544,-0.10441709602989117,-0.021381405544808385
医疗保健,医药生物,地方国有企业,30080522676.54,0.006886,3695187920.425197,-705128076.8649125,2344219192.3903675,3695187920.425197,0.0,2344219192.3903675,0.12972920854926828,-0.01655535055255694,0.0848174647420884,0.12284320854926828,-0.02344135055255694,0.0779314647420884
医疗保健,医药生物,地方国有企业,30089450163.66,0.13423,794532973.6879846,-3519810613.726624,-940636335.0993767,794532973.6879846,0.0,0.0,0.16063569931874552,0.017251770268915945,0.10296866654315226,0.026405699318745535,-0.11697822973108404,-0.03126133345684773
医疗保健,医药生物,地方国有企业,30621119491.71,0.088584,2070251935.3550394,-2027076396.0349183,468517620.5183903,2070251935.3550394,0.0,468517620.5183903,0.15619262991686228,0.02238536227273777,0.10388447327777259,0.06760862991686228,-0.06619863772726223,0.015300473277772592
医疗保健,医药生物,地方国有企业,30743650000.0,0.22592600000000002,-2348654131.0983343,-7000930311.503166,-3994514590.3039904,0.0,0.0,0.0,0.14953122803576238,-0.0017935554692811578,0.09599625547376484,-0.07639477196423763,-0.2277195554692812,-0.12992974452623518
医疗保健,医药生物,地方国有企业,31051118000.0,0.11461299999999999,896107852.1425225,-3246620415.7741356,-414849705.6628294,896107852.1425225,0.0,0.0,0.14347211715457467,0.010055720749245295,0.1012527819987406,0.028859117154574676,-0.1045572792507547,-0.013360218001259389
医疗保健,医药生物,地方国有企业,31197524019.77,0.116268,1377018035.2227426,-2902577181.8417506,-300299308.0160901,1377018035.2227426,0.0,0.0,0.1604066962103185,0.023229296672057198,0.10664225829608179,0.044138696210318504,-0.0930387033279428,-0.009625741703918209
医疗保健,医药生物,地方国有企业,137026000000.0,0.101174,11238023137.305218,11880990044.8447,16915964270.39623,11238023137.305218,11880990044.8447,16915964270.39623,0.18318780130271056,0.1878800998996154,0.22462476314273372,0.08201380130271056,0.0867060998996154,0.12345076314273372
医疗保健,医药生物,地方国有企业,149186000000.0,0.103345,11003275350.95515,11997072844.132198,17566236801.19063,11003275350.95515,11997072844.132198,17566236801.19063,0.17710041505875318,0.1837618812363908,0.22109222025652966,0.07375541505875317,0.0804168812363908,0.11774722025652966
医疗保健,医药生物,地方国有企业,163436000000.0,0.107555,9604050511.963636,11626957248.60672,17737837592.42602,9604050511.963636,11626957248.60672,17737837592.42602,0.16631837228005847,0.17869573550874177,0.21608578631651545,0.05876337228005847,0.07114073550874177,0.10853078631651546
医疗保健,医药生物,地方国有企业,198135000000.0,0.096496,14487243355.901958,16516371596.333778,24620478124.6014,14487243355.901958,16516371596.333778,24620478124.6014,0.16961404252606535,0.1798551823571493,0.22075712561940797,0.07311804252606535,0.08335918235714931,0.12426112561940797
医疗保健,医药生物,地方国有企业,211972533766.8,0.05558,22094933171.965027,24859265387.126892,33777523634.588165,22094933171.965027,24859265387.126892,33777523634.588165,0.15981488731928167,0.172855879782027,0.21492858650955343,0.10423488731928168,0.117275879782027,0.15934858650955344
医疗保健,医药生物,地方国有企业,221209430148.17,0.064943,20555182495.902332,22870897596.507336,32261645795.234467,20555182495.902332,22870897596.507336,32261645795.234467,0.1578648183968654,0.16833324688589452,0.21078509078982322,0.09292181839686539,0.10339024688589452,0.14584209078982321
医疗保健,医药生物,地方国有企业,233148766767.21,0.077586,18868835517.50418,20991083583.42679,30814905398.4017,18868835517.50418,20991083583.42679,30814905398.4017,0.15851645388631191,0.16761900285257597,0.20975442544644118,0.08093045388631191,0.09003300285257597,0.1321684254464412
可选消费,可选消费零售,中央国有企业,36080230000.0,0.249605,-374444535.7680798,757644315.931887,1041977740.4273876,0.0,757644315.931887,1041977740.4273876,0.23922689166288352,0.2706038771117004,0.27848446502634233,-0.01037810833711647,0.020998877111700426,0.028879465026342338
可选消费,可选消费零售,中央国有企业,45863816000.0,0.28396699999999997,-1930472168.9693222,449661954.0050237,553162213.853459,0.0,449661954.0050237,553162213.853459,0.2418756012169305,0.2937712856705387,0.2960279722892107,-0.04209139878306947,0.009804285670538704,0.012060972289210714
可选消费,可选消费零售,中央国有企业,55101329000.0,0.38020000000000004,-8964593133.04098,-5631188929.878698,-5835777657.44025,0.0,0.0,0.0,0.2175071340431557,0.27800302885473605,0.27429007435301156,-0.16269286595684435,-0.10219697114526399,-0.10590992564698848
可选消费,可选消费零售,中央国有企业,74891423000.0,0.066036,7313381142.610741,9407112654.318842,10971628148.074379,7313381142.610741,9407112654.318842,10971628148.074379,0.1636891203394378,0.1916460135034,0.21253646305134805,0.09765312033943781,0.1256100135034,0.14650046305134806
可选消费,可选消费零售,中央国有企业,75618784000.0,0.131835,6803281404.986879,11703821076.992252,11579849370.915619,6803281404.986879,11703821076.992252,11579849370.915619,0.2218031407861158,0.2866089920942428,0.28496956205425916,0.08996814078611579,0.15477399209424278,0.15313456205425915
可选消费,可选消费零售,中央国有企业,76108344000.0,0.07961599999999999,7482775644.910049,10894929359.992407,11680333487.432636,7482775644.910049,10894929359.992407,11680333487.432636,0.17793341503809423,0.22276626168474256,0.23308581518127153,0.09831741503809424,0.14315026168474257,0.15346981518127153
可选消费,可选消费零售,中央国有企业,78662313000.0,0.133195,3485104926.719033,6257022494.141529,7117390068.336831,3485104926.719033,6257022494.141529,7117390068.336831,0.17749963323293116,0.21273782369171537,0.22367530495031124,0.044304633232931157,0.07954282369171536,0.09048030495031123
可选消费,汽车与零配件,中央国有企业,97617053590.0,-0.058638,14418204560.089497,14433737483.226217,16456109076.331964,14418204560.089497,14433737483.226217,16456109076.331964,0.08906369790871985,0.0892228189082325,0.10994021939032328,0.14770169790871984,0.1478608189082325,0.16857821939032328
可选消费,汽车与零配件,中央国有企业,120916000000.0,0.068233,3026053504.2240443,3542130790.0225034,5849004359.049644,3026053504.2240443,3542130790.0225034,5849004359.049644,0.0932590801235903,0.09752714461297515,0.11660545988165044,0.025026080123590297,0.02929414461297515,0.04837245988165044
可选消费,汽车与零配件,中央国有企业,135405000000.0,0.065097,4277218083.9217525,5834579937.168009,8440835553.493033,4277218083.9217525,5834579937.168009,8440835553.493033,0.0966853319221724,0.10818684112232199,0.12743469471949362,0.03158833192217239,0.04308984112232199,0.062337694719493617
可选消费,汽车与零配件,中央国有企业,146049000000.0,0.131518,-4664953552.634702,-2409172049.404298,417976648.6665186,0.0,0.0,417976648.6665186,0.09957698326839141,0.11502235778811017,0.13437989325956712,-0.03194101673160858,-0.01649564221188983,0.002861893259567122
可选消费,汽车与零配件,中央国有企业,190171127138.27,0.168174,-11808385216.405415,-8219367655.611615,-4143882009.634789,0.0,0.0,0.0,0.10608052979713502,0.12495309796666734,0.14638372051860507,-0.06209347020286497,-0.04322090203333265,-0.02179027948139492
可选消费,汽车与零配件,中央国有企业,202961073175.76,0.052954999999999995,7577076011.465117,11401432376.839645,16617759331.104652,7577076011.465117,11401432376.839645,16617759331.104652,0.09028765641980287,0.10913046359230297,0.13483158387435715,0.03733265641980287,0.05617546359230297,0.08187658387435715
可选消费,汽车与零配件,中央国有企业,208168160960.86,0.098651,375805804.4077791,5376971444.572759,10196882048.384274,375805804.4077791,5376971444.572759,10196882048.384274,0.10045629915176817,0.124480941619092,0.14763486958561595,0.0018052991517681638,0.025829941619091995,0.048983869585615944
可选消费,汽车与零配件,地方国有企业,137464000000.0,0.08439500000000001,80960281.00474721,1334580974.0420005,4029472143.7784286,80960281.00474721,1334580974.0420005,4029472143.7784286,0.08498395624312365,0.09410358533173778,0.11370792661190152,0.0005889562431236339,0.009708585331737768,0.029312926611901505
可选消费,汽车与零配件,地方国有企业,139127000000.0,0.136372,-176649460.69291386,4335811263.791485,6281321096.794535,0.0,4335811263.791485,6281321096.794535,0.1351023006555671,0.16753641282994303,0.18152010997717577,-0.0012696993444328841,0.031164412829943033,0.04514810997717578
可选消费,汽车与零配件,地方国有企业,142861000000.0,0.072483,-795933083.2599323,1710272777.0579274,4187862692.5587444,0.0,1710272777.0579274,4187862692.5587444,0.06691161884447168,0.08445458620657792,0.10179724736323241,-0.005571381155528327,0.011971586206577914,0.029314247363232404
可选消费,汽车与零配件,地方国有企业,150436000000.0,0.105986,2104520610.19961,6691774467.203359,8847425970.568333,2104520610.19961,6691774467.203359,8847425970.568333,0.11997547466164754,0.15046853388286952,0.1647978932341217,0.013989474661647544,0.04448253388286952,0.0588118932341217
可选消费,汽车与零配件,地方国有企业,153847000000.0,0.12674,-3352211403.7229686,784111309.4056265,3423531689.8128805,0.0,784111309.4056265,3423531689.8128805,0.10495074571669925,0.13183669547931143,0.14899283359319895,-0.021789254283300738,0.005096695479311436,0.022252833593198962
可选消费,汽车与零配件,地方国有企业,154251000000.0,0.085993,-2887755810.294635,1582455592.9962902,4012086005.15896,0.0,1582455592.9962902,4012086005.15896,0.06727185193421997,0.09625196488837214,0.11200311342006833,-0.018721148065780027,0.010258964888372135,0.02601011342006833
可选消费,汽车与零配件,地方国有企业,162797000000.0,0.140533,-6068426617.223783,-2737668061.0502915,604557434.9432205,0.0,0.0,604557434.9432205,0.10325696532353923,0.12371654723336245,0.14424656618944587,-0.03727603467646076,-0.01681645276663754,0.003713566189445877
可选消费,汽车与零配件,地方国有企业,176096527061.77,0.130295,-3434547931.2800207,775002847.9108486,4827617978.45846,0.0,775002847.9108486,4827617978.45846,0.11079121995057703,0.13469601154089766,0.15770961208241238,-0.019503780049422964,0.00440101154089767,0.027414612082412387
可选消费,汽车与零配件,地方国有企业,185005958123.93,0.111687,-541112958.3833685,4106825679.185836,8458219510.810849,0.0,4106825679.185836,8458219510.810849,0.10876215928745984,0.13388534280382902,0.15740563304610405,-0.00292484071254015,0.022198342803829027,0.04571863304610406
可选消费,汽车与零配件,地方国有企业,190075000000.0,0.078417,-1650093018.2444391,5779275902.945721,8605623459.081938,0.0,5779275902.945721,8605623459.081938,0.0697357267223757,0.10882223952621713,0.12369188338330626,-0.008681273277624302,0.030405239526217126,0.045274883383306264
可选消费,汽车与零配件,地方国有企业,199186450932.39,0.111577,-2249861240.5916104,3634331789.3896837,8216719178.017258,0.0,3634331789.3896837,8216719178.017258,0.10028174758669563,0.12982287853429492,0.15282839606411414,-0.011295252413304369,0.01824587853429492,0.04125139606411414
可选消费,汽车与零配件,地方国有企业,214997433000.0,-0.079962,30947037935.011044,35777778028.939476,41359079333.0356,30947037935.011044,35777778028.939476,41359079333.0356,0.0639794299193565,0.08644825676310973,0.11240810766093937,0.1439414299193565,0.16641025676310972,0.19237010766093937
可选消费,汽车与零配件,地方国有企业,218448770000.0,0.038668999999999995,10119976938.532873,19204053087.08397,23713378232.78165,10119976938.532873,19204053087.08397,23713378232.78165,0.08499554575502015,0.12658001495826215,0.1472224985286557,0.046326545755020154,0.08791101495826216,0.10855349852865571
可选消费,汽车与零配件,地方国有企业,232512366000.0,0.007156,16822794519.382618,25384857141.41116,30541594081.66981,16822794519.382618,25384857141.41116,30541594081.66981,0.07950825725320182,0.11633237447898646,0.1385107085993259,0.07235225725320182,0.10917637447898647,0.1313547085993259
可选消费,汽车与零配件,地方国有企业,849333000000.0,0.105784,25834973647.313187,77296967357.28181,82669017367.00958,25834973647.313187,77296967357.28181,82669017367.00958,0.13620195579273758,0.19679302397208376,0.20311804608911885,0.03041795579273758,0.09100902397208376,0.09733404608911884
可选消费,汽车与零配件,地方国有企业,916923000000.0,0.091905,16383490176.720028,50635924335.726074,62783228187.61764,16383490176.720028,50635924335.726074,62783228187.61764,0.10977290185950186,0.1471287476164586,0.16037664722405004,0.017867901859501864,0.05522374761645861,0.06847164722405004
可选消费,汽车与零配件,地方国有企业,919415000000.0,0.080152,39891629674.609505,85618231441.0206,93876008667.63551,39891629674.609505,85618231441.0206,93876008667.63551,0.12354005618203913,0.17327450881377898,0.18225606472336814,0.04338805618203913,0.09312250881377898,0.10210406472336814
可选消费,汽车与零配件,地方国有企业,957143417731.69,0.005805,99189536367.69223,117597841479.2997,143406436478.9816,99189536367.69223,117597841479.2997,143406436478.9816,0.10943579819611465,0.12866834451109935,0.15563253244945977,0.10363079819611465,0.12286334451109934,0.14982753244945976
可选消费,汽车与零配件,地方国有企业,960207461450.69,0.034451999999999997,62372711562.34712,69393071677.28326,99453952498.86362,62372711562.34712,69393071677.28326,99453952498.86362,0.09940953685158192,0.10672083195892229,0.13802748393615658,0.06495753685158193,0.0722688319589223,0.10357548393615658
可选消费,汽车与零配件,地方国有企业,990107000000.0,0.058291,54863038243.7512,91819044524.77345,106994271834.82825,54863038243.7512,91819044524.77345,106994271834.82825,0.11370222145763155,0.15102748658657444,0.1663543424820027,0.05541122145763155,0.09273648658657443,0.1080633424820027
可选消费,汽车与零配件,地方国有企业,1006650278661.54,0.049885,58921930611.12733,89983645229.92873,109604637655.94055,58921930611.12733,89983645229.92873,109604637655.94055,0.10841767203131455,0.13927418225858196,0.158765551646668,0.058532672031314556,0.08938918225858196,0.108880551646668
工业,交通运输,中央国有企业,21243507964.0,0.16931100000000002,-1111515414.4764009,-4406242017.207087,-2384384180.728926,0.0,0.0,0.0,0.11698840731144716,-0.03810493265453428,0.05707039525761999,-0.052322592688552855,-0.20741593265453429,-0.11224060474238003
工业,交通运输,中央国有企业,22822973085.0,0.060203,2031907040.173063,-1977512042.6655672,704546254.6866217,2031907040.173063,0.0,704546254.6866217,0.1492320249480467,-0.026442680880430627,0.09107304712587916,0.08902902494804668,-0.08664568088043062,0.03087004712587916
工业,交通运输,中央国有企业,27618399131.0,0.088254,897436529.884878,-3781640078.436158,-691808347.8933748,897436529.884878,0.0,0.0,0.1207481545535693,-0.048670666071303645,0.06320517857439965,0.0324941545535693,-0.13692466607130366,-0.025048821425600346
工业,交通运输,中央国有企业,29952962908.0,0.100481,797958871.48833,-4464003673.372838,-818443658.5998607,797958871.48833,0.0,0.0,0.12712139861229244,-0.04855279298682226,0.07315670286406403,0.026640398612292435,-0.14903379298682226,-0.027324297135935968
工业,交通运输,中央国有企业,54817643675.0,0.070773,-1925830938.6422722,-11497610565.814808,-5866496772.703515,0.0,0.0,0.0,0.03564141079744254,-0.13896988194474838,-0.036245404648775056,-0.03513158920255746,-0.20974288194474838,-0.10701840464877506
工业,交通运输,中央国有企业,58634669141.0,0.10917299999999999,-3719950103.718875,-13489989836.466724,-7635157279.5901,0.0,0.0,0.0,0.04573015708443012,-0.1208954907767974,-0.021042747636090195,-0.06344284291556987,-0.2300684907767974,-0.13021574763609017
工业,交通运输,中央国有企业,59388937000.0,-0.157733,11438799252.994928,3278957591.8272758,8662840875.26832,11438799252.994928,3278957591.8272758,8662840875.26832,0.03487525047255732,-0.10252141081416771,-0.011866761052697058,0.19260825047255734,0.0552115891858323,0.14586623894730294
工业,交通运输,中央国有企业,60135535611.0,0.138902,-5454738332.947263,-15361320688.350834,-9429802752.814827,0.0,0.0,0.0,0.04819459584162611,-0.11654297994861024,-0.017907158794453717,-0.09070740415837389,-0.25544497994861026,-0.15680915879445373
工业,交通运输,中央国有企业,62394661514.41,0.138321,-5123035353.475971,-14308235812.861969,-8434329584.148386,0.0,0.0,0.0,0.05621404999606722,-0.09099726963365273,0.0031438970326173737,-0.08210695000393278,-0.22931826963365273,-0.1351771029673826
工业,交通运输,中央国有企业,65469954370.0,0.171097,-7882167772.343874,-17499799009.46296,-11534177179.89899,0.0,0.0,0.0,0.05070333471961477,-0.09619811541376314,-0.005078121716355494,-0.12039366528038523,-0.26729511541376316,-0.1761751217163555
工业,交通运输,中央国有企业,65841861000.0,0.014698,912741615.4643099,-8542752122.777098,-2593437967.742932,912741615.4643099,0.0,0.0,0.028560633917111028,-0.11504851677565886,-0.02469089223898048,0.013862633917111029,-0.12974651677565885,-0.03938889223898048
工业,交通运输,中央国有企业,65959857000.0,0.075906,-3399456683.426242,-11910039619.8621,-6294849079.001419,0.0,0.0,0.0,0.02436773357491903,-0.10465897029491894,-0.019528547091292495,-0.05153826642508097,-0.18056497029491894,-0.0954345470912925
工业,交通运输,中央国有企业,68250082000.0,0.048573000000000005,-1714743572.3341823,-10311605440.68394,-4599778922.938602,0.0,0.0,0.0,0.023448582239825266,-0.10251261247858925,-0.01882294720103929,-0.02512441776017474,-0.15108561247858926,-0.0673959472010393
工业,交通运输,中央国有企业,70619308351.63,0.132773,-5833395326.665475,-14127228449.817453,-8057661089.19702,0.0,0.0,0.0,0.050169595027246106,-0.06727467505615728,0.018673028231995056,-0.0826034049727539,-0.20004767505615728,-0.11409997176800495
工业,交通运输,中央国有企业,72083612000.0,0.10153499999999999,-5017411298.035662,-14562848939.941364,-8406972298.67713,0.0,0.0,0.0,0.03192956321867357,-0.1004921811565348,-0.015093066566324823,-0.06960543678132641,-0.20202718115653479,-0.11662806656632481
工业,交通运输,中央国有企业,81042317000.0,0.11495,-6174125407.339367,-17599464731.417824,-10051529407.51656,0.0,0.0,0.0,0.03876603049010349,-0.10221388897688877,-0.009078159356753823,-0.0761839695098965,-0.21716388897688876,-0.12402815935675382
工业,交通运输,中央国有企业,82054880078.89,0.144784,-8619265121.77618,-17998679516.392902,-10953909463.266346,0.0,0.0,0.0,0.03974131255119301,-0.07456528792886463,0.011289082296934302,-0.10504268744880699,-0.21934928792886463,-0.1334949177030657
工业,交通运输,中央国有企业,90913208562.0,0.09117800000000001,-7084178100.11943,-13725110333.08641,-7986477801.89175,0.0,0.0,0.0,0.01325557033139757,-0.05979137562957432,0.0033307231497366196,-0.07792242966860244,-0.15096937562957433,-0.08784727685026339
工业,交通运输,中央国有企业,92078580000.0,0.09814,-5958548095.817673,-19237318420.23906,-10578355551.445412,0.0,0.0,0.0,0.033428444980171584,-0.1107828398204996,-0.01674399963862834,-0.06471155501982842,-0.2089228398204996,-0.11488399963862835
工业,交通运输,中央国有企业,94009174839.0,0.04258,-3088895903.1991234,-8165365301.691213,-3012391831.7617493,0.0,0.0,0.0,0.009722612319604307,-0.04427711065622274,0.010536405989939088,-0.03285738768039569,-0.08685711065622273,-0.03204359401006091
工业,交通运输,中央国有企业,98320774958.0,0.08779400000000001,-7841695871.381407,-12040086221.401398,-7055081334.475969,0.0,0.0,0.0,0.008037754438152384,-0.034663194082782595,0.016038246066106474,-0.07975624556184763,-0.1224571940827826,-0.07175575393389354
工业,交通运输,中央国有企业,114930000000.0,0.081785,-8807570744.261507,-13273307219.133327,-7698818628.878931,0.0,0.0,0.0,0.005150781395096948,-0.03370536125583684,0.014797976343174701,-0.07663421860490305,-0.11549036125583684,-0.0669870236568253
工业,交通运输,中央国有企业,148044000000.0,0.124054,-11321294158.042496,-18462119795.16515,-7119376597.197761,0.0,0.0,0.0,0.04758150426871406,-0.0006529776226334855,0.07596440098080462,-0.07647249573128594,-0.12470697762263348,-0.04808959901919538
工业,交通运输,中央国有企业,157482240634.0,0.107759,-17365332107.79028,-24184911290.85873,-16272800367.169744,0.0,0.0,0.0,-0.0025095105182657007,-0.045813308810783285,0.004427981202846237,-0.1102685105182657,-0.15357230881078326,-0.10333101879715376
工业,交通运输,中央国有企业,159169493582.77,0.078106,-14208998802.169329,-20358662302.23184,-11803956149.173367,0.0,0.0,0.0,-0.01116361116943232,-0.04979955428666423,0.003946336087799554,-0.08926961116943231,-0.12790555428666422,-0.07415966391220044
工业,交通运输,中央国有企业,162418433553.48,0.063367,-12046821066.62419,-17667788631.301983,-8974123195.563223,0.0,0.0,0.0,-0.01080451368263563,-0.04541245467614953,0.008113892337141743,-0.07417151368263564,-0.10877945467614954,-0.055253107662858264
工业,交通运输,中央国有企业,182203000000.0,0.092804,-9117823203.484613,-17061937840.993116,-2974685340.207952,0.0,0.0,0.0,0.04276188651402768,-0.0008384638507220876,0.0764777850627709,-0.05004211348597232,-0.09364246385072209,-0.01632621493722909
工业,交通运输,中央国有企业,185151000000.0,0.07778,-14930304869.31819,-22782613353.99943,-8680782130.43037,0.0,0.0,0.0,-0.00285853216735632,-0.0452688269250473,0.030895121547113602,-0.08063853216735632,-0.1230488269250473,-0.0468848784528864
工业,交通运输,中央国有企业,198546000000.0,0.099306,-15070988301.55658,-35467233510.79631,-14342041048.312017,0.0,0.0,0.0,0.02339921617380064,-0.07932884286158526,0.027070643718271753,-0.07590678382619936,-0.17863484286158526,-0.07223535628172825
工业,交通运输,中央国有企业,202297000000.0,0.088618,-14056509380.344126,-33538542903.292896,-13558034218.987064,0.0,0.0,0.0,0.019133482778567523,-0.07717063207705946,0.021597558673697267,-0.06948451722143248,-0.16578863207705946,-0.06702044132630273
工业,交通运输,中央国有企业,207017831253.0,0.061777,-9259422992.96237,-32356795232.1991,-9259771439.826128,0.0,0.0,0.0,0.017049340856250816,-0.09452255659546696,0.017047657683059173,-0.04472765914374918,-0.15629955659546696,-0.044729342316940826
工业,交通运输,中央国有企业,207673222249.0,0.08968400000000001,-15638020606.910725,-38214098327.5117,-16643964230.13106,0.0,0.0,0.0,0.014382907073533291,-0.0943267160358548,0.009539029695764242,-0.07530109292646672,-0.1840107160358548,-0.08014497030423577
工业,交通运输,中央国有企业,211817901515.0,0.036973,-5246634561.700109,-23592387362.293327,-1798785893.1413333,0.0,0.0,0.0,0.012203447831962089,-0.07440751691359343,0.02848086651989397,-0.02476955216803791,-0.11138051691359344,-0.00849213348010603
工业,交通运输,中央国有企业,262224000000.0,0.229719,-51353497400.92403,-79924390719.62648,-55107122960.15909,0.0,0.0,0.0,0.033880718984822034,-0.07507533888441364,0.019566142289954055,-0.19583828101517797,-0.30479433888441365,-0.21015285771004594
工业,交通运输,中央国有企业,271926000000.0,0.250452,-57718352038.64928,-86491352384.83081,-62016234087.09025,0.0,0.0,0.0,0.03819442978365706,-0.0676174467790164,0.022389092859490284,-0.21225757021634295,-0.3180694467790164,-0.22806290714050972
工业,交通运输,中央国有企业,278842000000.0,-0.09870799999999999,27870762842.435364,-4414845702.9629,22197005624.40369,27870762842.435364,0.0,22197005624.40369,0.001243810855019567,-0.1145407859610923,-0.019103759518280264,0.09995181085501956,-0.015832785961092305,0.07960424048171973
工业,交通运输,中央国有企业,284030000000.0,-0.16846,52148753065.141754,35321344744.744835,56180382976.97721,52148753065.141754,35321344744.744835,56180382976.97721,0.015142975267196268,-0.04410220418707589,0.029337355832050188,0.18360297526719627,0.12435779581292411,0.1977973558320502
工业,交通运输,中央国有企业,284650000000.0,-0.18898700000000002,56323250548.25014,33596253713.467323,55949348591.876884,56323250548.25014,33596253713.467323,55949348591.876884,0.0088814368461273,-0.07096046315310972,0.007567887025739947,0.19786843684612732,0.1180265368468903,0.19655488702573998
工业,交通运输,中央国有企业,284662650232.54,0.064263,-19364839113.90978,-32040607657.90946,-11514873291.60528,0.0,0.0,0.0,-0.0037643267254791057,-0.04829341592508041,0.023812054706689414,-0.0680273267254791,-0.11255641592508041,-0.040450945293310586
工业,交通运输,中央国有企业,284733000000.0,-0.22023900000000002,55179027876.972626,19902372434.214104,47027578971.79681,55179027876.972626,19902372434.214104,47027578971.79681,-0.02644682319937408,-0.150340630530307,-0.055075218591463596,0.19379217680062594,0.06989836946969302,0.16516378140853644
工业,交通运输,中央国有企业,285185000000.0,0.05026099999999999,-9453404126.341002,-38658689895.16673,-13334909869.19024,0.0,0.0,0.0,0.017112678291842126,-0.08529553311067109,0.0035021947711477014,-0.03314832170815787,-0.1355565331106711,-0.04675880522885229
工业,交通运输,中央国有企业,287938421202.66,0.064329,-20091335655.900517,-32170811956.77155,-10920552353.448318,0.0,0.0,0.0,-0.005447501419932471,-0.04739909735637446,0.026402306133181522,-0.06977650141993247,-0.11172809735637446,-0.037926693866818476
工业,交通运输,中央国有企业,287984000000.0,-0.8803230000000001,247880685944.77316,218116438632.46243,241392487126.01556,247880685944.77316,218116438632.46243,241392487126.01556,-0.01957835465590757,-0.12293217748047675,-0.04210807442769203,0.8607446453440926,0.7573908225195234,0.838214925572308
工业,交通运输,中央国有企业,288545000000.0,-0.003107,-1183607641.8570757,-15870596834.158463,5006784949.559731,0.0,0.0,5006784949.559731,-0.007208986317063459,-0.05810915506821626,0.014244834027828349,-0.004101986317063459,-0.05500215506821626,0.017351834027828347
工业,交通运输,中央国有企业,288790000000.0,-0.222348,58828975929.13385,28723982626.229362,52701570826.410835,58828975929.13385,28723982626.229362,52701570826.410835,-0.01863950618396118,-0.12288478234623995,-0.039857017533810615,0.2037084938160388,0.09946321765376004,0.1824909824661894
工业,交通运输,中央国有企业,292219725586.82,0.060931,-20404033381.44312,-32390848151.55562,-13160413309.678804,0.0,0.0,0.0,-0.00889328492966665,-0.049913153612525823,0.01589498032935399,-0.06982428492966665,-0.11084415361252582,-0.04503601967064601
工业,交通运输,中央国有企业,294006000000.0,-0.039456000000000005,13719594128.86735,-19043987355.884796,8688619907.8265,13719594128.86735,0.0,8688619907.8265,0.007208333819266777,-0.10423014527555491,-0.009903474174586577,0.04666433381926678,-0.0647741452755549,0.029552525825413428
工业,交通运输,中央国有企业,294206000000.0,0.068808,-12150755034.011076,-31284691388.236042,-7963266296.077634,0.0,0.0,0.0,0.027507839452590777,-0.037528007383384576,0.041741025512472094,-0.04130016054740922,-0.10633600738338457,-0.0270669744875279
工业,交通运输,中央国有企业,294979000000.0,-0.909227,262847545725.97543,236874027424.29584,259141518573.90646,262847545725.97543,236874027424.29584,259141518573.90646,-0.018154938171953156,-0.10620703103849477,-0.030718636442233285,0.8910720618280469,0.8030199689615052,0.8785083635577667
工业,交通运输,中央国有企业,295252000000.0,0.025997,-8937350968.155691,-24774724763.737625,-3130330825.3915324,0.0,0.0,0.0,-0.004273247003087843,-0.0579134384178181,0.015394765890183529,-0.030270247003087843,-0.08391043841781809,-0.01060223410981647
工业,交通运输,中央国有企业,298381000000.0,-0.23951,67230280612.63116,42614967966.07087,65726267146.7774,67230280612.63116,42614967966.07087,65726267146.7774,-0.014193104444883697,-0.09668935134586026,-0.019233684997444864,0.2253168955551163,0.14282064865413974,0.22027631500255512
工业,交通运输,中央国有企业,300863000000.0,0.01886,-6752698623.691057,-16660805154.650496,5194839103.3384905,0.0,0.0,5194839103.3384905,-0.0035844302678995354,-0.03651671682676333,0.03612646049310979,-0.022444430267899534,-0.05537671682676333,0.01726646049310979
工业,交通运输,中央国有企业,306928000000.0,0.040815000000000004,-2868151075.708607,-34211553055.36149,-5966492550.016778,0.0,0.0,0.0,0.03147029676110161,-0.07064942506177829,0.02137561177208734,-0.009344703238898397,-0.1114644250617783,-0.019439388227912663
工业,交通运输,中央国有企业,309596000000.0,-0.105685,27322774269.59061,-7440990131.206072,19563244874.910416,27322774269.59061,0.0,19563244874.910416,-0.01743200490448646,-0.12971951637361617,-0.042495408161247514,0.08825299509551354,-0.02403451637361617,0.06318959183875249
工业,交通运输,中央国有企业,312246000000.0,-0.599289,183993329282.05093,153344432714.79297,179126565540.0663,183993329282.05093,153344432714.79297,179126565540.0663,-0.010031397718302415,-0.10818764813386567,-0.025617710247476985,0.5892576022816975,0.4911013518661343,0.573671289752523
工业,交通运输,中央国有企业,323211000000.0,-0.176171,54288723308.840614,24134765246.142845,50534288191.52429,54288723308.840614,24134765246.142845,50534288191.52429,-0.008204181702229751,-0.10149914401074578,-0.019820231642721634,0.16796681829777024,0.07467185598925422,0.15635076835727835
工业,交通运输,中央国有企业,326383000000.0,-0.162271,59532563245.20679,30199058488.023796,57809896283.02785,59532563245.20679,30199058488.023796,57809896283.02785,0.020129931559568937,-0.06974455564467574,0.014851877977798633,0.18240093155956894,0.09252644435532426,0.17712287797779863
工业,交通运输,中央国有企业,329979000000.0,-0.049129,20155848052.73402,-14554955304.62204,15653382863.308775,20155848052.73402,0.0,15653382863.308775,0.011953214482539859,-0.09323773208483582,-0.001691487724040694,0.06108221448253986,-0.044108732084835824,0.047437512275959305
工业,交通运输,中央国有企业,335278694000.0,-0.034168,2580406817.0474854,-35649287492.474045,-4832131130.448088,2580406817.0474854,0.0,0.0,-0.02647169581120032,-0.14049532747543464,-0.04858028213102049,0.007696304188799678,-0.10632732747543464,-0.014412282131020492
工业,交通运输,中央国有企业,343010455000.0,-0.040801,17455833586.388836,-18818932703.615505,14402424920.329227,17455833586.388836,0.0,14402424920.329227,0.010089091925591126,-0.0956650207005221,0.0011872971798315285,0.05089009192559112,-0.054864020700522105,0.041988297179831525
工业,交通运输,中央国有企业,345750173000.0,-0.0056489999999999995,4190252228.409551,-33539118068.623966,302573483.02145827,4190252228.409551,0.0,302573483.02145827,0.006470306237945256,-0.1026529082775064,-0.004773878288863623,0.012119306237945255,-0.09700390827750639,0.0008751217111363768
工业,交通运输,中央国有企业,350053000000.0,0.024175,-3541217128.3420687,-41694004300.4903,-8677125324.790228,0.0,0.0,0.0,0.014058768662625176,-0.09493269026544637,-0.0006130330258281719,-0.010116231337374822,-0.11910769026544638,-0.02478803302582817
工业,交通运输,中央国有企业,413668000000.0,1.008949,-398772692347.1071,-435443846737.3612,-400638381437.7885,0.0,0.0,0.0,0.04495687987684063,-0.043691878040750504,0.04044676768377421,-0.9639921201231595,-1.0526408780407506,-0.9685022323162259
工业,交通运输,中央国有企业,462429381000.0,0.120355,-17296776662.33246,-40639932332.23536,-7584315570.226384,0.0,0.0,0.0,0.08295085274419997,0.032471457124000604,0.10395397558017322,-0.03740414725580003,-0.0878835428759994,-0.016401024419826785
工业,交通运输,中央国有企业,483758024000.0,0.13218,-43725154815.52123,-80856452269.51653,-40699154801.72186,0.0,0.0,0.0,0.041793582315440336,-0.03496234856705248,0.048048775746194414,-0.09038641768455966,-0.16714234856705246,-0.08413122425380558
工业,交通运输,中央国有企业,497472214000.0,0.228293,-100046497010.67287,-141550685216.77948,-100676054586.28618,0.0,0.0,0.0,0.0271832813159473,-0.05624688229537472,0.025917768272412142,-0.2011097186840527,-0.28453988229537475,-0.20237523172758787
工业,交通运输,中央国有企业,511780000000.0,0.657821,-288412671215.5334,-320488565751.2123,-281061671654.85016,0.0,0.0,0.0,0.09427285193729065,0.031597689688514036,0.10863644481056273,-0.5635481480627094,-0.6262233103114859,-0.5491845551894372
工业,交通运输,地方国有企业,33202181016.0,-0.04138,3757427599.102389,-941912500.5345436,2421533635.566308,3757427599.102389,0.0,2421533635.566308,0.07178809571310088,-0.06974899479828267,0.031552968903439824,0.11316809571310088,-0.02836899479828267,0.07293296890343982
工业,交通运输,地方国有企业,37171229056.0,0.16697700000000001,-3452934965.773603,-10746623661.64647,-5853155940.189047,0.0,0.0,0.0,0.07408432323185729,-0.12213433515268582,0.009512313229190675,-0.09289267676814272,-0.28911133515268583,-0.15746468677080933
工业,交通运输,地方国有企业,51426088634.0,-0.060328999999999994,6298658354.849326,-1534477391.3962977,3850371269.518333,6298658354.849326,0.0,3850371269.518333,0.06215082536017745,-0.09016750088847295,0.014542944800652935,0.12247982536017744,-0.029838500888472952,0.07487194480065293
工业,交通运输,地方国有企业,52785301395.0,0.132206,-4400989639.140929,-11737125635.886976,-7025822287.1901455,0.0,0.0,0.0,0.04883071326614788,-0.09014994617631106,-0.0008958692990858885,-0.08337528673385211,-0.22235594617631105,-0.13310186929908588
工业,交通运输,地方国有企业,55625048625.0,0.15359899999999999,-6415575229.169253,-12640963938.457672,-8307052298.058329,0.0,0.0,0.0,0.03826291692670175,-0.07365408563193498,0.004258864514260816,-0.11533608307329823,-0.22725308563193497,-0.14934013548573916
工业,交通运输,地方国有企业,57177364980.0,0.12128299999999999,-4174921381.7231154,-11874575399.465786,-6786071599.74887,0.0,0.0,0.0,0.04826596986607451,-0.08639665441603298,0.0025984190977047933,-0.07301703013392548,-0.20767965441603298,-0.1186845809022952
工业,交通运输,地方国有企业,57475910361.0,0.125138,-4965838144.529646,-10998347277.872261,-6558305632.951528,0.0,0.0,0.0,0.03873940077225829,-0.06621777338040977,0.01103270629069611,-0.08639859922774171,-0.19135577338040977,-0.11410529370930389
工业,交通运输,地方国有企业,60245860643.0,0.126764,-4890497188.381467,-11222982606.530731,-6363018158.486408,0.0,0.0,0.0,0.045588345171842154,-0.059522368669126746,0.02114648386570718,-0.08117565482815783,-0.18628636866912673,-0.10561751613429281
工业,交通运输,地方国有企业,60575556128.0,0.116728,-4621257250.994058,-11535943622.977224,-6601906702.243439,0.0,0.0,0.0,0.040438857210637114,-0.0737109222378915,0.007741683996673673,-0.07628914278936288,-0.1904389222378915,-0.10898631600332633
工业,交通运输,地方国有企业,61095560365.0,0.08683400000000001,-3794842301.6599207,-10104590696.138155,-5401913994.950868,0.0,0.0,0.0,0.024720774767452935,-0.07855593399472613,-0.0015834555839818187,-0.06211322523254707,-0.16538993399472612,-0.08841745558398183
工业,交通运输,地方国有企业,62749753460.0,0.1265,-5028060415.171774,-11545548682.724445,-6287295870.14925,0.0,0.0,0.0,0.046371232348714736,-0.057493530589473735,0.026303656214249446,-0.08012876765128527,-0.18399353058947374,-0.10019634378575056
工业,交通运输,地方国有企业,66578767145.0,0.119534,-4965391009.891939,-11736611639.357758,-6185731221.62681,0.0,0.0,0.0,0.04495480271510652,-0.056747600615958016,0.026625532527854073,-0.07457919728489348,-0.17628160061595802,-0.09290846747214593
工业,交通运输,地方国有企业,67662020722.0,0.143011,-8250033667.844121,-15658228813.36836,-10422233460.631857,0.0,0.0,0.0,0.021080948550004502,-0.08840728526970312,-0.011022730435767417,-0.1219300514499955,-0.23141828526970312,-0.1540337304357674
工业,交通运输,地方国有企业,67775098796.0,-0.089252,8429605826.242187,-1453337731.8687253,4606203598.309579,8429605826.242187,0.0,4606203598.309579,0.03512414958872906,-0.11069553542358096,-0.021288932735811353,0.12437614958872906,-0.02144353542358096,0.06796306726418865
工业,交通运输,地方国有企业,69480530979.72,0.023308,175630009.5525609,-8568852624.692696,-2677814930.995788,175630009.5525609,0.0,0.0,0.02583575859763973,-0.10001939119673359,-0.015232507581575475,0.002527758597639731,-0.12332739119673358,-0.03854050758157547
工业,交通运输,地方国有企业,70046212107.27,0.047057,-1221727470.0207222,-9967774047.45848,-3928591377.230247,0.0,0.0,0.0,0.029615264990121848,-0.09524582762747619,-0.009028707692714813,-0.017441735009878154,-0.1423028276274762,-0.056085707692714815
工业,交通运输,地方国有企业,71678547661.74,0.050284,-1386149345.8566213,-10550503860.511583,-4243833399.3465977,0.0,0.0,0.0,0.03094558716833895,-0.09690793126374053,-0.00892246466462708,-0.019338412831661052,-0.14719193126374053,-0.05920646466462708
工业,交通运输,地方国有企业,71778991000.0,0.08650600000000001,-4062155973.4770746,-10702995087.801533,-5126282138.566389,0.0,0.0,0.0,0.029913452279775377,-0.06260441432445785,0.015088415729884133,-0.05659254772022464,-0.14911041432445787,-0.07141758427011588
工业,交通运输,地方国有企业,78458345074.0,0.119802,-8163911363.899609,-13797963270.580603,-9324857895.626663,0.0,0.0,0.0,0.015747914278467057,-0.05606155227817641,0.0009509346756972209,-0.10405408572153295,-0.1758635522781764,-0.11885106532430278
工业,交通运输,地方国有企业,78661443944.36,0.133881,-9757704184.527477,-16310268605.84758,-11583216233.230484,0.0,0.0,0.0,0.009834151947866049,-0.07346668888026522,-0.013373050426835523,-0.12404684805213395,-0.20734768888026522,-0.14725405042683554
工业,交通运输,地方国有企业,85419000000.0,0.074361,-3474197947.7636375,-11110763385.843628,-4435618811.513768,0.0,0.0,0.0,0.033688574102206326,-0.05571267665090468,0.02243322267278043,-0.04067242589779367,-0.1300736766509047,-0.051927777327219565
工业,交通运输,地方国有企业,89886075247.13,0.136302,-10779964465.131378,-18417954061.5551,-12588472786.044544,0.0,0.0,0.0,0.016372807013285695,-0.0686013068906095,-0.003747198404026264,-0.11992919298671431,-0.2049033068906095,-0.14004919840402627
工业,交通运输,地方国有企业,94961585000.0,0.081565,-5362732383.401078,-13567005530.314339,-6218688571.996836,0.0,0.0,0.0,0.025092349681441417,-0.06130335598115111,0.01607863967864652,-0.05647265031855858,-0.1428683559811511,-0.06548636032135348
工业,交通运输,地方国有企业,96388991421.56,0.11478999999999999,-9524953173.925621,-16705384668.305695,-10475022583.961498,0.0,0.0,0.0,0.01597214711607503,-0.05852216378480629,0.006115529715850124,-0.09881785288392496,-0.1733121637848063,-0.10867447028414987
工业,交通运输,地方国有企业,108880000000.0,0.06663000000000001,-5111797866.966631,-15576360489.765945,-6898489559.704534,0.0,0.0,0.0,0.01968108498377452,-0.07642988693760053,0.00327135231718835,-0.04694891501622549,-0.14305988693760052,-0.06335864768281166
工业,交通运输,地方国有企业,112344177000.0,0.063583,-4962837053.444367,-14935964084.680449,-6051036297.446268,0.0,0.0,0.0,0.01940770595298974,-0.06936527096094575,0.009721407356473241,-0.04417529404701026,-0.13294827096094575,-0.05386159264352676
工业,交通运输,地方国有企业,112898984000.0,0.063945,-5384675106.775212,-14098257345.147701,-5315771619.466401,0.0,0.0,0.0,0.01625037143916891,-0.06092997093107322,0.016860682399175528,-0.04769462856083109,-0.12487497093107322,-0.047084317600824474
工业,交通运输,地方国有企业,123425080000.0,0.064993,-5912671593.118856,-13142735053.246428,-4422012785.054951,0.0,0.0,0.0,0.017088055614962072,-0.041490504432376535,0.029165494074502918,-0.04790494438503792,-0.10648350443237653,-0.03582750592549708
工业,交通运输,地方国有企业,142177000000.0,0.115,-14607397716.010574,-24387679590.96161,-14365964371.9372,0.0,0.0,0.0,0.012259066403071006,-0.05653041343509575,0.013957184552092106,-0.102740933596929,-0.17153041343509576,-0.1010428154479079
工业,交通运输,地方国有企业,155925000000.0,0.097976,-13427055978.937916,-24429268309.63041,-12849558667.332014,0.0,0.0,0.0,0.01186372820947304,-0.05869719743229379,0.01556741467159202,-0.08611227179052695,-0.1566731974322938,-0.08240858532840797
工业,交通运输,地方国有企业,170787000000.0,0.156769,-26172302239.951702,-39406029176.39294,-26577385317.573326,0.0,0.0,0.0,0.0035237164599664916,-0.07396301810672323,0.0011518551495528079,-0.1532452835400335,-0.23073201810672322,-0.1556171448504472
工业,交通运输,地方国有企业,181802000000.0,0.162399,-29799493079.654984,-40462508997.26943,-27996912407.72225,0.0,0.0,0.0,-0.0015128000883102843,-0.06016460764606241,0.00840227604909595,-0.16391180008831027,-0.2225636076460624,-0.15399672395090402
工业,交通运输,地方国有企业,203575515172.97,0.112127,-24009551517.072445,-34140975015.376755,-20626639425.050735,0.0,0.0,0.0,-0.00581228899883901,-0.05557968607356109,0.010805191198361444,-0.11793928899883901,-0.1677066860735611,-0.10132180880163856
工业,交通运输,地方国有企业,212055541073.03,0.11661099999999999,-25589546857.05478,-39737924001.15838,-23213787279.435486,0.0,0.0,0.0,-0.0040627948349200305,-0.07078294311546426,0.007140683110516452,-0.12067379483492002,-0.18739394311546426,-0.10947031688948354
工业,交通运输,地方国有企业,221735642992.73,0.09892200000000001,-23285393597.867783,-35119500527.07066,-19058067213.38196,0.0,0.0,0.0,-0.006092210992822811,-0.059462552222044496,0.01297250195738349,-0.10501421099282282,-0.1583845522220445,-0.08594949804261652
工业,企业服务,地方国有企业,28750127147.0,0.069727,1177475860.471947,1051983127.209254,1202262381.3619707,1177475860.471947,1051983127.209254,1202262381.3619707,0.11068250097749092,0.10631755564625653,0.11154463702173482,0.04095550097749093,0.03659055564625653,0.04181763702173483
工业,企业服务,地方国有企业,31014635513.0,0.094721,372890842.1822002,782298404.7119062,823143296.7741176,372890842.1822002,782298404.7119062,823143296.7741176,0.10674406059750083,0.11994452404831585,0.12126147945941816,0.012023060597500829,0.02522352404831585,0.026540479459418162
工业,企业服务,地方国有企业,31323233994.0,0.101303,183273446.7345361,543146293.94789,570492831.6808463,183273446.7345361,543146293.94789,570492831.6808463,0.1071540384582142,0.11864304522176511,0.11951608846302796,0.005851038458214192,0.017340045221765105,0.01821308846302795
工业,企业服务,地方国有企业,32111004317.0,0.073961,710578655.7287637,1928685696.8111966,1715720218.3866966,710578655.7287637,1928685696.8111966,1715720218.3866966,0.09608982065954486,0.13402407612714948,0.12739191114339177,0.022128820659544857,0.06006307612714948,0.05343091114339177
工业,企业服务,地方国有企业,36218947000.0,0.162436,-2219668837.028676,-1588200773.9826648,-1452872867.3203156,0.0,0.0,0.0,0.1011512575962886,0.11858600143481077,0.12232238578254868,-0.0612847424037114,-0.04384999856518923,-0.04011361421745131
工业,企业服务,地方国有企业,39168461000.0,0.160959,-2334050696.93542,-158574184.7689503,-567280132.0594156,0.0,0.0,0.0,0.10136894623364394,0.15691048288392156,0.14647591545758165,-0.05959005376635605,-0.004048517116078426,-0.01448308454241834
工业,企业服务,地方国有企业,44405436000.0,0.193482,-3990915959.650622,-236381357.49297193,-1128856897.839371,0.0,0.0,0.0,0.10360750896582521,0.18815874729073773,0.16806040752111134,-0.08987449103417477,-0.005323252709262261,-0.025421592478888644
工业,国防军工,中央国有企业,2488073274.0,0.138862,139820115.25837004,-185420993.81616357,12145969.394912207,139820115.25837004,0.0,12145969.394912207,0.19505814049130696,0.06433807188510657,0.14374367672625876,0.056196140491306945,-0.07452392811489345,0.004881676726258749
工业,国防军工,中央国有企业,2933073285.0,0.149552,122181512.80685905,-235516452.7552403,-17470146.964307703,122181512.80685905,0.0,0.0,0.19120848142230412,0.069255181656015,0.14359574004098308,0.04165648142230413,-0.08029681834398499,-0.005956259959016913
工业,国防军工,中央国有企业,3299177131.0,0.15221500000000002,107515268.14855845,-298514769.1143783,-48569063.203525044,107515268.14855845,0.0,0.0,0.1848035103707572,0.06173341708968907,0.13749343117389595,0.03258851037075719,-0.09048158291031094,-0.014721568826104064
工业,国防军工,中央国有企业,3653386274.0,0.087141,328724665.0651368,-122309055.9152889,161142902.04806504,328724665.0651368,0.0,161142902.04806504,0.17711907524612625,0.053662728954388436,0.13124881942081196,0.08997807524612625,-0.03347827104561156,0.04410781942081196
工业,国防军工,中央国有企业,3974910728.94,0.041905,483487443.2941418,8615474.813348763,312557388.7497627,483487443.2941418,8615474.813348763,312557388.7497627,0.16353979289585824,0.04407246372456175,0.12053755556260334,0.12163479289585824,0.0021674637245617523,0.07863255556260335
工业,国防军工,中央国有企业,4240904107.27,0.045963000000000004,454484133.8230056,-117180906.6851052,234392043.58901632,454484133.8230056,0.0,234392043.58901632,0.1531298027211233,0.018331885567530994,0.10123235711354758,0.1071668027211233,-0.02763111443246901,0.05526935711354758
工业,国防军工,中央国有企业,22696700722.0,0.072201,369539200.0646747,-1197509354.6850452,132811473.27644414,369539200.0646747,0.0,132811473.27644414,0.08848262632934922,0.019439615455492408,0.07805257617854605,0.016281626329349222,-0.05276138454450759,0.00585157617854605
工业,国防军工,中央国有企业,24719896668.0,0.068315,538309147.3467969,-1133643338.2850406,308007501.0986663,538309147.3467969,0.0,308007501.0986663,0.09009135103319992,0.022455449957764342,0.08077490245167097,0.021776351033199914,-0.04585955004223566,0.012459902451670973
工业,国防军工,中央国有企业,26262648705.0,0.073063,470176198.16424406,-1031089704.408183,461667564.07583517,470176198.16424406,0.0,461667564.07583517,0.09096584763146262,0.033802310189536236,0.09064186530264333,0.017902847631462618,-0.03926068981046377,0.017578865302643326
工业,国防军工,中央国有企业,28402468059.0,0.074451,413884336.07654965,-1006945842.1146562,550829948.0077845,413884336.07654965,0.0,550829948.0077845,0.08902312574684687,0.03899824145722325,0.09384473532129511,0.014572125746846867,-0.035452758542776755,0.01939373532129511
工业,国防军工,中央国有企业,29223855418.0,0.10607100000000001,256211591.84818992,-207382718.9331878,1083308637.8393562,256211591.84818992,0.0,1083308637.8393562,0.1148382070705079,0.09897464957097847,0.1431403264918122,0.00876720707050789,-0.007096350429021542,0.037069326491812174
工业,国防军工,中央国有企业,32853080760.0,0.157162,-1008077361.2688745,-1259345431.0277185,145470428.25508013,0.0,0.0,145470428.25508013,0.12647759117292126,0.11882935654937346,0.16158990827800224,-0.030684408827078735,-0.038332643450626536,0.0044279082780022405
工业,国防军工,中央国有企业,48762673248.0,0.034902,4067146588.2563653,5296751549.317294,6749900859.671042,4067146588.2563653,5296751549.317294,6749900859.671042,0.11830896515081193,0.14352507573620443,0.17332551967337823,0.08340696515081193,0.10862307573620443,0.13842351967337824
工业,国防军工,中央国有企业,55466437662.06,0.215317,-6616067794.484917,-6053674513.598998,-3960619121.597529,0.0,0.0,0.0,0.09603643911749679,0.10617578291874122,0.1439113123708725,-0.11928056088250322,-0.10914121708125879,-0.0714056876291275
工业,国防军工,中央国有企业,58460327428.0,0.048807,3643843924.066442,4601133940.7947235,6535445875.043542,3643843924.066442,4601133940.7947235,6535445875.043542,0.11113720040050608,0.1275122372647331,0.1605998373407184,0.062330200400506075,0.0787052372647331,0.11179283734071839
工业,国防军工,中央国有企业,58792300811.0,0.190097,-5631685872.010282,-4979340882.650521,-2843501856.1435256,0.0,0.0,0.0,0.09430748684394066,0.1054032422466227,0.14173179202345643,-0.09578951315605932,-0.08469375775337729,-0.04836520797654356
工业,国防军工,中央国有企业,61589834322.62,0.21099199999999999,-5912132941.658843,-5848503431.752007,-3200825878.4730783,0.0,0.0,0.0,0.11499997458408645,0.11603309166593363,0.15902196446286077,-0.09599202541591353,-0.09495890833406635,-0.05197003553713922
工业,国防军工,中央国有企业,62780477436.0,0.157295,-1601095145.9962518,-1657975597.3153229,953563442.9636891,0.0,0.0,953563442.9636891,0.1317919262518201,0.13088590492732385,0.1724838529987013,-0.025503073748179894,-0.026409095072676136,0.015188852998701319
工业,国防军工,中央国有企业,63115020067.0,0.039094000000000004,2262788422.732757,4690312235.377761,6979698197.177351,2262788422.732757,4690312235.377761,6979698197.177351,0.07494582133081294,0.11340772485343016,0.1496809599624309,0.03585182133081294,0.07431372485343016,0.11058695996243088
工业,国防军工,中央国有企业,64352332318.0,0.035375000000000004,2843428619.1373806,4464018500.485411,7097408451.735839,2843428619.1373806,4464018500.485411,7097408451.735839,0.07956032346405796,0.10474340266217949,0.14566484026039134,0.04418532346405796,0.06936840266217949,0.11028984026039133
工业,国防军工,中央国有企业,71989049045.0,0.042059,3386049187.222868,4238339038.1942043,7036362028.570884,3386049187.222868,4238339038.1942043,7036362028.570884,0.08909461489062406,0.10093377462780262,0.1398011166401641,0.047035614890624064,0.05887477462780262,0.09774211664016409
工业,国防军工,中央国有企业,73523417381.93,0.078163,566446175.0509366,-1945657171.0564404,1650314895.356089,566446175.0509366,0.0,1650314895.356089,0.08586729606268755,0.05169990510671735,0.10060911246486606,0.007704296062687549,-0.02646309489328265,0.022446112464866066
工业,国防军工,中央国有企业,73810707203.02,0.050454,480981515.2367342,2477825544.4713454,4904994138.915074,480981515.2367342,2477825544.4713454,4904994138.915074,0.05697041927659317,0.08402400140448409,0.11690769384449393,0.0065164192765931744,0.03357000140448409,0.06645369384449393
工业,国防军工,中央国有企业,77486151790.18,0.17316600000000001,-5487071389.056889,-5196530071.137127,-1927812712.4495065,0.0,0.0,0.0,0.10235242541553757,0.10610201564820909,0.1482865516352172,-0.07081357458446244,-0.06706398435179092,-0.024879448364782814
工业,国防军工,中央国有企业,77846648435.6,0.053258,1177094623.1790273,3627363783.58266,6165632790.619264,1177094623.1790273,3627363783.58266,6165632790.619264,0.06837868466445025,0.09985427429668292,0.13246028955932368,0.015120684664450254,0.04659627429668292,0.07920228955932368
工业,国防军工,中央国有企业,78120456108.96,0.028304,4426300552.855507,5931555539.132473,9006177825.875496,4426300552.855507,5931555539.132473,9006177825.875496,0.08496394252109638,0.10423232702947,0.1435897814003794,0.05665994252109638,0.07592832702947,0.1152857814003794
工业,国防军工,中央国有企业,80920781039.43,0.048262,890836499.1604959,2499624901.6488886,5249815344.32372,890836499.1604959,2499624901.6488886,5249815344.32372,0.05927074815736666,0.07915177725549763,0.11313798459740101,0.01100874815736666,0.03088977725549763,0.06487598459740102
工业,国防军工,中央国有企业,82173551967.0,0.032837,2789004754.9506764,4016541259.149451,6954538119.25507,2789004754.9506764,4016541259.149451,6954538119.25507,0.06677741864066811,0.08171575919934007,0.11746931724543119,0.03394041864066811,0.04887875919934007,0.08463231724543119
工业,国防军工,中央国有企业,83259234737.86,0.028304999999999997,2332378418.838305,3218803915.0896745,6540107090.417161,2332378418.838305,3218803915.0896745,6540107090.417161,0.05631845011375315,0.06696502282178082,0.10685613142714503,0.028013450113753155,0.038660022821780826,0.07855113142714504
工业,国防军工,中央国有企业,89965912662.0,0.033426,2929848765.8152747,6049391570.8855,9288339247.396526,2929848765.8152747,6049391570.8855,9288339247.396526,0.06599220956898035,0.10066692927965877,0.1366688724676269,0.03256620956898035,0.06724092927965877,0.10324287246762691
工业,国防军工,中央国有企业,90648498035.0,0.032292999999999995,4492401913.957995,7076514617.519466,10766458058.65739,4492401913.957995,7076514617.519466,10766458058.65739,0.08185148151199867,0.1103584370554179,0.15106449971641436,0.049558481511998674,0.07806543705541791,0.11877149971641437
工业,国防军工,中央国有企业,99795552106.78,0.036513,2511157268.056465,6172640769.304056,9698509996.88579,2511157268.056465,6172640769.304056,9698509996.88579,0.06167601794061481,0.09836586457155332,0.13369679018043312,0.02516301794061481,0.06185286457155332,0.09718379018043313
工业,国防军工,中央国有企业,114547703019.42,0.289526,-16053031428.757822,-30674401290.552277,-21513159970.427868,0.0,0.0,0.0,0.1493832384639066,0.02173886431774326,0.10171638528620162,-0.1401427615360934,-0.26778713568225676,-0.18780961471379837
工业,国防军工,中央国有企业,115913298911.68,0.021689,4453110323.621718,9440566057.906794,13429673963.91287,4453110323.621718,9440566057.906794,13429673963.91287,0.06010659630199776,0.10313406408276778,0.1375486475987246,0.03841759630199776,0.08144506408276778,0.1158596475987246
工业,国防军工,中央国有企业,123071590336.09,0.015845,4957063582.228953,10162654493.769491,14501847821.047503,4957063582.228953,10162654493.769491,14501847821.047503,0.056122886786803994,0.09842014562066526,0.13367761905891634,0.040277886786803996,0.08257514562066526,0.11783261905891634
工业,建筑,中央国有企业,115865000000.0,0.09006299999999999,2576593438.246628,1121966766.7899816,6141753483.148228,2576593438.246628,1121966766.7899816,6141753483.148228,0.11230089270484293,0.09974639677029284,0.14307084087643573,0.022237892704842943,0.009683396770292854,0.053007840876435744
工业,建筑,中央国有企业,136008000000.0,0.10051299999999999,986910988.5996834,2047571704.3819244,7235753262.738896,986910988.5996834,2047571704.3819244,7235753262.738896,0.10776927160607966,0.11556778872111878,0.15371393864139532,0.007256271606079667,0.01505478872111879,0.05320093864139533
工业,建筑,中央国有企业,177896000000.0,0.10793,-2813956787.065017,-1950788941.921735,5282532085.917359,0.0,0.0,5282532085.917359,0.09211201203475616,0.09696410452218299,0.13762449614334982,-0.015817987965243835,-0.010965895477817011,0.02969449614334982
工业,建筑,中央国有企业,194566000000.0,0.10713800000000001,-4696516985.585181,-2556409876.5353146,5780994740.573254,0.0,0.0,5780994740.573254,0.08299957403870574,0.09399896298153165,0.13685025568996256,-0.02413842596129427,-0.013139037018468358,0.029712255689962552
工业,建筑,中央国有企业,219115319747.0,0.09831300000000001,-4463385385.65091,-1319036491.4184527,8079666082.382926,0.0,0.0,8079666082.382926,0.07794297114576687,0.09229317220821681,0.13518703551569128,-0.02037002885423314,-0.0060198277917832,0.03687403551569127
工业,建筑,中央国有企业,233421377309.4,0.09498,-3799878862.704302,-460514551.09790754,9568535142.070166,0.0,0.0,9568535142.070166,0.07870094747060136,0.0930071106425377,0.13597253998226166,-0.016279052529398638,-0.0019728893574623013,0.04099253998226167
工业,建筑,中央国有企业,247353213805.61,0.099426,-6538242626.107768,-2110578966.6779642,8270792695.471262,0.0,0.0,8270792695.471262,0.0729931814183662,0.09089334770813762,0.13286317499450448,-0.026432818581633807,-0.008532652291862383,0.03343717499450448
工业,建筑,中央国有企业,421670000000.0,0.093375,-14043929856.409908,-19694152840.00001,1997308246.6844203,0.0,0.0,1997308246.6844203,0.06006950077925888,0.04666986840420231,0.09811166195528356,-0.03330549922074112,-0.04670513159579769,0.004736661955283564
工业,建筑,中央国有企业,458506000000.0,0.072567,-2463339382.740933,-3524075335.201766,17907225170.75535,0.0,0.0,17907225170.75535,0.06719446532708202,0.0648810038839148,0.11162259615524192,-0.0053725346729179835,-0.007685996116085211,0.039055596155241915
工业,建筑,中央国有企业,476052000000.0,0.073961,-6442323094.339955,-10579535349.436209,13215811455.690022,0.0,0.0,13215811455.690022,0.06042818615962131,0.051737513176215603,0.1017222770363112,-0.013532813840378688,-0.022223486823784395,0.027761277036311205
工业,建筑,中央国有企业,506393000000.0,0.080291,-3839820750.114359,843673833.6713719,22859631117.613197,0.0,843673833.6713719,22859631117.613197,0.07270831076433845,0.08195704560819635,0.12543307565589018,-0.007582689235661549,0.0016660456081963454,0.04514207565589018
工业,建筑,中央国有企业,528863000000.0,0.079994,-11550003890.268347,-11925433407.308317,13174630626.029024,0.0,0.0,13174630626.029024,0.05815468832520265,0.057444807851355986,0.10490523528405092,-0.021839311674797343,-0.02254919214864401,0.024911235284050925
工业,建筑,中央国有企业,543470000000.0,0.081553,-309371650.5576392,8304349130.536946,30935707181.135246,0.0,8304349130.536946,30935707181.135246,0.0809837475103361,0.09683323465975481,0.13847556643629869,-0.000569252489663899,0.01528023465975481,0.056922566436298686
工业,建筑,中央国有企业,585384000000.0,0.08987099999999999,372114155.6476094,16139517132.575796,38822859793.02693,372114155.6476094,16139517132.575796,38822859793.02693,0.09050667530996338,0.11744182040605106,0.1561913295495383,0.0006356753099633905,0.027570820406051064,0.0663203295495383
工业,建筑,中央国有企业,661602236000.0,0.065047,22084855446.007374,44429219186.02091,69142748192.30913,22084855446.007374,44429219186.02091,69142748192.30913,0.09842786578958806,0.13220097374506593,0.16955503281793793,0.03338086578958807,0.06715397374506593,0.10450803281793794
工业,建筑,中央国有企业,664351000000.0,0.07965,-12299325246.131681,-10995236049.279007,20034942842.703545,0.0,0.0,20034942842.703545,0.061136706204804867,0.06309965831423599,0.10980716517729866,-0.018513293795195132,-0.01655034168576401,0.03015716517729866
工业,建筑,中央国有企业,783156193000.0,0.075214,-13598178401.470377,-16936408527.793688,21165325687.42697,0.0,0.0,21165325687.42697,0.05785069683900415,0.05358816254998103,0.10223967620176755,-0.017363303160995852,-0.021625837450018975,0.027025676201767546
工业,建筑,中央国有企业,808015755000.0,0.045195,38096971905.199646,65255640790.87247,95074443232.15118,38096971905.199646,65255640790.87247,95074443232.15118,0.09234379836123943,0.12595535694486237,0.16285909583455607,0.04714879836123943,0.08076035694486237,0.11766409583455607
工业,建筑,中央国有企业,813228000000.0,0.074761,-24674290551.594494,-54240835159.12823,-4775013612.773878,0.0,0.0,0.0,0.04441982808807063,0.008062810612610202,0.06888932119310466,-0.030341171911929365,-0.06669818938738979,-0.0058716788068953335
工业,建筑,中央国有企业,839488682000.0,0.008561,50171867868.269035,62587350160.17891,97186947179.91792,50171867868.269035,62587350160.17891,97186947179.91792,0.06832579367028445,0.08311513217849542,0.12433021674319598,0.05976479367028445,0.07455413217849542,0.11576921674319599
工业,建筑,中央国有企业,869004776000.0,0.074146,-20258400802.885464,-26789185844.297424,16650887902.622593,0.0,0.0,16650887902.622593,0.050833814195758276,0.043318567764693824,0.09330687041462082,-0.023312185804241728,-0.03082743223530618,0.01916087041462082
工业,建筑,中央国有企业,886543000000.0,0.07081900000000001,-20145999292.56916,-54745348535.488144,487238387.77017224,0.0,0.0,487238387.77017224,0.0480947787354148,0.009067513004458738,0.07136859363253692,-0.022724221264585204,-0.06175148699554127,0.0005495936325369127
工业,建筑,中央国有企业,941597382000.0,0.049495,512190762.28853375,-15403704731.079168,35352873177.32984,512190762.28853375,0.0,35352873177.32984,0.05003895941628535,0.03313587982237065,0.08704063665230097,0.00054395941628535,-0.016359120177629347,0.03754563665230097
工业,建筑,中央国有企业,963977000000.0,0.07104,-20275513077.826134,-50533651062.06457,6717715324.202106,0.0,0.0,6717715324.202106,0.050006808255979,0.018617949409514375,0.07800875062807734,-0.021033191744021004,-0.05242205059048563,0.006968750628077336
工业,建筑,中央国有企业,1040080000000.0,0.082608,-36705905477.33263,-52355149911.43401,2718992305.1534495,0.0,0.0,2718992305.1534495,0.04731657484296148,0.03227038182501922,0.08522221458460258,-0.03529142515703852,-0.05033761817498078,0.0026142145846025783
工业,建筑,中央国有企业,1056040000000.0,0.114683,-28467282847.55528,-13547442581.636957,33497792710.588203,0.0,0.0,33497792710.588203,0.08772636687288807,0.10185446833298269,0.1464031930898339,-0.026956633127111926,-0.012828531667017307,0.03172019308983391
工业,建筑,中央国有企业,1081240000000.0,0.106344,-16598526920.989923,-11716562109.544537,39785091084.69882,0.0,0.0,39785091084.69882,0.09099261925105441,0.09550777297404411,0.1431398002707066,-0.015351380748945584,-0.01083622702595588,0.03679580027070661
工业,建筑,中央国有企业,1120400000000.0,0.094044,-43259600000.63668,-44811608576.44472,8907704480.992746,0.0,0.0,8907704480.992746,0.05543314673274127,0.054047919514062195,0.10199446811941516,-0.03861085326725873,-0.03999608048593781,0.00795046811941516
工业,建筑,中央国有企业,1153774735013.99,0.08314,-36820590858.33305,-45822810025.90356,14352057404.670055,0.0,0.0,14352057404.670055,0.051226845949277455,0.04342443973047483,0.09557921969265173,-0.03191315405072255,-0.03971556026952518,0.012439219692651729
工业,建筑,中央国有企业,1199980000000.0,0.105719,-19901930103.59327,-732960602.8213432,51763535219.97271,0.0,0.0,51763535219.97271,0.08913378182670272,0.10510818931747083,0.14885599829994892,-0.016585218173297278,-0.0006108106825291615,0.04313699829994892
工业,建筑,中央国有企业,1242790000000.0,0.09646800000000001,-8331574811.331467,3229945498.5964885,60203435006.614655,0.0,3229945498.5964885,60203435006.614655,0.08976407189361722,0.09906694712589939,0.14491016239800342,-0.006703928106382789,0.0025989471258993785,0.048442162398003405
工业,建筑,中央国有企业,1289001336534.82,0.073681,-32198399382.61454,-46086463268.35025,22823144714.02465,0.0,0.0,22823144714.02465,0.048701662531528134,0.03792738054120023,0.09138706753238857,-0.024979337468471863,-0.03575361945879977,0.01770606753238857
工业,建筑,中央国有企业,1304170000000.0,0.06933600000000001,-18490065270.177433,-23543594483.247757,40570332543.30882,0.0,0.0,40570332543.30882,0.05515835040663608,0.0512834497318235,0.100444162696051,-0.014177649593363928,-0.01805255026817651,0.03110816269605099
工业,建筑,中央国有企业,1352970000000.0,0.094403,-11469292427.934223,-352723455.5417716,61612208587.43111,0.0,0.0,61612208587.43111,0.08592587750065839,0.09414229691305663,0.13994148835334938,-0.008477122499341613,-0.0002607030869433702,0.04553848835334938
工业,建筑,中央国有企业,1361580000000.0,0.104156,-17691268628.21441,5388032354.143934,65964656759.75627,0.0,5388032354.143934,65964656759.75627,0.09116280927436184,0.10811319117065757,0.15260313991080676,-0.012993190725638162,0.00395719117065757,0.048447139910806764
工业,建筑,中央国有企业,1380267054189.34,0.060095,-17312421844.228542,-37265681425.798256,37345838001.47041,0.0,0.0,37345838001.47041,0.04755219403235594,0.03309610778367801,0.08715196545325746,-0.01254280596764406,-0.02699889221632199,0.027056965453257455
工业,建筑,中央国有企业,1390840000000.0,0.072605,-27853080599.816288,-19551289352.927826,43218295249.747025,0.0,0.0,43218295249.747025,0.052578914612884095,0.058547819193488955,0.10367852049822196,-0.020026085387115908,-0.014057180806511048,0.031073520498221957
工业,建筑,中央国有企业,1511350000000.0,0.073996,-37582064072.01436,-17900937163.744053,46535869108.86937,0.0,0.0,46535869108.86937,0.049129447532329146,0.0621516640329877,0.10478692805033207,-0.02486655246767086,-0.011844335967012308,0.030790928050332067
工业,建筑,中央国有企业,1523950000000.0,0.095274,-16767943474.625116,1631367268.2995486,69669526689.55132,0.0,1631367268.2995486,69669526689.55132,0.08427105142909865,0.09634448608438567,0.14099041240824917,-0.011002948570901352,0.0010704860843856745,0.04571641240824917
工业,建筑,中央国有企业,1613020000000.0,0.108559,-35317197255.610725,-6205576979.846405,64882037956.2768,0.0,0.0,64882037956.2768,0.08666392290510302,0.10471182080826871,0.14878295131881614,-0.021895077094896978,-0.0038471791917312897,0.040223951318816134
工业,建筑,中央国有企业,1663019578000.0,0.086943,-9583589869.080849,11573206668.205858,85233546072.89735,0.0,11573206668.205858,85233546072.89735,0.08118023569111173,0.09390215238840674,0.13819528061079228,-0.00576276430888828,0.0069591523884067336,0.051252280610792275
工业,建筑,中央国有企业,1684262000000.0,0.084747,-63624218531.23007,-38305145355.66935,32293410898.80776,0.0,0.0,32293410898.80776,0.04697127476768456,0.06200401502754955,0.10392062672720026,-0.03777572523231544,-0.022742984972450454,0.019173626727200258
工业,建筑,中央国有企业,1829290000000.0,0.105713,-43506551455.24787,-21639471766.541893,62883476084.53618,0.0,0.0,62883476084.53618,0.08192970076628207,0.09388356247694904,0.14008889233229077,-0.023783299233717928,-0.011829437523050962,0.03437589233229077
工业,建筑,中央国有企业,1858272000000.0,0.077554,-63055106117.2886,-37238839636.50818,40909960234.20291,0.0,0.0,40909960234.20291,0.043621881280410724,0.057514501134113744,0.09956905497268587,-0.033932118719589274,-0.020039498865886254,0.02201505497268587
工业,建筑,中央国有企业,1862842522000.0,0.06963,11398142023.411734,31220486416.812622,114173101441.13766,11398142023.411734,31220486416.812622,114173101441.13766,0.07574868254498204,0.08638959510699457,0.13091972261088297,0.006118682544982046,0.016759595106994568,0.061289722610882974
工业,建筑,中央国有企业,2019132000000.0,0.048034,-14633399568.367672,5115879993.219979,91536471068.96703,0.0,5115879993.219979,91536471068.96703,0.04078662857090687,0.050567702597561714,0.09336856508488153,-0.0072473714290931315,0.002533702597561714,0.04533456508488153
工业,建筑,中央国有企业,2034450000000.0,0.16072399999999998,-125377050015.21977,-144780342394.85767,-40447107022.821304,0.0,0.0,0.0,0.09909700006624896,0.08955963498987063,0.14084289846257153,-0.06162699993375102,-0.07116436501012935,-0.019881101537428447
工业,建筑,中央国有企业,2083825209000.0,0.054934000000000004,20194807394.572266,27069670586.13439,122899252948.86263,20194807394.572266,27069670586.13439,122899252948.86263,0.0646252194493815,0.06792437484968558,0.11391171675765471,0.009691219449381498,0.012990374849685578,0.05897771675765471
工业,建筑,中央国有企业,2192170000000.0,0.155619,-118380455568.19617,-127300797955.4298,-17717955384.9226,0.0,0.0,0.0,0.10161750578732665,0.09754832210757844,0.14753661798358586,-0.05400149421267336,-0.05807067789242157,-0.008082382016414147
工业,建筑,中央国有企业,2256266000000.0,0.08119,-9762609475.688457,18583153811.50644,121117046544.82164,0.0,18583153811.50644,121117046544.82164,0.07686311235657123,0.08942624245169073,0.1348703047800311,-0.00432688764342877,0.008236242451690731,0.05368030478003109
工业,建筑,中央国有企业,2388250000000.0,0.15957100000000002,-125851336002.99782,-139467114304.6526,-16955241411.112942,0.0,0.0,0.0,0.10687495226504856,0.10117379941184862,0.1524715583958493,-0.05269604773495146,-0.0583972005881514,-0.007099441604150714
工业,建筑,中央国有企业,2470432000000.0,0.063108,-2694252112.6868587,-1975414044.893669,115977966975.36656,0.0,0.0,115977966975.36656,0.06201740041551969,0.062308377081865166,0.11005443162627693,-0.001090599584480309,-0.0007996229181348319,0.04694643162627693
工业,建筑,中央国有企业,2652900000000.0,0.139931,-72255705014.47409,-69195886720.91396,61566488546.7363,0.0,0.0,61566488546.7363,0.11269450219967805,0.11384788841610541,0.16313824058454382,-0.027236497800321946,-0.02608311158389459,0.02320724058454382
工业,建筑,中央国有企业,2903322519000.0,0.133667,-67513678326.52427,-63350093984.11429,79024651737.6034,0.0,0.0,79024651737.6034,0.11041306321388704,0.11184713893753212,0.16088569555326637,-0.02325393678611297,-0.021819861062467888,0.027218695553266364
工业,建筑,中央国有企业,3189262063000.0,0.103815,19445047365.88634,26304571350.25283,182347913849.5797,19445047365.88634,26304571350.25283,182347913849.5797,0.10991203655007743,0.1120628550933219,0.1609905817639059,0.006097036550077428,0.00824785509332189,0.0571755817639059
工业,建筑,中央国有企业,3560679818000.0,0.081928,73860269100.23189,56707232781.01813,236043053889.36575,73860269100.23189,56707232781.01813,236043053889.36575,0.10267130545724791,0.09785395674970575,0.14821956957503382,0.02074330545724791,0.015925956749705747,0.06629156957503382
工业,建筑,地方国有企业,97615480976.0,0.115012,-4531511905.541293,-9334812382.160145,-4150597688.0421305,0.0,0.0,0.0,0.06858993804595992,0.01938359875844666,0.07249212869943644,-0.046422061954040084,-0.09562840124155333,-0.04251987130056356
工业,建筑,地方国有企业,113224000000.0,0.158343,-10040071305.702671,-14565241144.492764,-8733128904.158354,0.0,0.0,0.0,0.06966859081376148,0.029702065706097985,0.08121157111426594,-0.08867440918623853,-0.12864093429390203,-0.07713142888573407
工业,建筑,地方国有企业,137038000000.0,0.224344,-21595544009.356857,-25356969929.23376,-19020998690.76321,0.0,0.0,0.0,0.06675600244197333,0.03930795212106305,0.08554309301972292,-0.15758799755802666,-0.18503604787893693,-0.13880090698027708
工业,建筑,地方国有企业,208299000000.0,0.325278,-53207875033.28934,-55486443339.71765,-46456253235.61484,0.0,0.0,0.0,0.06983810334524251,0.05889917273862262,0.10225122965729633,-0.2554398966547575,-0.2663788272613774,-0.22302677034270368
工业,建筑,地方国有企业,239773354769.84,0.155112,-25835993772.221558,-31454819026.362675,-18861090934.658688,0.0,0.0,0.0,0.04736027005059967,0.023926368233049236,0.07644983608790239,-0.10775172994940033,-0.13118563176695075,-0.07866216391209761
工业,建筑,地方国有企业,240914762578.04,0.20717400000000002,-33016028493.16561,-33238055286.562794,-22255501782.70176,0.0,0.0,0.0,0.07012956096330686,0.06920796200846797,0.1147948467071731,-0.13704443903669317,-0.13796603799153206,-0.09237915329282692
工业,建筑,地方国有企业,267673535809.41,0.14499,-27353337019.80629,-33888510034.900433,-20218815410.9206,0.0,0.0,0.0,0.04280082789117218,0.018386113170373836,0.06945464552507394,-0.10218917210882783,-0.12660388682962617,-0.07553535447492607
工业,机械,中央国有企业,44351383662.0,0.026532,4256555380.424932,2236758555.426346,4326409973.334504,4256555380.424932,2236758555.426346,4326409973.334504,0.12250545176114366,0.07696466682439013,0.12408047799802346,0.09597345176114366,0.05043266682439013,0.09754847799802346
工业,机械,中央国有企业,56015704188.0,0.037224,5878646072.910167,4781517616.558868,7173424118.804969,5878646072.910167,4781517616.558868,7173424118.804969,0.14217039241131818,0.12258430539777079,0.16528494688606452,0.10494639241131817,0.08536030539777079,0.1280609468860645
工业,机械,中央国有企业,58744689010.0,0.017203,7433567793.551204,5924326703.285625,8821515107.303484,7433567793.551204,5924326703.285625,8821515107.303484,0.14374325272456207,0.11805172016731824,0.1673700237083358,0.12654025272456207,0.10084872016731825,0.15016702370833582
工业,机械,中央国有企业,62005997289.0,0.017034,7483235141.328841,5451572856.707122,8703723287.77534,7483235141.328841,5451572856.707122,8703723287.77534,0.1377196670081554,0.10495408991159702,0.1574030557093805,0.12068566700815542,0.08792008991159703,0.14036905570938052
工业,机械,中央国有企业,85867792662.0,0.009274,10766729947.480423,8453548559.624988,12694616389.883606,10766729947.480423,8453548559.624988,12694616389.883606,0.13466129148263223,0.10772242050267385,0.15711309072698793,0.12538729148263222,0.09844842050267384,0.14783909072698792
工业,机械,中央国有企业,99119595878.61,0.021549,10406155352.092638,9565293228.662134,13822083582.306122,10406155352.092638,9565293228.662134,13822083582.306122,0.12653485330025832,0.11805154466711687,0.16099754657431997,0.10498585330025832,0.09650254466711687,0.13944854657432
工业,机械,中央国有企业,108947127910.61,0.036613,8969876963.223204,8064445623.101848,12559709226.264278,8969876963.223204,8064445623.101848,12559709226.264278,0.11894538576590011,0.11063464497368525,0.151895609712937,0.0823323857659001,0.07402164497368524,0.115282609712937
工业,机械,中央国有企业,116795591158.73,0.032863,9735224242.266537,9551264161.155138,14181180479.36604,9735224242.266537,9551264161.155138,14181180479.36604,0.1162156689293945,0.11464060878126452,0.15428179961969826,0.0833526689293945,0.08177760878126451,0.12141879961969826
工业,机械,中央国有企业,152510000000.0,0.009995,19608185636.076538,14157207095.611465,21287513799.737988,19608185636.076538,14157207095.611465,21287513799.737988,0.1385648356571801,0.1028230578034979,0.14957610156539236,0.1285698356571801,0.0928280578034979,0.13958110156539236
工业,机械,中央国有企业,160402000000.0,0.004657,14519437851.353727,18223944745.942123,23920719765.556347,14519437851.353727,18223944745.942123,23920719765.556347,0.09517605743914494,0.11827119898718297,0.1537868098873851,0.09051905743914494,0.11361419898718297,0.1491298098873851
工业,机械,中央国有企业,162438000000.0,0.0037359999999999997,12656265760.748573,14038043523.081572,20486203564.115067,12656265760.748573,14038043523.081572,20486203564.115067,0.08165043972930333,0.09015693305188177,0.12985306352032816,0.07791443972930333,0.08642093305188177,0.12611706352032817
工业,机械,中央国有企业,177832168643.44,0.062717,2994053212.6875467,4498528979.883292,11427388057.2885,2994053212.6875467,4498528979.883292,11427388057.2885,0.07955339824856847,0.08801348608685083,0.12697639774822647,0.016836398248568474,0.02529648608685084,0.06425939774822648
工业,机械,中央国有企业,181976769308.99,0.07283,1909609944.7152734,4138542563.8258014,11244637588.67182,1909609944.7152734,4138542563.8258014,11244637588.67182,0.08332370176185964,0.09557214769028406,0.13462161016744303,0.010493701761859639,0.022742147690284056,0.06179161016744303
工业,机械,中央国有企业,383572000000.0,0.089237,9290212246.137846,30095737761.205883,40922181437.768684,9290212246.137846,30095737761.205883,40922181437.768684,0.11345725655193248,0.16769876926680227,0.1959240924826856,0.02422025655193248,0.07846176926680228,0.10668709248268561
工业,机械,中央国有企业,392380000000.0,0.081251,14675564191.30466,34221949079.175056,46958958696.83195,14675564191.30466,34221949079.175056,46958958696.83195,0.11865240728708054,0.16846734405213074,0.2009282483226259,0.03740140728708054,0.08721634405213073,0.1196772483226259
工业,机械,中央国有企业,420489480242.16,0.080778,664121445.6179025,7574331124.250798,23497677329.51484,664121445.6179025,7574331124.250798,23497677329.51484,0.0823574008573899,0.09879112869917397,0.13665972459387693,0.0015794008573899038,0.018013128699173972,0.05588172459387693
工业,机械,中央国有企业,426826000000.0,0.070664,19886057710.742077,38931778936.964,54590361969.79785,19886057710.742077,38931778936.964,54590361969.79785,0.1172545491013717,0.16187629479217291,0.1985623988084087,0.0465905491013717,0.09121229479217291,0.1278983988084087
工业,机械,中央国有企业,442140000000.0,0.076764,16374576336.88755,35020426243.158905,51264154493.16751,16374576336.88755,35020426243.158905,51264154493.16751,0.11379882231168306,0.15597064550404602,0.1927095251575689,0.03703482231168306,0.07920664550404602,0.1159455251575689
工业,机械,中央国有企业,471791735000.0,0.07412,18103385121.466335,37671971854.73207,55179113257.912315,18103385121.466335,37671971854.73207,55179113257.912315,0.11249156053924161,0.15396873209941261,0.19107650678982818,0.03837156053924161,0.07984873209941261,0.11695650678982818
工业,机械,中央国有企业,512823630000.0,0.075133,17898508561.19017,38747381915.59217,57555742378.4938,17898508561.19017,38747381915.59217,57555742378.4938,0.11003487954324603,0.15068993546257253,0.18736601542967862,0.03490187954324603,0.07555693546257253,0.11223301542967862
工业,机械,中央国有企业,550774434000.0,0.077332,17672302447.912643,38862920705.07473,59466207428.11821,17672302447.912643,38862920705.07473,59466207428.11821,0.10941827953110954,0.14789250227827883,0.1853003510293766,0.03208627953110954,0.07056050227827883,0.10796835102937659
工业,机械,地方国有企业,77291657089.0,0.114355,3354599047.828767,3353402103.2875805,6103119733.642175,3354599047.828767,3353402103.2875805,6103119733.642175,0.15775682594307694,0.15774133986623157,0.1933172057994505,0.04340182594307694,0.04338633986623157,0.0789622057994505
工业,机械,地方国有企业,91797176722.0,0.11150700000000001,4112749690.5720677,4514296500.698533,7720282068.056317,4112749690.5720677,4514296500.698533,7720282068.056317,0.15630957277440224,0.16068385556245046,0.19560851971706647,0.044802572774402236,0.04917685556245045,0.08410151971706646
工业,机械,地方国有企业,110029000000.0,0.160106,-1505159148.8039136,716405222.787639,4094274483.6429224,0.0,716405222.787639,4094274483.6429224,0.14642634146630512,0.1666170582009074,0.19731686698636652,-0.013679658533694877,0.006511058200907388,0.037210866986366525
工业,机械,地方国有企业,160969811609.42,0.10352399999999999,-536088773.73955995,1936053001.4774728,8419579191.424588,0.0,1936053001.4774728,8419579191.424588,0.10019363160123256,0.11555142913171287,0.15582933046689526,-0.003330368398767436,0.012027429131712883,0.05230533046689527
工业,机械,地方国有企业,161994607612.63,0.097377,2040660110.1283207,3856599916.7176185,10676182839.699823,2040660110.1283207,3856599916.7176185,10676182839.699823,0.10997408665740316,0.1211839647721838,0.1632815569296311,0.012597086657403153,0.02380696477218379,0.06590455692963108
工业,机械,地方国有企业,172078712755.41,0.109748,-1283005370.7183769,2441966356.6865335,8999006606.49456,0.0,2441966356.6865335,8999006606.49456,0.10229207851979913,0.12393898456505487,0.16204387357086758,-0.007455921480200869,0.014190984565054868,0.05229587357086758
工业,机械,地方国有企业,175086000000.0,0.096036,7307558507.333979,10570597441.899872,16270451715.607212,7307558507.333979,10570597441.899872,16270451715.607212,0.1377729664469688,0.1564097445706674,0.18896434216103636,0.041736966446968796,0.060373744570667395,0.09292834216103636
工业,机械,地方国有企业,236832000000.0,0.21540600000000001,-21306761898.562363,-10712348487.019722,-2849479290.667781,0.0,0.0,0.0,0.1254402778908156,0.17017415427383242,0.20337435186686015,-0.08996572210918441,-0.04523184572616759,-0.012031648133139866
工业,机械,地方国有企业,270750000000.0,0.190967,-18502020337.347076,-6815115289.576685,2369388494.3001313,0.0,0.0,2369388494.3001313,0.12263082146870885,0.16579575239306857,0.1997182040417364,-0.06833617853129115,-0.02517124760693143,0.008751204041736405
工业,机械,地方国有企业,277044000000.0,0.151577,-7666730536.67627,2914018661.432877,13101178611.717648,0.0,2914018661.432877,13101178611.717648,0.12390366819466846,0.16209525219615972,0.19886616205266183,-0.027673331805331533,0.010518252196159733,0.04728916205266184
工业,机械,地方国有企业,293666000000.0,0.068082,17042176206.131914,28663751289.963833,39711731428.05993,17042176206.131914,28663751289.963833,39711731428.05993,0.12611451382908445,0.16568863914094187,0.20330954226931253,0.05803251382908445,0.09760663914094186,0.13522754226931252
工业,机械,地方国有企业,334247213024.91,0.1182,-1477998499.7070794,7215737787.313888,21013210960.103313,0.0,7215737787.313888,21013210960.103313,0.11377812767881798,0.13978802678416388,0.18106727350674212,-0.004421872321182019,0.021588026784163883,0.06286727350674212
工业,机械,地方国有企业,343879412547.54,0.137363,-5496896164.120628,4588875655.859339,18510500567.79973,0.0,4588875655.859339,18510500567.79973,0.12137804724171093,0.15070743263661487,0.19119146396842884,-0.01598495275828908,0.013344432636614861,0.05382846396842883
工业,机械,地方国有企业,367475596673.66,0.121527,-3509150089.6963763,11571605481.10939,25100107240.49587,0.0,11571605481.10939,25100107240.49587,0.11197765816217257,0.15301645286667745,0.18983114718065278,-0.009549341837827421,0.03148945286667745,0.06830414718065278
工业,电气设备,中央国有企业,32985615356.0,0.127431,2196190696.4401646,-848400072.5940449,1505157274.5582373,2196190696.4401646,0.0,1505157274.5582373,0.19401125544582368,0.1017106954539845,0.1730617168538074,0.06658025544582369,-0.025720304546015482,0.0456307168538074
工业,电气设备,中央国有企业,33865721258.0,0.108186,2604348800.2559066,-345165606.0578999,1982010611.245698,2604348800.2559066,0.0,1982010611.245698,0.18508820977179657,0.09799381766234014,0.1667115691484053,0.07690220977179657,-0.010192182337659866,0.05852556914840529
工业,电气设备,中央国有企业,44150745227.0,0.071456,4839844867.598768,327410087.2754257,3766211394.231077,4839844867.598768,327410087.2754257,3766211394.231077,0.1810769099691256,0.0788717318430766,0.1567594614674609,0.10962090996912559,0.0074157318430765895,0.08530346146746089
工业,电气设备,中央国有企业,48509554784.0,0.076121,4144326361.881366,159463077.22580138,3672239114.872347,4144326361.881366,159463077.22580138,3672239114.872347,0.16155419723990327,0.0794082508918263,0.1518223567991675,0.08543319723990328,0.0032872508918263127,0.07570135679916751
工业,电气设备,中央国有企业,53404847387.0,0.08699899999999999,3555032315.0435967,157519955.14488673,3586914142.4553914,3555032315.0435967,157519955.14488673,3586914142.4553914,0.1535665961824577,0.08994854414911839,0.15416357995774613,0.0665675961824577,0.0029495441491183966,0.06716457995774613
工业,电气设备,中央国有企业,57424875019.0,0.148972,1174362283.6249802,-2144129858.1232169,1253672820.8236113,1174362283.6249802,0.0,1253672820.8236113,0.16942241078864206,0.11163400218261171,0.17080352893948506,0.02045041078864207,-0.03733799781738828,0.021831528939485062
工业,电气设备,中央国有企业,64802246319.0,0.09446099999999999,3698889960.412132,-324464100.77371174,3852201026.038981,3698889960.412132,0.0,3852201026.038981,0.15154065650146942,0.08945401152036485,0.15390648599559142,0.05707965650146943,-0.005006988479635141,0.059445485995591435
工业,电气设备,中央国有企业,65962017470.0,0.150043,980592149.5421178,-2595664486.853817,1358949705.8959436,980592149.5421178,0.0,1358949705.8959436,0.16490901209534106,0.110692104038785,0.17064500336525493,0.014866012095341052,-0.03935089596121501,0.020602003365254917
工业,电气设备,中央国有企业,72084237098.0,0.09752000000000001,3444064721.0251617,-413036053.95916647,4069208048.4489985,3444064721.0251617,0.0,4069208048.4489985,0.14529833351198385,0.09179009190098475,0.15397073336791825,0.047778333511983836,-0.00572990809901526,0.05645073336791824
工业,电气设备,中央国有企业,72732951414.0,0.156425,347162809.7560556,-2885739500.820809,1255624969.1705344,347162809.7560556,0.0,1255624969.1705344,0.1611981159399814,0.11674917982882313,0.1736884953588429,0.004773115939981393,-0.03967582017117688,0.01726349535884289
工业,电气设备,中央国有企业,76665557522.0,0.160227,-591947206.416412,-2781304567.1039057,1139685447.113468,0.0,0.0,1139685447.113468,0.15250583777866553,0.12394858949857268,0.17509267741696033,-0.007721162221334482,-0.03627841050142733,0.014865677416960321
工业,电气设备,中央国有企业,86087418302.42,0.160248,-763903740.6444623,-3107328489.3405733,1334958193.272851,0.0,0.0,1334958193.272851,0.15137441828843196,0.12415296369138737,0.17575500694244567,-0.008873581711568046,-0.03609503630861263,0.015507006942445667
工业,电气设备,中央国有企业,89618965556.0,0.044028,6728104610.758679,2589776957.101559,7026917072.80397,6728104610.758679,2589776957.101559,7026917072.80397,0.11910256227615687,0.0729256439421552,0.12243681703117937,0.07507456227615687,0.0288976439421552,0.07840881703117937
工业,电气设备,中央国有企业,92705313123.25,0.157861,-811009524.9569147,-2480743053.1670394,1896373444.982,0.0,0.0,1896373444.982,0.14911274709373246,0.1311015514895469,0.1783169305296861,-0.008748252906267545,-0.026759448510453088,0.02045593052968611
工业,电气设备,中央国有企业,97512591304.0,0.108981,3475583991.948196,285323490.0785188,4894636643.704192,3475583991.948196,285323490.0785188,4894636643.704192,0.1446234123846007,0.11190701689959207,0.1591759192227385,0.0356424123846007,0.002926016899592071,0.0501949192227385
工业,电气设备,中央国有企业,97795137769.0,0.061694000000000006,5523425297.752374,1271865557.3745716,6075847694.103072,5523425297.752374,1271865557.3745716,6075847694.103072,0.11817354922666146,0.07469940687798632,0.12382232082158026,0.05647954922666145,0.013005406877986313,0.062128320821580256
工业,电气设备,中央国有企业,98585657661.02,0.16253900000000002,-1311139226.9913013,-2953604556.738348,1625366458.9654799,0.0,0.0,1625366458.9654799,0.14923950737502242,0.1325792205877237,0.17902584501912228,-0.013299492624977594,-0.029959779412276316,0.01648684501912226
工业,电气设备,中央国有企业,103105000000.0,0.072203,4069599226.9570284,1429842298.063732,5927073702.924316,4069599226.9570284,1429842298.063732,5927073702.924316,0.11167343525490547,0.08607082695372419,0.12968880285072806,0.03947043525490547,0.013867826953724183,0.05748580285072806
工业,电气设备,中央国有企业,105328000000.0,0.091274,4471416071.36237,1697896090.6764026,6473199695.560864,4471416071.36237,1697896090.6764026,6473199695.560864,0.13372630205987363,0.10739408289036535,0.1527315392636418,0.04245230205987363,0.01612008289036536,0.06145753926364181
工业,电气设备,中央国有企业,108943000000.0,0.07605100000000001,4808232706.400255,1774614023.0524378,6802805174.165302,4808232706.400255,1774614023.0524378,6802805174.165302,0.12018630659519433,0.09234038089691342,0.13849471069426492,0.044135306595194324,0.01628938089691341,0.06244371069426491
工业,电气设备,中央国有企业,115265000000.0,0.084608,3175158927.4109597,1737821475.021115,6375050609.660146,3175158927.4109597,1737821475.021115,6375050609.660146,0.11215460068026686,0.09968474901332681,0.13991577434312363,0.02754660068026686,0.015076749013326812,0.05530777434312363
工业,电气设备,中央国有企业,116807000000.0,0.081766,3596942748.7687287,433101068.3654143,5742979373.472535,3596942748.7687287,433101068.3654143,5742979373.472535,0.11255989718740084,0.08547383487603838,0.13093239733468487,0.03079389718740083,0.003707834876038374,0.049166397334684864
工业,电气设备,中央国有企业,117890875515.13,0.0737,2811538291.184777,686983113.160245,5782473125.53779,2811538291.184777,686983113.160245,5782473125.53779,0.09754865053295789,0.07952727976324239,0.12274936959939425,0.023848650532957885,0.005827279763242391,0.04904936959939425
工业,电气设备,中央国有企业,118321690651.9,0.075334,2472848152.7751465,-35860358.6726772,5230375785.441154,2472848152.7751465,0.0,5230375785.441154,0.09623336459790974,0.07503092489622906,0.11953870800090925,0.02089936459790974,-0.00030307510377093616,0.044204708000909254
工业,电气设备,中央国有企业,118990487731.74,0.07548300000000001,3328020252.4711018,1008020855.1148149,6218908244.462295,3328020252.4711018,1008020855.1148149,6218908244.462295,0.10345179242964371,0.08395444065320048,0.12774691086388865,0.027968792429643702,0.008471440653200477,0.05226391086388864
工业,电气设备,中央国有企业,121108373341.62,0.09831300000000001,-131054501.94825679,1433405719.3289866,5558718286.476864,0.0,1433405719.3289866,5558718286.476864,0.09723087414583978,0.1101487276196392,0.14421171148543088,-0.0010821258541602319,0.011835727619639191,0.04589871148543087
工业,电气设备,中央国有企业,142009284851.87,0.076856,3109340949.599751,4444641288.139233,9533188665.2878,3109340949.599751,4444641288.139233,9533188665.2878,0.09875133559614152,0.10815424428575526,0.14398674201614264,0.021895335596141527,0.03129824428575527,0.06713074201614265
工业,电气设备,中央国有企业,162674195217.33,0.091188,823146722.6901823,1618562752.6828976,8127454663.154247,823146722.6901823,1618562752.6828976,8127454663.154247,0.09624809402161463,0.10113772036296553,0.14114954831008142,0.005060094021614628,0.009949720362965528,0.04996154831008141
房地产,房地产Ⅱ,中央国有企业,617688000000.0,0.187792,-80046270233.38173,-65425696535.942825,-28594670516.78186,0.0,0.0,0.0,0.05820186673954855,0.08187170280150685,0.1414989353512099,-0.12959013326045143,-0.10592029719849314,-0.0462930646487901
房地产,房地产Ⅱ,中央国有企业,737157000000.0,0.124892,-49941968338.17771,-22644254333.48313,18053166180.51954,0.0,0.0,18053166180.51954,0.05714256760204718,0.09417363968668394,0.14938225944340153,-0.06774943239795282,-0.030718360313316068,0.024490259443401524
房地产,房地产Ⅱ,中央国有企业,835411599109.07,0.009812999999999999,46504618717.60248,77367462153.08073,127547789027.06415,46504618717.60248,77367462153.08073,127547789027.06415,0.06547971418878745,0.10242299276953991,0.162489583809811,0.05566671418878745,0.0926099927695399,0.152676583809811
房地产,房地产Ⅱ,中央国有企业,856203000000.0,0.098764,-34398030893.481995,-833712535.4833276,45858356335.16154,0.0,0.0,45858356335.16154,0.058588911973583374,0.09779026767777814,0.15232414442271464,-0.04017508802641663,-0.0009737323222218652,0.05356014442271463
房地产,房地产Ⅱ,中央国有企业,860308816014.37,0.035007,21296151305.99377,53178477535.72631,103089122689.71225,21296151305.99377,53178477535.72631,103089122689.71225,0.059761077732987056,0.09682024257734685,0.15483504403574813,0.024754077732987052,0.06181324257734685,0.11982804403574812
房地产,房地产Ⅱ,中央国有企业,886471000000.0,0.040536,16718000238.796938,48915983543.69109,99789721029.7899,16718000238.796938,48915983543.69109,99789721029.7899,0.059395049239960404,0.09571657956062984,0.15310563964956542,0.0188590492399604,0.05518057956062984,0.11256963964956541
房地产,房地产Ⅱ,中央国有企业,908508499680.74,0.057077,3138252914.688834,38334001360.59084,89966311227.84612,3138252914.688834,38334001360.59084,89966311227.84612,0.060531291199027476,0.09927143337520986,0.15610338363808515,0.0034542911990274733,0.04219443337520985,0.09902638363808515
房地产,房地产Ⅱ,中央国有企业,1033210000000.0,0.201184,-118876609898.49179,-115018194114.43726,-44633841538.1054,0.0,0.0,0.0,0.08612838700894127,0.08986278348599291,0.15798480376873492,-0.11505561299105874,-0.11132121651400709,-0.043199196231265086
房地产,房地产Ⅱ,中央国有企业,1188292419390.15,0.005313,92904657928.17905,119403832978.8422,192890096663.29996,92904657928.17905,119403832978.8422,192890096663.29996,0.08349632963519127,0.10579654346998367,0.16763844575374315,0.07818332963519127,0.10048354346998367,0.16232544575374314
房地产,房地产Ⅱ,中央国有企业,1251370000000.0,0.172182,-112885764243.9666,-96510559284.39911,-16209111384.34431,0.0,0.0,0.0,0.08197225848153096,0.09505808038837506,0.15922890748192436,-0.09020974151846904,-0.07712391961162494,-0.012953092518075637
房地产,房地产Ⅱ,中央国有企业,1335108015599.69,0.025249999999999998,75705900916.5668,102269202685.20934,186576155228.56552,75705900916.5668,102269202685.20934,186576155228.56552,0.08195395206380512,0.10184994658879575,0.16499611271040956,0.05670395206380513,0.07659994658879575,0.13974611271040957
房地产,房地产Ⅱ,中央国有企业,1399930000000.0,0.145761,-95783713049.43202,-80719926230.96878,8492586471.073758,0.0,0.0,8492586471.073758,0.07734064108960303,0.08810102683636412,0.1518274365154499,-0.06842035891039697,-0.057659973163635886,0.006066436515449886
房地产,房地产Ⅱ,中央国有企业,1436911790321.09,0.061128999999999996,21799101632.065086,35765810672.067635,128632493833.28992,21799101632.065086,35765810672.067635,128632493833.28992,0.07629980016943412,0.08601974897497741,0.1506491046436858,0.015170800169434125,0.024890748974977416,0.08952010464368582
房地产,房地产Ⅱ,中央国有企业,1470460000000.0,0.09364800000000001,-22240109505.426174,-3710049311.6113815,91822306355.79156,0.0,0.0,91822306355.79156,0.07852340667177199,0.09112494645783539,0.1560926134922348,-0.01512459332822802,-0.002523053542164616,0.06244461349223479
房地产,房地产Ⅱ,地方国有企业,53691111395.9,0.019660999999999998,3217706267.7167554,1885987202.4523187,5960881919.472425,3217706267.7167554,1885987202.4523187,5960881919.472425,0.07959096203767292,0.05478761879069126,0.13068276439446203,0.059929962037672924,0.03512661879069126,0.11102176439446203
房地产,房地产Ⅱ,地方国有企业,55794608066.78,0.041847,2061134143.7650895,1019003319.6473324,4960629842.220335,2061134143.7650895,1019003319.6473324,4960629842.220335,0.07878845752037794,0.06011047303000494,0.1307557676049809,0.03694145752037794,0.01826347303000494,0.0889087676049809
房地产,房地产Ⅱ,地方国有企业,56125450012.0,0.088987,-869896103.8219639,-1757223103.7640157,1961704791.7195287,0.0,0.0,1961704791.7195287,0.07348786184367387,0.057678153418131886,0.1239391436585382,-0.015499138156326128,-0.03130884658186811,0.0349521436585382
房地产,房地产Ⅱ,地方国有企业,57434499260.0,-0.5050979999999999,32004747794.702415,34131534033.314808,36846382254.93227,32004747794.702415,34131534033.314808,36846382254.93227,0.052141084645280084,0.08917085361714237,0.1364394510036647,0.55723908464528,0.5942688536171423,0.6415374510036647
房地产,房地产Ⅱ,地方国有企业,59718688955.05,0.009284,4253928156.0189776,3803205033.6142583,7986645770.991018,4253928156.0189776,3803205033.6142583,7986645770.991018,0.0805167787239417,0.07296934038777901,0.1430217948300662,0.0712327787239417,0.06368534038777901,0.1337377948300662
房地产,房地产Ⅱ,地方国有企业,61168928318.0,0.034881,950601802.0478712,1101795993.0082417,5017660780.4584255,950601802.0478712,1101795993.0082417,5017660780.4584255,0.050421599258269834,0.052893347499049115,0.11691056825355878,0.015540599258269831,0.018012347499049113,0.08202956825355878
房地产,房地产Ⅱ,地方国有企业,81523299957.0,-0.044611,8440419075.734651,10852006892.278397,15021060356.107096,8440419075.734651,10852006892.278397,15021060356.107096,0.058922825055985284,0.08850440256592115,0.13964381259995673,0.10353382505598528,0.13311540256592114,0.18425481259995674
日常消费,食品饮料,地方国有企业,10062294426.0,0.21924700000000003,-81332181.88273473,-601370835.1485627,-325180046.83661306,0.0,0.0,0.0,0.21116413356423164,0.1594822177655746,0.18693031027997165,-0.008082866435768388,-0.05976478223442541,-0.03231668972002838
日常消费,食品饮料,地方国有企业,11851101844.0,0.202526,11242289.060296517,-285355562.2592047,-55232160.662247136,11242289.060296517,0.0,0.0,0.2034746281704674,0.17844760070722243,0.19786549151823296,0.0009486281704673971,-0.02407839929277758,-0.004660508481767051
日常消费,食品饮料,地方国有企业,13871297363.0,0.253537,-509025310.4855649,-782890977.8894767,-531437045.7604291,0.0,0.0,0.0,0.2168406984814897,0.1970973637207185,0.21522500712340198,-0.036696301518510305,-0.0564396362792815,-0.03831199287659803
日常消费,食品饮料,地方国有企业,14433697119.0,0.23105,-457303218.4708159,-1015010176.4976835,-657930708.4236248,0.0,0.0,0.0,0.19936697279632962,0.16072774173662266,0.18546703515050567,-0.03168302720367039,-0.07032225826337735,-0.04558296484949434
日常消费,食品饮料,地方国有企业,15186625709.0,0.195348,374682285.4157964,46236689.176824816,362118689.18976796,374682285.4157964,46236689.176824816,362118689.18976796,0.22001985881810135,0.1983925663218936,0.2191925785211633,0.024671858818101355,0.0030445663218935937,0.023844578521163312
日常消费,食品饮料,地方国有企业,16067772126.0,0.28379899999999997,-1022533098.9110664,-1316341179.9887207,-1071897658.7032318,0.0,0.0,0.0,0.22016023969816206,0.20187468780125473,0.21708796810972658,-0.0636387603018379,-0.08192431219874524,-0.06671103189027339
日常消费,食品饮料,地方国有企业,18183711058.0,0.24583200000000002,-1016912134.0696365,-1500974601.1357799,-1131885691.0468597,0.0,0.0,0.0,0.18990765480852484,0.1632869905490596,0.18358476743913715,-0.05592434519147518,-0.08254500945094043,-0.06224723256086287
日常消费,食品饮料,地方国有企业,19778534913.0,0.357553,-3063082377.973941,-3247574296.8342323,-3014363350.0365114,0.0,0.0,0.0,0.20268397701889723,0.19335609102168774,0.20514720435862335,-0.15486902298110278,-0.16419690897831227,-0.15240579564137666
日常消费,食品饮料,地方国有企业,21630647731.29,0.257564,-1727697872.547597,-2091539273.0654812,-1696971797.394803,0.0,0.0,0.0,0.17769131685106312,0.16087067398184537,0.17911180483341543,-0.07987268314893689,-0.09669332601815464,-0.07845219516658458
日常消费,食品饮料,地方国有企业,24221898385.69,0.23742999999999997,-1530704532.4720488,-1975904630.029825,-1437724155.5470777,0.0,0.0,0.0,0.174234931302314,0.15585486503051446,0.17807362203763236,-0.06319506869768599,-0.08157513496948551,-0.05935637796236762
日常消费,食品饮料,地方国有企业,25418086448.0,0.1729,990035152.5331794,358646293.5210934,929860068.8569086,990035152.5331794,358646293.5210934,929860068.8569086,0.21185002696440508,0.18700988566172388,0.20948261493284337,0.03895002696440508,0.014109885661723887,0.03658261493284337
日常消费,食品饮料,地方国有企业,25899040538.78,0.16264800000000001,201487479.6262996,48506252.34012529,546803370.3647897,201487479.6262996,48506252.34012529,546803370.3647897,0.1704277275665329,0.16452089765686473,0.18376088136508503,0.00777972756653289,0.0018728976568647138,0.021112881365085018
日常消费,食品饮料,地方国有企业,28919969078.0,0.25525400000000004,-1792741885.0111852,-2018961683.4723892,-1386029610.122012,0.0,0.0,0.0,0.19326424198276343,0.1854419722614139,0.20732761368942848,-0.06198975801723661,-0.06981202773858614,-0.047926386310571556
日常消费,食品饮料,地方国有企业,29789822299.0,0.17931,389109694.896426,325174575.71087855,788232251.2262492,389109694.896426,325174575.71087855,788232251.2262492,0.19237183336681024,0.19022562656692296,0.20576978359034082,0.013061833366810244,0.010915626566922965,0.02645978359034082
日常消费,食品饮料,地方国有企业,29954563964.0,0.42509399999999997,-6882072417.99211,-6934723923.362473,-6636232412.489659,0.0,0.0,0.0,0.19534362118416662,0.19358590888918414,0.20355071796574245,-0.22975037881583335,-0.23150809111081583,-0.22154328203425752
日常消费,食品饮料,地方国有企业,35009203823.0,0.282744,-3492592918.019566,-4711651242.634017,-3453305782.4422584,0.0,0.0,0.0,0.1829818650003735,0.14816078392758525,0.1841040594888839,-0.0997621349996265,-0.13458321607241475,-0.0986399405111161
日常消费,食品饮料,地方国有企业,35420907274.99,0.229194,-1742593392.774099,-1846072043.229512,-1244769465.5908701,0.0,0.0,0.0,0.17999725359129043,0.17707585325413766,0.19405177577838112,-0.04919674640870958,-0.05211814674586235,-0.03514222422161889
日常消费,食品饮料,地方国有企业,36686474275.0,0.44307899999999995,-9421002822.482906,-8771189931.66951,-8618338963.44054,0.0,0.0,0.0,0.18628128343929873,0.20399388470870478,0.20816029675155212,-0.2567977165607012,-0.23908511529129517,-0.23491870324844782
日常消费,食品饮料,地方国有企业,37312383547.0,0.099731,3185732338.70904,4813848028.061043,4977124459.69507,3185732338.70904,4813848028.061043,4977124459.69507,0.185111027644071,0.22874575516827678,0.23312168659137544,0.085380027644071,0.12901475516827676,0.13339068659137543
日常消费,食品饮料,地方国有企业,38197033001.78,0.14279999999999998,1004268817.275901,1527306532.9221394,2037679665.57372,1004268817.275901,1527306532.9221394,2037679665.57372,0.16909180170169502,0.182784952047217,0.19614654305424095,0.02629180170169504,0.039984952047217026,0.05334654305424097
日常消费,食品饮料,地方国有企业,40522413702.09,0.238933,-2601568383.266148,-2461944599.8791537,-1798686693.6021237,0.0,0.0,0.0,0.17473227389340165,0.17817786784082718,0.19454554798824203,-0.06420072610659835,-0.06075513215917283,-0.04438745201175798
日常消费,食品饮料,地方国有企业,41514185835.0,0.11063700000000001,2965228750.1474967,4501254829.431135,4760893762.181113,2965228750.1474967,4501254829.431135,4760893762.181113,0.18206387952337383,0.21906390851078172,0.22531813047196686,0.07142687952337382,0.10842690851078171,0.11468113047196685
日常消费,食品饮料,地方国有企业,43211782006.0,0.31128,-6344407941.8895,-6329868331.288453,-5421585186.970454,0.0,0.0,0.0,0.1644587478468587,0.16479522114016162,0.18581456128660323,-0.1468212521531413,-0.14648477885983838,-0.12546543871339677
日常消费,食品饮料,地方国有企业,44095837995.19,0.42467799999999994,-10734411318.968172,-9296811269.632734,-9217233216.282139,0.0,0.0,0.0,0.18124433807165452,0.21384605548299507,0.21565071680634434,-0.24343366192834542,-0.21083194451700488,-0.2090272831936556
日常消费,食品饮料,地方国有企业,46563004491.0,0.144667,1281461229.237878,2844494801.9643292,3145610361.20819,1281461229.237878,2844494801.9643292,3145610361.20819,0.17218801680821663,0.20575615936715663,0.2122230006402979,0.027521016808216642,0.06108915936715664,0.0675560006402979
日常消费,食品饮料,地方国有企业,49256011349.0,0.16122,129249595.7425191,2084671255.2194796,2292542399.6005616,129249595.7425191,2084671255.2194796,2292542399.6005616,0.1638440369896525,0.20354318448297992,0.20776340326822068,0.002624036989652495,0.04232318448297992,0.04654340326822068
日常消费,食品饮料,地方国有企业,50311699796.0,0.153026,716001005.3901012,2576268970.439579,2829218960.2853956,716001005.3901012,2576268970.439579,2829218960.2853956,0.16725730222777777,0.20423216041369374,0.2092598178148839,0.01423130222777777,0.051206160413693746,0.0562338178148839
日常消费,食品饮料,地方国有企业,51385481355.0,0.33303400000000005,-8974821752.015446,-8087794016.712971,-7374299932.30042,0.0,0.0,0.0,0.15837723868619052,0.17563946357758317,0.1895245934936256,-0.17465676131380953,-0.15739453642241688,-0.14350940650637445
日常消费,食品饮料,地方国有企业,51420385832.0,0.153778,690307163.6098655,3077718212.673251,3241970134.8479676,690307163.6098655,3077718212.673251,3241970134.8479676,0.16720277603853903,0.21363204743419723,0.21682634322791916,0.013424776038539032,0.05985404743419723,0.06304834322791916
日常消费,食品饮料,地方国有企业,52131585698.0,0.153681,62667379.4445473,3309184262.333763,3221240918.390265,62667379.4445473,3309184262.333763,3221240918.390265,0.15488310000531313,0.217158529371617,0.21547158003435807,0.0012021000053131226,0.06347752937161699,0.061790580034358056
日常消费,食品饮料,地方国有企业,53455037841.0,0.210477,-2902769441.309359,-700687256.4278402,-548262023.1756929,0.0,0.0,0.0,0.15617399024545567,0.19736902580845592,0.20022049200151204,-0.05430300975454433,-0.01310797419154408,-0.010256507998487957
日常消费,食品饮料,地方国有企业,53495197888.51,0.39120399999999994,-11415247629.415886,-9005741154.992373,-9041911567.816837,0.0,0.0,0.0,0.17781573189401886,0.22285727897727658,0.2221811358045782,-0.21338826810598108,-0.16834672102272336,-0.16902286419542173
日常消费,食品饮料,地方国有企业,53866259307.0,0.199544,-2767771684.7171993,-244568024.1128071,-198483798.5922274,0.0,0.0,0.0,0.1481617113405474,0.19500371769231384,0.19585924815077638,-0.0513822886594526,-0.004540282307686161,-0.003684751849223622
日常消费,食品饮料,地方国有企业,56323475330.54,0.32926,-8792957923.320541,-6280793193.026948,-6222600534.102931,0.0,0.0,0.0,0.17314467026016808,0.2177471156091225,0.2187803021904282,-0.15611532973983192,-0.1115128843908775,-0.11047969780957179
日常消费,食品饮料,地方国有企业,58595944446.8,0.044844999999999996,5759813259.885055,8274279731.895093,8667655506.900633,5759813259.885055,8274279731.895093,8667655506.900633,0.14314213155514477,0.18605408554358085,0.19276744734224066,0.09829713155514477,0.14120908554358086,0.14792244734224066
日常消费,食品饮料,地方国有企业,63294455201.6,0.350437,-12398171725.450626,-11011713903.92223,-10124079354.818993,0.0,0.0,0.0,0.15455614936369944,0.17646103529900564,0.19048492643253417,-0.19588085063630056,-0.17397596470099436,-0.15995207356746582
日常消费,食品饮料,地方国有企业,64794994851.27,0.222926,-4962132745.957195,-3270929592.3734026,-2411430925.941771,0.0,0.0,0.0,0.14634396218446746,0.17244479230978454,0.185709685198572,-0.07658203781553255,-0.05048120769021547,-0.03721631480142801
日常消费,食品饮料,地方国有企业,67345265219.62,0.12892099999999998,1140990402.1407554,4620391707.403788,4797311879.454589,1140990402.1407554,4620391707.403788,4797311879.454589,0.14586339971317752,0.19752852114252134,0.200155582918488,0.01694239971317754,0.06860752114252136,0.07123458291848803
日常消费,食品饮料,地方国有企业,67798704194.0,0.185442,-2859478763.2420073,184729594.58496118,348886094.0106971,0.0,184729594.58496118,348886094.0106971,0.14326599092673126,0.18816667736339582,0.1905879109456191,-0.04217600907326874,0.002724677363395822,0.005145910945619114
日常消费,食品饮料,地方国有企业,67964247134.0,0.208486,-5041165847.751835,-1214635272.689196,-1499439500.0820234,0.0,0.0,0.0,0.13431220921537546,0.19061432005194745,0.1864238193195359,-0.07417379078462455,-0.017871679948052555,-0.022062180680464116
日常消费,食品饮料,地方国有企业,68334595564.58,0.303514,-10512165571.491222,-10363013294.795052,-8630099114.31817,0.0,0.0,0.0,0.14968027222800143,0.1518629481546514,0.17722219944105405,-0.15383372777199858,-0.1516510518453486,-0.12629180055894595
日常消费,食品饮料,地方国有企业,69792287455.91,0.20149999999999998,-4105432479.3304076,-403206367.5773518,-443391154.04977584,0.0,0.0,0.0,0.14267641606282155,0.19572276612108364,0.19514698922742887,-0.05882358393717843,-0.005777233878916349,-0.0063530107725711105
日常消费,食品饮料,地方国有企业,106397000000.0,0.252612,-10578045113.113352,-5918608509.507824,-5251201426.900309,0.0,0.0,0.0,0.1531914795613283,0.19698441172676087,0.20325721154825505,-0.0994205204386717,-0.05562758827323913,-0.04935478845174496
日常消费,食品饮料,地方国有企业,113893000000.0,0.24944,-11600535591.221502,-5487616689.997794,-5182100469.959773,0.0,0.0,0.0,0.14758531541691322,0.20125778783597065,0.20394027244905505,-0.10185468458308677,-0.04818221216402935,-0.045499727550944946
日常消费,食品饮料,地方国有企业,135621000000.0,0.253034,-14638970759.682354,-7130590300.479692,-6240320744.442094,0.0,0.0,0.0,0.1450937049152981,0.20045666831479125,0.20702106141053306,-0.10794029508470188,-0.05257733168520873,-0.04601293858946692
日常消费,食品饮料,地方国有企业,152715000000.0,0.250507,-16956139190.457232,-7396526089.711181,-6599764320.839537,0.0,0.0,0.0,0.13947573790749282,0.2020734729089403,0.20729078469148715,-0.11103126209250716,-0.04843352709105969,-0.04321621530851283
日常消费,食品饮料,地方国有企业,165432981684.75,0.248051,-18832427081.095184,-8084263310.326979,-6918054633.502678,0.0,0.0,0.0,0.1342138020645704,0.19918369900597938,0.20623313174271524,-0.1138371979354296,-0.04886730099402062,-0.04181786825728476
日常消费,食品饮料,地方国有企业,183042000000.0,0.331177,-36203247517.769966,-23132396065.608612,-22321463559.61393,0.0,0.0,0.0,0.13339043998770794,0.20479946880164873,0.20922977717893199,-0.19778656001229206,-0.12637753119835127,-0.12194722282106801
日常消费,食品饮料,地方国有企业,188252218704.17,0.242374,-20802145160.84666,-9085642937.147352,-6702608409.32201,0.0,0.0,0.0,0.1318725392255254,0.1941108613252573,0.2067695940840471,-0.11050146077447462,-0.04826313867474272,-0.0356044059159529
日常消费,食品饮料,地方国有企业,189984270815.47,0.070724,10519581857.468466,24853383276.937256,25587084475.69744,10519581857.468466,24853383276.937256,25587084475.69744,0.12609480418455293,0.2015421102059608,0.20540401517109774,0.05537080418455294,0.1308181102059608,0.13468001517109773
日常消费,食品饮料,地方国有企业,213396000000.0,0.314108,-39165085287.50807,-24323167771.61943,-22204570269.42393,0.0,0.0,0.0,0.1305755753645426,0.20012663309706166,0.21005464253583042,-0.1835324246354574,-0.11398136690293834,-0.10405335746416958
日常消费,食品饮料,地方国有企业,254365000000.0,0.324077,-50900096735.9318,-32205637610.431244,-30061971042.26496,0.0,0.0,0.0,0.1239704730173892,0.19746509344669572,0.2058926151897275,-0.2001065269826108,-0.1266119065533043,-0.11818438481027249
日常消费,食品饮料,地方国有企业,255168000000.0,0.299036,-44117460322.374626,-25569002729.38807,-22999275489.715866,0.0,0.0,0.0,0.1261402594589658,0.19883141819746966,0.2089021450898394,-0.17289574054103424,-0.10020458180253036,-0.09013385491016063
日常消费,食品饮料,地方国有企业,272699660092.25,0.361755,-64520737124.48066,-45521920191.84218,-41916160780.26411,0.0,0.0,0.0,0.12515500899651172,0.19482439151870293,0.20804684808633597,-0.23659999100348827,-0.16693060848129707,-0.15370815191366402
日常消费,食品饮料,地方国有企业,298944579918.7,0.384283,-76255154064.97215,-52382467864.37106,-49044708256.19561,0.0,0.0,0.0,0.12920176024074342,0.2090583216378205,0.22022346672619503,-0.25508123975925656,-0.17522467836217948,-0.16405953327380496
日常消费,食品饮料,地方国有企业,303834844021.44,0.34462000000000004,-63715456334.49624,-40014417421.66102,-36601295636.69108,0.0,0.0,0.0,0.1349157557757919,0.21292207855015666,0.22415555572412127,-0.20970424422420814,-0.13169792144984338,-0.12046444427587877
材料,化工,中央国有企业,20109814551.0,-0.154504,5798832375.824424,3223265075.13253,4825070798.952085,5798832375.824424,3223265075.13253,4825070798.952085,0.13385432180939058,0.005779182470832242,0.08543211610466833,0.2883583218093906,0.16028318247083223,0.23993611610466833
材料,化工,中央国有企业,25267358712.0,0.6657129999999999,-12393570624.662493,-15899724887.575056,-14007927133.40341,0.0,0.0,0.0,0.17521572381352912,0.03645352461114801,0.11132473595280645,-0.49049727618647077,-0.6292594753888519,-0.5543882640471934
材料,化工,中央国有企业,41982836045.0,0.9016689999999999,-30485680449.281956,-35092260148.02608,-32242003775.631626,0.0,0.0,0.0,0.1755227144892886,0.065797404512457,0.13368839618675354,-0.7261462855107114,-0.835871595487543,-0.7679806038132464
材料,化工,中央国有企业,45782850934.85,0.136187,736155899.059855,-1684848290.278525,735733050.6820561,736155899.059855,0.0,735733050.6820561,0.1522662935352021,0.0993861399426807,0.15225705757961688,0.0160792935352021,-0.03680086005731931,0.01607005757961688
材料,化工,中央国有企业,46407287224.03,0.277208,-3944458177.240815,-6393782765.9386215,-3875432671.639447,0.0,0.0,0.0,0.19221147438541186,0.1394325955667954,0.19369885944345563,-0.08499652561458815,-0.1377754044332046,-0.08350914055654438
材料,化工,中央国有企业,55781587198.78,0.20790199999999998,-4723678075.622813,-10030916531.536871,-5195755846.805599,0.0,0.0,0.0,0.12322032791365739,0.028077132417955675,0.1147573602053253,-0.08468167208634259,-0.1798248675820443,-0.09314463979467467
材料,化工,地方国有企业,8677638571.0,0.028929999999999997,1200228897.8305647,417637530.9381814,956545616.4776965,1200228897.8305647,417637530.9381814,956545616.4776965,0.16724284721187135,0.07705801634005521,0.13916109670347396,0.13831284721187137,0.048128016340055216,0.11023109670347396
材料,化工,地方国有企业,9643558999.0,0.040185000000000005,1403801482.4501092,140966378.42012197,897284331.8474501,1403801482.4501092,140966378.42012197,897284331.8474501,0.18575381775656458,0.05480267159144665,0.13322993620462062,0.14556881775656458,0.014617671591446647,0.09304493620462062
材料,化工,地方国有企业,10624520306.0,0.164337,40517523.6782044,-1129530921.2990494,-312339804.89658684,40517523.6782044,0.0,0.0,0.16815058616777484,0.05802340759609939,0.1349389852284344,0.0038135861677748295,-0.10631359240390062,-0.029398014771565617
材料,化工,地方国有企业,13536459913.0,0.524145,-4754025229.710807,-5627281021.492996,-4845888331.316176,0.0,0.0,0.0,0.17294348496096182,0.10843209886779716,0.16615713888556383,-0.3512015150390382,-0.41571290113220283,-0.35798786111443615
材料,化工,地方国有企业,14091584562.19,0.271619,-1144776599.6324859,-1915010420.1007283,-1078947495.8733828,0.0,0.0,0.0,0.19038068399797234,0.13572154917399348,0.19505220290832492,-0.08123831600202766,-0.13589745082600652,-0.07656679709167508
材料,化工,地方国有企业,15083281912.76,0.191658,-521821262.26646864,-1361340356.5494182,-480317203.97153616,0.0,0.0,0.0,0.15706199726766204,0.10140308303807771,0.1598136569220388,-0.034596002732337955,-0.09025491696192228,-0.03184434307796119
材料,化工,地方国有企业,15385300893.0,0.070288,2651441718.1975174,1493389478.3327785,2585586795.0675774,2651441718.1975174,1493389478.3327785,2585586795.0675774,0.24262403272613728,0.16735399102083473,0.23834365344802372,0.1723360327261373,0.09706599102083473,0.1680556534480237
材料,化工,地方国有企业,15691644389.0,0.007516,3559551731.7301702,2114602610.5660915,3376413402.057109,3559551731.7301702,2114602610.5660915,3376413402.057109,0.23435976751651671,0.1422757841338062,0.22268869435598532,0.22684376751651672,0.1347597841338062,0.21517269435598532
材料,化工,地方国有企业,17692154203.25,0.255897,-2058109770.4462447,-2706561968.68567,-1867218634.1105578,0.0,0.0,0.0,0.1395680472448756,0.10291608328447183,0.15035763985992417,-0.11632895275512439,-0.15298091671552816,-0.10553936014007581
材料,化工,地方国有企业,17894390845.0,0.085906,2622350269.5461893,1234578157.4586365,2503723526.5073476,2622350269.5461893,1234578157.4586365,2503723526.5073476,0.23245193678325288,0.15489846630703827,0.22582266708268703,0.1465459367832529,0.06899246630703827,0.13991666708268702
材料,化工,地方国有企业,18187250698.0,0.18654800000000002,223222581.32914644,-964392134.28574,104385353.27748683,223222581.32914644,0.0,104385353.27748683,0.19882157477145757,0.13352227608496148,0.19228747954041048,0.012273574771457546,-0.05302572391503854,0.005739479540410458
材料,化工,地方国有企业,20549289346.0,0.121104,1621250574.716786,293598384.3058643,1581304135.5969353,1621250574.716786,293598384.3058643,1581304135.5969353,0.19999970035337347,0.13539152008706395,0.1980557674782628,0.07889570035337347,0.014287520087063951,0.07695176747826281
材料,化工,地方国有企业,22626691197.0,0.16531700000000002,1350963580.199903,64469484.93389873,1447958569.640486,1350963580.199903,64469484.93389873,1447958569.640486,0.22502363445387116,0.16816626701710796,0.22931038537985027,0.059706634453871144,0.0028492670171079426,0.06399338537985025
材料,化工,地方国有企业,23383806879.39,0.059823,3661134599.713304,1927493799.0104878,3502861936.666555,3661134599.713304,1927493799.0104878,3502861936.666555,0.21639009014904464,0.1422515715731488,0.20962161725397263,0.15656709014904463,0.0824285715731488,0.14979861725397264
材料,化工,地方国有企业,27913610331.15,0.115721,2284201343.137869,395948698.89747596,2175497633.0207624,2284201343.137869,395948698.89747596,2175497633.0207624,0.19755209658834888,0.12990578993581206,0.19365780599578447,0.08183109658834888,0.014184789935812056,0.07793680599578447
材料,化工,地方国有企业,28653178698.0,0.384587,-5774595686.544199,-7449188399.700372,-5780850735.650783,0.0,0.0,0.0,0.18305279161748406,0.12460926844659553,0.18283448951660686,-0.20153420838251596,-0.2599777315534045,-0.20175251048339315
材料,化工,地方国有企业,35005445704.0,0.25577500000000003,-1469038993.0625749,-3049066980.7745705,-913097003.1715168,0.0,0.0,0.0,0.21380898689779546,0.1686723529845341,0.22969057271138593,-0.041966013102204575,-0.08710264701546594,-0.026084427288614098
材料,化工,地方国有企业,38208012673.28,0.19794899999999999,-122048984.36859813,-1773426992.2535439,353395449.06594193,0.0,0.0,353395449.06594193,0.19475467043849545,0.1515339454558584,0.20719824968194123,-0.003194329561504533,-0.046415054544141576,0.00924924968194124
材料,化工,地方国有企业,44051457552.57,0.128136,2896552310.4828906,105136315.29917353,3206350704.3415866,2896552310.4828906,105136315.29917353,3206350704.3415866,0.19388983588672887,0.13052267052443625,0.20092248386413097,0.06575383588672887,0.002386670524436252,0.07278648386413097
材料,化工,地方国有企业,46657911907.48,0.130283,1441453442.2842343,-1613457291.8549874,1419774819.92316,1441453442.2842343,0.0,1419774819.92316,0.16117708384032606,0.09570242779063107,0.1607124547672535,0.030894083840326048,-0.03458057220936894,0.030429454767253478
材料,化工,地方国有企业,49177377189.73,0.10345,2864282945.4291744,1416973421.109741,3942411511.261556,2864282945.4291744,1416973421.109741,3942411511.261556,0.16169391435880276,0.13226352162485103,0.18361717719717824,0.05824391435880276,0.028813521624851027,0.08016717719717824
材料,化工,地方国有企业,96865322655.0,0.266079,-9456548179.352928,-12310895545.197191,-6858793277.509145,0.0,0.0,0.0,0.1684532664541179,0.13898609195235695,0.19527147993487062,-0.09762573354588211,-0.12709290804764306,-0.07080752006512939
材料,化工,地方国有企业,133753000000.0,0.22034099999999998,-8872109292.896097,-13429943848.47963,-5608053505.253419,0.0,0.0,0.0,0.15400896039792678,0.11993245702541526,0.1784125684489064,-0.0663320396020732,-0.10040854297458472,-0.041928431551093576
材料,化工,地方国有企业,190310000000.0,0.420344,-55660151018.99639,-63153097868.555214,-51538071438.20417,0.0,0.0,0.0,0.12787302622565086,0.08850070291337701,0.14953284221426005,-0.29247097377434916,-0.33184329708662297,-0.27081115778573994
材料,化工,地方国有企业,200843000000.0,0.223384,-17099490201.795399,-17695546943.59839,-6346615723.591221,0.0,0.0,0.0,0.13824540815564695,0.13527763361631528,0.19178411489774988,-0.08513859184435305,-0.08810636638368471,-0.03159988510225012
材料,化工,地方国有企业,253040390845.31,0.203211,-18897429900.024086,-20065774284.873127,-6143599429.049193,0.0,0.0,0.0,0.12852952390483952,0.12391229903830317,0.17893187440852504,-0.07468147609516049,-0.07929870096169683,-0.024279125591474965
材料,化工,地方国有企业,293333349744.25,0.14221899999999998,-6241669887.712097,-11470014483.61596,5632985765.233596,0.0,0.0,5632985765.233596,0.12094058111870315,0.10311668008439415,0.1614223594889393,-0.021278418881296834,-0.03910231991560584,0.01920335948893931
材料,化工,地方国有企业,323009018441.98,0.123462,-3978216733.6538763,-8194703381.184831,9423426453.131779,0.0,0.0,9423426453.131779,0.11114588340101886,0.09809210964612806,0.15263588034112877,-0.012316116598981144,-0.025369890353871938,0.029173880341128763
材料,建材Ⅱ,中央国有企业,21463592266.0,0.031249,3306140110.6707916,2610783509.098562,3270973103.2029533,3306140110.6707916,2610783509.098562,3270973103.2029533,0.1852837985415272,0.15288677045067361,0.18364534925344855,0.1540347985415272,0.12163777045067362,0.15239634925344855
材料,建材Ⅱ,中央国有企业,22915217102.0,0.186805,-506196828.13212585,-871256167.7316087,-464736679.87735784,0.0,0.0,0.0,0.16471501386201373,0.1487841440834498,0.16652429841167438,-0.022089986137986267,-0.03802085591655019,-0.020280701588325623
材料,建材Ⅱ,中央国有企业,26573872663.0,0.197136,-620848667.9367522,-449890765.59527516,-111637604.94160382,0.0,0.0,0.0,0.17377287653620815,0.18020618433855604,0.1929349711790468,-0.02336312346379185,-0.01692981566144397,-0.004201028820953218
材料,建材Ⅱ,中央国有企业,28604536226.0,0.157211,678874485.0683676,801059714.0100005,1427330270.3968358,678874485.0683676,801059714.0100005,1427330270.3968358,0.18094410581596868,0.18521563911321448,0.20710973840707364,0.023733105815968686,0.02800463911321449,0.04989873840707365
材料,建材Ⅱ,中央国有企业,30660627191.82,0.159022,390301886.6960227,348270675.8430891,1179511183.9489636,390301886.6960227,348270675.8430891,1179511183.9489636,0.17175174242353894,0.17038088948599214,0.19749189745414103,0.012729742423538942,0.011358889485992146,0.03846989745414103
材料,建材Ⅱ,中央国有企业,33604242332.0,0.142471,-806882158.4370811,-2791620498.7143292,-1676175367.6896398,0.0,0.0,0.0,0.1184596817127039,0.05939754543036731,0.09259112616950199,-0.024011318287296093,-0.08307345456963268,-0.049879873830497995
材料,建材Ⅱ,中央国有企业,35139481982.58,0.148739,885654293.1797968,1225287712.4718907,1990911037.019502,885654293.1797968,1225287712.4718907,1990911037.019502,0.1739429655456176,0.1836082594011293,0.20539638151764655,0.0252039655456176,0.03486925940112928,0.05665738151764654
材料,建材Ⅱ,中央国有企业,36088073943.54,0.110011,2331384691.6276774,3656596428.2917223,4402398038.659683,2331384691.6276774,3656596428.2917223,4402398038.659683,0.17461363563179189,0.21133523342992724,0.23200138512133567,0.06460263563179189,0.10132423342992725,0.12199038512133567
材料,建材Ⅱ,中央国有企业,36737268363.0,0.146063,-1111422707.2329795,-3246906628.3352203,-2163073398.8802514,0.0,0.0,0.0,0.1158097243277034,0.05768118031072371,0.08718346172004464,-0.030253275672296603,-0.08838181968927629,-0.05887953827995536
材料,建材Ⅱ,中央国有企业,43828317485.0,0.301392,-8290958448.910468,-9307463591.5072,-8599650791.42221,0.0,0.0,0.0,0.11222301235296099,0.08903012700105065,0.10517979554188009,-0.189168987647039,-0.21236187299894935,-0.1962122044581199
材料,建材Ⅱ,中央国有企业,48633670689.0,0.26353000000000004,-6657435775.841633,-7363002379.911545,-6253048259.7792635,0.0,0.0,0.0,0.12664056349387556,0.1121327833063213,0.1349555335615952,-0.13688943650612448,-0.15139721669367873,-0.12857446643840484
材料,建材Ⅱ,中央国有企业,52073958059.2,0.108267,733899873.9844404,279179906.8858576,1651042881.9328964,733899873.9844404,279179906.8858576,1651042881.9328964,0.12236041446928445,0.11362821925989328,0.13997273053148596,0.014093414469284443,0.005361219259893274,0.031705730531485954
材料,建材Ⅱ,中央国有企业,53378083328.82,0.083323,887770061.6878885,1553021973.3579998,2264501782.758372,887770061.6878885,1553021973.3579998,2264501782.758372,0.09995473359408658,0.11241774968951328,0.1257468122003852,0.01663173359408658,0.029094749689513283,0.0424238122003852
材料,建材Ⅱ,中央国有企业,54627103828.07,0.10748100000000001,-227726035.3200555,771318194.728479,1897933565.1331868,0.0,771318194.728479,1897933565.1331868,0.10331226288304088,0.12160069774484254,0.14222444111499352,-0.004168737116959129,0.014119697744842535,0.034743441114993515
材料,建材Ⅱ,地方国有企业,178777000000.0,0.26940200000000003,-19412476406.625492,-3023643596.3130364,-3128870087.889611,0.0,0.0,0.0,0.16081713501946288,0.252489066030233,0.25190047526309534,-0.10858486498053715,-0.016912933969767008,-0.017501524736904694
材料,建材Ⅱ,地方国有企业,200973000000.0,0.235312,-15349984745.706348,761741312.2576455,2027050387.261397,0.0,761741312.2576455,2027050387.261397,0.1589336569105982,0.23910226691275765,0.24539818265767738,-0.0763783430894018,0.0037902669127576616,0.010086182657677384
材料,建材Ⅱ,地方国有企业,230515000000.0,0.192903,-9629711836.69904,8172636950.950438,11104002411.675173,0.0,8172636950.950438,11104002411.675173,0.15112822683253133,0.22835681841073438,0.24107341152061762,-0.041774773167468665,0.03545381841073439,0.04817041152061763
材料,建材Ⅱ,地方国有企业,243976000000.0,0.086401,13239045484.488155,32151501126.143135,35607172817.19542,13239045484.488155,32151501126.143135,35607172817.19542,0.14066472054828408,0.21818240934412866,0.23234639142044883,0.05426372054828407,0.13178140934412866,0.14594539142044882
材料,建材Ⅱ,地方国有企业,246189200000.0,0.057962,15415052674.506306,30548403838.100086,35801642653.22813,15415052674.506306,30548403838.100086,35801642653.22813,0.12057665845986057,0.18204706887426453,0.20338528685916413,0.06261465845986057,0.12408506887426453,0.1454232868591641
材料,建材Ⅱ,地方国有企业,254635244000.0,0.043154000000000005,18939987975.72281,37676269372.13125,41813665738.29252,18939987975.72281,37676269372.13125,41813665738.29252,0.1175348581962158,0.19111572273831523,0.20736404838706662,0.07438085819621579,0.14796172273831523,0.16421004838706663
材料,建材Ⅱ,地方国有企业,256000730000.0,0.044513,13547369878.834219,30992336907.46718,37234176221.52398,13547369878.834219,30992336907.46718,37234176221.52398,0.09743226268661116,0.16557647082474014,0.18995858611814886,0.052919262686611165,0.12106347082474014,0.14544558611814887
材料,有色金属,中央国有企业,37837121415.0,0.22129000000000001,-2985045262.1115694,-3606643932.669709,-2016989632.2781565,0.0,0.0,0.0,0.14239802432956253,0.1259697484113074,0.16798283611309425,-0.07889197567043749,-0.09532025158869262,-0.05330716388690576
材料,有色金属,中央国有企业,39059473292.0,0.22537600000000002,-2130900140.2954767,561728517.8599751,1155803195.0556011,0.0,561728517.8599751,1155803195.0556011,0.17082072926285163,0.23975736437889517,0.25496685460305807,-0.05455527073714839,0.014381364378895145,0.029590854603058048
材料,有色金属,中央国有企业,39309705821.93,0.16454899999999997,1184547994.9793606,4615474185.195895,5085546278.828011,1184547994.9793606,4615474185.195895,5085546278.828011,0.19468272830479252,0.2819620940105134,0.29392026270710725,0.03013372830479255,0.11741309401051345,0.12937126270710728
材料,有色金属,中央国有企业,39579456610.0,0.051628999999999994,3164746753.1547494,1721839713.1904292,3505128327.68863,3164746753.1547494,1721839713.1904292,3505128327.68863,0.1315883280003535,0.09513236918863599,0.1401882837270797,0.0799593280003535,0.043503369188635996,0.0885592837270797
材料,有色金属,中央国有企业,40021635913.0,0.013075000000000002,6117813513.818225,7807727617.9683,8673138188.191174,6117813513.818225,7807727617.9683,8673138188.191174,0.1659376547679679,0.2081626679539269,0.22978623606853682,0.1528626547679679,0.1950876679539269,0.21671123606853682
材料,有色金属,中央国有企业,41018597713.0,0.079432,2213342470.815321,1582436159.779327,3215580472.7711062,2213342470.815321,1582436159.779327,3215580472.7711062,0.13339148653100463,0.11801050458105267,0.157825232632426,0.05395948653100463,0.038578504581052664,0.07839323263242601
材料,有色金属,中央国有企业,41901504028.87,0.163245,973802585.5251476,4111200631.7155943,4859485277.597442,973802585.5251476,4111200631.7155943,4859485277.597442,0.18648527760087563,0.2613608248850206,0.27921900595093846,0.02324027760087563,0.0981158248850206,0.11597400595093846
材料,有色金属,中央国有企业,44175520008.47,0.200643,371283770.8469556,4128225162.8416934,4942568412.595902,371283770.8469556,4128225162.8416934,4942568412.595902,0.20904774024472755,0.2940935165315579,0.3125277816991908,0.008404740244727565,0.09345051653155792,0.11188478169919083
材料,有色金属,中央国有企业,45802747112.0,0.083728,4052134770.8314247,6289090203.814554,7218055879.755794,4052134770.8314247,6289090203.814554,7218055879.755794,0.17219725187528312,0.22103614416951983,0.2413180210113099,0.08846925187528312,0.13730814416951984,0.1575900210113099
材料,有色金属,中央国有企业,47631293984.0,0.070368,5353270094.439948,8283780552.654722,9145154710.537058,5353270094.439948,8283780552.654722,9145154710.537058,0.18275776829473045,0.24428266533404186,0.2623668718679161,0.11238976829473045,0.17391466533404187,0.1919988718679161
材料,有色金属,中央国有企业,48642313052.0,0.08348499999999999,5089174212.708037,8565161977.314462,9251860051.970999,5089174212.708037,8565161977.314462,9251860051.970999,0.1881094286793592,0.25956959466469165,0.27368689360815346,0.10462442867935921,0.17608459466469167,0.19020189360815348
材料,有色金属,中央国有企业,52680243371.36,0.11501099999999999,3743766195.462992,7805080710.062245,8446869765.650223,3743766195.462992,7805080710.062245,8446869765.650223,0.1860768485207059,0.2631705416149033,0.275353269228058,0.07106584852070592,0.1481595416149033,0.160342269228058
材料,有色金属,中央国有企业,55638663702.8,0.12705,3155987375.7436237,7859828499.796793,8423520575.7670145,3155987375.7436237,7859828499.796793,8423520575.7670145,0.1837729183037478,0.2683155872143322,0.27844688869528156,0.056722918303747816,0.1412655872143322,0.15139688869528156
材料,有色金属,中央国有企业,62550961213.58,0.17095,858796775.7226055,5740443016.845201,6556358915.173247,858796775.7226055,5740443016.845201,6556358915.173247,0.18467955361613464,0.2627222590584097,0.27576627760741496,0.013729553616134649,0.09177225905840969,0.10481627760741496
材料,有色金属,中央国有企业,192377000000.0,0.091034,5900667985.181198,24086092044.72399,27926970179.680714,5900667985.181198,24086092044.72399,27926970179.680714,0.12170641918306865,0.21623655563151517,0.23620192641366022,0.03067241918306865,0.12520255563151517,0.14516792641366022
材料,有色金属,中央国有企业,194902000000.0,0.013597,21962180438.964924,39159947169.87768,43671014677.83329,21962180438.964924,39159947169.87768,43671014677.83329,0.12628019688338202,0.21451821768826218,0.2376635292189577,0.11268319688338202,0.20092121768826218,0.2240665292189577
材料,有色金属,中央国有企业,203071000000.0,0.015895,22418008883.17008,39107651299.853935,44023710831.29358,22418008883.17008,39107651299.853935,44023710831.29358,0.12628993026168225,0.20847617259408746,0.23268474758234103,0.11039493026168226,0.19258117259408747,0.21678974758234104
材料,有色金属,中央国有企业,211755809000.0,0.116958,10447655310.467619,37650319416.23975,40265098484.80403,10447655310.467619,37650319416.23975,40265098484.80403,0.16629622292670904,0.2947586449695071,0.3071067315741314,0.04933822292670903,0.1778006449695071,0.19014873157413137
材料,有色金属,中央国有企业,212348000000.0,0.075079,18833304684.360195,44828023983.218,47358637448.36326,18833304684.360195,44828023983.218,47358637448.36326,0.1637697561378501,0.2861854101532296,0.29810270377099507,0.0886907561378501,0.21110641015322962,0.22302370377099506
材料,有色金属,中央国有企业,215895530000.0,0.19128799999999999,-12359936464.44625,11096040408.088371,14685114632.790756,0.0,11096040408.088371,14685114632.790756,0.13403838272239238,0.24268341521813058,0.259307539972832,-0.057249617277607606,0.0513954152181306,0.06801953997283203
材料,有色金属,中央国有企业,227021733000.0,0.17588499999999999,-7395433916.319304,16408850059.565083,20929655699.12062,0.0,16408850059.565083,20929655699.12062,0.143309114781472,0.2481637631066365,0.26807729992892626,-0.03257588521852797,0.0722787631066365,0.09219229992892627
材料,有色金属,地方国有企业,11885793700.0,0.099397,946037484.9639064,935201567.5342706,1432815762.4501843,946037484.9639064,935201567.5342706,1432815762.4501843,0.1789909681305344,0.17807929847656456,0.21994559764646465,0.07959396813053439,0.07868229847656456,0.12054859764646465
材料,有色金属,地方国有企业,12906755770.0,0.131214,495391036.5492986,601477070.8850716,1018587001.9979382,495391036.5492986,601477070.8850716,1018587001.9979382,0.16959630500190975,0.1778157240585836,0.21013290263899664,0.038382305001909756,0.04660172405858359,0.07891890263899665
材料,有色金属,地方国有企业,15933256367.0,0.125104,926193669.8050939,911824386.599086,1554445200.6750443,926193669.8050939,911824386.599086,1554445200.6750443,0.18323359061672856,0.18233174840224134,0.22266379348292653,0.058129590616728566,0.057227748402241346,0.09755979348292654
材料,有色金属,地方国有企业,16163564000.0,0.10532,1120998714.3175912,1591607312.5410106,1945343411.0581105,1120998714.3175912,1591607312.5410106,1945343411.0581105,0.17467343679881436,0.20378883475333848,0.22567361824026622,0.06935343679881437,0.09846883475333848,0.12035361824026622
材料,有色金属,地方国有企业,16298949000.0,0.12654400000000002,713141337.958517,983714453.6864941,1421503656.5970721,713141337.958517,983714453.6864941,1421503656.5970721,0.17029782351086056,0.18689847154822647,0.21375843674663147,0.043753823510860546,0.06035447154822646,0.08721443674663146
材料,有色金属,地方国有企业,18189090000.0,0.177654,-150345340.181858,33935700.89697004,597868836.200594,0.0,33935700.89697004,597868836.200594,0.16938831215185268,0.17951971735567696,0.21052363977860322,-0.008265687848147324,0.001865717355676949,0.032869639778603216
材料,有色金属,地方国有企业,20625469000.0,0.213887,-604480353.7751265,35477373.98307765,624433084.9710464,0.0,35477373.98307765,624433084.9710464,0.18457952806929498,0.2156070759887243,0.24416185508189153,-0.029307471930705015,0.0017200759887243122,0.03027485508189154
材料,有色金属,地方国有企业,23249789494.0,0.065095,2754751371.65001,1678182611.6890025,2695313411.1327167,2754751371.65001,1678182611.6890025,2695313411.1327167,0.18358000272920408,0.13727555080120557,0.18102350816254864,0.11848500272920408,0.07218055080120557,0.11592850816254864
材料,有色金属,地方国有企业,25529146004.0,0.082956,2910333250.2825165,1997462136.1731691,3083541049.724328,2910333250.2825165,1997462136.1731691,3083541049.724328,0.1969564154399256,0.16119841891445172,0.20374112337393455,0.11400041543992559,0.07824241891445172,0.12078512337393454
材料,有色金属,地方国有企业,34707756657.0,0.39806600000000003,-6885211633.676637,-8719422085.223726,-6832933356.624645,0.0,0.0,0.0,0.19968925955780267,0.14684198193989997,0.20119550144974147,-0.19837674044219736,-0.2512240180601001,-0.19687049855025857
材料,有色金属,地方国有企业,36645246207.0,0.340184,-5029345909.69823,-4833398493.185588,-3777064227.1920037,0.0,0.0,0.0,0.20293984338310378,0.20828698760491587,0.2371129439111339,-0.1372441566168962,-0.1318970123950841,-0.10307105608886608
材料,有色金属,地方国有企业,40496655048.44,0.11439,3725618449.256865,4637512548.710091,5787074265.969047,3725618449.256865,4637512548.710091,5787074265.969047,0.20638817725193534,0.22890594071566994,0.25729252513564016,0.09199817725193533,0.11451594071566994,0.14290252513564017
材料,有色金属,地方国有企业,45380919517.66,0.045596,6425142926.13007,6885672938.478088,8366322664.295721,6425142926.13007,6885672938.478088,8366322664.295721,0.18717847550778963,0.19732657337012588,0.22995371582459811,0.14158247550778963,0.15173057337012588,0.18435771582459812
材料,有色金属,地方国有企业,47911462040.0,0.045825,8635427136.646587,13087397624.80962,13828585733.810762,8635427136.646587,13087397624.80962,13828585733.810762,0.22606218686432697,0.3189829682098472,0.33445292210902783,0.18023718686432696,0.27315796820984717,0.2886279221090278
材料,有色金属,地方国有企业,48127817177.89,0.09561,3794607093.339226,3840979227.5014577,5539994419.814971,3794607093.339226,3840979227.5014577,5539994419.814971,0.17445436311153698,0.17541788352200627,0.21072002876648338,0.07884436311153697,0.07980788352200627,0.11511002876648338
材料,有色金属,地方国有企业,50840423322.0,0.152663,3461492089.6400023,9936245945.646465,9550190925.01163,3461492089.6400023,9936245945.646465,9550190925.01163,0.2207484301254829,0.3481028743439807,0.3405094084479605,0.0680854301254829,0.1954398743439807,0.18784640844796052
材料,有色金属,地方国有企业,52183190515.0,0.046484,9042963816.845705,17051724407.24821,16007053272.470705,9042963816.845705,17051724407.24821,16007053272.470705,0.2197766585668677,0.3732506127533293,0.3532313091333788,0.1732926585668677,0.3267666127533293,0.3067473091333788
材料,有色金属,地方国有企业,58848726000.0,0.057457,7323400046.582879,11769069212.783323,12816025143.411186,7323400046.582879,11769069212.783323,12816025143.411186,0.18190149598760863,0.2574455131376221,0.2752361434841119,0.12444449598760862,0.1999885131376221,0.2177791434841119
材料,有色金属,地方国有企业,61435721001.0,0.116014,6702981086.877022,15197561998.229862,14334966516.931513,6702981086.877022,15197561998.229862,14334966516.931513,0.2251195981383846,0.3633873806751041,0.34934676281885224,0.10910559813838461,0.24737338067510412,0.23333276281885224
材料,有色金属,地方国有企业,64461691000.0,0.09291,4930077965.544794,9769318763.49749,10855949447.548246,4930077965.544794,9769318763.49749,10855949447.548246,0.16939074211309155,0.24446231908975968,0.26131931845160944,0.07648074211309154,0.1515523190897597,0.16840931845160945
材料,有色金属,地方国有企业,78245124732.45,0.09441000000000001,10260089282.07964,20988483393.629,19979187654.830154,10260089282.07964,20988483393.629,19979187654.830154,0.22553752158249868,0.36265014231425474,0.3497509905492085,0.13112752158249869,0.26824014231425475,0.2553409905492085
材料,有色金属,地方国有企业,79036550000.0,-0.009239,12725595631.232807,19068727282.52881,20245749765.617447,12725595631.232807,19068727282.52881,20245749765.617447,0.1517699968657894,0.2320256716301358,0.2469178004374868,0.1610089968657894,0.2412646716301358,0.2561568004374868
材料,有色金属,地方国有企业,80944491696.95,0.08549,10653086239.839725,21889227211.216938,21389658929.718834,10653086239.839725,21889227211.216938,21389658929.718834,0.21709977376600334,0.35591269031929357,0.34974095125434956,0.13160977376600336,0.27042269031929356,0.26425095125434955
材料,有色金属,地方国有企业,91216092000.0,0.051716,3746679001.3370566,8284650568.82338,10010036265.377611,3746679001.3370566,8284650568.82338,10010036265.377611,0.09279075906046333,0.14254044102980623,0.16145580627648037,0.04107475906046333,0.09082444102980623,0.10973980627648038
材料,有色金属,地方国有企业,100206269994.18,0.068151,14965638630.87084,26537942950.399303,27774358704.32707,14965638630.87084,26537942950.399303,27774358704.32707,0.21749932552633733,0.33298415816406135,0.34532286465417994,0.1493483255263373,0.26483315816406133,0.2771718646541799
材料,有色金属,地方国有企业,123831000000.0,0.093494,6628968336.324707,18062121258.27108,19457115977.210957,6628968336.324707,18062121258.27108,19457115977.210957,0.14702638152259698,0.2393550627247707,0.2506203736641952,0.05353238152259698,0.1458610627247707,0.1571263736641952
材料,有色金属,地方国有企业,134914000000.0,0.047564999999999996,24619871335.939888,48408361999.03331,45239294419.041695,24619871335.939888,48408361999.03331,45239294419.041695,0.23005066743214111,0.40637403389591376,0.382884495523383,0.18248566743214112,0.3588090338959138,0.335319495523383
材料,有色金属,地方国有企业,135018841000.0,0.098295,67242927.85624483,8926706219.894089,11045692085.926744,67242927.85624483,8926706219.894089,11045692085.926744,0.0987930262558782,0.16440952263831896,0.18010352393723883,0.0004980262558782061,0.06611452263831896,0.08180852393723884
材料,有色金属,地方国有企业,140882000000.0,0.039549,24080888180.56842,51103707207.801796,47542435543.978,24080888180.56842,51103707207.801796,47542435543.978,0.21047848837018512,0.402290210430018,0.3770118096135631,0.17092948837018512,0.362741210430018,0.3374628096135631
材料,有色金属,地方国有企业,161010475000.0,0.12102299999999999,-6512512922.453478,4817247820.524359,7712086189.244334,0.0,4817247820.524359,7712086189.244334,0.08057524079393916,0.15094184733291022,0.16892104010729322,-0.040447759206060835,0.029918847332910226,0.04789804010729323
材料,有色金属,地方国有企业,161035000000.0,0.089007,20256552952.69793,51604955481.12115,47579022720.243614,20256552952.69793,51604955481.12115,47579022720.243614,0.2147967534864963,0.40946500901121585,0.38446465032597643,0.1257897534864963,0.32045800901121585,0.29545765032597643
材料,有色金属,地方国有企业,167331000000.0,0.08375099999999999,21252095560.440506,55641627357.49798,51018078387.59081,21252095560.440506,55641627357.49798,51018078387.59081,0.2107573261466226,0.41627532219671176,0.3886441661652103,0.1270063261466226,0.3325243221967118,0.30489316616521034
材料,有色金属,地方国有企业,168150906000.0,0.09572599999999999,18806718398.979523,53450777862.14892,49034413433.66561,18806718398.979523,53450777862.14892,49034413433.66561,0.20757028824296386,0.4135998618402027,0.38733557023725823,0.11184428824296387,0.3178738618402027,0.29160957023725825
材料,有色金属,地方国有企业,170374158329.33,0.136069,-9017279255.890215,-2136130006.0369778,3506738727.253283,0.0,0.0,3506738727.253283,0.08314266807083509,0.12353112437975552,0.15665157403376176,-0.052926331929164905,-0.01253787562024447,0.020582574033761764
材料,有色金属,地方国有企业,182313000000.0,0.120837,6718211353.686023,24185810562.97969,26784335660.819324,6718211353.686023,24185810562.97969,26784335660.819324,0.15768687550907518,0.25349792139880145,0.267751019630083,0.036849875509075175,0.13266092139880145,0.14691401963008302
材料,有色金属,地方国有企业,193127836000.0,0.094945,22950724622.660152,58731942186.328735,55093120457.20314,22950724622.660152,58731942186.328735,55093120457.20314,0.21378195845201803,0.39905415071988243,0.38021263204245265,0.11883695845201803,0.3041091507198824,0.28526763204245265
材料,有色金属,地方国有企业,208595000000.0,0.24570799999999998,-21872959707.61552,194033350.76975667,3206559620.306299,0.0,194033350.76975667,3206559620.306299,0.1408494956848653,0.2466381917628407,0.26108017872099665,-0.10485850431513469,0.0009301917628407042,0.015372178720996665
材料,有色金属,地方国有企业,218691169000.0,0.09261100000000001,24500790713.246178,68020800927.55653,63174915411.01037,24500790713.246178,68020800927.55653,63174915411.01037,0.20464474523662718,0.4036468833353556,0.381488304464957,0.11203374523662717,0.3110358833353556,0.288877304464957
材料,有色金属,地方国有企业,306044000000.0,0.25056100000000003,-32847236363.144123,-568781495.2290201,4446476120.902236,0.0,0.0,4446476120.902236,0.1432325231694001,0.24870250417838935,0.26508987859556876,-0.10732847683059993,-0.001858495821610684,0.014528878595568728
材料,有色金属,地方国有企业,343005706012.0,0.215012,-26466694737.60538,5274684664.587361,11839161712.05272,0.0,5274684664.587361,11839161712.05272,0.1378509082930316,0.2303898335815872,0.2495279322557699,-0.07716109170696842,0.015377833581587202,0.034515932255769904
材料,有色金属,地方国有企业,396610730026.0,0.25921299999999997,-53265246034.20412,-19310933462.677914,-10906806548.767818,0.0,0.0,0.0,0.12491192844121414,0.21052310837399182,0.2317129710722581,-0.13430107155878585,-0.04868989162600815,-0.027500028927741865
材料,有色金属,地方国有企业,512005142450.0,0.318309,-102273465703.88957,-53396553580.65909,-44498520062.93172,0.0,0.0,0.0,0.11855814356426192,0.21401990375157015,0.23139870091589027,-0.1997508564357381,-0.10428909624842986,-0.08691029908410974
材料,钢铁Ⅱ,中央国有企业,72585012817.0,0.363352,-5968061386.033013,-5881976479.787391,-4703597869.49322,0.0,0.0,0.0,0.2811303242791514,0.2823163116187508,0.29855077331492874,-0.0822216757208486,-0.0810356883812492,-0.06480122668507127
材料,钢铁Ⅱ,中央国有企业,77440955872.0,0.224814,-2462782402.5293555,6071233473.872569,6430736315.393337,0.0,6071233473.872569,6430736315.393337,0.19301193383490747,0.3032122248864224,0.3078545079971188,-0.03180206616509254,0.0783982248864224,0.08304050799711876
材料,钢铁Ⅱ,中央国有企业,84876296225.0,0.260083,-9648189395.949244,-6074780319.220523,-4502460647.125646,0.0,0.0,0.0,0.1464094559710205,0.18851083451439982,0.2070356729207175,-0.1136735440289795,-0.07157216548560019,-0.0530473270792825
材料,钢铁Ⅱ,中央国有企业,90774617316.0,0.205711,-4162238986.8202252,1756835749.7532685,2971620586.3719263,0.0,1756835749.7532685,2971620586.3719263,0.15985854575796393,0.22506482160452917,0.2384472502232014,-0.04585245424203607,0.01935382160452917,0.032736250223201396
材料,钢铁Ⅱ,中央国有企业,110322568610.71,0.140293,387813257.86996734,6560207590.03487,8426153106.607904,387813257.86996734,6560207590.03487,8426153106.607904,0.14380826675596564,0.19975687645472218,0.21667041953181737,0.0035152667559656403,0.059463876454722175,0.07637741953181737
材料,钢铁Ⅱ,中央国有企业,111043379345.44,0.128882,2379895769.9195013,9211400972.823671,10973247631.448875,2379895769.9195013,9211400972.823671,10973247631.448875,0.15031412665129712,0.21183517584102268,0.22770146763627103,0.021432126651297123,0.08295317584102269,0.09881946763627103
材料,钢铁Ⅱ,中央国有企业,116506605547.44,0.152797,423794867.63648313,7443530451.100437,8927872910.86465,423794867.63648313,7443530451.100437,8927872910.86465,0.1564345179385337,0.21668634272116893,0.2294267573336246,0.003637517938533702,0.06388934272116895,0.07662975733362462
材料,钢铁Ⅱ,中央国有企业,339633000000.0,0.070026,18806661573.164116,58396710303.02248,56265959845.17588,18806661573.164116,58396710303.02248,56265959845.17588,0.12539948129647036,0.24196662503650257,0.23569294003579122,0.05537348129647035,0.17194062503650256,0.16566694003579122
材料,钢铁Ⅱ,中央国有企业,356225000000.0,0.069955,20118922292.496235,57661566539.76171,60126112625.84305,20118922292.496235,57661566539.76171,60126112625.84305,0.12643313121621513,0.23182338806866926,0.23874189767939658,0.05647813121621513,0.16186838806866927,0.16878689767939659
材料,钢铁Ⅱ,中央国有企业,363020038344.87,0.050873999999999996,29406084565.880272,66805939792.778786,70514106737.75552,29406084565.880272,66805939792.778786,70514106737.75552,0.13187802583822222,0.23490224289636863,0.2451170149565654,0.08100402583822222,0.18402824289636863,0.1942430149565654
材料,钢铁Ⅱ,中央国有企业,364873528314.28,0.036729,35230147281.69141,71935910563.9395,75752036074.3569,35230147281.69141,71935910563.9395,75752036074.3569,0.13328340734342964,0.2338819995510616,0.24434076187357906,0.09655440734342964,0.19715299955106158,0.20761176187357905
材料,钢铁Ⅱ,中央国有企业,376051483588.01,0.060484,29269610827.253036,65351066409.142136,68666790179.73464,29269610827.253036,65351066409.142136,68666790179.73464,0.13831805226322652,0.2342662326496621,0.24308343964205653,0.07783405226322651,0.17378223264966208,0.18259943964205652
材料,钢铁Ⅱ,中央国有企业,380398000000.0,0.12593500000000002,195316959.38412225,35609616587.43728,39623142002.02548,195316959.38412225,35609616587.43728,39623142002.02548,0.12644845422264084,0.21954647163612134,0.23009732998602908,0.000513454222640819,0.09361147163612132,0.10416232998602906
材料,钢铁Ⅱ,中央国有企业,398249000000.0,0.063217,30213777982.47644,72145254919.92473,75355174379.32222,30213777982.47644,72145254919.92473,75355174379.32222,0.13908355078224036,0.2443731483391665,0.25243322999510914,0.07586655078224036,0.18115614833916652,0.18921622999510915
材料,钢铁Ⅱ,地方国有企业,144222000000.0,0.007696,8729330874.53449,18603089805.074505,20256240271.63561,8729330874.53449,18603089805.074505,20256240271.63561,0.06822304077418487,0.13668526519584048,0.1481478053531057,0.060527040774184866,0.12898926519584047,0.1404518053531057
材料,钢铁Ⅱ,地方国有企业,146722000000.0,-0.013555999999999999,13882638729.615526,27189238057.057106,27917940688.77345,13882638729.615526,27189238057.057106,27917940688.77345,0.0810626579355211,0.17175525568801614,0.17672180897734113,0.0946186579355211,0.18531125568801615,0.19027780897734115
材料,钢铁Ⅱ,地方国有企业,147087000000.0,0.012701,8875105019.350569,17348426037.469784,18150704209.4176,8875105019.350569,17348426037.469784,18150704209.4176,0.07304015314984036,0.13064769846736818,0.13610214496466444,0.060339153149840355,0.11794669846736817,0.12340114496466444
材料,钢铁Ⅱ,地方国有企业,147968000000.0,0.053052999999999996,2259491778.1109457,12155642993.900843,13887051659.870354,2259491778.1109457,12155642993.900843,13887051659.870354,0.06832313799004477,0.13520348519883246,0.14690472239856153,0.015270137990044778,0.08215048519883247,0.09385172239856154
材料,钢铁Ⅱ,地方国有企业,151673460592.94,0.007188,8738246117.893295,19628652076.27867,21442652704.75973,8738246117.893295,19628652076.27867,21442652704.75973,0.06480022882192243,0.1366018869090479,0.14856179486782692,0.057612228821922434,0.1294138869090479,0.14137379486782692
材料,钢铁Ⅱ,地方国有企业,151775636822.69,0.009885,9168955699.20442,21223069910.322613,22201262135.920326,9168955699.20442,21223069910.322613,22201262135.920326,0.07029624841344555,0.1497168620472415,0.15616185049252454,0.06041124841344555,0.1398318620472415,0.14627685049252453
材料,钢铁Ⅱ,地方国有企业,155125400366.74,0.005102,9729339468.455982,21084420630.089954,22852956170.617626,9729339468.455982,21084420630.089954,22852956170.617626,0.06782119005820031,0.14102055737515057,0.15242124054081257,0.06271919005820031,0.13591855737515057,0.14731924054081258
能源,煤炭Ⅱ,中央国有企业,272469000000.0,0.065577,8814318836.204576,-7072584051.328744,10129527151.707819,8814318836.204576,0.0,10129527151.707819,0.0979268043307847,0.03961961016361955,0.10275380599153598,0.0323498043307847,-0.02595738983638045,0.037176805991535986
能源,煤炭Ⅱ,中央国有企业,281574000000.0,0.054136,14826136992.359552,2449577080.3929353,19632794978.15334,14826136992.359552,2449577080.3929353,19632794978.15334,0.10679049577148299,0.06283558547448605,0.12386116985997761,0.05265449577148299,0.00869958547448605,0.06972516985997762
能源,煤炭Ⅱ,中央国有企业,321329000000.0,0.13738799999999998,-6579165252.959384,-23995887314.360065,-2930042656.197733,0.0,0.0,0.0,0.11691314322404953,0.0627109950786886,0.12826948702358723,-0.020474856775950456,-0.07467700492131138,-0.009118512976412751
能源,煤炭Ⅱ,中央国有企业,339616000000.0,0.16159300000000001,-5864975138.733759,-20525549137.4342,674387422.3569305,0.0,0.0,674387422.3569305,0.1443235688226298,0.10115547898381055,0.16357873513131577,-0.017269431177370204,-0.06043752101618946,0.0019857351313157523
能源,煤炭Ⅱ,中央国有企业,349155327000.0,0.147113,-5594698058.946041,-19276503805.03895,1864934196.8329198,0.0,0.0,1864934196.8329198,0.13108947801333404,0.091904036211116,0.15245427379025472,-0.016023521986665956,-0.055208963788884,0.00534127379025473
能源,煤炭Ⅱ,中央国有企业,357794496000.0,0.122846,-369246257.2712729,-16602091994.107113,5684256456.28598,0.0,0.0,5684256456.28598,0.1218139934672017,0.07644480551626173,0.13873293096130238,-0.0010320065327982936,-0.046401194483738264,0.01588693096130238
能源,煤炭Ⅱ,中央国有企业,370517742000.0,0.092908,9156951579.922056,-6188509622.820227,16601423986.64979,9156951579.922056,0.0,16601423986.64979,0.11762193550682401,0.07620566993230725,0.1377140162977291,0.024713935506824006,-0.016702330067692756,0.04480601629772911
能源,煤炭Ⅱ,中央国有企业,562904000000.0,0.099542,15095000116.19862,4097685850.327341,35889226584.21234,15095000116.19862,4097685850.327341,35889226584.21234,0.12635829570263957,0.10682154651295309,0.16329927758945104,0.02681629570263956,0.007279546512953081,0.06375727758945103
能源,煤炭Ⅱ,中央国有企业,563083000000.0,0.121282,5946627626.908679,-15765672568.033047,18294605952.88199,5946627626.908679,0.0,18294605952.88199,0.13184283672728297,0.09328315690220972,0.1537720697639282,0.010560836727282974,-0.027998843097790285,0.03249006976392821
能源,煤炭Ⅱ,中央国有企业,610597000000.0,0.138684,-6159395703.776989,-27791521358.112995,12272860093.87855,0.0,0.0,12272860093.87855,0.1285965025118417,0.09316867424813258,0.15878377136127192,-0.010087497488158292,-0.045515325751867425,0.020099771361271918
能源,煤炭Ⅱ,中央国有企业,625178000000.0,0.187659,-27874811128.414677,-46210382890.22937,-6909460050.495609,0.0,0.0,0.0,0.1430720005719736,0.11374343852754036,0.17660701152552455,-0.04458699942802638,-0.07391556147245963,-0.011051988474475444
能源,煤炭Ⅱ,中央国有企业,631777000000.0,0.128749,6623408057.382251,-12164781480.79171,28413042211.685425,6623408057.382251,0.0,28413042211.685425,0.1392327752203424,0.10949413399381157,0.17372221398481652,0.010483775220342384,-0.019254866006188434,0.04497321398481652
能源,煤炭Ⅱ,中央国有企业,633412000000.0,0.159881,-10574515446.839235,-30645411654.58511,10889685508.711462,0.0,0.0,10889685508.711462,0.14318647029920614,0.11149951740323026,0.1770731048365226,-0.016694529700793853,-0.048381482596769734,0.017192104836522615
能源,煤炭Ⅱ,中央国有企业,661436000000.0,0.148422,-4666514323.929375,-24832891687.717056,17826441935.99932,0.0,0.0,17826441935.99932,0.14136687399547443,0.11087809297389761,0.17537312140252317,-0.007055126004525569,-0.037543907026102386,0.026951121402523176
能源,煤炭Ⅱ,地方国有企业,65113270693.0,0.08498599999999999,2456689760.715107,-4337837411.389398,-52820092.498792574,2456689760.715107,0.0,0.0,0.12271547871560709,0.01836613333961218,0.0841747968161232,0.0377294787156071,-0.06661986666038781,-0.0008112031838767852
能源,煤炭Ⅱ,地方国有企业,70497875041.0,0.201847,-6055072588.314072,-13420249598.512644,-8660088972.901043,0.0,0.0,0.0,0.11595685671848158,0.01148311185858119,0.0790051559321536,-0.08589014328151842,-0.1903638881414188,-0.1228418440678464
能源,煤炭Ⅱ,地方国有企业,70610618879.0,0.09989,1529421649.6236334,-5548330600.196894,-984212208.7607769,1529421649.6236334,0.0,0.0,0.12154993831953925,0.021313566479361383,0.08595141364590862,0.021659938319539246,-0.07857643352063862,-0.013938586354091384
能源,煤炭Ⅱ,地方国有企业,93603512358.87,0.191651,-5025723952.926233,-9839434682.029009,-4820423058.597726,0.0,0.0,0.0,0.13795938281305167,0.08653277917613567,0.14015268613207027,-0.053691617186948315,-0.10511822082386432,-0.05149831386792972
能源,煤炭Ⅱ,地方国有企业,95737794132.0,0.38567599999999996,-24893779266.156796,-32362491556.69478,-26594976189.87734,0.0,0.0,0.0,0.1256556027070134,0.04764344086170939,0.10788626783624138,-0.26002039729298654,-0.33803255913829056,-0.2777897321637586
能源,煤炭Ⅱ,地方国有企业,108847567597.08,0.033287,8225834792.511138,-3887404368.1340194,4269074501.3430824,8225834792.511138,0.0,4269074501.3430824,0.10885905892703668,-0.0024272052317051984,0.07250766974565637,0.07557205892703668,-0.035714205231705196,0.03922066974565637
能源,煤炭Ⅱ,地方国有企业,109949187629.7,0.084156,4615194190.151009,-1912583178.3879476,4181520985.5029984,4615194190.151009,0.0,4181520985.5029984,0.12613170068179685,0.06676084484133367,0.1221873950075377,0.04197570068179686,-0.017395155158666326,0.0380313950075377
能源,煤炭Ⅱ,地方国有企业,126684000000.0,0.213801,-12591099863.151163,-19035302301.43383,-12206683625.33606,0.0,0.0,0.0,0.11441118073986326,0.06354285926057093,0.1174456305347474,-0.09938981926013674,-0.15025814073942906,-0.0963553694652526
能源,煤炭Ⅱ,地方国有企业,148912000000.0,0.231661,-15599337237.26886,-22030325566.713707,-13732419511.881992,0.0,0.0,0.0,0.12690559252935385,0.08371909090796105,0.13944264612736387,-0.10475540747064616,-0.14794190909203897,-0.09221835387263613
能源,煤炭Ⅱ,地方国有企业,185407000000.0,0.271687,-24798793960.43958,-33047236344.56958,-21895623617.35639,0.0,0.0,0.0,0.13793372228966772,0.09344542150204913,0.1535920865536016,-0.1337532777103323,-0.1782415784979509,-0.11809491344639841
能源,煤炭Ⅱ,地方国有企业,193901834023.3,0.221275,-15377514128.934296,-20124569764.669094,-8641048460.091967,0.0,0.0,0.0,0.1419693337777482,0.1174875868172508,0.1767109632356359,-0.0793056662222518,-0.1037874131827492,-0.0445640367643641
能源,煤炭Ⅱ,地方国有企业,210761000000.0,0.176815,-19096484166.923874,-30896978028.333393,-19021084984.710667,0.0,0.0,0.0,0.08620770468955892,0.030217773623519573,0.08656545200625036,-0.09060729531044108,-0.14659722637648043,-0.09024954799374964
能源,煤炭Ⅱ,地方国有企业,215260000000.0,0.37351300000000004,-47654247484.58693,-53728445253.04621,-41221598748.844635,0.0,0.0,0.0,0.15213305256625978,0.12391509396522252,0.18201621123829498,-0.22137994743374026,-0.24959790603477752,-0.19149678876170506
能源,煤炭Ⅱ,地方国有企业,228552861117.95,0.24861799999999998,-25007295574.17151,-28756427431.847206,-15603135641.353827,0.0,0.0,0.0,0.13920219373159404,0.12279840933205913,0.18034873587864003,-0.10941580626840594,-0.12581959066794085,-0.06826926412135995
能源,煤炭Ⅱ,地方国有企业,236269289914.48,0.17881,-9276050046.957994,-13878014235.347273,-106519732.40087955,0.0,0.0,0.0,0.13954950173416295,0.12007187859467239,0.17835915963712662,-0.03926049826583705,-0.05873812140532761,-0.00045084036287337814
能源,煤炭Ⅱ,地方国有企业,273009000000.0,0.11280699999999999,-7869020768.275366,-23262215047.29512,-7382436007.280969,0.0,0.0,0.0,0.08398369832029212,0.02760023008657178,0.08576600132493445,-0.02882330167970787,-0.08520676991342821,-0.027040998675065542
能源,煤炭Ⅱ,地方国有企业,301959000000.0,0.26773800000000003,-59729075750.60971,-73328612158.33205,-57015796595.342445,0.0,0.0,0.0,0.06993274911955033,0.024895057221900864,0.07891833708105261,-0.1978052508804497,-0.24284294277809917,-0.18881966291894742
能源,煤炭Ⅱ,地方国有企业,308604000000.0,0.38366700000000004,-90871989562.99908,-111110438546.3252,-91921127655.25252,0.0,0.0,0.0,0.08920552327578687,0.023624879527403435,0.0858058975669385,-0.2944614767242132,-0.3600421204725966,-0.2978611024330615
能源,煤炭Ⅱ,地方国有企业,356350370000.0,0.193195,-38268133951.026955,-59568368786.26137,-37490224519.65876,0.0,0.0,0.0,0.08580593246226473,0.026032640139783327,0.08798892284717212,-0.10738906753773528,-0.16716235986021669,-0.10520607715282788
能源,煤炭Ⅱ,地方国有企业,414317629000.0,0.20117200000000002,-38052098421.42751,-58353760939.77939,-33161387478.79604,0.0,0.0,0.0,0.10932918241758063,0.06032894420094449,0.12113343741497412,-0.09184281758241938,-0.14084305579905554,-0.0800385625850259
能源,煤炭Ⅱ,地方国有企业,451972364000.0,0.131251,-20269625439.375134,-51464517067.76749,-21761694835.990383,0.0,0.0,0.0,0.08640395391075033,0.017384486985130183,0.08310271357957102,-0.04484704608924968,-0.11386651301486983,-0.04814828642042898
能源,石油石化,中央国有企业,73311708000.0,0.008183000000000001,10207447377.949053,1113000804.9275444,8438743893.593064,10207447377.949053,1113000804.9275444,8438743893.593064,0.14741652294491697,0.023364760666762047,0.1232907245887255,0.13923352294491698,0.015181760666762046,0.11510772458872551
能源,石油石化,中央国有企业,75942308000.0,0.071851,5459633520.361121,-2551613012.184048,4385303551.331509,5459633520.361121,0.0,4385303551.331509,0.14374285664940709,0.03825163912484661,0.12959619720063695,0.07189185664940709,-0.03359936087515339,0.05774519720063695
能源,石油石化,中央国有企业,76101838000.0,0.07022400000000001,4969850291.294478,-4164260210.8816605,3041494970.8273387,4969850291.294478,0.0,3041494970.8273387,0.13552925966133011,0.015504425278537168,0.11019011712357511,0.0653052596613301,-0.05471957472146284,0.039966117123575104
能源,石油石化,中央国有企业,77184090000.0,0.06082,6418170919.195231,-1725120535.9285235,5474572245.998418,6418170919.195231,0.0,5474572245.998418,0.14397406606718083,0.03846927284977353,0.13174876583760226,0.08315406606718083,-0.02235072715022647,0.07092876583760226
能源,石油石化,中央国有企业,82947663000.0,0.073431,7009858188.778362,-2935812126.816233,5538915668.167895,7009858188.778362,0.0,5538915668.167895,0.15794041154036326,0.03803745157879573,0.14020703042496682,0.08450941154036326,-0.03539354842120426,0.06677603042496683
能源,石油石化,中央国有企业,83245834000.0,0.074425,6422930073.854094,-2514437972.7923603,5423325360.885672,6422930073.854094,0.0,5423325360.885672,0.1515811742519643,0.044220029348947844,0.13957330953445277,0.07715617425196429,-0.03020497065105216,0.06514830953445276
能源,石油石化,中央国有企业,84462835000.0,0.085022,5715216330.458577,-1255404682.1181023,6274468962.100807,5715216330.458577,0.0,6274468962.100807,0.1526874570079086,0.07015860260020751,0.15930874353756663,0.06766545700790859,-0.014863397399792491,0.07428674353756663
能源,石油石化,中央国有企业,721275000000.0,0.056596,41533906572.0924,-29520072468.54817,47030238262.6619,41533906572.0924,0.0,47030238262.6619,0.11418000966634419,0.01566837535122087,0.12180030940024526,0.05758400966634419,-0.04092762464877913,0.06520430940024527
能源,石油石化,中央国有企业,757731000000.0,0.14105399999999998,-19633011905.33332,-90797546155.98788,-10770303673.18138,0.0,0.0,0.0,0.11514373381670628,0.021225794270014156,0.12684011186135793,-0.0259102661832937,-0.11982820572998583,-0.01421388813864205
能源,石油石化,中央国有企业,786569000000.0,0.153769,-39360813221.74882,-119940193932.9199,-34937760077.074585,0.0,0.0,0.0,0.1037278552031051,0.0012837203450429546,0.1093510785244847,-0.05004114479689489,-0.15248527965495703,-0.04441792147551529
能源,石油石化,中央国有企业,929031000000.0,0.26287099999999997,-137534908492.58234,-227300855678.1802,-127724348932.38324,0.0,0.0,0.0,0.11482975219171118,0.018206553196631517,0.12538974379608078,-0.14804124780828878,-0.24466444680336846,-0.13748125620391918
能源,石油石化,中央国有企业,1005598000000.0,0.19599,-68033615164.43947,-153020745925.5424,-46997726464.70289,0.0,0.0,0.0,0.1283351168713149,0.04382109560128164,0.1492539022107215,-0.06765488312868509,-0.15216890439871836,-0.04673609778927851
能源,石油石化,中央国有企业,1056281000000.0,0.19508199999999998,-72831574326.23828,-158107054421.2681,-47861429058.316315,0.0,0.0,0.0,0.12613105387274948,0.045399240941313826,0.14977073428726226,-0.0689509461272505,-0.14968275905868617,-0.04531126571273772
能源,石油石化,中央国有企业,1098559000000.0,0.157495,-35819708552.63681,-119418619272.1273,-4808404571.611056,0.0,0.0,0.0,0.12488891461665981,0.0487902155759251,0.15311798923261194,-0.032606085383340186,-0.1087047844240749,-0.0043770107673880565
能源,石油石化,中央国有企业,1733810000000.0,0.044735,328892171374.5244,412281487759.9506,522691556865.85736,328892171374.5244,412281487759.9506,522691556865.85736,0.23442831782290124,0.2825243124159802,0.34620491704157746,0.18969331782290125,0.2377893124159802,0.30146991704157744
能源,石油石化,中央国有企业,1755070000000.0,0.07896600000000001,277177374184.3671,379320536437.01086,487614836008.05334,277177374184.3671,379320536437.01086,487614836008.05334,0.23689552656268248,0.2950944372913963,0.3567981297771903,0.15792952656268247,0.21612843729139627,0.2778321297771903
能源,石油石化,中央国有企业,1889260000000.0,0.094974,201977073593.60986,210017335484.33902,345719049573.2789,201977073593.60986,210017335484.33902,345719049573.2789,0.20188203467686283,0.20613780777888646,0.27796577962444496,0.10690803467686283,0.11116380777888646,0.18299177962444496
能源,石油石化,中央国有企业,1948640000000.0,0.084872,273898502213.2625,313443284287.2404,445607490534.90045,273898502213.2625,313443284287.2404,445607490534.90045,0.22543080111937686,0.2457243299774409,0.3135481487678075,0.14055880111937685,0.1608523299774409,0.2286761487678075
能源,石油石化,中央国有企业,2024696000000.0,0.073452,325426193744.9914,405241774747.31555,539914113948.7526,325426193744.9914,405241774747.31555,539914113948.7526,0.23418042231376535,0.2736014420630631,0.34011628636632496,0.16072842231376533,0.20014944206306307,0.26666428636632494
能源,石油石化,中央国有企业,2081440000000.0,0.060462999999999996,360756324916.0134,403974061312.792,549587368030.06836,360756324916.0134,403974061312.792,549587368030.06836,0.2337835496752313,0.2545469329083673,0.32450489793127274,0.1733205496752313,0.19408393290836728,0.26404189793127275
能源,石油石化,中央国有企业,2153485000000.0,0.039526,394456669511.8206,436939823991.26935,587034386233.7755,394456669511.8206,436939823991.26935,587034386233.7755,0.22269731046272467,0.2424249400860788,0.31212338806343,0.18317131046272467,0.20289894008607878,0.27259738806343
能源,石油石化,中央国有企业,2488130000000.0,0.015545,432399511986.5861,369355904895.02655,571836144059.5427,432399511986.5861,369355904895.02655,571836144059.5427,0.18932993566919176,0.16399218921239106,0.24537066990452377,0.17378493566919176,0.14844718921239106,0.22982566990452377
能源,石油石化,中央国有企业,2502260000000.0,0.07436899999999999,241542055218.68454,155735667680.799,366611793342.972,241542055218.68454,155735667680.799,366611793342.972,0.1708985593658071,0.13660700391677882,0.2208812702448874,0.09652955936580712,0.062238003916778833,0.14651227024488742
能源,石油石化,中央国有企业,2673490000000.0,0.113472,226001065450.4402,174682776519.87842,392693177641.1001,226001065450.4402,174682776519.87842,392693177641.1001,0.19800609792086007,0.17881085539870298,0.2603561019196257,0.08453409792086007,0.06533885539870297,0.1468841019196257
能源,石油石化,中央国有企业,2732910000000.0,0.037376,416972814764.8177,376504412657.2482,589572912157.9498,416972814764.8177,376504412657.2482,589572912157.9498,0.1899506602576805,0.17514285388733922,0.2531068188553409,0.15257466025768052,0.13776685388733922,0.21573081885534093
能源,石油石化,中央国有企业,2752448000000.0,0.114471,274164978959.572,271545854781.72928,483917893292.9728,274164978959.572,271545854781.72928,483917893292.9728,0.21407868703335067,0.2131271253043579,0.2902846369126584,0.09960768703335067,0.0986561253043579,0.1758136369126584
能源,石油石化,中央国有企业,2752751000000.0,0.111224,252293049060.93152,227023079199.04617,448273111820.6426,252293049060.93152,227023079199.04617,448273111820.6426,0.20287524236116217,0.19369534564624485,0.2740694995822879,0.09165124236116216,0.08247134564624485,0.1628454995822879
能源,石油石化,中央国有企业,2827777000000.0,0.101464,278489324402.4401,257167371662.46875,483739773044.39355,278489324402.4401,257167371662.46875,483739773044.39355,0.19994748168983625,0.19240729986504196,0.27253115736226496,0.09848348168983626,0.09094329986504196,0.17106715736226497
通讯服务,传媒,地方国有企业,17078206150.0,0.160336,940743362.1410173,1026916634.695468,1186765158.975832,940743362.1410173,1026916634.695468,1186765158.975832,0.21542043649633644,0.22046624000740664,0.2298260359295541,0.05508443649633643,0.06013024000740663,0.0694900359295541
通讯服务,传媒,地方国有企业,19265699803.0,0.20464300000000002,-691586939.9077494,-670285538.174915,-513706209.86118364,0.0,0.0,0.0,0.1687456826443098,0.1698513472166145,0.17797870983073294,-0.03589731735569021,-0.03479165278338553,-0.02666429016926708
通讯服务,传媒,地方国有企业,26110751405.0,0.153449,58001402.21650891,398195947.5986428,440381301.31462085,58001402.21650891,398195947.5986428,440381301.31462085,0.15567036089907402,0.16869926765497034,0.1703148992031264,0.0022213608990740152,0.01525026765497034,0.016865899203126394
通讯服务,传媒,地方国有企业,29049673557.0,0.101902,1406290272.4642596,1727900553.184044,1911809888.3119,1406290272.4642596,1727900553.184044,1911809888.3119,0.150311847694326,0.16138289398642064,0.16771375119096021,0.048409847694326005,0.05948089398642063,0.06581175119096021
通讯服务,传媒,地方国有企业,31422386654.49,0.176273,-1367149195.0523973,-1260776913.373611,-1005248734.1520869,0.0,0.0,0.0,0.13276423632507264,0.13614947509921224,0.1442815174558679,-0.04350876367492737,-0.04012352490078777,-0.031991482544132116
通讯服务,传媒,地方国有企业,32530165142.43,0.062042,2101647111.2435074,2697242434.0713305,2861227519.229778,2101647111.2435074,2697242434.0713305,2861227519.229778,0.12664810027774714,0.14495711654680296,0.14999813261421163,0.06460610027774714,0.08291511654680296,0.08795613261421163
通讯服务,传媒,地方国有企业,33171867484.43,0.053520000000000005,2047173846.7772472,3272941869.922599,3259031660.9606657,2047173846.7772472,3272941869.922599,3259031660.9606657,0.11523415726709196,0.15218619271461975,0.15176685518505612,0.06171415726709196,0.09866619271461974,0.0982468551850561
通讯服务,电信服务,中央国有企业,18157405439.0,0.042381,1019627441.4025415,48949600.38811001,886868600.8777835,1019627441.4025415,48949600.38811001,886868600.8777835,0.09853590852082314,0.045076847738409365,0.0912243550628821,0.05615490852082314,0.0026958477384093626,0.04884335506288209
通讯服务,电信服务,中央国有企业,18289285775.0,0.042714,1088556197.4771812,-591557350.5389974,659110821.9612329,1088556197.4771812,0.0,659110821.9612329,0.1022327920878327,0.010369524780108733,0.07875208426801363,0.0595187920878327,-0.03234447521989127,0.03603808426801362
通讯服务,电信服务,中央国有企业,19108303143.0,0.048521999999999996,996014395.0242926,-735973917.6155514,593240570.6092948,996014395.0242926,0.0,593240570.6092948,0.10064669090376376,0.01000607777981255,0.07956821934086378,0.05212469090376376,-0.038515922220187446,0.03104621934086378
通讯服务,电信服务,中央国有企业,22406144635.9,0.027825000000000003,1328990350.0414193,-1003868952.387315,954150073.1609436,1328990350.0414193,0.0,954150073.1609436,0.08713865576887596,-0.016978288057815927,0.0704093039338489,0.059313655768875956,-0.04480328805781593,0.04258430393384889
通讯服务,电信服务,中央国有企业,22412943899.49,0.029298,1386467627.4805484,-568901427.4160002,1057530892.9142394,1386467627.4805484,0.0,1057530892.9142394,0.09115813018629369,0.003915282318323859,0.07648193521425373,0.06186013018629369,-0.02538271768167614,0.04718393521425372
通讯服务,电信服务,中央国有企业,22428111563.0,0.06791900000000001,728853363.2601893,-1166325290.9608734,297308600.79052824,728853363.2601893,0.0,297308600.79052824,0.10041631308018772,0.015916169191677376,0.08117506928409447,0.03249731308018772,-0.05200283080832263,0.013256069284094465
通讯服务,电信服务,中央国有企业,22655663962.77,0.022941,1588330971.2176871,-690660749.7160692,1076557157.5070512,1588330971.2176871,0.0,1076557157.5070512,0.09304845630001345,-0.007544125081791045,0.07045923470175737,0.07010745630001344,-0.030485125081791044,0.04751823470175737
通讯服务,电信服务,中央国有企业,564231000000.0,0.03515,9887856879.40332,46100808951.993546,60907698256.767555,9887856879.40332,46100808951.993546,60907698256.767555,0.052674483552664284,0.11685555845388422,0.14309815998548034,0.017524483552664283,0.08170555845388422,0.10794815998548034
通讯服务,电信服务,中央国有企业,582475000000.0,0.037942000000000004,8702512115.108744,44536584922.03493,60254819898.39845,8702512115.108744,44536584922.03493,60254819898.39845,0.05288257618800592,0.11440293810384125,0.14138819064920977,0.014940576188005913,0.07646093810384125,0.10344619064920976
通讯服务,电信服务,中央国有企业,593284000000.0,0.042472,6309092850.072958,43692145319.21404,59353367718.383865,6309092850.072958,43692145319.21404,59353367718.383865,0.05310618674711093,0.11611657042363194,0.1425140839233552,0.010634186747110926,0.07364457042363193,0.1000420839233552
通讯服务,电信服务,中央国有企业,644687000000.0,0.048088,4904827328.777313,42120719609.344315,60837645199.66382,4904827328.777313,42120719609.344315,60837645199.66382,0.0556960754362618,0.11342314652745333,0.1424557244921393,0.007608075436261803,0.06533514652745334,0.09436772449213932
通讯服务,电信服务,中央国有企业,662844796563.0,0.05212,2232064511.435612,39786057863.34694,59587960101.55205,2232064511.435612,39786057863.34694,59587960101.55205,0.05548740142339409,0.1121431880368476,0.14201730387947387,0.0033674014233940897,0.0600231880368476,0.08989730387947387
通讯服务,电信服务,中央国有企业,671056308815.0,0.05474300000000001,891756194.9571207,40764606408.6048,60793457630.23415,891756194.9571207,40764606408.6048,60793457630.23415,0.05607188430261814,0.11548992372774187,0.14533667571938585,0.0013288843026181343,0.06074692372774187,0.09059367571938584
通讯服务,电信服务,中央国有企业,672836701609.0,0.055725,-436412029.3147327,36082874131.23127,57080616668.55482,0.0,36082874131.23127,57080616668.55482,0.05507638492256574,0.10935298141799317,0.1405607655461631,-0.0006486150774342586,0.05362798141799317,0.0848357655461631
通讯服务,电信服务,中央国有企业,703131000000.0,0.058993000000000004,4268088050.0049334,36925470498.98374,60185517031.30947,4268088050.0049334,36925470498.98374,60185517031.30947,0.06506311787277895,0.11150877657503899,0.14458944935482787,0.006070117872778946,0.05251577657503899,0.08559644935482787
通讯服务,电信服务,中央国有企业,715096000000.0,0.058243,3225349079.6260624,35639934873.81026,59129323875.151,3225349079.6260624,35639934873.81026,59129323875.151,0.06275337214531485,0.10808237104082564,0.14093025300540207,0.004510372145314842,0.04983937104082564,0.08268725300540207
通讯服务,电信服务,中央国有企业,762234000000.0,0.065514,-1232114119.5856123,32955497823.140453,58437747438.50441,0.0,32955497823.140453,58437747438.50441,0.06389754872705021,0.10874940779227961,0.1421804140388705,-0.0016164512729497926,0.043235407792279607,0.07666641403887049
通讯服务,电信服务,中央国有企业,807698000000.0,0.064113,2913764650.664285,53139722655.89539,76208292713.49806,2913764650.664285,53139722655.89539,76208292713.49806,0.06772049271468332,0.12990457390001633,0.15846545935176026,0.0036074927146833163,0.06579157390001633,0.09435245935176026
通讯服务,电信服务,中央国有企业,835814000000.0,0.06959,-594393746.8917359,48582461068.22699,73330394220.9551,0.0,48582461068.22699,73330394220.9551,0.06887884447150713,0.12771592403121626,0.15732530261631786,-0.0007111555284928656,0.05812592403121626,0.08773530261631786
通讯服务,电信服务,中央国有企业,866625000000.0,0.07374399999999999,-3587615331.9429693,48179768567.14629,73577634031.33513,0.0,48179768567.14629,73577634031.33513,0.06960424482106681,0.1293387134771629,0.15864535183191705,-0.004139755178933183,0.055594713477162896,0.08490135183191706
通讯服务,电信服务,中央国有企业,870644000000.0,0.07267699999999999,-3346331846.2259536,48184826990.37545,73858803360.93768,0.0,48184826990.37545,73858803360.93768,0.06883348663951516,0.12802089140725192,0.15750938081344118,-0.0038435133604848293,0.05534389140725193,0.08483238081344119
通讯服务,电信服务,中央国有企业,1629240000000.0,0.098917,-45675488633.959335,40108817619.87433,89471801855.57457,0.0,40108817619.87433,89471801855.57457,0.07088215637109369,0.12353511496150005,0.15383328112222544,-0.02803484362890632,0.024618114961500043,0.054916281122225435
通讯服务,电信服务,中央国有企业,1727880000000.0,0.095746,-45540917197.26034,45830393425.59803,96725345425.3994,0.0,45830393425.59803,96725345425.3994,0.06938947223345351,0.12227006036622799,0.15172520308435736,-0.026356527766546484,0.026524060366227994,0.05597920308435736
通讯服务,电信服务,中央国有企业,1841330000000.0,0.098628,-57772805116.73299,46230104936.350334,96815722374.3871,0.0,46230104936.350334,96815722374.3871,0.06725241544061467,0.12373490910176357,0.15120723477833256,-0.03137558455938533,0.02510690910176358,0.05257923477833257
通讯服务,电信服务,中央国有企业,1935540000000.0,0.100219,-67033743100.87276,51139371080.33947,100553121360.57854,0.0,51139371080.33947,100553121360.57854,0.06558590375767344,0.12664024217548564,0.1521699394590546,-0.034633096242326564,0.026421242175485637,0.0519509394590546
通讯服务,电信服务,中央国有企业,1992657000000.0,0.09985799999999999,-74699051687.549,82550215665.8114,120661077576.50243,0.0,82550215665.8114,120661077576.50243,0.062370840048463425,0.14128520782644047,0.1604108586086328,-0.037487159951536564,0.04142720782644048,0.06055285860863281
通讯服务,电信服务,中央国有企业,2108127000000.0,0.101233,-80476692337.30983,95125043759.66118,130983196980.60907,0.0,95125043759.66118,130983196980.60907,0.06305850086531323,0.14635601382206156,0.16336549817520912,-0.038174499134686776,0.04512301382206156,0.06213249817520912
通讯服务,电信服务,中央国有企业,2128182000000.0,0.097213,-76381029232.5571,111339512139.7627,141696235076.98843,0.0,111339512139.7627,141696235076.98843,0.061322728757898945,0.14952972485706706,0.16379388221636515,-0.03589027124210105,0.052316724857067065,0.06658088221636516
