firm_id,firm_name,市场,企业所有制性质,一级行业,二级行业,行业全路径,year,FirmSize,MarketShare,HHI,AssetTurnover,WorkingCapitalRatio,FixedAssetsRatio,FinancialLeverage,CurrentRatio,CapexRatio,资产总计,营业收入,EBI_A,归母净利润,利息支出,_row_type,"('FirmSize', 'FirmSize', '')","('MarketShare', 'MarketShare', '二级行业')","('HHI', 'HHI', '二级行业')","('AssetTurnover', 'AssetTurnover', '')","('WorkingCapitalRatio', 'WorkingCapitalRatio', '')","('FixedAssetsRatio', 'FixedAssetsRatio', '')","('FinancialLeverage', 'FinancialLeverage', '')","('CurrentRatio', 'CurrentRatio', '')","('CapexRatio', 'CapexRatio', '')",benchmark_group,ROA,ROE,FirmSize_lag,MarketShare_lag,HHI_lag,AssetTurnover_lag,WorkingCapitalRatio_lag,FixedAssetsRatio_lag,FinancialLeverage_lag,CurrentRatio_lag,CapexRatio_lag,is_soe,benchmark,predicted_EBI_A,actual_EBI_A,return_gap_pred_minus_actual,implied_gap_amount,positive_gap_amount,_support_flag,_support_violations,_support_detail,market_A
000338.SZ,潍柴动力,CSI,地方国有企业,工业,机械,工业--机械--机械Ⅲ--建筑机械与重型卡车,2019,,,,,,,,,,236832000000.0,,0.043652595,9104955354.0,1233361936.0,target_year,,,,,,,,,,SOE_target,0.065675,0.21540600000000001,26.04762303,0.282812533,0.247583643,0.806533158,0.094937857,0.157359438,0.696704841,1.219918367,0.017944605,True,H_nonSOE,0.17017415427383242,0.21540600000000001,-0.04523184572616759,-10712348487.019722,0.0,1,0,,
000338.SZ,潍柴动力,CSI,地方国有企业,工业,机械,工业--机械--机械Ⅲ--建筑机械与重型卡车,2020,,,,,,,,,,270750000000.0,,0.03821291,9207129174.0,1139022760.0,target_year,,,,,,,,,,SOE_target,0.049421999999999994,0.190967,26.19061549,0.268327209,0.225950341,0.788770512,0.085749984,0.133965754,0.705382629,1.191810837,0.022775325,True,H_nonSOE,0.16579575239306857,0.190967,-0.02517124760693143,-6815115289.576685,0.0,1,0,,
000338.SZ,潍柴动力,CSI,地方国有企业,工业,机械,工业--机械--机械Ⅲ--建筑机械与重型卡车,2021,,,,,,,,,,277044000000.0,,0.037294307,9254488226.0,1077691525.0,target_year,,,,,,,,,,SOE_target,0.048954000000000004,0.151577,26.32446235,0.25835455,0.195497669,0.778164528,0.106379349,0.135804241,0.70292418,1.232815663,0.021294992,True,H_nonSOE,0.16209525219615972,0.151577,0.010518252196159733,2914018661.432877,2914018661.432877,1,0,,
000338.SZ,潍柴动力,CSI,地方国有企业,工业,机械,工业--机械--机械Ⅲ--建筑机械与重型卡车,2022,,,,,,,,,,293666000000.0,,0.021474462,4905013042.0,1401308298.0,target_year,,,,,,,,,,SOE_target,0.017967999999999998,0.068082,26.34744371,0.254850756,0.187780789,0.743153385,0.163353204,0.141573837,0.628356843,1.392227376,0.021697149,True,H_nonSOE,0.16568863914094187,0.068082,0.09760663914094186,28663751289.963833,28663751289.963833,1,0,,
000338.SZ,潍柴动力,CSI,地方国有企业,工业,机械,工业--机械--机械Ⅲ--建筑机械与重型卡车,2023,,,,,,,,,,334247213024.91,,0.037006,9013894024.19,3355408336.47,target_year,,,,,,,,,,SOE_target,0.0436,0.1182,26.405709,0.236485,0.187488,0.613823,0.165976,0.156214,0.645479,1.407052,0.022594,True,H_nonSOE,0.13978802678416388,0.1182,0.021588026784163883,7215737787.313888,7215737787.313888,1,0,,
000338.SZ,潍柴动力,CSI,地方国有企业,工业,机械,工业--机械--机械Ⅲ--建筑机械与重型卡车,2024,,,,,,,,,,343879412547.54,,0.044369,11403288984.59,3854441561.78,target_year,,,,,,,,,,SOE_target,0.051303999999999995,0.137363,26.535147,0.262731,0.188674,0.681491,0.154706,0.154158,0.662867,1.353656,0.02154,True,H_nonSOE,0.15070743263661487,0.137363,0.013344432636614861,4588875655.859339,4588875655.859339,1,0,,
000338.SZ,潍柴动力,CSI,地方国有企业,工业,机械,工业--机械--机械Ⅲ--建筑机械与重型卡车,2025,,,,,,,,,,367475596673.66,,0.039619,10930504451.02,3628593475.52,target_year,,,,,,,,,,SOE_target,0.045776000000000004,0.121527,26.563557,0.255562,0.187309,0.636136,0.086979,0.156461,0.645345,1.193169,0.021402,True,H_nonSOE,0.15301645286667745,0.121527,0.03148945286667745,11571605481.10939,11571605481.10939,1,0,,
000408.SZ,藏格矿业,CSI,地方国有企业,材料,化工,材料--化工--农用化工--化肥与农用药剂,2019,,,,,,,,,,9643558999.0,,0.028576293,308259358.9,-32682195.98,target_year,,,,,,,,,,SOE_target,0.042816,0.040185000000000005,22.96242767,0.009303695,0.192081294,0.288100092,0.251399299,0.47683991,0.207795813,2.229038205,0.030171161,True,H_nonSOE,0.05480267159144665,0.040185000000000005,0.014617671591446647,140966378.42012197,140966378.42012197,1,0,,
000408.SZ,藏格矿业,CSI,地方国有企业,材料,化工,材料--化工--农用化工--化肥与农用药剂,2020,,,,,,,,,,8677638571.0,,0.02458924,228887517.0,-15510979.86,target_year,,,,,,,,,,SOE_target,0.033561,0.028929999999999997,22.98955607,0.006921733,0.180537484,0.196181882,0.103305111,0.403406845,0.18011321,1.583993588,0.011820166,True,H_nonSOE,0.07705801634005521,0.028929999999999997,0.048128016340055216,417637530.9381814,417637530.9381814,1,0,,
000408.SZ,藏格矿业,CSI,地方国有企业,材料,化工,材料--化工--农用化工--化肥与农用药剂,2021,,,,,,,,,,10624520306.0,,0.133385912,1427339931.0,-10178605.37,target_year,,,,,,,,,,SOE_target,0.17562,0.164337,22.88401527,0.005915643,0.203999831,0.192045977,0.179732617,0.415528525,0.087639638,3.123556858,0.009274747,True,H_nonSOE,0.05802340759609939,0.164337,-0.10631359240390062,-1129530921.2990494,0.0,1,0,,
000408.SZ,藏格矿业,CSI,地方国有企业,材料,化工,材料--化工--农用化工--化肥与农用药剂,2022,,,,,,,,,,13536459913.0,,0.415613537,5654872861.0,-28936882.64,target_year,,,,,,,,,,SOE_target,0.5457569999999999,0.524145,23.0864304,0.006422482,0.197245037,0.352733449,0.144177782,0.304820178,0.110191234,2.373728083,0.005833331,True,H_nonSOE,0.10843209886779716,0.524145,-0.41571290113220283,-5627281021.492996,0.0,1,0,,
000408.SZ,藏格矿业,CSI,地方国有企业,材料,化工,材料--化工--农用化工--化肥与农用药剂,2023,,,,,,,,,,14091584562.19,,0.241369,3419880869.14,-18613040.56,target_year,,,,,,,,,,SOE_target,0.279883,0.271619,23.328653,0.010818,0.212868,0.647059,0.261908,0.230172,0.104367,3.56622,0.009877,True,H_nonSOE,0.13572154917399348,0.271619,-0.13589745082600652,-1915010420.1007283,0.0,1,0,,
000408.SZ,藏格矿业,CSI,地方国有企业,材料,化工,材料--化工--农用化工--化肥与农用药剂,2024,,,,,,,,,,15083281912.76,,0.171245,2579985938.8,2947153.55,target_year,,,,,,,,,,SOE_target,0.18587800000000002,0.191658,23.368844,0.006021,0.215825,0.357037,0.156713,0.208682,0.073898,3.360255,0.022977,True,H_nonSOE,0.10140308303807771,0.191658,-0.09025491696192228,-1361340356.5494182,0.0,1,0,,
000408.SZ,藏格矿业,CSI,地方国有企业,材料,化工,材料--化工--农用化工--化肥与农用药剂,2025,,,,,,,,,,17692154203.25,,0.2181,3852353240.98,6312248.81,target_year,,,,,,,,,,SOE_target,0.247846,0.255897,23.436853,0.003488,0.213171,0.19862,0.083802,0.174457,0.081966,2.536757,0.009784,True,H_nonSOE,0.10291608328447183,0.255897,-0.15298091671552816,-2706561968.68567,0.0,1,0,,
000425.SZ,徐工机械,CSI,地方国有企业,工业,机械,工业--机械--机械Ⅲ--建筑机械与重型卡车,2019,,,,,,,,,,77291657089.0,,0.051322633,3620572465.0,346238850.7,target_year,,,,,,,,,,SOE_target,0.05873300000000001,0.114355,24.83822776,0.078480399,0.247583643,0.796135572,0.30446409,0.129199699,0.504643767,1.690507246,0.029202569,True,H_nonSOE,0.15774133986623157,0.114355,0.04338633986623157,3353402103.2875805,3353402103.2875805,1,0,,
000425.SZ,徐工机械,CSI,地方国有企业,工业,机械,工业--机械--机械Ⅲ--建筑机械与重型卡车,2020,,,,,,,,,,91797176722.0,,0.049729124,3728859646.0,836133538.3,target_year,,,,,,,,,,SOE_target,0.060702,0.11150700000000001,25.07085186,0.090656285,0.225950341,0.850417672,0.304295183,0.108165675,0.564685381,1.637343394,0.030445106,True,H_nonSOE,0.16068385556245046,0.11150700000000001,0.04917685556245045,4514296500.698533,4514296500.698533,1,0,,
000425.SZ,徐工机械,CSI,地方国有企业,工业,机械,工业--机械--机械Ⅲ--建筑机械与重型卡车,2021,,,,,,,,,,110029000000.0,,0.056573361,5614606146.0,610110237.7,target_year,,,,,,,,,,SOE_target,0.059959,0.160106,25.24284738,0.096405963,0.195497669,0.871666513,0.21018586,0.097334006,0.627759186,1.379569973,0.022362833,True,H_nonSOE,0.1666170582009074,0.160106,0.006511058200907388,716405222.787639,716405222.787639,1,0,,
000425.SZ,徐工机械,CSI,地方国有企业,工业,机械,工业--机械--机械Ⅲ--建筑机械与重型卡车,2022,,,,,,,,,,175086000000.0,,0.023397377,4307097070.0,-210553267.2,target_year,,,,,,,,,,SOE_target,0.033686,0.096036,25.42401078,0.105236552,0.187780789,0.832912081,0.200299799,0.087174384,0.662187887,1.349125606,0.029744056,True,H_nonSOE,0.1564097445706674,0.096036,0.060373744570667395,10570597441.899872,10570597441.899872,1,0,,
000425.SZ,徐工机械,CSI,地方国有企业,工业,机械,工业--机械--机械Ⅲ--建筑机械与重型卡车,2023,,,,,,,,,,161994607612.63,,0.037362,5326470288.96,726008158.72,target_year,,,,,,,,,,SOE_target,0.037995,0.097377,25.888541,0.126116,0.187488,0.655251,0.186019,0.124798,0.687841,1.337335,0.045609,True,H_nonSOE,0.1211839647721838,0.097377,0.02380696477218379,3856599916.7176185,3856599916.7176185,1,0,,
000425.SZ,徐工机械,CSI,地方国有企业,工业,机械,工业--机械--机械Ⅲ--建筑机械与重型卡车,2024,,,,,,,,,,160969811609.42,,0.049144,5976118332.51,1934545872.81,target_year,,,,,,,,,,SOE_target,0.052740999999999996,0.10352399999999999,25.810829,0.113471,0.188674,0.548277,0.152436,0.157001,0.64513,1.285921,0.036833,True,H_nonSOE,0.11555142913171287,0.10352399999999999,0.012027429131712883,1936053001.4774728,1936053001.4774728,1,0,,
000425.SZ,徐工机械,CSI,地方国有企业,工业,机械,工业--机械--机械Ⅲ--建筑机械与重型卡车,2025,,,,,,,,,,172078712755.41,,0.042356,6572221644.27,716429463.03,target_year,,,,,,,,,,SOE_target,0.047889,0.109748,25.804483,0.108112,0.187309,0.565044,0.175762,0.164311,0.624391,1.354563,0.018254,True,H_nonSOE,0.12393898456505487,0.109748,0.014190984565054868,2441966356.6865335,2441966356.6865335,1,0,,
000568.SZ,泸州老窖,CSI,地方国有企业,日常消费,食品饮料,日常消费--食品饮料--饮料--白酒与葡萄酒,2019,,,,,,,,,,28919969078.0,,0.165338765,4641988857.0,139603113.8,target_year,,,,,,,,,,SOE_target,0.228967,0.25525400000000004,23.84143384,0.017142738,0.118716357,0.540578094,0.44587553,0.178256904,0.242456715,2.861142238,0.064962944,True,H_nonSOE,0.1854419722614139,0.25525400000000004,-0.06981202773858614,-2018961683.4723892,0.0,0,1,HHI_lag,
000568.SZ,泸州老窖,CSI,地方国有企业,日常消费,食品饮料,日常消费--食品饮料--饮料--白酒与葡萄酒,2020,,,,,,,,,,35009203823.0,,0.167763823,6005723069.0,-132445202.7,target_year,,,,,,,,,,SOE_target,0.248369,0.282744,24.08779817,0.018063993,0.109737598,0.537257752,0.329414591,0.303398139,0.323832921,2.403646532,0.159240357,True,H_nonSOE,0.14816078392758525,0.282744,-0.13458321607241475,-4711651242.634017,0.0,0,1,HHI_lag,
000568.SZ,泸州老窖,CSI,地方国有企业,日常消费,食品饮料,日常消费--食品饮料--饮料--白酒与葡萄酒,2021,,,,,,,,,,43211782006.0,,0.179086999,7955554352.0,-216885999.2,target_year,,,,,,,,,,SOE_target,0.269773,0.31128,24.27887683,0.015909988,0.106852675,0.45141465,0.346826668,0.254154299,0.337834988,2.56721691,0.061238482,True,H_nonSOE,0.16479522114016162,0.31128,-0.14648477885983838,-6329868331.288453,0.0,0,1,HHI_lag,
000568.SZ,泸州老窖,CSI,地方国有企业,日常消费,食品饮料,日常消费--食品饮料--饮料--白酒与葡萄酒,2022,,,,,,,,,,51385481355.0,,0.196145022,10365383282.0,-286376927.5,target_year,,,,,,,,,,SOE_target,0.292921,0.33303400000000005,24.48937903,0.017126059,0.106913309,0.454541962,0.36166986,0.216331324,0.3488521,2.42764762,0.04580695,True,H_nonSOE,0.17563946357758317,0.33303400000000005,-0.15739453642241688,-8087794016.712971,0.0,0,1,HHI_lag,
000568.SZ,泸州老窖,CSI,地方国有企业,日常消费,食品饮料,日常消费--食品饮料--饮料--白酒与葡萄酒,2023,,,,,,,,,,63294455201.6,,0.203418,13246394700.59,-371152206.41,target_year,,,,,,,,,,SOE_target,0.310533,0.350437,24.662622,0.017707,0.105461,0.456665,0.445643,0.188035,0.331936,3.149763,0.020145,True,H_nonSOE,0.17646103529900564,0.350437,-0.17397596470099436,-11011713903.92223,0.0,0,1,HHI_lag,
000568.SZ,泸州老窖,CSI,地方国有企业,日常消费,食品饮料,日常消费--食品饮料--饮料--白酒与葡萄酒,2024,,,,,,,,,,68334595564.58,,0.190013,13472986476.01,-488521059.32,target_year,,,,,,,,,,SOE_target,0.269193,0.303514,24.871064,0.020627,0.100594,0.455183,0.557514,0.163232,0.343833,4.503939,0.023724,True,H_nonSOE,0.1518629481546514,0.303514,-0.1516510518453486,-10363013294.795052,0.0,0,1,HHI_lag,
000568.SZ,泸州老窖,CSI,地方国有企业,日常消费,食品饮料,日常消费--食品饮料--饮料--白酒与葡萄酒,2025,,,,,,,,,,64794994851.27,,0.159252,10830713936.14,-511995793.73,target_year,,,,,,,,,,SOE_target,0.212454,0.222926,24.947682,0.020702,0.097008,0.401773,0.535297,0.145444,0.304774,3.562096,0.01739,True,H_nonSOE,0.17244479230978454,0.222926,-0.05048120769021547,-3270929592.3734026,0.0,0,1,HHI_lag,
000596.SZ,古井贡酒,CSI,地方国有企业,日常消费,食品饮料,日常消费--食品饮料--饮料--白酒与葡萄酒,2019,,,,,,,,,,13871297363.0,,0.1536396,2097527740.0,33652843.25,target_year,,,,,,,,,,SOE_target,0.210201,0.253537,23.24978844,0.011090336,0.118716357,0.65369115,0.377977266,0.148466803,0.358129813,2.099445101,0.024566017,True,H_nonSOE,0.1970973637207185,0.253537,-0.0564396362792815,-782890977.8894767,0.0,0,1,HHI_lag,
000596.SZ,古井贡酒,CSI,地方国有企业,日常消费,食品饮料,日常消费--食品饮料--饮料--白酒与葡萄酒,2020,,,,,,,,,,15186625709.0,,0.104943641,1854576249.0,-260836456.1,target_year,,,,,,,,,,SOE_target,0.170269,0.195348,23.3530876,0.011516279,0.109737598,0.668964823,0.452659503,0.137446251,0.32002361,2.478278192,0.029725347,True,H_nonSOE,0.1983925663218936,0.195348,0.0030445663218935937,46236689.176824816,46236689.176824816,0,1,HHI_lag,
000596.SZ,古井贡酒,CSI,地方国有企业,日常消费,食品饮料,日常消费--食品饮料--饮料--白酒与葡萄酒,2021,,,,,,,,,,25418086448.0,,0.08237594,2297894413.0,-204055657.1,target_year,,,,,,,,,,SOE_target,0.156203,0.1729,23.44368099,0.009556143,0.106852675,0.596517194,0.463047649,0.13676234,0.311970217,2.566970606,0.03698101,True,H_nonSOE,0.18700988566172388,0.1729,0.014109885661723887,358646293.5210934,358646293.5210934,0,1,HHI_lag,
000596.SZ,古井贡酒,CSI,地方国有企业,日常消费,食品饮料,日常消费--食品饮料--饮料--白酒与葡萄酒,2022,,,,,,,,,,29789822299.0,,0.098249854,3143144732.0,-216299053.1,target_year,,,,,,,,,,SOE_target,0.161951,0.17931,23.95872682,0.010826289,0.106913309,0.553532359,0.496127525,0.119922437,0.321236832,2.642086497,0.022745779,True,H_nonSOE,0.19022562656692296,0.17931,0.010915626566922965,325174575.71087855,325174575.71087855,0,1,HHI_lag,
000596.SZ,古井贡酒,CSI,地方国有企业,日常消费,食品饮料,日常消费--食品饮料--饮料--白酒与葡萄酒,2023,,,,,,,,,,35420907274.99,,0.12498,4589164052.8,-162244024.88,target_year,,,,,,,,,,SOE_target,0.194206,0.229194,24.117433,0.011386,0.105461,0.503159,0.413555,0.17444,0.351025,2.230925,0.053046,True,H_nonSOE,0.17707585325413766,0.229194,-0.05211814674586235,-1846072043.229512,0.0,0,1,HHI_lag,
000596.SZ,古井贡酒,CSI,地方国有企业,日常消费,食品饮料,日常消费--食品饮料--饮料--白酒与葡萄酒,2024,,,,,,,,,,40522413702.09,,0.127545,5517251073.1,-348824206.45,target_year,,,,,,,,,,SOE_target,0.196114,0.238933,24.290568,0.013596,0.100594,0.527626,0.369823,0.211931,0.367202,2.055674,0.067221,True,H_nonSOE,0.17817786784082718,0.238933,-0.06075513215917283,-2461944599.8791537,0.0,0,1,HHI_lag,
000596.SZ,古井贡酒,CSI,地方国有企业,日常消费,食品饮料,日常消费--食品饮料--饮料--白酒与葡萄酒,2025,,,,,,,,,,38197033001.78,,0.07919,3549108530.34,-524281825.11,target_year,,,,,,,,,,SOE_target,0.11585100000000001,0.14279999999999998,24.425121,0.015531,0.097008,0.522432,0.357908,0.220514,0.365936,2.013605,0.059903,True,H_nonSOE,0.182784952047217,0.14279999999999998,0.039984952047217026,1527306532.9221394,1527306532.9221394,0,1,HHI_lag,
000625.SZ,长安汽车,CSI,中央国有企业,可选消费,汽车与零配件,可选消费--汽车与零配件--汽车--汽车制造,2019,,,,,,,,,,97617053590.0,,-0.0267024,-2646719357.0,40109729.93,target_year,,,,,,,,,,SOE_target,-0.025617,-0.058638,25.26110806,0.042976766,0.376606004,0.641161065,0.000570269,0.294632963,0.506327012,1.001235261,0.069402175,True,H_nonSOE,0.0892228189082325,-0.058638,0.1478608189082325,14433737483.226217,14433737483.226217,1,0,,
000625.SZ,长安汽车,CSI,中央国有企业,可选消费,汽车与零配件,可选消费--汽车与零配件--汽车--汽车制造,2020,,,,,,,,,,120916000000.0,,0.025753678,3324251164.0,-210224449.6,target_year,,,,,,,,,,SOE_target,0.021840000000000002,0.068233,25.30431804,0.048553106,0.369422071,0.712769049,0.003824706,0.293691446,0.54993447,1.007583405,0.049004987,True,H_nonSOE,0.09752714461297515,0.068233,0.02929414461297515,3542130790.0225034,3542130790.0225034,1,0,,
000625.SZ,长安汽车,CSI,中央国有企业,可选消费,汽车与零配件,可选消费--汽车与零配件--汽车--汽车制造,2021,,,,,,,,,,135405000000.0,,0.020468578,3552463320.0,-780923197.2,target_year,,,,,,,,,,SOE_target,0.023718,0.065097,25.51836032,0.060899463,0.324255792,0.744393964,0.085155696,0.227305221,0.557706229,1.164501984,0.02448023,True,H_nonSOE,0.10818684112232199,0.065097,0.04308984112232199,5834579937.168009,5834579937.168009,1,0,,
000625.SZ,长安汽车,CSI,中央国有企业,可选消费,汽车与零配件,可选消费--汽车与零配件--汽车--汽车制造,2022,,,,,,,,,,146049000000.0,,0.046430759,7798451094.0,-1017305743.0,target_year,,,,,,,,,,SOE_target,0.047546,0.131518,25.63153334,0.066552035,0.289774151,0.789398213,0.111028195,0.168281819,0.587412612,1.197534901,0.014842728,True,H_nonSOE,0.11502235778811017,0.131518,-0.01649564221188983,-2409172049.404298,0.0,1,0,,
000625.SZ,长安汽车,CSI,中央国有企业,可选消费,汽车与零配件,可选消费--汽车与零配件--汽车--汽车制造,2023,,,,,,,,,,190171127138.27,,0.054846,11327463013.15,-897343739.8,target_year,,,,,,,,,,SOE_target,0.057652,0.168174,25.707205,0.065149,0.236564,0.832473,0.151505,0.141971,0.568987,1.276767,0.00962,True,H_nonSOE,0.12495309796666734,0.168174,-0.04322090203333265,-8219367655.611615,0.0,1,0,,
000625.SZ,长安汽车,CSI,中央国有企业,可选消费,汽车与零配件,可选消费--汽车与零配件--汽车--汽车制造,2024,,,,,,,,,,208168160960.86,,0.030682,7321363897.24,-934377313.05,target_year,,,,,,,,,,SOE_target,0.029237000000000003,0.098651,25.97119,0.069643,0.222276,0.871688,0.145635,0.115204,0.607284,1.268265,0.01485,True,H_nonSOE,0.124480941619092,0.098651,0.025829941619091995,5376971444.572759,5376971444.572759,1,0,,
000625.SZ,长安汽车,CSI,中央国有企业,可选消费,汽车与零配件,可选消费--汽车与零配件--汽车--汽车制造,2025,,,,,,,,,,202961073175.76,,0.008243,4075223181.54,-2402254178.2,target_year,,,,,,,,,,SOE_target,0.007078999999999999,0.052954999999999995,26.061612,0.066776,0.204324,0.780152,0.110542,0.112265,0.620112,1.202997,0.023385,True,H_nonSOE,0.10913046359230297,0.052954999999999995,0.05617546359230297,11401432376.839645,11401432376.839645,1,0,,
000630.SZ,铜陵有色,CSI,地方国有企业,材料,有色金属,材料--有色金属--其他金属与采矿--铜,2019,,,,,,,,,,47911462040.0,,0.034936129,830519538.9,843321498.5,target_year,,,,,,,,,,SOE_target,0.044438000000000005,0.045825,24.57311927,0.107375707,0.167062795,1.778891139,0.047947434,0.423232636,0.585335866,1.105669994,0.039954446,True,H_nonSOE,0.3189829682098472,0.045825,0.27315796820984717,13087397624.80962,13087397624.80962,1,0,,
000630.SZ,铜陵有色,CSI,地方国有企业,材料,有色金属,材料--有色金属--其他金属与采矿--铜,2020,,,,,,,,,,52183190515.0,,0.0300009,865617570.2,699925112.8,target_year,,,,,,,,,,SOE_target,0.040757,0.046484,24.5926206,0.100133945,0.15478921,1.952838717,0.040641048,0.064143716,0.582373514,1.089014302,0.048908307,True,H_nonSOE,0.3732506127533293,0.046484,0.3267666127533293,17051724407.24821,17051724407.24821,1,0,,
000630.SZ,铜陵有色,CSI,地方国有企业,材料,有色金属,材料--有色金属--其他金属与采矿--铜,2021,,,,,,,,,,50840423322.0,,0.073934839,3101437394.0,657441101.1,target_year,,,,,,,,,,SOE_target,0.087515,0.152663,24.67802626,0.089422838,0.159708925,1.980398677,0.062694728,0.395146684,0.604078218,1.133379498,0.029110604,True,H_nonSOE,0.3481028743439807,0.152663,0.1954398743439807,9936245945.646465,9936245945.646465,1,0,,
000630.SZ,铜陵有色,CSI,地方国有企业,材料,有色金属,材料--有色金属--其他金属与采矿--铜,2022,,,,,,,,,,61435721001.0,,0.048847359,2730365503.0,270607202.3,target_year,,,,,,,,,,SOE_target,0.071308,0.116014,24.65195761,0.087482568,0.168216562,2.535307153,0.122679783,0.331032316,0.539754531,1.271506553,0.028018459,True,H_nonSOE,0.3633873806751041,0.116014,0.24737338067510412,15197561998.229862,15197561998.229862,1,0,,
000630.SZ,铜陵有色,CSI,地方国有企业,材料,有色金属,材料--有色金属--其他金属与采矿--铜,2023,,,,,,,,,,78245124732.45,,0.044503,2699176213.13,782997513.28,target_year,,,,,,,,,,SOE_target,0.07719999999999999,0.09441000000000001,24.841257,0.070913,0.153058,2.163998,0.238003,0.307224,0.511933,1.604722,0.022351,True,H_nonSOE,0.36265014231425474,0.09441000000000001,0.26824014231425475,20988483393.629,20988483393.629,1,0,,
000630.SZ,铜陵有色,CSI,地方国有企业,材料,有色金属,材料--有色金属--其他金属与采矿--铜,2024,,,,,,,,,,80944491696.95,,0.041541,2808595667.89,553908195.56,target_year,,,,,,,,,,SOE_target,0.076154,0.08549,25.083112,0.078795,0.159476,1.954958,0.220046,0.360623,0.495217,1.716717,0.035157,True,H_nonSOE,0.35591269031929357,0.08549,0.27042269031929356,21889227211.216938,21889227211.216938,1,0,,
000630.SZ,铜陵有色,CSI,地方国有企业,材料,有色金属,材料--有色金属--其他金属与采矿--铜,2025,,,,,,,,,,100206269994.18,,0.026554,2415007111.01,245854206.4,target_year,,,,,,,,,,SOE_target,0.082262,0.068151,25.117029,0.0806,0.15747,1.812794,0.223788,0.367705,0.477954,1.762476,0.053808,True,H_nonSOE,0.33298415816406135,0.068151,0.26483315816406133,26537942950.399303,26537942950.399303,1,0,,
000661.SZ,长春高新,CSI,地方国有企业,医疗保健,医药生物,医疗保健--医药生物--生物科技Ⅲ--生物科技Ⅳ,2019,,,,,,,,,,12721347980.0,,0.140094925,1775009197.0,7187092.75,target_year,,,,,,,,,,SOE_target,0.25021,0.265335,22.96536241,0.01666701,0.277672488,0.629372512,0.384823425,0.183556495,0.327952407,2.243198051,0.072832591,True,H_nonSOE,0.0056379012785666704,0.265335,-0.2596970987214333,-3303697162.231766,0.0,1,0,,
000661.SZ,长春高新,CSI,地方国有企业,医疗保健,医药生物,医疗保健--医药生物--生物科技Ⅲ--生物科技Ⅳ,2020,,,,,,,,,,16844623212.0,,0.177002842,3046586145.0,-65039965.52,target_year,,,,,,,,,,SOE_target,0.264716,0.320434,23.26654736,0.019412895,0.276190471,0.652028363,0.434200445,0.186278313,0.307653964,2.717054693,0.066412897,True,H_nonSOE,0.009951258487772188,0.320434,-0.3104827415122278,-5229964794.602269,0.0,1,0,,
000661.SZ,长春高新,CSI,地方国有企业,医疗保健,医药生物,医疗保健--医药生物--生物科技Ⅲ--生物科技Ⅳ,2021,,,,,,,,,,22515769521.0,,0.168378138,3757472953.0,33690395.89,target_year,,,,,,,,,,SOE_target,0.229995,0.294649,23.54729735,0.021158132,0.256105921,0.572269824,0.452061369,0.161954607,0.268417314,3.196037951,0.065130959,True,H_nonSOE,0.005479819462702568,0.294649,-0.28916918053729745,-6510866621.554229,0.0,1,0,,
000661.SZ,长春高新,CSI,地方国有企业,医疗保健,医药生物,医疗保健--医药生物--生物科技Ⅲ--生物科技Ⅳ,2022,,,,,,,,,,26027589000.0,,0.160762835,4140524000.0,43745000.0,target_year,,,,,,,,,,SOE_target,0.19917300000000002,0.253845,23.83748177,0.022164402,0.230275265,0.539222704,0.455923984,0.189456247,0.234455712,3.719092909,0.099033871,True,H_nonSOE,-0.007783404044901826,0.253845,-0.26162840404490184,-6809556571.206643,0.0,1,0,,
000661.SZ,长春高新,CSI,地方国有企业,医疗保健,医药生物,医疗保健--医药生物--生物科技Ⅲ--生物科技Ⅳ,2023,,,,,,,,,,30743650000.0,,0.148622,4532484000.0,36691000.0,target_year,,,,,,,,,,SOE_target,0.190234,0.22592600000000002,23.982423,0.023321,0.212266,0.520244,0.441385,0.215704,0.200643,4.014785,0.080347,True,H_nonSOE,-0.0017935554692811578,0.22592600000000002,-0.2277195554692812,-7000930311.503166,0.0,1,0,,
000661.SZ,长春高新,CSI,地方国有企业,医疗保健,医药生物,医疗保健--医药生物--生物科技Ⅲ--生物科技Ⅳ,2024,,,,,,,,,,31051118000.0,,0.084386,2583059000.0,37225000.0,target_year,,,,,,,,,,SOE_target,0.098578,0.11461299999999999,24.148949,0.024278,0.216978,0.513149,0.434749,0.220367,0.185775,3.785057,0.068203,True,H_nonSOE,0.010055720749245295,0.11461299999999999,-0.1045572792507547,-3246620415.7741356,0.0,1,0,,
000661.SZ,长春高新,CSI,地方国有企业,医疗保健,医药生物,医疗保健--医药生物--生物科技Ⅲ--生物科技Ⅳ,2025,,,,,,,,,,30080522676.54,,0.005032,154971452.8,-3597720.1,target_year,,,,,,,,,,SOE_target,-0.000103,0.006886,24.158901,0.022221,0.230555,0.435818,0.413877,0.296122,0.159372,4.758913,0.070244,True,H_nonSOE,-0.01655535055255694,0.006886,-0.02344135055255694,-705128076.8649125,0.0,1,0,,
000708.SZ,中信特钢,CSI,中央国有企业,材料,钢铁Ⅱ,材料--钢铁Ⅱ--钢铁Ⅲ--钢铁Ⅳ,2019,,,,,,,,,,72585012817.0,,0.083513444,5386471751.0,675352668.3,target_year,,,,,,,,,,SOE_target,0.176222,0.363352,22.76161251,0.032712966,0.659924097,1.755051415,0.268473152,0.301352839,0.426450625,1.656608326,0.006238616,True,H_nonSOE,0.2823163116187508,0.363352,-0.0810356883812492,-5881976479.787391,0.0,1,0,,
000708.SZ,中信特钢,CSI,中央国有企业,材料,钢铁Ⅱ,材料--钢铁Ⅱ--钢铁Ⅲ--钢铁Ⅳ,2020,,,,,,,,,,77440955872.0,,0.081567321,6024490435.0,292160864.1,target_year,,,,,,,,,,SOE_target,0.100046,0.224814,25.0080243,0.169549802,0.517023931,1.795776839,-0.115890571,0.502585806,0.651765819,0.777849873,0.033710624,True,H_nonSOE,0.3032122248864224,0.224814,0.0783982248864224,6071233473.872569,6071233473.872569,1,0,,
000708.SZ,中信特钢,CSI,中央国有企业,材料,钢铁Ⅱ,材料--钢铁Ⅱ--钢铁Ⅲ--钢铁Ⅳ,2021,,,,,,,,,,84876296225.0,,0.099292685,7952600073.0,474995237.4,target_year,,,,,,,,,,SOE_target,0.117103,0.260083,25.07278162,0.17881253,0.51422962,0.990041735,-0.075179664,0.500365298,0.633460502,0.845073368,0.040993194,True,H_nonSOE,0.18851083451439982,0.260083,-0.07157216548560019,-6074780319.220523,0.0,1,0,,
000708.SZ,中信特钢,CSI,中央国有企业,材料,钢铁Ⅱ,材料--钢铁Ⅱ--钢铁Ⅲ--钢铁Ⅳ,2022,,,,,,,,,,90774617316.0,,0.084181709,7105382184.0,536180238.7,target_year,,,,,,,,,,SOE_target,0.10000999999999999,0.205711,25.16446069,0.177590042,0.499605416,1.192303635,-0.066566956,0.509734388,0.611580087,0.854053661,0.029734147,True,H_nonSOE,0.22506482160452917,0.205711,0.01935382160452917,1756835749.7532685,1756835749.7532685,1,0,,
000708.SZ,中信特钢,CSI,中央国有企业,材料,钢铁Ⅱ,材料--钢铁Ⅱ--钢铁Ⅲ--钢铁Ⅳ,2023,,,,,,,,,,116506605547.44,,0.05531,5721189483.5,722748724.28,target_year,,,,,,,,,,SOE_target,0.063282,0.152797,25.231646,0.182756,0.520062,1.113146,0.001558,0.489854,0.598595,1.00377,0.019696,True,H_nonSOE,0.21668634272116893,0.152797,0.06388934272116895,7443530451.100437,7443530451.100437,1,0,,
000708.SZ,中信特钢,CSI,中央国有企业,材料,钢铁Ⅱ,材料--钢铁Ⅱ--钢铁Ⅲ--钢铁Ⅳ,2024,,,,,,,,,,111043379345.44,,0.053478,5125627037.63,812782921.61,target_year,,,,,,,,,,SOE_target,0.052064000000000006,0.128882,25.481214,0.215568,0.490176,1.092959,0.014667,0.464756,0.642643,1.034493,0.017144,True,H_nonSOE,0.21183517584102268,0.128882,0.08295317584102269,9211400972.823671,9211400972.823671,1,0,,
000708.SZ,中信特钢,CSI,中央国有企业,材料,钢铁Ⅱ,材料--钢铁Ⅱ--钢铁Ⅲ--钢铁Ⅳ,2025,,,,,,,,,,110322568610.71,,0.060174,5928668055.97,709860550.13,target_year,,,,,,,,,,SOE_target,0.071372,0.140293,25.433187,0.218923,0.484294,0.954379,0.047169,0.470685,0.605304,1.124346,0.004975,True,H_nonSOE,0.19975687645472218,0.140293,0.059463876454722175,6560207590.03487,6560207590.03487,1,0,,
000725.SZ,京东方A,CSI,地方国有企业,信息技术,硬件设备,信息技术--硬件设备--电子设备、仪器和元件--电子元件,2019,,,,,,,,,,340412000000.0,,0.013054115,1918643871.0,2525136209.0,target_year,,,,,,,,,,SOE_target,0.006793,0.02121,26.44038726,0.083290852,0.161142974,0.34395235,0.123225909,0.607117725,0.604124939,1.602046183,0.179327091,True,H_nonSOE,0.018988799963044277,0.02121,-0.0022212000369557228,-756123146.9801714,0.0,1,0,,
000725.SZ,京东方A,CSI,地方国有企业,信息技术,硬件设备,信息技术--硬件设备--电子设备、仪器和元件--电子元件,2020,,,,,,,,,,424257000000.0,,0.018115872,5035627952.0,2650153972.0,target_year,,,,,,,,,,SOE_target,0.015936,0.050779,26.55342308,0.094918529,0.145048886,0.357514634,0.076584666,0.626190901,0.585626791,1.33262216,0.145164883,True,H_nonSOE,0.04242076043778768,0.050779,-0.008358239562212315,-3546041641.94551,0.0,0,1,FixedAssetsRatio_lag,
000725.SZ,京东方A,CSI,地方国有企业,信息技术,硬件设备,信息技术--硬件设备--电子设备、仪器和元件--电子元件,2021,,,,,,,,,,450233000000.0,,0.068181899,25830935500.0,4866778333.0,target_year,,,,,,,,,,SOE_target,0.087905,0.209698,26.77360478,0.096274649,0.129289002,0.351717326,0.056631111,0.630378658,0.591290624,1.228909006,0.104218327,True,H_nonSOE,0.05497791934261967,0.209698,-0.15472008065738033,-69660086074.61432,0.0,0,3,"FirmSize_lag, FixedAssetsRatio_lag, HHI_lag",
000725.SZ,京东方A,CSI,地方国有企业,信息技术,硬件设备,信息技术--硬件设备--电子设备、仪器和元件--电子元件,2022,,,,,,,,,,420562000000.0,,0.026448149,7550877790.0,3572211438.0,target_year,,,,,,,,,,SOE_target,0.004916,0.054093999999999996,26.83303018,0.123686202,0.108896372,0.498314997,0.128549125,0.57579366,0.517185639,1.559942897,0.079225595,True,H_nonSOE,0.09218205521522009,0.054093999999999996,0.038088055215220094,16018388677.423393,16018388677.423393,0,2,"FirmSize_lag, HHI_lag",
000725.SZ,京东方A,CSI,地方国有企业,信息技术,硬件设备,信息技术--硬件设备--电子设备、仪器和元件--电子元件,2023,,,,,,,,,,419187099795.0,,0.008821,2547435360.0,1150310546.0,target_year,,,,,,,,,,SOE_target,0.004366,0.019188,26.764858,0.093694,0.117158,0.406843,0.134489,0.592952,0.519571,1.660217,0.069902,True,H_nonSOE,0.07614297809823593,0.019188,0.05695497809823594,23874792087.887268,23874792087.887268,0,2,"FirmSize_lag, HHI_lag",
000725.SZ,京东方A,CSI,地方国有企业,信息技术,硬件设备,信息技术--硬件设备--电子设备、仪器和元件--电子元件,2024,,,,,,,,,,429978221541.0,,0.015228,5323248974.0,1224387370.0,target_year,,,,,,,,,,SOE_target,0.014862,0.040579000000000004,26.761583,0.090613,0.108206,0.413005,0.126493,0.572636,0.528137,1.588068,0.059181,True,H_nonSOE,0.07955368877024163,0.040579000000000004,0.03897468877024163,16758267362.542479,16758267362.542479,0,2,"FirmSize_lag, HHI_lag",
000725.SZ,京东方A,CSI,地方国有企业,信息技术,硬件设备,信息技术--硬件设备--电子设备、仪器和元件--电子元件,2025,,,,,,,,,,436378322803.0,,0.017631,5856966754.0,1836646802.0,target_year,,,,,,,,,,SOE_target,0.020478999999999997,0.043803999999999996,26.787,0.087283,0.114376,0.464184,0.065413,0.546687,0.524287,1.244021,0.079162,True,H_nonSOE,0.09020827505638192,0.043803999999999996,0.04640427505638192,20249819719.99303,20249819719.99303,0,2,"FirmSize_lag, HHI_lag",
000768.SZ,中航西飞,CSI,中央国有企业,工业,国防军工,工业--国防军工--航空航天与国防Ⅲ--航空航天,2019,,,,,,,,,,48762673248.0,,0.012683797,568852605.8,49643225.99,target_year,,,,,,,,,,SOE_target,0.013455,0.034902,24.59232877,0.388396049,0.285442207,0.753242655,0.236234078,0.115521522,0.596783173,1.405193657,0.017350223,True,H_nonSOE,0.14352507573620443,0.034902,0.10862307573620443,5296751549.317294,5296751549.317294,1,0,,
000768.SZ,中航西飞,CSI,中央国有企业,工业,国防军工,工业--国防军工--航空航天与国防Ⅲ--航空航天,2020,,,,,,,,,,58460327428.0,,0.012833044,777376665.7,-27152717.86,target_year,,,,,,,,,,SOE_target,0.018278000000000003,0.048807,24.61023096,0.366640164,0.279462147,0.708764482,0.205304523,0.096630721,0.659529328,1.32864265,0.014818499,True,H_nonSOE,0.1275122372647331,0.048807,0.0787052372647331,4601133940.7947235,4601133940.7947235,1,0,,
000768.SZ,中航西飞,CSI,中央国有企业,工业,国防军工,工业--国防军工--航空航天与国防Ⅲ--航空航天,2021,,,,,,,,,,71989049045.0,,0.009441759,652910969.4,26792284.69,target_year,,,,,,,,,,SOE_target,0.012112000000000001,0.042059,24.7916142,0.332759455,0.273615357,0.622793812,0.084209641,0.168720078,0.738183945,1.129117964,0.018325985,True,H_nonSOE,0.10093377462780262,0.042059,0.05887477462780262,4238339038.1942043,4238339038.1942043,1,0,,
000768.SZ,中航西飞,CSI,中央国有企业,工业,国防军工,工业--国防军工--航空航天与国防Ⅲ--航空航天,2022,,,,,,,,,,82173551967.0,,0.004895149,523352485.0,-121100735.1,target_year,,,,,,,,,,SOE_target,0.007887,0.032837,24.99977985,0.287896095,0.271325141,0.499998192,0.051283057,0.131025938,0.781332402,1.06932487,0.009251516,True,H_nonSOE,0.08171575919934007,0.032837,0.04887875919934007,4016541259.149451,4016541259.149451,1,0,,
000768.SZ,中航西飞,CSI,中央国有企业,工业,国防军工,工业--国防军工--航空航天与国防Ⅲ--航空航天,2023,,,,,,,,,,80920781039.43,,0.007502,860970264.62,-253872238.01,target_year,,,,,,,,,,SOE_target,0.012524,0.048262,25.132099,0.286581,0.272876,0.482254,0.039442,0.108782,0.803657,1.050589,0.010648,True,H_nonSOE,0.07915177725549763,0.048262,0.03088977725549763,2499624901.6488886,2499624901.6488886,1,0,,
000768.SZ,中航西飞,CSI,中央国有企业,工业,国防军工,工业--国防军工--航空航天与国防Ⅲ--航空航天,2024,,,,,,,,,,73810707203.02,,0.012074,1023435524.55,-132241221.51,target_year,,,,,,,,,,SOE_target,0.01374,0.050454,25.116737,0.247662,0.247277,0.490449,0.034391,0.111253,0.75847,1.044253,0.014477,True,H_nonSOE,0.08402400140448409,0.050454,0.03357000140448409,2477825544.4713454,2477825544.4713454,1,0,,
000768.SZ,中航西飞,CSI,中央国有企业,工业,国防军工,工业--国防军工--航空航天与国防Ⅲ--航空航天,2025,,,,,,,,,,77846648435.6,,0.013604,1151240411.01,-92184233.18,target_year,,,,,,,,,,SOE_target,0.016361,0.053258,25.02477,0.267949,0.253215,0.554655,0.03727,0.126676,0.71516,1.050416,0.019016,True,H_nonSOE,0.09985427429668292,0.053258,0.04659627429668292,3627363783.58266,3627363783.58266,1,0,,
000786.SZ,北新建材,CSI,中央国有企业,材料,建材Ⅱ,材料--建材Ⅱ--建材Ⅲ--建材Ⅳ,2019,,,,,,,,,,21463592266.0,,0.021954556,441144299.5,30079335.77,target_year,,,,,,,,,,SOE_target,0.034527999999999996,0.031249,23.60851566,0.082164854,0.736746816,0.728133542,0.186426406,0.552409337,0.193719088,2.443171724,0.087405108,True,H_nonSOE,0.15288677045067361,0.031249,0.12163777045067362,2610783509.098562,2610783509.098562,1,0,,
000786.SZ,北新建材,CSI,中央国有企业,材料,建材Ⅱ,材料--建材Ⅱ--建材Ⅲ--建材Ⅳ,2020,,,,,,,,,,22915217102.0,,0.128089923,2859866559.0,75341830.31,target_year,,,,,,,,,,SOE_target,0.15058,0.186805,23.78962395,0.072892526,0.764425084,0.668831118,0.005969725,0.558113567,0.322457519,1.020643679,0.098415159,True,H_nonSOE,0.1487841440834498,0.186805,-0.03802085591655019,-871256167.7316087,0.0,1,0,,
000786.SZ,北新建材,CSI,中央国有企业,材料,建材Ⅱ,材料--建材Ⅱ--建材Ⅲ--建材Ⅳ,2021,,,,,,,,,,26573872663.0,,0.135197922,3510191056.0,82541300.71,target_year,,,,,,,,,,SOE_target,0.153334,0.197136,23.85506703,0.081293583,0.753086611,0.748938503,0.085974085,0.556825824,0.238293646,1.403259242,0.059647758,True,H_nonSOE,0.18020618433855604,0.197136,-0.01692981566144397,-449890765.59527516,0.0,1,0,,
000786.SZ,北新建材,CSI,中央国有企业,材料,建材Ⅱ,材料--建材Ⅱ--建材Ⅲ--建材Ⅳ,2022,,,,,,,,,,28604536226.0,,0.113485144,3136397898.0,109792022.4,target_year,,,,,,,,,,SOE_target,0.12256700000000001,0.157211,24.00319434,0.100137906,0.668525521,0.843240168,0.141342424,0.510095168,0.265218624,1.693275559,0.061260434,True,H_nonSOE,0.18521563911321448,0.157211,0.02800463911321449,801059714.0100005,801059714.0100005,1,0,,
000786.SZ,北新建材,CSI,中央国有企业,材料,建材Ⅱ,材料--建材Ⅱ--建材Ⅲ--建材Ⅳ,2023,,,,,,,,,,30660627191.82,,0.117717,3524001193.59,85282127.5,target_year,,,,,,,,,,SOE_target,0.127174,0.159022,24.076831,0.114777,0.617588,0.714546,0.199399,0.480786,0.250342,2.082374,0.045478,True,H_nonSOE,0.17038088948599214,0.159022,0.011358889485992146,348270675.8430891,348270675.8430891,1,0,,
000786.SZ,北新建材,CSI,中央国有企业,材料,建材Ⅱ,材料--建材Ⅱ--建材Ⅲ--建材Ⅳ,2024,,,,,,,,,,35139481982.58,,0.105885,3646942470.4,73810131.21,target_year,,,,,,,,,,SOE_target,0.12231,0.148739,24.146245,0.124756,0.650954,0.748723,0.217618,0.463646,0.225985,2.188839,0.037909,True,H_nonSOE,0.1836082594011293,0.148739,0.03486925940112928,1225287712.4718907,1225287712.4718907,1,0,,
000786.SZ,北新建材,CSI,中央国有企业,材料,建材Ⅱ,材料--建材Ⅱ--建材Ⅲ--建材Ⅳ,2025,,,,,,,,,,36088073943.54,,0.08132,2906380291.66,28292119.13,target_year,,,,,,,,,,SOE_target,0.092774,0.110011,24.282591,0.193215,0.525443,0.776379,0.126703,0.443899,0.239609,1.573315,0.03398,True,H_nonSOE,0.21133523342992724,0.110011,0.10132423342992725,3656596428.2917223,3656596428.2917223,1,0,,
000792.SZ,盐湖股份,CSI,中央国有企业,材料,化工,材料--化工--农用化工--化肥与农用药剂,2020,,,,,,,,,,20109814551.0,,0.12072931,2039507351.0,388336689.4,target_year,,,,,,,,,,SOE_target,0.153226,-0.154504,23.83818018,0.063309446,0.180537484,0.350103012,-0.888553207,0.365084577,2.290134477,0.314471187,0.020977312,True,H_nonSOE,0.005779182470832242,-0.154504,0.16028318247083223,3223265075.13253,3223265075.13253,0,1,FinancialLeverage_lag,
000792.SZ,盐湖股份,CSI,中央国有企业,材料,化工,材料--化工--农用化工--化肥与农用药剂,2021,,,,,,,,,,25267358712.0,,0.186473385,4478386640.0,233303260.0,target_year,,,,,,,,,,SOE_target,0.24559799999999998,0.6657129999999999,23.72447382,0.044384921,0.203999831,0.619101631,0.10089712,0.432346651,0.738152668,1.397826148,0.026706701,True,H_nonSOE,0.03645352461114801,0.6657129999999999,-0.6292594753888519,-15899724887.575056,0.0,1,0,,
000792.SZ,盐湖股份,CSI,中央国有企业,材料,化工,材料--化工--农用化工--化肥与农用药剂,2022,,,,,,,,,,41982836045.0,,0.377563052,15564592332.0,286575396.1,target_year,,,,,,,,,,SOE_target,0.638701,0.9016689999999999,23.95277923,0.026196976,0.197245037,0.612016847,0.258214762,0.32793301,0.538918822,2.112423225,0.03199102,True,H_nonSOE,0.065797404512457,0.9016689999999999,-0.835871595487543,-35092260148.02608,0.0,1,0,,
000792.SZ,盐湖股份,CSI,中央国有企业,材料,化工,材料--化工--农用化工--化肥与农用药剂,2023,,,,,,,,,,46407287224.03,,0.166608,7913614646.24,-181785870.71,target_year,,,,,,,,,,SOE_target,0.236788,0.277208,24.460527,0.040375,0.212868,0.867661,0.494585,0.195432,0.32174,3.437173,0.016199,True,H_nonSOE,0.1394325955667954,0.277208,-0.1377754044332046,-6393782765.9386215,0.0,1,0,,
000792.SZ,盐湖股份,CSI,中央国有企业,材料,化工,材料--化工--农用化工--化肥与农用药剂,2024,,,,,,,,,,45782850934.85,,0.098615,4663116528.38,-148225180.31,target_year,,,,,,,,,,SOE_target,0.121684,0.136187,24.560722,0.024829,0.215825,0.460211,0.452081,0.196388,0.252473,3.23378,0.020319,True,H_nonSOE,0.0993861399426807,0.136187,-0.03680086005731931,-1684848290.278525,0.0,1,0,,
000792.SZ,盐湖股份,CSI,中央国有企业,材料,化工,材料--化工--农用化工--化肥与农用药剂,2025,,,,,,,,,,55781587198.78,,0.148146,8475535262.69,-211737505.69,target_year,,,,,,,,,,SOE_target,0.137464,0.20790199999999998,24.547175,0.016693,0.213171,0.300786,0.523648,0.229043,0.135178,7.330134,0.026687,True,H_nonSOE,0.028077132417955675,0.20790199999999998,-0.1798248675820443,-10030916531.536871,0.0,1,0,,
000807.SZ,云铝股份,CSI,中央国有企业,材料,有色金属,材料--有色金属--其他金属与采矿--铝,2019,,,,,,,,,,39579456610.0,,0.036408062,495225700.7,945785611.3,target_year,,,,,,,,,,SOE_target,0.038792,0.051628999999999994,24.34817655,0.027430628,0.167062795,0.58682112,-0.302984394,0.62190244,0.754381207,0.463725714,0.097778035,True,H_nonSOE,0.09513236918863599,0.051628999999999994,0.043503369188635996,1721839713.1904292,1721839713.1904292,1,0,,
000807.SZ,云铝股份,CSI,中央国有企业,材料,有色金属,材料--有色金属--其他金属与采矿--铝,2020,,,,,,,,,,41018597713.0,,0.037772411,902555209.2,646816135.0,target_year,,,,,,,,,,SOE_target,0.033660999999999996,0.079432,24.40157605,0.025926514,0.15478921,0.622336875,-0.289221224,0.663335078,0.682322746,0.441998275,0.089439243,True,H_nonSOE,0.11801050458105267,0.079432,0.038578504581052664,1582436159.779327,1582436159.779327,0,1,FixedAssetsRatio_lag,
000807.SZ,云铝股份,CSI,中央国有企业,材料,有色金属,材料--有色金属--其他金属与采矿--铝,2021,,,,,,,,,,37837121415.0,,0.103262874,3319026415.0,588143490.6,target_year,,,,,,,,,,SOE_target,0.118904,0.22129000000000001,24.4372914,0.026430521,0.159708925,0.726936071,-0.275514356,0.73416272,0.664574167,0.348730522,0.128882093,True,H_nonSOE,0.1259697484113074,0.22129000000000001,-0.09532025158869262,-3606643932.669709,0.0,0,1,FixedAssetsRatio_lag,
000807.SZ,云铝股份,CSI,中央国有企业,材料,有色金属,材料--有色金属--其他金属与采矿--铝,2022,,,,,,,,,,39059473292.0,,0.123982697,4568644918.0,274053905.3,target_year,,,,,,,,,,SOE_target,0.159689,0.22537600000000002,24.35655651,0.027692993,0.168216562,1.048534058,-0.118291959,0.73601922,0.447359166,0.544969442,0.033677016,True,H_nonSOE,0.23975736437889517,0.22537600000000002,0.014381364378895145,561728517.8599751,561728517.8599751,0,1,FixedAssetsRatio_lag,
000807.SZ,云铝股份,CSI,中央国有企业,材料,有色金属,材料--有色金属--其他金属与采矿--铝,2023,,,,,,,,,,39309705821.93,,0.103436,3955771178.74,110284499.19,target_year,,,,,,,,,,SOE_target,0.141472,0.16454899999999997,24.388351,0.028078,0.153058,1.251062,-0.020505,0.639861,0.352871,0.911469,0.024668,True,H_nonSOE,0.2819620940105134,0.16454899999999997,0.11741309401051345,4615474185.195895,4615474185.195895,0,1,FixedAssetsRatio_lag,
000807.SZ,云铝股份,CSI,中央国有企业,材料,有色金属,材料--有色金属--其他金属与采矿--铝,2024,,,,,,,,,,41901504028.87,,0.105837,4411670800.53,23060223.52,target_year,,,,,,,,,,SOE_target,0.147651,0.163245,24.394737,0.024418,0.159476,1.079805,0.096094,0.600554,0.255987,1.620727,0.018647,True,H_nonSOE,0.2613608248850206,0.163245,0.0981158248850206,4111200631.7155943,4111200631.7155943,1,0,,
000807.SZ,云铝股份,CSI,中央国有企业,材料,有色金属,材料--有色金属--其他金属与采矿--铝,2025,,,,,,,,,,44175520008.47,,0.136401,6054686552.59,-29118803.1,target_year,,,,,,,,,,SOE_target,0.200353,0.200643,24.458588,0.030201,0.15747,1.33148,0.174647,0.533549,0.232785,2.02867,0.015705,True,H_nonSOE,0.2940935165315579,0.200643,0.09345051653155792,4128225162.8416934,4128225162.8416934,1,0,,
000858.SZ,五粮液,CSI,地方国有企业,日常消费,食品饮料,日常消费--食品饮料--饮料--白酒与葡萄酒,2019,,,,,,,,,,106397000000.0,,0.163558829,17402164190.0,0.0,target_year,,,,,,,,,,SOE_target,0.235747,0.252612,25.17870865,0.051088045,0.118716357,0.434624476,0.66673842,0.065199925,0.243626288,3.772013974,0.004429813,True,H_nonSOE,0.19698441172676087,0.252612,-0.05562758827323913,-5918608509.507824,0.0,0,1,HHI_lag,
000858.SZ,五粮液,CSI,地方国有企业,日常消费,食品饮料,日常消费--食品饮料--饮料--白酒与葡萄酒,2020,,,,,,,,,,113893000000.0,,0.162163327,19954809595.0,-1485519200.0,target_year,,,,,,,,,,SOE_target,0.251291,0.24944,25.39044296,0.056293889,0.109737598,0.448163389,0.625884029,0.065045193,0.284791231,3.217181758,0.015965258,True,H_nonSOE,0.20125778783597065,0.24944,-0.04818221216402935,-5487616689.997794,0.0,0,1,HHI_lag,
000858.SZ,五粮液,CSI,地方国有企业,日常消费,食品饮料,日常消费--食品饮料--饮料--白酒与葡萄酒,2021,,,,,,,,,,135621000000.0,,0.159602143,23377074353.0,-1731702085.0,target_year,,,,,,,,,,SOE_target,0.260109,0.253034,25.45852647,0.054280467,0.106852675,0.446944355,0.671477934,0.064523911,0.22946854,3.955172532,0.008725373,True,H_nonSOE,0.20045666831479125,0.253034,-0.05257733168520873,-7130590300.479692,0.0,0,1,HHI_lag,
000858.SZ,五粮液,CSI,地方国有企业,日常消费,食品饮料,日常消费--食品饮料--饮料--白酒与葡萄酒,2022,,,,,,,,,,152715000000.0,,0.161505774,26690661397.0,-2026351048.0,target_year,,,,,,,,,,SOE_target,0.257363,0.250507,25.63312868,0.054352346,0.106913309,0.452234076,0.652717866,0.060860503,0.25238699,3.633364619,0.011348768,True,H_nonSOE,0.2020734729089403,0.250507,-0.04843352709105969,-7396526089.711181,0.0,0,1,HHI_lag,
000858.SZ,五粮液,CSI,地方国有企业,日常消费,食品饮料,日常消费--食品饮料--饮料--白酒与葡萄酒,2023,,,,,,,,,,165432981684.75,,0.167666,30210585269.3,-2473170676.27,target_year,,,,,,,,,,SOE_target,0.263479,0.248051,25.751837,0.051826,0.105461,0.438516,0.666646,0.059486,0.235934,3.84701,0.011659,True,H_nonSOE,0.19918369900597938,0.248051,-0.04886730099402062,-8084263310.326979,0.0,0,1,HHI_lag,
000858.SZ,五粮液,CSI,地方国有企业,日常消费,食品饮料,日常消费--食品饮料--饮料--白酒与葡萄酒,2024,,,,,,,,,,188252218704.17,,0.154153,31853172533.98,-2833530840.46,target_year,,,,,,,,,,SOE_target,0.233709,0.242374,25.831832,0.055907,0.100594,0.444701,0.692118,0.065353,0.199982,4.503309,0.017876,True,H_nonSOE,0.1941108613252573,0.242374,-0.04826313867474272,-9085642937.147352,0.0,0,1,HHI_lag,
000858.SZ,五粮液,CSI,地方国有企业,日常消费,食品饮料,日常消费--食品饮料--饮料--白酒与葡萄酒,2025,,,,,,,,,,189984270815.47,,0.033122,8954257202.51,-2661630589.09,target_year,,,,,,,,,,SOE_target,0.05043,0.070724,25.961048,0.059607,0.097008,0.43052,0.609591,0.06936,0.275468,3.248964,0.014164,True,H_nonSOE,0.2015421102059608,0.070724,0.1308181102059608,24853383276.937256,24853383276.937256,0,1,HHI_lag,
000975.SZ,山金国际,CSI,地方国有企业,材料,有色金属,材料--有色金属--贵金属--黄金,2019,,,,,,,,,,11885793700.0,,0.07517066,864165428.9,29297524.57,target_year,,,,,,,,,,SOE_target,0.106521,0.099397,23.09193917,0.006000051,0.167062795,0.585413213,0.108609477,0.260657273,0.120655521,3.221219308,0.063739343,True,H_nonSOE,0.17807929847656456,0.099397,0.07868229847656456,935201567.5342706,935201567.5342706,1,0,,
000975.SZ,山金国际,CSI,地方国有企业,材料,有色金属,材料--有色金属--贵金属--黄金,2020,,,,,,,,,,12906755770.0,,0.09964649,1242446761.0,43666152.27,target_year,,,,,,,,,,SOE_target,0.142065,0.131214,23.19860972,0.005455011,0.15478921,0.447325565,0.091789189,0.252350115,0.1493012,2.019578707,0.053587837,True,H_nonSOE,0.1778157240585836,0.131214,0.04660172405858359,601477070.8850716,601477070.8850716,1,0,,
000975.SZ,山金国际,CSI,地方国有企业,材料,有色金属,材料--有色金属--贵金属--黄金,2021,,,,,,,,,,15933256367.0,,0.084137949,1273338699.0,67252814.69,target_year,,,,,,,,,,SOE_target,0.127921,0.125104,23.28101671,0.006961481,0.159708925,0.622437169,0.214098407,0.231175705,0.142596114,3.360518547,0.046767807,True,H_nonSOE,0.18233174840224134,0.125104,0.057227748402241346,911824386.599086,911824386.599086,1,0,,
000975.SZ,山金国际,CSI,地方国有企业,材料,有色金属,材料--有色金属--贵金属--黄金,2022,,,,,,,,,,16163564000.0,,0.073385486,1125812000.0,60359000.0,target_year,,,,,,,,,,SOE_target,0.10418,0.10532,23.49167436,0.005936039,0.168216562,0.614535754,0.10977772,0.202924251,0.225597952,1.566330908,0.045088538,True,H_nonSOE,0.20378883475333848,0.10532,0.09846883475333848,1591607312.5410106,1591607312.5410106,1,0,,
000975.SZ,山金国际,CSI,地方国有企业,材料,有色金属,材料--有色金属--贵金属--黄金,2023,,,,,,,,,,16298949000.0,,0.089989,1421924000.0,44806000.0,target_year,,,,,,,,,,SOE_target,0.13109400000000002,0.12654400000000002,23.506025,0.004888,0.153058,0.521745,0.167537,0.196757,0.215565,1.910269,0.037655,True,H_nonSOE,0.18689847154822647,0.12654400000000002,0.06035447154822646,983714453.6864941,983714453.6864941,1,0,,
000975.SZ,山金国际,CSI,地方国有企业,材料,有色金属,材料--有色金属--贵金属--黄金,2024,,,,,,,,,,18189090000.0,,0.122639,2179961000.0,50737000.0,target_year,,,,,,,,,,SOE_target,0.187452,0.177654,23.514366,0.004672,0.159476,0.498719,0.220944,0.191747,0.179785,2.49648,0.037722,True,H_nonSOE,0.17951971735567696,0.177654,0.001865717355676949,33935700.89697004,33935700.89697004,1,0,,
000975.SZ,山金国际,CSI,地方国有企业,材料,有色金属,材料--有色金属--贵金属--黄金,2025,,,,,,,,,,20625469000.0,,0.147424,2983616000.0,57075000.0,target_year,,,,,,,,,,SOE_target,0.223768,0.213887,23.624088,0.007586,0.15747,0.787544,0.201765,0.189844,0.185674,2.979621,0.037812,True,H_nonSOE,0.2156070759887243,0.213887,0.0017200759887243122,35477373.98307765,35477373.98307765,1,0,,
000977.SZ,浪潮信息,CSI,地方国有企业,信息技术,硬件设备,信息技术--硬件设备--电脑与外围设备--电脑硬件、储存设备及电脑周边,2019,,,,,,,,,,29409085017.0,,0.037688036,928747236.9,179623428.5,target_year,,,,,,,,,,SOE_target,0.04292,0.098164,23.96582976,0.040540726,0.161142974,2.156699725,0.301689676,0.028343674,0.636328198,1.491094523,0.016350809,True,H_nonSOE,0.30253205657153237,0.098164,0.20436805657153237,6010277550.471261,6010277550.471261,1,0,,
000977.SZ,浪潮信息,CSI,地方国有企业,信息技术,硬件设备,信息技术--硬件设备--电脑与外围设备--电脑硬件、储存设备及电脑周边,2020,,,,,,,,,,38322865651.0,,0.041773216,1466448648.0,134420695.4,target_year,,,,,,,,,,SOE_target,0.049766000000000005,0.120228,24.10456948,0.042483394,0.145048886,1.874633229,0.290731222,0.032415912,0.649488665,1.464589021,0.014801985,True,H_nonSOE,0.2859640763527779,0.120228,0.16573607635277787,6351481387.591385,6351481387.591385,1,0,,
000977.SZ,浪潮信息,CSI,地方国有企业,信息技术,硬件设备,信息技术--硬件设备--电脑与外围设备--电脑硬件、储存设备及电脑周边,2021,,,,,,,,,,46208162563.0,,0.04202014,2002738392.0,-61064951.14,target_year,,,,,,,,,,SOE_target,0.051094999999999995,0.13527799999999998,24.36931257,0.045065608,0.129289002,1.858689999,0.343874087,0.028221106,0.613086076,1.583032018,0.011722936,True,H_nonSOE,0.2922916346581054,0.13527799999999998,0.15701363465810544,7255311554.889227,7255311554.889227,0,1,HHI_lag,
000977.SZ,浪潮信息,CSI,地方国有企业,信息技术,硬件设备,信息技术--硬件设备--电脑与外围设备--电脑硬件、储存设备及电脑周边,2022,,,,,,,,,,41013425652.0,,0.05949463,2080350926.0,359727643.5,target_year,,,,,,,,,,SOE_target,0.054576,0.128312,24.5564223,0.038013817,0.108896372,1.584391783,0.326724134,0.023823108,0.663142179,1.526799066,0.004217095,True,H_nonSOE,0.2494922697623461,0.128312,0.12118026976234608,4970017984.387284,4970017984.387284,0,1,HHI_lag,
000977.SZ,浪潮信息,CSI,地方国有企业,信息技术,硬件设备,信息技术--硬件设备--电脑与外围设备--电脑硬件、储存设备及电脑周边,2023,,,,,,,,,,48119624861.79,,0.032838,1782784322.91,-202647157.47,target_year,,,,,,,,,,SOE_target,0.040993,0.101262,24.437165,0.036718,0.117158,1.591817,0.461711,0.050139,0.570415,2.015704,0.0274,True,H_nonSOE,0.2435231487795503,0.101262,0.14226114877955032,6845553111.6792555,6845553111.6792555,0,1,HHI_lag,
000977.SZ,浪潮信息,CSI,地方国有企业,信息技术,硬件设备,信息技术--硬件设备--电脑与外围设备--电脑硬件、储存设备及电脑周边,2024,,,,,,,,,,71191039667.42,,0.027486,2291764648.21,-335008121.3,target_year,,,,,,,,,,SOE_target,0.033993999999999996,0.120797,24.596956,0.034337,0.108206,1.474483,0.481204,0.045664,0.620018,2.088979,0.006379,True,H_nonSOE,0.22321939730477441,0.120797,0.10242239730477441,7291556949.356446,7291556949.356446,0,1,HHI_lag,
000977.SZ,浪潮信息,CSI,地方国有企业,信息技术,硬件设备,信息技术--硬件设备--电脑与外围设备--电脑硬件、储存设备及电脑周边,2025,,,,,,,,,,83793847851.87,,0.028827,2412866308.76,2667767.42,target_year,,,,,,,,,,SOE_target,0.031889,0.115566,24.988633,0.050763,0.114376,1.921439,0.310051,0.04049,0.714421,1.495676,0.003481,True,H_nonSOE,0.29601844548540046,0.115566,0.18045244548540046,15120804761.50151,15120804761.50151,0,1,HHI_lag,
000983.SZ,山西焦煤,CSI,地方国有企业,能源,煤炭Ⅱ,能源--煤炭Ⅱ--煤炭Ⅲ--煤炭与消费用燃料,2019,,,,,,,,,,65113270693.0,,0.03869515,1710215168.0,809352580.3,target_year,,,,,,,,,,SOE_target,0.058545999999999994,0.08498599999999999,24.8985198,0.059259446,0.3281903,0.502277248,-0.103609553,0.529823201,0.640113458,0.713464277,0.046575521,True,H_nonSOE,0.01836613333961218,0.08498599999999999,-0.06661986666038781,-4337837411.389398,0.0,1,0,,
000983.SZ,山西焦煤,CSI,地方国有企业,能源,煤炭Ⅱ,能源--煤炭Ⅱ--煤炭Ⅲ--煤炭与消费用燃料,2020,,,,,,,,,,70610618879.0,,0.040261809,1956303613.0,886607623.1,target_year,,,,,,,,,,SOE_target,0.045820999999999994,0.09989,24.89939422,0.058447923,0.293470907,0.48523943,-0.119586599,0.553156077,0.644768604,0.661625678,0.02959785,True,H_nonSOE,0.021313566479361383,0.09989,-0.07857643352063862,-5548330600.196894,0.0,1,0,,
000983.SZ,山西焦煤,CSI,地方国有企业,能源,煤炭Ⅱ,能源--煤炭Ⅱ--煤炭Ⅲ--煤炭与消费用燃料,2021,,,,,,,,,,70497875041.0,,0.072416902,4165827696.0,939410007.2,target_year,,,,,,,,,,SOE_target,0.099619,0.201847,24.98044638,0.057059504,0.275297772,0.476354949,-0.24679589,0.530942252,0.692119478,0.464785942,0.038402857,True,H_nonSOE,0.01148311185858119,0.201847,-0.1903638881414188,-13420249598.512644,0.0,1,0,,
000983.SZ,山西焦煤,CSI,地方国有企业,能源,煤炭Ⅱ,能源--煤炭Ⅱ--煤炭Ⅲ--煤炭与消费用燃料,2022,,,,,,,,,,95737794132.0,,0.124064922,10721933349.0,1155768633.0,target_year,,,,,,,,,,SOE_target,0.216608,0.38567599999999996,24.97884841,0.049903043,0.269530745,0.609342145,-0.177627946,0.523040164,0.631336619,0.553832026,0.018967371,True,H_nonSOE,0.04764344086170939,0.38567599999999996,-0.33803255913829056,-32362491556.69478,0.0,1,0,,
000983.SZ,山西焦煤,CSI,地方国有企业,能源,煤炭Ⅱ,能源--煤炭Ⅱ--煤炭Ⅲ--煤炭与消费用燃料,2023,,,,,,,,,,93603512358.87,,0.080743,6771368105.86,786470973.18,target_year,,,,,,,,,,SOE_target,0.123025,0.191651,25.284879,0.066477,0.250024,0.743502,-0.025689,0.428424,0.549948,0.916079,0.018929,True,H_nonSOE,0.08653277917613567,0.191651,-0.10511822082386432,-9839434682.029009,0.0,1,0,,
000983.SZ,山西焦煤,CSI,地方国有企业,能源,煤炭Ⅱ,能源--煤炭Ⅱ--煤炭Ⅲ--煤炭与消费用燃料,2024,,,,,,,,,,109949187629.7,,0.034092,3108028389.69,640396035.42,target_year,,,,,,,,,,SOE_target,0.061924,0.084156,25.262334,0.061179,0.263234,0.555554,0.020376,0.421542,0.484602,1.076753,0.022016,True,H_nonSOE,0.06676084484133367,0.084156,-0.017395155158666326,-1912583178.3879476,0.0,1,0,,
000983.SZ,山西焦煤,CSI,地方国有企业,能源,煤炭Ⅱ,能源--煤炭Ⅱ--煤炭Ⅲ--煤炭与消费用燃料,2025,,,,,,,,,,108847567597.08,,0.018728,1200774988.79,837775063.92,target_year,,,,,,,,,,SOE_target,0.037017,0.033287,25.423284,0.049378,0.263097,0.417832,-0.053984,0.346475,0.573686,0.768558,0.241579,True,H_nonSOE,-0.0024272052317051984,0.033287,-0.035714205231705196,-3887404368.1340194,0.0,1,0,,
000999.SZ,华润三九,CSI,中央国有企业,医疗保健,医药生物,医疗保健--医药生物--制药--中药,2019,,,,,,,,,,20103525732.0,,0.105300023,2112494768.0,4406951.57,target_year,,,,,,,,,,SOE_target,0.133755,0.18062,23.61529911,0.04173358,0.277672488,0.771928981,0.125343609,0.195562013,0.380558016,1.35777995,0.033297761,True,H_nonSOE,0.06691718981491175,0.18062,-0.11370281018508825,-2285827370.356633,0.0,1,0,,
000999.SZ,华润三九,CSI,中央国有企业,医疗保健,医药生物,医疗保健--医药生物--制药--中药,2020,,,,,,,,,,22010147281.0,,0.069982153,1597489175.0,-57171685.38,target_year,,,,,,,,,,SOE_target,0.097803,0.12152400000000001,23.72416105,0.038998338,0.276190471,0.760297773,0.179053709,0.179562889,0.359222949,1.537802175,0.026660352,True,H_nonSOE,0.06868604654917466,0.12152400000000001,-0.05283795345082534,-1162971137.4792879,0.0,1,0,,
000999.SZ,华润三九,CSI,中央国有企业,医疗保健,医药生物,医疗保健--医药生物--制药--中药,2021,,,,,,,,,,24307980617.0,,0.084751379,2046867983.0,13266897.53,target_year,,,,,,,,,,SOE_target,0.102566,0.14111700000000002,23.81476942,0.03366772,0.256105921,0.639302281,0.164913637,0.171159093,0.361247168,1.497537633,0.028251688,True,H_nonSOE,0.05347589485895991,0.14111700000000002,-0.08764110514104011,-2130378285.0208619,0.0,1,0,,
000999.SZ,华润三九,CSI,中央国有企业,医疗保健,医药生物,医疗保健--医药生物--制药--中药,2022,,,,,,,,,,27122781699.0,,0.09048886,2448802103.0,5507490.71,target_year,,,,,,,,,,SOE_target,0.11524,0.151666,23.91407055,0.031571534,0.230275265,0.652703975,0.193473943,0.169028884,0.353598528,1.604848529,0.035823623,True,H_nonSOE,0.053096788855403754,0.151666,-0.09856921114459624,-2673471196.117522,0.0,1,0,,
000999.SZ,华润三九,CSI,中央国有企业,医疗保健,医药生物,医疗保健--医药生物--制药--中药,2023,,,,,,,,,,40148455933.08,,0.070457,2852931664.85,-24191715.87,target_year,,,,,,,,,,SOE_target,0.11162100000000001,0.158599,24.02364,0.033008,0.212266,0.695008,0.122251,0.172172,0.353554,1.382325,0.035084,True,H_nonSOE,0.06833492735137238,0.158599,-0.09026407264862761,-3623963143.0737576,0.0,1,0,,
000999.SZ,华润三九,CSI,中央国有企业,医疗保健,医药生物,医疗保健--医药生物--制药--中药,2024,,,,,,,,,,40081972320.77,,0.083421,3367888968.2,-24191376.44,target_year,,,,,,,,,,SOE_target,0.11451,0.173289,24.41585,0.040776,0.216978,0.727326,0.238491,0.159934,0.395696,1.739557,0.021351,True,H_nonSOE,0.06488604281987212,0.173289,-0.10840295718012788,-4345004329.183501,0.0,1,0,,
000999.SZ,华润三九,CSI,中央国有企业,医疗保健,医药生物,医疗保健--医药生物--制药--中药,2025,,,,,,,,,,58804678665.86,,0.058771,3421001213.82,34997438.73,target_year,,,,,,,,,,SOE_target,0.099085,0.162615,24.414193,0.045087,0.230555,0.681084,0.206336,0.160639,0.369883,1.607876,0.019711,True,H_nonSOE,0.06820256562434125,0.162615,-0.09441243437565876,-5551892865.522208,0.0,1,0,,
001391.SZ,国货航,CSI,中央国有企业,工业,交通运输,工业--交通运输--航空运输--航空货运与物流,2022,,,,,,,,,,21243507964.0,,0.143764567,3108357541.0,-54293807.0,target_year,,,,,,,,,,SOE_target,0.17939699999999997,0.16931100000000002,23.933655,0.02197836,0.15352339,,0.379038722,0.215196887,0.271153714,2.935428866,0.026891053,True,H_nonSOE,-0.03810493265453428,0.16931100000000002,-0.20741593265453429,-4406242017.207087,0.0,1,0,,
001391.SZ,国货航,CSI,中央国有企业,工业,交通运输,工业--交通运输--航空运输--航空货运与物流,2023,,,,,,,,,,22822973085.0,,0.047164,1153435927.0,-77014538.0,target_year,,,,,,,,,,SOE_target,0.068141,0.060203,23.779317,0.019592,0.180808,0.999573,0.297946,0.538575,0.121361,3.59115,0.155102,True,H_nonSOE,-0.026442680880430627,0.060203,-0.08664568088043062,-1977512042.6655672,0.0,1,0,,
001391.SZ,国货航,CSI,中央国有企业,工业,交通运输,工业--交通运输--航空运输--航空货运与物流,2024,,,,,,,,,,27618399131.0,,0.069199,1953257457.0,-42086328.0,target_year,,,,,,,,,,SOE_target,0.10135899999999999,0.088254,23.851033,0.012225,0.114556,0.674444,0.251862,0.558371,0.138159,2.969242,0.103475,True,H_nonSOE,-0.048670666071303645,0.088254,-0.13692466607130366,-3781640078.436158,0.0,0,1,HHI_lag,
001391.SZ,国货航,CSI,中央国有企业,工业,交通运输,工业--交通运输--航空运输--航空货运与物流,2025,,,,,,,,,,29952962908.0,,0.08515,2584694178.0,-34187709.0,target_year,,,,,,,,,,SOE_target,0.118423,0.100481,24.041748,0.014765,0.116886,0.813211,0.233523,0.611545,0.108932,3.211667,0.198638,True,H_nonSOE,-0.04855279298682226,0.100481,-0.14903379298682226,-4464003673.372838,0.0,0,1,HHI_lag,
001965.SZ,招商公路,CSI,中央国有企业,工业,交通运输,工业--交通运输--交通基础设施--公路与铁路,2019,,,,,,,,,,90913208562.0,,0.059938124,4326608089.0,1122559092.0,target_year,,,,,,,,,,SOE_target,0.071666,0.09117800000000001,25.15508515,0.007713308,0.111099702,0.090021592,0.056932892,0.045612335,0.407746891,1.696921213,0.009043163,True,H_nonSOE,-0.05979137562957432,0.09117800000000001,-0.15096937562957433,-13725110333.08641,0.0,0,1,HHI_lag,
001965.SZ,招商公路,CSI,中央国有企业,工业,交通运输,工业--交通运输--交通基础设施--公路与铁路,2020,,,,,,,,,,94009174839.0,,0.033919866,2222601822.0,966176753.5,target_year,,,,,,,,,,SOE_target,0.03342,0.04258,25.23317114,0.008400459,0.108646931,0.09291301,-0.003307272,0.050382008,0.406707967,0.97310803,0.009187505,True,H_nonSOE,-0.04427711065622274,0.04258,-0.08685711065622273,-8165365301.691213,0.0,0,1,HHI_lag,
001965.SZ,招商公路,CSI,中央国有企业,工业,交通运输,工业--交通运输--交通基础设施--公路与铁路,2021,,,,,,,,,,98320774958.0,,0.061230895,4972822293.0,1047446772.0,target_year,,,,,,,,,,SOE_target,0.06995599999999999,0.08779400000000001,25.26665822,0.008809883,0.123286456,0.075800048,-0.00149945,0.019860883,0.36459679,0.987251125,0.015828155,True,H_nonSOE,-0.034663194082782595,0.08779400000000001,-0.1224571940827826,-12040086221.401398,0.0,0,1,HHI_lag,
001965.SZ,招商公路,CSI,中央国有企业,工业,交通运输,工业--交通运输--交通基础设施--公路与铁路,2022,,,,,,,,,,114930000000.0,,0.052447643,4860696357.0,1167125891.0,target_year,,,,,,,,,,SOE_target,0.061221,0.081785,25.31150118,0.007791528,0.15352339,0.089198821,0.019274683,0.013068903,0.355978857,1.194678539,0.007807129,True,H_nonSOE,-0.03370536125583684,0.081785,-0.11549036125583684,-13273307219.133327,0.0,1,0,,
001965.SZ,招商公路,CSI,中央国有企业,工业,交通运输,工业--交通运输--交通基础设施--公路与铁路,2023,,,,,,,,,,157482240634.0,,0.04975,6766648808.34,1068097868.94,target_year,,,,,,,,,,SOE_target,0.055831,0.107759,25.467592,0.007022,0.180808,0.077335,0.020497,0.022904,0.411244,1.242257,0.00651,True,H_nonSOE,-0.045813308810783285,0.107759,-0.15357230881078326,-24184911290.85873,0.0,1,0,,
001965.SZ,招商公路,CSI,中央国有企业,工业,交通运输,工业--交通运输--交通基础设施--公路与铁路,2024,,,,,,,,,,159169493582.77,,0.044243,5322235002.26,1719972397.54,target_year,,,,,,,,,,SOE_target,0.051401,0.078106,25.782579,0.007952,0.114556,0.070969,-0.017386,0.017005,0.478429,0.840921,0.003422,True,H_nonSOE,-0.04979955428666423,0.078106,-0.12790555428666422,-20358662302.23184,0.0,0,1,HHI_lag,
001965.SZ,招商公路,CSI,中央国有企业,工业,交通运输,工业--交通运输--交通基础设施--公路与铁路,2025,,,,,,,,,,162418433553.48,,0.037371,4610171908.56,1459611131.01,target_year,,,,,,,,,,SOE_target,0.044155,0.063367,25.793235,0.009094,0.116886,0.079781,-0.007712,0.017504,0.442218,0.924368,0.007846,True,H_nonSOE,-0.04541245467614953,0.063367,-0.10877945467614954,-17667788631.301983,0.0,0,1,HHI_lag,
001979.SZ,招商蛇口,CSI,中央国有企业,房地产,房地产Ⅱ,房地产--房地产Ⅱ--房地产管理和开发--房地产开发,2019,,,,,,,,,,617688000000.0,,0.034086554,16033175796.0,5021682731.0,target_year,,,,,,,,,,SOE_target,0.055381,0.187792,26.77116139,0.141473583,0.396279334,0.211561663,0.292567645,0.010202086,0.742776076,1.536916159,0.006545233,True,H_nonSOE,0.08187170280150685,0.187792,-0.10592029719849314,-65425696535.942825,0.0,0,1,FirmSize_lag,
001979.SZ,招商蛇口,CSI,中央国有企业,房地产,房地产Ⅱ,房地产--房地产Ⅱ--房地产管理和开发--房地产开发,2020,,,,,,,,,,737157000000.0,,0.019638475,12252864765.0,2223781385.0,target_year,,,,,,,,,,SOE_target,0.035590000000000004,0.124892,27.14924946,0.12998211,0.408200157,0.169990492,0.295036879,0.008785172,0.631900839,1.617747812,0.013126974,True,H_nonSOE,0.09417363968668394,0.124892,-0.030718360313316068,-22644254333.48313,0.0,0,1,FirmSize_lag,
001979.SZ,招商蛇口,CSI,中央国有企业,房地产,房地产Ⅱ,房地产--房地产Ⅱ--房地产管理和开发--房地产开发,2021,,,,,,,,,,856203000000.0,,0.014457167,10372254169.0,2006020943.0,target_year,,,,,,,,,,SOE_target,0.028672,0.098764,27.32606719,0.156661588,0.406330004,0.177979167,0.273672431,0.007235794,0.656305197,1.539718382,0.00574289,True,H_nonSOE,0.09779026767777814,0.098764,-0.0009737323222218652,-833712535.4833276,0.0,0,1,FirmSize_lag,
001979.SZ,招商蛇口,CSI,中央国有企业,房地产,房地产Ⅱ,房地产--房地产Ⅱ--房地产管理和开发--房地产开发,2022,,,,,,,,,,886471000000.0,,0.007021038,4264079663.0,1959869316.0,target_year,,,,,,,,,,SOE_target,0.018153,0.040536,27.47577374,0.172074602,0.390202805,0.189489882,0.262764191,0.011327641,0.676764653,1.52555683,0.0116882,True,H_nonSOE,0.09571657956062984,0.040536,0.05518057956062984,48915983543.69109,48915983543.69109,0,1,FirmSize_lag,
001979.SZ,招商蛇口,CSI,中央国有企业,房地产,房地产Ⅱ,房地产--房地产Ⅱ--房地产管理和开发--房地产开发,2023,,,,,,,,,,908508499680.74,,0.00796,6319420453.25,912224693.84,target_year,,,,,,,,,,SOE_target,0.015586,0.057077,27.510515,0.18421,0.393852,0.201091,0.260897,0.01312,0.679132,1.545582,0.006782,True,H_nonSOE,0.09927143337520986,0.057077,0.04219443337520985,38334001360.59084,38334001360.59084,0,1,FirmSize_lag,
001979.SZ,招商蛇口,CSI,中央国有企业,房地产,房地产Ⅱ,房地产--房地产Ⅱ--房地产管理和开发--房地产开发,2024,,,,,,,,,,860308816014.37,,0.006952,4038571564.37,1942659762.13,target_year,,,,,,,,,,SOE_target,0.010278,0.035007,27.53507,0.17276,0.37554,0.188138,0.261897,0.01386,0.673431,1.558504,0.007254,True,H_nonSOE,0.09682024257734685,0.035007,0.06181324257734685,53178477535.72631,53178477535.72631,0,1,FirmSize_lag,
001979.SZ,招商蛇口,CSI,中央国有企业,房地产,房地产Ⅱ,房地产--房地产Ⅱ--房地产管理和开发--房地产开发,2025,,,,,,,,,,835411599109.07,,0.004229,1023784320.62,2509145230.18,target_year,,,,,,,,,,SOE_target,0.00907,0.009812999999999999,27.480557,0.208506,0.353891,0.1945,0.264855,0.014261,0.666696,1.589833,0.006629,True,H_nonSOE,0.10242299276953991,0.009812999999999999,0.0926099927695399,77367462153.08073,77367462153.08073,0,1,FirmSize_lag,
002179.SZ,中航光电,CSI,中央国有企业,信息技术,硬件设备,信息技术--硬件设备--电子设备、仪器和元件--电子元件,2019,,,,,,,,,,15131869545.0,,0.077037356,1071086932.0,94632283.43,target_year,,,,,,,,,,SOE_target,0.091645,0.150748,23.30997577,0.006730782,0.161142974,0.667734363,0.397305769,0.144004702,0.505436967,1.950453535,0.021050843,True,H_nonSOE,0.10070016537865084,0.150748,-0.05004783462134915,-757317304.4999899,0.0,1,0,,
002179.SZ,中航光电,CSI,中央国有企业,信息技术,硬件设备,信息技术--硬件设备--电子设备、仪器和元件--电子元件,2020,,,,,,,,,,19218418866.0,,0.079804927,1439082432.0,94642079.01,target_year,,,,,,,,,,SOE_target,0.09787900000000001,0.160768,23.44006892,0.00751972,0.145048886,0.642297355,0.413336206,0.146526993,0.422841836,2.042361086,0.019416101,True,H_nonSOE,0.11409993459829446,0.160768,-0.04666806540170554,-896886428.5558596,0.0,1,0,,
002179.SZ,中航光电,CSI,中央国有企业,信息技术,硬件设备,信息技术--硬件设备--电子设备、仪器和元件--电子元件,2021,,,,,,,,,,26987332213.0,,0.075344647,1990997442.0,42353578.97,target_year,,,,,,,,,,SOE_target,0.097951,0.16145299999999999,23.67913497,0.007357687,0.129289002,0.598365046,0.394876789,0.134251397,0.453928313,1.90719652,0.020467462,True,H_nonSOE,0.10927436623429387,0.16145299999999999,-0.05217863376570611,-1408162123.85557,0.0,0,1,HHI_lag,
002179.SZ,中航光电,CSI,中央国有企业,信息技术,硬件设备,信息技术--硬件设备--电子设备、仪器和元件--电子元件,2022,,,,,,,,,,31810733160.0,,0.086607258,2717129034.0,37911325.55,target_year,,,,,,,,,,SOE_target,0.101354,0.168109,24.01863342,0.007278296,0.108896372,0.554971795,0.468324176,0.119732833,0.410962753,2.26328147,0.04145821,True,H_nonSOE,0.10322082392374103,0.168109,-0.06488817607625898,-2064140454.4009702,0.0,0,1,HHI_lag,
002179.SZ,中航光电,CSI,中央国有企业,信息技术,硬件设备,信息技术--硬件设备--电子设备、仪器和元件--电子元件,2023,,,,,,,,,,35569904322.27,,0.089639,3339290323.66,-150842656.92,target_year,,,,,,,,,,SOE_target,0.110826,0.176227,24.18307,0.008341,0.117158,0.536391,0.426579,0.137277,0.418385,2.073528,0.047696,True,H_nonSOE,0.10378695309853686,0.176227,-0.07244004690146313,-2576685537.3857946,0.0,0,1,HHI_lag,
002179.SZ,中航光电,CSI,中央国有企业,信息技术,硬件设备,信息技术--硬件设备--电子设备、仪器和元件--电子元件,2024,,,,,,,,,,41246813453.82,,0.078991,3354288683.06,-96169299.72,target_year,,,,,,,,,,SOE_target,0.095501,0.152143,24.294766,0.010429,0.108206,0.592388,0.42457,0.176172,0.381093,2.20832,0.067295,True,H_nonSOE,0.11055660999201256,0.152143,-0.041586390007987445,-1715306070.877262,0.0,0,1,HHI_lag,
002179.SZ,中航光电,CSI,中央国有企业,信息技术,硬件设备,信息技术--硬件设备--电子设备、仪器和元件--电子元件,2025,,,,,,,,,,42527397016.91,,0.049956,2161521950.25,-37031845.91,target_year,,,,,,,,,,SOE_target,0.063355,0.090316,24.44284,0.009101,0.114376,0.535031,0.39583,0.203244,0.387763,2.10942,0.037404,True,H_nonSOE,0.11259500489516236,0.090316,0.022279004895162366,947468086.3182514,947468086.3182514,0,1,HHI_lag,
002304.SZ,洋河股份,CSI,地方国有企业,日常消费,食品饮料,日常消费--食品饮料--饮料--白酒与葡萄酒,2019,,,,,,,,,,53455037841.0,,0.138124655,7382822727.0,635922.85,target_year,,,,,,,,,,SOE_target,0.188196,0.210477,24.62652592,0.030528342,0.118716357,0.439333178,0.408495938,0.16117016,0.32159075,2.295516674,0.009503821,True,H_nonSOE,0.19736902580845592,0.210477,-0.01310797419154408,-700687256.4278402,0.0,0,1,HHI_lag,
002304.SZ,洋河股份,CSI,地方国有企业,日常消费,食品饮料,日常消费--食品饮料--饮料--白酒与葡萄酒,2020,,,,,,,,,,53866259307.0,,0.13728434,7482228634.0,-87234764.39,target_year,,,,,,,,,,SOE_target,0.1841,0.199544,24.70210672,0.026004121,0.109737598,0.386822521,0.39789491,0.14067357,0.317341189,2.286193333,0.005933199,True,H_nonSOE,0.19500371769231384,0.199544,-0.004540282307686161,-244568024.1128071,0.0,0,1,HHI_lag,
002304.SZ,洋河股份,CSI,地方国有企业,日常消费,食品饮料,日常消费--食品饮料--饮料--白酒与葡萄酒,2021,,,,,,,,,,67798704194.0,,0.104847687,7507682797.0,-399145510.0,target_year,,,,,,,,,,SOE_target,0.163505,0.185442,24.70977013,0.019500248,0.106852675,0.329578673,0.41920331,0.131927151,0.285830248,2.540604109,0.006555206,True,H_nonSOE,0.18816667736339582,0.185442,0.002724677363395822,184729594.58496118,184729594.58496118,0,1,HHI_lag,
002304.SZ,洋河股份,CSI,地方国有企业,日常消费,食品饮料,日常消费--食品饮料--饮料--白酒与葡萄酒,2022,,,,,,,,,,67964247134.0,,0.138078691,9377832429.0,6581838.28,target_year,,,,,,,,,,SOE_target,0.174776,0.208486,24.93980892,0.020425421,0.106913309,0.34853413,0.369200779,0.10032586,0.373420027,2.012049571,0.00624679,True,H_nonSOE,0.19061432005194745,0.208486,-0.017871679948052555,-1214635272.689196,0.0,0,1,HHI_lag,
002304.SZ,洋河股份,CSI,地方国有企业,日常消费,食品饮料,日常消费--食品饮料--饮料--白酒与葡萄酒,2023,,,,,,,,,,69792287455.91,,0.1327,10015930040.27,-754525568.63,target_year,,,,,,,,,,SOE_target,0.19190100000000002,0.20149999999999998,24.942248,0.021082,0.105461,0.378845,0.464713,0.096402,0.300743,2.584875,0.007933,True,H_nonSOE,0.19572276612108364,0.20149999999999998,-0.005777233878916349,-403206367.5773518,0.0,0,1,HHI_lag,
002304.SZ,洋河股份,CSI,地方国有企业,日常消费,食品饮料,日常消费--食品饮料--饮料--白酒与葡萄酒,2024,,,,,,,,,,67345265219.62,,0.090021,6673388602.12,-610889994.14,target_year,,,,,,,,,,SOE_target,0.124433,0.12892099999999998,24.968789,0.022016,0.100594,0.404439,0.506631,0.096901,0.254218,3.05865,0.015928,True,H_nonSOE,0.19752852114252134,0.12892099999999998,0.06860752114252136,4620391707.403788,4620391707.403788,0,1,HHI_lag,
002304.SZ,洋河股份,CSI,地方国有企业,日常消费,食品饮料,日常消费--食品饮料--饮料--白酒与葡萄酒,2025,,,,,,,,,,58595944446.8,,0.032801,2206058926.68,-284050446.25,target_year,,,,,,,,,,SOE_target,0.050498,0.044844999999999996,24.933098,0.01883,0.097008,0.350746,0.520695,0.111132,0.232418,3.298148,0.021591,True,H_nonSOE,0.18605408554358085,0.044844999999999996,0.14120908554358086,8274279731.895093,8274279731.895093,0,1,HHI_lag,
002371.SZ,北方华创,CSI,地方国有企业,信息技术,半导体,信息技术--半导体--半导体材料与设备--半导体材料与设备Ⅳ,2019,,,,,,,,,,13734762795.0,,0.028332703,309032271.0,80110684.27,target_year,,,,,,,,,,SOE_target,0.043356000000000006,0.065726,23.02599999,0.059004655,0.214515912,0.364070797,0.117906968,0.193151197,0.624914258,1.266499342,0.024431591,True,H_nonSOE,0.029632891270934138,0.065726,-0.03609310872906587,-495730286.92786366,0.0,1,0,,
002371.SZ,北方华创,CSI,地方国有企业,信息技术,半导体,信息技术--半导体--半导体材料与设备--半导体材料与设备Ⅳ,2020,,,,,,,,,,17518033653.0,,0.028180177,536930435.4,-43269154.89,target_year,,,,,,,,,,SOE_target,0.043783,0.084979,23.34319589,0.057149218,0.169245785,0.339550768,0.267859651,0.158238824,0.555856401,1.767952175,0.012461754,True,H_nonSOE,0.0356784376061097,0.084979,-0.0493005623938903,-863648911.1279966,0.0,1,0,,
002371.SZ,北方华创,CSI,地方国有企业,信息技术,半导体,信息技术--半导体--半导体材料与设备--半导体材料与设备Ⅳ,2021,,,,,,,,,,31054473365.0,,0.03320992,1077409991.0,-46093407.42,target_year,,,,,,,,,,SOE_target,0.051574999999999996,0.091003,23.58649668,0.066364914,0.155238897,0.383431407,0.177738006,0.131644265,0.594030449,1.394110555,0.03815127,True,H_nonSOE,0.04485415053560495,0.091003,-0.04614884946439505,-1433128216.5174506,0.0,1,0,,
002371.SZ,北方华创,CSI,地方国有企业,信息技术,半导体,信息技术--半导体--半导体材料与设备--半导体材料与设备Ⅳ,2022,,,,,,,,,,42551398848.0,,0.053340261,2352726658.0,-83023921.98,target_year,,,,,,,,,,SOE_target,0.077561,0.128411,24.1590087,0.077971816,0.127200785,0.395253079,0.35596625,0.082648728,0.446186353,1.981018974,0.014388261,True,H_nonSOE,0.07972224069874423,0.128411,-0.04868875930125577,-2071774816.442004,0.0,0,1,HHI_lag,
002371.SZ,北方华创,CSI,地方国有企业,信息技术,半导体,信息技术--半导体--半导体材料与设备--半导体材料与设备Ⅳ,2023,,,,,,,,,,53624552279.13,,0.072372,3899069987.91,-18133193.65,target_year,,,,,,,,,,SOE_target,0.092863,0.17677600000000002,24.473979,0.104536,0.113252,0.395427,0.360672,0.087128,0.530358,1.973161,0.033103,True,H_nonSOE,0.06483637242503369,0.17677600000000002,-0.11193962757496632,-6002712411.000123,0.0,0,1,HHI_lag,
002371.SZ,北方华创,CSI,地方国有企业,信息技术,半导体,信息技术--半导体--半导体材料与设备--半导体材料与设备Ⅳ,2024,,,,,,,,,,65708880828.22,,0.086456,5621189109.03,59708499.95,target_year,,,,,,,,,,SOE_target,0.110118,0.20275400000000002,24.705273,0.153225,0.109637,0.455672,0.356981,0.100324,0.537063,2.003141,0.036923,True,H_nonSOE,0.07874179741839368,0.20275400000000002,-0.12401220258160633,-8148703040.679848,0.0,0,1,HHI_lag,
002371.SZ,北方华创,CSI,地方国有企业,信息技术,半导体,信息技术--半导体--半导体材料与设备--半导体材料与设备Ⅳ,2025,,,,,,,,,,89800578023.69,,0.064039,5521993004.86,228775158.4,target_year,,,,,,,,,,SOE_target,0.078116,0.16050599999999998,24.9085,0.167941,0.111057,0.497102,0.345901,0.097356,0.509576,1.96792,0.03114,True,H_nonSOE,0.09831055214802911,0.16050599999999998,-0.06219544785197087,-5585187167.5492525,0.0,0,1,HHI_lag,
002415.SZ,海康威视,CSI,中央国有企业,信息技术,硬件设备,信息技术--硬件设备--电子设备、仪器和元件--电子设备和仪器,2019,,,,,,,,,,75358000240.0,,0.168244221,12414587690.0,263960347.9,target_year,,,,,,,,,,SOE_target,0.191563,0.300981,24.87405929,0.042729406,0.161142974,0.85904435,0.455503934,0.086612014,0.401992223,2.17029789,0.032383717,True,H_nonSOE,0.17424091517940554,0.300981,-0.12674008482059446,-9550879342.327978,0.0,1,0,,
002415.SZ,海康威视,CSI,中央国有企业,信息技术,硬件设备,信息技术--硬件设备--电子设备、仪器和元件--电子设备和仪器,2020,,,,,,,,,,88701682384.0,,0.155372267,13385526714.0,396254772.6,target_year,,,,,,,,,,SOE_target,0.186188,0.271241,25.04551593,0.047163914,0.145048886,0.824543671,0.537508164,0.085230157,0.396575563,2.722115508,0.025574974,True,H_nonSOE,0.16285440396503492,0.271241,-0.10838659603496509,-9614073416.176388,0.0,1,0,,
002415.SZ,海康威视,CSI,中央国有企业,信息技术,硬件设备,信息技术--硬件设备--电子设备、仪器和元件--电子设备和仪器,2021,,,,,,,,,,103865000000.0,,0.160469273,16800411032.0,-133343257.8,target_year,,,,,,,,,,SOE_target,0.191812,0.286561,25.20854469,0.045166439,0.129289002,0.769076065,0.490836144,0.082312337,0.385809356,2.394335055,0.022588391,True,H_nonSOE,0.16828506651008635,0.286561,-0.11827593348991366,-12284729831.929882,0.0,0,1,HHI_lag,
002415.SZ,海康威视,CSI,中央国有企业,信息技术,硬件设备,信息技术--硬件设备--电子设备、仪器和元件--电子设备和仪器,2022,,,,,,,,,,119233000000.0,,0.099359342,12837342061.0,-990401533.3,target_year,,,,,,,,,,SOE_target,0.13317,0.194726,25.36635342,0.045900932,0.108896372,0.839805353,0.507657056,0.086833548,0.370385309,2.583807297,0.029830304,True,H_nonSOE,0.17756097852845742,0.194726,-0.017165021471542585,-2046637005.116437,0.0,0,1,HHI_lag,
002415.SZ,海康威视,CSI,中央国有企业,信息技术,硬件设备,信息技术--硬件设备--电子设备、仪器和元件--电子设备和仪器,2023,,,,,,,,,,138848007548.55,,0.096205,14107621359.66,-749780213.12,target_year,,,,,,,,,,SOE_target,0.124759,0.19493300000000002,25.504348,0.043681,0.117158,0.740343,0.532996,0.103248,0.388005,2.849789,0.031499,True,H_nonSOE,0.15212689967576087,0.19493300000000002,-0.04280610032423915,-5943541740.943946,0.0,0,1,HHI_lag,
002415.SZ,海康威视,CSI,中央国有企业,信息技术,硬件设备,信息技术--硬件设备--电子设备、仪器和元件--电子设备和仪器,2024,,,,,,,,,,132016200156.14,,0.089856,11977327023.54,-114817493.16,target_year,,,,,,,,,,SOE_target,0.105061,0.152555,25.656646,0.046315,0.108206,0.686878,0.495065,0.113908,0.408248,2.54774,0.029153,True,H_nonSOE,0.14708640876397952,0.152555,-0.005468591236020476,-721942635.1865922,0.0,0,1,HHI_lag,
002415.SZ,海康威视,CSI,中央国有企业,信息技术,硬件设备,信息技术--硬件设备--电子设备、仪器和元件--电子设备和仪器,2025,,,,,,,,,,138049655334.62,,0.09902,14195371894.42,-525631319.14,target_year,,,,,,,,,,SOE_target,0.122102,0.173097,25.60619,0.040657,0.114376,0.677854,0.491118,0.149703,0.3372,2.722287,0.035342,True,H_nonSOE,0.15233082384954902,0.173097,-0.020766176150450982,-2866763460.187764,0.0,0,1,HHI_lag,
002916.SZ,深南电路,CSI,中央国有企业,信息技术,硬件设备,信息技术--硬件设备--电子设备、仪器和元件--电子元件,2019,,,,,,,,,,12219367752.0,,0.106777221,1232775470.0,71974663.41,target_year,,,,,,,,,,SOE_target,0.141637,0.282642,22.86631694,0.006511296,0.161142974,0.943171377,0.08392133,0.44465338,0.563211503,1.206723487,0.138914307,True,H_nonSOE,0.08978680975513594,0.282642,-0.19285519024486408,-2356568492.483917,0.0,1,0,,
002916.SZ,深南电路,CSI,中央国有企业,信息技术,硬件设备,信息技术--硬件设备--电子设备、仪器和元件--电子元件,2020,,,,,,,,,,14007819588.0,,0.112944465,1430111325.0,151994362.1,target_year,,,,,,,,,,SOE_target,0.12245900000000001,0.229887,23.22628805,0.008620163,0.145048886,1.008631414,0.106987996,0.445034903,0.59057465,1.279956481,0.178626968,True,H_nonSOE,0.08601188989986554,0.229887,-0.14387511010013448,-2015376585.4863205,0.0,1,0,,
002916.SZ,深南电路,CSI,中央国有企业,信息技术,硬件设备,信息技术--硬件设备--电子设备、仪器和元件--电子元件,2021,,,,,,,,,,16792291128.0,,0.093566268,1480637000.0,90555003.5,target_year,,,,,,,,,,SOE_target,0.110082,0.18556699999999998,23.36288155,0.008259297,0.129289002,0.879724453,0.072009507,0.526130613,0.468558656,1.204513334,0.17747026,True,H_nonSOE,0.09171226942882002,0.18556699999999998,-0.09385473057117996,-1576035959.4912558,0.0,0,1,HHI_lag,
002916.SZ,深南电路,CSI,中央国有企业,信息技术,硬件设备,信息技术--硬件设备--电子设备、仪器和元件--电子元件,2022,,,,,,,,,,20726545629.0,,0.0835519,1639730778.0,92011499.06,target_year,,,,,,,,,,SOE_target,0.095471,0.157922,23.54418576,0.007865785,0.108896372,0.899760732,0.078770102,0.501596784,0.492620274,1.222400459,0.15830631,True,H_nonSOE,0.09892599283719146,0.157922,-0.05899600716280855,-1222783434.3887622,0.0,0,1,HHI_lag,
002916.SZ,深南电路,CSI,中央国有企业,信息技术,硬件设备,信息技术--硬件设备--电子设备、仪器和元件--电子元件,2023,,,,,,,,,,22606867760.88,,0.063229,1398114737.36,31298099.48,target_year,,,,,,,,,,SOE_target,0.064536,0.109944,23.754681,0.007355,0.117158,0.741247,0.090198,0.514089,0.408832,1.278677,0.162967,True,H_nonSOE,0.09284471157704885,0.109944,-0.01709928842295115,-386561352.182803,0.0,0,1,HHI_lag,
002916.SZ,深南电路,CSI,中央国有企业,信息技术,硬件设备,信息技术--硬件设备--电子设备、仪器和元件--电子元件,2024,,,,,,,,,,25302247864.46,,0.076054,1877565481.01,46765939.29,target_year,,,,,,,,,,SOE_target,0.084467,0.135073,23.84152,0.007014,0.108206,0.619557,0.096065,0.565125,0.416686,1.338012,0.143748,True,H_nonSOE,0.07913288519853923,0.135073,-0.05594011480146077,-1415410650.272908,0.0,0,1,HHI_lag,
002916.SZ,深南电路,CSI,中央国有企业,信息技术,硬件设备,信息技术--硬件设备--电子设备、仪器和元件--电子元件,2025,,,,,,,,,,30582928717.03,,0.108703,3275738151.27,48731905.76,target_year,,,,,,,,,,SOE_target,0.131432,0.20623899999999998,23.954159,0.007873,0.114376,0.742132,0.132985,0.524988,0.421162,1.449279,0.099851,True,H_nonSOE,0.10655719914542194,0.20623899999999998,-0.09968180085457803,-3048561409.92074,0.0,0,1,HHI_lag,
003816.SZ,中国广核,CSI,中央国有企业,公用事业,公用事业Ⅱ,公用事业--公用事业Ⅱ--电力--独立电力生产商与能源贸易商,2019,,,,,,,,,,387975000000.0,,0.045009464,9465700356.0,7996857032.0,target_year,,,,,,,,,,SOE_target,0.06401,0.117647,26.63285761,0.085571585,0.148389593,0.139621345,-0.014209997,0.774577497,0.693056818,0.913613736,0.045123692,True,H_nonSOE,-0.036767656420768485,0.117647,-0.1544146564207685,-59909026324.84766,0.0,0,2,"FirmSize_lag, FixedAssetsRatio_lag",
003816.SZ,中国广核,CSI,中央国有企业,公用事业,公用事业Ⅱ,公用事业--公用事业Ⅱ--电力--独立电力生产商与能源贸易商,2020,,,,,,,,,,391898000000.0,,0.044930235,9562307621.0,8045778572.0,target_year,,,,,,,,,,SOE_target,0.06333899999999999,0.103334,26.68420735,0.090254192,0.143602423,0.160932424,-0.013131035,0.763438583,0.651282207,0.92398275,0.04034608,True,H_nonSOE,-0.024603259173407555,0.103334,-0.12793725917340754,-50138355995.54007,0.0,0,2,"FirmSize_lag, FixedAssetsRatio_lag",
003816.SZ,中国广核,CSI,中央国有企业,公用事业,公用事业Ⅱ,公用事业--公用事业Ⅱ--电力--独立电力生产商与能源贸易商,2021,,,,,,,,,,399993000000.0,,0.04216241,9732589251.0,7132079812.0,target_year,,,,,,,,,,SOE_target,0.063404,0.099219,26.69426839,0.092811085,0.126082379,0.181015769,-0.035490015,0.754839381,0.638603741,0.819728027,0.034455814,True,H_nonSOE,-0.014357872358524953,0.099219,-0.11357687235852496,-45429953905.303474,0.0,0,3,"FirmSize_lag, FixedAssetsRatio_lag, HHI_lag",
003816.SZ,中国广核,CSI,中央国有企业,公用事业,公用事业Ⅱ,公用事业--公用事业Ⅱ--电力--独立电力生产商与能源贸易商,2022,,,,,,,,,,409016000000.0,,0.040171345,9964854412.0,6465851165.0,target_year,,,,,,,,,,SOE_target,0.061731,0.095844,26.7147129,0.08643896,0.130392082,0.203762149,-0.023385318,0.743371583,0.622717326,0.879022892,0.036102671,True,H_nonSOE,-0.010600426674667054,0.095844,-0.10644442667466705,-43537473620.76562,0.0,0,3,"FirmSize_lag, FixedAssetsRatio_lag, HHI_lag",
003816.SZ,中国广核,CSI,中央国有企业,公用事业,公用事业Ⅱ,公用事业--公用事业Ⅱ--电力--独立电力生产商与能源贸易商,2023,,,,,,,,,,415250356776.35,,0.039698,10724570116.68,5759954182.21,target_year,,,,,,,,,,SOE_target,0.063124,0.097379,26.737019,0.075777,0.129341,0.20475,-0.013759,0.736067,0.613878,0.926082,0.028947,True,H_nonSOE,-0.009020034835138857,0.097379,-0.10639903483513885,-44182237175.9507,0.0,0,3,"FirmSize_lag, FixedAssetsRatio_lag, HHI_lag",
003816.SZ,中国广核,CSI,中央国有企业,公用事业,公用事业Ⅱ,公用事业--公用事业Ⅱ--电力--独立电力生产商与能源贸易商,2024,,,,,,,,,,425400654520.48,,0.038407,10813873224.82,5524691866.4,target_year,,,,,,,,,,SOE_target,0.063887,0.09295199999999999,26.752147,0.071651,0.121904,0.200296,-0.011078,0.729698,0.601917,0.940557,0.034307,True,H_nonSOE,-0.009570720252646853,0.09295199999999999,-0.10252272025264685,-43613232298.69604,0.0,0,3,"FirmSize_lag, FixedAssetsRatio_lag, HHI_lag",
003816.SZ,中国广核,CSI,中央国有企业,公用事业,公用事业Ⅱ,公用事业--公用事业Ⅱ--电力--独立电力生产商与能源贸易商,2025,,,,,,,,,,505656118063.91,,0.028808,9765358959.88,4801744225.58,target_year,,,,,,,,,,SOE_target,0.049821,0.080496,26.776297,0.075761,0.118327,0.206517,-0.018778,0.721087,0.594932,0.904312,0.04623,True,H_nonSOE,-0.009241758167073885,0.080496,-0.08973775816707388,-45376446438.520515,0.0,0,3,"FirmSize_lag, FixedAssetsRatio_lag, HHI_lag",
300413.SZ,芒果超媒,CSI,地方国有企业,通讯服务,传媒,通讯服务--传媒--娱乐--电影和娱乐,2019,,,,,,,,,,17078206150.0,,0.068641107,1156285254.0,15981713.9,target_year,,,,,,,,,,SOE_target,0.077256,0.160336,23.21741108,0.332789181,0.370261017,1.329485085,0.205253854,0.017091947,0.531493876,1.402285603,0.002639844,True,H_nonSOE,0.22046624000740664,0.160336,0.06013024000740663,1026916634.695468,1026916634.695468,1,0,,
300413.SZ,芒果超媒,CSI,地方国有企业,通讯服务,传媒,通讯服务--传媒--娱乐--电影和娱乐,2020,,,,,,,,,,19265699803.0,,0.103587808,1982159477.0,13532130.1,target_year,,,,,,,,,,SOE_target,0.103658,0.20464300000000002,23.56106899,0.4032528,0.333824483,0.849908238,0.222062882,0.010575241,0.483554812,1.477902145,0.009132519,True,H_nonSOE,0.1698513472166145,0.20464300000000002,-0.03479165278338553,-670285538.174915,0.0,1,0,,
300413.SZ,芒果超媒,CSI,地方国有企业,通讯服务,传媒,通讯服务--传媒--娱乐--电影和娱乐,2021,,,,,,,,,,26110751405.0,,0.077090077,2114090172.0,-101210337.2,target_year,,,,,,,,,,SOE_target,0.09319699999999999,0.153449,23.68159214,0.467603506,0.39041121,0.769513174,0.225144904,0.00970244,0.448697875,1.50511888,0.003631273,True,H_nonSOE,0.16869926765497034,0.153449,0.01525026765497034,398195947.5986428,398195947.5986428,1,0,,
300413.SZ,芒果超媒,CSI,地方国有企业,通讯服务,传媒,通讯服务--传媒--娱乐--电影和娱乐,2022,,,,,,,,,,29049673557.0,,0.05829542,1824925936.0,-131463023.7,target_year,,,,,,,,,,SOE_target,0.064042,0.101902,23.985613,0.424702545,0.366576045,0.675635515,0.383604379,0.007064153,0.349035806,2.127365039,0.007414667,True,H_nonSOE,0.16138289398642064,0.101902,0.05948089398642063,1727900553.184044,1727900553.184044,1,0,,
300413.SZ,芒果超媒,CSI,地方国有企业,通讯服务,传媒,通讯服务--传媒--娱乐--电影和娱乐,2023,,,,,,,,,,31422386654.49,,0.108459,3555705558.9,-147667394.09,target_year,,,,,,,,,,SOE_target,0.061204,0.176273,24.092273,0.480307,0.365677,0.493612,0.391559,0.005689,0.352615,2.130679,0.006457,True,H_nonSOE,0.13614947509921224,0.176273,-0.04012352490078777,-1260776913.373611,0.0,1,0,,
300413.SZ,芒果超媒,CSI,地方国有企业,通讯服务,传媒,通讯服务--传媒--娱乐--电影和娱乐,2024,,,,,,,,,,32530165142.43,,0.036125,1364348174.2,-189180203.0,target_year,,,,,,,,,,SOE_target,0.049221,0.062042,24.170786,0.444981,0.35057,0.480483,0.3518,0.004532,0.320114,2.12108,0.004782,True,H_nonSOE,0.14495711654680296,0.062042,0.08291511654680296,2697242434.0713305,2697242434.0713305,1,0,,
300413.SZ,芒果超媒,CSI,地方国有企业,通讯服务,传媒,通讯服务--传媒--娱乐--电影和娱乐,2025,,,,,,,,,,33171867484.43,,0.036738,1227146306.33,-8478642.08,target_year,,,,,,,,,,SOE_target,0.027166000000000003,0.053520000000000005,24.205434,0.421076,0.338999,0.438059,0.248058,0.004037,0.307417,1.823166,0.005059,True,H_nonSOE,0.15218619271461975,0.053520000000000005,0.09866619271461974,3272941869.922599,3272941869.922599,1,0,,
301269.SZ,华大九天,CSI,中央国有企业,信息技术,软件服务,信息技术--软件服务--软件--应用软件,2020,,,,,,,,,,1340618263.0,,0.076569311,103558656.1,-908439.35,target_year,,,,,,,,,,SOE_target,0.10196999999999999,0.153531,20.3529773,0.004452496,0.156571733,0.420432719,0.475532197,0.109044942,0.287859574,2.845732996,0.046978305,True,H_nonSOE,-0.10539085808582685,0.153531,-0.25892185808582685,-347115371.6397537,0.0,1,0,,
301269.SZ,华大九天,CSI,中央国有企业,信息技术,软件服务,信息技术--软件服务--软件--应用软件,2021,,,,,,,,,,1801574166.0,,0.077496324,139305915.6,309460.2,target_year,,,,,,,,,,SOE_target,0.088668,0.150455,21.01639674,0.006199286,0.151169635,0.403277081,0.390839565,0.168835429,0.360539946,3.144446132,0.272559931,True,H_nonSOE,-0.1560727954172582,0.150455,-0.30652779541725816,-552232557.3846655,0.0,1,0,,
301269.SZ,华大九天,CSI,中央国有企业,信息技术,软件服务,信息技术--软件服务--软件--应用软件,2022,,,,,,,,,,5395667291.0,,0.02931664,185508367.6,-27325534.6,target_year,,,,,,,,,,SOE_target,0.051550000000000006,0.065706,21.31192666,0.007100149,0.153055264,0.363368354,0.283224088,0.263035157,0.447970087,2.472137664,0.209888857,True,H_nonSOE,-0.16656421779546116,0.065706,-0.23227021779546114,-1253252816.8324158,0.0,1,0,,
301269.SZ,华大九天,CSI,中央国有企业,信息技术,软件服务,信息技术--软件服务--软件--应用软件,2023,,,,,,,,,,5535537490.15,,0.025511,200722810.92,-59506122.71,target_year,,,,,,,,,,SOE_target,0.036657,0.042546999999999995,22.408862,0.00896,0.14694,0.218057,0.684761,0.099677,0.13781,9.389767,0.07788,True,H_nonSOE,-0.16774630813653055,0.042546999999999995,-0.21029330813653055,-1164086491.117431,0.0,1,0,,
301269.SZ,华大九天,CSI,中央国有企业,信息技术,软件服务,信息技术--软件服务--软件--应用软件,2024,,,,,,,,,,5628841870.04,,0.00873,109478790.34,-60339408.44,target_year,,,,,,,,,,SOE_target,0.009101,0.022371,22.434455,0.011111,0.139728,0.182471,0.555102,0.101333,0.135884,7.250245,0.020717,True,H_nonSOE,-0.13678136776511135,0.022371,-0.15915236776511135,-895843511.3922632,0.0,1,0,,
301269.SZ,华大九天,CSI,中央国有企业,信息技术,软件服务,信息技术--软件服务--软件--应用软件,2025,,,,,,,,,,6327842567.91,,0.002881,60983525.27,-42752826.3,target_year,,,,,,,,,,SOE_target,0.003333,0.011892,22.45117,0.011267,0.169431,0.215974,0.534887,0.095337,0.110967,7.747215,0.014054,True,H_nonSOE,-0.13335072872069653,0.011892,-0.14524272872069655,-919073121.478228,0.0,1,0,,
302132.SZ,中航成飞,CSI,中央国有企业,工业,国防军工,工业--国防军工--航空航天与国防Ⅲ--航空航天,2019,,,,,,,,,,2488073274.0,,0.085373876,212416459.5,0.0,target_year,,,,,,,,,,SOE_target,0.10238699999999999,0.138862,21.44747873,0.015943973,0.285442207,0.641176276,0.39772466,0.226683045,0.267876613,2.581204273,0.020522082,True,H_nonSOE,0.06433807188510657,0.138862,-0.07452392811489345,-185420993.81616357,0.0,1,0,,
302132.SZ,中航成飞,CSI,中央国有企业,工业,国防军工,工业--国防军工--航空航天与国防Ⅲ--航空航天,2020,,,,,,,,,,2933073285.0,,0.085369507,262505398.2,-12110378.84,target_year,,,,,,,,,,SOE_target,0.11345599999999999,0.149552,21.63477446,0.016380091,0.279462147,0.672514606,0.383429525,0.190144896,0.330304191,2.213912023,0.018979576,True,H_nonSOE,0.069255181656015,0.149552,-0.08029681834398499,-235516452.7552403,0.0,1,0,,
302132.SZ,中航成飞,CSI,中央国有企业,工业,国防军工,工业--国防军工--航空航天与国防Ⅲ--航空航天,2021,,,,,,,,,,3299177131.0,,0.093446643,307007852.7,1289174.33,target_year,,,,,,,,,,SOE_target,0.109764,0.15221500000000002,21.79931661,0.017393366,0.273615357,0.643864279,0.380180108,0.15930884,0.326786323,2.195231823,0.054289079,True,H_nonSOE,0.06173341708968907,0.15221500000000002,-0.09048158291031094,-298514769.1143783,0.0,1,0,,
302132.SZ,中航成飞,CSI,中央国有企业,工业,国防军工,工业--国防军工--航空航天与国防Ⅲ--航空航天,2022,,,,,,,,,,3653386274.0,,0.053896446,192869415.8,4035120.0,target_year,,,,,,,,,,SOE_target,0.061519000000000004,0.087141,21.91693892,0.017013231,0.271325141,0.618467046,0.331618995,0.194091611,0.333050818,2.025433447,0.079859872,True,H_nonSOE,0.053662728954388436,0.087141,-0.03347827104561156,-122309055.9152889,0.0,1,0,,
302132.SZ,中航成飞,CSI,中央国有企业,工业,国防军工,工业--国防军工--航空航天与国防Ⅲ--航空航天,2023,,,,,,,,,,3974910728.94,,0.023927,98167133.37,-3060194.8,target_year,,,,,,,,,,SOE_target,0.024353,0.041905,22.01892,0.014535,0.272876,0.542331,0.285757,0.253218,0.359161,1.879366,0.060375,True,H_nonSOE,0.04407246372456175,0.041905,0.0021674637245617523,8615474.813348763,8615474.813348763,1,0,,
302132.SZ,中航成飞,CSI,中央国有企业,工业,国防军工,工业--国防军工--航空航天与国防Ⅲ--航空航天,2024,,,,,,,,,,4240904107.27,,0.028572,112308792.39,8862120.9,target_year,,,,,,,,,,SOE_target,0.030506000000000002,0.045963000000000004,22.103268,0.01023,0.247277,0.433118,0.301447,0.267885,0.389709,2.05273,0.060168,True,H_nonSOE,0.018331885567530994,0.045963000000000004,-0.02763111443246901,-117180906.6851052,0.0,1,0,,
302132.SZ,中航成飞,CSI,中央国有企业,工业,国防军工,工业--国防军工--航空航天与国防Ⅲ--航空航天,2025,,,,,,,,,,114547703019.42,,0.030012,3432289851.96,5548186.19,target_year,,,,,,,,,,SOE_target,0.069925,0.289526,22.168042,0.010955,0.253215,0.427063,0.310679,0.281781,0.400591,2.116237,0.032194,True,H_nonSOE,0.02173886431774326,0.289526,-0.26778713568225676,-30674401290.552277,0.0,1,0,,
600009.SH,上海机场,CSI,地方国有企业,工业,交通运输,工业--交通运输--交通基础设施--机场服务,2019,,,,,,,,,,37171229056.0,,0.135325363,5030210053.0,0.0,target_year,,,,,,,,,,SOE_target,0.18968,0.16697700000000001,24.15495134,0.010667317,0.111099702,0.317768449,0.26997457,0.538896291,0.074177692,4.651502557,0.115411128,True,H_nonSOE,-0.12213433515268582,0.16697700000000001,-0.28911133515268583,-10746623661.64647,0.0,0,1,HHI_lag,
600009.SH,上海机场,CSI,地方国有企业,工业,交通运输,工业--交通运输--交通基础设施--机场服务,2020,,,,,,,,,,33202181016.0,,-0.046464322,-1266651388.0,-276065448.4,target_year,,,,,,,,,,SOE_target,-0.043074,-0.04138,24.33880089,0.01129868,0.108646931,0.321133894,0.208572246,0.544341853,0.127020399,2.644322879,0.061933017,True,H_nonSOE,-0.06974899479828267,-0.04138,-0.02836899479828267,-941912500.5345436,0.0,0,1,HHI_lag,
600009.SH,上海机场,CSI,地方国有企业,工业,交通运输,工业--交通运输--交通基础设施--机场服务,2021,,,,,,,,,,51426088634.0,,-0.024815916,-1710938710.0,434753220.5,target_year,,,,,,,,,,SOE_target,-0.053886,-0.060328999999999994,24.2258814,0.005403886,0.123286456,0.122176142,0.186864173,0.587093421,0.109730278,2.713927985,0.039917988,True,H_nonSOE,-0.09016750088847295,-0.060328999999999994,-0.029838500888472952,-1534477391.3962977,0.0,0,1,HHI_lag,
600009.SH,上海机场,CSI,地方国有企业,工业,交通运输,工业--交通运输--交通基础设施--机场服务,2022,,,,,,,,,,67775098796.0,,-0.037307282,-2994949875.0,466445182.7,target_year,,,,,,,,,,SOE_target,-0.064178,-0.089252,24.66341144,0.003380414,0.15352339,0.087950406,0.070495039,0.374915455,0.461247466,1.455015779,0.029224342,True,H_nonSOE,-0.11069553542358096,-0.089252,-0.02144353542358096,-1453337731.8687253,0.0,1,0,,
600009.SH,上海机场,CSI,地方国有企业,工业,交通运输,工业--交通运输--交通基础设施--机场服务,2023,,,,,,,,,,69480530979.72,,0.019528,934049713.44,422770066.22,target_year,,,,,,,,,,SOE_target,0.020225,0.023308,24.939461,0.004577,0.180808,0.090186,0.110696,0.392449,0.399433,1.849756,0.018317,True,H_nonSOE,-0.10001939119673359,0.023308,-0.12332739119673358,-8568852624.692696,0.0,1,0,,
600009.SH,上海机场,CSI,地方国有企业,工业,交通运输,工业--交通运输--交通基础设施--机场服务,2024,,,,,,,,,,70046212107.27,,0.03427,1933948719.51,466522580.65,target_year,,,,,,,,,,SOE_target,0.045598,0.047057,24.964312,0.008884,0.114556,0.157351,0.116209,0.374799,0.395132,1.836529,0.017904,True,H_nonSOE,-0.09524582762747619,0.047057,-0.1423028276274762,-9967774047.45848,0.0,0,1,HHI_lag,
600009.SH,上海机场,CSI,地方国有企业,工业,交通运输,工业--交通运输--交通基础设施--机场服务,2025,,,,,,,,,,71678547661.74,,0.035391,2116775136.25,419999345.8,target_year,,,,,,,,,,SOE_target,0.048545,0.050284,24.972421,0.008704,0.116886,0.173305,0.148691,0.359696,0.378552,2.103956,0.027949,True,H_nonSOE,-0.09690793126374053,0.050284,-0.14719193126374053,-10550503860.511583,0.0,0,1,HHI_lag,
600010.SH,包钢股份,CSI,地方国有企业,材料,钢铁Ⅱ,材料--钢铁Ⅱ--钢铁Ⅲ--钢铁Ⅳ,2019,,,,,,,,,,147087000000.0,,0.020683039,667930745.0,2374267551.0,target_year,,,,,,,,,,SOE_target,0.024859,0.012701,25.72587357,0.174587004,0.659924097,0.451986254,-0.235444349,0.471268423,0.646037382,0.561392251,0.016541917,True,H_nonSOE,0.13064769846736818,0.012701,0.11794669846736817,17348426037.469784,17348426037.469784,1,0,,
600010.SH,包钢股份,CSI,地方国有企业,材料,钢铁Ⅱ,材料--钢铁Ⅱ--钢铁Ⅲ--钢铁Ⅳ,2020,,,,,,,,,,144222000000.0,,0.02008244,405957990.0,2490377141.0,target_year,,,,,,,,,,SOE_target,0.021772,0.007696,25.71428751,0.147407036,0.517023931,0.423508272,-0.181707264,0.468132667,0.585405843,0.607224895,0.013326807,True,H_nonSOE,0.13668526519584048,0.007696,0.12898926519584047,18603089805.074505,18603089805.074505,1,0,,
600010.SH,包钢股份,CSI,地方国有企业,材料,钢铁Ⅱ,材料--钢铁Ⅱ--钢铁Ⅲ--钢铁Ⅳ,2021,,,,,,,,,,147968000000.0,,0.033773765,2866448328.0,2130985927.0,target_year,,,,,,,,,,SOE_target,0.039842,0.053052999999999996,25.69462152,0.141260049,0.51422962,0.402798272,-0.126304511,0.463882778,0.57276154,0.682397053,0.007599126,True,H_nonSOE,0.13520348519883246,0.053052999999999996,0.08215048519883247,12155642993.900843,12155642993.900843,1,0,,
600010.SH,包钢股份,CSI,地方国有企业,材料,钢铁Ⅱ,材料--钢铁Ⅱ--钢铁Ⅲ--钢铁Ⅳ,2022,,,,,,,,,,146722000000.0,,0.008217907,-729956771.6,1935705241.0,target_year,,,,,,,,,,SOE_target,0.004838,-0.013555999999999999,25.72026144,0.15636373,0.499605416,0.583180909,-0.168313007,0.406013773,0.566103529,0.625593506,0.00641977,True,H_nonSOE,0.17175525568801614,-0.013555999999999999,0.18531125568801615,27189238057.057106,27189238057.057106,1,0,,
600010.SH,包钢股份,CSI,地方国有企业,材料,钢铁Ⅱ,材料--钢铁Ⅱ--钢铁Ⅲ--钢铁Ⅳ,2023,,,,,,,,,,151775636822.69,,0.016546,515270562.53,1995948456.05,target_year,,,,,,,,,,SOE_target,0.016189,0.009885,25.711806,0.13229,0.520062,0.480279,-0.201207,0.42375,0.581556,0.564601,0.00666,True,H_nonSOE,0.1497168620472415,0.009885,0.1398318620472415,21223069910.322613,21223069910.322613,1,0,,
600010.SH,包钢股份,CSI,地方国有企业,材料,钢铁Ⅱ,材料--钢铁Ⅱ--钢铁Ⅲ--钢铁Ⅳ,2024,,,,,,,,,,155125400366.74,,0.015523,264629175.96,2143386028.83,target_year,,,,,,,,,,SOE_target,0.014527000000000002,0.005102,25.745669,0.131409,0.490176,0.462663,-0.205062,0.44482,0.595039,0.556477,0.011571,True,H_nonSOE,0.14102055737515057,0.005102,0.13591855737515057,21084420630.089954,21084420630.089954,1,0,,
600010.SH,包钢股份,CSI,地方国有企业,材料,钢铁Ⅱ,材料--钢铁Ⅱ--钢铁Ⅲ--钢铁Ⅳ,2025,,,,,,,,,,151673460592.94,,0.014627,373622495.09,1844903595.26,target_year,,,,,,,,,,SOE_target,0.015224,0.007188,25.7675,0.13429,0.484294,0.434063,-0.192026,0.428071,0.604798,0.579791,0.011855,True,H_nonSOE,0.1366018869090479,0.007188,0.1294138869090479,19628652076.27867,19628652076.27867,1,0,,
600011.SH,华能国际,CSI,中央国有企业,公用事业,公用事业Ⅱ,公用事业--公用事业Ⅱ--电力--电力公用事业,2019,,,,,,,,,,428250000000.0,,0.026921334,766345000.0,10762718000.0,target_year,,,,,,,,,,SOE_target,0.032111,0.007541,26.76329031,0.285447759,0.148389593,0.415314426,-0.181963664,0.671729097,0.72345617,0.447151161,0.04931611,True,H_nonSOE,0.028114173285011687,0.007541,0.020573173285011688,8810461459.306255,8810461459.306255,0,2,"FirmSize_lag, FixedAssetsRatio_lag",
600011.SH,华能国际,CSI,中央国有企业,公用事业,公用事业Ⅱ,公用事业--公用事业Ⅱ--电力--电力公用事业,2020,,,,,,,,,,449905000000.0,,0.02573537,2377851000.0,9200612000.0,target_year,,,,,,,,,,SOE_target,0.03116,0.019927999999999998,26.78297312,0.257988212,0.143602423,0.410325317,-0.188765901,0.666953567,0.695553936,0.42918532,0.07328115,True,H_nonSOE,0.023244554898746397,0.019927999999999998,0.0033165548987463996,1492134631.7204988,1492134631.7204988,0,2,"FirmSize_lag, FixedAssetsRatio_lag",
600011.SH,华能国际,CSI,中央国有企业,公用事业,公用事业Ⅱ,公用事业--公用事业Ⅱ--电力--电力公用事业,2021,,,,,,,,,,500771000000.0,,-0.003670327,-10636194000.0,8798200000.0,target_year,,,,,,,,,,SOE_target,-0.013907000000000001,-0.08757899999999999,26.83230153,0.222803186,0.126082379,0.385914541,-0.195397977,0.66718834,0.663003716,0.429331065,0.094593931,True,H_nonSOE,0.01645969432626982,-0.08757899999999999,0.1040386943262698,52099560996.46046,52099560996.46046,0,3,"FirmSize_lag, FixedAssetsRatio_lag, HHI_lag",
600011.SH,华能国际,CSI,中央国有企业,公用事业,公用事业Ⅱ,公用事业--公用事业Ⅱ--电力--电力公用事业,2022,,,,,,,,,,512222000000.0,,0.003779402,-8026233000.0,9962125000.0,target_year,,,,,,,,,,SOE_target,-0.002352,-0.070186,26.93941519,0.21921326,0.130392082,0.430441304,-0.187565045,0.640191789,0.733295352,0.496094243,0.085978992,True,H_nonSOE,0.010582214260978537,-0.070186,0.08076821426097854,41371256245.18695,41371256245.18695,0,3,"FirmSize_lag, FixedAssetsRatio_lag, HHI_lag",
600011.SH,华能国际,CSI,中央国有企业,公用事业,公用事业Ⅱ,公用事业--公用事业Ⅱ--电力--电力公用事业,2023,,,,,,,,,,550316013000.0,,0.031428,8357460000.0,8938084000.0,target_year,,,,,,,,,,SOE_target,0.039355,0.065696,26.962024,0.225738,0.129341,0.48712,-0.165185,0.656213,0.735825,0.506159,0.079233,True,H_nonSOE,0.020820228555022247,0.065696,-0.04487577144497776,-24695855621.89941,0.0,0,3,"FirmSize_lag, FixedAssetsRatio_lag, HHI_lag",
600011.SH,华能国际,CSI,中央国有企业,公用事业,公用事业Ⅱ,公用事业--公用事业Ⅱ--电力--电力公用事业,2024,,,,,,,,,,595576880000.0,,0.030174,10184633000.0,7786460000.0,target_year,,,,,,,,,,SOE_target,0.043636999999999995,0.072089,27.033759,0.220813,0.121904,0.478847,-0.133115,0.669935,0.674088,0.55332,0.106634,True,H_nonSOE,0.02211322765483456,0.072089,-0.04997577234516544,-29764414568.923916,0.0,0,3,"FirmSize_lag, FixedAssetsRatio_lag, HHI_lag",
600011.SH,华能国际,CSI,中央国有企业,公用事业,公用事业Ⅱ,公用事业--公用事业Ⅱ--电力--电力公用事业,2025,,,,,,,,,,619678043000.0,,0.034876,14536770000.0,7075104000.0,target_year,,,,,,,,,,SOE_target,0.04979,0.09944900000000001,27.112796,0.214312,0.118327,0.428576,-0.138418,0.676548,0.646428,0.538775,0.103737,True,H_nonSOE,0.020965826197804335,0.09944900000000001,-0.07848317380219567,-48634299550.173485,0.0,0,3,"FirmSize_lag, FixedAssetsRatio_lag, HHI_lag",
600018.SH,上港集团,CSI,地方国有企业,工业,交通运输,工业--交通运输--交通基础设施--海港与服务,2019,,,,,,,,,,142177000000.0,,0.071946458,9062278384.0,1166874402.0,target_year,,,,,,,,,,SOE_target,0.088708,0.115,25.69562474,0.043247584,0.111099702,0.263775755,0.111980011,0.224977432,0.429576738,1.510355431,0.009939284,True,H_nonSOE,-0.05653041343509575,0.115,-0.17153041343509576,-24387679590.96161,0.0,0,1,HHI_lag,
600018.SH,上港集团,CSI,地方国有企业,工业,交通运输,工业--交通运输--交通基础设施--海港与服务,2020,,,,,,,,,,155925000000.0,,0.058674426,8307143208.0,841651919.0,target_year,,,,,,,,,,SOE_target,0.07094400000000001,0.097976,25.68034068,0.036949366,0.108646931,0.249586126,0.148127441,0.226792005,0.361439131,2.088994379,0.018116082,True,H_nonSOE,-0.05869719743229379,0.097976,-0.1566731974322938,-24429268309.63041,0.0,0,1,HHI_lag,
600018.SH,上港集团,CSI,地方国有企业,工业,交通运输,工业--交通运输--交通基础设施--海港与服务,2021,,,,,,,,,,170787000000.0,,0.091969319,14682049061.0,1025159017.0,target_year,,,,,,,,,,SOE_target,0.11466,0.156769,25.77263936,0.03221372,0.123286456,0.171935177,0.136270403,0.219397156,0.384449232,1.948323212,0.026470955,True,H_nonSOE,-0.07396301810672323,0.156769,-0.23073201810672322,-39406029176.39294,0.0,0,1,HHI_lag,
600018.SH,上港集团,CSI,地方国有企业,工业,交通运输,工业--交通运输--交通基础设施--海港与服务,2022,,,,,,,,,,181802000000.0,,0.100678041,17223915521.0,1079524113.0,target_year,,,,,,,,,,SOE_target,0.11762299999999999,0.162399,25.8636858,0.030346527,0.15352339,0.204515865,0.124531649,0.198931958,0.368773225,1.726333925,0.025329621,True,H_nonSOE,-0.06016460764606241,0.162399,-0.2225636076460624,-40462508997.26943,0.0,1,0,,
600018.SH,上港集团,CSI,地方国有企业,工业,交通运输,工业--交通运输--交通基础设施--海港与服务,2023,,,,,,,,,,203575515172.97,,0.068344,13203137528.87,710060052.85,target_year,,,,,,,,,,SOE_target,0.08431699999999999,0.112127,25.926182,0.03082,0.180808,0.205288,0.113647,0.204329,0.333521,1.798842,0.031603,True,H_nonSOE,-0.05557968607356109,0.112127,-0.1677066860735611,-34140975015.376755,0.0,1,0,,
600018.SH,上港集团,CSI,地方国有企业,工业,交通运输,工业--交通运输--交通基础设施--海港与服务,2024,,,,,,,,,,212055541073.03,,0.0729,14954353821.25,504486954.24,target_year,,,,,,,,,,SOE_target,0.092489,0.11661099999999999,26.039303,0.030003,0.114556,0.18927,0.148418,0.217938,0.331028,2.323133,0.039309,True,H_nonSOE,-0.07078294311546426,0.11661099999999999,-0.18739394311546426,-39737924001.15838,0.0,0,1,HHI_lag,
600018.SH,上港集团,CSI,地方国有企业,工业,交通运输,工业--交通运输--交通基础设施--海港与服务,2025,,,,,,,,,,221735642992.73,,0.064018,13564589175.03,630411404.37,target_year,,,,,,,,,,SOE_target,0.086867,0.09892200000000001,26.080114,0.026759,0.116886,0.178859,0.12108,0.214478,0.304858,2.113032,0.029471,True,H_nonSOE,-0.059462552222044496,0.09892200000000001,-0.1583845522220445,-35119500527.07066,0.0,0,1,HHI_lag,
600019.SH,宝钢股份,CSI,中央国有企业,材料,钢铁Ⅱ,材料--钢铁Ⅱ--钢铁Ⅲ--钢铁Ⅳ,2019,,,,,,,,,,339633000000.0,,0.043755661,12423230252.0,2437636362.0,target_year,,,,,,,,,,SOE_target,0.050975,0.070026,26.537816,0.792700029,0.659924097,0.884642307,-0.039430299,0.472887343,0.435326289,0.900867436,0.038072477,True,H_nonSOE,0.24196662503650257,0.070026,0.17194062503650256,58396710303.02248,58396710303.02248,0,1,MarketShare_lag,
600019.SH,宝钢股份,CSI,中央国有企业,材料,钢铁Ⅱ,材料--钢铁Ⅱ--钢铁Ⅲ--钢铁Ⅳ,2020,,,,,,,,,,356225000000.0,,0.039689294,12676775744.0,1461545060.0,target_year,,,,,,,,,,SOE_target,0.046049,0.069955,26.55113147,0.683043162,0.517023931,0.860518238,-0.005954304,0.459035729,0.436992531,0.98474751,0.051892104,True,H_nonSOE,0.23182338806866926,0.069955,0.16186838806866927,57661566539.76171,57661566539.76171,1,0,,
600019.SH,宝钢股份,CSI,中央国有企业,材料,钢铁Ⅱ,材料--钢铁Ⅱ--钢铁Ⅲ--钢铁Ⅳ,2021,,,,,,,,,,380398000000.0,,0.066824544,23631996673.0,1787896717.0,target_year,,,,,,,,,,SOE_target,0.083376,0.12593500000000002,26.59882854,0.679927421,0.51422962,0.811640837,0.048629822,0.44341339,0.439279576,1.134195774,0.054945494,True,H_nonSOE,0.21954647163612134,0.12593500000000002,0.09361147163612132,35609616587.43728,35609616587.43728,1,0,,
600019.SH,宝钢股份,CSI,中央国有企业,材料,钢铁Ⅱ,材料--钢铁Ⅱ--钢铁Ⅲ--钢铁Ⅳ,2022,,,,,,,,,,398249000000.0,,0.034483213,12186850692.0,1546049308.0,target_year,,,,,,,,,,SOE_target,0.038641999999999996,0.063217,26.66448276,0.666046227,0.499605416,0.985353956,0.031417823,0.420460315,0.446051724,1.086979158,0.062887585,True,H_nonSOE,0.2443731483391665,0.063217,0.18115614833916652,72145254919.92473,72145254919.92473,0,1,FirmSize_lag,
600019.SH,宝钢股份,CSI,中央国有企业,材料,钢铁Ⅱ,材料--钢铁Ⅱ--钢铁Ⅲ--钢铁Ⅳ,2023,,,,,,,,,,376051483588.01,,0.034404,11944052177.22,993608758.07,target_year,,,,,,,,,,SOE_target,0.038966,0.060484,26.710343,0.684954,0.520062,0.941136,0.077592,0.406806,0.457936,1.214609,0.056304,True,H_nonSOE,0.2342662326496621,0.060484,0.17378223264966208,65351066409.142136,65351066409.142136,0,1,FirmSize_lag,
600019.SH,宝钢股份,CSI,中央国有企业,材料,钢铁Ⅱ,材料--钢铁Ⅱ--钢铁Ⅲ--钢铁Ⅳ,2024,,,,,,,,,,364873528314.28,,0.023675,7361925588.6,1276380176.69,target_year,,,,,,,,,,SOE_target,0.028655,0.036729,26.652992,0.653022,0.490176,0.886335,0.060295,0.436439,0.414607,1.198963,0.05592,True,H_nonSOE,0.2338819995510616,0.036729,0.19715299955106158,71935910563.9395,71935910563.9395,0,1,FirmSize_lag,
600019.SH,宝钢股份,CSI,中央国有企业,材料,钢铁Ⅱ,材料--钢铁Ⅱ--钢铁Ⅲ--钢铁Ⅳ,2025,,,,,,,,,,363020038344.87,,0.031204,10345621735.27,982227625.3,target_year,,,,,,,,,,SOE_target,0.038849999999999996,0.050873999999999996,26.622817,0.646787,0.484294,0.865952,0.062198,0.440586,0.396602,1.204451,0.052995,True,H_nonSOE,0.23490224289636863,0.050873999999999996,0.18402824289636863,66805939792.778786,66805939792.778786,0,1,FirmSize_lag,
600023.SH,浙能电力,CSI,地方国有企业,公用事业,公用事业Ⅱ,公用事业--公用事业Ⅱ--电力--电力公用事业,2019,,,,,,,,,,110970000000.0,,0.050534123,4293272329.0,1314488272.0,target_year,,,,,,,,,,SOE_target,0.06282,0.068494,25.42098188,0.094581215,0.148389593,0.504803137,0.064295709,0.496581631,0.369600083,1.42961057,0.0190636,True,H_nonSOE,0.07847867373019494,0.068494,0.009984673730194946,1107999243.8397331,1107999243.8397331,1,0,,
600023.SH,浙能电力,CSI,地方国有企业,公用事业,公用事业Ⅱ,公用事业--公用事业Ⅱ--电力--电力公用事业,2020,,,,,,,,,,114512000000.0,,0.061668532,6086298670.0,975514753.9,target_year,,,,,,,,,,SOE_target,0.069368,0.092206,25.43252377,0.07992097,0.143602423,0.488571268,0.111892252,0.462811915,0.346698754,1.869567311,0.015793276,True,H_nonSOE,0.07374275370469957,0.092206,-0.018463246295300426,-2114263259.7674422,0.0,1,0,,
600023.SH,浙能电力,CSI,地方国有企业,公用事业,公用事业Ⅱ,公用事业--公用事业Ⅱ--电力--电力公用事业,2021,,,,,,,,,,115629000000.0,,0.000902358,-861139048.7,965477507.3,target_year,,,,,,,,,,SOE_target,-0.024626000000000002,-0.013076,25.46394921,0.067378873,0.126082379,0.454519211,0.114780798,0.432954564,0.333572726,1.787152941,0.027964981,True,H_nonSOE,0.07038798172013991,-0.013076,0.08346398172013991,9650856742.318058,9650856742.318058,0,1,HHI_lag,
600023.SH,浙能电力,CSI,地方国有企业,公用事业,公用事业Ⅱ,公用事业--公用事业Ⅱ--电力--电力公用事业,2022,,,,,,,,,,120921000000.0,,-0.004608855,-1828584556.0,1271279231.0,target_year,,,,,,,,,,SOE_target,-0.026208999999999996,-0.029239,25.47365009,0.075649559,0.130392082,0.613609027,0.03506961,0.416813536,0.379713517,1.175566727,0.040747512,True,H_nonSOE,0.0961411645505448,-0.029239,0.1253801645505448,15161094877.616426,15161094877.616426,0,1,HHI_lag,
600023.SH,浙能电力,CSI,地方国有企业,公用事业,公用事业Ⅱ,公用事业--公用事业Ⅱ--电力--电力公用事业,2023,,,,,,,,,,147240775217.75,,0.05267,6519770719.89,1235423486.11,target_year,,,,,,,,,,SOE_target,0.06791900000000001,0.101326,25.5184,0.073071,0.129341,0.675243,0.026448,0.388835,0.441894,1.12047,0.046614,True,H_nonSOE,0.09407639051062032,0.101326,-0.00724960948937968,-1067438121.2422208,0.0,0,1,HHI_lag,
600023.SH,浙能电力,CSI,地方国有企业,公用事业,公用事业Ⅱ,公用事业--公用事业Ⅱ--电力--电力公用事业,2024,,,,,,,,,,154085417032.43,,0.057312,7753383026.78,1077486855.79,target_year,,,,,,,,,,SOE_target,0.073738,0.110196,25.715335,0.082944,0.121904,0.712701,0.070542,0.360131,0.456895,1.324005,0.061328,True,H_nonSOE,0.09019954878728635,0.110196,-0.01999645121271365,-3081161524.2796235,0.0,0,1,HHI_lag,
600023.SH,浙能电力,CSI,地方国有企业,公用事业,公用事业Ⅱ,公用事业--公用事业Ⅱ--电力--电力公用事业,2025,,,,,,,,,,156337713781.7,,0.054322,7528041660.9,964494281.96,target_year,,,,,,,,,,SOE_target,0.064713,0.100489,25.760773,0.076372,0.118327,0.580798,0.020493,0.379917,0.436542,1.089867,0.062822,True,H_nonSOE,0.0789383463866945,0.100489,-0.021550653613305493,-3369179916.4055133,0.0,0,1,HHI_lag,
600025.SH,华能水电,CSI,中央国有企业,公用事业,公用事业Ⅱ,公用事业--公用事业Ⅱ--电力--新能源发电业者,2019,,,,,,,,,,167460000000.0,,0.059975261,5544565706.0,4498862232.0,target_year,,,,,,,,,,SOE_target,0.063759,0.11171900000000001,25.84940273,0.02561941,0.148389593,0.090486908,-0.206299429,0.893747433,0.72808843,0.19707849,0.045755398,True,H_nonSOE,-0.03849343487794753,0.11171900000000001,-0.15021243487794755,-25154574344.6611,0.0,0,2,"FixedAssetsRatio_lag, CurrentRatio_lag",
600025.SH,华能水电,CSI,中央国有企业,公用事业,公用事业Ⅱ,公用事业--公用事业Ⅱ--电力--新能源发电业者,2020,,,,,,,,,,164632000000.0,,0.052680692,4834590181.0,3838342905.0,target_year,,,,,,,,,,SOE_target,0.057054,0.082913,25.84400745,0.030372672,0.143602423,0.122003663,-0.120187065,0.890221278,0.661096442,0.272467001,0.025680616,True,H_nonSOE,-0.021024045367731503,0.082913,-0.1039370453677315,-17111363652.980373,0.0,0,2,"FixedAssetsRatio_lag, CurrentRatio_lag",
600025.SH,华能水电,CSI,中央国有企业,公用事业,公用事业Ⅱ,公用事业--公用事业Ⅱ--电力--新能源发电业者,2021,,,,,,,,,,160654000000.0,,0.057343974,5837544928.0,3375009615.0,target_year,,,,,,,,,,SOE_target,0.04386,0.09267500000000001,25.82697914,0.024891608,0.126082379,0.114008133,-0.098900698,0.898091745,0.614218443,0.28005557,0.026261211,True,H_nonSOE,-0.0134020043716815,0.09267500000000001,-0.10607700437168151,-17041695060.328121,0.0,0,3,"FixedAssetsRatio_lag, HHI_lag, CurrentRatio_lag",
600025.SH,华能水电,CSI,中央国有企业,公用事业,公用事业Ⅱ,公用事业--公用事业Ⅱ--电力--新能源发电业者,2022,,,,,,,,,,162879000000.0,,0.05980324,6801255631.0,2939458221.0,target_year,,,,,,,,,,SOE_target,0.051261,0.102966,25.80252053,0.021238323,0.130392082,0.121880419,-0.118007314,0.90376974,0.587768792,0.162074982,0.037470232,True,H_nonSOE,-0.010565442182951634,0.102966,-0.11353144218295164,-18491887771.31698,0.0,0,3,"FixedAssetsRatio_lag, HHI_lag, CurrentRatio_lag",
600025.SH,华能水电,CSI,中央国有企业,公用事业,公用事业Ⅱ,公用事业--公用事业Ⅱ--电力--新能源发电业者,2023,,,,,,,,,,195239265297.35,,0.053107,7638074711.0,2730456864.91,target_year,,,,,,,,,,SOE_target,0.052607999999999995,0.113096,25.816276,0.019028,0.129341,0.128562,-0.108919,0.902161,0.571473,0.169814,0.048581,True,H_nonSOE,-0.011161754701976778,0.113096,-0.12425775470197678,-24259992735.512283,0.0,0,3,"FixedAssetsRatio_lag, HHI_lag, CurrentRatio_lag",
600025.SH,华能水电,CSI,中央国有企业,公用事业,公用事业Ⅱ,公用事业--公用事业Ⅱ--电力--新能源发电业者,2024,,,,,,,,,,214607123371.44,,0.051125,8297028967.06,2674676981.69,target_year,,,,,,,,,,SOE_target,0.06363100000000001,0.11774699999999999,25.997492,0.019985,0.121904,0.128588,-0.126507,0.906214,0.637761,0.149448,0.092856,True,H_nonSOE,-0.03626360307900667,0.11774699999999999,-0.15401060307900666,-33051772495.48626,0.0,0,3,"FixedAssetsRatio_lag, HHI_lag, CurrentRatio_lag",
600025.SH,华能水电,CSI,中央国有企业,公用事业,公用事业Ⅱ,公用事业--公用事业Ⅱ--电力--新能源发电业者,2025,,,,,,,,,,226717001711.92,,0.049089,8504138221.82,2625266463.59,target_year,,,,,,,,,,SOE_target,0.060695,0.109335,26.092075,0.021295,0.118327,0.119065,-0.17103,0.897786,0.6311,0.141749,0.09497,True,H_nonSOE,-0.03327327328989353,0.109335,-0.14260827328989353,-32331720139.59875,0.0,0,3,"FixedAssetsRatio_lag, HHI_lag, CurrentRatio_lag",
600026.SH,中远海能,CSI,中央国有企业,工业,交通运输,工业--交通运输--海上运输Ⅲ--海上运输Ⅳ,2019,,,,,,,,,,65841861000.0,,0.027846783,413857000.0,1419627000.0,target_year,,,,,,,,,,SOE_target,0.035864,0.014698,24.87298624,0.013892163,0.111099702,0.195469911,-0.062080665,0.777889449,0.53841184,0.638202775,0.054344432,True,H_nonSOE,-0.11504851677565886,0.014698,-0.12974651677565885,-8542752122.777098,0.0,0,2,"FixedAssetsRatio_lag, HHI_lag",
600026.SH,中远海能,CSI,中央国有企业,工业,交通运输,工业--交通运输--海上运输Ⅲ--海上运输Ⅳ,2020,,,,,,,,,,65959857000.0,,0.051866941,2381415000.0,1039721000.0,target_year,,,,,,,,,,SOE_target,0.059844,0.075906,24.91052166,0.014177998,0.108646931,0.21230603,-0.082326986,0.74665104,0.55700514,0.561023832,0.019372797,True,H_nonSOE,-0.10465897029491894,0.075906,-0.18056497029491894,-11910039619.8621,0.0,0,2,"FixedAssetsRatio_lag, HHI_lag",
600026.SH,中远海能,CSI,中央国有企业,工业,交通运输,工业--交通运输--海上运输Ⅲ--海上运输Ⅳ,2021,,,,,,,,,,59388937000.0,,-0.070025062,-4985386000.0,826672000.0,target_year,,,,,,,,,,SOE_target,-0.05904499999999999,-0.157733,24.91231217,0.020449402,0.123286456,0.246858649,-0.030524157,0.735252413,0.46024222,0.796482244,0.083477455,True,H_nonSOE,-0.10252141081416771,-0.157733,0.0552115891858323,3278957591.8272758,3278957591.8272758,0,2,"FixedAssetsRatio_lag, HHI_lag",
600026.SH,中远海能,CSI,中央国有企业,工业,交通运输,工业--交通运输--海上运输Ⅲ--海上运输Ⅳ,2022,,,,,,,,,,68250082000.0,,0.035972367,1461118000.0,993999000.0,target_year,,,,,,,,,,SOE_target,0.058710000000000005,0.048573000000000005,24.8073738,0.011485638,0.15352339,0.20175224,-0.115369871,0.728866944,0.496164025,0.486296004,0.049270254,True,H_nonSOE,-0.10251261247858925,0.048573000000000005,-0.15108561247858926,-10311605440.68394,0.0,0,1,FixedAssetsRatio_lag,
600026.SH,中远海能,CSI,中央国有企业,工业,交通运输,工业--交通运输--海上运输Ⅲ--海上运输Ⅳ,2023,,,,,,,,,,72083612000.0,,0.066136,3348717000.0,1418587000.0,target_year,,,,,,,,,,SOE_target,0.087773,0.10153499999999999,24.946444,0.015811,0.180808,0.290927,-0.032351,0.691269,0.508127,0.791518,0.065197,True,H_nonSOE,-0.1004921811565348,0.10153499999999999,-0.20202718115653479,-14562848939.941364,0.0,0,1,FixedAssetsRatio_lag,
600026.SH,中远海能,CSI,中央国有企业,工业,交通运输,工业--交通运输--海上运输Ⅲ--海上运输Ⅳ,2024,,,,,,,,,,81042317000.0,,0.066951,4038089000.0,1387805000.0,target_year,,,,,,,,,,SOE_target,0.086607,0.11495,25.001093,0.018027,0.114556,0.312291,0.010305,0.69434,0.485274,1.085128,0.078267,True,H_nonSOE,-0.10221388897688877,0.11495,-0.21716388897688876,-17599464731.417824,0.0,0,2,"FixedAssetsRatio_lag, HHI_lag",
600026.SH,中远海能,CSI,中央国有企业,工业,交通运输,工业--交通运输--海上运输Ⅲ--海上运输Ⅳ,2025,,,,,,,,,,92078580000.0,,0.058354,4037075000.0,1336121000.0,target_year,,,,,,,,,,SOE_target,0.075335,0.09814,25.118237,0.016654,0.116886,0.30215,-0.008449,0.672639,0.518953,0.933002,0.097176,True,H_nonSOE,-0.1107828398204996,0.09814,-0.2089228398204996,-19237318420.23906,0.0,0,2,"FixedAssetsRatio_lag, HHI_lag",
600027.SH,华电国际,CSI,中央国有企业,公用事业,公用事业Ⅱ,公用事业--公用事业Ⅱ--电力--电力公用事业,2019,,,,,,,,,,232164000000.0,,0.035928784,3385324000.0,4956059000.0,target_year,,,,,,,,,,SOE_target,0.044404000000000006,0.058502,26.15039902,0.147175376,0.148389593,0.391599295,-0.218739097,0.773628096,0.700030648,0.341196999,0.07580338,True,H_nonSOE,0.00687278749166885,0.058502,-0.05162921250833115,-11986444492.784193,0.0,0,1,FixedAssetsRatio_lag,
600027.SH,华电国际,CSI,中央国有企业,公用事业,公用事业Ⅱ,公用事业--公用事业Ⅱ--电力--电力公用事业,2020,,,,,,,,,,236691000000.0,,0.036277765,4166756000.0,4419862000.0,target_year,,,,,,,,,,SOE_target,0.04776,0.06139,26.17071138,0.136033956,0.143602423,0.399220663,-0.175434407,0.759751414,0.652799229,0.395072825,0.064993263,True,H_nonSOE,0.01946898634420366,0.06139,-0.04192101365579634,-9922326643.204092,0.0,0,1,FixedAssetsRatio_lag,
600027.SH,华电国际,CSI,中央国有企业,公用事业,公用事业Ⅱ,公用事业--公用事业Ⅱ--电力--电力公用事业,2021,,,,,,,,,,222386000000.0,,0.004040654,-3341982000.0,4240567000.0,target_year,,,,,,,,,,SOE_target,-0.012641,-0.04884,26.19002106,0.11752776,0.126082379,0.381278595,-0.144868062,0.771747976,0.601196772,0.420261511,0.078810724,True,H_nonSOE,0.020365052318879806,-0.04884,0.0692050523188798,15390234764.986403,15390234764.986403,0,2,"FixedAssetsRatio_lag, HHI_lag",
600027.SH,华电国际,CSI,中央国有企业,公用事业,公用事业Ⅱ,公用事业--公用事业Ⅱ--电力--电力公用事业,2022,,,,,,,,,,226802000000.0,,0.017901154,-30791000.0,4090816000.0,target_year,,,,,,,,,,SOE_target,0.010929,-0.000492,26.12768062,0.108193469,0.130392082,0.4399417,-0.162191446,0.636210561,0.657044275,0.450692943,0.057896499,True,H_nonSOE,0.023299130506945376,-0.000492,0.023791130506945375,5395875981.236225,5395875981.236225,0,2,"FixedAssetsRatio_lag, HHI_lag",
600027.SH,华电国际,CSI,中央国有企业,公用事业,公用事业Ⅱ,公用事业--公用事业Ⅱ--电力--电力公用事业,2023,,,,,,,,,,226476498000.0,,0.036399,4601094000.0,3642399000.0,target_year,,,,,,,,,,SOE_target,0.041466,0.069153,26.147345,0.096947,0.129341,0.471786,-0.149299,0.630566,0.678006,0.463299,0.045957,True,H_nonSOE,0.025068947561374663,0.069153,-0.04408405243862534,-9984001813.948227,0.0,0,2,"FixedAssetsRatio_lag, HHI_lag",
600027.SH,华电国际,CSI,中央国有企业,公用事业,公用事业Ⅱ,公用事业--公用事业Ⅱ--电力--电力公用事业,2024,,,,,,,,,,227138590000.0,,0.039234,5669855000.0,3241716000.0,target_year,,,,,,,,,,SOE_target,0.05258,0.080532,26.145907,0.101013,0.121904,0.513485,-0.152841,0.626863,0.620701,0.452266,0.046311,True,H_nonSOE,0.043253045072061055,0.080532,-0.03727895492793895,-8467489259.005605,0.0,0,2,"FixedAssetsRatio_lag, HHI_lag",
600027.SH,华电国际,CSI,中央国有企业,公用事业,公用事业Ⅱ,公用事业--公用事业Ⅱ--电力--电力公用事业,2025,,,,,,,,,,264230768000.0,,0.034895,6070315000.0,3149957000.0,target_year,,,,,,,,,,SOE_target,0.056004,0.08776400000000001,26.148826,0.098093,0.118327,0.495538,-0.158672,0.612499,0.610296,0.446625,0.039921,True,H_nonSOE,0.04463432657746698,0.08776400000000001,-0.04312967342253303,-11396186732.025091,0.0,0,1,HHI_lag,
600028.SH,中国石化,CSI,中央国有企业,能源,石油石化,能源--石油石化--石油天然气--综合性石油天然气,2019,,,,,,,,,,1755070000000.0,,0.042430192,57465000000.0,17003000000.0,target_year,,,,,,,,,,SOE_target,0.059583000000000004,0.07896600000000001,28.09620565,0.515629105,0.452070271,1.772760125,-0.038295355,0.473981792,0.462079573,0.892093053,0.06469477,True,H_nonSOE,0.2950944372913963,0.07896600000000001,0.21612843729139627,379320536437.01086,379320536437.01086,0,1,FirmSize_lag,
600028.SH,中国石化,CSI,中央国有企业,能源,石油石化,能源--石油石化--石油天然气--综合性石油天然气,2020,,,,,,,,,,1733810000000.0,,0.027852036,33096000000.0,15194000000.0,target_year,,,,,,,,,,SOE_target,0.033555,0.044735,28.19353043,0.502320213,0.44417932,1.732990498,-0.074366222,0.453480799,0.500968907,0.773553283,0.080419539,True,H_nonSOE,0.2825243124159802,0.044735,0.2377893124159802,412281487759.9506,412281487759.9506,0,1,FirmSize_lag,
600028.SH,中国石化,CSI,中央国有企业,能源,石油石化,能源--石油石化--石油天然气--综合性石油天然气,2021,,,,,,,,,,1889260000000.0,,0.046046193,71975000000.0,15018000000.0,target_year,,,,,,,,,,SOE_target,0.065389,0.094974,28.18133953,0.475113231,0.429200271,1.174851729,-0.038525094,0.411817938,0.490797408,0.872086788,0.075665372,True,H_nonSOE,0.20613780777888646,0.094974,0.11116380777888646,210017335484.33902,210017335484.33902,0,1,FirmSize_lag,
600028.SH,中国石化,CSI,中央国有企业,能源,石油石化,能源--石油石化--石油天然气--综合性石油天然气,2022,,,,,,,,,,1948640000000.0,,0.042553781,66153000000.0,16769000000.0,target_year,,,,,,,,,,SOE_target,0.054667,0.084872,28.26720369,0.465583372,0.425995256,1.479136421,-0.044068164,0.399556439,0.515642939,0.870172156,0.076708015,True,H_nonSOE,0.2457243299774409,0.084872,0.1608523299774409,313443284287.2404,313443284287.2404,0,1,FirmSize_lag,
600028.SH,中国石化,CSI,中央国有企业,能源,石油石化,能源--石油石化--石油天然气--综合性石油天然气,2023,,,,,,,,,,2024696000000.0,,0.037724,58310000000.0,18069000000.0,target_year,,,,,,,,,,SOE_target,0.047907000000000005,0.073452,28.298153,0.456404,0.418201,1.69747,-0.074023,0.424268,0.519543,0.783865,0.088537,True,H_nonSOE,0.2736014420630631,0.073452,0.20014944206306307,405241774747.31555,405241774747.31555,0,1,FirmSize_lag,
600028.SH,中国石化,CSI,中央国有企业,能源,石油石化,能源--石油石化--石油天然气--综合性石油天然气,2024,,,,,,,,,,2081440000000.0,,0.032449,48939000000.0,18601000000.0,target_year,,,,,,,,,,SOE_target,0.039847,0.060462999999999996,28.336441,0.460426,0.410755,1.583995,-0.055634,0.430261,0.527925,0.825923,0.084701,True,H_nonSOE,0.2545469329083673,0.060462999999999996,0.19408393290836728,403974061312.792,403974061312.792,0,1,FirmSize_lag,
600028.SH,中国石化,CSI,中央国有企业,能源,石油石化,能源--石油石化--石油天然气--综合性石油天然气,2025,,,,,,,,,,2153485000000.0,,0.024018,32476000000.0,19247000000.0,target_year,,,,,,,,,,SOE_target,0.027008,0.039526,28.364081,0.453969,0.406814,1.46869,-0.071451,0.444803,0.532945,0.779094,0.06688,True,H_nonSOE,0.2424249400860788,0.039526,0.20289894008607878,436939823991.26935,436939823991.26935,0,1,FirmSize_lag,
600029.SH,南方航空,CSI,中央国有企业,工业,交通运输,工业--交通运输--航空客运Ⅲ--航空客运Ⅳ,2019,,,,,,,,,,306928000000.0,,0.02764492,2640000000.0,5845000000.0,target_year,,,,,,,,,,SOE_target,0.035481,0.040815000000000004,26.23244767,0.158517157,0.111099702,0.59297309,-0.24140612,0.844235044,0.682246132,0.287643242,0.097534309,True,H_nonSOE,-0.07064942506177829,0.040815000000000004,-0.1114644250617783,-34211553055.36149,0.0,0,3,"FixedAssetsRatio_lag, HHI_lag, CurrentRatio_lag",
600029.SH,南方航空,CSI,中央国有企业,工业,交通运输,工业--交通运输--航空客运Ⅲ--航空客运Ⅳ,2020,,,,,,,,,,326383000000.0,,-0.012656909,-10847000000.0,6716000000.0,target_year,,,,,,,,,,SOE_target,-0.027794,-0.162271,26.44987903,0.153048695,0.108646931,0.534837157,-0.256581348,0.404036126,0.748054918,0.17528537,0.050917479,True,H_nonSOE,-0.06974455564467574,-0.162271,0.09252644435532426,30199058488.023796,30199058488.023796,0,2,"HHI_lag, CurrentRatio_lag",
600029.SH,南方航空,CSI,中央国有企业,工业,交通运输,工业--交通运输--航空客运Ⅲ--航空客运Ⅳ,2021,,,,,,,,,,323211000000.0,,-0.018266705,-12106000000.0,6202000000.0,target_year,,,,,,,,,,SOE_target,-0.02581,-0.176171,26.51133738,0.109394427,0.123286456,0.274831797,-0.173710028,0.363232766,0.7391684,0.407447665,0.033889633,True,H_nonSOE,-0.10149914401074578,-0.176171,0.07467185598925422,24134765246.142845,24134765246.142845,0,1,HHI_lag,
600029.SH,南方航空,CSI,中央国有企业,工业,交通运输,工业--交通运输--航空客运Ⅲ--航空客运Ⅳ,2022,,,,,,,,,,312246000000.0,,-0.085487084,-32699000000.0,6006000000.0,target_year,,,,,,,,,,SOE_target,-0.081834,-0.599289,26.5015712,0.086545358,0.15352339,0.293349384,-0.2262423,0.380658455,0.738536127,0.341165871,0.053021091,True,H_nonSOE,-0.10818764813386567,-0.599289,0.4911013518661343,153344432714.79297,153344432714.79297,1,0,,
600029.SH,南方航空,CSI,中央国有企业,工业,交通运输,工业--交通运输--航空客运Ⅲ--航空客运Ⅳ,2023,,,,,,,,,,309596000000.0,,0.005775,-4140000000.0,5928000000.0,target_year,,,,,,,,,,SOE_target,0.013012999999999999,-0.105685,26.467057,0.068893,0.180808,0.254623,-0.345894,0.396537,0.822707,0.236494,0.037458,True,H_nonSOE,-0.12971951637361617,-0.105685,-0.02403451637361617,-7440990131.206072,0.0,0,1,CurrentRatio_lag,
600029.SH,南方航空,CSI,中央国有企业,工业,交通运输,工业--交通运输--航空客运Ⅲ--航空客运Ⅳ,2024,,,,,,,,,,329979000000.0,,0.012089,-1769000000.0,5758000000.0,target_year,,,,,,,,,,SOE_target,0.021871,-0.049129,26.458534,0.12459,0.114556,0.487085,-0.327837,0.412641,0.830854,0.215852,0.036722,True,H_nonSOE,-0.09323773208483582,-0.049129,-0.044108732084835824,-14554955304.62204,0.0,0,2,"HHI_lag, CurrentRatio_lag",
600029.SH,南方航空,CSI,中央国有企业,工业,交通运输,工业--交通运输--航空客运Ⅲ--航空客运Ⅳ,2025,,,,,,,,,,350053000000.0,,0.018306,855000000.0,5553000000.0,target_year,,,,,,,,,,SOE_target,0.029478,0.024175,26.522295,0.118891,0.116886,0.516421,-0.304986,0.411478,0.839881,0.27285,0.049085,True,H_nonSOE,-0.09493269026544637,0.024175,-0.11910769026544638,-41694004300.4903,0.0,0,2,"HHI_lag, CurrentRatio_lag",
600039.SH,四川路桥,CSI,地方国有企业,工业,建筑,工业--建筑--建筑与工程Ⅲ--建筑与工程Ⅳ,2019,,,,,,,,,,97615480976.0,,0.037211172,1701863780.0,1930522630.0,target_year,,,,,,,,,,SOE_target,0.043567,0.115012,25.1787028,0.009802807,0.178025019,0.501353906,0.024012975,0.027128851,0.820162075,1.051384264,0.043630385,True,H_nonSOE,0.01938359875844666,0.115012,-0.09562840124155333,-9334812382.160145,0.0,1,0,,
600039.SH,四川路桥,CSI,地方国有企业,工业,建筑,工业--建筑--建筑与工程Ⅲ--建筑与工程Ⅳ,2020,,,,,,,,,,113224000000.0,,0.047205214,3025220328.0,2319530755.0,target_year,,,,,,,,,,SOE_target,0.056818999999999995,0.158343,25.30430193,0.011120884,0.179054819,0.571846466,0.014592269,0.025621943,0.823336581,1.030749274,0.051754319,True,H_nonSOE,0.029702065706097985,0.158343,-0.12864093429390203,-14565241144.492764,0.0,1,0,,
600039.SH,四川路桥,CSI,地方国有企业,工业,建筑,工业--建筑--建筑与工程Ⅲ--建筑与工程Ⅳ,2021,,,,,,,,,,137038000000.0,,0.058043518,5582069265.0,2372125857.0,target_year,,,,,,,,,,SOE_target,0.072688,0.224344,25.45263175,0.011374577,0.179498397,0.577043095,0.041942153,0.028810282,0.781285264,1.091306515,0.043553685,True,H_nonSOE,0.03930795212106305,0.224344,-0.18503604787893693,-25356969929.23376,0.0,1,0,,
600039.SH,四川路桥,CSI,地方国有企业,工业,建筑,工业--建筑--建筑与工程Ⅲ--建筑与工程Ⅳ,2022,,,,,,,,,,208299000000.0,,0.066383319,11212905939.0,2614655615.0,target_year,,,,,,,,,,SOE_target,0.093207,0.325278,25.64352755,0.013775122,0.17910201,0.676295862,0.075618992,0.026636224,0.777198956,1.166354427,0.018731852,True,H_nonSOE,0.05889917273862262,0.325278,-0.2663788272613774,-55486443339.71765,0.0,1,0,,
600039.SH,四川路桥,CSI,地方国有企业,工业,建筑,工业--建筑--建筑与工程Ⅲ--建筑与工程Ⅳ,2023,,,,,,,,,,240914762578.04,,0.04862,9003845893.62,2709537928.39,target_year,,,,,,,,,,SOE_target,0.060896,0.20717400000000002,26.062239,0.019707,0.173049,0.779731,0.109348,0.029618,0.779158,1.209964,0.025586,True,H_nonSOE,0.06920796200846797,0.20717400000000002,-0.13796603799153206,-33238055286.562794,0.0,1,0,,
600039.SH,四川路桥,CSI,地方国有企业,工业,建筑,工业--建筑--建筑与工程Ⅲ--建筑与工程Ⅳ,2024,,,,,,,,,,239773354769.84,,0.042016,7209866536.24,2864382037.39,target_year,,,,,,,,,,SOE_target,0.050009,0.155112,26.207709,0.015611,0.176169,0.510636,0.090428,0.07493,0.789344,1.17526,0.032152,True,H_nonSOE,0.023926368233049236,0.155112,-0.13118563176695075,-31454819026.362675,0.0,1,0,,
600039.SH,四川路桥,CSI,地方国有企业,工业,建筑,工业--建筑--建筑与工程Ⅲ--建筑与工程Ⅳ,2025,,,,,,,,,,267673535809.41,,0.035663,7296866124.06,2249190329.58,target_year,,,,,,,,,,SOE_target,0.045757000000000006,0.14499,26.20296,0.015081,0.174423,0.444562,0.109226,0.016385,0.788718,1.199839,0.031514,True,H_nonSOE,0.018386113170373836,0.14499,-0.12660388682962617,-33888510034.900433,0.0,1,0,,
600048.SH,保利发展,CSI,中央国有企业,房地产,房地产Ⅱ,房地产--房地产Ⅱ--房地产管理和开发--房地产开发,2019,,,,,,,,,,1033210000000.0,,0.031517,27959019793.0,4604619675.0,target_year,,,,,,,,,,SOE_target,0.056267,0.201184,27.46436886,0.31565396,0.396279334,0.231234939,0.37990177,0.006463865,0.779686125,1.722829263,0.000713354,True,H_nonSOE,0.08986278348599291,0.201184,-0.11132121651400709,-115018194114.43726,0.0,0,1,FirmSize_lag,
600048.SH,保利发展,CSI,中央国有企业,房地产,房地产Ⅱ,房地产--房地产Ⅱ--房地产管理和开发--房地产开发,2020,,,,,,,,,,1251370000000.0,,0.025658366,28948429857.0,3159806207.0,target_year,,,,,,,,,,SOE_target,0.045993000000000006,0.172182,27.66369034,0.314541861,0.408200157,0.227794552,0.326382738,0.007711161,0.777855138,1.562316531,0.000270148,True,H_nonSOE,0.09505808038837506,0.172182,-0.07712391961162494,-96510559284.39911,0.0,0,2,"FirmSize_lag, CapexRatio_lag",
600048.SH,保利发展,CSI,中央国有企业,房地产,房地产Ⅱ,房地产--房地产Ⅱ--房地产管理和开发--房地产开发,2021,,,,,,,,,,1399930000000.0,,0.023551996,27387836594.0,5583381396.0,target_year,,,,,,,,,,SOE_target,0.040119999999999996,0.145761,27.855264,0.291838363,0.406330004,0.196621821,0.307236072,0.006557157,0.786924063,1.51142457,0.000317625,True,H_nonSOE,0.08810102683636412,0.145761,-0.057659973163635886,-80719926230.96878,0.0,0,2,"FirmSize_lag, CapexRatio_lag",
600048.SH,保利发展,CSI,中央国有企业,房地产,房地产Ⅱ,房地产--房地产Ⅱ--房地产管理和开发--房地产开发,2022,,,,,,,,,,1470460000000.0,,0.016221919,18346819483.0,5506935348.0,target_year,,,,,,,,,,SOE_target,0.026187000000000002,0.09364800000000001,27.96744553,0.306902177,0.390202805,0.203106181,0.306103727,0.008462026,0.783622181,1.52334607,0.000194029,True,H_nonSOE,0.09112494645783539,0.09364800000000001,-0.002523053542164616,-3710049311.6113815,0.0,0,2,"FirmSize_lag, CapexRatio_lag",
600048.SH,保利发展,CSI,中央国有企业,房地产,房地产Ⅱ,房地产--房地产Ⅱ--房地产管理和开发--房地产开发,2023,,,,,,,,,,1436911790321.09,,0.011454,12067156751.87,4391271101.53,target_year,,,,,,,,,,SOE_target,0.01694,0.061128999999999996,28.016599,0.281643,0.393852,0.186661,0.311548,0.007289,0.780891,1.543905,0.000127,True,H_nonSOE,0.08601974897497741,0.061128999999999996,0.024890748974977416,35765810672.067635,35765810672.067635,0,2,"FirmSize_lag, CapexRatio_lag",
600048.SH,保利发展,CSI,中央国有企业,房地产,房地产Ⅱ,房地产--房地产Ⅱ--房地产管理和开发--房地产开发,2024,,,,,,,,,,1335108015599.69,,0.007223,5001183340.24,4642572794.51,target_year,,,,,,,,,,SOE_target,0.014591,0.025249999999999998,27.993517,0.344359,0.37554,0.231528,0.316517,0.00623,0.765451,1.558916,0.000125,True,H_nonSOE,0.10184994658879575,0.025249999999999998,0.07659994658879575,102269202685.20934,102269202685.20934,0,2,"FirmSize_lag, CapexRatio_lag",
600048.SH,保利发展,CSI,中央国有企业,房地产,房地产Ⅱ,房地产--房地产Ⅱ--房地产管理和开发--房地产开发,2025,,,,,,,,,,1188292419390.15,,0.004163,1034698076.02,3911853774.36,target_year,,,,,,,,,,SOE_target,0.010818000000000001,0.005313,27.920033,0.370621,0.353891,0.220606,0.332909,0.004635,0.743444,1.615099,0.000134,True,H_nonSOE,0.10579654346998367,0.005313,0.10048354346998367,119403832978.8422,119403832978.8422,0,2,"FirmSize_lag, CapexRatio_lag",
600050.SH,中国联通,CSI,中央国有企业,通讯服务,电信服务,通讯服务--电信服务--多元电信服务--综合电信业务,2019,,,,,,,,,,564231000000.0,,0.010101391,4982083711.0,717430307.0,target_year,,,,,,,,,,SOE_target,0.02538,0.03515,27.01809315,0.216004559,0.376451505,0.51908301,-0.254483315,0.707287713,0.414982728,0.355129441,0.104885955,True,H_nonSOE,0.11685555845388422,0.03515,0.08170555845388422,46100808951.993546,46100808951.993546,0,2,"FirmSize_lag, FixedAssetsRatio_lag",
600050.SH,中国联通,CSI,中央国有企业,通讯服务,电信服务,通讯服务--电信服务--多元电信服务--综合电信业务,2020,,,,,,,,,,582475000000.0,,0.009868284,5521311508.0,226721429.0,target_year,,,,,,,,,,SOE_target,0.027835000000000002,0.037942000000000004,27.0587289,0.215538555,0.377325617,0.523110571,-0.218366135,0.648668624,0.426660113,0.404249093,0.106989431,True,H_nonSOE,0.11440293810384125,0.037942000000000004,0.07646093810384125,44536584922.03493,44536584922.03493,0,2,"FirmSize_lag, FixedAssetsRatio_lag",
600050.SH,中国联通,CSI,中央国有企业,通讯服务,电信服务,通讯服务--电信服务--多元电信服务--综合电信业务,2021,,,,,,,,,,593284000000.0,,0.012700151,6305465753.0,1229336920.0,target_year,,,,,,,,,,SOE_target,0.030314,0.042472,27.09055284,0.216924109,0.375629725,0.52757066,-0.195009677,0.622322545,0.430921996,0.488897939,0.100700722,True,H_nonSOE,0.11611657042363194,0.042472,0.07364457042363193,43692145319.21404,43692145319.21404,0,1,FirmSize_lag,
600050.SH,中国联通,CSI,中央国有企业,通讯服务,电信服务,通讯服务--电信服务--多元电信服务--综合电信业务,2022,,,,,,,,,,644687000000.0,,0.010162857,7299489574.0,-747627534.0,target_year,,,,,,,,,,SOE_target,0.032905000000000004,0.048088,27.10893985,0.214754812,0.374126853,0.555261993,-0.183530803,0.593470184,0.433306679,0.536927029,0.121437607,True,H_nonSOE,0.11342314652745333,0.048088,0.06533514652745334,42120719609.344315,42120719609.344315,0,1,FirmSize_lag,
600050.SH,中国联通,CSI,中央国有企业,通讯服务,电信服务,通讯服务--电信服务--多元电信服务--综合电信业务,2023,,,,,,,,,,662844796563.0,,0.011939,8172679256.0,-258709687.0,target_year,,,,,,,,,,SOE_target,0.034735999999999996,0.05212,27.192031,0.214301,0.373379,0.571171,-0.157774,0.54134,0.461329,0.589832,0.112407,True,H_nonSOE,0.1121431880368476,0.05212,0.0600231880368476,39786057863.34694,39786057863.34694,0,1,FirmSize_lag,
600050.SH,中国联通,CSI,中央国有企业,通讯服务,电信服务,通讯服务--电信服务--多元电信服务--综合电信业务,2024,,,,,,,,,,672836701609.0,,0.013008,9029899018.0,-277552108.0,target_year,,,,,,,,,,SOE_target,0.037571,0.055725,27.219807,0.211944,0.374249,0.567565,-0.15427,0.531136,0.460002,0.607135,0.119744,True,H_nonSOE,0.10935298141799317,0.055725,0.05362798141799317,36082874131.23127,36082874131.23127,0,1,FirmSize_lag,
600050.SH,中国联通,CSI,中央国有企业,通讯服务,电信服务,通讯服务--电信服务--多元电信服务--综合电信业务,2025,,,,,,,,,,671056308815.0,,0.01273,9126662570.0,-584217448.0,target_year,,,,,,,,,,SOE_target,0.036787,0.05474300000000001,27.234768,0.214383,0.373264,0.5808,-0.159284,0.521086,0.45189,0.597066,0.112571,True,H_nonSOE,0.11548992372774187,0.05474300000000001,0.06074692372774187,40764606408.6048,40764606408.6048,0,1,FirmSize_lag,
600085.SH,同仁堂,CSI,地方国有企业,医疗保健,医药生物,医疗保健--医药生物--制药--中药,2019,,,,,,,,,,20921822081.0,,0.049259163,985435905.0,45155539.17,target_year,,,,,,,,,,SOE_target,0.092627,0.106557,23.74259659,0.044393641,0.277672488,0.717188255,0.545479466,0.175814588,0.290478372,3.305792709,0.030049137,True,H_nonSOE,0.029595905989766427,0.106557,-0.07696109401023357,-1610166316.0412216,0.0,1,0,,
600085.SH,同仁堂,CSI,地方国有企业,医疗保健,医药生物,医疗保健--医药生物--制药--中药,2020,,,,,,,,,,21837512362.0,,0.045586645,1031440915.0,-35941988.89,target_year,,,,,,,,,,SOE_target,0.09274800000000001,0.108193,23.76405857,0.035361667,0.276190471,0.635012754,0.536228996,0.186854042,0.299285654,3.292555198,0.022168669,True,H_nonSOE,0.01741283164566977,0.108193,-0.09078016835433023,-1982413048.6621275,0.0,1,0,,
600085.SH,同仁堂,CSI,地方国有企业,医疗保健,医药生物,医疗保健--医药生物--制药--中药,2021,,,,,,,,,,25072835362.0,,0.054031558,1227372820.0,127351544.8,target_year,,,,,,,,,,SOE_target,0.099836,0.11994500000000001,23.80689508,0.031735322,0.256105921,0.593509445,0.500448163,0.19275382,0.28808725,2.95210164,0.052705572,True,H_nonSOE,0.011933742306669264,0.11994500000000001,-0.10801125769333075,-2708148481.387438,0.0,1,0,,
600085.SH,同仁堂,CSI,地方国有企业,医疗保健,医药生物,医疗保健--医药生物--制药--中药,2022,,,,,,,,,,27044491890.0,,0.052549744,1425811705.0,-4630592.51,target_year,,,,,,,,,,SOE_target,0.104262,0.12707100000000002,23.94505084,0.030176801,0.230275265,0.615993482,0.47347069,0.160434637,0.33503726,2.883619323,0.018793541,True,H_nonSOE,0.022653903970108843,0.12707100000000002,-0.10441709602989117,-2823907306.757743,0.0,1,0,,
600085.SH,同仁堂,CSI,地方国有企业,医疗保健,医药生物,医疗保健--医药生物--制药--中药,2023,,,,,,,,,,30089450163.66,,0.051802,1668834509.63,-110139252.35,target_year,,,,,,,,,,SOE_target,0.10784,0.13423,24.020749,0.028082,0.212266,0.583495,0.525941,0.145857,0.31764,3.245059,0.012203,True,H_nonSOE,0.017251770268915945,0.13423,-0.11697822973108404,-3519810613.726624,0.0,1,0,,
600085.SH,同仁堂,CSI,地方国有企业,医疗保健,医药生物,医疗保健--医药生物--制药--中药,2024,,,,,,,,,,31197524019.77,,0.049119,1526274925.98,6104419.93,target_year,,,,,,,,,,SOE_target,0.091748,0.116268,24.12744,0.02949,0.216978,0.619334,0.538375,0.130842,0.32677,3.261915,0.010785,True,H_nonSOE,0.023229296672057198,0.116268,-0.0930387033279428,-2902577181.8417506,0.0,1,0,,
600085.SH,同仁堂,CSI,地方国有企业,医疗保健,医药生物,医疗保健--医药生物--制药--中药,2025,,,,,,,,,,30621119491.71,,0.036822,1189374356.88,-61856885.45,target_year,,,,,,,,,,SOE_target,0.063568,0.088584,24.163605,0.030434,0.230555,0.601836,0.516001,0.132703,0.330043,3.11878,0.016654,True,H_nonSOE,0.02238536227273777,0.088584,-0.06619863772726223,-2027076396.0349183,0.0,1,0,,
600104.SH,上汽集团,CSI,地方国有企业,可选消费,汽车与零配件,可选消费--汽车与零配件--汽车--汽车制造,2019,,,,,,,,,,849333000000.0,,0.03253059,25603384202.0,2025928206.0,target_year,,,,,,,,,,SOE_target,0.050204000000000006,0.105784,27.38610456,0.591110538,0.376606004,1.168639891,0.049890403,0.115023003,0.636265723,1.094256631,0.040848718,True,H_nonSOE,0.19679302397208376,0.105784,0.09100902397208376,77296967357.28181,77296967357.28181,0,1,FirmSize_lag,
600104.SH,上汽集团,CSI,地方国有企业,可选消费,汽车与零配件,可选消费--汽车与零配件--汽车--汽车制造,2020,,,,,,,,,,919415000000.0,,0.022784011,20431037480.0,516918858.2,target_year,,,,,,,,,,SOE_target,0.040583999999999995,0.080152,27.4677175,0.584514926,0.369422071,1.004740563,0.056932128,0.116848769,0.645793199,1.104481436,0.031712856,True,H_nonSOE,0.17327450881377898,0.080152,0.09312250881377898,85618231441.0206,85618231441.0206,0,1,FirmSize_lag,
600104.SH,上汽集团,CSI,地方国有企业,可选消费,汽车与零配件,可选消费--汽车与零配件--汽车--汽车制造,2021,,,,,,,,,,916923000000.0,,0.027371208,24533097944.0,564183662.3,target_year,,,,,,,,,,SOE_target,0.045260999999999996,0.091905,27.54700317,0.537049464,0.324255792,0.811062728,0.060136769,0.104539258,0.662784059,1.108225401,0.016464627,True,H_nonSOE,0.1471287476164586,0.091905,0.05522374761645861,50635924335.726074,50635924335.726074,0,1,FirmSize_lag,
600104.SH,上汽集团,CSI,地方国有企业,可选消费,汽车与零配件,可选消费--汽车与零配件--汽车--汽车制造,2022,,,,,,,,,,990107000000.0,,0.015506544,16117549650.0,-764406025.7,target_year,,,,,,,,,,SOE_target,0.02944,0.058291,27.544289,0.49624797,0.289774151,0.82160727,0.070374421,0.101621896,0.641441168,1.13429849,0.02044087,True,H_nonSOE,0.15102748658657444,0.058291,0.09273648658657443,91819044524.77345,91819044524.77345,0,1,FirmSize_lag,
600104.SH,上汽集团,CSI,地方国有企业,可选消费,汽车与零配件,可选消费--汽车与零配件--汽车--汽车制造,2023,,,,,,,,,,1006650278661.54,,0.013857,14106165142.98,-156683993.96,target_year,,,,,,,,,,SOE_target,0.026015,0.049885,27.621079,0.398005,0.236564,0.750589,0.038572,0.095925,0.66034,1.070207,0.023164,True,H_nonSOE,0.13927418225858196,0.049885,0.08938918225858196,89983645229.92873,89983645229.92873,0,1,FirmSize_lag,
600104.SH,上汽集团,CSI,地方国有企业,可选消费,汽车与零配件,可选消费--汽车与零配件--汽车--汽车制造,2024,,,,,,,,,,957143417731.69,,0.004932,1666376761.07,3054077070.48,target_year,,,,,,,,,,SOE_target,0.013815,0.005805,27.637649,0.342769,0.222276,0.722406,0.071692,0.097073,0.659358,1.131829,0.019282,True,H_nonSOE,0.12866834451109935,0.005805,0.12286334451109934,117597841479.2997,117597841479.2997,0,1,FirmSize_lag,
600104.SH,上汽集团,CSI,地方国有企业,可选消费,汽车与零配件,可选消费--汽车与零配件--汽车--汽车制造,2025,,,,,,,,,,960207461450.69,,0.010248,10105800270.34,-265824180.92,target_year,,,,,,,,,,SOE_target,0.025705,0.034451999999999997,27.587219,0.26178,0.204324,0.620374,0.094252,0.100007,0.63774,1.176221,0.021734,True,H_nonSOE,0.10672083195892229,0.034451999999999997,0.0722688319589223,69393071677.28326,69393071677.28326,0,1,FirmSize_lag,
600111.SH,北方稀土,CSI,地方国有企业,材料,有色金属,材料--有色金属--其他金属与采矿--金属非金属,2019,,,,,,,,,,23249789494.0,,0.043282698,616294511.7,390019111.1,target_year,,,,,,,,,,SOE_target,0.05133,0.065095,23.8938532,0.017646653,0.167062795,0.622517459,0.470818754,0.163159257,0.47422306,2.82050655,0.007902791,True,H_nonSOE,0.13727555080120557,0.065095,0.07218055080120557,1678182611.6890025,1678182611.6890025,1,0,,
600111.SH,北方稀土,CSI,地方国有企业,材料,有色金属,材料--有色金属--其他金属与采矿--金属非金属,2020,,,,,,,,,,25529146004.0,,0.048506632,832623455.2,405709442.1,target_year,,,,,,,,,,SOE_target,0.060104,0.082956,23.86956191,0.019452349,0.15478921,0.764815494,0.477193011,0.16554144,0.442861415,2.937880661,0.008883409,True,H_nonSOE,0.16119841891445172,0.082956,0.07824241891445172,1997462136.1731691,1997462136.1731691,1,0,,
600111.SH,北方稀土,CSI,地方国有企业,材料,有色金属,材料--有色金属--其他金属与采矿--金属非金属,2021,,,,,,,,,,34707756657.0,,0.159096641,5130043122.0,391844362.9,target_year,,,,,,,,,,SOE_target,0.222313,0.39806600000000003,23.96308662,0.019082992,0.159708925,0.867219831,0.564907722,0.150001984,0.459639851,4.537805877,0.005932262,True,H_nonSOE,0.14684198193989997,0.39806600000000003,-0.2512240180601001,-8719422085.223726,0.0,1,0,,
600111.SH,北方稀土,CSI,地方国有企业,材料,有色金属,材料--有色金属--其他金属与采矿--金属非金属,2022,,,,,,,,,,36645246207.0,,0.16901701,5983647410.0,210022530.5,target_year,,,,,,,,,,SOE_target,0.20846800000000001,0.340184,24.27022903,0.020218983,0.168216562,1.002172561,0.480913141,0.128744205,0.446127904,2.662234864,0.009474372,True,H_nonSOE,0.20828698760491587,0.340184,-0.1318970123950841,-4833398493.185588,0.0,1,0,,
600111.SH,北方稀土,CSI,地方国有企业,材料,有色金属,材料--有色金属--其他金属与采矿--金属非金属,2023,,,,,,,,,,40496655048.44,,0.062697,2370740184.54,168287209.07,target_year,,,,,,,,,,SOE_target,0.081204,0.11439,24.32455,0.0216,0.153058,1.037221,0.48697,0.15619,0.316914,2.914617,0.027693,True,H_nonSOE,0.22890594071566994,0.11439,0.11451594071566994,4637512548.710091,4637512548.710091,1,0,,
600111.SH,北方稀土,CSI,地方国有企业,材料,有色金属,材料--有色金属--其他金属与采矿--金属非金属,2024,,,,,,,,,,45380919517.66,,0.026432,1004276921.89,195231222.79,target_year,,,,,,,,,,SOE_target,0.047333999999999994,0.045596,24.424485,0.019248,0.159476,0.864691,0.486653,0.170179,0.335716,3.131002,0.027501,True,H_nonSOE,0.19732657337012588,0.045596,0.15173057337012588,6885672938.478088,6885672938.478088,1,0,,
600111.SH,北方稀土,CSI,地方国有企业,材料,有色金属,材料--有色金属--其他金属与采矿--金属非金属,2025,,,,,,,,,,48127817177.89,,0.050843,2251272073.68,195668514.09,target_year,,,,,,,,,,SOE_target,0.076569,0.09561,24.538358,0.018338,0.15747,0.764517,0.457977,0.200181,0.379574,2.910177,0.037205,True,H_nonSOE,0.17541788352200627,0.09561,0.07980788352200627,3840979227.5014577,3840979227.5014577,1,0,,
600115.SH,中国东航,CSI,中央国有企业,工业,交通运输,工业--交通运输--航空客运Ⅲ--航空客运Ⅳ,2019,,,,,,,,,,285185000000.0,,0.029321318,3192000000.0,5170000000.0,target_year,,,,,,,,,,SOE_target,0.035761,0.05026099999999999,26.19980052,0.13235558,0.111099702,0.491859096,-0.239029023,0.753519624,0.742273562,0.218055403,0.045402628,True,H_nonSOE,-0.08529553311067109,0.05026099999999999,-0.1355565331106711,-38658689895.16673,0.0,0,3,"FixedAssetsRatio_lag, HHI_lag, CurrentRatio_lag",
600115.SH,中国东航,CSI,中央国有企业,工业,交通运输,工业--交通运输--航空客运Ⅲ--航空客运Ⅳ,2020,,,,,,,,,,284650000000.0,,-0.02326717,-11836000000.0,5213000000.0,target_year,,,,,,,,,,SOE_target,-0.040155,-0.18898700000000002,26.37640393,0.125014343,0.108646931,0.461600681,-0.205550783,0.348675421,0.745267107,0.251942881,0.026610797,True,H_nonSOE,-0.07096046315310972,-0.18898700000000002,0.1180265368468903,33596253713.467323,33596253713.467323,0,2,"HHI_lag, CurrentRatio_lag",
600115.SH,中国东航,CSI,中央国有企业,工业,交通运输,工业--交通运输--航空客运Ⅲ--航空客运Ⅳ,2021,,,,,,,,,,288790000000.0,,-0.022168358,-12214000000.0,5812000000.0,target_year,,,,,,,,,,SOE_target,-0.041992,-0.222348,26.37452619,0.073820843,0.123286456,0.206119315,-0.271596698,0.354972774,0.792186896,0.225412793,0.025459336,True,H_nonSOE,-0.12288478234623995,-0.222348,0.09946321765376004,28723982626.229362,28723982626.229362,0,2,"HHI_lag, CurrentRatio_lag",
600115.SH,中国东航,CSI,中央国有企业,工业,交通运输,工业--交通运输--航空客运Ⅲ--航空客运Ⅳ,2022,,,,,,,,,,287984000000.0,,-0.0992069,-37386000000.0,8816000000.0,target_year,,,,,,,,,,SOE_target,-0.110379,-0.8803230000000001,26.38896562,0.06097388,0.15352339,0.234120396,-0.200772187,0.322871291,0.802098411,0.324946735,0.037421656,True,H_nonSOE,-0.12293217748047675,-0.8803230000000001,0.7573908225195234,218116438632.46243,218116438632.46243,1,0,,
600115.SH,中国东航,CSI,中央国有企业,工业,交通运输,工业--交通运输--航空客运Ⅲ--航空客运Ⅳ,2023,,,,,,,,,,284733000000.0,,-0.00733,-8168000000.0,6081000000.0,target_year,,,,,,,,,,SOE_target,-0.009401,-0.22023900000000002,26.386171,0.039267,0.180808,0.159893,-0.274435,0.309767,0.887692,0.25753,0.03479,True,H_nonSOE,-0.150340630530307,-0.22023900000000002,0.06989836946969302,19902372434.214104,19902372434.214104,0,1,CurrentRatio_lag,
600115.SH,中国东航,CSI,中央国有企业,工业,交通运输,工业--交通运输--航空客运Ⅲ--航空客运Ⅳ,2024,,,,,,,,,,278842000000.0,,0.003307,-4226000000.0,5148000000.0,target_year,,,,,,,,,,SOE_target,0.004007,-0.09870799999999999,26.374818,0.093572,0.114556,0.397198,-0.283076,0.337098,0.847355,0.241502,0.065553,True,H_nonSOE,-0.1145407859610923,-0.09870799999999999,-0.015832785961092305,-4414845702.9629,0.0,0,2,"HHI_lag, CurrentRatio_lag",
600115.SH,中国东航,CSI,中央国有企业,工业,交通运输,工业--交通运输--航空客运Ⅲ--航空客运Ⅳ,2025,,,,,,,,,,294006000000.0,,0.00868,-1633000000.0,4185000000.0,target_year,,,,,,,,,,SOE_target,0.015205,-0.039456000000000005,26.353911,0.095116,0.116886,0.468864,-0.340336,0.370568,0.843456,0.167566,0.058596,True,H_nonSOE,-0.10423014527555491,-0.039456000000000005,-0.0647741452755549,-19043987355.884796,0.0,0,2,"HHI_lag, CurrentRatio_lag",
600150.SH,中国船舶,CSI,中央国有企业,工业,机械,工业--机械--机械Ⅲ--建筑机械与重型卡车,2019,,,,,,,,,,44351383662.0,,0.012464128,404757012.2,148044295.7,target_year,,,,,,,,,,SOE_target,0.009106999999999999,0.026532,24.53591577,0.029817025,0.247583643,0.344076768,0.270348175,0.193985661,0.544529807,1.710203397,0.006719063,True,H_nonSOE,0.07696466682439013,0.026532,0.05043266682439013,2236758555.426346,2236758555.426346,1,0,,
600150.SH,中国船舶,CSI,中央国有企业,工业,机械,工业--机械--机械Ⅲ--建筑机械与重型卡车,2020,,,,,,,,,,152510000000.0,,0.001747771,305800985.4,-39249305.42,target_year,,,,,,,,,,SOE_target,0.0031569999999999997,0.009995,24.51540974,0.035511472,0.225950341,0.514956109,0.259465378,0.201965756,0.52498716,1.691017199,0.017188794,True,H_nonSOE,0.1028230578034979,0.009995,0.0928280578034979,14157207095.611465,14157207095.611465,1,0,,
600150.SH,中国船舶,CSI,中央国有企业,工业,机械,工业--机械--机械Ⅲ--建筑机械与重型卡车,2021,,,,,,,,,,160402000000.0,,-0.003399258,213814622.4,-759063293.3,target_year,,,,,,,,,,SOE_target,0.002098,0.004657,25.75049291,0.072042941,0.195497669,0.559491297,0.129903575,0.174424107,0.6536226,1.219782006,0.013788703,True,H_nonSOE,0.11827119898718297,0.004657,0.11361419898718297,18223944745.942123,18223944745.942123,1,0,,
600150.SH,中国船舶,CSI,中央国有企业,工业,机械,工业--机械--机械Ⅲ--建筑机械与重型卡车,2022,,,,,,,,,,162438000000.0,,-0.006994407,171873146.3,-1308027192.0,target_year,,,,,,,,,,SOE_target,0.013464,0.0037359999999999997,25.80095053,0.074553764,0.187780789,0.380590501,0.158124474,0.16421145,0.668931232,1.272382023,0.007356286,True,H_nonSOE,0.09015693305188177,0.0037359999999999997,0.08642093305188177,14038043523.081572,14038043523.081572,1,0,,
600150.SH,中国船舶,CSI,中央国有企业,工业,机械,工业--机械--机械Ⅲ--建筑机械与重型卡车,2023,,,,,,,,,,177832168643.44,,0.009259,2957396962.72,-1310930190.34,target_year,,,,,,,,,,SOE_target,0.017764,0.062717,25.813559,0.080153,0.187488,0.367781,0.150325,0.129527,0.689239,1.259374,0.008802,True,H_nonSOE,0.08801348608685083,0.062717,0.02529648608685084,4498528979.883292,4498528979.883292,1,0,,
600150.SH,中国船舶,CSI,中央国有企业,工业,机械,工业--机械--机械Ⅲ--建筑机械与重型卡车,2024,,,,,,,,,,181976769308.99,,0.011201,3614135616.3,-1575781961.35,target_year,,,,,,,,,,SOE_target,0.014025000000000001,0.07283,25.904106,0.091615,0.188674,0.438522,0.14979,0.122893,0.704932,1.249494,0.013618,True,H_nonSOE,0.09557214769028406,0.07283,0.022742147690284056,4138542563.8258014,4138542563.8258014,1,0,,
600150.SH,中国船舶,CSI,中央国有企业,工业,机械,工业--机械--机械Ⅲ--建筑机械与重型卡车,2025,,,,,,,,,,420489480242.16,,0.013112,7848378198.33,-2334822741.29,target_year,,,,,,,,,,SOE_target,0.027851,0.080778,25.927145,0.092837,0.187309,0.435525,0.148662,0.119424,0.6963,1.243995,0.009025,True,H_nonSOE,0.09879112869917397,0.080778,0.018013128699173972,7574331124.250798,7574331124.250798,1,0,,
600160.SH,巨化股份,CSI,地方国有企业,材料,化工,材料--化工--基础化工--商品化工,2019,,,,,,,,,,15385300893.0,,0.058389253,895359996.4,2976229.44,target_year,,,,,,,,,,SOE_target,0.068131,0.070288,23.44894781,0.058569237,0.192081294,1.101103205,0.357058844,0.368157629,0.156008094,3.558695124,0.069004854,True,H_nonSOE,0.16735399102083473,0.070288,0.09706599102083473,1493389478.3327785,1493389478.3327785,1,0,,
600160.SH,巨化股份,CSI,地方国有企业,材料,化工,材料--化工--基础化工--商品化工,2020,,,,,,,,,,15691644389.0,,0.009376308,95375175.24,51754515.63,target_year,,,,,,,,,,SOE_target,0.008813999999999999,0.007516,23.4566784,0.057567958,0.180537484,1.012933043,0.300401662,0.441129176,0.14094665,3.51676239,0.114227752,True,H_nonSOE,0.1422757841338062,0.007516,0.1347597841338062,2114602610.5660915,2114602610.5660915,1,0,,
600160.SH,巨化股份,CSI,地方国有企业,材料,化工,材料--化工--基础化工--商品化工,2021,,,,,,,,,,17894390845.0,,0.063603951,1109093339.0,29060612.11,target_year,,,,,,,,,,SOE_target,0.06406200000000001,0.085906,23.4763942,0.053828028,0.203999831,1.030213477,0.203862432,0.490215989,0.179823706,2.293492469,0.120151089,True,H_nonSOE,0.15489846630703827,0.085906,0.06899246630703827,1234578157.4586365,1234578157.4586365,1,0,,
600160.SH,巨化股份,CSI,地方国有企业,材料,化工,材料--化工--基础化工--商品化工,2022,,,,,,,,,,22626691197.0,,0.10046582,2380732575.0,-107523486.8,target_year,,,,,,,,,,SOE_target,0.134514,0.16531700000000002,23.60775314,0.033818168,0.197245037,1.067433871,0.145556896,0.47974255,0.238189141,1.7330402,0.095100199,True,H_nonSOE,0.16816626701710796,0.16531700000000002,0.0028492670171079426,64469484.93389873,64469484.93389873,1,0,,
600160.SH,巨化股份,CSI,地方国有企业,材料,化工,材料--化工--基础化工--商品化工,2023,,,,,,,,,,23383806879.39,,0.039421,943505301.47,-21689528.72,target_year,,,,,,,,,,SOE_target,0.046794,0.059823,23.842396,0.029618,0.212868,1.056345,0.129305,0.489276,0.302398,1.596604,0.15415,True,H_nonSOE,0.1422515715731488,0.059823,0.0824285715731488,1927493799.0104878,1927493799.0104878,1,0,,
600160.SH,巨化股份,CSI,地方国有企业,材料,化工,材料--化工--基础化工--商品化工,2024,,,,,,,,,,27913610331.15,,0.071699,1959534855.24,41838704.69,target_year,,,,,,,,,,SOE_target,0.09899699999999999,0.115721,23.87531,0.025104,0.215825,0.893905,0.081446,0.526715,0.299657,1.421695,0.127952,True,H_nonSOE,0.12990578993581206,0.115721,0.014184789935812056,395948698.89747596,395948698.89747596,1,0,,
600160.SH,巨化股份,CSI,地方国有企业,材料,化工,材料--化工--基础化工--商品化工,2025,,,,,,,,,,38208012673.28,,0.101902,3783228877.44,110248162.07,target_year,,,,,,,,,,SOE_target,0.156815,0.19794899999999999,24.05238,0.029335,0.213171,0.949932,0.10628,0.516944,0.312525,1.595459,0.069399,True,H_nonSOE,0.1515339454558584,0.19794899999999999,-0.046415054544141576,-1773426992.2535439,0.0,1,0,,
600161.SH,天坛生物,CSI,中央国有企业,医疗保健,医药生物,医疗保健--医药生物--生物科技Ⅲ--生物科技Ⅳ,2019,,,,,,,,,,6314412346.0,,0.096777628,611093849.3,0.0,target_year,,,,,,,,,,SOE_target,0.179251,0.167189,22.34600895,0.009154301,0.277672488,0.663614746,0.58229648,0.194766146,0.142133659,7.116183644,0.058004009,True,H_nonSOE,-0.044845564281476374,0.167189,-0.21203456428147638,-1338873670.477685,0.0,1,0,,
600161.SH,天坛生物,CSI,中央国有企业,医疗保健,医药生物,医疗保健--医药生物--生物科技Ⅲ--生物科技Ⅳ,2020,,,,,,,,,,7541051691.0,,0.080718513,639006857.1,-30304376.4,target_year,,,,,,,,,,SOE_target,0.159485,0.151122,22.56610053,0.008736307,0.276190471,0.570658994,0.537566054,0.247020815,0.18007217,6.206630682,0.083337901,True,H_nonSOE,-0.05767919044240197,0.151122,-0.20880119044240197,-1574580570.2684884,0.0,1,0,,
600161.SH,天坛生物,CSI,中央国有企业,医疗保健,医药生物,医疗保健--医药生物--生物科技Ⅲ--生物科技Ⅳ,2021,,,,,,,,,,11577632332.0,,0.060104193,760012025.0,-64147776.17,target_year,,,,,,,,,,SOE_target,0.129822,0.12092499999999999,22.74362749,0.008525476,0.256105921,0.492054521,0.49287932,0.264855123,0.200250169,4.956767402,0.080745481,True,H_nonSOE,-0.04940881913139669,0.12092499999999999,-0.17033381913139667,-1972062331.6086981,0.0,1,0,,
600161.SH,天坛生物,CSI,中央国有企业,医疗保健,医药生物,医疗保健--医药生物--生物科技Ⅲ--生物科技Ⅳ,2022,,,,,,,,,,12940709340.0,,0.06360082,881029002.2,-57989278.24,target_year,,,,,,,,,,SOE_target,0.116343,0.104587,23.17234083,0.0084904,0.230275265,0.425247477,0.581824335,0.223624264,0.113215656,9.320564621,0.0977486,True,H_nonSOE,-0.08936770892793763,0.104587,-0.19395470892793765,-2509911513.360744,0.0,1,0,,
600161.SH,天坛生物,CSI,中央国有企业,医疗保健,医药生物,医疗保健--医药生物--生物科技Ⅲ--生物科技Ⅳ,2023,,,,,,,,,,14188056936.91,,0.074736,1109888597.22,-49525032.2,target_year,,,,,,,,,,SOE_target,0.132597,0.119225,23.283644,0.007787,0.212266,0.343937,0.472413,0.309779,0.122433,6.282215,0.104633,True,H_nonSOE,-0.07622911831394763,0.119225,-0.19545411831394763,-2773114159.1918325,0.0,1,0,,
600161.SH,天坛生物,CSI,中央国有企业,医疗保健,医药生物,医疗保健--医药生物--生物科技Ⅲ--生物科技Ⅳ,2024,,,,,,,,,,15869522217.56,,0.095545,1549164832.24,-32913962.1,target_year,,,,,,,,,,SOE_target,0.167299,0.147812,23.375666,0.008554,0.216978,0.378329,0.4433,0.340882,0.101049,5.915182,0.075947,True,H_nonSOE,-0.05695406362822322,0.147812,-0.20476606362822322,-3249539596.150393,0.0,1,0,,
600161.SH,天坛生物,CSI,中央国有企业,医疗保健,医药生物,医疗保健--医药生物--生物科技Ⅲ--生物科技Ⅳ,2025,,,,,,,,,,16583015601.51,,0.065656,1090837981.2,-2060925.16,target_year,,,,,,,,,,SOE_target,0.112205,0.095379,23.487666,0.009853,0.230555,0.397298,0.416015,0.36459,0.084207,6.892785,0.067262,True,H_nonSOE,-0.06522469661117339,0.095379,-0.1606036966111734,-2663293606.563267,0.0,1,0,,
600176.SH,中国巨石,CSI,中央国有企业,材料,建材Ⅱ,材料--建材Ⅱ--建材Ⅲ--建材Ⅳ,2019,,,,,,,,,,33604242332.0,,0.078703117,2128865280.0,515893338.2,target_year,,,,,,,,,,SOE_target,0.094403,0.142471,24.13673625,0.065989415,0.736746816,0.360641015,-0.166593432,0.677495813,0.51991577,0.589855446,0.199344878,True,H_nonSOE,0.05939754543036731,0.142471,-0.08307345456963268,-2791620498.7143292,0.0,0,1,FixedAssetsRatio_lag,
600176.SH,中国巨石,CSI,中央国有企业,材料,建材Ⅱ,材料--建材Ⅱ--建材Ⅲ--建材Ⅳ,2020,,,,,,,,,,36737268363.0,,0.078969139,2416110989.0,484999467.5,target_year,,,,,,,,,,SOE_target,0.08114,0.146063,24.23791816,0.057753522,0.764425084,0.326127262,-0.074864208,0.646960783,0.521473005,0.784352158,0.152040284,True,H_nonSOE,0.05768118031072371,0.146063,-0.08838181968927629,-3246906628.3352203,0.0,0,1,FixedAssetsRatio_lag,
600176.SH,中国巨石,CSI,中央国有企业,材料,建材Ⅱ,材料--建材Ⅱ--建材Ⅲ--建材Ⅳ,2021,,,,,,,,,,43828317485.0,,0.147346744,6028473747.0,429486116.3,target_year,,,,,,,,,,SOE_target,0.190828,0.301392,24.32705756,0.05657087,0.753086611,0.328811274,-0.012078152,0.619425523,0.500610691,0.961569222,0.041692723,True,H_nonSOE,0.08903012700105065,0.301392,-0.21236187299894935,-9307463591.5072,0.0,1,0,,
600176.SH,中国巨石,CSI,中央国有企业,材料,建材Ⅱ,材料--建材Ⅱ--建材Ⅲ--建材Ⅳ,2022,,,,,,,,,,48633670689.0,,0.141381399,6610015912.0,265880466.9,target_year,,,,,,,,,,SOE_target,0.173891,0.26353000000000004,24.50354596,0.093825706,0.668525521,0.485327071,0.00410086,0.612297252,0.463330844,1.0129454,0.083408369,True,H_nonSOE,0.1121327833063213,0.26353000000000004,-0.15139721669367873,-7363002379.911545,0.0,1,0,,
600176.SH,中国巨石,CSI,中央国有企业,材料,建材Ⅱ,材料--建材Ⅱ--建材Ⅲ--建材Ⅳ,2023,,,,,,,,,,52073958059.2,,0.06291,3044441957.13,231536047.89,target_year,,,,,,,,,,SOE_target,0.073635,0.108267,24.607582,0.116572,0.617588,0.433087,-0.017491,0.687123,0.407869,0.933374,0.114058,True,H_nonSOE,0.11362821925989328,0.108267,0.005361219259893274,279179906.8858576,279179906.8858576,0,1,FixedAssetsRatio_lag,
600176.SH,中国巨石,CSI,中央国有企业,材料,建材Ⅱ,材料--建材Ⅱ--建材Ⅲ--建材Ⅳ,2024,,,,,,,,,,53378083328.82,,0.04988,2444813278.64,217662066.36,target_year,,,,,,,,,,SOE_target,0.056956,0.083323,24.675931,0.082401,0.650954,0.291024,-0.020449,0.671059,0.42393,0.926322,0.028037,True,H_nonSOE,0.11241774968951328,0.083323,0.029094749689513283,1553021973.3579998,1553021973.3579998,0,1,FixedAssetsRatio_lag,
600176.SH,中国巨石,CSI,中央国有企业,材料,建材Ⅱ,材料--建材Ⅱ--建材Ⅲ--建材Ⅳ,2025,,,,,,,,,,54627103828.07,,0.065924,3285461018.68,315762318.79,target_year,,,,,,,,,,SOE_target,0.08269,0.10748100000000001,24.700666,0.118209,0.525443,0.296385,-0.027947,0.669764,0.410842,0.899525,0.02441,True,H_nonSOE,0.12160069774484254,0.10748100000000001,0.014119697744842535,771318194.728479,771318194.728479,0,1,FixedAssetsRatio_lag,
600188.SH,兖矿能源,CSI,地方国有企业,能源,煤炭Ⅱ,能源--煤炭Ⅱ--煤炭Ⅲ--煤炭与消费用燃料,2019,,,,,,,,,,210761000000.0,,0.057600333,9388645000.0,2751234000.0,target_year,,,,,,,,,,SOE_target,0.081058,0.176815,26.05115955,0.129482321,0.3281903,0.334462625,0.025388991,0.267689293,0.577458925,1.087754827,0.049390706,True,H_nonSOE,0.030217773623519573,0.176815,-0.14659722637648043,-30896978028.333393,0.0,1,0,,
600188.SH,兖矿能源,CSI,地方国有企业,能源,煤炭Ⅱ,能源--煤炭Ⅱ--煤炭Ⅲ--煤炭与消费用燃料,2020,,,,,,,,,,273009000000.0,,0.033643654,6318000000.0,2867029000.0,target_year,,,,,,,,,,SOE_target,0.042332,0.11280699999999999,26.07398859,0.125485273,0.293470907,0.325386136,-0.019229621,0.285464889,0.595044725,0.939511468,0.05065633,True,H_nonSOE,0.02760023008657178,0.11280699999999999,-0.08520676991342821,-23262215047.29512,0.0,1,0,,
600188.SH,兖矿能源,CSI,地方国有企业,能源,煤炭Ⅱ,能源--煤炭Ⅱ--煤炭Ⅲ--煤炭与消费用燃料,2021,,,,,,,,,,301959000000.0,,0.073721162,16941435000.0,5319334000.0,target_year,,,,,,,,,,SOE_target,0.102991,0.26773800000000003,26.33277154,0.122009519,0.275297772,0.285768214,-0.164915276,0.309818779,0.662710303,0.561073745,0.025940776,True,H_nonSOE,0.024895057221900864,0.26773800000000003,-0.24284294277809917,-73328612158.33205,0.0,1,0,,
600188.SH,兖矿能源,CSI,地方国有企业,能源,煤炭Ⅱ,能源--煤炭Ⅱ--煤炭Ⅲ--煤炭与消费用燃料,2022,,,,,,,,,,308604000000.0,,0.117920884,30407538000.0,5983260000.0,target_year,,,,,,,,,,SOE_target,0.19546399999999997,0.38366700000000004,26.43355711,0.126076761,0.269530745,0.377814407,-0.024272447,0.283932375,0.642479663,0.923876494,0.059214617,True,H_nonSOE,0.023624879527403435,0.38366700000000004,-0.3600421204725966,-111110438546.3252,0.0,1,0,,
600188.SH,兖矿能源,CSI,地方国有企业,能源,煤炭Ⅱ,能源--煤炭Ⅱ--煤炭Ⅲ--煤炭与消费用燃料,2023,,,,,,,,,,414317629000.0,,0.051511,17778972000.0,3563014000.0,target_year,,,,,,,,,,SOE_target,0.095581,0.20117200000000002,26.455323,0.166306,0.250024,0.506423,0.01511,0.306255,0.548879,1.05571,0.055648,True,H_nonSOE,0.06032894420094449,0.20117200000000002,-0.14084305579905554,-58353760939.77939,0.0,1,0,,
600188.SH,兖矿能源,CSI,地方国有企业,能源,煤炭Ⅱ,能源--煤炭Ⅱ--煤炭Ⅲ--煤炭与消费用燃料,2024,,,,,,,,,,356350370000.0,,0.051055,14056067000.0,4137324000.0,target_year,,,,,,,,,,SOE_target,0.08046099999999999,0.193195,26.749899,0.137765,0.263234,0.327655,-0.057889,0.316449,0.597567,0.806057,0.064969,True,H_nonSOE,0.026032640139783327,0.193195,-0.16716235986021669,-59568368786.26137,0.0,0,1,FirmSize_lag,
600188.SH,兖矿能源,CSI,地方国有企业,能源,煤炭Ⅱ,能源--煤炭Ⅱ--煤炭Ⅲ--煤炭与消费用燃料,2025,,,,,,,,,,451972364000.0,,0.027923,8524664000.0,4095650000.0,target_year,,,,,,,,,,SOE_target,0.057912,0.131251,26.59918,0.144603,0.263097,0.323185,-0.054503,0.375712,0.629619,0.834785,0.052579,True,H_nonSOE,0.017384486985130183,0.131251,-0.11386651301486983,-51464517067.76749,0.0,1,0,,
600309.SH,万华化学,CSI,地方国有企业,材料,化工,材料--化工--基础化工--商品化工,2019,,,,,,,,,,96865322655.0,,0.117008313,10129985098.0,1204062846.0,target_year,,,,,,,,,,SOE_target,0.153052,0.266079,25.06593632,0.226505092,0.192081294,0.841741027,-0.042060662,0.511890882,0.489675535,0.901909063,0.13364523,True,H_nonSOE,0.13898609195235695,0.266079,-0.12709290804764306,-12310895545.197191,0.0,1,0,,
600309.SH,万华化学,CSI,地方国有企业,材料,化工,材料--化工--基础化工--商品化工,2020,,,,,,,,,,133753000000.0,,0.083122398,10041428015.0,1076414577.0,target_year,,,,,,,,,,SOE_target,0.101746,0.22034099999999998,25.29658742,0.250213206,0.180537484,0.776561667,-0.220057996,0.635362071,0.546470731,0.524192072,0.183913232,True,H_nonSOE,0.11993245702541526,0.22034099999999998,-0.10040854297458472,-13429943848.47963,0.0,0,1,FixedAssetsRatio_lag,
600309.SH,万华化学,CSI,地方国有企业,材料,化工,材料--化工--基础化工--商品化工,2021,,,,,,,,,,190310000000.0,,0.140208439,24648748123.0,2034261425.0,target_year,,,,,,,,,,SOE_target,0.187508,0.420344,25.61925818,0.244652397,0.203999831,0.630976773,-0.206406942,0.595338767,0.613833698,0.594805539,0.173721261,True,H_nonSOE,0.08850070291337701,0.420344,-0.33184329708662297,-63153097868.555214,0.0,1,0,,
600309.SH,万华化学,CSI,地方国有企业,材料,化工,材料--化工--基础化工--商品化工,2022,,,,,,,,,,200843000000.0,,0.086976163,16233626024.0,1234944691.0,target_year,,,,,,,,,,SOE_target,0.099913,0.223384,25.97191796,0.272912546,0.197245037,0.892780517,-0.135100194,0.497004865,0.623268223,0.737650082,0.141871905,True,H_nonSOE,0.13527763361631528,0.223384,-0.08810636638368471,-17695546943.59839,0.0,1,0,,
600309.SH,万华化学,CSI,地方国有企业,材料,化工,材料--化工--基础化工--商品化工,2023,,,,,,,,,,253040390845.31,,0.07308,16815755534.31,1676471684.26,target_year,,,,,,,,,,SOE_target,0.088172,0.203211,26.02579,0.22786,0.212868,0.841883,-0.216511,0.575682,0.595022,0.542349,0.162597,True,H_nonSOE,0.12391229903830317,0.203211,-0.07929870096169683,-20065774284.873127,0.0,1,0,,
600309.SH,万华化学,CSI,地方国有企业,材料,化工,材料--化工--基础化工--商品化工,2024,,,,,,,,,,293333349744.25,,0.051571,13033066612.84,2094484339.39,target_year,,,,,,,,,,SOE_target,0.069618,0.14221899999999998,26.256815,0.212902,0.215825,0.768484,-0.184923,0.589702,0.626723,0.569352,0.170322,True,H_nonSOE,0.10311668008439415,0.14221899999999998,-0.03910231991560584,-11470014483.61596,0.0,1,0,,
600309.SH,万华化学,CSI,地方国有企业,材料,化工,材料--化工--基础化工--商品化工,2025,,,,,,,,,,323009018441.98,,0.045222,12527201094.15,2079996797.01,target_year,,,,,,,,,,SOE_target,0.059539,0.123462,26.404576,0.217908,0.213171,0.662497,-0.191224,0.62041,0.647159,0.555115,0.122148,True,H_nonSOE,0.09809210964612806,0.123462,-0.025369890353871938,-8194703381.184831,0.0,1,0,,
600362.SH,江西铜业,CSI,地方国有企业,材料,有色金属,材料--有色金属--其他金属与采矿--铜,2019,,,,,,,,,,134914000000.0,,0.032033864,2437988000.0,1883826000.0,target_year,,,,,,,,,,SOE_target,0.033765,0.047564999999999996,25.3566913,0.27307784,0.167062795,2.140373487,0.227714688,0.209602968,0.494227646,1.50769518,0.024828003,True,H_nonSOE,0.40637403389591376,0.047564999999999996,0.3588090338959138,48408361999.03331,48408361999.03331,1,0,,
600362.SH,江西铜业,CSI,地方国有企业,材料,有色金属,材料--有色金属--其他金属与采矿--铜,2020,,,,,,,,,,140882000000.0,,0.02965472,2227704000.0,1950099000.0,target_year,,,,,,,,,,SOE_target,0.037725,0.039549,25.62790275,0.258910733,0.15478921,2.015188426,0.116088129,0.199146181,0.562442458,1.229031729,0.024626941,True,H_nonSOE,0.402290210430018,0.039549,0.362741210430018,51103707207.801796,51103707207.801796,1,0,,
600362.SH,江西铜业,CSI,地方国有企业,材料,有色金属,材料--有色金属--其他金属与采矿--铜,2021,,,,,,,,,,161035000000.0,,0.048382962,5772525000.0,2018808000.0,target_year,,,,,,,,,,SOE_target,0.06250499999999999,0.089007,25.67118532,0.286687902,0.159708925,2.304290845,0.154970935,0.181430297,0.52542187,1.387973092,0.025885937,True,H_nonSOE,0.40946500901121585,0.089007,0.32045800901121585,51604955481.12115,51604955481.12115,1,0,,
600362.SH,江西铜业,CSI,地方国有企业,材料,有色金属,材料--有色金属--其他金属与采矿--铜,2022,,,,,,,,,,167331000000.0,,0.047622108,6001476000.0,1967157000.0,target_year,,,,,,,,,,SOE_target,0.057654,0.08375099999999999,25.80488535,0.295819925,0.168216562,2.925410719,0.16153585,0.157166138,0.516812504,1.386929611,0.017832629,True,H_nonSOE,0.41627532219671176,0.08375099999999999,0.3325243221967118,55641627357.49798,55641627357.49798,1,0,,
600362.SH,江西铜业,CSI,地方国有企业,材料,有色金属,材料--有色金属--其他金属与采矿--铜,2023,,,,,,,,,,168150906000.0,,0.053938,6745839000.0,2323801000.0,target_year,,,,,,,,,,SOE_target,0.065317,0.09572599999999999,25.843237,0.27925,0.153058,2.913785,0.140327,0.161812,0.51025,1.320747,0.031766,True,H_nonSOE,0.4135998618402027,0.09572599999999999,0.3178738618402027,53450777862.14892,53450777862.14892,1,0,,
600362.SH,江西铜业,CSI,地方国有企业,材料,有色金属,材料--有色金属--其他金属与采矿--铜,2024,,,,,,,,,,193127836000.0,,0.04877,6900987000.0,2517793000.0,target_year,,,,,,,,,,SOE_target,0.063979,0.094945,25.848128,0.30029,0.159476,3.10204,0.188639,0.195189,0.543573,1.451231,0.040507,True,H_nonSOE,0.39905415071988243,0.094945,0.3041091507198824,58731942186.328735,58731942186.328735,1,0,,
600362.SH,江西铜业,CSI,地方国有企业,材料,有色金属,材料--有色金属--其他金属与采矿--铜,2025,,,,,,,,,,218691169000.0,,0.045031,7372829000.0,2475070000.0,target_year,,,,,,,,,,SOE_target,0.053338,0.09261100000000001,25.986618,0.290054,0.15747,2.874502,0.149061,0.19198,0.545368,1.333937,0.034125,True,H_nonSOE,0.4036468833353556,0.09261100000000001,0.3110358833353556,68020800927.55653,68020800927.55653,1,0,,
600372.SH,中航机载,CSI,中央国有企业,工业,国防军工,工业--国防军工--航空航天与国防Ⅲ--航空航天,2019,,,,,,,,,,22696700722.0,,0.038537034,556020333.4,318643189.9,target_year,,,,,,,,,,SOE_target,0.041747,0.072201,23.79832538,0.088537078,0.285442207,0.355248156,0.227058738,0.198282525,0.634501425,1.448891967,0.039258305,True,H_nonSOE,0.019439615455492408,0.072201,-0.05276138454450759,-1197509354.6850452,0.0,1,0,,
600372.SH,中航机载,CSI,中央国有企业,工业,国防军工,工业--国防军工--航空航天与国防Ⅲ--航空航天,2020,,,,,,,,,,24719896668.0,,0.035788368,630777488.8,253907263.1,target_year,,,,,,,,,,SOE_target,0.030347,0.068315,23.84548541,0.088984862,0.279462147,0.374932205,0.247904795,0.192049706,0.637732538,1.495248109,0.034509268,True,H_nonSOE,0.022455449957764342,0.068315,-0.04585955004223566,-1133643338.2850406,0.0,1,0,,
600372.SH,中航机载,CSI,中央国有企业,工业,国防军工,工业--国防军工--航空航天与国防Ⅲ--航空航天,2021,,,,,,,,,,26262648705.0,,0.035448331,798697071.3,132269986.5,target_year,,,,,,,,,,SOE_target,0.038635,0.073063,23.93087429,0.086942312,0.273615357,0.36796172,0.295766718,0.197663982,0.553869032,1.657799537,0.03562793,True,H_nonSOE,0.033802310189536236,0.073063,-0.03926068981046377,-1031089704.408183,0.0,1,0,,
600372.SH,中航机载,CSI,中央国有企业,工业,国防军工,工业--国防军工--航空航天与国防Ⅲ--航空航天,2022,,,,,,,,,,28402468059.0,,0.037133494,871912569.3,182770303.0,target_year,,,,,,,,,,SOE_target,0.039441000000000004,0.074451,23.99141357,0.086550715,0.271325141,0.384612869,0.28014269,0.203234787,0.556326897,1.610303347,0.031237761,True,H_nonSOE,0.03899824145722325,0.074451,-0.035452758542776755,-1006945842.1146562,0.0,1,0,,
600372.SH,中航机载,CSI,中央国有企业,工业,国防军工,工业--国防军工--航空航天与国防Ⅲ--航空航天,2023,,,,,,,,,,73523417381.93,,0.027009,1886420594.77,99351150.07,target_year,,,,,,,,,,SOE_target,0.044280999999999994,0.078163,24.069742,0.085827,0.272876,0.407307,0.261113,0.182826,0.555523,1.517513,0.017857,True,H_nonSOE,0.05169990510671735,0.078163,-0.02646309489328265,-1945657171.0564404,0.0,1,0,,
600372.SH,中航机载,CSI,中央国有企业,工业,国防军工,工业--国防军工--航空航天与国防Ⅲ--航空航天,2024,,,,,,,,,,78120456108.96,,0.014631,1040725755.41,102256730.44,target_year,,,,,,,,,,SOE_target,0.018606,0.028304,25.02087,0.178262,0.247277,0.56487,0.34877,0.173278,0.487307,1.859553,0.019524,True,H_nonSOE,0.10423232702947,0.028304,0.07592832702947,5931555539.132473,5931555539.132473,1,0,,
600372.SH,中航机载,CSI,中央国有企业,工业,国防军工,工业--国防军工--航空航天与国防Ⅲ--航空航天,2025,,,,,,,,,,83259234737.86,,0.015266,1067323487.88,203724505.25,target_year,,,,,,,,,,SOE_target,0.020488,0.028304999999999997,25.081518,0.14773,0.253215,0.312028,0.312238,0.166134,0.498049,1.694911,0.025577,True,H_nonSOE,0.06696502282178082,0.028304999999999997,0.038660022821780826,3218803915.0896745,3218803915.0896745,1,0,,
600377.SH,宁沪高速,CSI,地方国有企业,工业,交通运输,工业--交通运输--交通基础设施--公路与铁路,2019,,,,,,,,,,55625048625.0,,0.083808736,4199704372.0,462160618.9,target_year,,,,,,,,,,SOE_target,0.11512800000000001,0.15359899999999999,24.5978513,0.011445846,0.111099702,0.219835426,-0.019645962,0.247119711,0.390527538,0.861772049,0.073607939,True,H_nonSOE,-0.07365408563193498,0.15359899999999999,-0.22725308563193497,-12640963938.457672,0.0,0,1,HHI_lag,
600377.SH,宁沪高速,CSI,地方国有企业,工业,交通运输,工业--交通运输--交通基础设施--公路与铁路,2020,,,,,,,,,,61095560365.0,,0.047471427,2464213676.0,436079760.4,target_year,,,,,,,,,,SOE_target,0.062762,0.08683400000000001,24.74189945,0.010413744,0.108646931,0.194207477,-0.127543892,0.294994748,0.412443891,0.459302808,0.087188599,True,H_nonSOE,-0.07855593399472613,0.08683400000000001,-0.16538993399472612,-10104590696.138155,0.0,0,1,HHI_lag,
600377.SH,宁沪高速,CSI,地方国有企业,工业,交通运输,工业--交通运输--交通基础设施--公路与铁路,2021,,,,,,,,,,67662020722.0,,0.073413497,4178794497.0,788511048.1,target_year,,,,,,,,,,SOE_target,0.096206,0.143011,24.83570504,0.010096948,0.123286456,0.137635792,-0.10632362,0.283636888,0.459056117,0.537101648,0.06948944,True,H_nonSOE,-0.08840728526970312,0.143011,-0.23141828526970312,-15658228813.36836,0.0,0,1,HHI_lag,
600377.SH,宁沪高速,CSI,地方国有企业,工业,交通运输,工业--交通运输--交通基础设施--公路与铁路,2022,,,,,,,,,,78458345074.0,,0.061469015,3724115166.0,1098642030.0,target_year,,,,,,,,,,SOE_target,0.077421,0.119802,24.93779087,0.012528305,0.15352339,0.214241167,-0.066822044,0.043427104,0.477404124,0.651384465,0.049049776,True,H_nonSOE,-0.05606155227817641,0.119802,-0.1758635522781764,-13797963270.580603,0.0,1,0,,
600377.SH,宁沪高速,CSI,地方国有企业,工业,交通运输,工业--交通运输--交通基础设施--公路与铁路,2023,,,,,,,,,,78661443944.36,,0.069785,4413271587.29,1076088753.42,target_year,,,,,,,,,,SOE_target,0.085532,0.133881,25.085834,0.011288,0.180808,0.181434,-0.054283,0.104956,0.5163,0.687869,0.051481,True,H_nonSOE,-0.07346668888026522,0.133881,-0.20734768888026522,-16310268605.84758,0.0,1,0,,
600377.SH,宁沪高速,CSI,地方国有企业,工业,交通运输,工业--交通运输--交通基础设施--公路与铁路,2024,,,,,,,,,,89886075247.13,,0.065752,4946691605.41,963483489.08,target_year,,,,,,,,,,SOE_target,0.08614100000000001,0.136302,25.088419,0.012498,0.114556,0.193381,-0.010331,0.097668,0.480196,0.914899,0.048364,True,H_nonSOE,-0.0686013068906095,0.136302,-0.2049033068906095,-18417954061.5551,0.0,0,1,HHI_lag,
600377.SH,宁沪高速,CSI,地方国有企业,工业,交通运输,工业--交通运输--交通基础设施--公路与铁路,2025,,,,,,,,,,96388991421.56,,0.056364,4593870605.31,838994863.39,target_year,,,,,,,,,,SOE_target,0.074415,0.11478999999999999,25.221809,0.016701,0.116886,0.275272,-0.086697,0.082371,0.4467,0.518561,0.120178,True,H_nonSOE,-0.05852216378480629,0.11478999999999999,-0.1733121637848063,-16705384668.305695,0.0,0,1,HHI_lag,
600406.SH,国电南瑞,CSI,中央国有企业,工业,电气设备,工业--电气设备--电气设备Ⅲ--电气部件与设备,2019,,,,,,,,,,57424875019.0,,0.076932332,4343067281.0,74762257.48,target_year,,,,,,,,,,SOE_target,0.09559799999999999,0.148972,24.68102405,0.080040228,0.075162529,0.57528482,0.358267037,0.151511094,0.438641589,1.831750321,0.032746689,True,H_nonSOE,0.11163400218261171,0.148972,-0.03733799781738828,-2144129858.1232169,0.0,0,1,HHI_lag,
600406.SH,国电南瑞,CSI,中央国有企业,工业,电气设备,工业--电气设备--电气设备Ⅲ--电气部件与设备,2020,,,,,,,,,,65962017470.0,,0.074601339,4851540712.0,69314111.2,target_year,,,,,,,,,,SOE_target,0.09493700000000001,0.150043,24.77374341,0.074581189,0.069863037,0.587178263,0.318429201,0.189080259,0.431386914,1.751891674,0.051007372,True,H_nonSOE,0.110692104038785,0.150043,-0.03935089596121501,-2595664486.853817,0.0,0,1,HHI_lag,
600406.SH,国电南瑞,CSI,中央国有企业,工业,电气设备,工业--电气设备--电气设备Ⅲ--电气部件与设备,2021,,,,,,,,,,72732951414.0,,0.07585696,5642448312.0,-125147720.6,target_year,,,,,,,,,,SOE_target,0.097209,0.156425,24.91234492,0.074747547,0.069189957,0.620771318,0.300420686,0.175602059,0.448290308,1.709676587,0.052515301,True,H_nonSOE,0.11674917982882313,0.156425,-0.03967582017117688,-2885739500.820809,0.0,0,1,HHI_lag,
600406.SH,国电南瑞,CSI,中央国有企业,工业,电气设备,工业--电气设备--电气设备Ⅲ--电气部件与设备,2022,,,,,,,,,,76665557522.0,,0.077997441,6446181151.0,-466463828.2,target_year,,,,,,,,,,SOE_target,0.099314,0.160227,25.01006037,0.057367108,0.081262738,0.608389809,0.291924688,0.171913904,0.442584907,1.696586324,0.027723262,True,H_nonSOE,0.12394858949857268,0.160227,-0.03627841050142733,-2781304567.1039057,0.0,0,1,HHI_lag,
600406.SH,国电南瑞,CSI,中央国有企业,工业,电气设备,工业--电气设备--电气设备Ⅲ--电气部件与设备,2023,,,,,,,,,,86087418302.42,,0.077922,7183687344.52,-475609422.41,target_year,,,,,,,,,,SOE_target,0.099833,0.160248,25.062718,0.035944,0.108841,0.622681,0.332505,0.15197,0.408361,1.830446,0.044547,True,H_nonSOE,0.12415296369138737,0.160248,-0.03609503630861263,-3107328489.3405733,0.0,0,1,HHI_lag,
600406.SH,国电南瑞,CSI,中央国有企业,工业,电气设备,工业--电气设备--电气设备Ⅲ--电气部件与设备,2024,,,,,,,,,,92705313123.25,,0.076956,7610121306.96,-475852442.3,target_year,,,,,,,,,,SOE_target,0.096785,0.157861,25.178629,0.034286,0.112299,0.629757,0.372577,0.120765,0.414795,1.912763,0.022668,True,H_nonSOE,0.1311015514895469,0.157861,-0.026759448510453088,-2480743053.1670394,0.0,0,1,HHI_lag,
600406.SH,国电南瑞,CSI,中央国有企业,工业,电气设备,工业--电气设备--电气设备Ⅲ--电气部件与设备,2025,,,,,,,,,,98585657661.02,,0.082259,8278971723.32,-169421300.09,target_year,,,,,,,,,,SOE_target,0.100888,0.16253900000000002,25.252692,0.042088,0.107313,0.637413,0.388622,0.100528,0.431145,1.917368,0.019759,True,H_nonSOE,0.1325792205877237,0.16253900000000002,-0.029959779412276316,-2953604556.738348,0.0,0,1,HHI_lag,
600415.SH,小商品城,CSI,地方国有企业,工业,企业服务,工业--企业服务--商业服务与用品--综合支持服务,2019,,,,,,,,,,31323233994.0,,0.0538665,1255276024.0,431996964.5,target_year,,,,,,,,,,SOE_target,0.06334,0.101303,24.01456867,1.0,1.0,0.132252563,-0.039002537,0.230567379,0.560046211,0.920067909,0.016351929,True,H_nonSOE,0.11864304522176511,0.101303,0.017340045221765105,543146293.94789,543146293.94789,0,2,"HHI_lag, MarketShare_lag",
600415.SH,小商品城,CSI,地方国有企业,工业,企业服务,工业--企业服务--商业服务与用品--综合支持服务,2020,,,,,,,,,,28750127147.0,,0.038563878,926626706.4,182089699.3,target_year,,,,,,,,,,SOE_target,0.053391,0.069727,24.16762596,1.0,1.0,0.129631555,0.079354983,0.180363677,0.582281348,1.192794216,0.030387059,True,H_nonSOE,0.10631755564625653,0.069727,0.03659055564625653,1051983127.209254,1051983127.209254,0,2,"HHI_lag, MarketShare_lag",
600415.SH,小商品城,CSI,地方国有企业,工业,企业服务,工业--企业服务--商业服务与用品--综合支持服务,2021,,,,,,,,,,31014635513.0,,0.048815906,1334095907.0,179911613.7,target_year,,,,,,,,,,SOE_target,0.061460999999999995,0.094721,24.08190803,1.0,1.0,0.118515097,-0.033032909,0.21624898,0.527838284,0.914368028,0.042161709,True,H_nonSOE,0.11994452404831585,0.094721,0.02522352404831585,782298404.7119062,782298404.7119062,0,2,"HHI_lag, MarketShare_lag",
600415.SH,小商品城,CSI,地方国有企业,工业,企业服务,工业--企业服务--商业服务与用品--综合支持服务,2022,,,,,,,,,,32111004317.0,,0.043093729,1104719092.0,279063831.1,target_year,,,,,,,,,,SOE_target,0.041082,0.073961,24.15772504,1.0,1.0,0.196506553,-0.200120846,0.198911539,0.528260067,0.589122806,0.065860094,True,H_nonSOE,0.13402407612714948,0.073961,0.06006307612714948,1928685696.8111966,1928685696.8111966,0,2,"HHI_lag, MarketShare_lag",
600415.SH,小商品城,CSI,地方国有企业,工业,企业服务,工业--企业服务--商业服务与用品--综合支持服务,2023,,,,,,,,,,36218947000.0,,0.079221,2676182000.0,193111000.0,target_year,,,,,,,,,,SOE_target,0.096951,0.162436,24.192465,1.0,1.0,0.235112,-0.222906,0.251657,0.524117,0.423328,0.128146,True,H_nonSOE,0.11858600143481077,0.162436,-0.04384999856518923,-1588200773.9826648,0.0,0,2,"HHI_lag, MarketShare_lag",
600415.SH,小商品城,CSI,地方国有企业,工业,企业服务,工业--企业服务--商业服务与用品--综合支持服务,2024,,,,,,,,,,39168461000.0,,0.082095,3073677000.0,141845000.0,target_year,,,,,,,,,,SOE_target,0.108774,0.160959,24.312848,1.0,1.0,0.330185,-0.197133,0.203438,0.511197,0.480069,0.072549,True,H_nonSOE,0.15691048288392156,0.160959,-0.004048517116078426,-158574184.7689503,0.0,0,2,"HHI_lag, MarketShare_lag",
600415.SH,小商品城,CSI,地方国有企业,工业,企业服务,工业--企业服务--商业服务与用品--综合支持服务,2025,,,,,,,,,,44405436000.0,,0.096453,4203547000.0,79493000.0,target_year,,,,,,,,,,SOE_target,0.128412,0.193482,24.391138,1.0,1.0,0.410543,-0.200038,0.189302,0.47477,0.554038,0.038303,True,H_nonSOE,0.18815874729073773,0.193482,-0.005323252709262261,-236381357.49297193,0.0,0,2,"HHI_lag, MarketShare_lag",
600426.SH,华鲁恒升,CSI,地方国有企业,材料,化工,材料--化工--农用化工--化肥与农用药剂,2019,,,,,,,,,,18187250698.0,,0.144365746,2453030877.0,172585138.5,target_year,,,,,,,,,,SOE_target,0.165545,0.18654800000000002,23.64948878,0.053759205,0.192081294,0.822311198,0.018175969,0.706377359,0.353168815,1.085255392,0.069000749,True,H_nonSOE,0.13352227608496148,0.18654800000000002,-0.05302572391503854,-964392134.28574,0.0,0,1,FixedAssetsRatio_lag,
600426.SH,华鲁恒升,CSI,地方国有企业,材料,化工,材料--化工--农用化工--化肥与农用药剂,2020,,,,,,,,,,20549289346.0,,0.092689026,1798376502.0,106317113.0,target_year,,,,,,,,,,SOE_target,0.10961399999999999,0.121104,23.62398667,0.052275357,0.180537484,0.765221932,0.058111226,0.68506024,0.217518294,1.434260146,0.102025627,True,H_nonSOE,0.13539152008706395,0.121104,0.014287520087063951,293598384.3058643,293598384.3058643,0,1,FixedAssetsRatio_lag,
600426.SH,华鲁恒升,CSI,地方国有企业,材料,化工,材料--化工--农用化工--化肥与农用药剂,2021,,,,,,,,,,28653178698.0,,0.256996505,7254167061.0,109599732.9,target_year,,,,,,,,,,SOE_target,0.350209,0.384587,23.7460922,0.043768215,0.203999831,0.672039958,-0.021759985,0.716394492,0.238479061,0.879608179,0.127291765,True,H_nonSOE,0.12460926844659553,0.384587,-0.2599777315534045,-7449188399.700372,0.0,0,1,FixedAssetsRatio_lag,
600426.SH,华鲁恒升,CSI,地方国有企业,材料,化工,材料--化工--农用化工--化肥与农用药剂,2022,,,,,,,,,,35005445704.0,,0.181349031,6289374659.0,58829004.27,target_year,,,,,,,,,,SOE_target,0.232823,0.25577500000000003,24.07853022,0.04999619,0.197245037,1.077208247,0.145599252,0.604131887,0.207575966,1.988796587,0.128166895,True,H_nonSOE,0.1686723529845341,0.25577500000000003,-0.08710264701546594,-3049066980.7745705,0.0,1,0,,
600426.SH,华鲁恒升,CSI,地方国有企业,材料,化工,材料--化工--农用化工--化肥与农用药剂,2023,,,,,,,,,,44051457552.57,,0.082722,3575898630.37,68124308.2,target_year,,,,,,,,,,SOE_target,0.10829599999999999,0.128136,24.278769,0.041555,0.212868,0.943401,0.143146,0.588965,0.202385,2.403407,0.199116,True,H_nonSOE,0.13052267052443625,0.128136,0.002386670524436252,105136315.29917353,105136315.29917353,1,0,,
600426.SH,华鲁恒升,CSI,地方国有企业,材料,化工,材料--化工--农用化工--化肥与农用药剂,2024,,,,,,,,,,46657911907.48,,0.088364,3902593305.73,220305651.56,target_year,,,,,,,,,,SOE_target,0.115422,0.130283,24.508624,0.033045,0.215825,0.684814,0.048453,0.729643,0.309044,1.368756,0.197735,True,H_nonSOE,0.09570242779063107,0.130283,-0.03458057220936894,-1613457291.8549874,0.0,0,1,FixedAssetsRatio_lag,
600426.SH,华鲁恒升,CSI,地方国有企业,材料,化工,材料--化工--农用化工--化肥与农用药剂,2025,,,,,,,,,,49177377189.73,,0.072767,3315494470.04,262996143.83,target_year,,,,,,,,,,SOE_target,0.09444000000000001,0.10345,24.566108,0.040966,0.213171,0.750189,0.039628,0.747737,0.296416,1.334617,0.108893,True,H_nonSOE,0.13226352162485103,0.10345,0.028813521624851027,1416973421.109741,1416973421.109741,0,1,FixedAssetsRatio_lag,
600436.SH,片仔癀,CSI,地方国有企业,医疗保健,医药生物,医疗保健--医药生物--制药--中药,2019,,,,,,,,,,8810796391.0,,0.159521104,1374376824.0,31131145.29,target_year,,,,,,,,,,SOE_target,0.206961,0.235988,22.61904861,0.014921144,0.277672488,0.767580889,0.591842655,0.035469812,0.202792045,4.055176811,0.011150241,True,H_nonSOE,0.03636809403331841,0.235988,-0.1996199059666816,-1758810347.0629976,0.0,1,0,,
600436.SH,片仔癀,CSI,地方国有企业,医疗保健,医药生物,医疗保健--医药生物--制药--中药,2020,,,,,,,,,,10205569714.0,,0.15789427,1671518667.0,-60117690.48,target_year,,,,,,,,,,SOE_target,0.208126,0.230657,22.89924367,0.015270738,0.276190471,0.733929094,0.636185727,0.027324402,0.208952607,4.208536053,0.007426797,True,H_nonSOE,0.031970749351400776,0.230657,-0.19868625064859924,-2027706382.2075572,0.0,1,0,,
600436.SH,片仔癀,CSI,地方国有企业,医疗保健,医药生物,医疗保健--医药生物--制药--中药,2021,,,,,,,,,,12495334742.0,,0.187847669,2431454745.0,-84235237.62,target_year,,,,,,,,,,SOE_target,0.252767,0.276818,23.04619946,0.016150361,0.256105921,0.679157303,0.63648568,0.025648201,0.19097554,4.608033642,0.041057092,True,H_nonSOE,0.014659946013348843,0.276818,-0.26215805398665115,-3275752639.8745136,0.0,1,0,,
600436.SH,片仔癀,CSI,地方国有企业,医疗保健,医药生物,医疗保健--医药生物--制药--中药,2022,,,,,,,,,,14603844518.0,,0.165023006,2472344732.0,-62374415.78,target_year,,,,,,,,,,SOE_target,0.21976600000000002,0.23507,23.24862119,0.016603444,0.230275265,0.700368482,0.679961024,0.022322156,0.188757291,4.975676054,0.007376102,True,H_nonSOE,0.023381280372301222,0.23507,-0.21168871962769878,-3091469147.6574078,0.0,1,0,,
600436.SH,片仔癀,CSI,地方国有企业,医疗保健,医药生物,医疗保健--医药生物--制药--中药,2023,,,,,,,,,,17080413435.81,,0.16331,2797351515.7,-7953890.04,target_year,,,,,,,,,,SOE_target,0.21265499999999998,0.226449,23.404551,0.015924,0.212266,0.636332,0.69808,0.022027,0.190354,5.061318,0.012009,True,H_nonSOE,0.012739181765976715,0.226449,-0.2137098182340233,-3650252050.7289243,0.0,1,0,,
600436.SH,片仔癀,CSI,地方国有企业,医疗保健,医药生物,医疗保健--医药生物--制药--中药,2024,,,,,,,,,,17539661657.5,,0.169484,2977002486.34,-4319056.56,target_year,,,,,,,,,,SOE_target,0.20418299999999998,0.21535,23.561198,0.016631,0.216978,0.629831,0.715259,0.027513,0.185002,5.237409,0.008306,True,H_nonSOE,0.013461737402404667,0.21535,-0.20188826259759535,-3541051818.5823345,0.0,1,0,,
600436.SH,片仔癀,CSI,地方国有企业,医疗保健,医药生物,医疗保健--医药生物--制药--中药,2025,,,,,,,,,,17560037344.69,,0.124081,2158633048.42,20226793.2,target_year,,,,,,,,,,SOE_target,0.145759,0.149847,23.587731,0.017688,0.230555,0.619207,0.510557,0.07495,0.15399,4.772412,0.060907,True,H_nonSOE,0.01714239496939582,0.149847,-0.1327046050306042,-2330297820.149746,0.0,1,0,,
600482.SH,中国动力,CSI,中央国有企业,工业,机械,工业--机械--机械Ⅲ--建筑机械与重型卡车,2019,,,,,,,,,,56015704188.0,,0.021066248,991122501.3,188918210.8,target_year,,,,,,,,,,SOE_target,0.021861000000000002,0.037224,24.7699628,0.051930912,0.247583643,0.576793352,0.332161962,0.199063948,0.459162622,1.846252165,0.025847307,True,H_nonSOE,0.12258430539777079,0.037224,0.08536030539777079,4781517616.558868,4781517616.558868,1,0,,
600482.SH,中国动力,CSI,中央国有企业,工业,机械,工业--机械--机械Ⅲ--建筑机械与重型卡车,2020,,,,,,,,,,58744689010.0,,0.009974478,542857007.1,43090612.38,target_year,,,,,,,,,,SOE_target,0.01155,0.017203,24.74889792,0.045077149,0.225950341,0.517407526,0.411757521,0.217079015,0.347135411,2.466997135,0.033752662,True,H_nonSOE,0.11805172016731824,0.017203,0.10084872016731825,5924326703.285625,5924326703.285625,1,0,,
600482.SH,中国动力,CSI,中央国有企业,工业,机械,工业--机械--机械Ⅲ--建筑机械与重型卡车,2021,,,,,,,,,,62005997289.0,,0.01022811,613048770.5,21155409.87,target_year,,,,,,,,,,SOE_target,0.012637,0.017034,24.79646659,0.034860421,0.195497669,0.464410462,0.42441873,0.214387711,0.377798653,2.605407503,0.020669161,True,H_nonSOE,0.10495408991159702,0.017034,0.08792008991159703,5451572856.707122,5451572856.707122,1,0,,
600482.SH,中国动力,CSI,中央国有企业,工业,机械,工业--机械--机械Ⅲ--建筑机械与重型卡车,2022,,,,,,,,,,85867792662.0,,0.002736134,332687082.9,-97741320.07,target_year,,,,,,,,,,SOE_target,0.004758,0.009274,24.85049695,0.03483963,0.187780789,0.460886734,0.397369649,0.199766574,0.403258915,2.328060964,0.018590468,True,H_nonSOE,0.10772242050267385,0.009274,0.09844842050267384,8453548559.624988,8453548559.624988,1,0,,
600482.SH,中国动力,CSI,中央国有企业,工业,机械,工业--机械--机械Ⅲ--建筑机械与重型卡车,2023,,,,,,,,,,99119595878.61,,0.007033,779487252.58,-82406541.23,target_year,,,,,,,,,,SOE_target,0.011656999999999999,0.021549,25.176075,0.051108,0.187488,0.511977,0.349594,0.199063,0.468309,1.976542,0.014988,True,H_nonSOE,0.11805154466711687,0.021549,0.09650254466711687,9565293228.662134,9565293228.662134,1,0,,
600482.SH,中国动力,CSI,中央国有企业,工业,机械,工业--机械--机械Ⅲ--建筑机械与重型卡车,2024,,,,,,,,,,108947127910.61,,0.010127,1390869974.66,-287585557.51,target_year,,,,,,,,,,SOE_target,0.024444,0.036613,25.319593,0.054734,0.188674,0.481903,0.349827,0.171566,0.522741,1.897556,0.009325,True,H_nonSOE,0.11063464497368525,0.036613,0.07402164497368524,8064445623.101848,8064445623.101848,1,0,,
600482.SH,中国动力,CSI,中央国有企业,工业,机械,工业--机械--机械Ⅲ--建筑机械与重型卡车,2025,,,,,,,,,,116795591158.73,,0.007841,1300885777.44,-385069662.69,target_year,,,,,,,,,,SOE_target,0.031677,0.032863,25.414129,0.060583,0.187309,0.491489,0.33477,0.156553,0.532312,1.790372,0.009973,True,H_nonSOE,0.11464060878126452,0.032863,0.08177760878126451,9551264161.155138,9551264161.155138,1,0,,
600489.SH,中金黄金,CSI,中央国有企业,材料,有色金属,材料--有色金属--贵金属--黄金,2019,,,,,,,,,,40021635913.0,,0.017765359,178768317.4,532230416.5,target_year,,,,,,,,,,SOE_target,0.025233,0.013075000000000002,24.36223375,0.043496677,0.167062795,0.892001272,0.01554923,0.387881826,0.492146907,1.040654121,0.033759896,True,H_nonSOE,0.2081626679539269,0.013075000000000002,0.1950876679539269,7807727617.9683,7807727617.9683,1,0,,
600489.SH,中金黄金,CSI,中央国有企业,材料,有色金属,材料--有色金属--贵金属--黄金,2020,,,,,,,,,,45802747112.0,,0.045389079,1554638623.0,524305866.0,target_year,,,,,,,,,,SOE_target,0.056073000000000005,0.083728,24.41268604,0.041780262,0.15478921,0.990385297,0.011202003,0.36927657,0.502667595,1.027067204,0.039977449,True,H_nonSOE,0.22103614416951983,0.083728,0.13730814416951984,6289090203.814554,6289090203.814554,1,0,,
600489.SH,中金黄金,CSI,中央国有企业,材料,有色金属,材料--有色金属--贵金属--黄金,2021,,,,,,,,,,47631293984.0,,0.045137813,1697836681.0,452135778.8,target_year,,,,,,,,,,SOE_target,0.054226,0.070368,24.54760991,0.042820805,0.159708925,1.10601035,0.088210639,0.38329592,0.442747709,1.268584014,0.035541924,True,H_nonSOE,0.24428266533404186,0.070368,0.17391466533404187,8283780552.654722,8283780552.654722,1,0,,
600489.SH,中金黄金,CSI,中央国有企业,材料,有色金属,材料--有色金属--贵金属--黄金,2022,,,,,,,,,,48642313052.0,,0.052378211,2117139779.0,430657534.4,target_year,,,,,,,,,,SOE_target,0.063318,0.08348499999999999,24.58675582,0.037165564,0.168216562,1.187630737,0.117843859,0.353493946,0.43478337,1.364867896,0.026935395,True,H_nonSOE,0.25956959466469165,0.08348499999999999,0.17608459466469167,8565161977.314462,8565161977.314462,1,0,,
600489.SH,中金黄金,CSI,中央国有企业,材料,有色金属,材料--有色金属--贵金属--黄金,2023,,,,,,,,,,52680243371.36,,0.064674,2977855387.68,429181525.57,target_year,,,,,,,,,,SOE_target,0.084982,0.11501099999999999,24.60776,0.032911,0.153058,1.171252,0.116913,0.327818,0.424304,1.329625,0.023062,True,H_nonSOE,0.2631705416149033,0.11501099999999999,0.1481595416149033,7805080710.062245,7805080710.062245,1,0,,
600489.SH,中金黄金,CSI,中央国有企业,材料,有色金属,材料--有色金属--贵金属--黄金,2024,,,,,,,,,,55638663702.8,,0.066961,3385988472.81,339639762.12,target_year,,,,,,,,,,SOE_target,0.10135999999999999,0.12705,24.687506,0.034818,0.159476,1.190882,0.10582,0.311803,0.416555,1.365398,0.030848,True,H_nonSOE,0.2683155872143322,0.12705,0.1412655872143322,7859828499.796793,7859828499.796793,1,0,,
600489.SH,中金黄金,CSI,中央国有企业,材料,有色金属,材料--有色金属--贵金属--黄金,2025,,,,,,,,,,62550961213.58,,0.083675,4933582739.46,300387884.18,target_year,,,,,,,,,,SOE_target,0.129625,0.17095,24.742144,0.036012,0.15747,1.190325,0.137993,0.305226,0.414573,1.509469,0.043272,True,H_nonSOE,0.2627222590584097,0.17095,0.09177225905840969,5740443016.845201,5740443016.845201,1,0,,
600515.SH,海南机场,CSI,地方国有企业,房地产,房地产Ⅱ,房地产--房地产Ⅱ--房地产管理和开发--房地产开发,2019,,,,,,,,,,81523299957.0,,0.010411302,-1212912199.0,2061675899.0,target_year,,,,,,,,,,SOE_target,0.006821000000000001,-0.044611,25.26597659,0.017200231,0.396279334,0.104359404,0.160150595,0.0800513,0.608602648,1.37645289,0.007813703,True,H_nonSOE,0.08850440256592115,-0.044611,0.13311540256592114,10852006892.278397,10852006892.278397,1,0,,
600515.SH,海南机场,CSI,地方国有企业,房地产,房地产Ⅱ,房地产--房地产Ⅱ--房地产管理和开发--房地产开发,2020,,,,,,,,,,57434499260.0,,-0.087684698,-7736830873.0,2700704149.0,target_year,,,,,,,,,,SOE_target,-0.106265,-0.5050979999999999,25.12415471,0.014972514,0.408200157,0.116158179,0.013623708,0.095212169,0.656139885,1.028301094,0.004837668,True,H_nonSOE,0.08917085361714237,-0.5050979999999999,0.5942688536171423,34131534033.314808,34131534033.314808,1,0,,
600515.SH,海南机场,CSI,地方国有企业,房地产,房地产Ⅱ,房地产--房地产Ⅱ--房地产管理和开发--房地产开发,2021,,,,,,,,,,61168928318.0,,0.01204503,463289691.7,273491895.7,target_year,,,,,,,,,,SOE_target,0.01861,0.034881,24.77391099,0.00691795,0.406330004,0.076628603,-0.277082839,0.131787007,0.858026092,0.632679943,0.007158523,True,H_nonSOE,0.052893347499049115,0.034881,0.018012347499049113,1101795993.0082417,1101795993.0082417,1,0,,
600515.SH,海南机场,CSI,地方国有企业,房地产,房地产Ⅱ,房地产--房地产Ⅱ--房地产管理和开发--房地产开发,2022,,,,,,,,,,56125450012.0,,0.043689221,1856312763.0,595764415.3,target_year,,,,,,,,,,SOE_target,0.04491799999999999,0.088987,24.83690519,0.004902934,0.390202805,0.072534082,0.184552862,0.150839679,0.667156035,1.611567449,0.005480548,True,H_nonSOE,0.057678153418131886,0.088987,-0.03130884658186811,-1757223103.7640157,0.0,1,0,,
600515.SH,海南机场,CSI,地方国有企业,房地产,房地产Ⅱ,房地产--房地产Ⅱ--房地产管理和开发--房地产开发,2023,,,,,,,,,,55794608066.78,,0.025982,952777304.64,496899788.07,target_year,,,,,,,,,,SOE_target,0.035449,0.041847,24.750855,0.004452,0.393852,0.07221,0.236873,0.172597,0.575791,2.203911,0.008616,True,H_nonSOE,0.06011047303000494,0.041847,0.01826347303000494,1019003319.6473324,1019003319.6473324,1,0,,
600515.SH,海南机场,CSI,地方国有企业,房地产,房地产Ⅱ,房地产--房地产Ⅱ--房地产管理和开发--房地产开发,2024,,,,,,,,,,53691111395.9,,0.016317,458501533.62,417578946.82,target_year,,,,,,,,,,SOE_target,0.015396,0.019660999999999998,24.744943,0.006362,0.37554,0.111115,0.227801,0.194336,0.555888,2.334503,0.029745,True,H_nonSOE,0.05478761879069126,0.019660999999999998,0.03512661879069126,1885987202.4523187,1885987202.4523187,1,0,,
600515.SH,海南机场,CSI,地方国有企业,房地产,房地产Ⅱ,房地产--房地产Ⅱ--房地产管理和开发--房地产开发,2025,,,,,,,,,,59718688955.05,,0.011697,218564398.53,479944246.33,target_year,,,,,,,,,,SOE_target,0.012048000000000001,0.009284,24.706513,0.004902,0.353891,0.073869,0.191783,0.205811,0.521749,1.962012,0.01083,True,H_nonSOE,0.07296934038777901,0.009284,0.06368534038777901,3803205033.6142583,3803205033.6142583,1,0,,
600519.SH,贵州茅台,CSI,地方国有企业,日常消费,食品饮料,日常消费--食品饮料--饮料--白酒与葡萄酒,2019,,,,,,,,,,183042000000.0,,0.225160593,41206471014.0,7458015.66,target_year,,,,,,,,,,SOE_target,0.342866,0.331177,25.79748091,0.093352251,0.118716357,0.423491305,0.596969869,0.107621129,0.265493085,3.248532646,0.010051821,True,H_nonSOE,0.20479946880164873,0.331177,-0.12637753119835127,-23132396065.608612,0.0,0,1,HHI_lag,
600519.SH,贵州茅台,CSI,地方国有企业,日常消费,食品饮料,日常消费--食品饮料--饮料--白酒与葡萄酒,2020,,,,,,,,,,213396000000.0,,0.217730024,46697285430.0,-234610582.4,target_year,,,,,,,,,,SOE_target,0.33395800000000003,0.314108,25.9329835,0.094875943,0.109737598,0.424022183,0.64428346,0.096497444,0.224898702,3.869839489,0.017202928,True,H_nonSOE,0.20012663309706166,0.314108,-0.11398136690293834,-24323167771.61943,0.0,0,1,HHI_lag,
600519.SH,贵州茅台,CSI,地方国有企业,日常消费,食品饮料,日常消费--食品饮料--饮料--白酒与葡萄酒,2021,,,,,,,,,,255168000000.0,,0.205643475,52460144378.0,13529867.76,target_year,,,,,,,,,,SOE_target,0.314138,0.299036,26.08641454,0.089343891,0.106852675,0.408784356,0.655957044,0.087501848,0.214039476,4.064752303,0.009792927,True,H_nonSOE,0.19883141819746966,0.299036,-0.10020458180253036,-25569002729.38807,0.0,0,1,HHI_lag,
600519.SH,贵州茅台,CSI,地方国有企业,日常消费,食品饮料,日常消费--食品饮料--饮料--白酒与葡萄酒,2022,,,,,,,,,,254365000000.0,,0.24660828,62716443738.0,12023204.77,target_year,,,,,,,,,,SOE_target,0.338499,0.324077,26.26518875,0.087555949,0.106913309,0.387932853,0.63821226,0.077572997,0.22812674,3.811942633,0.013358971,True,H_nonSOE,0.19746509344669572,0.324077,-0.1266119065533043,-32205637610.431244,0.0,0,1,HHI_lag,
600519.SH,贵州茅台,CSI,地方国有企业,日常消费,食品饮料,日常消费--食品饮料--饮料--白酒与葡萄酒,2023,,,,,,,,,,272699660092.25,,0.26749,74734071550.75,-1789503701.48,target_year,,,,,,,,,,SOE_target,0.393358,0.361755,26.262035,0.086572,0.105461,0.414513,0.658683,0.086297,0.19421,4.414725,0.020862,True,H_nonSOE,0.19482439151870293,0.361755,-0.16693060848129707,-45521920191.84218,0.0,0,1,HHI_lag,
600519.SH,贵州茅台,CSI,地方国有企业,日常消费,食品饮料,日常消费--食品饮料--饮料--白酒与葡萄酒,2024,,,,,,,,,,298944579918.7,,0.283524,86228146421.62,-1470219863.34,target_year,,,,,,,,,,SOE_target,0.413433,0.384283,26.331637,0.099153,0.100594,0.476069,0.64714,0.080846,0.179843,4.623892,0.009607,True,H_nonSOE,0.2090583216378205,0.384283,-0.17522467836217948,-52382467864.37106,0.0,0,1,HHI_lag,
600519.SH,贵州茅台,CSI,地方国有企业,日常消费,食品饮料,日常消费--食品饮料--饮料--白酒与葡萄酒,2025,,,,,,,,,,303834844021.44,,0.268254,82320067101.68,-815240284.72,target_year,,,,,,,,,,SOE_target,0.378049,0.34462000000000004,26.423524,0.11272,0.097008,0.503715,0.653,0.080353,0.190448,4.454079,0.015651,True,H_nonSOE,0.21292207855015666,0.34462000000000004,-0.13169792144984338,-40014417421.66102,0.0,0,1,HHI_lag,
600547.SH,山东黄金,CSI,地方国有企业,材料,有色金属,材料--有色金属--贵金属--黄金,2019,,,,,,,,,,58848726000.0,,0.034295033,1290503000.0,727716000.0,target_year,,,,,,,,,,SOE_target,0.052248,0.057457,24.54342986,0.069783967,0.167062795,1.234748067,-0.168747226,0.506074265,0.481784636,0.460910124,0.079974587,True,H_nonSOE,0.2574455131376221,0.057457,0.1999885131376221,11769069212.783323,11769069212.783323,1,0,,
600547.SH,山东黄金,CSI,地方国有企业,材料,有色金属,材料--有色金属--贵金属--黄金,2020,,,,,,,,,,64461691000.0,,0.046063033,2231533000.0,737768000.0,target_year,,,,,,,,,,SOE_target,0.062424,0.09291,24.79823602,0.06766359,0.15478921,1.198791734,-0.247137126,0.442311427,0.557028218,0.41604487,0.087074323,True,H_nonSOE,0.24446231908975968,0.09291,0.1515523190897597,9769318763.49749,9769318763.49749,1,0,,
600547.SH,山东黄金,CSI,地方国有企业,材料,有色金属,材料--有色金属--贵金属--黄金,2021,,,,,,,,,,79036550000.0,,0.006070812,-221301000.0,701117000.0,target_year,,,,,,,,,,SOE_target,0.008607,-0.009239,24.88933695,0.057422438,0.159708925,1.032278579,-0.191698943,0.44392585,0.505781116,0.516050317,0.084631149,True,H_nonSOE,0.2320256716301358,-0.009239,0.2412646716301358,19068727282.52881,19068727282.52881,1,0,,
600547.SH,山东黄金,CSI,地方国有企业,材料,有色金属,材料--有色金属--贵金属--黄金,2022,,,,,,,,,,91216092000.0,,0.024132694,1191359000.0,1009931000.0,target_year,,,,,,,,,,SOE_target,0.033211,0.051716,25.09317624,0.022730128,0.168216562,0.472934661,-0.262458167,0.399789604,0.595619002,0.407525779,0.065528784,True,H_nonSOE,0.14254044102980623,0.051716,0.09082444102980623,8284650568.82338,8284650568.82338,1,0,,
600547.SH,山东黄金,CSI,地方国有企业,材料,有色金属,材料--有色金属--贵金属--黄金,2023,,,,,,,,,,135018841000.0,,0.02814,2267383000.0,1532106000.0,target_year,,,,,,,,,,SOE_target,0.043099,0.098295,25.236497,0.029365,0.153058,0.590954,-0.144872,0.405942,0.596539,0.619063,0.05267,True,H_nonSOE,0.16440952263831896,0.098295,0.06611452263831896,8926706219.894089,8926706219.894089,1,0,,
600547.SH,山东黄金,CSI,地方国有企业,材料,有色金属,材料--有色金属--贵金属--黄金,2024,,,,,,,,,,161010475000.0,,0.030549,2898680000.0,2020016000.0,target_year,,,,,,,,,,SOE_target,0.050286,0.12102299999999999,25.62868,0.034208,0.159476,0.524015,-0.154502,0.37297,0.605257,0.578511,0.079842,True,H_nonSOE,0.15094184733291022,0.12102299999999999,0.029918847332910226,4817247820.524359,4817247820.524359,1,0,,
600547.SH,山东黄金,CSI,地方国有企业,材料,有色金属,材料--有色金属--贵金属--黄金,2025,,,,,,,,,,170374158329.33,,0.03915,4739393120.72,1930825091.04,target_year,,,,,,,,,,SOE_target,0.065581,0.136069,25.804735,0.046095,0.15747,0.557499,-0.209441,0.382655,0.636317,0.459784,0.173847,True,H_nonSOE,0.12353112437975552,0.136069,-0.01253787562024447,-2136130006.0369778,0.0,1,0,,
600584.SH,长电科技,CSI,中央国有企业,信息技术,半导体,信息技术--半导体--半导体产品--集成电路,2019,,,,,,,,,,33581893568.0,,0.025835091,88663437.59,778927828.0,target_year,,,,,,,,,,SOE_target,0.024489999999999998,0.007116,24.26211863,0.425302714,0.214515912,0.731214167,-0.217835094,0.570274559,0.642866911,0.592526697,0.125223737,True,H_nonSOE,0.10267968437128158,0.007116,0.09556368437128158,3209209477.522323,3209209477.522323,1,0,,
600584.SH,长电科技,CSI,中央国有企业,信息技术,半导体,信息技术--半导体--半导体产品--集成电路,2020,,,,,,,,,,32328196228.0,,0.059969666,1304390209.0,634320913.2,target_year,,,,,,,,,,SOE_target,0.06268,0.100233,24.23725288,0.333118905,0.169245785,0.690776587,-0.240903638,0.579565316,0.623655665,0.541626438,0.083485094,True,H_nonSOE,0.10618316249133594,0.100233,0.005950162491335939,192358020.60839358,192358020.60839358,1,0,,
600584.SH,长电科技,CSI,中央国有企业,信息技术,半导体,信息技术--半导体--半导体产品--集成电路,2021,,,,,,,,,,37098618886.0,,0.08818834,2958712533.0,312953065.0,target_year,,,,,,,,,,SOE_target,0.09927899999999999,0.172064,24.19920563,0.292587408,0.155238897,0.801570564,-0.136611898,0.577067125,0.585201037,0.681027474,0.10301753,True,H_nonSOE,0.11741824774963643,0.172064,-0.05464575225036357,-2027281936.475015,0.0,1,0,,
600584.SH,长电科技,CSI,中央国有企业,信息技术,半导体,信息技术--半导体--半导体产品--集成电路,2022,,,,,,,,,,39407731739.0,,0.087256409,3230988206.0,207588936.5,target_year,,,,,,,,,,SOE_target,0.09065200000000001,0.141605,24.33684558,0.247136762,0.127200785,0.876472393,0.055951263,0.51445276,0.433948862,1.183022294,0.117475684,True,H_nonSOE,0.13424317476757394,0.141605,-0.007361825232426067,-290112833.8688478,0.0,0,1,HHI_lag,
600584.SH,长电科技,CSI,中央国有企业,信息技术,半导体,信息技术--半导体--半导体产品--集成电路,2023,,,,,,,,,,42579471835.65,,0.03904,1470705571.95,191582595.95,target_year,,,,,,,,,,SOE_target,0.041807,0.058006,24.397228,0.241875,0.113252,0.880251,0.078921,0.51575,0.374673,1.281888,0.099579,True,H_nonSOE,0.14952629054028016,0.058006,0.09152029054028016,3896885633.450364,3896885633.450364,0,1,HHI_lag,
600584.SH,长电科技,CSI,中央国有企业,信息技术,半导体,信息技术--半导体--半导体产品--集成电路,2024,,,,,,,,,,54059828326.1,,0.032423,1609575410.92,143202493.72,target_year,,,,,,,,,,SOE_target,0.037089,0.059965000000000004,24.474638,0.20667,0.109637,0.720973,0.186402,0.464953,0.385827,1.819745,0.07347,True,H_nonSOE,0.11964208382402179,0.059965000000000004,0.05967708382402179,3226132906.528897,3226132906.528897,0,1,HHI_lag,
600584.SH,长电科技,CSI,中央国有企业,信息技术,半导体,信息技术--半导体--半导体产品--集成电路,2025,,,,,,,,,,55516503601.44,,0.034768,1565238036.45,364966704.33,target_year,,,,,,,,,,SOE_target,0.038389,0.055614,24.713357,0.203175,0.111057,0.742623,0.127708,0.453394,0.453519,1.451593,0.084921,True,H_nonSOE,0.11911587696260167,0.055614,0.06350187696260168,3525402181.092476,3525402181.092476,0,1,HHI_lag,
600585.SH,海螺水泥,CSI,地方国有企业,材料,建材Ⅱ,材料--建材Ⅱ--建材Ⅲ--建材Ⅳ,2019,,,,,,,,,,178777000000.0,,0.190604923,33629803000.0,446008000.0,target_year,,,,,,,,,,SOE_target,0.264696,0.26940200000000003,25.73087892,0.851845731,0.736746816,0.945214441,0.307864936,0.42602985,0.223060914,2.760494595,0.031752625,True,H_nonSOE,0.252489066030233,0.26940200000000003,-0.016912933969767008,-3023643596.3130364,0.0,0,1,MarketShare_lag,
600585.SH,海螺水泥,CSI,地方国有企业,材料,建材Ⅱ,材料--建材Ⅱ--建材Ⅲ--建材Ⅳ,2020,,,,,,,,,,200973000000.0,,0.177189761,35163538000.0,446777000.0,target_year,,,,,,,,,,SOE_target,0.250641,0.235312,25.90940607,0.869353952,0.764425084,0.956555552,0.390378958,0.392942982,0.204983699,3.545143008,0.049637873,True,H_nonSOE,0.23910226691275765,0.235312,0.0037902669127576616,761741312.2576455,761741312.2576455,0,1,MarketShare_lag,
600585.SH,海螺水泥,CSI,地方国有企业,材料,建材Ⅱ,材料--建材Ⅱ--建材Ⅲ--建材Ⅳ,2021,,,,,,,,,,230515000000.0,,0.145909871,33300694000.0,333671000.0,target_year,,,,,,,,,,SOE_target,0.206196,0.192903,26.0264352,0.862135547,0.753086611,0.92820387,0.442261239,0.335339415,0.163752786,4.669323247,0.049609649,True,H_nonSOE,0.22835681841073438,0.192903,0.03545381841073439,8172636950.950438,8172636950.950438,0,1,MarketShare_lag,
600585.SH,海螺水泥,CSI,地方国有企业,材料,建材Ⅱ,材料--建材Ⅱ--建材Ⅲ--建材Ⅳ,2022,,,,,,,,,,243976000000.0,,0.067158879,15860553000.0,524630000.0,target_year,,,,,,,,,,SOE_target,0.087491,0.086401,26.16358032,0.806036387,0.668525521,0.778482317,0.396284433,0.32075031,0.168348631,3.796208792,0.065949423,True,H_nonSOE,0.21818240934412866,0.086401,0.13178140934412866,32151501126.143135,32151501126.143135,0,1,MarketShare_lag,
600585.SH,海螺水泥,CSI,地方国有企业,材料,建材Ⅱ,材料--建材Ⅱ--建材Ⅲ--建材Ⅳ,2023,,,,,,,,,,246189200000.0,,0.047198,10689181000.0,930404000.0,target_year,,,,,,,,,,SOE_target,0.060389,0.057962,26.220337,0.768652,0.617588,0.556476,0.290341,0.368056,0.197017,2.991394,0.109217,True,H_nonSOE,0.18204706887426453,0.057962,0.12408506887426453,30548403838.100086,30548403838.100086,1,0,,
600585.SH,海螺水泥,CSI,地方国有企业,材料,建材Ⅱ,材料--建材Ⅱ--建材Ⅲ--建材Ⅳ,2024,,,,,,,,,,254635244000.0,,0.03468,8051954000.0,778705000.0,target_year,,,,,,,,,,SOE_target,0.044611,0.043154000000000005,26.229366,0.792843,0.650954,0.575313,0.291186,0.392783,0.196105,3.41697,0.057547,True,H_nonSOE,0.19111572273831523,0.043154000000000005,0.14796172273831523,37676269372.13125,37676269372.13125,0,1,MarketShare_lag,
600585.SH,海螺水泥,CSI,地方国有企业,材料,建材Ⅱ,材料--建材Ⅱ--建材Ⅲ--建材Ⅳ,2025,,,,,,,,,,256000730000.0,,0.035606,8464457000.0,650683000.0,target_year,,,,,,,,,,SOE_target,0.044752,0.044513,26.263098,0.688576,0.525443,0.363519,0.254756,0.389179,0.21324,3.245249,0.044433,True,H_nonSOE,0.16557647082474014,0.044513,0.12106347082474014,30992336907.46718,30992336907.46718,1,0,,
600600.SH,青岛啤酒,CSI,地方国有企业,日常消费,食品饮料,日常消费--食品饮料--饮料--啤酒,2019,,,,,,,,,,37312383547.0,,0.050066542,1852103376.0,15998657.0,target_year,,,,,,,,,,SOE_target,0.062422000000000005,0.099731,24.25183759,0.039789287,0.118716357,0.817071935,0.166497166,0.314204026,0.451509728,1.46938827,0.022356278,True,H_nonSOE,0.22874575516827678,0.099731,0.12901475516827676,4813848028.061043,4813848028.061043,0,1,HHI_lag,
600600.SH,青岛啤酒,CSI,地方国有企业,日常消费,食品饮料,日常消费--食品饮料--饮料--啤酒,2020,,,,,,,,,,41514185835.0,,0.053486635,2201323556.0,19130553.0,target_year,,,,,,,,,,SOE_target,0.069384,0.11063700000000001,24.34259111,0.036521616,0.109737598,0.783994456,0.204973157,0.278755397,0.466306653,1.572724464,0.030961465,True,H_nonSOE,0.21906390851078172,0.11063700000000001,0.10842690851078171,4501254829.431135,4501254829.431135,0,1,HHI_lag,
600600.SH,青岛啤酒,CSI,地方国有企业,日常消费,食品饮料,日常消费--食品饮料--饮料--啤酒,2021,,,,,,,,,,46563004491.0,,0.068392254,3155455810.0,29093000.0,target_year,,,,,,,,,,SOE_target,0.09519899999999999,0.144667,24.44930103,0.030608359,0.106852675,0.704323711,0.219639959,0.256356563,0.485283121,1.587892074,0.031198181,True,H_nonSOE,0.20575615936715663,0.144667,0.06108915936715664,2844494801.9643292,2844494801.9643292,0,1,HHI_lag,
600600.SH,青岛啤酒,CSI,地方国有企业,日常消费,食品饮料,日常消费--食品饮料--饮料--啤酒,2022,,,,,,,,,,50311699796.0,,0.07408436,3710628593.0,16681483.0,target_year,,,,,,,,,,SOE_target,0.094207,0.153026,24.56407217,0.029061598,0.106913309,0.685008349,0.22979565,0.234330308,0.489000085,1.586022499,0.035113023,True,H_nonSOE,0.20423216041369374,0.153026,0.051206160413693746,2576268970.439579,2576268970.439579,0,1,HHI_lag,
600600.SH,青岛啤酒,CSI,地方国有企业,日常消费,食品饮料,日常消费--食品饮料--饮料--啤酒,2023,,,,,,,,,,49256011349.0,,0.08698,4267851406.0,16430590.0,target_year,,,,,,,,,,SOE_target,0.105586,0.16122,24.641503,0.026374,0.105461,0.664189,0.245086,0.227891,0.477809,1.626821,0.035382,True,H_nonSOE,0.20354318448297992,0.16122,0.04232318448297992,2084671255.2194796,2084671255.2194796,0,1,HHI_lag,
600600.SH,青岛啤酒,CSI,地方国有企业,日常消费,食品饮料,日常消费--食品饮料--饮料--啤酒,2024,,,,,,,,,,51420385832.0,,0.084924,4344983858.0,21837054.0,target_year,,,,,,,,,,SOE_target,0.105021,0.153778,24.620297,0.026821,0.100594,0.681677,0.257703,0.236404,0.42637,1.750271,0.032844,True,H_nonSOE,0.21363204743419723,0.153778,0.05985404743419723,3077718212.673251,3077718212.673251,0,1,HHI_lag,
600600.SH,青岛啤酒,CSI,地方国有企业,日常消费,食品饮料,日常消费--食品饮料--饮料--啤酒,2025,,,,,,,,,,52131585698.0,,0.088233,4588101137.0,11645392.0,target_year,,,,,,,,,,SOE_target,0.11355,0.153681,24.663301,0.025162,0.097008,0.638438,0.149096,0.242093,0.419305,1.437532,0.041638,True,H_nonSOE,0.217158529371617,0.153681,0.06347752937161699,3309184262.333763,3309184262.333763,0,1,HHI_lag,
600674.SH,川投能源,CSI,地方国有企业,公用事业,公用事业Ⅱ,公用事业--公用事业Ⅱ--电力--电力公用事业,2019,,,,,,,,,,37455297271.0,,0.08663757,2947152991.0,297882959.1,target_year,,,,,,,,,,SOE_target,0.09496600000000001,0.113437,24.19037321,0.001407933,0.148389593,0.027388009,-0.126162172,0.096642724,0.211156314,0.238375654,0.000112629,True,H_nonSOE,0.09194030192245652,0.113437,-0.02149669807754348,-805165216.8393253,0.0,0,2,"CapexRatio_lag, CurrentRatio_lag",
600674.SH,川投能源,CSI,地方国有企业,公用事业,公用事业Ⅱ,公用事业--公用事业Ⅱ--电力--电力公用事业,2020,,,,,,,,,,41329132241.0,,0.085105621,3161648053.0,355693399.7,target_year,,,,,,,,,,SOE_target,0.08250199999999999,0.113068,24.34641399,0.001205579,0.143602423,0.023400148,-0.003795965,0.089266117,0.261609643,0.974542199,0.005644483,True,H_nonSOE,0.07242341289610088,0.113068,-0.04064458710389912,-1679805515.29789,0.0,1,0,,
600674.SH,川投能源,CSI,地方国有企业,公用事业,公用事业Ⅱ,公用事业--公用事业Ⅱ--电力--电力公用事业,2021,,,,,,,,,,48467289300.0,,0.072029473,3087390564.0,403682721.0,target_year,,,,,,,,,,SOE_target,0.070829,0.10283899999999999,24.44483347,0.001311827,0.126082379,0.025326604,-0.020587501,0.149878777,0.279982539,0.842265433,0.011127501,True,H_nonSOE,0.06644926260066639,0.10283899999999999,-0.0363897373993336,-1763711930.084531,0.0,0,1,HHI_lag,
600674.SH,川投能源,CSI,地方国有企业,公用事业,公用事业Ⅱ,公用事业--公用事业Ⅱ--电力--电力公用事业,2022,,,,,,,,,,54713816868.0,,0.073686954,3515265709.0,516428791.4,target_year,,,,,,,,,,SOE_target,0.070057,0.108055,24.60415496,0.001311755,0.130392082,0.027269246,-0.076929215,0.15739761,0.333789881,0.523491198,0.018682481,True,H_nonSOE,0.06117460162048033,0.108055,-0.04688039837951967,-2565005531.6359234,0.0,0,1,HHI_lag,
600674.SH,川投能源,CSI,地方国有企业,公用事业,公用事业Ⅱ,公用事业--公用事业Ⅱ--电力--电力公用事业,2023,,,,,,,,,,60353345396.81,,0.083092,4400136762.78,614743511.5,target_year,,,,,,,,,,SOE_target,0.079343,0.12410700000000001,24.725382,0.001264,0.129341,0.026783,-0.063429,0.159617,0.356674,0.562795,0.011853,True,H_nonSOE,0.059538628454021726,0.12410700000000001,-0.06456837154597828,-3896917229.623986,0.0,0,1,HHI_lag,
600674.SH,川投能源,CSI,地方国有企业,公用事业,公用事业Ⅱ,公用事业--公用事业Ⅱ--电力--电力公用事业,2024,,,,,,,,,,65049216986.43,,0.076308,4507725742.38,456048265.85,target_year,,,,,,,,,,SOE_target,0.082261,0.113788,24.823482,0.001247,0.121904,0.024977,-0.093234,0.155371,0.36055,0.376089,0.01185,True,H_nonSOE,0.06238237867558484,0.113788,-0.05140562132441516,-3343895415.854135,0.0,0,1,HHI_lag,
600674.SH,川投能源,CSI,地方国有企业,公用事业,公用事业Ⅱ,公用事业--公用事业Ⅱ--电力--电力公用事业,2025,,,,,,,,,,70280844646.92,,0.074284,4754148319.5,466574820.23,target_year,,,,,,,,,,SOE_target,0.079641,0.10925800000000001,24.89841,0.001364,0.118327,0.024926,-0.030629,0.163193,0.325335,0.646079,0.014149,True,H_nonSOE,0.06604218818849113,0.10925800000000001,-0.04321581181150888,-3037243756.215186,0.0,0,1,HHI_lag,
600741.SH,华域汽车,CSI,地方国有企业,可选消费,汽车与零配件,可选消费--汽车与零配件--汽车零配件--汽车零配件与设备,2019,,,,,,,,,,139127000000.0,,0.046042526,6463163299.0,-57384823.34,target_year,,,,,,,,,,SOE_target,0.06916699999999999,0.136372,25.61876601,0.105173849,0.376606004,1.218424095,0.095917985,0.187971562,0.591375165,1.188356392,0.056289775,True,H_nonSOE,0.16753641282994303,0.136372,0.031164412829943033,4335811263.791485,4335811263.791485,1,0,,
600741.SH,华域汽车,CSI,地方国有企业,可选消费,汽车与零配件,可选消费--汽车与零配件--汽车零配件--汽车零配件与设备,2020,,,,,,,,,,150436000000.0,,0.036173167,5403276870.0,38468287.51,target_year,,,,,,,,,,SOE_target,0.05484,0.105986,25.65865613,0.102321962,0.369422071,1.052222715,0.098096971,0.185580865,0.578073616,1.195337752,0.041014965,True,H_nonSOE,0.15046853388286952,0.105986,0.04448253388286952,6691774467.203359,6691774467.203359,1,0,,
600741.SH,华域汽车,CSI,地方国有企业,可选消费,汽车与零配件,可选消费--汽车与零配件--汽车零配件--汽车零配件与设备,2021,,,,,,,,,,153847000000.0,,0.041668248,6468939920.0,-58414795.01,target_year,,,,,,,,,,SOE_target,0.058917000000000004,0.12674,25.73680331,0.099651359,0.324255792,0.919275528,0.061256394,0.179405617,0.613203253,1.108781534,0.026615808,True,H_nonSOE,0.13183669547931143,0.12674,0.005096695479311436,784111309.4056265,784111309.4056265,1,0,,
600741.SH,华域汽车,CSI,地方国有企业,可选消费,汽车与零配件,可选消费--汽车与零配件--汽车零配件--汽车零配件与设备,2022,,,,,,,,,,162797000000.0,,0.042880326,7203125199.0,-222339441.1,target_year,,,,,,,,,,SOE_target,0.057724000000000004,0.140533,25.7592229,0.091719109,0.289774151,0.916432657,0.04330837,0.164489571,0.651116923,1.075429526,0.032901711,True,H_nonSOE,0.12371654723336245,0.140533,-0.01681645276663754,-2737668061.0502915,0.0,1,0,,
600741.SH,华域汽车,CSI,地方国有企业,可选消费,汽车与零配件,可选消费--汽车与零配件--汽车零配件--汽车零配件与设备,2023,,,,,,,,,,176096527061.77,,0.041438,7214175836.76,82967479.37,target_year,,,,,,,,,,SOE_target,0.053342,0.130295,25.815769,0.087651,0.236564,0.995539,0.051679,0.160689,0.649534,1.087895,0.031948,True,H_nonSOE,0.13469601154089766,0.130295,0.00440101154089767,775002847.9108486,775002847.9108486,1,0,,
600741.SH,华域汽车,CSI,地方国有企业,可选消费,汽车与零配件,可选消费--汽车与零配件--汽车零配件--汽车零配件与设备,2024,,,,,,,,,,185005958123.93,,0.038573,6690703044.68,445450880.84,target_year,,,,,,,,,,SOE_target,0.048373,0.111687,25.894298,0.079829,0.222276,0.9913,0.071113,0.146473,0.650302,1.120299,0.027814,True,H_nonSOE,0.13388534280382902,0.111687,0.022198342803829027,4106825679.185836,4106825679.185836,1,0,,
600741.SH,华域汽车,CSI,地方国有企业,可选消费,汽车与零配件,可选消费--汽车与零配件--汽车零配件--汽车零配件与设备,2025,,,,,,,,,,199186450932.39,,0.037691,7207268139.61,300363531.54,target_year,,,,,,,,,,SOE_target,0.05118,0.111577,25.943654,0.072316,0.204324,0.932002,0.047394,0.13775,0.642604,1.080251,0.024096,True,H_nonSOE,0.12982287853429492,0.111577,0.01824587853429492,3634331789.3896837,3634331789.3896837,1,0,,
600760.SH,中航沈飞,CSI,中央国有企业,工业,国防军工,工业--国防军工--航空航天与国防Ⅲ--航空航天,2019,,,,,,,,,,29223855418.0,,0.030645756,877785950.4,17801204.6,target_year,,,,,,,,,,SOE_target,0.032455,0.10607100000000001,24.07103611,0.234061146,0.285442207,0.73382927,0.094811604,0.156668572,0.711535713,1.13982081,0.021528326,True,H_nonSOE,0.09897464957097847,0.10607100000000001,-0.007096350429021542,-207382718.9331878,0.0,1,0,,
600760.SH,中航沈飞,CSI,中央国有企业,工业,国防军工,工业--国防军工--航空航天与国防Ⅲ--航空航天,2020,,,,,,,,,,32853080760.0,,0.044497289,1480199037.0,-18325999.76,target_year,,,,,,,,,,SOE_target,0.055996,0.157162,24.09825118,0.25391587,0.279462147,0.822813114,0.126611615,0.154215263,0.680994566,1.194178025,0.019204256,True,H_nonSOE,0.11882935654937346,0.157162,-0.038332643450626536,-1259345431.0277185,0.0,1,0,,
600760.SH,中航沈飞,CSI,中央国有企业,工业,国防军工,工业--国防军工--航空航天与国防Ⅲ--航空航天,2021,,,,,,,,,,62780477436.0,,0.023023896,1695718597.0,-250267428.3,target_year,,,,,,,,,,SOE_target,0.038985,0.157295,24.21531136,0.271869554,0.273615357,0.878885182,0.154294154,0.141732989,0.670187379,1.23638641,0.022587022,True,H_nonSOE,0.13088590492732385,0.157295,-0.026409095072676136,-1657975597.3153229,0.0,1,0,,
600760.SH,中航沈飞,CSI,中央国有企业,工业,国防军工,工业--国防军工--航空航天与国防Ⅲ--航空航天,2022,,,,,,,,,,58792300811.0,,0.034290357,2304914649.0,-288905647.1,target_year,,,,,,,,,,SOE_target,0.042947,0.190097,24.86290999,0.300582293,0.271325141,0.712078293,0.11045987,0.075155929,0.804076801,1.140517772,0.015019361,True,H_nonSOE,0.1054032422466227,0.190097,-0.08469375775337729,-4979340882.650521,0.0,1,0,,
600760.SH,中航沈飞,CSI,中央国有企业,工业,国防军工,工业--国防军工--航空航天与国防Ⅲ--航空航天,2023,,,,,,,,,,55466437662.06,,0.04908,3007151011.69,-284871174.07,target_year,,,,,,,,,,SOE_target,0.05942,0.215317,24.797277,0.31911,0.272876,0.680945,0.127789,0.091034,0.765048,1.170943,0.018031,True,H_nonSOE,0.10617578291874122,0.215317,-0.10914121708125879,-6053674513.598998,0.0,1,0,,
600760.SH,中航沈飞,CSI,中央国有企业,工业,国防军工,工业--国防军工--航空航天与国防Ⅲ--航空航天,2024,,,,,,,,,,61589834322.62,,0.050531,3393966060.7,-281780980.48,target_year,,,,,,,,,,SOE_target,0.062074,0.21099199999999999,24.739044,0.285535,0.247277,0.80713,0.19824,0.106196,0.706893,1.30884,0.046211,True,H_nonSOE,0.11603309166593363,0.21099199999999999,-0.09495890833406635,-5848503431.752007,0.0,1,0,,
600760.SH,中航沈飞,CSI,中央国有企业,工业,国防军工,工业--国防军工--航空航天与国防Ⅲ--航空航天,2025,,,,,,,,,,77486151790.18,,0.044729,3517760109.76,-51895460.66,target_year,,,,,,,,,,SOE_target,0.057051,0.17316600000000001,24.843763,0.26643,0.253215,0.729017,0.191021,0.119894,0.690682,1.30753,0.049573,True,H_nonSOE,0.10610201564820909,0.17316600000000001,-0.06706398435179092,-5196530071.137127,0.0,1,0,,
600795.SH,国电电力,CSI,中央国有企业,公用事业,公用事业Ⅱ,公用事业--公用事业Ⅱ--电力--电力公用事业,2019,,,,,,,,,,364848000000.0,,0.03103471,1868693329.0,9454253879.0,target_year,,,,,,,,,,SOE_target,0.052023,0.035694,26.33094615,0.108567586,0.148389593,0.235939416,-0.20008333,0.824503098,0.738424424,0.254622885,0.046610381,True,H_nonSOE,-0.019088041338645043,0.035694,-0.05478204133864504,-19987118218.321964,0.0,0,2,"FixedAssetsRatio_lag, CurrentRatio_lag",
600795.SH,国电电力,CSI,中央国有企业,公用事业,公用事业Ⅱ,公用事业--公用事业Ⅱ--电力--电力公用事业,2020,,,,,,,,,,357337000000.0,,0.031801717,2633092717.0,8730848509.0,target_year,,,,,,,,,,SOE_target,0.028807,0.049264,26.62274626,0.17020986,0.143602423,0.360249419,-0.153296874,0.803204859,0.680281684,0.389709423,0.033277747,True,H_nonSOE,0.02045467431923055,0.049264,-0.02880932568076945,-10294638010.789114,0.0,0,2,"FirmSize_lag, FixedAssetsRatio_lag",
600795.SH,国电电力,CSI,中央国有企业,公用事业,公用事业Ⅱ,公用事业--公用事业Ⅱ--电力--电力公用事业,2021,,,,,,,,,,397909000000.0,,0.01530631,-1845353429.0,7935869338.0,target_year,,,,,,,,,,SOE_target,-0.004032,-0.037367,26.60194614,0.150635222,0.126082379,0.31726249,-0.175229782,0.798494104,0.668275244,0.366384625,0.039259747,True,H_nonSOE,0.013530172484932844,-0.037367,0.05089717248493284,20252443006.30714,20252443006.30714,0,2,"FixedAssetsRatio_lag, HHI_lag",
600795.SH,国电电力,CSI,中央国有企业,公用事业,公用事业Ⅱ,公用事业--公用事业Ⅱ--电力--电力公用事业,2022,,,,,,,,,,412852000000.0,,0.025132614,2824661198.0,7551385897.0,target_year,,,,,,,,,,SOE_target,0.025287,0.06217399999999999,26.70948872,0.177715444,0.130392082,0.439254514,-0.182234617,0.784952008,0.720608319,0.420969478,0.053779605,True,H_nonSOE,0.019123303763711283,0.06217399999999999,-0.04305069623628871,-17773566042.544266,0.0,0,3,"FirmSize_lag, FixedAssetsRatio_lag, HHI_lag",
600795.SH,国电电力,CSI,中央国有企业,公用事业,公用事业Ⅱ,公用事业--公用事业Ⅱ--电力--电力公用事业,2023,,,,,,,,,,457899346871.8,,0.026904,5608589563.0,6710634947.41,target_year,,,,,,,,,,SOE_target,0.035992,0.119557,26.746355,0.174129,0.129341,0.469478,-0.148351,0.777889,0.732903,0.489031,0.091215,True,H_nonSOE,0.008952699586252305,0.119557,-0.11060430041374769,-50645636920.66743,0.0,0,3,"FirmSize_lag, FixedAssetsRatio_lag, HHI_lag",
600795.SH,国电电力,CSI,中央国有企业,公用事业,公用事业Ⅱ,公用事业--公用事业Ⅱ--电力--电力公用事业,2024,,,,,,,,,,493936293815.87,,0.033167,9831015730.47,6551289184.38,target_year,,,,,,,,,,SOE_target,0.056732,0.187621,26.849915,0.155481,0.121904,0.411434,-0.18418,0.786377,0.739186,0.410321,0.10869,True,H_nonSOE,-0.006769278118737648,0.187621,-0.19439027811873766,-96016413527.80548,0.0,0,3,"FirmSize_lag, FixedAssetsRatio_lag, HHI_lag",
600795.SH,国电电力,CSI,中央国有企业,公用事业,公用事业Ⅱ,公用事业--公用事业Ⅱ--电力--电力公用事业,2025,,,,,,,,,,520151776851.06,,0.025088,7161419062.53,5887937095.54,target_year,,,,,,,,,,SOE_target,0.04671,0.124002,26.925672,0.154752,0.118327,0.372564,-0.127761,0.776514,0.734045,0.498768,0.117618,True,H_nonSOE,-0.01594502444834578,0.124002,-0.13994702444834578,-72793693431.82579,0.0,0,3,"FirmSize_lag, FixedAssetsRatio_lag, HHI_lag",
600809.SH,山西汾酒,CSI,地方国有企业,日常消费,食品饮料,日常消费--食品饮料--饮料--白酒与葡萄酒,2019,,,,,,,,,,16067772126.0,,0.120645565,1938505451.0,0.0,target_year,,,,,,,,,,SOE_target,0.19643999999999998,0.28379899999999997,23.19381691,0.011358508,0.118716357,0.730553813,0.313357956,0.160991916,0.452055606,1.698127236,0.006345891,True,H_nonSOE,0.20187468780125473,0.28379899999999997,-0.08192431219874524,-1316341179.9887207,0.0,0,1,HHI_lag,
600809.SH,山西汾酒,CSI,地方国有企业,日常消费,食品饮料,日常消费--食品饮料--饮料--白酒与葡萄酒,2020,,,,,,,,,,19778534913.0,,0.152246337,3079233697.0,-68024211.2,target_year,,,,,,,,,,SOE_target,0.23637699999999998,0.357553,23.50008137,0.012563816,0.109737598,0.690167098,0.264738088,0.132517046,0.525473058,1.507083422,0.010036058,True,H_nonSOE,0.19335609102168774,0.357553,-0.16419690897831227,-3247574296.8342323,0.0,0,1,HHI_lag,
600809.SH,山西汾酒,CSI,地方国有企业,日常消费,食品饮料,日常消费--食品饮料--饮料--白酒与葡萄酒,2021,,,,,,,,,,29954563964.0,,0.176283383,5313612016.0,-33120152.46,target_year,,,,,,,,,,SOE_target,0.285143,0.42509399999999997,23.70786309,0.012665221,0.106852675,0.640874842,0.312390239,0.115668116,0.491118185,1.641645687,0.00990074,True,H_nonSOE,0.19358590888918414,0.42509399999999997,-0.23150809111081583,-6934723923.362473,0.0,0,1,HHI_lag,
600809.SH,山西汾酒,CSI,地方国有企业,日常消费,食品饮料,日常消费--食品饮料--饮料--白酒与葡萄酒,2022,,,,,,,,,,36686474275.0,,0.219673789,8095851304.0,-36794481.72,target_year,,,,,,,,,,SOE_target,0.32640300000000005,0.44307899999999995,24.12294754,0.015645986,0.106913309,0.653126402,0.367907014,0.083238228,0.479653252,1.772545459,0.005217143,True,H_nonSOE,0.20399388470870478,0.44307899999999995,-0.23908511529129517,-8771189931.66951,0.0,0,1,HHI_lag,
600809.SH,山西汾酒,CSI,地方国有企业,日常消费,食品饮料,日常消费--食品饮料--饮料--白酒与葡萄酒,2023,,,,,,,,,,44095837995.19,,0.236534,10438114410.47,-7937771.17,target_year,,,,,,,,,,SOE_target,0.35168900000000003,0.42467799999999994,24.325674,0.017717,0.105461,0.648619,0.391304,0.067605,0.407261,1.966935,0.022504,True,H_nonSOE,0.21384605548299507,0.42467799999999994,-0.21083194451700488,-9296811269.632734,0.0,0,1,HHI_lag,
600809.SH,山西汾酒,CSI,地方国有企业,日常消费,食品饮料,日常消费--食品饮料--饮料--白酒与葡萄酒,2024,,,,,,,,,,53495197888.51,,0.228677,12242884323.77,-9765157.86,target_year,,,,,,,,,,SOE_target,0.33853700000000003,0.39120399999999994,24.509631,0.020625,0.100594,0.646094,0.441337,0.062488,0.358781,2.284846,0.011,True,H_nonSOE,0.22285727897727658,0.39120399999999994,-0.16834672102272336,-9005741154.992373,0.0,0,1,HHI_lag,
600809.SH,山西汾酒,CSI,地方国有企业,日常消费,食品饮料,日常消费--食品饮料--饮料--白酒与葡萄酒,2025,,,,,,,,,,56323475330.54,,0.217073,12246329337.25,-20025507.86,target_year,,,,,,,,,,SOE_target,0.30286,0.32926,24.702858,0.023549,0.097008,0.616411,0.487344,0.09119,0.341913,2.451332,0.01192,True,H_nonSOE,0.2177471156091225,0.32926,-0.1115128843908775,-6280793193.026948,0.0,0,1,HHI_lag,
600845.SH,宝信软件,CSI,中央国有企业,信息技术,软件服务,信息技术--软件服务--软件--应用软件,2019,,,,,,,,,,10267677543.0,,0.081925389,879342167.8,-38158695.38,target_year,,,,,,,,,,SOE_target,0.101713,0.12857100000000002,22.96879561,0.111629061,0.165297342,0.603696254,0.453013002,0.177288325,0.283095215,2.655370712,0.066055153,True,H_nonSOE,-0.030293662168218632,0.12857100000000002,-0.15886466216821865,-1631171124.1209004,0.0,1,0,,
600845.SH,宝信软件,CSI,中央国有企业,信息技术,软件服务,信息技术--软件服务--软件--应用软件,2020,,,,,,,,,,14070448560.0,,0.088149099,1300621550.0,-60324188.48,target_year,,,,,,,,,,SOE_target,0.12177500000000001,0.181308,23.0522667,0.119813233,0.156571733,0.693114084,0.42081115,0.184828746,0.292041392,2.50922769,0.088434728,True,H_nonSOE,-0.020087652719567833,0.181308,-0.20139565271956783,-2833727171.798303,0.0,1,0,,
600845.SH,宝信软件,CSI,中央国有企业,信息技术,软件服务,信息技术--软件服务--软件--应用软件,2021,,,,,,,,,,17860169154.0,,0.099359437,1818835201.0,-44258849.6,target_year,,,,,,,,,,SOE_target,0.126112,0.223171,23.36734259,0.14363829,0.151169635,0.779807981,0.305796909,0.122237644,0.466077062,1.666951471,0.023677422,True,H_nonSOE,0.007834999831279998,0.223171,-0.21533600016872,-3845937387.9591117,0.0,1,0,,
600845.SH,宝信软件,CSI,中央国有企业,信息技术,软件服务,信息技术--软件服务--软件--应用软件,2022,,,,,,,,,,19581031615.0,,0.112537592,2185886525.0,17715615.56,target_year,,,,,,,,,,SOE_target,0.122726,0.230578,23.60583888,0.14572694,0.153055264,0.733913566,0.320951649,0.115802186,0.462290693,1.724840493,0.042653776,True,H_nonSOE,-0.0003625097848132808,0.230578,-0.23094050978481329,-4522053423.280645,0.0,1,0,,
600845.SH,宝信软件,CSI,中央国有企业,信息技术,软件服务,信息技术--软件服务--软件--应用软件,2023,,,,,,,,,,21882684637.81,,0.114085,2553638969.59,-57147146.8,target_year,,,,,,,,,,SOE_target,0.13603500000000002,0.24034199999999997,23.697827,0.149362,0.14694,0.69877,0.357491,0.102442,0.455595,1.825248,0.015366,True,H_nonSOE,0.0033132921975039947,0.24034199999999997,-0.23702870780249596,-5186824462.949634,0.0,1,0,,
600845.SH,宝信软件,CSI,中央国有企业,信息技术,软件服务,信息技术--软件服务--软件--应用软件,2024,,,,,,,,,,21636685902.19,,0.10333,2265482898.16,-29759456.65,target_year,,,,,,,,,,SOE_target,0.11368,0.199552,23.808962,0.143091,0.139728,0.619504,0.376569,0.099233,0.447554,1.926631,0.017193,True,H_nonSOE,-0.00807590158145445,0.199552,-0.20762790158145444,-4492379691.048748,0.0,1,0,,
600845.SH,宝信软件,CSI,中央国有企业,信息技术,软件服务,信息技术--软件服务--软件--应用软件,2025,,,,,,,,,,22314945033.04,,0.057715,1305010991.72,-17114725.47,target_year,,,,,,,,,,SOE_target,0.064209,0.11631,23.797656,0.127,0.169431,0.624517,0.381346,0.108447,0.432194,1.981772,0.020184,True,H_nonSOE,-0.008926917681574498,0.11631,-0.1252369176815745,-2794654934.1716905,0.0,1,0,,
600875.SH,东方电气,CSI,中央国有企业,工业,电气设备,工业--电气设备--电气设备Ⅲ--重型电气设备,2019,,,,,,,,,,89618965556.0,,0.015717674,1277671818.0,130929860.5,target_year,,,,,,,,,,SOE_target,0.006066,0.044028,25.23767212,0.084142144,0.075162529,0.349259169,0.228409844,0.066453384,0.663898493,1.395835175,0.002025643,True,H_nonSOE,0.0729256439421552,0.044028,0.0288976439421552,2589776957.101559,2589776957.101559,0,1,HHI_lag,
600875.SH,东方电气,CSI,中央国有企业,工业,电气设备,工业--电气设备--电气设备Ⅲ--重型电气设备,2020,,,,,,,,,,97795137769.0,,0.020410563,1861998155.0,134055669.1,target_year,,,,,,,,,,SOE_target,0.011969,0.061694000000000006,25.2188328,0.073544025,0.069863037,0.351245526,0.222554195,0.06293563,0.645181879,1.403307137,0.007166305,True,H_nonSOE,0.07469940687798632,0.061694000000000006,0.013005406877986313,1271865557.3745716,1271865557.3745716,0,1,HHI_lag,
600875.SH,东方电气,CSI,中央国有企业,工业,电气设备,工业--电气设备--电气设备Ⅲ--重型电气设备,2021,,,,,,,,,,103105000000.0,,0.023600924,2289036817.0,144326348.8,target_year,,,,,,,,,,SOE_target,0.017065,0.072203,25.3061407,0.070729662,0.069189957,0.386725704,0.148967446,0.055489357,0.655999257,1.259661364,0.00553372,True,H_nonSOE,0.08607082695372419,0.072203,0.013867826953724183,1429842298.063732,1429842298.063732,0,1,HHI_lag,
600875.SH,东方电气,CSI,中央国有企业,工业,电气设备,工业--电气设备--电气设备Ⅲ--重型电气设备,2022,,,,,,,,,,115265000000.0,,0.026347295,2854650575.0,182271979.4,target_year,,,,,,,,,,SOE_target,0.021002,0.084608,25.35900958,0.063575156,0.081262738,0.46546583,0.115208513,0.05076816,0.656815638,1.204886628,0.006960057,True,H_nonSOE,0.09968474901332681,0.084608,0.015076749013326812,1737821475.021115,1737821475.021115,0,1,HHI_lag,
600875.SH,东方电气,CSI,中央国有企业,工业,电气设备,工业--电气设备--电气设备Ⅲ--重型电气设备,2023,,,,,,,,,,121108373341.62,,0.030112,3550393576.32,96404032.6,target_year,,,,,,,,,,SOE_target,0.024314,0.09831300000000001,25.4705,0.041868,0.108841,0.496214,-0.000125,0.045409,0.664904,0.999787,0.006491,True,H_nonSOE,0.1101487276196392,0.09831300000000001,0.011835727619639191,1433405719.3289866,1433405719.3289866,0,1,HHI_lag,
600875.SH,东方电气,CSI,中央国有企业,工业,电气设备,工业--电气设备--电气设备Ⅲ--重型电气设备,2024,,,,,,,,,,142009284851.87,,0.021335,2922100908.48,107669363.23,target_year,,,,,,,,,,SOE_target,0.020957,0.076856,25.519952,0.039852,0.112299,0.504004,0.036663,0.047941,0.659645,1.06232,0.009166,True,H_nonSOE,0.10815424428575526,0.076856,0.03129824428575527,4444641288.139233,4444641288.139233,0,1,HHI_lag,
600875.SH,东方电气,CSI,中央国有企业,工业,电气设备,工业--电气设备--电气设备Ⅲ--重型电气设备,2025,,,,,,,,,,162674195217.33,,0.024077,3831301222.13,85345766.36,target_year,,,,,,,,,,SOE_target,0.031003,0.091188,25.679158,0.050664,0.107313,0.521385,0.034271,0.048634,0.696201,1.054737,0.021119,True,H_nonSOE,0.10113772036296553,0.091188,0.009949720362965528,1618562752.6828976,1618562752.6828976,0,1,HHI_lag,
600886.SH,国投电力,CSI,中央国有企业,公用事业,公用事业Ⅱ,公用事业--公用事业Ⅱ--电力--电力公用事业,2019,,,,,,,,,,224722000000.0,,0.042848909,4755460882.0,4873610845.0,target_year,,,,,,,,,,SOE_target,0.067674,0.12181900000000001,26.1201075,0.067425895,0.148389593,0.18671361,-0.080609047,0.838680884,0.682009567,0.494120103,0.046417675,True,H_nonSOE,-0.02367537143964278,0.12181900000000001,-0.14549437143964278,-32695786138.659405,0.0,0,1,FixedAssetsRatio_lag,
600886.SH,国投电力,CSI,中央国有企业,公用事业,公用事业Ⅱ,公用事业--公用事业Ⅱ--电力--电力公用事业,2020,,,,,,,,,,228909000000.0,,0.042418916,5515627276.0,4194460020.0,target_year,,,,,,,,,,SOE_target,0.051626000000000005,0.125914,26.13812775,0.061507665,0.143602423,0.186274265,-0.04132307,0.810239806,0.668949453,0.728631805,0.044695381,True,H_nonSOE,-0.024409537370424728,0.125914,-0.15032353737042473,-34410410615.92655,0.0,0,1,FixedAssetsRatio_lag,
600886.SH,国投电力,CSI,中央国有企业,公用事业,公用事业Ⅱ,公用事业--公用事业Ⅱ--电力--电力公用事业,2021,,,,,,,,,,241370000000.0,,0.027875459,2436891837.0,4291394378.0,target_year,,,,,,,,,,SOE_target,0.027852000000000002,0.049387999999999994,26.156592,0.050456318,0.126082379,0.169181835,-0.066500176,0.82814494,0.639222502,0.577776524,0.044517337,True,H_nonSOE,-0.019543197029229548,0.049387999999999994,-0.06893119702922954,-16637923026.945133,0.0,0,2,"FixedAssetsRatio_lag, HHI_lag",
600886.SH,国投电力,CSI,中央国有企业,公用事业,公用事业Ⅱ,公用事业--公用事业Ⅱ--电力--电力公用事业,2022,,,,,,,,,,258254000000.0,,0.03381893,4079375650.0,4654513767.0,target_year,,,,,,,,,,SOE_target,0.037759999999999995,0.076989,26.2095949,0.045790834,0.130392082,0.18176182,-0.067490828,0.809947994,0.635164482,0.571163608,0.038436347,True,H_nonSOE,-0.015629259595891884,0.076989,-0.09261825959589189,-23919036013.677464,0.0,0,2,"FixedAssetsRatio_lag, HHI_lag",
600886.SH,国投电力,CSI,中央国有企业,公用事业,公用事业Ⅱ,公用事业--公用事业Ⅱ--电力--电力公用事业,2023,,,,,,,,,,277363021076.32,,0.038506,6704936953.85,3975288601.66,target_year,,,,,,,,,,SOE_target,0.053080999999999996,0.118062,26.277211,0.045306,0.129341,0.198222,-0.08302,0.800705,0.637472,0.521016,0.058878,True,H_nonSOE,-0.018789153708988676,0.118062,-0.13685115370898868,-37957449430.50494,0.0,0,2,"FixedAssetsRatio_lag, HHI_lag",
600886.SH,国投电力,CSI,中央国有企业,公用事业,公用事业Ⅱ,公用事业--公用事业Ⅱ--电力--电力公用事业,2024,,,,,,,,,,296536685805.74,,0.033908,6643033266.19,3412049732.32,target_year,,,,,,,,,,SOE_target,0.06662499999999999,0.109754,26.348593,0.04841,0.121904,0.208256,-0.061429,0.776516,0.631828,0.628079,0.073018,True,H_nonSOE,-0.021094640348199134,0.109754,-0.13084864034819915,-38801422151.042206,0.0,0,2,"FixedAssetsRatio_lag, HHI_lag",
600886.SH,国投电力,CSI,中央国有企业,公用事业,公用事业Ⅱ,公用事业--公用事业Ⅱ--电力--电力公用事业,2025,,,,,,,,,,313579818706.81,,0.032146,7393381322.0,2687092580.25,target_year,,,,,,,,,,SOE_target,0.062301,0.109834,26.415437,0.049531,0.118327,0.197773,-0.090115,0.767208,0.632175,0.527581,0.073402,True,H_nonSOE,-0.02107836751047998,0.109834,-0.13091236751047997,-41051476470.41559,0.0,0,2,"FixedAssetsRatio_lag, HHI_lag",
600893.SH,航发动力,CSI,中央国有企业,工业,国防军工,工业--国防军工--航空航天与国防Ⅲ--航空航天,2019,,,,,,,,,,63115020067.0,,0.023695335,1077406923.0,418124589.7,target_year,,,,,,,,,,SOE_target,0.029830000000000002,0.039094000000000004,24.70302304,0.267740082,0.285442207,0.437535611,0.043166966,0.334289968,0.429212935,1.08260805,0.032583643,True,H_nonSOE,0.11340772485343016,0.039094000000000004,0.07431372485343016,4690312235.377761,4690312235.377761,1,0,,
600893.SH,航发动力,CSI,中央国有企业,工业,国防军工,工业--国防军工--航空航天与国防Ⅲ--航空航天,2020,,,,,,,,,,64352332318.0,,0.022585258,1145986116.0,307427913.2,target_year,,,,,,,,,,SOE_target,0.022119,0.035375000000000004,24.86822461,0.268981923,0.279462147,0.430985785,0.180032179,0.308221958,0.42097161,1.423587814,0.038841514,True,H_nonSOE,0.10474340266217949,0.035375000000000004,0.06936840266217949,4464018500.485411,4464018500.485411,1,0,,
600893.SH,航发动力,CSI,中央国有企业,工业,国防军工,工业--国防军工--航空航天与国防Ⅲ--航空航天,2021,,,,,,,,,,90648498035.0,,0.013911733,1187619447.0,73458273.32,target_year,,,,,,,,,,SOE_target,0.01816,0.032292999999999995,24.88763901,0.284731838,0.273615357,0.448269208,0.168979618,0.311568166,0.417257503,1.394363511,0.040230166,True,H_nonSOE,0.1103584370554179,0.032292999999999995,0.07806543705541791,7076514617.519466,7076514617.519466,1,0,,
600893.SH,航发动力,CSI,中央国有企业,工业,国防军工,工业--国防军工--航空航天与国防Ⅲ--航空航天,2022,,,,,,,,,,89965912662.0,,0.01576586,1267781837.0,150608102.9,target_year,,,,,,,,,,SOE_target,0.017733000000000002,0.033426,25.23025521,0.300423066,0.271325141,0.439110596,0.129696967,0.235812024,0.559425655,1.232595064,0.033230453,True,H_nonSOE,0.10066692927965877,0.033426,0.06724092927965877,6049391570.8855,6049391570.8855,1,0,,
600893.SH,航发动力,CSI,中央国有企业,工业,国防军工,工业--国防军工--航空航天与国防Ⅲ--航空航天,2023,,,,,,,,,,99795552106.78,,0.016727,1421421585.27,247847861.48,target_year,,,,,,,,,,SOE_target,0.018008,0.036513,25.222697,0.285061,0.272876,0.409442,0.123892,0.246077,0.541098,1.22639,0.031555,True,H_nonSOE,0.09836586457155332,0.036513,0.06185286457155332,6172640769.304056,6172640769.304056,1,0,,
600893.SH,航发动力,CSI,中央国有企业,工业,国防军工,工业--国防军工--航空航天与国防Ⅲ--航空航天,2024,,,,,,,,,,115913298911.68,,0.011363,860291114.25,456787611.33,target_year,,,,,,,,,,SOE_target,0.014764999999999999,0.021689,25.326389,0.269155,0.247277,0.458109,0.107993,0.235554,0.560545,1.185283,0.033502,True,H_nonSOE,0.10313406408276778,0.021689,0.08144506408276778,9440566057.906794,9440566057.906794,1,0,,
600893.SH,航发动力,CSI,中央国有企业,工业,国防军工,工业--国防军工--航空航天与国防Ⅲ--航空航天,2025,,,,,,,,,,123071590336.09,,0.010252,634328156.8,627400791.46,target_year,,,,,,,,,,SOE_target,0.012845,0.015845,25.476108,0.297316,0.253215,0.441468,0.114637,0.213589,0.607384,1.188188,0.025182,True,H_nonSOE,0.09842014562066526,0.015845,0.08257514562066526,10162654493.769491,10162654493.769491,1,0,,
600900.SH,长江电力,CSI,中央国有企业,公用事业,公用事业Ⅱ,公用事业--公用事业Ⅱ--电力--电力公用事业,2019,,,,,,,,,,296483000000.0,,0.090205718,21543493636.0,5200957545.0,target_year,,,,,,,,,,SOE_target,0.107289,0.147703,26.41192448,0.084052252,0.148389593,0.167846247,-0.160212281,0.827770041,0.517137032,0.16690857,0.010554722,True,H_nonSOE,0.023662418743903277,0.147703,-0.12404058125609672,-36775923652.55132,0.0,0,2,"FixedAssetsRatio_lag, CurrentRatio_lag",
600900.SH,长江电力,CSI,中央国有企业,公用事业,公用事业Ⅱ,公用事业--公用事业Ⅱ--电力--电力公用事业,2020,,,,,,,,,,330827000000.0,,0.094562387,26297890223.0,4985909832.0,target_year,,,,,,,,,,SOE_target,0.11937099999999999,0.16353,26.41525532,0.072210962,0.143602423,0.164550436,-0.151521069,0.786457909,0.494014744,0.197202157,0.00916354,True,H_nonSOE,0.02653494992470034,0.16353,-0.13699505007529966,-45321661431.26116,0.0,0,2,"FixedAssetsRatio_lag, CurrentRatio_lag",
600900.SH,长江电力,CSI,中央国有企业,公用事业,公用事业Ⅱ,公用事业--公用事业Ⅱ--电力--电力公用事业,2021,,,,,,,,,,328563000000.0,,0.094424331,26272998503.0,4751369574.0,target_year,,,,,,,,,,SOE_target,0.112712,0.148779,26.52486171,0.074410164,0.126082379,0.180422565,-0.192822765,0.707604134,0.460982464,0.187030032,0.010966039,True,H_nonSOE,0.0359839022144109,0.148779,-0.1127950977855891,-37060295713.72652,0.0,0,3,"FixedAssetsRatio_lag, HHI_lag, CurrentRatio_lag",
600900.SH,长江电力,CSI,中央国有企业,公用事业,公用事业Ⅱ,公用事业--公用事业Ⅱ--电力--电力公用事业,2022,,,,,,,,,,327268000000.0,,0.077615125,21309033981.0,4091934992.0,target_year,,,,,,,,,,SOE_target,0.092723,0.116267,26.51799529,0.058372527,0.130392082,0.165251528,-0.10799369,0.674421881,0.42084757,0.335606159,0.010572933,True,H_nonSOE,0.03724705479891999,0.116267,-0.07901994520108001,-25860699426.06705,0.0,0,2,"FixedAssetsRatio_lag, HHI_lag",
600900.SH,长江电力,CSI,中央国有企业,公用事业,公用事业Ⅱ,公用事业--公用事业Ⅱ--电力--电力公用事业,2023,,,,,,,,,,571942544909.29,,0.069579,27238970860.7,12556406948.81,target_year,,,,,,,,,,SOE_target,0.10002000000000001,0.14083600000000002,26.514046,0.046651,0.129341,0.155493,-0.113534,0.654516,0.401854,0.291705,0.014883,True,H_nonSOE,0.03751710059356414,0.14083600000000002,-0.10331889940643588,-59092474263.74387,0.0,0,3,"FixedAssetsRatio_lag, HHI_lag, CurrentRatio_lag",
600900.SH,长江电力,CSI,中央国有企业,公用事业,公用事业Ⅱ,公用事业--公用事业Ⅱ--电力--电力公用事业,2024,,,,,,,,,,566071979792.34,,0.077071,32496172808.65,11131343530.28,target_year,,,,,,,,,,SOE_target,0.087861,0.157895,27.072304,0.06641,0.121904,0.170171,-0.220611,0.786164,0.628811,0.122989,0.021388,True,H_nonSOE,-0.00353803390589863,0.157895,-0.16143303390589864,-91382717106.99599,0.0,0,4,"FirmSize_lag, FixedAssetsRatio_lag, HHI_lag, CurrentRatio_lag",
600900.SH,长江电力,CSI,中央国有企业,公用事业,公用事业Ⅱ,公用事业--公用事业Ⅱ--电力--电力公用事业,2025,,,,,,,,,,559208340046.84,,0.078458,34502809176.39,9371372984.05,target_year,,,,,,,,,,SOE_target,0.09084199999999999,0.159873,27.061987,0.072025,0.118327,0.145031,-0.251498,0.776353,0.607902,0.107736,0.025474,True,H_nonSOE,-0.003149936790080715,0.159873,-0.1630229367900807,-91163785871.94194,0.0,0,4,"FirmSize_lag, FixedAssetsRatio_lag, HHI_lag, CurrentRatio_lag",
600905.SH,三峡能源,CSI,中央国有企业,公用事业,公用事业Ⅱ,公用事业--公用事业Ⅱ--电力--电力公用事业,2019,,,,,,,,,,100050000000.0,,0.044637736,2839735774.0,1626271621.0,target_year,,,,,,,,,,SOE_target,0.036157,0.071715,25.16693766,0.012310599,0.148389593,0.095504611,0.032057758,0.624194288,0.492527498,1.235768548,0.12482356,True,H_nonSOE,-0.03704148621600123,0.071715,-0.10875648621600123,-10881086445.910923,0.0,1,0,,
600905.SH,三峡能源,CSI,中央国有企业,公用事业,公用事业Ⅱ,公用事业--公用事业Ⅱ--电力--电力公用事业,2020,,,,,,,,,,142576000000.0,,0.040053102,3610991284.0,2099634099.0,target_year,,,,,,,,,,SOE_target,0.052405999999999994,0.08984,25.32893633,0.013171647,0.143602423,0.095973224,-0.052296024,0.661347862,0.583253272,0.762889652,0.142675768,True,H_nonSOE,-0.04598254673506608,0.08984,-0.13582254673506608,-19365035423.298782,0.0,0,1,FixedAssetsRatio_lag,
600905.SH,三峡能源,CSI,中央国有企业,公用事业,公用事业Ⅱ,公用事业--公用事业Ⅱ--电力--电力公用事业,2021,,,,,,,,,,217196000000.0,,0.039073376,5642366893.0,2844231671.0,target_year,,,,,,,,,,SOE_target,0.036911,0.10189999999999999,25.68314352,0.014739605,0.126082379,0.092403534,-0.064530566,0.68917574,0.67431158,0.69579096,0.178542795,True,H_nonSOE,-0.0727149544523954,0.10189999999999999,-0.1746149544523954,-37925669647.24247,0.0,0,2,"FixedAssetsRatio_lag, HHI_lag",
600905.SH,三峡能源,CSI,中央国有企业,公用事业,公用事业Ⅱ,公用事业--公用事业Ⅱ--电力--电力公用事业,2022,,,,,,,,,,262127000000.0,,0.042507105,7155475873.0,3986790888.0,target_year,,,,,,,,,,SOE_target,0.037842,0.0981,26.10406807,0.016447582,0.130392082,0.085340136,-0.016042716,0.667788729,0.647345629,0.909165829,0.137691712,True,H_nonSOE,-0.061278687699711815,0.0981,-0.1593786876997118,-41777457270.66235,0.0,0,2,"FixedAssetsRatio_lag, HHI_lag",
600905.SH,三峡能源,CSI,中央国有企业,公用事业,公用事业Ⅱ,公用事业--公用事业Ⅱ--电力--电力公用事业,2023,,,,,,,,,,311707560904.4,,0.035726,7181086737.34,3954822772.55,target_year,,,,,,,,,,SOE_target,0.031429,0.09,26.292096,0.021631,0.129341,0.098646,-0.016599,0.657012,0.66444,0.907727,0.10579,True,H_nonSOE,-0.055022035226183694,0.09,-0.14502203522618368,-45204464877.7457,0.0,0,2,"FixedAssetsRatio_lag, HHI_lag",
600905.SH,三峡能源,CSI,中央国有企业,公用事业,公用事业Ⅱ,公用事业--公用事业Ⅱ--电力--电力公用事业,2024,,,,,,,,,,356871426700.32,,0.029203,6111426749.8,4310318180.69,target_year,,,,,,,,,,SOE_target,0.038501,0.07221899999999999,26.465331,0.022815,0.121904,0.091612,0.00235,0.684482,0.693671,1.015668,0.131892,True,H_nonSOE,-0.07100825150607351,0.07221899999999999,-0.14322725150607352,-51113713587.33801,0.0,0,2,"FixedAssetsRatio_lag, HHI_lag",
600905.SH,三峡能源,CSI,中央国有企业,公用事业,公用事业Ⅱ,公用事业--公用事业Ⅱ--电力--电力公用事业,2025,,,,,,,,,,387155529975.3,,0.020299,3714396619.2,4144510564.47,target_year,,,,,,,,,,SOE_target,0.024668000000000002,0.042359,26.600641,0.025729,0.118327,0.088185,-0.023704,0.690148,0.709569,0.866542,0.086512,True,H_nonSOE,-0.05723932678419237,0.042359,-0.09959832678419236,-38560042990.78711,0.0,0,2,"FixedAssetsRatio_lag, HHI_lag",
600930.SH,华电新能,CSI,中央国有企业,公用事业,公用事业Ⅱ,公用事业--公用事业Ⅱ--电力--电力公用事业,2023,,,,,,,,,,336672867584.0,,0.042015,9619770057.0,4525620297.0,target_year,,,,,,,,,,SOE_target,0.052148,0.122204,26.328801,0.022349,0.129341,,-0.124576,0.705813,0.71125,0.542037,0.214746,True,H_nonSOE,-0.008452438258509665,0.122204,-0.13065643825850964,-43988477736.80429,0.0,0,2,"FixedAssetsRatio_lag, HHI_lag",
600930.SH,华电新能,CSI,中央国有企业,公用事业,公用事业Ⅱ,公用事业--公用事业Ⅱ--电力--电力公用事业,2024,,,,,,,,,,444090216404.0,,0.032194,8831054314.0,5465860155.0,target_year,,,,,,,,,,SOE_target,0.040872,0.093033,26.542378,0.025418,0.121904,0.096234,-0.106022,0.69146,0.73178,0.567832,0.179024,True,H_nonSOE,-0.08060256146686984,0.093033,-0.17363556146686984,-77109854067.25227,0.0,0,2,"FixedAssetsRatio_lag, HHI_lag",
600930.SH,华电新能,CSI,中央国有企业,公用事业,公用事业Ⅱ,公用事业--公用事业Ⅱ--电力--电力公用事业,2025,,,,,,,,,,518120395445.0,,0.025709,7262870120.0,6057531034.0,target_year,,,,,,,,,,SOE_target,0.031789,0.059893999999999996,26.819294,0.029306,0.118327,0.086012,-0.092824,0.653688,0.730639,0.610585,0.1612,True,H_nonSOE,-0.07557423985406875,0.059893999999999996,-0.13546823985406875,-70188858003.4282,0.0,0,3,"FirmSize_lag, FixedAssetsRatio_lag, HHI_lag",
600938.SH,中国海油,CSI,中央国有企业,能源,石油石化,能源--石油石化--石油天然气--石油天然气勘探与生产,2019,,,,,,,,,,757731000000.0,,0.084581468,61045000000.0,3045000000.0,target_year,,,,,,,,,,SOE_target,0.122,0.14105399999999998,27.24356143,0.039982787,0.452070271,0.338122435,0.176552309,0.600102537,0.385123877,2.706101762,0.07465611,True,H_nonSOE,0.021225794270014156,0.14105399999999998,-0.11982820572998583,-90797546155.98788,0.0,0,1,FirmSize_lag,
600938.SH,中国海油,CSI,中央国有企业,能源,石油石化,能源--石油石化--石油天然气--石油天然气勘探与生产,2020,,,,,,,,,,721275000000.0,,0.039516135,24956000000.0,3546000000.0,target_year,,,,,,,,,,SOE_target,0.050007,0.056596,27.35359428,0.039338217,0.44417932,0.316247015,0.151367702,0.581412137,0.408462898,2.256956241,0.095039005,True,H_nonSOE,0.01566837535122087,0.056596,-0.04092762464877913,-29520072468.54817,0.0,0,1,FirmSize_lag,
600938.SH,中国海油,CSI,中央国有企业,能源,石油石化,能源--石油石化--石油天然气--石油天然气勘探与生产,2021,,,,,,,,,,786569000000.0,,0.093450161,70320000000.0,3185000000.0,target_year,,,,,,,,,,SOE_target,0.129543,0.153769,27.30428632,0.035156816,0.429200271,0.205074219,0.122753457,0.619275588,0.398384805,2.182854166,0.10456206,True,H_nonSOE,0.0012837203450429546,0.153769,-0.15248527965495703,-119940193932.9199,0.0,0,1,FirmSize_lag,
600938.SH,中国海油,CSI,中央国有企业,能源,石油石化,能源--石油石化--石油天然气--石油天然气勘探与生产,2022,,,,,,,,,,929031000000.0,,0.155839794,141700000000.0,3080000000.0,target_year,,,,,,,,,,SOE_target,0.22717400000000001,0.26287099999999997,27.39094629,0.041284448,0.425995256,0.315149313,0.14497266,0.591748467,0.387242569,2.213728433,0.104805809,True,H_nonSOE,0.018206553196631517,0.26287099999999997,-0.24466444680336846,-227300855678.1802,0.0,0,1,FirmSize_lag,
600938.SH,中国海油,CSI,中央国有企业,能源,石油石化,能源--石油石化--石油天然气--石油天然气勘探与生产,2023,,,,,,,,,,1005598000000.0,,0.125544,123843000000.0,2404000000.0,target_year,,,,,,,,,,SOE_target,0.17633700000000002,0.19599,27.557408,0.054529,0.418201,0.45369,0.162845,0.573414,0.355906,2.334215,0.101992,True,H_nonSOE,0.04382109560128164,0.19599,-0.15216890439871836,-153020745925.5424,0.0,0,1,FirmSize_lag,
600938.SH,中国海油,CSI,中央国有企业,能源,石油石化,能源--石油石化--石油天然气--石油天然气勘探与生产,2024,,,,,,,,,,1056281000000.0,,0.133222,137936000000.0,2784000000.0,target_year,,,,,,,,,,SOE_target,0.182531,0.19508199999999998,27.636604,0.059575,0.410755,0.420933,0.125633,0.589619,0.335842,2.01934,0.120202,True,H_nonSOE,0.045399240941313826,0.19508199999999998,-0.14968275905868617,-158107054421.2681,0.0,0,1,FirmSize_lag,
600938.SH,中国海油,CSI,中央国有企业,能源,石油石化,能源--石油石化--石油天然气--石油天然气勘探与生产,2025,,,,,,,,,,1098559000000.0,,0.113556,122082000000.0,2666000000.0,target_year,,,,,,,,,,SOE_target,0.155225,0.157495,27.685775,0.061841,0.406814,0.39843,0.137969,0.598714,0.290496,2.225943,0.116786,True,H_nonSOE,0.0487902155759251,0.157495,-0.1087047844240749,-119418619272.1273,0.0,0,1,FirmSize_lag,
600941.SH,中国移动,CSI,中央国有企业,通讯服务,电信服务,通讯服务--电信服务--多元电信服务--综合电信业务,2019,,,,,,,,,,1629240000000.0,,0.067442489,106641000000.0,3239000000.0,target_year,,,,,,,,,,SOE_target,0.08549799999999999,0.098917,28.06014416,0.500605614,0.376451505,0.438784797,0.039532264,0.480937034,0.312584071,1.127989578,0.127067341,True,H_nonSOE,0.12353511496150005,0.098917,0.024618114961500043,40108817619.87433,40108817619.87433,0,1,FirmSize_lag,
600941.SH,中国移动,CSI,中央国有企业,通讯服务,电信服务,通讯服务--电信服务--多元电信服务--综合电信业务,2020,,,,,,,,,,1727880000000.0,,0.064135745,107843000000.0,2976000000.0,target_year,,,,,,,,,,SOE_target,0.079764,0.095746,28.11913476,0.502483187,0.377325617,0.426135886,0.041613881,0.455924235,0.32036471,1.146729803,0.125804056,True,H_nonSOE,0.12227006036622799,0.095746,0.026524060366227994,45830393425.59803,45830393425.59803,0,1,FirmSize_lag,
600941.SH,中国移动,CSI,中央国有企业,通讯服务,电信服务,通讯服务--电信服务--多元电信服务--综合电信业务,2021,,,,,,,,,,1841330000000.0,,0.064443741,116148000000.0,2514000000.0,target_year,,,,,,,,,,SOE_target,0.08055799999999999,0.098628,28.1779175,0.498909861,0.375629725,0.414457383,0.03615351,0.449798076,0.332841016,1.120765784,0.110221068,True,H_nonSOE,0.12373490910176357,0.098628,0.02510690910176358,46230104936.350334,46230104936.350334,0,1,FirmSize_lag,
600941.SH,中国移动,CSI,中央国有企业,通讯服务,电信服务,通讯服务--电信服务--多元电信服务--综合电信业务,2022,,,,,,,,,,1935540000000.0,,0.065937739,125459000000.0,2166000000.0,target_year,,,,,,,,,,SOE_target,0.081688,0.100219,28.24150762,0.494347903,0.374126853,0.421050715,0.007181234,0.431779363,0.342706646,1.022714155,0.112587824,True,H_nonSOE,0.12664024217548564,0.100219,0.026421242175485637,51139371080.33947,51139371080.33947,0,1,FirmSize_lag,
600941.SH,中国移动,CSI,中央国有企业,通讯服务,电信服务,通讯服务--电信服务--多元电信服务--综合电信业务,2023,,,,,,,,,,1992657000000.0,,0.067908,131766000000.0,3552000000.0,target_year,,,,,,,,,,SOE_target,0.0849,0.09985799999999999,28.291406,0.492227,0.373379,0.430017,-0.039765,0.420615,0.327617,0.85569,0.097951,True,H_nonSOE,0.14128520782644047,0.09985799999999999,0.04142720782644048,82550215665.8114,82550215665.8114,0,1,FirmSize_lag,
600941.SH,中国移动,CSI,中央国有企业,通讯服务,电信服务,通讯服务--电信服务--多元电信服务--综合电信业务,2024,,,,,,,,,,2108127000000.0,,0.067097,138373000000.0,3077000000.0,target_year,,,,,,,,,,SOE_target,0.08544299999999999,0.101233,28.32049,0.493234,0.374249,0.439649,-0.030342,0.396034,0.324528,0.891757,0.090965,True,H_nonSOE,0.14635601382206156,0.101233,0.04512301382206156,95125043759.66118,95125043759.66118,0,1,FirmSize_lag,
600941.SH,中国移动,CSI,中央国有企业,通讯服务,电信服务,通讯服务--电信服务--多元电信服务--综合电信业务,2025,,,,,,,,,,2128182000000.0,,0.065914,137095000000.0,3183000000.0,target_year,,,,,,,,,,SOE_target,0.08191000000000001,0.097213,28.376821,0.491611,0.373264,0.433804,-0.030576,0.374154,0.337545,0.898172,0.073989,True,H_nonSOE,0.14952972485706706,0.097213,0.052316724857067065,111339512139.7627,111339512139.7627,0,1,FirmSize_lag,
601006.SH,大秦铁路,CSI,中央国有企业,工业,交通运输,工业--交通运输--铁路公路运输--铁路运输,2019,,,,,,,,,,148044000000.0,,0.095561613,13669294112.0,478008759.0,target_year,,,,,,,,,,SOE_target,0.134944,0.124054,25.70652666,0.089625731,0.111099702,0.570549848,0.084136557,0.57754898,0.215728043,1.670729602,0.046021713,True,H_nonSOE,-0.0006529776226334855,0.124054,-0.12470697762263348,-18462119795.16515,0.0,0,1,HHI_lag,
601006.SH,大秦铁路,CSI,中央国有企业,工业,交通运输,工业--交通运输--铁路公路运输--铁路运输,2020,,,,,,,,,,182203000000.0,,0.06014214,10895704612.0,62353169.0,target_year,,,,,,,,,,SOE_target,0.09520899999999999,0.092804,25.72077391,0.082277343,0.108646931,0.541686591,0.100402373,0.552307357,0.174412521,2.048937304,0.035506266,True,H_nonSOE,-0.0008384638507220876,0.092804,-0.09364246385072209,-17061937840.993116,0.0,0,1,HHI_lag,
601006.SH,大秦铁路,CSI,中央国有企业,工业,交通运输,工业--交通运输--铁路公路运输--铁路运输,2021,,,,,,,,,,198546000000.0,,0.06305714,12181309677.0,338451918.0,target_year,,,,,,,,,,SOE_target,0.096868,0.099306,25.92838541,0.090638906,0.123286456,0.436682029,0.297357989,0.425794186,0.287461936,5.030979552,0.010649474,True,H_nonSOE,-0.07932884286158526,0.099306,-0.17863484286158526,-35467233510.79631,0.0,0,1,HHI_lag,
601006.SH,大秦铁路,CSI,中央国有企业,工业,交通运输,工业--交通运输--铁路公路运输--铁路运输,2022,,,,,,,,,,202297000000.0,,0.056109512,11196257454.0,154529809.0,target_year,,,,,,,,,,SOE_target,0.084593,0.088618,26.01428814,0.071203937,0.15352339,0.411764299,0.271773036,0.441406619,0.318403373,3.96929373,0.018177959,True,H_nonSOE,-0.07717063207705946,0.088618,-0.16578863207705946,-33538542903.292896,0.0,1,0,,
601006.SH,大秦铁路,CSI,中央国有企业,工业,交通运输,工业--交通运输--铁路公路运输--铁路运输,2023,,,,,,,,,,207673222249.0,,0.058222,11930006082.0,161042754.0,target_year,,,,,,,,,,SOE_target,0.087265,0.08968400000000001,26.033003,0.064458,0.180808,0.377665,0.299635,0.437414,0.307013,4.480187,0.035211,True,H_nonSOE,-0.0943267160358548,0.08968400000000001,-0.1840107160358548,-38214098327.5117,0.0,1,0,,
601006.SH,大秦铁路,CSI,中央国有企业,工业,交通运输,工业--交通运输--铁路公路运输--铁路运输,2024,,,,,,,,,,207017831253.0,,0.043731,9039359180.0,13716097.0,target_year,,,,,,,,,,SOE_target,0.064335,0.061777,26.059232,0.066414,0.114556,0.393827,0.313596,0.43126,0.266118,5.188494,0.035112,True,H_nonSOE,-0.09452255659546696,0.061777,-0.15629955659546696,-32356795232.1991,0.0,0,1,HHI_lag,
601006.SH,大秦铁路,CSI,中央国有企业,工业,交通运输,工业--交通运输--铁路公路运输--铁路运输,2025,,,,,,,,,,211817901515.0,,0.026457,5900148479.0,-296022107.0,target_year,,,,,,,,,,SOE_target,0.039529999999999996,0.036973,26.056071,0.053537,0.116886,0.358657,0.289553,0.436047,0.178965,4.920361,0.021893,True,H_nonSOE,-0.07440751691359343,0.036973,-0.11138051691359344,-23592387362.293327,0.0,0,1,HHI_lag,
601018.SH,宁波港,CSI,地方国有企业,工业,交通运输,工业--交通运输--交通基础设施--海港与服务,2019,,,,,,,,,,71778991000.0,,0.054406379,3422218000.0,483017000.0,target_year,,,,,,,,,,SOE_target,0.06641,0.08650600000000001,25.02221389,0.024928256,0.111099702,0.31969526,-0.075756932,0.484900717,0.429334025,0.769098533,0.030742178,True,H_nonSOE,-0.06260441432445785,0.08650600000000001,-0.14911041432445787,-10702995087.801533,0.0,0,1,HHI_lag,
601018.SH,宁波港,CSI,地方国有企业,工业,交通运输,工业--交通运输--交通基础设施--海港与服务,2020,,,,,,,,,,85419000000.0,,0.045359534,3430805000.0,443761000.0,target_year,,,,,,,,,,SOE_target,0.061177,0.074361,24.99685767,0.024966116,0.108646931,0.332344106,-0.073309306,0.515756024,0.380991076,0.727700149,0.038359163,True,H_nonSOE,-0.05571267665090468,0.074361,-0.1300736766509047,-11110763385.843628,0.0,0,1,HHI_lag,
601018.SH,宁波港,CSI,地方国有企业,工业,交通运输,工业--交通运输--交通基础设施--海港与服务,2021,,,,,,,,,,94961585000.0,,0.050877647,4331678000.0,499744000.0,target_year,,,,,,,,,,SOE_target,0.066056,0.081565,25.1708344,0.026568472,0.123286456,0.268910892,-0.037107962,0.512220536,0.351703169,0.848909062,0.045371896,True,H_nonSOE,-0.06130335598115111,0.081565,-0.1428683559811511,-13567005530.314339,0.0,0,1,HHI_lag,
601018.SH,宁波港,CSI,地方国有企业,工业,交通运输,工业--交通运输--交通基础设施--海港与服务,2022,,,,,,,,,,108880000000.0,,0.044127532,4220128000.0,584461000.0,target_year,,,,,,,,,,SOE_target,0.064013,0.06663000000000001,25.27673828,0.020766758,0.15352339,0.253490862,-0.022773914,0.5203172,0.380029988,0.899107636,0.067032422,True,H_nonSOE,-0.07642988693760053,0.06663000000000001,-0.14305988693760052,-15576360489.765945,0.0,1,0,,
601018.SH,宁波港,CSI,地方国有企业,工业,交通运输,工业--交通运输--交通基础设施--海港与服务,2023,,,,,,,,,,112344177000.0,,0.04463,4668391000.0,345504000.0,target_year,,,,,,,,,,SOE_target,0.05669,0.063583,25.413509,0.021723,0.180808,0.250287,0.082167,0.499505,0.297792,1.472622,0.058357,True,H_nonSOE,-0.06936527096094575,0.063583,-0.13294827096094575,-14935964084.680449,0.0,1,0,,
601018.SH,宁波港,CSI,地方国有企业,工业,交通运输,工业--交通运输--交通基础设施--海港与服务,2024,,,,,,,,,,112898984000.0,,0.045185,4897513000.0,203858000.0,target_year,,,,,,,,,,SOE_target,0.06326,0.063945,25.444833,0.021216,0.114556,0.233152,-0.026377,0.542051,0.281558,0.866527,0.07921,True,H_nonSOE,-0.06092997093107322,0.063945,-0.12487497093107322,-14098257345.147701,0.0,0,1,HHI_lag,
601018.SH,宁波港,CSI,地方国有企业,工业,交通运输,工业--交通运输--交通基础设施--海港与服务,2025,,,,,,,,,,123425080000.0,,0.042734,5168472000.0,105974000.0,target_year,,,,,,,,,,SOE_target,0.061954,0.064993,25.449759,0.020463,0.116886,0.252389,-0.018075,0.559628,0.242247,0.883191,0.046109,True,H_nonSOE,-0.041490504432376535,0.064993,-0.10648350443237653,-13142735053.246428,0.0,0,1,HHI_lag,
601088.SH,中国神华,CSI,中央国有企业,能源,煤炭Ⅱ,能源--煤炭Ⅱ--煤炭Ⅲ--煤炭与消费用燃料,2019,,,,,,,,,,563083000000.0,,0.079515809,41707000000.0,3067000000.0,target_year,,,,,,,,,,SOE_target,0.115733,0.121282,27.10614052,0.507010805,0.3281903,0.454082948,0.1857846,0.496824007,0.308960391,1.890858398,0.035385531,True,H_nonSOE,0.09328315690220972,0.121282,-0.027998843097790285,-15765672568.033047,0.0,0,1,FirmSize_lag,
601088.SH,中国神华,CSI,中央国有企业,能源,煤炭Ⅱ,能源--煤炭Ⅱ--煤炭Ⅲ--煤炭与消费用燃料,2020,,,,,,,,,,562904000000.0,,0.067702486,35849000000.0,2261000000.0,target_year,,,,,,,,,,SOE_target,0.10646499999999999,0.099542,27.05669288,0.447627872,0.293470907,0.418929791,0.115455448,0.49812905,0.253719256,1.680864657,0.033758789,True,H_nonSOE,0.10682154651295309,0.099542,0.007279546512953081,4097685850.327341,4097685850.327341,0,1,FirmSize_lag,
601088.SH,中国神华,CSI,中央国有企业,能源,煤炭Ⅱ,能源--煤炭Ⅱ--煤炭Ⅲ--煤炭与消费用燃料,2021,,,,,,,,,,610597000000.0,,0.088765585,51607000000.0,2593000000.0,target_year,,,,,,,,,,SOE_target,0.135102,0.138684,27.05637494,0.411734128,0.275297772,0.414326276,0.182510695,0.493943905,0.236837898,2.478364727,0.036727399,True,H_nonSOE,0.09316867424813258,0.138684,-0.045515325751867425,-27791521358.112995,0.0,0,1,FirmSize_lag,
601088.SH,中国神华,CSI,中央国有企业,能源,煤炭Ⅱ,能源--煤炭Ⅱ--煤炭Ⅲ--煤炭与消费用燃料,2022,,,,,,,,,,625178000000.0,,0.121784516,72903000000.0,3234000000.0,target_year,,,,,,,,,,SOE_target,0.161546,0.187659,27.137703,0.389105518,0.269530745,0.57130927,0.190898416,0.474710816,0.26429216,2.270458212,0.039081424,True,H_nonSOE,0.11374343852754036,0.187659,-0.07391556147245963,-46210382890.22937,0.0,0,1,FirmSize_lag,
601088.SH,中国神华,CSI,中央国有企业,能源,煤炭Ⅱ,能源--煤炭Ⅱ--煤炭Ⅲ--煤炭与消费用燃料,2023,,,,,,,,,,633412000000.0,,0.106539,64625000000.0,2858000000.0,target_year,,,,,,,,,,SOE_target,0.147784,0.159881,27.161302,0.370616,0.250024,0.557598,0.180182,0.471779,0.259856,2.14473,0.045881,True,H_nonSOE,0.11149951740323026,0.159881,-0.048381482596769734,-30645411654.58511,0.0,0,1,FirmSize_lag,
601088.SH,中国神华,CSI,中央国有企业,能源,煤炭Ⅱ,能源--煤炭Ⅱ--煤炭Ⅲ--煤炭与消费用燃料,2024,,,,,,,,,,661436000000.0,,0.098454,62421000000.0,2700000000.0,target_year,,,,,,,,,,SOE_target,0.139226,0.148422,27.174387,0.39907,0.263234,0.545172,0.169504,0.489088,0.239593,2.17231,0.058546,True,H_nonSOE,0.11087809297389761,0.148422,-0.037543907026102386,-24832891687.717056,0.0,0,1,FirmSize_lag,
601088.SH,中国神华,CSI,中央国有企业,能源,煤炭Ⅱ,能源--煤炭Ⅱ--煤炭Ⅲ--煤炭与消费用燃料,2025,,,,,,,,,,631777000000.0,,0.089593,54218000000.0,2385000000.0,target_year,,,,,,,,,,SOE_target,0.125517,0.128749,27.217679,0.392903,0.263097,0.522648,0.170092,0.483933,0.233002,2.214694,0.055987,True,H_nonSOE,0.10949413399381157,0.128749,-0.019254866006188434,-12164781480.79171,0.0,0,1,FirmSize_lag,
601111.SH,中国国航,CSI,中央国有企业,工业,交通运输,工业--交通运输--航空客运Ⅲ--航空客运Ⅳ,2019,,,,,,,,,,294206000000.0,,0.038643697,6420294000.0,4948928000.0,target_year,,,,,,,,,,SOE_target,0.051708,0.068808,26.21902778,0.157036515,0.111099702,0.570723639,-0.200337972,0.704525554,0.587543188,0.327076743,0.037507993,True,H_nonSOE,-0.037528007383384576,0.068808,-0.10633600738338457,-31284691388.236042,0.0,0,2,"FixedAssetsRatio_lag, HHI_lag",
601111.SH,中国国航,CSI,中央国有企业,工业,交通运输,工业--交通运输--航空客运Ⅲ--航空客运Ⅳ,2020,,,,,,,,,,284030000000.0,,-0.032755591,-14403343000.0,5099785000.0,target_year,,,,,,,,,,SOE_target,-0.046895,-0.16846,26.40754731,0.140714954,0.108646931,0.506376413,-0.180675733,0.347233919,0.655583725,0.318275776,0.025430907,True,H_nonSOE,-0.04410220418707589,-0.16846,0.12435779581292411,35321344744.744835,35321344744.744835,0,1,HHI_lag,
601111.SH,中国国航,CSI,中央国有企业,工业,交通运输,工业--交通运输--航空客运Ⅲ--航空客运Ⅳ,2021,,,,,,,,,,298381000000.0,,-0.037335215,-16635178000.0,5495052000.0,target_year,,,,,,,,,,SOE_target,-0.056464,-0.23951,26.37234435,0.087367401,0.123286456,0.24039925,-0.214281471,0.356816629,0.705055278,0.244867819,0.017709488,True,H_nonSOE,-0.09668935134586026,-0.23951,0.14282064865413974,42614967966.07087,42614967966.07087,0,2,"HHI_lag, CurrentRatio_lag",
601111.SH,中国国航,CSI,中央国有企业,工业,交通运输,工业--交通运输--航空客运Ⅲ--航空客运Ⅳ,2022,,,,,,,,,,294979000000.0,,-0.108973296,-38617495000.0,6472620000.0,target_year,,,,,,,,,,SOE_target,-0.133588,-0.909227,26.42163767,0.067699809,0.15352339,0.25594192,-0.205183842,0.331135843,0.77937245,0.331770559,0.006113086,True,H_nonSOE,-0.10620703103849477,-0.909227,0.8030199689615052,236874027424.29584,236874027424.29584,1,0,,
601111.SH,中国国航,CSI,中央国有企业,工业,交通运输,工业--交通运输--航空客运Ⅲ--航空客运Ⅳ,2023,,,,,,,,,,335278694000.0,,0.017611,-1038411000.0,6943087000.0,target_year,,,,,,,,,,SOE_target,0.014877,-0.034168,26.410171,0.045046,0.180808,0.178298,-0.23811,0.337563,0.927018,0.240533,0.003352,True,H_nonSOE,-0.14049532747543464,-0.034168,-0.10632732747543464,-35649287492.474045,0.0,0,1,CurrentRatio_lag,
601111.SH,中国国航,CSI,中央国有企业,工业,交通运输,工业--交通运输--航空客运Ⅲ--航空客运Ⅳ,2024,,,,,,,,,,345750173000.0,,0.017834,-232557000.0,6398748000.0,target_year,,,,,,,,,,SOE_target,0.012565,-0.0056489999999999995,26.538228,0.11608,0.114556,0.447754,-0.23259,0.351136,0.894822,0.293107,0.028784,True,H_nonSOE,-0.1026529082775064,-0.0056489999999999995,-0.09700390827750639,-33539118068.623966,0.0,0,2,"HHI_lag, CurrentRatio_lag",
601111.SH,中国国航,CSI,中央国有企业,工业,交通运输,工业--交通运输--航空客运Ⅲ--航空客运Ⅳ,2025,,,,,,,,,,343010455000.0,,0.010977,-1787943000.0,5553051000.0,target_year,,,,,,,,,,SOE_target,0.009768,-0.040801,26.568982,0.12001,0.116886,0.48955,-0.280326,0.353379,0.881631,0.29567,0.026481,True,H_nonSOE,-0.0956650207005221,-0.040801,-0.054864020700522105,-18818932703.615505,0.0,0,2,"HHI_lag, CurrentRatio_lag",
601117.SH,中国化学,CSI,中央国有企业,工业,建筑,工业--建筑--建筑与工程Ⅲ--建筑与工程Ⅳ,2019,,,,,,,,,,115865000000.0,,0.028923341,3061407369.0,289806779.8,target_year,,,,,,,,,,SOE_target,0.038437,0.09006299999999999,25.29821051,0.019913202,0.178025019,0.878292587,0.21952137,0.111219633,0.63906894,1.387030531,0.010159534,True,H_nonSOE,0.09974639677029284,0.09006299999999999,0.009683396770292854,1121966766.7899816,1121966766.7899816,1,0,,
601117.SH,中国化学,CSI,中央国有企业,工业,建筑,工业--建筑--建筑与工程Ⅲ--建筑与工程Ⅳ,2020,,,,,,,,,,136008000000.0,,0.030814922,3658838010.0,532242625.5,target_year,,,,,,,,,,SOE_target,0.03608,0.10051299999999999,25.47569493,0.021861497,0.179054819,0.970062543,0.153063024,0.082862011,0.675556122,1.25315949,0.006583871,True,H_nonSOE,0.11556778872111878,0.10051299999999999,0.01505478872111879,2047571704.3819244,2047571704.3819244,1,0,,
601117.SH,中国化学,CSI,中央国有企业,工业,建筑,工业--建筑--建筑与工程Ⅲ--建筑与工程Ⅳ,2021,,,,,,,,,,177896000000.0,,0.02864568,4633424156.0,462528943.3,target_year,,,,,,,,,,SOE_target,0.038491,0.10793,25.63598067,0.020410956,0.179498397,0.866772612,0.13346452,0.087295556,0.700576858,1.206806431,0.006452369,True,H_nonSOE,0.09696410452218299,0.10793,-0.010965895477817011,-1950788941.921735,0.0,1,0,,
601117.SH,中国化学,CSI,中央国有企业,工业,建筑,工业--建筑--建筑与工程Ⅲ--建筑与工程Ⅳ,2022,,,,,,,,,,194566000000.0,,0.025998681,5415214019.0,-356763819.8,target_year,,,,,,,,,,SOE_target,0.036001,0.10713800000000001,25.90446519,0.022285355,0.17910201,0.872286223,0.12086578,0.084982363,0.704877319,1.184472444,0.021539793,True,H_nonSOE,0.09399896298153165,0.10713800000000001,-0.013139037018468358,-2556409876.5353146,0.0,1,0,,
601117.SH,中国化学,CSI,中央国有企业,工业,建筑,工业--建筑--建筑与工程Ⅲ--建筑与工程Ⅳ,2023,,,,,,,,,,219115319747.0,,0.023994,5426141014.95,-168615955.65,target_year,,,,,,,,,,SOE_target,0.033386,0.09831300000000001,25.994035,0.02301,0.173049,0.844108,0.1213,0.088868,0.700228,1.185803,0.015632,True,H_nonSOE,0.09229317220821681,0.09831300000000001,-0.0060198277917832,-1319036491.4184527,0.0,1,0,,
601117.SH,中国化学,CSI,中央国有企业,工业,建筑,工业--建筑--建筑与工程Ⅲ--建筑与工程Ⅳ,2024,,,,,,,,,,233421377309.4,,0.025317,5687933905.73,221671999.73,target_year,,,,,,,,,,SOE_target,0.033504,0.09498,26.112864,0.024201,0.176169,0.859609,0.11793,0.094952,0.707587,1.180015,0.015217,True,H_nonSOE,0.0930071106425377,0.09498,-0.0019728893574623013,-460514551.09790754,0.0,1,0,,
601117.SH,中国化学,CSI,中央国有企业,工业,建筑,工业--建筑--建筑与工程Ⅲ--建筑与工程Ⅳ,2025,,,,,,,,,,247353213805.61,,0.026946,6436145919.35,229081690.59,target_year,,,,,,,,,,SOE_target,0.036042,0.099426,26.176111,0.026149,0.174423,0.818796,0.08385,0.099532,0.704835,1.125799,0.012938,True,H_nonSOE,0.09089334770813762,0.099426,-0.008532652291862383,-2110578966.6779642,0.0,1,0,,
601186.SH,中国铁建,CSI,中央国有企业,工业,建筑,工业--建筑--建筑与工程Ⅲ--建筑与工程Ⅳ,2019,,,,,,,,,,1081240000000.0,,0.024870217,20197378000.0,6693276000.0,target_year,,,,,,,,,,SOE_target,0.030754,0.106344,27.54510432,0.179441198,0.178025019,0.839435107,0.057684202,0.059639027,0.774063963,1.088617697,0.035240302,True,H_nonSOE,0.09550777297404411,0.106344,-0.01083622702595588,-11716562109.544537,0.0,0,1,FirmSize_lag,
601186.SH,中国铁建,CSI,中央国有企业,工业,建筑,工业--建筑--建筑与工程Ⅲ--建筑与工程Ⅳ,2020,,,,,,,,,,1242790000000.0,,0.022541552,22392983000.0,5621495000.0,target_year,,,,,,,,,,SOE_target,0.028767,0.09646800000000001,27.70912892,0.175822099,0.179054819,0.830905085,0.061813243,0.052260934,0.757665491,1.097005706,0.029840757,True,H_nonSOE,0.09906694712589939,0.09646800000000001,0.0025989471258993785,3229945498.5964885,3229945498.5964885,0,1,FirmSize_lag,
601186.SH,中国铁建,CSI,中央国有企业,工业,建筑,工业--建筑--建筑与工程Ⅲ--建筑与工程Ⅳ,2021,,,,,,,,,,1352970000000.0,,0.022695834,24690556000.0,6016226000.0,target_year,,,,,,,,,,SOE_target,0.028597,0.094403,27.84838222,0.170216618,0.179498397,0.783401225,0.073337434,0.051226586,0.747633644,1.118425578,0.025256172,True,H_nonSOE,0.09414229691305663,0.094403,-0.0002607030869433702,-352723455.5417716,0.0,0,1,FirmSize_lag,
601186.SH,中国铁建,CSI,中央国有企业,工业,建筑,工业--建筑--建筑与工程Ⅲ--建筑与工程Ⅳ,2022,,,,,,,,,,1523950000000.0,,0.02151334,26642094000.0,6143183000.0,target_year,,,,,,,,,,SOE_target,0.027513,0.095274,27.9333233,0.166034342,0.17910201,0.785903995,0.056408052,0.052064362,0.743901938,1.091719883,0.024298731,True,H_nonSOE,0.09634448608438567,0.095274,0.0010704860843856745,1631367268.2995486,1631367268.2995486,0,1,FirmSize_lag,
601186.SH,中国铁建,CSI,中央国有企业,工业,建筑,工业--建筑--建筑与工程Ⅲ--建筑与工程Ⅳ,2023,,,,,,,,,,1663019578000.0,,0.020178,26096971000.0,7459090000.0,target_year,,,,,,,,,,SOE_target,0.026402000000000002,0.086943,28.052327,0.16047,0.173049,0.762143,0.049486,0.048347,0.746701,1.080689,0.019856,True,H_nonSOE,0.09390215238840674,0.086943,0.0069591523884067336,11573206668.205858,11573206668.205858,0,1,FirmSize_lag,
601186.SH,中国铁建,CSI,中央国有企业,工业,建筑,工业--建筑--建筑与工程Ⅲ--建筑与工程Ⅳ,2024,,,,,,,,,,1862842522000.0,,0.017098,22215074000.0,9635257000.0,target_year,,,,,,,,,,SOE_target,0.021749,0.06963,28.139656,0.154893,0.176169,0.714154,0.040108,0.047552,0.749179,1.06683,0.020998,True,H_nonSOE,0.08638959510699457,0.06963,0.016759595106994568,31220486416.812622,31220486416.812622,0,1,FirmSize_lag,
601186.SH,中国铁建,CSI,中央国有企业,工业,建筑,工业--建筑--建筑与工程Ⅲ--建筑与工程Ⅳ,2025,,,,,,,,,,2083825209000.0,,0.015085,18362618000.0,13072638000.0,target_year,,,,,,,,,,SOE_target,0.018279,0.054934000000000004,28.253125,0.150621,0.174423,0.605339,0.01676,0.04286,0.773144,1.028057,0.020371,True,H_nonSOE,0.06792437484968558,0.054934000000000004,0.012990374849685578,27069670586.13439,27069670586.13439,0,1,FirmSize_lag,
601225.SH,陕西煤业,CSI,地方国有企业,能源,煤炭Ⅱ,能源--煤炭Ⅱ--煤炭Ⅲ--煤炭与消费用燃料,2019,,,,,,,,,,126684000000.0,,0.098061525,11643397961.0,779381426.5,target_year,,,,,,,,,,SOE_target,0.161265,0.213801,25.51516149,0.104323389,0.3281903,0.481035865,0.023440984,0.436528856,0.449190309,1.098515116,0.036689981,True,H_nonSOE,0.06354285926057093,0.213801,-0.15025814073942906,-19035302301.43383,0.0,1,0,,
601225.SH,陕西煤业,CSI,地方国有企业,能源,煤炭Ⅱ,能源--煤炭Ⅱ--煤炭Ⅲ--煤炭与消费用燃料,2020,,,,,,,,,,148912000000.0,,0.100237638,14882641695.0,43980183.04,target_year,,,,,,,,,,SOE_target,0.174229,0.231661,25.56495786,0.12915651,0.293470907,0.564600682,0.054510991,0.439341317,0.39873896,1.247457596,0.038178355,True,H_nonSOE,0.08371909090796105,0.231661,-0.14794190909203897,-22030325566.713707,0.0,1,0,,
601225.SH,陕西煤业,CSI,地方国有企业,能源,煤炭Ⅱ,能源--煤炭Ⅱ--煤炭Ⅲ--煤炭与消费用燃料,2021,,,,,,,,,,185407000000.0,,0.113549493,21139687861.0,-86779774.34,target_year,,,,,,,,,,SOE_target,0.243413,0.271687,25.72662369,0.16038508,0.275297772,0.659401984,0.107688959,0.403718514,0.39783739,1.411395469,0.055749205,True,H_nonSOE,0.09344542150204913,0.271687,-0.1782415784979509,-33047236344.56958,0.0,1,0,,
601225.SH,陕西煤业,CSI,地方国有企业,能源,煤炭Ⅱ,能源--煤炭Ⅱ--煤炭Ⅲ--煤炭与消费用燃料,2022,,,,,,,,,,215260000000.0,,0.16034107,35122944094.0,-607952085.2,target_year,,,,,,,,,,SOE_target,0.319782,0.37351300000000004,25.94582102,0.166631218,0.269530745,0.85877972,0.196678798,0.349646573,0.381809852,1.767717225,0.042977561,True,H_nonSOE,0.12391509396522252,0.37351300000000004,-0.24959790603477752,-53728445253.04621,0.0,1,0,,
601225.SH,陕西煤业,CSI,地方国有企业,能源,煤炭Ⅱ,能源--煤炭Ⅱ--煤炭Ⅲ--煤炭与消费用燃料,2023,,,,,,,,,,193901834023.3,,0.107386,21239015394.53,-416754788.59,target_year,,,,,,,,,,SOE_target,0.20664000000000002,0.221275,26.095112,0.167115,0.250024,0.775475,0.145327,0.384026,0.359299,1.616833,0.047264,True,H_nonSOE,0.1174875868172508,0.221275,-0.1037874131827492,-20124569764.669094,0.0,1,0,,
601225.SH,陕西煤业,CSI,地方国有企业,能源,煤炭Ⅱ,能源--煤炭Ⅱ--煤炭Ⅲ--煤炭与消费用燃料,2024,,,,,,,,,,228552861117.95,,0.099353,22359786564.16,347711903.42,target_year,,,,,,,,,,SOE_target,0.209174,0.24861799999999998,25.990618,0.185843,0.263234,0.780946,0.047082,0.456536,0.360052,1.221613,0.056212,True,H_nonSOE,0.12279840933205913,0.24861799999999998,-0.12581959066794085,-28756427431.847206,0.0,1,0,,
601225.SH,陕西煤业,CSI,地方国有企业,能源,煤炭Ⅱ,能源--煤炭Ⅱ--煤炭Ⅲ--煤炭与消费用燃料,2025,,,,,,,,,,236269289914.48,,0.071676,16764763168.36,170032743.71,target_year,,,,,,,,,,SOE_target,0.13987,0.17881,26.155033,0.201894,0.263097,0.823164,-0.024704,0.483405,0.437124,0.902357,0.060788,True,H_nonSOE,0.12007187859467239,0.17881,-0.05873812140532761,-13878014235.347273,0.0,1,0,,
601238.SH,广汽集团,CSI,地方国有企业,可选消费,汽车与零配件,可选消费--汽车与零配件--汽车--汽车制造,2019,,,,,,,,,,137464000000.0,,0.051888271,6616265000.0,516481000.0,target_year,,,,,,,,,,SOE_target,0.04707,0.08439500000000001,25.60738325,0.048609696,0.376606004,0.574830016,0.196102639,0.12346167,0.410059095,1.643304855,0.074538305,True,H_nonSOE,0.09410358533173778,0.08439500000000001,0.009708585331737768,1334580974.0420005,1334580974.0420005,1,0,,
601238.SH,广汽集团,CSI,地方国有企业,可选消费,汽车与零配件,可选消费--汽车与零配件--汽车--汽车制造,2020,,,,,,,,,,142861000000.0,,0.044824242,5964055000.0,439567000.0,target_year,,,,,,,,,,SOE_target,0.04066499999999999,0.072483,25.64662464,0.042562766,0.369422071,0.442849115,0.109771804,0.141097817,0.399780921,1.361212832,0.073478685,True,H_nonSOE,0.08445458620657792,0.072483,0.011971586206577914,1710272777.0579274,1710272777.0579274,1,0,,
601238.SH,广汽集团,CSI,地方国有企业,可选消费,汽车与零配件,可选消费--汽车与零配件--汽车--汽车制造,2021,,,,,,,,,,154251000000.0,,0.051450993,7511030000.0,425316000.0,target_year,,,,,,,,,,SOE_target,0.050627000000000005,0.085993,25.68513578,0.047287381,0.324255792,0.450599529,0.098695612,0.140508983,0.393019667,1.331421417,0.046097755,True,H_nonSOE,0.09625196488837214,0.085993,0.010258964888372135,1582455592.9962902,1582455592.9962902,1,0,,
601238.SH,广汽集团,CSI,地方国有企业,可选消费,汽车与零配件,可选消费--汽车与零配件--汽车--汽车制造,2022,,,,,,,,,,190075000000.0,,0.043845671,7982930000.0,351026000.0,target_year,,,,,,,,,,SOE_target,0.042034,0.078417,25.76184432,0.049781593,0.289774151,0.50941025,0.078178567,0.126259291,0.399361872,1.245439908,0.04047274,True,H_nonSOE,0.10882223952621713,0.078417,0.030405239526217126,5779275902.945721,5779275902.945721,1,0,,
601238.SH,广汽集团,CSI,地方国有企业,可选消费,汽车与零配件,可选消费--汽车与零配件--汽车--汽车制造,2023,,,,,,,,,,218448770000.0,,0.022413,4428845000.0,467323000.0,target_year,,,,,,,,,,SOE_target,0.015753,0.038668999999999995,25.970683,0.061175,0.236564,0.638968,0.184684,0.109223,0.356557,1.619242,0.04216,True,H_nonSOE,0.12658001495826215,0.038668999999999995,0.08791101495826216,19204053087.08397,19204053087.08397,1,0,,
601238.SH,广汽集团,CSI,地方国有企业,可选消费,汽车与零配件,可选消费--汽车与零配件--汽车--汽车制造,2024,,,,,,,,,,232512366000.0,,0.005963,823579000.0,562994000.0,target_year,,,,,,,,,,SOE_target,-0.003319,0.007156,26.109817,0.061643,0.222276,0.635,0.109483,0.114121,0.430284,1.309821,0.052994,True,H_nonSOE,0.11633237447898646,0.007156,0.10917637447898647,25384857141.41116,25384857141.41116,1,0,,
601238.SH,广汽集团,CSI,地方国有企业,可选消费,汽车与零配件,可选消费--汽车与零配件--汽车--汽车制造,2025,,,,,,,,,,214997433000.0,,-0.037883,-8783621000.0,638948000.0,target_year,,,,,,,,,,SOE_target,-0.052878,-0.079962,26.172209,0.04632,0.204324,0.478018,0.087342,0.122127,0.476025,1.22371,0.046704,True,H_nonSOE,0.08644825676310973,-0.079962,0.16641025676310972,35777778028.939476,35777778028.939476,1,0,,
601298.SH,青岛港,CSI,地方国有企业,工业,交通运输,工业--交通运输--交通基础设施--海港与服务,2019,,,,,,,,,,52785301395.0,,0.076096852,3790143318.0,226651944.0,target_year,,,,,,,,,,SOE_target,0.094567,0.132206,24.61029473,0.013480893,0.111099702,0.242543868,0.108784129,0.330942547,0.396717894,1.406157264,0.060536752,True,H_nonSOE,-0.09014994617631106,0.132206,-0.22235594617631105,-11737125635.886976,0.0,0,1,HHI_lag,
601298.SH,青岛港,CSI,地方国有企业,工业,交通运输,工业--交通运输--交通基础设施--海港与服务,2020,,,,,,,,,,57177364980.0,,0.070826963,3841863143.0,207835967.0,target_year,,,,,,,,,,SOE_target,0.09688599999999999,0.12128299999999999,24.68949861,0.012569095,0.108646931,0.239565753,0.168973722,0.319254585,0.363509137,1.813336737,0.044035765,True,H_nonSOE,-0.08639665441603298,0.12128299999999999,-0.20767965441603298,-11874575399.465786,0.0,0,1,HHI_lag,
601298.SH,青岛港,CSI,地方国有企业,工业,交通运输,工业--交通运输--交通基础设施--海港与服务,2021,,,,,,,,,,60575556128.0,,0.068009798,3964054012.0,155677343.0,target_year,,,,,,,,,,SOE_target,0.093518,0.116728,24.76942394,0.016617029,0.123286456,0.240434582,0.073048221,0.336444896,0.35742523,1.282351066,0.052256028,True,H_nonSOE,-0.0737109222378915,0.116728,-0.1904389222378915,-11535943622.977224,0.0,0,1,HHI_lag,
601298.SH,青岛港,CSI,地方国有企业,工业,交通运输,工业--交通运输--交通基础设施--海港与服务,2022,,,,,,,,,,57475910361.0,,0.081422004,4525175176.0,154628607.0,target_year,,,,,,,,,,SOE_target,0.107742,0.125138,24.82715728,0.014623468,0.15352339,0.273440036,0.072342317,0.350636445,0.359731403,1.270789891,0.039981503,True,H_nonSOE,-0.06621777338040977,0.125138,-0.19135577338040977,-10998347277.872261,0.0,1,0,,
601298.SH,青岛港,CSI,地方国有企业,工业,交通运输,工业--交通运输--交通基础设施--海港与服务,2023,,,,,,,,,,60245860643.0,,0.084406,4923321689.0,161761849.0,target_year,,,,,,,,,,SOE_target,0.11590500000000001,0.126764,24.774632,0.016404,0.180808,0.326345,0.090309,0.429321,0.28184,1.597515,0.051444,True,H_nonSOE,-0.059522368669126746,0.126764,-0.18628636866912673,-11222982606.530731,0.0,1,0,,
601298.SH,青岛港,CSI,地方国有企业,工业,交通运输,工业--交通运输--交通基础设施--海港与服务,2024,,,,,,,,,,62749753460.0,,0.0854,5234897470.0,123906331.0,target_year,,,,,,,,,,SOE_target,0.11468600000000001,0.1265,24.8217,0.014951,0.114556,0.308747,0.103533,0.42303,0.260718,1.729182,0.045052,True,H_nonSOE,-0.057493530589473735,0.1265,-0.18399353058947374,-11545548682.724445,0.0,0,1,HHI_lag,
601298.SH,青岛港,CSI,地方国有企业,工业,交通运输,工业--交通运输--交通基础设施--海港与服务,2025,,,,,,,,,,66578767145.0,,0.081146,5271506093.0,131117644.0,target_year,,,,,,,,,,SOE_target,0.110008,0.119534,24.86242,0.013636,0.116886,0.307995,0.131168,0.411668,0.254306,1.979535,0.033242,True,H_nonSOE,-0.056747600615958016,0.119534,-0.17628160061595802,-11736611639.357758,0.0,0,1,HHI_lag,
601390.SH,中国中铁,CSI,中央国有企业,工业,建筑,工业--建筑--建筑与工程Ⅲ--建筑与工程Ⅳ,2019,,,,,,,,,,1056040000000.0,,0.030053757,23678000000.0,8060000000.0,target_year,,,,,,,,,,SOE_target,0.039075,0.114683,27.57181555,0.181962771,0.178025019,0.828894418,0.031368268,0.068632475,0.764479641,1.047495883,0.020089909,True,H_nonSOE,0.10185446833298269,0.114683,-0.012828531667017307,-13547442581.636957,0.0,0,1,FirmSize_lag,
601390.SH,中国中铁,CSI,中央国有企业,工业,建筑,工业--建筑--建筑与工程Ⅲ--建筑与工程Ⅳ,2020,,,,,,,,,,1199980000000.0,,0.02854638,25188000000.0,9067000000.0,target_year,,,,,,,,,,SOE_target,0.035775,0.105719,27.68554813,0.180139218,0.179054819,0.851458605,0.031945729,0.062643401,0.767690838,1.049902816,0.018613861,True,H_nonSOE,0.10510818931747083,0.105719,-0.0006108106825291615,-732960602.8213432,0.0,0,1,FirmSize_lag,
601390.SH,中国中铁,CSI,中央国有企业,工业,建筑,工业--建筑--建筑与工程Ⅲ--建筑与工程Ⅳ,2021,,,,,,,,,,1361580000000.0,,0.028494837,27618000000.0,11180000000.0,target_year,,,,,,,,,,SOE_target,0.034908999999999996,0.104156,27.81332351,0.182259773,0.179498397,0.864117219,0.030802257,0.061987855,0.739123333,1.052417588,0.035895688,True,H_nonSOE,0.10811319117065757,0.104156,0.00395719117065757,5388032354.143934,5388032354.143934,0,1,FirmSize_lag,
601390.SH,中国中铁,CSI,中央国有企业,工业,建筑,工业--建筑--建筑与工程Ⅲ--建筑与工程Ⅳ,2022,,,,,,,,,,1613020000000.0,,0.026974884,31276000000.0,12235000000.0,target_year,,,,,,,,,,SOE_target,0.032713,0.108559,27.93966691,0.174704149,0.17910201,0.837984085,0.009693151,0.056822221,0.736927687,1.016751707,0.040920842,True,H_nonSOE,0.10471182080826871,0.108559,-0.0038471791917312897,-6205576979.846405,0.0,0,1,FirmSize_lag,
601390.SH,中国中铁,CSI,中央国有企业,工业,建筑,工业--建筑--建筑与工程Ⅲ--建筑与工程Ⅳ,2023,,,,,,,,,,1829290000000.0,,0.026783,33483000000.0,15511000000.0,target_year,,,,,,,,,,SOE_target,0.031595,0.105713,28.109129,0.168965,0.173049,0.776138,0.015749,0.07331,0.737815,1.029086,0.038164,True,H_nonSOE,0.09388356247694904,0.105713,-0.011829437523050962,-21639471766.541893,0.0,0,1,FirmSize_lag,
601390.SH,中国中铁,CSI,中央国有企业,工业,建筑,工业--建筑--建筑与工程Ⅲ--建筑与工程Ⅳ,2024,,,,,,,,,,2256266000000.0,,0.017582,27887000000.0,11783000000.0,target_year,,,,,,,,,,SOE_target,0.021793999999999997,0.08119,28.234949,0.171964,0.176169,0.734049,-0.002704,0.07456,0.748671,0.995106,0.031069,True,H_nonSOE,0.08942624245169073,0.08119,0.008236242451690731,18583153811.50644,18583153811.50644,0,1,FirmSize_lag,
601390.SH,中国中铁,CSI,中央国有企业,工业,建筑,工业--建筑--建筑与工程Ⅲ--建筑与工程Ⅳ,2025,,,,,,,,,,2470432000000.0,,0.014446,22892000000.0,12796000000.0,target_year,,,,,,,,,,SOE_target,0.016576,0.063108,28.444732,0.163766,0.174423,0.568006,-0.005365,0.064425,0.773966,0.990516,0.025456,True,H_nonSOE,0.062308377081865166,0.063108,-0.0007996229181348319,-1975414044.893669,0.0,0,1,FirmSize_lag,
601600.SH,中国铝业,CSI,中央国有企业,材料,有色金属,材料--有色金属--其他金属与采矿--铝,2019,,,,,,,,,,203071000000.0,,0.028138373,850999000.0,4863079000.0,target_year,,,,,,,,,,SOE_target,0.033251,0.015895,26.02595421,0.229574015,0.167062795,0.898902434,-0.078920896,0.528651052,0.663129674,0.787911317,0.034110686,True,H_nonSOE,0.20847617259408746,0.015895,0.19258117259408747,39107651299.853935,39107651299.853935,1,0,,
601600.SH,中国铝业,CSI,中央国有企业,材料,有色金属,材料--有色金属--其他金属与采矿--铝,2020,,,,,,,,,,194902000000.0,,0.023620612,741004000.0,3862693000.0,target_year,,,,,,,,,,SOE_target,0.029102000000000003,0.013597,26.03681985,0.205405763,0.15478921,0.941085169,-0.10073329,0.508844823,0.651721925,0.704264039,0.044552565,True,H_nonSOE,0.21451821768826218,0.013597,0.20092121768826218,39159947169.87768,39159947169.87768,1,0,,
601600.SH,中国铝业,CSI,中央国有企业,材料,有色金属,材料--有色金属--其他金属与采矿--铝,2021,,,,,,,,,,192377000000.0,,0.044704308,5079562000.0,3520514000.0,target_year,,,,,,,,,,SOE_target,0.06932100000000001,0.091034,25.99576108,0.167808698,0.159708925,0.934709429,-0.084265737,0.51635343,0.634832729,0.737757281,0.025853527,True,H_nonSOE,0.21623655563151517,0.091034,0.12520255563151517,24086092044.72399,24086092044.72399,1,0,,
601600.SH,中国铝业,CSI,中央国有企业,材料,有色金属,材料--有色金属--其他金属与采矿--铝,2022,,,,,,,,,,212348000000.0,,0.03776659,4191927000.0,3827734000.0,target_year,,,,,,,,,,SOE_target,0.081831,0.075079,25.98272229,0.180693598,0.168216562,1.393044931,-0.01802061,0.485645784,0.621661966,0.933562737,0.011100876,True,H_nonSOE,0.2861854101532296,0.075079,0.21110641015322962,44828023983.218,44828023983.218,1,0,,
601600.SH,中国铝业,CSI,中央国有企业,材料,有色金属,材料--有色金属--其他金属与采矿--铝,2023,,,,,,,,,,211755809000.0,,0.047425,6716945000.0,3325573000.0,target_year,,,,,,,,,,SOE_target,0.084984,0.116958,26.081492,0.169857,0.153058,1.437954,-0.036877,0.514612,0.586735,0.874439,0.022375,True,H_nonSOE,0.2947586449695071,0.116958,0.1778006449695071,37650319416.23975,37650319416.23975,1,0,,
601600.SH,中国铝业,CSI,中央国有企业,材料,有色金属,材料--有色金属--其他金属与采矿--铝,2024,,,,,,,,,,215895530000.0,,0.070221,12400160000.0,2760298000.0,target_year,,,,,,,,,,SOE_target,0.115569,0.19128799999999999,26.0787,0.12989,0.159476,1.061395,-0.001253,0.494956,0.533004,0.995482,0.031685,True,H_nonSOE,0.24268341521813058,0.19128799999999999,0.0513954152181306,11096040408.088371,11096040408.088371,1,0,,
601600.SH,中国铝业,CSI,中央国有企业,材料,有色金属,材料--有色金属--其他金属与采矿--铝,2025,,,,,,,,,,227021733000.0,,0.066142,12673918000.0,2341729000.0,target_year,,,,,,,,,,SOE_target,0.1257,0.17588499999999999,26.09806,0.132426,0.15747,1.108686,0.059533,0.492976,0.481042,1.278215,0.047985,True,H_nonSOE,0.2481637631066365,0.17588499999999999,0.0722787631066365,16408850059.565083,16408850059.565083,1,0,,
601607.SH,上海医药,CSI,地方国有企业,医疗保健,医药生物,医疗保健--医药生物--制药--西药,2019,,,,,,,,,,137026000000.0,,0.040037592,4080994000.0,1405213000.0,target_year,,,,,,,,,,SOE_target,0.056336000000000004,0.101174,25.56650233,0.502594113,0.277672488,1.438221312,0.19363372,0.086756652,0.634035975,1.357563694,0.01531411,True,H_nonSOE,0.1878800998996154,0.101174,0.0867060998996154,11880990044.8447,11880990044.8447,1,0,,
601607.SH,上海医药,CSI,地方国有企业,医疗保健,医药生物,医疗保健--医药生物--制药--西药,2020,,,,,,,,,,149186000000.0,,0.039602396,4496216959.0,1411892516.0,target_year,,,,,,,,,,SOE_target,0.057992,0.103345,25.64343942,0.501901176,0.276190471,1.413882127,0.171382593,0.086848347,0.639588215,1.314765861,0.020091932,True,H_nonSOE,0.1837618812363908,0.103345,0.0804168812363908,11997072844.132198,11997072844.132198,1,0,,
601607.SH,上海医药,CSI,地方国有企业,医疗保健,医药生物,医疗保健--医药生物--制药--西药,2021,,,,,,,,,,163436000000.0,,0.040454463,5093467261.0,1518228463.0,target_year,,,,,,,,,,SOE_target,0.05965,0.107555,25.72845738,0.479965502,0.256105921,1.341027781,0.130239979,0.081964446,0.633069751,1.220461562,0.02017601,True,H_nonSOE,0.17869573550874177,0.107555,0.07114073550874177,11626957248.60672,11626957248.60672,1,0,,
601607.SH,上海医药,CSI,地方国有企业,医疗保健,医药生物,医疗保健--医药生物--制药--西药,2022,,,,,,,,,,198135000000.0,,0.036876042,5617152003.0,1689278923.0,target_year,,,,,,,,,,SOE_target,0.055642,0.096496,25.81968431,0.450773824,0.230275265,1.380739908,0.150947055,0.081978808,0.638596224,1.268666382,0.025201203,True,H_nonSOE,0.1798551823571493,0.096496,0.08335918235714931,16516371596.333778,16516371596.333778,1,0,,
601607.SH,上海医药,CSI,地方国有企业,医疗保健,医药生物,医疗保健--医药生物--制药--西药,2023,,,,,,,,,,211972533766.8,,0.026668,3767999581.18,1884984092.73,target_year,,,,,,,,,,SOE_target,0.041343,0.05558,26.012214,0.428444,0.212266,1.283187,0.195936,0.072257,0.606316,1.350722,0.013551,True,H_nonSOE,0.172855879782027,0.05558,0.117275879782027,24859265387.126892,24859265387.126892,1,0,,
601607.SH,上海医药,CSI,地方国有企业,医疗保健,医药生物,医疗保健--医药生物--制药--西药,2024,,,,,,,,,,221209430148.17,,0.028974,4552528438.69,1856737428.35,target_year,,,,,,,,,,SOE_target,0.043189000000000005,0.064943,26.079723,0.433857,0.216978,1.2694,0.188996,0.074183,0.621054,1.327379,0.014014,True,H_nonSOE,0.16833324688589452,0.064943,0.10339024688589452,22870897596.507336,22870897596.507336,1,0,,
601607.SH,上海医药,CSI,地方国有企业,医疗保健,医药生物,医疗保健--医药生物--制药--西药,2025,,,,,,,,,,233148766767.21,,0.031784,5724557508.41,1685890506.64,target_year,,,,,,,,,,SOE_target,0.048863000000000004,0.077586,26.122376,0.454225,0.230555,1.270833,0.206975,0.07712,0.621434,1.36326,0.010853,True,H_nonSOE,0.16761900285257597,0.077586,0.09003300285257597,20991083583.42679,20991083583.42679,1,0,,
601618.SH,中国中冶,CSI,中央国有企业,工业,建筑,工业--建筑--建筑与工程Ⅲ--建筑与工程Ⅳ,2019,,,,,,,,,,458506000000.0,,0.023484279,6599712000.0,4167976000.0,target_year,,,,,,,,,,SOE_target,0.025755,0.072567,26.80757353,0.071158446,0.178025019,0.678479116,0.096500586,0.070059014,0.766083987,1.142580396,0.012747792,True,H_nonSOE,0.0648810038839148,0.072567,-0.007685996116085211,-3524075335.201766,0.0,0,1,FirmSize_lag,
601618.SH,中国中冶,CSI,中央国有企业,工业,建筑,工业--建筑--建筑与工程Ⅲ--建筑与工程Ⅳ,2020,,,,,,,,,,506393000000.0,,0.020525204,7862185000.0,2531634000.0,target_year,,,,,,,,,,SOE_target,0.026345999999999998,0.080291,26.85123968,0.071695852,0.179054819,0.75468974,0.090538407,0.066624521,0.74502961,1.135695417,0.008963835,True,H_nonSOE,0.08195704560819635,0.080291,0.0016660456081963454,843673833.6713719,843673833.6713719,0,1,FirmSize_lag,
601618.SH,中国中冶,CSI,中央国有企业,工业,建筑,工业--建筑--建筑与工程Ⅲ--建筑与工程Ⅳ,2021,,,,,,,,,,543470000000.0,,0.019399573,8374970000.0,2168119000.0,target_year,,,,,,,,,,SOE_target,0.025741,0.081553,26.95057881,0.074815232,0.179498397,0.829339755,0.113473741,0.058452096,0.72283322,1.173188123,0.007391542,True,H_nonSOE,0.09683323465975481,0.081553,0.01528023465975481,8304349130.536946,8304349130.536946,0,1,FirmSize_lag,
601618.SH,中国中冶,CSI,中央国有企业,工业,建筑,工业--建筑--建筑与工程Ⅲ--建筑与工程Ⅳ,2022,,,,,,,,,,585384000000.0,,0.022109459,10272357000.0,2670175000.0,target_year,,,,,,,,,,SOE_target,0.027708,0.08987099999999999,27.02124061,0.081481622,0.17910201,0.953594125,0.098305267,0.054275288,0.721442365,1.148864632,0.006534642,True,H_nonSOE,0.11744182040605106,0.08987099999999999,0.027570820406051064,16139517132.575796,16139517132.575796,0,1,FirmSize_lag,
601618.SH,中国中冶,CSI,中央国有企业,工业,建筑,工业--建筑--建筑与工程Ⅲ--建筑与工程Ⅳ,2023,,,,,,,,,,661602236000.0,,0.017156,8670405000.0,2679906000.0,target_year,,,,,,,,,,SOE_target,0.023165,0.065047,27.095535,0.086751,0.173049,1.050036,0.089447,0.050375,0.723414,1.135705,0.007369,True,H_nonSOE,0.13220097374506593,0.065047,0.06715397374506593,44429219186.02091,44429219186.02091,0,1,FirmSize_lag,
601618.SH,中国中冶,CSI,中央国有企业,工业,建筑,工业--建筑--建筑与工程Ⅲ--建筑与工程Ⅳ,2024,,,,,,,,,,808015755000.0,,0.012548,6745954000.0,3392681000.0,target_year,,,,,,,,,,SOE_target,0.013515999999999999,0.045195,27.21793,0.086276,0.176169,1.016643,0.053379,0.047697,0.746084,1.078686,0.006946,True,H_nonSOE,0.12595535694486237,0.045195,0.08076035694486237,65255640790.87247,65255640790.87247,0,1,FirmSize_lag,
601618.SH,中国中冶,CSI,中央国有企业,工业,建筑,工业--建筑--建筑与工程Ⅲ--建筑与工程Ⅳ,2025,,,,,,,,,,839488682000.0,,0.005927,1321768000.0,3654143000.0,target_year,,,,,,,,,,SOE_target,0.006326000000000001,0.008561,27.417847,0.077913,0.174423,0.751249,0.032347,0.040738,0.774341,1.045565,0.008493,True,H_nonSOE,0.08311513217849542,0.008561,0.07455413217849542,62587350160.17891,62587350160.17891,0,1,FirmSize_lag,
601668.SH,中国建筑,CSI,中央国有企业,工业,建筑,工业--建筑--建筑与工程Ⅲ--建筑与工程Ⅳ,2019,,,,,,,,,,2034450000000.0,,0.025735582,41881399000.0,10476405000.0,target_year,,,,,,,,,,SOE_target,0.045323,0.16072399999999998,28.25258652,0.290775892,0.178025019,0.693343498,0.158678508,0.023618232,0.769440883,1.27699336,0.010003014,True,H_nonSOE,0.08955963498987063,0.16072399999999998,-0.07116436501012935,-144780342394.85767,0.0,0,1,FirmSize_lag,
601668.SH,中国建筑,CSI,中央国有企业,工业,建筑,工业--建筑--建筑与工程Ⅲ--建筑与工程Ⅳ,2020,,,,,,,,,,2192170000000.0,,0.0240592,44944250000.0,7797699000.0,target_year,,,,,,,,,,SOE_target,0.044617000000000004,0.155619,28.34124758,0.296959904,0.179054819,0.719975045,0.155215417,0.023416778,0.753331444,1.275613753,0.010045355,True,H_nonSOE,0.09754832210757844,0.155619,-0.05807067789242157,-127300797955.4298,0.0,0,1,FirmSize_lag,
601668.SH,中国建筑,CSI,中央国有企业,工业,建筑,工业--建筑--建筑与工程Ⅲ--建筑与工程Ⅳ,2021,,,,,,,,,,2388250000000.0,,0.026183115,51407661000.0,11124140000.0,target_year,,,,,,,,,,SOE_target,0.044051,0.15957100000000002,28.41591479,0.299012106,0.179498397,0.756692397,0.174080774,0.022835803,0.736747565,1.319072419,0.022579294,True,H_nonSOE,0.10117379941184862,0.15957100000000002,-0.0583972005881514,-139467114304.6526,0.0,0,1,FirmSize_lag,
601668.SH,中国建筑,CSI,中央国有企业,工业,建筑,工业--建筑--建筑与工程Ⅲ--建筑与工程Ⅳ,2022,,,,,,,,,,2652900000000.0,,0.026621424,50950301000.0,19673762000.0,target_year,,,,,,,,,,SOE_target,0.035244,0.139931,28.50158163,0.305461088,0.17910201,0.81938288,0.183999738,0.019747785,0.732145905,1.344759921,0.013029666,True,H_nonSOE,0.11384788841610541,0.139931,-0.02608311158389459,-69195886720.91396,0.0,0,1,FirmSize_lag,
601668.SH,中国建筑,CSI,中央国有企业,工业,建筑,工业--建筑--建筑与工程Ⅲ--建筑与工程Ⅳ,2023,,,,,,,,,,2903322519000.0,,0.025089,54264173000.0,18577073000.0,target_year,,,,,,,,,,SOE_target,0.033474,0.133667,28.606676,0.299083,0.173049,0.810647,0.167924,0.020296,0.743531,1.31168,0.009781,True,H_nonSOE,0.11184713893753212,0.133667,-0.021819861062467888,-63350093984.11429,0.0,0,1,FirmSize_lag,
601668.SH,中国建筑,CSI,中央国有企业,工业,建筑,工业--建筑--建筑与工程Ⅲ--建筑与工程Ⅳ,2024,,,,,,,,,,3189262063000.0,,0.020584,46187099000.0,19462089000.0,target_year,,,,,,,,,,SOE_target,0.032662,0.103815,28.696877,0.306415,0.176169,0.810341,0.157933,0.019567,0.748195,1.288305,0.01173,True,H_nonSOE,0.1120628550933219,0.103815,0.00824785509332189,26304571350.25283,26304571350.25283,0,1,FirmSize_lag,
601668.SH,中国建筑,CSI,中央国有企业,工业,建筑,工业--建筑--建筑与工程Ⅲ--建筑与工程Ⅳ,2025,,,,,,,,,,3560679818000.0,,0.015927,39069002000.0,17641773000.0,target_year,,,,,,,,,,SOE_target,0.026034,0.081928,28.790811,0.307315,0.174423,0.714762,0.162218,0.018002,0.758107,1.293695,0.00621,True,H_nonSOE,0.09785395674970575,0.081928,0.015925956749705747,56707232781.01813,56707232781.01813,0,1,FirmSize_lag,
601669.SH,中国电建,CSI,中央国有企业,工业,建筑,工业--建筑--建筑与工程Ⅲ--建筑与工程Ⅳ,2019,,,,,,,,,,813228000000.0,,0.021953092,7239365377.0,10613495264.0,target_year,,,,,,,,,,SOE_target,0.027473,0.074761,27.29310223,0.071786436,0.178025019,0.453133935,-0.01854785,0.153011793,0.799690811,0.96258388,0.081485557,True,H_nonSOE,0.008062810612610202,0.074761,-0.06669818938738979,-54240835159.12823,0.0,0,1,FirmSize_lag,
601669.SH,中国电建,CSI,中央国有企业,工业,建筑,工业--建筑--建筑与工程Ⅲ--建筑与工程Ⅳ,2020,,,,,,,,,,886543000000.0,,0.019807332,7987168431.0,9572891922.0,target_year,,,,,,,,,,SOE_target,0.019069,0.07081900000000001,27.42427689,0.073061092,0.179054819,0.452132758,0.02210958,0.139392719,0.762094823,1.050965733,0.096349335,True,H_nonSOE,0.009067513004458738,0.07081900000000001,-0.06175148699554127,-54745348535.488144,0.0,0,1,FirmSize_lag,
601669.SH,中国电建,CSI,中央国有企业,工业,建筑,工业--建筑--建筑与工程Ⅲ--建筑与工程Ⅳ,2021,,,,,,,,,,963977000000.0,,0.01708308,8632095909.0,7835606959.0,target_year,,,,,,,,,,SOE_target,0.018102,0.07104,27.51059596,0.074592774,0.179498397,0.469386636,0.038978898,0.129357962,0.747435571,1.090530936,0.080311614,True,H_nonSOE,0.018617949409514375,0.07104,-0.05242205059048563,-50533651062.06457,0.0,0,1,FirmSize_lag,
601669.SH,中国电建,CSI,中央国有企业,工业,建筑,工业--建筑--建筑与工程Ⅲ--建筑与工程Ⅳ,2022,,,,,,,,,,1040080000000.0,,0.01794748,11435443832.0,7231337452.0,target_year,,,,,,,,,,SOE_target,0.019208,0.082608,27.59433366,0.072680712,0.17910201,0.48257162,0.016143212,0.126515766,0.750894566,1.038058291,0.044033759,True,H_nonSOE,0.03227038182501922,0.082608,-0.05033761817498078,-52355149911.43401,0.0,0,1,FirmSize_lag,
601669.SH,中国电建,CSI,中央国有企业,工业,建筑,工业--建筑--建筑与工程Ⅲ--建筑与工程Ⅳ,2023,,,,,,,,,,1153774735013.99,,0.020264,12988385293.6,10391264452.69,target_year,,,,,,,,,,SOE_target,0.019068,0.08314,27.670317,0.083366,0.173049,0.568392,-0.054595,0.145382,0.768917,0.87983,0.055525,True,H_nonSOE,0.04342443973047483,0.08314,-0.03971556026952518,-45822810025.90356,0.0,0,1,FirmSize_lag,
601669.SH,中国电建,CSI,中央国有企业,工业,建筑,工业--建筑--建筑与工程Ⅲ--建筑与工程Ⅳ,2024,,,,,,,,,,1289001336534.82,,0.017271,12015017079.83,10246725711.28,target_year,,,,,,,,,,SOE_target,0.024380000000000002,0.073681,27.77406,0.082524,0.176169,0.552729,-0.074919,0.159919,0.774956,0.84115,0.063848,True,H_nonSOE,0.03792738054120023,0.073681,-0.03575361945879977,-46086463268.35025,0.0,0,1,FirmSize_lag,
601669.SH,中国电建,CSI,中央国有企业,工业,建筑,工业--建筑--建筑与工程Ⅲ--建筑与工程Ⅳ,2025,,,,,,,,,,1380267054189.34,,0.015796,10007143581.45,11795542225.98,target_year,,,,,,,,,,SOE_target,0.021762,0.060095,27.884889,0.089088,0.174423,0.516793,-0.055059,0.170322,0.789312,0.882455,0.045842,True,H_nonSOE,0.03309610778367801,0.060095,-0.02699889221632199,-37265681425.798256,0.0,0,1,FirmSize_lag,
601698.SH,中国卫通,CSI,中央国有企业,通讯服务,电信服务,通讯服务--电信服务--多元电信服务--非传统电信运营商,2019,,,,,,,,,,18157405439.0,,0.024849346,446422541.2,4777116.63,target_year,,,,,,,,,,SOE_target,0.043070000000000004,0.042381,23.56516666,0.001994058,0.376451505,0.157733546,0.037744231,0.655058428,0.210461411,1.262196336,0.065116144,True,H_nonSOE,0.045076847738409365,0.042381,0.0026958477384093626,48949600.38811001,48949600.38811001,0,1,FixedAssetsRatio_lag,
601698.SH,中国卫通,CSI,中央国有企业,通讯服务,电信服务,通讯服务--电信服务--多元电信服务--非传统电信运营商,2020,,,,,,,,,,18289285775.0,,0.02517721,488789159.5,-28315974.82,target_year,,,,,,,,,,SOE_target,0.040647,0.042714,23.62234433,0.002022361,0.377325617,0.153756745,0.201421555,0.526406664,0.156816488,2.94769589,0.104425995,True,H_nonSOE,0.010369524780108733,0.042714,-0.03234447521989127,-591557350.5389974,0.0,1,0,,
601698.SH,中国卫通,CSI,中央国有企业,通讯服务,电信服务,通讯服务--电信服务--多元电信服务--非传统电信运营商,2021,,,,,,,,,,19108303143.0,,0.027076187,572304982.5,-54924998.8,target_year,,,,,,,,,,SOE_target,0.045194,0.048521999999999996,23.62958125,0.001926959,0.375629725,0.14744811,0.236037739,0.504704231,0.15672958,3.423905895,0.074944516,True,H_nonSOE,0.01000607777981255,0.048521999999999996,-0.038515922220187446,-735973917.6155514,0.0,1,0,,
601698.SH,中国卫通,CSI,中央国有企业,通讯服务,电信服务,通讯服务--电信服务--多元电信服务--非传统电信运营商,2022,,,,,,,,,,22428111563.0,,0.037206934,920731173.8,-86249910.71,target_year,,,,,,,,,,SOE_target,0.044083,0.06791900000000001,23.6733888,0.001718411,0.374126853,0.139687335,0.232013654,0.484045143,0.174437198,3.049275176,0.070971637,True,H_nonSOE,0.015916169191677376,0.06791900000000001,-0.05200283080832263,-1166325290.9608734,0.0,1,0,,
601698.SH,中国卫通,CSI,中央国有企业,通讯服务,电信服务,通讯服务--电信服务--多元电信服务--非传统电信运营商,2023,,,,,,,,,,22655663962.77,,0.0088,348770555.15,-149399701.62,target_year,,,,,,,,,,SOE_target,0.027014,0.022941,23.833581,0.001644,0.373379,0.130568,0.278289,0.472996,0.143892,4.389044,0.106807,True,H_nonSOE,-0.007544125081791045,0.022941,-0.030485125081791044,-690660749.7160692,0.0,1,0,,
601698.SH,中国卫通,CSI,中央国有企业,通讯服务,电信服务,通讯服务--电信服务--多元电信服务--非传统电信运营商,2024,,,,,,,,,,22412943899.49,,0.010881,454492823.77,-210622634.37,target_year,,,,,,,,,,SOE_target,0.019974000000000002,0.029298,23.843676,0.001484,0.374249,0.11526,0.270497,0.48634,0.140534,4.284335,0.072722,True,H_nonSOE,0.003915282318323859,0.029298,-0.02538271768167614,-568901427.4160002,0.0,1,0,,
601698.SH,中国卫通,CSI,中央国有企业,通讯服务,电信服务,通讯服务--电信服务--多元电信服务--非传统电信运营商,2025,,,,,,,,,,22406144635.9,,0.01243,441236300.09,-162717818.39,target_year,,,,,,,,,,SOE_target,0.020058,0.027825000000000003,23.832904,0.001396,0.373264,0.112123,0.325021,0.483047,0.105243,5.843483,0.063943,True,H_nonSOE,-0.016978288057815927,0.027825000000000003,-0.04480328805781593,-1003868952.387315,0.0,1,0,,
601728.SH,中国电信,CSI,中央国有企业,通讯服务,电信服务,通讯服务--电信服务--多元电信服务--综合电信业务,2019,,,,,,,,,,703131000000.0,,0.034996324,20517000000.0,4090000000.0,target_year,,,,,,,,,,SOE_target,0.044832000000000004,0.058993000000000004,27.22061683,0.281395769,0.376451505,0.56942599,-0.280253308,0.715182203,0.481295845,0.281959679,0.126405299,True,H_nonSOE,0.11150877657503899,0.058993000000000004,0.05251577657503899,36925470498.98374,36925470498.98374,0,3,"FirmSize_lag, FixedAssetsRatio_lag, CurrentRatio_lag",
601728.SH,中国电信,CSI,中央国有企业,通讯服务,电信服务,通讯服务--电信服务--多元电信服务--综合电信业务,2020,,,,,,,,,,715096000000.0,,0.033957678,20850000000.0,3433000000.0,target_year,,,,,,,,,,SOE_target,0.042642,0.058243,27.27880906,0.279955898,0.377325617,0.549916466,-0.272323365,0.667320883,0.495058531,0.276512218,0.118275257,True,H_nonSOE,0.10808237104082564,0.058243,0.04983937104082564,35639934873.81026,35639934873.81026,0,3,"FirmSize_lag, FixedAssetsRatio_lag, CurrentRatio_lag",
601728.SH,中国电信,CSI,中央国有企业,通讯服务,电信服务,通讯服务--电信服务--多元电信服务--综合电信业务,2021,,,,,,,,,,762234000000.0,,0.037195927,25948000000.0,2404000000.0,target_year,,,,,,,,,,SOE_target,0.047605,0.065514,27.29568264,0.282239071,0.375629725,0.555004241,-0.261679551,0.653101122,0.487935886,0.309859778,0.124414065,True,H_nonSOE,0.10874940779227961,0.065514,0.043235407792279607,32955497823.140453,32955497823.140453,0,2,"FirmSize_lag, FixedAssetsRatio_lag",
601728.SH,中国电信,CSI,中央国有企业,通讯服务,电信服务,通讯服务--电信服务--多元电信服务--综合电信业务,2022,,,,,,,,,,807698000000.0,,0.036491362,27593000000.0,1881000000.0,target_year,,,,,,,,,,SOE_target,0.045591,0.064113,27.35951943,0.289178875,0.374126853,0.595062714,-0.180668928,0.613246064,0.434336437,0.48047323,0.111313586,True,H_nonSOE,0.12990457390001633,0.064113,0.06579157390001633,53139722655.89539,53139722655.89539,0,1,FirmSize_lag,
601728.SH,中国电信,CSI,中央国有企业,通讯服务,电信服务,通讯服务--电信服务--多元电信服务--综合电信业务,2023,,,,,,,,,,835814000000.0,,0.039472,30446000000.0,2545000000.0,target_year,,,,,,,,,,SOE_target,0.047923,0.06959,27.417454,0.291828,0.373379,0.613336,-0.174155,0.584879,0.459666,0.500722,0.111063,True,H_nonSOE,0.12771592403121626,0.06959,0.05812592403121626,48582461068.22699,48582461068.22699,0,1,FirmSize_lag,
601728.SH,中国电信,CSI,中央国有企业,通讯服务,电信服务,通讯服务--电信服务--多元电信服务--综合电信业务,2024,,,,,,,,,,866625000000.0,,0.040852,33012000000.0,2391000000.0,target_year,,,,,,,,,,SOE_target,0.049718,0.07374399999999999,27.451672,0.293337,0.374249,0.624943,-0.162205,0.5769,0.464992,0.553207,0.107519,True,H_nonSOE,0.1293387134771629,0.07374399999999999,0.055594713477162896,48179768567.14629,48179768567.14629,0,1,FirmSize_lag,
601728.SH,中国电信,CSI,中央国有企业,通讯服务,电信服务,通讯服务--电信服务--多元电信服务--综合电信业务,2025,,,,,,,,,,870644000000.0,,0.040475,33185000000.0,2054000000.0,target_year,,,,,,,,,,SOE_target,0.049398,0.07267699999999999,27.487872,0.29261,0.373264,0.621951,-0.158375,0.560658,0.473184,0.578175,0.103768,True,H_nonSOE,0.12802089140725192,0.07267699999999999,0.05534389140725193,48184826990.37545,48184826990.37545,0,1,FirmSize_lag,
601766.SH,中国中车,CSI,中央国有企业,工业,机械,工业--机械--机械Ⅲ--建筑机械与重型卡车,2019,,,,,,,,,,383572000000.0,,0.03370097,11794929000.0,1131836000.0,target_year,,,,,,,,,,SOE_target,0.04577200000000001,0.089237,26.60246567,0.380955658,0.247583643,0.585569598,0.110528546,0.182542147,0.581328737,1.209801974,0.025459091,True,H_nonSOE,0.16769876926680227,0.089237,0.07846176926680228,30095737761.205883,30095737761.205883,1,0,,
601766.SH,中国中车,CSI,中央国有企业,工业,机械,工业--机械--机械Ⅲ--建筑机械与重型卡车,2020,,,,,,,,,,392380000000.0,,0.031464678,11331053000.0,1015069000.0,target_year,,,,,,,,,,SOE_target,0.041803999999999994,0.081251,26.67279445,0.352429015,0.225950341,0.618033228,0.133092456,0.172195044,0.585923161,1.255043233,0.021025562,True,H_nonSOE,0.16846734405213074,0.081251,0.08721634405213073,34221949079.175056,34221949079.175056,0,1,FirmSize_lag,
601766.SH,中国中车,CSI,中央国有企业,工业,机械,工业--机械--机械Ⅲ--建筑机械与重型卡车,2021,,,,,,,,,,426826000000.0,,0.026980396,10302605000.0,1213343000.0,target_year,,,,,,,,,,SOE_target,0.034282,0.070664,26.69549753,0.297815831,0.195497669,0.586778024,0.13312163,0.169134836,0.568934692,1.264487033,0.019816213,True,H_nonSOE,0.16187629479217291,0.070664,0.09121229479217291,38931778936.964,38931778936.964,0,1,FirmSize_lag,
601766.SH,中国中车,CSI,中央国有企业,工业,机械,工业--机械--机械Ⅲ--建筑机械与重型卡车,2022,,,,,,,,,,442140000000.0,,0.028952752,11653448000.0,1147726000.0,target_year,,,,,,,,,,SOE_target,0.037285,0.076764,26.77964344,0.282626173,0.187780789,0.551098298,0.15070834,0.152206293,0.572914272,1.298419986,0.013838832,True,H_nonSOE,0.15597064550404602,0.076764,0.07920664550404602,35020426243.158905,35020426243.158905,0,1,FirmSize_lag,
601766.SH,中国中车,CSI,中央国有企业,工业,机械,工业--机械--机械Ⅲ--建筑机械与重型卡车,2023,,,,,,,,,,471791735000.0,,0.027342,11711576000.0,1188098000.0,target_year,,,,,,,,,,SOE_target,0.035874,0.07412,26.814893,0.300995,0.187488,0.513112,0.142605,0.146244,0.568042,1.277266,0.016776,True,H_nonSOE,0.15396873209941261,0.07412,0.07984873209941261,37671971854.73207,37671971854.73207,0,1,FirmSize_lag,
601766.SH,中国中车,CSI,中央国有企业,工业,机械,工业--机械--机械Ⅲ--建筑机械与重型卡车,2024,,,,,,,,,,512823630000.0,,0.02649,12387514000.0,1196993000.0,target_year,,,,,,,,,,SOE_target,0.03497,0.075133,26.879803,0.287662,0.188674,0.512645,0.136035,0.136917,0.583453,1.256302,0.017177,True,H_nonSOE,0.15068993546257253,0.075133,0.07555693546257253,38747381915.59217,38747381915.59217,0,1,FirmSize_lag,
601766.SH,中国中车,CSI,中央国有企业,工业,机械,工业--机械--机械Ⅲ--建筑机械与重型卡车,2025,,,,,,,,,,550774434000.0,,0.025916,13181015000.0,1092976000.0,target_year,,,,,,,,,,SOE_target,0.036116,0.077332,26.963198,0.292016,0.187309,0.500615,0.131796,0.135321,0.590123,1.242508,0.01986,True,H_nonSOE,0.14789250227827883,0.077332,0.07056050227827883,38862920705.07473,38862920705.07473,0,1,FirmSize_lag,
601800.SH,中国交建,CSI,中央国有企业,工业,建筑,工业--建筑--建筑与工程Ⅲ--建筑与工程Ⅳ,2019,,,,,,,,,,1120400000000.0,,0.030282042,20094000000.0,13834000000.0,target_year,,,,,,,,,,SOE_target,0.031488,0.094044,27.59069483,0.120098678,0.178025019,0.539853864,0.001700199,0.058684444,0.750454983,1.003403012,0.04009158,True,H_nonSOE,0.054047919514062195,0.094044,-0.03999608048593781,-44811608576.44472,0.0,0,1,FirmSize_lag,
601800.SH,中国交建,CSI,中央国有企业,工业,建筑,工业--建筑--建筑与工程Ⅲ--建筑与工程Ⅳ,2020,,,,,,,,,,1304170000000.0,,0.02487101,16475000000.0,15961000000.0,target_year,,,,,,,,,,SOE_target,0.026902,0.06933600000000001,27.74470688,0.116983373,0.179054819,0.531066724,0.002457158,0.051295073,0.735470368,1.005233681,0.05686005,True,H_nonSOE,0.0512834497318235,0.06933600000000001,-0.01805255026817651,-23543594483.247757,0.0,0,1,FirmSize_lag,
601800.SH,中国交建,CSI,中央国有企业,工业,建筑,工业--建筑--建筑与工程Ⅲ--建筑与工程Ⅳ,2021,,,,,,,,,,1390840000000.0,,0.026442351,18348000000.0,18429000000.0,target_year,,,,,,,,,,SOE_target,0.024939,0.072605,27.89658717,0.116770883,0.179498397,0.515138979,0.001371755,0.04680375,0.725645986,1.003070148,0.032097834,True,H_nonSOE,0.058547819193488955,0.072605,-0.014057180806511048,-19551289352.927826,0.0,0,1,FirmSize_lag,
601800.SH,中国交建,CSI,中央国有企业,工业,建筑,工业--建筑--建筑与工程Ⅲ--建筑与工程Ⅳ,2022,,,,,,,,,,1511350000000.0,,0.02673967,20065000000.0,20348000000.0,target_year,,,,,,,,,,SOE_target,0.021932,0.073996,27.96092684,0.111111515,0.17910201,0.506565848,-0.022871839,0.044015222,0.718619795,0.946906982,0.026560985,True,H_nonSOE,0.0621516640329877,0.073996,-0.011844335967012308,-17900937163.744053,0.0,0,1,FirmSize_lag,
601800.SH,中国交建,CSI,中央国有企业,工业,建筑,工业--建筑--建筑与工程Ⅲ--建筑与工程Ⅳ,2023,,,,,,,,,,1684262000000.0,,0.027634,24734000000.0,21809000000.0,target_year,,,,,,,,,,SOE_target,0.022187000000000002,0.084747,28.044024,0.105018,0.173049,0.494436,-0.029834,0.039797,0.718016,0.931822,0.022517,True,H_nonSOE,0.06200401502754955,0.084747,-0.022742984972450454,-38305145355.66935,0.0,0,1,FirmSize_lag,
601800.SH,中国交建,CSI,中央国有企业,工业,建筑,工业--建筑--建筑与工程Ⅲ--建筑与工程Ⅳ,2024,,,,,,,,,,1858272000000.0,,0.024677,23854000000.0,22002000000.0,target_year,,,,,,,,,,SOE_target,0.019717,0.077554,28.152349,0.102851,0.176169,0.472927,-0.045148,0.04459,0.727403,0.900232,0.023113,True,H_nonSOE,0.057514501134113744,0.077554,-0.020039498865886254,-37238839636.50818,0.0,0,1,FirmSize_lag,
601800.SH,中国交建,CSI,中央国有企业,工业,建筑,工业--建筑--建筑与工程Ⅲ--建筑与工程Ⅳ,2025,,,,,,,,,,2019132000000.0,,0.017665,14995000000.0,20673000000.0,target_year,,,,,,,,,,SOE_target,0.013065,0.048034,28.250668,0.10843,0.174423,0.433725,-0.042988,0.043066,0.748253,0.908054,0.014673,True,H_nonSOE,0.050567702597561714,0.048034,0.002533702597561714,5115879993.219979,5115879993.219979,0,1,FirmSize_lag,
601808.SH,中海油服,CSI,中央国有企业,能源,石油石化,能源--石油石化--能源设备与服务--石油天然气钻井,2019,,,,,,,,,,76101838000.0,,0.046964858,2502238000.0,1071874000.0,target_year,,,,,,,,,,SOE_target,0.059375,0.07022400000000001,25.03657194,0.003993959,0.452070271,0.29468154,0.062900957,0.689987886,0.53569692,1.276166723,0.032541029,True,H_nonSOE,0.015504425278537168,0.07022400000000001,-0.05471957472146284,-4164260210.8816605,0.0,0,1,FixedAssetsRatio_lag,
601808.SH,中海油服,CSI,中央国有企业,能源,石油石化,能源--石油石化--能源设备与服务--石油天然气钻井,2020,,,,,,,,,,75942308000.0,,0.04729003,2703187000.0,888127000.0,target_year,,,,,,,,,,SOE_target,0.055210999999999996,0.071851,25.05533825,0.00538186,0.44417932,0.41217689,0.042059878,0.659880817,0.514988363,1.161423314,0.038244503,True,H_nonSOE,0.03825163912484661,0.071851,-0.03359936087515339,-2551613012.184048,0.0,0,1,FixedAssetsRatio_lag,
601808.SH,中海油服,CSI,中央国有企业,能源,石油石化,能源--石油石化--能源设备与服务--石油天然气钻井,2021,,,,,,,,,,73311708000.0,,0.015423798,313176000.0,817569000.0,target_year,,,,,,,,,,SOE_target,0.023895,0.008183000000000001,25.05323978,0.006705584,0.429200271,0.380485744,0.124394771,0.617823335,0.490550011,1.55978126,0.054926774,True,H_nonSOE,0.023364760666762047,0.008183000000000001,0.015181760666762046,1113000804.9275444,1113000804.9275444,1,0,,
601808.SH,中海油服,CSI,中央国有企业,能源,石油石化,能源--石油石化--能源设备与服务--石油天然气钻井,2022,,,,,,,,,,77184090000.0,,0.040373955,2352625000.0,763602000.0,target_year,,,,,,,,,,SOE_target,0.04813,0.06082,25.01798616,0.005068244,0.425995256,0.390856873,0.04464467,0.590030695,0.478714505,1.14871269,0.050342709,True,H_nonSOE,0.03846927284977353,0.06082,-0.02235072715022647,-1725120535.9285235,0.0,1,0,,
601808.SH,中海油服,CSI,中央国有企业,能源,石油石化,能源--石油石化--能源设备与服务--石油天然气钻井,2023,,,,,,,,,,83245834000.0,,0.047842,3013255000.0,969394000.0,target_year,,,,,,,,,,SOE_target,0.062721,0.074425,25.069459,0.00499,0.418201,0.473238,0.088332,0.571986,0.483079,1.320206,0.053665,True,H_nonSOE,0.044220029348947844,0.074425,-0.03020497065105216,-2514437972.7923603,0.0,1,0,,
601808.SH,中海油服,CSI,中央国有企业,能源,石油石化,能源--石油石化--能源设备与服务--石油天然气钻井,2024,,,,,,,,,,82947663000.0,,0.04698,3136992000.0,759921000.0,target_year,,,,,,,,,,SOE_target,0.063888,0.073431,25.145064,0.006444,0.410755,0.549053,0.082953,0.587758,0.492394,1.295552,0.113805,True,H_nonSOE,0.03803745157879573,0.073431,-0.03539354842120426,-2935812126.816233,0.0,1,0,,
601808.SH,中海油服,CSI,中央国有企业,能源,石油石化,能源--石油石化--能源设备与服务--石油天然气钻井,2025,,,,,,,,,,84462835000.0,,0.053019,3841741000.0,636403000.0,target_year,,,,,,,,,,SOE_target,0.067563,0.085022,25.141476,0.007259,0.406814,0.580265,-0.011293,0.608334,0.464427,0.968357,0.072709,True,H_nonSOE,0.07015860260020751,0.085022,-0.014863397399792491,-1255404682.1181023,0.0,1,0,,
601816.SH,京沪高铁,CSI,中央国有企业,工业,交通运输,工业--交通运输--铁路公路运输--铁路运输,2019,,,,,,,,,,185151000000.0,,0.070411296,11937249779.0,1099497717.0,target_year,,,,,,,,,,SOE_target,0.09175599999999999,0.07778,25.89209933,0.035751168,0.111099702,0.176202692,0.03661226,0.756071535,0.15671601,2.260657774,0.003739369,True,H_nonSOE,-0.0452688269250473,0.07778,-0.1230488269250473,-22782613353.99943,0.0,0,2,"FixedAssetsRatio_lag, HHI_lag",
601816.SH,京沪高铁,CSI,中央国有企业,工业,交通运输,工业--交通运输--铁路公路运输--铁路运输,2020,,,,,,,,,,300863000000.0,,0.020521067,3228866109.0,2945170117.0,target_year,,,,,,,,,,SOE_target,0.016576,0.01886,25.94443952,0.03393513,0.108646931,0.182018151,0.028729308,0.705225269,0.142462742,1.968147265,0.002679892,True,H_nonSOE,-0.03651671682676333,0.01886,-0.05537671682676333,-16660805154.650496,0.0,0,2,"FixedAssetsRatio_lag, HHI_lag",
601816.SH,京沪高铁,CSI,中央国有企业,工业,交通运输,工业--交通运输--铁路公路运输--铁路运输,2021,,,,,,,,,,295252000000.0,,0.027510617,4815710298.0,3306861251.0,target_year,,,,,,,,,,SOE_target,0.020964,0.025997,26.42992188,0.031568495,0.123286456,0.103345912,-0.013321118,0.766537866,0.307049247,0.718920146,0.016708567,True,H_nonSOE,-0.0579134384178181,0.025997,-0.08391043841781809,-24774724763.737625,0.0,0,2,"FixedAssetsRatio_lag, HHI_lag",
601816.SH,京沪高铁,CSI,中央国有企业,工业,交通运输,工业--交通运输--铁路公路运输--铁路运输,2022,,,,,,,,,,288545000000.0,,0.008071276,-576160740.5,2905087457.0,target_year,,,,,,,,,,SOE_target,-0.00358,-0.003107,26.41109593,0.026490794,0.15352339,0.097847091,0.000961479,0.767963413,0.285003369,1.031638177,0.011694701,True,H_nonSOE,-0.05810915506821626,-0.003107,-0.05500215506821626,-15870596834.158463,0.0,0,1,FixedAssetsRatio_lag,
601816.SH,京沪高铁,CSI,中央国有企业,工业,交通运输,工业--交通运输--铁路公路运输--铁路运输,2023,,,,,,,,,,292219725586.82,,0.047604,11545536011.72,2365430963.91,target_year,,,,,,,,,,SOE_target,0.05272,0.060931,26.388117,0.016464,0.180808,0.066234,-0.011277,0.775856,0.281638,0.650237,0.003807,True,H_nonSOE,-0.049913153612525823,0.060931,-0.11084415361252582,-32390848151.55562,0.0,0,1,FixedAssetsRatio_lag,
601816.SH,京沪高铁,CSI,中央国有企业,工业,交通运输,工业--交通运输--铁路公路运输--铁路运输,2024,,,,,,,,,,284662650232.54,,0.051136,12768289200.79,1788199149.18,target_year,,,,,,,,,,SOE_target,0.065529,0.064263,26.400772,0.033355,0.114556,0.139624,-0.001078,0.749455,0.254289,0.978628,0.0051,True,H_nonSOE,-0.04829341592508041,0.064263,-0.11255641592508041,-32040607657.90946,0.0,0,2,"FixedAssetsRatio_lag, HHI_lag",
601816.SH,京沪高铁,CSI,中央国有企业,工业,交通运输,工业--交通运输--铁路公路运输--铁路运输,2025,,,,,,,,,,287938421202.66,,0.050637,13171912357.24,1408303112.44,target_year,,,,,,,,,,SOE_target,0.066649,0.064329,26.374571,0.030185,0.116886,0.145363,0.01349,0.753939,0.208718,1.470092,0.004145,True,H_nonSOE,-0.04739909735637446,0.064329,-0.11172809735637446,-32170811956.77155,0.0,0,2,"FixedAssetsRatio_lag, HHI_lag",
601857.SH,中国石油,CSI,中央国有企业,能源,石油石化,能源--石油石化--石油天然气--综合性石油天然气,2019,,,,,,,,,,2732910000000.0,,0.027842483,45682000000.0,30409000000.0,target_year,,,,,,,,,,SOE_target,0.050334000000000004,0.037376,28.51984445,0.429492104,0.452070271,0.973184769,-0.063010378,0.701362844,0.420023139,0.738639736,0.113369179,True,H_nonSOE,0.17514285388733922,0.037376,0.13776685388733922,376504412657.2482,376504412657.2482,0,2,"FirmSize_lag, FixedAssetsRatio_lag",
601857.SH,中国石油,CSI,中央国有企业,能源,石油石化,能源--石油石化--石油天然气--综合性石油天然气,2020,,,,,,,,,,2488130000000.0,,0.01830052,19006000000.0,26528000000.0,target_year,,,,,,,,,,SOE_target,0.030484,0.015545,28.63638809,0.435873044,0.44417932,0.9745302,-0.071171755,0.652500082,0.471513881,0.705926198,0.119565591,True,H_nonSOE,0.16399218921239106,0.015545,0.14844718921239106,369355904895.02655,369355904895.02655,0,2,"FirmSize_lag, FixedAssetsRatio_lag",
601857.SH,中国石油,CSI,中央国有企业,能源,石油石化,能源--石油石化--石油天然气--综合性石油天然气,2021,,,,,,,,,,2502260000000.0,,0.044723135,92170000000.0,19739000000.0,target_year,,,,,,,,,,SOE_target,0.070118,0.07436899999999999,28.54255093,0.448309732,0.429200271,0.740786311,-0.047686894,0.583608306,0.450742848,0.80401805,0.103180868,True,H_nonSOE,0.13660700391677882,0.07436899999999999,0.062238003916778833,155735667680.799,155735667680.799,0,1,FirmSize_lag,
601857.SH,中国石油,CSI,中央国有企业,能源,石油石化,能源--石油石化--石油天然气--综合性石油天然气,2022,,,,,,,,,,2673490000000.0,,0.063936772,149380000000.0,21554000000.0,target_year,,,,,,,,,,SOE_target,0.08891199999999999,0.113472,28.54821624,0.454262894,0.425995256,1.047753802,-0.014914505,0.583190729,0.436961837,0.927975637,0.106129174,True,H_nonSOE,0.17881085539870298,0.113472,0.06533885539870297,174682776519.87842,174682776519.87842,0,1,FirmSize_lag,
601857.SH,中国石油,CSI,中央国有企业,能源,石油石化,能源--石油石化--石油天然气--综合性石油天然气,2023,,,,,,,,,,2752448000000.0,,0.067289,161146000000.0,24063000000.0,target_year,,,,,,,,,,SOE_target,0.093352,0.114471,28.614404,0.453855,0.418201,1.251671,-0.003889,0.558265,0.424776,0.983347,0.091729,True,H_nonSOE,0.2131271253043579,0.114471,0.0986561253043579,271545854781.72928,271545854781.72928,0,1,FirmSize_lag,
601857.SH,中国石油,CSI,中央国有企业,能源,石油石化,能源--石油石化--石油天然气--综合性石油天然气,2024,,,,,,,,,,2752751000000.0,,0.067356,164684000000.0,20731000000.0,target_year,,,,,,,,,,SOE_target,0.092073,0.111224,28.643512,0.440548,0.410755,1.10986,-0.011076,0.552914,0.407664,0.955752,0.10365,True,H_nonSOE,0.19369534564624485,0.111224,0.08247134564624485,227023079199.04617,227023079199.04617,0,1,FirmSize_lag,
601857.SH,中国石油,CSI,中央国有企业,能源,石油石化,能源--石油石化--石油天然气--综合性石油天然气,2025,,,,,,,,,,2827777000000.0,,0.061845,157318000000.0,17567000000.0,target_year,,,,,,,,,,SOE_target,0.08457,0.101464,28.643622,0.442325,0.406814,1.067348,-0.016882,0.570633,0.37894,0.92708,0.109945,True,H_nonSOE,0.19240729986504196,0.101464,0.09094329986504196,257167371662.46875,257167371662.46875,0,1,FirmSize_lag,
601868.SH,中国能建,CSI,中央国有企业,工业,建筑,工业--建筑--建筑与工程Ⅲ--建筑与工程Ⅳ,2019,,,,,,,,,,421670000000.0,,0.022373373,5078524000.0,4355663000.0,target_year,,,,,,,,,,SOE_target,0.040955000000000005,0.093375,26.68783575,0.055060571,0.178025019,0.611053387,0.080332028,0.089422698,0.755605049,1.138216335,0.041483933,True,H_nonSOE,0.04666986840420231,0.093375,-0.04670513159579769,-19694152840.00001,0.0,0,1,FirmSize_lag,
601868.SH,中国能建,CSI,中央国有企业,工业,建筑,工业--建筑--建筑与工程Ⅲ--建筑与工程Ⅳ,2020,,,,,,,,,,476052000000.0,,0.017142067,4680285000.0,3480229000.0,target_year,,,,,,,,,,SOE_target,0.035304,0.073961,26.76748957,0.052356081,0.179054819,0.609800165,0.094137391,0.091607576,0.731329544,1.17643605,0.034060274,True,H_nonSOE,0.051737513176215603,0.073961,-0.022223486823784395,-10579535349.436209,0.0,0,1,FirmSize_lag,
601868.SH,中国能建,CSI,中央国有企业,工业,建筑,工业--建筑--建筑与工程Ⅲ--建筑与工程Ⅳ,2021,,,,,,,,,,528863000000.0,,0.018656423,6504102000.0,3362582000.0,target_year,,,,,,,,,,SOE_target,0.031996000000000004,0.079994,26.88879274,0.050547082,0.179498397,0.602252363,0.076272281,0.086413832,0.710265092,1.143458048,0.031423462,True,H_nonSOE,0.057444807851355986,0.079994,-0.02254919214864401,-11925433407.308317,0.0,0,1,FirmSize_lag,
601868.SH,中国能建,CSI,中央国有企业,工业,建筑,工业--建筑--建筑与工程Ⅲ--建筑与工程Ⅳ,2022,,,,,,,,,,664351000000.0,,0.020211219,7809343000.0,5618003000.0,target_year,,,,,,,,,,SOE_target,0.031312,0.07965,26.99399448,0.052466095,0.17910201,0.641484554,0.074525801,0.089604705,0.716875416,1.145695808,0.026553177,True,H_nonSOE,0.06309965831423599,0.07965,-0.01655034168576401,-10995236049.279007,0.0,0,1,FirmSize_lag,
601868.SH,中国能建,CSI,中央国有企业,工业,建筑,工业--建筑--建筑与工程Ⅲ--建筑与工程Ⅳ,2023,,,,,,,,,,783156193000.0,,0.017731,7986116000.0,5899961000.0,target_year,,,,,,,,,,SOE_target,0.025701,0.075214,27.222077,0.05363,0.173049,0.614129,0.055987,0.089218,0.747895,1.108897,0.030079,True,H_nonSOE,0.05358816254998103,0.075214,-0.021625837450018975,-16936408527.793688,0.0,0,1,FirmSize_lag,
601868.SH,中国能建,CSI,中央国有企业,工业,建筑,工业--建筑--建筑与工程Ⅲ--建筑与工程Ⅳ,2024,,,,,,,,,,869004776000.0,,0.017443,8396167000.0,6761837000.0,target_year,,,,,,,,,,SOE_target,0.024536,0.074146,27.386598,0.055265,0.176169,0.561008,0.01157,0.106064,0.759623,1.02173,0.039749,True,H_nonSOE,0.043318567764693824,0.074146,-0.03082743223530618,-26789185844.297424,0.0,0,1,FirmSize_lag,
601868.SH,中国能建,CSI,中央国有企业,工业,建筑,工业--建筑--建筑与工程Ⅲ--建筑与工程Ⅳ,2025,,,,,,,,,,941597382000.0,,0.013588,5840294000.0,6954227000.0,target_year,,,,,,,,,,SOE_target,0.020983,0.049495,27.490614,0.061638,0.174423,0.528656,0.011594,0.127901,0.763144,1.023043,0.05238,True,H_nonSOE,0.03313587982237065,0.049495,-0.016359120177629347,-15403704731.079168,0.0,0,1,FirmSize_lag,
601872.SH,招商轮船,CSI,中央国有企业,工业,交通运输,工业--交通运输--海上运输Ⅲ--海上运输Ⅳ,2019,,,,,,,,,,54817643675.0,,0.048220512,1612975362.0,1030359463.0,target_year,,,,,,,,,,SOE_target,0.048766,0.070773,24.63439951,0.012531131,0.111099702,0.248768239,-0.144937503,0.763285164,0.593101964,0.553060102,0.127231869,True,H_nonSOE,-0.13896988194474838,0.070773,-0.20974288194474838,-11497610565.814808,0.0,0,2,"FixedAssetsRatio_lag, HHI_lag",
601872.SH,招商轮船,CSI,中央国有企业,工业,交通运输,工业--交通运输--海上运输Ⅲ--海上运输Ⅳ,2020,,,,,,,,,,58634669141.0,,0.056169586,2777489423.0,515995643.3,target_year,,,,,,,,,,SOE_target,0.06112599999999999,0.10917299999999999,24.72727794,0.015023484,0.108646931,0.277540098,0.025627368,0.720457705,0.530282788,1.131312613,0.07166024,True,H_nonSOE,-0.1208954907767974,0.10917299999999999,-0.2300684907767974,-13489989836.466724,0.0,0,2,"FixedAssetsRatio_lag, HHI_lag",
601872.SH,招商轮船,CSI,中央国有企业,工业,交通运输,工业--交通运输--海上运输Ⅲ--海上运输Ⅳ,2021,,,,,,,,,,60135535611.0,,0.068015247,3609069039.0,481064278.5,target_year,,,,,,,,,,SOE_target,0.08123200000000001,0.138902,24.79459198,0.022698194,0.123286456,0.318322079,0.10278916,0.672902532,0.556505787,1.634599657,0.02325035,True,H_nonSOE,-0.11654297994861024,0.138902,-0.25544497994861026,-15361320688.350834,0.0,0,2,"FixedAssetsRatio_lag, HHI_lag",
601872.SH,招商轮船,CSI,中央国有企业,工业,交通运输,工业--交通运输--海上运输Ⅲ--海上运输Ⅳ,2022,,,,,,,,,,65469954370.0,,0.084040716,5085887332.0,416254517.4,target_year,,,,,,,,,,SOE_target,0.101114,0.171097,24.81986678,0.022144272,0.15352339,0.41052282,0.037080611,0.637702484,0.552953965,1.153785552,0.040402073,True,H_nonSOE,-0.09619811541376314,0.171097,-0.26729511541376316,-17499799009.46296,0.0,0,1,FixedAssetsRatio_lag,
601872.SH,招商轮船,CSI,中央国有企业,工业,交通运输,工业--交通运输--海上运输Ⅲ--海上运输Ⅳ,2023,,,,,,,,,,62394661514.41,,0.09434,4836966617.91,1049349709.81,target_year,,,,,,,,,,SOE_target,0.101106,0.138321,24.904857,0.025269,0.180808,0.472482,0.136669,0.633026,0.488315,1.997692,0.041179,True,H_nonSOE,-0.09099726963365273,0.138321,-0.22931826963365273,-14308235812.861969,0.0,0,1,FixedAssetsRatio_lag,
601872.SH,招商轮船,CSI,中央国有企业,工业,交通运输,工业--交通运输--海上运输Ⅲ--海上运输Ⅳ,2024,,,,,,,,,,70619308351.63,,0.087285,5107447941.27,1056539123.01,target_year,,,,,,,,,,SOE_target,0.10538600000000001,0.132773,24.856746,0.021278,0.114556,0.404556,-0.023155,0.703197,0.401566,0.884669,0.071941,True,H_nonSOE,-0.06727467505615728,0.132773,-0.20004767505615728,-14127228449.817453,0.0,0,2,"FixedAssetsRatio_lag, HHI_lag",
601872.SH,招商轮船,CSI,中央国有企业,工业,交通运输,工业--交通运输--海上运输Ⅲ--海上运输Ⅳ,2025,,,,,,,,,,82054880078.89,,0.087403,6012096267.97,1159711575.55,target_year,,,,,,,,,,SOE_target,0.10524800000000001,0.144784,24.980569,0.018482,0.116886,0.386011,-0.101025,0.665063,0.421558,0.592028,0.106915,True,H_nonSOE,-0.07456528792886463,0.144784,-0.21934928792886463,-17998679516.392902,0.0,0,2,"FixedAssetsRatio_lag, HHI_lag",
601888.SH,中国中免,CSI,中央国有企业,可选消费,可选消费零售,可选消费--可选消费零售--经销商Ⅲ--经销商Ⅳ,2019,,,,,,,,,,36080230000.0,,0.130492211,4497573000.0,210616000.0,target_year,,,,,,,,,,SOE_target,0.18617,0.249605,24.14778729,1.0,1.0,1.340804305,0.354696241,0.100572764,0.397675149,2.253891129,0.051508655,True,H_nonSOE,0.2706038771117004,0.249605,0.020998877111700426,757644315.931887,757644315.931887,0,2,"HHI_lag, MarketShare_lag",
601888.SH,中国中免,CSI,中央国有企业,可选消费,可选消费零售,可选消费--可选消费零售--经销商Ⅲ--经销商Ⅳ,2020,,,,,,,,,,45863816000.0,,0.13404953,5931348000.0,216675000.0,target_year,,,,,,,,,,SOE_target,0.231043,0.28396699999999997,24.30901091,1.0,1.0,1.437757186,0.377254053,0.075365096,0.369845314,2.431739667,0.042022238,True,H_nonSOE,0.2937712856705387,0.28396699999999997,0.009804285670538704,449661954.0050237,449661954.0050237,0,2,"HHI_lag, MarketShare_lag",
601888.SH,中国中免,CSI,中央国有企业,可选消费,可选消费零售,可选消费--可选消费零售--经销商Ⅲ--经销商Ⅳ,2021,,,,,,,,,,55101329000.0,,0.180547587,9726557000.0,221855000.0,target_year,,,,,,,,,,SOE_target,0.29467,0.38020000000000004,24.54894232,1.0,1.0,1.283749328,0.313407218,0.076801765,0.438851403,1.866473287,0.026899681,True,H_nonSOE,0.27800302885473605,0.38020000000000004,-0.10219697114526399,-5631188929.878698,0.0,0,2,"HHI_lag, MarketShare_lag",
601888.SH,中国中免,CSI,中央国有企业,可选消费,可选消费零售,可选消费--可选消费零售--经销商Ⅲ--经销商Ⅳ,2022,,,,,,,,,,75618784000.0,,0.070196024,5113962000.0,194176000.0,target_year,,,,,,,,,,SOE_target,0.12078799999999999,0.131835,24.73243967,1.0,1.0,1.340571838,0.388476311,0.100419465,0.375350874,2.249147766,0.039106988,True,H_nonSOE,0.2866089920942428,0.131835,0.15477399209424278,11703821076.992252,11703821076.992252,0,2,"HHI_lag, MarketShare_lag",
601888.SH,中国中免,CSI,中央国有企业,可选消费,可选消费零售,可选消费--可选消费零售--经销商Ⅲ--经销商Ⅳ,2023,,,,,,,,,,78662313000.0,,0.090106,6790027000.0,297894000.0,target_year,,,,,,,,,,SOE_target,0.117281,0.133195,25.048971,1.0,1.0,0.832815,0.525335,0.110924,0.288026,3.272565,0.039612,True,H_nonSOE,0.21273782369171537,0.133195,0.07954282369171536,6257022494.141529,6257022494.141529,0,2,"HHI_lag, MarketShare_lag",
601888.SH,中国中免,CSI,中央国有企业,可选消费,可选消费零售,可选消费--可选消费零售--经销商Ⅲ--经销商Ⅳ,2024,,,,,,,,,,76108344000.0,,0.05947,4323643000.0,202501000.0,target_year,,,,,,,,,,SOE_target,0.083054,0.07961599999999999,25.08843,1.0,1.0,0.875546,0.548259,0.107205,0.250282,3.813539,0.022903,True,H_nonSOE,0.22276626168474256,0.07961599999999999,0.14315026168474257,10894929359.992407,10894929359.992407,0,2,"HHI_lag, MarketShare_lag",
601888.SH,中国中免,CSI,中央国有企业,可选消费,可选消费零售,可选消费--可选消费零售--经销商Ⅲ--经销商Ⅳ,2025,,,,,,,,,,74891423000.0,,0.051038,3643905000.0,178416000.0,target_year,,,,,,,,,,SOE_target,0.061806,0.066036,25.055424,1.0,1.0,0.729775,0.591149,0.107038,0.201187,5.101675,0.014702,True,H_nonSOE,0.1916460135034,0.066036,0.1256100135034,9407112654.318842,9407112654.318842,0,2,"HHI_lag, MarketShare_lag",
601898.SH,中煤能源,CSI,中央国有企业,能源,煤炭Ⅱ,能源--煤炭Ⅱ--煤炭Ⅲ--煤炭与消费用燃料,2019,,,,,,,,,,272469000000.0,,0.040662582,6197168000.0,4882121000.0,target_year,,,,,,,,,,SOE_target,0.066093,0.065577,26.30135748,0.199924039,0.3281903,0.40562245,-0.051643698,0.498581841,0.582205584,0.802290686,0.035635828,True,H_nonSOE,0.03961961016361955,0.065577,-0.02595738983638045,-7072584051.328744,0.0,1,0,,
601898.SH,中煤能源,CSI,中央国有企业,能源,煤炭Ⅱ,能源--煤炭Ⅱ--煤炭Ⅲ--煤炭与消费用燃料,2020,,,,,,,,,,281574000000.0,,0.035577161,5350726000.0,4666871000.0,target_year,,,,,,,,,,SOE_target,0.058464999999999996,0.054136,26.33079033,0.239282422,0.293470907,0.481509395,-0.105136963,0.477110854,0.569782391,0.657633162,0.040171693,True,H_nonSOE,0.06283558547448605,0.054136,0.00869958547448605,2449577080.3929353,2449577080.3929353,1,0,,
601898.SH,中煤能源,CSI,中央国有企业,能源,煤炭Ⅱ,能源--煤炭Ⅱ--煤炭Ⅲ--煤炭与消费用燃料,2021,,,,,,,,,,321329000000.0,,0.058533792,14714915000.0,4093691000.0,target_year,,,,,,,,,,SOE_target,0.104012,0.13738799999999998,26.36366047,0.248811769,0.275297772,0.508846338,-0.02459337,0.474754771,0.560805759,0.899856996,0.036606113,True,H_nonSOE,0.0627109950786886,0.13738799999999998,-0.07467700492131138,-23995887314.360065,0.0,1,0,,
601898.SH,中煤能源,CSI,中央国有企业,能源,煤炭Ⅱ,能源--煤炭Ⅱ--煤炭Ⅲ--煤炭与消费用燃料,2022,,,,,,,,,,339616000000.0,,0.069420696,19719469000.0,3856932000.0,target_year,,,,,,,,,,SOE_target,0.11591,0.16159300000000001,26.49573143,0.26828346,0.269530745,0.766714926,0.053652331,0.400720788,0.557575067,1.196478782,0.032450595,True,H_nonSOE,0.10115547898381055,0.16159300000000001,-0.06043752101618946,-20525549137.4342,0.0,1,0,,
601898.SH,中煤能源,CSI,中央国有企业,能源,煤炭Ⅱ,能源--煤炭Ⅱ--煤炭Ⅲ--煤炭与消费用燃料,2023,,,,,,,,,,349155327000.0,,0.066585,20183598000.0,3064810000.0,target_year,,,,,,,,,,SOE_target,0.10643599999999999,0.147113,26.551082,0.229487,0.250024,0.645549,0.055689,0.37232,0.514808,1.180126,0.028727,True,H_nonSOE,0.091904036211116,0.147113,-0.055208963788884,-19276503805.03895,0.0,1,0,,
601898.SH,中煤能源,CSI,中央国有企业,能源,煤炭Ⅱ,能源--煤炭Ⅱ--煤炭Ⅲ--煤炭与消费用燃料,2024,,,,,,,,,,357794496000.0,,0.057829,18155988000.0,2534892000.0,target_year,,,,,,,,,,SOE_target,0.092524,0.122846,26.578783,0.216143,0.263234,0.539553,0.061607,0.365746,0.477243,1.219139,0.050336,True,H_nonSOE,0.07644480551626173,0.122846,-0.046401194483738264,-16602091994.107113,0.0,1,0,,
601898.SH,中煤能源,CSI,中央国有企业,能源,煤炭Ⅱ,能源--煤炭Ⅱ--煤炭Ⅲ--煤炭与消费用燃料,2025,,,,,,,,,,370517742000.0,,0.044927,14497092000.0,2149057000.0,target_year,,,,,,,,,,SOE_target,0.066686,0.092908,26.603225,0.211221,0.263097,0.514626,0.030435,0.393,0.463299,1.106577,0.050505,True,H_nonSOE,0.07620566993230725,0.092908,-0.016702330067692756,-6188509622.820227,0.0,1,0,,
601899.SH,紫金矿业,CSI,地方国有企业,材料,有色金属,材料--有色金属--贵金属--黄金,2019,,,,,,,,,,123831000000.0,,0.050163348,4283957365.0,1927817536.0,target_year,,,,,,,,,,SOE_target,0.07092999999999999,0.093494,25.44958498,0.135006124,0.167062795,1.048438121,-0.060014627,0.349933684,0.581201238,0.818005224,0.069178863,True,H_nonSOE,0.2393550627247707,0.093494,0.1458610627247707,18062121258.27108,18062121258.27108,1,0,,
601899.SH,紫金矿业,CSI,地方国有企业,材料,有色金属,材料--有色金属--贵金属--黄金,2020,,,,,,,,,,182313000000.0,,0.046235297,6508553913.0,1920753386.0,target_year,,,,,,,,,,SOE_target,0.079348,0.120837,25.54218314,0.147075799,0.15478921,1.149911991,-0.038506206,0.359373782,0.539052237,0.857077928,0.096066464,True,H_nonSOE,0.25349792139880145,0.120837,0.13266092139880145,24185810562.97969,24185810562.97969,1,0,,
601899.SH,紫金矿业,CSI,地方国有企业,材料,有色金属,材料--有色金属--贵金属--黄金,2021,,,,,,,,,,208595000000.0,,0.0852602,15672870591.0,2111953389.0,target_year,,,,,,,,,,SOE_target,0.133764,0.24570799999999998,25.9289922,0.154732825,0.159708925,1.120395812,-0.042637039,0.349846763,0.590833682,0.834736234,0.076167844,True,H_nonSOE,0.2466381917628407,0.24570799999999998,0.0009301917628407042,194033350.76975667,194033350.76975667,1,0,,
601899.SH,紫金矿业,CSI,地方国有企业,材料,有色金属,材料--有色金属--贵金属--黄金,2022,,,,,,,,,,306044000000.0,,0.075917288,20042045977.0,3191995016.0,target_year,,,,,,,,,,SOE_target,0.123702,0.25056100000000003,26.06365887,0.150787193,0.168216562,1.151690576,-0.015523729,0.355451102,0.55465225,0.935626067,0.096591957,True,H_nonSOE,0.24870250417838935,0.25056100000000003,-0.001858495821610684,-568781495.2290201,0.0,1,0,,
601899.SH,紫金矿业,CSI,地方国有企业,材料,有色金属,材料--有色金属--贵金属--黄金,2023,,,,,,,,,,343005706012.0,,0.075169,21119419571.0,4663911436.0,target_year,,,,,,,,,,SOE_target,0.104795,0.215012,26.446995,0.157798,0.153058,1.050558,0.027691,0.309148,0.593342,1.119075,0.081016,True,H_nonSOE,0.2303898335815872,0.215012,0.015377833581587202,5274684664.587361,5274684664.587361,1,0,,
601899.SH,紫金矿业,CSI,地方国有企业,材料,有色金属,材料--有色金属--贵金属--黄金,2024,,,,,,,,,,396610730026.0,,0.09228,32050602437.0,4548705755.0,target_year,,,,,,,,,,SOE_target,0.135342,0.25921299999999997,26.561013,0.169325,0.159476,0.904101,-0.019107,0.342247,0.596617,0.922147,0.088712,True,H_nonSOE,0.21052310837399182,0.25921299999999997,-0.04868989162600815,-19310933462.677914,0.0,1,0,,
601899.SH,紫金矿业,CSI,地方国有企业,材料,有色金属,材料--有色金属--贵金属--黄金,2025,,,,,,,,,,512005142450.0,,0.108807,51777327785.0,3932640491.0,target_year,,,,,,,,,,SOE_target,0.18064699999999997,0.318309,26.706221,0.169614,0.15747,0.821074,-0.002131,0.333734,0.551876,0.991529,0.062524,True,H_nonSOE,0.21401990375157015,0.318309,-0.10428909624842986,-53396553580.65909,0.0,0,1,FirmSize_lag,
601919.SH,中远海控,CSI,中央国有企业,工业,交通运输,工业--交通运输--海上运输Ⅲ--海上运输Ⅳ,2019,,,,,,,,,,262224000000.0,,0.046345211,6690106000.0,5462722000.0,target_year,,,,,,,,,,SOE_target,0.034775,0.229719,26.15324199,0.1381701,0.111099702,0.666100324,-0.126402542,0.505757923,0.752993999,0.675445454,0.08717098,True,H_nonSOE,-0.07507533888441364,0.229719,-0.30479433888441365,-79924390719.62648,0.0,0,1,HHI_lag,
601919.SH,中远海控,CSI,中央国有企业,工业,交通运输,工业--交通运输--海上运输Ⅲ--海上运输Ⅳ,2020,,,,,,,,,,271926000000.0,,0.051028303,9927098000.0,3948828000.0,target_year,,,,,,,,,,SOE_target,0.064635,0.250452,26.29246505,0.155552982,0.108646931,0.613990479,0.006206761,0.397290073,0.736388625,1.023095445,0.042264429,True,H_nonSOE,-0.0676174467790164,0.250452,-0.3180694467790164,-86491352384.83081,0.0,0,1,HHI_lag,
601919.SH,中远海控,CSI,中央国有企业,工业,交通运输,工业--交通运输--海上运输Ⅲ--海上运输Ⅳ,2021,,,,,,,,,,413668000000.0,,0.224550922,89296138000.0,3593411000.0,target_year,,,,,,,,,,SOE_target,0.380517,1.008949,26.32879608,0.215275282,0.123286456,0.641238606,-0.007594321,0.378170712,0.710593928,0.972104244,0.024524221,True,H_nonSOE,-0.043691878040750504,1.008949,-1.0526408780407506,-435443846737.3612,0.0,0,1,HHI_lag,
601919.SH,中远海控,CSI,中央国有企业,工业,交通运输,工业--交通运输--海上运输Ⅲ--海上运输Ⅳ,2022,,,,,,,,,,511780000000.0,,0.221511332,109684000000.0,3680840000.0,target_year,,,,,,,,,,SOE_target,0.357707,0.657821,26.74832975,0.303105964,0.15352339,0.97344357,0.196168556,0.257317874,0.567623053,1.668671798,0.023085939,True,H_nonSOE,0.031597689688514036,0.657821,-0.6262233103114859,-320488565751.2123,0.0,0,1,FirmSize_lag,
601919.SH,中远海控,CSI,中央国有企业,工业,交通运输,工业--交通运输--海上运输Ⅲ--海上运输Ⅳ,2023,,,,,,,,,,462429381000.0,,0.059367,23860258000.0,3592746000.0,target_year,,,,,,,,,,SOE_target,0.059946,0.120355,26.96116,0.333016,0.180808,0.845123,0.198677,0.233535,0.504624,1.63763,0.0205,True,H_nonSOE,0.032471457124000604,0.120355,-0.0878835428759994,-40639932332.23536,0.0,0,1,FirmSize_lag,
601919.SH,中远海控,CSI,中央国有企业,工业,交通运输,工业--交通运输--海上运输Ⅲ--海上运输Ⅳ,2024,,,,,,,,,,497472214000.0,,0.104992,49172465000.0,3058232000.0,target_year,,,,,,,,,,SOE_target,0.13303,0.228293,26.85976,0.144337,0.114556,0.360185,0.162486,0.280678,0.47404,1.590121,0.033131,True,H_nonSOE,-0.05624688229537472,0.228293,-0.28453988229537475,-141550685216.77948,0.0,0,2,"FirmSize_lag, HHI_lag",
601919.SH,中远海控,CSI,中央国有企业,工业,交通运输,工业--交通运输--海上运输Ⅲ--海上运输Ⅳ,2025,,,,,,,,,,483758024000.0,,0.07002,30859651000.0,3013024000.0,target_year,,,,,,,,,,SOE_target,0.080724,0.13218,26.932806,0.16836,0.116886,0.487256,0.167499,0.303861,0.426986,1.678604,0.052262,True,H_nonSOE,-0.03496234856705248,0.13218,-0.16714234856705246,-80856452269.51653,0.0,0,2,"FirmSize_lag, HHI_lag",
601985.SH,中国核电,CSI,中央国有企业,公用事业,公用事业Ⅱ,公用事业--公用事业Ⅱ--电力--电力公用事业,2019,,,,,,,,,,347639000000.0,,0.033423197,4612558850.0,7006645806.0,target_year,,,,,,,,,,SOE_target,0.051093,0.095614,26.50240634,0.065305579,0.148389593,0.123797436,-0.015956505,0.849558327,0.741652254,0.86858063,0.071637094,True,H_nonSOE,-0.05567414553215504,0.095614,-0.15128814553215503,-52593659624.65284,0.0,0,1,FixedAssetsRatio_lag,
601985.SH,中国核电,CSI,中央国有企业,公用事业,公用事业Ⅱ,公用事业--公用事业Ⅱ--电力--电力公用事业,2020,,,,,,,,,,381746000000.0,,0.033938319,5995452045.0,6960364749.0,target_year,,,,,,,,,,SOE_target,0.036137999999999997,0.099496,26.57443023,0.067481903,0.143602423,0.135640693,-0.019129801,0.828426352,0.740297102,0.863979538,0.070616627,True,H_nonSOE,-0.05462460643499861,0.099496,-0.1541206064349986,-58834925024.13498,0.0,0,1,FixedAssetsRatio_lag,
601985.SH,中国核电,CSI,中央国有企业,公用事业,公用事业Ⅱ,公用事业--公用事业Ⅱ--电力--电力公用事业,2021,,,,,,,,,,409621000000.0,,0.036396898,8038084942.0,6870862905.0,target_year,,,,,,,,,,SOE_target,0.04185,0.109671,26.66802123,0.067942863,0.126082379,0.141686299,-0.007015087,0.817627022,0.694850283,0.950978047,0.062692714,True,H_nonSOE,-0.045043013470213694,0.109671,-0.15471401347021368,-63374108911.6824,0.0,0,3,"FirmSize_lag, FixedAssetsRatio_lag, HHI_lag",
601985.SH,中国核电,CSI,中央国有企业,公用事业,公用事业Ⅱ,公用事业--公用事业Ⅱ--电力--电力公用事业,2022,,,,,,,,,,464620000000.0,,0.036921229,9009829595.0,8144511017.0,target_year,,,,,,,,,,SOE_target,0.044770000000000004,0.109367,26.73849912,0.066112516,0.130392082,0.155949917,-0.018961189,0.805403382,0.694160724,0.88155248,0.061331462,True,H_nonSOE,-0.041714177493923976,0.109367,-0.15108117749392397,-70195336687.22696,0.0,0,3,"FirmSize_lag, FixedAssetsRatio_lag, HHI_lag",
601985.SH,中国核电,CSI,中央国有企业,公用事业,公用事业Ⅱ,公用事业--公用事业Ⅱ--电力--电力公用事业,2023,,,,,,,,,,539267250476.02,,0.033241,10623826706.6,7301743750.68,target_year,,,,,,,,,,SOE_target,0.045784000000000005,0.11831200000000001,26.864486,0.064424,0.129341,0.161085,-0.017598,0.79749,0.681741,0.889415,0.108712,True,H_nonSOE,-0.0523776612550904,0.11831200000000001,-0.1706896612550904,-92047344309.71585,0.0,0,3,"FirmSize_lag, FixedAssetsRatio_lag, HHI_lag",
601985.SH,中国核电,CSI,中央国有企业,公用事业,公用事业Ⅱ,公用事业--公用事业Ⅱ--电力--电力公用事业,2024,,,,,,,,,,659739168841.27,,0.023677,8777342050.34,6843597272.48,target_year,,,,,,,,,,SOE_target,0.049053000000000006,0.087264,27.013477,0.064166,0.121904,0.147279,-0.05444,0.798297,0.698113,0.699198,0.124429,True,H_nonSOE,-0.05727934143392274,0.087264,-0.14454334143392272,-95360903939.15608,0.0,0,3,"FirmSize_lag, FixedAssetsRatio_lag, HHI_lag",
601985.SH,中国核电,CSI,中央国有企业,公用事业,公用事业Ⅱ,公用事业--公用事业Ⅱ--电力--电力公用事业,2025,,,,,,,,,,749261994107.31,,0.021539,9304211536.74,6834483614.48,target_year,,,,,,,,,,SOE_target,0.042759,0.081283,27.21511,0.066502,0.118327,0.127097,-0.026619,0.780601,0.68265,0.827394,0.137491,True,H_nonSOE,-0.061137690256091365,0.081283,-0.14242069025609136,-106710410383.41855,0.0,0,3,"FirmSize_lag, FixedAssetsRatio_lag, HHI_lag",
603019.SH,中科曙光,CSI,中央国有企业,信息技术,硬件设备,信息技术--硬件设备--电脑与外围设备--电脑硬件、储存设备及电脑周边,2019,,,,,,,,,,16769281027.0,,0.046053914,593633044.8,178657973.6,target_year,,,,,,,,,,SOE_target,0.058621999999999994,0.145814,23.30100268,0.0077991,0.161142974,0.775761243,0.22087728,0.104489626,0.692376064,1.556652795,0.048115164,True,H_nonSOE,0.08943711887240698,0.145814,-0.05637688112759302,-945399763.05438,0.0,1,0,,
603019.SH,中科曙光,CSI,中央国有企业,信息技术,硬件设备,信息技术--硬件设备--电脑与外围设备--电脑硬件、储存设备及电脑周边,2020,,,,,,,,,,20963979137.0,,0.039996011,822381760.3,16093782.61,target_year,,,,,,,,,,SOE_target,0.055788000000000004,0.103103,23.54281454,0.007820415,0.145048886,0.634093523,0.239751642,0.097377554,0.724420087,1.686252249,0.044994331,True,H_nonSOE,0.06513317413462914,0.103103,-0.03796982586537086,-795998637.2771577,0.0,1,0,,
603019.SH,中科曙光,CSI,中央国有企业,信息技术,硬件设备,信息技术--硬件设备--电脑与外围设备--电脑硬件、储存设备及电脑周边,2021,,,,,,,,,,26121984763.0,,0.038917893,1157781112.0,-141168510.7,target_year,,,,,,,,,,SOE_target,0.06096599999999999,0.095297,23.76607152,0.0072491,0.129289002,0.536679608,0.5056888,0.074705179,0.429743553,3.876764347,0.026434258,True,H_nonSOE,0.07403266322333044,0.095297,-0.02126433677666957,-555466681.2754631,0.0,0,1,HHI_lag,
603019.SH,中科曙光,CSI,中央国有企业,信息技术,硬件设备,信息技术--硬件设备--电脑与外围设备--电脑硬件、储存设备及电脑周边,2022,,,,,,,,,,31810174007.0,,0.045421863,1544219003.0,-99341626.16,target_year,,,,,,,,,,SOE_target,0.06579,0.104033,23.98604312,0.006334817,0.108896372,0.47400165,0.420008992,0.077714723,0.499409101,2.965212884,0.062330355,True,H_nonSOE,0.06254481400288359,0.104033,-0.041488185997116414,-1319746415.8030539,0.0,0,1,HHI_lag,
603019.SH,中科曙光,CSI,中央国有企业,信息技术,硬件设备,信息技术--硬件设备--电脑与外围设备--电脑硬件、储存设备及电脑周边,2023,,,,,,,,,,31615458539.32,,0.05553,1835900702.06,-80304736.43,target_year,,,,,,,,,,SOE_target,0.068714,0.10294600000000001,24.183052,0.006852,0.117158,0.447215,0.330217,0.078245,0.442298,2.663063,0.084412,True,H_nonSOE,0.0768723121974367,0.10294600000000001,-0.026073687802563306,-824331595.6891137,0.0,0,1,HHI_lag,
603019.SH,中科曙光,CSI,中央国有企业,信息技术,硬件设备,信息技术--硬件设备--电脑与外围设备--电脑硬件、储存设备及电脑周边,2024,,,,,,,,,,36617491563.87,,0.050742,1911152257.13,-53100633.56,target_year,,,,,,,,,,SOE_target,0.06714,0.09787699999999999,24.176912,0.007472,0.108206,0.45091,0.314399,0.090495,0.383821,2.992228,0.068542,True,H_nonSOE,0.08859264498515138,0.09787699999999999,-0.009284355014848616,-339969791.43219334,0.0,0,1,HHI_lag,
603019.SH,中科曙光,CSI,中央国有企业,信息技术,硬件设备,信息技术--硬件设备--电脑与外围设备--电脑硬件、储存设备及电脑周边,2025,,,,,,,,,,40953741117.01,,0.051483,2176292865.25,-67880099.25,target_year,,,,,,,,,,SOE_target,0.062329999999999997,0.102089,24.323792,0.005798,0.114376,0.383723,0.229408,0.098389,0.417578,2.503729,0.023476,True,H_nonSOE,0.09870040289034217,0.102089,-0.0033885971096578316,-138775728.7787752,0.0,0,1,HHI_lag,
603369.SH,今世缘,CSI,地方国有企业,日常消费,食品饮料,日常消费--食品饮料--饮料--白酒与葡萄酒,2019,,,,,,,,,,10062294426.0,,0.144971709,1458097936.0,650083.33,target_year,,,,,,,,,,SOE_target,0.20241399999999998,0.21924700000000003,22.87359084,0.004647124,0.118716357,0.39261743,0.437826307,0.123350825,0.288617426,2.527404298,0.02385493,True,H_nonSOE,0.1594822177655746,0.21924700000000003,-0.05976478223442541,-601370835.1485627,0.0,0,1,HHI_lag,
603369.SH,今世缘,CSI,地方国有企业,日常消费,食品饮料,日常消费--食品饮料--饮料--白酒与葡萄酒,2020,,,,,,,,,,11851101844.0,,0.132767611,1566907818.0,6534659.97,target_year,,,,,,,,,,SOE_target,0.187577,0.202526,23.03206105,0.005205694,0.109737598,0.427747232,0.369028646,0.111611,0.283834551,2.336807766,0.014921261,True,H_nonSOE,0.17844760070722243,0.202526,-0.02407839929277758,-285355562.2592047,0.0,0,1,HHI_lag,
603369.SH,今世缘,CSI,地方国有企业,日常消费,食品饮料,日常消费--食品饮料--饮料--白酒与葡萄酒,2021,,,,,,,,,,14433697119.0,,0.136075632,2029127929.0,-65053472.68,target_year,,,,,,,,,,SOE_target,0.205399,0.23105,23.19568668,0.004661291,0.106852675,0.385834782,0.417382351,0.126780398,0.302399008,2.425192333,0.033352504,True,H_nonSOE,0.16072774173662266,0.23105,-0.07032225826337735,-1015010176.4976835,0.0,0,1,HHI_lag,
603369.SH,今世缘,CSI,地方国有企业,日常消费,食品饮料,日常消费--食品饮料--饮料--白酒与葡萄酒,2022,,,,,,,,,,18183711058.0,,0.132137809,2502789291.0,-100033561.7,target_year,,,,,,,,,,SOE_target,0.204044,0.24583200000000002,23.39283139,0.005106391,0.106913309,0.403319474,0.343201835,0.13995768,0.355876741,1.99477757,0.039951176,True,H_nonSOE,0.1632869905490596,0.24583200000000002,-0.08254500945094043,-1500974601.1357799,0.0,0,1,HHI_lag,
603369.SH,今世缘,CSI,地方国有企业,日常消费,食品饮料,日常消费--食品饮料--饮料--白酒与葡萄酒,2023,,,,,,,,,,21630647731.29,,0.136515,3136042999.78,-183138913.29,target_year,,,,,,,,,,SOE_target,0.20906400000000003,0.257564,23.623792,0.005416,0.105461,0.405134,0.259668,0.163857,0.391503,1.680295,0.063079,True,H_nonSOE,0.16087067398184537,0.257564,-0.09669332601815464,-2091539273.0654812,0.0,0,1,HHI_lag,
603369.SH,今世缘,CSI,地方国有企业,日常消费,食品饮料,日常消费--食品饮料--饮料--白酒与葡萄酒,2024,,,,,,,,,,24221898385.69,,0.13537,3411925268.61,-133006465.89,target_year,,,,,,,,,,SOE_target,0.19253599999999998,0.23742999999999997,23.797377,0.006797,0.100594,0.432038,0.220588,0.229512,0.385741,1.585996,0.101447,True,H_nonSOE,0.15585486503051446,0.23742999999999997,-0.08157513496948551,-1975904630.029825,0.0,0,1,HHI_lag,
603369.SH,今世缘,CSI,地方国有企业,日常消费,食品饮料,日常消费--食品饮料--饮料--白酒与葡萄酒,2025,,,,,,,,,,25899040538.78,,0.097322,2603690665.79,-83151223.46,target_year,,,,,,,,,,SOE_target,0.134739,0.16264800000000001,23.910523,0.007719,0.097008,0.430028,0.229316,0.272964,0.361997,1.663303,0.074998,True,H_nonSOE,0.16452089765686473,0.16264800000000001,0.0018728976568647138,48506252.34012529,48506252.34012529,0,1,HHI_lag,
688009.SH,中国通号,CSI,中央国有企业,工业,电气设备,工业--电气设备--电气设备Ⅲ--电气部件与设备,2019,,,,,,,,,,97512591304.0,,0.040378019,3815874901.0,121490364.0,target_year,,,,,,,,,,SOE_target,0.054669999999999996,0.108981,25.10126608,0.112768212,0.075162529,0.565471287,0.222678652,0.057931624,0.620072312,1.372498386,0.013432789,True,H_nonSOE,0.11190701689959207,0.108981,0.002926016899592071,285323490.0785188,285323490.0785188,0,1,HHI_lag,
688009.SH,中国通号,CSI,中央国有企业,工业,电气设备,工业--电气设备--电气设备Ⅲ--电气部件与设备,2020,,,,,,,,,,105328000000.0,,0.036664884,3819046319.0,42795594.41,target_year,,,,,,,,,,SOE_target,0.045983,0.091274,25.30324735,0.09638352,0.069863037,0.470071921,0.294788513,0.046045731,0.561854761,1.555377083,0.008409159,True,H_nonSOE,0.10739408289036535,0.091274,0.01612008289036536,1697896090.6764026,1697896090.6764026,0,1,HHI_lag,
688009.SH,中国通号,CSI,中央国有企业,工业,电气设备,工业--电气设备--电气设备Ⅲ--电气部件与设备,2021,,,,,,,,,,108943000000.0,,0.030924685,3274672689.0,94342569.44,target_year,,,,,,,,,,SOE_target,0.036272,0.07605100000000001,25.38034591,0.078313323,0.069189957,0.395625552,0.256343946,0.05340966,0.579434691,1.46497188,0.016604732,True,H_nonSOE,0.09234038089691342,0.07605100000000001,0.01628938089691341,1774614023.0524378,1774614023.0524378,0,1,HHI_lag,
688009.SH,中国通号,CSI,中央国有企业,工业,电气设备,工业--电气设备--电气设备Ⅲ--电气部件与设备,2022,,,,,,,,,,116807000000.0,,0.03205844,3633640259.0,110995320.5,target_year,,,,,,,,,,SOE_target,0.039245999999999996,0.081766,25.41408687,0.052156644,0.081262738,0.358035908,0.261945955,0.050393267,0.583529486,1.479651178,0.007981433,True,H_nonSOE,0.08547383487603838,0.081766,0.003707834876038374,433101068.3654143,433101068.3654143,0,1,HHI_lag,
688009.SH,中国通号,CSI,中央国有企业,工业,电气设备,工业--电气设备--电气设备Ⅲ--电气部件与设备,2023,,,,,,,,,,118990487731.74,,0.029868,3477326647.54,76697247.11,target_year,,,,,,,,,,SOE_target,0.036031,0.07548300000000001,25.483785,0.031068,0.108841,0.356176,0.232672,0.046851,0.595248,1.416564,0.006061,True,H_nonSOE,0.08395444065320048,0.07548300000000001,0.008471440653200477,1008020855.1148149,1008020855.1148149,0,1,HHI_lag,
688009.SH,中国通号,CSI,中央国有企业,工业,电气设备,工业--电气设备--电气设备Ⅲ--电气部件与设备,2024,,,,,,,,,,117890875515.13,,0.030092,3494725837.36,52849365.13,target_year,,,,,,,,,,SOE_target,0.036261999999999996,0.0737,25.502309,0.024756,0.112299,0.313848,0.220738,0.046415,0.589254,1.396501,0.00572,True,H_nonSOE,0.07952727976324239,0.0737,0.005827279763242391,686983113.160245,686983113.160245,0,1,HHI_lag,
688009.SH,中国通号,CSI,中央国有企业,工业,电气设备,工业--电气设备--电气设备Ⅲ--电气部件与设备,2025,,,,,,,,,,118321690651.9,,0.031924,3686410571.89,90856906.74,target_year,,,,,,,,,,SOE_target,0.039783,0.075334,25.493025,0.023985,0.107313,0.274171,0.236504,0.048914,0.572182,1.440999,0.007286,True,H_nonSOE,0.07503092489622906,0.075334,-0.00030307510377093616,-35860358.6726772,0.0,0,1,HHI_lag,
688187.SH,时代电气,CSI,中央国有企业,工业,电气设备,工业--电气设备--电气设备Ⅲ--电气部件与设备,2019,,,,,,,,,,32985615356.0,,0.081390133,2659163867.0,25539769.0,target_year,,,,,,,,,,SOE_target,0.094467,0.127431,24.09175139,0.044315661,0.075162529,0.562382467,0.542306516,0.103897947,0.306910795,3.009164305,0.023124896,True,H_nonSOE,0.1017106954539845,0.127431,-0.025720304546015482,-848400072.5940449,0.0,0,1,HHI_lag,
688187.SH,时代电气,CSI,中央国有企业,工业,电气设备,工业--电气设备--电气设备Ⅲ--电气部件与设备,2020,,,,,,,,,,33865721258.0,,0.073569155,2475454606.0,16017904.0,target_year,,,,,,,,,,SOE_target,0.08407999999999999,0.108186,24.21933741,0.03773342,0.069863037,0.525771381,0.527282997,0.093215346,0.327092161,2.853868965,0.022752527,True,H_nonSOE,0.09799381766234014,0.108186,-0.010192182337659866,-345165606.0578999,0.0,0,1,HHI_lag,
688187.SH,时代电气,CSI,中央国有企业,工业,电气设备,工业--电气设备--电气设备Ⅲ--电气部件与设备,2021,,,,,,,,,,44150745227.0,,0.046177335,2017694796.0,21068951.0,target_year,,,,,,,,,,SOE_target,0.052518,0.071456,24.24566917,0.031294312,0.069189957,0.479688199,0.547696637,0.129781827,0.283653514,3.354619665,0.054779891,True,H_nonSOE,0.0788717318430766,0.071456,0.0074157318430765895,327410087.2754257,327410087.2754257,0,1,HHI_lag,
688187.SH,时代电气,CSI,中央国有企业,工业,电气设备,工业--电气设备--电气设备Ⅲ--电气部件与设备,2022,,,,,,,,,,48509554784.0,,0.053119178,2555823375.0,20964320.0,target_year,,,,,,,,,,SOE_target,0.059538,0.076121,24.51087564,0.020560593,0.081262738,0.387640407,0.577379598,0.110659814,0.245932447,3.785604226,0.022060856,True,H_nonSOE,0.0794082508918263,0.076121,0.0032872508918263127,159463077.22580138,159463077.22580138,0,1,HHI_lag,
688187.SH,时代电气,CSI,中央国有企业,工业,电气设备,工业--电气设备--电气设备Ⅲ--电气部件与设备,2023,,,,,,,,,,53404847387.0,,0.059038,3105703645.0,47187001.0,target_year,,,,,,,,,,SOE_target,0.061758,0.08699899999999999,24.605027,0.013936,0.108841,0.389245,0.510029,0.108352,0.272396,3.114295,0.019655,True,H_nonSOE,0.08994854414911839,0.08699899999999999,0.0029495441491183966,157519955.14488673,157519955.14488673,0,1,HHI_lag,
688187.SH,时代电气,CSI,中央国有企业,工业,电气设备,工业--电气设备--电气设备Ⅲ--电气部件与设备,2024,,,,,,,,,,64802246319.0,,0.057745,3702585914.0,39387935.0,target_year,,,,,,,,,,SOE_target,0.06887800000000001,0.09446099999999999,24.701167,0.014584,0.112299,0.427789,0.450948,0.1216,0.293762,2.792924,0.05581,True,H_nonSOE,0.08945401152036485,0.09446099999999999,-0.005006988479635141,-324464100.77371174,0.0,0,1,HHI_lag,
688187.SH,时代电气,CSI,中央国有企业,工业,电气设备,工业--电气设备--电气设备Ⅲ--电气部件与设备,2025,,,,,,,,,,72084237098.0,,0.057194,4096540421.0,26238709.0,target_year,,,,,,,,,,SOE_target,0.06713,0.09752000000000001,24.894606,0.018398,0.107313,0.421446,0.427513,0.168321,0.309246,2.479153,0.053247,True,H_nonSOE,0.09179009190098475,0.09752000000000001,-0.00572990809901526,-413036053.95916647,0.0,0,1,HHI_lag,
688396.SH,华润微,CSI,中央国有企业,信息技术,半导体,信息技术--半导体--半导体产品--集成电路,2020,,,,,,,,,,16532495767.0,,0.051034764,963661634.4,-119929609.6,target_year,,,,,,,,,,SOE_target,0.08154299999999999,0.12041299999999999,23.03533458,0.08050321,0.169245785,0.565193741,0.308438292,0.426422857,0.366949986,2.573627749,0.060653362,True,H_nonSOE,0.05231787844011075,0.12041299999999999,-0.06809512155988924,-1125782308.9422193,0.0,1,0,,
688396.SH,华润微,CSI,中央国有企业,信息技术,半导体,信息技术--半导体--半导体产品--集成电路,2021,,,,,,,,,,22191209564.0,,0.095861013,2267920400.0,-140648576.5,target_year,,,,,,,,,,SOE_target,0.121587,0.162735,23.52859372,0.076520316,0.155238897,0.518895343,0.476678499,0.288458562,0.286207979,3.597830673,0.034637275,True,H_nonSOE,0.06439110016190912,0.162735,-0.09834389983809087,-2182370090.6481004,0.0,1,0,,
688396.SH,华润微,CSI,中央国有企业,信息技术,半导体,信息技术--半导体--半导体产品--集成电路,2022,,,,,,,,,,26457799587.0,,0.087533745,2617079980.0,-301129708.7,target_year,,,,,,,,,,SOE_target,0.10905300000000001,0.140437,23.82296208,0.074435868,0.127200785,0.473296709,0.467761071,0.225283176,0.211380859,3.407609318,0.057039825,True,H_nonSOE,0.08024596141657649,0.140437,-0.06019103858342352,-1592522435.773604,0.0,0,1,HHI_lag,
688396.SH,华润微,CSI,中央国有企业,信息技术,半导体,信息技术--半导体--半导体产品--集成电路,2023,,,,,,,,,,29215259820.18,,0.042254,1479265748.53,-244794478.16,target_year,,,,,,,,,,SOE_target,0.060594999999999996,0.071223,23.998817,0.071578,0.113252,0.409656,0.460362,0.239196,0.217785,3.725747,0.080692,True,H_nonSOE,0.060007156697023945,0.071223,-0.01121584330297605,-327673776.19887114,0.0,0,1,HHI_lag,
688396.SH,华润微,CSI,中央国有企业,信息技术,半导体,信息技术--半导体--半导体产品--集成电路,2024,,,,,,,,,,29106829546.42,,0.021943,762459866.87,-123759891.25,target_year,,,,,,,,,,SOE_target,0.023006000000000002,0.034765000000000004,24.097957,0.068644,0.109637,0.35265,0.405247,0.250068,0.191161,3.774064,0.178145,True,H_nonSOE,0.032073283258122115,0.034765000000000004,-0.0026917167418778892,-78347340.39308472,0.0,0,1,HHI_lag,
688396.SH,华润微,CSI,中央国有企业,信息技术,半导体,信息技术--半导体--半导体产品--集成电路,2025,,,,,,,,,,30589736143.75,,0.016086,660543164.52,-168487952.9,target_year,,,,,,,,,,SOE_target,0.018557,0.029171999999999997,24.094239,0.056819,0.111057,0.344124,0.316661,0.278279,0.165283,3.230072,0.053891,True,H_nonSOE,0.08105972781187483,0.029171999999999997,0.05188772781187483,1587231902.8639696,1587231902.8639696,0,1,HHI_lag,
000338.SZ,潍柴动力,CSI,地方国有企业,工业,机械,工业--机械--机械Ⅲ--建筑机械与重型卡车,2019,,,,,,,,,,236832000000.0,,0.043652595,9104955354.0,1233361936.0,target_year,,,,,,,,,,SOE_target,0.065675,0.21540600000000001,26.04762303,0.282812533,0.247583643,0.806533158,0.094937857,0.157359438,0.696704841,1.219918367,0.017944605,True,CSI_nonSOE,0.1254402778908156,0.21540600000000001,-0.08996572210918441,-21306761898.562363,0.0,1,0,,
000338.SZ,潍柴动力,CSI,地方国有企业,工业,机械,工业--机械--机械Ⅲ--建筑机械与重型卡车,2020,,,,,,,,,,270750000000.0,,0.03821291,9207129174.0,1139022760.0,target_year,,,,,,,,,,SOE_target,0.049421999999999994,0.190967,26.19061549,0.268327209,0.225950341,0.788770512,0.085749984,0.133965754,0.705382629,1.191810837,0.022775325,True,CSI_nonSOE,0.12263082146870885,0.190967,-0.06833617853129115,-18502020337.347076,0.0,1,0,,
000338.SZ,潍柴动力,CSI,地方国有企业,工业,机械,工业--机械--机械Ⅲ--建筑机械与重型卡车,2021,,,,,,,,,,277044000000.0,,0.037294307,9254488226.0,1077691525.0,target_year,,,,,,,,,,SOE_target,0.048954000000000004,0.151577,26.32446235,0.25835455,0.195497669,0.778164528,0.106379349,0.135804241,0.70292418,1.232815663,0.021294992,True,CSI_nonSOE,0.12390366819466846,0.151577,-0.027673331805331533,-7666730536.67627,0.0,1,0,,
000338.SZ,潍柴动力,CSI,地方国有企业,工业,机械,工业--机械--机械Ⅲ--建筑机械与重型卡车,2022,,,,,,,,,,293666000000.0,,0.021474462,4905013042.0,1401308298.0,target_year,,,,,,,,,,SOE_target,0.017967999999999998,0.068082,26.34744371,0.254850756,0.187780789,0.743153385,0.163353204,0.141573837,0.628356843,1.392227376,0.021697149,True,CSI_nonSOE,0.12611451382908445,0.068082,0.05803251382908445,17042176206.131914,17042176206.131914,1,0,,
000338.SZ,潍柴动力,CSI,地方国有企业,工业,机械,工业--机械--机械Ⅲ--建筑机械与重型卡车,2023,,,,,,,,,,334247213024.91,,0.037006,9013894024.19,3355408336.47,target_year,,,,,,,,,,SOE_target,0.0436,0.1182,26.405709,0.236485,0.187488,0.613823,0.165976,0.156214,0.645479,1.407052,0.022594,True,CSI_nonSOE,0.11377812767881798,0.1182,-0.004421872321182019,-1477998499.7070794,0.0,1,0,,
000338.SZ,潍柴动力,CSI,地方国有企业,工业,机械,工业--机械--机械Ⅲ--建筑机械与重型卡车,2024,,,,,,,,,,343879412547.54,,0.044369,11403288984.59,3854441561.78,target_year,,,,,,,,,,SOE_target,0.051303999999999995,0.137363,26.535147,0.262731,0.188674,0.681491,0.154706,0.154158,0.662867,1.353656,0.02154,True,CSI_nonSOE,0.12137804724171093,0.137363,-0.01598495275828908,-5496896164.120628,0.0,1,0,,
000338.SZ,潍柴动力,CSI,地方国有企业,工业,机械,工业--机械--机械Ⅲ--建筑机械与重型卡车,2025,,,,,,,,,,367475596673.66,,0.039619,10930504451.02,3628593475.52,target_year,,,,,,,,,,SOE_target,0.045776000000000004,0.121527,26.563557,0.255562,0.187309,0.636136,0.086979,0.156461,0.645345,1.193169,0.021402,True,CSI_nonSOE,0.11197765816217257,0.121527,-0.009549341837827421,-3509150089.6963763,0.0,1,0,,
000408.SZ,藏格矿业,CSI,地方国有企业,材料,化工,材料--化工--农用化工--化肥与农用药剂,2019,,,,,,,,,,9643558999.0,,0.028576293,308259358.9,-32682195.98,target_year,,,,,,,,,,SOE_target,0.042816,0.040185000000000005,22.96242767,0.009303695,0.192081294,0.288100092,0.251399299,0.47683991,0.207795813,2.229038205,0.030171161,True,CSI_nonSOE,0.18575381775656458,0.040185000000000005,0.14556881775656458,1403801482.4501092,1403801482.4501092,1,0,,
000408.SZ,藏格矿业,CSI,地方国有企业,材料,化工,材料--化工--农用化工--化肥与农用药剂,2020,,,,,,,,,,8677638571.0,,0.02458924,228887517.0,-15510979.86,target_year,,,,,,,,,,SOE_target,0.033561,0.028929999999999997,22.98955607,0.006921733,0.180537484,0.196181882,0.103305111,0.403406845,0.18011321,1.583993588,0.011820166,True,CSI_nonSOE,0.16724284721187135,0.028929999999999997,0.13831284721187137,1200228897.8305647,1200228897.8305647,1,0,,
000408.SZ,藏格矿业,CSI,地方国有企业,材料,化工,材料--化工--农用化工--化肥与农用药剂,2021,,,,,,,,,,10624520306.0,,0.133385912,1427339931.0,-10178605.37,target_year,,,,,,,,,,SOE_target,0.17562,0.164337,22.88401527,0.005915643,0.203999831,0.192045977,0.179732617,0.415528525,0.087639638,3.123556858,0.009274747,True,CSI_nonSOE,0.16815058616777484,0.164337,0.0038135861677748295,40517523.6782044,40517523.6782044,1,0,,
000408.SZ,藏格矿业,CSI,地方国有企业,材料,化工,材料--化工--农用化工--化肥与农用药剂,2022,,,,,,,,,,13536459913.0,,0.415613537,5654872861.0,-28936882.64,target_year,,,,,,,,,,SOE_target,0.5457569999999999,0.524145,23.0864304,0.006422482,0.197245037,0.352733449,0.144177782,0.304820178,0.110191234,2.373728083,0.005833331,True,CSI_nonSOE,0.17294348496096182,0.524145,-0.3512015150390382,-4754025229.710807,0.0,1,0,,
000408.SZ,藏格矿业,CSI,地方国有企业,材料,化工,材料--化工--农用化工--化肥与农用药剂,2023,,,,,,,,,,14091584562.19,,0.241369,3419880869.14,-18613040.56,target_year,,,,,,,,,,SOE_target,0.279883,0.271619,23.328653,0.010818,0.212868,0.647059,0.261908,0.230172,0.104367,3.56622,0.009877,True,CSI_nonSOE,0.19038068399797234,0.271619,-0.08123831600202766,-1144776599.6324859,0.0,1,0,,
000408.SZ,藏格矿业,CSI,地方国有企业,材料,化工,材料--化工--农用化工--化肥与农用药剂,2024,,,,,,,,,,15083281912.76,,0.171245,2579985938.8,2947153.55,target_year,,,,,,,,,,SOE_target,0.18587800000000002,0.191658,23.368844,0.006021,0.215825,0.357037,0.156713,0.208682,0.073898,3.360255,0.022977,True,CSI_nonSOE,0.15706199726766204,0.191658,-0.034596002732337955,-521821262.26646864,0.0,1,0,,
000408.SZ,藏格矿业,CSI,地方国有企业,材料,化工,材料--化工--农用化工--化肥与农用药剂,2025,,,,,,,,,,17692154203.25,,0.2181,3852353240.98,6312248.81,target_year,,,,,,,,,,SOE_target,0.247846,0.255897,23.436853,0.003488,0.213171,0.19862,0.083802,0.174457,0.081966,2.536757,0.009784,True,CSI_nonSOE,0.1395680472448756,0.255897,-0.11632895275512439,-2058109770.4462447,0.0,1,0,,
000425.SZ,徐工机械,CSI,地方国有企业,工业,机械,工业--机械--机械Ⅲ--建筑机械与重型卡车,2019,,,,,,,,,,77291657089.0,,0.051322633,3620572465.0,346238850.7,target_year,,,,,,,,,,SOE_target,0.05873300000000001,0.114355,24.83822776,0.078480399,0.247583643,0.796135572,0.30446409,0.129199699,0.504643767,1.690507246,0.029202569,True,CSI_nonSOE,0.15775682594307694,0.114355,0.04340182594307694,3354599047.828767,3354599047.828767,1,0,,
000425.SZ,徐工机械,CSI,地方国有企业,工业,机械,工业--机械--机械Ⅲ--建筑机械与重型卡车,2020,,,,,,,,,,91797176722.0,,0.049729124,3728859646.0,836133538.3,target_year,,,,,,,,,,SOE_target,0.060702,0.11150700000000001,25.07085186,0.090656285,0.225950341,0.850417672,0.304295183,0.108165675,0.564685381,1.637343394,0.030445106,True,CSI_nonSOE,0.15630957277440224,0.11150700000000001,0.044802572774402236,4112749690.5720677,4112749690.5720677,1,0,,
000425.SZ,徐工机械,CSI,地方国有企业,工业,机械,工业--机械--机械Ⅲ--建筑机械与重型卡车,2021,,,,,,,,,,110029000000.0,,0.056573361,5614606146.0,610110237.7,target_year,,,,,,,,,,SOE_target,0.059959,0.160106,25.24284738,0.096405963,0.195497669,0.871666513,0.21018586,0.097334006,0.627759186,1.379569973,0.022362833,True,CSI_nonSOE,0.14642634146630512,0.160106,-0.013679658533694877,-1505159148.8039136,0.0,1,0,,
000425.SZ,徐工机械,CSI,地方国有企业,工业,机械,工业--机械--机械Ⅲ--建筑机械与重型卡车,2022,,,,,,,,,,175086000000.0,,0.023397377,4307097070.0,-210553267.2,target_year,,,,,,,,,,SOE_target,0.033686,0.096036,25.42401078,0.105236552,0.187780789,0.832912081,0.200299799,0.087174384,0.662187887,1.349125606,0.029744056,True,CSI_nonSOE,0.1377729664469688,0.096036,0.041736966446968796,7307558507.333979,7307558507.333979,1,0,,
000425.SZ,徐工机械,CSI,地方国有企业,工业,机械,工业--机械--机械Ⅲ--建筑机械与重型卡车,2023,,,,,,,,,,161994607612.63,,0.037362,5326470288.96,726008158.72,target_year,,,,,,,,,,SOE_target,0.037995,0.097377,25.888541,0.126116,0.187488,0.655251,0.186019,0.124798,0.687841,1.337335,0.045609,True,CSI_nonSOE,0.10997408665740316,0.097377,0.012597086657403153,2040660110.1283207,2040660110.1283207,1,0,,
000425.SZ,徐工机械,CSI,地方国有企业,工业,机械,工业--机械--机械Ⅲ--建筑机械与重型卡车,2024,,,,,,,,,,160969811609.42,,0.049144,5976118332.51,1934545872.81,target_year,,,,,,,,,,SOE_target,0.052740999999999996,0.10352399999999999,25.810829,0.113471,0.188674,0.548277,0.152436,0.157001,0.64513,1.285921,0.036833,True,CSI_nonSOE,0.10019363160123256,0.10352399999999999,-0.003330368398767436,-536088773.73955995,0.0,1,0,,
000425.SZ,徐工机械,CSI,地方国有企业,工业,机械,工业--机械--机械Ⅲ--建筑机械与重型卡车,2025,,,,,,,,,,172078712755.41,,0.042356,6572221644.27,716429463.03,target_year,,,,,,,,,,SOE_target,0.047889,0.109748,25.804483,0.108112,0.187309,0.565044,0.175762,0.164311,0.624391,1.354563,0.018254,True,CSI_nonSOE,0.10229207851979913,0.109748,-0.007455921480200869,-1283005370.7183769,0.0,1,0,,
000568.SZ,泸州老窖,CSI,地方国有企业,日常消费,食品饮料,日常消费--食品饮料--饮料--白酒与葡萄酒,2019,,,,,,,,,,28919969078.0,,0.165338765,4641988857.0,139603113.8,target_year,,,,,,,,,,SOE_target,0.228967,0.25525400000000004,23.84143384,0.017142738,0.118716357,0.540578094,0.44587553,0.178256904,0.242456715,2.861142238,0.064962944,True,CSI_nonSOE,0.19326424198276343,0.25525400000000004,-0.06198975801723661,-1792741885.0111852,0.0,1,0,,
000568.SZ,泸州老窖,CSI,地方国有企业,日常消费,食品饮料,日常消费--食品饮料--饮料--白酒与葡萄酒,2020,,,,,,,,,,35009203823.0,,0.167763823,6005723069.0,-132445202.7,target_year,,,,,,,,,,SOE_target,0.248369,0.282744,24.08779817,0.018063993,0.109737598,0.537257752,0.329414591,0.303398139,0.323832921,2.403646532,0.159240357,True,CSI_nonSOE,0.1829818650003735,0.282744,-0.0997621349996265,-3492592918.019566,0.0,1,0,,
000568.SZ,泸州老窖,CSI,地方国有企业,日常消费,食品饮料,日常消费--食品饮料--饮料--白酒与葡萄酒,2021,,,,,,,,,,43211782006.0,,0.179086999,7955554352.0,-216885999.2,target_year,,,,,,,,,,SOE_target,0.269773,0.31128,24.27887683,0.015909988,0.106852675,0.45141465,0.346826668,0.254154299,0.337834988,2.56721691,0.061238482,True,CSI_nonSOE,0.1644587478468587,0.31128,-0.1468212521531413,-6344407941.8895,0.0,1,0,,
000568.SZ,泸州老窖,CSI,地方国有企业,日常消费,食品饮料,日常消费--食品饮料--饮料--白酒与葡萄酒,2022,,,,,,,,,,51385481355.0,,0.196145022,10365383282.0,-286376927.5,target_year,,,,,,,,,,SOE_target,0.292921,0.33303400000000005,24.48937903,0.017126059,0.106913309,0.454541962,0.36166986,0.216331324,0.3488521,2.42764762,0.04580695,True,CSI_nonSOE,0.15837723868619052,0.33303400000000005,-0.17465676131380953,-8974821752.015446,0.0,1,0,,
000568.SZ,泸州老窖,CSI,地方国有企业,日常消费,食品饮料,日常消费--食品饮料--饮料--白酒与葡萄酒,2023,,,,,,,,,,63294455201.6,,0.203418,13246394700.59,-371152206.41,target_year,,,,,,,,,,SOE_target,0.310533,0.350437,24.662622,0.017707,0.105461,0.456665,0.445643,0.188035,0.331936,3.149763,0.020145,True,CSI_nonSOE,0.15455614936369944,0.350437,-0.19588085063630056,-12398171725.450626,0.0,1,0,,
000568.SZ,泸州老窖,CSI,地方国有企业,日常消费,食品饮料,日常消费--食品饮料--饮料--白酒与葡萄酒,2024,,,,,,,,,,68334595564.58,,0.190013,13472986476.01,-488521059.32,target_year,,,,,,,,,,SOE_target,0.269193,0.303514,24.871064,0.020627,0.100594,0.455183,0.557514,0.163232,0.343833,4.503939,0.023724,True,CSI_nonSOE,0.14968027222800143,0.303514,-0.15383372777199858,-10512165571.491222,0.0,1,0,,
000568.SZ,泸州老窖,CSI,地方国有企业,日常消费,食品饮料,日常消费--食品饮料--饮料--白酒与葡萄酒,2025,,,,,,,,,,64794994851.27,,0.159252,10830713936.14,-511995793.73,target_year,,,,,,,,,,SOE_target,0.212454,0.222926,24.947682,0.020702,0.097008,0.401773,0.535297,0.145444,0.304774,3.562096,0.01739,True,CSI_nonSOE,0.14634396218446746,0.222926,-0.07658203781553255,-4962132745.957195,0.0,1,0,,
000596.SZ,古井贡酒,CSI,地方国有企业,日常消费,食品饮料,日常消费--食品饮料--饮料--白酒与葡萄酒,2019,,,,,,,,,,13871297363.0,,0.1536396,2097527740.0,33652843.25,target_year,,,,,,,,,,SOE_target,0.210201,0.253537,23.24978844,0.011090336,0.118716357,0.65369115,0.377977266,0.148466803,0.358129813,2.099445101,0.024566017,True,CSI_nonSOE,0.2168406984814897,0.253537,-0.036696301518510305,-509025310.4855649,0.0,1,0,,
000596.SZ,古井贡酒,CSI,地方国有企业,日常消费,食品饮料,日常消费--食品饮料--饮料--白酒与葡萄酒,2020,,,,,,,,,,15186625709.0,,0.104943641,1854576249.0,-260836456.1,target_year,,,,,,,,,,SOE_target,0.170269,0.195348,23.3530876,0.011516279,0.109737598,0.668964823,0.452659503,0.137446251,0.32002361,2.478278192,0.029725347,True,CSI_nonSOE,0.22001985881810135,0.195348,0.024671858818101355,374682285.4157964,374682285.4157964,1,0,,
000596.SZ,古井贡酒,CSI,地方国有企业,日常消费,食品饮料,日常消费--食品饮料--饮料--白酒与葡萄酒,2021,,,,,,,,,,25418086448.0,,0.08237594,2297894413.0,-204055657.1,target_year,,,,,,,,,,SOE_target,0.156203,0.1729,23.44368099,0.009556143,0.106852675,0.596517194,0.463047649,0.13676234,0.311970217,2.566970606,0.03698101,True,CSI_nonSOE,0.21185002696440508,0.1729,0.03895002696440508,990035152.5331794,990035152.5331794,1,0,,
000596.SZ,古井贡酒,CSI,地方国有企业,日常消费,食品饮料,日常消费--食品饮料--饮料--白酒与葡萄酒,2022,,,,,,,,,,29789822299.0,,0.098249854,3143144732.0,-216299053.1,target_year,,,,,,,,,,SOE_target,0.161951,0.17931,23.95872682,0.010826289,0.106913309,0.553532359,0.496127525,0.119922437,0.321236832,2.642086497,0.022745779,True,CSI_nonSOE,0.19237183336681024,0.17931,0.013061833366810244,389109694.896426,389109694.896426,1,0,,
000596.SZ,古井贡酒,CSI,地方国有企业,日常消费,食品饮料,日常消费--食品饮料--饮料--白酒与葡萄酒,2023,,,,,,,,,,35420907274.99,,0.12498,4589164052.8,-162244024.88,target_year,,,,,,,,,,SOE_target,0.194206,0.229194,24.117433,0.011386,0.105461,0.503159,0.413555,0.17444,0.351025,2.230925,0.053046,True,CSI_nonSOE,0.17999725359129043,0.229194,-0.04919674640870958,-1742593392.774099,0.0,1,0,,
000596.SZ,古井贡酒,CSI,地方国有企业,日常消费,食品饮料,日常消费--食品饮料--饮料--白酒与葡萄酒,2024,,,,,,,,,,40522413702.09,,0.127545,5517251073.1,-348824206.45,target_year,,,,,,,,,,SOE_target,0.196114,0.238933,24.290568,0.013596,0.100594,0.527626,0.369823,0.211931,0.367202,2.055674,0.067221,True,CSI_nonSOE,0.17473227389340165,0.238933,-0.06420072610659835,-2601568383.266148,0.0,1,0,,
000596.SZ,古井贡酒,CSI,地方国有企业,日常消费,食品饮料,日常消费--食品饮料--饮料--白酒与葡萄酒,2025,,,,,,,,,,38197033001.78,,0.07919,3549108530.34,-524281825.11,target_year,,,,,,,,,,SOE_target,0.11585100000000001,0.14279999999999998,24.425121,0.015531,0.097008,0.522432,0.357908,0.220514,0.365936,2.013605,0.059903,True,CSI_nonSOE,0.16909180170169502,0.14279999999999998,0.02629180170169504,1004268817.275901,1004268817.275901,1,0,,
000625.SZ,长安汽车,CSI,中央国有企业,可选消费,汽车与零配件,可选消费--汽车与零配件--汽车--汽车制造,2019,,,,,,,,,,97617053590.0,,-0.0267024,-2646719357.0,40109729.93,target_year,,,,,,,,,,SOE_target,-0.025617,-0.058638,25.26110806,0.042976766,0.376606004,0.641161065,0.000570269,0.294632963,0.506327012,1.001235261,0.069402175,True,CSI_nonSOE,0.08906369790871985,-0.058638,0.14770169790871984,14418204560.089497,14418204560.089497,1,0,,
000625.SZ,长安汽车,CSI,中央国有企业,可选消费,汽车与零配件,可选消费--汽车与零配件--汽车--汽车制造,2020,,,,,,,,,,120916000000.0,,0.025753678,3324251164.0,-210224449.6,target_year,,,,,,,,,,SOE_target,0.021840000000000002,0.068233,25.30431804,0.048553106,0.369422071,0.712769049,0.003824706,0.293691446,0.54993447,1.007583405,0.049004987,True,CSI_nonSOE,0.0932590801235903,0.068233,0.025026080123590297,3026053504.2240443,3026053504.2240443,1,0,,
000625.SZ,长安汽车,CSI,中央国有企业,可选消费,汽车与零配件,可选消费--汽车与零配件--汽车--汽车制造,2021,,,,,,,,,,135405000000.0,,0.020468578,3552463320.0,-780923197.2,target_year,,,,,,,,,,SOE_target,0.023718,0.065097,25.51836032,0.060899463,0.324255792,0.744393964,0.085155696,0.227305221,0.557706229,1.164501984,0.02448023,True,CSI_nonSOE,0.0966853319221724,0.065097,0.03158833192217239,4277218083.9217525,4277218083.9217525,1,0,,
000625.SZ,长安汽车,CSI,中央国有企业,可选消费,汽车与零配件,可选消费--汽车与零配件--汽车--汽车制造,2022,,,,,,,,,,146049000000.0,,0.046430759,7798451094.0,-1017305743.0,target_year,,,,,,,,,,SOE_target,0.047546,0.131518,25.63153334,0.066552035,0.289774151,0.789398213,0.111028195,0.168281819,0.587412612,1.197534901,0.014842728,True,CSI_nonSOE,0.09957698326839141,0.131518,-0.03194101673160858,-4664953552.634702,0.0,1,0,,
000625.SZ,长安汽车,CSI,中央国有企业,可选消费,汽车与零配件,可选消费--汽车与零配件--汽车--汽车制造,2023,,,,,,,,,,190171127138.27,,0.054846,11327463013.15,-897343739.8,target_year,,,,,,,,,,SOE_target,0.057652,0.168174,25.707205,0.065149,0.236564,0.832473,0.151505,0.141971,0.568987,1.276767,0.00962,True,CSI_nonSOE,0.10608052979713502,0.168174,-0.06209347020286497,-11808385216.405415,0.0,1,0,,
000625.SZ,长安汽车,CSI,中央国有企业,可选消费,汽车与零配件,可选消费--汽车与零配件--汽车--汽车制造,2024,,,,,,,,,,208168160960.86,,0.030682,7321363897.24,-934377313.05,target_year,,,,,,,,,,SOE_target,0.029237000000000003,0.098651,25.97119,0.069643,0.222276,0.871688,0.145635,0.115204,0.607284,1.268265,0.01485,True,CSI_nonSOE,0.10045629915176817,0.098651,0.0018052991517681638,375805804.4077791,375805804.4077791,1,0,,
000625.SZ,长安汽车,CSI,中央国有企业,可选消费,汽车与零配件,可选消费--汽车与零配件--汽车--汽车制造,2025,,,,,,,,,,202961073175.76,,0.008243,4075223181.54,-2402254178.2,target_year,,,,,,,,,,SOE_target,0.007078999999999999,0.052954999999999995,26.061612,0.066776,0.204324,0.780152,0.110542,0.112265,0.620112,1.202997,0.023385,True,CSI_nonSOE,0.09028765641980287,0.052954999999999995,0.03733265641980287,7577076011.465117,7577076011.465117,1,0,,
000630.SZ,铜陵有色,CSI,地方国有企业,材料,有色金属,材料--有色金属--其他金属与采矿--铜,2019,,,,,,,,,,47911462040.0,,0.034936129,830519538.9,843321498.5,target_year,,,,,,,,,,SOE_target,0.044438000000000005,0.045825,24.57311927,0.107375707,0.167062795,1.778891139,0.047947434,0.423232636,0.585335866,1.105669994,0.039954446,True,CSI_nonSOE,0.22606218686432697,0.045825,0.18023718686432696,8635427136.646587,8635427136.646587,1,0,,
000630.SZ,铜陵有色,CSI,地方国有企业,材料,有色金属,材料--有色金属--其他金属与采矿--铜,2020,,,,,,,,,,52183190515.0,,0.0300009,865617570.2,699925112.8,target_year,,,,,,,,,,SOE_target,0.040757,0.046484,24.5926206,0.100133945,0.15478921,1.952838717,0.040641048,0.064143716,0.582373514,1.089014302,0.048908307,True,CSI_nonSOE,0.2197766585668677,0.046484,0.1732926585668677,9042963816.845705,9042963816.845705,1,0,,
000630.SZ,铜陵有色,CSI,地方国有企业,材料,有色金属,材料--有色金属--其他金属与采矿--铜,2021,,,,,,,,,,50840423322.0,,0.073934839,3101437394.0,657441101.1,target_year,,,,,,,,,,SOE_target,0.087515,0.152663,24.67802626,0.089422838,0.159708925,1.980398677,0.062694728,0.395146684,0.604078218,1.133379498,0.029110604,True,CSI_nonSOE,0.2207484301254829,0.152663,0.0680854301254829,3461492089.6400023,3461492089.6400023,1,0,,
000630.SZ,铜陵有色,CSI,地方国有企业,材料,有色金属,材料--有色金属--其他金属与采矿--铜,2022,,,,,,,,,,61435721001.0,,0.048847359,2730365503.0,270607202.3,target_year,,,,,,,,,,SOE_target,0.071308,0.116014,24.65195761,0.087482568,0.168216562,2.535307153,0.122679783,0.331032316,0.539754531,1.271506553,0.028018459,True,CSI_nonSOE,0.2251195981383846,0.116014,0.10910559813838461,6702981086.877022,6702981086.877022,1,0,,
000630.SZ,铜陵有色,CSI,地方国有企业,材料,有色金属,材料--有色金属--其他金属与采矿--铜,2023,,,,,,,,,,78245124732.45,,0.044503,2699176213.13,782997513.28,target_year,,,,,,,,,,SOE_target,0.07719999999999999,0.09441000000000001,24.841257,0.070913,0.153058,2.163998,0.238003,0.307224,0.511933,1.604722,0.022351,True,CSI_nonSOE,0.22553752158249868,0.09441000000000001,0.13112752158249869,10260089282.07964,10260089282.07964,1,0,,
000630.SZ,铜陵有色,CSI,地方国有企业,材料,有色金属,材料--有色金属--其他金属与采矿--铜,2024,,,,,,,,,,80944491696.95,,0.041541,2808595667.89,553908195.56,target_year,,,,,,,,,,SOE_target,0.076154,0.08549,25.083112,0.078795,0.159476,1.954958,0.220046,0.360623,0.495217,1.716717,0.035157,True,CSI_nonSOE,0.21709977376600334,0.08549,0.13160977376600336,10653086239.839725,10653086239.839725,1,0,,
000630.SZ,铜陵有色,CSI,地方国有企业,材料,有色金属,材料--有色金属--其他金属与采矿--铜,2025,,,,,,,,,,100206269994.18,,0.026554,2415007111.01,245854206.4,target_year,,,,,,,,,,SOE_target,0.082262,0.068151,25.117029,0.0806,0.15747,1.812794,0.223788,0.367705,0.477954,1.762476,0.053808,True,CSI_nonSOE,0.21749932552633733,0.068151,0.1493483255263373,14965638630.87084,14965638630.87084,1,0,,
000661.SZ,长春高新,CSI,地方国有企业,医疗保健,医药生物,医疗保健--医药生物--生物科技Ⅲ--生物科技Ⅳ,2019,,,,,,,,,,12721347980.0,,0.140094925,1775009197.0,7187092.75,target_year,,,,,,,,,,SOE_target,0.25021,0.265335,22.96536241,0.01666701,0.277672488,0.629372512,0.384823425,0.183556495,0.327952407,2.243198051,0.072832591,True,CSI_nonSOE,0.19204435637320325,0.265335,-0.07329064362679674,-932355781.2546506,0.0,1,0,,
000661.SZ,长春高新,CSI,地方国有企业,医疗保健,医药生物,医疗保健--医药生物--生物科技Ⅲ--生物科技Ⅳ,2020,,,,,,,,,,16844623212.0,,0.177002842,3046586145.0,-65039965.52,target_year,,,,,,,,,,SOE_target,0.264716,0.320434,23.26654736,0.019412895,0.276190471,0.652028363,0.434200445,0.186278313,0.307653964,2.717054693,0.066412897,True,CSI_nonSOE,0.1855027202880323,0.320434,-0.1349312797119677,-2272866566.2610755,0.0,1,0,,
000661.SZ,长春高新,CSI,地方国有企业,医疗保健,医药生物,医疗保健--医药生物--生物科技Ⅲ--生物科技Ⅳ,2021,,,,,,,,,,22515769521.0,,0.168378138,3757472953.0,33690395.89,target_year,,,,,,,,,,SOE_target,0.229995,0.294649,23.54729735,0.021158132,0.256105921,0.572269824,0.452061369,0.161954607,0.268417314,3.196037951,0.065130959,True,CSI_nonSOE,0.16953754737154791,0.294649,-0.12511145262845208,-2816980631.8197365,0.0,1,0,,
000661.SZ,长春高新,CSI,地方国有企业,医疗保健,医药生物,医疗保健--医药生物--生物科技Ⅲ--生物科技Ⅳ,2022,,,,,,,,,,26027589000.0,,0.160762835,4140524000.0,43745000.0,target_year,,,,,,,,,,SOE_target,0.19917300000000002,0.253845,23.83748177,0.022164402,0.230275265,0.539222704,0.455923984,0.189456247,0.234455712,3.719092909,0.099033871,True,CSI_nonSOE,0.15812106876162066,0.253845,-0.09572393123837933,-2491463139.7367983,0.0,1,0,,
000661.SZ,长春高新,CSI,地方国有企业,医疗保健,医药生物,医疗保健--医药生物--生物科技Ⅲ--生物科技Ⅳ,2023,,,,,,,,,,30743650000.0,,0.148622,4532484000.0,36691000.0,target_year,,,,,,,,,,SOE_target,0.190234,0.22592600000000002,23.982423,0.023321,0.212266,0.520244,0.441385,0.215704,0.200643,4.014785,0.080347,True,CSI_nonSOE,0.14953122803576238,0.22592600000000002,-0.07639477196423763,-2348654131.0983343,0.0,1,0,,
000661.SZ,长春高新,CSI,地方国有企业,医疗保健,医药生物,医疗保健--医药生物--生物科技Ⅲ--生物科技Ⅳ,2024,,,,,,,,,,31051118000.0,,0.084386,2583059000.0,37225000.0,target_year,,,,,,,,,,SOE_target,0.098578,0.11461299999999999,24.148949,0.024278,0.216978,0.513149,0.434749,0.220367,0.185775,3.785057,0.068203,True,CSI_nonSOE,0.14347211715457467,0.11461299999999999,0.028859117154574676,896107852.1425225,896107852.1425225,1,0,,
000661.SZ,长春高新,CSI,地方国有企业,医疗保健,医药生物,医疗保健--医药生物--生物科技Ⅲ--生物科技Ⅳ,2025,,,,,,,,,,30080522676.54,,0.005032,154971452.8,-3597720.1,target_year,,,,,,,,,,SOE_target,-0.000103,0.006886,24.158901,0.022221,0.230555,0.435818,0.413877,0.296122,0.159372,4.758913,0.070244,True,CSI_nonSOE,0.12972920854926828,0.006886,0.12284320854926828,3695187920.425197,3695187920.425197,1,0,,
000708.SZ,中信特钢,CSI,中央国有企业,材料,钢铁Ⅱ,材料--钢铁Ⅱ--钢铁Ⅲ--钢铁Ⅳ,2019,,,,,,,,,,72585012817.0,,0.083513444,5386471751.0,675352668.3,target_year,,,,,,,,,,SOE_target,0.176222,0.363352,22.76161251,0.032712966,0.659924097,1.755051415,0.268473152,0.301352839,0.426450625,1.656608326,0.006238616,True,CSI_nonSOE,0.2811303242791514,0.363352,-0.0822216757208486,-5968061386.033013,0.0,0,1,HHI_lag,
000708.SZ,中信特钢,CSI,中央国有企业,材料,钢铁Ⅱ,材料--钢铁Ⅱ--钢铁Ⅲ--钢铁Ⅳ,2020,,,,,,,,,,77440955872.0,,0.081567321,6024490435.0,292160864.1,target_year,,,,,,,,,,SOE_target,0.100046,0.224814,25.0080243,0.169549802,0.517023931,1.795776839,-0.115890571,0.502585806,0.651765819,0.777849873,0.033710624,True,CSI_nonSOE,0.19301193383490747,0.224814,-0.03180206616509254,-2462782402.5293555,0.0,1,0,,
000708.SZ,中信特钢,CSI,中央国有企业,材料,钢铁Ⅱ,材料--钢铁Ⅱ--钢铁Ⅲ--钢铁Ⅳ,2021,,,,,,,,,,84876296225.0,,0.099292685,7952600073.0,474995237.4,target_year,,,,,,,,,,SOE_target,0.117103,0.260083,25.07278162,0.17881253,0.51422962,0.990041735,-0.075179664,0.500365298,0.633460502,0.845073368,0.040993194,True,CSI_nonSOE,0.1464094559710205,0.260083,-0.1136735440289795,-9648189395.949244,0.0,1,0,,
000708.SZ,中信特钢,CSI,中央国有企业,材料,钢铁Ⅱ,材料--钢铁Ⅱ--钢铁Ⅲ--钢铁Ⅳ,2022,,,,,,,,,,90774617316.0,,0.084181709,7105382184.0,536180238.7,target_year,,,,,,,,,,SOE_target,0.10000999999999999,0.205711,25.16446069,0.177590042,0.499605416,1.192303635,-0.066566956,0.509734388,0.611580087,0.854053661,0.029734147,True,CSI_nonSOE,0.15985854575796393,0.205711,-0.04585245424203607,-4162238986.8202252,0.0,1,0,,
000708.SZ,中信特钢,CSI,中央国有企业,材料,钢铁Ⅱ,材料--钢铁Ⅱ--钢铁Ⅲ--钢铁Ⅳ,2023,,,,,,,,,,116506605547.44,,0.05531,5721189483.5,722748724.28,target_year,,,,,,,,,,SOE_target,0.063282,0.152797,25.231646,0.182756,0.520062,1.113146,0.001558,0.489854,0.598595,1.00377,0.019696,True,CSI_nonSOE,0.1564345179385337,0.152797,0.003637517938533702,423794867.63648313,423794867.63648313,1,0,,
000708.SZ,中信特钢,CSI,中央国有企业,材料,钢铁Ⅱ,材料--钢铁Ⅱ--钢铁Ⅲ--钢铁Ⅳ,2024,,,,,,,,,,111043379345.44,,0.053478,5125627037.63,812782921.61,target_year,,,,,,,,,,SOE_target,0.052064000000000006,0.128882,25.481214,0.215568,0.490176,1.092959,0.014667,0.464756,0.642643,1.034493,0.017144,True,CSI_nonSOE,0.15031412665129712,0.128882,0.021432126651297123,2379895769.9195013,2379895769.9195013,1,0,,
000708.SZ,中信特钢,CSI,中央国有企业,材料,钢铁Ⅱ,材料--钢铁Ⅱ--钢铁Ⅲ--钢铁Ⅳ,2025,,,,,,,,,,110322568610.71,,0.060174,5928668055.97,709860550.13,target_year,,,,,,,,,,SOE_target,0.071372,0.140293,25.433187,0.218923,0.484294,0.954379,0.047169,0.470685,0.605304,1.124346,0.004975,True,CSI_nonSOE,0.14380826675596564,0.140293,0.0035152667559656403,387813257.86996734,387813257.86996734,1,0,,
000725.SZ,京东方A,CSI,地方国有企业,信息技术,硬件设备,信息技术--硬件设备--电子设备、仪器和元件--电子元件,2019,,,,,,,,,,340412000000.0,,0.013054115,1918643871.0,2525136209.0,target_year,,,,,,,,,,SOE_target,0.006793,0.02121,26.44038726,0.083290852,0.161142974,0.34395235,0.123225909,0.607117725,0.604124939,1.602046183,0.179327091,True,CSI_nonSOE,0.05686706923072225,0.02121,0.03565706923072225,12138094250.968624,12138094250.968624,1,0,,
000725.SZ,京东方A,CSI,地方国有企业,信息技术,硬件设备,信息技术--硬件设备--电子设备、仪器和元件--电子元件,2020,,,,,,,,,,424257000000.0,,0.018115872,5035627952.0,2650153972.0,target_year,,,,,,,,,,SOE_target,0.015936,0.050779,26.55342308,0.094918529,0.145048886,0.357514634,0.076584666,0.626190901,0.585626791,1.33262216,0.145164883,True,CSI_nonSOE,0.05648226491153961,0.050779,0.005703264911539614,2419650061.5750623,2419650061.5750623,1,0,,
000725.SZ,京东方A,CSI,地方国有企业,信息技术,硬件设备,信息技术--硬件设备--电子设备、仪器和元件--电子元件,2021,,,,,,,,,,450233000000.0,,0.068181899,25830935500.0,4866778333.0,target_year,,,,,,,,,,SOE_target,0.087905,0.209698,26.77360478,0.096274649,0.129289002,0.351717326,0.056631111,0.630378658,0.591290624,1.228909006,0.104218327,True,CSI_nonSOE,0.05386991961471892,0.209698,-0.15582808038528106,-70158944116.10625,0.0,1,0,,
000725.SZ,京东方A,CSI,地方国有企业,信息技术,硬件设备,信息技术--硬件设备--电子设备、仪器和元件--电子元件,2022,,,,,,,,,,420562000000.0,,0.026448149,7550877790.0,3572211438.0,target_year,,,,,,,,,,SOE_target,0.004916,0.054093999999999996,26.83303018,0.123686202,0.108896372,0.498314997,0.128549125,0.57579366,0.517185639,1.559942897,0.079225595,True,CSI_nonSOE,0.0733950473323166,0.054093999999999996,0.0193010473323166,8117287068.173734,8117287068.173734,1,0,,
000725.SZ,京东方A,CSI,地方国有企业,信息技术,硬件设备,信息技术--硬件设备--电子设备、仪器和元件--电子元件,2023,,,,,,,,,,419187099795.0,,0.008821,2547435360.0,1150310546.0,target_year,,,,,,,,,,SOE_target,0.004366,0.019188,26.764858,0.093694,0.117158,0.406843,0.134489,0.592952,0.519571,1.660217,0.069902,True,CSI_nonSOE,0.06167350338693976,0.019188,0.042485503386939766,17809374948.10193,17809374948.10193,1,0,,
000725.SZ,京东方A,CSI,地方国有企业,信息技术,硬件设备,信息技术--硬件设备--电子设备、仪器和元件--电子元件,2024,,,,,,,,,,429978221541.0,,0.015228,5323248974.0,1224387370.0,target_year,,,,,,,,,,SOE_target,0.014862,0.040579000000000004,26.761583,0.090613,0.108206,0.413005,0.126493,0.572636,0.528137,1.588068,0.059181,True,CSI_nonSOE,0.061111166156482724,0.040579000000000004,0.02053216615648272,8828384288.34875,8828384288.34875,1,0,,
000725.SZ,京东方A,CSI,地方国有企业,信息技术,硬件设备,信息技术--硬件设备--电子设备、仪器和元件--电子元件,2025,,,,,,,,,,436378322803.0,,0.017631,5856966754.0,1836646802.0,target_year,,,,,,,,,,SOE_target,0.020478999999999997,0.043803999999999996,26.787,0.087283,0.114376,0.464184,0.065413,0.546687,0.524287,1.244021,0.079162,True,CSI_nonSOE,0.0615953227789265,0.043803999999999996,0.017791322778926505,7763747594.714757,7763747594.714757,1,0,,
000768.SZ,中航西飞,CSI,中央国有企业,工业,国防军工,工业--国防军工--航空航天与国防Ⅲ--航空航天,2019,,,,,,,,,,48762673248.0,,0.012683797,568852605.8,49643225.99,target_year,,,,,,,,,,SOE_target,0.013455,0.034902,24.59232877,0.388396049,0.285442207,0.753242655,0.236234078,0.115521522,0.596783173,1.405193657,0.017350223,True,CSI_nonSOE,0.11830896515081193,0.034902,0.08340696515081193,4067146588.2563653,4067146588.2563653,1,0,,
000768.SZ,中航西飞,CSI,中央国有企业,工业,国防军工,工业--国防军工--航空航天与国防Ⅲ--航空航天,2020,,,,,,,,,,58460327428.0,,0.012833044,777376665.7,-27152717.86,target_year,,,,,,,,,,SOE_target,0.018278000000000003,0.048807,24.61023096,0.366640164,0.279462147,0.708764482,0.205304523,0.096630721,0.659529328,1.32864265,0.014818499,True,CSI_nonSOE,0.11113720040050608,0.048807,0.062330200400506075,3643843924.066442,3643843924.066442,1,0,,
000768.SZ,中航西飞,CSI,中央国有企业,工业,国防军工,工业--国防军工--航空航天与国防Ⅲ--航空航天,2021,,,,,,,,,,71989049045.0,,0.009441759,652910969.4,26792284.69,target_year,,,,,,,,,,SOE_target,0.012112000000000001,0.042059,24.7916142,0.332759455,0.273615357,0.622793812,0.084209641,0.168720078,0.738183945,1.129117964,0.018325985,True,CSI_nonSOE,0.08909461489062406,0.042059,0.047035614890624064,3386049187.222868,3386049187.222868,1,0,,
000768.SZ,中航西飞,CSI,中央国有企业,工业,国防军工,工业--国防军工--航空航天与国防Ⅲ--航空航天,2022,,,,,,,,,,82173551967.0,,0.004895149,523352485.0,-121100735.1,target_year,,,,,,,,,,SOE_target,0.007887,0.032837,24.99977985,0.287896095,0.271325141,0.499998192,0.051283057,0.131025938,0.781332402,1.06932487,0.009251516,True,CSI_nonSOE,0.06677741864066811,0.032837,0.03394041864066811,2789004754.9506764,2789004754.9506764,1,0,,
000768.SZ,中航西飞,CSI,中央国有企业,工业,国防军工,工业--国防军工--航空航天与国防Ⅲ--航空航天,2023,,,,,,,,,,80920781039.43,,0.007502,860970264.62,-253872238.01,target_year,,,,,,,,,,SOE_target,0.012524,0.048262,25.132099,0.286581,0.272876,0.482254,0.039442,0.108782,0.803657,1.050589,0.010648,True,CSI_nonSOE,0.05927074815736666,0.048262,0.01100874815736666,890836499.1604959,890836499.1604959,1,0,,
000768.SZ,中航西飞,CSI,中央国有企业,工业,国防军工,工业--国防军工--航空航天与国防Ⅲ--航空航天,2024,,,,,,,,,,73810707203.02,,0.012074,1023435524.55,-132241221.51,target_year,,,,,,,,,,SOE_target,0.01374,0.050454,25.116737,0.247662,0.247277,0.490449,0.034391,0.111253,0.75847,1.044253,0.014477,True,CSI_nonSOE,0.05697041927659317,0.050454,0.0065164192765931744,480981515.2367342,480981515.2367342,1,0,,
000768.SZ,中航西飞,CSI,中央国有企业,工业,国防军工,工业--国防军工--航空航天与国防Ⅲ--航空航天,2025,,,,,,,,,,77846648435.6,,0.013604,1151240411.01,-92184233.18,target_year,,,,,,,,,,SOE_target,0.016361,0.053258,25.02477,0.267949,0.253215,0.554655,0.03727,0.126676,0.71516,1.050416,0.019016,True,CSI_nonSOE,0.06837868466445025,0.053258,0.015120684664450254,1177094623.1790273,1177094623.1790273,1,0,,
000786.SZ,北新建材,CSI,中央国有企业,材料,建材Ⅱ,材料--建材Ⅱ--建材Ⅲ--建材Ⅳ,2019,,,,,,,,,,21463592266.0,,0.021954556,441144299.5,30079335.77,target_year,,,,,,,,,,SOE_target,0.034527999999999996,0.031249,23.60851566,0.082164854,0.736746816,0.728133542,0.186426406,0.552409337,0.193719088,2.443171724,0.087405108,True,CSI_nonSOE,0.1852837985415272,0.031249,0.1540347985415272,3306140110.6707916,3306140110.6707916,0,1,HHI_lag,
000786.SZ,北新建材,CSI,中央国有企业,材料,建材Ⅱ,材料--建材Ⅱ--建材Ⅲ--建材Ⅳ,2020,,,,,,,,,,22915217102.0,,0.128089923,2859866559.0,75341830.31,target_year,,,,,,,,,,SOE_target,0.15058,0.186805,23.78962395,0.072892526,0.764425084,0.668831118,0.005969725,0.558113567,0.322457519,1.020643679,0.098415159,True,CSI_nonSOE,0.16471501386201373,0.186805,-0.022089986137986267,-506196828.13212585,0.0,0,1,HHI_lag,
000786.SZ,北新建材,CSI,中央国有企业,材料,建材Ⅱ,材料--建材Ⅱ--建材Ⅲ--建材Ⅳ,2021,,,,,,,,,,26573872663.0,,0.135197922,3510191056.0,82541300.71,target_year,,,,,,,,,,SOE_target,0.153334,0.197136,23.85506703,0.081293583,0.753086611,0.748938503,0.085974085,0.556825824,0.238293646,1.403259242,0.059647758,True,CSI_nonSOE,0.17377287653620815,0.197136,-0.02336312346379185,-620848667.9367522,0.0,0,1,HHI_lag,
000786.SZ,北新建材,CSI,中央国有企业,材料,建材Ⅱ,材料--建材Ⅱ--建材Ⅲ--建材Ⅳ,2022,,,,,,,,,,28604536226.0,,0.113485144,3136397898.0,109792022.4,target_year,,,,,,,,,,SOE_target,0.12256700000000001,0.157211,24.00319434,0.100137906,0.668525521,0.843240168,0.141342424,0.510095168,0.265218624,1.693275559,0.061260434,True,CSI_nonSOE,0.18094410581596868,0.157211,0.023733105815968686,678874485.0683676,678874485.0683676,0,1,HHI_lag,
000786.SZ,北新建材,CSI,中央国有企业,材料,建材Ⅱ,材料--建材Ⅱ--建材Ⅲ--建材Ⅳ,2023,,,,,,,,,,30660627191.82,,0.117717,3524001193.59,85282127.5,target_year,,,,,,,,,,SOE_target,0.127174,0.159022,24.076831,0.114777,0.617588,0.714546,0.199399,0.480786,0.250342,2.082374,0.045478,True,CSI_nonSOE,0.17175174242353894,0.159022,0.012729742423538942,390301886.6960227,390301886.6960227,1,0,,
000786.SZ,北新建材,CSI,中央国有企业,材料,建材Ⅱ,材料--建材Ⅱ--建材Ⅲ--建材Ⅳ,2024,,,,,,,,,,35139481982.58,,0.105885,3646942470.4,73810131.21,target_year,,,,,,,,,,SOE_target,0.12231,0.148739,24.146245,0.124756,0.650954,0.748723,0.217618,0.463646,0.225985,2.188839,0.037909,True,CSI_nonSOE,0.1739429655456176,0.148739,0.0252039655456176,885654293.1797968,885654293.1797968,1,0,,
000786.SZ,北新建材,CSI,中央国有企业,材料,建材Ⅱ,材料--建材Ⅱ--建材Ⅲ--建材Ⅳ,2025,,,,,,,,,,36088073943.54,,0.08132,2906380291.66,28292119.13,target_year,,,,,,,,,,SOE_target,0.092774,0.110011,24.282591,0.193215,0.525443,0.776379,0.126703,0.443899,0.239609,1.573315,0.03398,True,CSI_nonSOE,0.17461363563179189,0.110011,0.06460263563179189,2331384691.6276774,2331384691.6276774,1,0,,
000792.SZ,盐湖股份,CSI,中央国有企业,材料,化工,材料--化工--农用化工--化肥与农用药剂,2020,,,,,,,,,,20109814551.0,,0.12072931,2039507351.0,388336689.4,target_year,,,,,,,,,,SOE_target,0.153226,-0.154504,23.83818018,0.063309446,0.180537484,0.350103012,-0.888553207,0.365084577,2.290134477,0.314471187,0.020977312,True,CSI_nonSOE,0.13385432180939058,-0.154504,0.2883583218093906,5798832375.824424,5798832375.824424,0,2,"FinancialLeverage_lag, CurrentRatio_lag",
000792.SZ,盐湖股份,CSI,中央国有企业,材料,化工,材料--化工--农用化工--化肥与农用药剂,2021,,,,,,,,,,25267358712.0,,0.186473385,4478386640.0,233303260.0,target_year,,,,,,,,,,SOE_target,0.24559799999999998,0.6657129999999999,23.72447382,0.044384921,0.203999831,0.619101631,0.10089712,0.432346651,0.738152668,1.397826148,0.026706701,True,CSI_nonSOE,0.17521572381352912,0.6657129999999999,-0.49049727618647077,-12393570624.662493,0.0,1,0,,
000792.SZ,盐湖股份,CSI,中央国有企业,材料,化工,材料--化工--农用化工--化肥与农用药剂,2022,,,,,,,,,,41982836045.0,,0.377563052,15564592332.0,286575396.1,target_year,,,,,,,,,,SOE_target,0.638701,0.9016689999999999,23.95277923,0.026196976,0.197245037,0.612016847,0.258214762,0.32793301,0.538918822,2.112423225,0.03199102,True,CSI_nonSOE,0.1755227144892886,0.9016689999999999,-0.7261462855107114,-30485680449.281956,0.0,1,0,,
000792.SZ,盐湖股份,CSI,中央国有企业,材料,化工,材料--化工--农用化工--化肥与农用药剂,2023,,,,,,,,,,46407287224.03,,0.166608,7913614646.24,-181785870.71,target_year,,,,,,,,,,SOE_target,0.236788,0.277208,24.460527,0.040375,0.212868,0.867661,0.494585,0.195432,0.32174,3.437173,0.016199,True,CSI_nonSOE,0.19221147438541186,0.277208,-0.08499652561458815,-3944458177.240815,0.0,1,0,,
000792.SZ,盐湖股份,CSI,中央国有企业,材料,化工,材料--化工--农用化工--化肥与农用药剂,2024,,,,,,,,,,45782850934.85,,0.098615,4663116528.38,-148225180.31,target_year,,,,,,,,,,SOE_target,0.121684,0.136187,24.560722,0.024829,0.215825,0.460211,0.452081,0.196388,0.252473,3.23378,0.020319,True,CSI_nonSOE,0.1522662935352021,0.136187,0.0160792935352021,736155899.059855,736155899.059855,1,0,,
000792.SZ,盐湖股份,CSI,中央国有企业,材料,化工,材料--化工--农用化工--化肥与农用药剂,2025,,,,,,,,,,55781587198.78,,0.148146,8475535262.69,-211737505.69,target_year,,,,,,,,,,SOE_target,0.137464,0.20790199999999998,24.547175,0.016693,0.213171,0.300786,0.523648,0.229043,0.135178,7.330134,0.026687,True,CSI_nonSOE,0.12322032791365739,0.20790199999999998,-0.08468167208634259,-4723678075.622813,0.0,1,0,,
000807.SZ,云铝股份,CSI,中央国有企业,材料,有色金属,材料--有色金属--其他金属与采矿--铝,2019,,,,,,,,,,39579456610.0,,0.036408062,495225700.7,945785611.3,target_year,,,,,,,,,,SOE_target,0.038792,0.051628999999999994,24.34817655,0.027430628,0.167062795,0.58682112,-0.302984394,0.62190244,0.754381207,0.463725714,0.097778035,True,CSI_nonSOE,0.1315883280003535,0.051628999999999994,0.0799593280003535,3164746753.1547494,3164746753.1547494,1,0,,
000807.SZ,云铝股份,CSI,中央国有企业,材料,有色金属,材料--有色金属--其他金属与采矿--铝,2020,,,,,,,,,,41018597713.0,,0.037772411,902555209.2,646816135.0,target_year,,,,,,,,,,SOE_target,0.033660999999999996,0.079432,24.40157605,0.025926514,0.15478921,0.622336875,-0.289221224,0.663335078,0.682322746,0.441998275,0.089439243,True,CSI_nonSOE,0.13339148653100463,0.079432,0.05395948653100463,2213342470.815321,2213342470.815321,1,0,,
000807.SZ,云铝股份,CSI,中央国有企业,材料,有色金属,材料--有色金属--其他金属与采矿--铝,2021,,,,,,,,,,37837121415.0,,0.103262874,3319026415.0,588143490.6,target_year,,,,,,,,,,SOE_target,0.118904,0.22129000000000001,24.4372914,0.026430521,0.159708925,0.726936071,-0.275514356,0.73416272,0.664574167,0.348730522,0.128882093,True,CSI_nonSOE,0.14239802432956253,0.22129000000000001,-0.07889197567043749,-2985045262.1115694,0.0,0,1,CurrentRatio_lag,
000807.SZ,云铝股份,CSI,中央国有企业,材料,有色金属,材料--有色金属--其他金属与采矿--铝,2022,,,,,,,,,,39059473292.0,,0.123982697,4568644918.0,274053905.3,target_year,,,,,,,,,,SOE_target,0.159689,0.22537600000000002,24.35655651,0.027692993,0.168216562,1.048534058,-0.118291959,0.73601922,0.447359166,0.544969442,0.033677016,True,CSI_nonSOE,0.17082072926285163,0.22537600000000002,-0.05455527073714839,-2130900140.2954767,0.0,1,0,,
000807.SZ,云铝股份,CSI,中央国有企业,材料,有色金属,材料--有色金属--其他金属与采矿--铝,2023,,,,,,,,,,39309705821.93,,0.103436,3955771178.74,110284499.19,target_year,,,,,,,,,,SOE_target,0.141472,0.16454899999999997,24.388351,0.028078,0.153058,1.251062,-0.020505,0.639861,0.352871,0.911469,0.024668,True,CSI_nonSOE,0.19468272830479252,0.16454899999999997,0.03013372830479255,1184547994.9793606,1184547994.9793606,1,0,,
000807.SZ,云铝股份,CSI,中央国有企业,材料,有色金属,材料--有色金属--其他金属与采矿--铝,2024,,,,,,,,,,41901504028.87,,0.105837,4411670800.53,23060223.52,target_year,,,,,,,,,,SOE_target,0.147651,0.163245,24.394737,0.024418,0.159476,1.079805,0.096094,0.600554,0.255987,1.620727,0.018647,True,CSI_nonSOE,0.18648527760087563,0.163245,0.02324027760087563,973802585.5251476,973802585.5251476,1,0,,
000807.SZ,云铝股份,CSI,中央国有企业,材料,有色金属,材料--有色金属--其他金属与采矿--铝,2025,,,,,,,,,,44175520008.47,,0.136401,6054686552.59,-29118803.1,target_year,,,,,,,,,,SOE_target,0.200353,0.200643,24.458588,0.030201,0.15747,1.33148,0.174647,0.533549,0.232785,2.02867,0.015705,True,CSI_nonSOE,0.20904774024472755,0.200643,0.008404740244727565,371283770.8469556,371283770.8469556,1,0,,
000858.SZ,五粮液,CSI,地方国有企业,日常消费,食品饮料,日常消费--食品饮料--饮料--白酒与葡萄酒,2019,,,,,,,,,,106397000000.0,,0.163558829,17402164190.0,0.0,target_year,,,,,,,,,,SOE_target,0.235747,0.252612,25.17870865,0.051088045,0.118716357,0.434624476,0.66673842,0.065199925,0.243626288,3.772013974,0.004429813,True,CSI_nonSOE,0.1531914795613283,0.252612,-0.0994205204386717,-10578045113.113352,0.0,1,0,,
000858.SZ,五粮液,CSI,地方国有企业,日常消费,食品饮料,日常消费--食品饮料--饮料--白酒与葡萄酒,2020,,,,,,,,,,113893000000.0,,0.162163327,19954809595.0,-1485519200.0,target_year,,,,,,,,,,SOE_target,0.251291,0.24944,25.39044296,0.056293889,0.109737598,0.448163389,0.625884029,0.065045193,0.284791231,3.217181758,0.015965258,True,CSI_nonSOE,0.14758531541691322,0.24944,-0.10185468458308677,-11600535591.221502,0.0,1,0,,
000858.SZ,五粮液,CSI,地方国有企业,日常消费,食品饮料,日常消费--食品饮料--饮料--白酒与葡萄酒,2021,,,,,,,,,,135621000000.0,,0.159602143,23377074353.0,-1731702085.0,target_year,,,,,,,,,,SOE_target,0.260109,0.253034,25.45852647,0.054280467,0.106852675,0.446944355,0.671477934,0.064523911,0.22946854,3.955172532,0.008725373,True,CSI_nonSOE,0.1450937049152981,0.253034,-0.10794029508470188,-14638970759.682354,0.0,1,0,,
000858.SZ,五粮液,CSI,地方国有企业,日常消费,食品饮料,日常消费--食品饮料--饮料--白酒与葡萄酒,2022,,,,,,,,,,152715000000.0,,0.161505774,26690661397.0,-2026351048.0,target_year,,,,,,,,,,SOE_target,0.257363,0.250507,25.63312868,0.054352346,0.106913309,0.452234076,0.652717866,0.060860503,0.25238699,3.633364619,0.011348768,True,CSI_nonSOE,0.13947573790749282,0.250507,-0.11103126209250716,-16956139190.457232,0.0,1,0,,
000858.SZ,五粮液,CSI,地方国有企业,日常消费,食品饮料,日常消费--食品饮料--饮料--白酒与葡萄酒,2023,,,,,,,,,,165432981684.75,,0.167666,30210585269.3,-2473170676.27,target_year,,,,,,,,,,SOE_target,0.263479,0.248051,25.751837,0.051826,0.105461,0.438516,0.666646,0.059486,0.235934,3.84701,0.011659,True,CSI_nonSOE,0.1342138020645704,0.248051,-0.1138371979354296,-18832427081.095184,0.0,1,0,,
000858.SZ,五粮液,CSI,地方国有企业,日常消费,食品饮料,日常消费--食品饮料--饮料--白酒与葡萄酒,2024,,,,,,,,,,188252218704.17,,0.154153,31853172533.98,-2833530840.46,target_year,,,,,,,,,,SOE_target,0.233709,0.242374,25.831832,0.055907,0.100594,0.444701,0.692118,0.065353,0.199982,4.503309,0.017876,True,CSI_nonSOE,0.1318725392255254,0.242374,-0.11050146077447462,-20802145160.84666,0.0,1,0,,
000858.SZ,五粮液,CSI,地方国有企业,日常消费,食品饮料,日常消费--食品饮料--饮料--白酒与葡萄酒,2025,,,,,,,,,,189984270815.47,,0.033122,8954257202.51,-2661630589.09,target_year,,,,,,,,,,SOE_target,0.05043,0.070724,25.961048,0.059607,0.097008,0.43052,0.609591,0.06936,0.275468,3.248964,0.014164,True,CSI_nonSOE,0.12609480418455293,0.070724,0.05537080418455294,10519581857.468466,10519581857.468466,1,0,,
000975.SZ,山金国际,CSI,地方国有企业,材料,有色金属,材料--有色金属--贵金属--黄金,2019,,,,,,,,,,11885793700.0,,0.07517066,864165428.9,29297524.57,target_year,,,,,,,,,,SOE_target,0.106521,0.099397,23.09193917,0.006000051,0.167062795,0.585413213,0.108609477,0.260657273,0.120655521,3.221219308,0.063739343,True,CSI_nonSOE,0.1789909681305344,0.099397,0.07959396813053439,946037484.9639064,946037484.9639064,1,0,,
000975.SZ,山金国际,CSI,地方国有企业,材料,有色金属,材料--有色金属--贵金属--黄金,2020,,,,,,,,,,12906755770.0,,0.09964649,1242446761.0,43666152.27,target_year,,,,,,,,,,SOE_target,0.142065,0.131214,23.19860972,0.005455011,0.15478921,0.447325565,0.091789189,0.252350115,0.1493012,2.019578707,0.053587837,True,CSI_nonSOE,0.16959630500190975,0.131214,0.038382305001909756,495391036.5492986,495391036.5492986,1,0,,
000975.SZ,山金国际,CSI,地方国有企业,材料,有色金属,材料--有色金属--贵金属--黄金,2021,,,,,,,,,,15933256367.0,,0.084137949,1273338699.0,67252814.69,target_year,,,,,,,,,,SOE_target,0.127921,0.125104,23.28101671,0.006961481,0.159708925,0.622437169,0.214098407,0.231175705,0.142596114,3.360518547,0.046767807,True,CSI_nonSOE,0.18323359061672856,0.125104,0.058129590616728566,926193669.8050939,926193669.8050939,1,0,,
000975.SZ,山金国际,CSI,地方国有企业,材料,有色金属,材料--有色金属--贵金属--黄金,2022,,,,,,,,,,16163564000.0,,0.073385486,1125812000.0,60359000.0,target_year,,,,,,,,,,SOE_target,0.10418,0.10532,23.49167436,0.005936039,0.168216562,0.614535754,0.10977772,0.202924251,0.225597952,1.566330908,0.045088538,True,CSI_nonSOE,0.17467343679881436,0.10532,0.06935343679881437,1120998714.3175912,1120998714.3175912,1,0,,
000975.SZ,山金国际,CSI,地方国有企业,材料,有色金属,材料--有色金属--贵金属--黄金,2023,,,,,,,,,,16298949000.0,,0.089989,1421924000.0,44806000.0,target_year,,,,,,,,,,SOE_target,0.13109400000000002,0.12654400000000002,23.506025,0.004888,0.153058,0.521745,0.167537,0.196757,0.215565,1.910269,0.037655,True,CSI_nonSOE,0.17029782351086056,0.12654400000000002,0.043753823510860546,713141337.958517,713141337.958517,1,0,,
000975.SZ,山金国际,CSI,地方国有企业,材料,有色金属,材料--有色金属--贵金属--黄金,2024,,,,,,,,,,18189090000.0,,0.122639,2179961000.0,50737000.0,target_year,,,,,,,,,,SOE_target,0.187452,0.177654,23.514366,0.004672,0.159476,0.498719,0.220944,0.191747,0.179785,2.49648,0.037722,True,CSI_nonSOE,0.16938831215185268,0.177654,-0.008265687848147324,-150345340.181858,0.0,1,0,,
000975.SZ,山金国际,CSI,地方国有企业,材料,有色金属,材料--有色金属--贵金属--黄金,2025,,,,,,,,,,20625469000.0,,0.147424,2983616000.0,57075000.0,target_year,,,,,,,,,,SOE_target,0.223768,0.213887,23.624088,0.007586,0.15747,0.787544,0.201765,0.189844,0.185674,2.979621,0.037812,True,CSI_nonSOE,0.18457952806929498,0.213887,-0.029307471930705015,-604480353.7751265,0.0,1,0,,
000977.SZ,浪潮信息,CSI,地方国有企业,信息技术,硬件设备,信息技术--硬件设备--电脑与外围设备--电脑硬件、储存设备及电脑周边,2019,,,,,,,,,,29409085017.0,,0.037688036,928747236.9,179623428.5,target_year,,,,,,,,,,SOE_target,0.04292,0.098164,23.96582976,0.040540726,0.161142974,2.156699725,0.301689676,0.028343674,0.636328198,1.491094523,0.016350809,True,CSI_nonSOE,0.22266921250474525,0.098164,0.12450521250474525,3661584379.6117043,3661584379.6117043,1,0,,
000977.SZ,浪潮信息,CSI,地方国有企业,信息技术,硬件设备,信息技术--硬件设备--电脑与外围设备--电脑硬件、储存设备及电脑周边,2020,,,,,,,,,,38322865651.0,,0.041773216,1466448648.0,134420695.4,target_year,,,,,,,,,,SOE_target,0.049766000000000005,0.120228,24.10456948,0.042483394,0.145048886,1.874633229,0.290731222,0.032415912,0.649488665,1.464589021,0.014801985,True,CSI_nonSOE,0.21808457461493097,0.120228,0.09785657461493097,3750144362.0350566,3750144362.0350566,1,0,,
000977.SZ,浪潮信息,CSI,地方国有企业,信息技术,硬件设备,信息技术--硬件设备--电脑与外围设备--电脑硬件、储存设备及电脑周边,2021,,,,,,,,,,46208162563.0,,0.04202014,2002738392.0,-61064951.14,target_year,,,,,,,,,,SOE_target,0.051094999999999995,0.13527799999999998,24.36931257,0.045065608,0.129289002,1.858689999,0.343874087,0.028221106,0.613086076,1.583032018,0.011722936,True,CSI_nonSOE,0.21442484287668878,0.13527799999999998,0.0791468428766888,3657230181.9942546,3657230181.9942546,1,0,,
000977.SZ,浪潮信息,CSI,地方国有企业,信息技术,硬件设备,信息技术--硬件设备--电脑与外围设备--电脑硬件、储存设备及电脑周边,2022,,,,,,,,,,41013425652.0,,0.05949463,2080350926.0,359727643.5,target_year,,,,,,,,,,SOE_target,0.054576,0.128312,24.5564223,0.038013817,0.108896372,1.584391783,0.326724134,0.023823108,0.663142179,1.526799066,0.004217095,True,CSI_nonSOE,0.2049191787855762,0.128312,0.07660717878557619,3141922831.5317006,3141922831.5317006,1,0,,
000977.SZ,浪潮信息,CSI,地方国有企业,信息技术,硬件设备,信息技术--硬件设备--电脑与外围设备--电脑硬件、储存设备及电脑周边,2023,,,,,,,,,,48119624861.79,,0.032838,1782784322.91,-202647157.47,target_year,,,,,,,,,,SOE_target,0.040993,0.101262,24.437165,0.036718,0.117158,1.591817,0.461711,0.050139,0.570415,2.015704,0.0274,True,CSI_nonSOE,0.22032011232884818,0.101262,0.11905811232884818,5729031702.01703,5729031702.01703,1,0,,
000977.SZ,浪潮信息,CSI,地方国有企业,信息技术,硬件设备,信息技术--硬件设备--电脑与外围设备--电脑硬件、储存设备及电脑周边,2024,,,,,,,,,,71191039667.42,,0.027486,2291764648.21,-335008121.3,target_year,,,,,,,,,,SOE_target,0.033993999999999996,0.120797,24.596956,0.034337,0.108206,1.474483,0.481204,0.045664,0.620018,2.088979,0.006379,True,CSI_nonSOE,0.2056491669434387,0.120797,0.08485216694343871,6040713982.736889,6040713982.736889,1,0,,
000977.SZ,浪潮信息,CSI,地方国有企业,信息技术,硬件设备,信息技术--硬件设备--电脑与外围设备--电脑硬件、储存设备及电脑周边,2025,,,,,,,,,,83793847851.87,,0.028827,2412866308.76,2667767.42,target_year,,,,,,,,,,SOE_target,0.031889,0.115566,24.988633,0.050763,0.114376,1.921439,0.310051,0.04049,0.714421,1.495676,0.003481,True,CSI_nonSOE,0.19134761272408862,0.115566,0.07578161272408862,6350032926.571617,6350032926.571617,1,0,,
000983.SZ,山西焦煤,CSI,地方国有企业,能源,煤炭Ⅱ,能源--煤炭Ⅱ--煤炭Ⅲ--煤炭与消费用燃料,2019,,,,,,,,,,65113270693.0,,0.03869515,1710215168.0,809352580.3,target_year,,,,,,,,,,SOE_target,0.058545999999999994,0.08498599999999999,24.8985198,0.059259446,0.3281903,0.502277248,-0.103609553,0.529823201,0.640113458,0.713464277,0.046575521,True,CSI_nonSOE,0.12271547871560709,0.08498599999999999,0.0377294787156071,2456689760.715107,2456689760.715107,1,0,,
000983.SZ,山西焦煤,CSI,地方国有企业,能源,煤炭Ⅱ,能源--煤炭Ⅱ--煤炭Ⅲ--煤炭与消费用燃料,2020,,,,,,,,,,70610618879.0,,0.040261809,1956303613.0,886607623.1,target_year,,,,,,,,,,SOE_target,0.045820999999999994,0.09989,24.89939422,0.058447923,0.293470907,0.48523943,-0.119586599,0.553156077,0.644768604,0.661625678,0.02959785,True,CSI_nonSOE,0.12154993831953925,0.09989,0.021659938319539246,1529421649.6236334,1529421649.6236334,1,0,,
000983.SZ,山西焦煤,CSI,地方国有企业,能源,煤炭Ⅱ,能源--煤炭Ⅱ--煤炭Ⅲ--煤炭与消费用燃料,2021,,,,,,,,,,70497875041.0,,0.072416902,4165827696.0,939410007.2,target_year,,,,,,,,,,SOE_target,0.099619,0.201847,24.98044638,0.057059504,0.275297772,0.476354949,-0.24679589,0.530942252,0.692119478,0.464785942,0.038402857,True,CSI_nonSOE,0.11595685671848158,0.201847,-0.08589014328151842,-6055072588.314072,0.0,1,0,,
000983.SZ,山西焦煤,CSI,地方国有企业,能源,煤炭Ⅱ,能源--煤炭Ⅱ--煤炭Ⅲ--煤炭与消费用燃料,2022,,,,,,,,,,95737794132.0,,0.124064922,10721933349.0,1155768633.0,target_year,,,,,,,,,,SOE_target,0.216608,0.38567599999999996,24.97884841,0.049903043,0.269530745,0.609342145,-0.177627946,0.523040164,0.631336619,0.553832026,0.018967371,True,CSI_nonSOE,0.1256556027070134,0.38567599999999996,-0.26002039729298654,-24893779266.156796,0.0,1,0,,
000983.SZ,山西焦煤,CSI,地方国有企业,能源,煤炭Ⅱ,能源--煤炭Ⅱ--煤炭Ⅲ--煤炭与消费用燃料,2023,,,,,,,,,,93603512358.87,,0.080743,6771368105.86,786470973.18,target_year,,,,,,,,,,SOE_target,0.123025,0.191651,25.284879,0.066477,0.250024,0.743502,-0.025689,0.428424,0.549948,0.916079,0.018929,True,CSI_nonSOE,0.13795938281305167,0.191651,-0.053691617186948315,-5025723952.926233,0.0,1,0,,
000983.SZ,山西焦煤,CSI,地方国有企业,能源,煤炭Ⅱ,能源--煤炭Ⅱ--煤炭Ⅲ--煤炭与消费用燃料,2024,,,,,,,,,,109949187629.7,,0.034092,3108028389.69,640396035.42,target_year,,,,,,,,,,SOE_target,0.061924,0.084156,25.262334,0.061179,0.263234,0.555554,0.020376,0.421542,0.484602,1.076753,0.022016,True,CSI_nonSOE,0.12613170068179685,0.084156,0.04197570068179686,4615194190.151009,4615194190.151009,1,0,,
000983.SZ,山西焦煤,CSI,地方国有企业,能源,煤炭Ⅱ,能源--煤炭Ⅱ--煤炭Ⅲ--煤炭与消费用燃料,2025,,,,,,,,,,108847567597.08,,0.018728,1200774988.79,837775063.92,target_year,,,,,,,,,,SOE_target,0.037017,0.033287,25.423284,0.049378,0.263097,0.417832,-0.053984,0.346475,0.573686,0.768558,0.241579,True,CSI_nonSOE,0.10885905892703668,0.033287,0.07557205892703668,8225834792.511138,8225834792.511138,1,0,,
000999.SZ,华润三九,CSI,中央国有企业,医疗保健,医药生物,医疗保健--医药生物--制药--中药,2019,,,,,,,,,,20103525732.0,,0.105300023,2112494768.0,4406951.57,target_year,,,,,,,,,,SOE_target,0.133755,0.18062,23.61529911,0.04173358,0.277672488,0.771928981,0.125343609,0.195562013,0.380558016,1.35777995,0.033297761,True,CSI_nonSOE,0.16378765103312332,0.18062,-0.016832348966876687,-338389560.5856091,0.0,1,0,,
000999.SZ,华润三九,CSI,中央国有企业,医疗保健,医药生物,医疗保健--医药生物--制药--中药,2020,,,,,,,,,,22010147281.0,,0.069982153,1597489175.0,-57171685.38,target_year,,,,,,,,,,SOE_target,0.097803,0.12152400000000001,23.72416105,0.038998338,0.276190471,0.760297773,0.179053709,0.179562889,0.359222949,1.537802175,0.026660352,True,CSI_nonSOE,0.16229148754119307,0.12152400000000001,0.04076748754119307,897298405.057992,897298405.057992,1,0,,
000999.SZ,华润三九,CSI,中央国有企业,医疗保健,医药生物,医疗保健--医药生物--制药--中药,2021,,,,,,,,,,24307980617.0,,0.084751379,2046867983.0,13266897.53,target_year,,,,,,,,,,SOE_target,0.102566,0.14111700000000002,23.81476942,0.03366772,0.256105921,0.639302281,0.164913637,0.171159093,0.361247168,1.497537633,0.028251688,True,CSI_nonSOE,0.14886648084602236,0.14111700000000002,0.0077494808460223386,188374230.19692376,188374230.19692376,1,0,,
000999.SZ,华润三九,CSI,中央国有企业,医疗保健,医药生物,医疗保健--医药生物--制药--中药,2022,,,,,,,,,,27122781699.0,,0.09048886,2448802103.0,5507490.71,target_year,,,,,,,,,,SOE_target,0.11524,0.151666,23.91407055,0.031571534,0.230275265,0.652703975,0.193473943,0.169028884,0.353598528,1.604848529,0.035823623,True,CSI_nonSOE,0.15009357046089075,0.151666,-0.0015724295391092435,-42648663.12631919,0.0,1,0,,
000999.SZ,华润三九,CSI,中央国有企业,医疗保健,医药生物,医疗保健--医药生物--制药--中药,2023,,,,,,,,,,40148455933.08,,0.070457,2852931664.85,-24191715.87,target_year,,,,,,,,,,SOE_target,0.11162100000000001,0.158599,24.02364,0.033008,0.212266,0.695008,0.122251,0.172172,0.353554,1.382325,0.035084,True,CSI_nonSOE,0.14582216580971077,0.158599,-0.012776834190289216,-512970164.4530965,0.0,1,0,,
000999.SZ,华润三九,CSI,中央国有企业,医疗保健,医药生物,医疗保健--医药生物--制药--中药,2024,,,,,,,,,,40081972320.77,,0.083421,3367888968.2,-24191376.44,target_year,,,,,,,,,,SOE_target,0.11451,0.173289,24.41585,0.040776,0.216978,0.727326,0.238491,0.159934,0.395696,1.739557,0.021351,True,CSI_nonSOE,0.14274767191316196,0.173289,-0.030541328086838043,-1224156667.0161977,0.0,1,0,,
000999.SZ,华润三九,CSI,中央国有企业,医疗保健,医药生物,医疗保健--医药生物--制药--中药,2025,,,,,,,,,,58804678665.86,,0.058771,3421001213.82,34997438.73,target_year,,,,,,,,,,SOE_target,0.099085,0.162615,24.414193,0.045087,0.230555,0.681084,0.206336,0.160639,0.369883,1.607876,0.019711,True,CSI_nonSOE,0.13689693418973342,0.162615,-0.025718065810266588,-1512342595.8801672,0.0,1,0,,
001391.SZ,国货航,CSI,中央国有企业,工业,交通运输,工业--交通运输--航空运输--航空货运与物流,2022,,,,,,,,,,21243507964.0,,0.143764567,3108357541.0,-54293807.0,target_year,,,,,,,,,,SOE_target,0.17939699999999997,0.16931100000000002,23.933655,0.02197836,0.15352339,,0.379038722,0.215196887,0.271153714,2.935428866,0.026891053,True,CSI_nonSOE,0.11698840731144716,0.16931100000000002,-0.052322592688552855,-1111515414.4764009,0.0,1,0,,
001391.SZ,国货航,CSI,中央国有企业,工业,交通运输,工业--交通运输--航空运输--航空货运与物流,2023,,,,,,,,,,22822973085.0,,0.047164,1153435927.0,-77014538.0,target_year,,,,,,,,,,SOE_target,0.068141,0.060203,23.779317,0.019592,0.180808,0.999573,0.297946,0.538575,0.121361,3.59115,0.155102,True,CSI_nonSOE,0.1492320249480467,0.060203,0.08902902494804668,2031907040.173063,2031907040.173063,1,0,,
001391.SZ,国货航,CSI,中央国有企业,工业,交通运输,工业--交通运输--航空运输--航空货运与物流,2024,,,,,,,,,,27618399131.0,,0.069199,1953257457.0,-42086328.0,target_year,,,,,,,,,,SOE_target,0.10135899999999999,0.088254,23.851033,0.012225,0.114556,0.674444,0.251862,0.558371,0.138159,2.969242,0.103475,True,CSI_nonSOE,0.1207481545535693,0.088254,0.0324941545535693,897436529.884878,897436529.884878,1,0,,
001391.SZ,国货航,CSI,中央国有企业,工业,交通运输,工业--交通运输--航空运输--航空货运与物流,2025,,,,,,,,,,29952962908.0,,0.08515,2584694178.0,-34187709.0,target_year,,,,,,,,,,SOE_target,0.118423,0.100481,24.041748,0.014765,0.116886,0.813211,0.233523,0.611545,0.108932,3.211667,0.198638,True,CSI_nonSOE,0.12712139861229244,0.100481,0.026640398612292435,797958871.48833,797958871.48833,1,0,,
001965.SZ,招商公路,CSI,中央国有企业,工业,交通运输,工业--交通运输--交通基础设施--公路与铁路,2019,,,,,,,,,,90913208562.0,,0.059938124,4326608089.0,1122559092.0,target_year,,,,,,,,,,SOE_target,0.071666,0.09117800000000001,25.15508515,0.007713308,0.111099702,0.090021592,0.056932892,0.045612335,0.407746891,1.696921213,0.009043163,True,CSI_nonSOE,0.01325557033139757,0.09117800000000001,-0.07792242966860244,-7084178100.11943,0.0,0,1,AssetTurnover_lag,
001965.SZ,招商公路,CSI,中央国有企业,工业,交通运输,工业--交通运输--交通基础设施--公路与铁路,2020,,,,,,,,,,94009174839.0,,0.033919866,2222601822.0,966176753.5,target_year,,,,,,,,,,SOE_target,0.03342,0.04258,25.23317114,0.008400459,0.108646931,0.09291301,-0.003307272,0.050382008,0.406707967,0.97310803,0.009187505,True,CSI_nonSOE,0.009722612319604307,0.04258,-0.03285738768039569,-3088895903.1991234,0.0,0,1,AssetTurnover_lag,
001965.SZ,招商公路,CSI,中央国有企业,工业,交通运输,工业--交通运输--交通基础设施--公路与铁路,2021,,,,,,,,,,98320774958.0,,0.061230895,4972822293.0,1047446772.0,target_year,,,,,,,,,,SOE_target,0.06995599999999999,0.08779400000000001,25.26665822,0.008809883,0.123286456,0.075800048,-0.00149945,0.019860883,0.36459679,0.987251125,0.015828155,True,CSI_nonSOE,0.008037754438152384,0.08779400000000001,-0.07975624556184763,-7841695871.381407,0.0,0,1,AssetTurnover_lag,
001965.SZ,招商公路,CSI,中央国有企业,工业,交通运输,工业--交通运输--交通基础设施--公路与铁路,2022,,,,,,,,,,114930000000.0,,0.052447643,4860696357.0,1167125891.0,target_year,,,,,,,,,,SOE_target,0.061221,0.081785,25.31150118,0.007791528,0.15352339,0.089198821,0.019274683,0.013068903,0.355978857,1.194678539,0.007807129,True,CSI_nonSOE,0.005150781395096948,0.081785,-0.07663421860490305,-8807570744.261507,0.0,0,1,AssetTurnover_lag,
001965.SZ,招商公路,CSI,中央国有企业,工业,交通运输,工业--交通运输--交通基础设施--公路与铁路,2023,,,,,,,,,,157482240634.0,,0.04975,6766648808.34,1068097868.94,target_year,,,,,,,,,,SOE_target,0.055831,0.107759,25.467592,0.007022,0.180808,0.077335,0.020497,0.022904,0.411244,1.242257,0.00651,True,CSI_nonSOE,-0.0025095105182657007,0.107759,-0.1102685105182657,-17365332107.79028,0.0,0,1,AssetTurnover_lag,
001965.SZ,招商公路,CSI,中央国有企业,工业,交通运输,工业--交通运输--交通基础设施--公路与铁路,2024,,,,,,,,,,159169493582.77,,0.044243,5322235002.26,1719972397.54,target_year,,,,,,,,,,SOE_target,0.051401,0.078106,25.782579,0.007952,0.114556,0.070969,-0.017386,0.017005,0.478429,0.840921,0.003422,True,CSI_nonSOE,-0.01116361116943232,0.078106,-0.08926961116943231,-14208998802.169329,0.0,0,1,AssetTurnover_lag,
001965.SZ,招商公路,CSI,中央国有企业,工业,交通运输,工业--交通运输--交通基础设施--公路与铁路,2025,,,,,,,,,,162418433553.48,,0.037371,4610171908.56,1459611131.01,target_year,,,,,,,,,,SOE_target,0.044155,0.063367,25.793235,0.009094,0.116886,0.079781,-0.007712,0.017504,0.442218,0.924368,0.007846,True,CSI_nonSOE,-0.01080451368263563,0.063367,-0.07417151368263564,-12046821066.62419,0.0,0,1,AssetTurnover_lag,
001979.SZ,招商蛇口,CSI,中央国有企业,房地产,房地产Ⅱ,房地产--房地产Ⅱ--房地产管理和开发--房地产开发,2019,,,,,,,,,,617688000000.0,,0.034086554,16033175796.0,5021682731.0,target_year,,,,,,,,,,SOE_target,0.055381,0.187792,26.77116139,0.141473583,0.396279334,0.211561663,0.292567645,0.010202086,0.742776076,1.536916159,0.006545233,True,CSI_nonSOE,0.05820186673954855,0.187792,-0.12959013326045143,-80046270233.38173,0.0,1,0,,
001979.SZ,招商蛇口,CSI,中央国有企业,房地产,房地产Ⅱ,房地产--房地产Ⅱ--房地产管理和开发--房地产开发,2020,,,,,,,,,,737157000000.0,,0.019638475,12252864765.0,2223781385.0,target_year,,,,,,,,,,SOE_target,0.035590000000000004,0.124892,27.14924946,0.12998211,0.408200157,0.169990492,0.295036879,0.008785172,0.631900839,1.617747812,0.013126974,True,CSI_nonSOE,0.05714256760204718,0.124892,-0.06774943239795282,-49941968338.17771,0.0,0,1,FirmSize_lag,
001979.SZ,招商蛇口,CSI,中央国有企业,房地产,房地产Ⅱ,房地产--房地产Ⅱ--房地产管理和开发--房地产开发,2021,,,,,,,,,,856203000000.0,,0.014457167,10372254169.0,2006020943.0,target_year,,,,,,,,,,SOE_target,0.028672,0.098764,27.32606719,0.156661588,0.406330004,0.177979167,0.273672431,0.007235794,0.656305197,1.539718382,0.00574289,True,CSI_nonSOE,0.058588911973583374,0.098764,-0.04017508802641663,-34398030893.481995,0.0,0,1,FirmSize_lag,
001979.SZ,招商蛇口,CSI,中央国有企业,房地产,房地产Ⅱ,房地产--房地产Ⅱ--房地产管理和开发--房地产开发,2022,,,,,,,,,,886471000000.0,,0.007021038,4264079663.0,1959869316.0,target_year,,,,,,,,,,SOE_target,0.018153,0.040536,27.47577374,0.172074602,0.390202805,0.189489882,0.262764191,0.011327641,0.676764653,1.52555683,0.0116882,True,CSI_nonSOE,0.059395049239960404,0.040536,0.0188590492399604,16718000238.796938,16718000238.796938,0,1,FirmSize_lag,
001979.SZ,招商蛇口,CSI,中央国有企业,房地产,房地产Ⅱ,房地产--房地产Ⅱ--房地产管理和开发--房地产开发,2023,,,,,,,,,,908508499680.74,,0.00796,6319420453.25,912224693.84,target_year,,,,,,,,,,SOE_target,0.015586,0.057077,27.510515,0.18421,0.393852,0.201091,0.260897,0.01312,0.679132,1.545582,0.006782,True,CSI_nonSOE,0.060531291199027476,0.057077,0.0034542911990274733,3138252914.688834,3138252914.688834,0,1,FirmSize_lag,
001979.SZ,招商蛇口,CSI,中央国有企业,房地产,房地产Ⅱ,房地产--房地产Ⅱ--房地产管理和开发--房地产开发,2024,,,,,,,,,,860308816014.37,,0.006952,4038571564.37,1942659762.13,target_year,,,,,,,,,,SOE_target,0.010278,0.035007,27.53507,0.17276,0.37554,0.188138,0.261897,0.01386,0.673431,1.558504,0.007254,True,CSI_nonSOE,0.059761077732987056,0.035007,0.024754077732987052,21296151305.99377,21296151305.99377,0,1,FirmSize_lag,
001979.SZ,招商蛇口,CSI,中央国有企业,房地产,房地产Ⅱ,房地产--房地产Ⅱ--房地产管理和开发--房地产开发,2025,,,,,,,,,,835411599109.07,,0.004229,1023784320.62,2509145230.18,target_year,,,,,,,,,,SOE_target,0.00907,0.009812999999999999,27.480557,0.208506,0.353891,0.1945,0.264855,0.014261,0.666696,1.589833,0.006629,True,CSI_nonSOE,0.06547971418878745,0.009812999999999999,0.05566671418878745,46504618717.60248,46504618717.60248,0,1,FirmSize_lag,
002179.SZ,中航光电,CSI,中央国有企业,信息技术,硬件设备,信息技术--硬件设备--电子设备、仪器和元件--电子元件,2019,,,,,,,,,,15131869545.0,,0.077037356,1071086932.0,94632283.43,target_year,,,,,,,,,,SOE_target,0.091645,0.150748,23.30997577,0.006730782,0.161142974,0.667734363,0.397305769,0.144004702,0.505436967,1.950453535,0.021050843,True,CSI_nonSOE,0.17507311701105643,0.150748,0.02432511701105644,368084497.2781664,368084497.2781664,1,0,,
002179.SZ,中航光电,CSI,中央国有企业,信息技术,硬件设备,信息技术--硬件设备--电子设备、仪器和元件--电子元件,2020,,,,,,,,,,19218418866.0,,0.079804927,1439082432.0,94642079.01,target_year,,,,,,,,,,SOE_target,0.09787900000000001,0.160768,23.44006892,0.00751972,0.145048886,0.642297355,0.413336206,0.146526993,0.422841836,2.042361086,0.019416101,True,CSI_nonSOE,0.171213095572708,0.160768,0.010445095572708007,200738221.81170464,200738221.81170464,1,0,,
002179.SZ,中航光电,CSI,中央国有企业,信息技术,硬件设备,信息技术--硬件设备--电子设备、仪器和元件--电子元件,2021,,,,,,,,,,26987332213.0,,0.075344647,1990997442.0,42353578.97,target_year,,,,,,,,,,SOE_target,0.097951,0.16145299999999999,23.67913497,0.007357687,0.129289002,0.598365046,0.394876789,0.134251397,0.453928313,1.90719652,0.020467462,True,CSI_nonSOE,0.15906263253587413,0.16145299999999999,-0.002390367464125853,-64509640.86551076,0.0,1,0,,
002179.SZ,中航光电,CSI,中央国有企业,信息技术,硬件设备,信息技术--硬件设备--电子设备、仪器和元件--电子元件,2022,,,,,,,,,,31810733160.0,,0.086607258,2717129034.0,37911325.55,target_year,,,,,,,,,,SOE_target,0.101354,0.168109,24.01863342,0.007278296,0.108896372,0.554971795,0.468324176,0.119732833,0.410962753,2.26328147,0.04145821,True,CSI_nonSOE,0.1507872504223826,0.168109,-0.017321749577617396,-551017553.6779296,0.0,1,0,,
002179.SZ,中航光电,CSI,中央国有企业,信息技术,硬件设备,信息技术--硬件设备--电子设备、仪器和元件--电子元件,2023,,,,,,,,,,35569904322.27,,0.089639,3339290323.66,-150842656.92,target_year,,,,,,,,,,SOE_target,0.110826,0.176227,24.18307,0.008341,0.117158,0.536391,0.426579,0.137277,0.418385,2.073528,0.047696,True,CSI_nonSOE,0.14115044141781985,0.176227,-0.035076558582180145,-1247669832.7226462,0.0,1,0,,
002179.SZ,中航光电,CSI,中央国有企业,信息技术,硬件设备,信息技术--硬件设备--电子设备、仪器和元件--电子元件,2024,,,,,,,,,,41246813453.82,,0.078991,3354288683.06,-96169299.72,target_year,,,,,,,,,,SOE_target,0.095501,0.152143,24.294766,0.010429,0.108206,0.592388,0.42457,0.176172,0.381093,2.20832,0.067295,True,CSI_nonSOE,0.1434585256429196,0.152143,-0.00868447435708039,-358206893.75097823,0.0,1,0,,
002179.SZ,中航光电,CSI,中央国有企业,信息技术,硬件设备,信息技术--硬件设备--电子设备、仪器和元件--电子元件,2025,,,,,,,,,,42527397016.91,,0.049956,2161521950.25,-37031845.91,target_year,,,,,,,,,,SOE_target,0.063355,0.090316,24.44284,0.009101,0.114376,0.535031,0.39583,0.203244,0.387763,2.10942,0.037404,True,CSI_nonSOE,0.13014957172134795,0.090316,0.03983357172134795,1694018119.1953235,1694018119.1953235,1,0,,
002304.SZ,洋河股份,CSI,地方国有企业,日常消费,食品饮料,日常消费--食品饮料--饮料--白酒与葡萄酒,2019,,,,,,,,,,53455037841.0,,0.138124655,7382822727.0,635922.85,target_year,,,,,,,,,,SOE_target,0.188196,0.210477,24.62652592,0.030528342,0.118716357,0.439333178,0.408495938,0.16117016,0.32159075,2.295516674,0.009503821,True,CSI_nonSOE,0.15617399024545567,0.210477,-0.05430300975454433,-2902769441.309359,0.0,1,0,,
002304.SZ,洋河股份,CSI,地方国有企业,日常消费,食品饮料,日常消费--食品饮料--饮料--白酒与葡萄酒,2020,,,,,,,,,,53866259307.0,,0.13728434,7482228634.0,-87234764.39,target_year,,,,,,,,,,SOE_target,0.1841,0.199544,24.70210672,0.026004121,0.109737598,0.386822521,0.39789491,0.14067357,0.317341189,2.286193333,0.005933199,True,CSI_nonSOE,0.1481617113405474,0.199544,-0.0513822886594526,-2767771684.7171993,0.0,1,0,,
002304.SZ,洋河股份,CSI,地方国有企业,日常消费,食品饮料,日常消费--食品饮料--饮料--白酒与葡萄酒,2021,,,,,,,,,,67798704194.0,,0.104847687,7507682797.0,-399145510.0,target_year,,,,,,,,,,SOE_target,0.163505,0.185442,24.70977013,0.019500248,0.106852675,0.329578673,0.41920331,0.131927151,0.285830248,2.540604109,0.006555206,True,CSI_nonSOE,0.14326599092673126,0.185442,-0.04217600907326874,-2859478763.2420073,0.0,1,0,,
002304.SZ,洋河股份,CSI,地方国有企业,日常消费,食品饮料,日常消费--食品饮料--饮料--白酒与葡萄酒,2022,,,,,,,,,,67964247134.0,,0.138078691,9377832429.0,6581838.28,target_year,,,,,,,,,,SOE_target,0.174776,0.208486,24.93980892,0.020425421,0.106913309,0.34853413,0.369200779,0.10032586,0.373420027,2.012049571,0.00624679,True,CSI_nonSOE,0.13431220921537546,0.208486,-0.07417379078462455,-5041165847.751835,0.0,1,0,,
002304.SZ,洋河股份,CSI,地方国有企业,日常消费,食品饮料,日常消费--食品饮料--饮料--白酒与葡萄酒,2023,,,,,,,,,,69792287455.91,,0.1327,10015930040.27,-754525568.63,target_year,,,,,,,,,,SOE_target,0.19190100000000002,0.20149999999999998,24.942248,0.021082,0.105461,0.378845,0.464713,0.096402,0.300743,2.584875,0.007933,True,CSI_nonSOE,0.14267641606282155,0.20149999999999998,-0.05882358393717843,-4105432479.3304076,0.0,1,0,,
002304.SZ,洋河股份,CSI,地方国有企业,日常消费,食品饮料,日常消费--食品饮料--饮料--白酒与葡萄酒,2024,,,,,,,,,,67345265219.62,,0.090021,6673388602.12,-610889994.14,target_year,,,,,,,,,,SOE_target,0.124433,0.12892099999999998,24.968789,0.022016,0.100594,0.404439,0.506631,0.096901,0.254218,3.05865,0.015928,True,CSI_nonSOE,0.14586339971317752,0.12892099999999998,0.01694239971317754,1140990402.1407554,1140990402.1407554,1,0,,
002304.SZ,洋河股份,CSI,地方国有企业,日常消费,食品饮料,日常消费--食品饮料--饮料--白酒与葡萄酒,2025,,,,,,,,,,58595944446.8,,0.032801,2206058926.68,-284050446.25,target_year,,,,,,,,,,SOE_target,0.050498,0.044844999999999996,24.933098,0.01883,0.097008,0.350746,0.520695,0.111132,0.232418,3.298148,0.021591,True,CSI_nonSOE,0.14314213155514477,0.044844999999999996,0.09829713155514477,5759813259.885055,5759813259.885055,1,0,,
002371.SZ,北方华创,CSI,地方国有企业,信息技术,半导体,信息技术--半导体--半导体材料与设备--半导体材料与设备Ⅳ,2019,,,,,,,,,,13734762795.0,,0.028332703,309032271.0,80110684.27,target_year,,,,,,,,,,SOE_target,0.043356000000000006,0.065726,23.02599999,0.059004655,0.214515912,0.364070797,0.117906968,0.193151197,0.624914258,1.266499342,0.024431591,True,CSI_nonSOE,0.06855850346134859,0.065726,0.0028325034613485844,38903763.15763926,38903763.15763926,1,0,,
002371.SZ,北方华创,CSI,地方国有企业,信息技术,半导体,信息技术--半导体--半导体材料与设备--半导体材料与设备Ⅳ,2020,,,,,,,,,,17518033653.0,,0.028180177,536930435.4,-43269154.89,target_year,,,,,,,,,,SOE_target,0.043783,0.084979,23.34319589,0.057149218,0.169245785,0.339550768,0.267859651,0.158238824,0.555856401,1.767952175,0.012461754,True,CSI_nonSOE,0.06816634265461144,0.084979,-0.01681265734538856,-294524697.17287445,0.0,1,0,,
002371.SZ,北方华创,CSI,地方国有企业,信息技术,半导体,信息技术--半导体--半导体材料与设备--半导体材料与设备Ⅳ,2021,,,,,,,,,,31054473365.0,,0.03320992,1077409991.0,-46093407.42,target_year,,,,,,,,,,SOE_target,0.051574999999999996,0.091003,23.58649668,0.066364914,0.155238897,0.383431407,0.177738006,0.131644265,0.594030449,1.394110555,0.03815127,True,CSI_nonSOE,0.05980247853068818,0.091003,-0.03120052146931182,-968915762.9428546,0.0,1,0,,
002371.SZ,北方华创,CSI,地方国有企业,信息技术,半导体,信息技术--半导体--半导体材料与设备--半导体材料与设备Ⅳ,2022,,,,,,,,,,42551398848.0,,0.053340261,2352726658.0,-83023921.98,target_year,,,,,,,,,,SOE_target,0.077561,0.128411,24.1590087,0.077971816,0.127200785,0.395253079,0.35596625,0.082648728,0.446186353,1.981018974,0.014388261,True,CSI_nonSOE,0.05621244021410812,0.128411,-0.07219855978589187,-3072149713.700659,0.0,1,0,,
002371.SZ,北方华创,CSI,地方国有企业,信息技术,半导体,信息技术--半导体--半导体材料与设备--半导体材料与设备Ⅳ,2023,,,,,,,,,,53624552279.13,,0.072372,3899069987.91,-18133193.65,target_year,,,,,,,,,,SOE_target,0.092863,0.17677600000000002,24.473979,0.104536,0.113252,0.395427,0.360672,0.087128,0.530358,1.973161,0.033103,True,CSI_nonSOE,0.05006934988820752,0.17677600000000002,-0.1267066501117925,-6794587383.03325,0.0,1,0,,
002371.SZ,北方华创,CSI,地方国有企业,信息技术,半导体,信息技术--半导体--半导体材料与设备--半导体材料与设备Ⅳ,2024,,,,,,,,,,65708880828.22,,0.086456,5621189109.03,59708499.95,target_year,,,,,,,,,,SOE_target,0.110118,0.20275400000000002,24.705273,0.153225,0.109637,0.455672,0.356981,0.100324,0.537063,2.003141,0.036923,True,CSI_nonSOE,0.05287552223024586,0.20275400000000002,-0.14987847776975416,-9848347034.487797,0.0,1,0,,
002371.SZ,北方华创,CSI,地方国有企业,信息技术,半导体,信息技术--半导体--半导体材料与设备--半导体材料与设备Ⅳ,2025,,,,,,,,,,89800578023.69,,0.064039,5521993004.86,228775158.4,target_year,,,,,,,,,,SOE_target,0.078116,0.16050599999999998,24.9085,0.167941,0.111057,0.497102,0.345901,0.097356,0.509576,1.96792,0.03114,True,CSI_nonSOE,0.05006393510047323,0.16050599999999998,-0.11044206489952675,-9917761266.107388,0.0,1,0,,
002415.SZ,海康威视,CSI,中央国有企业,信息技术,硬件设备,信息技术--硬件设备--电子设备、仪器和元件--电子设备和仪器,2019,,,,,,,,,,75358000240.0,,0.168244221,12414587690.0,263960347.9,target_year,,,,,,,,,,SOE_target,0.191563,0.300981,24.87405929,0.042729406,0.161142974,0.85904435,0.455503934,0.086612014,0.401992223,2.17029789,0.032383717,True,CSI_nonSOE,0.14564991401473842,0.300981,-0.15533108598526157,-11705440014.956802,0.0,1,0,,
002415.SZ,海康威视,CSI,中央国有企业,信息技术,硬件设备,信息技术--硬件设备--电子设备、仪器和元件--电子设备和仪器,2020,,,,,,,,,,88701682384.0,,0.155372267,13385526714.0,396254772.6,target_year,,,,,,,,,,SOE_target,0.186188,0.271241,25.04551593,0.047163914,0.145048886,0.824543671,0.537508164,0.085230157,0.396575563,2.722115508,0.025574974,True,CSI_nonSOE,0.14228444380944258,0.271241,-0.12895655619055743,-11438663488.549274,0.0,1,0,,
002415.SZ,海康威视,CSI,中央国有企业,信息技术,硬件设备,信息技术--硬件设备--电子设备、仪器和元件--电子设备和仪器,2021,,,,,,,,,,103865000000.0,,0.160469273,16800411032.0,-133343257.8,target_year,,,,,,,,,,SOE_target,0.191812,0.286561,25.20854469,0.045166439,0.129289002,0.769076065,0.490836144,0.082312337,0.385809356,2.394335055,0.022588391,True,CSI_nonSOE,0.13053082097805974,0.286561,-0.15603017902194027,-16206074544.113827,0.0,1,0,,
002415.SZ,海康威视,CSI,中央国有企业,信息技术,硬件设备,信息技术--硬件设备--电子设备、仪器和元件--电子设备和仪器,2022,,,,,,,,,,119233000000.0,,0.099359342,12837342061.0,-990401533.3,target_year,,,,,,,,,,SOE_target,0.13317,0.194726,25.36635342,0.045900932,0.108896372,0.839805353,0.507657056,0.086833548,0.370385309,2.583807297,0.029830304,True,CSI_nonSOE,0.13298871162990789,0.194726,-0.061737288370092125,-7361122104.2311945,0.0,1,0,,
002415.SZ,海康威视,CSI,中央国有企业,信息技术,硬件设备,信息技术--硬件设备--电子设备、仪器和元件--电子设备和仪器,2023,,,,,,,,,,138848007548.55,,0.096205,14107621359.66,-749780213.12,target_year,,,,,,,,,,SOE_target,0.124759,0.19493300000000002,25.504348,0.043681,0.117158,0.740343,0.532996,0.103248,0.388005,2.849789,0.031499,True,CSI_nonSOE,0.12040047702660252,0.19493300000000002,-0.0745325229733975,-10348692312.422771,0.0,1,0,,
002415.SZ,海康威视,CSI,中央国有企业,信息技术,硬件设备,信息技术--硬件设备--电子设备、仪器和元件--电子设备和仪器,2024,,,,,,,,,,132016200156.14,,0.089856,11977327023.54,-114817493.16,target_year,,,,,,,,,,SOE_target,0.105061,0.152555,25.656646,0.046315,0.108206,0.686878,0.495065,0.113908,0.408248,2.54774,0.029153,True,CSI_nonSOE,0.10992821650160738,0.152555,-0.04262678349839262,-5627425982.336246,0.0,1,0,,
002415.SZ,海康威视,CSI,中央国有企业,信息技术,硬件设备,信息技术--硬件设备--电子设备、仪器和元件--电子设备和仪器,2025,,,,,,,,,,138049655334.62,,0.09902,14195371894.42,-525631319.14,target_year,,,,,,,,,,SOE_target,0.122102,0.173097,25.60619,0.040657,0.114376,0.677854,0.491118,0.149703,0.3372,2.722287,0.035342,True,CSI_nonSOE,0.11000771964109009,0.173097,-0.06308928035890991,-8709453408.856724,0.0,1,0,,
002916.SZ,深南电路,CSI,中央国有企业,信息技术,硬件设备,信息技术--硬件设备--电子设备、仪器和元件--电子元件,2019,,,,,,,,,,12219367752.0,,0.106777221,1232775470.0,71974663.41,target_year,,,,,,,,,,SOE_target,0.141637,0.282642,22.86631694,0.006511296,0.161142974,0.943171377,0.08392133,0.44465338,0.563211503,1.206723487,0.138914307,True,CSI_nonSOE,0.19809504340933964,0.282642,-0.08454695659066036,-1033110354.8936591,0.0,1,0,,
002916.SZ,深南电路,CSI,中央国有企业,信息技术,硬件设备,信息技术--硬件设备--电子设备、仪器和元件--电子元件,2020,,,,,,,,,,14007819588.0,,0.112944465,1430111325.0,151994362.1,target_year,,,,,,,,,,SOE_target,0.12245900000000001,0.229887,23.22628805,0.008620163,0.145048886,1.008631414,0.106987996,0.445034903,0.59057465,1.279956481,0.178626968,True,CSI_nonSOE,0.1954548993877359,0.229887,-0.03443210061226412,-482318653.41246015,0.0,1,0,,
002916.SZ,深南电路,CSI,中央国有企业,信息技术,硬件设备,信息技术--硬件设备--电子设备、仪器和元件--电子元件,2021,,,,,,,,,,16792291128.0,,0.093566268,1480637000.0,90555003.5,target_year,,,,,,,,,,SOE_target,0.110082,0.18556699999999998,23.36288155,0.008259297,0.129289002,0.879724453,0.072009507,0.526130613,0.468558656,1.204513334,0.17747026,True,CSI_nonSOE,0.18086195855007808,0.18556699999999998,-0.004705041449921898,-79008425.79639575,0.0,1,0,,
002916.SZ,深南电路,CSI,中央国有企业,信息技术,硬件设备,信息技术--硬件设备--电子设备、仪器和元件--电子元件,2022,,,,,,,,,,20726545629.0,,0.0835519,1639730778.0,92011499.06,target_year,,,,,,,,,,SOE_target,0.095471,0.157922,23.54418576,0.007865785,0.108896372,0.899760732,0.078770102,0.501596784,0.492620274,1.222400459,0.15830631,True,CSI_nonSOE,0.1763443754507853,0.157922,0.01842237545078529,381832205.3752707,381832205.3752707,1,0,,
002916.SZ,深南电路,CSI,中央国有企业,信息技术,硬件设备,信息技术--硬件设备--电子设备、仪器和元件--电子元件,2023,,,,,,,,,,22606867760.88,,0.063229,1398114737.36,31298099.48,target_year,,,,,,,,,,SOE_target,0.064536,0.109944,23.754681,0.007355,0.117158,0.741247,0.090198,0.514089,0.408832,1.278677,0.162967,True,CSI_nonSOE,0.157760248424468,0.109944,0.04781624842446801,1080975604.953335,1080975604.953335,1,0,,
002916.SZ,深南电路,CSI,中央国有企业,信息技术,硬件设备,信息技术--硬件设备--电子设备、仪器和元件--电子元件,2024,,,,,,,,,,25302247864.46,,0.076054,1877565481.01,46765939.29,target_year,,,,,,,,,,SOE_target,0.084467,0.135073,23.84152,0.007014,0.108206,0.619557,0.096065,0.565125,0.416686,1.338012,0.143748,True,CSI_nonSOE,0.14542331804197842,0.135073,0.010350318041978418,261886312.57413024,261886312.57413024,1,0,,
002916.SZ,深南电路,CSI,中央国有企业,信息技术,硬件设备,信息技术--硬件设备--电子设备、仪器和元件--电子元件,2025,,,,,,,,,,30582928717.03,,0.108703,3275738151.27,48731905.76,target_year,,,,,,,,,,SOE_target,0.131432,0.20623899999999998,23.954159,0.007873,0.114376,0.742132,0.132985,0.524988,0.421162,1.449279,0.099851,True,CSI_nonSOE,0.1510584556854905,0.20623899999999998,-0.05518054431450947,-1687582653.3375583,0.0,1,0,,
003816.SZ,中国广核,CSI,中央国有企业,公用事业,公用事业Ⅱ,公用事业--公用事业Ⅱ--电力--独立电力生产商与能源贸易商,2019,,,,,,,,,,387975000000.0,,0.045009464,9465700356.0,7996857032.0,target_year,,,,,,,,,,SOE_target,0.06401,0.117647,26.63285761,0.085571585,0.148389593,0.139621345,-0.014209997,0.774577497,0.693056818,0.913613736,0.045123692,True,CSI_nonSOE,0.12322215630534235,0.117647,0.005575156305342346,2163021267.565197,2163021267.565197,0,1,FixedAssetsRatio_lag,
003816.SZ,中国广核,CSI,中央国有企业,公用事业,公用事业Ⅱ,公用事业--公用事业Ⅱ--电力--独立电力生产商与能源贸易商,2020,,,,,,,,,,391898000000.0,,0.044930235,9562307621.0,8045778572.0,target_year,,,,,,,,,,SOE_target,0.06333899999999999,0.103334,26.68420735,0.090254192,0.143602423,0.160932424,-0.013131035,0.763438583,0.651282207,0.92398275,0.04034608,True,CSI_nonSOE,0.12426217028151837,0.103334,0.020928170281518374,8201708076.986487,8201708076.986487,0,1,FixedAssetsRatio_lag,
003816.SZ,中国广核,CSI,中央国有企业,公用事业,公用事业Ⅱ,公用事业--公用事业Ⅱ--电力--独立电力生产商与能源贸易商,2021,,,,,,,,,,399993000000.0,,0.04216241,9732589251.0,7132079812.0,target_year,,,,,,,,,,SOE_target,0.063404,0.099219,26.69426839,0.092811085,0.126082379,0.181015769,-0.035490015,0.754839381,0.638603741,0.819728027,0.034455814,True,CSI_nonSOE,0.12400603636603108,0.099219,0.02478703636603108,9914641037.15787,9914641037.15787,0,1,FixedAssetsRatio_lag,
003816.SZ,中国广核,CSI,中央国有企业,公用事业,公用事业Ⅱ,公用事业--公用事业Ⅱ--电力--独立电力生产商与能源贸易商,2022,,,,,,,,,,409016000000.0,,0.040171345,9964854412.0,6465851165.0,target_year,,,,,,,,,,SOE_target,0.061731,0.095844,26.7147129,0.08643896,0.130392082,0.203762149,-0.023385318,0.743371583,0.622717326,0.879022892,0.036102671,True,CSI_nonSOE,0.12395681723152384,0.095844,0.02811281723152384,11498592052.768955,11498592052.768955,1,0,,
003816.SZ,中国广核,CSI,中央国有企业,公用事业,公用事业Ⅱ,公用事业--公用事业Ⅱ--电力--独立电力生产商与能源贸易商,2023,,,,,,,,,,415250356776.35,,0.039698,10724570116.68,5759954182.21,target_year,,,,,,,,,,SOE_target,0.063124,0.097379,26.737019,0.075777,0.129341,0.20475,-0.013759,0.736067,0.613878,0.926082,0.028947,True,CSI_nonSOE,0.12305250650418902,0.097379,0.025673506504189023,10660932735.564434,10660932735.564434,1,0,,
003816.SZ,中国广核,CSI,中央国有企业,公用事业,公用事业Ⅱ,公用事业--公用事业Ⅱ--电力--独立电力生产商与能源贸易商,2024,,,,,,,,,,425400654520.48,,0.038407,10813873224.82,5524691866.4,target_year,,,,,,,,,,SOE_target,0.063887,0.09295199999999999,26.752147,0.071651,0.121904,0.200296,-0.011078,0.729698,0.601917,0.940557,0.034307,True,CSI_nonSOE,0.12350092504556023,0.09295199999999999,0.03054892504556024,12995532709.27841,12995532709.27841,1,0,,
003816.SZ,中国广核,CSI,中央国有企业,公用事业,公用事业Ⅱ,公用事业--公用事业Ⅱ--电力--独立电力生产商与能源贸易商,2025,,,,,,,,,,505656118063.91,,0.028808,9765358959.88,4801744225.58,target_year,,,,,,,,,,SOE_target,0.049821,0.080496,26.776297,0.075761,0.118327,0.206517,-0.018778,0.721087,0.594932,0.904312,0.04623,True,CSI_nonSOE,0.12450552426902678,0.080496,0.04400952426902678,22253685199.71552,22253685199.71552,1,0,,
300413.SZ,芒果超媒,CSI,地方国有企业,通讯服务,传媒,通讯服务--传媒--娱乐--电影和娱乐,2019,,,,,,,,,,17078206150.0,,0.068641107,1156285254.0,15981713.9,target_year,,,,,,,,,,SOE_target,0.077256,0.160336,23.21741108,0.332789181,0.370261017,1.329485085,0.205253854,0.017091947,0.531493876,1.402285603,0.002639844,True,CSI_nonSOE,0.21542043649633644,0.160336,0.05508443649633643,940743362.1410173,940743362.1410173,1,0,,
300413.SZ,芒果超媒,CSI,地方国有企业,通讯服务,传媒,通讯服务--传媒--娱乐--电影和娱乐,2020,,,,,,,,,,19265699803.0,,0.103587808,1982159477.0,13532130.1,target_year,,,,,,,,,,SOE_target,0.103658,0.20464300000000002,23.56106899,0.4032528,0.333824483,0.849908238,0.222062882,0.010575241,0.483554812,1.477902145,0.009132519,True,CSI_nonSOE,0.1687456826443098,0.20464300000000002,-0.03589731735569021,-691586939.9077494,0.0,1,0,,
300413.SZ,芒果超媒,CSI,地方国有企业,通讯服务,传媒,通讯服务--传媒--娱乐--电影和娱乐,2021,,,,,,,,,,26110751405.0,,0.077090077,2114090172.0,-101210337.2,target_year,,,,,,,,,,SOE_target,0.09319699999999999,0.153449,23.68159214,0.467603506,0.39041121,0.769513174,0.225144904,0.00970244,0.448697875,1.50511888,0.003631273,True,CSI_nonSOE,0.15567036089907402,0.153449,0.0022213608990740152,58001402.21650891,58001402.21650891,1,0,,
300413.SZ,芒果超媒,CSI,地方国有企业,通讯服务,传媒,通讯服务--传媒--娱乐--电影和娱乐,2022,,,,,,,,,,29049673557.0,,0.05829542,1824925936.0,-131463023.7,target_year,,,,,,,,,,SOE_target,0.064042,0.101902,23.985613,0.424702545,0.366576045,0.675635515,0.383604379,0.007064153,0.349035806,2.127365039,0.007414667,True,CSI_nonSOE,0.150311847694326,0.101902,0.048409847694326005,1406290272.4642596,1406290272.4642596,1,0,,
300413.SZ,芒果超媒,CSI,地方国有企业,通讯服务,传媒,通讯服务--传媒--娱乐--电影和娱乐,2023,,,,,,,,,,31422386654.49,,0.108459,3555705558.9,-147667394.09,target_year,,,,,,,,,,SOE_target,0.061204,0.176273,24.092273,0.480307,0.365677,0.493612,0.391559,0.005689,0.352615,2.130679,0.006457,True,CSI_nonSOE,0.13276423632507264,0.176273,-0.04350876367492737,-1367149195.0523973,0.0,1,0,,
300413.SZ,芒果超媒,CSI,地方国有企业,通讯服务,传媒,通讯服务--传媒--娱乐--电影和娱乐,2024,,,,,,,,,,32530165142.43,,0.036125,1364348174.2,-189180203.0,target_year,,,,,,,,,,SOE_target,0.049221,0.062042,24.170786,0.444981,0.35057,0.480483,0.3518,0.004532,0.320114,2.12108,0.004782,True,CSI_nonSOE,0.12664810027774714,0.062042,0.06460610027774714,2101647111.2435074,2101647111.2435074,1,0,,
300413.SZ,芒果超媒,CSI,地方国有企业,通讯服务,传媒,通讯服务--传媒--娱乐--电影和娱乐,2025,,,,,,,,,,33171867484.43,,0.036738,1227146306.33,-8478642.08,target_year,,,,,,,,,,SOE_target,0.027166000000000003,0.053520000000000005,24.205434,0.421076,0.338999,0.438059,0.248058,0.004037,0.307417,1.823166,0.005059,True,CSI_nonSOE,0.11523415726709196,0.053520000000000005,0.06171415726709196,2047173846.7772472,2047173846.7772472,1,0,,
301269.SZ,华大九天,CSI,中央国有企业,信息技术,软件服务,信息技术--软件服务--软件--应用软件,2020,,,,,,,,,,1340618263.0,,0.076569311,103558656.1,-908439.35,target_year,,,,,,,,,,SOE_target,0.10196999999999999,0.153531,20.3529773,0.004452496,0.156571733,0.420432719,0.475532197,0.109044942,0.287859574,2.845732996,0.046978305,True,CSI_nonSOE,0.17734571318377934,0.153531,0.02381471318377934,31926439.42228146,31926439.42228146,0,1,FirmSize_lag,
301269.SZ,华大九天,CSI,中央国有企业,信息技术,软件服务,信息技术--软件服务--软件--应用软件,2021,,,,,,,,,,1801574166.0,,0.077496324,139305915.6,309460.2,target_year,,,,,,,,,,SOE_target,0.088668,0.150455,21.01639674,0.006199286,0.151169635,0.403277081,0.390839565,0.168835429,0.360539946,3.144446132,0.272559931,True,CSI_nonSOE,0.17365047343980405,0.150455,0.02319547343980405,41788365.71729013,41788365.71729013,1,0,,
301269.SZ,华大九天,CSI,中央国有企业,信息技术,软件服务,信息技术--软件服务--软件--应用软件,2022,,,,,,,,,,5395667291.0,,0.02931664,185508367.6,-27325534.6,target_year,,,,,,,,,,SOE_target,0.051550000000000006,0.065706,21.31192666,0.007100149,0.153055264,0.363368354,0.283224088,0.263035157,0.447970087,2.472137664,0.209888857,True,CSI_nonSOE,0.16529575640410737,0.065706,0.09958975640410737,537353191.1482999,537353191.1482999,1,0,,
301269.SZ,华大九天,CSI,中央国有企业,信息技术,软件服务,信息技术--软件服务--软件--应用软件,2023,,,,,,,,,,5535537490.15,,0.025511,200722810.92,-59506122.71,target_year,,,,,,,,,,SOE_target,0.036657,0.042546999999999995,22.408862,0.00896,0.14694,0.218057,0.684761,0.099677,0.13781,9.389767,0.07788,True,CSI_nonSOE,0.11301794293796756,0.042546999999999995,0.07047094293796757,390094546.59934086,390094546.59934086,1,0,,
301269.SZ,华大九天,CSI,中央国有企业,信息技术,软件服务,信息技术--软件服务--软件--应用软件,2024,,,,,,,,,,5628841870.04,,0.00873,109478790.34,-60339408.44,target_year,,,,,,,,,,SOE_target,0.009101,0.022371,22.434455,0.011111,0.139728,0.182471,0.555102,0.101333,0.135884,7.250245,0.020717,True,CSI_nonSOE,0.10781817159059998,0.022371,0.08544717159059997,480968617.1256615,480968617.1256615,1,0,,
301269.SZ,华大九天,CSI,中央国有企业,信息技术,软件服务,信息技术--软件服务--软件--应用软件,2025,,,,,,,,,,6327842567.91,,0.002881,60983525.27,-42752826.3,target_year,,,,,,,,,,SOE_target,0.003333,0.011892,22.45117,0.011267,0.169431,0.215974,0.534887,0.095337,0.110967,7.747215,0.014054,True,CSI_nonSOE,0.10152988592908838,0.011892,0.08963788592908838,567214430.2795463,567214430.2795463,1,0,,
302132.SZ,中航成飞,CSI,中央国有企业,工业,国防军工,工业--国防军工--航空航天与国防Ⅲ--航空航天,2019,,,,,,,,,,2488073274.0,,0.085373876,212416459.5,0.0,target_year,,,,,,,,,,SOE_target,0.10238699999999999,0.138862,21.44747873,0.015943973,0.285442207,0.641176276,0.39772466,0.226683045,0.267876613,2.581204273,0.020522082,True,CSI_nonSOE,0.19505814049130696,0.138862,0.056196140491306945,139820115.25837004,139820115.25837004,1,0,,
302132.SZ,中航成飞,CSI,中央国有企业,工业,国防军工,工业--国防军工--航空航天与国防Ⅲ--航空航天,2020,,,,,,,,,,2933073285.0,,0.085369507,262505398.2,-12110378.84,target_year,,,,,,,,,,SOE_target,0.11345599999999999,0.149552,21.63477446,0.016380091,0.279462147,0.672514606,0.383429525,0.190144896,0.330304191,2.213912023,0.018979576,True,CSI_nonSOE,0.19120848142230412,0.149552,0.04165648142230413,122181512.80685905,122181512.80685905,1,0,,
302132.SZ,中航成飞,CSI,中央国有企业,工业,国防军工,工业--国防军工--航空航天与国防Ⅲ--航空航天,2021,,,,,,,,,,3299177131.0,,0.093446643,307007852.7,1289174.33,target_year,,,,,,,,,,SOE_target,0.109764,0.15221500000000002,21.79931661,0.017393366,0.273615357,0.643864279,0.380180108,0.15930884,0.326786323,2.195231823,0.054289079,True,CSI_nonSOE,0.1848035103707572,0.15221500000000002,0.03258851037075719,107515268.14855845,107515268.14855845,1,0,,
302132.SZ,中航成飞,CSI,中央国有企业,工业,国防军工,工业--国防军工--航空航天与国防Ⅲ--航空航天,2022,,,,,,,,,,3653386274.0,,0.053896446,192869415.8,4035120.0,target_year,,,,,,,,,,SOE_target,0.061519000000000004,0.087141,21.91693892,0.017013231,0.271325141,0.618467046,0.331618995,0.194091611,0.333050818,2.025433447,0.079859872,True,CSI_nonSOE,0.17711907524612625,0.087141,0.08997807524612625,328724665.0651368,328724665.0651368,1,0,,
302132.SZ,中航成飞,CSI,中央国有企业,工业,国防军工,工业--国防军工--航空航天与国防Ⅲ--航空航天,2023,,,,,,,,,,3974910728.94,,0.023927,98167133.37,-3060194.8,target_year,,,,,,,,,,SOE_target,0.024353,0.041905,22.01892,0.014535,0.272876,0.542331,0.285757,0.253218,0.359161,1.879366,0.060375,True,CSI_nonSOE,0.16353979289585824,0.041905,0.12163479289585824,483487443.2941418,483487443.2941418,1,0,,
302132.SZ,中航成飞,CSI,中央国有企业,工业,国防军工,工业--国防军工--航空航天与国防Ⅲ--航空航天,2024,,,,,,,,,,4240904107.27,,0.028572,112308792.39,8862120.9,target_year,,,,,,,,,,SOE_target,0.030506000000000002,0.045963000000000004,22.103268,0.01023,0.247277,0.433118,0.301447,0.267885,0.389709,2.05273,0.060168,True,CSI_nonSOE,0.1531298027211233,0.045963000000000004,0.1071668027211233,454484133.8230056,454484133.8230056,1,0,,
302132.SZ,中航成飞,CSI,中央国有企业,工业,国防军工,工业--国防军工--航空航天与国防Ⅲ--航空航天,2025,,,,,,,,,,114547703019.42,,0.030012,3432289851.96,5548186.19,target_year,,,,,,,,,,SOE_target,0.069925,0.289526,22.168042,0.010955,0.253215,0.427063,0.310679,0.281781,0.400591,2.116237,0.032194,True,CSI_nonSOE,0.1493832384639066,0.289526,-0.1401427615360934,-16053031428.757822,0.0,1,0,,
600009.SH,上海机场,CSI,地方国有企业,工业,交通运输,工业--交通运输--交通基础设施--机场服务,2019,,,,,,,,,,37171229056.0,,0.135325363,5030210053.0,0.0,target_year,,,,,,,,,,SOE_target,0.18968,0.16697700000000001,24.15495134,0.010667317,0.111099702,0.317768449,0.26997457,0.538896291,0.074177692,4.651502557,0.115411128,True,CSI_nonSOE,0.07408432323185729,0.16697700000000001,-0.09289267676814272,-3452934965.773603,0.0,1,0,,
600009.SH,上海机场,CSI,地方国有企业,工业,交通运输,工业--交通运输--交通基础设施--机场服务,2020,,,,,,,,,,33202181016.0,,-0.046464322,-1266651388.0,-276065448.4,target_year,,,,,,,,,,SOE_target,-0.043074,-0.04138,24.33880089,0.01129868,0.108646931,0.321133894,0.208572246,0.544341853,0.127020399,2.644322879,0.061933017,True,CSI_nonSOE,0.07178809571310088,-0.04138,0.11316809571310088,3757427599.102389,3757427599.102389,1,0,,
600009.SH,上海机场,CSI,地方国有企业,工业,交通运输,工业--交通运输--交通基础设施--机场服务,2021,,,,,,,,,,51426088634.0,,-0.024815916,-1710938710.0,434753220.5,target_year,,,,,,,,,,SOE_target,-0.053886,-0.060328999999999994,24.2258814,0.005403886,0.123286456,0.122176142,0.186864173,0.587093421,0.109730278,2.713927985,0.039917988,True,CSI_nonSOE,0.06215082536017745,-0.060328999999999994,0.12247982536017744,6298658354.849326,6298658354.849326,1,0,,
600009.SH,上海机场,CSI,地方国有企业,工业,交通运输,工业--交通运输--交通基础设施--机场服务,2022,,,,,,,,,,67775098796.0,,-0.037307282,-2994949875.0,466445182.7,target_year,,,,,,,,,,SOE_target,-0.064178,-0.089252,24.66341144,0.003380414,0.15352339,0.087950406,0.070495039,0.374915455,0.461247466,1.455015779,0.029224342,True,CSI_nonSOE,0.03512414958872906,-0.089252,0.12437614958872906,8429605826.242187,8429605826.242187,0,1,AssetTurnover_lag,
600009.SH,上海机场,CSI,地方国有企业,工业,交通运输,工业--交通运输--交通基础设施--机场服务,2023,,,,,,,,,,69480530979.72,,0.019528,934049713.44,422770066.22,target_year,,,,,,,,,,SOE_target,0.020225,0.023308,24.939461,0.004577,0.180808,0.090186,0.110696,0.392449,0.399433,1.849756,0.018317,True,CSI_nonSOE,0.02583575859763973,0.023308,0.002527758597639731,175630009.5525609,175630009.5525609,0,1,AssetTurnover_lag,
600009.SH,上海机场,CSI,地方国有企业,工业,交通运输,工业--交通运输--交通基础设施--机场服务,2024,,,,,,,,,,70046212107.27,,0.03427,1933948719.51,466522580.65,target_year,,,,,,,,,,SOE_target,0.045598,0.047057,24.964312,0.008884,0.114556,0.157351,0.116209,0.374799,0.395132,1.836529,0.017904,True,CSI_nonSOE,0.029615264990121848,0.047057,-0.017441735009878154,-1221727470.0207222,0.0,1,0,,
600009.SH,上海机场,CSI,地方国有企业,工业,交通运输,工业--交通运输--交通基础设施--机场服务,2025,,,,,,,,,,71678547661.74,,0.035391,2116775136.25,419999345.8,target_year,,,,,,,,,,SOE_target,0.048545,0.050284,24.972421,0.008704,0.116886,0.173305,0.148691,0.359696,0.378552,2.103956,0.027949,True,CSI_nonSOE,0.03094558716833895,0.050284,-0.019338412831661052,-1386149345.8566213,0.0,1,0,,
600010.SH,包钢股份,CSI,地方国有企业,材料,钢铁Ⅱ,材料--钢铁Ⅱ--钢铁Ⅲ--钢铁Ⅳ,2019,,,,,,,,,,147087000000.0,,0.020683039,667930745.0,2374267551.0,target_year,,,,,,,,,,SOE_target,0.024859,0.012701,25.72587357,0.174587004,0.659924097,0.451986254,-0.235444349,0.471268423,0.646037382,0.561392251,0.016541917,True,CSI_nonSOE,0.07304015314984036,0.012701,0.060339153149840355,8875105019.350569,8875105019.350569,0,1,HHI_lag,
600010.SH,包钢股份,CSI,地方国有企业,材料,钢铁Ⅱ,材料--钢铁Ⅱ--钢铁Ⅲ--钢铁Ⅳ,2020,,,,,,,,,,144222000000.0,,0.02008244,405957990.0,2490377141.0,target_year,,,,,,,,,,SOE_target,0.021772,0.007696,25.71428751,0.147407036,0.517023931,0.423508272,-0.181707264,0.468132667,0.585405843,0.607224895,0.013326807,True,CSI_nonSOE,0.06822304077418487,0.007696,0.060527040774184866,8729330874.53449,8729330874.53449,1,0,,
600010.SH,包钢股份,CSI,地方国有企业,材料,钢铁Ⅱ,材料--钢铁Ⅱ--钢铁Ⅲ--钢铁Ⅳ,2021,,,,,,,,,,147968000000.0,,0.033773765,2866448328.0,2130985927.0,target_year,,,,,,,,,,SOE_target,0.039842,0.053052999999999996,25.69462152,0.141260049,0.51422962,0.402798272,-0.126304511,0.463882778,0.57276154,0.682397053,0.007599126,True,CSI_nonSOE,0.06832313799004477,0.053052999999999996,0.015270137990044778,2259491778.1109457,2259491778.1109457,1,0,,
600010.SH,包钢股份,CSI,地方国有企业,材料,钢铁Ⅱ,材料--钢铁Ⅱ--钢铁Ⅲ--钢铁Ⅳ,2022,,,,,,,,,,146722000000.0,,0.008217907,-729956771.6,1935705241.0,target_year,,,,,,,,,,SOE_target,0.004838,-0.013555999999999999,25.72026144,0.15636373,0.499605416,0.583180909,-0.168313007,0.406013773,0.566103529,0.625593506,0.00641977,True,CSI_nonSOE,0.0810626579355211,-0.013555999999999999,0.0946186579355211,13882638729.615526,13882638729.615526,1,0,,
600010.SH,包钢股份,CSI,地方国有企业,材料,钢铁Ⅱ,材料--钢铁Ⅱ--钢铁Ⅲ--钢铁Ⅳ,2023,,,,,,,,,,151775636822.69,,0.016546,515270562.53,1995948456.05,target_year,,,,,,,,,,SOE_target,0.016189,0.009885,25.711806,0.13229,0.520062,0.480279,-0.201207,0.42375,0.581556,0.564601,0.00666,True,CSI_nonSOE,0.07029624841344555,0.009885,0.06041124841344555,9168955699.20442,9168955699.20442,1,0,,
600010.SH,包钢股份,CSI,地方国有企业,材料,钢铁Ⅱ,材料--钢铁Ⅱ--钢铁Ⅲ--钢铁Ⅳ,2024,,,,,,,,,,155125400366.74,,0.015523,264629175.96,2143386028.83,target_year,,,,,,,,,,SOE_target,0.014527000000000002,0.005102,25.745669,0.131409,0.490176,0.462663,-0.205062,0.44482,0.595039,0.556477,0.011571,True,CSI_nonSOE,0.06782119005820031,0.005102,0.06271919005820031,9729339468.455982,9729339468.455982,1,0,,
600010.SH,包钢股份,CSI,地方国有企业,材料,钢铁Ⅱ,材料--钢铁Ⅱ--钢铁Ⅲ--钢铁Ⅳ,2025,,,,,,,,,,151673460592.94,,0.014627,373622495.09,1844903595.26,target_year,,,,,,,,,,SOE_target,0.015224,0.007188,25.7675,0.13429,0.484294,0.434063,-0.192026,0.428071,0.604798,0.579791,0.011855,True,CSI_nonSOE,0.06480022882192243,0.007188,0.057612228821922434,8738246117.893295,8738246117.893295,1,0,,
600011.SH,华能国际,CSI,中央国有企业,公用事业,公用事业Ⅱ,公用事业--公用事业Ⅱ--电力--电力公用事业,2019,,,,,,,,,,428250000000.0,,0.026921334,766345000.0,10762718000.0,target_year,,,,,,,,,,SOE_target,0.032111,0.007541,26.76329031,0.285447759,0.148389593,0.415314426,-0.181963664,0.671729097,0.72345617,0.447151161,0.04931611,True,CSI_nonSOE,0.15366180601258678,0.007541,0.14612080601258678,62576235174.89029,62576235174.89029,1,0,,
600011.SH,华能国际,CSI,中央国有企业,公用事业,公用事业Ⅱ,公用事业--公用事业Ⅱ--电力--电力公用事业,2020,,,,,,,,,,449905000000.0,,0.02573537,2377851000.0,9200612000.0,target_year,,,,,,,,,,SOE_target,0.03116,0.019927999999999998,26.78297312,0.257988212,0.143602423,0.410325317,-0.188765901,0.666953567,0.695553936,0.42918532,0.07328115,True,CSI_nonSOE,0.15161603452036673,0.019927999999999998,0.13168803452036673,59247105170.8856,59247105170.8856,1,0,,
600011.SH,华能国际,CSI,中央国有企业,公用事业,公用事业Ⅱ,公用事业--公用事业Ⅱ--电力--电力公用事业,2021,,,,,,,,,,500771000000.0,,-0.003670327,-10636194000.0,8798200000.0,target_year,,,,,,,,,,SOE_target,-0.013907000000000001,-0.08757899999999999,26.83230153,0.222803186,0.126082379,0.385914541,-0.195397977,0.66718834,0.663003716,0.429331065,0.094593931,True,CSI_nonSOE,0.14771660968984024,-0.08757899999999999,0.23529560968984023,117829217759.99098,117829217759.99098,1,0,,
600011.SH,华能国际,CSI,中央国有企业,公用事业,公用事业Ⅱ,公用事业--公用事业Ⅱ--电力--电力公用事业,2022,,,,,,,,,,512222000000.0,,0.003779402,-8026233000.0,9962125000.0,target_year,,,,,,,,,,SOE_target,-0.002352,-0.070186,26.93941519,0.21921326,0.130392082,0.430441304,-0.187565045,0.640191789,0.733295352,0.496094243,0.085978992,True,CSI_nonSOE,0.1495311400893434,-0.070186,0.2197171400893434,112543952930.84366,112543952930.84366,0,1,FirmSize_lag,
600011.SH,华能国际,CSI,中央国有企业,公用事业,公用事业Ⅱ,公用事业--公用事业Ⅱ--电力--电力公用事业,2023,,,,,,,,,,550316013000.0,,0.031428,8357460000.0,8938084000.0,target_year,,,,,,,,,,SOE_target,0.039355,0.065696,26.962024,0.225738,0.129341,0.48712,-0.165185,0.656213,0.735825,0.506159,0.079233,True,CSI_nonSOE,0.15458037964332313,0.065696,0.08888437964332313,48914497423.29195,48914497423.29195,0,1,FirmSize_lag,
600011.SH,华能国际,CSI,中央国有企业,公用事业,公用事业Ⅱ,公用事业--公用事业Ⅱ--电力--电力公用事业,2024,,,,,,,,,,595576880000.0,,0.030174,10184633000.0,7786460000.0,target_year,,,,,,,,,,SOE_target,0.043636999999999995,0.072089,27.033759,0.220813,0.121904,0.478847,-0.133115,0.669935,0.674088,0.55332,0.106634,True,CSI_nonSOE,0.1570315947921321,0.072089,0.0849425947921321,50589845585.40229,50589845585.40229,0,1,FirmSize_lag,
600011.SH,华能国际,CSI,中央国有企业,公用事业,公用事业Ⅱ,公用事业--公用事业Ⅱ--电力--电力公用事业,2025,,,,,,,,,,619678043000.0,,0.034876,14536770000.0,7075104000.0,target_year,,,,,,,,,,SOE_target,0.04979,0.09944900000000001,27.112796,0.214312,0.118327,0.428576,-0.138418,0.676548,0.646428,0.538775,0.103737,True,CSI_nonSOE,0.15205648171312636,0.09944900000000001,0.05260748171312635,32599701315.148422,32599701315.148422,0,1,FirmSize_lag,
600018.SH,上港集团,CSI,地方国有企业,工业,交通运输,工业--交通运输--交通基础设施--海港与服务,2019,,,,,,,,,,142177000000.0,,0.071946458,9062278384.0,1166874402.0,target_year,,,,,,,,,,SOE_target,0.088708,0.115,25.69562474,0.043247584,0.111099702,0.263775755,0.111980011,0.224977432,0.429576738,1.510355431,0.009939284,True,CSI_nonSOE,0.012259066403071006,0.115,-0.102740933596929,-14607397716.010574,0.0,1,0,,
600018.SH,上港集团,CSI,地方国有企业,工业,交通运输,工业--交通运输--交通基础设施--海港与服务,2020,,,,,,,,,,155925000000.0,,0.058674426,8307143208.0,841651919.0,target_year,,,,,,,,,,SOE_target,0.07094400000000001,0.097976,25.68034068,0.036949366,0.108646931,0.249586126,0.148127441,0.226792005,0.361439131,2.088994379,0.018116082,True,CSI_nonSOE,0.01186372820947304,0.097976,-0.08611227179052695,-13427055978.937916,0.0,1,0,,
600018.SH,上港集团,CSI,地方国有企业,工业,交通运输,工业--交通运输--交通基础设施--海港与服务,2021,,,,,,,,,,170787000000.0,,0.091969319,14682049061.0,1025159017.0,target_year,,,,,,,,,,SOE_target,0.11466,0.156769,25.77263936,0.03221372,0.123286456,0.171935177,0.136270403,0.219397156,0.384449232,1.948323212,0.026470955,True,CSI_nonSOE,0.0035237164599664916,0.156769,-0.1532452835400335,-26172302239.951702,0.0,1,0,,
600018.SH,上港集团,CSI,地方国有企业,工业,交通运输,工业--交通运输--交通基础设施--海港与服务,2022,,,,,,,,,,181802000000.0,,0.100678041,17223915521.0,1079524113.0,target_year,,,,,,,,,,SOE_target,0.11762299999999999,0.162399,25.8636858,0.030346527,0.15352339,0.204515865,0.124531649,0.198931958,0.368773225,1.726333925,0.025329621,True,CSI_nonSOE,-0.0015128000883102843,0.162399,-0.16391180008831027,-29799493079.654984,0.0,1,0,,
600018.SH,上港集团,CSI,地方国有企业,工业,交通运输,工业--交通运输--交通基础设施--海港与服务,2023,,,,,,,,,,203575515172.97,,0.068344,13203137528.87,710060052.85,target_year,,,,,,,,,,SOE_target,0.08431699999999999,0.112127,25.926182,0.03082,0.180808,0.205288,0.113647,0.204329,0.333521,1.798842,0.031603,True,CSI_nonSOE,-0.00581228899883901,0.112127,-0.11793928899883901,-24009551517.072445,0.0,1,0,,
600018.SH,上港集团,CSI,地方国有企业,工业,交通运输,工业--交通运输--交通基础设施--海港与服务,2024,,,,,,,,,,212055541073.03,,0.0729,14954353821.25,504486954.24,target_year,,,,,,,,,,SOE_target,0.092489,0.11661099999999999,26.039303,0.030003,0.114556,0.18927,0.148418,0.217938,0.331028,2.323133,0.039309,True,CSI_nonSOE,-0.0040627948349200305,0.11661099999999999,-0.12067379483492002,-25589546857.05478,0.0,1,0,,
600018.SH,上港集团,CSI,地方国有企业,工业,交通运输,工业--交通运输--交通基础设施--海港与服务,2025,,,,,,,,,,221735642992.73,,0.064018,13564589175.03,630411404.37,target_year,,,,,,,,,,SOE_target,0.086867,0.09892200000000001,26.080114,0.026759,0.116886,0.178859,0.12108,0.214478,0.304858,2.113032,0.029471,True,CSI_nonSOE,-0.006092210992822811,0.09892200000000001,-0.10501421099282282,-23285393597.867783,0.0,1,0,,
600019.SH,宝钢股份,CSI,中央国有企业,材料,钢铁Ⅱ,材料--钢铁Ⅱ--钢铁Ⅲ--钢铁Ⅳ,2019,,,,,,,,,,339633000000.0,,0.043755661,12423230252.0,2437636362.0,target_year,,,,,,,,,,SOE_target,0.050975,0.070026,26.537816,0.792700029,0.659924097,0.884642307,-0.039430299,0.472887343,0.435326289,0.900867436,0.038072477,True,CSI_nonSOE,0.12539948129647036,0.070026,0.05537348129647035,18806661573.164116,18806661573.164116,0,2,"HHI_lag, MarketShare_lag",
600019.SH,宝钢股份,CSI,中央国有企业,材料,钢铁Ⅱ,材料--钢铁Ⅱ--钢铁Ⅲ--钢铁Ⅳ,2020,,,,,,,,,,356225000000.0,,0.039689294,12676775744.0,1461545060.0,target_year,,,,,,,,,,SOE_target,0.046049,0.069955,26.55113147,0.683043162,0.517023931,0.860518238,-0.005954304,0.459035729,0.436992531,0.98474751,0.051892104,True,CSI_nonSOE,0.12643313121621513,0.069955,0.05647813121621513,20118922292.496235,20118922292.496235,0,1,MarketShare_lag,
600019.SH,宝钢股份,CSI,中央国有企业,材料,钢铁Ⅱ,材料--钢铁Ⅱ--钢铁Ⅲ--钢铁Ⅳ,2021,,,,,,,,,,380398000000.0,,0.066824544,23631996673.0,1787896717.0,target_year,,,,,,,,,,SOE_target,0.083376,0.12593500000000002,26.59882854,0.679927421,0.51422962,0.811640837,0.048629822,0.44341339,0.439279576,1.134195774,0.054945494,True,CSI_nonSOE,0.12644845422264084,0.12593500000000002,0.000513454222640819,195316959.38412225,195316959.38412225,1,0,,
600019.SH,宝钢股份,CSI,中央国有企业,材料,钢铁Ⅱ,材料--钢铁Ⅱ--钢铁Ⅲ--钢铁Ⅳ,2022,,,,,,,,,,398249000000.0,,0.034483213,12186850692.0,1546049308.0,target_year,,,,,,,,,,SOE_target,0.038641999999999996,0.063217,26.66448276,0.666046227,0.499605416,0.985353956,0.031417823,0.420460315,0.446051724,1.086979158,0.062887585,True,CSI_nonSOE,0.13908355078224036,0.063217,0.07586655078224036,30213777982.47644,30213777982.47644,1,0,,
600019.SH,宝钢股份,CSI,中央国有企业,材料,钢铁Ⅱ,材料--钢铁Ⅱ--钢铁Ⅲ--钢铁Ⅳ,2023,,,,,,,,,,376051483588.01,,0.034404,11944052177.22,993608758.07,target_year,,,,,,,,,,SOE_target,0.038966,0.060484,26.710343,0.684954,0.520062,0.941136,0.077592,0.406806,0.457936,1.214609,0.056304,True,CSI_nonSOE,0.13831805226322652,0.060484,0.07783405226322651,29269610827.253036,29269610827.253036,0,1,MarketShare_lag,
600019.SH,宝钢股份,CSI,中央国有企业,材料,钢铁Ⅱ,材料--钢铁Ⅱ--钢铁Ⅲ--钢铁Ⅳ,2024,,,,,,,,,,364873528314.28,,0.023675,7361925588.6,1276380176.69,target_year,,,,,,,,,,SOE_target,0.028655,0.036729,26.652992,0.653022,0.490176,0.886335,0.060295,0.436439,0.414607,1.198963,0.05592,True,CSI_nonSOE,0.13328340734342964,0.036729,0.09655440734342964,35230147281.69141,35230147281.69141,1,0,,
600019.SH,宝钢股份,CSI,中央国有企业,材料,钢铁Ⅱ,材料--钢铁Ⅱ--钢铁Ⅲ--钢铁Ⅳ,2025,,,,,,,,,,363020038344.87,,0.031204,10345621735.27,982227625.3,target_year,,,,,,,,,,SOE_target,0.038849999999999996,0.050873999999999996,26.622817,0.646787,0.484294,0.865952,0.062198,0.440586,0.396602,1.204451,0.052995,True,CSI_nonSOE,0.13187802583822222,0.050873999999999996,0.08100402583822222,29406084565.880272,29406084565.880272,1,0,,
600023.SH,浙能电力,CSI,地方国有企业,公用事业,公用事业Ⅱ,公用事业--公用事业Ⅱ--电力--电力公用事业,2019,,,,,,,,,,110970000000.0,,0.050534123,4293272329.0,1314488272.0,target_year,,,,,,,,,,SOE_target,0.06282,0.068494,25.42098188,0.094581215,0.148389593,0.504803137,0.064295709,0.496581631,0.369600083,1.42961057,0.0190636,True,CSI_nonSOE,0.17215095184591864,0.068494,0.10365695184591864,11502811946.34159,11502811946.34159,1,0,,
600023.SH,浙能电力,CSI,地方国有企业,公用事业,公用事业Ⅱ,公用事业--公用事业Ⅱ--电力--电力公用事业,2020,,,,,,,,,,114512000000.0,,0.061668532,6086298670.0,975514753.9,target_year,,,,,,,,,,SOE_target,0.069368,0.092206,25.43252377,0.07992097,0.143602423,0.488571268,0.111892252,0.462811915,0.346698754,1.869567311,0.015793276,True,CSI_nonSOE,0.17019378386376013,0.092206,0.07798778386376014,8930537105.8069,8930537105.8069,1,0,,
600023.SH,浙能电力,CSI,地方国有企业,公用事业,公用事业Ⅱ,公用事业--公用事业Ⅱ--电力--电力公用事业,2021,,,,,,,,,,115629000000.0,,0.000902358,-861139048.7,965477507.3,target_year,,,,,,,,,,SOE_target,-0.024626000000000002,-0.013076,25.46394921,0.067378873,0.126082379,0.454519211,0.114780798,0.432954564,0.333572726,1.787152941,0.027964981,True,CSI_nonSOE,0.1668727621529747,-0.013076,0.1799487621529747,20807295418.986313,20807295418.986313,1,0,,
600023.SH,浙能电力,CSI,地方国有企业,公用事业,公用事业Ⅱ,公用事业--公用事业Ⅱ--电力--电力公用事业,2022,,,,,,,,,,120921000000.0,,-0.004608855,-1828584556.0,1271279231.0,target_year,,,,,,,,,,SOE_target,-0.026208999999999996,-0.029239,25.47365009,0.075649559,0.130392082,0.613609027,0.03506961,0.416813536,0.379713517,1.175566727,0.040747512,True,CSI_nonSOE,0.17642365198082238,-0.029239,0.2056626519808224,24868933540.173023,24868933540.173023,1,0,,
600023.SH,浙能电力,CSI,地方国有企业,公用事业,公用事业Ⅱ,公用事业--公用事业Ⅱ--电力--电力公用事业,2023,,,,,,,,,,147240775217.75,,0.05267,6519770719.89,1235423486.11,target_year,,,,,,,,,,SOE_target,0.06791900000000001,0.101326,25.5184,0.073071,0.129341,0.675243,0.026448,0.388835,0.441894,1.12047,0.046614,True,CSI_nonSOE,0.17840596080441976,0.101326,0.07707996080441976,11349313182.59655,11349313182.59655,1,0,,
600023.SH,浙能电力,CSI,地方国有企业,公用事业,公用事业Ⅱ,公用事业--公用事业Ⅱ--电力--电力公用事业,2024,,,,,,,,,,154085417032.43,,0.057312,7753383026.78,1077486855.79,target_year,,,,,,,,,,SOE_target,0.073738,0.110196,25.715335,0.082944,0.121904,0.712701,0.070542,0.360131,0.456895,1.324005,0.061328,True,CSI_nonSOE,0.17918023336480876,0.110196,0.06898423336480876,10629464366.67903,10629464366.67903,1,0,,
600023.SH,浙能电力,CSI,地方国有企业,公用事业,公用事业Ⅱ,公用事业--公用事业Ⅱ--电力--电力公用事业,2025,,,,,,,,,,156337713781.7,,0.054322,7528041660.9,964494281.96,target_year,,,,,,,,,,SOE_target,0.064713,0.100489,25.760773,0.076372,0.118327,0.580798,0.020493,0.379917,0.436542,1.089867,0.062822,True,CSI_nonSOE,0.16387196107162277,0.100489,0.06338296107162278,9909147226.651997,9909147226.651997,1,0,,
600025.SH,华能水电,CSI,中央国有企业,公用事业,公用事业Ⅱ,公用事业--公用事业Ⅱ--电力--新能源发电业者,2019,,,,,,,,,,167460000000.0,,0.059975261,5544565706.0,4498862232.0,target_year,,,,,,,,,,SOE_target,0.063759,0.11171900000000001,25.84940273,0.02561941,0.148389593,0.090486908,-0.206299429,0.893747433,0.72808843,0.19707849,0.045755398,True,CSI_nonSOE,0.11016803938891559,0.11171900000000001,-0.0015509606110844232,-259723863.9321975,0.0,0,3,"AssetTurnover_lag, FixedAssetsRatio_lag, CurrentRatio_lag",
600025.SH,华能水电,CSI,中央国有企业,公用事业,公用事业Ⅱ,公用事业--公用事业Ⅱ--电力--新能源发电业者,2020,,,,,,,,,,164632000000.0,,0.052680692,4834590181.0,3838342905.0,target_year,,,,,,,,,,SOE_target,0.057054,0.082913,25.84400745,0.030372672,0.143602423,0.122003663,-0.120187065,0.890221278,0.661096442,0.272467001,0.025680616,True,CSI_nonSOE,0.11342396513844637,0.082913,0.030510965138446366,5023081212.672702,5023081212.672702,0,2,"FixedAssetsRatio_lag, CurrentRatio_lag",
600025.SH,华能水电,CSI,中央国有企业,公用事业,公用事业Ⅱ,公用事业--公用事业Ⅱ--电力--新能源发电业者,2021,,,,,,,,,,160654000000.0,,0.057343974,5837544928.0,3375009615.0,target_year,,,,,,,,,,SOE_target,0.04386,0.09267500000000001,25.82697914,0.024891608,0.126082379,0.114008133,-0.098900698,0.898091745,0.614218443,0.28005557,0.026261211,True,CSI_nonSOE,0.11673189438895114,0.09267500000000001,0.02405689438895113,3864836311.1625547,3864836311.1625547,0,2,"FixedAssetsRatio_lag, CurrentRatio_lag",
600025.SH,华能水电,CSI,中央国有企业,公用事业,公用事业Ⅱ,公用事业--公用事业Ⅱ--电力--新能源发电业者,2022,,,,,,,,,,162879000000.0,,0.05980324,6801255631.0,2939458221.0,target_year,,,,,,,,,,SOE_target,0.051261,0.102966,25.80252053,0.021238323,0.130392082,0.121880419,-0.118007314,0.90376974,0.587768792,0.162074982,0.037470232,True,CSI_nonSOE,0.11594671602735449,0.102966,0.012980716027354483,2114286045.819471,2114286045.819471,0,2,"FixedAssetsRatio_lag, CurrentRatio_lag",
600025.SH,华能水电,CSI,中央国有企业,公用事业,公用事业Ⅱ,公用事业--公用事业Ⅱ--电力--新能源发电业者,2023,,,,,,,,,,195239265297.35,,0.053107,7638074711.0,2730456864.91,target_year,,,,,,,,,,SOE_target,0.052607999999999995,0.113096,25.816276,0.019028,0.129341,0.128562,-0.108919,0.902161,0.571473,0.169814,0.048581,True,CSI_nonSOE,0.1167734739025432,0.113096,0.0036774739025431935,717987302.8827116,717987302.8827116,0,2,"FixedAssetsRatio_lag, CurrentRatio_lag",
600025.SH,华能水电,CSI,中央国有企业,公用事业,公用事业Ⅱ,公用事业--公用事业Ⅱ--电力--新能源发电业者,2024,,,,,,,,,,214607123371.44,,0.051125,8297028967.06,2674676981.69,target_year,,,,,,,,,,SOE_target,0.06363100000000001,0.11774699999999999,25.997492,0.019985,0.121904,0.128588,-0.126507,0.906214,0.637761,0.149448,0.092856,True,CSI_nonSOE,0.11100588662422252,0.11774699999999999,-0.006741113375777472,-1446690949.8963401,0.0,0,2,"FixedAssetsRatio_lag, CurrentRatio_lag",
600025.SH,华能水电,CSI,中央国有企业,公用事业,公用事业Ⅱ,公用事业--公用事业Ⅱ--电力--新能源发电业者,2025,,,,,,,,,,226717001711.92,,0.049089,8504138221.82,2625266463.59,target_year,,,,,,,,,,SOE_target,0.060695,0.109335,26.092075,0.021295,0.118327,0.119065,-0.17103,0.897786,0.6311,0.141749,0.09497,True,CSI_nonSOE,0.10948200303697611,0.109335,0.0001470030369761094,33328087.785770033,33328087.785770033,0,2,"FixedAssetsRatio_lag, CurrentRatio_lag",
600026.SH,中远海能,CSI,中央国有企业,工业,交通运输,工业--交通运输--海上运输Ⅲ--海上运输Ⅳ,2019,,,,,,,,,,65841861000.0,,0.027846783,413857000.0,1419627000.0,target_year,,,,,,,,,,SOE_target,0.035864,0.014698,24.87298624,0.013892163,0.111099702,0.195469911,-0.062080665,0.777889449,0.53841184,0.638202775,0.054344432,True,CSI_nonSOE,0.028560633917111028,0.014698,0.013862633917111029,912741615.4643099,912741615.4643099,0,1,FixedAssetsRatio_lag,
600026.SH,中远海能,CSI,中央国有企业,工业,交通运输,工业--交通运输--海上运输Ⅲ--海上运输Ⅳ,2020,,,,,,,,,,65959857000.0,,0.051866941,2381415000.0,1039721000.0,target_year,,,,,,,,,,SOE_target,0.059844,0.075906,24.91052166,0.014177998,0.108646931,0.21230603,-0.082326986,0.74665104,0.55700514,0.561023832,0.019372797,True,CSI_nonSOE,0.02436773357491903,0.075906,-0.05153826642508097,-3399456683.426242,0.0,0,1,FixedAssetsRatio_lag,
600026.SH,中远海能,CSI,中央国有企业,工业,交通运输,工业--交通运输--海上运输Ⅲ--海上运输Ⅳ,2021,,,,,,,,,,59388937000.0,,-0.070025062,-4985386000.0,826672000.0,target_year,,,,,,,,,,SOE_target,-0.05904499999999999,-0.157733,24.91231217,0.020449402,0.123286456,0.246858649,-0.030524157,0.735252413,0.46024222,0.796482244,0.083477455,True,CSI_nonSOE,0.03487525047255732,-0.157733,0.19260825047255734,11438799252.994928,11438799252.994928,1,0,,
600026.SH,中远海能,CSI,中央国有企业,工业,交通运输,工业--交通运输--海上运输Ⅲ--海上运输Ⅳ,2022,,,,,,,,,,68250082000.0,,0.035972367,1461118000.0,993999000.0,target_year,,,,,,,,,,SOE_target,0.058710000000000005,0.048573000000000005,24.8073738,0.011485638,0.15352339,0.20175224,-0.115369871,0.728866944,0.496164025,0.486296004,0.049270254,True,CSI_nonSOE,0.023448582239825266,0.048573000000000005,-0.02512441776017474,-1714743572.3341823,0.0,1,0,,
600026.SH,中远海能,CSI,中央国有企业,工业,交通运输,工业--交通运输--海上运输Ⅲ--海上运输Ⅳ,2023,,,,,,,,,,72083612000.0,,0.066136,3348717000.0,1418587000.0,target_year,,,,,,,,,,SOE_target,0.087773,0.10153499999999999,24.946444,0.015811,0.180808,0.290927,-0.032351,0.691269,0.508127,0.791518,0.065197,True,CSI_nonSOE,0.03192956321867357,0.10153499999999999,-0.06960543678132641,-5017411298.035662,0.0,1,0,,
600026.SH,中远海能,CSI,中央国有企业,工业,交通运输,工业--交通运输--海上运输Ⅲ--海上运输Ⅳ,2024,,,,,,,,,,81042317000.0,,0.066951,4038089000.0,1387805000.0,target_year,,,,,,,,,,SOE_target,0.086607,0.11495,25.001093,0.018027,0.114556,0.312291,0.010305,0.69434,0.485274,1.085128,0.078267,True,CSI_nonSOE,0.03876603049010349,0.11495,-0.0761839695098965,-6174125407.339367,0.0,1,0,,
600026.SH,中远海能,CSI,中央国有企业,工业,交通运输,工业--交通运输--海上运输Ⅲ--海上运输Ⅳ,2025,,,,,,,,,,92078580000.0,,0.058354,4037075000.0,1336121000.0,target_year,,,,,,,,,,SOE_target,0.075335,0.09814,25.118237,0.016654,0.116886,0.30215,-0.008449,0.672639,0.518953,0.933002,0.097176,True,CSI_nonSOE,0.033428444980171584,0.09814,-0.06471155501982842,-5958548095.817673,0.0,1,0,,
600027.SH,华电国际,CSI,中央国有企业,公用事业,公用事业Ⅱ,公用事业--公用事业Ⅱ--电力--电力公用事业,2019,,,,,,,,,,232164000000.0,,0.035928784,3385324000.0,4956059000.0,target_year,,,,,,,,,,SOE_target,0.044404000000000006,0.058502,26.15039902,0.147175376,0.148389593,0.391599295,-0.218739097,0.773628096,0.700030648,0.341196999,0.07580338,True,CSI_nonSOE,0.13646732090250202,0.058502,0.07796532090250202,18100740762.00848,18100740762.00848,0,2,"FixedAssetsRatio_lag, CurrentRatio_lag",
600027.SH,华电国际,CSI,中央国有企业,公用事业,公用事业Ⅱ,公用事业--公用事业Ⅱ--电力--电力公用事业,2020,,,,,,,,,,236691000000.0,,0.036277765,4166756000.0,4419862000.0,target_year,,,,,,,,,,SOE_target,0.04776,0.06139,26.17071138,0.136033956,0.143602423,0.399220663,-0.175434407,0.759751414,0.652799229,0.395072825,0.064993263,True,CSI_nonSOE,0.135922430161113,0.06139,0.074532430161113,17641155427.263996,17641155427.263996,0,2,"FixedAssetsRatio_lag, CurrentRatio_lag",
600027.SH,华电国际,CSI,中央国有企业,公用事业,公用事业Ⅱ,公用事业--公用事业Ⅱ--电力--电力公用事业,2021,,,,,,,,,,222386000000.0,,0.004040654,-3341982000.0,4240567000.0,target_year,,,,,,,,,,SOE_target,-0.012641,-0.04884,26.19002106,0.11752776,0.126082379,0.381278595,-0.144868062,0.771747976,0.601196772,0.420261511,0.078810724,True,CSI_nonSOE,0.13471460744840863,-0.04884,0.18355460744840862,40819974932.0218,40819974932.0218,0,1,FixedAssetsRatio_lag,
600027.SH,华电国际,CSI,中央国有企业,公用事业,公用事业Ⅱ,公用事业--公用事业Ⅱ--电力--电力公用事业,2022,,,,,,,,,,226802000000.0,,0.017901154,-30791000.0,4090816000.0,target_year,,,,,,,,,,SOE_target,0.010929,-0.000492,26.12768062,0.108193469,0.130392082,0.4399417,-0.162191446,0.636210561,0.657044275,0.450692943,0.057896499,True,CSI_nonSOE,0.1361798490895834,-0.000492,0.13667184908958338,30997448717.21569,30997448717.21569,1,0,,
600027.SH,华电国际,CSI,中央国有企业,公用事业,公用事业Ⅱ,公用事业--公用事业Ⅱ--电力--电力公用事业,2023,,,,,,,,,,226476498000.0,,0.036399,4601094000.0,3642399000.0,target_year,,,,,,,,,,SOE_target,0.041466,0.069153,26.147345,0.096947,0.129341,0.471786,-0.149299,0.630566,0.678006,0.463299,0.045957,True,CSI_nonSOE,0.13665681884674913,0.069153,0.06750381884674912,15288028494.03814,15288028494.03814,1,0,,
600027.SH,华电国际,CSI,中央国有企业,公用事业,公用事业Ⅱ,公用事业--公用事业Ⅱ--电力--电力公用事业,2024,,,,,,,,,,227138590000.0,,0.039234,5669855000.0,3241716000.0,target_year,,,,,,,,,,SOE_target,0.05258,0.080532,26.145907,0.101013,0.121904,0.513485,-0.152841,0.626863,0.620701,0.452266,0.046311,True,CSI_nonSOE,0.14147401213933655,0.080532,0.060942012139336546,13842282709.091787,13842282709.091787,1,0,,
600027.SH,华电国际,CSI,中央国有企业,公用事业,公用事业Ⅱ,公用事业--公用事业Ⅱ--电力--电力公用事业,2025,,,,,,,,,,264230768000.0,,0.034895,6070315000.0,3149957000.0,target_year,,,,,,,,,,SOE_target,0.056004,0.08776400000000001,26.148826,0.098093,0.118327,0.495538,-0.158672,0.612499,0.610296,0.446625,0.039921,True,CSI_nonSOE,0.13947214190190185,0.08776400000000001,0.051708141901901844,13662882046.592505,13662882046.592505,1,0,,
600028.SH,中国石化,CSI,中央国有企业,能源,石油石化,能源--石油石化--石油天然气--综合性石油天然气,2019,,,,,,,,,,1755070000000.0,,0.042430192,57465000000.0,17003000000.0,target_year,,,,,,,,,,SOE_target,0.059583000000000004,0.07896600000000001,28.09620565,0.515629105,0.452070271,1.772760125,-0.038295355,0.473981792,0.462079573,0.892093053,0.06469477,True,CSI_nonSOE,0.23689552656268248,0.07896600000000001,0.15792952656268247,277177374184.3671,277177374184.3671,0,1,FirmSize_lag,
600028.SH,中国石化,CSI,中央国有企业,能源,石油石化,能源--石油石化--石油天然气--综合性石油天然气,2020,,,,,,,,,,1733810000000.0,,0.027852036,33096000000.0,15194000000.0,target_year,,,,,,,,,,SOE_target,0.033555,0.044735,28.19353043,0.502320213,0.44417932,1.732990498,-0.074366222,0.453480799,0.500968907,0.773553283,0.080419539,True,CSI_nonSOE,0.23442831782290124,0.044735,0.18969331782290125,328892171374.5244,328892171374.5244,0,1,FirmSize_lag,
600028.SH,中国石化,CSI,中央国有企业,能源,石油石化,能源--石油石化--石油天然气--综合性石油天然气,2021,,,,,,,,,,1889260000000.0,,0.046046193,71975000000.0,15018000000.0,target_year,,,,,,,,,,SOE_target,0.065389,0.094974,28.18133953,0.475113231,0.429200271,1.174851729,-0.038525094,0.411817938,0.490797408,0.872086788,0.075665372,True,CSI_nonSOE,0.20188203467686283,0.094974,0.10690803467686283,201977073593.60986,201977073593.60986,0,1,FirmSize_lag,
600028.SH,中国石化,CSI,中央国有企业,能源,石油石化,能源--石油石化--石油天然气--综合性石油天然气,2022,,,,,,,,,,1948640000000.0,,0.042553781,66153000000.0,16769000000.0,target_year,,,,,,,,,,SOE_target,0.054667,0.084872,28.26720369,0.465583372,0.425995256,1.479136421,-0.044068164,0.399556439,0.515642939,0.870172156,0.076708015,True,CSI_nonSOE,0.22543080111937686,0.084872,0.14055880111937685,273898502213.2625,273898502213.2625,0,1,FirmSize_lag,
600028.SH,中国石化,CSI,中央国有企业,能源,石油石化,能源--石油石化--石油天然气--综合性石油天然气,2023,,,,,,,,,,2024696000000.0,,0.037724,58310000000.0,18069000000.0,target_year,,,,,,,,,,SOE_target,0.047907000000000005,0.073452,28.298153,0.456404,0.418201,1.69747,-0.074023,0.424268,0.519543,0.783865,0.088537,True,CSI_nonSOE,0.23418042231376535,0.073452,0.16072842231376533,325426193744.9914,325426193744.9914,0,1,FirmSize_lag,
600028.SH,中国石化,CSI,中央国有企业,能源,石油石化,能源--石油石化--石油天然气--综合性石油天然气,2024,,,,,,,,,,2081440000000.0,,0.032449,48939000000.0,18601000000.0,target_year,,,,,,,,,,SOE_target,0.039847,0.060462999999999996,28.336441,0.460426,0.410755,1.583995,-0.055634,0.430261,0.527925,0.825923,0.084701,True,CSI_nonSOE,0.2337835496752313,0.060462999999999996,0.1733205496752313,360756324916.0134,360756324916.0134,0,1,FirmSize_lag,
600028.SH,中国石化,CSI,中央国有企业,能源,石油石化,能源--石油石化--石油天然气--综合性石油天然气,2025,,,,,,,,,,2153485000000.0,,0.024018,32476000000.0,19247000000.0,target_year,,,,,,,,,,SOE_target,0.027008,0.039526,28.364081,0.453969,0.406814,1.46869,-0.071451,0.444803,0.532945,0.779094,0.06688,True,CSI_nonSOE,0.22269731046272467,0.039526,0.18317131046272467,394456669511.8206,394456669511.8206,0,1,FirmSize_lag,
600029.SH,南方航空,CSI,中央国有企业,工业,交通运输,工业--交通运输--航空客运Ⅲ--航空客运Ⅳ,2019,,,,,,,,,,306928000000.0,,0.02764492,2640000000.0,5845000000.0,target_year,,,,,,,,,,SOE_target,0.035481,0.040815000000000004,26.23244767,0.158517157,0.111099702,0.59297309,-0.24140612,0.844235044,0.682246132,0.287643242,0.097534309,True,CSI_nonSOE,0.03147029676110161,0.040815000000000004,-0.009344703238898397,-2868151075.708607,0.0,0,2,"FixedAssetsRatio_lag, CurrentRatio_lag",
600029.SH,南方航空,CSI,中央国有企业,工业,交通运输,工业--交通运输--航空客运Ⅲ--航空客运Ⅳ,2020,,,,,,,,,,326383000000.0,,-0.012656909,-10847000000.0,6716000000.0,target_year,,,,,,,,,,SOE_target,-0.027794,-0.162271,26.44987903,0.153048695,0.108646931,0.534837157,-0.256581348,0.404036126,0.748054918,0.17528537,0.050917479,True,CSI_nonSOE,0.020129931559568937,-0.162271,0.18240093155956894,59532563245.20679,59532563245.20679,0,1,CurrentRatio_lag,
600029.SH,南方航空,CSI,中央国有企业,工业,交通运输,工业--交通运输--航空客运Ⅲ--航空客运Ⅳ,2021,,,,,,,,,,323211000000.0,,-0.018266705,-12106000000.0,6202000000.0,target_year,,,,,,,,,,SOE_target,-0.02581,-0.176171,26.51133738,0.109394427,0.123286456,0.274831797,-0.173710028,0.363232766,0.7391684,0.407447665,0.033889633,True,CSI_nonSOE,-0.008204181702229751,-0.176171,0.16796681829777024,54288723308.840614,54288723308.840614,1,0,,
600029.SH,南方航空,CSI,中央国有企业,工业,交通运输,工业--交通运输--航空客运Ⅲ--航空客运Ⅳ,2022,,,,,,,,,,312246000000.0,,-0.085487084,-32699000000.0,6006000000.0,target_year,,,,,,,,,,SOE_target,-0.081834,-0.599289,26.5015712,0.086545358,0.15352339,0.293349384,-0.2262423,0.380658455,0.738536127,0.341165871,0.053021091,True,CSI_nonSOE,-0.010031397718302415,-0.599289,0.5892576022816975,183993329282.05093,183993329282.05093,0,1,CurrentRatio_lag,
600029.SH,南方航空,CSI,中央国有企业,工业,交通运输,工业--交通运输--航空客运Ⅲ--航空客运Ⅳ,2023,,,,,,,,,,309596000000.0,,0.005775,-4140000000.0,5928000000.0,target_year,,,,,,,,,,SOE_target,0.013012999999999999,-0.105685,26.467057,0.068893,0.180808,0.254623,-0.345894,0.396537,0.822707,0.236494,0.037458,True,CSI_nonSOE,-0.01743200490448646,-0.105685,0.08825299509551354,27322774269.59061,27322774269.59061,0,2,"FinancialLeverage_lag, CurrentRatio_lag",
600029.SH,南方航空,CSI,中央国有企业,工业,交通运输,工业--交通运输--航空客运Ⅲ--航空客运Ⅳ,2024,,,,,,,,,,329979000000.0,,0.012089,-1769000000.0,5758000000.0,target_year,,,,,,,,,,SOE_target,0.021871,-0.049129,26.458534,0.12459,0.114556,0.487085,-0.327837,0.412641,0.830854,0.215852,0.036722,True,CSI_nonSOE,0.011953214482539859,-0.049129,0.06108221448253986,20155848052.73402,20155848052.73402,0,2,"FinancialLeverage_lag, CurrentRatio_lag",
600029.SH,南方航空,CSI,中央国有企业,工业,交通运输,工业--交通运输--航空客运Ⅲ--航空客运Ⅳ,2025,,,,,,,,,,350053000000.0,,0.018306,855000000.0,5553000000.0,target_year,,,,,,,,,,SOE_target,0.029478,0.024175,26.522295,0.118891,0.116886,0.516421,-0.304986,0.411478,0.839881,0.27285,0.049085,True,CSI_nonSOE,0.014058768662625176,0.024175,-0.010116231337374822,-3541217128.3420687,0.0,0,2,"FinancialLeverage_lag, CurrentRatio_lag",
600039.SH,四川路桥,CSI,地方国有企业,工业,建筑,工业--建筑--建筑与工程Ⅲ--建筑与工程Ⅳ,2019,,,,,,,,,,97615480976.0,,0.037211172,1701863780.0,1930522630.0,target_year,,,,,,,,,,SOE_target,0.043567,0.115012,25.1787028,0.009802807,0.178025019,0.501353906,0.024012975,0.027128851,0.820162075,1.051384264,0.043630385,True,CSI_nonSOE,0.06858993804595992,0.115012,-0.046422061954040084,-4531511905.541293,0.0,0,1,FinancialLeverage_lag,
600039.SH,四川路桥,CSI,地方国有企业,工业,建筑,工业--建筑--建筑与工程Ⅲ--建筑与工程Ⅳ,2020,,,,,,,,,,113224000000.0,,0.047205214,3025220328.0,2319530755.0,target_year,,,,,,,,,,SOE_target,0.056818999999999995,0.158343,25.30430193,0.011120884,0.179054819,0.571846466,0.014592269,0.025621943,0.823336581,1.030749274,0.051754319,True,CSI_nonSOE,0.06966859081376148,0.158343,-0.08867440918623853,-10040071305.702671,0.0,0,1,FinancialLeverage_lag,
600039.SH,四川路桥,CSI,地方国有企业,工业,建筑,工业--建筑--建筑与工程Ⅲ--建筑与工程Ⅳ,2021,,,,,,,,,,137038000000.0,,0.058043518,5582069265.0,2372125857.0,target_year,,,,,,,,,,SOE_target,0.072688,0.224344,25.45263175,0.011374577,0.179498397,0.577043095,0.041942153,0.028810282,0.781285264,1.091306515,0.043553685,True,CSI_nonSOE,0.06675600244197333,0.224344,-0.15758799755802666,-21595544009.356857,0.0,1,0,,
600039.SH,四川路桥,CSI,地方国有企业,工业,建筑,工业--建筑--建筑与工程Ⅲ--建筑与工程Ⅳ,2022,,,,,,,,,,208299000000.0,,0.066383319,11212905939.0,2614655615.0,target_year,,,,,,,,,,SOE_target,0.093207,0.325278,25.64352755,0.013775122,0.17910201,0.676295862,0.075618992,0.026636224,0.777198956,1.166354427,0.018731852,True,CSI_nonSOE,0.06983810334524251,0.325278,-0.2554398966547575,-53207875033.28934,0.0,1,0,,
600039.SH,四川路桥,CSI,地方国有企业,工业,建筑,工业--建筑--建筑与工程Ⅲ--建筑与工程Ⅳ,2023,,,,,,,,,,240914762578.04,,0.04862,9003845893.62,2709537928.39,target_year,,,,,,,,,,SOE_target,0.060896,0.20717400000000002,26.062239,0.019707,0.173049,0.779731,0.109348,0.029618,0.779158,1.209964,0.025586,True,CSI_nonSOE,0.07012956096330686,0.20717400000000002,-0.13704443903669317,-33016028493.16561,0.0,1,0,,
600039.SH,四川路桥,CSI,地方国有企业,工业,建筑,工业--建筑--建筑与工程Ⅲ--建筑与工程Ⅳ,2024,,,,,,,,,,239773354769.84,,0.042016,7209866536.24,2864382037.39,target_year,,,,,,,,,,SOE_target,0.050009,0.155112,26.207709,0.015611,0.176169,0.510636,0.090428,0.07493,0.789344,1.17526,0.032152,True,CSI_nonSOE,0.04736027005059967,0.155112,-0.10775172994940033,-25835993772.221558,0.0,1,0,,
600039.SH,四川路桥,CSI,地方国有企业,工业,建筑,工业--建筑--建筑与工程Ⅲ--建筑与工程Ⅳ,2025,,,,,,,,,,267673535809.41,,0.035663,7296866124.06,2249190329.58,target_year,,,,,,,,,,SOE_target,0.045757000000000006,0.14499,26.20296,0.015081,0.174423,0.444562,0.109226,0.016385,0.788718,1.199839,0.031514,True,CSI_nonSOE,0.04280082789117218,0.14499,-0.10218917210882783,-27353337019.80629,0.0,1,0,,
600048.SH,保利发展,CSI,中央国有企业,房地产,房地产Ⅱ,房地产--房地产Ⅱ--房地产管理和开发--房地产开发,2019,,,,,,,,,,1033210000000.0,,0.031517,27959019793.0,4604619675.0,target_year,,,,,,,,,,SOE_target,0.056267,0.201184,27.46436886,0.31565396,0.396279334,0.231234939,0.37990177,0.006463865,0.779686125,1.722829263,0.000713354,True,CSI_nonSOE,0.08612838700894127,0.201184,-0.11505561299105874,-118876609898.49179,0.0,0,2,"FirmSize_lag, CapexRatio_lag",
600048.SH,保利发展,CSI,中央国有企业,房地产,房地产Ⅱ,房地产--房地产Ⅱ--房地产管理和开发--房地产开发,2020,,,,,,,,,,1251370000000.0,,0.025658366,28948429857.0,3159806207.0,target_year,,,,,,,,,,SOE_target,0.045993000000000006,0.172182,27.66369034,0.314541861,0.408200157,0.227794552,0.326382738,0.007711161,0.777855138,1.562316531,0.000270148,True,CSI_nonSOE,0.08197225848153096,0.172182,-0.09020974151846904,-112885764243.9666,0.0,0,2,"FirmSize_lag, CapexRatio_lag",
600048.SH,保利发展,CSI,中央国有企业,房地产,房地产Ⅱ,房地产--房地产Ⅱ--房地产管理和开发--房地产开发,2021,,,,,,,,,,1399930000000.0,,0.023551996,27387836594.0,5583381396.0,target_year,,,,,,,,,,SOE_target,0.040119999999999996,0.145761,27.855264,0.291838363,0.406330004,0.196621821,0.307236072,0.006557157,0.786924063,1.51142457,0.000317625,True,CSI_nonSOE,0.07734064108960303,0.145761,-0.06842035891039697,-95783713049.43202,0.0,0,2,"FirmSize_lag, CapexRatio_lag",
600048.SH,保利发展,CSI,中央国有企业,房地产,房地产Ⅱ,房地产--房地产Ⅱ--房地产管理和开发--房地产开发,2022,,,,,,,,,,1470460000000.0,,0.016221919,18346819483.0,5506935348.0,target_year,,,,,,,,,,SOE_target,0.026187000000000002,0.09364800000000001,27.96744553,0.306902177,0.390202805,0.203106181,0.306103727,0.008462026,0.783622181,1.52334607,0.000194029,True,CSI_nonSOE,0.07852340667177199,0.09364800000000001,-0.01512459332822802,-22240109505.426174,0.0,0,2,"FirmSize_lag, CapexRatio_lag",
600048.SH,保利发展,CSI,中央国有企业,房地产,房地产Ⅱ,房地产--房地产Ⅱ--房地产管理和开发--房地产开发,2023,,,,,,,,,,1436911790321.09,,0.011454,12067156751.87,4391271101.53,target_year,,,,,,,,,,SOE_target,0.01694,0.061128999999999996,28.016599,0.281643,0.393852,0.186661,0.311548,0.007289,0.780891,1.543905,0.000127,True,CSI_nonSOE,0.07629980016943412,0.061128999999999996,0.015170800169434125,21799101632.065086,21799101632.065086,0,2,"FirmSize_lag, CapexRatio_lag",
600048.SH,保利发展,CSI,中央国有企业,房地产,房地产Ⅱ,房地产--房地产Ⅱ--房地产管理和开发--房地产开发,2024,,,,,,,,,,1335108015599.69,,0.007223,5001183340.24,4642572794.51,target_year,,,,,,,,,,SOE_target,0.014591,0.025249999999999998,27.993517,0.344359,0.37554,0.231528,0.316517,0.00623,0.765451,1.558916,0.000125,True,CSI_nonSOE,0.08195395206380512,0.025249999999999998,0.05670395206380513,75705900916.5668,75705900916.5668,0,2,"FirmSize_lag, CapexRatio_lag",
600048.SH,保利发展,CSI,中央国有企业,房地产,房地产Ⅱ,房地产--房地产Ⅱ--房地产管理和开发--房地产开发,2025,,,,,,,,,,1188292419390.15,,0.004163,1034698076.02,3911853774.36,target_year,,,,,,,,,,SOE_target,0.010818000000000001,0.005313,27.920033,0.370621,0.353891,0.220606,0.332909,0.004635,0.743444,1.615099,0.000134,True,CSI_nonSOE,0.08349632963519127,0.005313,0.07818332963519127,92904657928.17905,92904657928.17905,0,2,"FirmSize_lag, CapexRatio_lag",
600050.SH,中国联通,CSI,中央国有企业,通讯服务,电信服务,通讯服务--电信服务--多元电信服务--综合电信业务,2019,,,,,,,,,,564231000000.0,,0.010101391,4982083711.0,717430307.0,target_year,,,,,,,,,,SOE_target,0.02538,0.03515,27.01809315,0.216004559,0.376451505,0.51908301,-0.254483315,0.707287713,0.414982728,0.355129441,0.104885955,True,CSI_nonSOE,0.052674483552664284,0.03515,0.017524483552664283,9887856879.40332,9887856879.40332,0,2,"FirmSize_lag, CurrentRatio_lag",
600050.SH,中国联通,CSI,中央国有企业,通讯服务,电信服务,通讯服务--电信服务--多元电信服务--综合电信业务,2020,,,,,,,,,,582475000000.0,,0.009868284,5521311508.0,226721429.0,target_year,,,,,,,,,,SOE_target,0.027835000000000002,0.037942000000000004,27.0587289,0.215538555,0.377325617,0.523110571,-0.218366135,0.648668624,0.426660113,0.404249093,0.106989431,True,CSI_nonSOE,0.05288257618800592,0.037942000000000004,0.014940576188005913,8702512115.108744,8702512115.108744,0,1,FirmSize_lag,
600050.SH,中国联通,CSI,中央国有企业,通讯服务,电信服务,通讯服务--电信服务--多元电信服务--综合电信业务,2021,,,,,,,,,,593284000000.0,,0.012700151,6305465753.0,1229336920.0,target_year,,,,,,,,,,SOE_target,0.030314,0.042472,27.09055284,0.216924109,0.375629725,0.52757066,-0.195009677,0.622322545,0.430921996,0.488897939,0.100700722,True,CSI_nonSOE,0.05310618674711093,0.042472,0.010634186747110926,6309092850.072958,6309092850.072958,0,1,FirmSize_lag,
600050.SH,中国联通,CSI,中央国有企业,通讯服务,电信服务,通讯服务--电信服务--多元电信服务--综合电信业务,2022,,,,,,,,,,644687000000.0,,0.010162857,7299489574.0,-747627534.0,target_year,,,,,,,,,,SOE_target,0.032905000000000004,0.048088,27.10893985,0.214754812,0.374126853,0.555261993,-0.183530803,0.593470184,0.433306679,0.536927029,0.121437607,True,CSI_nonSOE,0.0556960754362618,0.048088,0.007608075436261803,4904827328.777313,4904827328.777313,0,1,FirmSize_lag,
600050.SH,中国联通,CSI,中央国有企业,通讯服务,电信服务,通讯服务--电信服务--多元电信服务--综合电信业务,2023,,,,,,,,,,662844796563.0,,0.011939,8172679256.0,-258709687.0,target_year,,,,,,,,,,SOE_target,0.034735999999999996,0.05212,27.192031,0.214301,0.373379,0.571171,-0.157774,0.54134,0.461329,0.589832,0.112407,True,CSI_nonSOE,0.05548740142339409,0.05212,0.0033674014233940897,2232064511.435612,2232064511.435612,0,1,FirmSize_lag,
600050.SH,中国联通,CSI,中央国有企业,通讯服务,电信服务,通讯服务--电信服务--多元电信服务--综合电信业务,2024,,,,,,,,,,672836701609.0,,0.013008,9029899018.0,-277552108.0,target_year,,,,,,,,,,SOE_target,0.037571,0.055725,27.219807,0.211944,0.374249,0.567565,-0.15427,0.531136,0.460002,0.607135,0.119744,True,CSI_nonSOE,0.05507638492256574,0.055725,-0.0006486150774342586,-436412029.3147327,0.0,0,1,FirmSize_lag,
600050.SH,中国联通,CSI,中央国有企业,通讯服务,电信服务,通讯服务--电信服务--多元电信服务--综合电信业务,2025,,,,,,,,,,671056308815.0,,0.01273,9126662570.0,-584217448.0,target_year,,,,,,,,,,SOE_target,0.036787,0.05474300000000001,27.234768,0.214383,0.373264,0.5808,-0.159284,0.521086,0.45189,0.597066,0.112571,True,CSI_nonSOE,0.05607188430261814,0.05474300000000001,0.0013288843026181343,891756194.9571207,891756194.9571207,0,1,FirmSize_lag,
600085.SH,同仁堂,CSI,地方国有企业,医疗保健,医药生物,医疗保健--医药生物--制药--中药,2019,,,,,,,,,,20921822081.0,,0.049259163,985435905.0,45155539.17,target_year,,,,,,,,,,SOE_target,0.092627,0.106557,23.74259659,0.044393641,0.277672488,0.717188255,0.545479466,0.175814588,0.290478372,3.305792709,0.030049137,True,CSI_nonSOE,0.1821316993025854,0.106557,0.07557469930258541,1581160412.6337667,1581160412.6337667,1,0,,
600085.SH,同仁堂,CSI,地方国有企业,医疗保健,医药生物,医疗保健--医药生物--制药--中药,2020,,,,,,,,,,21837512362.0,,0.045586645,1031440915.0,-35941988.89,target_year,,,,,,,,,,SOE_target,0.09274800000000001,0.108193,23.76405857,0.035361667,0.276190471,0.635012754,0.536228996,0.186854042,0.299285654,3.292555198,0.022168669,True,CSI_nonSOE,0.17273726555413993,0.108193,0.06454426555413993,1409486196.9347415,1409486196.9347415,1,0,,
600085.SH,同仁堂,CSI,地方国有企业,医疗保健,医药生物,医疗保健--医药生物--制药--中药,2021,,,,,,,,,,25072835362.0,,0.054031558,1227372820.0,127351544.8,target_year,,,,,,,,,,SOE_target,0.099836,0.11994500000000001,23.80689508,0.031735322,0.256105921,0.593509445,0.500448163,0.19275382,0.28808725,2.95210164,0.052705572,True,CSI_nonSOE,0.16908885670737753,0.11994500000000001,0.04914385670737752,1232175828.2777958,1232175828.2777958,1,0,,
600085.SH,同仁堂,CSI,地方国有企业,医疗保健,医药生物,医疗保健--医药生物--制药--中药,2022,,,,,,,,,,27044491890.0,,0.052549744,1425811705.0,-4630592.51,target_year,,,,,,,,,,SOE_target,0.104262,0.12707100000000002,23.94505084,0.030176801,0.230275265,0.615993482,0.47347069,0.160434637,0.33503726,2.883619323,0.018793541,True,CSI_nonSOE,0.16284495658606546,0.12707100000000002,0.03577395658606544,967488478.7650589,967488478.7650589,1,0,,
600085.SH,同仁堂,CSI,地方国有企业,医疗保健,医药生物,医疗保健--医药生物--制药--中药,2023,,,,,,,,,,30089450163.66,,0.051802,1668834509.63,-110139252.35,target_year,,,,,,,,,,SOE_target,0.10784,0.13423,24.020749,0.028082,0.212266,0.583495,0.525941,0.145857,0.31764,3.245059,0.012203,True,CSI_nonSOE,0.16063569931874552,0.13423,0.026405699318745535,794532973.6879846,794532973.6879846,1,0,,
600085.SH,同仁堂,CSI,地方国有企业,医疗保健,医药生物,医疗保健--医药生物--制药--中药,2024,,,,,,,,,,31197524019.77,,0.049119,1526274925.98,6104419.93,target_year,,,,,,,,,,SOE_target,0.091748,0.116268,24.12744,0.02949,0.216978,0.619334,0.538375,0.130842,0.32677,3.261915,0.010785,True,CSI_nonSOE,0.1604066962103185,0.116268,0.044138696210318504,1377018035.2227426,1377018035.2227426,1,0,,
600085.SH,同仁堂,CSI,地方国有企业,医疗保健,医药生物,医疗保健--医药生物--制药--中药,2025,,,,,,,,,,30621119491.71,,0.036822,1189374356.88,-61856885.45,target_year,,,,,,,,,,SOE_target,0.063568,0.088584,24.163605,0.030434,0.230555,0.601836,0.516001,0.132703,0.330043,3.11878,0.016654,True,CSI_nonSOE,0.15619262991686228,0.088584,0.06760862991686228,2070251935.3550394,2070251935.3550394,1,0,,
600104.SH,上汽集团,CSI,地方国有企业,可选消费,汽车与零配件,可选消费--汽车与零配件--汽车--汽车制造,2019,,,,,,,,,,849333000000.0,,0.03253059,25603384202.0,2025928206.0,target_year,,,,,,,,,,SOE_target,0.050204000000000006,0.105784,27.38610456,0.591110538,0.376606004,1.168639891,0.049890403,0.115023003,0.636265723,1.094256631,0.040848718,True,CSI_nonSOE,0.13620195579273758,0.105784,0.03041795579273758,25834973647.313187,25834973647.313187,0,1,FirmSize_lag,
600104.SH,上汽集团,CSI,地方国有企业,可选消费,汽车与零配件,可选消费--汽车与零配件--汽车--汽车制造,2020,,,,,,,,,,919415000000.0,,0.022784011,20431037480.0,516918858.2,target_year,,,,,,,,,,SOE_target,0.040583999999999995,0.080152,27.4677175,0.584514926,0.369422071,1.004740563,0.056932128,0.116848769,0.645793199,1.104481436,0.031712856,True,CSI_nonSOE,0.12354005618203913,0.080152,0.04338805618203913,39891629674.609505,39891629674.609505,0,1,FirmSize_lag,
600104.SH,上汽集团,CSI,地方国有企业,可选消费,汽车与零配件,可选消费--汽车与零配件--汽车--汽车制造,2021,,,,,,,,,,916923000000.0,,0.027371208,24533097944.0,564183662.3,target_year,,,,,,,,,,SOE_target,0.045260999999999996,0.091905,27.54700317,0.537049464,0.324255792,0.811062728,0.060136769,0.104539258,0.662784059,1.108225401,0.016464627,True,CSI_nonSOE,0.10977290185950186,0.091905,0.017867901859501864,16383490176.720028,16383490176.720028,0,1,FirmSize_lag,
600104.SH,上汽集团,CSI,地方国有企业,可选消费,汽车与零配件,可选消费--汽车与零配件--汽车--汽车制造,2022,,,,,,,,,,990107000000.0,,0.015506544,16117549650.0,-764406025.7,target_year,,,,,,,,,,SOE_target,0.02944,0.058291,27.544289,0.49624797,0.289774151,0.82160727,0.070374421,0.101621896,0.641441168,1.13429849,0.02044087,True,CSI_nonSOE,0.11370222145763155,0.058291,0.05541122145763155,54863038243.7512,54863038243.7512,0,1,FirmSize_lag,
600104.SH,上汽集团,CSI,地方国有企业,可选消费,汽车与零配件,可选消费--汽车与零配件--汽车--汽车制造,2023,,,,,,,,,,1006650278661.54,,0.013857,14106165142.98,-156683993.96,target_year,,,,,,,,,,SOE_target,0.026015,0.049885,27.621079,0.398005,0.236564,0.750589,0.038572,0.095925,0.66034,1.070207,0.023164,True,CSI_nonSOE,0.10841767203131455,0.049885,0.058532672031314556,58921930611.12733,58921930611.12733,0,1,FirmSize_lag,
600104.SH,上汽集团,CSI,地方国有企业,可选消费,汽车与零配件,可选消费--汽车与零配件--汽车--汽车制造,2024,,,,,,,,,,957143417731.69,,0.004932,1666376761.07,3054077070.48,target_year,,,,,,,,,,SOE_target,0.013815,0.005805,27.637649,0.342769,0.222276,0.722406,0.071692,0.097073,0.659358,1.131829,0.019282,True,CSI_nonSOE,0.10943579819611465,0.005805,0.10363079819611465,99189536367.69223,99189536367.69223,0,1,FirmSize_lag,
600104.SH,上汽集团,CSI,地方国有企业,可选消费,汽车与零配件,可选消费--汽车与零配件--汽车--汽车制造,2025,,,,,,,,,,960207461450.69,,0.010248,10105800270.34,-265824180.92,target_year,,,,,,,,,,SOE_target,0.025705,0.034451999999999997,27.587219,0.26178,0.204324,0.620374,0.094252,0.100007,0.63774,1.176221,0.021734,True,CSI_nonSOE,0.09940953685158192,0.034451999999999997,0.06495753685158193,62372711562.34712,62372711562.34712,0,1,FirmSize_lag,
600111.SH,北方稀土,CSI,地方国有企业,材料,有色金属,材料--有色金属--其他金属与采矿--金属非金属,2019,,,,,,,,,,23249789494.0,,0.043282698,616294511.7,390019111.1,target_year,,,,,,,,,,SOE_target,0.05133,0.065095,23.8938532,0.017646653,0.167062795,0.622517459,0.470818754,0.163159257,0.47422306,2.82050655,0.007902791,True,CSI_nonSOE,0.18358000272920408,0.065095,0.11848500272920408,2754751371.65001,2754751371.65001,1,0,,
600111.SH,北方稀土,CSI,地方国有企业,材料,有色金属,材料--有色金属--其他金属与采矿--金属非金属,2020,,,,,,,,,,25529146004.0,,0.048506632,832623455.2,405709442.1,target_year,,,,,,,,,,SOE_target,0.060104,0.082956,23.86956191,0.019452349,0.15478921,0.764815494,0.477193011,0.16554144,0.442861415,2.937880661,0.008883409,True,CSI_nonSOE,0.1969564154399256,0.082956,0.11400041543992559,2910333250.2825165,2910333250.2825165,1,0,,
600111.SH,北方稀土,CSI,地方国有企业,材料,有色金属,材料--有色金属--其他金属与采矿--金属非金属,2021,,,,,,,,,,34707756657.0,,0.159096641,5130043122.0,391844362.9,target_year,,,,,,,,,,SOE_target,0.222313,0.39806600000000003,23.96308662,0.019082992,0.159708925,0.867219831,0.564907722,0.150001984,0.459639851,4.537805877,0.005932262,True,CSI_nonSOE,0.19968925955780267,0.39806600000000003,-0.19837674044219736,-6885211633.676637,0.0,1,0,,
600111.SH,北方稀土,CSI,地方国有企业,材料,有色金属,材料--有色金属--其他金属与采矿--金属非金属,2022,,,,,,,,,,36645246207.0,,0.16901701,5983647410.0,210022530.5,target_year,,,,,,,,,,SOE_target,0.20846800000000001,0.340184,24.27022903,0.020218983,0.168216562,1.002172561,0.480913141,0.128744205,0.446127904,2.662234864,0.009474372,True,CSI_nonSOE,0.20293984338310378,0.340184,-0.1372441566168962,-5029345909.69823,0.0,1,0,,
600111.SH,北方稀土,CSI,地方国有企业,材料,有色金属,材料--有色金属--其他金属与采矿--金属非金属,2023,,,,,,,,,,40496655048.44,,0.062697,2370740184.54,168287209.07,target_year,,,,,,,,,,SOE_target,0.081204,0.11439,24.32455,0.0216,0.153058,1.037221,0.48697,0.15619,0.316914,2.914617,0.027693,True,CSI_nonSOE,0.20638817725193534,0.11439,0.09199817725193533,3725618449.256865,3725618449.256865,1,0,,
600111.SH,北方稀土,CSI,地方国有企业,材料,有色金属,材料--有色金属--其他金属与采矿--金属非金属,2024,,,,,,,,,,45380919517.66,,0.026432,1004276921.89,195231222.79,target_year,,,,,,,,,,SOE_target,0.047333999999999994,0.045596,24.424485,0.019248,0.159476,0.864691,0.486653,0.170179,0.335716,3.131002,0.027501,True,CSI_nonSOE,0.18717847550778963,0.045596,0.14158247550778963,6425142926.13007,6425142926.13007,1,0,,
600111.SH,北方稀土,CSI,地方国有企业,材料,有色金属,材料--有色金属--其他金属与采矿--金属非金属,2025,,,,,,,,,,48127817177.89,,0.050843,2251272073.68,195668514.09,target_year,,,,,,,,,,SOE_target,0.076569,0.09561,24.538358,0.018338,0.15747,0.764517,0.457977,0.200181,0.379574,2.910177,0.037205,True,CSI_nonSOE,0.17445436311153698,0.09561,0.07884436311153697,3794607093.339226,3794607093.339226,1,0,,
600115.SH,中国东航,CSI,中央国有企业,工业,交通运输,工业--交通运输--航空客运Ⅲ--航空客运Ⅳ,2019,,,,,,,,,,285185000000.0,,0.029321318,3192000000.0,5170000000.0,target_year,,,,,,,,,,SOE_target,0.035761,0.05026099999999999,26.19980052,0.13235558,0.111099702,0.491859096,-0.239029023,0.753519624,0.742273562,0.218055403,0.045402628,True,CSI_nonSOE,0.017112678291842126,0.05026099999999999,-0.03314832170815787,-9453404126.341002,0.0,0,2,"FixedAssetsRatio_lag, CurrentRatio_lag",
600115.SH,中国东航,CSI,中央国有企业,工业,交通运输,工业--交通运输--航空客运Ⅲ--航空客运Ⅳ,2020,,,,,,,,,,284650000000.0,,-0.02326717,-11836000000.0,5213000000.0,target_year,,,,,,,,,,SOE_target,-0.040155,-0.18898700000000002,26.37640393,0.125014343,0.108646931,0.461600681,-0.205550783,0.348675421,0.745267107,0.251942881,0.026610797,True,CSI_nonSOE,0.0088814368461273,-0.18898700000000002,0.19786843684612732,56323250548.25014,56323250548.25014,0,1,CurrentRatio_lag,
600115.SH,中国东航,CSI,中央国有企业,工业,交通运输,工业--交通运输--航空客运Ⅲ--航空客运Ⅳ,2021,,,,,,,,,,288790000000.0,,-0.022168358,-12214000000.0,5812000000.0,target_year,,,,,,,,,,SOE_target,-0.041992,-0.222348,26.37452619,0.073820843,0.123286456,0.206119315,-0.271596698,0.354972774,0.792186896,0.225412793,0.025459336,True,CSI_nonSOE,-0.01863950618396118,-0.222348,0.2037084938160388,58828975929.13385,58828975929.13385,0,1,CurrentRatio_lag,
600115.SH,中国东航,CSI,中央国有企业,工业,交通运输,工业--交通运输--航空客运Ⅲ--航空客运Ⅳ,2022,,,,,,,,,,287984000000.0,,-0.0992069,-37386000000.0,8816000000.0,target_year,,,,,,,,,,SOE_target,-0.110379,-0.8803230000000001,26.38896562,0.06097388,0.15352339,0.234120396,-0.200772187,0.322871291,0.802098411,0.324946735,0.037421656,True,CSI_nonSOE,-0.01957835465590757,-0.8803230000000001,0.8607446453440926,247880685944.77316,247880685944.77316,0,1,CurrentRatio_lag,
600115.SH,中国东航,CSI,中央国有企业,工业,交通运输,工业--交通运输--航空客运Ⅲ--航空客运Ⅳ,2023,,,,,,,,,,284733000000.0,,-0.00733,-8168000000.0,6081000000.0,target_year,,,,,,,,,,SOE_target,-0.009401,-0.22023900000000002,26.386171,0.039267,0.180808,0.159893,-0.274435,0.309767,0.887692,0.25753,0.03479,True,CSI_nonSOE,-0.02644682319937408,-0.22023900000000002,0.19379217680062594,55179027876.972626,55179027876.972626,0,2,"FinancialLeverage_lag, CurrentRatio_lag",
600115.SH,中国东航,CSI,中央国有企业,工业,交通运输,工业--交通运输--航空客运Ⅲ--航空客运Ⅳ,2024,,,,,,,,,,278842000000.0,,0.003307,-4226000000.0,5148000000.0,target_year,,,,,,,,,,SOE_target,0.004007,-0.09870799999999999,26.374818,0.093572,0.114556,0.397198,-0.283076,0.337098,0.847355,0.241502,0.065553,True,CSI_nonSOE,0.001243810855019567,-0.09870799999999999,0.09995181085501956,27870762842.435364,27870762842.435364,0,2,"FinancialLeverage_lag, CurrentRatio_lag",
600115.SH,中国东航,CSI,中央国有企业,工业,交通运输,工业--交通运输--航空客运Ⅲ--航空客运Ⅳ,2025,,,,,,,,,,294006000000.0,,0.00868,-1633000000.0,4185000000.0,target_year,,,,,,,,,,SOE_target,0.015205,-0.039456000000000005,26.353911,0.095116,0.116886,0.468864,-0.340336,0.370568,0.843456,0.167566,0.058596,True,CSI_nonSOE,0.007208333819266777,-0.039456000000000005,0.04666433381926678,13719594128.86735,13719594128.86735,0,2,"FinancialLeverage_lag, CurrentRatio_lag",
600150.SH,中国船舶,CSI,中央国有企业,工业,机械,工业--机械--机械Ⅲ--建筑机械与重型卡车,2019,,,,,,,,,,44351383662.0,,0.012464128,404757012.2,148044295.7,target_year,,,,,,,,,,SOE_target,0.009106999999999999,0.026532,24.53591577,0.029817025,0.247583643,0.344076768,0.270348175,0.193985661,0.544529807,1.710203397,0.006719063,True,CSI_nonSOE,0.12250545176114366,0.026532,0.09597345176114366,4256555380.424932,4256555380.424932,1,0,,
600150.SH,中国船舶,CSI,中央国有企业,工业,机械,工业--机械--机械Ⅲ--建筑机械与重型卡车,2020,,,,,,,,,,152510000000.0,,0.001747771,305800985.4,-39249305.42,target_year,,,,,,,,,,SOE_target,0.0031569999999999997,0.009995,24.51540974,0.035511472,0.225950341,0.514956109,0.259465378,0.201965756,0.52498716,1.691017199,0.017188794,True,CSI_nonSOE,0.1385648356571801,0.009995,0.1285698356571801,19608185636.076538,19608185636.076538,1,0,,
600150.SH,中国船舶,CSI,中央国有企业,工业,机械,工业--机械--机械Ⅲ--建筑机械与重型卡车,2021,,,,,,,,,,160402000000.0,,-0.003399258,213814622.4,-759063293.3,target_year,,,,,,,,,,SOE_target,0.002098,0.004657,25.75049291,0.072042941,0.195497669,0.559491297,0.129903575,0.174424107,0.6536226,1.219782006,0.013788703,True,CSI_nonSOE,0.09517605743914494,0.004657,0.09051905743914494,14519437851.353727,14519437851.353727,1,0,,
600150.SH,中国船舶,CSI,中央国有企业,工业,机械,工业--机械--机械Ⅲ--建筑机械与重型卡车,2022,,,,,,,,,,162438000000.0,,-0.006994407,171873146.3,-1308027192.0,target_year,,,,,,,,,,SOE_target,0.013464,0.0037359999999999997,25.80095053,0.074553764,0.187780789,0.380590501,0.158124474,0.16421145,0.668931232,1.272382023,0.007356286,True,CSI_nonSOE,0.08165043972930333,0.0037359999999999997,0.07791443972930333,12656265760.748573,12656265760.748573,1,0,,
600150.SH,中国船舶,CSI,中央国有企业,工业,机械,工业--机械--机械Ⅲ--建筑机械与重型卡车,2023,,,,,,,,,,177832168643.44,,0.009259,2957396962.72,-1310930190.34,target_year,,,,,,,,,,SOE_target,0.017764,0.062717,25.813559,0.080153,0.187488,0.367781,0.150325,0.129527,0.689239,1.259374,0.008802,True,CSI_nonSOE,0.07955339824856847,0.062717,0.016836398248568474,2994053212.6875467,2994053212.6875467,1,0,,
600150.SH,中国船舶,CSI,中央国有企业,工业,机械,工业--机械--机械Ⅲ--建筑机械与重型卡车,2024,,,,,,,,,,181976769308.99,,0.011201,3614135616.3,-1575781961.35,target_year,,,,,,,,,,SOE_target,0.014025000000000001,0.07283,25.904106,0.091615,0.188674,0.438522,0.14979,0.122893,0.704932,1.249494,0.013618,True,CSI_nonSOE,0.08332370176185964,0.07283,0.010493701761859639,1909609944.7152734,1909609944.7152734,1,0,,
600150.SH,中国船舶,CSI,中央国有企业,工业,机械,工业--机械--机械Ⅲ--建筑机械与重型卡车,2025,,,,,,,,,,420489480242.16,,0.013112,7848378198.33,-2334822741.29,target_year,,,,,,,,,,SOE_target,0.027851,0.080778,25.927145,0.092837,0.187309,0.435525,0.148662,0.119424,0.6963,1.243995,0.009025,True,CSI_nonSOE,0.0823574008573899,0.080778,0.0015794008573899038,664121445.6179025,664121445.6179025,1,0,,
600160.SH,巨化股份,CSI,地方国有企业,材料,化工,材料--化工--基础化工--商品化工,2019,,,,,,,,,,15385300893.0,,0.058389253,895359996.4,2976229.44,target_year,,,,,,,,,,SOE_target,0.068131,0.070288,23.44894781,0.058569237,0.192081294,1.101103205,0.357058844,0.368157629,0.156008094,3.558695124,0.069004854,True,CSI_nonSOE,0.24262403272613728,0.070288,0.1723360327261373,2651441718.1975174,2651441718.1975174,1,0,,
600160.SH,巨化股份,CSI,地方国有企业,材料,化工,材料--化工--基础化工--商品化工,2020,,,,,,,,,,15691644389.0,,0.009376308,95375175.24,51754515.63,target_year,,,,,,,,,,SOE_target,0.008813999999999999,0.007516,23.4566784,0.057567958,0.180537484,1.012933043,0.300401662,0.441129176,0.14094665,3.51676239,0.114227752,True,CSI_nonSOE,0.23435976751651671,0.007516,0.22684376751651672,3559551731.7301702,3559551731.7301702,1,0,,
600160.SH,巨化股份,CSI,地方国有企业,材料,化工,材料--化工--基础化工--商品化工,2021,,,,,,,,,,17894390845.0,,0.063603951,1109093339.0,29060612.11,target_year,,,,,,,,,,SOE_target,0.06406200000000001,0.085906,23.4763942,0.053828028,0.203999831,1.030213477,0.203862432,0.490215989,0.179823706,2.293492469,0.120151089,True,CSI_nonSOE,0.23245193678325288,0.085906,0.1465459367832529,2622350269.5461893,2622350269.5461893,1,0,,
600160.SH,巨化股份,CSI,地方国有企业,材料,化工,材料--化工--基础化工--商品化工,2022,,,,,,,,,,22626691197.0,,0.10046582,2380732575.0,-107523486.8,target_year,,,,,,,,,,SOE_target,0.134514,0.16531700000000002,23.60775314,0.033818168,0.197245037,1.067433871,0.145556896,0.47974255,0.238189141,1.7330402,0.095100199,True,CSI_nonSOE,0.22502363445387116,0.16531700000000002,0.059706634453871144,1350963580.199903,1350963580.199903,1,0,,
600160.SH,巨化股份,CSI,地方国有企业,材料,化工,材料--化工--基础化工--商品化工,2023,,,,,,,,,,23383806879.39,,0.039421,943505301.47,-21689528.72,target_year,,,,,,,,,,SOE_target,0.046794,0.059823,23.842396,0.029618,0.212868,1.056345,0.129305,0.489276,0.302398,1.596604,0.15415,True,CSI_nonSOE,0.21639009014904464,0.059823,0.15656709014904463,3661134599.713304,3661134599.713304,1,0,,
600160.SH,巨化股份,CSI,地方国有企业,材料,化工,材料--化工--基础化工--商品化工,2024,,,,,,,,,,27913610331.15,,0.071699,1959534855.24,41838704.69,target_year,,,,,,,,,,SOE_target,0.09899699999999999,0.115721,23.87531,0.025104,0.215825,0.893905,0.081446,0.526715,0.299657,1.421695,0.127952,True,CSI_nonSOE,0.19755209658834888,0.115721,0.08183109658834888,2284201343.137869,2284201343.137869,1,0,,
600160.SH,巨化股份,CSI,地方国有企业,材料,化工,材料--化工--基础化工--商品化工,2025,,,,,,,,,,38208012673.28,,0.101902,3783228877.44,110248162.07,target_year,,,,,,,,,,SOE_target,0.156815,0.19794899999999999,24.05238,0.029335,0.213171,0.949932,0.10628,0.516944,0.312525,1.595459,0.069399,True,CSI_nonSOE,0.19475467043849545,0.19794899999999999,-0.003194329561504533,-122048984.36859813,0.0,1,0,,
600161.SH,天坛生物,CSI,中央国有企业,医疗保健,医药生物,医疗保健--医药生物--生物科技Ⅲ--生物科技Ⅳ,2019,,,,,,,,,,6314412346.0,,0.096777628,611093849.3,0.0,target_year,,,,,,,,,,SOE_target,0.179251,0.167189,22.34600895,0.009154301,0.277672488,0.663614746,0.58229648,0.194766146,0.142133659,7.116183644,0.058004009,True,CSI_nonSOE,0.20534664346003045,0.167189,0.03815764346003045,240943094.95828244,240943094.95828244,1,0,,
600161.SH,天坛生物,CSI,中央国有企业,医疗保健,医药生物,医疗保健--医药生物--生物科技Ⅲ--生物科技Ⅳ,2020,,,,,,,,,,7541051691.0,,0.080718513,639006857.1,-30304376.4,target_year,,,,,,,,,,SOE_target,0.159485,0.151122,22.56610053,0.008736307,0.276190471,0.570658994,0.537566054,0.247020815,0.18007217,6.206630682,0.083337901,True,CSI_nonSOE,0.19334597236121293,0.151122,0.04222397236121292,318413158.175262,318413158.175262,1,0,,
600161.SH,天坛生物,CSI,中央国有企业,医疗保健,医药生物,医疗保健--医药生物--生物科技Ⅲ--生物科技Ⅳ,2021,,,,,,,,,,11577632332.0,,0.060104193,760012025.0,-64147776.17,target_year,,,,,,,,,,SOE_target,0.129822,0.12092499999999999,22.74362749,0.008525476,0.256105921,0.492054521,0.49287932,0.264855123,0.200250169,4.956767402,0.080745481,True,CSI_nonSOE,0.1853744166651003,0.12092499999999999,0.0644494166651003,746171650.1604049,746171650.1604049,1,0,,
600161.SH,天坛生物,CSI,中央国有企业,医疗保健,医药生物,医疗保健--医药生物--生物科技Ⅲ--生物科技Ⅳ,2022,,,,,,,,,,12940709340.0,,0.06360082,881029002.2,-57989278.24,target_year,,,,,,,,,,SOE_target,0.116343,0.104587,23.17234083,0.0084904,0.230275265,0.425247477,0.581824335,0.223624264,0.113215656,9.320564621,0.0977486,True,CSI_nonSOE,0.15174404277373083,0.104587,0.047157042773730826,610245583.868798,610245583.868798,1,0,,
600161.SH,天坛生物,CSI,中央国有企业,医疗保健,医药生物,医疗保健--医药生物--生物科技Ⅲ--生物科技Ⅳ,2023,,,,,,,,,,14188056936.91,,0.074736,1109888597.22,-49525032.2,target_year,,,,,,,,,,SOE_target,0.132597,0.119225,23.283644,0.007787,0.212266,0.343937,0.472413,0.309779,0.122433,6.282215,0.104633,True,CSI_nonSOE,0.15020304793911318,0.119225,0.030978047939113185,439518307.9544653,439518307.9544653,1,0,,
600161.SH,天坛生物,CSI,中央国有企业,医疗保健,医药生物,医疗保健--医药生物--生物科技Ⅲ--生物科技Ⅳ,2024,,,,,,,,,,15869522217.56,,0.095545,1549164832.24,-32913962.1,target_year,,,,,,,,,,SOE_target,0.167299,0.147812,23.375666,0.008554,0.216978,0.378329,0.4433,0.340882,0.101049,5.915182,0.075947,True,CSI_nonSOE,0.14845054466869417,0.147812,0.0006385446686941743,10133398.806746688,10133398.806746688,1,0,,
600161.SH,天坛生物,CSI,中央国有企业,医疗保健,医药生物,医疗保健--医药生物--生物科技Ⅲ--生物科技Ⅳ,2025,,,,,,,,,,16583015601.51,,0.065656,1090837981.2,-2060925.16,target_year,,,,,,,,,,SOE_target,0.112205,0.095379,23.487666,0.009853,0.230555,0.397298,0.416015,0.36459,0.084207,6.892785,0.067262,True,CSI_nonSOE,0.13725775867477455,0.095379,0.041878758674774544,694476108.4756585,694476108.4756585,1,0,,
600176.SH,中国巨石,CSI,中央国有企业,材料,建材Ⅱ,材料--建材Ⅱ--建材Ⅲ--建材Ⅳ,2019,,,,,,,,,,33604242332.0,,0.078703117,2128865280.0,515893338.2,target_year,,,,,,,,,,SOE_target,0.094403,0.142471,24.13673625,0.065989415,0.736746816,0.360641015,-0.166593432,0.677495813,0.51991577,0.589855446,0.199344878,True,CSI_nonSOE,0.1184596817127039,0.142471,-0.024011318287296093,-806882158.4370811,0.0,0,1,HHI_lag,
600176.SH,中国巨石,CSI,中央国有企业,材料,建材Ⅱ,材料--建材Ⅱ--建材Ⅲ--建材Ⅳ,2020,,,,,,,,,,36737268363.0,,0.078969139,2416110989.0,484999467.5,target_year,,,,,,,,,,SOE_target,0.08114,0.146063,24.23791816,0.057753522,0.764425084,0.326127262,-0.074864208,0.646960783,0.521473005,0.784352158,0.152040284,True,CSI_nonSOE,0.1158097243277034,0.146063,-0.030253275672296603,-1111422707.2329795,0.0,0,1,HHI_lag,
600176.SH,中国巨石,CSI,中央国有企业,材料,建材Ⅱ,材料--建材Ⅱ--建材Ⅲ--建材Ⅳ,2021,,,,,,,,,,43828317485.0,,0.147346744,6028473747.0,429486116.3,target_year,,,,,,,,,,SOE_target,0.190828,0.301392,24.32705756,0.05657087,0.753086611,0.328811274,-0.012078152,0.619425523,0.500610691,0.961569222,0.041692723,True,CSI_nonSOE,0.11222301235296099,0.301392,-0.189168987647039,-8290958448.910468,0.0,0,1,HHI_lag,
600176.SH,中国巨石,CSI,中央国有企业,材料,建材Ⅱ,材料--建材Ⅱ--建材Ⅲ--建材Ⅳ,2022,,,,,,,,,,48633670689.0,,0.141381399,6610015912.0,265880466.9,target_year,,,,,,,,,,SOE_target,0.173891,0.26353000000000004,24.50354596,0.093825706,0.668525521,0.485327071,0.00410086,0.612297252,0.463330844,1.0129454,0.083408369,True,CSI_nonSOE,0.12664056349387556,0.26353000000000004,-0.13688943650612448,-6657435775.841633,0.0,0,1,HHI_lag,
600176.SH,中国巨石,CSI,中央国有企业,材料,建材Ⅱ,材料--建材Ⅱ--建材Ⅲ--建材Ⅳ,2023,,,,,,,,,,52073958059.2,,0.06291,3044441957.13,231536047.89,target_year,,,,,,,,,,SOE_target,0.073635,0.108267,24.607582,0.116572,0.617588,0.433087,-0.017491,0.687123,0.407869,0.933374,0.114058,True,CSI_nonSOE,0.12236041446928445,0.108267,0.014093414469284443,733899873.9844404,733899873.9844404,1,0,,
600176.SH,中国巨石,CSI,中央国有企业,材料,建材Ⅱ,材料--建材Ⅱ--建材Ⅲ--建材Ⅳ,2024,,,,,,,,,,53378083328.82,,0.04988,2444813278.64,217662066.36,target_year,,,,,,,,,,SOE_target,0.056956,0.083323,24.675931,0.082401,0.650954,0.291024,-0.020449,0.671059,0.42393,0.926322,0.028037,True,CSI_nonSOE,0.09995473359408658,0.083323,0.01663173359408658,887770061.6878885,887770061.6878885,1,0,,
600176.SH,中国巨石,CSI,中央国有企业,材料,建材Ⅱ,材料--建材Ⅱ--建材Ⅲ--建材Ⅳ,2025,,,,,,,,,,54627103828.07,,0.065924,3285461018.68,315762318.79,target_year,,,,,,,,,,SOE_target,0.08269,0.10748100000000001,24.700666,0.118209,0.525443,0.296385,-0.027947,0.669764,0.410842,0.899525,0.02441,True,CSI_nonSOE,0.10331226288304088,0.10748100000000001,-0.004168737116959129,-227726035.3200555,0.0,1,0,,
600188.SH,兖矿能源,CSI,地方国有企业,能源,煤炭Ⅱ,能源--煤炭Ⅱ--煤炭Ⅲ--煤炭与消费用燃料,2019,,,,,,,,,,210761000000.0,,0.057600333,9388645000.0,2751234000.0,target_year,,,,,,,,,,SOE_target,0.081058,0.176815,26.05115955,0.129482321,0.3281903,0.334462625,0.025388991,0.267689293,0.577458925,1.087754827,0.049390706,True,CSI_nonSOE,0.08620770468955892,0.176815,-0.09060729531044108,-19096484166.923874,0.0,1,0,,
600188.SH,兖矿能源,CSI,地方国有企业,能源,煤炭Ⅱ,能源--煤炭Ⅱ--煤炭Ⅲ--煤炭与消费用燃料,2020,,,,,,,,,,273009000000.0,,0.033643654,6318000000.0,2867029000.0,target_year,,,,,,,,,,SOE_target,0.042332,0.11280699999999999,26.07398859,0.125485273,0.293470907,0.325386136,-0.019229621,0.285464889,0.595044725,0.939511468,0.05065633,True,CSI_nonSOE,0.08398369832029212,0.11280699999999999,-0.02882330167970787,-7869020768.275366,0.0,1,0,,
600188.SH,兖矿能源,CSI,地方国有企业,能源,煤炭Ⅱ,能源--煤炭Ⅱ--煤炭Ⅲ--煤炭与消费用燃料,2021,,,,,,,,,,301959000000.0,,0.073721162,16941435000.0,5319334000.0,target_year,,,,,,,,,,SOE_target,0.102991,0.26773800000000003,26.33277154,0.122009519,0.275297772,0.285768214,-0.164915276,0.309818779,0.662710303,0.561073745,0.025940776,True,CSI_nonSOE,0.06993274911955033,0.26773800000000003,-0.1978052508804497,-59729075750.60971,0.0,1,0,,
600188.SH,兖矿能源,CSI,地方国有企业,能源,煤炭Ⅱ,能源--煤炭Ⅱ--煤炭Ⅲ--煤炭与消费用燃料,2022,,,,,,,,,,308604000000.0,,0.117920884,30407538000.0,5983260000.0,target_year,,,,,,,,,,SOE_target,0.19546399999999997,0.38366700000000004,26.43355711,0.126076761,0.269530745,0.377814407,-0.024272447,0.283932375,0.642479663,0.923876494,0.059214617,True,CSI_nonSOE,0.08920552327578687,0.38366700000000004,-0.2944614767242132,-90871989562.99908,0.0,1,0,,
600188.SH,兖矿能源,CSI,地方国有企业,能源,煤炭Ⅱ,能源--煤炭Ⅱ--煤炭Ⅲ--煤炭与消费用燃料,2023,,,,,,,,,,414317629000.0,,0.051511,17778972000.0,3563014000.0,target_year,,,,,,,,,,SOE_target,0.095581,0.20117200000000002,26.455323,0.166306,0.250024,0.506423,0.01511,0.306255,0.548879,1.05571,0.055648,True,CSI_nonSOE,0.10932918241758063,0.20117200000000002,-0.09184281758241938,-38052098421.42751,0.0,1,0,,
600188.SH,兖矿能源,CSI,地方国有企业,能源,煤炭Ⅱ,能源--煤炭Ⅱ--煤炭Ⅲ--煤炭与消费用燃料,2024,,,,,,,,,,356350370000.0,,0.051055,14056067000.0,4137324000.0,target_year,,,,,,,,,,SOE_target,0.08046099999999999,0.193195,26.749899,0.137765,0.263234,0.327655,-0.057889,0.316449,0.597567,0.806057,0.064969,True,CSI_nonSOE,0.08580593246226473,0.193195,-0.10738906753773528,-38268133951.026955,0.0,1,0,,
600188.SH,兖矿能源,CSI,地方国有企业,能源,煤炭Ⅱ,能源--煤炭Ⅱ--煤炭Ⅲ--煤炭与消费用燃料,2025,,,,,,,,,,451972364000.0,,0.027923,8524664000.0,4095650000.0,target_year,,,,,,,,,,SOE_target,0.057912,0.131251,26.59918,0.144603,0.263097,0.323185,-0.054503,0.375712,0.629619,0.834785,0.052579,True,CSI_nonSOE,0.08640395391075033,0.131251,-0.04484704608924968,-20269625439.375134,0.0,1,0,,
600309.SH,万华化学,CSI,地方国有企业,材料,化工,材料--化工--基础化工--商品化工,2019,,,,,,,,,,96865322655.0,,0.117008313,10129985098.0,1204062846.0,target_year,,,,,,,,,,SOE_target,0.153052,0.266079,25.06593632,0.226505092,0.192081294,0.841741027,-0.042060662,0.511890882,0.489675535,0.901909063,0.13364523,True,CSI_nonSOE,0.1684532664541179,0.266079,-0.09762573354588211,-9456548179.352928,0.0,1,0,,
600309.SH,万华化学,CSI,地方国有企业,材料,化工,材料--化工--基础化工--商品化工,2020,,,,,,,,,,133753000000.0,,0.083122398,10041428015.0,1076414577.0,target_year,,,,,,,,,,SOE_target,0.101746,0.22034099999999998,25.29658742,0.250213206,0.180537484,0.776561667,-0.220057996,0.635362071,0.546470731,0.524192072,0.183913232,True,CSI_nonSOE,0.15400896039792678,0.22034099999999998,-0.0663320396020732,-8872109292.896097,0.0,1,0,,
600309.SH,万华化学,CSI,地方国有企业,材料,化工,材料--化工--基础化工--商品化工,2021,,,,,,,,,,190310000000.0,,0.140208439,24648748123.0,2034261425.0,target_year,,,,,,,,,,SOE_target,0.187508,0.420344,25.61925818,0.244652397,0.203999831,0.630976773,-0.206406942,0.595338767,0.613833698,0.594805539,0.173721261,True,CSI_nonSOE,0.12787302622565086,0.420344,-0.29247097377434916,-55660151018.99639,0.0,1,0,,
600309.SH,万华化学,CSI,地方国有企业,材料,化工,材料--化工--基础化工--商品化工,2022,,,,,,,,,,200843000000.0,,0.086976163,16233626024.0,1234944691.0,target_year,,,,,,,,,,SOE_target,0.099913,0.223384,25.97191796,0.272912546,0.197245037,0.892780517,-0.135100194,0.497004865,0.623268223,0.737650082,0.141871905,True,CSI_nonSOE,0.13824540815564695,0.223384,-0.08513859184435305,-17099490201.795399,0.0,1,0,,
600309.SH,万华化学,CSI,地方国有企业,材料,化工,材料--化工--基础化工--商品化工,2023,,,,,,,,,,253040390845.31,,0.07308,16815755534.31,1676471684.26,target_year,,,,,,,,,,SOE_target,0.088172,0.203211,26.02579,0.22786,0.212868,0.841883,-0.216511,0.575682,0.595022,0.542349,0.162597,True,CSI_nonSOE,0.12852952390483952,0.203211,-0.07468147609516049,-18897429900.024086,0.0,1,0,,
600309.SH,万华化学,CSI,地方国有企业,材料,化工,材料--化工--基础化工--商品化工,2024,,,,,,,,,,293333349744.25,,0.051571,13033066612.84,2094484339.39,target_year,,,,,,,,,,SOE_target,0.069618,0.14221899999999998,26.256815,0.212902,0.215825,0.768484,-0.184923,0.589702,0.626723,0.569352,0.170322,True,CSI_nonSOE,0.12094058111870315,0.14221899999999998,-0.021278418881296834,-6241669887.712097,0.0,1,0,,
600309.SH,万华化学,CSI,地方国有企业,材料,化工,材料--化工--基础化工--商品化工,2025,,,,,,,,,,323009018441.98,,0.045222,12527201094.15,2079996797.01,target_year,,,,,,,,,,SOE_target,0.059539,0.123462,26.404576,0.217908,0.213171,0.662497,-0.191224,0.62041,0.647159,0.555115,0.122148,True,CSI_nonSOE,0.11114588340101886,0.123462,-0.012316116598981144,-3978216733.6538763,0.0,1,0,,
600362.SH,江西铜业,CSI,地方国有企业,材料,有色金属,材料--有色金属--其他金属与采矿--铜,2019,,,,,,,,,,134914000000.0,,0.032033864,2437988000.0,1883826000.0,target_year,,,,,,,,,,SOE_target,0.033765,0.047564999999999996,25.3566913,0.27307784,0.167062795,2.140373487,0.227714688,0.209602968,0.494227646,1.50769518,0.024828003,True,CSI_nonSOE,0.23005066743214111,0.047564999999999996,0.18248566743214112,24619871335.939888,24619871335.939888,1,0,,
600362.SH,江西铜业,CSI,地方国有企业,材料,有色金属,材料--有色金属--其他金属与采矿--铜,2020,,,,,,,,,,140882000000.0,,0.02965472,2227704000.0,1950099000.0,target_year,,,,,,,,,,SOE_target,0.037725,0.039549,25.62790275,0.258910733,0.15478921,2.015188426,0.116088129,0.199146181,0.562442458,1.229031729,0.024626941,True,CSI_nonSOE,0.21047848837018512,0.039549,0.17092948837018512,24080888180.56842,24080888180.56842,1,0,,
600362.SH,江西铜业,CSI,地方国有企业,材料,有色金属,材料--有色金属--其他金属与采矿--铜,2021,,,,,,,,,,161035000000.0,,0.048382962,5772525000.0,2018808000.0,target_year,,,,,,,,,,SOE_target,0.06250499999999999,0.089007,25.67118532,0.286687902,0.159708925,2.304290845,0.154970935,0.181430297,0.52542187,1.387973092,0.025885937,True,CSI_nonSOE,0.2147967534864963,0.089007,0.1257897534864963,20256552952.69793,20256552952.69793,1,0,,
600362.SH,江西铜业,CSI,地方国有企业,材料,有色金属,材料--有色金属--其他金属与采矿--铜,2022,,,,,,,,,,167331000000.0,,0.047622108,6001476000.0,1967157000.0,target_year,,,,,,,,,,SOE_target,0.057654,0.08375099999999999,25.80488535,0.295819925,0.168216562,2.925410719,0.16153585,0.157166138,0.516812504,1.386929611,0.017832629,True,CSI_nonSOE,0.2107573261466226,0.08375099999999999,0.1270063261466226,21252095560.440506,21252095560.440506,0,1,AssetTurnover_lag,
600362.SH,江西铜业,CSI,地方国有企业,材料,有色金属,材料--有色金属--其他金属与采矿--铜,2023,,,,,,,,,,168150906000.0,,0.053938,6745839000.0,2323801000.0,target_year,,,,,,,,,,SOE_target,0.065317,0.09572599999999999,25.843237,0.27925,0.153058,2.913785,0.140327,0.161812,0.51025,1.320747,0.031766,True,CSI_nonSOE,0.20757028824296386,0.09572599999999999,0.11184428824296387,18806718398.979523,18806718398.979523,0,1,AssetTurnover_lag,
600362.SH,江西铜业,CSI,地方国有企业,材料,有色金属,材料--有色金属--其他金属与采矿--铜,2024,,,,,,,,,,193127836000.0,,0.04877,6900987000.0,2517793000.0,target_year,,,,,,,,,,SOE_target,0.063979,0.094945,25.848128,0.30029,0.159476,3.10204,0.188639,0.195189,0.543573,1.451231,0.040507,True,CSI_nonSOE,0.21378195845201803,0.094945,0.11883695845201803,22950724622.660152,22950724622.660152,0,1,AssetTurnover_lag,
600362.SH,江西铜业,CSI,地方国有企业,材料,有色金属,材料--有色金属--其他金属与采矿--铜,2025,,,,,,,,,,218691169000.0,,0.045031,7372829000.0,2475070000.0,target_year,,,,,,,,,,SOE_target,0.053338,0.09261100000000001,25.986618,0.290054,0.15747,2.874502,0.149061,0.19198,0.545368,1.333937,0.034125,True,CSI_nonSOE,0.20464474523662718,0.09261100000000001,0.11203374523662717,24500790713.246178,24500790713.246178,0,1,AssetTurnover_lag,
600372.SH,中航机载,CSI,中央国有企业,工业,国防军工,工业--国防军工--航空航天与国防Ⅲ--航空航天,2019,,,,,,,,,,22696700722.0,,0.038537034,556020333.4,318643189.9,target_year,,,,,,,,,,SOE_target,0.041747,0.072201,23.79832538,0.088537078,0.285442207,0.355248156,0.227058738,0.198282525,0.634501425,1.448891967,0.039258305,True,CSI_nonSOE,0.08848262632934922,0.072201,0.016281626329349222,369539200.0646747,369539200.0646747,1,0,,
600372.SH,中航机载,CSI,中央国有企业,工业,国防军工,工业--国防军工--航空航天与国防Ⅲ--航空航天,2020,,,,,,,,,,24719896668.0,,0.035788368,630777488.8,253907263.1,target_year,,,,,,,,,,SOE_target,0.030347,0.068315,23.84548541,0.088984862,0.279462147,0.374932205,0.247904795,0.192049706,0.637732538,1.495248109,0.034509268,True,CSI_nonSOE,0.09009135103319992,0.068315,0.021776351033199914,538309147.3467969,538309147.3467969,1,0,,
600372.SH,中航机载,CSI,中央国有企业,工业,国防军工,工业--国防军工--航空航天与国防Ⅲ--航空航天,2021,,,,,,,,,,26262648705.0,,0.035448331,798697071.3,132269986.5,target_year,,,,,,,,,,SOE_target,0.038635,0.073063,23.93087429,0.086942312,0.273615357,0.36796172,0.295766718,0.197663982,0.553869032,1.657799537,0.03562793,True,CSI_nonSOE,0.09096584763146262,0.073063,0.017902847631462618,470176198.16424406,470176198.16424406,1,0,,
600372.SH,中航机载,CSI,中央国有企业,工业,国防军工,工业--国防军工--航空航天与国防Ⅲ--航空航天,2022,,,,,,,,,,28402468059.0,,0.037133494,871912569.3,182770303.0,target_year,,,,,,,,,,SOE_target,0.039441000000000004,0.074451,23.99141357,0.086550715,0.271325141,0.384612869,0.28014269,0.203234787,0.556326897,1.610303347,0.031237761,True,CSI_nonSOE,0.08902312574684687,0.074451,0.014572125746846867,413884336.07654965,413884336.07654965,1,0,,
600372.SH,中航机载,CSI,中央国有企业,工业,国防军工,工业--国防军工--航空航天与国防Ⅲ--航空航天,2023,,,,,,,,,,73523417381.93,,0.027009,1886420594.77,99351150.07,target_year,,,,,,,,,,SOE_target,0.044280999999999994,0.078163,24.069742,0.085827,0.272876,0.407307,0.261113,0.182826,0.555523,1.517513,0.017857,True,CSI_nonSOE,0.08586729606268755,0.078163,0.007704296062687549,566446175.0509366,566446175.0509366,1,0,,
600372.SH,中航机载,CSI,中央国有企业,工业,国防军工,工业--国防军工--航空航天与国防Ⅲ--航空航天,2024,,,,,,,,,,78120456108.96,,0.014631,1040725755.41,102256730.44,target_year,,,,,,,,,,SOE_target,0.018606,0.028304,25.02087,0.178262,0.247277,0.56487,0.34877,0.173278,0.487307,1.859553,0.019524,True,CSI_nonSOE,0.08496394252109638,0.028304,0.05665994252109638,4426300552.855507,4426300552.855507,1,0,,
600372.SH,中航机载,CSI,中央国有企业,工业,国防军工,工业--国防军工--航空航天与国防Ⅲ--航空航天,2025,,,,,,,,,,83259234737.86,,0.015266,1067323487.88,203724505.25,target_year,,,,,,,,,,SOE_target,0.020488,0.028304999999999997,25.081518,0.14773,0.253215,0.312028,0.312238,0.166134,0.498049,1.694911,0.025577,True,CSI_nonSOE,0.05631845011375315,0.028304999999999997,0.028013450113753155,2332378418.838305,2332378418.838305,1,0,,
600377.SH,宁沪高速,CSI,地方国有企业,工业,交通运输,工业--交通运输--交通基础设施--公路与铁路,2019,,,,,,,,,,55625048625.0,,0.083808736,4199704372.0,462160618.9,target_year,,,,,,,,,,SOE_target,0.11512800000000001,0.15359899999999999,24.5978513,0.011445846,0.111099702,0.219835426,-0.019645962,0.247119711,0.390527538,0.861772049,0.073607939,True,CSI_nonSOE,0.03826291692670175,0.15359899999999999,-0.11533608307329823,-6415575229.169253,0.0,1,0,,
600377.SH,宁沪高速,CSI,地方国有企业,工业,交通运输,工业--交通运输--交通基础设施--公路与铁路,2020,,,,,,,,,,61095560365.0,,0.047471427,2464213676.0,436079760.4,target_year,,,,,,,,,,SOE_target,0.062762,0.08683400000000001,24.74189945,0.010413744,0.108646931,0.194207477,-0.127543892,0.294994748,0.412443891,0.459302808,0.087188599,True,CSI_nonSOE,0.024720774767452935,0.08683400000000001,-0.06211322523254707,-3794842301.6599207,0.0,1,0,,
600377.SH,宁沪高速,CSI,地方国有企业,工业,交通运输,工业--交通运输--交通基础设施--公路与铁路,2021,,,,,,,,,,67662020722.0,,0.073413497,4178794497.0,788511048.1,target_year,,,,,,,,,,SOE_target,0.096206,0.143011,24.83570504,0.010096948,0.123286456,0.137635792,-0.10632362,0.283636888,0.459056117,0.537101648,0.06948944,True,CSI_nonSOE,0.021080948550004502,0.143011,-0.1219300514499955,-8250033667.844121,0.0,1,0,,
600377.SH,宁沪高速,CSI,地方国有企业,工业,交通运输,工业--交通运输--交通基础设施--公路与铁路,2022,,,,,,,,,,78458345074.0,,0.061469015,3724115166.0,1098642030.0,target_year,,,,,,,,,,SOE_target,0.077421,0.119802,24.93779087,0.012528305,0.15352339,0.214241167,-0.066822044,0.043427104,0.477404124,0.651384465,0.049049776,True,CSI_nonSOE,0.015747914278467057,0.119802,-0.10405408572153295,-8163911363.899609,0.0,1,0,,
600377.SH,宁沪高速,CSI,地方国有企业,工业,交通运输,工业--交通运输--交通基础设施--公路与铁路,2023,,,,,,,,,,78661443944.36,,0.069785,4413271587.29,1076088753.42,target_year,,,,,,,,,,SOE_target,0.085532,0.133881,25.085834,0.011288,0.180808,0.181434,-0.054283,0.104956,0.5163,0.687869,0.051481,True,CSI_nonSOE,0.009834151947866049,0.133881,-0.12404684805213395,-9757704184.527477,0.0,1,0,,
600377.SH,宁沪高速,CSI,地方国有企业,工业,交通运输,工业--交通运输--交通基础设施--公路与铁路,2024,,,,,,,,,,89886075247.13,,0.065752,4946691605.41,963483489.08,target_year,,,,,,,,,,SOE_target,0.08614100000000001,0.136302,25.088419,0.012498,0.114556,0.193381,-0.010331,0.097668,0.480196,0.914899,0.048364,True,CSI_nonSOE,0.016372807013285695,0.136302,-0.11992919298671431,-10779964465.131378,0.0,1,0,,
600377.SH,宁沪高速,CSI,地方国有企业,工业,交通运输,工业--交通运输--交通基础设施--公路与铁路,2025,,,,,,,,,,96388991421.56,,0.056364,4593870605.31,838994863.39,target_year,,,,,,,,,,SOE_target,0.074415,0.11478999999999999,25.221809,0.016701,0.116886,0.275272,-0.086697,0.082371,0.4467,0.518561,0.120178,True,CSI_nonSOE,0.01597214711607503,0.11478999999999999,-0.09881785288392496,-9524953173.925621,0.0,1,0,,
600406.SH,国电南瑞,CSI,中央国有企业,工业,电气设备,工业--电气设备--电气设备Ⅲ--电气部件与设备,2019,,,,,,,,,,57424875019.0,,0.076932332,4343067281.0,74762257.48,target_year,,,,,,,,,,SOE_target,0.09559799999999999,0.148972,24.68102405,0.080040228,0.075162529,0.57528482,0.358267037,0.151511094,0.438641589,1.831750321,0.032746689,True,CSI_nonSOE,0.16942241078864206,0.148972,0.02045041078864207,1174362283.6249802,1174362283.6249802,1,0,,
600406.SH,国电南瑞,CSI,中央国有企业,工业,电气设备,工业--电气设备--电气设备Ⅲ--电气部件与设备,2020,,,,,,,,,,65962017470.0,,0.074601339,4851540712.0,69314111.2,target_year,,,,,,,,,,SOE_target,0.09493700000000001,0.150043,24.77374341,0.074581189,0.069863037,0.587178263,0.318429201,0.189080259,0.431386914,1.751891674,0.051007372,True,CSI_nonSOE,0.16490901209534106,0.150043,0.014866012095341052,980592149.5421178,980592149.5421178,1,0,,
600406.SH,国电南瑞,CSI,中央国有企业,工业,电气设备,工业--电气设备--电气设备Ⅲ--电气部件与设备,2021,,,,,,,,,,72732951414.0,,0.07585696,5642448312.0,-125147720.6,target_year,,,,,,,,,,SOE_target,0.097209,0.156425,24.91234492,0.074747547,0.069189957,0.620771318,0.300420686,0.175602059,0.448290308,1.709676587,0.052515301,True,CSI_nonSOE,0.1611981159399814,0.156425,0.004773115939981393,347162809.7560556,347162809.7560556,1,0,,
600406.SH,国电南瑞,CSI,中央国有企业,工业,电气设备,工业--电气设备--电气设备Ⅲ--电气部件与设备,2022,,,,,,,,,,76665557522.0,,0.077997441,6446181151.0,-466463828.2,target_year,,,,,,,,,,SOE_target,0.099314,0.160227,25.01006037,0.057367108,0.081262738,0.608389809,0.291924688,0.171913904,0.442584907,1.696586324,0.027723262,True,CSI_nonSOE,0.15250583777866553,0.160227,-0.007721162221334482,-591947206.416412,0.0,1,0,,
600406.SH,国电南瑞,CSI,中央国有企业,工业,电气设备,工业--电气设备--电气设备Ⅲ--电气部件与设备,2023,,,,,,,,,,86087418302.42,,0.077922,7183687344.52,-475609422.41,target_year,,,,,,,,,,SOE_target,0.099833,0.160248,25.062718,0.035944,0.108841,0.622681,0.332505,0.15197,0.408361,1.830446,0.044547,True,CSI_nonSOE,0.15137441828843196,0.160248,-0.008873581711568046,-763903740.6444623,0.0,1,0,,
600406.SH,国电南瑞,CSI,中央国有企业,工业,电气设备,工业--电气设备--电气设备Ⅲ--电气部件与设备,2024,,,,,,,,,,92705313123.25,,0.076956,7610121306.96,-475852442.3,target_year,,,,,,,,,,SOE_target,0.096785,0.157861,25.178629,0.034286,0.112299,0.629757,0.372577,0.120765,0.414795,1.912763,0.022668,True,CSI_nonSOE,0.14911274709373246,0.157861,-0.008748252906267545,-811009524.9569147,0.0,1,0,,
600406.SH,国电南瑞,CSI,中央国有企业,工业,电气设备,工业--电气设备--电气设备Ⅲ--电气部件与设备,2025,,,,,,,,,,98585657661.02,,0.082259,8278971723.32,-169421300.09,target_year,,,,,,,,,,SOE_target,0.100888,0.16253900000000002,25.252692,0.042088,0.107313,0.637413,0.388622,0.100528,0.431145,1.917368,0.019759,True,CSI_nonSOE,0.14923950737502242,0.16253900000000002,-0.013299492624977594,-1311139226.9913013,0.0,1,0,,
600415.SH,小商品城,CSI,地方国有企业,工业,企业服务,工业--企业服务--商业服务与用品--综合支持服务,2019,,,,,,,,,,31323233994.0,,0.0538665,1255276024.0,431996964.5,target_year,,,,,,,,,,SOE_target,0.06334,0.101303,24.01456867,1.0,1.0,0.132252563,-0.039002537,0.230567379,0.560046211,0.920067909,0.016351929,True,CSI_nonSOE,0.1071540384582142,0.101303,0.005851038458214192,183273446.7345361,183273446.7345361,0,2,"HHI_lag, MarketShare_lag",
600415.SH,小商品城,CSI,地方国有企业,工业,企业服务,工业--企业服务--商业服务与用品--综合支持服务,2020,,,,,,,,,,28750127147.0,,0.038563878,926626706.4,182089699.3,target_year,,,,,,,,,,SOE_target,0.053391,0.069727,24.16762596,1.0,1.0,0.129631555,0.079354983,0.180363677,0.582281348,1.192794216,0.030387059,True,CSI_nonSOE,0.11068250097749092,0.069727,0.04095550097749093,1177475860.471947,1177475860.471947,0,2,"HHI_lag, MarketShare_lag",
600415.SH,小商品城,CSI,地方国有企业,工业,企业服务,工业--企业服务--商业服务与用品--综合支持服务,2021,,,,,,,,,,31014635513.0,,0.048815906,1334095907.0,179911613.7,target_year,,,,,,,,,,SOE_target,0.061460999999999995,0.094721,24.08190803,1.0,1.0,0.118515097,-0.033032909,0.21624898,0.527838284,0.914368028,0.042161709,True,CSI_nonSOE,0.10674406059750083,0.094721,0.012023060597500829,372890842.1822002,372890842.1822002,0,2,"HHI_lag, MarketShare_lag",
600415.SH,小商品城,CSI,地方国有企业,工业,企业服务,工业--企业服务--商业服务与用品--综合支持服务,2022,,,,,,,,,,32111004317.0,,0.043093729,1104719092.0,279063831.1,target_year,,,,,,,,,,SOE_target,0.041082,0.073961,24.15772504,1.0,1.0,0.196506553,-0.200120846,0.198911539,0.528260067,0.589122806,0.065860094,True,CSI_nonSOE,0.09608982065954486,0.073961,0.022128820659544857,710578655.7287637,710578655.7287637,0,2,"HHI_lag, MarketShare_lag",
600415.SH,小商品城,CSI,地方国有企业,工业,企业服务,工业--企业服务--商业服务与用品--综合支持服务,2023,,,,,,,,,,36218947000.0,,0.079221,2676182000.0,193111000.0,target_year,,,,,,,,,,SOE_target,0.096951,0.162436,24.192465,1.0,1.0,0.235112,-0.222906,0.251657,0.524117,0.423328,0.128146,True,CSI_nonSOE,0.1011512575962886,0.162436,-0.0612847424037114,-2219668837.028676,0.0,0,2,"HHI_lag, MarketShare_lag",
600415.SH,小商品城,CSI,地方国有企业,工业,企业服务,工业--企业服务--商业服务与用品--综合支持服务,2024,,,,,,,,,,39168461000.0,,0.082095,3073677000.0,141845000.0,target_year,,,,,,,,,,SOE_target,0.108774,0.160959,24.312848,1.0,1.0,0.330185,-0.197133,0.203438,0.511197,0.480069,0.072549,True,CSI_nonSOE,0.10136894623364394,0.160959,-0.05959005376635605,-2334050696.93542,0.0,0,2,"HHI_lag, MarketShare_lag",
600415.SH,小商品城,CSI,地方国有企业,工业,企业服务,工业--企业服务--商业服务与用品--综合支持服务,2025,,,,,,,,,,44405436000.0,,0.096453,4203547000.0,79493000.0,target_year,,,,,,,,,,SOE_target,0.128412,0.193482,24.391138,1.0,1.0,0.410543,-0.200038,0.189302,0.47477,0.554038,0.038303,True,CSI_nonSOE,0.10360750896582521,0.193482,-0.08987449103417477,-3990915959.650622,0.0,0,2,"HHI_lag, MarketShare_lag",
600426.SH,华鲁恒升,CSI,地方国有企业,材料,化工,材料--化工--农用化工--化肥与农用药剂,2019,,,,,,,,,,18187250698.0,,0.144365746,2453030877.0,172585138.5,target_year,,,,,,,,,,SOE_target,0.165545,0.18654800000000002,23.64948878,0.053759205,0.192081294,0.822311198,0.018175969,0.706377359,0.353168815,1.085255392,0.069000749,True,CSI_nonSOE,0.19882157477145757,0.18654800000000002,0.012273574771457546,223222581.32914644,223222581.32914644,1,0,,
600426.SH,华鲁恒升,CSI,地方国有企业,材料,化工,材料--化工--农用化工--化肥与农用药剂,2020,,,,,,,,,,20549289346.0,,0.092689026,1798376502.0,106317113.0,target_year,,,,,,,,,,SOE_target,0.10961399999999999,0.121104,23.62398667,0.052275357,0.180537484,0.765221932,0.058111226,0.68506024,0.217518294,1.434260146,0.102025627,True,CSI_nonSOE,0.19999970035337347,0.121104,0.07889570035337347,1621250574.716786,1621250574.716786,1,0,,
600426.SH,华鲁恒升,CSI,地方国有企业,材料,化工,材料--化工--农用化工--化肥与农用药剂,2021,,,,,,,,,,28653178698.0,,0.256996505,7254167061.0,109599732.9,target_year,,,,,,,,,,SOE_target,0.350209,0.384587,23.7460922,0.043768215,0.203999831,0.672039958,-0.021759985,0.716394492,0.238479061,0.879608179,0.127291765,True,CSI_nonSOE,0.18305279161748406,0.384587,-0.20153420838251596,-5774595686.544199,0.0,1,0,,
600426.SH,华鲁恒升,CSI,地方国有企业,材料,化工,材料--化工--农用化工--化肥与农用药剂,2022,,,,,,,,,,35005445704.0,,0.181349031,6289374659.0,58829004.27,target_year,,,,,,,,,,SOE_target,0.232823,0.25577500000000003,24.07853022,0.04999619,0.197245037,1.077208247,0.145599252,0.604131887,0.207575966,1.988796587,0.128166895,True,CSI_nonSOE,0.21380898689779546,0.25577500000000003,-0.041966013102204575,-1469038993.0625749,0.0,1,0,,
600426.SH,华鲁恒升,CSI,地方国有企业,材料,化工,材料--化工--农用化工--化肥与农用药剂,2023,,,,,,,,,,44051457552.57,,0.082722,3575898630.37,68124308.2,target_year,,,,,,,,,,SOE_target,0.10829599999999999,0.128136,24.278769,0.041555,0.212868,0.943401,0.143146,0.588965,0.202385,2.403407,0.199116,True,CSI_nonSOE,0.19388983588672887,0.128136,0.06575383588672887,2896552310.4828906,2896552310.4828906,1,0,,
600426.SH,华鲁恒升,CSI,地方国有企业,材料,化工,材料--化工--农用化工--化肥与农用药剂,2024,,,,,,,,,,46657911907.48,,0.088364,3902593305.73,220305651.56,target_year,,,,,,,,,,SOE_target,0.115422,0.130283,24.508624,0.033045,0.215825,0.684814,0.048453,0.729643,0.309044,1.368756,0.197735,True,CSI_nonSOE,0.16117708384032606,0.130283,0.030894083840326048,1441453442.2842343,1441453442.2842343,1,0,,
600426.SH,华鲁恒升,CSI,地方国有企业,材料,化工,材料--化工--农用化工--化肥与农用药剂,2025,,,,,,,,,,49177377189.73,,0.072767,3315494470.04,262996143.83,target_year,,,,,,,,,,SOE_target,0.09444000000000001,0.10345,24.566108,0.040966,0.213171,0.750189,0.039628,0.747737,0.296416,1.334617,0.108893,True,CSI_nonSOE,0.16169391435880276,0.10345,0.05824391435880276,2864282945.4291744,2864282945.4291744,0,1,FixedAssetsRatio_lag,
600436.SH,片仔癀,CSI,地方国有企业,医疗保健,医药生物,医疗保健--医药生物--制药--中药,2019,,,,,,,,,,8810796391.0,,0.159521104,1374376824.0,31131145.29,target_year,,,,,,,,,,SOE_target,0.206961,0.235988,22.61904861,0.014921144,0.277672488,0.767580889,0.591842655,0.035469812,0.202792045,4.055176811,0.011150241,True,CSI_nonSOE,0.21878721651626917,0.235988,-0.01720078348373083,-151552601.04082802,0.0,1,0,,
600436.SH,片仔癀,CSI,地方国有企业,医疗保健,医药生物,医疗保健--医药生物--制药--中药,2020,,,,,,,,,,10205569714.0,,0.15789427,1671518667.0,-60117690.48,target_year,,,,,,,,,,SOE_target,0.208126,0.230657,22.89924367,0.015270738,0.276190471,0.733929094,0.636185727,0.027324402,0.208952607,4.208536053,0.007426797,True,CSI_nonSOE,0.20949954822977396,0.230657,-0.021157451770226043,-215923849.0116346,0.0,1,0,,
600436.SH,片仔癀,CSI,地方国有企业,医疗保健,医药生物,医疗保健--医药生物--制药--中药,2021,,,,,,,,,,12495334742.0,,0.187847669,2431454745.0,-84235237.62,target_year,,,,,,,,,,SOE_target,0.252767,0.276818,23.04619946,0.016150361,0.256105921,0.679157303,0.63648568,0.025648201,0.19097554,4.608033642,0.041057092,True,CSI_nonSOE,0.20055594250453113,0.276818,-0.07626205749546888,-952919936.5195339,0.0,1,0,,
600436.SH,片仔癀,CSI,地方国有企业,医疗保健,医药生物,医疗保健--医药生物--制药--中药,2022,,,,,,,,,,14603844518.0,,0.165023006,2472344732.0,-62374415.78,target_year,,,,,,,,,,SOE_target,0.21976600000000002,0.23507,23.24862119,0.016603444,0.230275265,0.700368482,0.679961024,0.022322156,0.188757291,4.975676054,0.007376102,True,CSI_nonSOE,0.19710640796418805,0.23507,-0.037963592035811955,-554414395.4357809,0.0,1,0,,
600436.SH,片仔癀,CSI,地方国有企业,医疗保健,医药生物,医疗保健--医药生物--制药--中药,2023,,,,,,,,,,17080413435.81,,0.16331,2797351515.7,-7953890.04,target_year,,,,,,,,,,SOE_target,0.21265499999999998,0.226449,23.404551,0.015924,0.212266,0.636332,0.69808,0.022027,0.190354,5.061318,0.012009,True,CSI_nonSOE,0.1885457505213394,0.226449,-0.03790324947866061,-647403171.6561731,0.0,1,0,,
600436.SH,片仔癀,CSI,地方国有企业,医疗保健,医药生物,医疗保健--医药生物--制药--中药,2024,,,,,,,,,,17539661657.5,,0.169484,2977002486.34,-4319056.56,target_year,,,,,,,,,,SOE_target,0.20418299999999998,0.21535,23.561198,0.016631,0.216978,0.629831,0.715259,0.027513,0.185002,5.237409,0.008306,True,CSI_nonSOE,0.18150461180638602,0.21535,-0.03384538819361399,-593636657.5827345,0.0,1,0,,
600436.SH,片仔癀,CSI,地方国有企业,医疗保健,医药生物,医疗保健--医药生物--制药--中药,2025,,,,,,,,,,17560037344.69,,0.124081,2158633048.42,20226793.2,target_year,,,,,,,,,,SOE_target,0.145759,0.149847,23.587731,0.017688,0.230555,0.619207,0.510557,0.07495,0.15399,4.772412,0.060907,True,CSI_nonSOE,0.16847740451257937,0.149847,0.018630404512579357,327150598.9875746,327150598.9875746,1,0,,
600482.SH,中国动力,CSI,中央国有企业,工业,机械,工业--机械--机械Ⅲ--建筑机械与重型卡车,2019,,,,,,,,,,56015704188.0,,0.021066248,991122501.3,188918210.8,target_year,,,,,,,,,,SOE_target,0.021861000000000002,0.037224,24.7699628,0.051930912,0.247583643,0.576793352,0.332161962,0.199063948,0.459162622,1.846252165,0.025847307,True,CSI_nonSOE,0.14217039241131818,0.037224,0.10494639241131817,5878646072.910167,5878646072.910167,1,0,,
600482.SH,中国动力,CSI,中央国有企业,工业,机械,工业--机械--机械Ⅲ--建筑机械与重型卡车,2020,,,,,,,,,,58744689010.0,,0.009974478,542857007.1,43090612.38,target_year,,,,,,,,,,SOE_target,0.01155,0.017203,24.74889792,0.045077149,0.225950341,0.517407526,0.411757521,0.217079015,0.347135411,2.466997135,0.033752662,True,CSI_nonSOE,0.14374325272456207,0.017203,0.12654025272456207,7433567793.551204,7433567793.551204,1,0,,
600482.SH,中国动力,CSI,中央国有企业,工业,机械,工业--机械--机械Ⅲ--建筑机械与重型卡车,2021,,,,,,,,,,62005997289.0,,0.01022811,613048770.5,21155409.87,target_year,,,,,,,,,,SOE_target,0.012637,0.017034,24.79646659,0.034860421,0.195497669,0.464410462,0.42441873,0.214387711,0.377798653,2.605407503,0.020669161,True,CSI_nonSOE,0.1377196670081554,0.017034,0.12068566700815542,7483235141.328841,7483235141.328841,1,0,,
600482.SH,中国动力,CSI,中央国有企业,工业,机械,工业--机械--机械Ⅲ--建筑机械与重型卡车,2022,,,,,,,,,,85867792662.0,,0.002736134,332687082.9,-97741320.07,target_year,,,,,,,,,,SOE_target,0.004758,0.009274,24.85049695,0.03483963,0.187780789,0.460886734,0.397369649,0.199766574,0.403258915,2.328060964,0.018590468,True,CSI_nonSOE,0.13466129148263223,0.009274,0.12538729148263222,10766729947.480423,10766729947.480423,1,0,,
600482.SH,中国动力,CSI,中央国有企业,工业,机械,工业--机械--机械Ⅲ--建筑机械与重型卡车,2023,,,,,,,,,,99119595878.61,,0.007033,779487252.58,-82406541.23,target_year,,,,,,,,,,SOE_target,0.011656999999999999,0.021549,25.176075,0.051108,0.187488,0.511977,0.349594,0.199063,0.468309,1.976542,0.014988,True,CSI_nonSOE,0.12653485330025832,0.021549,0.10498585330025832,10406155352.092638,10406155352.092638,1,0,,
600482.SH,中国动力,CSI,中央国有企业,工业,机械,工业--机械--机械Ⅲ--建筑机械与重型卡车,2024,,,,,,,,,,108947127910.61,,0.010127,1390869974.66,-287585557.51,target_year,,,,,,,,,,SOE_target,0.024444,0.036613,25.319593,0.054734,0.188674,0.481903,0.349827,0.171566,0.522741,1.897556,0.009325,True,CSI_nonSOE,0.11894538576590011,0.036613,0.0823323857659001,8969876963.223204,8969876963.223204,1,0,,
600482.SH,中国动力,CSI,中央国有企业,工业,机械,工业--机械--机械Ⅲ--建筑机械与重型卡车,2025,,,,,,,,,,116795591158.73,,0.007841,1300885777.44,-385069662.69,target_year,,,,,,,,,,SOE_target,0.031677,0.032863,25.414129,0.060583,0.187309,0.491489,0.33477,0.156553,0.532312,1.790372,0.009973,True,CSI_nonSOE,0.1162156689293945,0.032863,0.0833526689293945,9735224242.266537,9735224242.266537,1,0,,
600489.SH,中金黄金,CSI,中央国有企业,材料,有色金属,材料--有色金属--贵金属--黄金,2019,,,,,,,,,,40021635913.0,,0.017765359,178768317.4,532230416.5,target_year,,,,,,,,,,SOE_target,0.025233,0.013075000000000002,24.36223375,0.043496677,0.167062795,0.892001272,0.01554923,0.387881826,0.492146907,1.040654121,0.033759896,True,CSI_nonSOE,0.1659376547679679,0.013075000000000002,0.1528626547679679,6117813513.818225,6117813513.818225,1,0,,
600489.SH,中金黄金,CSI,中央国有企业,材料,有色金属,材料--有色金属--贵金属--黄金,2020,,,,,,,,,,45802747112.0,,0.045389079,1554638623.0,524305866.0,target_year,,,,,,,,,,SOE_target,0.056073000000000005,0.083728,24.41268604,0.041780262,0.15478921,0.990385297,0.011202003,0.36927657,0.502667595,1.027067204,0.039977449,True,CSI_nonSOE,0.17219725187528312,0.083728,0.08846925187528312,4052134770.8314247,4052134770.8314247,1,0,,
600489.SH,中金黄金,CSI,中央国有企业,材料,有色金属,材料--有色金属--贵金属--黄金,2021,,,,,,,,,,47631293984.0,,0.045137813,1697836681.0,452135778.8,target_year,,,,,,,,,,SOE_target,0.054226,0.070368,24.54760991,0.042820805,0.159708925,1.10601035,0.088210639,0.38329592,0.442747709,1.268584014,0.035541924,True,CSI_nonSOE,0.18275776829473045,0.070368,0.11238976829473045,5353270094.439948,5353270094.439948,1,0,,
600489.SH,中金黄金,CSI,中央国有企业,材料,有色金属,材料--有色金属--贵金属--黄金,2022,,,,,,,,,,48642313052.0,,0.052378211,2117139779.0,430657534.4,target_year,,,,,,,,,,SOE_target,0.063318,0.08348499999999999,24.58675582,0.037165564,0.168216562,1.187630737,0.117843859,0.353493946,0.43478337,1.364867896,0.026935395,True,CSI_nonSOE,0.1881094286793592,0.08348499999999999,0.10462442867935921,5089174212.708037,5089174212.708037,1,0,,
600489.SH,中金黄金,CSI,中央国有企业,材料,有色金属,材料--有色金属--贵金属--黄金,2023,,,,,,,,,,52680243371.36,,0.064674,2977855387.68,429181525.57,target_year,,,,,,,,,,SOE_target,0.084982,0.11501099999999999,24.60776,0.032911,0.153058,1.171252,0.116913,0.327818,0.424304,1.329625,0.023062,True,CSI_nonSOE,0.1860768485207059,0.11501099999999999,0.07106584852070592,3743766195.462992,3743766195.462992,1,0,,
600489.SH,中金黄金,CSI,中央国有企业,材料,有色金属,材料--有色金属--贵金属--黄金,2024,,,,,,,,,,55638663702.8,,0.066961,3385988472.81,339639762.12,target_year,,,,,,,,,,SOE_target,0.10135999999999999,0.12705,24.687506,0.034818,0.159476,1.190882,0.10582,0.311803,0.416555,1.365398,0.030848,True,CSI_nonSOE,0.1837729183037478,0.12705,0.056722918303747816,3155987375.7436237,3155987375.7436237,1,0,,
600489.SH,中金黄金,CSI,中央国有企业,材料,有色金属,材料--有色金属--贵金属--黄金,2025,,,,,,,,,,62550961213.58,,0.083675,4933582739.46,300387884.18,target_year,,,,,,,,,,SOE_target,0.129625,0.17095,24.742144,0.036012,0.15747,1.190325,0.137993,0.305226,0.414573,1.509469,0.043272,True,CSI_nonSOE,0.18467955361613464,0.17095,0.013729553616134649,858796775.7226055,858796775.7226055,1,0,,
600515.SH,海南机场,CSI,地方国有企业,房地产,房地产Ⅱ,房地产--房地产Ⅱ--房地产管理和开发--房地产开发,2019,,,,,,,,,,81523299957.0,,0.010411302,-1212912199.0,2061675899.0,target_year,,,,,,,,,,SOE_target,0.006821000000000001,-0.044611,25.26597659,0.017200231,0.396279334,0.104359404,0.160150595,0.0800513,0.608602648,1.37645289,0.007813703,True,CSI_nonSOE,0.058922825055985284,-0.044611,0.10353382505598528,8440419075.734651,8440419075.734651,1,0,,
600515.SH,海南机场,CSI,地方国有企业,房地产,房地产Ⅱ,房地产--房地产Ⅱ--房地产管理和开发--房地产开发,2020,,,,,,,,,,57434499260.0,,-0.087684698,-7736830873.0,2700704149.0,target_year,,,,,,,,,,SOE_target,-0.106265,-0.5050979999999999,25.12415471,0.014972514,0.408200157,0.116158179,0.013623708,0.095212169,0.656139885,1.028301094,0.004837668,True,CSI_nonSOE,0.052141084645280084,-0.5050979999999999,0.55723908464528,32004747794.702415,32004747794.702415,1,0,,
600515.SH,海南机场,CSI,地方国有企业,房地产,房地产Ⅱ,房地产--房地产Ⅱ--房地产管理和开发--房地产开发,2021,,,,,,,,,,61168928318.0,,0.01204503,463289691.7,273491895.7,target_year,,,,,,,,,,SOE_target,0.01861,0.034881,24.77391099,0.00691795,0.406330004,0.076628603,-0.277082839,0.131787007,0.858026092,0.632679943,0.007158523,True,CSI_nonSOE,0.050421599258269834,0.034881,0.015540599258269831,950601802.0478712,950601802.0478712,0,2,"FinancialLeverage_lag, AssetTurnover_lag",
600515.SH,海南机场,CSI,地方国有企业,房地产,房地产Ⅱ,房地产--房地产Ⅱ--房地产管理和开发--房地产开发,2022,,,,,,,,,,56125450012.0,,0.043689221,1856312763.0,595764415.3,target_year,,,,,,,,,,SOE_target,0.04491799999999999,0.088987,24.83690519,0.004902934,0.390202805,0.072534082,0.184552862,0.150839679,0.667156035,1.611567449,0.005480548,True,CSI_nonSOE,0.07348786184367387,0.088987,-0.015499138156326128,-869896103.8219639,0.0,0,1,AssetTurnover_lag,
600515.SH,海南机场,CSI,地方国有企业,房地产,房地产Ⅱ,房地产--房地产Ⅱ--房地产管理和开发--房地产开发,2023,,,,,,,,,,55794608066.78,,0.025982,952777304.64,496899788.07,target_year,,,,,,,,,,SOE_target,0.035449,0.041847,24.750855,0.004452,0.393852,0.07221,0.236873,0.172597,0.575791,2.203911,0.008616,True,CSI_nonSOE,0.07878845752037794,0.041847,0.03694145752037794,2061134143.7650895,2061134143.7650895,0,1,AssetTurnover_lag,
600515.SH,海南机场,CSI,地方国有企业,房地产,房地产Ⅱ,房地产--房地产Ⅱ--房地产管理和开发--房地产开发,2024,,,,,,,,,,53691111395.9,,0.016317,458501533.62,417578946.82,target_year,,,,,,,,,,SOE_target,0.015396,0.019660999999999998,24.744943,0.006362,0.37554,0.111115,0.227801,0.194336,0.555888,2.334503,0.029745,True,CSI_nonSOE,0.07959096203767292,0.019660999999999998,0.059929962037672924,3217706267.7167554,3217706267.7167554,1,0,,
600515.SH,海南机场,CSI,地方国有企业,房地产,房地产Ⅱ,房地产--房地产Ⅱ--房地产管理和开发--房地产开发,2025,,,,,,,,,,59718688955.05,,0.011697,218564398.53,479944246.33,target_year,,,,,,,,,,SOE_target,0.012048000000000001,0.009284,24.706513,0.004902,0.353891,0.073869,0.191783,0.205811,0.521749,1.962012,0.01083,True,CSI_nonSOE,0.0805167787239417,0.009284,0.0712327787239417,4253928156.0189776,4253928156.0189776,0,1,AssetTurnover_lag,
600519.SH,贵州茅台,CSI,地方国有企业,日常消费,食品饮料,日常消费--食品饮料--饮料--白酒与葡萄酒,2019,,,,,,,,,,183042000000.0,,0.225160593,41206471014.0,7458015.66,target_year,,,,,,,,,,SOE_target,0.342866,0.331177,25.79748091,0.093352251,0.118716357,0.423491305,0.596969869,0.107621129,0.265493085,3.248532646,0.010051821,True,CSI_nonSOE,0.13339043998770794,0.331177,-0.19778656001229206,-36203247517.769966,0.0,1,0,,
600519.SH,贵州茅台,CSI,地方国有企业,日常消费,食品饮料,日常消费--食品饮料--饮料--白酒与葡萄酒,2020,,,,,,,,,,213396000000.0,,0.217730024,46697285430.0,-234610582.4,target_year,,,,,,,,,,SOE_target,0.33395800000000003,0.314108,25.9329835,0.094875943,0.109737598,0.424022183,0.64428346,0.096497444,0.224898702,3.869839489,0.017202928,True,CSI_nonSOE,0.1305755753645426,0.314108,-0.1835324246354574,-39165085287.50807,0.0,1,0,,
600519.SH,贵州茅台,CSI,地方国有企业,日常消费,食品饮料,日常消费--食品饮料--饮料--白酒与葡萄酒,2021,,,,,,,,,,255168000000.0,,0.205643475,52460144378.0,13529867.76,target_year,,,,,,,,,,SOE_target,0.314138,0.299036,26.08641454,0.089343891,0.106852675,0.408784356,0.655957044,0.087501848,0.214039476,4.064752303,0.009792927,True,CSI_nonSOE,0.1261402594589658,0.299036,-0.17289574054103424,-44117460322.374626,0.0,1,0,,
600519.SH,贵州茅台,CSI,地方国有企业,日常消费,食品饮料,日常消费--食品饮料--饮料--白酒与葡萄酒,2022,,,,,,,,,,254365000000.0,,0.24660828,62716443738.0,12023204.77,target_year,,,,,,,,,,SOE_target,0.338499,0.324077,26.26518875,0.087555949,0.106913309,0.387932853,0.63821226,0.077572997,0.22812674,3.811942633,0.013358971,True,CSI_nonSOE,0.1239704730173892,0.324077,-0.2001065269826108,-50900096735.9318,0.0,1,0,,
600519.SH,贵州茅台,CSI,地方国有企业,日常消费,食品饮料,日常消费--食品饮料--饮料--白酒与葡萄酒,2023,,,,,,,,,,272699660092.25,,0.26749,74734071550.75,-1789503701.48,target_year,,,,,,,,,,SOE_target,0.393358,0.361755,26.262035,0.086572,0.105461,0.414513,0.658683,0.086297,0.19421,4.414725,0.020862,True,CSI_nonSOE,0.12515500899651172,0.361755,-0.23659999100348827,-64520737124.48066,0.0,1,0,,
600519.SH,贵州茅台,CSI,地方国有企业,日常消费,食品饮料,日常消费--食品饮料--饮料--白酒与葡萄酒,2024,,,,,,,,,,298944579918.7,,0.283524,86228146421.62,-1470219863.34,target_year,,,,,,,,,,SOE_target,0.413433,0.384283,26.331637,0.099153,0.100594,0.476069,0.64714,0.080846,0.179843,4.623892,0.009607,True,CSI_nonSOE,0.12920176024074342,0.384283,-0.25508123975925656,-76255154064.97215,0.0,1,0,,
600519.SH,贵州茅台,CSI,地方国有企业,日常消费,食品饮料,日常消费--食品饮料--饮料--白酒与葡萄酒,2025,,,,,,,,,,303834844021.44,,0.268254,82320067101.68,-815240284.72,target_year,,,,,,,,,,SOE_target,0.378049,0.34462000000000004,26.423524,0.11272,0.097008,0.503715,0.653,0.080353,0.190448,4.454079,0.015651,True,CSI_nonSOE,0.1349157557757919,0.34462000000000004,-0.20970424422420814,-63715456334.49624,0.0,1,0,,
600547.SH,山东黄金,CSI,地方国有企业,材料,有色金属,材料--有色金属--贵金属--黄金,2019,,,,,,,,,,58848726000.0,,0.034295033,1290503000.0,727716000.0,target_year,,,,,,,,,,SOE_target,0.052248,0.057457,24.54342986,0.069783967,0.167062795,1.234748067,-0.168747226,0.506074265,0.481784636,0.460910124,0.079974587,True,CSI_nonSOE,0.18190149598760863,0.057457,0.12444449598760862,7323400046.582879,7323400046.582879,1,0,,
600547.SH,山东黄金,CSI,地方国有企业,材料,有色金属,材料--有色金属--贵金属--黄金,2020,,,,,,,,,,64461691000.0,,0.046063033,2231533000.0,737768000.0,target_year,,,,,,,,,,SOE_target,0.062424,0.09291,24.79823602,0.06766359,0.15478921,1.198791734,-0.247137126,0.442311427,0.557028218,0.41604487,0.087074323,True,CSI_nonSOE,0.16939074211309155,0.09291,0.07648074211309154,4930077965.544794,4930077965.544794,1,0,,
600547.SH,山东黄金,CSI,地方国有企业,材料,有色金属,材料--有色金属--贵金属--黄金,2021,,,,,,,,,,79036550000.0,,0.006070812,-221301000.0,701117000.0,target_year,,,,,,,,,,SOE_target,0.008607,-0.009239,24.88933695,0.057422438,0.159708925,1.032278579,-0.191698943,0.44392585,0.505781116,0.516050317,0.084631149,True,CSI_nonSOE,0.1517699968657894,-0.009239,0.1610089968657894,12725595631.232807,12725595631.232807,1,0,,
600547.SH,山东黄金,CSI,地方国有企业,材料,有色金属,材料--有色金属--贵金属--黄金,2022,,,,,,,,,,91216092000.0,,0.024132694,1191359000.0,1009931000.0,target_year,,,,,,,,,,SOE_target,0.033211,0.051716,25.09317624,0.022730128,0.168216562,0.472934661,-0.262458167,0.399789604,0.595619002,0.407525779,0.065528784,True,CSI_nonSOE,0.09279075906046333,0.051716,0.04107475906046333,3746679001.3370566,3746679001.3370566,1,0,,
600547.SH,山东黄金,CSI,地方国有企业,材料,有色金属,材料--有色金属--贵金属--黄金,2023,,,,,,,,,,135018841000.0,,0.02814,2267383000.0,1532106000.0,target_year,,,,,,,,,,SOE_target,0.043099,0.098295,25.236497,0.029365,0.153058,0.590954,-0.144872,0.405942,0.596539,0.619063,0.05267,True,CSI_nonSOE,0.0987930262558782,0.098295,0.0004980262558782061,67242927.85624483,67242927.85624483,1,0,,
600547.SH,山东黄金,CSI,地方国有企业,材料,有色金属,材料--有色金属--贵金属--黄金,2024,,,,,,,,,,161010475000.0,,0.030549,2898680000.0,2020016000.0,target_year,,,,,,,,,,SOE_target,0.050286,0.12102299999999999,25.62868,0.034208,0.159476,0.524015,-0.154502,0.37297,0.605257,0.578511,0.079842,True,CSI_nonSOE,0.08057524079393916,0.12102299999999999,-0.040447759206060835,-6512512922.453478,0.0,1,0,,
600547.SH,山东黄金,CSI,地方国有企业,材料,有色金属,材料--有色金属--贵金属--黄金,2025,,,,,,,,,,170374158329.33,,0.03915,4739393120.72,1930825091.04,target_year,,,,,,,,,,SOE_target,0.065581,0.136069,25.804735,0.046095,0.15747,0.557499,-0.209441,0.382655,0.636317,0.459784,0.173847,True,CSI_nonSOE,0.08314266807083509,0.136069,-0.052926331929164905,-9017279255.890215,0.0,1,0,,
600584.SH,长电科技,CSI,中央国有企业,信息技术,半导体,信息技术--半导体--半导体产品--集成电路,2019,,,,,,,,,,33581893568.0,,0.025835091,88663437.59,778927828.0,target_year,,,,,,,,,,SOE_target,0.024489999999999998,0.007116,24.26211863,0.425302714,0.214515912,0.731214167,-0.217835094,0.570274559,0.642866911,0.592526697,0.125223737,True,CSI_nonSOE,0.07496062108024473,0.007116,0.06784462108024474,2278350844.278068,2278350844.278068,1,0,,
600584.SH,长电科技,CSI,中央国有企业,信息技术,半导体,信息技术--半导体--半导体产品--集成电路,2020,,,,,,,,,,32328196228.0,,0.059969666,1304390209.0,634320913.2,target_year,,,,,,,,,,SOE_target,0.06268,0.100233,24.23725288,0.333118905,0.169245785,0.690776587,-0.240903638,0.579565316,0.623655665,0.541626438,0.083485094,True,CSI_nonSOE,0.07346287813982413,0.100233,-0.02677012186017587,-865429752.5432379,0.0,1,0,,
600584.SH,长电科技,CSI,中央国有企业,信息技术,半导体,信息技术--半导体--半导体产品--集成电路,2021,,,,,,,,,,37098618886.0,,0.08818834,2958712533.0,312953065.0,target_year,,,,,,,,,,SOE_target,0.09927899999999999,0.172064,24.19920563,0.292587408,0.155238897,0.801570564,-0.136611898,0.577067125,0.585201037,0.681027474,0.10301753,True,CSI_nonSOE,0.08541400323455921,0.172064,-0.08664999676544079,-3214595206.4742203,0.0,1,0,,
600584.SH,长电科技,CSI,中央国有企业,信息技术,半导体,信息技术--半导体--半导体产品--集成电路,2022,,,,,,,,,,39407731739.0,,0.087256409,3230988206.0,207588936.5,target_year,,,,,,,,,,SOE_target,0.09065200000000001,0.141605,24.33684558,0.247136762,0.127200785,0.876472393,0.055951263,0.51445276,0.433948862,1.183022294,0.117475684,True,CSI_nonSOE,0.0983658829184302,0.141605,-0.043239117081569814,-1703955526.5817158,0.0,1,0,,
600584.SH,长电科技,CSI,中央国有企业,信息技术,半导体,信息技术--半导体--半导体产品--集成电路,2023,,,,,,,,,,42579471835.65,,0.03904,1470705571.95,191582595.95,target_year,,,,,,,,,,SOE_target,0.041807,0.058006,24.397228,0.241875,0.113252,0.880251,0.078921,0.51575,0.374673,1.281888,0.099579,True,CSI_nonSOE,0.09795312705001022,0.058006,0.03994712705001022,1700927571.1410425,1700927571.1410425,1,0,,
600584.SH,长电科技,CSI,中央国有企业,信息技术,半导体,信息技术--半导体--半导体产品--集成电路,2024,,,,,,,,,,54059828326.1,,0.032423,1609575410.92,143202493.72,target_year,,,,,,,,,,SOE_target,0.037089,0.059965000000000004,24.474638,0.20667,0.109637,0.720973,0.186402,0.464953,0.385827,1.819745,0.07347,True,CSI_nonSOE,0.08285265085090245,0.059965000000000004,0.02288765085090244,1237302475.7875025,1237302475.7875025,1,0,,
600584.SH,长电科技,CSI,中央国有企业,信息技术,半导体,信息技术--半导体--半导体产品--集成电路,2025,,,,,,,,,,55516503601.44,,0.034768,1565238036.45,364966704.33,target_year,,,,,,,,,,SOE_target,0.038389,0.055614,24.713357,0.203175,0.111057,0.742623,0.127708,0.453394,0.453519,1.451593,0.084921,True,CSI_nonSOE,0.07250447636074742,0.055614,0.01689047636074742,937700191.7114713,937700191.7114713,1,0,,
600585.SH,海螺水泥,CSI,地方国有企业,材料,建材Ⅱ,材料--建材Ⅱ--建材Ⅲ--建材Ⅳ,2019,,,,,,,,,,178777000000.0,,0.190604923,33629803000.0,446008000.0,target_year,,,,,,,,,,SOE_target,0.264696,0.26940200000000003,25.73087892,0.851845731,0.736746816,0.945214441,0.307864936,0.42602985,0.223060914,2.760494595,0.031752625,True,CSI_nonSOE,0.16081713501946288,0.26940200000000003,-0.10858486498053715,-19412476406.625492,0.0,0,2,"HHI_lag, MarketShare_lag",
600585.SH,海螺水泥,CSI,地方国有企业,材料,建材Ⅱ,材料--建材Ⅱ--建材Ⅲ--建材Ⅳ,2020,,,,,,,,,,200973000000.0,,0.177189761,35163538000.0,446777000.0,target_year,,,,,,,,,,SOE_target,0.250641,0.235312,25.90940607,0.869353952,0.764425084,0.956555552,0.390378958,0.392942982,0.204983699,3.545143008,0.049637873,True,CSI_nonSOE,0.1589336569105982,0.235312,-0.0763783430894018,-15349984745.706348,0.0,0,2,"HHI_lag, MarketShare_lag",
600585.SH,海螺水泥,CSI,地方国有企业,材料,建材Ⅱ,材料--建材Ⅱ--建材Ⅲ--建材Ⅳ,2021,,,,,,,,,,230515000000.0,,0.145909871,33300694000.0,333671000.0,target_year,,,,,,,,,,SOE_target,0.206196,0.192903,26.0264352,0.862135547,0.753086611,0.92820387,0.442261239,0.335339415,0.163752786,4.669323247,0.049609649,True,CSI_nonSOE,0.15112822683253133,0.192903,-0.041774773167468665,-9629711836.69904,0.0,0,2,"HHI_lag, MarketShare_lag",
600585.SH,海螺水泥,CSI,地方国有企业,材料,建材Ⅱ,材料--建材Ⅱ--建材Ⅲ--建材Ⅳ,2022,,,,,,,,,,243976000000.0,,0.067158879,15860553000.0,524630000.0,target_year,,,,,,,,,,SOE_target,0.087491,0.086401,26.16358032,0.806036387,0.668525521,0.778482317,0.396284433,0.32075031,0.168348631,3.796208792,0.065949423,True,CSI_nonSOE,0.14066472054828408,0.086401,0.05426372054828407,13239045484.488155,13239045484.488155,0,2,"HHI_lag, MarketShare_lag",
600585.SH,海螺水泥,CSI,地方国有企业,材料,建材Ⅱ,材料--建材Ⅱ--建材Ⅲ--建材Ⅳ,2023,,,,,,,,,,246189200000.0,,0.047198,10689181000.0,930404000.0,target_year,,,,,,,,,,SOE_target,0.060389,0.057962,26.220337,0.768652,0.617588,0.556476,0.290341,0.368056,0.197017,2.991394,0.109217,True,CSI_nonSOE,0.12057665845986057,0.057962,0.06261465845986057,15415052674.506306,15415052674.506306,0,1,MarketShare_lag,
600585.SH,海螺水泥,CSI,地方国有企业,材料,建材Ⅱ,材料--建材Ⅱ--建材Ⅲ--建材Ⅳ,2024,,,,,,,,,,254635244000.0,,0.03468,8051954000.0,778705000.0,target_year,,,,,,,,,,SOE_target,0.044611,0.043154000000000005,26.229366,0.792843,0.650954,0.575313,0.291186,0.392783,0.196105,3.41697,0.057547,True,CSI_nonSOE,0.1175348581962158,0.043154000000000005,0.07438085819621579,18939987975.72281,18939987975.72281,0,1,MarketShare_lag,
600585.SH,海螺水泥,CSI,地方国有企业,材料,建材Ⅱ,材料--建材Ⅱ--建材Ⅲ--建材Ⅳ,2025,,,,,,,,,,256000730000.0,,0.035606,8464457000.0,650683000.0,target_year,,,,,,,,,,SOE_target,0.044752,0.044513,26.263098,0.688576,0.525443,0.363519,0.254756,0.389179,0.21324,3.245249,0.044433,True,CSI_nonSOE,0.09743226268661116,0.044513,0.052919262686611165,13547369878.834219,13547369878.834219,0,1,MarketShare_lag,
600600.SH,青岛啤酒,CSI,地方国有企业,日常消费,食品饮料,日常消费--食品饮料--饮料--啤酒,2019,,,,,,,,,,37312383547.0,,0.050066542,1852103376.0,15998657.0,target_year,,,,,,,,,,SOE_target,0.062422000000000005,0.099731,24.25183759,0.039789287,0.118716357,0.817071935,0.166497166,0.314204026,0.451509728,1.46938827,0.022356278,True,CSI_nonSOE,0.185111027644071,0.099731,0.085380027644071,3185732338.70904,3185732338.70904,1,0,,
600600.SH,青岛啤酒,CSI,地方国有企业,日常消费,食品饮料,日常消费--食品饮料--饮料--啤酒,2020,,,,,,,,,,41514185835.0,,0.053486635,2201323556.0,19130553.0,target_year,,,,,,,,,,SOE_target,0.069384,0.11063700000000001,24.34259111,0.036521616,0.109737598,0.783994456,0.204973157,0.278755397,0.466306653,1.572724464,0.030961465,True,CSI_nonSOE,0.18206387952337383,0.11063700000000001,0.07142687952337382,2965228750.1474967,2965228750.1474967,1,0,,
600600.SH,青岛啤酒,CSI,地方国有企业,日常消费,食品饮料,日常消费--食品饮料--饮料--啤酒,2021,,,,,,,,,,46563004491.0,,0.068392254,3155455810.0,29093000.0,target_year,,,,,,,,,,SOE_target,0.09519899999999999,0.144667,24.44930103,0.030608359,0.106852675,0.704323711,0.219639959,0.256356563,0.485283121,1.587892074,0.031198181,True,CSI_nonSOE,0.17218801680821663,0.144667,0.027521016808216642,1281461229.237878,1281461229.237878,1,0,,
600600.SH,青岛啤酒,CSI,地方国有企业,日常消费,食品饮料,日常消费--食品饮料--饮料--啤酒,2022,,,,,,,,,,50311699796.0,,0.07408436,3710628593.0,16681483.0,target_year,,,,,,,,,,SOE_target,0.094207,0.153026,24.56407217,0.029061598,0.106913309,0.685008349,0.22979565,0.234330308,0.489000085,1.586022499,0.035113023,True,CSI_nonSOE,0.16725730222777777,0.153026,0.01423130222777777,716001005.3901012,716001005.3901012,1,0,,
600600.SH,青岛啤酒,CSI,地方国有企业,日常消费,食品饮料,日常消费--食品饮料--饮料--啤酒,2023,,,,,,,,,,49256011349.0,,0.08698,4267851406.0,16430590.0,target_year,,,,,,,,,,SOE_target,0.105586,0.16122,24.641503,0.026374,0.105461,0.664189,0.245086,0.227891,0.477809,1.626821,0.035382,True,CSI_nonSOE,0.1638440369896525,0.16122,0.002624036989652495,129249595.7425191,129249595.7425191,1,0,,
600600.SH,青岛啤酒,CSI,地方国有企业,日常消费,食品饮料,日常消费--食品饮料--饮料--啤酒,2024,,,,,,,,,,51420385832.0,,0.084924,4344983858.0,21837054.0,target_year,,,,,,,,,,SOE_target,0.105021,0.153778,24.620297,0.026821,0.100594,0.681677,0.257703,0.236404,0.42637,1.750271,0.032844,True,CSI_nonSOE,0.16720277603853903,0.153778,0.013424776038539032,690307163.6098655,690307163.6098655,1,0,,
600600.SH,青岛啤酒,CSI,地方国有企业,日常消费,食品饮料,日常消费--食品饮料--饮料--啤酒,2025,,,,,,,,,,52131585698.0,,0.088233,4588101137.0,11645392.0,target_year,,,,,,,,,,SOE_target,0.11355,0.153681,24.663301,0.025162,0.097008,0.638438,0.149096,0.242093,0.419305,1.437532,0.041638,True,CSI_nonSOE,0.15488310000531313,0.153681,0.0012021000053131226,62667379.4445473,62667379.4445473,1,0,,
600674.SH,川投能源,CSI,地方国有企业,公用事业,公用事业Ⅱ,公用事业--公用事业Ⅱ--电力--电力公用事业,2019,,,,,,,,,,37455297271.0,,0.08663757,2947152991.0,297882959.1,target_year,,,,,,,,,,SOE_target,0.09496600000000001,0.113437,24.19037321,0.001407933,0.148389593,0.027388009,-0.126162172,0.096642724,0.211156314,0.238375654,0.000112629,True,CSI_nonSOE,0.1617919957240735,0.113437,0.04835499572407349,1811150739.3831065,1811150739.3831065,0,3,"AssetTurnover_lag, CapexRatio_lag, CurrentRatio_lag",
600674.SH,川投能源,CSI,地方国有企业,公用事业,公用事业Ⅱ,公用事业--公用事业Ⅱ--电力--电力公用事业,2020,,,,,,,,,,41329132241.0,,0.085105621,3161648053.0,355693399.7,target_year,,,,,,,,,,SOE_target,0.08250199999999999,0.113068,24.34641399,0.001205579,0.143602423,0.023400148,-0.003795965,0.089266117,0.261609643,0.974542199,0.005644483,True,CSI_nonSOE,0.1653108422959979,0.113068,0.052242842295997904,2159151337.8970056,2159151337.8970056,0,1,AssetTurnover_lag,
600674.SH,川投能源,CSI,地方国有企业,公用事业,公用事业Ⅱ,公用事业--公用事业Ⅱ--电力--电力公用事业,2021,,,,,,,,,,48467289300.0,,0.072029473,3087390564.0,403682721.0,target_year,,,,,,,,,,SOE_target,0.070829,0.10283899999999999,24.44483347,0.001311827,0.126082379,0.025326604,-0.020587501,0.149878777,0.279982539,0.842265433,0.011127501,True,CSI_nonSOE,0.1629229856849227,0.10283899999999999,0.06008398568492271,2912107916.4882073,2912107916.4882073,0,1,AssetTurnover_lag,
600674.SH,川投能源,CSI,地方国有企业,公用事业,公用事业Ⅱ,公用事业--公用事业Ⅱ--电力--电力公用事业,2022,,,,,,,,,,54713816868.0,,0.073686954,3515265709.0,516428791.4,target_year,,,,,,,,,,SOE_target,0.070057,0.108055,24.60415496,0.001311755,0.130392082,0.027269246,-0.076929215,0.15739761,0.333789881,0.523491198,0.018682481,True,CSI_nonSOE,0.15315532214288113,0.108055,0.045100322142881136,2467610766.413404,2467610766.413404,0,1,AssetTurnover_lag,
600674.SH,川投能源,CSI,地方国有企业,公用事业,公用事业Ⅱ,公用事业--公用事业Ⅱ--电力--电力公用事业,2023,,,,,,,,,,60353345396.81,,0.083092,4400136762.78,614743511.5,target_year,,,,,,,,,,SOE_target,0.079343,0.12410700000000001,24.725382,0.001264,0.129341,0.026783,-0.063429,0.159617,0.356674,0.562795,0.011853,True,CSI_nonSOE,0.14975680878848197,0.12410700000000001,0.025649808788481956,1548051769.1733842,1548051769.1733842,0,1,AssetTurnover_lag,
600674.SH,川投能源,CSI,地方国有企业,公用事业,公用事业Ⅱ,公用事业--公用事业Ⅱ--电力--电力公用事业,2024,,,,,,,,,,65049216986.43,,0.076308,4507725742.38,456048265.85,target_year,,,,,,,,,,SOE_target,0.082261,0.113788,24.823482,0.001247,0.121904,0.024977,-0.093234,0.155371,0.36055,0.376089,0.01185,True,CSI_nonSOE,0.1440198033845149,0.113788,0.030231803384514894,1966555138.2503982,1966555138.2503982,0,2,"AssetTurnover_lag, CurrentRatio_lag",
600674.SH,川投能源,CSI,地方国有企业,公用事业,公用事业Ⅱ,公用事业--公用事业Ⅱ--电力--电力公用事业,2025,,,,,,,,,,70280844646.92,,0.074284,4754148319.5,466574820.23,target_year,,,,,,,,,,SOE_target,0.079641,0.10925800000000001,24.89841,0.001364,0.118327,0.024926,-0.030629,0.163193,0.325335,0.646079,0.014149,True,CSI_nonSOE,0.1478564564617334,0.10925800000000001,0.03859845646173339,2712732122.19799,2712732122.19799,0,1,AssetTurnover_lag,
600741.SH,华域汽车,CSI,地方国有企业,可选消费,汽车与零配件,可选消费--汽车与零配件--汽车零配件--汽车零配件与设备,2019,,,,,,,,,,139127000000.0,,0.046042526,6463163299.0,-57384823.34,target_year,,,,,,,,,,SOE_target,0.06916699999999999,0.136372,25.61876601,0.105173849,0.376606004,1.218424095,0.095917985,0.187971562,0.591375165,1.188356392,0.056289775,True,CSI_nonSOE,0.1351023006555671,0.136372,-0.0012696993444328841,-176649460.69291386,0.0,1,0,,
600741.SH,华域汽车,CSI,地方国有企业,可选消费,汽车与零配件,可选消费--汽车与零配件--汽车零配件--汽车零配件与设备,2020,,,,,,,,,,150436000000.0,,0.036173167,5403276870.0,38468287.51,target_year,,,,,,,,,,SOE_target,0.05484,0.105986,25.65865613,0.102321962,0.369422071,1.052222715,0.098096971,0.185580865,0.578073616,1.195337752,0.041014965,True,CSI_nonSOE,0.11997547466164754,0.105986,0.013989474661647544,2104520610.19961,2104520610.19961,1,0,,
600741.SH,华域汽车,CSI,地方国有企业,可选消费,汽车与零配件,可选消费--汽车与零配件--汽车零配件--汽车零配件与设备,2021,,,,,,,,,,153847000000.0,,0.041668248,6468939920.0,-58414795.01,target_year,,,,,,,,,,SOE_target,0.058917000000000004,0.12674,25.73680331,0.099651359,0.324255792,0.919275528,0.061256394,0.179405617,0.613203253,1.108781534,0.026615808,True,CSI_nonSOE,0.10495074571669925,0.12674,-0.021789254283300738,-3352211403.7229686,0.0,1,0,,
600741.SH,华域汽车,CSI,地方国有企业,可选消费,汽车与零配件,可选消费--汽车与零配件--汽车零配件--汽车零配件与设备,2022,,,,,,,,,,162797000000.0,,0.042880326,7203125199.0,-222339441.1,target_year,,,,,,,,,,SOE_target,0.057724000000000004,0.140533,25.7592229,0.091719109,0.289774151,0.916432657,0.04330837,0.164489571,0.651116923,1.075429526,0.032901711,True,CSI_nonSOE,0.10325696532353923,0.140533,-0.03727603467646076,-6068426617.223783,0.0,1,0,,
600741.SH,华域汽车,CSI,地方国有企业,可选消费,汽车与零配件,可选消费--汽车与零配件--汽车零配件--汽车零配件与设备,2023,,,,,,,,,,176096527061.77,,0.041438,7214175836.76,82967479.37,target_year,,,,,,,,,,SOE_target,0.053342,0.130295,25.815769,0.087651,0.236564,0.995539,0.051679,0.160689,0.649534,1.087895,0.031948,True,CSI_nonSOE,0.11079121995057703,0.130295,-0.019503780049422964,-3434547931.2800207,0.0,1,0,,
600741.SH,华域汽车,CSI,地方国有企业,可选消费,汽车与零配件,可选消费--汽车与零配件--汽车零配件--汽车零配件与设备,2024,,,,,,,,,,185005958123.93,,0.038573,6690703044.68,445450880.84,target_year,,,,,,,,,,SOE_target,0.048373,0.111687,25.894298,0.079829,0.222276,0.9913,0.071113,0.146473,0.650302,1.120299,0.027814,True,CSI_nonSOE,0.10876215928745984,0.111687,-0.00292484071254015,-541112958.3833685,0.0,1,0,,
600741.SH,华域汽车,CSI,地方国有企业,可选消费,汽车与零配件,可选消费--汽车与零配件--汽车零配件--汽车零配件与设备,2025,,,,,,,,,,199186450932.39,,0.037691,7207268139.61,300363531.54,target_year,,,,,,,,,,SOE_target,0.05118,0.111577,25.943654,0.072316,0.204324,0.932002,0.047394,0.13775,0.642604,1.080251,0.024096,True,CSI_nonSOE,0.10028174758669563,0.111577,-0.011295252413304369,-2249861240.5916104,0.0,1,0,,
600760.SH,中航沈飞,CSI,中央国有企业,工业,国防军工,工业--国防军工--航空航天与国防Ⅲ--航空航天,2019,,,,,,,,,,29223855418.0,,0.030645756,877785950.4,17801204.6,target_year,,,,,,,,,,SOE_target,0.032455,0.10607100000000001,24.07103611,0.234061146,0.285442207,0.73382927,0.094811604,0.156668572,0.711535713,1.13982081,0.021528326,True,CSI_nonSOE,0.1148382070705079,0.10607100000000001,0.00876720707050789,256211591.84818992,256211591.84818992,1,0,,
600760.SH,中航沈飞,CSI,中央国有企业,工业,国防军工,工业--国防军工--航空航天与国防Ⅲ--航空航天,2020,,,,,,,,,,32853080760.0,,0.044497289,1480199037.0,-18325999.76,target_year,,,,,,,,,,SOE_target,0.055996,0.157162,24.09825118,0.25391587,0.279462147,0.822813114,0.126611615,0.154215263,0.680994566,1.194178025,0.019204256,True,CSI_nonSOE,0.12647759117292126,0.157162,-0.030684408827078735,-1008077361.2688745,0.0,1,0,,
600760.SH,中航沈飞,CSI,中央国有企业,工业,国防军工,工业--国防军工--航空航天与国防Ⅲ--航空航天,2021,,,,,,,,,,62780477436.0,,0.023023896,1695718597.0,-250267428.3,target_year,,,,,,,,,,SOE_target,0.038985,0.157295,24.21531136,0.271869554,0.273615357,0.878885182,0.154294154,0.141732989,0.670187379,1.23638641,0.022587022,True,CSI_nonSOE,0.1317919262518201,0.157295,-0.025503073748179894,-1601095145.9962518,0.0,1,0,,
600760.SH,中航沈飞,CSI,中央国有企业,工业,国防军工,工业--国防军工--航空航天与国防Ⅲ--航空航天,2022,,,,,,,,,,58792300811.0,,0.034290357,2304914649.0,-288905647.1,target_year,,,,,,,,,,SOE_target,0.042947,0.190097,24.86290999,0.300582293,0.271325141,0.712078293,0.11045987,0.075155929,0.804076801,1.140517772,0.015019361,True,CSI_nonSOE,0.09430748684394066,0.190097,-0.09578951315605932,-5631685872.010282,0.0,1,0,,
600760.SH,中航沈飞,CSI,中央国有企业,工业,国防军工,工业--国防军工--航空航天与国防Ⅲ--航空航天,2023,,,,,,,,,,55466437662.06,,0.04908,3007151011.69,-284871174.07,target_year,,,,,,,,,,SOE_target,0.05942,0.215317,24.797277,0.31911,0.272876,0.680945,0.127789,0.091034,0.765048,1.170943,0.018031,True,CSI_nonSOE,0.09603643911749679,0.215317,-0.11928056088250322,-6616067794.484917,0.0,1,0,,
600760.SH,中航沈飞,CSI,中央国有企业,工业,国防军工,工业--国防军工--航空航天与国防Ⅲ--航空航天,2024,,,,,,,,,,61589834322.62,,0.050531,3393966060.7,-281780980.48,target_year,,,,,,,,,,SOE_target,0.062074,0.21099199999999999,24.739044,0.285535,0.247277,0.80713,0.19824,0.106196,0.706893,1.30884,0.046211,True,CSI_nonSOE,0.11499997458408645,0.21099199999999999,-0.09599202541591353,-5912132941.658843,0.0,1,0,,
600760.SH,中航沈飞,CSI,中央国有企业,工业,国防军工,工业--国防军工--航空航天与国防Ⅲ--航空航天,2025,,,,,,,,,,77486151790.18,,0.044729,3517760109.76,-51895460.66,target_year,,,,,,,,,,SOE_target,0.057051,0.17316600000000001,24.843763,0.26643,0.253215,0.729017,0.191021,0.119894,0.690682,1.30753,0.049573,True,CSI_nonSOE,0.10235242541553757,0.17316600000000001,-0.07081357458446244,-5487071389.056889,0.0,1,0,,
600795.SH,国电电力,CSI,中央国有企业,公用事业,公用事业Ⅱ,公用事业--公用事业Ⅱ--电力--电力公用事业,2019,,,,,,,,,,364848000000.0,,0.03103471,1868693329.0,9454253879.0,target_year,,,,,,,,,,SOE_target,0.052023,0.035694,26.33094615,0.108567586,0.148389593,0.235939416,-0.20008333,0.824503098,0.738424424,0.254622885,0.046610381,True,CSI_nonSOE,0.1175311182203229,0.035694,0.08183711822032291,29858108908.448376,29858108908.448376,0,2,"FixedAssetsRatio_lag, CurrentRatio_lag",
600795.SH,国电电力,CSI,中央国有企业,公用事业,公用事业Ⅱ,公用事业--公用事业Ⅱ--电力--电力公用事业,2020,,,,,,,,,,357337000000.0,,0.031801717,2633092717.0,8730848509.0,target_year,,,,,,,,,,SOE_target,0.028807,0.049264,26.62274626,0.17020986,0.143602423,0.360249419,-0.153296874,0.803204859,0.680281684,0.389709423,0.033277747,True,CSI_nonSOE,0.1351619741195537,0.049264,0.08589797411955369,30694524377.958958,30694524377.958958,0,2,"FixedAssetsRatio_lag, CurrentRatio_lag",
600795.SH,国电电力,CSI,中央国有企业,公用事业,公用事业Ⅱ,公用事业--公用事业Ⅱ--电力--电力公用事业,2021,,,,,,,,,,397909000000.0,,0.01530631,-1845353429.0,7935869338.0,target_year,,,,,,,,,,SOE_target,-0.004032,-0.037367,26.60194614,0.150635222,0.126082379,0.31726249,-0.175229782,0.798494104,0.668275244,0.366384625,0.039259747,True,CSI_nonSOE,0.1307373145779382,-0.037367,0.16810431457793817,66890219709.3928,66890219709.3928,0,2,"FixedAssetsRatio_lag, CurrentRatio_lag",
600795.SH,国电电力,CSI,中央国有企业,公用事业,公用事业Ⅱ,公用事业--公用事业Ⅱ--电力--电力公用事业,2022,,,,,,,,,,412852000000.0,,0.025132614,2824661198.0,7551385897.0,target_year,,,,,,,,,,SOE_target,0.025287,0.06217399999999999,26.70948872,0.177715444,0.130392082,0.439254514,-0.182234617,0.784952008,0.720608319,0.420969478,0.053779605,True,CSI_nonSOE,0.14376981077407808,0.06217399999999999,0.08159581077407808,33686993669.699684,33686993669.699684,0,1,FixedAssetsRatio_lag,
600795.SH,国电电力,CSI,中央国有企业,公用事业,公用事业Ⅱ,公用事业--公用事业Ⅱ--电力--电力公用事业,2023,,,,,,,,,,457899346871.8,,0.026904,5608589563.0,6710634947.41,target_year,,,,,,,,,,SOE_target,0.035992,0.119557,26.746355,0.174129,0.129341,0.469478,-0.148351,0.777889,0.732903,0.489031,0.091215,True,CSI_nonSOE,0.14751904435879065,0.119557,0.027962044358790655,12803801849.09054,12803801849.09054,0,1,FixedAssetsRatio_lag,
600795.SH,国电电力,CSI,中央国有企业,公用事业,公用事业Ⅱ,公用事业--公用事业Ⅱ--电力--电力公用事业,2024,,,,,,,,,,493936293815.87,,0.033167,9831015730.47,6551289184.38,target_year,,,,,,,,,,SOE_target,0.056732,0.187621,26.849915,0.155481,0.121904,0.411434,-0.18418,0.786377,0.739186,0.410321,0.10869,True,CSI_nonSOE,0.14179052318041738,0.187621,-0.04583047681958263,-22637335864.078785,0.0,0,1,FixedAssetsRatio_lag,
600795.SH,国电电力,CSI,中央国有企业,公用事业,公用事业Ⅱ,公用事业--公用事业Ⅱ--电力--电力公用事业,2025,,,,,,,,,,520151776851.06,,0.025088,7161419062.53,5887937095.54,target_year,,,,,,,,,,SOE_target,0.04671,0.124002,26.925672,0.154752,0.118327,0.372564,-0.127761,0.776514,0.734045,0.498768,0.117618,True,CSI_nonSOE,0.1411399330340947,0.124002,0.017137933034094693,8914326319.238832,8914326319.238832,0,2,"FirmSize_lag, FixedAssetsRatio_lag",
600809.SH,山西汾酒,CSI,地方国有企业,日常消费,食品饮料,日常消费--食品饮料--饮料--白酒与葡萄酒,2019,,,,,,,,,,16067772126.0,,0.120645565,1938505451.0,0.0,target_year,,,,,,,,,,SOE_target,0.19643999999999998,0.28379899999999997,23.19381691,0.011358508,0.118716357,0.730553813,0.313357956,0.160991916,0.452055606,1.698127236,0.006345891,True,CSI_nonSOE,0.22016023969816206,0.28379899999999997,-0.0636387603018379,-1022533098.9110664,0.0,1,0,,
600809.SH,山西汾酒,CSI,地方国有企业,日常消费,食品饮料,日常消费--食品饮料--饮料--白酒与葡萄酒,2020,,,,,,,,,,19778534913.0,,0.152246337,3079233697.0,-68024211.2,target_year,,,,,,,,,,SOE_target,0.23637699999999998,0.357553,23.50008137,0.012563816,0.109737598,0.690167098,0.264738088,0.132517046,0.525473058,1.507083422,0.010036058,True,CSI_nonSOE,0.20268397701889723,0.357553,-0.15486902298110278,-3063082377.973941,0.0,1,0,,
600809.SH,山西汾酒,CSI,地方国有企业,日常消费,食品饮料,日常消费--食品饮料--饮料--白酒与葡萄酒,2021,,,,,,,,,,29954563964.0,,0.176283383,5313612016.0,-33120152.46,target_year,,,,,,,,,,SOE_target,0.285143,0.42509399999999997,23.70786309,0.012665221,0.106852675,0.640874842,0.312390239,0.115668116,0.491118185,1.641645687,0.00990074,True,CSI_nonSOE,0.19534362118416662,0.42509399999999997,-0.22975037881583335,-6882072417.99211,0.0,1,0,,
600809.SH,山西汾酒,CSI,地方国有企业,日常消费,食品饮料,日常消费--食品饮料--饮料--白酒与葡萄酒,2022,,,,,,,,,,36686474275.0,,0.219673789,8095851304.0,-36794481.72,target_year,,,,,,,,,,SOE_target,0.32640300000000005,0.44307899999999995,24.12294754,0.015645986,0.106913309,0.653126402,0.367907014,0.083238228,0.479653252,1.772545459,0.005217143,True,CSI_nonSOE,0.18628128343929873,0.44307899999999995,-0.2567977165607012,-9421002822.482906,0.0,1,0,,
600809.SH,山西汾酒,CSI,地方国有企业,日常消费,食品饮料,日常消费--食品饮料--饮料--白酒与葡萄酒,2023,,,,,,,,,,44095837995.19,,0.236534,10438114410.47,-7937771.17,target_year,,,,,,,,,,SOE_target,0.35168900000000003,0.42467799999999994,24.325674,0.017717,0.105461,0.648619,0.391304,0.067605,0.407261,1.966935,0.022504,True,CSI_nonSOE,0.18124433807165452,0.42467799999999994,-0.24343366192834542,-10734411318.968172,0.0,1,0,,
600809.SH,山西汾酒,CSI,地方国有企业,日常消费,食品饮料,日常消费--食品饮料--饮料--白酒与葡萄酒,2024,,,,,,,,,,53495197888.51,,0.228677,12242884323.77,-9765157.86,target_year,,,,,,,,,,SOE_target,0.33853700000000003,0.39120399999999994,24.509631,0.020625,0.100594,0.646094,0.441337,0.062488,0.358781,2.284846,0.011,True,CSI_nonSOE,0.17781573189401886,0.39120399999999994,-0.21338826810598108,-11415247629.415886,0.0,1,0,,
600809.SH,山西汾酒,CSI,地方国有企业,日常消费,食品饮料,日常消费--食品饮料--饮料--白酒与葡萄酒,2025,,,,,,,,,,56323475330.54,,0.217073,12246329337.25,-20025507.86,target_year,,,,,,,,,,SOE_target,0.30286,0.32926,24.702858,0.023549,0.097008,0.616411,0.487344,0.09119,0.341913,2.451332,0.01192,True,CSI_nonSOE,0.17314467026016808,0.32926,-0.15611532973983192,-8792957923.320541,0.0,1,0,,
600845.SH,宝信软件,CSI,中央国有企业,信息技术,软件服务,信息技术--软件服务--软件--应用软件,2019,,,,,,,,,,10267677543.0,,0.081925389,879342167.8,-38158695.38,target_year,,,,,,,,,,SOE_target,0.101713,0.12857100000000002,22.96879561,0.111629061,0.165297342,0.603696254,0.453013002,0.177288325,0.283095215,2.655370712,0.066055153,True,CSI_nonSOE,0.15210149754689806,0.12857100000000002,0.023530497546898038,241603561.23790157,241603561.23790157,1,0,,
600845.SH,宝信软件,CSI,中央国有企业,信息技术,软件服务,信息技术--软件服务--软件--应用软件,2020,,,,,,,,,,14070448560.0,,0.088149099,1300621550.0,-60324188.48,target_year,,,,,,,,,,SOE_target,0.12177500000000001,0.181308,23.0522667,0.119813233,0.156571733,0.693114084,0.42081115,0.184828746,0.292041392,2.50922769,0.088434728,True,CSI_nonSOE,0.15695834833146277,0.181308,-0.024349651668537226,-342610521.2560712,0.0,1,0,,
600845.SH,宝信软件,CSI,中央国有企业,信息技术,软件服务,信息技术--软件服务--软件--应用软件,2021,,,,,,,,,,17860169154.0,,0.099359437,1818835201.0,-44258849.6,target_year,,,,,,,,,,SOE_target,0.126112,0.223171,23.36734259,0.14363829,0.151169635,0.779807981,0.305796909,0.122237644,0.466077062,1.666951471,0.023677422,True,CSI_nonSOE,0.14520715749668817,0.223171,-0.07796384250331184,-1392447415.0049644,0.0,1,0,,
600845.SH,宝信软件,CSI,中央国有企业,信息技术,软件服务,信息技术--软件服务--软件--应用软件,2022,,,,,,,,,,19581031615.0,,0.112537592,2185886525.0,17715615.56,target_year,,,,,,,,,,SOE_target,0.122726,0.230578,23.60583888,0.14572694,0.153055264,0.733913566,0.320951649,0.115802186,0.462290693,1.724840493,0.042653776,True,CSI_nonSOE,0.13535441288509004,0.230578,-0.09522358711490997,-1864576069.7907588,0.0,1,0,,
600845.SH,宝信软件,CSI,中央国有企业,信息技术,软件服务,信息技术--软件服务--软件--应用软件,2023,,,,,,,,,,21882684637.81,,0.114085,2553638969.59,-57147146.8,target_year,,,,,,,,,,SOE_target,0.13603500000000002,0.24034199999999997,23.697827,0.149362,0.14694,0.69877,0.357491,0.102442,0.455595,1.825248,0.015366,True,CSI_nonSOE,0.13141954709173695,0.24034199999999997,-0.10892245290826302,-2383515686.9682307,0.0,1,0,,
600845.SH,宝信软件,CSI,中央国有企业,信息技术,软件服务,信息技术--软件服务--软件--应用软件,2024,,,,,,,,,,21636685902.19,,0.10333,2265482898.16,-29759456.65,target_year,,,,,,,,,,SOE_target,0.11368,0.199552,23.808962,0.143091,0.139728,0.619504,0.376569,0.099233,0.447554,1.926631,0.017193,True,CSI_nonSOE,0.12213057213287824,0.199552,-0.07742142786712176,-1675143116.8599734,0.0,1,0,,
600845.SH,宝信软件,CSI,中央国有企业,信息技术,软件服务,信息技术--软件服务--软件--应用软件,2025,,,,,,,,,,22314945033.04,,0.057715,1305010991.72,-17114725.47,target_year,,,,,,,,,,SOE_target,0.064209,0.11631,23.797656,0.127,0.169431,0.624517,0.381346,0.108447,0.432194,1.981772,0.020184,True,CSI_nonSOE,0.11980439431810574,0.11631,0.003494394318105748,77977217.13229707,77977217.13229707,1,0,,
600875.SH,东方电气,CSI,中央国有企业,工业,电气设备,工业--电气设备--电气设备Ⅲ--重型电气设备,2019,,,,,,,,,,89618965556.0,,0.015717674,1277671818.0,130929860.5,target_year,,,,,,,,,,SOE_target,0.006066,0.044028,25.23767212,0.084142144,0.075162529,0.349259169,0.228409844,0.066453384,0.663898493,1.395835175,0.002025643,True,CSI_nonSOE,0.11910256227615687,0.044028,0.07507456227615687,6728104610.758679,6728104610.758679,1,0,,
600875.SH,东方电气,CSI,中央国有企业,工业,电气设备,工业--电气设备--电气设备Ⅲ--重型电气设备,2020,,,,,,,,,,97795137769.0,,0.020410563,1861998155.0,134055669.1,target_year,,,,,,,,,,SOE_target,0.011969,0.061694000000000006,25.2188328,0.073544025,0.069863037,0.351245526,0.222554195,0.06293563,0.645181879,1.403307137,0.007166305,True,CSI_nonSOE,0.11817354922666146,0.061694000000000006,0.05647954922666145,5523425297.752374,5523425297.752374,1,0,,
600875.SH,东方电气,CSI,中央国有企业,工业,电气设备,工业--电气设备--电气设备Ⅲ--重型电气设备,2021,,,,,,,,,,103105000000.0,,0.023600924,2289036817.0,144326348.8,target_year,,,,,,,,,,SOE_target,0.017065,0.072203,25.3061407,0.070729662,0.069189957,0.386725704,0.148967446,0.055489357,0.655999257,1.259661364,0.00553372,True,CSI_nonSOE,0.11167343525490547,0.072203,0.03947043525490547,4069599226.9570284,4069599226.9570284,1,0,,
600875.SH,东方电气,CSI,中央国有企业,工业,电气设备,工业--电气设备--电气设备Ⅲ--重型电气设备,2022,,,,,,,,,,115265000000.0,,0.026347295,2854650575.0,182271979.4,target_year,,,,,,,,,,SOE_target,0.021002,0.084608,25.35900958,0.063575156,0.081262738,0.46546583,0.115208513,0.05076816,0.656815638,1.204886628,0.006960057,True,CSI_nonSOE,0.11215460068026686,0.084608,0.02754660068026686,3175158927.4109597,3175158927.4109597,1,0,,
600875.SH,东方电气,CSI,中央国有企业,工业,电气设备,工业--电气设备--电气设备Ⅲ--重型电气设备,2023,,,,,,,,,,121108373341.62,,0.030112,3550393576.32,96404032.6,target_year,,,,,,,,,,SOE_target,0.024314,0.09831300000000001,25.4705,0.041868,0.108841,0.496214,-0.000125,0.045409,0.664904,0.999787,0.006491,True,CSI_nonSOE,0.09723087414583978,0.09831300000000001,-0.0010821258541602319,-131054501.94825679,0.0,1,0,,
600875.SH,东方电气,CSI,中央国有企业,工业,电气设备,工业--电气设备--电气设备Ⅲ--重型电气设备,2024,,,,,,,,,,142009284851.87,,0.021335,2922100908.48,107669363.23,target_year,,,,,,,,,,SOE_target,0.020957,0.076856,25.519952,0.039852,0.112299,0.504004,0.036663,0.047941,0.659645,1.06232,0.009166,True,CSI_nonSOE,0.09875133559614152,0.076856,0.021895335596141527,3109340949.599751,3109340949.599751,1,0,,
600875.SH,东方电气,CSI,中央国有企业,工业,电气设备,工业--电气设备--电气设备Ⅲ--重型电气设备,2025,,,,,,,,,,162674195217.33,,0.024077,3831301222.13,85345766.36,target_year,,,,,,,,,,SOE_target,0.031003,0.091188,25.679158,0.050664,0.107313,0.521385,0.034271,0.048634,0.696201,1.054737,0.021119,True,CSI_nonSOE,0.09624809402161463,0.091188,0.005060094021614628,823146722.6901823,823146722.6901823,1,0,,
600886.SH,国投电力,CSI,中央国有企业,公用事业,公用事业Ⅱ,公用事业--公用事业Ⅱ--电力--电力公用事业,2019,,,,,,,,,,224722000000.0,,0.042848909,4755460882.0,4873610845.0,target_year,,,,,,,,,,SOE_target,0.067674,0.12181900000000001,26.1201075,0.067425895,0.148389593,0.18671361,-0.080609047,0.838680884,0.682009567,0.494120103,0.046417675,True,CSI_nonSOE,0.11668350920845576,0.12181900000000001,-0.005135490791544253,-1154057761.6574078,0.0,0,1,FixedAssetsRatio_lag,
600886.SH,国投电力,CSI,中央国有企业,公用事业,公用事业Ⅱ,公用事业--公用事业Ⅱ--电力--电力公用事业,2020,,,,,,,,,,228909000000.0,,0.042418916,5515627276.0,4194460020.0,target_year,,,,,,,,,,SOE_target,0.051626000000000005,0.125914,26.13812775,0.061507665,0.143602423,0.186274265,-0.04132307,0.810239806,0.668949453,0.728631805,0.044695381,True,CSI_nonSOE,0.11942716588947638,0.125914,-0.006486834110523615,-1484894709.4058502,0.0,0,1,FixedAssetsRatio_lag,
600886.SH,国投电力,CSI,中央国有企业,公用事业,公用事业Ⅱ,公用事业--公用事业Ⅱ--电力--电力公用事业,2021,,,,,,,,,,241370000000.0,,0.027875459,2436891837.0,4291394378.0,target_year,,,,,,,,,,SOE_target,0.027852000000000002,0.049387999999999994,26.156592,0.050456318,0.126082379,0.169181835,-0.066500176,0.82814494,0.639222502,0.577776524,0.044517337,True,CSI_nonSOE,0.1174787531376836,0.049387999999999994,0.06809075313768362,16435065084.842695,16435065084.842695,0,1,FixedAssetsRatio_lag,
600886.SH,国投电力,CSI,中央国有企业,公用事业,公用事业Ⅱ,公用事业--公用事业Ⅱ--电力--电力公用事业,2022,,,,,,,,,,258254000000.0,,0.03381893,4079375650.0,4654513767.0,target_year,,,,,,,,,,SOE_target,0.037759999999999995,0.076989,26.2095949,0.045790834,0.130392082,0.18176182,-0.067490828,0.809947994,0.635164482,0.571163608,0.038436347,True,CSI_nonSOE,0.11632281483782578,0.076989,0.039333814837825776,10158115017.127857,10158115017.127857,0,1,FixedAssetsRatio_lag,
600886.SH,国投电力,CSI,中央国有企业,公用事业,公用事业Ⅱ,公用事业--公用事业Ⅱ--电力--电力公用事业,2023,,,,,,,,,,277363021076.32,,0.038506,6704936953.85,3975288601.66,target_year,,,,,,,,,,SOE_target,0.053080999999999996,0.118062,26.277211,0.045306,0.129341,0.198222,-0.08302,0.800705,0.637472,0.521016,0.058878,True,CSI_nonSOE,0.11588420857473122,0.118062,-0.002177791425268777,-604038808.9866527,0.0,0,1,FixedAssetsRatio_lag,
600886.SH,国投电力,CSI,中央国有企业,公用事业,公用事业Ⅱ,公用事业--公用事业Ⅱ--电力--电力公用事业,2024,,,,,,,,,,296536685805.74,,0.033908,6643033266.19,3412049732.32,target_year,,,,,,,,,,SOE_target,0.06662499999999999,0.109754,26.348593,0.04841,0.121904,0.208256,-0.061429,0.776516,0.631828,0.628079,0.073018,True,CSI_nonSOE,0.11964926414402292,0.109754,0.00989526414402292,2934308834.440929,2934308834.440929,0,1,FixedAssetsRatio_lag,
600886.SH,国投电力,CSI,中央国有企业,公用事业,公用事业Ⅱ,公用事业--公用事业Ⅱ--电力--电力公用事业,2025,,,,,,,,,,313579818706.81,,0.032146,7393381322.0,2687092580.25,target_year,,,,,,,,,,SOE_target,0.062301,0.109834,26.415437,0.049531,0.118327,0.197773,-0.090115,0.767208,0.632175,0.527581,0.073402,True,CSI_nonSOE,0.11713321643044908,0.109834,0.007299216430449076,2288886964.9619904,2288886964.9619904,0,1,FixedAssetsRatio_lag,
600893.SH,航发动力,CSI,中央国有企业,工业,国防军工,工业--国防军工--航空航天与国防Ⅲ--航空航天,2019,,,,,,,,,,63115020067.0,,0.023695335,1077406923.0,418124589.7,target_year,,,,,,,,,,SOE_target,0.029830000000000002,0.039094000000000004,24.70302304,0.267740082,0.285442207,0.437535611,0.043166966,0.334289968,0.429212935,1.08260805,0.032583643,True,CSI_nonSOE,0.07494582133081294,0.039094000000000004,0.03585182133081294,2262788422.732757,2262788422.732757,1,0,,
600893.SH,航发动力,CSI,中央国有企业,工业,国防军工,工业--国防军工--航空航天与国防Ⅲ--航空航天,2020,,,,,,,,,,64352332318.0,,0.022585258,1145986116.0,307427913.2,target_year,,,,,,,,,,SOE_target,0.022119,0.035375000000000004,24.86822461,0.268981923,0.279462147,0.430985785,0.180032179,0.308221958,0.42097161,1.423587814,0.038841514,True,CSI_nonSOE,0.07956032346405796,0.035375000000000004,0.04418532346405796,2843428619.1373806,2843428619.1373806,1,0,,
600893.SH,航发动力,CSI,中央国有企业,工业,国防军工,工业--国防军工--航空航天与国防Ⅲ--航空航天,2021,,,,,,,,,,90648498035.0,,0.013911733,1187619447.0,73458273.32,target_year,,,,,,,,,,SOE_target,0.01816,0.032292999999999995,24.88763901,0.284731838,0.273615357,0.448269208,0.168979618,0.311568166,0.417257503,1.394363511,0.040230166,True,CSI_nonSOE,0.08185148151199867,0.032292999999999995,0.049558481511998674,4492401913.957995,4492401913.957995,1,0,,
600893.SH,航发动力,CSI,中央国有企业,工业,国防军工,工业--国防军工--航空航天与国防Ⅲ--航空航天,2022,,,,,,,,,,89965912662.0,,0.01576586,1267781837.0,150608102.9,target_year,,,,,,,,,,SOE_target,0.017733000000000002,0.033426,25.23025521,0.300423066,0.271325141,0.439110596,0.129696967,0.235812024,0.559425655,1.232595064,0.033230453,True,CSI_nonSOE,0.06599220956898035,0.033426,0.03256620956898035,2929848765.8152747,2929848765.8152747,1,0,,
600893.SH,航发动力,CSI,中央国有企业,工业,国防军工,工业--国防军工--航空航天与国防Ⅲ--航空航天,2023,,,,,,,,,,99795552106.78,,0.016727,1421421585.27,247847861.48,target_year,,,,,,,,,,SOE_target,0.018008,0.036513,25.222697,0.285061,0.272876,0.409442,0.123892,0.246077,0.541098,1.22639,0.031555,True,CSI_nonSOE,0.06167601794061481,0.036513,0.02516301794061481,2511157268.056465,2511157268.056465,1,0,,
600893.SH,航发动力,CSI,中央国有企业,工业,国防军工,工业--国防军工--航空航天与国防Ⅲ--航空航天,2024,,,,,,,,,,115913298911.68,,0.011363,860291114.25,456787611.33,target_year,,,,,,,,,,SOE_target,0.014764999999999999,0.021689,25.326389,0.269155,0.247277,0.458109,0.107993,0.235554,0.560545,1.185283,0.033502,True,CSI_nonSOE,0.06010659630199776,0.021689,0.03841759630199776,4453110323.621718,4453110323.621718,1,0,,
600893.SH,航发动力,CSI,中央国有企业,工业,国防军工,工业--国防军工--航空航天与国防Ⅲ--航空航天,2025,,,,,,,,,,123071590336.09,,0.010252,634328156.8,627400791.46,target_year,,,,,,,,,,SOE_target,0.012845,0.015845,25.476108,0.297316,0.253215,0.441468,0.114637,0.213589,0.607384,1.188188,0.025182,True,CSI_nonSOE,0.056122886786803994,0.015845,0.040277886786803996,4957063582.228953,4957063582.228953,1,0,,
600900.SH,长江电力,CSI,中央国有企业,公用事业,公用事业Ⅱ,公用事业--公用事业Ⅱ--电力--电力公用事业,2019,,,,,,,,,,296483000000.0,,0.090205718,21543493636.0,5200957545.0,target_year,,,,,,,,,,SOE_target,0.107289,0.147703,26.41192448,0.084052252,0.148389593,0.167846247,-0.160212281,0.827770041,0.517137032,0.16690857,0.010554722,True,CSI_nonSOE,0.11242340386279534,0.147703,-0.03527959613720466,-10459800501.54685,0.0,0,2,"FixedAssetsRatio_lag, CurrentRatio_lag",
600900.SH,长江电力,CSI,中央国有企业,公用事业,公用事业Ⅱ,公用事业--公用事业Ⅱ--电力--电力公用事业,2020,,,,,,,,,,330827000000.0,,0.094562387,26297890223.0,4985909832.0,target_year,,,,,,,,,,SOE_target,0.11937099999999999,0.16353,26.41525532,0.072210962,0.143602423,0.164550436,-0.151521069,0.786457909,0.494014744,0.197202157,0.00916354,True,CSI_nonSOE,0.11147592512827478,0.16353,-0.052054074871725226,-17220893427.58824,0.0,0,2,"FixedAssetsRatio_lag, CurrentRatio_lag",
600900.SH,长江电力,CSI,中央国有企业,公用事业,公用事业Ⅱ,公用事业--公用事业Ⅱ--电力--电力公用事业,2021,,,,,,,,,,328563000000.0,,0.094424331,26272998503.0,4751369574.0,target_year,,,,,,,,,,SOE_target,0.112712,0.148779,26.52486171,0.074410164,0.126082379,0.180422565,-0.192822765,0.707604134,0.460982464,0.187030032,0.010966039,True,CSI_nonSOE,0.11305194705081743,0.148779,-0.03572705294918256,-11738587698.14227,0.0,0,1,CurrentRatio_lag,
600900.SH,长江电力,CSI,中央国有企业,公用事业,公用事业Ⅱ,公用事业--公用事业Ⅱ--电力--电力公用事业,2022,,,,,,,,,,327268000000.0,,0.077615125,21309033981.0,4091934992.0,target_year,,,,,,,,,,SOE_target,0.092723,0.116267,26.51799529,0.058372527,0.130392082,0.165251528,-0.10799369,0.674421881,0.42084757,0.335606159,0.010572933,True,CSI_nonSOE,0.11489378503782186,0.116267,-0.0013732149621781403,-449409314.2421156,0.0,0,1,CurrentRatio_lag,
600900.SH,长江电力,CSI,中央国有企业,公用事业,公用事业Ⅱ,公用事业--公用事业Ⅱ--电力--电力公用事业,2023,,,,,,,,,,571942544909.29,,0.069579,27238970860.7,12556406948.81,target_year,,,,,,,,,,SOE_target,0.10002000000000001,0.14083600000000002,26.514046,0.046651,0.129341,0.155493,-0.113534,0.654516,0.401854,0.291705,0.014883,True,CSI_nonSOE,0.11339059543433197,0.14083600000000002,-0.027445404565668047,-15697194533.353231,0.0,0,1,CurrentRatio_lag,
600900.SH,长江电力,CSI,中央国有企业,公用事业,公用事业Ⅱ,公用事业--公用事业Ⅱ--电力--电力公用事业,2024,,,,,,,,,,566071979792.34,,0.077071,32496172808.65,11131343530.28,target_year,,,,,,,,,,SOE_target,0.087861,0.157895,27.072304,0.06641,0.121904,0.170171,-0.220611,0.786164,0.628811,0.122989,0.021388,True,CSI_nonSOE,0.11123649197253854,0.157895,-0.046658508027461465,-26412074013.261898,0.0,0,3,"FirmSize_lag, FixedAssetsRatio_lag, CurrentRatio_lag",
600900.SH,长江电力,CSI,中央国有企业,公用事业,公用事业Ⅱ,公用事业--公用事业Ⅱ--电力--电力公用事业,2025,,,,,,,,,,559208340046.84,,0.078458,34502809176.39,9371372984.05,target_year,,,,,,,,,,SOE_target,0.09084199999999999,0.159873,27.061987,0.072025,0.118327,0.145031,-0.251498,0.776353,0.607902,0.107736,0.025474,True,CSI_nonSOE,0.11251512975053535,0.159873,-0.04735787024946464,-26482916010.356747,0.0,0,3,"FirmSize_lag, FixedAssetsRatio_lag, CurrentRatio_lag",
600905.SH,三峡能源,CSI,中央国有企业,公用事业,公用事业Ⅱ,公用事业--公用事业Ⅱ--电力--电力公用事业,2019,,,,,,,,,,100050000000.0,,0.044637736,2839735774.0,1626271621.0,target_year,,,,,,,,,,SOE_target,0.036157,0.071715,25.16693766,0.012310599,0.148389593,0.095504611,0.032057758,0.624194288,0.492527498,1.235768548,0.12482356,True,CSI_nonSOE,0.15089528064739705,0.071715,0.07918028064739704,7921987078.772075,7921987078.772075,1,0,,
600905.SH,三峡能源,CSI,中央国有企业,公用事业,公用事业Ⅱ,公用事业--公用事业Ⅱ--电力--电力公用事业,2020,,,,,,,,,,142576000000.0,,0.040053102,3610991284.0,2099634099.0,target_year,,,,,,,,,,SOE_target,0.052405999999999994,0.08984,25.32893633,0.013171647,0.143602423,0.095973224,-0.052296024,0.661347862,0.583253272,0.762889652,0.142675768,True,CSI_nonSOE,0.14092587013456345,0.08984,0.05108587013456345,7283619020.305518,7283619020.305518,1,0,,
600905.SH,三峡能源,CSI,中央国有企业,公用事业,公用事业Ⅱ,公用事业--公用事业Ⅱ--电力--电力公用事业,2021,,,,,,,,,,217196000000.0,,0.039073376,5642366893.0,2844231671.0,target_year,,,,,,,,,,SOE_target,0.036911,0.10189999999999999,25.68314352,0.014739605,0.126082379,0.092403534,-0.064530566,0.68917574,0.67431158,0.69579096,0.178542795,True,CSI_nonSOE,0.1301050108290659,0.10189999999999999,0.028205010829065902,6126015532.029798,6126015532.029798,0,1,AssetTurnover_lag,
600905.SH,三峡能源,CSI,中央国有企业,公用事业,公用事业Ⅱ,公用事业--公用事业Ⅱ--电力--电力公用事业,2022,,,,,,,,,,262127000000.0,,0.042507105,7155475873.0,3986790888.0,target_year,,,,,,,,,,SOE_target,0.037842,0.0981,26.10406807,0.016447582,0.130392082,0.085340136,-0.016042716,0.667788729,0.647345629,0.909165829,0.137691712,True,CSI_nonSOE,0.12060023300737609,0.0981,0.02250023300737608,5897918577.524469,5897918577.524469,0,1,AssetTurnover_lag,
600905.SH,三峡能源,CSI,中央国有企业,公用事业,公用事业Ⅱ,公用事业--公用事业Ⅱ--电力--电力公用事业,2023,,,,,,,,,,311707560904.4,,0.035726,7181086737.34,3954822772.55,target_year,,,,,,,,,,SOE_target,0.031429,0.09,26.292096,0.021631,0.129341,0.098646,-0.016599,0.657012,0.66444,0.907727,0.10579,True,CSI_nonSOE,0.11955220875592121,0.09,0.02955220875592121,9211646910.645855,9211646910.645855,1,0,,
600905.SH,三峡能源,CSI,中央国有企业,公用事业,公用事业Ⅱ,公用事业--公用事业Ⅱ--电力--电力公用事业,2024,,,,,,,,,,356871426700.32,,0.029203,6111426749.8,4310318180.69,target_year,,,,,,,,,,SOE_target,0.038501,0.07221899999999999,26.465331,0.022815,0.121904,0.091612,0.00235,0.684482,0.693671,1.015668,0.131892,True,CSI_nonSOE,0.12217247876085315,0.07221899999999999,0.049953478760853154,17826969234.0298,17826969234.0298,0,1,AssetTurnover_lag,
600905.SH,三峡能源,CSI,中央国有企业,公用事业,公用事业Ⅱ,公用事业--公用事业Ⅱ--电力--电力公用事业,2025,,,,,,,,,,387155529975.3,,0.020299,3714396619.2,4144510564.47,target_year,,,,,,,,,,SOE_target,0.024668000000000002,0.042359,26.600641,0.025729,0.118327,0.088185,-0.023704,0.690148,0.709569,0.866542,0.086512,True,CSI_nonSOE,0.11892847537957466,0.042359,0.07656947537957465,29644295820.509907,29644295820.509907,0,1,AssetTurnover_lag,
600930.SH,华电新能,CSI,中央国有企业,公用事业,公用事业Ⅱ,公用事业--公用事业Ⅱ--电力--电力公用事业,2023,,,,,,,,,,336672867584.0,,0.042015,9619770057.0,4525620297.0,target_year,,,,,,,,,,SOE_target,0.052148,0.122204,26.328801,0.022349,0.129341,,-0.124576,0.705813,0.71125,0.542037,0.214746,True,CSI_nonSOE,0.15058787864103557,0.122204,0.028383878641035573,9556081815.233696,9556081815.233696,1,0,,
600930.SH,华电新能,CSI,中央国有企业,公用事业,公用事业Ⅱ,公用事业--公用事业Ⅱ--电力--电力公用事业,2024,,,,,,,,,,444090216404.0,,0.032194,8831054314.0,5465860155.0,target_year,,,,,,,,,,SOE_target,0.040872,0.093033,26.542378,0.025418,0.121904,0.096234,-0.106022,0.69146,0.73178,0.567832,0.179024,True,CSI_nonSOE,0.11671232985568772,0.093033,0.023679329855687714,10515758719.914055,10515758719.914055,1,0,,
600930.SH,华电新能,CSI,中央国有企业,公用事业,公用事业Ⅱ,公用事业--公用事业Ⅱ--电力--电力公用事业,2025,,,,,,,,,,518120395445.0,,0.025709,7262870120.0,6057531034.0,target_year,,,,,,,,,,SOE_target,0.031789,0.059893999999999996,26.819294,0.029306,0.118327,0.086012,-0.092824,0.653688,0.730639,0.610585,0.1612,True,CSI_nonSOE,0.11773250461474857,0.059893999999999996,0.05783850461474858,29967308882.94099,29967308882.94099,0,1,AssetTurnover_lag,
600938.SH,中国海油,CSI,中央国有企业,能源,石油石化,能源--石油石化--石油天然气--石油天然气勘探与生产,2019,,,,,,,,,,757731000000.0,,0.084581468,61045000000.0,3045000000.0,target_year,,,,,,,,,,SOE_target,0.122,0.14105399999999998,27.24356143,0.039982787,0.452070271,0.338122435,0.176552309,0.600102537,0.385123877,2.706101762,0.07465611,True,CSI_nonSOE,0.11514373381670628,0.14105399999999998,-0.0259102661832937,-19633011905.33332,0.0,0,1,FirmSize_lag,
600938.SH,中国海油,CSI,中央国有企业,能源,石油石化,能源--石油石化--石油天然气--石油天然气勘探与生产,2020,,,,,,,,,,721275000000.0,,0.039516135,24956000000.0,3546000000.0,target_year,,,,,,,,,,SOE_target,0.050007,0.056596,27.35359428,0.039338217,0.44417932,0.316247015,0.151367702,0.581412137,0.408462898,2.256956241,0.095039005,True,CSI_nonSOE,0.11418000966634419,0.056596,0.05758400966634419,41533906572.0924,41533906572.0924,0,1,FirmSize_lag,
600938.SH,中国海油,CSI,中央国有企业,能源,石油石化,能源--石油石化--石油天然气--石油天然气勘探与生产,2021,,,,,,,,,,786569000000.0,,0.093450161,70320000000.0,3185000000.0,target_year,,,,,,,,,,SOE_target,0.129543,0.153769,27.30428632,0.035156816,0.429200271,0.205074219,0.122753457,0.619275588,0.398384805,2.182854166,0.10456206,True,CSI_nonSOE,0.1037278552031051,0.153769,-0.05004114479689489,-39360813221.74882,0.0,0,1,FirmSize_lag,
600938.SH,中国海油,CSI,中央国有企业,能源,石油石化,能源--石油石化--石油天然气--石油天然气勘探与生产,2022,,,,,,,,,,929031000000.0,,0.155839794,141700000000.0,3080000000.0,target_year,,,,,,,,,,SOE_target,0.22717400000000001,0.26287099999999997,27.39094629,0.041284448,0.425995256,0.315149313,0.14497266,0.591748467,0.387242569,2.213728433,0.104805809,True,CSI_nonSOE,0.11482975219171118,0.26287099999999997,-0.14804124780828878,-137534908492.58234,0.0,0,1,FirmSize_lag,
600938.SH,中国海油,CSI,中央国有企业,能源,石油石化,能源--石油石化--石油天然气--石油天然气勘探与生产,2023,,,,,,,,,,1005598000000.0,,0.125544,123843000000.0,2404000000.0,target_year,,,,,,,,,,SOE_target,0.17633700000000002,0.19599,27.557408,0.054529,0.418201,0.45369,0.162845,0.573414,0.355906,2.334215,0.101992,True,CSI_nonSOE,0.1283351168713149,0.19599,-0.06765488312868509,-68033615164.43947,0.0,0,1,FirmSize_lag,
600938.SH,中国海油,CSI,中央国有企业,能源,石油石化,能源--石油石化--石油天然气--石油天然气勘探与生产,2024,,,,,,,,,,1056281000000.0,,0.133222,137936000000.0,2784000000.0,target_year,,,,,,,,,,SOE_target,0.182531,0.19508199999999998,27.636604,0.059575,0.410755,0.420933,0.125633,0.589619,0.335842,2.01934,0.120202,True,CSI_nonSOE,0.12613105387274948,0.19508199999999998,-0.0689509461272505,-72831574326.23828,0.0,0,1,FirmSize_lag,
600938.SH,中国海油,CSI,中央国有企业,能源,石油石化,能源--石油石化--石油天然气--石油天然气勘探与生产,2025,,,,,,,,,,1098559000000.0,,0.113556,122082000000.0,2666000000.0,target_year,,,,,,,,,,SOE_target,0.155225,0.157495,27.685775,0.061841,0.406814,0.39843,0.137969,0.598714,0.290496,2.225943,0.116786,True,CSI_nonSOE,0.12488891461665981,0.157495,-0.032606085383340186,-35819708552.63681,0.0,0,1,FirmSize_lag,
600941.SH,中国移动,CSI,中央国有企业,通讯服务,电信服务,通讯服务--电信服务--多元电信服务--综合电信业务,2019,,,,,,,,,,1629240000000.0,,0.067442489,106641000000.0,3239000000.0,target_year,,,,,,,,,,SOE_target,0.08549799999999999,0.098917,28.06014416,0.500605614,0.376451505,0.438784797,0.039532264,0.480937034,0.312584071,1.127989578,0.127067341,True,CSI_nonSOE,0.07088215637109369,0.098917,-0.02803484362890632,-45675488633.959335,0.0,0,1,FirmSize_lag,
600941.SH,中国移动,CSI,中央国有企业,通讯服务,电信服务,通讯服务--电信服务--多元电信服务--综合电信业务,2020,,,,,,,,,,1727880000000.0,,0.064135745,107843000000.0,2976000000.0,target_year,,,,,,,,,,SOE_target,0.079764,0.095746,28.11913476,0.502483187,0.377325617,0.426135886,0.041613881,0.455924235,0.32036471,1.146729803,0.125804056,True,CSI_nonSOE,0.06938947223345351,0.095746,-0.026356527766546484,-45540917197.26034,0.0,0,1,FirmSize_lag,
600941.SH,中国移动,CSI,中央国有企业,通讯服务,电信服务,通讯服务--电信服务--多元电信服务--综合电信业务,2021,,,,,,,,,,1841330000000.0,,0.064443741,116148000000.0,2514000000.0,target_year,,,,,,,,,,SOE_target,0.08055799999999999,0.098628,28.1779175,0.498909861,0.375629725,0.414457383,0.03615351,0.449798076,0.332841016,1.120765784,0.110221068,True,CSI_nonSOE,0.06725241544061467,0.098628,-0.03137558455938533,-57772805116.73299,0.0,0,1,FirmSize_lag,
600941.SH,中国移动,CSI,中央国有企业,通讯服务,电信服务,通讯服务--电信服务--多元电信服务--综合电信业务,2022,,,,,,,,,,1935540000000.0,,0.065937739,125459000000.0,2166000000.0,target_year,,,,,,,,,,SOE_target,0.081688,0.100219,28.24150762,0.494347903,0.374126853,0.421050715,0.007181234,0.431779363,0.342706646,1.022714155,0.112587824,True,CSI_nonSOE,0.06558590375767344,0.100219,-0.034633096242326564,-67033743100.87276,0.0,0,1,FirmSize_lag,
600941.SH,中国移动,CSI,中央国有企业,通讯服务,电信服务,通讯服务--电信服务--多元电信服务--综合电信业务,2023,,,,,,,,,,1992657000000.0,,0.067908,131766000000.0,3552000000.0,target_year,,,,,,,,,,SOE_target,0.0849,0.09985799999999999,28.291406,0.492227,0.373379,0.430017,-0.039765,0.420615,0.327617,0.85569,0.097951,True,CSI_nonSOE,0.062370840048463425,0.09985799999999999,-0.037487159951536564,-74699051687.549,0.0,0,1,FirmSize_lag,
600941.SH,中国移动,CSI,中央国有企业,通讯服务,电信服务,通讯服务--电信服务--多元电信服务--综合电信业务,2024,,,,,,,,,,2108127000000.0,,0.067097,138373000000.0,3077000000.0,target_year,,,,,,,,,,SOE_target,0.08544299999999999,0.101233,28.32049,0.493234,0.374249,0.439649,-0.030342,0.396034,0.324528,0.891757,0.090965,True,CSI_nonSOE,0.06305850086531323,0.101233,-0.038174499134686776,-80476692337.30983,0.0,0,1,FirmSize_lag,
600941.SH,中国移动,CSI,中央国有企业,通讯服务,电信服务,通讯服务--电信服务--多元电信服务--综合电信业务,2025,,,,,,,,,,2128182000000.0,,0.065914,137095000000.0,3183000000.0,target_year,,,,,,,,,,SOE_target,0.08191000000000001,0.097213,28.376821,0.491611,0.373264,0.433804,-0.030576,0.374154,0.337545,0.898172,0.073989,True,CSI_nonSOE,0.061322728757898945,0.097213,-0.03589027124210105,-76381029232.5571,0.0,0,1,FirmSize_lag,
601006.SH,大秦铁路,CSI,中央国有企业,工业,交通运输,工业--交通运输--铁路公路运输--铁路运输,2019,,,,,,,,,,148044000000.0,,0.095561613,13669294112.0,478008759.0,target_year,,,,,,,,,,SOE_target,0.134944,0.124054,25.70652666,0.089625731,0.111099702,0.570549848,0.084136557,0.57754898,0.215728043,1.670729602,0.046021713,True,CSI_nonSOE,0.04758150426871406,0.124054,-0.07647249573128594,-11321294158.042496,0.0,1,0,,
601006.SH,大秦铁路,CSI,中央国有企业,工业,交通运输,工业--交通运输--铁路公路运输--铁路运输,2020,,,,,,,,,,182203000000.0,,0.06014214,10895704612.0,62353169.0,target_year,,,,,,,,,,SOE_target,0.09520899999999999,0.092804,25.72077391,0.082277343,0.108646931,0.541686591,0.100402373,0.552307357,0.174412521,2.048937304,0.035506266,True,CSI_nonSOE,0.04276188651402768,0.092804,-0.05004211348597232,-9117823203.484613,0.0,1,0,,
601006.SH,大秦铁路,CSI,中央国有企业,工业,交通运输,工业--交通运输--铁路公路运输--铁路运输,2021,,,,,,,,,,198546000000.0,,0.06305714,12181309677.0,338451918.0,target_year,,,,,,,,,,SOE_target,0.096868,0.099306,25.92838541,0.090638906,0.123286456,0.436682029,0.297357989,0.425794186,0.287461936,5.030979552,0.010649474,True,CSI_nonSOE,0.02339921617380064,0.099306,-0.07590678382619936,-15070988301.55658,0.0,1,0,,
601006.SH,大秦铁路,CSI,中央国有企业,工业,交通运输,工业--交通运输--铁路公路运输--铁路运输,2022,,,,,,,,,,202297000000.0,,0.056109512,11196257454.0,154529809.0,target_year,,,,,,,,,,SOE_target,0.084593,0.088618,26.01428814,0.071203937,0.15352339,0.411764299,0.271773036,0.441406619,0.318403373,3.96929373,0.018177959,True,CSI_nonSOE,0.019133482778567523,0.088618,-0.06948451722143248,-14056509380.344126,0.0,1,0,,
601006.SH,大秦铁路,CSI,中央国有企业,工业,交通运输,工业--交通运输--铁路公路运输--铁路运输,2023,,,,,,,,,,207673222249.0,,0.058222,11930006082.0,161042754.0,target_year,,,,,,,,,,SOE_target,0.087265,0.08968400000000001,26.033003,0.064458,0.180808,0.377665,0.299635,0.437414,0.307013,4.480187,0.035211,True,CSI_nonSOE,0.014382907073533291,0.08968400000000001,-0.07530109292646672,-15638020606.910725,0.0,1,0,,
601006.SH,大秦铁路,CSI,中央国有企业,工业,交通运输,工业--交通运输--铁路公路运输--铁路运输,2024,,,,,,,,,,207017831253.0,,0.043731,9039359180.0,13716097.0,target_year,,,,,,,,,,SOE_target,0.064335,0.061777,26.059232,0.066414,0.114556,0.393827,0.313596,0.43126,0.266118,5.188494,0.035112,True,CSI_nonSOE,0.017049340856250816,0.061777,-0.04472765914374918,-9259422992.96237,0.0,1,0,,
601006.SH,大秦铁路,CSI,中央国有企业,工业,交通运输,工业--交通运输--铁路公路运输--铁路运输,2025,,,,,,,,,,211817901515.0,,0.026457,5900148479.0,-296022107.0,target_year,,,,,,,,,,SOE_target,0.039529999999999996,0.036973,26.056071,0.053537,0.116886,0.358657,0.289553,0.436047,0.178965,4.920361,0.021893,True,CSI_nonSOE,0.012203447831962089,0.036973,-0.02476955216803791,-5246634561.700109,0.0,1,0,,
601018.SH,宁波港,CSI,地方国有企业,工业,交通运输,工业--交通运输--交通基础设施--海港与服务,2019,,,,,,,,,,71778991000.0,,0.054406379,3422218000.0,483017000.0,target_year,,,,,,,,,,SOE_target,0.06641,0.08650600000000001,25.02221389,0.024928256,0.111099702,0.31969526,-0.075756932,0.484900717,0.429334025,0.769098533,0.030742178,True,CSI_nonSOE,0.029913452279775377,0.08650600000000001,-0.05659254772022464,-4062155973.4770746,0.0,1,0,,
601018.SH,宁波港,CSI,地方国有企业,工业,交通运输,工业--交通运输--交通基础设施--海港与服务,2020,,,,,,,,,,85419000000.0,,0.045359534,3430805000.0,443761000.0,target_year,,,,,,,,,,SOE_target,0.061177,0.074361,24.99685767,0.024966116,0.108646931,0.332344106,-0.073309306,0.515756024,0.380991076,0.727700149,0.038359163,True,CSI_nonSOE,0.033688574102206326,0.074361,-0.04067242589779367,-3474197947.7636375,0.0,1,0,,
601018.SH,宁波港,CSI,地方国有企业,工业,交通运输,工业--交通运输--交通基础设施--海港与服务,2021,,,,,,,,,,94961585000.0,,0.050877647,4331678000.0,499744000.0,target_year,,,,,,,,,,SOE_target,0.066056,0.081565,25.1708344,0.026568472,0.123286456,0.268910892,-0.037107962,0.512220536,0.351703169,0.848909062,0.045371896,True,CSI_nonSOE,0.025092349681441417,0.081565,-0.05647265031855858,-5362732383.401078,0.0,1,0,,
601018.SH,宁波港,CSI,地方国有企业,工业,交通运输,工业--交通运输--交通基础设施--海港与服务,2022,,,,,,,,,,108880000000.0,,0.044127532,4220128000.0,584461000.0,target_year,,,,,,,,,,SOE_target,0.064013,0.06663000000000001,25.27673828,0.020766758,0.15352339,0.253490862,-0.022773914,0.5203172,0.380029988,0.899107636,0.067032422,True,CSI_nonSOE,0.01968108498377452,0.06663000000000001,-0.04694891501622549,-5111797866.966631,0.0,1,0,,
601018.SH,宁波港,CSI,地方国有企业,工业,交通运输,工业--交通运输--交通基础设施--海港与服务,2023,,,,,,,,,,112344177000.0,,0.04463,4668391000.0,345504000.0,target_year,,,,,,,,,,SOE_target,0.05669,0.063583,25.413509,0.021723,0.180808,0.250287,0.082167,0.499505,0.297792,1.472622,0.058357,True,CSI_nonSOE,0.01940770595298974,0.063583,-0.04417529404701026,-4962837053.444367,0.0,1,0,,
601018.SH,宁波港,CSI,地方国有企业,工业,交通运输,工业--交通运输--交通基础设施--海港与服务,2024,,,,,,,,,,112898984000.0,,0.045185,4897513000.0,203858000.0,target_year,,,,,,,,,,SOE_target,0.06326,0.063945,25.444833,0.021216,0.114556,0.233152,-0.026377,0.542051,0.281558,0.866527,0.07921,True,CSI_nonSOE,0.01625037143916891,0.063945,-0.04769462856083109,-5384675106.775212,0.0,1,0,,
601018.SH,宁波港,CSI,地方国有企业,工业,交通运输,工业--交通运输--交通基础设施--海港与服务,2025,,,,,,,,,,123425080000.0,,0.042734,5168472000.0,105974000.0,target_year,,,,,,,,,,SOE_target,0.061954,0.064993,25.449759,0.020463,0.116886,0.252389,-0.018075,0.559628,0.242247,0.883191,0.046109,True,CSI_nonSOE,0.017088055614962072,0.064993,-0.04790494438503792,-5912671593.118856,0.0,1,0,,
601088.SH,中国神华,CSI,中央国有企业,能源,煤炭Ⅱ,能源--煤炭Ⅱ--煤炭Ⅲ--煤炭与消费用燃料,2019,,,,,,,,,,563083000000.0,,0.079515809,41707000000.0,3067000000.0,target_year,,,,,,,,,,SOE_target,0.115733,0.121282,27.10614052,0.507010805,0.3281903,0.454082948,0.1857846,0.496824007,0.308960391,1.890858398,0.035385531,True,CSI_nonSOE,0.13184283672728297,0.121282,0.010560836727282974,5946627626.908679,5946627626.908679,0,1,FirmSize_lag,
601088.SH,中国神华,CSI,中央国有企业,能源,煤炭Ⅱ,能源--煤炭Ⅱ--煤炭Ⅲ--煤炭与消费用燃料,2020,,,,,,,,,,562904000000.0,,0.067702486,35849000000.0,2261000000.0,target_year,,,,,,,,,,SOE_target,0.10646499999999999,0.099542,27.05669288,0.447627872,0.293470907,0.418929791,0.115455448,0.49812905,0.253719256,1.680864657,0.033758789,True,CSI_nonSOE,0.12635829570263957,0.099542,0.02681629570263956,15095000116.19862,15095000116.19862,0,1,FirmSize_lag,
601088.SH,中国神华,CSI,中央国有企业,能源,煤炭Ⅱ,能源--煤炭Ⅱ--煤炭Ⅲ--煤炭与消费用燃料,2021,,,,,,,,,,610597000000.0,,0.088765585,51607000000.0,2593000000.0,target_year,,,,,,,,,,SOE_target,0.135102,0.138684,27.05637494,0.411734128,0.275297772,0.414326276,0.182510695,0.493943905,0.236837898,2.478364727,0.036727399,True,CSI_nonSOE,0.1285965025118417,0.138684,-0.010087497488158292,-6159395703.776989,0.0,0,1,FirmSize_lag,
601088.SH,中国神华,CSI,中央国有企业,能源,煤炭Ⅱ,能源--煤炭Ⅱ--煤炭Ⅲ--煤炭与消费用燃料,2022,,,,,,,,,,625178000000.0,,0.121784516,72903000000.0,3234000000.0,target_year,,,,,,,,,,SOE_target,0.161546,0.187659,27.137703,0.389105518,0.269530745,0.57130927,0.190898416,0.474710816,0.26429216,2.270458212,0.039081424,True,CSI_nonSOE,0.1430720005719736,0.187659,-0.04458699942802638,-27874811128.414677,0.0,0,1,FirmSize_lag,
601088.SH,中国神华,CSI,中央国有企业,能源,煤炭Ⅱ,能源--煤炭Ⅱ--煤炭Ⅲ--煤炭与消费用燃料,2023,,,,,,,,,,633412000000.0,,0.106539,64625000000.0,2858000000.0,target_year,,,,,,,,,,SOE_target,0.147784,0.159881,27.161302,0.370616,0.250024,0.557598,0.180182,0.471779,0.259856,2.14473,0.045881,True,CSI_nonSOE,0.14318647029920614,0.159881,-0.016694529700793853,-10574515446.839235,0.0,0,1,FirmSize_lag,
601088.SH,中国神华,CSI,中央国有企业,能源,煤炭Ⅱ,能源--煤炭Ⅱ--煤炭Ⅲ--煤炭与消费用燃料,2024,,,,,,,,,,661436000000.0,,0.098454,62421000000.0,2700000000.0,target_year,,,,,,,,,,SOE_target,0.139226,0.148422,27.174387,0.39907,0.263234,0.545172,0.169504,0.489088,0.239593,2.17231,0.058546,True,CSI_nonSOE,0.14136687399547443,0.148422,-0.007055126004525569,-4666514323.929375,0.0,0,1,FirmSize_lag,
601088.SH,中国神华,CSI,中央国有企业,能源,煤炭Ⅱ,能源--煤炭Ⅱ--煤炭Ⅲ--煤炭与消费用燃料,2025,,,,,,,,,,631777000000.0,,0.089593,54218000000.0,2385000000.0,target_year,,,,,,,,,,SOE_target,0.125517,0.128749,27.217679,0.392903,0.263097,0.522648,0.170092,0.483933,0.233002,2.214694,0.055987,True,CSI_nonSOE,0.1392327752203424,0.128749,0.010483775220342384,6623408057.382251,6623408057.382251,0,1,FirmSize_lag,
601111.SH,中国国航,CSI,中央国有企业,工业,交通运输,工业--交通运输--航空客运Ⅲ--航空客运Ⅳ,2019,,,,,,,,,,294206000000.0,,0.038643697,6420294000.0,4948928000.0,target_year,,,,,,,,,,SOE_target,0.051708,0.068808,26.21902778,0.157036515,0.111099702,0.570723639,-0.200337972,0.704525554,0.587543188,0.327076743,0.037507993,True,CSI_nonSOE,0.027507839452590777,0.068808,-0.04130016054740922,-12150755034.011076,0.0,0,1,CurrentRatio_lag,
601111.SH,中国国航,CSI,中央国有企业,工业,交通运输,工业--交通运输--航空客运Ⅲ--航空客运Ⅳ,2020,,,,,,,,,,284030000000.0,,-0.032755591,-14403343000.0,5099785000.0,target_year,,,,,,,,,,SOE_target,-0.046895,-0.16846,26.40754731,0.140714954,0.108646931,0.506376413,-0.180675733,0.347233919,0.655583725,0.318275776,0.025430907,True,CSI_nonSOE,0.015142975267196268,-0.16846,0.18360297526719627,52148753065.141754,52148753065.141754,0,1,CurrentRatio_lag,
601111.SH,中国国航,CSI,中央国有企业,工业,交通运输,工业--交通运输--航空客运Ⅲ--航空客运Ⅳ,2021,,,,,,,,,,298381000000.0,,-0.037335215,-16635178000.0,5495052000.0,target_year,,,,,,,,,,SOE_target,-0.056464,-0.23951,26.37234435,0.087367401,0.123286456,0.24039925,-0.214281471,0.356816629,0.705055278,0.244867819,0.017709488,True,CSI_nonSOE,-0.014193104444883697,-0.23951,0.2253168955551163,67230280612.63116,67230280612.63116,0,1,CurrentRatio_lag,
601111.SH,中国国航,CSI,中央国有企业,工业,交通运输,工业--交通运输--航空客运Ⅲ--航空客运Ⅳ,2022,,,,,,,,,,294979000000.0,,-0.108973296,-38617495000.0,6472620000.0,target_year,,,,,,,,,,SOE_target,-0.133588,-0.909227,26.42163767,0.067699809,0.15352339,0.25594192,-0.205183842,0.331135843,0.77937245,0.331770559,0.006113086,True,CSI_nonSOE,-0.018154938171953156,-0.909227,0.8910720618280469,262847545725.97543,262847545725.97543,0,1,CurrentRatio_lag,
601111.SH,中国国航,CSI,中央国有企业,工业,交通运输,工业--交通运输--航空客运Ⅲ--航空客运Ⅳ,2023,,,,,,,,,,335278694000.0,,0.017611,-1038411000.0,6943087000.0,target_year,,,,,,,,,,SOE_target,0.014877,-0.034168,26.410171,0.045046,0.180808,0.178298,-0.23811,0.337563,0.927018,0.240533,0.003352,True,CSI_nonSOE,-0.02647169581120032,-0.034168,0.007696304188799678,2580406817.0474854,2580406817.0474854,0,2,"FinancialLeverage_lag, CurrentRatio_lag",
601111.SH,中国国航,CSI,中央国有企业,工业,交通运输,工业--交通运输--航空客运Ⅲ--航空客运Ⅳ,2024,,,,,,,,,,345750173000.0,,0.017834,-232557000.0,6398748000.0,target_year,,,,,,,,,,SOE_target,0.012565,-0.0056489999999999995,26.538228,0.11608,0.114556,0.447754,-0.23259,0.351136,0.894822,0.293107,0.028784,True,CSI_nonSOE,0.006470306237945256,-0.0056489999999999995,0.012119306237945255,4190252228.409551,4190252228.409551,0,2,"FinancialLeverage_lag, CurrentRatio_lag",
601111.SH,中国国航,CSI,中央国有企业,工业,交通运输,工业--交通运输--航空客运Ⅲ--航空客运Ⅳ,2025,,,,,,,,,,343010455000.0,,0.010977,-1787943000.0,5553051000.0,target_year,,,,,,,,,,SOE_target,0.009768,-0.040801,26.568982,0.12001,0.116886,0.48955,-0.280326,0.353379,0.881631,0.29567,0.026481,True,CSI_nonSOE,0.010089091925591126,-0.040801,0.05089009192559112,17455833586.388836,17455833586.388836,0,2,"FinancialLeverage_lag, CurrentRatio_lag",
601117.SH,中国化学,CSI,中央国有企业,工业,建筑,工业--建筑--建筑与工程Ⅲ--建筑与工程Ⅳ,2019,,,,,,,,,,115865000000.0,,0.028923341,3061407369.0,289806779.8,target_year,,,,,,,,,,SOE_target,0.038437,0.09006299999999999,25.29821051,0.019913202,0.178025019,0.878292587,0.21952137,0.111219633,0.63906894,1.387030531,0.010159534,True,CSI_nonSOE,0.11230089270484293,0.09006299999999999,0.022237892704842943,2576593438.246628,2576593438.246628,1,0,,
601117.SH,中国化学,CSI,中央国有企业,工业,建筑,工业--建筑--建筑与工程Ⅲ--建筑与工程Ⅳ,2020,,,,,,,,,,136008000000.0,,0.030814922,3658838010.0,532242625.5,target_year,,,,,,,,,,SOE_target,0.03608,0.10051299999999999,25.47569493,0.021861497,0.179054819,0.970062543,0.153063024,0.082862011,0.675556122,1.25315949,0.006583871,True,CSI_nonSOE,0.10776927160607966,0.10051299999999999,0.007256271606079667,986910988.5996834,986910988.5996834,1,0,,
601117.SH,中国化学,CSI,中央国有企业,工业,建筑,工业--建筑--建筑与工程Ⅲ--建筑与工程Ⅳ,2021,,,,,,,,,,177896000000.0,,0.02864568,4633424156.0,462528943.3,target_year,,,,,,,,,,SOE_target,0.038491,0.10793,25.63598067,0.020410956,0.179498397,0.866772612,0.13346452,0.087295556,0.700576858,1.206806431,0.006452369,True,CSI_nonSOE,0.09211201203475616,0.10793,-0.015817987965243835,-2813956787.065017,0.0,1,0,,
601117.SH,中国化学,CSI,中央国有企业,工业,建筑,工业--建筑--建筑与工程Ⅲ--建筑与工程Ⅳ,2022,,,,,,,,,,194566000000.0,,0.025998681,5415214019.0,-356763819.8,target_year,,,,,,,,,,SOE_target,0.036001,0.10713800000000001,25.90446519,0.022285355,0.17910201,0.872286223,0.12086578,0.084982363,0.704877319,1.184472444,0.021539793,True,CSI_nonSOE,0.08299957403870574,0.10713800000000001,-0.02413842596129427,-4696516985.585181,0.0,1,0,,
601117.SH,中国化学,CSI,中央国有企业,工业,建筑,工业--建筑--建筑与工程Ⅲ--建筑与工程Ⅳ,2023,,,,,,,,,,219115319747.0,,0.023994,5426141014.95,-168615955.65,target_year,,,,,,,,,,SOE_target,0.033386,0.09831300000000001,25.994035,0.02301,0.173049,0.844108,0.1213,0.088868,0.700228,1.185803,0.015632,True,CSI_nonSOE,0.07794297114576687,0.09831300000000001,-0.02037002885423314,-4463385385.65091,0.0,1,0,,
601117.SH,中国化学,CSI,中央国有企业,工业,建筑,工业--建筑--建筑与工程Ⅲ--建筑与工程Ⅳ,2024,,,,,,,,,,233421377309.4,,0.025317,5687933905.73,221671999.73,target_year,,,,,,,,,,SOE_target,0.033504,0.09498,26.112864,0.024201,0.176169,0.859609,0.11793,0.094952,0.707587,1.180015,0.015217,True,CSI_nonSOE,0.07870094747060136,0.09498,-0.016279052529398638,-3799878862.704302,0.0,1,0,,
601117.SH,中国化学,CSI,中央国有企业,工业,建筑,工业--建筑--建筑与工程Ⅲ--建筑与工程Ⅳ,2025,,,,,,,,,,247353213805.61,,0.026946,6436145919.35,229081690.59,target_year,,,,,,,,,,SOE_target,0.036042,0.099426,26.176111,0.026149,0.174423,0.818796,0.08385,0.099532,0.704835,1.125799,0.012938,True,CSI_nonSOE,0.0729931814183662,0.099426,-0.026432818581633807,-6538242626.107768,0.0,1,0,,
601186.SH,中国铁建,CSI,中央国有企业,工业,建筑,工业--建筑--建筑与工程Ⅲ--建筑与工程Ⅳ,2019,,,,,,,,,,1081240000000.0,,0.024870217,20197378000.0,6693276000.0,target_year,,,,,,,,,,SOE_target,0.030754,0.106344,27.54510432,0.179441198,0.178025019,0.839435107,0.057684202,0.059639027,0.774063963,1.088617697,0.035240302,True,CSI_nonSOE,0.09099261925105441,0.106344,-0.015351380748945584,-16598526920.989923,0.0,0,1,FirmSize_lag,
601186.SH,中国铁建,CSI,中央国有企业,工业,建筑,工业--建筑--建筑与工程Ⅲ--建筑与工程Ⅳ,2020,,,,,,,,,,1242790000000.0,,0.022541552,22392983000.0,5621495000.0,target_year,,,,,,,,,,SOE_target,0.028767,0.09646800000000001,27.70912892,0.175822099,0.179054819,0.830905085,0.061813243,0.052260934,0.757665491,1.097005706,0.029840757,True,CSI_nonSOE,0.08976407189361722,0.09646800000000001,-0.006703928106382789,-8331574811.331467,0.0,0,1,FirmSize_lag,
601186.SH,中国铁建,CSI,中央国有企业,工业,建筑,工业--建筑--建筑与工程Ⅲ--建筑与工程Ⅳ,2021,,,,,,,,,,1352970000000.0,,0.022695834,24690556000.0,6016226000.0,target_year,,,,,,,,,,SOE_target,0.028597,0.094403,27.84838222,0.170216618,0.179498397,0.783401225,0.073337434,0.051226586,0.747633644,1.118425578,0.025256172,True,CSI_nonSOE,0.08592587750065839,0.094403,-0.008477122499341613,-11469292427.934223,0.0,0,1,FirmSize_lag,
601186.SH,中国铁建,CSI,中央国有企业,工业,建筑,工业--建筑--建筑与工程Ⅲ--建筑与工程Ⅳ,2022,,,,,,,,,,1523950000000.0,,0.02151334,26642094000.0,6143183000.0,target_year,,,,,,,,,,SOE_target,0.027513,0.095274,27.9333233,0.166034342,0.17910201,0.785903995,0.056408052,0.052064362,0.743901938,1.091719883,0.024298731,True,CSI_nonSOE,0.08427105142909865,0.095274,-0.011002948570901352,-16767943474.625116,0.0,0,1,FirmSize_lag,
601186.SH,中国铁建,CSI,中央国有企业,工业,建筑,工业--建筑--建筑与工程Ⅲ--建筑与工程Ⅳ,2023,,,,,,,,,,1663019578000.0,,0.020178,26096971000.0,7459090000.0,target_year,,,,,,,,,,SOE_target,0.026402000000000002,0.086943,28.052327,0.16047,0.173049,0.762143,0.049486,0.048347,0.746701,1.080689,0.019856,True,CSI_nonSOE,0.08118023569111173,0.086943,-0.00576276430888828,-9583589869.080849,0.0,0,1,FirmSize_lag,
601186.SH,中国铁建,CSI,中央国有企业,工业,建筑,工业--建筑--建筑与工程Ⅲ--建筑与工程Ⅳ,2024,,,,,,,,,,1862842522000.0,,0.017098,22215074000.0,9635257000.0,target_year,,,,,,,,,,SOE_target,0.021749,0.06963,28.139656,0.154893,0.176169,0.714154,0.040108,0.047552,0.749179,1.06683,0.020998,True,CSI_nonSOE,0.07574868254498204,0.06963,0.006118682544982046,11398142023.411734,11398142023.411734,0,1,FirmSize_lag,
601186.SH,中国铁建,CSI,中央国有企业,工业,建筑,工业--建筑--建筑与工程Ⅲ--建筑与工程Ⅳ,2025,,,,,,,,,,2083825209000.0,,0.015085,18362618000.0,13072638000.0,target_year,,,,,,,,,,SOE_target,0.018279,0.054934000000000004,28.253125,0.150621,0.174423,0.605339,0.01676,0.04286,0.773144,1.028057,0.020371,True,CSI_nonSOE,0.0646252194493815,0.054934000000000004,0.009691219449381498,20194807394.572266,20194807394.572266,0,1,FirmSize_lag,
601225.SH,陕西煤业,CSI,地方国有企业,能源,煤炭Ⅱ,能源--煤炭Ⅱ--煤炭Ⅲ--煤炭与消费用燃料,2019,,,,,,,,,,126684000000.0,,0.098061525,11643397961.0,779381426.5,target_year,,,,,,,,,,SOE_target,0.161265,0.213801,25.51516149,0.104323389,0.3281903,0.481035865,0.023440984,0.436528856,0.449190309,1.098515116,0.036689981,True,CSI_nonSOE,0.11441118073986326,0.213801,-0.09938981926013674,-12591099863.151163,0.0,1,0,,
601225.SH,陕西煤业,CSI,地方国有企业,能源,煤炭Ⅱ,能源--煤炭Ⅱ--煤炭Ⅲ--煤炭与消费用燃料,2020,,,,,,,,,,148912000000.0,,0.100237638,14882641695.0,43980183.04,target_year,,,,,,,,,,SOE_target,0.174229,0.231661,25.56495786,0.12915651,0.293470907,0.564600682,0.054510991,0.439341317,0.39873896,1.247457596,0.038178355,True,CSI_nonSOE,0.12690559252935385,0.231661,-0.10475540747064616,-15599337237.26886,0.0,1,0,,
601225.SH,陕西煤业,CSI,地方国有企业,能源,煤炭Ⅱ,能源--煤炭Ⅱ--煤炭Ⅲ--煤炭与消费用燃料,2021,,,,,,,,,,185407000000.0,,0.113549493,21139687861.0,-86779774.34,target_year,,,,,,,,,,SOE_target,0.243413,0.271687,25.72662369,0.16038508,0.275297772,0.659401984,0.107688959,0.403718514,0.39783739,1.411395469,0.055749205,True,CSI_nonSOE,0.13793372228966772,0.271687,-0.1337532777103323,-24798793960.43958,0.0,1,0,,
601225.SH,陕西煤业,CSI,地方国有企业,能源,煤炭Ⅱ,能源--煤炭Ⅱ--煤炭Ⅲ--煤炭与消费用燃料,2022,,,,,,,,,,215260000000.0,,0.16034107,35122944094.0,-607952085.2,target_year,,,,,,,,,,SOE_target,0.319782,0.37351300000000004,25.94582102,0.166631218,0.269530745,0.85877972,0.196678798,0.349646573,0.381809852,1.767717225,0.042977561,True,CSI_nonSOE,0.15213305256625978,0.37351300000000004,-0.22137994743374026,-47654247484.58693,0.0,1,0,,
601225.SH,陕西煤业,CSI,地方国有企业,能源,煤炭Ⅱ,能源--煤炭Ⅱ--煤炭Ⅲ--煤炭与消费用燃料,2023,,,,,,,,,,193901834023.3,,0.107386,21239015394.53,-416754788.59,target_year,,,,,,,,,,SOE_target,0.20664000000000002,0.221275,26.095112,0.167115,0.250024,0.775475,0.145327,0.384026,0.359299,1.616833,0.047264,True,CSI_nonSOE,0.1419693337777482,0.221275,-0.0793056662222518,-15377514128.934296,0.0,1,0,,
601225.SH,陕西煤业,CSI,地方国有企业,能源,煤炭Ⅱ,能源--煤炭Ⅱ--煤炭Ⅲ--煤炭与消费用燃料,2024,,,,,,,,,,228552861117.95,,0.099353,22359786564.16,347711903.42,target_year,,,,,,,,,,SOE_target,0.209174,0.24861799999999998,25.990618,0.185843,0.263234,0.780946,0.047082,0.456536,0.360052,1.221613,0.056212,True,CSI_nonSOE,0.13920219373159404,0.24861799999999998,-0.10941580626840594,-25007295574.17151,0.0,1,0,,
601225.SH,陕西煤业,CSI,地方国有企业,能源,煤炭Ⅱ,能源--煤炭Ⅱ--煤炭Ⅲ--煤炭与消费用燃料,2025,,,,,,,,,,236269289914.48,,0.071676,16764763168.36,170032743.71,target_year,,,,,,,,,,SOE_target,0.13987,0.17881,26.155033,0.201894,0.263097,0.823164,-0.024704,0.483405,0.437124,0.902357,0.060788,True,CSI_nonSOE,0.13954950173416295,0.17881,-0.03926049826583705,-9276050046.957994,0.0,1,0,,
601238.SH,广汽集团,CSI,地方国有企业,可选消费,汽车与零配件,可选消费--汽车与零配件--汽车--汽车制造,2019,,,,,,,,,,137464000000.0,,0.051888271,6616265000.0,516481000.0,target_year,,,,,,,,,,SOE_target,0.04707,0.08439500000000001,25.60738325,0.048609696,0.376606004,0.574830016,0.196102639,0.12346167,0.410059095,1.643304855,0.074538305,True,CSI_nonSOE,0.08498395624312365,0.08439500000000001,0.0005889562431236339,80960281.00474721,80960281.00474721,1,0,,
601238.SH,广汽集团,CSI,地方国有企业,可选消费,汽车与零配件,可选消费--汽车与零配件--汽车--汽车制造,2020,,,,,,,,,,142861000000.0,,0.044824242,5964055000.0,439567000.0,target_year,,,,,,,,,,SOE_target,0.04066499999999999,0.072483,25.64662464,0.042562766,0.369422071,0.442849115,0.109771804,0.141097817,0.399780921,1.361212832,0.073478685,True,CSI_nonSOE,0.06691161884447168,0.072483,-0.005571381155528327,-795933083.2599323,0.0,1,0,,
601238.SH,广汽集团,CSI,地方国有企业,可选消费,汽车与零配件,可选消费--汽车与零配件--汽车--汽车制造,2021,,,,,,,,,,154251000000.0,,0.051450993,7511030000.0,425316000.0,target_year,,,,,,,,,,SOE_target,0.050627000000000005,0.085993,25.68513578,0.047287381,0.324255792,0.450599529,0.098695612,0.140508983,0.393019667,1.331421417,0.046097755,True,CSI_nonSOE,0.06727185193421997,0.085993,-0.018721148065780027,-2887755810.294635,0.0,1,0,,
601238.SH,广汽集团,CSI,地方国有企业,可选消费,汽车与零配件,可选消费--汽车与零配件--汽车--汽车制造,2022,,,,,,,,,,190075000000.0,,0.043845671,7982930000.0,351026000.0,target_year,,,,,,,,,,SOE_target,0.042034,0.078417,25.76184432,0.049781593,0.289774151,0.50941025,0.078178567,0.126259291,0.399361872,1.245439908,0.04047274,True,CSI_nonSOE,0.0697357267223757,0.078417,-0.008681273277624302,-1650093018.2444391,0.0,1,0,,
601238.SH,广汽集团,CSI,地方国有企业,可选消费,汽车与零配件,可选消费--汽车与零配件--汽车--汽车制造,2023,,,,,,,,,,218448770000.0,,0.022413,4428845000.0,467323000.0,target_year,,,,,,,,,,SOE_target,0.015753,0.038668999999999995,25.970683,0.061175,0.236564,0.638968,0.184684,0.109223,0.356557,1.619242,0.04216,True,CSI_nonSOE,0.08499554575502015,0.038668999999999995,0.046326545755020154,10119976938.532873,10119976938.532873,1,0,,
601238.SH,广汽集团,CSI,地方国有企业,可选消费,汽车与零配件,可选消费--汽车与零配件--汽车--汽车制造,2024,,,,,,,,,,232512366000.0,,0.005963,823579000.0,562994000.0,target_year,,,,,,,,,,SOE_target,-0.003319,0.007156,26.109817,0.061643,0.222276,0.635,0.109483,0.114121,0.430284,1.309821,0.052994,True,CSI_nonSOE,0.07950825725320182,0.007156,0.07235225725320182,16822794519.382618,16822794519.382618,1,0,,
601238.SH,广汽集团,CSI,地方国有企业,可选消费,汽车与零配件,可选消费--汽车与零配件--汽车--汽车制造,2025,,,,,,,,,,214997433000.0,,-0.037883,-8783621000.0,638948000.0,target_year,,,,,,,,,,SOE_target,-0.052878,-0.079962,26.172209,0.04632,0.204324,0.478018,0.087342,0.122127,0.476025,1.22371,0.046704,True,CSI_nonSOE,0.0639794299193565,-0.079962,0.1439414299193565,30947037935.011044,30947037935.011044,1,0,,
601298.SH,青岛港,CSI,地方国有企业,工业,交通运输,工业--交通运输--交通基础设施--海港与服务,2019,,,,,,,,,,52785301395.0,,0.076096852,3790143318.0,226651944.0,target_year,,,,,,,,,,SOE_target,0.094567,0.132206,24.61029473,0.013480893,0.111099702,0.242543868,0.108784129,0.330942547,0.396717894,1.406157264,0.060536752,True,CSI_nonSOE,0.04883071326614788,0.132206,-0.08337528673385211,-4400989639.140929,0.0,1,0,,
601298.SH,青岛港,CSI,地方国有企业,工业,交通运输,工业--交通运输--交通基础设施--海港与服务,2020,,,,,,,,,,57177364980.0,,0.070826963,3841863143.0,207835967.0,target_year,,,,,,,,,,SOE_target,0.09688599999999999,0.12128299999999999,24.68949861,0.012569095,0.108646931,0.239565753,0.168973722,0.319254585,0.363509137,1.813336737,0.044035765,True,CSI_nonSOE,0.04826596986607451,0.12128299999999999,-0.07301703013392548,-4174921381.7231154,0.0,1,0,,
601298.SH,青岛港,CSI,地方国有企业,工业,交通运输,工业--交通运输--交通基础设施--海港与服务,2021,,,,,,,,,,60575556128.0,,0.068009798,3964054012.0,155677343.0,target_year,,,,,,,,,,SOE_target,0.093518,0.116728,24.76942394,0.016617029,0.123286456,0.240434582,0.073048221,0.336444896,0.35742523,1.282351066,0.052256028,True,CSI_nonSOE,0.040438857210637114,0.116728,-0.07628914278936288,-4621257250.994058,0.0,1,0,,
601298.SH,青岛港,CSI,地方国有企业,工业,交通运输,工业--交通运输--交通基础设施--海港与服务,2022,,,,,,,,,,57475910361.0,,0.081422004,4525175176.0,154628607.0,target_year,,,,,,,,,,SOE_target,0.107742,0.125138,24.82715728,0.014623468,0.15352339,0.273440036,0.072342317,0.350636445,0.359731403,1.270789891,0.039981503,True,CSI_nonSOE,0.03873940077225829,0.125138,-0.08639859922774171,-4965838144.529646,0.0,1,0,,
601298.SH,青岛港,CSI,地方国有企业,工业,交通运输,工业--交通运输--交通基础设施--海港与服务,2023,,,,,,,,,,60245860643.0,,0.084406,4923321689.0,161761849.0,target_year,,,,,,,,,,SOE_target,0.11590500000000001,0.126764,24.774632,0.016404,0.180808,0.326345,0.090309,0.429321,0.28184,1.597515,0.051444,True,CSI_nonSOE,0.045588345171842154,0.126764,-0.08117565482815783,-4890497188.381467,0.0,1,0,,
601298.SH,青岛港,CSI,地方国有企业,工业,交通运输,工业--交通运输--交通基础设施--海港与服务,2024,,,,,,,,,,62749753460.0,,0.0854,5234897470.0,123906331.0,target_year,,,,,,,,,,SOE_target,0.11468600000000001,0.1265,24.8217,0.014951,0.114556,0.308747,0.103533,0.42303,0.260718,1.729182,0.045052,True,CSI_nonSOE,0.046371232348714736,0.1265,-0.08012876765128527,-5028060415.171774,0.0,1,0,,
601298.SH,青岛港,CSI,地方国有企业,工业,交通运输,工业--交通运输--交通基础设施--海港与服务,2025,,,,,,,,,,66578767145.0,,0.081146,5271506093.0,131117644.0,target_year,,,,,,,,,,SOE_target,0.110008,0.119534,24.86242,0.013636,0.116886,0.307995,0.131168,0.411668,0.254306,1.979535,0.033242,True,CSI_nonSOE,0.04495480271510652,0.119534,-0.07457919728489348,-4965391009.891939,0.0,1,0,,
601390.SH,中国中铁,CSI,中央国有企业,工业,建筑,工业--建筑--建筑与工程Ⅲ--建筑与工程Ⅳ,2019,,,,,,,,,,1056040000000.0,,0.030053757,23678000000.0,8060000000.0,target_year,,,,,,,,,,SOE_target,0.039075,0.114683,27.57181555,0.181962771,0.178025019,0.828894418,0.031368268,0.068632475,0.764479641,1.047495883,0.020089909,True,CSI_nonSOE,0.08772636687288807,0.114683,-0.026956633127111926,-28467282847.55528,0.0,0,1,FirmSize_lag,
601390.SH,中国中铁,CSI,中央国有企业,工业,建筑,工业--建筑--建筑与工程Ⅲ--建筑与工程Ⅳ,2020,,,,,,,,,,1199980000000.0,,0.02854638,25188000000.0,9067000000.0,target_year,,,,,,,,,,SOE_target,0.035775,0.105719,27.68554813,0.180139218,0.179054819,0.851458605,0.031945729,0.062643401,0.767690838,1.049902816,0.018613861,True,CSI_nonSOE,0.08913378182670272,0.105719,-0.016585218173297278,-19901930103.59327,0.0,0,1,FirmSize_lag,
601390.SH,中国中铁,CSI,中央国有企业,工业,建筑,工业--建筑--建筑与工程Ⅲ--建筑与工程Ⅳ,2021,,,,,,,,,,1361580000000.0,,0.028494837,27618000000.0,11180000000.0,target_year,,,,,,,,,,SOE_target,0.034908999999999996,0.104156,27.81332351,0.182259773,0.179498397,0.864117219,0.030802257,0.061987855,0.739123333,1.052417588,0.035895688,True,CSI_nonSOE,0.09116280927436184,0.104156,-0.012993190725638162,-17691268628.21441,0.0,0,1,FirmSize_lag,
601390.SH,中国中铁,CSI,中央国有企业,工业,建筑,工业--建筑--建筑与工程Ⅲ--建筑与工程Ⅳ,2022,,,,,,,,,,1613020000000.0,,0.026974884,31276000000.0,12235000000.0,target_year,,,,,,,,,,SOE_target,0.032713,0.108559,27.93966691,0.174704149,0.17910201,0.837984085,0.009693151,0.056822221,0.736927687,1.016751707,0.040920842,True,CSI_nonSOE,0.08666392290510302,0.108559,-0.021895077094896978,-35317197255.610725,0.0,0,1,FirmSize_lag,
601390.SH,中国中铁,CSI,中央国有企业,工业,建筑,工业--建筑--建筑与工程Ⅲ--建筑与工程Ⅳ,2023,,,,,,,,,,1829290000000.0,,0.026783,33483000000.0,15511000000.0,target_year,,,,,,,,,,SOE_target,0.031595,0.105713,28.109129,0.168965,0.173049,0.776138,0.015749,0.07331,0.737815,1.029086,0.038164,True,CSI_nonSOE,0.08192970076628207,0.105713,-0.023783299233717928,-43506551455.24787,0.0,0,1,FirmSize_lag,
601390.SH,中国中铁,CSI,中央国有企业,工业,建筑,工业--建筑--建筑与工程Ⅲ--建筑与工程Ⅳ,2024,,,,,,,,,,2256266000000.0,,0.017582,27887000000.0,11783000000.0,target_year,,,,,,,,,,SOE_target,0.021793999999999997,0.08119,28.234949,0.171964,0.176169,0.734049,-0.002704,0.07456,0.748671,0.995106,0.031069,True,CSI_nonSOE,0.07686311235657123,0.08119,-0.00432688764342877,-9762609475.688457,0.0,0,1,FirmSize_lag,
601390.SH,中国中铁,CSI,中央国有企业,工业,建筑,工业--建筑--建筑与工程Ⅲ--建筑与工程Ⅳ,2025,,,,,,,,,,2470432000000.0,,0.014446,22892000000.0,12796000000.0,target_year,,,,,,,,,,SOE_target,0.016576,0.063108,28.444732,0.163766,0.174423,0.568006,-0.005365,0.064425,0.773966,0.990516,0.025456,True,CSI_nonSOE,0.06201740041551969,0.063108,-0.001090599584480309,-2694252112.6868587,0.0,0,1,FirmSize_lag,
601600.SH,中国铝业,CSI,中央国有企业,材料,有色金属,材料--有色金属--其他金属与采矿--铝,2019,,,,,,,,,,203071000000.0,,0.028138373,850999000.0,4863079000.0,target_year,,,,,,,,,,SOE_target,0.033251,0.015895,26.02595421,0.229574015,0.167062795,0.898902434,-0.078920896,0.528651052,0.663129674,0.787911317,0.034110686,True,CSI_nonSOE,0.12628993026168225,0.015895,0.11039493026168226,22418008883.17008,22418008883.17008,1,0,,
601600.SH,中国铝业,CSI,中央国有企业,材料,有色金属,材料--有色金属--其他金属与采矿--铝,2020,,,,,,,,,,194902000000.0,,0.023620612,741004000.0,3862693000.0,target_year,,,,,,,,,,SOE_target,0.029102000000000003,0.013597,26.03681985,0.205405763,0.15478921,0.941085169,-0.10073329,0.508844823,0.651721925,0.704264039,0.044552565,True,CSI_nonSOE,0.12628019688338202,0.013597,0.11268319688338202,21962180438.964924,21962180438.964924,1,0,,
601600.SH,中国铝业,CSI,中央国有企业,材料,有色金属,材料--有色金属--其他金属与采矿--铝,2021,,,,,,,,,,192377000000.0,,0.044704308,5079562000.0,3520514000.0,target_year,,,,,,,,,,SOE_target,0.06932100000000001,0.091034,25.99576108,0.167808698,0.159708925,0.934709429,-0.084265737,0.51635343,0.634832729,0.737757281,0.025853527,True,CSI_nonSOE,0.12170641918306865,0.091034,0.03067241918306865,5900667985.181198,5900667985.181198,1,0,,
601600.SH,中国铝业,CSI,中央国有企业,材料,有色金属,材料--有色金属--其他金属与采矿--铝,2022,,,,,,,,,,212348000000.0,,0.03776659,4191927000.0,3827734000.0,target_year,,,,,,,,,,SOE_target,0.081831,0.075079,25.98272229,0.180693598,0.168216562,1.393044931,-0.01802061,0.485645784,0.621661966,0.933562737,0.011100876,True,CSI_nonSOE,0.1637697561378501,0.075079,0.0886907561378501,18833304684.360195,18833304684.360195,1,0,,
601600.SH,中国铝业,CSI,中央国有企业,材料,有色金属,材料--有色金属--其他金属与采矿--铝,2023,,,,,,,,,,211755809000.0,,0.047425,6716945000.0,3325573000.0,target_year,,,,,,,,,,SOE_target,0.084984,0.116958,26.081492,0.169857,0.153058,1.437954,-0.036877,0.514612,0.586735,0.874439,0.022375,True,CSI_nonSOE,0.16629622292670904,0.116958,0.04933822292670903,10447655310.467619,10447655310.467619,1,0,,
601600.SH,中国铝业,CSI,中央国有企业,材料,有色金属,材料--有色金属--其他金属与采矿--铝,2024,,,,,,,,,,215895530000.0,,0.070221,12400160000.0,2760298000.0,target_year,,,,,,,,,,SOE_target,0.115569,0.19128799999999999,26.0787,0.12989,0.159476,1.061395,-0.001253,0.494956,0.533004,0.995482,0.031685,True,CSI_nonSOE,0.13403838272239238,0.19128799999999999,-0.057249617277607606,-12359936464.44625,0.0,1,0,,
601600.SH,中国铝业,CSI,中央国有企业,材料,有色金属,材料--有色金属--其他金属与采矿--铝,2025,,,,,,,,,,227021733000.0,,0.066142,12673918000.0,2341729000.0,target_year,,,,,,,,,,SOE_target,0.1257,0.17588499999999999,26.09806,0.132426,0.15747,1.108686,0.059533,0.492976,0.481042,1.278215,0.047985,True,CSI_nonSOE,0.143309114781472,0.17588499999999999,-0.03257588521852797,-7395433916.319304,0.0,1,0,,
601607.SH,上海医药,CSI,地方国有企业,医疗保健,医药生物,医疗保健--医药生物--制药--西药,2019,,,,,,,,,,137026000000.0,,0.040037592,4080994000.0,1405213000.0,target_year,,,,,,,,,,SOE_target,0.056336000000000004,0.101174,25.56650233,0.502594113,0.277672488,1.438221312,0.19363372,0.086756652,0.634035975,1.357563694,0.01531411,True,CSI_nonSOE,0.18318780130271056,0.101174,0.08201380130271056,11238023137.305218,11238023137.305218,1,0,,
601607.SH,上海医药,CSI,地方国有企业,医疗保健,医药生物,医疗保健--医药生物--制药--西药,2020,,,,,,,,,,149186000000.0,,0.039602396,4496216959.0,1411892516.0,target_year,,,,,,,,,,SOE_target,0.057992,0.103345,25.64343942,0.501901176,0.276190471,1.413882127,0.171382593,0.086848347,0.639588215,1.314765861,0.020091932,True,CSI_nonSOE,0.17710041505875318,0.103345,0.07375541505875317,11003275350.95515,11003275350.95515,1,0,,
601607.SH,上海医药,CSI,地方国有企业,医疗保健,医药生物,医疗保健--医药生物--制药--西药,2021,,,,,,,,,,163436000000.0,,0.040454463,5093467261.0,1518228463.0,target_year,,,,,,,,,,SOE_target,0.05965,0.107555,25.72845738,0.479965502,0.256105921,1.341027781,0.130239979,0.081964446,0.633069751,1.220461562,0.02017601,True,CSI_nonSOE,0.16631837228005847,0.107555,0.05876337228005847,9604050511.963636,9604050511.963636,1,0,,
601607.SH,上海医药,CSI,地方国有企业,医疗保健,医药生物,医疗保健--医药生物--制药--西药,2022,,,,,,,,,,198135000000.0,,0.036876042,5617152003.0,1689278923.0,target_year,,,,,,,,,,SOE_target,0.055642,0.096496,25.81968431,0.450773824,0.230275265,1.380739908,0.150947055,0.081978808,0.638596224,1.268666382,0.025201203,True,CSI_nonSOE,0.16961404252606535,0.096496,0.07311804252606535,14487243355.901958,14487243355.901958,1,0,,
601607.SH,上海医药,CSI,地方国有企业,医疗保健,医药生物,医疗保健--医药生物--制药--西药,2023,,,,,,,,,,211972533766.8,,0.026668,3767999581.18,1884984092.73,target_year,,,,,,,,,,SOE_target,0.041343,0.05558,26.012214,0.428444,0.212266,1.283187,0.195936,0.072257,0.606316,1.350722,0.013551,True,CSI_nonSOE,0.15981488731928167,0.05558,0.10423488731928168,22094933171.965027,22094933171.965027,1,0,,
601607.SH,上海医药,CSI,地方国有企业,医疗保健,医药生物,医疗保健--医药生物--制药--西药,2024,,,,,,,,,,221209430148.17,,0.028974,4552528438.69,1856737428.35,target_year,,,,,,,,,,SOE_target,0.043189000000000005,0.064943,26.079723,0.433857,0.216978,1.2694,0.188996,0.074183,0.621054,1.327379,0.014014,True,CSI_nonSOE,0.1578648183968654,0.064943,0.09292181839686539,20555182495.902332,20555182495.902332,1,0,,
601607.SH,上海医药,CSI,地方国有企业,医疗保健,医药生物,医疗保健--医药生物--制药--西药,2025,,,,,,,,,,233148766767.21,,0.031784,5724557508.41,1685890506.64,target_year,,,,,,,,,,SOE_target,0.048863000000000004,0.077586,26.122376,0.454225,0.230555,1.270833,0.206975,0.07712,0.621434,1.36326,0.010853,True,CSI_nonSOE,0.15851645388631191,0.077586,0.08093045388631191,18868835517.50418,18868835517.50418,1,0,,
601618.SH,中国中冶,CSI,中央国有企业,工业,建筑,工业--建筑--建筑与工程Ⅲ--建筑与工程Ⅳ,2019,,,,,,,,,,458506000000.0,,0.023484279,6599712000.0,4167976000.0,target_year,,,,,,,,,,SOE_target,0.025755,0.072567,26.80757353,0.071158446,0.178025019,0.678479116,0.096500586,0.070059014,0.766083987,1.142580396,0.012747792,True,CSI_nonSOE,0.06719446532708202,0.072567,-0.0053725346729179835,-2463339382.740933,0.0,1,0,,
601618.SH,中国中冶,CSI,中央国有企业,工业,建筑,工业--建筑--建筑与工程Ⅲ--建筑与工程Ⅳ,2020,,,,,,,,,,506393000000.0,,0.020525204,7862185000.0,2531634000.0,target_year,,,,,,,,,,SOE_target,0.026345999999999998,0.080291,26.85123968,0.071695852,0.179054819,0.75468974,0.090538407,0.066624521,0.74502961,1.135695417,0.008963835,True,CSI_nonSOE,0.07270831076433845,0.080291,-0.007582689235661549,-3839820750.114359,0.0,1,0,,
601618.SH,中国中冶,CSI,中央国有企业,工业,建筑,工业--建筑--建筑与工程Ⅲ--建筑与工程Ⅳ,2021,,,,,,,,,,543470000000.0,,0.019399573,8374970000.0,2168119000.0,target_year,,,,,,,,,,SOE_target,0.025741,0.081553,26.95057881,0.074815232,0.179498397,0.829339755,0.113473741,0.058452096,0.72283322,1.173188123,0.007391542,True,CSI_nonSOE,0.0809837475103361,0.081553,-0.000569252489663899,-309371650.5576392,0.0,0,1,FirmSize_lag,
601618.SH,中国中冶,CSI,中央国有企业,工业,建筑,工业--建筑--建筑与工程Ⅲ--建筑与工程Ⅳ,2022,,,,,,,,,,585384000000.0,,0.022109459,10272357000.0,2670175000.0,target_year,,,,,,,,,,SOE_target,0.027708,0.08987099999999999,27.02124061,0.081481622,0.17910201,0.953594125,0.098305267,0.054275288,0.721442365,1.148864632,0.006534642,True,CSI_nonSOE,0.09050667530996338,0.08987099999999999,0.0006356753099633905,372114155.6476094,372114155.6476094,0,1,FirmSize_lag,
601618.SH,中国中冶,CSI,中央国有企业,工业,建筑,工业--建筑--建筑与工程Ⅲ--建筑与工程Ⅳ,2023,,,,,,,,,,661602236000.0,,0.017156,8670405000.0,2679906000.0,target_year,,,,,,,,,,SOE_target,0.023165,0.065047,27.095535,0.086751,0.173049,1.050036,0.089447,0.050375,0.723414,1.135705,0.007369,True,CSI_nonSOE,0.09842786578958806,0.065047,0.03338086578958807,22084855446.007374,22084855446.007374,0,1,FirmSize_lag,
601618.SH,中国中冶,CSI,中央国有企业,工业,建筑,工业--建筑--建筑与工程Ⅲ--建筑与工程Ⅳ,2024,,,,,,,,,,808015755000.0,,0.012548,6745954000.0,3392681000.0,target_year,,,,,,,,,,SOE_target,0.013515999999999999,0.045195,27.21793,0.086276,0.176169,1.016643,0.053379,0.047697,0.746084,1.078686,0.006946,True,CSI_nonSOE,0.09234379836123943,0.045195,0.04714879836123943,38096971905.199646,38096971905.199646,0,1,FirmSize_lag,
601618.SH,中国中冶,CSI,中央国有企业,工业,建筑,工业--建筑--建筑与工程Ⅲ--建筑与工程Ⅳ,2025,,,,,,,,,,839488682000.0,,0.005927,1321768000.0,3654143000.0,target_year,,,,,,,,,,SOE_target,0.006326000000000001,0.008561,27.417847,0.077913,0.174423,0.751249,0.032347,0.040738,0.774341,1.045565,0.008493,True,CSI_nonSOE,0.06832579367028445,0.008561,0.05976479367028445,50171867868.269035,50171867868.269035,0,1,FirmSize_lag,
601668.SH,中国建筑,CSI,中央国有企业,工业,建筑,工业--建筑--建筑与工程Ⅲ--建筑与工程Ⅳ,2019,,,,,,,,,,2034450000000.0,,0.025735582,41881399000.0,10476405000.0,target_year,,,,,,,,,,SOE_target,0.045323,0.16072399999999998,28.25258652,0.290775892,0.178025019,0.693343498,0.158678508,0.023618232,0.769440883,1.27699336,0.010003014,True,CSI_nonSOE,0.09909700006624896,0.16072399999999998,-0.06162699993375102,-125377050015.21977,0.0,0,1,FirmSize_lag,
601668.SH,中国建筑,CSI,中央国有企业,工业,建筑,工业--建筑--建筑与工程Ⅲ--建筑与工程Ⅳ,2020,,,,,,,,,,2192170000000.0,,0.0240592,44944250000.0,7797699000.0,target_year,,,,,,,,,,SOE_target,0.044617000000000004,0.155619,28.34124758,0.296959904,0.179054819,0.719975045,0.155215417,0.023416778,0.753331444,1.275613753,0.010045355,True,CSI_nonSOE,0.10161750578732665,0.155619,-0.05400149421267336,-118380455568.19617,0.0,0,1,FirmSize_lag,
601668.SH,中国建筑,CSI,中央国有企业,工业,建筑,工业--建筑--建筑与工程Ⅲ--建筑与工程Ⅳ,2021,,,,,,,,,,2388250000000.0,,0.026183115,51407661000.0,11124140000.0,target_year,,,,,,,,,,SOE_target,0.044051,0.15957100000000002,28.41591479,0.299012106,0.179498397,0.756692397,0.174080774,0.022835803,0.736747565,1.319072419,0.022579294,True,CSI_nonSOE,0.10687495226504856,0.15957100000000002,-0.05269604773495146,-125851336002.99782,0.0,0,1,FirmSize_lag,
601668.SH,中国建筑,CSI,中央国有企业,工业,建筑,工业--建筑--建筑与工程Ⅲ--建筑与工程Ⅳ,2022,,,,,,,,,,2652900000000.0,,0.026621424,50950301000.0,19673762000.0,target_year,,,,,,,,,,SOE_target,0.035244,0.139931,28.50158163,0.305461088,0.17910201,0.81938288,0.183999738,0.019747785,0.732145905,1.344759921,0.013029666,True,CSI_nonSOE,0.11269450219967805,0.139931,-0.027236497800321946,-72255705014.47409,0.0,0,1,FirmSize_lag,
601668.SH,中国建筑,CSI,中央国有企业,工业,建筑,工业--建筑--建筑与工程Ⅲ--建筑与工程Ⅳ,2023,,,,,,,,,,2903322519000.0,,0.025089,54264173000.0,18577073000.0,target_year,,,,,,,,,,SOE_target,0.033474,0.133667,28.606676,0.299083,0.173049,0.810647,0.167924,0.020296,0.743531,1.31168,0.009781,True,CSI_nonSOE,0.11041306321388704,0.133667,-0.02325393678611297,-67513678326.52427,0.0,0,1,FirmSize_lag,
601668.SH,中国建筑,CSI,中央国有企业,工业,建筑,工业--建筑--建筑与工程Ⅲ--建筑与工程Ⅳ,2024,,,,,,,,,,3189262063000.0,,0.020584,46187099000.0,19462089000.0,target_year,,,,,,,,,,SOE_target,0.032662,0.103815,28.696877,0.306415,0.176169,0.810341,0.157933,0.019567,0.748195,1.288305,0.01173,True,CSI_nonSOE,0.10991203655007743,0.103815,0.006097036550077428,19445047365.88634,19445047365.88634,0,1,FirmSize_lag,
601668.SH,中国建筑,CSI,中央国有企业,工业,建筑,工业--建筑--建筑与工程Ⅲ--建筑与工程Ⅳ,2025,,,,,,,,,,3560679818000.0,,0.015927,39069002000.0,17641773000.0,target_year,,,,,,,,,,SOE_target,0.026034,0.081928,28.790811,0.307315,0.174423,0.714762,0.162218,0.018002,0.758107,1.293695,0.00621,True,CSI_nonSOE,0.10267130545724791,0.081928,0.02074330545724791,73860269100.23189,73860269100.23189,0,1,FirmSize_lag,
601669.SH,中国电建,CSI,中央国有企业,工业,建筑,工业--建筑--建筑与工程Ⅲ--建筑与工程Ⅳ,2019,,,,,,,,,,813228000000.0,,0.021953092,7239365377.0,10613495264.0,target_year,,,,,,,,,,SOE_target,0.027473,0.074761,27.29310223,0.071786436,0.178025019,0.453133935,-0.01854785,0.153011793,0.799690811,0.96258388,0.081485557,True,CSI_nonSOE,0.04441982808807063,0.074761,-0.030341171911929365,-24674290551.594494,0.0,0,1,FirmSize_lag,
601669.SH,中国电建,CSI,中央国有企业,工业,建筑,工业--建筑--建筑与工程Ⅲ--建筑与工程Ⅳ,2020,,,,,,,,,,886543000000.0,,0.019807332,7987168431.0,9572891922.0,target_year,,,,,,,,,,SOE_target,0.019069,0.07081900000000001,27.42427689,0.073061092,0.179054819,0.452132758,0.02210958,0.139392719,0.762094823,1.050965733,0.096349335,True,CSI_nonSOE,0.0480947787354148,0.07081900000000001,-0.022724221264585204,-20145999292.56916,0.0,0,1,FirmSize_lag,
601669.SH,中国电建,CSI,中央国有企业,工业,建筑,工业--建筑--建筑与工程Ⅲ--建筑与工程Ⅳ,2021,,,,,,,,,,963977000000.0,,0.01708308,8632095909.0,7835606959.0,target_year,,,,,,,,,,SOE_target,0.018102,0.07104,27.51059596,0.074592774,0.179498397,0.469386636,0.038978898,0.129357962,0.747435571,1.090530936,0.080311614,True,CSI_nonSOE,0.050006808255979,0.07104,-0.021033191744021004,-20275513077.826134,0.0,0,1,FirmSize_lag,
601669.SH,中国电建,CSI,中央国有企业,工业,建筑,工业--建筑--建筑与工程Ⅲ--建筑与工程Ⅳ,2022,,,,,,,,,,1040080000000.0,,0.01794748,11435443832.0,7231337452.0,target_year,,,,,,,,,,SOE_target,0.019208,0.082608,27.59433366,0.072680712,0.17910201,0.48257162,0.016143212,0.126515766,0.750894566,1.038058291,0.044033759,True,CSI_nonSOE,0.04731657484296148,0.082608,-0.03529142515703852,-36705905477.33263,0.0,0,1,FirmSize_lag,
601669.SH,中国电建,CSI,中央国有企业,工业,建筑,工业--建筑--建筑与工程Ⅲ--建筑与工程Ⅳ,2023,,,,,,,,,,1153774735013.99,,0.020264,12988385293.6,10391264452.69,target_year,,,,,,,,,,SOE_target,0.019068,0.08314,27.670317,0.083366,0.173049,0.568392,-0.054595,0.145382,0.768917,0.87983,0.055525,True,CSI_nonSOE,0.051226845949277455,0.08314,-0.03191315405072255,-36820590858.33305,0.0,0,1,FirmSize_lag,
601669.SH,中国电建,CSI,中央国有企业,工业,建筑,工业--建筑--建筑与工程Ⅲ--建筑与工程Ⅳ,2024,,,,,,,,,,1289001336534.82,,0.017271,12015017079.83,10246725711.28,target_year,,,,,,,,,,SOE_target,0.024380000000000002,0.073681,27.77406,0.082524,0.176169,0.552729,-0.074919,0.159919,0.774956,0.84115,0.063848,True,CSI_nonSOE,0.048701662531528134,0.073681,-0.024979337468471863,-32198399382.61454,0.0,0,1,FirmSize_lag,
601669.SH,中国电建,CSI,中央国有企业,工业,建筑,工业--建筑--建筑与工程Ⅲ--建筑与工程Ⅳ,2025,,,,,,,,,,1380267054189.34,,0.015796,10007143581.45,11795542225.98,target_year,,,,,,,,,,SOE_target,0.021762,0.060095,27.884889,0.089088,0.174423,0.516793,-0.055059,0.170322,0.789312,0.882455,0.045842,True,CSI_nonSOE,0.04755219403235594,0.060095,-0.01254280596764406,-17312421844.228542,0.0,0,1,FirmSize_lag,
601698.SH,中国卫通,CSI,中央国有企业,通讯服务,电信服务,通讯服务--电信服务--多元电信服务--非传统电信运营商,2019,,,,,,,,,,18157405439.0,,0.024849346,446422541.2,4777116.63,target_year,,,,,,,,,,SOE_target,0.043070000000000004,0.042381,23.56516666,0.001994058,0.376451505,0.157733546,0.037744231,0.655058428,0.210461411,1.262196336,0.065116144,True,CSI_nonSOE,0.09853590852082314,0.042381,0.05615490852082314,1019627441.4025415,1019627441.4025415,1,0,,
601698.SH,中国卫通,CSI,中央国有企业,通讯服务,电信服务,通讯服务--电信服务--多元电信服务--非传统电信运营商,2020,,,,,,,,,,18289285775.0,,0.02517721,488789159.5,-28315974.82,target_year,,,,,,,,,,SOE_target,0.040647,0.042714,23.62234433,0.002022361,0.377325617,0.153756745,0.201421555,0.526406664,0.156816488,2.94769589,0.104425995,True,CSI_nonSOE,0.1022327920878327,0.042714,0.0595187920878327,1088556197.4771812,1088556197.4771812,1,0,,
601698.SH,中国卫通,CSI,中央国有企业,通讯服务,电信服务,通讯服务--电信服务--多元电信服务--非传统电信运营商,2021,,,,,,,,,,19108303143.0,,0.027076187,572304982.5,-54924998.8,target_year,,,,,,,,,,SOE_target,0.045194,0.048521999999999996,23.62958125,0.001926959,0.375629725,0.14744811,0.236037739,0.504704231,0.15672958,3.423905895,0.074944516,True,CSI_nonSOE,0.10064669090376376,0.048521999999999996,0.05212469090376376,996014395.0242926,996014395.0242926,1,0,,
601698.SH,中国卫通,CSI,中央国有企业,通讯服务,电信服务,通讯服务--电信服务--多元电信服务--非传统电信运营商,2022,,,,,,,,,,22428111563.0,,0.037206934,920731173.8,-86249910.71,target_year,,,,,,,,,,SOE_target,0.044083,0.06791900000000001,23.6733888,0.001718411,0.374126853,0.139687335,0.232013654,0.484045143,0.174437198,3.049275176,0.070971637,True,CSI_nonSOE,0.10041631308018772,0.06791900000000001,0.03249731308018772,728853363.2601893,728853363.2601893,1,0,,
601698.SH,中国卫通,CSI,中央国有企业,通讯服务,电信服务,通讯服务--电信服务--多元电信服务--非传统电信运营商,2023,,,,,,,,,,22655663962.77,,0.0088,348770555.15,-149399701.62,target_year,,,,,,,,,,SOE_target,0.027014,0.022941,23.833581,0.001644,0.373379,0.130568,0.278289,0.472996,0.143892,4.389044,0.106807,True,CSI_nonSOE,0.09304845630001345,0.022941,0.07010745630001344,1588330971.2176871,1588330971.2176871,1,0,,
601698.SH,中国卫通,CSI,中央国有企业,通讯服务,电信服务,通讯服务--电信服务--多元电信服务--非传统电信运营商,2024,,,,,,,,,,22412943899.49,,0.010881,454492823.77,-210622634.37,target_year,,,,,,,,,,SOE_target,0.019974000000000002,0.029298,23.843676,0.001484,0.374249,0.11526,0.270497,0.48634,0.140534,4.284335,0.072722,True,CSI_nonSOE,0.09115813018629369,0.029298,0.06186013018629369,1386467627.4805484,1386467627.4805484,1,0,,
601698.SH,中国卫通,CSI,中央国有企业,通讯服务,电信服务,通讯服务--电信服务--多元电信服务--非传统电信运营商,2025,,,,,,,,,,22406144635.9,,0.01243,441236300.09,-162717818.39,target_year,,,,,,,,,,SOE_target,0.020058,0.027825000000000003,23.832904,0.001396,0.373264,0.112123,0.325021,0.483047,0.105243,5.843483,0.063943,True,CSI_nonSOE,0.08713865576887596,0.027825000000000003,0.059313655768875956,1328990350.0414193,1328990350.0414193,1,0,,
601728.SH,中国电信,CSI,中央国有企业,通讯服务,电信服务,通讯服务--电信服务--多元电信服务--综合电信业务,2019,,,,,,,,,,703131000000.0,,0.034996324,20517000000.0,4090000000.0,target_year,,,,,,,,,,SOE_target,0.044832000000000004,0.058993000000000004,27.22061683,0.281395769,0.376451505,0.56942599,-0.280253308,0.715182203,0.481295845,0.281959679,0.126405299,True,CSI_nonSOE,0.06506311787277895,0.058993000000000004,0.006070117872778946,4268088050.0049334,4268088050.0049334,0,2,"FirmSize_lag, CurrentRatio_lag",
601728.SH,中国电信,CSI,中央国有企业,通讯服务,电信服务,通讯服务--电信服务--多元电信服务--综合电信业务,2020,,,,,,,,,,715096000000.0,,0.033957678,20850000000.0,3433000000.0,target_year,,,,,,,,,,SOE_target,0.042642,0.058243,27.27880906,0.279955898,0.377325617,0.549916466,-0.272323365,0.667320883,0.495058531,0.276512218,0.118275257,True,CSI_nonSOE,0.06275337214531485,0.058243,0.004510372145314842,3225349079.6260624,3225349079.6260624,0,2,"FirmSize_lag, CurrentRatio_lag",
601728.SH,中国电信,CSI,中央国有企业,通讯服务,电信服务,通讯服务--电信服务--多元电信服务--综合电信业务,2021,,,,,,,,,,762234000000.0,,0.037195927,25948000000.0,2404000000.0,target_year,,,,,,,,,,SOE_target,0.047605,0.065514,27.29568264,0.282239071,0.375629725,0.555004241,-0.261679551,0.653101122,0.487935886,0.309859778,0.124414065,True,CSI_nonSOE,0.06389754872705021,0.065514,-0.0016164512729497926,-1232114119.5856123,0.0,0,2,"FirmSize_lag, CurrentRatio_lag",
601728.SH,中国电信,CSI,中央国有企业,通讯服务,电信服务,通讯服务--电信服务--多元电信服务--综合电信业务,2022,,,,,,,,,,807698000000.0,,0.036491362,27593000000.0,1881000000.0,target_year,,,,,,,,,,SOE_target,0.045591,0.064113,27.35951943,0.289178875,0.374126853,0.595062714,-0.180668928,0.613246064,0.434336437,0.48047323,0.111313586,True,CSI_nonSOE,0.06772049271468332,0.064113,0.0036074927146833163,2913764650.664285,2913764650.664285,0,1,FirmSize_lag,
601728.SH,中国电信,CSI,中央国有企业,通讯服务,电信服务,通讯服务--电信服务--多元电信服务--综合电信业务,2023,,,,,,,,,,835814000000.0,,0.039472,30446000000.0,2545000000.0,target_year,,,,,,,,,,SOE_target,0.047923,0.06959,27.417454,0.291828,0.373379,0.613336,-0.174155,0.584879,0.459666,0.500722,0.111063,True,CSI_nonSOE,0.06887884447150713,0.06959,-0.0007111555284928656,-594393746.8917359,0.0,0,1,FirmSize_lag,
601728.SH,中国电信,CSI,中央国有企业,通讯服务,电信服务,通讯服务--电信服务--多元电信服务--综合电信业务,2024,,,,,,,,,,866625000000.0,,0.040852,33012000000.0,2391000000.0,target_year,,,,,,,,,,SOE_target,0.049718,0.07374399999999999,27.451672,0.293337,0.374249,0.624943,-0.162205,0.5769,0.464992,0.553207,0.107519,True,CSI_nonSOE,0.06960424482106681,0.07374399999999999,-0.004139755178933183,-3587615331.9429693,0.0,0,1,FirmSize_lag,
601728.SH,中国电信,CSI,中央国有企业,通讯服务,电信服务,通讯服务--电信服务--多元电信服务--综合电信业务,2025,,,,,,,,,,870644000000.0,,0.040475,33185000000.0,2054000000.0,target_year,,,,,,,,,,SOE_target,0.049398,0.07267699999999999,27.487872,0.29261,0.373264,0.621951,-0.158375,0.560658,0.473184,0.578175,0.103768,True,CSI_nonSOE,0.06883348663951516,0.07267699999999999,-0.0038435133604848293,-3346331846.2259536,0.0,0,1,FirmSize_lag,
601766.SH,中国中车,CSI,中央国有企业,工业,机械,工业--机械--机械Ⅲ--建筑机械与重型卡车,2019,,,,,,,,,,383572000000.0,,0.03370097,11794929000.0,1131836000.0,target_year,,,,,,,,,,SOE_target,0.04577200000000001,0.089237,26.60246567,0.380955658,0.247583643,0.585569598,0.110528546,0.182542147,0.581328737,1.209801974,0.025459091,True,CSI_nonSOE,0.11345725655193248,0.089237,0.02422025655193248,9290212246.137846,9290212246.137846,1,0,,
601766.SH,中国中车,CSI,中央国有企业,工业,机械,工业--机械--机械Ⅲ--建筑机械与重型卡车,2020,,,,,,,,,,392380000000.0,,0.031464678,11331053000.0,1015069000.0,target_year,,,,,,,,,,SOE_target,0.041803999999999994,0.081251,26.67279445,0.352429015,0.225950341,0.618033228,0.133092456,0.172195044,0.585923161,1.255043233,0.021025562,True,CSI_nonSOE,0.11865240728708054,0.081251,0.03740140728708054,14675564191.30466,14675564191.30466,1,0,,
601766.SH,中国中车,CSI,中央国有企业,工业,机械,工业--机械--机械Ⅲ--建筑机械与重型卡车,2021,,,,,,,,,,426826000000.0,,0.026980396,10302605000.0,1213343000.0,target_year,,,,,,,,,,SOE_target,0.034282,0.070664,26.69549753,0.297815831,0.195497669,0.586778024,0.13312163,0.169134836,0.568934692,1.264487033,0.019816213,True,CSI_nonSOE,0.1172545491013717,0.070664,0.0465905491013717,19886057710.742077,19886057710.742077,1,0,,
601766.SH,中国中车,CSI,中央国有企业,工业,机械,工业--机械--机械Ⅲ--建筑机械与重型卡车,2022,,,,,,,,,,442140000000.0,,0.028952752,11653448000.0,1147726000.0,target_year,,,,,,,,,,SOE_target,0.037285,0.076764,26.77964344,0.282626173,0.187780789,0.551098298,0.15070834,0.152206293,0.572914272,1.298419986,0.013838832,True,CSI_nonSOE,0.11379882231168306,0.076764,0.03703482231168306,16374576336.88755,16374576336.88755,1,0,,
601766.SH,中国中车,CSI,中央国有企业,工业,机械,工业--机械--机械Ⅲ--建筑机械与重型卡车,2023,,,,,,,,,,471791735000.0,,0.027342,11711576000.0,1188098000.0,target_year,,,,,,,,,,SOE_target,0.035874,0.07412,26.814893,0.300995,0.187488,0.513112,0.142605,0.146244,0.568042,1.277266,0.016776,True,CSI_nonSOE,0.11249156053924161,0.07412,0.03837156053924161,18103385121.466335,18103385121.466335,1,0,,
601766.SH,中国中车,CSI,中央国有企业,工业,机械,工业--机械--机械Ⅲ--建筑机械与重型卡车,2024,,,,,,,,,,512823630000.0,,0.02649,12387514000.0,1196993000.0,target_year,,,,,,,,,,SOE_target,0.03497,0.075133,26.879803,0.287662,0.188674,0.512645,0.136035,0.136917,0.583453,1.256302,0.017177,True,CSI_nonSOE,0.11003487954324603,0.075133,0.03490187954324603,17898508561.19017,17898508561.19017,1,0,,
601766.SH,中国中车,CSI,中央国有企业,工业,机械,工业--机械--机械Ⅲ--建筑机械与重型卡车,2025,,,,,,,,,,550774434000.0,,0.025916,13181015000.0,1092976000.0,target_year,,,,,,,,,,SOE_target,0.036116,0.077332,26.963198,0.292016,0.187309,0.500615,0.131796,0.135321,0.590123,1.242508,0.01986,True,CSI_nonSOE,0.10941827953110954,0.077332,0.03208627953110954,17672302447.912643,17672302447.912643,0,1,FirmSize_lag,
601800.SH,中国交建,CSI,中央国有企业,工业,建筑,工业--建筑--建筑与工程Ⅲ--建筑与工程Ⅳ,2019,,,,,,,,,,1120400000000.0,,0.030282042,20094000000.0,13834000000.0,target_year,,,,,,,,,,SOE_target,0.031488,0.094044,27.59069483,0.120098678,0.178025019,0.539853864,0.001700199,0.058684444,0.750454983,1.003403012,0.04009158,True,CSI_nonSOE,0.05543314673274127,0.094044,-0.03861085326725873,-43259600000.63668,0.0,0,1,FirmSize_lag,
601800.SH,中国交建,CSI,中央国有企业,工业,建筑,工业--建筑--建筑与工程Ⅲ--建筑与工程Ⅳ,2020,,,,,,,,,,1304170000000.0,,0.02487101,16475000000.0,15961000000.0,target_year,,,,,,,,,,SOE_target,0.026902,0.06933600000000001,27.74470688,0.116983373,0.179054819,0.531066724,0.002457158,0.051295073,0.735470368,1.005233681,0.05686005,True,CSI_nonSOE,0.05515835040663608,0.06933600000000001,-0.014177649593363928,-18490065270.177433,0.0,0,1,FirmSize_lag,
601800.SH,中国交建,CSI,中央国有企业,工业,建筑,工业--建筑--建筑与工程Ⅲ--建筑与工程Ⅳ,2021,,,,,,,,,,1390840000000.0,,0.026442351,18348000000.0,18429000000.0,target_year,,,,,,,,,,SOE_target,0.024939,0.072605,27.89658717,0.116770883,0.179498397,0.515138979,0.001371755,0.04680375,0.725645986,1.003070148,0.032097834,True,CSI_nonSOE,0.052578914612884095,0.072605,-0.020026085387115908,-27853080599.816288,0.0,0,1,FirmSize_lag,
601800.SH,中国交建,CSI,中央国有企业,工业,建筑,工业--建筑--建筑与工程Ⅲ--建筑与工程Ⅳ,2022,,,,,,,,,,1511350000000.0,,0.02673967,20065000000.0,20348000000.0,target_year,,,,,,,,,,SOE_target,0.021932,0.073996,27.96092684,0.111111515,0.17910201,0.506565848,-0.022871839,0.044015222,0.718619795,0.946906982,0.026560985,True,CSI_nonSOE,0.049129447532329146,0.073996,-0.02486655246767086,-37582064072.01436,0.0,0,1,FirmSize_lag,
601800.SH,中国交建,CSI,中央国有企业,工业,建筑,工业--建筑--建筑与工程Ⅲ--建筑与工程Ⅳ,2023,,,,,,,,,,1684262000000.0,,0.027634,24734000000.0,21809000000.0,target_year,,,,,,,,,,SOE_target,0.022187000000000002,0.084747,28.044024,0.105018,0.173049,0.494436,-0.029834,0.039797,0.718016,0.931822,0.022517,True,CSI_nonSOE,0.04697127476768456,0.084747,-0.03777572523231544,-63624218531.23007,0.0,0,1,FirmSize_lag,
601800.SH,中国交建,CSI,中央国有企业,工业,建筑,工业--建筑--建筑与工程Ⅲ--建筑与工程Ⅳ,2024,,,,,,,,,,1858272000000.0,,0.024677,23854000000.0,22002000000.0,target_year,,,,,,,,,,SOE_target,0.019717,0.077554,28.152349,0.102851,0.176169,0.472927,-0.045148,0.04459,0.727403,0.900232,0.023113,True,CSI_nonSOE,0.043621881280410724,0.077554,-0.033932118719589274,-63055106117.2886,0.0,0,1,FirmSize_lag,
601800.SH,中国交建,CSI,中央国有企业,工业,建筑,工业--建筑--建筑与工程Ⅲ--建筑与工程Ⅳ,2025,,,,,,,,,,2019132000000.0,,0.017665,14995000000.0,20673000000.0,target_year,,,,,,,,,,SOE_target,0.013065,0.048034,28.250668,0.10843,0.174423,0.433725,-0.042988,0.043066,0.748253,0.908054,0.014673,True,CSI_nonSOE,0.04078662857090687,0.048034,-0.0072473714290931315,-14633399568.367672,0.0,0,1,FirmSize_lag,
601808.SH,中海油服,CSI,中央国有企业,能源,石油石化,能源--石油石化--能源设备与服务--石油天然气钻井,2019,,,,,,,,,,76101838000.0,,0.046964858,2502238000.0,1071874000.0,target_year,,,,,,,,,,SOE_target,0.059375,0.07022400000000001,25.03657194,0.003993959,0.452070271,0.29468154,0.062900957,0.689987886,0.53569692,1.276166723,0.032541029,True,CSI_nonSOE,0.13552925966133011,0.07022400000000001,0.0653052596613301,4969850291.294478,4969850291.294478,1,0,,
601808.SH,中海油服,CSI,中央国有企业,能源,石油石化,能源--石油石化--能源设备与服务--石油天然气钻井,2020,,,,,,,,,,75942308000.0,,0.04729003,2703187000.0,888127000.0,target_year,,,,,,,,,,SOE_target,0.055210999999999996,0.071851,25.05533825,0.00538186,0.44417932,0.41217689,0.042059878,0.659880817,0.514988363,1.161423314,0.038244503,True,CSI_nonSOE,0.14374285664940709,0.071851,0.07189185664940709,5459633520.361121,5459633520.361121,1,0,,
601808.SH,中海油服,CSI,中央国有企业,能源,石油石化,能源--石油石化--能源设备与服务--石油天然气钻井,2021,,,,,,,,,,73311708000.0,,0.015423798,313176000.0,817569000.0,target_year,,,,,,,,,,SOE_target,0.023895,0.008183000000000001,25.05323978,0.006705584,0.429200271,0.380485744,0.124394771,0.617823335,0.490550011,1.55978126,0.054926774,True,CSI_nonSOE,0.14741652294491697,0.008183000000000001,0.13923352294491698,10207447377.949053,10207447377.949053,1,0,,
601808.SH,中海油服,CSI,中央国有企业,能源,石油石化,能源--石油石化--能源设备与服务--石油天然气钻井,2022,,,,,,,,,,77184090000.0,,0.040373955,2352625000.0,763602000.0,target_year,,,,,,,,,,SOE_target,0.04813,0.06082,25.01798616,0.005068244,0.425995256,0.390856873,0.04464467,0.590030695,0.478714505,1.14871269,0.050342709,True,CSI_nonSOE,0.14397406606718083,0.06082,0.08315406606718083,6418170919.195231,6418170919.195231,1,0,,
601808.SH,中海油服,CSI,中央国有企业,能源,石油石化,能源--石油石化--能源设备与服务--石油天然气钻井,2023,,,,,,,,,,83245834000.0,,0.047842,3013255000.0,969394000.0,target_year,,,,,,,,,,SOE_target,0.062721,0.074425,25.069459,0.00499,0.418201,0.473238,0.088332,0.571986,0.483079,1.320206,0.053665,True,CSI_nonSOE,0.1515811742519643,0.074425,0.07715617425196429,6422930073.854094,6422930073.854094,1,0,,
601808.SH,中海油服,CSI,中央国有企业,能源,石油石化,能源--石油石化--能源设备与服务--石油天然气钻井,2024,,,,,,,,,,82947663000.0,,0.04698,3136992000.0,759921000.0,target_year,,,,,,,,,,SOE_target,0.063888,0.073431,25.145064,0.006444,0.410755,0.549053,0.082953,0.587758,0.492394,1.295552,0.113805,True,CSI_nonSOE,0.15794041154036326,0.073431,0.08450941154036326,7009858188.778362,7009858188.778362,1,0,,
601808.SH,中海油服,CSI,中央国有企业,能源,石油石化,能源--石油石化--能源设备与服务--石油天然气钻井,2025,,,,,,,,,,84462835000.0,,0.053019,3841741000.0,636403000.0,target_year,,,,,,,,,,SOE_target,0.067563,0.085022,25.141476,0.007259,0.406814,0.580265,-0.011293,0.608334,0.464427,0.968357,0.072709,True,CSI_nonSOE,0.1526874570079086,0.085022,0.06766545700790859,5715216330.458577,5715216330.458577,1,0,,
601816.SH,京沪高铁,CSI,中央国有企业,工业,交通运输,工业--交通运输--铁路公路运输--铁路运输,2019,,,,,,,,,,185151000000.0,,0.070411296,11937249779.0,1099497717.0,target_year,,,,,,,,,,SOE_target,0.09175599999999999,0.07778,25.89209933,0.035751168,0.111099702,0.176202692,0.03661226,0.756071535,0.15671601,2.260657774,0.003739369,True,CSI_nonSOE,-0.00285853216735632,0.07778,-0.08063853216735632,-14930304869.31819,0.0,0,1,FixedAssetsRatio_lag,
601816.SH,京沪高铁,CSI,中央国有企业,工业,交通运输,工业--交通运输--铁路公路运输--铁路运输,2020,,,,,,,,,,300863000000.0,,0.020521067,3228866109.0,2945170117.0,target_year,,,,,,,,,,SOE_target,0.016576,0.01886,25.94443952,0.03393513,0.108646931,0.182018151,0.028729308,0.705225269,0.142462742,1.968147265,0.002679892,True,CSI_nonSOE,-0.0035844302678995354,0.01886,-0.022444430267899534,-6752698623.691057,0.0,1,0,,
601816.SH,京沪高铁,CSI,中央国有企业,工业,交通运输,工业--交通运输--铁路公路运输--铁路运输,2021,,,,,,,,,,295252000000.0,,0.027510617,4815710298.0,3306861251.0,target_year,,,,,,,,,,SOE_target,0.020964,0.025997,26.42992188,0.031568495,0.123286456,0.103345912,-0.013321118,0.766537866,0.307049247,0.718920146,0.016708567,True,CSI_nonSOE,-0.004273247003087843,0.025997,-0.030270247003087843,-8937350968.155691,0.0,0,1,FixedAssetsRatio_lag,
601816.SH,京沪高铁,CSI,中央国有企业,工业,交通运输,工业--交通运输--铁路公路运输--铁路运输,2022,,,,,,,,,,288545000000.0,,0.008071276,-576160740.5,2905087457.0,target_year,,,,,,,,,,SOE_target,-0.00358,-0.003107,26.41109593,0.026490794,0.15352339,0.097847091,0.000961479,0.767963413,0.285003369,1.031638177,0.011694701,True,CSI_nonSOE,-0.007208986317063459,-0.003107,-0.004101986317063459,-1183607641.8570757,0.0,0,1,FixedAssetsRatio_lag,
601816.SH,京沪高铁,CSI,中央国有企业,工业,交通运输,工业--交通运输--铁路公路运输--铁路运输,2023,,,,,,,,,,292219725586.82,,0.047604,11545536011.72,2365430963.91,target_year,,,,,,,,,,SOE_target,0.05272,0.060931,26.388117,0.016464,0.180808,0.066234,-0.011277,0.775856,0.281638,0.650237,0.003807,True,CSI_nonSOE,-0.00889328492966665,0.060931,-0.06982428492966665,-20404033381.44312,0.0,0,2,"AssetTurnover_lag, FixedAssetsRatio_lag",
601816.SH,京沪高铁,CSI,中央国有企业,工业,交通运输,工业--交通运输--铁路公路运输--铁路运输,2024,,,,,,,,,,284662650232.54,,0.051136,12768289200.79,1788199149.18,target_year,,,,,,,,,,SOE_target,0.065529,0.064263,26.400772,0.033355,0.114556,0.139624,-0.001078,0.749455,0.254289,0.978628,0.0051,True,CSI_nonSOE,-0.0037643267254791057,0.064263,-0.0680273267254791,-19364839113.90978,0.0,0,1,FixedAssetsRatio_lag,
601816.SH,京沪高铁,CSI,中央国有企业,工业,交通运输,工业--交通运输--铁路公路运输--铁路运输,2025,,,,,,,,,,287938421202.66,,0.050637,13171912357.24,1408303112.44,target_year,,,,,,,,,,SOE_target,0.066649,0.064329,26.374571,0.030185,0.116886,0.145363,0.01349,0.753939,0.208718,1.470092,0.004145,True,CSI_nonSOE,-0.005447501419932471,0.064329,-0.06977650141993247,-20091335655.900517,0.0,0,1,FixedAssetsRatio_lag,
601857.SH,中国石油,CSI,中央国有企业,能源,石油石化,能源--石油石化--石油天然气--综合性石油天然气,2019,,,,,,,,,,2732910000000.0,,0.027842483,45682000000.0,30409000000.0,target_year,,,,,,,,,,SOE_target,0.050334000000000004,0.037376,28.51984445,0.429492104,0.452070271,0.973184769,-0.063010378,0.701362844,0.420023139,0.738639736,0.113369179,True,CSI_nonSOE,0.1899506602576805,0.037376,0.15257466025768052,416972814764.8177,416972814764.8177,0,1,FirmSize_lag,
601857.SH,中国石油,CSI,中央国有企业,能源,石油石化,能源--石油石化--石油天然气--综合性石油天然气,2020,,,,,,,,,,2488130000000.0,,0.01830052,19006000000.0,26528000000.0,target_year,,,,,,,,,,SOE_target,0.030484,0.015545,28.63638809,0.435873044,0.44417932,0.9745302,-0.071171755,0.652500082,0.471513881,0.705926198,0.119565591,True,CSI_nonSOE,0.18932993566919176,0.015545,0.17378493566919176,432399511986.5861,432399511986.5861,0,1,FirmSize_lag,
601857.SH,中国石油,CSI,中央国有企业,能源,石油石化,能源--石油石化--石油天然气--综合性石油天然气,2021,,,,,,,,,,2502260000000.0,,0.044723135,92170000000.0,19739000000.0,target_year,,,,,,,,,,SOE_target,0.070118,0.07436899999999999,28.54255093,0.448309732,0.429200271,0.740786311,-0.047686894,0.583608306,0.450742848,0.80401805,0.103180868,True,CSI_nonSOE,0.1708985593658071,0.07436899999999999,0.09652955936580712,241542055218.68454,241542055218.68454,0,1,FirmSize_lag,
601857.SH,中国石油,CSI,中央国有企业,能源,石油石化,能源--石油石化--石油天然气--综合性石油天然气,2022,,,,,,,,,,2673490000000.0,,0.063936772,149380000000.0,21554000000.0,target_year,,,,,,,,,,SOE_target,0.08891199999999999,0.113472,28.54821624,0.454262894,0.425995256,1.047753802,-0.014914505,0.583190729,0.436961837,0.927975637,0.106129174,True,CSI_nonSOE,0.19800609792086007,0.113472,0.08453409792086007,226001065450.4402,226001065450.4402,0,1,FirmSize_lag,
601857.SH,中国石油,CSI,中央国有企业,能源,石油石化,能源--石油石化--石油天然气--综合性石油天然气,2023,,,,,,,,,,2752448000000.0,,0.067289,161146000000.0,24063000000.0,target_year,,,,,,,,,,SOE_target,0.093352,0.114471,28.614404,0.453855,0.418201,1.251671,-0.003889,0.558265,0.424776,0.983347,0.091729,True,CSI_nonSOE,0.21407868703335067,0.114471,0.09960768703335067,274164978959.572,274164978959.572,0,1,FirmSize_lag,
601857.SH,中国石油,CSI,中央国有企业,能源,石油石化,能源--石油石化--石油天然气--综合性石油天然气,2024,,,,,,,,,,2752751000000.0,,0.067356,164684000000.0,20731000000.0,target_year,,,,,,,,,,SOE_target,0.092073,0.111224,28.643512,0.440548,0.410755,1.10986,-0.011076,0.552914,0.407664,0.955752,0.10365,True,CSI_nonSOE,0.20287524236116217,0.111224,0.09165124236116216,252293049060.93152,252293049060.93152,0,1,FirmSize_lag,
601857.SH,中国石油,CSI,中央国有企业,能源,石油石化,能源--石油石化--石油天然气--综合性石油天然气,2025,,,,,,,,,,2827777000000.0,,0.061845,157318000000.0,17567000000.0,target_year,,,,,,,,,,SOE_target,0.08457,0.101464,28.643622,0.442325,0.406814,1.067348,-0.016882,0.570633,0.37894,0.92708,0.109945,True,CSI_nonSOE,0.19994748168983625,0.101464,0.09848348168983626,278489324402.4401,278489324402.4401,0,1,FirmSize_lag,
601868.SH,中国能建,CSI,中央国有企业,工业,建筑,工业--建筑--建筑与工程Ⅲ--建筑与工程Ⅳ,2019,,,,,,,,,,421670000000.0,,0.022373373,5078524000.0,4355663000.0,target_year,,,,,,,,,,SOE_target,0.040955000000000005,0.093375,26.68783575,0.055060571,0.178025019,0.611053387,0.080332028,0.089422698,0.755605049,1.138216335,0.041483933,True,CSI_nonSOE,0.06006950077925888,0.093375,-0.03330549922074112,-14043929856.409908,0.0,1,0,,
601868.SH,中国能建,CSI,中央国有企业,工业,建筑,工业--建筑--建筑与工程Ⅲ--建筑与工程Ⅳ,2020,,,,,,,,,,476052000000.0,,0.017142067,4680285000.0,3480229000.0,target_year,,,,,,,,,,SOE_target,0.035304,0.073961,26.76748957,0.052356081,0.179054819,0.609800165,0.094137391,0.091607576,0.731329544,1.17643605,0.034060274,True,CSI_nonSOE,0.06042818615962131,0.073961,-0.013532813840378688,-6442323094.339955,0.0,1,0,,
601868.SH,中国能建,CSI,中央国有企业,工业,建筑,工业--建筑--建筑与工程Ⅲ--建筑与工程Ⅳ,2021,,,,,,,,,,528863000000.0,,0.018656423,6504102000.0,3362582000.0,target_year,,,,,,,,,,SOE_target,0.031996000000000004,0.079994,26.88879274,0.050547082,0.179498397,0.602252363,0.076272281,0.086413832,0.710265092,1.143458048,0.031423462,True,CSI_nonSOE,0.05815468832520265,0.079994,-0.021839311674797343,-11550003890.268347,0.0,1,0,,
601868.SH,中国能建,CSI,中央国有企业,工业,建筑,工业--建筑--建筑与工程Ⅲ--建筑与工程Ⅳ,2022,,,,,,,,,,664351000000.0,,0.020211219,7809343000.0,5618003000.0,target_year,,,,,,,,,,SOE_target,0.031312,0.07965,26.99399448,0.052466095,0.17910201,0.641484554,0.074525801,0.089604705,0.716875416,1.145695808,0.026553177,True,CSI_nonSOE,0.061136706204804867,0.07965,-0.018513293795195132,-12299325246.131681,0.0,0,1,FirmSize_lag,
601868.SH,中国能建,CSI,中央国有企业,工业,建筑,工业--建筑--建筑与工程Ⅲ--建筑与工程Ⅳ,2023,,,,,,,,,,783156193000.0,,0.017731,7986116000.0,5899961000.0,target_year,,,,,,,,,,SOE_target,0.025701,0.075214,27.222077,0.05363,0.173049,0.614129,0.055987,0.089218,0.747895,1.108897,0.030079,True,CSI_nonSOE,0.05785069683900415,0.075214,-0.017363303160995852,-13598178401.470377,0.0,0,1,FirmSize_lag,
601868.SH,中国能建,CSI,中央国有企业,工业,建筑,工业--建筑--建筑与工程Ⅲ--建筑与工程Ⅳ,2024,,,,,,,,,,869004776000.0,,0.017443,8396167000.0,6761837000.0,target_year,,,,,,,,,,SOE_target,0.024536,0.074146,27.386598,0.055265,0.176169,0.561008,0.01157,0.106064,0.759623,1.02173,0.039749,True,CSI_nonSOE,0.050833814195758276,0.074146,-0.023312185804241728,-20258400802.885464,0.0,0,1,FirmSize_lag,
601868.SH,中国能建,CSI,中央国有企业,工业,建筑,工业--建筑--建筑与工程Ⅲ--建筑与工程Ⅳ,2025,,,,,,,,,,941597382000.0,,0.013588,5840294000.0,6954227000.0,target_year,,,,,,,,,,SOE_target,0.020983,0.049495,27.490614,0.061638,0.174423,0.528656,0.011594,0.127901,0.763144,1.023043,0.05238,True,CSI_nonSOE,0.05003895941628535,0.049495,0.00054395941628535,512190762.28853375,512190762.28853375,0,1,FirmSize_lag,
601872.SH,招商轮船,CSI,中央国有企业,工业,交通运输,工业--交通运输--海上运输Ⅲ--海上运输Ⅳ,2019,,,,,,,,,,54817643675.0,,0.048220512,1612975362.0,1030359463.0,target_year,,,,,,,,,,SOE_target,0.048766,0.070773,24.63439951,0.012531131,0.111099702,0.248768239,-0.144937503,0.763285164,0.593101964,0.553060102,0.127231869,True,CSI_nonSOE,0.03564141079744254,0.070773,-0.03513158920255746,-1925830938.6422722,0.0,0,1,FixedAssetsRatio_lag,
601872.SH,招商轮船,CSI,中央国有企业,工业,交通运输,工业--交通运输--海上运输Ⅲ--海上运输Ⅳ,2020,,,,,,,,,,58634669141.0,,0.056169586,2777489423.0,515995643.3,target_year,,,,,,,,,,SOE_target,0.06112599999999999,0.10917299999999999,24.72727794,0.015023484,0.108646931,0.277540098,0.025627368,0.720457705,0.530282788,1.131312613,0.07166024,True,CSI_nonSOE,0.04573015708443012,0.10917299999999999,-0.06344284291556987,-3719950103.718875,0.0,1,0,,
601872.SH,招商轮船,CSI,中央国有企业,工业,交通运输,工业--交通运输--海上运输Ⅲ--海上运输Ⅳ,2021,,,,,,,,,,60135535611.0,,0.068015247,3609069039.0,481064278.5,target_year,,,,,,,,,,SOE_target,0.08123200000000001,0.138902,24.79459198,0.022698194,0.123286456,0.318322079,0.10278916,0.672902532,0.556505787,1.634599657,0.02325035,True,CSI_nonSOE,0.04819459584162611,0.138902,-0.09070740415837389,-5454738332.947263,0.0,1,0,,
601872.SH,招商轮船,CSI,中央国有企业,工业,交通运输,工业--交通运输--海上运输Ⅲ--海上运输Ⅳ,2022,,,,,,,,,,65469954370.0,,0.084040716,5085887332.0,416254517.4,target_year,,,,,,,,,,SOE_target,0.101114,0.171097,24.81986678,0.022144272,0.15352339,0.41052282,0.037080611,0.637702484,0.552953965,1.153785552,0.040402073,True,CSI_nonSOE,0.05070333471961477,0.171097,-0.12039366528038523,-7882167772.343874,0.0,1,0,,
601872.SH,招商轮船,CSI,中央国有企业,工业,交通运输,工业--交通运输--海上运输Ⅲ--海上运输Ⅳ,2023,,,,,,,,,,62394661514.41,,0.09434,4836966617.91,1049349709.81,target_year,,,,,,,,,,SOE_target,0.101106,0.138321,24.904857,0.025269,0.180808,0.472482,0.136669,0.633026,0.488315,1.997692,0.041179,True,CSI_nonSOE,0.05621404999606722,0.138321,-0.08210695000393278,-5123035353.475971,0.0,1,0,,
601872.SH,招商轮船,CSI,中央国有企业,工业,交通运输,工业--交通运输--海上运输Ⅲ--海上运输Ⅳ,2024,,,,,,,,,,70619308351.63,,0.087285,5107447941.27,1056539123.01,target_year,,,,,,,,,,SOE_target,0.10538600000000001,0.132773,24.856746,0.021278,0.114556,0.404556,-0.023155,0.703197,0.401566,0.884669,0.071941,True,CSI_nonSOE,0.050169595027246106,0.132773,-0.0826034049727539,-5833395326.665475,0.0,1,0,,
601872.SH,招商轮船,CSI,中央国有企业,工业,交通运输,工业--交通运输--海上运输Ⅲ--海上运输Ⅳ,2025,,,,,,,,,,82054880078.89,,0.087403,6012096267.97,1159711575.55,target_year,,,,,,,,,,SOE_target,0.10524800000000001,0.144784,24.980569,0.018482,0.116886,0.386011,-0.101025,0.665063,0.421558,0.592028,0.106915,True,CSI_nonSOE,0.03974131255119301,0.144784,-0.10504268744880699,-8619265121.77618,0.0,1,0,,
601888.SH,中国中免,CSI,中央国有企业,可选消费,可选消费零售,可选消费--可选消费零售--经销商Ⅲ--经销商Ⅳ,2019,,,,,,,,,,36080230000.0,,0.130492211,4497573000.0,210616000.0,target_year,,,,,,,,,,SOE_target,0.18617,0.249605,24.14778729,1.0,1.0,1.340804305,0.354696241,0.100572764,0.397675149,2.253891129,0.051508655,True,CSI_nonSOE,0.23922689166288352,0.249605,-0.01037810833711647,-374444535.7680798,0.0,0,2,"HHI_lag, MarketShare_lag",
601888.SH,中国中免,CSI,中央国有企业,可选消费,可选消费零售,可选消费--可选消费零售--经销商Ⅲ--经销商Ⅳ,2020,,,,,,,,,,45863816000.0,,0.13404953,5931348000.0,216675000.0,target_year,,,,,,,,,,SOE_target,0.231043,0.28396699999999997,24.30901091,1.0,1.0,1.437757186,0.377254053,0.075365096,0.369845314,2.431739667,0.042022238,True,CSI_nonSOE,0.2418756012169305,0.28396699999999997,-0.04209139878306947,-1930472168.9693222,0.0,0,2,"HHI_lag, MarketShare_lag",
601888.SH,中国中免,CSI,中央国有企业,可选消费,可选消费零售,可选消费--可选消费零售--经销商Ⅲ--经销商Ⅳ,2021,,,,,,,,,,55101329000.0,,0.180547587,9726557000.0,221855000.0,target_year,,,,,,,,,,SOE_target,0.29467,0.38020000000000004,24.54894232,1.0,1.0,1.283749328,0.313407218,0.076801765,0.438851403,1.866473287,0.026899681,True,CSI_nonSOE,0.2175071340431557,0.38020000000000004,-0.16269286595684435,-8964593133.04098,0.0,0,2,"HHI_lag, MarketShare_lag",
601888.SH,中国中免,CSI,中央国有企业,可选消费,可选消费零售,可选消费--可选消费零售--经销商Ⅲ--经销商Ⅳ,2022,,,,,,,,,,75618784000.0,,0.070196024,5113962000.0,194176000.0,target_year,,,,,,,,,,SOE_target,0.12078799999999999,0.131835,24.73243967,1.0,1.0,1.340571838,0.388476311,0.100419465,0.375350874,2.249147766,0.039106988,True,CSI_nonSOE,0.2218031407861158,0.131835,0.08996814078611579,6803281404.986879,6803281404.986879,0,2,"HHI_lag, MarketShare_lag",
601888.SH,中国中免,CSI,中央国有企业,可选消费,可选消费零售,可选消费--可选消费零售--经销商Ⅲ--经销商Ⅳ,2023,,,,,,,,,,78662313000.0,,0.090106,6790027000.0,297894000.0,target_year,,,,,,,,,,SOE_target,0.117281,0.133195,25.048971,1.0,1.0,0.832815,0.525335,0.110924,0.288026,3.272565,0.039612,True,CSI_nonSOE,0.17749963323293116,0.133195,0.044304633232931157,3485104926.719033,3485104926.719033,0,2,"HHI_lag, MarketShare_lag",
601888.SH,中国中免,CSI,中央国有企业,可选消费,可选消费零售,可选消费--可选消费零售--经销商Ⅲ--经销商Ⅳ,2024,,,,,,,,,,76108344000.0,,0.05947,4323643000.0,202501000.0,target_year,,,,,,,,,,SOE_target,0.083054,0.07961599999999999,25.08843,1.0,1.0,0.875546,0.548259,0.107205,0.250282,3.813539,0.022903,True,CSI_nonSOE,0.17793341503809423,0.07961599999999999,0.09831741503809424,7482775644.910049,7482775644.910049,0,2,"HHI_lag, MarketShare_lag",
601888.SH,中国中免,CSI,中央国有企业,可选消费,可选消费零售,可选消费--可选消费零售--经销商Ⅲ--经销商Ⅳ,2025,,,,,,,,,,74891423000.0,,0.051038,3643905000.0,178416000.0,target_year,,,,,,,,,,SOE_target,0.061806,0.066036,25.055424,1.0,1.0,0.729775,0.591149,0.107038,0.201187,5.101675,0.014702,True,CSI_nonSOE,0.1636891203394378,0.066036,0.09765312033943781,7313381142.610741,7313381142.610741,0,2,"HHI_lag, MarketShare_lag",
601898.SH,中煤能源,CSI,中央国有企业,能源,煤炭Ⅱ,能源--煤炭Ⅱ--煤炭Ⅲ--煤炭与消费用燃料,2019,,,,,,,,,,272469000000.0,,0.040662582,6197168000.0,4882121000.0,target_year,,,,,,,,,,SOE_target,0.066093,0.065577,26.30135748,0.199924039,0.3281903,0.40562245,-0.051643698,0.498581841,0.582205584,0.802290686,0.035635828,True,CSI_nonSOE,0.0979268043307847,0.065577,0.0323498043307847,8814318836.204576,8814318836.204576,1,0,,
601898.SH,中煤能源,CSI,中央国有企业,能源,煤炭Ⅱ,能源--煤炭Ⅱ--煤炭Ⅲ--煤炭与消费用燃料,2020,,,,,,,,,,281574000000.0,,0.035577161,5350726000.0,4666871000.0,target_year,,,,,,,,,,SOE_target,0.058464999999999996,0.054136,26.33079033,0.239282422,0.293470907,0.481509395,-0.105136963,0.477110854,0.569782391,0.657633162,0.040171693,True,CSI_nonSOE,0.10679049577148299,0.054136,0.05265449577148299,14826136992.359552,14826136992.359552,1,0,,
601898.SH,中煤能源,CSI,中央国有企业,能源,煤炭Ⅱ,能源--煤炭Ⅱ--煤炭Ⅲ--煤炭与消费用燃料,2021,,,,,,,,,,321329000000.0,,0.058533792,14714915000.0,4093691000.0,target_year,,,,,,,,,,SOE_target,0.104012,0.13738799999999998,26.36366047,0.248811769,0.275297772,0.508846338,-0.02459337,0.474754771,0.560805759,0.899856996,0.036606113,True,CSI_nonSOE,0.11691314322404953,0.13738799999999998,-0.020474856775950456,-6579165252.959384,0.0,1,0,,
601898.SH,中煤能源,CSI,中央国有企业,能源,煤炭Ⅱ,能源--煤炭Ⅱ--煤炭Ⅲ--煤炭与消费用燃料,2022,,,,,,,,,,339616000000.0,,0.069420696,19719469000.0,3856932000.0,target_year,,,,,,,,,,SOE_target,0.11591,0.16159300000000001,26.49573143,0.26828346,0.269530745,0.766714926,0.053652331,0.400720788,0.557575067,1.196478782,0.032450595,True,CSI_nonSOE,0.1443235688226298,0.16159300000000001,-0.017269431177370204,-5864975138.733759,0.0,1,0,,
601898.SH,中煤能源,CSI,中央国有企业,能源,煤炭Ⅱ,能源--煤炭Ⅱ--煤炭Ⅲ--煤炭与消费用燃料,2023,,,,,,,,,,349155327000.0,,0.066585,20183598000.0,3064810000.0,target_year,,,,,,,,,,SOE_target,0.10643599999999999,0.147113,26.551082,0.229487,0.250024,0.645549,0.055689,0.37232,0.514808,1.180126,0.028727,True,CSI_nonSOE,0.13108947801333404,0.147113,-0.016023521986665956,-5594698058.946041,0.0,1,0,,
601898.SH,中煤能源,CSI,中央国有企业,能源,煤炭Ⅱ,能源--煤炭Ⅱ--煤炭Ⅲ--煤炭与消费用燃料,2024,,,,,,,,,,357794496000.0,,0.057829,18155988000.0,2534892000.0,target_year,,,,,,,,,,SOE_target,0.092524,0.122846,26.578783,0.216143,0.263234,0.539553,0.061607,0.365746,0.477243,1.219139,0.050336,True,CSI_nonSOE,0.1218139934672017,0.122846,-0.0010320065327982936,-369246257.2712729,0.0,1,0,,
601898.SH,中煤能源,CSI,中央国有企业,能源,煤炭Ⅱ,能源--煤炭Ⅱ--煤炭Ⅲ--煤炭与消费用燃料,2025,,,,,,,,,,370517742000.0,,0.044927,14497092000.0,2149057000.0,target_year,,,,,,,,,,SOE_target,0.066686,0.092908,26.603225,0.211221,0.263097,0.514626,0.030435,0.393,0.463299,1.106577,0.050505,True,CSI_nonSOE,0.11762193550682401,0.092908,0.024713935506824006,9156951579.922056,9156951579.922056,1,0,,
601899.SH,紫金矿业,CSI,地方国有企业,材料,有色金属,材料--有色金属--贵金属--黄金,2019,,,,,,,,,,123831000000.0,,0.050163348,4283957365.0,1927817536.0,target_year,,,,,,,,,,SOE_target,0.07092999999999999,0.093494,25.44958498,0.135006124,0.167062795,1.048438121,-0.060014627,0.349933684,0.581201238,0.818005224,0.069178863,True,CSI_nonSOE,0.14702638152259698,0.093494,0.05353238152259698,6628968336.324707,6628968336.324707,1,0,,
601899.SH,紫金矿业,CSI,地方国有企业,材料,有色金属,材料--有色金属--贵金属--黄金,2020,,,,,,,,,,182313000000.0,,0.046235297,6508553913.0,1920753386.0,target_year,,,,,,,,,,SOE_target,0.079348,0.120837,25.54218314,0.147075799,0.15478921,1.149911991,-0.038506206,0.359373782,0.539052237,0.857077928,0.096066464,True,CSI_nonSOE,0.15768687550907518,0.120837,0.036849875509075175,6718211353.686023,6718211353.686023,1,0,,
601899.SH,紫金矿业,CSI,地方国有企业,材料,有色金属,材料--有色金属--贵金属--黄金,2021,,,,,,,,,,208595000000.0,,0.0852602,15672870591.0,2111953389.0,target_year,,,,,,,,,,SOE_target,0.133764,0.24570799999999998,25.9289922,0.154732825,0.159708925,1.120395812,-0.042637039,0.349846763,0.590833682,0.834736234,0.076167844,True,CSI_nonSOE,0.1408494956848653,0.24570799999999998,-0.10485850431513469,-21872959707.61552,0.0,1,0,,
601899.SH,紫金矿业,CSI,地方国有企业,材料,有色金属,材料--有色金属--贵金属--黄金,2022,,,,,,,,,,306044000000.0,,0.075917288,20042045977.0,3191995016.0,target_year,,,,,,,,,,SOE_target,0.123702,0.25056100000000003,26.06365887,0.150787193,0.168216562,1.151690576,-0.015523729,0.355451102,0.55465225,0.935626067,0.096591957,True,CSI_nonSOE,0.1432325231694001,0.25056100000000003,-0.10732847683059993,-32847236363.144123,0.0,1,0,,
601899.SH,紫金矿业,CSI,地方国有企业,材料,有色金属,材料--有色金属--贵金属--黄金,2023,,,,,,,,,,343005706012.0,,0.075169,21119419571.0,4663911436.0,target_year,,,,,,,,,,SOE_target,0.104795,0.215012,26.446995,0.157798,0.153058,1.050558,0.027691,0.309148,0.593342,1.119075,0.081016,True,CSI_nonSOE,0.1378509082930316,0.215012,-0.07716109170696842,-26466694737.60538,0.0,1,0,,
601899.SH,紫金矿业,CSI,地方国有企业,材料,有色金属,材料--有色金属--贵金属--黄金,2024,,,,,,,,,,396610730026.0,,0.09228,32050602437.0,4548705755.0,target_year,,,,,,,,,,SOE_target,0.135342,0.25921299999999997,26.561013,0.169325,0.159476,0.904101,-0.019107,0.342247,0.596617,0.922147,0.088712,True,CSI_nonSOE,0.12491192844121414,0.25921299999999997,-0.13430107155878585,-53265246034.20412,0.0,1,0,,
601899.SH,紫金矿业,CSI,地方国有企业,材料,有色金属,材料--有色金属--贵金属--黄金,2025,,,,,,,,,,512005142450.0,,0.108807,51777327785.0,3932640491.0,target_year,,,,,,,,,,SOE_target,0.18064699999999997,0.318309,26.706221,0.169614,0.15747,0.821074,-0.002131,0.333734,0.551876,0.991529,0.062524,True,CSI_nonSOE,0.11855814356426192,0.318309,-0.1997508564357381,-102273465703.88957,0.0,1,0,,
601919.SH,中远海控,CSI,中央国有企业,工业,交通运输,工业--交通运输--海上运输Ⅲ--海上运输Ⅳ,2019,,,,,,,,,,262224000000.0,,0.046345211,6690106000.0,5462722000.0,target_year,,,,,,,,,,SOE_target,0.034775,0.229719,26.15324199,0.1381701,0.111099702,0.666100324,-0.126402542,0.505757923,0.752993999,0.675445454,0.08717098,True,CSI_nonSOE,0.033880718984822034,0.229719,-0.19583828101517797,-51353497400.92403,0.0,1,0,,
601919.SH,中远海控,CSI,中央国有企业,工业,交通运输,工业--交通运输--海上运输Ⅲ--海上运输Ⅳ,2020,,,,,,,,,,271926000000.0,,0.051028303,9927098000.0,3948828000.0,target_year,,,,,,,,,,SOE_target,0.064635,0.250452,26.29246505,0.155552982,0.108646931,0.613990479,0.006206761,0.397290073,0.736388625,1.023095445,0.042264429,True,CSI_nonSOE,0.03819442978365706,0.250452,-0.21225757021634295,-57718352038.64928,0.0,1,0,,
601919.SH,中远海控,CSI,中央国有企业,工业,交通运输,工业--交通运输--海上运输Ⅲ--海上运输Ⅳ,2021,,,,,,,,,,413668000000.0,,0.224550922,89296138000.0,3593411000.0,target_year,,,,,,,,,,SOE_target,0.380517,1.008949,26.32879608,0.215275282,0.123286456,0.641238606,-0.007594321,0.378170712,0.710593928,0.972104244,0.024524221,True,CSI_nonSOE,0.04495687987684063,1.008949,-0.9639921201231595,-398772692347.1071,0.0,1,0,,
601919.SH,中远海控,CSI,中央国有企业,工业,交通运输,工业--交通运输--海上运输Ⅲ--海上运输Ⅳ,2022,,,,,,,,,,511780000000.0,,0.221511332,109684000000.0,3680840000.0,target_year,,,,,,,,,,SOE_target,0.357707,0.657821,26.74832975,0.303105964,0.15352339,0.97344357,0.196168556,0.257317874,0.567623053,1.668671798,0.023085939,True,CSI_nonSOE,0.09427285193729065,0.657821,-0.5635481480627094,-288412671215.5334,0.0,1,0,,
601919.SH,中远海控,CSI,中央国有企业,工业,交通运输,工业--交通运输--海上运输Ⅲ--海上运输Ⅳ,2023,,,,,,,,,,462429381000.0,,0.059367,23860258000.0,3592746000.0,target_year,,,,,,,,,,SOE_target,0.059946,0.120355,26.96116,0.333016,0.180808,0.845123,0.198677,0.233535,0.504624,1.63763,0.0205,True,CSI_nonSOE,0.08295085274419997,0.120355,-0.03740414725580003,-17296776662.33246,0.0,0,1,FirmSize_lag,
601919.SH,中远海控,CSI,中央国有企业,工业,交通运输,工业--交通运输--海上运输Ⅲ--海上运输Ⅳ,2024,,,,,,,,,,497472214000.0,,0.104992,49172465000.0,3058232000.0,target_year,,,,,,,,,,SOE_target,0.13303,0.228293,26.85976,0.144337,0.114556,0.360185,0.162486,0.280678,0.47404,1.590121,0.033131,True,CSI_nonSOE,0.0271832813159473,0.228293,-0.2011097186840527,-100046497010.67287,0.0,1,0,,
601919.SH,中远海控,CSI,中央国有企业,工业,交通运输,工业--交通运输--海上运输Ⅲ--海上运输Ⅳ,2025,,,,,,,,,,483758024000.0,,0.07002,30859651000.0,3013024000.0,target_year,,,,,,,,,,SOE_target,0.080724,0.13218,26.932806,0.16836,0.116886,0.487256,0.167499,0.303861,0.426986,1.678604,0.052262,True,CSI_nonSOE,0.041793582315440336,0.13218,-0.09038641768455966,-43725154815.52123,0.0,0,1,FirmSize_lag,
601985.SH,中国核电,CSI,中央国有企业,公用事业,公用事业Ⅱ,公用事业--公用事业Ⅱ--电力--电力公用事业,2019,,,,,,,,,,347639000000.0,,0.033423197,4612558850.0,7006645806.0,target_year,,,,,,,,,,SOE_target,0.051093,0.095614,26.50240634,0.065305579,0.148389593,0.123797436,-0.015956505,0.849558327,0.741652254,0.86858063,0.071637094,True,CSI_nonSOE,0.1216897108763782,0.095614,0.026075710876378194,9064934053.35324,9064934053.35324,0,1,FixedAssetsRatio_lag,
601985.SH,中国核电,CSI,中央国有企业,公用事业,公用事业Ⅱ,公用事业--公用事业Ⅱ--电力--电力公用事业,2020,,,,,,,,,,381746000000.0,,0.033938319,5995452045.0,6960364749.0,target_year,,,,,,,,,,SOE_target,0.036137999999999997,0.099496,26.57443023,0.067481903,0.143602423,0.135640693,-0.019129801,0.828426352,0.740297102,0.863979538,0.070616627,True,CSI_nonSOE,0.1219312753065804,0.099496,0.022435275306580404,8564576607.185843,8564576607.185843,0,1,FixedAssetsRatio_lag,
601985.SH,中国核电,CSI,中央国有企业,公用事业,公用事业Ⅱ,公用事业--公用事业Ⅱ--电力--电力公用事业,2021,,,,,,,,,,409621000000.0,,0.036396898,8038084942.0,6870862905.0,target_year,,,,,,,,,,SOE_target,0.04185,0.109671,26.66802123,0.067942863,0.126082379,0.141686299,-0.007015087,0.817627022,0.694850283,0.950978047,0.062692714,True,CSI_nonSOE,0.12361016130013637,0.109671,0.013939161300136366,5709773190.923159,5709773190.923159,0,1,FixedAssetsRatio_lag,
601985.SH,中国核电,CSI,中央国有企业,公用事业,公用事业Ⅱ,公用事业--公用事业Ⅱ--电力--电力公用事业,2022,,,,,,,,,,464620000000.0,,0.036921229,9009829595.0,8144511017.0,target_year,,,,,,,,,,SOE_target,0.044770000000000004,0.109367,26.73849912,0.066112516,0.130392082,0.155949917,-0.018961189,0.805403382,0.694160724,0.88155248,0.061331462,True,CSI_nonSOE,0.12241598446429389,0.109367,0.01304898446429388,6062819161.800222,6062819161.800222,0,1,FixedAssetsRatio_lag,
601985.SH,中国核电,CSI,中央国有企业,公用事业,公用事业Ⅱ,公用事业--公用事业Ⅱ--电力--电力公用事业,2023,,,,,,,,,,539267250476.02,,0.033241,10623826706.6,7301743750.68,target_year,,,,,,,,,,SOE_target,0.045784000000000005,0.11831200000000001,26.864486,0.064424,0.129341,0.161085,-0.017598,0.79749,0.681741,0.889415,0.108712,True,CSI_nonSOE,0.12474377835034973,0.11831200000000001,0.0064317783503497206,3468447426.6642857,3468447426.6642857,0,1,FixedAssetsRatio_lag,
601985.SH,中国核电,CSI,中央国有企业,公用事业,公用事业Ⅱ,公用事业--公用事业Ⅱ--电力--电力公用事业,2024,,,,,,,,,,659739168841.27,,0.023677,8777342050.34,6843597272.48,target_year,,,,,,,,,,SOE_target,0.049053000000000006,0.087264,27.013477,0.064166,0.121904,0.147279,-0.05444,0.798297,0.698113,0.699198,0.124429,True,CSI_nonSOE,0.1235394437125972,0.087264,0.03627544371259721,23932331084.297157,23932331084.297157,0,2,"FirmSize_lag, FixedAssetsRatio_lag",
601985.SH,中国核电,CSI,中央国有企业,公用事业,公用事业Ⅱ,公用事业--公用事业Ⅱ--电力--电力公用事业,2025,,,,,,,,,,749261994107.31,,0.021539,9304211536.74,6834483614.48,target_year,,,,,,,,,,SOE_target,0.042759,0.081283,27.21511,0.066502,0.118327,0.127097,-0.026619,0.780601,0.68265,0.827394,0.137491,True,CSI_nonSOE,0.1265529017062994,0.081283,0.04526990170629941,33919016825.503815,33919016825.503815,0,2,"FirmSize_lag, FixedAssetsRatio_lag",
603019.SH,中科曙光,CSI,中央国有企业,信息技术,硬件设备,信息技术--硬件设备--电脑与外围设备--电脑硬件、储存设备及电脑周边,2019,,,,,,,,,,16769281027.0,,0.046053914,593633044.8,178657973.6,target_year,,,,,,,,,,SOE_target,0.058621999999999994,0.145814,23.30100268,0.0077991,0.161142974,0.775761243,0.22087728,0.104489626,0.692376064,1.556652795,0.048115164,True,CSI_nonSOE,0.1695413340153377,0.145814,0.023727334015337692,397890332.1246941,397890332.1246941,1,0,,
603019.SH,中科曙光,CSI,中央国有企业,信息技术,硬件设备,信息技术--硬件设备--电脑与外围设备--电脑硬件、储存设备及电脑周边,2020,,,,,,,,,,20963979137.0,,0.039996011,822381760.3,16093782.61,target_year,,,,,,,,,,SOE_target,0.055788000000000004,0.103103,23.54281454,0.007820415,0.145048886,0.634093523,0.239751642,0.097377554,0.724420087,1.686252249,0.044994331,True,CSI_nonSOE,0.15116910149739615,0.103103,0.04806610149739615,1007656748.9883374,1007656748.9883374,1,0,,
603019.SH,中科曙光,CSI,中央国有企业,信息技术,硬件设备,信息技术--硬件设备--电脑与外围设备--电脑硬件、储存设备及电脑周边,2021,,,,,,,,,,26121984763.0,,0.038917893,1157781112.0,-141168510.7,target_year,,,,,,,,,,SOE_target,0.06096599999999999,0.095297,23.76607152,0.0072491,0.129289002,0.536679608,0.5056888,0.074705179,0.429743553,3.876764347,0.026434258,True,CSI_nonSOE,0.14908962909533252,0.095297,0.053792629095332514,1405170237.5899863,1405170237.5899863,1,0,,
603019.SH,中科曙光,CSI,中央国有企业,信息技术,硬件设备,信息技术--硬件设备--电脑与外围设备--电脑硬件、储存设备及电脑周边,2022,,,,,,,,,,31810174007.0,,0.045421863,1544219003.0,-99341626.16,target_year,,,,,,,,,,SOE_target,0.06579,0.104033,23.98604312,0.006334817,0.108896372,0.47400165,0.420008992,0.077714723,0.499409101,2.965212884,0.062330355,True,CSI_nonSOE,0.13633376897967986,0.104033,0.03230076897967986,1027493081.8035241,1027493081.8035241,1,0,,
603019.SH,中科曙光,CSI,中央国有企业,信息技术,硬件设备,信息技术--硬件设备--电脑与外围设备--电脑硬件、储存设备及电脑周边,2023,,,,,,,,,,31615458539.32,,0.05553,1835900702.06,-80304736.43,target_year,,,,,,,,,,SOE_target,0.068714,0.10294600000000001,24.183052,0.006852,0.117158,0.447215,0.330217,0.078245,0.442298,2.663063,0.084412,True,CSI_nonSOE,0.12229808099938312,0.10294600000000001,0.01935208099938311,611824914.4855591,611824914.4855591,1,0,,
603019.SH,中科曙光,CSI,中央国有企业,信息技术,硬件设备,信息技术--硬件设备--电脑与外围设备--电脑硬件、储存设备及电脑周边,2024,,,,,,,,,,36617491563.87,,0.050742,1911152257.13,-53100633.56,target_year,,,,,,,,,,SOE_target,0.06714,0.09787699999999999,24.176912,0.007472,0.108206,0.45091,0.314399,0.090495,0.383821,2.992228,0.068542,True,CSI_nonSOE,0.11998322436926723,0.09787699999999999,0.022106224369267236,809474484.3506604,809474484.3506604,1,0,,
603019.SH,中科曙光,CSI,中央国有企业,信息技术,硬件设备,信息技术--硬件设备--电脑与外围设备--电脑硬件、储存设备及电脑周边,2025,,,,,,,,,,40953741117.01,,0.051483,2176292865.25,-67880099.25,target_year,,,,,,,,,,SOE_target,0.062329999999999997,0.102089,24.323792,0.005798,0.114376,0.383723,0.229408,0.098389,0.417578,2.503729,0.023476,True,CSI_nonSOE,0.1018443982816017,0.102089,-0.00024460171839829625,-10017355.452059608,0.0,1,0,,
603369.SH,今世缘,CSI,地方国有企业,日常消费,食品饮料,日常消费--食品饮料--饮料--白酒与葡萄酒,2019,,,,,,,,,,10062294426.0,,0.144971709,1458097936.0,650083.33,target_year,,,,,,,,,,SOE_target,0.20241399999999998,0.21924700000000003,22.87359084,0.004647124,0.118716357,0.39261743,0.437826307,0.123350825,0.288617426,2.527404298,0.02385493,True,CSI_nonSOE,0.21116413356423164,0.21924700000000003,-0.008082866435768388,-81332181.88273473,0.0,1,0,,
603369.SH,今世缘,CSI,地方国有企业,日常消费,食品饮料,日常消费--食品饮料--饮料--白酒与葡萄酒,2020,,,,,,,,,,11851101844.0,,0.132767611,1566907818.0,6534659.97,target_year,,,,,,,,,,SOE_target,0.187577,0.202526,23.03206105,0.005205694,0.109737598,0.427747232,0.369028646,0.111611,0.283834551,2.336807766,0.014921261,True,CSI_nonSOE,0.2034746281704674,0.202526,0.0009486281704673971,11242289.060296517,11242289.060296517,1,0,,
603369.SH,今世缘,CSI,地方国有企业,日常消费,食品饮料,日常消费--食品饮料--饮料--白酒与葡萄酒,2021,,,,,,,,,,14433697119.0,,0.136075632,2029127929.0,-65053472.68,target_year,,,,,,,,,,SOE_target,0.205399,0.23105,23.19568668,0.004661291,0.106852675,0.385834782,0.417382351,0.126780398,0.302399008,2.425192333,0.033352504,True,CSI_nonSOE,0.19936697279632962,0.23105,-0.03168302720367039,-457303218.4708159,0.0,1,0,,
603369.SH,今世缘,CSI,地方国有企业,日常消费,食品饮料,日常消费--食品饮料--饮料--白酒与葡萄酒,2022,,,,,,,,,,18183711058.0,,0.132137809,2502789291.0,-100033561.7,target_year,,,,,,,,,,SOE_target,0.204044,0.24583200000000002,23.39283139,0.005106391,0.106913309,0.403319474,0.343201835,0.13995768,0.355876741,1.99477757,0.039951176,True,CSI_nonSOE,0.18990765480852484,0.24583200000000002,-0.05592434519147518,-1016912134.0696365,0.0,1,0,,
603369.SH,今世缘,CSI,地方国有企业,日常消费,食品饮料,日常消费--食品饮料--饮料--白酒与葡萄酒,2023,,,,,,,,,,21630647731.29,,0.136515,3136042999.78,-183138913.29,target_year,,,,,,,,,,SOE_target,0.20906400000000003,0.257564,23.623792,0.005416,0.105461,0.405134,0.259668,0.163857,0.391503,1.680295,0.063079,True,CSI_nonSOE,0.17769131685106312,0.257564,-0.07987268314893689,-1727697872.547597,0.0,1,0,,
603369.SH,今世缘,CSI,地方国有企业,日常消费,食品饮料,日常消费--食品饮料--饮料--白酒与葡萄酒,2024,,,,,,,,,,24221898385.69,,0.13537,3411925268.61,-133006465.89,target_year,,,,,,,,,,SOE_target,0.19253599999999998,0.23742999999999997,23.797377,0.006797,0.100594,0.432038,0.220588,0.229512,0.385741,1.585996,0.101447,True,CSI_nonSOE,0.174234931302314,0.23742999999999997,-0.06319506869768599,-1530704532.4720488,0.0,1,0,,
603369.SH,今世缘,CSI,地方国有企业,日常消费,食品饮料,日常消费--食品饮料--饮料--白酒与葡萄酒,2025,,,,,,,,,,25899040538.78,,0.097322,2603690665.79,-83151223.46,target_year,,,,,,,,,,SOE_target,0.134739,0.16264800000000001,23.910523,0.007719,0.097008,0.430028,0.229316,0.272964,0.361997,1.663303,0.074998,True,CSI_nonSOE,0.1704277275665329,0.16264800000000001,0.00777972756653289,201487479.6262996,201487479.6262996,1,0,,
688009.SH,中国通号,CSI,中央国有企业,工业,电气设备,工业--电气设备--电气设备Ⅲ--电气部件与设备,2019,,,,,,,,,,97512591304.0,,0.040378019,3815874901.0,121490364.0,target_year,,,,,,,,,,SOE_target,0.054669999999999996,0.108981,25.10126608,0.112768212,0.075162529,0.565471287,0.222678652,0.057931624,0.620072312,1.372498386,0.013432789,True,CSI_nonSOE,0.1446234123846007,0.108981,0.0356424123846007,3475583991.948196,3475583991.948196,1,0,,
688009.SH,中国通号,CSI,中央国有企业,工业,电气设备,工业--电气设备--电气设备Ⅲ--电气部件与设备,2020,,,,,,,,,,105328000000.0,,0.036664884,3819046319.0,42795594.41,target_year,,,,,,,,,,SOE_target,0.045983,0.091274,25.30324735,0.09638352,0.069863037,0.470071921,0.294788513,0.046045731,0.561854761,1.555377083,0.008409159,True,CSI_nonSOE,0.13372630205987363,0.091274,0.04245230205987363,4471416071.36237,4471416071.36237,1,0,,
688009.SH,中国通号,CSI,中央国有企业,工业,电气设备,工业--电气设备--电气设备Ⅲ--电气部件与设备,2021,,,,,,,,,,108943000000.0,,0.030924685,3274672689.0,94342569.44,target_year,,,,,,,,,,SOE_target,0.036272,0.07605100000000001,25.38034591,0.078313323,0.069189957,0.395625552,0.256343946,0.05340966,0.579434691,1.46497188,0.016604732,True,CSI_nonSOE,0.12018630659519433,0.07605100000000001,0.044135306595194324,4808232706.400255,4808232706.400255,1,0,,
688009.SH,中国通号,CSI,中央国有企业,工业,电气设备,工业--电气设备--电气设备Ⅲ--电气部件与设备,2022,,,,,,,,,,116807000000.0,,0.03205844,3633640259.0,110995320.5,target_year,,,,,,,,,,SOE_target,0.039245999999999996,0.081766,25.41408687,0.052156644,0.081262738,0.358035908,0.261945955,0.050393267,0.583529486,1.479651178,0.007981433,True,CSI_nonSOE,0.11255989718740084,0.081766,0.03079389718740083,3596942748.7687287,3596942748.7687287,1,0,,
688009.SH,中国通号,CSI,中央国有企业,工业,电气设备,工业--电气设备--电气设备Ⅲ--电气部件与设备,2023,,,,,,,,,,118990487731.74,,0.029868,3477326647.54,76697247.11,target_year,,,,,,,,,,SOE_target,0.036031,0.07548300000000001,25.483785,0.031068,0.108841,0.356176,0.232672,0.046851,0.595248,1.416564,0.006061,True,CSI_nonSOE,0.10345179242964371,0.07548300000000001,0.027968792429643702,3328020252.4711018,3328020252.4711018,1,0,,
688009.SH,中国通号,CSI,中央国有企业,工业,电气设备,工业--电气设备--电气设备Ⅲ--电气部件与设备,2024,,,,,,,,,,117890875515.13,,0.030092,3494725837.36,52849365.13,target_year,,,,,,,,,,SOE_target,0.036261999999999996,0.0737,25.502309,0.024756,0.112299,0.313848,0.220738,0.046415,0.589254,1.396501,0.00572,True,CSI_nonSOE,0.09754865053295789,0.0737,0.023848650532957885,2811538291.184777,2811538291.184777,1,0,,
688009.SH,中国通号,CSI,中央国有企业,工业,电气设备,工业--电气设备--电气设备Ⅲ--电气部件与设备,2025,,,,,,,,,,118321690651.9,,0.031924,3686410571.89,90856906.74,target_year,,,,,,,,,,SOE_target,0.039783,0.075334,25.493025,0.023985,0.107313,0.274171,0.236504,0.048914,0.572182,1.440999,0.007286,True,CSI_nonSOE,0.09623336459790974,0.075334,0.02089936459790974,2472848152.7751465,2472848152.7751465,1,0,,
688187.SH,时代电气,CSI,中央国有企业,工业,电气设备,工业--电气设备--电气设备Ⅲ--电气部件与设备,2019,,,,,,,,,,32985615356.0,,0.081390133,2659163867.0,25539769.0,target_year,,,,,,,,,,SOE_target,0.094467,0.127431,24.09175139,0.044315661,0.075162529,0.562382467,0.542306516,0.103897947,0.306910795,3.009164305,0.023124896,True,CSI_nonSOE,0.19401125544582368,0.127431,0.06658025544582369,2196190696.4401646,2196190696.4401646,1,0,,
688187.SH,时代电气,CSI,中央国有企业,工业,电气设备,工业--电气设备--电气设备Ⅲ--电气部件与设备,2020,,,,,,,,,,33865721258.0,,0.073569155,2475454606.0,16017904.0,target_year,,,,,,,,,,SOE_target,0.08407999999999999,0.108186,24.21933741,0.03773342,0.069863037,0.525771381,0.527282997,0.093215346,0.327092161,2.853868965,0.022752527,True,CSI_nonSOE,0.18508820977179657,0.108186,0.07690220977179657,2604348800.2559066,2604348800.2559066,1,0,,
688187.SH,时代电气,CSI,中央国有企业,工业,电气设备,工业--电气设备--电气设备Ⅲ--电气部件与设备,2021,,,,,,,,,,44150745227.0,,0.046177335,2017694796.0,21068951.0,target_year,,,,,,,,,,SOE_target,0.052518,0.071456,24.24566917,0.031294312,0.069189957,0.479688199,0.547696637,0.129781827,0.283653514,3.354619665,0.054779891,True,CSI_nonSOE,0.1810769099691256,0.071456,0.10962090996912559,4839844867.598768,4839844867.598768,1,0,,
688187.SH,时代电气,CSI,中央国有企业,工业,电气设备,工业--电气设备--电气设备Ⅲ--电气部件与设备,2022,,,,,,,,,,48509554784.0,,0.053119178,2555823375.0,20964320.0,target_year,,,,,,,,,,SOE_target,0.059538,0.076121,24.51087564,0.020560593,0.081262738,0.387640407,0.577379598,0.110659814,0.245932447,3.785604226,0.022060856,True,CSI_nonSOE,0.16155419723990327,0.076121,0.08543319723990328,4144326361.881366,4144326361.881366,1,0,,
688187.SH,时代电气,CSI,中央国有企业,工业,电气设备,工业--电气设备--电气设备Ⅲ--电气部件与设备,2023,,,,,,,,,,53404847387.0,,0.059038,3105703645.0,47187001.0,target_year,,,,,,,,,,SOE_target,0.061758,0.08699899999999999,24.605027,0.013936,0.108841,0.389245,0.510029,0.108352,0.272396,3.114295,0.019655,True,CSI_nonSOE,0.1535665961824577,0.08699899999999999,0.0665675961824577,3555032315.0435967,3555032315.0435967,1,0,,
688187.SH,时代电气,CSI,中央国有企业,工业,电气设备,工业--电气设备--电气设备Ⅲ--电气部件与设备,2024,,,,,,,,,,64802246319.0,,0.057745,3702585914.0,39387935.0,target_year,,,,,,,,,,SOE_target,0.06887800000000001,0.09446099999999999,24.701167,0.014584,0.112299,0.427789,0.450948,0.1216,0.293762,2.792924,0.05581,True,CSI_nonSOE,0.15154065650146942,0.09446099999999999,0.05707965650146943,3698889960.412132,3698889960.412132,1,0,,
688187.SH,时代电气,CSI,中央国有企业,工业,电气设备,工业--电气设备--电气设备Ⅲ--电气部件与设备,2025,,,,,,,,,,72084237098.0,,0.057194,4096540421.0,26238709.0,target_year,,,,,,,,,,SOE_target,0.06713,0.09752000000000001,24.894606,0.018398,0.107313,0.421446,0.427513,0.168321,0.309246,2.479153,0.053247,True,CSI_nonSOE,0.14529833351198385,0.09752000000000001,0.047778333511983836,3444064721.0251617,3444064721.0251617,1,0,,
688396.SH,华润微,CSI,中央国有企业,信息技术,半导体,信息技术--半导体--半导体产品--集成电路,2020,,,,,,,,,,16532495767.0,,0.051034764,963661634.4,-119929609.6,target_year,,,,,,,,,,SOE_target,0.08154299999999999,0.12041299999999999,23.03533458,0.08050321,0.169245785,0.565193741,0.308438292,0.426422857,0.366949986,2.573627749,0.060653362,True,CSI_nonSOE,0.10664930121923688,0.12041299999999999,-0.013763698780763112,-227548291.8312292,0.0,1,0,,
688396.SH,华润微,CSI,中央国有企业,信息技术,半导体,信息技术--半导体--半导体产品--集成电路,2021,,,,,,,,,,22191209564.0,,0.095861013,2267920400.0,-140648576.5,target_year,,,,,,,,,,SOE_target,0.121587,0.162735,23.52859372,0.076520316,0.155238897,0.518895343,0.476678499,0.288458562,0.286207979,3.597830673,0.034637275,True,CSI_nonSOE,0.09287968283714995,0.162735,-0.06985531716285004,-1550173982.320491,0.0,1,0,,
688396.SH,华润微,CSI,中央国有企业,信息技术,半导体,信息技术--半导体--半导体产品--集成电路,2022,,,,,,,,,,26457799587.0,,0.087533745,2617079980.0,-301129708.7,target_year,,,,,,,,,,SOE_target,0.10905300000000001,0.140437,23.82296208,0.074435868,0.127200785,0.473296709,0.467761071,0.225283176,0.211380859,3.407609318,0.057039825,True,CSI_nonSOE,0.08161490827485361,0.140437,-0.058822091725146394,-1556303114.1520543,0.0,1,0,,
688396.SH,华润微,CSI,中央国有企业,信息技术,半导体,信息技术--半导体--半导体产品--集成电路,2023,,,,,,,,,,29215259820.18,,0.042254,1479265748.53,-244794478.16,target_year,,,,,,,,,,SOE_target,0.060594999999999996,0.071223,23.998817,0.071578,0.113252,0.409656,0.460362,0.239196,0.217785,3.725747,0.080692,True,CSI_nonSOE,0.06964960849572485,0.071223,-0.0015733915042751428,-45967041.59626215,0.0,1,0,,
688396.SH,华润微,CSI,中央国有企业,信息技术,半导体,信息技术--半导体--半导体产品--集成电路,2024,,,,,,,,,,29106829546.42,,0.021943,762459866.87,-123759891.25,target_year,,,,,,,,,,SOE_target,0.023006000000000002,0.034765000000000004,24.097957,0.068644,0.109637,0.35265,0.405247,0.250068,0.191161,3.774064,0.178145,True,CSI_nonSOE,0.06136099553730724,0.034765000000000004,0.026595995537307238,774125108.7217487,774125108.7217487,1,0,,
688396.SH,华润微,CSI,中央国有企业,信息技术,半导体,信息技术--半导体--半导体产品--集成电路,2025,,,,,,,,,,30589736143.75,,0.016086,660543164.52,-168487952.9,target_year,,,,,,,,,,SOE_target,0.018557,0.029171999999999997,24.094239,0.056819,0.111057,0.344124,0.316661,0.278279,0.165283,3.230072,0.053891,True,CSI_nonSOE,0.04919656022146818,0.029171999999999997,0.02002456022146818,612546013.5693437,612546013.5693437,1,0,,
000338.SZ,潍柴动力,CSI,地方国有企业,工业,机械,工业--机械--机械Ⅲ--建筑机械与重型卡车,2019,,,,,,,,,,236832000000.0,,0.043652595,9104955354.0,1233361936.0,target_year,,,,,,,,,,SOE_target,0.065675,0.21540600000000001,26.04762303,0.282812533,0.247583643,0.806533158,0.094937857,0.157359438,0.696704841,1.219918367,0.017944605,True,Pooled_H_plus_CSI_nonSOE,0.20337435186686015,0.21540600000000001,-0.012031648133139866,-2849479290.667781,0.0,1,0,,1.0
000338.SZ,潍柴动力,CSI,地方国有企业,工业,机械,工业--机械--机械Ⅲ--建筑机械与重型卡车,2020,,,,,,,,,,270750000000.0,,0.03821291,9207129174.0,1139022760.0,target_year,,,,,,,,,,SOE_target,0.049421999999999994,0.190967,26.19061549,0.268327209,0.225950341,0.788770512,0.085749984,0.133965754,0.705382629,1.191810837,0.022775325,True,Pooled_H_plus_CSI_nonSOE,0.1997182040417364,0.190967,0.008751204041736405,2369388494.3001313,2369388494.3001313,1,0,,1.0
000338.SZ,潍柴动力,CSI,地方国有企业,工业,机械,工业--机械--机械Ⅲ--建筑机械与重型卡车,2021,,,,,,,,,,277044000000.0,,0.037294307,9254488226.0,1077691525.0,target_year,,,,,,,,,,SOE_target,0.048954000000000004,0.151577,26.32446235,0.25835455,0.195497669,0.778164528,0.106379349,0.135804241,0.70292418,1.232815663,0.021294992,True,Pooled_H_plus_CSI_nonSOE,0.19886616205266183,0.151577,0.04728916205266184,13101178611.717648,13101178611.717648,1,0,,1.0
000338.SZ,潍柴动力,CSI,地方国有企业,工业,机械,工业--机械--机械Ⅲ--建筑机械与重型卡车,2022,,,,,,,,,,293666000000.0,,0.021474462,4905013042.0,1401308298.0,target_year,,,,,,,,,,SOE_target,0.017967999999999998,0.068082,26.34744371,0.254850756,0.187780789,0.743153385,0.163353204,0.141573837,0.628356843,1.392227376,0.021697149,True,Pooled_H_plus_CSI_nonSOE,0.20330954226931253,0.068082,0.13522754226931252,39711731428.05993,39711731428.05993,1,0,,1.0
000338.SZ,潍柴动力,CSI,地方国有企业,工业,机械,工业--机械--机械Ⅲ--建筑机械与重型卡车,2023,,,,,,,,,,334247213024.91,,0.037006,9013894024.19,3355408336.47,target_year,,,,,,,,,,SOE_target,0.0436,0.1182,26.405709,0.236485,0.187488,0.613823,0.165976,0.156214,0.645479,1.407052,0.022594,True,Pooled_H_plus_CSI_nonSOE,0.18106727350674212,0.1182,0.06286727350674212,21013210960.103313,21013210960.103313,1,0,,1.0
000338.SZ,潍柴动力,CSI,地方国有企业,工业,机械,工业--机械--机械Ⅲ--建筑机械与重型卡车,2024,,,,,,,,,,343879412547.54,,0.044369,11403288984.59,3854441561.78,target_year,,,,,,,,,,SOE_target,0.051303999999999995,0.137363,26.535147,0.262731,0.188674,0.681491,0.154706,0.154158,0.662867,1.353656,0.02154,True,Pooled_H_plus_CSI_nonSOE,0.19119146396842884,0.137363,0.05382846396842883,18510500567.79973,18510500567.79973,1,0,,1.0
000338.SZ,潍柴动力,CSI,地方国有企业,工业,机械,工业--机械--机械Ⅲ--建筑机械与重型卡车,2025,,,,,,,,,,367475596673.66,,0.039619,10930504451.02,3628593475.52,target_year,,,,,,,,,,SOE_target,0.045776000000000004,0.121527,26.563557,0.255562,0.187309,0.636136,0.086979,0.156461,0.645345,1.193169,0.021402,True,Pooled_H_plus_CSI_nonSOE,0.18983114718065278,0.121527,0.06830414718065278,25100107240.49587,25100107240.49587,1,0,,1.0
000408.SZ,藏格矿业,CSI,地方国有企业,材料,化工,材料--化工--农用化工--化肥与农用药剂,2019,,,,,,,,,,9643558999.0,,0.028576293,308259358.9,-32682195.98,target_year,,,,,,,,,,SOE_target,0.042816,0.040185000000000005,22.96242767,0.009303695,0.192081294,0.288100092,0.251399299,0.47683991,0.207795813,2.229038205,0.030171161,True,Pooled_H_plus_CSI_nonSOE,0.13322993620462062,0.040185000000000005,0.09304493620462062,897284331.8474501,897284331.8474501,1,0,,1.0
000408.SZ,藏格矿业,CSI,地方国有企业,材料,化工,材料--化工--农用化工--化肥与农用药剂,2020,,,,,,,,,,8677638571.0,,0.02458924,228887517.0,-15510979.86,target_year,,,,,,,,,,SOE_target,0.033561,0.028929999999999997,22.98955607,0.006921733,0.180537484,0.196181882,0.103305111,0.403406845,0.18011321,1.583993588,0.011820166,True,Pooled_H_plus_CSI_nonSOE,0.13916109670347396,0.028929999999999997,0.11023109670347396,956545616.4776965,956545616.4776965,1,0,,1.0
000408.SZ,藏格矿业,CSI,地方国有企业,材料,化工,材料--化工--农用化工--化肥与农用药剂,2021,,,,,,,,,,10624520306.0,,0.133385912,1427339931.0,-10178605.37,target_year,,,,,,,,,,SOE_target,0.17562,0.164337,22.88401527,0.005915643,0.203999831,0.192045977,0.179732617,0.415528525,0.087639638,3.123556858,0.009274747,True,Pooled_H_plus_CSI_nonSOE,0.1349389852284344,0.164337,-0.029398014771565617,-312339804.89658684,0.0,1,0,,1.0
000408.SZ,藏格矿业,CSI,地方国有企业,材料,化工,材料--化工--农用化工--化肥与农用药剂,2022,,,,,,,,,,13536459913.0,,0.415613537,5654872861.0,-28936882.64,target_year,,,,,,,,,,SOE_target,0.5457569999999999,0.524145,23.0864304,0.006422482,0.197245037,0.352733449,0.144177782,0.304820178,0.110191234,2.373728083,0.005833331,True,Pooled_H_plus_CSI_nonSOE,0.16615713888556383,0.524145,-0.35798786111443615,-4845888331.316176,0.0,1,0,,1.0
000408.SZ,藏格矿业,CSI,地方国有企业,材料,化工,材料--化工--农用化工--化肥与农用药剂,2023,,,,,,,,,,14091584562.19,,0.241369,3419880869.14,-18613040.56,target_year,,,,,,,,,,SOE_target,0.279883,0.271619,23.328653,0.010818,0.212868,0.647059,0.261908,0.230172,0.104367,3.56622,0.009877,True,Pooled_H_plus_CSI_nonSOE,0.19505220290832492,0.271619,-0.07656679709167508,-1078947495.8733828,0.0,1,0,,1.0
000408.SZ,藏格矿业,CSI,地方国有企业,材料,化工,材料--化工--农用化工--化肥与农用药剂,2024,,,,,,,,,,15083281912.76,,0.171245,2579985938.8,2947153.55,target_year,,,,,,,,,,SOE_target,0.18587800000000002,0.191658,23.368844,0.006021,0.215825,0.357037,0.156713,0.208682,0.073898,3.360255,0.022977,True,Pooled_H_plus_CSI_nonSOE,0.1598136569220388,0.191658,-0.03184434307796119,-480317203.97153616,0.0,1,0,,1.0
000408.SZ,藏格矿业,CSI,地方国有企业,材料,化工,材料--化工--农用化工--化肥与农用药剂,2025,,,,,,,,,,17692154203.25,,0.2181,3852353240.98,6312248.81,target_year,,,,,,,,,,SOE_target,0.247846,0.255897,23.436853,0.003488,0.213171,0.19862,0.083802,0.174457,0.081966,2.536757,0.009784,True,Pooled_H_plus_CSI_nonSOE,0.15035763985992417,0.255897,-0.10553936014007581,-1867218634.1105578,0.0,1,0,,1.0
000425.SZ,徐工机械,CSI,地方国有企业,工业,机械,工业--机械--机械Ⅲ--建筑机械与重型卡车,2019,,,,,,,,,,77291657089.0,,0.051322633,3620572465.0,346238850.7,target_year,,,,,,,,,,SOE_target,0.05873300000000001,0.114355,24.83822776,0.078480399,0.247583643,0.796135572,0.30446409,0.129199699,0.504643767,1.690507246,0.029202569,True,Pooled_H_plus_CSI_nonSOE,0.1933172057994505,0.114355,0.0789622057994505,6103119733.642175,6103119733.642175,1,0,,1.0
000425.SZ,徐工机械,CSI,地方国有企业,工业,机械,工业--机械--机械Ⅲ--建筑机械与重型卡车,2020,,,,,,,,,,91797176722.0,,0.049729124,3728859646.0,836133538.3,target_year,,,,,,,,,,SOE_target,0.060702,0.11150700000000001,25.07085186,0.090656285,0.225950341,0.850417672,0.304295183,0.108165675,0.564685381,1.637343394,0.030445106,True,Pooled_H_plus_CSI_nonSOE,0.19560851971706647,0.11150700000000001,0.08410151971706646,7720282068.056317,7720282068.056317,1,0,,1.0
000425.SZ,徐工机械,CSI,地方国有企业,工业,机械,工业--机械--机械Ⅲ--建筑机械与重型卡车,2021,,,,,,,,,,110029000000.0,,0.056573361,5614606146.0,610110237.7,target_year,,,,,,,,,,SOE_target,0.059959,0.160106,25.24284738,0.096405963,0.195497669,0.871666513,0.21018586,0.097334006,0.627759186,1.379569973,0.022362833,True,Pooled_H_plus_CSI_nonSOE,0.19731686698636652,0.160106,0.037210866986366525,4094274483.6429224,4094274483.6429224,1,0,,1.0
000425.SZ,徐工机械,CSI,地方国有企业,工业,机械,工业--机械--机械Ⅲ--建筑机械与重型卡车,2022,,,,,,,,,,175086000000.0,,0.023397377,4307097070.0,-210553267.2,target_year,,,,,,,,,,SOE_target,0.033686,0.096036,25.42401078,0.105236552,0.187780789,0.832912081,0.200299799,0.087174384,0.662187887,1.349125606,0.029744056,True,Pooled_H_plus_CSI_nonSOE,0.18896434216103636,0.096036,0.09292834216103636,16270451715.607212,16270451715.607212,1,0,,1.0
000425.SZ,徐工机械,CSI,地方国有企业,工业,机械,工业--机械--机械Ⅲ--建筑机械与重型卡车,2023,,,,,,,,,,161994607612.63,,0.037362,5326470288.96,726008158.72,target_year,,,,,,,,,,SOE_target,0.037995,0.097377,25.888541,0.126116,0.187488,0.655251,0.186019,0.124798,0.687841,1.337335,0.045609,True,Pooled_H_plus_CSI_nonSOE,0.1632815569296311,0.097377,0.06590455692963108,10676182839.699823,10676182839.699823,1,0,,1.0
000425.SZ,徐工机械,CSI,地方国有企业,工业,机械,工业--机械--机械Ⅲ--建筑机械与重型卡车,2024,,,,,,,,,,160969811609.42,,0.049144,5976118332.51,1934545872.81,target_year,,,,,,,,,,SOE_target,0.052740999999999996,0.10352399999999999,25.810829,0.113471,0.188674,0.548277,0.152436,0.157001,0.64513,1.285921,0.036833,True,Pooled_H_plus_CSI_nonSOE,0.15582933046689526,0.10352399999999999,0.05230533046689527,8419579191.424588,8419579191.424588,1,0,,1.0
000425.SZ,徐工机械,CSI,地方国有企业,工业,机械,工业--机械--机械Ⅲ--建筑机械与重型卡车,2025,,,,,,,,,,172078712755.41,,0.042356,6572221644.27,716429463.03,target_year,,,,,,,,,,SOE_target,0.047889,0.109748,25.804483,0.108112,0.187309,0.565044,0.175762,0.164311,0.624391,1.354563,0.018254,True,Pooled_H_plus_CSI_nonSOE,0.16204387357086758,0.109748,0.05229587357086758,8999006606.49456,8999006606.49456,1,0,,1.0
000568.SZ,泸州老窖,CSI,地方国有企业,日常消费,食品饮料,日常消费--食品饮料--饮料--白酒与葡萄酒,2019,,,,,,,,,,28919969078.0,,0.165338765,4641988857.0,139603113.8,target_year,,,,,,,,,,SOE_target,0.228967,0.25525400000000004,23.84143384,0.017142738,0.118716357,0.540578094,0.44587553,0.178256904,0.242456715,2.861142238,0.064962944,True,Pooled_H_plus_CSI_nonSOE,0.20732761368942848,0.25525400000000004,-0.047926386310571556,-1386029610.122012,0.0,1,0,,1.0
000568.SZ,泸州老窖,CSI,地方国有企业,日常消费,食品饮料,日常消费--食品饮料--饮料--白酒与葡萄酒,2020,,,,,,,,,,35009203823.0,,0.167763823,6005723069.0,-132445202.7,target_year,,,,,,,,,,SOE_target,0.248369,0.282744,24.08779817,0.018063993,0.109737598,0.537257752,0.329414591,0.303398139,0.323832921,2.403646532,0.159240357,True,Pooled_H_plus_CSI_nonSOE,0.1841040594888839,0.282744,-0.0986399405111161,-3453305782.4422584,0.0,1,0,,1.0
000568.SZ,泸州老窖,CSI,地方国有企业,日常消费,食品饮料,日常消费--食品饮料--饮料--白酒与葡萄酒,2021,,,,,,,,,,43211782006.0,,0.179086999,7955554352.0,-216885999.2,target_year,,,,,,,,,,SOE_target,0.269773,0.31128,24.27887683,0.015909988,0.106852675,0.45141465,0.346826668,0.254154299,0.337834988,2.56721691,0.061238482,True,Pooled_H_plus_CSI_nonSOE,0.18581456128660323,0.31128,-0.12546543871339677,-5421585186.970454,0.0,1,0,,1.0
000568.SZ,泸州老窖,CSI,地方国有企业,日常消费,食品饮料,日常消费--食品饮料--饮料--白酒与葡萄酒,2022,,,,,,,,,,51385481355.0,,0.196145022,10365383282.0,-286376927.5,target_year,,,,,,,,,,SOE_target,0.292921,0.33303400000000005,24.48937903,0.017126059,0.106913309,0.454541962,0.36166986,0.216331324,0.3488521,2.42764762,0.04580695,True,Pooled_H_plus_CSI_nonSOE,0.1895245934936256,0.33303400000000005,-0.14350940650637445,-7374299932.30042,0.0,1,0,,1.0
000568.SZ,泸州老窖,CSI,地方国有企业,日常消费,食品饮料,日常消费--食品饮料--饮料--白酒与葡萄酒,2023,,,,,,,,,,63294455201.6,,0.203418,13246394700.59,-371152206.41,target_year,,,,,,,,,,SOE_target,0.310533,0.350437,24.662622,0.017707,0.105461,0.456665,0.445643,0.188035,0.331936,3.149763,0.020145,True,Pooled_H_plus_CSI_nonSOE,0.19048492643253417,0.350437,-0.15995207356746582,-10124079354.818993,0.0,1,0,,1.0
000568.SZ,泸州老窖,CSI,地方国有企业,日常消费,食品饮料,日常消费--食品饮料--饮料--白酒与葡萄酒,2024,,,,,,,,,,68334595564.58,,0.190013,13472986476.01,-488521059.32,target_year,,,,,,,,,,SOE_target,0.269193,0.303514,24.871064,0.020627,0.100594,0.455183,0.557514,0.163232,0.343833,4.503939,0.023724,True,Pooled_H_plus_CSI_nonSOE,0.17722219944105405,0.303514,-0.12629180055894595,-8630099114.31817,0.0,1,0,,1.0
000568.SZ,泸州老窖,CSI,地方国有企业,日常消费,食品饮料,日常消费--食品饮料--饮料--白酒与葡萄酒,2025,,,,,,,,,,64794994851.27,,0.159252,10830713936.14,-511995793.73,target_year,,,,,,,,,,SOE_target,0.212454,0.222926,24.947682,0.020702,0.097008,0.401773,0.535297,0.145444,0.304774,3.562096,0.01739,True,Pooled_H_plus_CSI_nonSOE,0.185709685198572,0.222926,-0.03721631480142801,-2411430925.941771,0.0,1,0,,1.0
000596.SZ,古井贡酒,CSI,地方国有企业,日常消费,食品饮料,日常消费--食品饮料--饮料--白酒与葡萄酒,2019,,,,,,,,,,13871297363.0,,0.1536396,2097527740.0,33652843.25,target_year,,,,,,,,,,SOE_target,0.210201,0.253537,23.24978844,0.011090336,0.118716357,0.65369115,0.377977266,0.148466803,0.358129813,2.099445101,0.024566017,True,Pooled_H_plus_CSI_nonSOE,0.21522500712340198,0.253537,-0.03831199287659803,-531437045.7604291,0.0,1,0,,1.0
000596.SZ,古井贡酒,CSI,地方国有企业,日常消费,食品饮料,日常消费--食品饮料--饮料--白酒与葡萄酒,2020,,,,,,,,,,15186625709.0,,0.104943641,1854576249.0,-260836456.1,target_year,,,,,,,,,,SOE_target,0.170269,0.195348,23.3530876,0.011516279,0.109737598,0.668964823,0.452659503,0.137446251,0.32002361,2.478278192,0.029725347,True,Pooled_H_plus_CSI_nonSOE,0.2191925785211633,0.195348,0.023844578521163312,362118689.18976796,362118689.18976796,1,0,,1.0
000596.SZ,古井贡酒,CSI,地方国有企业,日常消费,食品饮料,日常消费--食品饮料--饮料--白酒与葡萄酒,2021,,,,,,,,,,25418086448.0,,0.08237594,2297894413.0,-204055657.1,target_year,,,,,,,,,,SOE_target,0.156203,0.1729,23.44368099,0.009556143,0.106852675,0.596517194,0.463047649,0.13676234,0.311970217,2.566970606,0.03698101,True,Pooled_H_plus_CSI_nonSOE,0.20948261493284337,0.1729,0.03658261493284337,929860068.8569086,929860068.8569086,1,0,,1.0
000596.SZ,古井贡酒,CSI,地方国有企业,日常消费,食品饮料,日常消费--食品饮料--饮料--白酒与葡萄酒,2022,,,,,,,,,,29789822299.0,,0.098249854,3143144732.0,-216299053.1,target_year,,,,,,,,,,SOE_target,0.161951,0.17931,23.95872682,0.010826289,0.106913309,0.553532359,0.496127525,0.119922437,0.321236832,2.642086497,0.022745779,True,Pooled_H_plus_CSI_nonSOE,0.20576978359034082,0.17931,0.02645978359034082,788232251.2262492,788232251.2262492,1,0,,1.0
000596.SZ,古井贡酒,CSI,地方国有企业,日常消费,食品饮料,日常消费--食品饮料--饮料--白酒与葡萄酒,2023,,,,,,,,,,35420907274.99,,0.12498,4589164052.8,-162244024.88,target_year,,,,,,,,,,SOE_target,0.194206,0.229194,24.117433,0.011386,0.105461,0.503159,0.413555,0.17444,0.351025,2.230925,0.053046,True,Pooled_H_plus_CSI_nonSOE,0.19405177577838112,0.229194,-0.03514222422161889,-1244769465.5908701,0.0,1,0,,1.0
000596.SZ,古井贡酒,CSI,地方国有企业,日常消费,食品饮料,日常消费--食品饮料--饮料--白酒与葡萄酒,2024,,,,,,,,,,40522413702.09,,0.127545,5517251073.1,-348824206.45,target_year,,,,,,,,,,SOE_target,0.196114,0.238933,24.290568,0.013596,0.100594,0.527626,0.369823,0.211931,0.367202,2.055674,0.067221,True,Pooled_H_plus_CSI_nonSOE,0.19454554798824203,0.238933,-0.04438745201175798,-1798686693.6021237,0.0,1,0,,1.0
000596.SZ,古井贡酒,CSI,地方国有企业,日常消费,食品饮料,日常消费--食品饮料--饮料--白酒与葡萄酒,2025,,,,,,,,,,38197033001.78,,0.07919,3549108530.34,-524281825.11,target_year,,,,,,,,,,SOE_target,0.11585100000000001,0.14279999999999998,24.425121,0.015531,0.097008,0.522432,0.357908,0.220514,0.365936,2.013605,0.059903,True,Pooled_H_plus_CSI_nonSOE,0.19614654305424095,0.14279999999999998,0.05334654305424097,2037679665.57372,2037679665.57372,1,0,,1.0
000625.SZ,长安汽车,CSI,中央国有企业,可选消费,汽车与零配件,可选消费--汽车与零配件--汽车--汽车制造,2019,,,,,,,,,,97617053590.0,,-0.0267024,-2646719357.0,40109729.93,target_year,,,,,,,,,,SOE_target,-0.025617,-0.058638,25.26110806,0.042976766,0.376606004,0.641161065,0.000570269,0.294632963,0.506327012,1.001235261,0.069402175,True,Pooled_H_plus_CSI_nonSOE,0.10994021939032328,-0.058638,0.16857821939032328,16456109076.331964,16456109076.331964,1,0,,1.0
000625.SZ,长安汽车,CSI,中央国有企业,可选消费,汽车与零配件,可选消费--汽车与零配件--汽车--汽车制造,2020,,,,,,,,,,120916000000.0,,0.025753678,3324251164.0,-210224449.6,target_year,,,,,,,,,,SOE_target,0.021840000000000002,0.068233,25.30431804,0.048553106,0.369422071,0.712769049,0.003824706,0.293691446,0.54993447,1.007583405,0.049004987,True,Pooled_H_plus_CSI_nonSOE,0.11660545988165044,0.068233,0.04837245988165044,5849004359.049644,5849004359.049644,1,0,,1.0
000625.SZ,长安汽车,CSI,中央国有企业,可选消费,汽车与零配件,可选消费--汽车与零配件--汽车--汽车制造,2021,,,,,,,,,,135405000000.0,,0.020468578,3552463320.0,-780923197.2,target_year,,,,,,,,,,SOE_target,0.023718,0.065097,25.51836032,0.060899463,0.324255792,0.744393964,0.085155696,0.227305221,0.557706229,1.164501984,0.02448023,True,Pooled_H_plus_CSI_nonSOE,0.12743469471949362,0.065097,0.062337694719493617,8440835553.493033,8440835553.493033,1,0,,1.0
000625.SZ,长安汽车,CSI,中央国有企业,可选消费,汽车与零配件,可选消费--汽车与零配件--汽车--汽车制造,2022,,,,,,,,,,146049000000.0,,0.046430759,7798451094.0,-1017305743.0,target_year,,,,,,,,,,SOE_target,0.047546,0.131518,25.63153334,0.066552035,0.289774151,0.789398213,0.111028195,0.168281819,0.587412612,1.197534901,0.014842728,True,Pooled_H_plus_CSI_nonSOE,0.13437989325956712,0.131518,0.002861893259567122,417976648.6665186,417976648.6665186,1,0,,1.0
000625.SZ,长安汽车,CSI,中央国有企业,可选消费,汽车与零配件,可选消费--汽车与零配件--汽车--汽车制造,2023,,,,,,,,,,190171127138.27,,0.054846,11327463013.15,-897343739.8,target_year,,,,,,,,,,SOE_target,0.057652,0.168174,25.707205,0.065149,0.236564,0.832473,0.151505,0.141971,0.568987,1.276767,0.00962,True,Pooled_H_plus_CSI_nonSOE,0.14638372051860507,0.168174,-0.02179027948139492,-4143882009.634789,0.0,1,0,,1.0
000625.SZ,长安汽车,CSI,中央国有企业,可选消费,汽车与零配件,可选消费--汽车与零配件--汽车--汽车制造,2024,,,,,,,,,,208168160960.86,,0.030682,7321363897.24,-934377313.05,target_year,,,,,,,,,,SOE_target,0.029237000000000003,0.098651,25.97119,0.069643,0.222276,0.871688,0.145635,0.115204,0.607284,1.268265,0.01485,True,Pooled_H_plus_CSI_nonSOE,0.14763486958561595,0.098651,0.048983869585615944,10196882048.384274,10196882048.384274,1,0,,1.0
000625.SZ,长安汽车,CSI,中央国有企业,可选消费,汽车与零配件,可选消费--汽车与零配件--汽车--汽车制造,2025,,,,,,,,,,202961073175.76,,0.008243,4075223181.54,-2402254178.2,target_year,,,,,,,,,,SOE_target,0.007078999999999999,0.052954999999999995,26.061612,0.066776,0.204324,0.780152,0.110542,0.112265,0.620112,1.202997,0.023385,True,Pooled_H_plus_CSI_nonSOE,0.13483158387435715,0.052954999999999995,0.08187658387435715,16617759331.104652,16617759331.104652,1,0,,1.0
000630.SZ,铜陵有色,CSI,地方国有企业,材料,有色金属,材料--有色金属--其他金属与采矿--铜,2019,,,,,,,,,,47911462040.0,,0.034936129,830519538.9,843321498.5,target_year,,,,,,,,,,SOE_target,0.044438000000000005,0.045825,24.57311927,0.107375707,0.167062795,1.778891139,0.047947434,0.423232636,0.585335866,1.105669994,0.039954446,True,Pooled_H_plus_CSI_nonSOE,0.33445292210902783,0.045825,0.2886279221090278,13828585733.810762,13828585733.810762,1,0,,1.0
000630.SZ,铜陵有色,CSI,地方国有企业,材料,有色金属,材料--有色金属--其他金属与采矿--铜,2020,,,,,,,,,,52183190515.0,,0.0300009,865617570.2,699925112.8,target_year,,,,,,,,,,SOE_target,0.040757,0.046484,24.5926206,0.100133945,0.15478921,1.952838717,0.040641048,0.064143716,0.582373514,1.089014302,0.048908307,True,Pooled_H_plus_CSI_nonSOE,0.3532313091333788,0.046484,0.3067473091333788,16007053272.470705,16007053272.470705,1,0,,1.0
000630.SZ,铜陵有色,CSI,地方国有企业,材料,有色金属,材料--有色金属--其他金属与采矿--铜,2021,,,,,,,,,,50840423322.0,,0.073934839,3101437394.0,657441101.1,target_year,,,,,,,,,,SOE_target,0.087515,0.152663,24.67802626,0.089422838,0.159708925,1.980398677,0.062694728,0.395146684,0.604078218,1.133379498,0.029110604,True,Pooled_H_plus_CSI_nonSOE,0.3405094084479605,0.152663,0.18784640844796052,9550190925.01163,9550190925.01163,1,0,,1.0
000630.SZ,铜陵有色,CSI,地方国有企业,材料,有色金属,材料--有色金属--其他金属与采矿--铜,2022,,,,,,,,,,61435721001.0,,0.048847359,2730365503.0,270607202.3,target_year,,,,,,,,,,SOE_target,0.071308,0.116014,24.65195761,0.087482568,0.168216562,2.535307153,0.122679783,0.331032316,0.539754531,1.271506553,0.028018459,True,Pooled_H_plus_CSI_nonSOE,0.34934676281885224,0.116014,0.23333276281885224,14334966516.931513,14334966516.931513,1,0,,1.0
000630.SZ,铜陵有色,CSI,地方国有企业,材料,有色金属,材料--有色金属--其他金属与采矿--铜,2023,,,,,,,,,,78245124732.45,,0.044503,2699176213.13,782997513.28,target_year,,,,,,,,,,SOE_target,0.07719999999999999,0.09441000000000001,24.841257,0.070913,0.153058,2.163998,0.238003,0.307224,0.511933,1.604722,0.022351,True,Pooled_H_plus_CSI_nonSOE,0.3497509905492085,0.09441000000000001,0.2553409905492085,19979187654.830154,19979187654.830154,1,0,,1.0
000630.SZ,铜陵有色,CSI,地方国有企业,材料,有色金属,材料--有色金属--其他金属与采矿--铜,2024,,,,,,,,,,80944491696.95,,0.041541,2808595667.89,553908195.56,target_year,,,,,,,,,,SOE_target,0.076154,0.08549,25.083112,0.078795,0.159476,1.954958,0.220046,0.360623,0.495217,1.716717,0.035157,True,Pooled_H_plus_CSI_nonSOE,0.34974095125434956,0.08549,0.26425095125434955,21389658929.718834,21389658929.718834,1,0,,1.0
000630.SZ,铜陵有色,CSI,地方国有企业,材料,有色金属,材料--有色金属--其他金属与采矿--铜,2025,,,,,,,,,,100206269994.18,,0.026554,2415007111.01,245854206.4,target_year,,,,,,,,,,SOE_target,0.082262,0.068151,25.117029,0.0806,0.15747,1.812794,0.223788,0.367705,0.477954,1.762476,0.053808,True,Pooled_H_plus_CSI_nonSOE,0.34532286465417994,0.068151,0.2771718646541799,27774358704.32707,27774358704.32707,1,0,,1.0
000661.SZ,长春高新,CSI,地方国有企业,医疗保健,医药生物,医疗保健--医药生物--生物科技Ⅲ--生物科技Ⅳ,2019,,,,,,,,,,12721347980.0,,0.140094925,1775009197.0,7187092.75,target_year,,,,,,,,,,SOE_target,0.25021,0.265335,22.96536241,0.01666701,0.277672488,0.629372512,0.384823425,0.183556495,0.327952407,2.243198051,0.072832591,True,Pooled_H_plus_CSI_nonSOE,0.09847147459733607,0.265335,-0.16686352540266391,-2122728971.8168573,0.0,1,0,,1.0
000661.SZ,长春高新,CSI,地方国有企业,医疗保健,医药生物,医疗保健--医药生物--生物科技Ⅲ--生物科技Ⅳ,2020,,,,,,,,,,16844623212.0,,0.177002842,3046586145.0,-65039965.52,target_year,,,,,,,,,,SOE_target,0.264716,0.320434,23.26654736,0.019412895,0.276190471,0.652028363,0.434200445,0.186278313,0.307653964,2.717054693,0.066412897,True,Pooled_H_plus_CSI_nonSOE,0.10219094065100684,0.320434,-0.21824305934899316,-3676222103.367944,0.0,1,0,,1.0
000661.SZ,长春高新,CSI,地方国有企业,医疗保健,医药生物,医疗保健--医药生物--生物科技Ⅲ--生物科技Ⅳ,2021,,,,,,,,,,22515769521.0,,0.168378138,3757472953.0,33690395.89,target_year,,,,,,,,,,SOE_target,0.229995,0.294649,23.54729735,0.021158132,0.256105921,0.572269824,0.452061369,0.161954607,0.268417314,3.196037951,0.065130959,True,Pooled_H_plus_CSI_nonSOE,0.09745347443362357,0.294649,-0.19719552556637643,-4440009004.224995,0.0,1,0,,1.0
000661.SZ,长春高新,CSI,地方国有企业,医疗保健,医药生物,医疗保健--医药生物--生物科技Ⅲ--生物科技Ⅳ,2022,,,,,,,,,,26027589000.0,,0.160762835,4140524000.0,43745000.0,target_year,,,,,,,,,,SOE_target,0.19917300000000002,0.253845,23.83748177,0.022164402,0.230275265,0.539222704,0.455923984,0.189456247,0.234455712,3.719092909,0.099033871,True,Pooled_H_plus_CSI_nonSOE,0.09139386170831906,0.253845,-0.16245113829168092,-4228211460.038033,0.0,1,0,,1.0
000661.SZ,长春高新,CSI,地方国有企业,医疗保健,医药生物,医疗保健--医药生物--生物科技Ⅲ--生物科技Ⅳ,2023,,,,,,,,,,30743650000.0,,0.148622,4532484000.0,36691000.0,target_year,,,,,,,,,,SOE_target,0.190234,0.22592600000000002,23.982423,0.023321,0.212266,0.520244,0.441385,0.215704,0.200643,4.014785,0.080347,True,Pooled_H_plus_CSI_nonSOE,0.09599625547376484,0.22592600000000002,-0.12992974452623518,-3994514590.3039904,0.0,1,0,,1.0
000661.SZ,长春高新,CSI,地方国有企业,医疗保健,医药生物,医疗保健--医药生物--生物科技Ⅲ--生物科技Ⅳ,2024,,,,,,,,,,31051118000.0,,0.084386,2583059000.0,37225000.0,target_year,,,,,,,,,,SOE_target,0.098578,0.11461299999999999,24.148949,0.024278,0.216978,0.513149,0.434749,0.220367,0.185775,3.785057,0.068203,True,Pooled_H_plus_CSI_nonSOE,0.1012527819987406,0.11461299999999999,-0.013360218001259389,-414849705.6628294,0.0,1,0,,1.0
000661.SZ,长春高新,CSI,地方国有企业,医疗保健,医药生物,医疗保健--医药生物--生物科技Ⅲ--生物科技Ⅳ,2025,,,,,,,,,,30080522676.54,,0.005032,154971452.8,-3597720.1,target_year,,,,,,,,,,SOE_target,-0.000103,0.006886,24.158901,0.022221,0.230555,0.435818,0.413877,0.296122,0.159372,4.758913,0.070244,True,Pooled_H_plus_CSI_nonSOE,0.0848174647420884,0.006886,0.0779314647420884,2344219192.3903675,2344219192.3903675,1,0,,1.0
000708.SZ,中信特钢,CSI,中央国有企业,材料,钢铁Ⅱ,材料--钢铁Ⅱ--钢铁Ⅲ--钢铁Ⅳ,2019,,,,,,,,,,72585012817.0,,0.083513444,5386471751.0,675352668.3,target_year,,,,,,,,,,SOE_target,0.176222,0.363352,22.76161251,0.032712966,0.659924097,1.755051415,0.268473152,0.301352839,0.426450625,1.656608326,0.006238616,True,Pooled_H_plus_CSI_nonSOE,0.29855077331492874,0.363352,-0.06480122668507127,-4703597869.49322,0.0,1,0,,1.0
000708.SZ,中信特钢,CSI,中央国有企业,材料,钢铁Ⅱ,材料--钢铁Ⅱ--钢铁Ⅲ--钢铁Ⅳ,2020,,,,,,,,,,77440955872.0,,0.081567321,6024490435.0,292160864.1,target_year,,,,,,,,,,SOE_target,0.100046,0.224814,25.0080243,0.169549802,0.517023931,1.795776839,-0.115890571,0.502585806,0.651765819,0.777849873,0.033710624,True,Pooled_H_plus_CSI_nonSOE,0.3078545079971188,0.224814,0.08304050799711876,6430736315.393337,6430736315.393337,1,0,,1.0
000708.SZ,中信特钢,CSI,中央国有企业,材料,钢铁Ⅱ,材料--钢铁Ⅱ--钢铁Ⅲ--钢铁Ⅳ,2021,,,,,,,,,,84876296225.0,,0.099292685,7952600073.0,474995237.4,target_year,,,,,,,,,,SOE_target,0.117103,0.260083,25.07278162,0.17881253,0.51422962,0.990041735,-0.075179664,0.500365298,0.633460502,0.845073368,0.040993194,True,Pooled_H_plus_CSI_nonSOE,0.2070356729207175,0.260083,-0.0530473270792825,-4502460647.125646,0.0,1,0,,1.0
000708.SZ,中信特钢,CSI,中央国有企业,材料,钢铁Ⅱ,材料--钢铁Ⅱ--钢铁Ⅲ--钢铁Ⅳ,2022,,,,,,,,,,90774617316.0,,0.084181709,7105382184.0,536180238.7,target_year,,,,,,,,,,SOE_target,0.10000999999999999,0.205711,25.16446069,0.177590042,0.499605416,1.192303635,-0.066566956,0.509734388,0.611580087,0.854053661,0.029734147,True,Pooled_H_plus_CSI_nonSOE,0.2384472502232014,0.205711,0.032736250223201396,2971620586.3719263,2971620586.3719263,1,0,,1.0
000708.SZ,中信特钢,CSI,中央国有企业,材料,钢铁Ⅱ,材料--钢铁Ⅱ--钢铁Ⅲ--钢铁Ⅳ,2023,,,,,,,,,,116506605547.44,,0.05531,5721189483.5,722748724.28,target_year,,,,,,,,,,SOE_target,0.063282,0.152797,25.231646,0.182756,0.520062,1.113146,0.001558,0.489854,0.598595,1.00377,0.019696,True,Pooled_H_plus_CSI_nonSOE,0.2294267573336246,0.152797,0.07662975733362462,8927872910.86465,8927872910.86465,1,0,,1.0
000708.SZ,中信特钢,CSI,中央国有企业,材料,钢铁Ⅱ,材料--钢铁Ⅱ--钢铁Ⅲ--钢铁Ⅳ,2024,,,,,,,,,,111043379345.44,,0.053478,5125627037.63,812782921.61,target_year,,,,,,,,,,SOE_target,0.052064000000000006,0.128882,25.481214,0.215568,0.490176,1.092959,0.014667,0.464756,0.642643,1.034493,0.017144,True,Pooled_H_plus_CSI_nonSOE,0.22770146763627103,0.128882,0.09881946763627103,10973247631.448875,10973247631.448875,1,0,,1.0
000708.SZ,中信特钢,CSI,中央国有企业,材料,钢铁Ⅱ,材料--钢铁Ⅱ--钢铁Ⅲ--钢铁Ⅳ,2025,,,,,,,,,,110322568610.71,,0.060174,5928668055.97,709860550.13,target_year,,,,,,,,,,SOE_target,0.071372,0.140293,25.433187,0.218923,0.484294,0.954379,0.047169,0.470685,0.605304,1.124346,0.004975,True,Pooled_H_plus_CSI_nonSOE,0.21667041953181737,0.140293,0.07637741953181737,8426153106.607904,8426153106.607904,1,0,,1.0
000725.SZ,京东方A,CSI,地方国有企业,信息技术,硬件设备,信息技术--硬件设备--电子设备、仪器和元件--电子元件,2019,,,,,,,,,,340412000000.0,,0.013054115,1918643871.0,2525136209.0,target_year,,,,,,,,,,SOE_target,0.006793,0.02121,26.44038726,0.083290852,0.161142974,0.34395235,0.123225909,0.607117725,0.604124939,1.602046183,0.179327091,True,Pooled_H_plus_CSI_nonSOE,0.09344340609151681,0.02121,0.07223340609151682,24589118234.425423,24589118234.425423,1,0,,1.0
000725.SZ,京东方A,CSI,地方国有企业,信息技术,硬件设备,信息技术--硬件设备--电子设备、仪器和元件--电子元件,2020,,,,,,,,,,424257000000.0,,0.018115872,5035627952.0,2650153972.0,target_year,,,,,,,,,,SOE_target,0.015936,0.050779,26.55342308,0.094918529,0.145048886,0.357514634,0.076584666,0.626190901,0.585626791,1.33262216,0.145164883,True,Pooled_H_plus_CSI_nonSOE,0.10858953796113119,0.050779,0.05781053796113119,24526525403.775635,24526525403.775635,1,0,,1.0
000725.SZ,京东方A,CSI,地方国有企业,信息技术,硬件设备,信息技术--硬件设备--电子设备、仪器和元件--电子元件,2021,,,,,,,,,,450233000000.0,,0.068181899,25830935500.0,4866778333.0,target_year,,,,,,,,,,SOE_target,0.087905,0.209698,26.77360478,0.096274649,0.129289002,0.351717326,0.056631111,0.630378658,0.591290624,1.228909006,0.104218327,True,Pooled_H_plus_CSI_nonSOE,0.11538891254447332,0.209698,-0.09430908745552667,-42461063372.36414,0.0,0,1,FirmSize_lag,1.0
000725.SZ,京东方A,CSI,地方国有企业,信息技术,硬件设备,信息技术--硬件设备--电子设备、仪器和元件--电子元件,2022,,,,,,,,,,420562000000.0,,0.026448149,7550877790.0,3572211438.0,target_year,,,,,,,,,,SOE_target,0.004916,0.054093999999999996,26.83303018,0.123686202,0.108896372,0.498314997,0.128549125,0.57579366,0.517185639,1.559942897,0.079225595,True,Pooled_H_plus_CSI_nonSOE,0.1500630215864893,0.054093999999999996,0.09596902158648929,40360923656.45711,40360923656.45711,0,1,FirmSize_lag,1.0
000725.SZ,京东方A,CSI,地方国有企业,信息技术,硬件设备,信息技术--硬件设备--电子设备、仪器和元件--电子元件,2023,,,,,,,,,,419187099795.0,,0.008821,2547435360.0,1150310546.0,target_year,,,,,,,,,,SOE_target,0.004366,0.019188,26.764858,0.093694,0.117158,0.406843,0.134489,0.592952,0.519571,1.660217,0.069902,True,Pooled_H_plus_CSI_nonSOE,0.1340991276319359,0.019188,0.11491112763193591,48169262326.2043,48169262326.2043,1,0,,1.0
000725.SZ,京东方A,CSI,地方国有企业,信息技术,硬件设备,信息技术--硬件设备--电子设备、仪器和元件--电子元件,2024,,,,,,,,,,429978221541.0,,0.015228,5323248974.0,1224387370.0,target_year,,,,,,,,,,SOE_target,0.014862,0.040579000000000004,26.761583,0.090613,0.108206,0.413005,0.126493,0.572636,0.528137,1.588068,0.059181,True,Pooled_H_plus_CSI_nonSOE,0.13603746604489017,0.040579000000000004,0.09545846604489017,41045061461.01381,41045061461.01381,1,0,,1.0
000725.SZ,京东方A,CSI,地方国有企业,信息技术,硬件设备,信息技术--硬件设备--电子设备、仪器和元件--电子元件,2025,,,,,,,,,,436378322803.0,,0.017631,5856966754.0,1836646802.0,target_year,,,,,,,,,,SOE_target,0.020478999999999997,0.043803999999999996,26.787,0.087283,0.114376,0.464184,0.065413,0.546687,0.524287,1.244021,0.079162,True,Pooled_H_plus_CSI_nonSOE,0.1436543643122321,0.043803999999999996,0.09985036431223211,43572534509.84038,43572534509.84038,0,1,FirmSize_lag,1.0
000768.SZ,中航西飞,CSI,中央国有企业,工业,国防军工,工业--国防军工--航空航天与国防Ⅲ--航空航天,2019,,,,,,,,,,48762673248.0,,0.012683797,568852605.8,49643225.99,target_year,,,,,,,,,,SOE_target,0.013455,0.034902,24.59232877,0.388396049,0.285442207,0.753242655,0.236234078,0.115521522,0.596783173,1.405193657,0.017350223,True,Pooled_H_plus_CSI_nonSOE,0.17332551967337823,0.034902,0.13842351967337824,6749900859.671042,6749900859.671042,1,0,,1.0
000768.SZ,中航西飞,CSI,中央国有企业,工业,国防军工,工业--国防军工--航空航天与国防Ⅲ--航空航天,2020,,,,,,,,,,58460327428.0,,0.012833044,777376665.7,-27152717.86,target_year,,,,,,,,,,SOE_target,0.018278000000000003,0.048807,24.61023096,0.366640164,0.279462147,0.708764482,0.205304523,0.096630721,0.659529328,1.32864265,0.014818499,True,Pooled_H_plus_CSI_nonSOE,0.1605998373407184,0.048807,0.11179283734071839,6535445875.043542,6535445875.043542,1,0,,1.0
000768.SZ,中航西飞,CSI,中央国有企业,工业,国防军工,工业--国防军工--航空航天与国防Ⅲ--航空航天,2021,,,,,,,,,,71989049045.0,,0.009441759,652910969.4,26792284.69,target_year,,,,,,,,,,SOE_target,0.012112000000000001,0.042059,24.7916142,0.332759455,0.273615357,0.622793812,0.084209641,0.168720078,0.738183945,1.129117964,0.018325985,True,Pooled_H_plus_CSI_nonSOE,0.1398011166401641,0.042059,0.09774211664016409,7036362028.570884,7036362028.570884,1,0,,1.0
000768.SZ,中航西飞,CSI,中央国有企业,工业,国防军工,工业--国防军工--航空航天与国防Ⅲ--航空航天,2022,,,,,,,,,,82173551967.0,,0.004895149,523352485.0,-121100735.1,target_year,,,,,,,,,,SOE_target,0.007887,0.032837,24.99977985,0.287896095,0.271325141,0.499998192,0.051283057,0.131025938,0.781332402,1.06932487,0.009251516,True,Pooled_H_plus_CSI_nonSOE,0.11746931724543119,0.032837,0.08463231724543119,6954538119.25507,6954538119.25507,1,0,,1.0
000768.SZ,中航西飞,CSI,中央国有企业,工业,国防军工,工业--国防军工--航空航天与国防Ⅲ--航空航天,2023,,,,,,,,,,80920781039.43,,0.007502,860970264.62,-253872238.01,target_year,,,,,,,,,,SOE_target,0.012524,0.048262,25.132099,0.286581,0.272876,0.482254,0.039442,0.108782,0.803657,1.050589,0.010648,True,Pooled_H_plus_CSI_nonSOE,0.11313798459740101,0.048262,0.06487598459740102,5249815344.32372,5249815344.32372,1,0,,1.0
000768.SZ,中航西飞,CSI,中央国有企业,工业,国防军工,工业--国防军工--航空航天与国防Ⅲ--航空航天,2024,,,,,,,,,,73810707203.02,,0.012074,1023435524.55,-132241221.51,target_year,,,,,,,,,,SOE_target,0.01374,0.050454,25.116737,0.247662,0.247277,0.490449,0.034391,0.111253,0.75847,1.044253,0.014477,True,Pooled_H_plus_CSI_nonSOE,0.11690769384449393,0.050454,0.06645369384449393,4904994138.915074,4904994138.915074,1,0,,1.0
000768.SZ,中航西飞,CSI,中央国有企业,工业,国防军工,工业--国防军工--航空航天与国防Ⅲ--航空航天,2025,,,,,,,,,,77846648435.6,,0.013604,1151240411.01,-92184233.18,target_year,,,,,,,,,,SOE_target,0.016361,0.053258,25.02477,0.267949,0.253215,0.554655,0.03727,0.126676,0.71516,1.050416,0.019016,True,Pooled_H_plus_CSI_nonSOE,0.13246028955932368,0.053258,0.07920228955932368,6165632790.619264,6165632790.619264,1,0,,1.0
000786.SZ,北新建材,CSI,中央国有企业,材料,建材Ⅱ,材料--建材Ⅱ--建材Ⅲ--建材Ⅳ,2019,,,,,,,,,,21463592266.0,,0.021954556,441144299.5,30079335.77,target_year,,,,,,,,,,SOE_target,0.034527999999999996,0.031249,23.60851566,0.082164854,0.736746816,0.728133542,0.186426406,0.552409337,0.193719088,2.443171724,0.087405108,True,Pooled_H_plus_CSI_nonSOE,0.18364534925344855,0.031249,0.15239634925344855,3270973103.2029533,3270973103.2029533,1,0,,1.0
000786.SZ,北新建材,CSI,中央国有企业,材料,建材Ⅱ,材料--建材Ⅱ--建材Ⅲ--建材Ⅳ,2020,,,,,,,,,,22915217102.0,,0.128089923,2859866559.0,75341830.31,target_year,,,,,,,,,,SOE_target,0.15058,0.186805,23.78962395,0.072892526,0.764425084,0.668831118,0.005969725,0.558113567,0.322457519,1.020643679,0.098415159,True,Pooled_H_plus_CSI_nonSOE,0.16652429841167438,0.186805,-0.020280701588325623,-464736679.87735784,0.0,1,0,,1.0
000786.SZ,北新建材,CSI,中央国有企业,材料,建材Ⅱ,材料--建材Ⅱ--建材Ⅲ--建材Ⅳ,2021,,,,,,,,,,26573872663.0,,0.135197922,3510191056.0,82541300.71,target_year,,,,,,,,,,SOE_target,0.153334,0.197136,23.85506703,0.081293583,0.753086611,0.748938503,0.085974085,0.556825824,0.238293646,1.403259242,0.059647758,True,Pooled_H_plus_CSI_nonSOE,0.1929349711790468,0.197136,-0.004201028820953218,-111637604.94160382,0.0,1,0,,1.0
000786.SZ,北新建材,CSI,中央国有企业,材料,建材Ⅱ,材料--建材Ⅱ--建材Ⅲ--建材Ⅳ,2022,,,,,,,,,,28604536226.0,,0.113485144,3136397898.0,109792022.4,target_year,,,,,,,,,,SOE_target,0.12256700000000001,0.157211,24.00319434,0.100137906,0.668525521,0.843240168,0.141342424,0.510095168,0.265218624,1.693275559,0.061260434,True,Pooled_H_plus_CSI_nonSOE,0.20710973840707364,0.157211,0.04989873840707365,1427330270.3968358,1427330270.3968358,1,0,,1.0
000786.SZ,北新建材,CSI,中央国有企业,材料,建材Ⅱ,材料--建材Ⅱ--建材Ⅲ--建材Ⅳ,2023,,,,,,,,,,30660627191.82,,0.117717,3524001193.59,85282127.5,target_year,,,,,,,,,,SOE_target,0.127174,0.159022,24.076831,0.114777,0.617588,0.714546,0.199399,0.480786,0.250342,2.082374,0.045478,True,Pooled_H_plus_CSI_nonSOE,0.19749189745414103,0.159022,0.03846989745414103,1179511183.9489636,1179511183.9489636,1,0,,1.0
000786.SZ,北新建材,CSI,中央国有企业,材料,建材Ⅱ,材料--建材Ⅱ--建材Ⅲ--建材Ⅳ,2024,,,,,,,,,,35139481982.58,,0.105885,3646942470.4,73810131.21,target_year,,,,,,,,,,SOE_target,0.12231,0.148739,24.146245,0.124756,0.650954,0.748723,0.217618,0.463646,0.225985,2.188839,0.037909,True,Pooled_H_plus_CSI_nonSOE,0.20539638151764655,0.148739,0.05665738151764654,1990911037.019502,1990911037.019502,1,0,,1.0
000786.SZ,北新建材,CSI,中央国有企业,材料,建材Ⅱ,材料--建材Ⅱ--建材Ⅲ--建材Ⅳ,2025,,,,,,,,,,36088073943.54,,0.08132,2906380291.66,28292119.13,target_year,,,,,,,,,,SOE_target,0.092774,0.110011,24.282591,0.193215,0.525443,0.776379,0.126703,0.443899,0.239609,1.573315,0.03398,True,Pooled_H_plus_CSI_nonSOE,0.23200138512133567,0.110011,0.12199038512133567,4402398038.659683,4402398038.659683,1,0,,1.0
000792.SZ,盐湖股份,CSI,中央国有企业,材料,化工,材料--化工--农用化工--化肥与农用药剂,2020,,,,,,,,,,20109814551.0,,0.12072931,2039507351.0,388336689.4,target_year,,,,,,,,,,SOE_target,0.153226,-0.154504,23.83818018,0.063309446,0.180537484,0.350103012,-0.888553207,0.365084577,2.290134477,0.314471187,0.020977312,True,Pooled_H_plus_CSI_nonSOE,0.08543211610466833,-0.154504,0.23993611610466833,4825070798.952085,4825070798.952085,0,2,"FinancialLeverage_lag, CurrentRatio_lag",1.0
000792.SZ,盐湖股份,CSI,中央国有企业,材料,化工,材料--化工--农用化工--化肥与农用药剂,2021,,,,,,,,,,25267358712.0,,0.186473385,4478386640.0,233303260.0,target_year,,,,,,,,,,SOE_target,0.24559799999999998,0.6657129999999999,23.72447382,0.044384921,0.203999831,0.619101631,0.10089712,0.432346651,0.738152668,1.397826148,0.026706701,True,Pooled_H_plus_CSI_nonSOE,0.11132473595280645,0.6657129999999999,-0.5543882640471934,-14007927133.40341,0.0,1,0,,1.0
000792.SZ,盐湖股份,CSI,中央国有企业,材料,化工,材料--化工--农用化工--化肥与农用药剂,2022,,,,,,,,,,41982836045.0,,0.377563052,15564592332.0,286575396.1,target_year,,,,,,,,,,SOE_target,0.638701,0.9016689999999999,23.95277923,0.026196976,0.197245037,0.612016847,0.258214762,0.32793301,0.538918822,2.112423225,0.03199102,True,Pooled_H_plus_CSI_nonSOE,0.13368839618675354,0.9016689999999999,-0.7679806038132464,-32242003775.631626,0.0,1,0,,1.0
000792.SZ,盐湖股份,CSI,中央国有企业,材料,化工,材料--化工--农用化工--化肥与农用药剂,2023,,,,,,,,,,46407287224.03,,0.166608,7913614646.24,-181785870.71,target_year,,,,,,,,,,SOE_target,0.236788,0.277208,24.460527,0.040375,0.212868,0.867661,0.494585,0.195432,0.32174,3.437173,0.016199,True,Pooled_H_plus_CSI_nonSOE,0.19369885944345563,0.277208,-0.08350914055654438,-3875432671.639447,0.0,1,0,,1.0
000792.SZ,盐湖股份,CSI,中央国有企业,材料,化工,材料--化工--农用化工--化肥与农用药剂,2024,,,,,,,,,,45782850934.85,,0.098615,4663116528.38,-148225180.31,target_year,,,,,,,,,,SOE_target,0.121684,0.136187,24.560722,0.024829,0.215825,0.460211,0.452081,0.196388,0.252473,3.23378,0.020319,True,Pooled_H_plus_CSI_nonSOE,0.15225705757961688,0.136187,0.01607005757961688,735733050.6820561,735733050.6820561,1,0,,1.0
000792.SZ,盐湖股份,CSI,中央国有企业,材料,化工,材料--化工--农用化工--化肥与农用药剂,2025,,,,,,,,,,55781587198.78,,0.148146,8475535262.69,-211737505.69,target_year,,,,,,,,,,SOE_target,0.137464,0.20790199999999998,24.547175,0.016693,0.213171,0.300786,0.523648,0.229043,0.135178,7.330134,0.026687,True,Pooled_H_plus_CSI_nonSOE,0.1147573602053253,0.20790199999999998,-0.09314463979467467,-5195755846.805599,0.0,1,0,,1.0
000807.SZ,云铝股份,CSI,中央国有企业,材料,有色金属,材料--有色金属--其他金属与采矿--铝,2019,,,,,,,,,,39579456610.0,,0.036408062,495225700.7,945785611.3,target_year,,,,,,,,,,SOE_target,0.038792,0.051628999999999994,24.34817655,0.027430628,0.167062795,0.58682112,-0.302984394,0.62190244,0.754381207,0.463725714,0.097778035,True,Pooled_H_plus_CSI_nonSOE,0.1401882837270797,0.051628999999999994,0.0885592837270797,3505128327.68863,3505128327.68863,1,0,,1.0
000807.SZ,云铝股份,CSI,中央国有企业,材料,有色金属,材料--有色金属--其他金属与采矿--铝,2020,,,,,,,,,,41018597713.0,,0.037772411,902555209.2,646816135.0,target_year,,,,,,,,,,SOE_target,0.033660999999999996,0.079432,24.40157605,0.025926514,0.15478921,0.622336875,-0.289221224,0.663335078,0.682322746,0.441998275,0.089439243,True,Pooled_H_plus_CSI_nonSOE,0.157825232632426,0.079432,0.07839323263242601,3215580472.7711062,3215580472.7711062,1,0,,1.0
000807.SZ,云铝股份,CSI,中央国有企业,材料,有色金属,材料--有色金属--其他金属与采矿--铝,2021,,,,,,,,,,37837121415.0,,0.103262874,3319026415.0,588143490.6,target_year,,,,,,,,,,SOE_target,0.118904,0.22129000000000001,24.4372914,0.026430521,0.159708925,0.726936071,-0.275514356,0.73416272,0.664574167,0.348730522,0.128882093,True,Pooled_H_plus_CSI_nonSOE,0.16798283611309425,0.22129000000000001,-0.05330716388690576,-2016989632.2781565,0.0,0,2,"FixedAssetsRatio_lag, CurrentRatio_lag",1.0
000807.SZ,云铝股份,CSI,中央国有企业,材料,有色金属,材料--有色金属--其他金属与采矿--铝,2022,,,,,,,,,,39059473292.0,,0.123982697,4568644918.0,274053905.3,target_year,,,,,,,,,,SOE_target,0.159689,0.22537600000000002,24.35655651,0.027692993,0.168216562,1.048534058,-0.118291959,0.73601922,0.447359166,0.544969442,0.033677016,True,Pooled_H_plus_CSI_nonSOE,0.25496685460305807,0.22537600000000002,0.029590854603058048,1155803195.0556011,1155803195.0556011,0,1,FixedAssetsRatio_lag,1.0
000807.SZ,云铝股份,CSI,中央国有企业,材料,有色金属,材料--有色金属--其他金属与采矿--铝,2023,,,,,,,,,,39309705821.93,,0.103436,3955771178.74,110284499.19,target_year,,,,,,,,,,SOE_target,0.141472,0.16454899999999997,24.388351,0.028078,0.153058,1.251062,-0.020505,0.639861,0.352871,0.911469,0.024668,True,Pooled_H_plus_CSI_nonSOE,0.29392026270710725,0.16454899999999997,0.12937126270710728,5085546278.828011,5085546278.828011,1,0,,1.0
000807.SZ,云铝股份,CSI,中央国有企业,材料,有色金属,材料--有色金属--其他金属与采矿--铝,2024,,,,,,,,,,41901504028.87,,0.105837,4411670800.53,23060223.52,target_year,,,,,,,,,,SOE_target,0.147651,0.163245,24.394737,0.024418,0.159476,1.079805,0.096094,0.600554,0.255987,1.620727,0.018647,True,Pooled_H_plus_CSI_nonSOE,0.27921900595093846,0.163245,0.11597400595093846,4859485277.597442,4859485277.597442,1,0,,1.0
000807.SZ,云铝股份,CSI,中央国有企业,材料,有色金属,材料--有色金属--其他金属与采矿--铝,2025,,,,,,,,,,44175520008.47,,0.136401,6054686552.59,-29118803.1,target_year,,,,,,,,,,SOE_target,0.200353,0.200643,24.458588,0.030201,0.15747,1.33148,0.174647,0.533549,0.232785,2.02867,0.015705,True,Pooled_H_plus_CSI_nonSOE,0.3125277816991908,0.200643,0.11188478169919083,4942568412.595902,4942568412.595902,1,0,,1.0
000858.SZ,五粮液,CSI,地方国有企业,日常消费,食品饮料,日常消费--食品饮料--饮料--白酒与葡萄酒,2019,,,,,,,,,,106397000000.0,,0.163558829,17402164190.0,0.0,target_year,,,,,,,,,,SOE_target,0.235747,0.252612,25.17870865,0.051088045,0.118716357,0.434624476,0.66673842,0.065199925,0.243626288,3.772013974,0.004429813,True,Pooled_H_plus_CSI_nonSOE,0.20325721154825505,0.252612,-0.04935478845174496,-5251201426.900309,0.0,1,0,,1.0
000858.SZ,五粮液,CSI,地方国有企业,日常消费,食品饮料,日常消费--食品饮料--饮料--白酒与葡萄酒,2020,,,,,,,,,,113893000000.0,,0.162163327,19954809595.0,-1485519200.0,target_year,,,,,,,,,,SOE_target,0.251291,0.24944,25.39044296,0.056293889,0.109737598,0.448163389,0.625884029,0.065045193,0.284791231,3.217181758,0.015965258,True,Pooled_H_plus_CSI_nonSOE,0.20394027244905505,0.24944,-0.045499727550944946,-5182100469.959773,0.0,1,0,,1.0
000858.SZ,五粮液,CSI,地方国有企业,日常消费,食品饮料,日常消费--食品饮料--饮料--白酒与葡萄酒,2021,,,,,,,,,,135621000000.0,,0.159602143,23377074353.0,-1731702085.0,target_year,,,,,,,,,,SOE_target,0.260109,0.253034,25.45852647,0.054280467,0.106852675,0.446944355,0.671477934,0.064523911,0.22946854,3.955172532,0.008725373,True,Pooled_H_plus_CSI_nonSOE,0.20702106141053306,0.253034,-0.04601293858946692,-6240320744.442094,0.0,1,0,,1.0
000858.SZ,五粮液,CSI,地方国有企业,日常消费,食品饮料,日常消费--食品饮料--饮料--白酒与葡萄酒,2022,,,,,,,,,,152715000000.0,,0.161505774,26690661397.0,-2026351048.0,target_year,,,,,,,,,,SOE_target,0.257363,0.250507,25.63312868,0.054352346,0.106913309,0.452234076,0.652717866,0.060860503,0.25238699,3.633364619,0.011348768,True,Pooled_H_plus_CSI_nonSOE,0.20729078469148715,0.250507,-0.04321621530851283,-6599764320.839537,0.0,1,0,,1.0
000858.SZ,五粮液,CSI,地方国有企业,日常消费,食品饮料,日常消费--食品饮料--饮料--白酒与葡萄酒,2023,,,,,,,,,,165432981684.75,,0.167666,30210585269.3,-2473170676.27,target_year,,,,,,,,,,SOE_target,0.263479,0.248051,25.751837,0.051826,0.105461,0.438516,0.666646,0.059486,0.235934,3.84701,0.011659,True,Pooled_H_plus_CSI_nonSOE,0.20623313174271524,0.248051,-0.04181786825728476,-6918054633.502678,0.0,1,0,,1.0
000858.SZ,五粮液,CSI,地方国有企业,日常消费,食品饮料,日常消费--食品饮料--饮料--白酒与葡萄酒,2024,,,,,,,,,,188252218704.17,,0.154153,31853172533.98,-2833530840.46,target_year,,,,,,,,,,SOE_target,0.233709,0.242374,25.831832,0.055907,0.100594,0.444701,0.692118,0.065353,0.199982,4.503309,0.017876,True,Pooled_H_plus_CSI_nonSOE,0.2067695940840471,0.242374,-0.0356044059159529,-6702608409.32201,0.0,1,0,,1.0
000858.SZ,五粮液,CSI,地方国有企业,日常消费,食品饮料,日常消费--食品饮料--饮料--白酒与葡萄酒,2025,,,,,,,,,,189984270815.47,,0.033122,8954257202.51,-2661630589.09,target_year,,,,,,,,,,SOE_target,0.05043,0.070724,25.961048,0.059607,0.097008,0.43052,0.609591,0.06936,0.275468,3.248964,0.014164,True,Pooled_H_plus_CSI_nonSOE,0.20540401517109774,0.070724,0.13468001517109773,25587084475.69744,25587084475.69744,1,0,,1.0
000975.SZ,山金国际,CSI,地方国有企业,材料,有色金属,材料--有色金属--贵金属--黄金,2019,,,,,,,,,,11885793700.0,,0.07517066,864165428.9,29297524.57,target_year,,,,,,,,,,SOE_target,0.106521,0.099397,23.09193917,0.006000051,0.167062795,0.585413213,0.108609477,0.260657273,0.120655521,3.221219308,0.063739343,True,Pooled_H_plus_CSI_nonSOE,0.21994559764646465,0.099397,0.12054859764646465,1432815762.4501843,1432815762.4501843,1,0,,1.0
000975.SZ,山金国际,CSI,地方国有企业,材料,有色金属,材料--有色金属--贵金属--黄金,2020,,,,,,,,,,12906755770.0,,0.09964649,1242446761.0,43666152.27,target_year,,,,,,,,,,SOE_target,0.142065,0.131214,23.19860972,0.005455011,0.15478921,0.447325565,0.091789189,0.252350115,0.1493012,2.019578707,0.053587837,True,Pooled_H_plus_CSI_nonSOE,0.21013290263899664,0.131214,0.07891890263899665,1018587001.9979382,1018587001.9979382,1,0,,1.0
000975.SZ,山金国际,CSI,地方国有企业,材料,有色金属,材料--有色金属--贵金属--黄金,2021,,,,,,,,,,15933256367.0,,0.084137949,1273338699.0,67252814.69,target_year,,,,,,,,,,SOE_target,0.127921,0.125104,23.28101671,0.006961481,0.159708925,0.622437169,0.214098407,0.231175705,0.142596114,3.360518547,0.046767807,True,Pooled_H_plus_CSI_nonSOE,0.22266379348292653,0.125104,0.09755979348292654,1554445200.6750443,1554445200.6750443,1,0,,1.0
000975.SZ,山金国际,CSI,地方国有企业,材料,有色金属,材料--有色金属--贵金属--黄金,2022,,,,,,,,,,16163564000.0,,0.073385486,1125812000.0,60359000.0,target_year,,,,,,,,,,SOE_target,0.10418,0.10532,23.49167436,0.005936039,0.168216562,0.614535754,0.10977772,0.202924251,0.225597952,1.566330908,0.045088538,True,Pooled_H_plus_CSI_nonSOE,0.22567361824026622,0.10532,0.12035361824026622,1945343411.0581105,1945343411.0581105,1,0,,1.0
000975.SZ,山金国际,CSI,地方国有企业,材料,有色金属,材料--有色金属--贵金属--黄金,2023,,,,,,,,,,16298949000.0,,0.089989,1421924000.0,44806000.0,target_year,,,,,,,,,,SOE_target,0.13109400000000002,0.12654400000000002,23.506025,0.004888,0.153058,0.521745,0.167537,0.196757,0.215565,1.910269,0.037655,True,Pooled_H_plus_CSI_nonSOE,0.21375843674663147,0.12654400000000002,0.08721443674663146,1421503656.5970721,1421503656.5970721,1,0,,1.0
000975.SZ,山金国际,CSI,地方国有企业,材料,有色金属,材料--有色金属--贵金属--黄金,2024,,,,,,,,,,18189090000.0,,0.122639,2179961000.0,50737000.0,target_year,,,,,,,,,,SOE_target,0.187452,0.177654,23.514366,0.004672,0.159476,0.498719,0.220944,0.191747,0.179785,2.49648,0.037722,True,Pooled_H_plus_CSI_nonSOE,0.21052363977860322,0.177654,0.032869639778603216,597868836.200594,597868836.200594,1,0,,1.0
000975.SZ,山金国际,CSI,地方国有企业,材料,有色金属,材料--有色金属--贵金属--黄金,2025,,,,,,,,,,20625469000.0,,0.147424,2983616000.0,57075000.0,target_year,,,,,,,,,,SOE_target,0.223768,0.213887,23.624088,0.007586,0.15747,0.787544,0.201765,0.189844,0.185674,2.979621,0.037812,True,Pooled_H_plus_CSI_nonSOE,0.24416185508189153,0.213887,0.03027485508189154,624433084.9710464,624433084.9710464,1,0,,1.0
000977.SZ,浪潮信息,CSI,地方国有企业,信息技术,硬件设备,信息技术--硬件设备--电脑与外围设备--电脑硬件、储存设备及电脑周边,2019,,,,,,,,,,29409085017.0,,0.037688036,928747236.9,179623428.5,target_year,,,,,,,,,,SOE_target,0.04292,0.098164,23.96582976,0.040540726,0.161142974,2.156699725,0.301689676,0.028343674,0.636328198,1.491094523,0.016350809,True,Pooled_H_plus_CSI_nonSOE,0.3057884522761129,0.098164,0.2076244522761129,6106045168.596263,6106045168.596263,1,0,,1.0
000977.SZ,浪潮信息,CSI,地方国有企业,信息技术,硬件设备,信息技术--硬件设备--电脑与外围设备--电脑硬件、储存设备及电脑周边,2020,,,,,,,,,,38322865651.0,,0.041773216,1466448648.0,134420695.4,target_year,,,,,,,,,,SOE_target,0.049766000000000005,0.120228,24.10456948,0.042483394,0.145048886,1.874633229,0.290731222,0.032415912,0.649488665,1.464589021,0.014801985,True,Pooled_H_plus_CSI_nonSOE,0.3060485860749923,0.120228,0.1858205860749923,7121177355.342011,7121177355.342011,1,0,,1.0
000977.SZ,浪潮信息,CSI,地方国有企业,信息技术,硬件设备,信息技术--硬件设备--电脑与外围设备--电脑硬件、储存设备及电脑周边,2021,,,,,,,,,,46208162563.0,,0.04202014,2002738392.0,-61064951.14,target_year,,,,,,,,,,SOE_target,0.051094999999999995,0.13527799999999998,24.36931257,0.045065608,0.129289002,1.858689999,0.343874087,0.028221106,0.613086076,1.583032018,0.011722936,True,Pooled_H_plus_CSI_nonSOE,0.3124660242505625,0.13527799999999998,0.17718802425056254,8187533028.78678,8187533028.78678,1,0,,1.0
000977.SZ,浪潮信息,CSI,地方国有企业,信息技术,硬件设备,信息技术--硬件设备--电脑与外围设备--电脑硬件、储存设备及电脑周边,2022,,,,,,,,,,41013425652.0,,0.05949463,2080350926.0,359727643.5,target_year,,,,,,,,,,SOE_target,0.054576,0.128312,24.5564223,0.038013817,0.108896372,1.584391783,0.326724134,0.023823108,0.663142179,1.526799066,0.004217095,True,Pooled_H_plus_CSI_nonSOE,0.2744726641992185,0.128312,0.1461606641992185,5994549534.381586,5994549534.381586,1,0,,1.0
000977.SZ,浪潮信息,CSI,地方国有企业,信息技术,硬件设备,信息技术--硬件设备--电脑与外围设备--电脑硬件、储存设备及电脑周边,2023,,,,,,,,,,48119624861.79,,0.032838,1782784322.91,-202647157.47,target_year,,,,,,,,,,SOE_target,0.040993,0.101262,24.437165,0.036718,0.117158,1.591817,0.461711,0.050139,0.570415,2.015704,0.0274,True,Pooled_H_plus_CSI_nonSOE,0.2779065142265497,0.101262,0.1766445142265497,8500067758.474698,8500067758.474698,1,0,,1.0
000977.SZ,浪潮信息,CSI,地方国有企业,信息技术,硬件设备,信息技术--硬件设备--电脑与外围设备--电脑硬件、储存设备及电脑周边,2024,,,,,,,,,,71191039667.42,,0.027486,2291764648.21,-335008121.3,target_year,,,,,,,,,,SOE_target,0.033993999999999996,0.120797,24.596956,0.034337,0.108206,1.474483,0.481204,0.045664,0.620018,2.088979,0.006379,True,Pooled_H_plus_CSI_nonSOE,0.2583537589998319,0.120797,0.13755675899983189,9792808686.478765,9792808686.478765,1,0,,1.0
000977.SZ,浪潮信息,CSI,地方国有企业,信息技术,硬件设备,信息技术--硬件设备--电脑与外围设备--电脑硬件、储存设备及电脑周边,2025,,,,,,,,,,83793847851.87,,0.028827,2412866308.76,2667767.42,target_year,,,,,,,,,,SOE_target,0.031889,0.115566,24.988633,0.050763,0.114376,1.921439,0.310051,0.04049,0.714421,1.495676,0.003481,True,Pooled_H_plus_CSI_nonSOE,0.3027522454749316,0.115566,0.18718624547493162,15685055773.28921,15685055773.28921,1,0,,1.0
000983.SZ,山西焦煤,CSI,地方国有企业,能源,煤炭Ⅱ,能源--煤炭Ⅱ--煤炭Ⅲ--煤炭与消费用燃料,2019,,,,,,,,,,65113270693.0,,0.03869515,1710215168.0,809352580.3,target_year,,,,,,,,,,SOE_target,0.058545999999999994,0.08498599999999999,24.8985198,0.059259446,0.3281903,0.502277248,-0.103609553,0.529823201,0.640113458,0.713464277,0.046575521,True,Pooled_H_plus_CSI_nonSOE,0.0841747968161232,0.08498599999999999,-0.0008112031838767852,-52820092.498792574,0.0,1,0,,1.0
000983.SZ,山西焦煤,CSI,地方国有企业,能源,煤炭Ⅱ,能源--煤炭Ⅱ--煤炭Ⅲ--煤炭与消费用燃料,2020,,,,,,,,,,70610618879.0,,0.040261809,1956303613.0,886607623.1,target_year,,,,,,,,,,SOE_target,0.045820999999999994,0.09989,24.89939422,0.058447923,0.293470907,0.48523943,-0.119586599,0.553156077,0.644768604,0.661625678,0.02959785,True,Pooled_H_plus_CSI_nonSOE,0.08595141364590862,0.09989,-0.013938586354091384,-984212208.7607769,0.0,1,0,,1.0
000983.SZ,山西焦煤,CSI,地方国有企业,能源,煤炭Ⅱ,能源--煤炭Ⅱ--煤炭Ⅲ--煤炭与消费用燃料,2021,,,,,,,,,,70497875041.0,,0.072416902,4165827696.0,939410007.2,target_year,,,,,,,,,,SOE_target,0.099619,0.201847,24.98044638,0.057059504,0.275297772,0.476354949,-0.24679589,0.530942252,0.692119478,0.464785942,0.038402857,True,Pooled_H_plus_CSI_nonSOE,0.0790051559321536,0.201847,-0.1228418440678464,-8660088972.901043,0.0,1,0,,1.0
000983.SZ,山西焦煤,CSI,地方国有企业,能源,煤炭Ⅱ,能源--煤炭Ⅱ--煤炭Ⅲ--煤炭与消费用燃料,2022,,,,,,,,,,95737794132.0,,0.124064922,10721933349.0,1155768633.0,target_year,,,,,,,,,,SOE_target,0.216608,0.38567599999999996,24.97884841,0.049903043,0.269530745,0.609342145,-0.177627946,0.523040164,0.631336619,0.553832026,0.018967371,True,Pooled_H_plus_CSI_nonSOE,0.10788626783624138,0.38567599999999996,-0.2777897321637586,-26594976189.87734,0.0,1,0,,1.0
000983.SZ,山西焦煤,CSI,地方国有企业,能源,煤炭Ⅱ,能源--煤炭Ⅱ--煤炭Ⅲ--煤炭与消费用燃料,2023,,,,,,,,,,93603512358.87,,0.080743,6771368105.86,786470973.18,target_year,,,,,,,,,,SOE_target,0.123025,0.191651,25.284879,0.066477,0.250024,0.743502,-0.025689,0.428424,0.549948,0.916079,0.018929,True,Pooled_H_plus_CSI_nonSOE,0.14015268613207027,0.191651,-0.05149831386792972,-4820423058.597726,0.0,1,0,,1.0
000983.SZ,山西焦煤,CSI,地方国有企业,能源,煤炭Ⅱ,能源--煤炭Ⅱ--煤炭Ⅲ--煤炭与消费用燃料,2024,,,,,,,,,,109949187629.7,,0.034092,3108028389.69,640396035.42,target_year,,,,,,,,,,SOE_target,0.061924,0.084156,25.262334,0.061179,0.263234,0.555554,0.020376,0.421542,0.484602,1.076753,0.022016,True,Pooled_H_plus_CSI_nonSOE,0.1221873950075377,0.084156,0.0380313950075377,4181520985.5029984,4181520985.5029984,1,0,,1.0
000983.SZ,山西焦煤,CSI,地方国有企业,能源,煤炭Ⅱ,能源--煤炭Ⅱ--煤炭Ⅲ--煤炭与消费用燃料,2025,,,,,,,,,,108847567597.08,,0.018728,1200774988.79,837775063.92,target_year,,,,,,,,,,SOE_target,0.037017,0.033287,25.423284,0.049378,0.263097,0.417832,-0.053984,0.346475,0.573686,0.768558,0.241579,True,Pooled_H_plus_CSI_nonSOE,0.07250766974565637,0.033287,0.03922066974565637,4269074501.3430824,4269074501.3430824,1,0,,1.0
000999.SZ,华润三九,CSI,中央国有企业,医疗保健,医药生物,医疗保健--医药生物--制药--中药,2019,,,,,,,,,,20103525732.0,,0.105300023,2112494768.0,4406951.57,target_year,,,,,,,,,,SOE_target,0.133755,0.18062,23.61529911,0.04173358,0.277672488,0.771928981,0.125343609,0.195562013,0.380558016,1.35777995,0.033297761,True,Pooled_H_plus_CSI_nonSOE,0.13144500471356926,0.18062,-0.04917499528643074,-988590783.111739,0.0,1,0,,1.0
000999.SZ,华润三九,CSI,中央国有企业,医疗保健,医药生物,医疗保健--医药生物--制药--中药,2020,,,,,,,,,,22010147281.0,,0.069982153,1597489175.0,-57171685.38,target_year,,,,,,,,,,SOE_target,0.097803,0.12152400000000001,23.72416105,0.038998338,0.276190471,0.760297773,0.179053709,0.179562889,0.359222949,1.537802175,0.026660352,True,Pooled_H_plus_CSI_nonSOE,0.1323342950754372,0.12152400000000001,0.010810295075437196,237936186.76144168,237936186.76144168,1,0,,1.0
000999.SZ,华润三九,CSI,中央国有企业,医疗保健,医药生物,医疗保健--医药生物--制药--中药,2021,,,,,,,,,,24307980617.0,,0.084751379,2046867983.0,13266897.53,target_year,,,,,,,,,,SOE_target,0.102566,0.14111700000000002,23.81476942,0.03366772,0.256105921,0.639302281,0.164913637,0.171159093,0.361247168,1.497537633,0.028251688,True,Pooled_H_plus_CSI_nonSOE,0.11811373779949653,0.14111700000000002,-0.023003262200503485,-559162851.6976075,0.0,1,0,,1.0
000999.SZ,华润三九,CSI,中央国有企业,医疗保健,医药生物,医疗保健--医药生物--制药--中药,2022,,,,,,,,,,27122781699.0,,0.09048886,2448802103.0,5507490.71,target_year,,,,,,,,,,SOE_target,0.11524,0.151666,23.91407055,0.031571534,0.230275265,0.652703975,0.193473943,0.169028884,0.353598528,1.604848529,0.035823623,True,Pooled_H_plus_CSI_nonSOE,0.12029341119752224,0.151666,-0.03137258880247776,-850911877.422096,0.0,1,0,,1.0
000999.SZ,华润三九,CSI,中央国有企业,医疗保健,医药生物,医疗保健--医药生物--制药--中药,2023,,,,,,,,,,40148455933.08,,0.070457,2852931664.85,-24191715.87,target_year,,,,,,,,,,SOE_target,0.11162100000000001,0.158599,24.02364,0.033008,0.212266,0.695008,0.122251,0.172172,0.353554,1.382325,0.035084,True,Pooled_H_plus_CSI_nonSOE,0.13059182705742514,0.158599,-0.02800717294257485,-1124444748.6951168,0.0,1,0,,1.0
000999.SZ,华润三九,CSI,中央国有企业,医疗保健,医药生物,医疗保健--医药生物--制药--中药,2024,,,,,,,,,,40081972320.77,,0.083421,3367888968.2,-24191376.44,target_year,,,,,,,,,,SOE_target,0.11451,0.173289,24.41585,0.040776,0.216978,0.727326,0.238491,0.159934,0.395696,1.739557,0.021351,True,Pooled_H_plus_CSI_nonSOE,0.12748967748904208,0.173289,-0.04579932251095792,-1835727177.1942334,0.0,1,0,,1.0
000999.SZ,华润三九,CSI,中央国有企业,医疗保健,医药生物,医疗保健--医药生物--制药--中药,2025,,,,,,,,,,58804678665.86,,0.058771,3421001213.82,34997438.73,target_year,,,,,,,,,,SOE_target,0.099085,0.162615,24.414193,0.045087,0.230555,0.681084,0.206336,0.160639,0.369883,1.607876,0.019711,True,Pooled_H_plus_CSI_nonSOE,0.12710598831494785,0.162615,-0.03550901168505216,-2088096021.8817604,0.0,1,0,,1.0
001391.SZ,国货航,CSI,中央国有企业,工业,交通运输,工业--交通运输--航空运输--航空货运与物流,2022,,,,,,,,,,21243507964.0,,0.143764567,3108357541.0,-54293807.0,target_year,,,,,,,,,,SOE_target,0.17939699999999997,0.16931100000000002,23.933655,0.02197836,0.15352339,,0.379038722,0.215196887,0.271153714,2.935428866,0.026891053,True,Pooled_H_plus_CSI_nonSOE,0.05707039525761999,0.16931100000000002,-0.11224060474238003,-2384384180.728926,0.0,1,0,,1.0
001391.SZ,国货航,CSI,中央国有企业,工业,交通运输,工业--交通运输--航空运输--航空货运与物流,2023,,,,,,,,,,22822973085.0,,0.047164,1153435927.0,-77014538.0,target_year,,,,,,,,,,SOE_target,0.068141,0.060203,23.779317,0.019592,0.180808,0.999573,0.297946,0.538575,0.121361,3.59115,0.155102,True,Pooled_H_plus_CSI_nonSOE,0.09107304712587916,0.060203,0.03087004712587916,704546254.6866217,704546254.6866217,1,0,,1.0
001391.SZ,国货航,CSI,中央国有企业,工业,交通运输,工业--交通运输--航空运输--航空货运与物流,2024,,,,,,,,,,27618399131.0,,0.069199,1953257457.0,-42086328.0,target_year,,,,,,,,,,SOE_target,0.10135899999999999,0.088254,23.851033,0.012225,0.114556,0.674444,0.251862,0.558371,0.138159,2.969242,0.103475,True,Pooled_H_plus_CSI_nonSOE,0.06320517857439965,0.088254,-0.025048821425600346,-691808347.8933748,0.0,1,0,,1.0
001391.SZ,国货航,CSI,中央国有企业,工业,交通运输,工业--交通运输--航空运输--航空货运与物流,2025,,,,,,,,,,29952962908.0,,0.08515,2584694178.0,-34187709.0,target_year,,,,,,,,,,SOE_target,0.118423,0.100481,24.041748,0.014765,0.116886,0.813211,0.233523,0.611545,0.108932,3.211667,0.198638,True,Pooled_H_plus_CSI_nonSOE,0.07315670286406403,0.100481,-0.027324297135935968,-818443658.5998607,0.0,1,0,,1.0
001965.SZ,招商公路,CSI,中央国有企业,工业,交通运输,工业--交通运输--交通基础设施--公路与铁路,2019,,,,,,,,,,90913208562.0,,0.059938124,4326608089.0,1122559092.0,target_year,,,,,,,,,,SOE_target,0.071666,0.09117800000000001,25.15508515,0.007713308,0.111099702,0.090021592,0.056932892,0.045612335,0.407746891,1.696921213,0.009043163,True,Pooled_H_plus_CSI_nonSOE,0.0033307231497366196,0.09117800000000001,-0.08784727685026339,-7986477801.89175,0.0,1,0,,1.0
001965.SZ,招商公路,CSI,中央国有企业,工业,交通运输,工业--交通运输--交通基础设施--公路与铁路,2020,,,,,,,,,,94009174839.0,,0.033919866,2222601822.0,966176753.5,target_year,,,,,,,,,,SOE_target,0.03342,0.04258,25.23317114,0.008400459,0.108646931,0.09291301,-0.003307272,0.050382008,0.406707967,0.97310803,0.009187505,True,Pooled_H_plus_CSI_nonSOE,0.010536405989939088,0.04258,-0.03204359401006091,-3012391831.7617493,0.0,1,0,,1.0
001965.SZ,招商公路,CSI,中央国有企业,工业,交通运输,工业--交通运输--交通基础设施--公路与铁路,2021,,,,,,,,,,98320774958.0,,0.061230895,4972822293.0,1047446772.0,target_year,,,,,,,,,,SOE_target,0.06995599999999999,0.08779400000000001,25.26665822,0.008809883,0.123286456,0.075800048,-0.00149945,0.019860883,0.36459679,0.987251125,0.015828155,True,Pooled_H_plus_CSI_nonSOE,0.016038246066106474,0.08779400000000001,-0.07175575393389354,-7055081334.475969,0.0,1,0,,1.0
001965.SZ,招商公路,CSI,中央国有企业,工业,交通运输,工业--交通运输--交通基础设施--公路与铁路,2022,,,,,,,,,,114930000000.0,,0.052447643,4860696357.0,1167125891.0,target_year,,,,,,,,,,SOE_target,0.061221,0.081785,25.31150118,0.007791528,0.15352339,0.089198821,0.019274683,0.013068903,0.355978857,1.194678539,0.007807129,True,Pooled_H_plus_CSI_nonSOE,0.014797976343174701,0.081785,-0.0669870236568253,-7698818628.878931,0.0,1,0,,1.0
001965.SZ,招商公路,CSI,中央国有企业,工业,交通运输,工业--交通运输--交通基础设施--公路与铁路,2023,,,,,,,,,,157482240634.0,,0.04975,6766648808.34,1068097868.94,target_year,,,,,,,,,,SOE_target,0.055831,0.107759,25.467592,0.007022,0.180808,0.077335,0.020497,0.022904,0.411244,1.242257,0.00651,True,Pooled_H_plus_CSI_nonSOE,0.004427981202846237,0.107759,-0.10333101879715376,-16272800367.169744,0.0,1,0,,1.0
001965.SZ,招商公路,CSI,中央国有企业,工业,交通运输,工业--交通运输--交通基础设施--公路与铁路,2024,,,,,,,,,,159169493582.77,,0.044243,5322235002.26,1719972397.54,target_year,,,,,,,,,,SOE_target,0.051401,0.078106,25.782579,0.007952,0.114556,0.070969,-0.017386,0.017005,0.478429,0.840921,0.003422,True,Pooled_H_plus_CSI_nonSOE,0.003946336087799554,0.078106,-0.07415966391220044,-11803956149.173367,0.0,1,0,,1.0
001965.SZ,招商公路,CSI,中央国有企业,工业,交通运输,工业--交通运输--交通基础设施--公路与铁路,2025,,,,,,,,,,162418433553.48,,0.037371,4610171908.56,1459611131.01,target_year,,,,,,,,,,SOE_target,0.044155,0.063367,25.793235,0.009094,0.116886,0.079781,-0.007712,0.017504,0.442218,0.924368,0.007846,True,Pooled_H_plus_CSI_nonSOE,0.008113892337141743,0.063367,-0.055253107662858264,-8974123195.563223,0.0,1,0,,1.0
001979.SZ,招商蛇口,CSI,中央国有企业,房地产,房地产Ⅱ,房地产--房地产Ⅱ--房地产管理和开发--房地产开发,2019,,,,,,,,,,617688000000.0,,0.034086554,16033175796.0,5021682731.0,target_year,,,,,,,,,,SOE_target,0.055381,0.187792,26.77116139,0.141473583,0.396279334,0.211561663,0.292567645,0.010202086,0.742776076,1.536916159,0.006545233,True,Pooled_H_plus_CSI_nonSOE,0.1414989353512099,0.187792,-0.0462930646487901,-28594670516.78186,0.0,0,1,FirmSize_lag,1.0
001979.SZ,招商蛇口,CSI,中央国有企业,房地产,房地产Ⅱ,房地产--房地产Ⅱ--房地产管理和开发--房地产开发,2020,,,,,,,,,,737157000000.0,,0.019638475,12252864765.0,2223781385.0,target_year,,,,,,,,,,SOE_target,0.035590000000000004,0.124892,27.14924946,0.12998211,0.408200157,0.169990492,0.295036879,0.008785172,0.631900839,1.617747812,0.013126974,True,Pooled_H_plus_CSI_nonSOE,0.14938225944340153,0.124892,0.024490259443401524,18053166180.51954,18053166180.51954,0,1,FirmSize_lag,1.0
001979.SZ,招商蛇口,CSI,中央国有企业,房地产,房地产Ⅱ,房地产--房地产Ⅱ--房地产管理和开发--房地产开发,2021,,,,,,,,,,856203000000.0,,0.014457167,10372254169.0,2006020943.0,target_year,,,,,,,,,,SOE_target,0.028672,0.098764,27.32606719,0.156661588,0.406330004,0.177979167,0.273672431,0.007235794,0.656305197,1.539718382,0.00574289,True,Pooled_H_plus_CSI_nonSOE,0.15232414442271464,0.098764,0.05356014442271463,45858356335.16154,45858356335.16154,0,1,FirmSize_lag,1.0
001979.SZ,招商蛇口,CSI,中央国有企业,房地产,房地产Ⅱ,房地产--房地产Ⅱ--房地产管理和开发--房地产开发,2022,,,,,,,,,,886471000000.0,,0.007021038,4264079663.0,1959869316.0,target_year,,,,,,,,,,SOE_target,0.018153,0.040536,27.47577374,0.172074602,0.390202805,0.189489882,0.262764191,0.011327641,0.676764653,1.52555683,0.0116882,True,Pooled_H_plus_CSI_nonSOE,0.15310563964956542,0.040536,0.11256963964956541,99789721029.7899,99789721029.7899,0,1,FirmSize_lag,1.0
001979.SZ,招商蛇口,CSI,中央国有企业,房地产,房地产Ⅱ,房地产--房地产Ⅱ--房地产管理和开发--房地产开发,2023,,,,,,,,,,908508499680.74,,0.00796,6319420453.25,912224693.84,target_year,,,,,,,,,,SOE_target,0.015586,0.057077,27.510515,0.18421,0.393852,0.201091,0.260897,0.01312,0.679132,1.545582,0.006782,True,Pooled_H_plus_CSI_nonSOE,0.15610338363808515,0.057077,0.09902638363808515,89966311227.84612,89966311227.84612,0,1,FirmSize_lag,1.0
001979.SZ,招商蛇口,CSI,中央国有企业,房地产,房地产Ⅱ,房地产--房地产Ⅱ--房地产管理和开发--房地产开发,2024,,,,,,,,,,860308816014.37,,0.006952,4038571564.37,1942659762.13,target_year,,,,,,,,,,SOE_target,0.010278,0.035007,27.53507,0.17276,0.37554,0.188138,0.261897,0.01386,0.673431,1.558504,0.007254,True,Pooled_H_plus_CSI_nonSOE,0.15483504403574813,0.035007,0.11982804403574812,103089122689.71225,103089122689.71225,0,1,FirmSize_lag,1.0
001979.SZ,招商蛇口,CSI,中央国有企业,房地产,房地产Ⅱ,房地产--房地产Ⅱ--房地产管理和开发--房地产开发,2025,,,,,,,,,,835411599109.07,,0.004229,1023784320.62,2509145230.18,target_year,,,,,,,,,,SOE_target,0.00907,0.009812999999999999,27.480557,0.208506,0.353891,0.1945,0.264855,0.014261,0.666696,1.589833,0.006629,True,Pooled_H_plus_CSI_nonSOE,0.162489583809811,0.009812999999999999,0.152676583809811,127547789027.06415,127547789027.06415,0,1,FirmSize_lag,1.0
002179.SZ,中航光电,CSI,中央国有企业,信息技术,硬件设备,信息技术--硬件设备--电子设备、仪器和元件--电子元件,2019,,,,,,,,,,15131869545.0,,0.077037356,1071086932.0,94632283.43,target_year,,,,,,,,,,SOE_target,0.091645,0.150748,23.30997577,0.006730782,0.161142974,0.667734363,0.397305769,0.144004702,0.505436967,1.950453535,0.021050843,True,Pooled_H_plus_CSI_nonSOE,0.15940192932481184,0.150748,0.008653929324811849,130950129.59470282,130950129.59470282,1,0,,1.0
002179.SZ,中航光电,CSI,中央国有企业,信息技术,硬件设备,信息技术--硬件设备--电子设备、仪器和元件--电子元件,2020,,,,,,,,,,19218418866.0,,0.079804927,1439082432.0,94642079.01,target_year,,,,,,,,,,SOE_target,0.09787900000000001,0.160768,23.44006892,0.00751972,0.145048886,0.642297355,0.413336206,0.146526993,0.422841836,2.042361086,0.019416101,True,Pooled_H_plus_CSI_nonSOE,0.16958882770468875,0.160768,0.008820827704688755,169522361.57352585,169522361.57352585,1,0,,1.0
002179.SZ,中航光电,CSI,中央国有企业,信息技术,硬件设备,信息技术--硬件设备--电子设备、仪器和元件--电子元件,2021,,,,,,,,,,26987332213.0,,0.075344647,1990997442.0,42353578.97,target_year,,,,,,,,,,SOE_target,0.097951,0.16145299999999999,23.67913497,0.007357687,0.129289002,0.598365046,0.394876789,0.134251397,0.453928313,1.90719652,0.020467462,True,Pooled_H_plus_CSI_nonSOE,0.16260575618281442,0.16145299999999999,0.001152756182814435,31109814.06620292,31109814.06620292,1,0,,1.0
002179.SZ,中航光电,CSI,中央国有企业,信息技术,硬件设备,信息技术--硬件设备--电子设备、仪器和元件--电子元件,2022,,,,,,,,,,31810733160.0,,0.086607258,2717129034.0,37911325.55,target_year,,,,,,,,,,SOE_target,0.101354,0.168109,24.01863342,0.007278296,0.108896372,0.554971795,0.468324176,0.119732833,0.410962753,2.26328147,0.04145821,True,Pooled_H_plus_CSI_nonSOE,0.15926454383698257,0.168109,-0.008844456163017433,-281348634.94706506,0.0,1,0,,1.0
002179.SZ,中航光电,CSI,中央国有企业,信息技术,硬件设备,信息技术--硬件设备--电子设备、仪器和元件--电子元件,2023,,,,,,,,,,35569904322.27,,0.089639,3339290323.66,-150842656.92,target_year,,,,,,,,,,SOE_target,0.110826,0.176227,24.18307,0.008341,0.117158,0.536391,0.426579,0.137277,0.418385,2.073528,0.047696,True,Pooled_H_plus_CSI_nonSOE,0.1567352094109286,0.176227,-0.019491790589071384,-693321126.3229918,0.0,1,0,,1.0
002179.SZ,中航光电,CSI,中央国有企业,信息技术,硬件设备,信息技术--硬件设备--电子设备、仪器和元件--电子元件,2024,,,,,,,,,,41246813453.82,,0.078991,3354288683.06,-96169299.72,target_year,,,,,,,,,,SOE_target,0.095501,0.152143,24.294766,0.010429,0.108206,0.592388,0.42457,0.176172,0.381093,2.20832,0.067295,True,Pooled_H_plus_CSI_nonSOE,0.16581174686310593,0.152143,0.01366874686310593,563792252.0100175,563792252.0100175,1,0,,1.0
002179.SZ,中航光电,CSI,中央国有企业,信息技术,硬件设备,信息技术--硬件设备--电子设备、仪器和元件--电子元件,2025,,,,,,,,,,42527397016.91,,0.049956,2161521950.25,-37031845.91,target_year,,,,,,,,,,SOE_target,0.063355,0.090316,24.44284,0.009101,0.114376,0.535031,0.39583,0.203244,0.387763,2.10942,0.037404,True,Pooled_H_plus_CSI_nonSOE,0.16228175532971464,0.090316,0.07196575532971465,3060516248.528582,3060516248.528582,1,0,,1.0
002304.SZ,洋河股份,CSI,地方国有企业,日常消费,食品饮料,日常消费--食品饮料--饮料--白酒与葡萄酒,2019,,,,,,,,,,53455037841.0,,0.138124655,7382822727.0,635922.85,target_year,,,,,,,,,,SOE_target,0.188196,0.210477,24.62652592,0.030528342,0.118716357,0.439333178,0.408495938,0.16117016,0.32159075,2.295516674,0.009503821,True,Pooled_H_plus_CSI_nonSOE,0.20022049200151204,0.210477,-0.010256507998487957,-548262023.1756929,0.0,1,0,,1.0
002304.SZ,洋河股份,CSI,地方国有企业,日常消费,食品饮料,日常消费--食品饮料--饮料--白酒与葡萄酒,2020,,,,,,,,,,53866259307.0,,0.13728434,7482228634.0,-87234764.39,target_year,,,,,,,,,,SOE_target,0.1841,0.199544,24.70210672,0.026004121,0.109737598,0.386822521,0.39789491,0.14067357,0.317341189,2.286193333,0.005933199,True,Pooled_H_plus_CSI_nonSOE,0.19585924815077638,0.199544,-0.003684751849223622,-198483798.5922274,0.0,1,0,,1.0
002304.SZ,洋河股份,CSI,地方国有企业,日常消费,食品饮料,日常消费--食品饮料--饮料--白酒与葡萄酒,2021,,,,,,,,,,67798704194.0,,0.104847687,7507682797.0,-399145510.0,target_year,,,,,,,,,,SOE_target,0.163505,0.185442,24.70977013,0.019500248,0.106852675,0.329578673,0.41920331,0.131927151,0.285830248,2.540604109,0.006555206,True,Pooled_H_plus_CSI_nonSOE,0.1905879109456191,0.185442,0.005145910945619114,348886094.0106971,348886094.0106971,1,0,,1.0
002304.SZ,洋河股份,CSI,地方国有企业,日常消费,食品饮料,日常消费--食品饮料--饮料--白酒与葡萄酒,2022,,,,,,,,,,67964247134.0,,0.138078691,9377832429.0,6581838.28,target_year,,,,,,,,,,SOE_target,0.174776,0.208486,24.93980892,0.020425421,0.106913309,0.34853413,0.369200779,0.10032586,0.373420027,2.012049571,0.00624679,True,Pooled_H_plus_CSI_nonSOE,0.1864238193195359,0.208486,-0.022062180680464116,-1499439500.0820234,0.0,1,0,,1.0
002304.SZ,洋河股份,CSI,地方国有企业,日常消费,食品饮料,日常消费--食品饮料--饮料--白酒与葡萄酒,2023,,,,,,,,,,69792287455.91,,0.1327,10015930040.27,-754525568.63,target_year,,,,,,,,,,SOE_target,0.19190100000000002,0.20149999999999998,24.942248,0.021082,0.105461,0.378845,0.464713,0.096402,0.300743,2.584875,0.007933,True,Pooled_H_plus_CSI_nonSOE,0.19514698922742887,0.20149999999999998,-0.0063530107725711105,-443391154.04977584,0.0,1,0,,1.0
002304.SZ,洋河股份,CSI,地方国有企业,日常消费,食品饮料,日常消费--食品饮料--饮料--白酒与葡萄酒,2024,,,,,,,,,,67345265219.62,,0.090021,6673388602.12,-610889994.14,target_year,,,,,,,,,,SOE_target,0.124433,0.12892099999999998,24.968789,0.022016,0.100594,0.404439,0.506631,0.096901,0.254218,3.05865,0.015928,True,Pooled_H_plus_CSI_nonSOE,0.200155582918488,0.12892099999999998,0.07123458291848803,4797311879.454589,4797311879.454589,1,0,,1.0
002304.SZ,洋河股份,CSI,地方国有企业,日常消费,食品饮料,日常消费--食品饮料--饮料--白酒与葡萄酒,2025,,,,,,,,,,58595944446.8,,0.032801,2206058926.68,-284050446.25,target_year,,,,,,,,,,SOE_target,0.050498,0.044844999999999996,24.933098,0.01883,0.097008,0.350746,0.520695,0.111132,0.232418,3.298148,0.021591,True,Pooled_H_plus_CSI_nonSOE,0.19276744734224066,0.044844999999999996,0.14792244734224066,8667655506.900633,8667655506.900633,1,0,,1.0
002371.SZ,北方华创,CSI,地方国有企业,信息技术,半导体,信息技术--半导体--半导体材料与设备--半导体材料与设备Ⅳ,2019,,,,,,,,,,13734762795.0,,0.028332703,309032271.0,80110684.27,target_year,,,,,,,,,,SOE_target,0.043356000000000006,0.065726,23.02599999,0.059004655,0.214515912,0.364070797,0.117906968,0.193151197,0.624914258,1.266499342,0.024431591,True,Pooled_H_plus_CSI_nonSOE,0.06690410362052901,0.065726,0.001178103620529003,16180973.775896547,16180973.775896547,1,0,,1.0
002371.SZ,北方华创,CSI,地方国有企业,信息技术,半导体,信息技术--半导体--半导体材料与设备--半导体材料与设备Ⅳ,2020,,,,,,,,,,17518033653.0,,0.028180177,536930435.4,-43269154.89,target_year,,,,,,,,,,SOE_target,0.043783,0.084979,23.34319589,0.057149218,0.169245785,0.339550768,0.267859651,0.158238824,0.555856401,1.767952175,0.012461754,True,Pooled_H_plus_CSI_nonSOE,0.07408489393246398,0.084979,-0.010894106067536019,-190843316.71044746,0.0,1,0,,1.0
002371.SZ,北方华创,CSI,地方国有企业,信息技术,半导体,信息技术--半导体--半导体材料与设备--半导体材料与设备Ⅳ,2021,,,,,,,,,,31054473365.0,,0.03320992,1077409991.0,-46093407.42,target_year,,,,,,,,,,SOE_target,0.051574999999999996,0.091003,23.58649668,0.066364914,0.155238897,0.383431407,0.177738006,0.131644265,0.594030449,1.394110555,0.03815127,True,Pooled_H_plus_CSI_nonSOE,0.07843790640024548,0.091003,-0.012565093599754523,-390202364.5223088,0.0,1,0,,1.0
002371.SZ,北方华创,CSI,地方国有企业,信息技术,半导体,信息技术--半导体--半导体材料与设备--半导体材料与设备Ⅳ,2022,,,,,,,,,,42551398848.0,,0.053340261,2352726658.0,-83023921.98,target_year,,,,,,,,,,SOE_target,0.077561,0.128411,24.1590087,0.077971816,0.127200785,0.395253079,0.35596625,0.082648728,0.446186353,1.981018974,0.014388261,True,Pooled_H_plus_CSI_nonSOE,0.10476922353142752,0.128411,-0.023641776468572476,-1005990659.9894884,0.0,1,0,,1.0
002371.SZ,北方华创,CSI,地方国有企业,信息技术,半导体,信息技术--半导体--半导体材料与设备--半导体材料与设备Ⅳ,2023,,,,,,,,,,53624552279.13,,0.072372,3899069987.91,-18133193.65,target_year,,,,,,,,,,SOE_target,0.092863,0.17677600000000002,24.473979,0.104536,0.113252,0.395427,0.360672,0.087128,0.530358,1.973161,0.033103,True,Pooled_H_plus_CSI_nonSOE,0.0942768214791688,0.17677600000000002,-0.08249917852083122,-4423981511.575592,0.0,1,0,,1.0
002371.SZ,北方华创,CSI,地方国有企业,信息技术,半导体,信息技术--半导体--半导体材料与设备--半导体材料与设备Ⅳ,2024,,,,,,,,,,65708880828.22,,0.086456,5621189109.03,59708499.95,target_year,,,,,,,,,,SOE_target,0.110118,0.20275400000000002,24.705273,0.153225,0.109637,0.455672,0.356981,0.100324,0.537063,2.003141,0.036923,True,Pooled_H_plus_CSI_nonSOE,0.10709970686199771,0.20275400000000002,-0.0956542931380023,-6285336548.512616,0.0,1,0,,1.0
002371.SZ,北方华创,CSI,地方国有企业,信息技术,半导体,信息技术--半导体--半导体材料与设备--半导体材料与设备Ⅳ,2025,,,,,,,,,,89800578023.69,,0.064039,5521993004.86,228775158.4,target_year,,,,,,,,,,SOE_target,0.078116,0.16050599999999998,24.9085,0.167941,0.111057,0.497102,0.345901,0.097356,0.509576,1.96792,0.03114,True,Pooled_H_plus_CSI_nonSOE,0.12052963684827132,0.16050599999999998,-0.03997636315172866,-3589900518.3101754,0.0,1,0,,1.0
002415.SZ,海康威视,CSI,中央国有企业,信息技术,硬件设备,信息技术--硬件设备--电子设备、仪器和元件--电子设备和仪器,2019,,,,,,,,,,75358000240.0,,0.168244221,12414587690.0,263960347.9,target_year,,,,,,,,,,SOE_target,0.191563,0.300981,24.87405929,0.042729406,0.161142974,0.85904435,0.455503934,0.086612014,0.401992223,2.17029789,0.032383717,True,Pooled_H_plus_CSI_nonSOE,0.20674720109063396,0.300981,-0.09423379890936603,-7101270640.828117,0.0,1,0,,1.0
002415.SZ,海康威视,CSI,中央国有企业,信息技术,硬件设备,信息技术--硬件设备--电子设备、仪器和元件--电子设备和仪器,2020,,,,,,,,,,88701682384.0,,0.155372267,13385526714.0,396254772.6,target_year,,,,,,,,,,SOE_target,0.186188,0.271241,25.04551593,0.047163914,0.145048886,0.824543671,0.537508164,0.085230157,0.396575563,2.722115508,0.025574974,True,Pooled_H_plus_CSI_nonSOE,0.20053896923399217,0.271241,-0.07070203076600784,-6271389076.910224,0.0,1,0,,1.0
002415.SZ,海康威视,CSI,中央国有企业,信息技术,硬件设备,信息技术--硬件设备--电子设备、仪器和元件--电子设备和仪器,2021,,,,,,,,,,103865000000.0,,0.160469273,16800411032.0,-133343257.8,target_year,,,,,,,,,,SOE_target,0.191812,0.286561,25.20854469,0.045166439,0.129289002,0.769076065,0.490836144,0.082312337,0.385809356,2.394335055,0.022588391,True,Pooled_H_plus_CSI_nonSOE,0.20038815536355736,0.286561,-0.08617284463644265,-8950342508.164116,0.0,1,0,,1.0
002415.SZ,海康威视,CSI,中央国有企业,信息技术,硬件设备,信息技术--硬件设备--电子设备、仪器和元件--电子设备和仪器,2022,,,,,,,,,,119233000000.0,,0.099359342,12837342061.0,-990401533.3,target_year,,,,,,,,,,SOE_target,0.13317,0.194726,25.36635342,0.045900932,0.108896372,0.839805353,0.507657056,0.086833548,0.370385309,2.583807297,0.029830304,True,Pooled_H_plus_CSI_nonSOE,0.21075785431313698,0.194726,0.016031854313136973,1911526085.3182607,1911526085.3182607,1,0,,1.0
002415.SZ,海康威视,CSI,中央国有企业,信息技术,硬件设备,信息技术--硬件设备--电子设备、仪器和元件--电子设备和仪器,2023,,,,,,,,,,138848007548.55,,0.096205,14107621359.66,-749780213.12,target_year,,,,,,,,,,SOE_target,0.124759,0.19493300000000002,25.504348,0.043681,0.117158,0.740343,0.532996,0.103248,0.388005,2.849789,0.031499,True,Pooled_H_plus_CSI_nonSOE,0.19169742759708613,0.19493300000000002,-0.003235572402913889,-449252781.42366767,0.0,1,0,,1.0
002415.SZ,海康威视,CSI,中央国有企业,信息技术,硬件设备,信息技术--硬件设备--电子设备、仪器和元件--电子设备和仪器,2024,,,,,,,,,,132016200156.14,,0.089856,11977327023.54,-114817493.16,target_year,,,,,,,,,,SOE_target,0.105061,0.152555,25.656646,0.046315,0.108206,0.686878,0.495065,0.113908,0.408248,2.54774,0.029153,True,Pooled_H_plus_CSI_nonSOE,0.1862624810362799,0.152555,0.03370748103627991,4449933563.244822,4449933563.244822,1,0,,1.0
002415.SZ,海康威视,CSI,中央国有企业,信息技术,硬件设备,信息技术--硬件设备--电子设备、仪器和元件--电子设备和仪器,2025,,,,,,,,,,138049655334.62,,0.09902,14195371894.42,-525631319.14,target_year,,,,,,,,,,SOE_target,0.122102,0.173097,25.60619,0.040657,0.114376,0.677854,0.491118,0.149703,0.3372,2.722287,0.035342,True,Pooled_H_plus_CSI_nonSOE,0.19152200620628185,0.173097,0.018425006206281846,2543565756.315443,2543565756.315443,1,0,,1.0
002916.SZ,深南电路,CSI,中央国有企业,信息技术,硬件设备,信息技术--硬件设备--电子设备、仪器和元件--电子元件,2019,,,,,,,,,,12219367752.0,,0.106777221,1232775470.0,71974663.41,target_year,,,,,,,,,,SOE_target,0.141637,0.282642,22.86631694,0.006511296,0.161142974,0.943171377,0.08392133,0.44465338,0.563211503,1.206723487,0.138914307,True,Pooled_H_plus_CSI_nonSOE,0.1698550655842388,0.282642,-0.11278693441576121,-1378185029.2468915,0.0,1,0,,1.0
002916.SZ,深南电路,CSI,中央国有企业,信息技术,硬件设备,信息技术--硬件设备--电子设备、仪器和元件--电子元件,2020,,,,,,,,,,14007819588.0,,0.112944465,1430111325.0,151994362.1,target_year,,,,,,,,,,SOE_target,0.12245900000000001,0.229887,23.22628805,0.008620163,0.145048886,1.008631414,0.106987996,0.445034903,0.59057465,1.279956481,0.178626968,True,Pooled_H_plus_CSI_nonSOE,0.16962764134232716,0.229887,-0.060259358657672846,-844102224.5652671,0.0,1,0,,1.0
002916.SZ,深南电路,CSI,中央国有企业,信息技术,硬件设备,信息技术--硬件设备--电子设备、仪器和元件--电子元件,2021,,,,,,,,,,16792291128.0,,0.093566268,1480637000.0,90555003.5,target_year,,,,,,,,,,SOE_target,0.110082,0.18556699999999998,23.36288155,0.008259297,0.129289002,0.879724453,0.072009507,0.526130613,0.468558656,1.204513334,0.17747026,True,Pooled_H_plus_CSI_nonSOE,0.17238651780612058,0.18556699999999998,-0.013180482193879406,-221330494.2070431,0.0,1,0,,1.0
002916.SZ,深南电路,CSI,中央国有企业,信息技术,硬件设备,信息技术--硬件设备--电子设备、仪器和元件--电子元件,2022,,,,,,,,,,20726545629.0,,0.0835519,1639730778.0,92011499.06,target_year,,,,,,,,,,SOE_target,0.095471,0.157922,23.54418576,0.007865785,0.108896372,0.899760732,0.078770102,0.501596784,0.492620274,1.222400459,0.15830631,True,Pooled_H_plus_CSI_nonSOE,0.1763986792497226,0.157922,0.0184766792497226,382957735.54177296,382957735.54177296,1,0,,1.0
002916.SZ,深南电路,CSI,中央国有企业,信息技术,硬件设备,信息技术--硬件设备--电子设备、仪器和元件--电子元件,2023,,,,,,,,,,22606867760.88,,0.063229,1398114737.36,31298099.48,target_year,,,,,,,,,,SOE_target,0.064536,0.109944,23.754681,0.007355,0.117158,0.741247,0.090198,0.514089,0.408832,1.278677,0.162967,True,Pooled_H_plus_CSI_nonSOE,0.16742258949395655,0.109944,0.05747858949395655,1299410871.7717824,1299410871.7717824,1,0,,1.0
002916.SZ,深南电路,CSI,中央国有企业,信息技术,硬件设备,信息技术--硬件设备--电子设备、仪器和元件--电子元件,2024,,,,,,,,,,25302247864.46,,0.076054,1877565481.01,46765939.29,target_year,,,,,,,,,,SOE_target,0.084467,0.135073,23.84152,0.007014,0.108206,0.619557,0.096065,0.565125,0.416686,1.338012,0.143748,True,Pooled_H_plus_CSI_nonSOE,0.15236935822922582,0.135073,0.017296358229225817,437636743.068364,437636743.068364,1,0,,1.0
002916.SZ,深南电路,CSI,中央国有企业,信息技术,硬件设备,信息技术--硬件设备--电子设备、仪器和元件--电子元件,2025,,,,,,,,,,30582928717.03,,0.108703,3275738151.27,48731905.76,target_year,,,,,,,,,,SOE_target,0.131432,0.20623899999999998,23.954159,0.007873,0.114376,0.742132,0.132985,0.524988,0.421162,1.449279,0.099851,True,Pooled_H_plus_CSI_nonSOE,0.17330013177569442,0.20623899999999998,-0.032938868224305556,-1007367058.9235814,0.0,1,0,,1.0
003816.SZ,中国广核,CSI,中央国有企业,公用事业,公用事业Ⅱ,公用事业--公用事业Ⅱ--电力--独立电力生产商与能源贸易商,2019,,,,,,,,,,387975000000.0,,0.045009464,9465700356.0,7996857032.0,target_year,,,,,,,,,,SOE_target,0.06401,0.117647,26.63285761,0.085571585,0.148389593,0.139621345,-0.014209997,0.774577497,0.693056818,0.913613736,0.045123692,True,Pooled_H_plus_CSI_nonSOE,0.07964266081531282,0.117647,-0.03800433918468718,-14744733495.179008,0.0,0,1,FixedAssetsRatio_lag,1.0
003816.SZ,中国广核,CSI,中央国有企业,公用事业,公用事业Ⅱ,公用事业--公用事业Ⅱ--电力--独立电力生产商与能源贸易商,2020,,,,,,,,,,391898000000.0,,0.044930235,9562307621.0,8045778572.0,target_year,,,,,,,,,,SOE_target,0.06333899999999999,0.103334,26.68420735,0.090254192,0.143602423,0.160932424,-0.013131035,0.763438583,0.651282207,0.92398275,0.04034608,True,Pooled_H_plus_CSI_nonSOE,0.08759276014640878,0.103334,-0.015741239853591216,-6168960416.142691,0.0,0,1,FixedAssetsRatio_lag,1.0
003816.SZ,中国广核,CSI,中央国有企业,公用事业,公用事业Ⅱ,公用事业--公用事业Ⅱ--电力--独立电力生产商与能源贸易商,2021,,,,,,,,,,399993000000.0,,0.04216241,9732589251.0,7132079812.0,target_year,,,,,,,,,,SOE_target,0.063404,0.099219,26.69426839,0.092811085,0.126082379,0.181015769,-0.035490015,0.754839381,0.638603741,0.819728027,0.034455814,True,Pooled_H_plus_CSI_nonSOE,0.09552553559902165,0.099219,-0.003693464400978355,-1477359906.140535,0.0,0,1,FixedAssetsRatio_lag,1.0
003816.SZ,中国广核,CSI,中央国有企业,公用事业,公用事业Ⅱ,公用事业--公用事业Ⅱ--电力--独立电力生产商与能源贸易商,2022,,,,,,,,,,409016000000.0,,0.040171345,9964854412.0,6465851165.0,target_year,,,,,,,,,,SOE_target,0.061731,0.095844,26.7147129,0.08643896,0.130392082,0.203762149,-0.023385318,0.743371583,0.622717326,0.879022892,0.036102671,True,Pooled_H_plus_CSI_nonSOE,0.0988325916155518,0.095844,0.0029885916155518027,1222381788.226536,1222381788.226536,0,1,FixedAssetsRatio_lag,1.0
003816.SZ,中国广核,CSI,中央国有企业,公用事业,公用事业Ⅱ,公用事业--公用事业Ⅱ--电力--独立电力生产商与能源贸易商,2023,,,,,,,,,,415250356776.35,,0.039698,10724570116.68,5759954182.21,target_year,,,,,,,,,,SOE_target,0.063124,0.097379,26.737019,0.075777,0.129341,0.20475,-0.013759,0.736067,0.613878,0.926082,0.028947,True,Pooled_H_plus_CSI_nonSOE,0.09950900944989087,0.097379,0.0021300094498908767,884487184.0041835,884487184.0041835,0,1,FixedAssetsRatio_lag,1.0
003816.SZ,中国广核,CSI,中央国有企业,公用事业,公用事业Ⅱ,公用事业--公用事业Ⅱ--电力--独立电力生产商与能源贸易商,2024,,,,,,,,,,425400654520.48,,0.038407,10813873224.82,5524691866.4,target_year,,,,,,,,,,SOE_target,0.063887,0.09295199999999999,26.752147,0.071651,0.121904,0.200296,-0.011078,0.729698,0.601917,0.940557,0.034307,True,Pooled_H_plus_CSI_nonSOE,0.0997832617833597,0.09295199999999999,0.006831261783359702,2906023233.8419585,2906023233.8419585,0,1,FixedAssetsRatio_lag,1.0
003816.SZ,中国广核,CSI,中央国有企业,公用事业,公用事业Ⅱ,公用事业--公用事业Ⅱ--电力--独立电力生产商与能源贸易商,2025,,,,,,,,,,505656118063.91,,0.028808,9765358959.88,4801744225.58,target_year,,,,,,,,,,SOE_target,0.049821,0.080496,26.776297,0.075761,0.118327,0.206517,-0.018778,0.721087,0.594932,0.904312,0.04623,True,Pooled_H_plus_CSI_nonSOE,0.10109920922583054,0.080496,0.020603209225830546,10418138796.79201,10418138796.79201,0,2,"FirmSize_lag, FixedAssetsRatio_lag",1.0
300413.SZ,芒果超媒,CSI,地方国有企业,通讯服务,传媒,通讯服务--传媒--娱乐--电影和娱乐,2019,,,,,,,,,,17078206150.0,,0.068641107,1156285254.0,15981713.9,target_year,,,,,,,,,,SOE_target,0.077256,0.160336,23.21741108,0.332789181,0.370261017,1.329485085,0.205253854,0.017091947,0.531493876,1.402285603,0.002639844,True,Pooled_H_plus_CSI_nonSOE,0.2298260359295541,0.160336,0.0694900359295541,1186765158.975832,1186765158.975832,1,0,,1.0
300413.SZ,芒果超媒,CSI,地方国有企业,通讯服务,传媒,通讯服务--传媒--娱乐--电影和娱乐,2020,,,,,,,,,,19265699803.0,,0.103587808,1982159477.0,13532130.1,target_year,,,,,,,,,,SOE_target,0.103658,0.20464300000000002,23.56106899,0.4032528,0.333824483,0.849908238,0.222062882,0.010575241,0.483554812,1.477902145,0.009132519,True,Pooled_H_plus_CSI_nonSOE,0.17797870983073294,0.20464300000000002,-0.02666429016926708,-513706209.86118364,0.0,1,0,,1.0
300413.SZ,芒果超媒,CSI,地方国有企业,通讯服务,传媒,通讯服务--传媒--娱乐--电影和娱乐,2021,,,,,,,,,,26110751405.0,,0.077090077,2114090172.0,-101210337.2,target_year,,,,,,,,,,SOE_target,0.09319699999999999,0.153449,23.68159214,0.467603506,0.39041121,0.769513174,0.225144904,0.00970244,0.448697875,1.50511888,0.003631273,True,Pooled_H_plus_CSI_nonSOE,0.1703148992031264,0.153449,0.016865899203126394,440381301.31462085,440381301.31462085,1,0,,1.0
300413.SZ,芒果超媒,CSI,地方国有企业,通讯服务,传媒,通讯服务--传媒--娱乐--电影和娱乐,2022,,,,,,,,,,29049673557.0,,0.05829542,1824925936.0,-131463023.7,target_year,,,,,,,,,,SOE_target,0.064042,0.101902,23.985613,0.424702545,0.366576045,0.675635515,0.383604379,0.007064153,0.349035806,2.127365039,0.007414667,True,Pooled_H_plus_CSI_nonSOE,0.16771375119096021,0.101902,0.06581175119096021,1911809888.3119,1911809888.3119,1,0,,1.0
300413.SZ,芒果超媒,CSI,地方国有企业,通讯服务,传媒,通讯服务--传媒--娱乐--电影和娱乐,2023,,,,,,,,,,31422386654.49,,0.108459,3555705558.9,-147667394.09,target_year,,,,,,,,,,SOE_target,0.061204,0.176273,24.092273,0.480307,0.365677,0.493612,0.391559,0.005689,0.352615,2.130679,0.006457,True,Pooled_H_plus_CSI_nonSOE,0.1442815174558679,0.176273,-0.031991482544132116,-1005248734.1520869,0.0,1,0,,1.0
300413.SZ,芒果超媒,CSI,地方国有企业,通讯服务,传媒,通讯服务--传媒--娱乐--电影和娱乐,2024,,,,,,,,,,32530165142.43,,0.036125,1364348174.2,-189180203.0,target_year,,,,,,,,,,SOE_target,0.049221,0.062042,24.170786,0.444981,0.35057,0.480483,0.3518,0.004532,0.320114,2.12108,0.004782,True,Pooled_H_plus_CSI_nonSOE,0.14999813261421163,0.062042,0.08795613261421163,2861227519.229778,2861227519.229778,1,0,,1.0
300413.SZ,芒果超媒,CSI,地方国有企业,通讯服务,传媒,通讯服务--传媒--娱乐--电影和娱乐,2025,,,,,,,,,,33171867484.43,,0.036738,1227146306.33,-8478642.08,target_year,,,,,,,,,,SOE_target,0.027166000000000003,0.053520000000000005,24.205434,0.421076,0.338999,0.438059,0.248058,0.004037,0.307417,1.823166,0.005059,True,Pooled_H_plus_CSI_nonSOE,0.15176685518505612,0.053520000000000005,0.0982468551850561,3259031660.9606657,3259031660.9606657,1,0,,1.0
301269.SZ,华大九天,CSI,中央国有企业,信息技术,软件服务,信息技术--软件服务--软件--应用软件,2020,,,,,,,,,,1340618263.0,,0.076569311,103558656.1,-908439.35,target_year,,,,,,,,,,SOE_target,0.10196999999999999,0.153531,20.3529773,0.004452496,0.156571733,0.420432719,0.475532197,0.109044942,0.287859574,2.845732996,0.046978305,True,Pooled_H_plus_CSI_nonSOE,0.05922215542432375,0.153531,-0.09430884457567626,-126432159.40058008,0.0,1,0,,1.0
301269.SZ,华大九天,CSI,中央国有企业,信息技术,软件服务,信息技术--软件服务--软件--应用软件,2021,,,,,,,,,,1801574166.0,,0.077496324,139305915.6,309460.2,target_year,,,,,,,,,,SOE_target,0.088668,0.150455,21.01639674,0.006199286,0.151169635,0.403277081,0.390839565,0.168835429,0.360539946,3.144446132,0.272559931,True,Pooled_H_plus_CSI_nonSOE,0.02640452943990794,0.150455,-0.12405047056009207,-223486123.0412054,0.0,1,0,,1.0
301269.SZ,华大九天,CSI,中央国有企业,信息技术,软件服务,信息技术--软件服务--软件--应用软件,2022,,,,,,,,,,5395667291.0,,0.02931664,185508367.6,-27325534.6,target_year,,,,,,,,,,SOE_target,0.051550000000000006,0.065706,21.31192666,0.007100149,0.153055264,0.363368354,0.283224088,0.263035157,0.447970087,2.472137664,0.209888857,True,Pooled_H_plus_CSI_nonSOE,0.013246579057234656,0.065706,-0.052459420942765345,-283053581.6856794,0.0,1,0,,1.0
301269.SZ,华大九天,CSI,中央国有企业,信息技术,软件服务,信息技术--软件服务--软件--应用软件,2023,,,,,,,,,,5535537490.15,,0.025511,200722810.92,-59506122.71,target_year,,,,,,,,,,SOE_target,0.036657,0.042546999999999995,22.408862,0.00896,0.14694,0.218057,0.684761,0.099677,0.13781,9.389767,0.07788,True,Pooled_H_plus_CSI_nonSOE,0.011512867384904674,0.042546999999999995,-0.03103413261509532,-171790604.56514698,0.0,1,0,,1.0
301269.SZ,华大九天,CSI,中央国有企业,信息技术,软件服务,信息技术--软件服务--软件--应用软件,2024,,,,,,,,,,5628841870.04,,0.00873,109478790.34,-60339408.44,target_year,,,,,,,,,,SOE_target,0.009101,0.022371,22.434455,0.011111,0.139728,0.182471,0.555102,0.101333,0.135884,7.250245,0.020717,True,Pooled_H_plus_CSI_nonSOE,0.030273569247247306,0.022371,0.007902569247247308,44482312.659796126,44482312.659796126,1,0,,1.0
301269.SZ,华大九天,CSI,中央国有企业,信息技术,软件服务,信息技术--软件服务--软件--应用软件,2025,,,,,,,,,,6327842567.91,,0.002881,60983525.27,-42752826.3,target_year,,,,,,,,,,SOE_target,0.003333,0.011892,22.45117,0.011267,0.169431,0.215974,0.534887,0.095337,0.110967,7.747215,0.014054,True,Pooled_H_plus_CSI_nonSOE,0.034361443943446424,0.011892,0.022469443943446424,142183103.8626078,142183103.8626078,1,0,,1.0
302132.SZ,中航成飞,CSI,中央国有企业,工业,国防军工,工业--国防军工--航空航天与国防Ⅲ--航空航天,2019,,,,,,,,,,2488073274.0,,0.085373876,212416459.5,0.0,target_year,,,,,,,,,,SOE_target,0.10238699999999999,0.138862,21.44747873,0.015943973,0.285442207,0.641176276,0.39772466,0.226683045,0.267876613,2.581204273,0.020522082,True,Pooled_H_plus_CSI_nonSOE,0.14374367672625876,0.138862,0.004881676726258749,12145969.394912207,12145969.394912207,1,0,,1.0
302132.SZ,中航成飞,CSI,中央国有企业,工业,国防军工,工业--国防军工--航空航天与国防Ⅲ--航空航天,2020,,,,,,,,,,2933073285.0,,0.085369507,262505398.2,-12110378.84,target_year,,,,,,,,,,SOE_target,0.11345599999999999,0.149552,21.63477446,0.016380091,0.279462147,0.672514606,0.383429525,0.190144896,0.330304191,2.213912023,0.018979576,True,Pooled_H_plus_CSI_nonSOE,0.14359574004098308,0.149552,-0.005956259959016913,-17470146.964307703,0.0,1,0,,1.0
302132.SZ,中航成飞,CSI,中央国有企业,工业,国防军工,工业--国防军工--航空航天与国防Ⅲ--航空航天,2021,,,,,,,,,,3299177131.0,,0.093446643,307007852.7,1289174.33,target_year,,,,,,,,,,SOE_target,0.109764,0.15221500000000002,21.79931661,0.017393366,0.273615357,0.643864279,0.380180108,0.15930884,0.326786323,2.195231823,0.054289079,True,Pooled_H_plus_CSI_nonSOE,0.13749343117389595,0.15221500000000002,-0.014721568826104064,-48569063.203525044,0.0,1,0,,1.0
302132.SZ,中航成飞,CSI,中央国有企业,工业,国防军工,工业--国防军工--航空航天与国防Ⅲ--航空航天,2022,,,,,,,,,,3653386274.0,,0.053896446,192869415.8,4035120.0,target_year,,,,,,,,,,SOE_target,0.061519000000000004,0.087141,21.91693892,0.017013231,0.271325141,0.618467046,0.331618995,0.194091611,0.333050818,2.025433447,0.079859872,True,Pooled_H_plus_CSI_nonSOE,0.13124881942081196,0.087141,0.04410781942081196,161142902.04806504,161142902.04806504,1,0,,1.0
302132.SZ,中航成飞,CSI,中央国有企业,工业,国防军工,工业--国防军工--航空航天与国防Ⅲ--航空航天,2023,,,,,,,,,,3974910728.94,,0.023927,98167133.37,-3060194.8,target_year,,,,,,,,,,SOE_target,0.024353,0.041905,22.01892,0.014535,0.272876,0.542331,0.285757,0.253218,0.359161,1.879366,0.060375,True,Pooled_H_plus_CSI_nonSOE,0.12053755556260334,0.041905,0.07863255556260335,312557388.7497627,312557388.7497627,1,0,,1.0
302132.SZ,中航成飞,CSI,中央国有企业,工业,国防军工,工业--国防军工--航空航天与国防Ⅲ--航空航天,2024,,,,,,,,,,4240904107.27,,0.028572,112308792.39,8862120.9,target_year,,,,,,,,,,SOE_target,0.030506000000000002,0.045963000000000004,22.103268,0.01023,0.247277,0.433118,0.301447,0.267885,0.389709,2.05273,0.060168,True,Pooled_H_plus_CSI_nonSOE,0.10123235711354758,0.045963000000000004,0.05526935711354758,234392043.58901632,234392043.58901632,1,0,,1.0
302132.SZ,中航成飞,CSI,中央国有企业,工业,国防军工,工业--国防军工--航空航天与国防Ⅲ--航空航天,2025,,,,,,,,,,114547703019.42,,0.030012,3432289851.96,5548186.19,target_year,,,,,,,,,,SOE_target,0.069925,0.289526,22.168042,0.010955,0.253215,0.427063,0.310679,0.281781,0.400591,2.116237,0.032194,True,Pooled_H_plus_CSI_nonSOE,0.10171638528620162,0.289526,-0.18780961471379837,-21513159970.427868,0.0,1,0,,1.0
600009.SH,上海机场,CSI,地方国有企业,工业,交通运输,工业--交通运输--交通基础设施--机场服务,2019,,,,,,,,,,37171229056.0,,0.135325363,5030210053.0,0.0,target_year,,,,,,,,,,SOE_target,0.18968,0.16697700000000001,24.15495134,0.010667317,0.111099702,0.317768449,0.26997457,0.538896291,0.074177692,4.651502557,0.115411128,True,Pooled_H_plus_CSI_nonSOE,0.009512313229190675,0.16697700000000001,-0.15746468677080933,-5853155940.189047,0.0,1,0,,1.0
600009.SH,上海机场,CSI,地方国有企业,工业,交通运输,工业--交通运输--交通基础设施--机场服务,2020,,,,,,,,,,33202181016.0,,-0.046464322,-1266651388.0,-276065448.4,target_year,,,,,,,,,,SOE_target,-0.043074,-0.04138,24.33880089,0.01129868,0.108646931,0.321133894,0.208572246,0.544341853,0.127020399,2.644322879,0.061933017,True,Pooled_H_plus_CSI_nonSOE,0.031552968903439824,-0.04138,0.07293296890343982,2421533635.566308,2421533635.566308,1,0,,1.0
600009.SH,上海机场,CSI,地方国有企业,工业,交通运输,工业--交通运输--交通基础设施--机场服务,2021,,,,,,,,,,51426088634.0,,-0.024815916,-1710938710.0,434753220.5,target_year,,,,,,,,,,SOE_target,-0.053886,-0.060328999999999994,24.2258814,0.005403886,0.123286456,0.122176142,0.186864173,0.587093421,0.109730278,2.713927985,0.039917988,True,Pooled_H_plus_CSI_nonSOE,0.014542944800652935,-0.060328999999999994,0.07487194480065293,3850371269.518333,3850371269.518333,1,0,,1.0
600009.SH,上海机场,CSI,地方国有企业,工业,交通运输,工业--交通运输--交通基础设施--机场服务,2022,,,,,,,,,,67775098796.0,,-0.037307282,-2994949875.0,466445182.7,target_year,,,,,,,,,,SOE_target,-0.064178,-0.089252,24.66341144,0.003380414,0.15352339,0.087950406,0.070495039,0.374915455,0.461247466,1.455015779,0.029224342,True,Pooled_H_plus_CSI_nonSOE,-0.021288932735811353,-0.089252,0.06796306726418865,4606203598.309579,4606203598.309579,1,0,,1.0
600009.SH,上海机场,CSI,地方国有企业,工业,交通运输,工业--交通运输--交通基础设施--机场服务,2023,,,,,,,,,,69480530979.72,,0.019528,934049713.44,422770066.22,target_year,,,,,,,,,,SOE_target,0.020225,0.023308,24.939461,0.004577,0.180808,0.090186,0.110696,0.392449,0.399433,1.849756,0.018317,True,Pooled_H_plus_CSI_nonSOE,-0.015232507581575475,0.023308,-0.03854050758157547,-2677814930.995788,0.0,1,0,,1.0
600009.SH,上海机场,CSI,地方国有企业,工业,交通运输,工业--交通运输--交通基础设施--机场服务,2024,,,,,,,,,,70046212107.27,,0.03427,1933948719.51,466522580.65,target_year,,,,,,,,,,SOE_target,0.045598,0.047057,24.964312,0.008884,0.114556,0.157351,0.116209,0.374799,0.395132,1.836529,0.017904,True,Pooled_H_plus_CSI_nonSOE,-0.009028707692714813,0.047057,-0.056085707692714815,-3928591377.230247,0.0,1,0,,1.0
600009.SH,上海机场,CSI,地方国有企业,工业,交通运输,工业--交通运输--交通基础设施--机场服务,2025,,,,,,,,,,71678547661.74,,0.035391,2116775136.25,419999345.8,target_year,,,,,,,,,,SOE_target,0.048545,0.050284,24.972421,0.008704,0.116886,0.173305,0.148691,0.359696,0.378552,2.103956,0.027949,True,Pooled_H_plus_CSI_nonSOE,-0.00892246466462708,0.050284,-0.05920646466462708,-4243833399.3465977,0.0,1,0,,1.0
600010.SH,包钢股份,CSI,地方国有企业,材料,钢铁Ⅱ,材料--钢铁Ⅱ--钢铁Ⅲ--钢铁Ⅳ,2019,,,,,,,,,,147087000000.0,,0.020683039,667930745.0,2374267551.0,target_year,,,,,,,,,,SOE_target,0.024859,0.012701,25.72587357,0.174587004,0.659924097,0.451986254,-0.235444349,0.471268423,0.646037382,0.561392251,0.016541917,True,Pooled_H_plus_CSI_nonSOE,0.13610214496466444,0.012701,0.12340114496466444,18150704209.4176,18150704209.4176,1,0,,1.0
600010.SH,包钢股份,CSI,地方国有企业,材料,钢铁Ⅱ,材料--钢铁Ⅱ--钢铁Ⅲ--钢铁Ⅳ,2020,,,,,,,,,,144222000000.0,,0.02008244,405957990.0,2490377141.0,target_year,,,,,,,,,,SOE_target,0.021772,0.007696,25.71428751,0.147407036,0.517023931,0.423508272,-0.181707264,0.468132667,0.585405843,0.607224895,0.013326807,True,Pooled_H_plus_CSI_nonSOE,0.1481478053531057,0.007696,0.1404518053531057,20256240271.63561,20256240271.63561,1,0,,1.0
600010.SH,包钢股份,CSI,地方国有企业,材料,钢铁Ⅱ,材料--钢铁Ⅱ--钢铁Ⅲ--钢铁Ⅳ,2021,,,,,,,,,,147968000000.0,,0.033773765,2866448328.0,2130985927.0,target_year,,,,,,,,,,SOE_target,0.039842,0.053052999999999996,25.69462152,0.141260049,0.51422962,0.402798272,-0.126304511,0.463882778,0.57276154,0.682397053,0.007599126,True,Pooled_H_plus_CSI_nonSOE,0.14690472239856153,0.053052999999999996,0.09385172239856154,13887051659.870354,13887051659.870354,1,0,,1.0
600010.SH,包钢股份,CSI,地方国有企业,材料,钢铁Ⅱ,材料--钢铁Ⅱ--钢铁Ⅲ--钢铁Ⅳ,2022,,,,,,,,,,146722000000.0,,0.008217907,-729956771.6,1935705241.0,target_year,,,,,,,,,,SOE_target,0.004838,-0.013555999999999999,25.72026144,0.15636373,0.499605416,0.583180909,-0.168313007,0.406013773,0.566103529,0.625593506,0.00641977,True,Pooled_H_plus_CSI_nonSOE,0.17672180897734113,-0.013555999999999999,0.19027780897734115,27917940688.77345,27917940688.77345,1,0,,1.0
600010.SH,包钢股份,CSI,地方国有企业,材料,钢铁Ⅱ,材料--钢铁Ⅱ--钢铁Ⅲ--钢铁Ⅳ,2023,,,,,,,,,,151775636822.69,,0.016546,515270562.53,1995948456.05,target_year,,,,,,,,,,SOE_target,0.016189,0.009885,25.711806,0.13229,0.520062,0.480279,-0.201207,0.42375,0.581556,0.564601,0.00666,True,Pooled_H_plus_CSI_nonSOE,0.15616185049252454,0.009885,0.14627685049252453,22201262135.920326,22201262135.920326,1,0,,1.0
600010.SH,包钢股份,CSI,地方国有企业,材料,钢铁Ⅱ,材料--钢铁Ⅱ--钢铁Ⅲ--钢铁Ⅳ,2024,,,,,,,,,,155125400366.74,,0.015523,264629175.96,2143386028.83,target_year,,,,,,,,,,SOE_target,0.014527000000000002,0.005102,25.745669,0.131409,0.490176,0.462663,-0.205062,0.44482,0.595039,0.556477,0.011571,True,Pooled_H_plus_CSI_nonSOE,0.15242124054081257,0.005102,0.14731924054081258,22852956170.617626,22852956170.617626,1,0,,1.0
600010.SH,包钢股份,CSI,地方国有企业,材料,钢铁Ⅱ,材料--钢铁Ⅱ--钢铁Ⅲ--钢铁Ⅳ,2025,,,,,,,,,,151673460592.94,,0.014627,373622495.09,1844903595.26,target_year,,,,,,,,,,SOE_target,0.015224,0.007188,25.7675,0.13429,0.484294,0.434063,-0.192026,0.428071,0.604798,0.579791,0.011855,True,Pooled_H_plus_CSI_nonSOE,0.14856179486782692,0.007188,0.14137379486782692,21442652704.75973,21442652704.75973,1,0,,1.0
600011.SH,华能国际,CSI,中央国有企业,公用事业,公用事业Ⅱ,公用事业--公用事业Ⅱ--电力--电力公用事业,2019,,,,,,,,,,428250000000.0,,0.026921334,766345000.0,10762718000.0,target_year,,,,,,,,,,SOE_target,0.032111,0.007541,26.76329031,0.285447759,0.148389593,0.415314426,-0.181963664,0.671729097,0.72345617,0.447151161,0.04931611,True,Pooled_H_plus_CSI_nonSOE,0.1373494420787196,0.007541,0.1298084420787196,55590465320.21167,55590465320.21167,1,0,,1.0
600011.SH,华能国际,CSI,中央国有企业,公用事业,公用事业Ⅱ,公用事业--公用事业Ⅱ--电力--电力公用事业,2020,,,,,,,,,,449905000000.0,,0.02573537,2377851000.0,9200612000.0,target_year,,,,,,,,,,SOE_target,0.03116,0.019927999999999998,26.78297312,0.257988212,0.143602423,0.410325317,-0.188765901,0.666953567,0.695553936,0.42918532,0.07328115,True,Pooled_H_plus_CSI_nonSOE,0.13426044846491356,0.019927999999999998,0.11433244846491356,51438740226.60693,51438740226.60693,0,1,FirmSize_lag,1.0
600011.SH,华能国际,CSI,中央国有企业,公用事业,公用事业Ⅱ,公用事业--公用事业Ⅱ--电力--电力公用事业,2021,,,,,,,,,,500771000000.0,,-0.003670327,-10636194000.0,8798200000.0,target_year,,,,,,,,,,SOE_target,-0.013907000000000001,-0.08757899999999999,26.83230153,0.222803186,0.126082379,0.385914541,-0.195397977,0.66718834,0.663003716,0.429331065,0.094593931,True,Pooled_H_plus_CSI_nonSOE,0.1296310116326842,-0.08757899999999999,0.2172100116326842,108772474735.3109,108772474735.3109,0,1,FirmSize_lag,1.0
600011.SH,华能国际,CSI,中央国有企业,公用事业,公用事业Ⅱ,公用事业--公用事业Ⅱ--电力--电力公用事业,2022,,,,,,,,,,512222000000.0,,0.003779402,-8026233000.0,9962125000.0,target_year,,,,,,,,,,SOE_target,-0.002352,-0.070186,26.93941519,0.21921326,0.130392082,0.430441304,-0.187565045,0.640191789,0.733295352,0.496094243,0.085978992,True,Pooled_H_plus_CSI_nonSOE,0.125012517466541,-0.070186,0.195198517466541,99984975013.74655,99984975013.74655,0,1,FirmSize_lag,1.0
600011.SH,华能国际,CSI,中央国有企业,公用事业,公用事业Ⅱ,公用事业--公用事业Ⅱ--电力--电力公用事业,2023,,,,,,,,,,550316013000.0,,0.031428,8357460000.0,8938084000.0,target_year,,,,,,,,,,SOE_target,0.039355,0.065696,26.962024,0.225738,0.129341,0.48712,-0.165185,0.656213,0.735825,0.506159,0.079233,True,Pooled_H_plus_CSI_nonSOE,0.13376017983608696,0.065696,0.06806417983608695,37456808075.51037,37456808075.51037,0,1,FirmSize_lag,1.0
600011.SH,华能国际,CSI,中央国有企业,公用事业,公用事业Ⅱ,公用事业--公用事业Ⅱ--电力--电力公用事业,2024,,,,,,,,,,595576880000.0,,0.030174,10184633000.0,7786460000.0,target_year,,,,,,,,,,SOE_target,0.043636999999999995,0.072089,27.033759,0.220813,0.121904,0.478847,-0.133115,0.669935,0.674088,0.55332,0.106634,True,Pooled_H_plus_CSI_nonSOE,0.1374983077541162,0.072089,0.0654093077541162,38956271435.156334,38956271435.156334,0,1,FirmSize_lag,1.0
600011.SH,华能国际,CSI,中央国有企业,公用事业,公用事业Ⅱ,公用事业--公用事业Ⅱ--电力--电力公用事业,2025,,,,,,,,,,619678043000.0,,0.034876,14536770000.0,7075104000.0,target_year,,,,,,,,,,SOE_target,0.04979,0.09944900000000001,27.112796,0.214312,0.118327,0.428576,-0.138418,0.676548,0.646428,0.538775,0.103737,True,Pooled_H_plus_CSI_nonSOE,0.13526969829153238,0.09944900000000001,0.035820698291532366,22197300216.19022,22197300216.19022,0,1,FirmSize_lag,1.0
600018.SH,上港集团,CSI,地方国有企业,工业,交通运输,工业--交通运输--交通基础设施--海港与服务,2019,,,,,,,,,,142177000000.0,,0.071946458,9062278384.0,1166874402.0,target_year,,,,,,,,,,SOE_target,0.088708,0.115,25.69562474,0.043247584,0.111099702,0.263775755,0.111980011,0.224977432,0.429576738,1.510355431,0.009939284,True,Pooled_H_plus_CSI_nonSOE,0.013957184552092106,0.115,-0.1010428154479079,-14365964371.9372,0.0,1,0,,1.0
600018.SH,上港集团,CSI,地方国有企业,工业,交通运输,工业--交通运输--交通基础设施--海港与服务,2020,,,,,,,,,,155925000000.0,,0.058674426,8307143208.0,841651919.0,target_year,,,,,,,,,,SOE_target,0.07094400000000001,0.097976,25.68034068,0.036949366,0.108646931,0.249586126,0.148127441,0.226792005,0.361439131,2.088994379,0.018116082,True,Pooled_H_plus_CSI_nonSOE,0.01556741467159202,0.097976,-0.08240858532840797,-12849558667.332014,0.0,1,0,,1.0
600018.SH,上港集团,CSI,地方国有企业,工业,交通运输,工业--交通运输--交通基础设施--海港与服务,2021,,,,,,,,,,170787000000.0,,0.091969319,14682049061.0,1025159017.0,target_year,,,,,,,,,,SOE_target,0.11466,0.156769,25.77263936,0.03221372,0.123286456,0.171935177,0.136270403,0.219397156,0.384449232,1.948323212,0.026470955,True,Pooled_H_plus_CSI_nonSOE,0.0011518551495528079,0.156769,-0.1556171448504472,-26577385317.573326,0.0,1,0,,1.0
600018.SH,上港集团,CSI,地方国有企业,工业,交通运输,工业--交通运输--交通基础设施--海港与服务,2022,,,,,,,,,,181802000000.0,,0.100678041,17223915521.0,1079524113.0,target_year,,,,,,,,,,SOE_target,0.11762299999999999,0.162399,25.8636858,0.030346527,0.15352339,0.204515865,0.124531649,0.198931958,0.368773225,1.726333925,0.025329621,True,Pooled_H_plus_CSI_nonSOE,0.00840227604909595,0.162399,-0.15399672395090402,-27996912407.72225,0.0,1,0,,1.0
600018.SH,上港集团,CSI,地方国有企业,工业,交通运输,工业--交通运输--交通基础设施--海港与服务,2023,,,,,,,,,,203575515172.97,,0.068344,13203137528.87,710060052.85,target_year,,,,,,,,,,SOE_target,0.08431699999999999,0.112127,25.926182,0.03082,0.180808,0.205288,0.113647,0.204329,0.333521,1.798842,0.031603,True,Pooled_H_plus_CSI_nonSOE,0.010805191198361444,0.112127,-0.10132180880163856,-20626639425.050735,0.0,1,0,,1.0
600018.SH,上港集团,CSI,地方国有企业,工业,交通运输,工业--交通运输--交通基础设施--海港与服务,2024,,,,,,,,,,212055541073.03,,0.0729,14954353821.25,504486954.24,target_year,,,,,,,,,,SOE_target,0.092489,0.11661099999999999,26.039303,0.030003,0.114556,0.18927,0.148418,0.217938,0.331028,2.323133,0.039309,True,Pooled_H_plus_CSI_nonSOE,0.007140683110516452,0.11661099999999999,-0.10947031688948354,-23213787279.435486,0.0,1,0,,1.0
600018.SH,上港集团,CSI,地方国有企业,工业,交通运输,工业--交通运输--交通基础设施--海港与服务,2025,,,,,,,,,,221735642992.73,,0.064018,13564589175.03,630411404.37,target_year,,,,,,,,,,SOE_target,0.086867,0.09892200000000001,26.080114,0.026759,0.116886,0.178859,0.12108,0.214478,0.304858,2.113032,0.029471,True,Pooled_H_plus_CSI_nonSOE,0.01297250195738349,0.09892200000000001,-0.08594949804261652,-19058067213.38196,0.0,1,0,,1.0
600019.SH,宝钢股份,CSI,中央国有企业,材料,钢铁Ⅱ,材料--钢铁Ⅱ--钢铁Ⅲ--钢铁Ⅳ,2019,,,,,,,,,,339633000000.0,,0.043755661,12423230252.0,2437636362.0,target_year,,,,,,,,,,SOE_target,0.050975,0.070026,26.537816,0.792700029,0.659924097,0.884642307,-0.039430299,0.472887343,0.435326289,0.900867436,0.038072477,True,Pooled_H_plus_CSI_nonSOE,0.23569294003579122,0.070026,0.16566694003579122,56265959845.17588,56265959845.17588,0,1,MarketShare_lag,1.0
600019.SH,宝钢股份,CSI,中央国有企业,材料,钢铁Ⅱ,材料--钢铁Ⅱ--钢铁Ⅲ--钢铁Ⅳ,2020,,,,,,,,,,356225000000.0,,0.039689294,12676775744.0,1461545060.0,target_year,,,,,,,,,,SOE_target,0.046049,0.069955,26.55113147,0.683043162,0.517023931,0.860518238,-0.005954304,0.459035729,0.436992531,0.98474751,0.051892104,True,Pooled_H_plus_CSI_nonSOE,0.23874189767939658,0.069955,0.16878689767939659,60126112625.84305,60126112625.84305,1,0,,1.0
600019.SH,宝钢股份,CSI,中央国有企业,材料,钢铁Ⅱ,材料--钢铁Ⅱ--钢铁Ⅲ--钢铁Ⅳ,2021,,,,,,,,,,380398000000.0,,0.066824544,23631996673.0,1787896717.0,target_year,,,,,,,,,,SOE_target,0.083376,0.12593500000000002,26.59882854,0.679927421,0.51422962,0.811640837,0.048629822,0.44341339,0.439279576,1.134195774,0.054945494,True,Pooled_H_plus_CSI_nonSOE,0.23009732998602908,0.12593500000000002,0.10416232998602906,39623142002.02548,39623142002.02548,1,0,,1.0
600019.SH,宝钢股份,CSI,中央国有企业,材料,钢铁Ⅱ,材料--钢铁Ⅱ--钢铁Ⅲ--钢铁Ⅳ,2022,,,,,,,,,,398249000000.0,,0.034483213,12186850692.0,1546049308.0,target_year,,,,,,,,,,SOE_target,0.038641999999999996,0.063217,26.66448276,0.666046227,0.499605416,0.985353956,0.031417823,0.420460315,0.446051724,1.086979158,0.062887585,True,Pooled_H_plus_CSI_nonSOE,0.25243322999510914,0.063217,0.18921622999510915,75355174379.32222,75355174379.32222,1,0,,1.0
600019.SH,宝钢股份,CSI,中央国有企业,材料,钢铁Ⅱ,材料--钢铁Ⅱ--钢铁Ⅲ--钢铁Ⅳ,2023,,,,,,,,,,376051483588.01,,0.034404,11944052177.22,993608758.07,target_year,,,,,,,,,,SOE_target,0.038966,0.060484,26.710343,0.684954,0.520062,0.941136,0.077592,0.406806,0.457936,1.214609,0.056304,True,Pooled_H_plus_CSI_nonSOE,0.24308343964205653,0.060484,0.18259943964205652,68666790179.73464,68666790179.73464,1,0,,1.0
600019.SH,宝钢股份,CSI,中央国有企业,材料,钢铁Ⅱ,材料--钢铁Ⅱ--钢铁Ⅲ--钢铁Ⅳ,2024,,,,,,,,,,364873528314.28,,0.023675,7361925588.6,1276380176.69,target_year,,,,,,,,,,SOE_target,0.028655,0.036729,26.652992,0.653022,0.490176,0.886335,0.060295,0.436439,0.414607,1.198963,0.05592,True,Pooled_H_plus_CSI_nonSOE,0.24434076187357906,0.036729,0.20761176187357905,75752036074.3569,75752036074.3569,1,0,,1.0
600019.SH,宝钢股份,CSI,中央国有企业,材料,钢铁Ⅱ,材料--钢铁Ⅱ--钢铁Ⅲ--钢铁Ⅳ,2025,,,,,,,,,,363020038344.87,,0.031204,10345621735.27,982227625.3,target_year,,,,,,,,,,SOE_target,0.038849999999999996,0.050873999999999996,26.622817,0.646787,0.484294,0.865952,0.062198,0.440586,0.396602,1.204451,0.052995,True,Pooled_H_plus_CSI_nonSOE,0.2451170149565654,0.050873999999999996,0.1942430149565654,70514106737.75552,70514106737.75552,1,0,,1.0
600023.SH,浙能电力,CSI,地方国有企业,公用事业,公用事业Ⅱ,公用事业--公用事业Ⅱ--电力--电力公用事业,2019,,,,,,,,,,110970000000.0,,0.050534123,4293272329.0,1314488272.0,target_year,,,,,,,,,,SOE_target,0.06282,0.068494,25.42098188,0.094581215,0.148389593,0.504803137,0.064295709,0.496581631,0.369600083,1.42961057,0.0190636,True,Pooled_H_plus_CSI_nonSOE,0.17323233778115066,0.068494,0.10473833778115066,11622813343.57429,11622813343.57429,1,0,,1.0
600023.SH,浙能电力,CSI,地方国有企业,公用事业,公用事业Ⅱ,公用事业--公用事业Ⅱ--电力--电力公用事业,2020,,,,,,,,,,114512000000.0,,0.061668532,6086298670.0,975514753.9,target_year,,,,,,,,,,SOE_target,0.069368,0.092206,25.43252377,0.07992097,0.143602423,0.488571268,0.111892252,0.462811915,0.346698754,1.869567311,0.015793276,True,Pooled_H_plus_CSI_nonSOE,0.17034807248411465,0.092206,0.07814207248411466,8948205004.300938,8948205004.300938,1,0,,1.0
600023.SH,浙能电力,CSI,地方国有企业,公用事业,公用事业Ⅱ,公用事业--公用事业Ⅱ--电力--电力公用事业,2021,,,,,,,,,,115629000000.0,,0.000902358,-861139048.7,965477507.3,target_year,,,,,,,,,,SOE_target,-0.024626000000000002,-0.013076,25.46394921,0.067378873,0.126082379,0.454519211,0.114780798,0.432954564,0.333572726,1.787152941,0.027964981,True,Pooled_H_plus_CSI_nonSOE,0.16733210358862147,-0.013076,0.18040810358862147,20860408609.848713,20860408609.848713,1,0,,1.0
600023.SH,浙能电力,CSI,地方国有企业,公用事业,公用事业Ⅱ,公用事业--公用事业Ⅱ--电力--电力公用事业,2022,,,,,,,,,,120921000000.0,,-0.004608855,-1828584556.0,1271279231.0,target_year,,,,,,,,,,SOE_target,-0.026208999999999996,-0.029239,25.47365009,0.075649559,0.130392082,0.613609027,0.03506961,0.416813536,0.379713517,1.175566727,0.040747512,True,Pooled_H_plus_CSI_nonSOE,0.18623683315155387,-0.029239,0.21547583315155389,26055553220.519047,26055553220.519047,1,0,,1.0
600023.SH,浙能电力,CSI,地方国有企业,公用事业,公用事业Ⅱ,公用事业--公用事业Ⅱ--电力--电力公用事业,2023,,,,,,,,,,147240775217.75,,0.05267,6519770719.89,1235423486.11,target_year,,,,,,,,,,SOE_target,0.06791900000000001,0.101326,25.5184,0.073071,0.129341,0.675243,0.026448,0.388835,0.441894,1.12047,0.046614,True,Pooled_H_plus_CSI_nonSOE,0.18499792528567277,0.101326,0.08367192528567277,12319919143.024117,12319919143.024117,1,0,,1.0
600023.SH,浙能电力,CSI,地方国有企业,公用事业,公用事业Ⅱ,公用事业--公用事业Ⅱ--电力--电力公用事业,2024,,,,,,,,,,154085417032.43,,0.057312,7753383026.78,1077486855.79,target_year,,,,,,,,,,SOE_target,0.073738,0.110196,25.715335,0.082944,0.121904,0.712701,0.070542,0.360131,0.456895,1.324005,0.061328,True,Pooled_H_plus_CSI_nonSOE,0.18613732034877012,0.110196,0.07594132034877012,11701450015.933605,11701450015.933605,1,0,,1.0
600023.SH,浙能电力,CSI,地方国有企业,公用事业,公用事业Ⅱ,公用事业--公用事业Ⅱ--电力--电力公用事业,2025,,,,,,,,,,156337713781.7,,0.054322,7528041660.9,964494281.96,target_year,,,,,,,,,,SOE_target,0.064713,0.100489,25.760773,0.076372,0.118327,0.580798,0.020493,0.379917,0.436542,1.089867,0.062822,True,Pooled_H_plus_CSI_nonSOE,0.1739491530403593,0.100489,0.0734601530403593,11484592380.383572,11484592380.383572,1,0,,1.0
600025.SH,华能水电,CSI,中央国有企业,公用事业,公用事业Ⅱ,公用事业--公用事业Ⅱ--电力--新能源发电业者,2019,,,,,,,,,,167460000000.0,,0.059975261,5544565706.0,4498862232.0,target_year,,,,,,,,,,SOE_target,0.063759,0.11171900000000001,25.84940273,0.02561941,0.148389593,0.090486908,-0.206299429,0.893747433,0.72808843,0.19707849,0.045755398,True,Pooled_H_plus_CSI_nonSOE,0.07133640849740933,0.11171900000000001,-0.04038259150259069,-6762468773.023836,0.0,0,2,"FixedAssetsRatio_lag, CurrentRatio_lag",1.0
600025.SH,华能水电,CSI,中央国有企业,公用事业,公用事业Ⅱ,公用事业--公用事业Ⅱ--电力--新能源发电业者,2020,,,,,,,,,,164632000000.0,,0.052680692,4834590181.0,3838342905.0,target_year,,,,,,,,,,SOE_target,0.057054,0.082913,25.84400745,0.030372672,0.143602423,0.122003663,-0.120187065,0.890221278,0.661096442,0.272467001,0.025680616,True,Pooled_H_plus_CSI_nonSOE,0.08471775405690701,0.082913,0.0018047540569070125,297120269.8967153,297120269.8967153,0,2,"FixedAssetsRatio_lag, CurrentRatio_lag",1.0
600025.SH,华能水电,CSI,中央国有企业,公用事业,公用事业Ⅱ,公用事业--公用事业Ⅱ--电力--新能源发电业者,2021,,,,,,,,,,160654000000.0,,0.057343974,5837544928.0,3375009615.0,target_year,,,,,,,,,,SOE_target,0.04386,0.09267500000000001,25.82697914,0.024891608,0.126082379,0.114008133,-0.098900698,0.898091745,0.614218443,0.28005557,0.026261211,True,Pooled_H_plus_CSI_nonSOE,0.09184001381826402,0.09267500000000001,-0.0008349861817359833,-134143870.04061265,0.0,0,2,"FixedAssetsRatio_lag, CurrentRatio_lag",1.0
600025.SH,华能水电,CSI,中央国有企业,公用事业,公用事业Ⅱ,公用事业--公用事业Ⅱ--电力--新能源发电业者,2022,,,,,,,,,,162879000000.0,,0.05980324,6801255631.0,2939458221.0,target_year,,,,,,,,,,SOE_target,0.051261,0.102966,25.80252053,0.021238323,0.130392082,0.121880419,-0.118007314,0.90376974,0.587768792,0.162074982,0.037470232,True,Pooled_H_plus_CSI_nonSOE,0.09383182367710445,0.102966,-0.009134176322895551,-1487765505.2969046,0.0,0,2,"FixedAssetsRatio_lag, CurrentRatio_lag",1.0
600025.SH,华能水电,CSI,中央国有企业,公用事业,公用事业Ⅱ,公用事业--公用事业Ⅱ--电力--新能源发电业者,2023,,,,,,,,,,195239265297.35,,0.053107,7638074711.0,2730456864.91,target_year,,,,,,,,,,SOE_target,0.052607999999999995,0.113096,25.816276,0.019028,0.129341,0.128562,-0.108919,0.902161,0.571473,0.169814,0.048581,True,Pooled_H_plus_CSI_nonSOE,0.09434938730033536,0.113096,-0.01874661269966464,-3660074890.296496,0.0,0,2,"FixedAssetsRatio_lag, CurrentRatio_lag",1.0
600025.SH,华能水电,CSI,中央国有企业,公用事业,公用事业Ⅱ,公用事业--公用事业Ⅱ--电力--新能源发电业者,2024,,,,,,,,,,214607123371.44,,0.051125,8297028967.06,2674676981.69,target_year,,,,,,,,,,SOE_target,0.06363100000000001,0.11774699999999999,25.997492,0.019985,0.121904,0.128588,-0.126507,0.906214,0.637761,0.149448,0.092856,True,Pooled_H_plus_CSI_nonSOE,0.07865453522957394,0.11774699999999999,-0.03909246477042605,-8389521409.880495,0.0,0,2,"FixedAssetsRatio_lag, CurrentRatio_lag",1.0
600025.SH,华能水电,CSI,中央国有企业,公用事业,公用事业Ⅱ,公用事业--公用事业Ⅱ--电力--新能源发电业者,2025,,,,,,,,,,226717001711.92,,0.049089,8504138221.82,2625266463.59,target_year,,,,,,,,,,SOE_target,0.060695,0.109335,26.092075,0.021295,0.118327,0.119065,-0.17103,0.897786,0.6311,0.141749,0.09497,True,Pooled_H_plus_CSI_nonSOE,0.08044854275195192,0.109335,-0.028886457248048086,-6549050977.357022,0.0,0,2,"FixedAssetsRatio_lag, CurrentRatio_lag",1.0
600026.SH,中远海能,CSI,中央国有企业,工业,交通运输,工业--交通运输--海上运输Ⅲ--海上运输Ⅳ,2019,,,,,,,,,,65841861000.0,,0.027846783,413857000.0,1419627000.0,target_year,,,,,,,,,,SOE_target,0.035864,0.014698,24.87298624,0.013892163,0.111099702,0.195469911,-0.062080665,0.777889449,0.53841184,0.638202775,0.054344432,True,Pooled_H_plus_CSI_nonSOE,-0.02469089223898048,0.014698,-0.03938889223898048,-2593437967.742932,0.0,0,1,FixedAssetsRatio_lag,1.0
600026.SH,中远海能,CSI,中央国有企业,工业,交通运输,工业--交通运输--海上运输Ⅲ--海上运输Ⅳ,2020,,,,,,,,,,65959857000.0,,0.051866941,2381415000.0,1039721000.0,target_year,,,,,,,,,,SOE_target,0.059844,0.075906,24.91052166,0.014177998,0.108646931,0.21230603,-0.082326986,0.74665104,0.55700514,0.561023832,0.019372797,True,Pooled_H_plus_CSI_nonSOE,-0.019528547091292495,0.075906,-0.0954345470912925,-6294849079.001419,0.0,0,1,FixedAssetsRatio_lag,1.0
600026.SH,中远海能,CSI,中央国有企业,工业,交通运输,工业--交通运输--海上运输Ⅲ--海上运输Ⅳ,2021,,,,,,,,,,59388937000.0,,-0.070025062,-4985386000.0,826672000.0,target_year,,,,,,,,,,SOE_target,-0.05904499999999999,-0.157733,24.91231217,0.020449402,0.123286456,0.246858649,-0.030524157,0.735252413,0.46024222,0.796482244,0.083477455,True,Pooled_H_plus_CSI_nonSOE,-0.011866761052697058,-0.157733,0.14586623894730294,8662840875.26832,8662840875.26832,0,1,FixedAssetsRatio_lag,1.0
600026.SH,中远海能,CSI,中央国有企业,工业,交通运输,工业--交通运输--海上运输Ⅲ--海上运输Ⅳ,2022,,,,,,,,,,68250082000.0,,0.035972367,1461118000.0,993999000.0,target_year,,,,,,,,,,SOE_target,0.058710000000000005,0.048573000000000005,24.8073738,0.011485638,0.15352339,0.20175224,-0.115369871,0.728866944,0.496164025,0.486296004,0.049270254,True,Pooled_H_plus_CSI_nonSOE,-0.01882294720103929,0.048573000000000005,-0.0673959472010393,-4599778922.938602,0.0,0,1,FixedAssetsRatio_lag,1.0
600026.SH,中远海能,CSI,中央国有企业,工业,交通运输,工业--交通运输--海上运输Ⅲ--海上运输Ⅳ,2023,,,,,,,,,,72083612000.0,,0.066136,3348717000.0,1418587000.0,target_year,,,,,,,,,,SOE_target,0.087773,0.10153499999999999,24.946444,0.015811,0.180808,0.290927,-0.032351,0.691269,0.508127,0.791518,0.065197,True,Pooled_H_plus_CSI_nonSOE,-0.015093066566324823,0.10153499999999999,-0.11662806656632481,-8406972298.67713,0.0,1,0,,1.0
600026.SH,中远海能,CSI,中央国有企业,工业,交通运输,工业--交通运输--海上运输Ⅲ--海上运输Ⅳ,2024,,,,,,,,,,81042317000.0,,0.066951,4038089000.0,1387805000.0,target_year,,,,,,,,,,SOE_target,0.086607,0.11495,25.001093,0.018027,0.114556,0.312291,0.010305,0.69434,0.485274,1.085128,0.078267,True,Pooled_H_plus_CSI_nonSOE,-0.009078159356753823,0.11495,-0.12402815935675382,-10051529407.51656,0.0,1,0,,1.0
600026.SH,中远海能,CSI,中央国有企业,工业,交通运输,工业--交通运输--海上运输Ⅲ--海上运输Ⅳ,2025,,,,,,,,,,92078580000.0,,0.058354,4037075000.0,1336121000.0,target_year,,,,,,,,,,SOE_target,0.075335,0.09814,25.118237,0.016654,0.116886,0.30215,-0.008449,0.672639,0.518953,0.933002,0.097176,True,Pooled_H_plus_CSI_nonSOE,-0.01674399963862834,0.09814,-0.11488399963862835,-10578355551.445412,0.0,1,0,,1.0
600027.SH,华电国际,CSI,中央国有企业,公用事业,公用事业Ⅱ,公用事业--公用事业Ⅱ--电力--电力公用事业,2019,,,,,,,,,,232164000000.0,,0.035928784,3385324000.0,4956059000.0,target_year,,,,,,,,,,SOE_target,0.044404000000000006,0.058502,26.15039902,0.147175376,0.148389593,0.391599295,-0.218739097,0.773628096,0.700030648,0.341196999,0.07580338,True,Pooled_H_plus_CSI_nonSOE,0.1162034961541493,0.058502,0.057701496154149295,13396210153.131918,13396210153.131918,0,2,"FixedAssetsRatio_lag, CurrentRatio_lag",1.0
600027.SH,华电国际,CSI,中央国有企业,公用事业,公用事业Ⅱ,公用事业--公用事业Ⅱ--电力--电力公用事业,2020,,,,,,,,,,236691000000.0,,0.036277765,4166756000.0,4419862000.0,target_year,,,,,,,,,,SOE_target,0.04776,0.06139,26.17071138,0.136033956,0.143602423,0.399220663,-0.175434407,0.759751414,0.652799229,0.395072825,0.064993263,True,Pooled_H_plus_CSI_nonSOE,0.12491209668674394,0.06139,0.06352209668674394,15035108586.88211,15035108586.88211,0,1,FixedAssetsRatio_lag,1.0
600027.SH,华电国际,CSI,中央国有企业,公用事业,公用事业Ⅱ,公用事业--公用事业Ⅱ--电力--电力公用事业,2021,,,,,,,,,,222386000000.0,,0.004040654,-3341982000.0,4240567000.0,target_year,,,,,,,,,,SOE_target,-0.012641,-0.04884,26.19002106,0.11752776,0.126082379,0.381278595,-0.144868062,0.771747976,0.601196772,0.420261511,0.078810724,True,Pooled_H_plus_CSI_nonSOE,0.12699983949340451,-0.04884,0.1758398394934045,39104318545.58025,39104318545.58025,0,1,FixedAssetsRatio_lag,1.0
600027.SH,华电国际,CSI,中央国有企业,公用事业,公用事业Ⅱ,公用事业--公用事业Ⅱ--电力--电力公用事业,2022,,,,,,,,,,226802000000.0,,0.017901154,-30791000.0,4090816000.0,target_year,,,,,,,,,,SOE_target,0.010929,-0.000492,26.12768062,0.108193469,0.130392082,0.4399417,-0.162191446,0.636210561,0.657044275,0.450692943,0.057896499,True,Pooled_H_plus_CSI_nonSOE,0.1277699856994251,-0.000492,0.1282619856994251,29090074880.60101,29090074880.60101,1,0,,1.0
600027.SH,华电国际,CSI,中央国有企业,公用事业,公用事业Ⅱ,公用事业--公用事业Ⅱ--电力--电力公用事业,2023,,,,,,,,,,226476498000.0,,0.036399,4601094000.0,3642399000.0,target_year,,,,,,,,,,SOE_target,0.041466,0.069153,26.147345,0.096947,0.129341,0.471786,-0.149299,0.630566,0.678006,0.463299,0.045957,True,Pooled_H_plus_CSI_nonSOE,0.12877631919958574,0.069153,0.05962331919958573,13503280531.45834,13503280531.45834,1,0,,1.0
600027.SH,华电国际,CSI,中央国有企业,公用事业,公用事业Ⅱ,公用事业--公用事业Ⅱ--电力--电力公用事业,2024,,,,,,,,,,227138590000.0,,0.039234,5669855000.0,3241716000.0,target_year,,,,,,,,,,SOE_target,0.05258,0.080532,26.145907,0.101013,0.121904,0.513485,-0.152841,0.626863,0.620701,0.452266,0.046311,True,Pooled_H_plus_CSI_nonSOE,0.1439559206580444,0.080532,0.0634239206580444,14406019910.54008,14406019910.54008,1,0,,1.0
600027.SH,华电国际,CSI,中央国有企业,公用事业,公用事业Ⅱ,公用事业--公用事业Ⅱ--电力--电力公用事业,2025,,,,,,,,,,264230768000.0,,0.034895,6070315000.0,3149957000.0,target_year,,,,,,,,,,SOE_target,0.056004,0.08776400000000001,26.148826,0.098093,0.118327,0.495538,-0.158672,0.612499,0.610296,0.446625,0.039921,True,Pooled_H_plus_CSI_nonSOE,0.14418297616033712,0.08776400000000001,0.056418976160337114,14907629400.619566,14907629400.619566,1,0,,1.0
600028.SH,中国石化,CSI,中央国有企业,能源,石油石化,能源--石油石化--石油天然气--综合性石油天然气,2019,,,,,,,,,,1755070000000.0,,0.042430192,57465000000.0,17003000000.0,target_year,,,,,,,,,,SOE_target,0.059583000000000004,0.07896600000000001,28.09620565,0.515629105,0.452070271,1.772760125,-0.038295355,0.473981792,0.462079573,0.892093053,0.06469477,True,Pooled_H_plus_CSI_nonSOE,0.3567981297771903,0.07896600000000001,0.2778321297771903,487614836008.05334,487614836008.05334,0,1,FirmSize_lag,1.0
600028.SH,中国石化,CSI,中央国有企业,能源,石油石化,能源--石油石化--石油天然气--综合性石油天然气,2020,,,,,,,,,,1733810000000.0,,0.027852036,33096000000.0,15194000000.0,target_year,,,,,,,,,,SOE_target,0.033555,0.044735,28.19353043,0.502320213,0.44417932,1.732990498,-0.074366222,0.453480799,0.500968907,0.773553283,0.080419539,True,Pooled_H_plus_CSI_nonSOE,0.34620491704157746,0.044735,0.30146991704157744,522691556865.85736,522691556865.85736,0,1,FirmSize_lag,1.0
600028.SH,中国石化,CSI,中央国有企业,能源,石油石化,能源--石油石化--石油天然气--综合性石油天然气,2021,,,,,,,,,,1889260000000.0,,0.046046193,71975000000.0,15018000000.0,target_year,,,,,,,,,,SOE_target,0.065389,0.094974,28.18133953,0.475113231,0.429200271,1.174851729,-0.038525094,0.411817938,0.490797408,0.872086788,0.075665372,True,Pooled_H_plus_CSI_nonSOE,0.27796577962444496,0.094974,0.18299177962444496,345719049573.2789,345719049573.2789,0,1,FirmSize_lag,1.0
600028.SH,中国石化,CSI,中央国有企业,能源,石油石化,能源--石油石化--石油天然气--综合性石油天然气,2022,,,,,,,,,,1948640000000.0,,0.042553781,66153000000.0,16769000000.0,target_year,,,,,,,,,,SOE_target,0.054667,0.084872,28.26720369,0.465583372,0.425995256,1.479136421,-0.044068164,0.399556439,0.515642939,0.870172156,0.076708015,True,Pooled_H_plus_CSI_nonSOE,0.3135481487678075,0.084872,0.2286761487678075,445607490534.90045,445607490534.90045,0,1,FirmSize_lag,1.0
600028.SH,中国石化,CSI,中央国有企业,能源,石油石化,能源--石油石化--石油天然气--综合性石油天然气,2023,,,,,,,,,,2024696000000.0,,0.037724,58310000000.0,18069000000.0,target_year,,,,,,,,,,SOE_target,0.047907000000000005,0.073452,28.298153,0.456404,0.418201,1.69747,-0.074023,0.424268,0.519543,0.783865,0.088537,True,Pooled_H_plus_CSI_nonSOE,0.34011628636632496,0.073452,0.26666428636632494,539914113948.7526,539914113948.7526,0,1,FirmSize_lag,1.0
600028.SH,中国石化,CSI,中央国有企业,能源,石油石化,能源--石油石化--石油天然气--综合性石油天然气,2024,,,,,,,,,,2081440000000.0,,0.032449,48939000000.0,18601000000.0,target_year,,,,,,,,,,SOE_target,0.039847,0.060462999999999996,28.336441,0.460426,0.410755,1.583995,-0.055634,0.430261,0.527925,0.825923,0.084701,True,Pooled_H_plus_CSI_nonSOE,0.32450489793127274,0.060462999999999996,0.26404189793127275,549587368030.06836,549587368030.06836,0,1,FirmSize_lag,1.0
600028.SH,中国石化,CSI,中央国有企业,能源,石油石化,能源--石油石化--石油天然气--综合性石油天然气,2025,,,,,,,,,,2153485000000.0,,0.024018,32476000000.0,19247000000.0,target_year,,,,,,,,,,SOE_target,0.027008,0.039526,28.364081,0.453969,0.406814,1.46869,-0.071451,0.444803,0.532945,0.779094,0.06688,True,Pooled_H_plus_CSI_nonSOE,0.31212338806343,0.039526,0.27259738806343,587034386233.7755,587034386233.7755,0,1,FirmSize_lag,1.0
600029.SH,南方航空,CSI,中央国有企业,工业,交通运输,工业--交通运输--航空客运Ⅲ--航空客运Ⅳ,2019,,,,,,,,,,306928000000.0,,0.02764492,2640000000.0,5845000000.0,target_year,,,,,,,,,,SOE_target,0.035481,0.040815000000000004,26.23244767,0.158517157,0.111099702,0.59297309,-0.24140612,0.844235044,0.682246132,0.287643242,0.097534309,True,Pooled_H_plus_CSI_nonSOE,0.02137561177208734,0.040815000000000004,-0.019439388227912663,-5966492550.016778,0.0,0,2,"FixedAssetsRatio_lag, CurrentRatio_lag",1.0
600029.SH,南方航空,CSI,中央国有企业,工业,交通运输,工业--交通运输--航空客运Ⅲ--航空客运Ⅳ,2020,,,,,,,,,,326383000000.0,,-0.012656909,-10847000000.0,6716000000.0,target_year,,,,,,,,,,SOE_target,-0.027794,-0.162271,26.44987903,0.153048695,0.108646931,0.534837157,-0.256581348,0.404036126,0.748054918,0.17528537,0.050917479,True,Pooled_H_plus_CSI_nonSOE,0.014851877977798633,-0.162271,0.17712287797779863,57809896283.02785,57809896283.02785,0,1,CurrentRatio_lag,1.0
600029.SH,南方航空,CSI,中央国有企业,工业,交通运输,工业--交通运输--航空客运Ⅲ--航空客运Ⅳ,2021,,,,,,,,,,323211000000.0,,-0.018266705,-12106000000.0,6202000000.0,target_year,,,,,,,,,,SOE_target,-0.02581,-0.176171,26.51133738,0.109394427,0.123286456,0.274831797,-0.173710028,0.363232766,0.7391684,0.407447665,0.033889633,True,Pooled_H_plus_CSI_nonSOE,-0.019820231642721634,-0.176171,0.15635076835727835,50534288191.52429,50534288191.52429,1,0,,1.0
600029.SH,南方航空,CSI,中央国有企业,工业,交通运输,工业--交通运输--航空客运Ⅲ--航空客运Ⅳ,2022,,,,,,,,,,312246000000.0,,-0.085487084,-32699000000.0,6006000000.0,target_year,,,,,,,,,,SOE_target,-0.081834,-0.599289,26.5015712,0.086545358,0.15352339,0.293349384,-0.2262423,0.380658455,0.738536127,0.341165871,0.053021091,True,Pooled_H_plus_CSI_nonSOE,-0.025617710247476985,-0.599289,0.573671289752523,179126565540.0663,179126565540.0663,0,1,CurrentRatio_lag,1.0
600029.SH,南方航空,CSI,中央国有企业,工业,交通运输,工业--交通运输--航空客运Ⅲ--航空客运Ⅳ,2023,,,,,,,,,,309596000000.0,,0.005775,-4140000000.0,5928000000.0,target_year,,,,,,,,,,SOE_target,0.013012999999999999,-0.105685,26.467057,0.068893,0.180808,0.254623,-0.345894,0.396537,0.822707,0.236494,0.037458,True,Pooled_H_plus_CSI_nonSOE,-0.042495408161247514,-0.105685,0.06318959183875249,19563244874.910416,19563244874.910416,0,1,CurrentRatio_lag,1.0
600029.SH,南方航空,CSI,中央国有企业,工业,交通运输,工业--交通运输--航空客运Ⅲ--航空客运Ⅳ,2024,,,,,,,,,,329979000000.0,,0.012089,-1769000000.0,5758000000.0,target_year,,,,,,,,,,SOE_target,0.021871,-0.049129,26.458534,0.12459,0.114556,0.487085,-0.327837,0.412641,0.830854,0.215852,0.036722,True,Pooled_H_plus_CSI_nonSOE,-0.001691487724040694,-0.049129,0.047437512275959305,15653382863.308775,15653382863.308775,0,1,CurrentRatio_lag,1.0
600029.SH,南方航空,CSI,中央国有企业,工业,交通运输,工业--交通运输--航空客运Ⅲ--航空客运Ⅳ,2025,,,,,,,,,,350053000000.0,,0.018306,855000000.0,5553000000.0,target_year,,,,,,,,,,SOE_target,0.029478,0.024175,26.522295,0.118891,0.116886,0.516421,-0.304986,0.411478,0.839881,0.27285,0.049085,True,Pooled_H_plus_CSI_nonSOE,-0.0006130330258281719,0.024175,-0.02478803302582817,-8677125324.790228,0.0,0,1,CurrentRatio_lag,1.0
600039.SH,四川路桥,CSI,地方国有企业,工业,建筑,工业--建筑--建筑与工程Ⅲ--建筑与工程Ⅳ,2019,,,,,,,,,,97615480976.0,,0.037211172,1701863780.0,1930522630.0,target_year,,,,,,,,,,SOE_target,0.043567,0.115012,25.1787028,0.009802807,0.178025019,0.501353906,0.024012975,0.027128851,0.820162075,1.051384264,0.043630385,True,Pooled_H_plus_CSI_nonSOE,0.07249212869943644,0.115012,-0.04251987130056356,-4150597688.0421305,0.0,1,0,,1.0
600039.SH,四川路桥,CSI,地方国有企业,工业,建筑,工业--建筑--建筑与工程Ⅲ--建筑与工程Ⅳ,2020,,,,,,,,,,113224000000.0,,0.047205214,3025220328.0,2319530755.0,target_year,,,,,,,,,,SOE_target,0.056818999999999995,0.158343,25.30430193,0.011120884,0.179054819,0.571846466,0.014592269,0.025621943,0.823336581,1.030749274,0.051754319,True,Pooled_H_plus_CSI_nonSOE,0.08121157111426594,0.158343,-0.07713142888573407,-8733128904.158354,0.0,1,0,,1.0
600039.SH,四川路桥,CSI,地方国有企业,工业,建筑,工业--建筑--建筑与工程Ⅲ--建筑与工程Ⅳ,2021,,,,,,,,,,137038000000.0,,0.058043518,5582069265.0,2372125857.0,target_year,,,,,,,,,,SOE_target,0.072688,0.224344,25.45263175,0.011374577,0.179498397,0.577043095,0.041942153,0.028810282,0.781285264,1.091306515,0.043553685,True,Pooled_H_plus_CSI_nonSOE,0.08554309301972292,0.224344,-0.13880090698027708,-19020998690.76321,0.0,1,0,,1.0
600039.SH,四川路桥,CSI,地方国有企业,工业,建筑,工业--建筑--建筑与工程Ⅲ--建筑与工程Ⅳ,2022,,,,,,,,,,208299000000.0,,0.066383319,11212905939.0,2614655615.0,target_year,,,,,,,,,,SOE_target,0.093207,0.325278,25.64352755,0.013775122,0.17910201,0.676295862,0.075618992,0.026636224,0.777198956,1.166354427,0.018731852,True,Pooled_H_plus_CSI_nonSOE,0.10225122965729633,0.325278,-0.22302677034270368,-46456253235.61484,0.0,1,0,,1.0
600039.SH,四川路桥,CSI,地方国有企业,工业,建筑,工业--建筑--建筑与工程Ⅲ--建筑与工程Ⅳ,2023,,,,,,,,,,240914762578.04,,0.04862,9003845893.62,2709537928.39,target_year,,,,,,,,,,SOE_target,0.060896,0.20717400000000002,26.062239,0.019707,0.173049,0.779731,0.109348,0.029618,0.779158,1.209964,0.025586,True,Pooled_H_plus_CSI_nonSOE,0.1147948467071731,0.20717400000000002,-0.09237915329282692,-22255501782.70176,0.0,1,0,,1.0
600039.SH,四川路桥,CSI,地方国有企业,工业,建筑,工业--建筑--建筑与工程Ⅲ--建筑与工程Ⅳ,2024,,,,,,,,,,239773354769.84,,0.042016,7209866536.24,2864382037.39,target_year,,,,,,,,,,SOE_target,0.050009,0.155112,26.207709,0.015611,0.176169,0.510636,0.090428,0.07493,0.789344,1.17526,0.032152,True,Pooled_H_plus_CSI_nonSOE,0.07644983608790239,0.155112,-0.07866216391209761,-18861090934.658688,0.0,1,0,,1.0
600039.SH,四川路桥,CSI,地方国有企业,工业,建筑,工业--建筑--建筑与工程Ⅲ--建筑与工程Ⅳ,2025,,,,,,,,,,267673535809.41,,0.035663,7296866124.06,2249190329.58,target_year,,,,,,,,,,SOE_target,0.045757000000000006,0.14499,26.20296,0.015081,0.174423,0.444562,0.109226,0.016385,0.788718,1.199839,0.031514,True,Pooled_H_plus_CSI_nonSOE,0.06945464552507394,0.14499,-0.07553535447492607,-20218815410.9206,0.0,1,0,,1.0
600048.SH,保利发展,CSI,中央国有企业,房地产,房地产Ⅱ,房地产--房地产Ⅱ--房地产管理和开发--房地产开发,2019,,,,,,,,,,1033210000000.0,,0.031517,27959019793.0,4604619675.0,target_year,,,,,,,,,,SOE_target,0.056267,0.201184,27.46436886,0.31565396,0.396279334,0.231234939,0.37990177,0.006463865,0.779686125,1.722829263,0.000713354,True,Pooled_H_plus_CSI_nonSOE,0.15798480376873492,0.201184,-0.043199196231265086,-44633841538.1054,0.0,0,1,FirmSize_lag,1.0
600048.SH,保利发展,CSI,中央国有企业,房地产,房地产Ⅱ,房地产--房地产Ⅱ--房地产管理和开发--房地产开发,2020,,,,,,,,,,1251370000000.0,,0.025658366,28948429857.0,3159806207.0,target_year,,,,,,,,,,SOE_target,0.045993000000000006,0.172182,27.66369034,0.314541861,0.408200157,0.227794552,0.326382738,0.007711161,0.777855138,1.562316531,0.000270148,True,Pooled_H_plus_CSI_nonSOE,0.15922890748192436,0.172182,-0.012953092518075637,-16209111384.34431,0.0,0,2,"FirmSize_lag, CapexRatio_lag",1.0
600048.SH,保利发展,CSI,中央国有企业,房地产,房地产Ⅱ,房地产--房地产Ⅱ--房地产管理和开发--房地产开发,2021,,,,,,,,,,1399930000000.0,,0.023551996,27387836594.0,5583381396.0,target_year,,,,,,,,,,SOE_target,0.040119999999999996,0.145761,27.855264,0.291838363,0.406330004,0.196621821,0.307236072,0.006557157,0.786924063,1.51142457,0.000317625,True,Pooled_H_plus_CSI_nonSOE,0.1518274365154499,0.145761,0.006066436515449886,8492586471.073758,8492586471.073758,0,2,"FirmSize_lag, CapexRatio_lag",1.0
600048.SH,保利发展,CSI,中央国有企业,房地产,房地产Ⅱ,房地产--房地产Ⅱ--房地产管理和开发--房地产开发,2022,,,,,,,,,,1470460000000.0,,0.016221919,18346819483.0,5506935348.0,target_year,,,,,,,,,,SOE_target,0.026187000000000002,0.09364800000000001,27.96744553,0.306902177,0.390202805,0.203106181,0.306103727,0.008462026,0.783622181,1.52334607,0.000194029,True,Pooled_H_plus_CSI_nonSOE,0.1560926134922348,0.09364800000000001,0.06244461349223479,91822306355.79156,91822306355.79156,0,2,"FirmSize_lag, CapexRatio_lag",1.0
600048.SH,保利发展,CSI,中央国有企业,房地产,房地产Ⅱ,房地产--房地产Ⅱ--房地产管理和开发--房地产开发,2023,,,,,,,,,,1436911790321.09,,0.011454,12067156751.87,4391271101.53,target_year,,,,,,,,,,SOE_target,0.01694,0.061128999999999996,28.016599,0.281643,0.393852,0.186661,0.311548,0.007289,0.780891,1.543905,0.000127,True,Pooled_H_plus_CSI_nonSOE,0.1506491046436858,0.061128999999999996,0.08952010464368582,128632493833.28992,128632493833.28992,0,2,"FirmSize_lag, CapexRatio_lag",1.0
600048.SH,保利发展,CSI,中央国有企业,房地产,房地产Ⅱ,房地产--房地产Ⅱ--房地产管理和开发--房地产开发,2024,,,,,,,,,,1335108015599.69,,0.007223,5001183340.24,4642572794.51,target_year,,,,,,,,,,SOE_target,0.014591,0.025249999999999998,27.993517,0.344359,0.37554,0.231528,0.316517,0.00623,0.765451,1.558916,0.000125,True,Pooled_H_plus_CSI_nonSOE,0.16499611271040956,0.025249999999999998,0.13974611271040957,186576155228.56552,186576155228.56552,0,2,"FirmSize_lag, CapexRatio_lag",1.0
600048.SH,保利发展,CSI,中央国有企业,房地产,房地产Ⅱ,房地产--房地产Ⅱ--房地产管理和开发--房地产开发,2025,,,,,,,,,,1188292419390.15,,0.004163,1034698076.02,3911853774.36,target_year,,,,,,,,,,SOE_target,0.010818000000000001,0.005313,27.920033,0.370621,0.353891,0.220606,0.332909,0.004635,0.743444,1.615099,0.000134,True,Pooled_H_plus_CSI_nonSOE,0.16763844575374315,0.005313,0.16232544575374314,192890096663.29996,192890096663.29996,0,2,"FirmSize_lag, CapexRatio_lag",1.0
600050.SH,中国联通,CSI,中央国有企业,通讯服务,电信服务,通讯服务--电信服务--多元电信服务--综合电信业务,2019,,,,,,,,,,564231000000.0,,0.010101391,4982083711.0,717430307.0,target_year,,,,,,,,,,SOE_target,0.02538,0.03515,27.01809315,0.216004559,0.376451505,0.51908301,-0.254483315,0.707287713,0.414982728,0.355129441,0.104885955,True,Pooled_H_plus_CSI_nonSOE,0.14309815998548034,0.03515,0.10794815998548034,60907698256.767555,60907698256.767555,0,1,FirmSize_lag,1.0
600050.SH,中国联通,CSI,中央国有企业,通讯服务,电信服务,通讯服务--电信服务--多元电信服务--综合电信业务,2020,,,,,,,,,,582475000000.0,,0.009868284,5521311508.0,226721429.0,target_year,,,,,,,,,,SOE_target,0.027835000000000002,0.037942000000000004,27.0587289,0.215538555,0.377325617,0.523110571,-0.218366135,0.648668624,0.426660113,0.404249093,0.106989431,True,Pooled_H_plus_CSI_nonSOE,0.14138819064920977,0.037942000000000004,0.10344619064920976,60254819898.39845,60254819898.39845,0,1,FirmSize_lag,1.0
600050.SH,中国联通,CSI,中央国有企业,通讯服务,电信服务,通讯服务--电信服务--多元电信服务--综合电信业务,2021,,,,,,,,,,593284000000.0,,0.012700151,6305465753.0,1229336920.0,target_year,,,,,,,,,,SOE_target,0.030314,0.042472,27.09055284,0.216924109,0.375629725,0.52757066,-0.195009677,0.622322545,0.430921996,0.488897939,0.100700722,True,Pooled_H_plus_CSI_nonSOE,0.1425140839233552,0.042472,0.1000420839233552,59353367718.383865,59353367718.383865,0,1,FirmSize_lag,1.0
600050.SH,中国联通,CSI,中央国有企业,通讯服务,电信服务,通讯服务--电信服务--多元电信服务--综合电信业务,2022,,,,,,,,,,644687000000.0,,0.010162857,7299489574.0,-747627534.0,target_year,,,,,,,,,,SOE_target,0.032905000000000004,0.048088,27.10893985,0.214754812,0.374126853,0.555261993,-0.183530803,0.593470184,0.433306679,0.536927029,0.121437607,True,Pooled_H_plus_CSI_nonSOE,0.1424557244921393,0.048088,0.09436772449213932,60837645199.66382,60837645199.66382,0,1,FirmSize_lag,1.0
600050.SH,中国联通,CSI,中央国有企业,通讯服务,电信服务,通讯服务--电信服务--多元电信服务--综合电信业务,2023,,,,,,,,,,662844796563.0,,0.011939,8172679256.0,-258709687.0,target_year,,,,,,,,,,SOE_target,0.034735999999999996,0.05212,27.192031,0.214301,0.373379,0.571171,-0.157774,0.54134,0.461329,0.589832,0.112407,True,Pooled_H_plus_CSI_nonSOE,0.14201730387947387,0.05212,0.08989730387947387,59587960101.55205,59587960101.55205,0,1,FirmSize_lag,1.0
600050.SH,中国联通,CSI,中央国有企业,通讯服务,电信服务,通讯服务--电信服务--多元电信服务--综合电信业务,2024,,,,,,,,,,672836701609.0,,0.013008,9029899018.0,-277552108.0,target_year,,,,,,,,,,SOE_target,0.037571,0.055725,27.219807,0.211944,0.374249,0.567565,-0.15427,0.531136,0.460002,0.607135,0.119744,True,Pooled_H_plus_CSI_nonSOE,0.1405607655461631,0.055725,0.0848357655461631,57080616668.55482,57080616668.55482,0,1,FirmSize_lag,1.0
600050.SH,中国联通,CSI,中央国有企业,通讯服务,电信服务,通讯服务--电信服务--多元电信服务--综合电信业务,2025,,,,,,,,,,671056308815.0,,0.01273,9126662570.0,-584217448.0,target_year,,,,,,,,,,SOE_target,0.036787,0.05474300000000001,27.234768,0.214383,0.373264,0.5808,-0.159284,0.521086,0.45189,0.597066,0.112571,True,Pooled_H_plus_CSI_nonSOE,0.14533667571938585,0.05474300000000001,0.09059367571938584,60793457630.23415,60793457630.23415,0,1,FirmSize_lag,1.0
600085.SH,同仁堂,CSI,地方国有企业,医疗保健,医药生物,医疗保健--医药生物--制药--中药,2019,,,,,,,,,,20921822081.0,,0.049259163,985435905.0,45155539.17,target_year,,,,,,,,,,SOE_target,0.092627,0.106557,23.74259659,0.044393641,0.277672488,0.717188255,0.545479466,0.175814588,0.290478372,3.305792709,0.030049137,True,Pooled_H_plus_CSI_nonSOE,0.11674976677329311,0.106557,0.010192766773293116,213251252.94396704,213251252.94396704,1,0,,1.0
600085.SH,同仁堂,CSI,地方国有企业,医疗保健,医药生物,医疗保健--医药生物--制药--中药,2020,,,,,,,,,,21837512362.0,,0.045586645,1031440915.0,-35941988.89,target_year,,,,,,,,,,SOE_target,0.09274800000000001,0.108193,23.76405857,0.035361667,0.276190471,0.635012754,0.536228996,0.186854042,0.299285654,3.292555198,0.022168669,True,Pooled_H_plus_CSI_nonSOE,0.10501710663870532,0.108193,-0.003175893361294674,-69353610.53766617,0.0,1,0,,1.0
600085.SH,同仁堂,CSI,地方国有企业,医疗保健,医药生物,医疗保健--医药生物--制药--中药,2021,,,,,,,,,,25072835362.0,,0.054031558,1227372820.0,127351544.8,target_year,,,,,,,,,,SOE_target,0.099836,0.11994500000000001,23.80689508,0.031735322,0.256105921,0.593509445,0.500448163,0.19275382,0.28808725,2.95210164,0.052705572,True,Pooled_H_plus_CSI_nonSOE,0.10107182449688337,0.11994500000000001,-0.018873175503116638,-473204022.147775,0.0,1,0,,1.0
600085.SH,同仁堂,CSI,地方国有企业,医疗保健,医药生物,医疗保健--医药生物--制药--中药,2022,,,,,,,,,,27044491890.0,,0.052549744,1425811705.0,-4630592.51,target_year,,,,,,,,,,SOE_target,0.104262,0.12707100000000002,23.94505084,0.030176801,0.230275265,0.615993482,0.47347069,0.160434637,0.33503726,2.883619323,0.018793541,True,Pooled_H_plus_CSI_nonSOE,0.10568959445519163,0.12707100000000002,-0.021381405544808385,-578249248.8533714,0.0,1,0,,1.0
600085.SH,同仁堂,CSI,地方国有企业,医疗保健,医药生物,医疗保健--医药生物--制药--中药,2023,,,,,,,,,,30089450163.66,,0.051802,1668834509.63,-110139252.35,target_year,,,,,,,,,,SOE_target,0.10784,0.13423,24.020749,0.028082,0.212266,0.583495,0.525941,0.145857,0.31764,3.245059,0.012203,True,Pooled_H_plus_CSI_nonSOE,0.10296866654315226,0.13423,-0.03126133345684773,-940636335.0993767,0.0,1,0,,1.0
600085.SH,同仁堂,CSI,地方国有企业,医疗保健,医药生物,医疗保健--医药生物--制药--中药,2024,,,,,,,,,,31197524019.77,,0.049119,1526274925.98,6104419.93,target_year,,,,,,,,,,SOE_target,0.091748,0.116268,24.12744,0.02949,0.216978,0.619334,0.538375,0.130842,0.32677,3.261915,0.010785,True,Pooled_H_plus_CSI_nonSOE,0.10664225829608179,0.116268,-0.009625741703918209,-300299308.0160901,0.0,1,0,,1.0
600085.SH,同仁堂,CSI,地方国有企业,医疗保健,医药生物,医疗保健--医药生物--制药--中药,2025,,,,,,,,,,30621119491.71,,0.036822,1189374356.88,-61856885.45,target_year,,,,,,,,,,SOE_target,0.063568,0.088584,24.163605,0.030434,0.230555,0.601836,0.516001,0.132703,0.330043,3.11878,0.016654,True,Pooled_H_plus_CSI_nonSOE,0.10388447327777259,0.088584,0.015300473277772592,468517620.5183903,468517620.5183903,1,0,,1.0
600104.SH,上汽集团,CSI,地方国有企业,可选消费,汽车与零配件,可选消费--汽车与零配件--汽车--汽车制造,2019,,,,,,,,,,849333000000.0,,0.03253059,25603384202.0,2025928206.0,target_year,,,,,,,,,,SOE_target,0.050204000000000006,0.105784,27.38610456,0.591110538,0.376606004,1.168639891,0.049890403,0.115023003,0.636265723,1.094256631,0.040848718,True,Pooled_H_plus_CSI_nonSOE,0.20311804608911885,0.105784,0.09733404608911884,82669017367.00958,82669017367.00958,0,1,FirmSize_lag,1.0
600104.SH,上汽集团,CSI,地方国有企业,可选消费,汽车与零配件,可选消费--汽车与零配件--汽车--汽车制造,2020,,,,,,,,,,919415000000.0,,0.022784011,20431037480.0,516918858.2,target_year,,,,,,,,,,SOE_target,0.040583999999999995,0.080152,27.4677175,0.584514926,0.369422071,1.004740563,0.056932128,0.116848769,0.645793199,1.104481436,0.031712856,True,Pooled_H_plus_CSI_nonSOE,0.18225606472336814,0.080152,0.10210406472336814,93876008667.63551,93876008667.63551,0,1,FirmSize_lag,1.0
600104.SH,上汽集团,CSI,地方国有企业,可选消费,汽车与零配件,可选消费--汽车与零配件--汽车--汽车制造,2021,,,,,,,,,,916923000000.0,,0.027371208,24533097944.0,564183662.3,target_year,,,,,,,,,,SOE_target,0.045260999999999996,0.091905,27.54700317,0.537049464,0.324255792,0.811062728,0.060136769,0.104539258,0.662784059,1.108225401,0.016464627,True,Pooled_H_plus_CSI_nonSOE,0.16037664722405004,0.091905,0.06847164722405004,62783228187.61764,62783228187.61764,0,1,FirmSize_lag,1.0
600104.SH,上汽集团,CSI,地方国有企业,可选消费,汽车与零配件,可选消费--汽车与零配件--汽车--汽车制造,2022,,,,,,,,,,990107000000.0,,0.015506544,16117549650.0,-764406025.7,target_year,,,,,,,,,,SOE_target,0.02944,0.058291,27.544289,0.49624797,0.289774151,0.82160727,0.070374421,0.101621896,0.641441168,1.13429849,0.02044087,True,Pooled_H_plus_CSI_nonSOE,0.1663543424820027,0.058291,0.1080633424820027,106994271834.82825,106994271834.82825,0,1,FirmSize_lag,1.0
600104.SH,上汽集团,CSI,地方国有企业,可选消费,汽车与零配件,可选消费--汽车与零配件--汽车--汽车制造,2023,,,,,,,,,,1006650278661.54,,0.013857,14106165142.98,-156683993.96,target_year,,,,,,,,,,SOE_target,0.026015,0.049885,27.621079,0.398005,0.236564,0.750589,0.038572,0.095925,0.66034,1.070207,0.023164,True,Pooled_H_plus_CSI_nonSOE,0.158765551646668,0.049885,0.108880551646668,109604637655.94055,109604637655.94055,0,1,FirmSize_lag,1.0
600104.SH,上汽集团,CSI,地方国有企业,可选消费,汽车与零配件,可选消费--汽车与零配件--汽车--汽车制造,2024,,,,,,,,,,957143417731.69,,0.004932,1666376761.07,3054077070.48,target_year,,,,,,,,,,SOE_target,0.013815,0.005805,27.637649,0.342769,0.222276,0.722406,0.071692,0.097073,0.659358,1.131829,0.019282,True,Pooled_H_plus_CSI_nonSOE,0.15563253244945977,0.005805,0.14982753244945976,143406436478.9816,143406436478.9816,0,1,FirmSize_lag,1.0
600104.SH,上汽集团,CSI,地方国有企业,可选消费,汽车与零配件,可选消费--汽车与零配件--汽车--汽车制造,2025,,,,,,,,,,960207461450.69,,0.010248,10105800270.34,-265824180.92,target_year,,,,,,,,,,SOE_target,0.025705,0.034451999999999997,27.587219,0.26178,0.204324,0.620374,0.094252,0.100007,0.63774,1.176221,0.021734,True,Pooled_H_plus_CSI_nonSOE,0.13802748393615658,0.034451999999999997,0.10357548393615658,99453952498.86362,99453952498.86362,0,1,FirmSize_lag,1.0
600111.SH,北方稀土,CSI,地方国有企业,材料,有色金属,材料--有色金属--其他金属与采矿--金属非金属,2019,,,,,,,,,,23249789494.0,,0.043282698,616294511.7,390019111.1,target_year,,,,,,,,,,SOE_target,0.05133,0.065095,23.8938532,0.017646653,0.167062795,0.622517459,0.470818754,0.163159257,0.47422306,2.82050655,0.007902791,True,Pooled_H_plus_CSI_nonSOE,0.18102350816254864,0.065095,0.11592850816254864,2695313411.1327167,2695313411.1327167,1,0,,1.0
600111.SH,北方稀土,CSI,地方国有企业,材料,有色金属,材料--有色金属--其他金属与采矿--金属非金属,2020,,,,,,,,,,25529146004.0,,0.048506632,832623455.2,405709442.1,target_year,,,,,,,,,,SOE_target,0.060104,0.082956,23.86956191,0.019452349,0.15478921,0.764815494,0.477193011,0.16554144,0.442861415,2.937880661,0.008883409,True,Pooled_H_plus_CSI_nonSOE,0.20374112337393455,0.082956,0.12078512337393454,3083541049.724328,3083541049.724328,1,0,,1.0
600111.SH,北方稀土,CSI,地方国有企业,材料,有色金属,材料--有色金属--其他金属与采矿--金属非金属,2021,,,,,,,,,,34707756657.0,,0.159096641,5130043122.0,391844362.9,target_year,,,,,,,,,,SOE_target,0.222313,0.39806600000000003,23.96308662,0.019082992,0.159708925,0.867219831,0.564907722,0.150001984,0.459639851,4.537805877,0.005932262,True,Pooled_H_plus_CSI_nonSOE,0.20119550144974147,0.39806600000000003,-0.19687049855025857,-6832933356.624645,0.0,1,0,,1.0
600111.SH,北方稀土,CSI,地方国有企业,材料,有色金属,材料--有色金属--其他金属与采矿--金属非金属,2022,,,,,,,,,,36645246207.0,,0.16901701,5983647410.0,210022530.5,target_year,,,,,,,,,,SOE_target,0.20846800000000001,0.340184,24.27022903,0.020218983,0.168216562,1.002172561,0.480913141,0.128744205,0.446127904,2.662234864,0.009474372,True,Pooled_H_plus_CSI_nonSOE,0.2371129439111339,0.340184,-0.10307105608886608,-3777064227.1920037,0.0,1,0,,1.0
600111.SH,北方稀土,CSI,地方国有企业,材料,有色金属,材料--有色金属--其他金属与采矿--金属非金属,2023,,,,,,,,,,40496655048.44,,0.062697,2370740184.54,168287209.07,target_year,,,,,,,,,,SOE_target,0.081204,0.11439,24.32455,0.0216,0.153058,1.037221,0.48697,0.15619,0.316914,2.914617,0.027693,True,Pooled_H_plus_CSI_nonSOE,0.25729252513564016,0.11439,0.14290252513564017,5787074265.969047,5787074265.969047,1,0,,1.0
600111.SH,北方稀土,CSI,地方国有企业,材料,有色金属,材料--有色金属--其他金属与采矿--金属非金属,2024,,,,,,,,,,45380919517.66,,0.026432,1004276921.89,195231222.79,target_year,,,,,,,,,,SOE_target,0.047333999999999994,0.045596,24.424485,0.019248,0.159476,0.864691,0.486653,0.170179,0.335716,3.131002,0.027501,True,Pooled_H_plus_CSI_nonSOE,0.22995371582459811,0.045596,0.18435771582459812,8366322664.295721,8366322664.295721,1,0,,1.0
600111.SH,北方稀土,CSI,地方国有企业,材料,有色金属,材料--有色金属--其他金属与采矿--金属非金属,2025,,,,,,,,,,48127817177.89,,0.050843,2251272073.68,195668514.09,target_year,,,,,,,,,,SOE_target,0.076569,0.09561,24.538358,0.018338,0.15747,0.764517,0.457977,0.200181,0.379574,2.910177,0.037205,True,Pooled_H_plus_CSI_nonSOE,0.21072002876648338,0.09561,0.11511002876648338,5539994419.814971,5539994419.814971,1,0,,1.0
600115.SH,中国东航,CSI,中央国有企业,工业,交通运输,工业--交通运输--航空客运Ⅲ--航空客运Ⅳ,2019,,,,,,,,,,285185000000.0,,0.029321318,3192000000.0,5170000000.0,target_year,,,,,,,,,,SOE_target,0.035761,0.05026099999999999,26.19980052,0.13235558,0.111099702,0.491859096,-0.239029023,0.753519624,0.742273562,0.218055403,0.045402628,True,Pooled_H_plus_CSI_nonSOE,0.0035021947711477014,0.05026099999999999,-0.04675880522885229,-13334909869.19024,0.0,0,2,"FixedAssetsRatio_lag, CurrentRatio_lag",1.0
600115.SH,中国东航,CSI,中央国有企业,工业,交通运输,工业--交通运输--航空客运Ⅲ--航空客运Ⅳ,2020,,,,,,,,,,284650000000.0,,-0.02326717,-11836000000.0,5213000000.0,target_year,,,,,,,,,,SOE_target,-0.040155,-0.18898700000000002,26.37640393,0.125014343,0.108646931,0.461600681,-0.205550783,0.348675421,0.745267107,0.251942881,0.026610797,True,Pooled_H_plus_CSI_nonSOE,0.007567887025739947,-0.18898700000000002,0.19655488702573998,55949348591.876884,55949348591.876884,0,1,CurrentRatio_lag,1.0
600115.SH,中国东航,CSI,中央国有企业,工业,交通运输,工业--交通运输--航空客运Ⅲ--航空客运Ⅳ,2021,,,,,,,,,,288790000000.0,,-0.022168358,-12214000000.0,5812000000.0,target_year,,,,,,,,,,SOE_target,-0.041992,-0.222348,26.37452619,0.073820843,0.123286456,0.206119315,-0.271596698,0.354972774,0.792186896,0.225412793,0.025459336,True,Pooled_H_plus_CSI_nonSOE,-0.039857017533810615,-0.222348,0.1824909824661894,52701570826.410835,52701570826.410835,0,1,CurrentRatio_lag,1.0
600115.SH,中国东航,CSI,中央国有企业,工业,交通运输,工业--交通运输--航空客运Ⅲ--航空客运Ⅳ,2022,,,,,,,,,,287984000000.0,,-0.0992069,-37386000000.0,8816000000.0,target_year,,,,,,,,,,SOE_target,-0.110379,-0.8803230000000001,26.38896562,0.06097388,0.15352339,0.234120396,-0.200772187,0.322871291,0.802098411,0.324946735,0.037421656,True,Pooled_H_plus_CSI_nonSOE,-0.04210807442769203,-0.8803230000000001,0.838214925572308,241392487126.01556,241392487126.01556,0,1,CurrentRatio_lag,1.0
600115.SH,中国东航,CSI,中央国有企业,工业,交通运输,工业--交通运输--航空客运Ⅲ--航空客运Ⅳ,2023,,,,,,,,,,284733000000.0,,-0.00733,-8168000000.0,6081000000.0,target_year,,,,,,,,,,SOE_target,-0.009401,-0.22023900000000002,26.386171,0.039267,0.180808,0.159893,-0.274435,0.309767,0.887692,0.25753,0.03479,True,Pooled_H_plus_CSI_nonSOE,-0.055075218591463596,-0.22023900000000002,0.16516378140853644,47027578971.79681,47027578971.79681,0,1,CurrentRatio_lag,1.0
600115.SH,中国东航,CSI,中央国有企业,工业,交通运输,工业--交通运输--航空客运Ⅲ--航空客运Ⅳ,2024,,,,,,,,,,278842000000.0,,0.003307,-4226000000.0,5148000000.0,target_year,,,,,,,,,,SOE_target,0.004007,-0.09870799999999999,26.374818,0.093572,0.114556,0.397198,-0.283076,0.337098,0.847355,0.241502,0.065553,True,Pooled_H_plus_CSI_nonSOE,-0.019103759518280264,-0.09870799999999999,0.07960424048171973,22197005624.40369,22197005624.40369,0,1,CurrentRatio_lag,1.0
600115.SH,中国东航,CSI,中央国有企业,工业,交通运输,工业--交通运输--航空客运Ⅲ--航空客运Ⅳ,2025,,,,,,,,,,294006000000.0,,0.00868,-1633000000.0,4185000000.0,target_year,,,,,,,,,,SOE_target,0.015205,-0.039456000000000005,26.353911,0.095116,0.116886,0.468864,-0.340336,0.370568,0.843456,0.167566,0.058596,True,Pooled_H_plus_CSI_nonSOE,-0.009903474174586577,-0.039456000000000005,0.029552525825413428,8688619907.8265,8688619907.8265,0,1,CurrentRatio_lag,1.0
600150.SH,中国船舶,CSI,中央国有企业,工业,机械,工业--机械--机械Ⅲ--建筑机械与重型卡车,2019,,,,,,,,,,44351383662.0,,0.012464128,404757012.2,148044295.7,target_year,,,,,,,,,,SOE_target,0.009106999999999999,0.026532,24.53591577,0.029817025,0.247583643,0.344076768,0.270348175,0.193985661,0.544529807,1.710203397,0.006719063,True,Pooled_H_plus_CSI_nonSOE,0.12408047799802346,0.026532,0.09754847799802346,4326409973.334504,4326409973.334504,1,0,,1.0
600150.SH,中国船舶,CSI,中央国有企业,工业,机械,工业--机械--机械Ⅲ--建筑机械与重型卡车,2020,,,,,,,,,,152510000000.0,,0.001747771,305800985.4,-39249305.42,target_year,,,,,,,,,,SOE_target,0.0031569999999999997,0.009995,24.51540974,0.035511472,0.225950341,0.514956109,0.259465378,0.201965756,0.52498716,1.691017199,0.017188794,True,Pooled_H_plus_CSI_nonSOE,0.14957610156539236,0.009995,0.13958110156539236,21287513799.737988,21287513799.737988,1,0,,1.0
600150.SH,中国船舶,CSI,中央国有企业,工业,机械,工业--机械--机械Ⅲ--建筑机械与重型卡车,2021,,,,,,,,,,160402000000.0,,-0.003399258,213814622.4,-759063293.3,target_year,,,,,,,,,,SOE_target,0.002098,0.004657,25.75049291,0.072042941,0.195497669,0.559491297,0.129903575,0.174424107,0.6536226,1.219782006,0.013788703,True,Pooled_H_plus_CSI_nonSOE,0.1537868098873851,0.004657,0.1491298098873851,23920719765.556347,23920719765.556347,1,0,,1.0
600150.SH,中国船舶,CSI,中央国有企业,工业,机械,工业--机械--机械Ⅲ--建筑机械与重型卡车,2022,,,,,,,,,,162438000000.0,,-0.006994407,171873146.3,-1308027192.0,target_year,,,,,,,,,,SOE_target,0.013464,0.0037359999999999997,25.80095053,0.074553764,0.187780789,0.380590501,0.158124474,0.16421145,0.668931232,1.272382023,0.007356286,True,Pooled_H_plus_CSI_nonSOE,0.12985306352032816,0.0037359999999999997,0.12611706352032817,20486203564.115067,20486203564.115067,1,0,,1.0
600150.SH,中国船舶,CSI,中央国有企业,工业,机械,工业--机械--机械Ⅲ--建筑机械与重型卡车,2023,,,,,,,,,,177832168643.44,,0.009259,2957396962.72,-1310930190.34,target_year,,,,,,,,,,SOE_target,0.017764,0.062717,25.813559,0.080153,0.187488,0.367781,0.150325,0.129527,0.689239,1.259374,0.008802,True,Pooled_H_plus_CSI_nonSOE,0.12697639774822647,0.062717,0.06425939774822648,11427388057.2885,11427388057.2885,1,0,,1.0
600150.SH,中国船舶,CSI,中央国有企业,工业,机械,工业--机械--机械Ⅲ--建筑机械与重型卡车,2024,,,,,,,,,,181976769308.99,,0.011201,3614135616.3,-1575781961.35,target_year,,,,,,,,,,SOE_target,0.014025000000000001,0.07283,25.904106,0.091615,0.188674,0.438522,0.14979,0.122893,0.704932,1.249494,0.013618,True,Pooled_H_plus_CSI_nonSOE,0.13462161016744303,0.07283,0.06179161016744303,11244637588.67182,11244637588.67182,1,0,,1.0
600150.SH,中国船舶,CSI,中央国有企业,工业,机械,工业--机械--机械Ⅲ--建筑机械与重型卡车,2025,,,,,,,,,,420489480242.16,,0.013112,7848378198.33,-2334822741.29,target_year,,,,,,,,,,SOE_target,0.027851,0.080778,25.927145,0.092837,0.187309,0.435525,0.148662,0.119424,0.6963,1.243995,0.009025,True,Pooled_H_plus_CSI_nonSOE,0.13665972459387693,0.080778,0.05588172459387693,23497677329.51484,23497677329.51484,1,0,,1.0
600160.SH,巨化股份,CSI,地方国有企业,材料,化工,材料--化工--基础化工--商品化工,2019,,,,,,,,,,15385300893.0,,0.058389253,895359996.4,2976229.44,target_year,,,,,,,,,,SOE_target,0.068131,0.070288,23.44894781,0.058569237,0.192081294,1.101103205,0.357058844,0.368157629,0.156008094,3.558695124,0.069004854,True,Pooled_H_plus_CSI_nonSOE,0.23834365344802372,0.070288,0.1680556534480237,2585586795.0675774,2585586795.0675774,1,0,,1.0
600160.SH,巨化股份,CSI,地方国有企业,材料,化工,材料--化工--基础化工--商品化工,2020,,,,,,,,,,15691644389.0,,0.009376308,95375175.24,51754515.63,target_year,,,,,,,,,,SOE_target,0.008813999999999999,0.007516,23.4566784,0.057567958,0.180537484,1.012933043,0.300401662,0.441129176,0.14094665,3.51676239,0.114227752,True,Pooled_H_plus_CSI_nonSOE,0.22268869435598532,0.007516,0.21517269435598532,3376413402.057109,3376413402.057109,1,0,,1.0
600160.SH,巨化股份,CSI,地方国有企业,材料,化工,材料--化工--基础化工--商品化工,2021,,,,,,,,,,17894390845.0,,0.063603951,1109093339.0,29060612.11,target_year,,,,,,,,,,SOE_target,0.06406200000000001,0.085906,23.4763942,0.053828028,0.203999831,1.030213477,0.203862432,0.490215989,0.179823706,2.293492469,0.120151089,True,Pooled_H_plus_CSI_nonSOE,0.22582266708268703,0.085906,0.13991666708268702,2503723526.5073476,2503723526.5073476,1,0,,1.0
600160.SH,巨化股份,CSI,地方国有企业,材料,化工,材料--化工--基础化工--商品化工,2022,,,,,,,,,,22626691197.0,,0.10046582,2380732575.0,-107523486.8,target_year,,,,,,,,,,SOE_target,0.134514,0.16531700000000002,23.60775314,0.033818168,0.197245037,1.067433871,0.145556896,0.47974255,0.238189141,1.7330402,0.095100199,True,Pooled_H_plus_CSI_nonSOE,0.22931038537985027,0.16531700000000002,0.06399338537985025,1447958569.640486,1447958569.640486,1,0,,1.0
600160.SH,巨化股份,CSI,地方国有企业,材料,化工,材料--化工--基础化工--商品化工,2023,,,,,,,,,,23383806879.39,,0.039421,943505301.47,-21689528.72,target_year,,,,,,,,,,SOE_target,0.046794,0.059823,23.842396,0.029618,0.212868,1.056345,0.129305,0.489276,0.302398,1.596604,0.15415,True,Pooled_H_plus_CSI_nonSOE,0.20962161725397263,0.059823,0.14979861725397264,3502861936.666555,3502861936.666555,1,0,,1.0
600160.SH,巨化股份,CSI,地方国有企业,材料,化工,材料--化工--基础化工--商品化工,2024,,,,,,,,,,27913610331.15,,0.071699,1959534855.24,41838704.69,target_year,,,,,,,,,,SOE_target,0.09899699999999999,0.115721,23.87531,0.025104,0.215825,0.893905,0.081446,0.526715,0.299657,1.421695,0.127952,True,Pooled_H_plus_CSI_nonSOE,0.19365780599578447,0.115721,0.07793680599578447,2175497633.0207624,2175497633.0207624,1,0,,1.0
600160.SH,巨化股份,CSI,地方国有企业,材料,化工,材料--化工--基础化工--商品化工,2025,,,,,,,,,,38208012673.28,,0.101902,3783228877.44,110248162.07,target_year,,,,,,,,,,SOE_target,0.156815,0.19794899999999999,24.05238,0.029335,0.213171,0.949932,0.10628,0.516944,0.312525,1.595459,0.069399,True,Pooled_H_plus_CSI_nonSOE,0.20719824968194123,0.19794899999999999,0.00924924968194124,353395449.06594193,353395449.06594193,1,0,,1.0
600161.SH,天坛生物,CSI,中央国有企业,医疗保健,医药生物,医疗保健--医药生物--生物科技Ⅲ--生物科技Ⅳ,2019,,,,,,,,,,6314412346.0,,0.096777628,611093849.3,0.0,target_year,,,,,,,,,,SOE_target,0.179251,0.167189,22.34600895,0.009154301,0.277672488,0.663614746,0.58229648,0.194766146,0.142133659,7.116183644,0.058004009,True,Pooled_H_plus_CSI_nonSOE,0.08946420995350077,0.167189,-0.07772479004649924,-490786373.8598727,0.0,1,0,,1.0
600161.SH,天坛生物,CSI,中央国有企业,医疗保健,医药生物,医疗保健--医药生物--生物科技Ⅲ--生物科技Ⅳ,2020,,,,,,,,,,7541051691.0,,0.080718513,639006857.1,-30304376.4,target_year,,,,,,,,,,SOE_target,0.159485,0.151122,22.56610053,0.008736307,0.276190471,0.570658994,0.537566054,0.247020815,0.18007217,6.206630682,0.083337901,True,Pooled_H_plus_CSI_nonSOE,0.07499339900398454,0.151122,-0.07612860099601547,-574089715.2744668,0.0,1,0,,1.0
600161.SH,天坛生物,CSI,中央国有企业,医疗保健,医药生物,医疗保健--医药生物--生物科技Ⅲ--生物科技Ⅳ,2021,,,,,,,,,,11577632332.0,,0.060104193,760012025.0,-64147776.17,target_year,,,,,,,,,,SOE_target,0.129822,0.12092499999999999,22.74362749,0.008525476,0.256105921,0.492054521,0.49287932,0.264855123,0.200250169,4.956767402,0.080745481,True,Pooled_H_plus_CSI_nonSOE,0.07390178701966438,0.12092499999999999,-0.04702321298033561,-544417470.9556557,0.0,1,0,,1.0
600161.SH,天坛生物,CSI,中央国有企业,医疗保健,医药生物,医疗保健--医药生物--生物科技Ⅲ--生物科技Ⅳ,2022,,,,,,,,,,12940709340.0,,0.06360082,881029002.2,-57989278.24,target_year,,,,,,,,,,SOE_target,0.116343,0.104587,23.17234083,0.0084904,0.230275265,0.425247477,0.581824335,0.223624264,0.113215656,9.320564621,0.0977486,True,Pooled_H_plus_CSI_nonSOE,0.05034988595500503,0.104587,-0.05423711404499497,-701866728.2967116,0.0,1,0,,1.0
600161.SH,天坛生物,CSI,中央国有企业,医疗保健,医药生物,医疗保健--医药生物--生物科技Ⅲ--生物科技Ⅳ,2023,,,,,,,,,,14188056936.91,,0.074736,1109888597.22,-49525032.2,target_year,,,,,,,,,,SOE_target,0.132597,0.119225,23.283644,0.007787,0.212266,0.343937,0.472413,0.309779,0.122433,6.282215,0.104633,True,Pooled_H_plus_CSI_nonSOE,0.05707279893803124,0.119225,-0.06215220106196876,-881818967.4214909,0.0,1,0,,1.0
600161.SH,天坛生物,CSI,中央国有企业,医疗保健,医药生物,医疗保健--医药生物--生物科技Ⅲ--生物科技Ⅳ,2024,,,,,,,,,,15869522217.56,,0.095545,1549164832.24,-32913962.1,target_year,,,,,,,,,,SOE_target,0.167299,0.147812,23.375666,0.008554,0.216978,0.378329,0.4433,0.340882,0.101049,5.915182,0.075947,True,Pooled_H_plus_CSI_nonSOE,0.07081080518429403,0.147812,-0.07700119481570597,-1221972171.9065118,0.0,1,0,,1.0
600161.SH,天坛生物,CSI,中央国有企业,医疗保健,医药生物,医疗保健--医药生物--生物科技Ⅲ--生物科技Ⅳ,2025,,,,,,,,,,16583015601.51,,0.065656,1090837981.2,-2060925.16,target_year,,,,,,,,,,SOE_target,0.112205,0.095379,23.487666,0.009853,0.230555,0.397298,0.416015,0.36459,0.084207,6.892785,0.067262,True,Pooled_H_plus_CSI_nonSOE,0.06663614581056752,0.095379,-0.028742854189432482,-476643199.4552859,0.0,1,0,,1.0
600176.SH,中国巨石,CSI,中央国有企业,材料,建材Ⅱ,材料--建材Ⅱ--建材Ⅲ--建材Ⅳ,2019,,,,,,,,,,33604242332.0,,0.078703117,2128865280.0,515893338.2,target_year,,,,,,,,,,SOE_target,0.094403,0.142471,24.13673625,0.065989415,0.736746816,0.360641015,-0.166593432,0.677495813,0.51991577,0.589855446,0.199344878,True,Pooled_H_plus_CSI_nonSOE,0.09259112616950199,0.142471,-0.049879873830497995,-1676175367.6896398,0.0,1,0,,1.0
600176.SH,中国巨石,CSI,中央国有企业,材料,建材Ⅱ,材料--建材Ⅱ--建材Ⅲ--建材Ⅳ,2020,,,,,,,,,,36737268363.0,,0.078969139,2416110989.0,484999467.5,target_year,,,,,,,,,,SOE_target,0.08114,0.146063,24.23791816,0.057753522,0.764425084,0.326127262,-0.074864208,0.646960783,0.521473005,0.784352158,0.152040284,True,Pooled_H_plus_CSI_nonSOE,0.08718346172004464,0.146063,-0.05887953827995536,-2163073398.8802514,0.0,1,0,,1.0
600176.SH,中国巨石,CSI,中央国有企业,材料,建材Ⅱ,材料--建材Ⅱ--建材Ⅲ--建材Ⅳ,2021,,,,,,,,,,43828317485.0,,0.147346744,6028473747.0,429486116.3,target_year,,,,,,,,,,SOE_target,0.190828,0.301392,24.32705756,0.05657087,0.753086611,0.328811274,-0.012078152,0.619425523,0.500610691,0.961569222,0.041692723,True,Pooled_H_plus_CSI_nonSOE,0.10517979554188009,0.301392,-0.1962122044581199,-8599650791.42221,0.0,1,0,,1.0
600176.SH,中国巨石,CSI,中央国有企业,材料,建材Ⅱ,材料--建材Ⅱ--建材Ⅲ--建材Ⅳ,2022,,,,,,,,,,48633670689.0,,0.141381399,6610015912.0,265880466.9,target_year,,,,,,,,,,SOE_target,0.173891,0.26353000000000004,24.50354596,0.093825706,0.668525521,0.485327071,0.00410086,0.612297252,0.463330844,1.0129454,0.083408369,True,Pooled_H_plus_CSI_nonSOE,0.1349555335615952,0.26353000000000004,-0.12857446643840484,-6253048259.7792635,0.0,1,0,,1.0
600176.SH,中国巨石,CSI,中央国有企业,材料,建材Ⅱ,材料--建材Ⅱ--建材Ⅲ--建材Ⅳ,2023,,,,,,,,,,52073958059.2,,0.06291,3044441957.13,231536047.89,target_year,,,,,,,,,,SOE_target,0.073635,0.108267,24.607582,0.116572,0.617588,0.433087,-0.017491,0.687123,0.407869,0.933374,0.114058,True,Pooled_H_plus_CSI_nonSOE,0.13997273053148596,0.108267,0.031705730531485954,1651042881.9328964,1651042881.9328964,1,0,,1.0
600176.SH,中国巨石,CSI,中央国有企业,材料,建材Ⅱ,材料--建材Ⅱ--建材Ⅲ--建材Ⅳ,2024,,,,,,,,,,53378083328.82,,0.04988,2444813278.64,217662066.36,target_year,,,,,,,,,,SOE_target,0.056956,0.083323,24.675931,0.082401,0.650954,0.291024,-0.020449,0.671059,0.42393,0.926322,0.028037,True,Pooled_H_plus_CSI_nonSOE,0.1257468122003852,0.083323,0.0424238122003852,2264501782.758372,2264501782.758372,1,0,,1.0
600176.SH,中国巨石,CSI,中央国有企业,材料,建材Ⅱ,材料--建材Ⅱ--建材Ⅲ--建材Ⅳ,2025,,,,,,,,,,54627103828.07,,0.065924,3285461018.68,315762318.79,target_year,,,,,,,,,,SOE_target,0.08269,0.10748100000000001,24.700666,0.118209,0.525443,0.296385,-0.027947,0.669764,0.410842,0.899525,0.02441,True,Pooled_H_plus_CSI_nonSOE,0.14222444111499352,0.10748100000000001,0.034743441114993515,1897933565.1331868,1897933565.1331868,1,0,,1.0
600188.SH,兖矿能源,CSI,地方国有企业,能源,煤炭Ⅱ,能源--煤炭Ⅱ--煤炭Ⅲ--煤炭与消费用燃料,2019,,,,,,,,,,210761000000.0,,0.057600333,9388645000.0,2751234000.0,target_year,,,,,,,,,,SOE_target,0.081058,0.176815,26.05115955,0.129482321,0.3281903,0.334462625,0.025388991,0.267689293,0.577458925,1.087754827,0.049390706,True,Pooled_H_plus_CSI_nonSOE,0.08656545200625036,0.176815,-0.09024954799374964,-19021084984.710667,0.0,1,0,,1.0
600188.SH,兖矿能源,CSI,地方国有企业,能源,煤炭Ⅱ,能源--煤炭Ⅱ--煤炭Ⅲ--煤炭与消费用燃料,2020,,,,,,,,,,273009000000.0,,0.033643654,6318000000.0,2867029000.0,target_year,,,,,,,,,,SOE_target,0.042332,0.11280699999999999,26.07398859,0.125485273,0.293470907,0.325386136,-0.019229621,0.285464889,0.595044725,0.939511468,0.05065633,True,Pooled_H_plus_CSI_nonSOE,0.08576600132493445,0.11280699999999999,-0.027040998675065542,-7382436007.280969,0.0,1,0,,1.0
600188.SH,兖矿能源,CSI,地方国有企业,能源,煤炭Ⅱ,能源--煤炭Ⅱ--煤炭Ⅲ--煤炭与消费用燃料,2021,,,,,,,,,,301959000000.0,,0.073721162,16941435000.0,5319334000.0,target_year,,,,,,,,,,SOE_target,0.102991,0.26773800000000003,26.33277154,0.122009519,0.275297772,0.285768214,-0.164915276,0.309818779,0.662710303,0.561073745,0.025940776,True,Pooled_H_plus_CSI_nonSOE,0.07891833708105261,0.26773800000000003,-0.18881966291894742,-57015796595.342445,0.0,1,0,,1.0
600188.SH,兖矿能源,CSI,地方国有企业,能源,煤炭Ⅱ,能源--煤炭Ⅱ--煤炭Ⅲ--煤炭与消费用燃料,2022,,,,,,,,,,308604000000.0,,0.117920884,30407538000.0,5983260000.0,target_year,,,,,,,,,,SOE_target,0.19546399999999997,0.38366700000000004,26.43355711,0.126076761,0.269530745,0.377814407,-0.024272447,0.283932375,0.642479663,0.923876494,0.059214617,True,Pooled_H_plus_CSI_nonSOE,0.0858058975669385,0.38366700000000004,-0.2978611024330615,-91921127655.25252,0.0,1,0,,1.0
600188.SH,兖矿能源,CSI,地方国有企业,能源,煤炭Ⅱ,能源--煤炭Ⅱ--煤炭Ⅲ--煤炭与消费用燃料,2023,,,,,,,,,,414317629000.0,,0.051511,17778972000.0,3563014000.0,target_year,,,,,,,,,,SOE_target,0.095581,0.20117200000000002,26.455323,0.166306,0.250024,0.506423,0.01511,0.306255,0.548879,1.05571,0.055648,True,Pooled_H_plus_CSI_nonSOE,0.12113343741497412,0.20117200000000002,-0.0800385625850259,-33161387478.79604,0.0,1,0,,1.0
600188.SH,兖矿能源,CSI,地方国有企业,能源,煤炭Ⅱ,能源--煤炭Ⅱ--煤炭Ⅲ--煤炭与消费用燃料,2024,,,,,,,,,,356350370000.0,,0.051055,14056067000.0,4137324000.0,target_year,,,,,,,,,,SOE_target,0.08046099999999999,0.193195,26.749899,0.137765,0.263234,0.327655,-0.057889,0.316449,0.597567,0.806057,0.064969,True,Pooled_H_plus_CSI_nonSOE,0.08798892284717212,0.193195,-0.10520607715282788,-37490224519.65876,0.0,1,0,,1.0
600188.SH,兖矿能源,CSI,地方国有企业,能源,煤炭Ⅱ,能源--煤炭Ⅱ--煤炭Ⅲ--煤炭与消费用燃料,2025,,,,,,,,,,451972364000.0,,0.027923,8524664000.0,4095650000.0,target_year,,,,,,,,,,SOE_target,0.057912,0.131251,26.59918,0.144603,0.263097,0.323185,-0.054503,0.375712,0.629619,0.834785,0.052579,True,Pooled_H_plus_CSI_nonSOE,0.08310271357957102,0.131251,-0.04814828642042898,-21761694835.990383,0.0,1,0,,1.0
600309.SH,万华化学,CSI,地方国有企业,材料,化工,材料--化工--基础化工--商品化工,2019,,,,,,,,,,96865322655.0,,0.117008313,10129985098.0,1204062846.0,target_year,,,,,,,,,,SOE_target,0.153052,0.266079,25.06593632,0.226505092,0.192081294,0.841741027,-0.042060662,0.511890882,0.489675535,0.901909063,0.13364523,True,Pooled_H_plus_CSI_nonSOE,0.19527147993487062,0.266079,-0.07080752006512939,-6858793277.509145,0.0,1,0,,1.0
600309.SH,万华化学,CSI,地方国有企业,材料,化工,材料--化工--基础化工--商品化工,2020,,,,,,,,,,133753000000.0,,0.083122398,10041428015.0,1076414577.0,target_year,,,,,,,,,,SOE_target,0.101746,0.22034099999999998,25.29658742,0.250213206,0.180537484,0.776561667,-0.220057996,0.635362071,0.546470731,0.524192072,0.183913232,True,Pooled_H_plus_CSI_nonSOE,0.1784125684489064,0.22034099999999998,-0.041928431551093576,-5608053505.253419,0.0,1,0,,1.0
600309.SH,万华化学,CSI,地方国有企业,材料,化工,材料--化工--基础化工--商品化工,2021,,,,,,,,,,190310000000.0,,0.140208439,24648748123.0,2034261425.0,target_year,,,,,,,,,,SOE_target,0.187508,0.420344,25.61925818,0.244652397,0.203999831,0.630976773,-0.206406942,0.595338767,0.613833698,0.594805539,0.173721261,True,Pooled_H_plus_CSI_nonSOE,0.14953284221426005,0.420344,-0.27081115778573994,-51538071438.20417,0.0,1,0,,1.0
600309.SH,万华化学,CSI,地方国有企业,材料,化工,材料--化工--基础化工--商品化工,2022,,,,,,,,,,200843000000.0,,0.086976163,16233626024.0,1234944691.0,target_year,,,,,,,,,,SOE_target,0.099913,0.223384,25.97191796,0.272912546,0.197245037,0.892780517,-0.135100194,0.497004865,0.623268223,0.737650082,0.141871905,True,Pooled_H_plus_CSI_nonSOE,0.19178411489774988,0.223384,-0.03159988510225012,-6346615723.591221,0.0,1,0,,1.0
600309.SH,万华化学,CSI,地方国有企业,材料,化工,材料--化工--基础化工--商品化工,2023,,,,,,,,,,253040390845.31,,0.07308,16815755534.31,1676471684.26,target_year,,,,,,,,,,SOE_target,0.088172,0.203211,26.02579,0.22786,0.212868,0.841883,-0.216511,0.575682,0.595022,0.542349,0.162597,True,Pooled_H_plus_CSI_nonSOE,0.17893187440852504,0.203211,-0.024279125591474965,-6143599429.049193,0.0,1,0,,1.0
600309.SH,万华化学,CSI,地方国有企业,材料,化工,材料--化工--基础化工--商品化工,2024,,,,,,,,,,293333349744.25,,0.051571,13033066612.84,2094484339.39,target_year,,,,,,,,,,SOE_target,0.069618,0.14221899999999998,26.256815,0.212902,0.215825,0.768484,-0.184923,0.589702,0.626723,0.569352,0.170322,True,Pooled_H_plus_CSI_nonSOE,0.1614223594889393,0.14221899999999998,0.01920335948893931,5632985765.233596,5632985765.233596,1,0,,1.0
600309.SH,万华化学,CSI,地方国有企业,材料,化工,材料--化工--基础化工--商品化工,2025,,,,,,,,,,323009018441.98,,0.045222,12527201094.15,2079996797.01,target_year,,,,,,,,,,SOE_target,0.059539,0.123462,26.404576,0.217908,0.213171,0.662497,-0.191224,0.62041,0.647159,0.555115,0.122148,True,Pooled_H_plus_CSI_nonSOE,0.15263588034112877,0.123462,0.029173880341128763,9423426453.131779,9423426453.131779,1,0,,1.0
600362.SH,江西铜业,CSI,地方国有企业,材料,有色金属,材料--有色金属--其他金属与采矿--铜,2019,,,,,,,,,,134914000000.0,,0.032033864,2437988000.0,1883826000.0,target_year,,,,,,,,,,SOE_target,0.033765,0.047564999999999996,25.3566913,0.27307784,0.167062795,2.140373487,0.227714688,0.209602968,0.494227646,1.50769518,0.024828003,True,Pooled_H_plus_CSI_nonSOE,0.382884495523383,0.047564999999999996,0.335319495523383,45239294419.041695,45239294419.041695,1,0,,1.0
600362.SH,江西铜业,CSI,地方国有企业,材料,有色金属,材料--有色金属--其他金属与采矿--铜,2020,,,,,,,,,,140882000000.0,,0.02965472,2227704000.0,1950099000.0,target_year,,,,,,,,,,SOE_target,0.037725,0.039549,25.62790275,0.258910733,0.15478921,2.015188426,0.116088129,0.199146181,0.562442458,1.229031729,0.024626941,True,Pooled_H_plus_CSI_nonSOE,0.3770118096135631,0.039549,0.3374628096135631,47542435543.978,47542435543.978,1,0,,1.0
600362.SH,江西铜业,CSI,地方国有企业,材料,有色金属,材料--有色金属--其他金属与采矿--铜,2021,,,,,,,,,,161035000000.0,,0.048382962,5772525000.0,2018808000.0,target_year,,,,,,,,,,SOE_target,0.06250499999999999,0.089007,25.67118532,0.286687902,0.159708925,2.304290845,0.154970935,0.181430297,0.52542187,1.387973092,0.025885937,True,Pooled_H_plus_CSI_nonSOE,0.38446465032597643,0.089007,0.29545765032597643,47579022720.243614,47579022720.243614,1,0,,1.0
600362.SH,江西铜业,CSI,地方国有企业,材料,有色金属,材料--有色金属--其他金属与采矿--铜,2022,,,,,,,,,,167331000000.0,,0.047622108,6001476000.0,1967157000.0,target_year,,,,,,,,,,SOE_target,0.057654,0.08375099999999999,25.80488535,0.295819925,0.168216562,2.925410719,0.16153585,0.157166138,0.516812504,1.386929611,0.017832629,True,Pooled_H_plus_CSI_nonSOE,0.3886441661652103,0.08375099999999999,0.30489316616521034,51018078387.59081,51018078387.59081,1,0,,1.0
600362.SH,江西铜业,CSI,地方国有企业,材料,有色金属,材料--有色金属--其他金属与采矿--铜,2023,,,,,,,,,,168150906000.0,,0.053938,6745839000.0,2323801000.0,target_year,,,,,,,,,,SOE_target,0.065317,0.09572599999999999,25.843237,0.27925,0.153058,2.913785,0.140327,0.161812,0.51025,1.320747,0.031766,True,Pooled_H_plus_CSI_nonSOE,0.38733557023725823,0.09572599999999999,0.29160957023725825,49034413433.66561,49034413433.66561,1,0,,1.0
600362.SH,江西铜业,CSI,地方国有企业,材料,有色金属,材料--有色金属--其他金属与采矿--铜,2024,,,,,,,,,,193127836000.0,,0.04877,6900987000.0,2517793000.0,target_year,,,,,,,,,,SOE_target,0.063979,0.094945,25.848128,0.30029,0.159476,3.10204,0.188639,0.195189,0.543573,1.451231,0.040507,True,Pooled_H_plus_CSI_nonSOE,0.38021263204245265,0.094945,0.28526763204245265,55093120457.20314,55093120457.20314,0,1,AssetTurnover_lag,1.0
600362.SH,江西铜业,CSI,地方国有企业,材料,有色金属,材料--有色金属--其他金属与采矿--铜,2025,,,,,,,,,,218691169000.0,,0.045031,7372829000.0,2475070000.0,target_year,,,,,,,,,,SOE_target,0.053338,0.09261100000000001,25.986618,0.290054,0.15747,2.874502,0.149061,0.19198,0.545368,1.333937,0.034125,True,Pooled_H_plus_CSI_nonSOE,0.381488304464957,0.09261100000000001,0.288877304464957,63174915411.01037,63174915411.01037,1,0,,1.0
600372.SH,中航机载,CSI,中央国有企业,工业,国防军工,工业--国防军工--航空航天与国防Ⅲ--航空航天,2019,,,,,,,,,,22696700722.0,,0.038537034,556020333.4,318643189.9,target_year,,,,,,,,,,SOE_target,0.041747,0.072201,23.79832538,0.088537078,0.285442207,0.355248156,0.227058738,0.198282525,0.634501425,1.448891967,0.039258305,True,Pooled_H_plus_CSI_nonSOE,0.07805257617854605,0.072201,0.00585157617854605,132811473.27644414,132811473.27644414,1,0,,1.0
600372.SH,中航机载,CSI,中央国有企业,工业,国防军工,工业--国防军工--航空航天与国防Ⅲ--航空航天,2020,,,,,,,,,,24719896668.0,,0.035788368,630777488.8,253907263.1,target_year,,,,,,,,,,SOE_target,0.030347,0.068315,23.84548541,0.088984862,0.279462147,0.374932205,0.247904795,0.192049706,0.637732538,1.495248109,0.034509268,True,Pooled_H_plus_CSI_nonSOE,0.08077490245167097,0.068315,0.012459902451670973,308007501.0986663,308007501.0986663,1,0,,1.0
600372.SH,中航机载,CSI,中央国有企业,工业,国防军工,工业--国防军工--航空航天与国防Ⅲ--航空航天,2021,,,,,,,,,,26262648705.0,,0.035448331,798697071.3,132269986.5,target_year,,,,,,,,,,SOE_target,0.038635,0.073063,23.93087429,0.086942312,0.273615357,0.36796172,0.295766718,0.197663982,0.553869032,1.657799537,0.03562793,True,Pooled_H_plus_CSI_nonSOE,0.09064186530264333,0.073063,0.017578865302643326,461667564.07583517,461667564.07583517,1,0,,1.0
600372.SH,中航机载,CSI,中央国有企业,工业,国防军工,工业--国防军工--航空航天与国防Ⅲ--航空航天,2022,,,,,,,,,,28402468059.0,,0.037133494,871912569.3,182770303.0,target_year,,,,,,,,,,SOE_target,0.039441000000000004,0.074451,23.99141357,0.086550715,0.271325141,0.384612869,0.28014269,0.203234787,0.556326897,1.610303347,0.031237761,True,Pooled_H_plus_CSI_nonSOE,0.09384473532129511,0.074451,0.01939373532129511,550829948.0077845,550829948.0077845,1,0,,1.0
600372.SH,中航机载,CSI,中央国有企业,工业,国防军工,工业--国防军工--航空航天与国防Ⅲ--航空航天,2023,,,,,,,,,,73523417381.93,,0.027009,1886420594.77,99351150.07,target_year,,,,,,,,,,SOE_target,0.044280999999999994,0.078163,24.069742,0.085827,0.272876,0.407307,0.261113,0.182826,0.555523,1.517513,0.017857,True,Pooled_H_plus_CSI_nonSOE,0.10060911246486606,0.078163,0.022446112464866066,1650314895.356089,1650314895.356089,1,0,,1.0
600372.SH,中航机载,CSI,中央国有企业,工业,国防军工,工业--国防军工--航空航天与国防Ⅲ--航空航天,2024,,,,,,,,,,78120456108.96,,0.014631,1040725755.41,102256730.44,target_year,,,,,,,,,,SOE_target,0.018606,0.028304,25.02087,0.178262,0.247277,0.56487,0.34877,0.173278,0.487307,1.859553,0.019524,True,Pooled_H_plus_CSI_nonSOE,0.1435897814003794,0.028304,0.1152857814003794,9006177825.875496,9006177825.875496,1,0,,1.0
600372.SH,中航机载,CSI,中央国有企业,工业,国防军工,工业--国防军工--航空航天与国防Ⅲ--航空航天,2025,,,,,,,,,,83259234737.86,,0.015266,1067323487.88,203724505.25,target_year,,,,,,,,,,SOE_target,0.020488,0.028304999999999997,25.081518,0.14773,0.253215,0.312028,0.312238,0.166134,0.498049,1.694911,0.025577,True,Pooled_H_plus_CSI_nonSOE,0.10685613142714503,0.028304999999999997,0.07855113142714504,6540107090.417161,6540107090.417161,1,0,,1.0
600377.SH,宁沪高速,CSI,地方国有企业,工业,交通运输,工业--交通运输--交通基础设施--公路与铁路,2019,,,,,,,,,,55625048625.0,,0.083808736,4199704372.0,462160618.9,target_year,,,,,,,,,,SOE_target,0.11512800000000001,0.15359899999999999,24.5978513,0.011445846,0.111099702,0.219835426,-0.019645962,0.247119711,0.390527538,0.861772049,0.073607939,True,Pooled_H_plus_CSI_nonSOE,0.004258864514260816,0.15359899999999999,-0.14934013548573916,-8307052298.058329,0.0,1,0,,1.0
600377.SH,宁沪高速,CSI,地方国有企业,工业,交通运输,工业--交通运输--交通基础设施--公路与铁路,2020,,,,,,,,,,61095560365.0,,0.047471427,2464213676.0,436079760.4,target_year,,,,,,,,,,SOE_target,0.062762,0.08683400000000001,24.74189945,0.010413744,0.108646931,0.194207477,-0.127543892,0.294994748,0.412443891,0.459302808,0.087188599,True,Pooled_H_plus_CSI_nonSOE,-0.0015834555839818187,0.08683400000000001,-0.08841745558398183,-5401913994.950868,0.0,1,0,,1.0
600377.SH,宁沪高速,CSI,地方国有企业,工业,交通运输,工业--交通运输--交通基础设施--公路与铁路,2021,,,,,,,,,,67662020722.0,,0.073413497,4178794497.0,788511048.1,target_year,,,,,,,,,,SOE_target,0.096206,0.143011,24.83570504,0.010096948,0.123286456,0.137635792,-0.10632362,0.283636888,0.459056117,0.537101648,0.06948944,True,Pooled_H_plus_CSI_nonSOE,-0.011022730435767417,0.143011,-0.1540337304357674,-10422233460.631857,0.0,1,0,,1.0
600377.SH,宁沪高速,CSI,地方国有企业,工业,交通运输,工业--交通运输--交通基础设施--公路与铁路,2022,,,,,,,,,,78458345074.0,,0.061469015,3724115166.0,1098642030.0,target_year,,,,,,,,,,SOE_target,0.077421,0.119802,24.93779087,0.012528305,0.15352339,0.214241167,-0.066822044,0.043427104,0.477404124,0.651384465,0.049049776,True,Pooled_H_plus_CSI_nonSOE,0.0009509346756972209,0.119802,-0.11885106532430278,-9324857895.626663,0.0,1,0,,1.0
600377.SH,宁沪高速,CSI,地方国有企业,工业,交通运输,工业--交通运输--交通基础设施--公路与铁路,2023,,,,,,,,,,78661443944.36,,0.069785,4413271587.29,1076088753.42,target_year,,,,,,,,,,SOE_target,0.085532,0.133881,25.085834,0.011288,0.180808,0.181434,-0.054283,0.104956,0.5163,0.687869,0.051481,True,Pooled_H_plus_CSI_nonSOE,-0.013373050426835523,0.133881,-0.14725405042683554,-11583216233.230484,0.0,1,0,,1.0
600377.SH,宁沪高速,CSI,地方国有企业,工业,交通运输,工业--交通运输--交通基础设施--公路与铁路,2024,,,,,,,,,,89886075247.13,,0.065752,4946691605.41,963483489.08,target_year,,,,,,,,,,SOE_target,0.08614100000000001,0.136302,25.088419,0.012498,0.114556,0.193381,-0.010331,0.097668,0.480196,0.914899,0.048364,True,Pooled_H_plus_CSI_nonSOE,-0.003747198404026264,0.136302,-0.14004919840402627,-12588472786.044544,0.0,1,0,,1.0
600377.SH,宁沪高速,CSI,地方国有企业,工业,交通运输,工业--交通运输--交通基础设施--公路与铁路,2025,,,,,,,,,,96388991421.56,,0.056364,4593870605.31,838994863.39,target_year,,,,,,,,,,SOE_target,0.074415,0.11478999999999999,25.221809,0.016701,0.116886,0.275272,-0.086697,0.082371,0.4467,0.518561,0.120178,True,Pooled_H_plus_CSI_nonSOE,0.006115529715850124,0.11478999999999999,-0.10867447028414987,-10475022583.961498,0.0,1,0,,1.0
600406.SH,国电南瑞,CSI,中央国有企业,工业,电气设备,工业--电气设备--电气设备Ⅲ--电气部件与设备,2019,,,,,,,,,,57424875019.0,,0.076932332,4343067281.0,74762257.48,target_year,,,,,,,,,,SOE_target,0.09559799999999999,0.148972,24.68102405,0.080040228,0.075162529,0.57528482,0.358267037,0.151511094,0.438641589,1.831750321,0.032746689,True,Pooled_H_plus_CSI_nonSOE,0.17080352893948506,0.148972,0.021831528939485062,1253672820.8236113,1253672820.8236113,1,0,,1.0
600406.SH,国电南瑞,CSI,中央国有企业,工业,电气设备,工业--电气设备--电气设备Ⅲ--电气部件与设备,2020,,,,,,,,,,65962017470.0,,0.074601339,4851540712.0,69314111.2,target_year,,,,,,,,,,SOE_target,0.09493700000000001,0.150043,24.77374341,0.074581189,0.069863037,0.587178263,0.318429201,0.189080259,0.431386914,1.751891674,0.051007372,True,Pooled_H_plus_CSI_nonSOE,0.17064500336525493,0.150043,0.020602003365254917,1358949705.8959436,1358949705.8959436,1,0,,1.0
600406.SH,国电南瑞,CSI,中央国有企业,工业,电气设备,工业--电气设备--电气设备Ⅲ--电气部件与设备,2021,,,,,,,,,,72732951414.0,,0.07585696,5642448312.0,-125147720.6,target_year,,,,,,,,,,SOE_target,0.097209,0.156425,24.91234492,0.074747547,0.069189957,0.620771318,0.300420686,0.175602059,0.448290308,1.709676587,0.052515301,True,Pooled_H_plus_CSI_nonSOE,0.1736884953588429,0.156425,0.01726349535884289,1255624969.1705344,1255624969.1705344,0,1,HHI_lag,1.0
600406.SH,国电南瑞,CSI,中央国有企业,工业,电气设备,工业--电气设备--电气设备Ⅲ--电气部件与设备,2022,,,,,,,,,,76665557522.0,,0.077997441,6446181151.0,-466463828.2,target_year,,,,,,,,,,SOE_target,0.099314,0.160227,25.01006037,0.057367108,0.081262738,0.608389809,0.291924688,0.171913904,0.442584907,1.696586324,0.027723262,True,Pooled_H_plus_CSI_nonSOE,0.17509267741696033,0.160227,0.014865677416960321,1139685447.113468,1139685447.113468,1,0,,1.0
600406.SH,国电南瑞,CSI,中央国有企业,工业,电气设备,工业--电气设备--电气设备Ⅲ--电气部件与设备,2023,,,,,,,,,,86087418302.42,,0.077922,7183687344.52,-475609422.41,target_year,,,,,,,,,,SOE_target,0.099833,0.160248,25.062718,0.035944,0.108841,0.622681,0.332505,0.15197,0.408361,1.830446,0.044547,True,Pooled_H_plus_CSI_nonSOE,0.17575500694244567,0.160248,0.015507006942445667,1334958193.272851,1334958193.272851,1,0,,1.0
600406.SH,国电南瑞,CSI,中央国有企业,工业,电气设备,工业--电气设备--电气设备Ⅲ--电气部件与设备,2024,,,,,,,,,,92705313123.25,,0.076956,7610121306.96,-475852442.3,target_year,,,,,,,,,,SOE_target,0.096785,0.157861,25.178629,0.034286,0.112299,0.629757,0.372577,0.120765,0.414795,1.912763,0.022668,True,Pooled_H_plus_CSI_nonSOE,0.1783169305296861,0.157861,0.02045593052968611,1896373444.982,1896373444.982,1,0,,1.0
600406.SH,国电南瑞,CSI,中央国有企业,工业,电气设备,工业--电气设备--电气设备Ⅲ--电气部件与设备,2025,,,,,,,,,,98585657661.02,,0.082259,8278971723.32,-169421300.09,target_year,,,,,,,,,,SOE_target,0.100888,0.16253900000000002,25.252692,0.042088,0.107313,0.637413,0.388622,0.100528,0.431145,1.917368,0.019759,True,Pooled_H_plus_CSI_nonSOE,0.17902584501912228,0.16253900000000002,0.01648684501912226,1625366458.9654799,1625366458.9654799,1,0,,1.0
600415.SH,小商品城,CSI,地方国有企业,工业,企业服务,工业--企业服务--商业服务与用品--综合支持服务,2019,,,,,,,,,,31323233994.0,,0.0538665,1255276024.0,431996964.5,target_year,,,,,,,,,,SOE_target,0.06334,0.101303,24.01456867,1.0,1.0,0.132252563,-0.039002537,0.230567379,0.560046211,0.920067909,0.016351929,True,Pooled_H_plus_CSI_nonSOE,0.11951608846302796,0.101303,0.01821308846302795,570492831.6808463,570492831.6808463,0,2,"HHI_lag, MarketShare_lag",1.0
600415.SH,小商品城,CSI,地方国有企业,工业,企业服务,工业--企业服务--商业服务与用品--综合支持服务,2020,,,,,,,,,,28750127147.0,,0.038563878,926626706.4,182089699.3,target_year,,,,,,,,,,SOE_target,0.053391,0.069727,24.16762596,1.0,1.0,0.129631555,0.079354983,0.180363677,0.582281348,1.192794216,0.030387059,True,Pooled_H_plus_CSI_nonSOE,0.11154463702173482,0.069727,0.04181763702173483,1202262381.3619707,1202262381.3619707,0,2,"HHI_lag, MarketShare_lag",1.0
600415.SH,小商品城,CSI,地方国有企业,工业,企业服务,工业--企业服务--商业服务与用品--综合支持服务,2021,,,,,,,,,,31014635513.0,,0.048815906,1334095907.0,179911613.7,target_year,,,,,,,,,,SOE_target,0.061460999999999995,0.094721,24.08190803,1.0,1.0,0.118515097,-0.033032909,0.21624898,0.527838284,0.914368028,0.042161709,True,Pooled_H_plus_CSI_nonSOE,0.12126147945941816,0.094721,0.026540479459418162,823143296.7741176,823143296.7741176,0,2,"HHI_lag, MarketShare_lag",1.0
600415.SH,小商品城,CSI,地方国有企业,工业,企业服务,工业--企业服务--商业服务与用品--综合支持服务,2022,,,,,,,,,,32111004317.0,,0.043093729,1104719092.0,279063831.1,target_year,,,,,,,,,,SOE_target,0.041082,0.073961,24.15772504,1.0,1.0,0.196506553,-0.200120846,0.198911539,0.528260067,0.589122806,0.065860094,True,Pooled_H_plus_CSI_nonSOE,0.12739191114339177,0.073961,0.05343091114339177,1715720218.3866966,1715720218.3866966,0,2,"HHI_lag, MarketShare_lag",1.0
600415.SH,小商品城,CSI,地方国有企业,工业,企业服务,工业--企业服务--商业服务与用品--综合支持服务,2023,,,,,,,,,,36218947000.0,,0.079221,2676182000.0,193111000.0,target_year,,,,,,,,,,SOE_target,0.096951,0.162436,24.192465,1.0,1.0,0.235112,-0.222906,0.251657,0.524117,0.423328,0.128146,True,Pooled_H_plus_CSI_nonSOE,0.12232238578254868,0.162436,-0.04011361421745131,-1452872867.3203156,0.0,0,2,"HHI_lag, MarketShare_lag",1.0
600415.SH,小商品城,CSI,地方国有企业,工业,企业服务,工业--企业服务--商业服务与用品--综合支持服务,2024,,,,,,,,,,39168461000.0,,0.082095,3073677000.0,141845000.0,target_year,,,,,,,,,,SOE_target,0.108774,0.160959,24.312848,1.0,1.0,0.330185,-0.197133,0.203438,0.511197,0.480069,0.072549,True,Pooled_H_plus_CSI_nonSOE,0.14647591545758165,0.160959,-0.01448308454241834,-567280132.0594156,0.0,0,2,"HHI_lag, MarketShare_lag",1.0
600415.SH,小商品城,CSI,地方国有企业,工业,企业服务,工业--企业服务--商业服务与用品--综合支持服务,2025,,,,,,,,,,44405436000.0,,0.096453,4203547000.0,79493000.0,target_year,,,,,,,,,,SOE_target,0.128412,0.193482,24.391138,1.0,1.0,0.410543,-0.200038,0.189302,0.47477,0.554038,0.038303,True,Pooled_H_plus_CSI_nonSOE,0.16806040752111134,0.193482,-0.025421592478888644,-1128856897.839371,0.0,0,2,"HHI_lag, MarketShare_lag",1.0
600426.SH,华鲁恒升,CSI,地方国有企业,材料,化工,材料--化工--农用化工--化肥与农用药剂,2019,,,,,,,,,,18187250698.0,,0.144365746,2453030877.0,172585138.5,target_year,,,,,,,,,,SOE_target,0.165545,0.18654800000000002,23.64948878,0.053759205,0.192081294,0.822311198,0.018175969,0.706377359,0.353168815,1.085255392,0.069000749,True,Pooled_H_plus_CSI_nonSOE,0.19228747954041048,0.18654800000000002,0.005739479540410458,104385353.27748683,104385353.27748683,1,0,,1.0
600426.SH,华鲁恒升,CSI,地方国有企业,材料,化工,材料--化工--农用化工--化肥与农用药剂,2020,,,,,,,,,,20549289346.0,,0.092689026,1798376502.0,106317113.0,target_year,,,,,,,,,,SOE_target,0.10961399999999999,0.121104,23.62398667,0.052275357,0.180537484,0.765221932,0.058111226,0.68506024,0.217518294,1.434260146,0.102025627,True,Pooled_H_plus_CSI_nonSOE,0.1980557674782628,0.121104,0.07695176747826281,1581304135.5969353,1581304135.5969353,1,0,,1.0
600426.SH,华鲁恒升,CSI,地方国有企业,材料,化工,材料--化工--农用化工--化肥与农用药剂,2021,,,,,,,,,,28653178698.0,,0.256996505,7254167061.0,109599732.9,target_year,,,,,,,,,,SOE_target,0.350209,0.384587,23.7460922,0.043768215,0.203999831,0.672039958,-0.021759985,0.716394492,0.238479061,0.879608179,0.127291765,True,Pooled_H_plus_CSI_nonSOE,0.18283448951660686,0.384587,-0.20175251048339315,-5780850735.650783,0.0,0,1,FixedAssetsRatio_lag,1.0
600426.SH,华鲁恒升,CSI,地方国有企业,材料,化工,材料--化工--农用化工--化肥与农用药剂,2022,,,,,,,,,,35005445704.0,,0.181349031,6289374659.0,58829004.27,target_year,,,,,,,,,,SOE_target,0.232823,0.25577500000000003,24.07853022,0.04999619,0.197245037,1.077208247,0.145599252,0.604131887,0.207575966,1.988796587,0.128166895,True,Pooled_H_plus_CSI_nonSOE,0.22969057271138593,0.25577500000000003,-0.026084427288614098,-913097003.1715168,0.0,1,0,,1.0
600426.SH,华鲁恒升,CSI,地方国有企业,材料,化工,材料--化工--农用化工--化肥与农用药剂,2023,,,,,,,,,,44051457552.57,,0.082722,3575898630.37,68124308.2,target_year,,,,,,,,,,SOE_target,0.10829599999999999,0.128136,24.278769,0.041555,0.212868,0.943401,0.143146,0.588965,0.202385,2.403407,0.199116,True,Pooled_H_plus_CSI_nonSOE,0.20092248386413097,0.128136,0.07278648386413097,3206350704.3415866,3206350704.3415866,1,0,,1.0
600426.SH,华鲁恒升,CSI,地方国有企业,材料,化工,材料--化工--农用化工--化肥与农用药剂,2024,,,,,,,,,,46657911907.48,,0.088364,3902593305.73,220305651.56,target_year,,,,,,,,,,SOE_target,0.115422,0.130283,24.508624,0.033045,0.215825,0.684814,0.048453,0.729643,0.309044,1.368756,0.197735,True,Pooled_H_plus_CSI_nonSOE,0.1607124547672535,0.130283,0.030429454767253478,1419774819.92316,1419774819.92316,0,1,FixedAssetsRatio_lag,1.0
600426.SH,华鲁恒升,CSI,地方国有企业,材料,化工,材料--化工--农用化工--化肥与农用药剂,2025,,,,,,,,,,49177377189.73,,0.072767,3315494470.04,262996143.83,target_year,,,,,,,,,,SOE_target,0.09444000000000001,0.10345,24.566108,0.040966,0.213171,0.750189,0.039628,0.747737,0.296416,1.334617,0.108893,True,Pooled_H_plus_CSI_nonSOE,0.18361717719717824,0.10345,0.08016717719717824,3942411511.261556,3942411511.261556,0,1,FixedAssetsRatio_lag,1.0
600436.SH,片仔癀,CSI,地方国有企业,医疗保健,医药生物,医疗保健--医药生物--制药--中药,2019,,,,,,,,,,8810796391.0,,0.159521104,1374376824.0,31131145.29,target_year,,,,,,,,,,SOE_target,0.206961,0.235988,22.61904861,0.014921144,0.277672488,0.767580889,0.591842655,0.035469812,0.202792045,4.055176811,0.011150241,True,Pooled_H_plus_CSI_nonSOE,0.12963245151530625,0.235988,-0.10635554848469375,-937077082.7517653,0.0,1,0,,1.0
600436.SH,片仔癀,CSI,地方国有企业,医疗保健,医药生物,医疗保健--医药生物--制药--中药,2020,,,,,,,,,,10205569714.0,,0.15789427,1671518667.0,-60117690.48,target_year,,,,,,,,,,SOE_target,0.208126,0.230657,22.89924367,0.015270738,0.276190471,0.733929094,0.636185727,0.027324402,0.208952607,4.208536053,0.007426797,True,Pooled_H_plus_CSI_nonSOE,0.12416511113481385,0.230657,-0.10649188886518615,-1086810395.7891977,0.0,1,0,,1.0
600436.SH,片仔癀,CSI,地方国有企业,医疗保健,医药生物,医疗保健--医药生物--制药--中药,2021,,,,,,,,,,12495334742.0,,0.187847669,2431454745.0,-84235237.62,target_year,,,,,,,,,,SOE_target,0.252767,0.276818,23.04619946,0.016150361,0.256105921,0.679157303,0.63648568,0.025648201,0.19097554,4.608033642,0.041057092,True,Pooled_H_plus_CSI_nonSOE,0.11394228944336439,0.276818,-0.16287571055663563,-2035186524.7462654,0.0,1,0,,1.0
600436.SH,片仔癀,CSI,地方国有企业,医疗保健,医药生物,医疗保健--医药生物--制药--中药,2022,,,,,,,,,,14603844518.0,,0.165023006,2472344732.0,-62374415.78,target_year,,,,,,,,,,SOE_target,0.21976600000000002,0.23507,23.24862119,0.016603444,0.230275265,0.700368482,0.679961024,0.022322156,0.188757291,4.975676054,0.007376102,True,Pooled_H_plus_CSI_nonSOE,0.12077164234770896,0.23507,-0.11429835765229104,-1669195443.816814,0.0,1,0,,1.0
600436.SH,片仔癀,CSI,地方国有企业,医疗保健,医药生物,医疗保健--医药生物--制药--中药,2023,,,,,,,,,,17080413435.81,,0.16331,2797351515.7,-7953890.04,target_year,,,,,,,,,,SOE_target,0.21265499999999998,0.226449,23.404551,0.015924,0.212266,0.636332,0.69808,0.022027,0.190354,5.061318,0.012009,True,Pooled_H_plus_CSI_nonSOE,0.1122670820143858,0.226449,-0.11418191798561421,-1950274366.0880404,0.0,1,0,,1.0
600436.SH,片仔癀,CSI,地方国有企业,医疗保健,医药生物,医疗保健--医药生物--制药--中药,2024,,,,,,,,,,17539661657.5,,0.169484,2977002486.34,-4319056.56,target_year,,,,,,,,,,SOE_target,0.20418299999999998,0.21535,23.561198,0.016631,0.216978,0.629831,0.715259,0.027513,0.185002,5.237409,0.008306,True,Pooled_H_plus_CSI_nonSOE,0.11160876250741397,0.21535,-0.10374123749258604,-1819586205.5503128,0.0,1,0,,1.0
600436.SH,片仔癀,CSI,地方国有企业,医疗保健,医药生物,医疗保健--医药生物--制药--中药,2025,,,,,,,,,,17560037344.69,,0.124081,2158633048.42,20226793.2,target_year,,,,,,,,,,SOE_target,0.145759,0.149847,23.587731,0.017688,0.230555,0.619207,0.510557,0.07495,0.15399,4.772412,0.060907,True,Pooled_H_plus_CSI_nonSOE,0.11259027751601605,0.149847,-0.037256722483983956,-654229438.1595098,0.0,1,0,,1.0
600482.SH,中国动力,CSI,中央国有企业,工业,机械,工业--机械--机械Ⅲ--建筑机械与重型卡车,2019,,,,,,,,,,56015704188.0,,0.021066248,991122501.3,188918210.8,target_year,,,,,,,,,,SOE_target,0.021861000000000002,0.037224,24.7699628,0.051930912,0.247583643,0.576793352,0.332161962,0.199063948,0.459162622,1.846252165,0.025847307,True,Pooled_H_plus_CSI_nonSOE,0.16528494688606452,0.037224,0.1280609468860645,7173424118.804969,7173424118.804969,1,0,,1.0
600482.SH,中国动力,CSI,中央国有企业,工业,机械,工业--机械--机械Ⅲ--建筑机械与重型卡车,2020,,,,,,,,,,58744689010.0,,0.009974478,542857007.1,43090612.38,target_year,,,,,,,,,,SOE_target,0.01155,0.017203,24.74889792,0.045077149,0.225950341,0.517407526,0.411757521,0.217079015,0.347135411,2.466997135,0.033752662,True,Pooled_H_plus_CSI_nonSOE,0.1673700237083358,0.017203,0.15016702370833582,8821515107.303484,8821515107.303484,1,0,,1.0
600482.SH,中国动力,CSI,中央国有企业,工业,机械,工业--机械--机械Ⅲ--建筑机械与重型卡车,2021,,,,,,,,,,62005997289.0,,0.01022811,613048770.5,21155409.87,target_year,,,,,,,,,,SOE_target,0.012637,0.017034,24.79646659,0.034860421,0.195497669,0.464410462,0.42441873,0.214387711,0.377798653,2.605407503,0.020669161,True,Pooled_H_plus_CSI_nonSOE,0.1574030557093805,0.017034,0.14036905570938052,8703723287.77534,8703723287.77534,1,0,,1.0
600482.SH,中国动力,CSI,中央国有企业,工业,机械,工业--机械--机械Ⅲ--建筑机械与重型卡车,2022,,,,,,,,,,85867792662.0,,0.002736134,332687082.9,-97741320.07,target_year,,,,,,,,,,SOE_target,0.004758,0.009274,24.85049695,0.03483963,0.187780789,0.460886734,0.397369649,0.199766574,0.403258915,2.328060964,0.018590468,True,Pooled_H_plus_CSI_nonSOE,0.15711309072698793,0.009274,0.14783909072698792,12694616389.883606,12694616389.883606,1,0,,1.0
600482.SH,中国动力,CSI,中央国有企业,工业,机械,工业--机械--机械Ⅲ--建筑机械与重型卡车,2023,,,,,,,,,,99119595878.61,,0.007033,779487252.58,-82406541.23,target_year,,,,,,,,,,SOE_target,0.011656999999999999,0.021549,25.176075,0.051108,0.187488,0.511977,0.349594,0.199063,0.468309,1.976542,0.014988,True,Pooled_H_plus_CSI_nonSOE,0.16099754657431997,0.021549,0.13944854657432,13822083582.306122,13822083582.306122,1,0,,1.0
600482.SH,中国动力,CSI,中央国有企业,工业,机械,工业--机械--机械Ⅲ--建筑机械与重型卡车,2024,,,,,,,,,,108947127910.61,,0.010127,1390869974.66,-287585557.51,target_year,,,,,,,,,,SOE_target,0.024444,0.036613,25.319593,0.054734,0.188674,0.481903,0.349827,0.171566,0.522741,1.897556,0.009325,True,Pooled_H_plus_CSI_nonSOE,0.151895609712937,0.036613,0.115282609712937,12559709226.264278,12559709226.264278,1,0,,1.0
600482.SH,中国动力,CSI,中央国有企业,工业,机械,工业--机械--机械Ⅲ--建筑机械与重型卡车,2025,,,,,,,,,,116795591158.73,,0.007841,1300885777.44,-385069662.69,target_year,,,,,,,,,,SOE_target,0.031677,0.032863,25.414129,0.060583,0.187309,0.491489,0.33477,0.156553,0.532312,1.790372,0.009973,True,Pooled_H_plus_CSI_nonSOE,0.15428179961969826,0.032863,0.12141879961969826,14181180479.36604,14181180479.36604,1,0,,1.0
600489.SH,中金黄金,CSI,中央国有企业,材料,有色金属,材料--有色金属--贵金属--黄金,2019,,,,,,,,,,40021635913.0,,0.017765359,178768317.4,532230416.5,target_year,,,,,,,,,,SOE_target,0.025233,0.013075000000000002,24.36223375,0.043496677,0.167062795,0.892001272,0.01554923,0.387881826,0.492146907,1.040654121,0.033759896,True,Pooled_H_plus_CSI_nonSOE,0.22978623606853682,0.013075000000000002,0.21671123606853682,8673138188.191174,8673138188.191174,1,0,,1.0
600489.SH,中金黄金,CSI,中央国有企业,材料,有色金属,材料--有色金属--贵金属--黄金,2020,,,,,,,,,,45802747112.0,,0.045389079,1554638623.0,524305866.0,target_year,,,,,,,,,,SOE_target,0.056073000000000005,0.083728,24.41268604,0.041780262,0.15478921,0.990385297,0.011202003,0.36927657,0.502667595,1.027067204,0.039977449,True,Pooled_H_plus_CSI_nonSOE,0.2413180210113099,0.083728,0.1575900210113099,7218055879.755794,7218055879.755794,1,0,,1.0
600489.SH,中金黄金,CSI,中央国有企业,材料,有色金属,材料--有色金属--贵金属--黄金,2021,,,,,,,,,,47631293984.0,,0.045137813,1697836681.0,452135778.8,target_year,,,,,,,,,,SOE_target,0.054226,0.070368,24.54760991,0.042820805,0.159708925,1.10601035,0.088210639,0.38329592,0.442747709,1.268584014,0.035541924,True,Pooled_H_plus_CSI_nonSOE,0.2623668718679161,0.070368,0.1919988718679161,9145154710.537058,9145154710.537058,1,0,,1.0
600489.SH,中金黄金,CSI,中央国有企业,材料,有色金属,材料--有色金属--贵金属--黄金,2022,,,,,,,,,,48642313052.0,,0.052378211,2117139779.0,430657534.4,target_year,,,,,,,,,,SOE_target,0.063318,0.08348499999999999,24.58675582,0.037165564,0.168216562,1.187630737,0.117843859,0.353493946,0.43478337,1.364867896,0.026935395,True,Pooled_H_plus_CSI_nonSOE,0.27368689360815346,0.08348499999999999,0.19020189360815348,9251860051.970999,9251860051.970999,1,0,,1.0
600489.SH,中金黄金,CSI,中央国有企业,材料,有色金属,材料--有色金属--贵金属--黄金,2023,,,,,,,,,,52680243371.36,,0.064674,2977855387.68,429181525.57,target_year,,,,,,,,,,SOE_target,0.084982,0.11501099999999999,24.60776,0.032911,0.153058,1.171252,0.116913,0.327818,0.424304,1.329625,0.023062,True,Pooled_H_plus_CSI_nonSOE,0.275353269228058,0.11501099999999999,0.160342269228058,8446869765.650223,8446869765.650223,1,0,,1.0
600489.SH,中金黄金,CSI,中央国有企业,材料,有色金属,材料--有色金属--贵金属--黄金,2024,,,,,,,,,,55638663702.8,,0.066961,3385988472.81,339639762.12,target_year,,,,,,,,,,SOE_target,0.10135999999999999,0.12705,24.687506,0.034818,0.159476,1.190882,0.10582,0.311803,0.416555,1.365398,0.030848,True,Pooled_H_plus_CSI_nonSOE,0.27844688869528156,0.12705,0.15139688869528156,8423520575.7670145,8423520575.7670145,1,0,,1.0
600489.SH,中金黄金,CSI,中央国有企业,材料,有色金属,材料--有色金属--贵金属--黄金,2025,,,,,,,,,,62550961213.58,,0.083675,4933582739.46,300387884.18,target_year,,,,,,,,,,SOE_target,0.129625,0.17095,24.742144,0.036012,0.15747,1.190325,0.137993,0.305226,0.414573,1.509469,0.043272,True,Pooled_H_plus_CSI_nonSOE,0.27576627760741496,0.17095,0.10481627760741496,6556358915.173247,6556358915.173247,1,0,,1.0
600515.SH,海南机场,CSI,地方国有企业,房地产,房地产Ⅱ,房地产--房地产Ⅱ--房地产管理和开发--房地产开发,2019,,,,,,,,,,81523299957.0,,0.010411302,-1212912199.0,2061675899.0,target_year,,,,,,,,,,SOE_target,0.006821000000000001,-0.044611,25.26597659,0.017200231,0.396279334,0.104359404,0.160150595,0.0800513,0.608602648,1.37645289,0.007813703,True,Pooled_H_plus_CSI_nonSOE,0.13964381259995673,-0.044611,0.18425481259995674,15021060356.107096,15021060356.107096,1,0,,1.0
600515.SH,海南机场,CSI,地方国有企业,房地产,房地产Ⅱ,房地产--房地产Ⅱ--房地产管理和开发--房地产开发,2020,,,,,,,,,,57434499260.0,,-0.087684698,-7736830873.0,2700704149.0,target_year,,,,,,,,,,SOE_target,-0.106265,-0.5050979999999999,25.12415471,0.014972514,0.408200157,0.116158179,0.013623708,0.095212169,0.656139885,1.028301094,0.004837668,True,Pooled_H_plus_CSI_nonSOE,0.1364394510036647,-0.5050979999999999,0.6415374510036647,36846382254.93227,36846382254.93227,1,0,,1.0
600515.SH,海南机场,CSI,地方国有企业,房地产,房地产Ⅱ,房地产--房地产Ⅱ--房地产管理和开发--房地产开发,2021,,,,,,,,,,61168928318.0,,0.01204503,463289691.7,273491895.7,target_year,,,,,,,,,,SOE_target,0.01861,0.034881,24.77391099,0.00691795,0.406330004,0.076628603,-0.277082839,0.131787007,0.858026092,0.632679943,0.007158523,True,Pooled_H_plus_CSI_nonSOE,0.11691056825355878,0.034881,0.08202956825355878,5017660780.4584255,5017660780.4584255,1,0,,1.0
600515.SH,海南机场,CSI,地方国有企业,房地产,房地产Ⅱ,房地产--房地产Ⅱ--房地产管理和开发--房地产开发,2022,,,,,,,,,,56125450012.0,,0.043689221,1856312763.0,595764415.3,target_year,,,,,,,,,,SOE_target,0.04491799999999999,0.088987,24.83690519,0.004902934,0.390202805,0.072534082,0.184552862,0.150839679,0.667156035,1.611567449,0.005480548,True,Pooled_H_plus_CSI_nonSOE,0.1239391436585382,0.088987,0.0349521436585382,1961704791.7195287,1961704791.7195287,1,0,,1.0
600515.SH,海南机场,CSI,地方国有企业,房地产,房地产Ⅱ,房地产--房地产Ⅱ--房地产管理和开发--房地产开发,2023,,,,,,,,,,55794608066.78,,0.025982,952777304.64,496899788.07,target_year,,,,,,,,,,SOE_target,0.035449,0.041847,24.750855,0.004452,0.393852,0.07221,0.236873,0.172597,0.575791,2.203911,0.008616,True,Pooled_H_plus_CSI_nonSOE,0.1307557676049809,0.041847,0.0889087676049809,4960629842.220335,4960629842.220335,1,0,,1.0
600515.SH,海南机场,CSI,地方国有企业,房地产,房地产Ⅱ,房地产--房地产Ⅱ--房地产管理和开发--房地产开发,2024,,,,,,,,,,53691111395.9,,0.016317,458501533.62,417578946.82,target_year,,,,,,,,,,SOE_target,0.015396,0.019660999999999998,24.744943,0.006362,0.37554,0.111115,0.227801,0.194336,0.555888,2.334503,0.029745,True,Pooled_H_plus_CSI_nonSOE,0.13068276439446203,0.019660999999999998,0.11102176439446203,5960881919.472425,5960881919.472425,1,0,,1.0
600515.SH,海南机场,CSI,地方国有企业,房地产,房地产Ⅱ,房地产--房地产Ⅱ--房地产管理和开发--房地产开发,2025,,,,,,,,,,59718688955.05,,0.011697,218564398.53,479944246.33,target_year,,,,,,,,,,SOE_target,0.012048000000000001,0.009284,24.706513,0.004902,0.353891,0.073869,0.191783,0.205811,0.521749,1.962012,0.01083,True,Pooled_H_plus_CSI_nonSOE,0.1430217948300662,0.009284,0.1337377948300662,7986645770.991018,7986645770.991018,1,0,,1.0
600519.SH,贵州茅台,CSI,地方国有企业,日常消费,食品饮料,日常消费--食品饮料--饮料--白酒与葡萄酒,2019,,,,,,,,,,183042000000.0,,0.225160593,41206471014.0,7458015.66,target_year,,,,,,,,,,SOE_target,0.342866,0.331177,25.79748091,0.093352251,0.118716357,0.423491305,0.596969869,0.107621129,0.265493085,3.248532646,0.010051821,True,Pooled_H_plus_CSI_nonSOE,0.20922977717893199,0.331177,-0.12194722282106801,-22321463559.61393,0.0,1,0,,1.0
600519.SH,贵州茅台,CSI,地方国有企业,日常消费,食品饮料,日常消费--食品饮料--饮料--白酒与葡萄酒,2020,,,,,,,,,,213396000000.0,,0.217730024,46697285430.0,-234610582.4,target_year,,,,,,,,,,SOE_target,0.33395800000000003,0.314108,25.9329835,0.094875943,0.109737598,0.424022183,0.64428346,0.096497444,0.224898702,3.869839489,0.017202928,True,Pooled_H_plus_CSI_nonSOE,0.21005464253583042,0.314108,-0.10405335746416958,-22204570269.42393,0.0,1,0,,1.0
600519.SH,贵州茅台,CSI,地方国有企业,日常消费,食品饮料,日常消费--食品饮料--饮料--白酒与葡萄酒,2021,,,,,,,,,,255168000000.0,,0.205643475,52460144378.0,13529867.76,target_year,,,,,,,,,,SOE_target,0.314138,0.299036,26.08641454,0.089343891,0.106852675,0.408784356,0.655957044,0.087501848,0.214039476,4.064752303,0.009792927,True,Pooled_H_plus_CSI_nonSOE,0.2089021450898394,0.299036,-0.09013385491016063,-22999275489.715866,0.0,1,0,,1.0
600519.SH,贵州茅台,CSI,地方国有企业,日常消费,食品饮料,日常消费--食品饮料--饮料--白酒与葡萄酒,2022,,,,,,,,,,254365000000.0,,0.24660828,62716443738.0,12023204.77,target_year,,,,,,,,,,SOE_target,0.338499,0.324077,26.26518875,0.087555949,0.106913309,0.387932853,0.63821226,0.077572997,0.22812674,3.811942633,0.013358971,True,Pooled_H_plus_CSI_nonSOE,0.2058926151897275,0.324077,-0.11818438481027249,-30061971042.26496,0.0,1,0,,1.0
600519.SH,贵州茅台,CSI,地方国有企业,日常消费,食品饮料,日常消费--食品饮料--饮料--白酒与葡萄酒,2023,,,,,,,,,,272699660092.25,,0.26749,74734071550.75,-1789503701.48,target_year,,,,,,,,,,SOE_target,0.393358,0.361755,26.262035,0.086572,0.105461,0.414513,0.658683,0.086297,0.19421,4.414725,0.020862,True,Pooled_H_plus_CSI_nonSOE,0.20804684808633597,0.361755,-0.15370815191366402,-41916160780.26411,0.0,1,0,,1.0
600519.SH,贵州茅台,CSI,地方国有企业,日常消费,食品饮料,日常消费--食品饮料--饮料--白酒与葡萄酒,2024,,,,,,,,,,298944579918.7,,0.283524,86228146421.62,-1470219863.34,target_year,,,,,,,,,,SOE_target,0.413433,0.384283,26.331637,0.099153,0.100594,0.476069,0.64714,0.080846,0.179843,4.623892,0.009607,True,Pooled_H_plus_CSI_nonSOE,0.22022346672619503,0.384283,-0.16405953327380496,-49044708256.19561,0.0,1,0,,1.0
600519.SH,贵州茅台,CSI,地方国有企业,日常消费,食品饮料,日常消费--食品饮料--饮料--白酒与葡萄酒,2025,,,,,,,,,,303834844021.44,,0.268254,82320067101.68,-815240284.72,target_year,,,,,,,,,,SOE_target,0.378049,0.34462000000000004,26.423524,0.11272,0.097008,0.503715,0.653,0.080353,0.190448,4.454079,0.015651,True,Pooled_H_plus_CSI_nonSOE,0.22415555572412127,0.34462000000000004,-0.12046444427587877,-36601295636.69108,0.0,1,0,,1.0
600547.SH,山东黄金,CSI,地方国有企业,材料,有色金属,材料--有色金属--贵金属--黄金,2019,,,,,,,,,,58848726000.0,,0.034295033,1290503000.0,727716000.0,target_year,,,,,,,,,,SOE_target,0.052248,0.057457,24.54342986,0.069783967,0.167062795,1.234748067,-0.168747226,0.506074265,0.481784636,0.460910124,0.079974587,True,Pooled_H_plus_CSI_nonSOE,0.2752361434841119,0.057457,0.2177791434841119,12816025143.411186,12816025143.411186,1,0,,1.0
600547.SH,山东黄金,CSI,地方国有企业,材料,有色金属,材料--有色金属--贵金属--黄金,2020,,,,,,,,,,64461691000.0,,0.046063033,2231533000.0,737768000.0,target_year,,,,,,,,,,SOE_target,0.062424,0.09291,24.79823602,0.06766359,0.15478921,1.198791734,-0.247137126,0.442311427,0.557028218,0.41604487,0.087074323,True,Pooled_H_plus_CSI_nonSOE,0.26131931845160944,0.09291,0.16840931845160945,10855949447.548246,10855949447.548246,1,0,,1.0
600547.SH,山东黄金,CSI,地方国有企业,材料,有色金属,材料--有色金属--贵金属--黄金,2021,,,,,,,,,,79036550000.0,,0.006070812,-221301000.0,701117000.0,target_year,,,,,,,,,,SOE_target,0.008607,-0.009239,24.88933695,0.057422438,0.159708925,1.032278579,-0.191698943,0.44392585,0.505781116,0.516050317,0.084631149,True,Pooled_H_plus_CSI_nonSOE,0.2469178004374868,-0.009239,0.2561568004374868,20245749765.617447,20245749765.617447,1,0,,1.0
600547.SH,山东黄金,CSI,地方国有企业,材料,有色金属,材料--有色金属--贵金属--黄金,2022,,,,,,,,,,91216092000.0,,0.024132694,1191359000.0,1009931000.0,target_year,,,,,,,,,,SOE_target,0.033211,0.051716,25.09317624,0.022730128,0.168216562,0.472934661,-0.262458167,0.399789604,0.595619002,0.407525779,0.065528784,True,Pooled_H_plus_CSI_nonSOE,0.16145580627648037,0.051716,0.10973980627648038,10010036265.377611,10010036265.377611,1,0,,1.0
600547.SH,山东黄金,CSI,地方国有企业,材料,有色金属,材料--有色金属--贵金属--黄金,2023,,,,,,,,,,135018841000.0,,0.02814,2267383000.0,1532106000.0,target_year,,,,,,,,,,SOE_target,0.043099,0.098295,25.236497,0.029365,0.153058,0.590954,-0.144872,0.405942,0.596539,0.619063,0.05267,True,Pooled_H_plus_CSI_nonSOE,0.18010352393723883,0.098295,0.08180852393723884,11045692085.926744,11045692085.926744,1,0,,1.0
600547.SH,山东黄金,CSI,地方国有企业,材料,有色金属,材料--有色金属--贵金属--黄金,2024,,,,,,,,,,161010475000.0,,0.030549,2898680000.0,2020016000.0,target_year,,,,,,,,,,SOE_target,0.050286,0.12102299999999999,25.62868,0.034208,0.159476,0.524015,-0.154502,0.37297,0.605257,0.578511,0.079842,True,Pooled_H_plus_CSI_nonSOE,0.16892104010729322,0.12102299999999999,0.04789804010729323,7712086189.244334,7712086189.244334,1,0,,1.0
600547.SH,山东黄金,CSI,地方国有企业,材料,有色金属,材料--有色金属--贵金属--黄金,2025,,,,,,,,,,170374158329.33,,0.03915,4739393120.72,1930825091.04,target_year,,,,,,,,,,SOE_target,0.065581,0.136069,25.804735,0.046095,0.15747,0.557499,-0.209441,0.382655,0.636317,0.459784,0.173847,True,Pooled_H_plus_CSI_nonSOE,0.15665157403376176,0.136069,0.020582574033761764,3506738727.253283,3506738727.253283,1,0,,1.0
600584.SH,长电科技,CSI,中央国有企业,信息技术,半导体,信息技术--半导体--半导体产品--集成电路,2019,,,,,,,,,,33581893568.0,,0.025835091,88663437.59,778927828.0,target_year,,,,,,,,,,SOE_target,0.024489999999999998,0.007116,24.26211863,0.425302714,0.214515912,0.731214167,-0.217835094,0.570274559,0.642866911,0.592526697,0.125223737,True,Pooled_H_plus_CSI_nonSOE,0.13342356172673941,0.007116,0.1263075617267394,4241647094.740953,4241647094.740953,1,0,,1.0
600584.SH,长电科技,CSI,中央国有企业,信息技术,半导体,信息技术--半导体--半导体产品--集成电路,2020,,,,,,,,,,32328196228.0,,0.059969666,1304390209.0,634320913.2,target_year,,,,,,,,,,SOE_target,0.06268,0.100233,24.23725288,0.333118905,0.169245785,0.690776587,-0.240903638,0.579565316,0.623655665,0.541626438,0.083485094,True,Pooled_H_plus_CSI_nonSOE,0.14021904073616576,0.100233,0.039986040736165754,1292676571.2995682,1292676571.2995682,1,0,,1.0
600584.SH,长电科技,CSI,中央国有企业,信息技术,半导体,信息技术--半导体--半导体产品--集成电路,2021,,,,,,,,,,37098618886.0,,0.08818834,2958712533.0,312953065.0,target_year,,,,,,,,,,SOE_target,0.09927899999999999,0.172064,24.19920563,0.292587408,0.155238897,0.801570564,-0.136611898,0.577067125,0.585201037,0.681027474,0.10301753,True,Pooled_H_plus_CSI_nonSOE,0.15373945410985113,0.172064,-0.01832454589014887,-679815344.2376505,0.0,1,0,,1.0
600584.SH,长电科技,CSI,中央国有企业,信息技术,半导体,信息技术--半导体--半导体产品--集成电路,2022,,,,,,,,,,39407731739.0,,0.087256409,3230988206.0,207588936.5,target_year,,,,,,,,,,SOE_target,0.09065200000000001,0.141605,24.33684558,0.247136762,0.127200785,0.876472393,0.055951263,0.51445276,0.433948862,1.183022294,0.117475684,True,Pooled_H_plus_CSI_nonSOE,0.17447519000286812,0.141605,0.032870190002868116,1295339629.8429863,1295339629.8429863,1,0,,1.0
600584.SH,长电科技,CSI,中央国有企业,信息技术,半导体,信息技术--半导体--半导体产品--集成电路,2023,,,,,,,,,,42579471835.65,,0.03904,1470705571.95,191582595.95,target_year,,,,,,,,,,SOE_target,0.041807,0.058006,24.397228,0.241875,0.113252,0.880251,0.078921,0.51575,0.374673,1.281888,0.099579,True,Pooled_H_plus_CSI_nonSOE,0.18588044562451123,0.058006,0.12787444562451122,5444826355.968233,5444826355.968233,1,0,,1.0
600584.SH,长电科技,CSI,中央国有企业,信息技术,半导体,信息技术--半导体--半导体产品--集成电路,2024,,,,,,,,,,54059828326.1,,0.032423,1609575410.92,143202493.72,target_year,,,,,,,,,,SOE_target,0.037089,0.059965000000000004,24.474638,0.20667,0.109637,0.720973,0.186402,0.464953,0.385827,1.819745,0.07347,True,Pooled_H_plus_CSI_nonSOE,0.15886662121717454,0.059965000000000004,0.09890162121717454,5346604664.173425,5346604664.173425,1,0,,1.0
600584.SH,长电科技,CSI,中央国有企业,信息技术,半导体,信息技术--半导体--半导体产品--集成电路,2025,,,,,,,,,,55516503601.44,,0.034768,1565238036.45,364966704.33,target_year,,,,,,,,,,SOE_target,0.038389,0.055614,24.713357,0.203175,0.111057,0.742623,0.127708,0.453394,0.453519,1.451593,0.084921,True,Pooled_H_plus_CSI_nonSOE,0.15411175758965484,0.055614,0.09849775758965484,5468251113.959838,5468251113.959838,1,0,,1.0
600585.SH,海螺水泥,CSI,地方国有企业,材料,建材Ⅱ,材料--建材Ⅱ--建材Ⅲ--建材Ⅳ,2019,,,,,,,,,,178777000000.0,,0.190604923,33629803000.0,446008000.0,target_year,,,,,,,,,,SOE_target,0.264696,0.26940200000000003,25.73087892,0.851845731,0.736746816,0.945214441,0.307864936,0.42602985,0.223060914,2.760494595,0.031752625,True,Pooled_H_plus_CSI_nonSOE,0.25190047526309534,0.26940200000000003,-0.017501524736904694,-3128870087.889611,0.0,0,1,MarketShare_lag,1.0
600585.SH,海螺水泥,CSI,地方国有企业,材料,建材Ⅱ,材料--建材Ⅱ--建材Ⅲ--建材Ⅳ,2020,,,,,,,,,,200973000000.0,,0.177189761,35163538000.0,446777000.0,target_year,,,,,,,,,,SOE_target,0.250641,0.235312,25.90940607,0.869353952,0.764425084,0.956555552,0.390378958,0.392942982,0.204983699,3.545143008,0.049637873,True,Pooled_H_plus_CSI_nonSOE,0.24539818265767738,0.235312,0.010086182657677384,2027050387.261397,2027050387.261397,0,1,MarketShare_lag,1.0
600585.SH,海螺水泥,CSI,地方国有企业,材料,建材Ⅱ,材料--建材Ⅱ--建材Ⅲ--建材Ⅳ,2021,,,,,,,,,,230515000000.0,,0.145909871,33300694000.0,333671000.0,target_year,,,,,,,,,,SOE_target,0.206196,0.192903,26.0264352,0.862135547,0.753086611,0.92820387,0.442261239,0.335339415,0.163752786,4.669323247,0.049609649,True,Pooled_H_plus_CSI_nonSOE,0.24107341152061762,0.192903,0.04817041152061763,11104002411.675173,11104002411.675173,0,1,MarketShare_lag,1.0
600585.SH,海螺水泥,CSI,地方国有企业,材料,建材Ⅱ,材料--建材Ⅱ--建材Ⅲ--建材Ⅳ,2022,,,,,,,,,,243976000000.0,,0.067158879,15860553000.0,524630000.0,target_year,,,,,,,,,,SOE_target,0.087491,0.086401,26.16358032,0.806036387,0.668525521,0.778482317,0.396284433,0.32075031,0.168348631,3.796208792,0.065949423,True,Pooled_H_plus_CSI_nonSOE,0.23234639142044883,0.086401,0.14594539142044882,35607172817.19542,35607172817.19542,0,1,MarketShare_lag,1.0
600585.SH,海螺水泥,CSI,地方国有企业,材料,建材Ⅱ,材料--建材Ⅱ--建材Ⅲ--建材Ⅳ,2023,,,,,,,,,,246189200000.0,,0.047198,10689181000.0,930404000.0,target_year,,,,,,,,,,SOE_target,0.060389,0.057962,26.220337,0.768652,0.617588,0.556476,0.290341,0.368056,0.197017,2.991394,0.109217,True,Pooled_H_plus_CSI_nonSOE,0.20338528685916413,0.057962,0.1454232868591641,35801642653.22813,35801642653.22813,0,1,MarketShare_lag,1.0
600585.SH,海螺水泥,CSI,地方国有企业,材料,建材Ⅱ,材料--建材Ⅱ--建材Ⅲ--建材Ⅳ,2024,,,,,,,,,,254635244000.0,,0.03468,8051954000.0,778705000.0,target_year,,,,,,,,,,SOE_target,0.044611,0.043154000000000005,26.229366,0.792843,0.650954,0.575313,0.291186,0.392783,0.196105,3.41697,0.057547,True,Pooled_H_plus_CSI_nonSOE,0.20736404838706662,0.043154000000000005,0.16421004838706663,41813665738.29252,41813665738.29252,0,1,MarketShare_lag,1.0
600585.SH,海螺水泥,CSI,地方国有企业,材料,建材Ⅱ,材料--建材Ⅱ--建材Ⅲ--建材Ⅳ,2025,,,,,,,,,,256000730000.0,,0.035606,8464457000.0,650683000.0,target_year,,,,,,,,,,SOE_target,0.044752,0.044513,26.263098,0.688576,0.525443,0.363519,0.254756,0.389179,0.21324,3.245249,0.044433,True,Pooled_H_plus_CSI_nonSOE,0.18995858611814886,0.044513,0.14544558611814887,37234176221.52398,37234176221.52398,1,0,,1.0
600600.SH,青岛啤酒,CSI,地方国有企业,日常消费,食品饮料,日常消费--食品饮料--饮料--啤酒,2019,,,,,,,,,,37312383547.0,,0.050066542,1852103376.0,15998657.0,target_year,,,,,,,,,,SOE_target,0.062422000000000005,0.099731,24.25183759,0.039789287,0.118716357,0.817071935,0.166497166,0.314204026,0.451509728,1.46938827,0.022356278,True,Pooled_H_plus_CSI_nonSOE,0.23312168659137544,0.099731,0.13339068659137543,4977124459.69507,4977124459.69507,1,0,,1.0
600600.SH,青岛啤酒,CSI,地方国有企业,日常消费,食品饮料,日常消费--食品饮料--饮料--啤酒,2020,,,,,,,,,,41514185835.0,,0.053486635,2201323556.0,19130553.0,target_year,,,,,,,,,,SOE_target,0.069384,0.11063700000000001,24.34259111,0.036521616,0.109737598,0.783994456,0.204973157,0.278755397,0.466306653,1.572724464,0.030961465,True,Pooled_H_plus_CSI_nonSOE,0.22531813047196686,0.11063700000000001,0.11468113047196685,4760893762.181113,4760893762.181113,1,0,,1.0
600600.SH,青岛啤酒,CSI,地方国有企业,日常消费,食品饮料,日常消费--食品饮料--饮料--啤酒,2021,,,,,,,,,,46563004491.0,,0.068392254,3155455810.0,29093000.0,target_year,,,,,,,,,,SOE_target,0.09519899999999999,0.144667,24.44930103,0.030608359,0.106852675,0.704323711,0.219639959,0.256356563,0.485283121,1.587892074,0.031198181,True,Pooled_H_plus_CSI_nonSOE,0.2122230006402979,0.144667,0.0675560006402979,3145610361.20819,3145610361.20819,1,0,,1.0
600600.SH,青岛啤酒,CSI,地方国有企业,日常消费,食品饮料,日常消费--食品饮料--饮料--啤酒,2022,,,,,,,,,,50311699796.0,,0.07408436,3710628593.0,16681483.0,target_year,,,,,,,,,,SOE_target,0.094207,0.153026,24.56407217,0.029061598,0.106913309,0.685008349,0.22979565,0.234330308,0.489000085,1.586022499,0.035113023,True,Pooled_H_plus_CSI_nonSOE,0.2092598178148839,0.153026,0.0562338178148839,2829218960.2853956,2829218960.2853956,1,0,,1.0
600600.SH,青岛啤酒,CSI,地方国有企业,日常消费,食品饮料,日常消费--食品饮料--饮料--啤酒,2023,,,,,,,,,,49256011349.0,,0.08698,4267851406.0,16430590.0,target_year,,,,,,,,,,SOE_target,0.105586,0.16122,24.641503,0.026374,0.105461,0.664189,0.245086,0.227891,0.477809,1.626821,0.035382,True,Pooled_H_plus_CSI_nonSOE,0.20776340326822068,0.16122,0.04654340326822068,2292542399.6005616,2292542399.6005616,1,0,,1.0
600600.SH,青岛啤酒,CSI,地方国有企业,日常消费,食品饮料,日常消费--食品饮料--饮料--啤酒,2024,,,,,,,,,,51420385832.0,,0.084924,4344983858.0,21837054.0,target_year,,,,,,,,,,SOE_target,0.105021,0.153778,24.620297,0.026821,0.100594,0.681677,0.257703,0.236404,0.42637,1.750271,0.032844,True,Pooled_H_plus_CSI_nonSOE,0.21682634322791916,0.153778,0.06304834322791916,3241970134.8479676,3241970134.8479676,1,0,,1.0
600600.SH,青岛啤酒,CSI,地方国有企业,日常消费,食品饮料,日常消费--食品饮料--饮料--啤酒,2025,,,,,,,,,,52131585698.0,,0.088233,4588101137.0,11645392.0,target_year,,,,,,,,,,SOE_target,0.11355,0.153681,24.663301,0.025162,0.097008,0.638438,0.149096,0.242093,0.419305,1.437532,0.041638,True,Pooled_H_plus_CSI_nonSOE,0.21547158003435807,0.153681,0.061790580034358056,3221240918.390265,3221240918.390265,1,0,,1.0
600674.SH,川投能源,CSI,地方国有企业,公用事业,公用事业Ⅱ,公用事业--公用事业Ⅱ--电力--电力公用事业,2019,,,,,,,,,,37455297271.0,,0.08663757,2947152991.0,297882959.1,target_year,,,,,,,,,,SOE_target,0.09496600000000001,0.113437,24.19037321,0.001407933,0.148389593,0.027388009,-0.126162172,0.096642724,0.211156314,0.238375654,0.000112629,True,Pooled_H_plus_CSI_nonSOE,0.16200447385456532,0.113437,0.04856747385456532,1819109170.9242644,1819109170.9242644,0,3,"AssetTurnover_lag, CapexRatio_lag, CurrentRatio_lag",1.0
600674.SH,川投能源,CSI,地方国有企业,公用事业,公用事业Ⅱ,公用事业--公用事业Ⅱ--电力--电力公用事业,2020,,,,,,,,,,41329132241.0,,0.085105621,3161648053.0,355693399.7,target_year,,,,,,,,,,SOE_target,0.08250199999999999,0.113068,24.34641399,0.001205579,0.143602423,0.023400148,-0.003795965,0.089266117,0.261609643,0.974542199,0.005644483,True,Pooled_H_plus_CSI_nonSOE,0.1500806924969333,0.113068,0.037012692496933286,1529702462.8012242,1529702462.8012242,0,1,AssetTurnover_lag,1.0
600674.SH,川投能源,CSI,地方国有企业,公用事业,公用事业Ⅱ,公用事业--公用事业Ⅱ--电力--电力公用事业,2021,,,,,,,,,,48467289300.0,,0.072029473,3087390564.0,403682721.0,target_year,,,,,,,,,,SOE_target,0.070829,0.10283899999999999,24.44483347,0.001311827,0.126082379,0.025326604,-0.020587501,0.149878777,0.279982539,0.842265433,0.011127501,True,Pooled_H_plus_CSI_nonSOE,0.14742756184056469,0.10283899999999999,0.0445885618405647,2161086726.19759,2161086726.19759,0,1,AssetTurnover_lag,1.0
600674.SH,川投能源,CSI,地方国有企业,公用事业,公用事业Ⅱ,公用事业--公用事业Ⅱ--电力--电力公用事业,2022,,,,,,,,,,54713816868.0,,0.073686954,3515265709.0,516428791.4,target_year,,,,,,,,,,SOE_target,0.070057,0.108055,24.60415496,0.001311755,0.130392082,0.027269246,-0.076929215,0.15739761,0.333789881,0.523491198,0.018682481,True,Pooled_H_plus_CSI_nonSOE,0.14058213838820413,0.108055,0.03252713838820413,1779683893.0122936,1779683893.0122936,0,1,AssetTurnover_lag,1.0
600674.SH,川投能源,CSI,地方国有企业,公用事业,公用事业Ⅱ,公用事业--公用事业Ⅱ--电力--电力公用事业,2023,,,,,,,,,,60353345396.81,,0.083092,4400136762.78,614743511.5,target_year,,,,,,,,,,SOE_target,0.079343,0.12410700000000001,24.725382,0.001264,0.129341,0.026783,-0.063429,0.159617,0.356674,0.562795,0.011853,True,Pooled_H_plus_CSI_nonSOE,0.13817287522843164,0.12410700000000001,0.014065875228431626,848922625.9699677,848922625.9699677,0,1,AssetTurnover_lag,1.0
600674.SH,川投能源,CSI,地方国有企业,公用事业,公用事业Ⅱ,公用事业--公用事业Ⅱ--电力--电力公用事业,2024,,,,,,,,,,65049216986.43,,0.076308,4507725742.38,456048265.85,target_year,,,,,,,,,,SOE_target,0.082261,0.113788,24.823482,0.001247,0.121904,0.024977,-0.093234,0.155371,0.36055,0.376089,0.01185,True,Pooled_H_plus_CSI_nonSOE,0.13913016242837858,0.113788,0.025342162428378584,1648487822.7089524,1648487822.7089524,0,1,AssetTurnover_lag,1.0
600674.SH,川投能源,CSI,地方国有企业,公用事业,公用事业Ⅱ,公用事业--公用事业Ⅱ--电力--电力公用事业,2025,,,,,,,,,,70280844646.92,,0.074284,4754148319.5,466574820.23,target_year,,,,,,,,,,SOE_target,0.079641,0.10925800000000001,24.89841,0.001364,0.118327,0.024926,-0.030629,0.163193,0.325335,0.646079,0.014149,True,Pooled_H_plus_CSI_nonSOE,0.14316981835173898,0.10925800000000001,0.03391181835173897,2383351237.273137,2383351237.273137,0,1,AssetTurnover_lag,1.0
600741.SH,华域汽车,CSI,地方国有企业,可选消费,汽车与零配件,可选消费--汽车与零配件--汽车零配件--汽车零配件与设备,2019,,,,,,,,,,139127000000.0,,0.046042526,6463163299.0,-57384823.34,target_year,,,,,,,,,,SOE_target,0.06916699999999999,0.136372,25.61876601,0.105173849,0.376606004,1.218424095,0.095917985,0.187971562,0.591375165,1.188356392,0.056289775,True,Pooled_H_plus_CSI_nonSOE,0.18152010997717577,0.136372,0.04514810997717578,6281321096.794535,6281321096.794535,1,0,,1.0
600741.SH,华域汽车,CSI,地方国有企业,可选消费,汽车与零配件,可选消费--汽车与零配件--汽车零配件--汽车零配件与设备,2020,,,,,,,,,,150436000000.0,,0.036173167,5403276870.0,38468287.51,target_year,,,,,,,,,,SOE_target,0.05484,0.105986,25.65865613,0.102321962,0.369422071,1.052222715,0.098096971,0.185580865,0.578073616,1.195337752,0.041014965,True,Pooled_H_plus_CSI_nonSOE,0.1647978932341217,0.105986,0.0588118932341217,8847425970.568333,8847425970.568333,1,0,,1.0
600741.SH,华域汽车,CSI,地方国有企业,可选消费,汽车与零配件,可选消费--汽车与零配件--汽车零配件--汽车零配件与设备,2021,,,,,,,,,,153847000000.0,,0.041668248,6468939920.0,-58414795.01,target_year,,,,,,,,,,SOE_target,0.058917000000000004,0.12674,25.73680331,0.099651359,0.324255792,0.919275528,0.061256394,0.179405617,0.613203253,1.108781534,0.026615808,True,Pooled_H_plus_CSI_nonSOE,0.14899283359319895,0.12674,0.022252833593198962,3423531689.8128805,3423531689.8128805,1,0,,1.0
600741.SH,华域汽车,CSI,地方国有企业,可选消费,汽车与零配件,可选消费--汽车与零配件--汽车零配件--汽车零配件与设备,2022,,,,,,,,,,162797000000.0,,0.042880326,7203125199.0,-222339441.1,target_year,,,,,,,,,,SOE_target,0.057724000000000004,0.140533,25.7592229,0.091719109,0.289774151,0.916432657,0.04330837,0.164489571,0.651116923,1.075429526,0.032901711,True,Pooled_H_plus_CSI_nonSOE,0.14424656618944587,0.140533,0.003713566189445877,604557434.9432205,604557434.9432205,1,0,,1.0
600741.SH,华域汽车,CSI,地方国有企业,可选消费,汽车与零配件,可选消费--汽车与零配件--汽车零配件--汽车零配件与设备,2023,,,,,,,,,,176096527061.77,,0.041438,7214175836.76,82967479.37,target_year,,,,,,,,,,SOE_target,0.053342,0.130295,25.815769,0.087651,0.236564,0.995539,0.051679,0.160689,0.649534,1.087895,0.031948,True,Pooled_H_plus_CSI_nonSOE,0.15770961208241238,0.130295,0.027414612082412387,4827617978.45846,4827617978.45846,1,0,,1.0
600741.SH,华域汽车,CSI,地方国有企业,可选消费,汽车与零配件,可选消费--汽车与零配件--汽车零配件--汽车零配件与设备,2024,,,,,,,,,,185005958123.93,,0.038573,6690703044.68,445450880.84,target_year,,,,,,,,,,SOE_target,0.048373,0.111687,25.894298,0.079829,0.222276,0.9913,0.071113,0.146473,0.650302,1.120299,0.027814,True,Pooled_H_plus_CSI_nonSOE,0.15740563304610405,0.111687,0.04571863304610406,8458219510.810849,8458219510.810849,1,0,,1.0
600741.SH,华域汽车,CSI,地方国有企业,可选消费,汽车与零配件,可选消费--汽车与零配件--汽车零配件--汽车零配件与设备,2025,,,,,,,,,,199186450932.39,,0.037691,7207268139.61,300363531.54,target_year,,,,,,,,,,SOE_target,0.05118,0.111577,25.943654,0.072316,0.204324,0.932002,0.047394,0.13775,0.642604,1.080251,0.024096,True,Pooled_H_plus_CSI_nonSOE,0.15282839606411414,0.111577,0.04125139606411414,8216719178.017258,8216719178.017258,1,0,,1.0
600760.SH,中航沈飞,CSI,中央国有企业,工业,国防军工,工业--国防军工--航空航天与国防Ⅲ--航空航天,2019,,,,,,,,,,29223855418.0,,0.030645756,877785950.4,17801204.6,target_year,,,,,,,,,,SOE_target,0.032455,0.10607100000000001,24.07103611,0.234061146,0.285442207,0.73382927,0.094811604,0.156668572,0.711535713,1.13982081,0.021528326,True,Pooled_H_plus_CSI_nonSOE,0.1431403264918122,0.10607100000000001,0.037069326491812174,1083308637.8393562,1083308637.8393562,1,0,,1.0
600760.SH,中航沈飞,CSI,中央国有企业,工业,国防军工,工业--国防军工--航空航天与国防Ⅲ--航空航天,2020,,,,,,,,,,32853080760.0,,0.044497289,1480199037.0,-18325999.76,target_year,,,,,,,,,,SOE_target,0.055996,0.157162,24.09825118,0.25391587,0.279462147,0.822813114,0.126611615,0.154215263,0.680994566,1.194178025,0.019204256,True,Pooled_H_plus_CSI_nonSOE,0.16158990827800224,0.157162,0.0044279082780022405,145470428.25508013,145470428.25508013,1,0,,1.0
600760.SH,中航沈飞,CSI,中央国有企业,工业,国防军工,工业--国防军工--航空航天与国防Ⅲ--航空航天,2021,,,,,,,,,,62780477436.0,,0.023023896,1695718597.0,-250267428.3,target_year,,,,,,,,,,SOE_target,0.038985,0.157295,24.21531136,0.271869554,0.273615357,0.878885182,0.154294154,0.141732989,0.670187379,1.23638641,0.022587022,True,Pooled_H_plus_CSI_nonSOE,0.1724838529987013,0.157295,0.015188852998701319,953563442.9636891,953563442.9636891,1,0,,1.0
600760.SH,中航沈飞,CSI,中央国有企业,工业,国防军工,工业--国防军工--航空航天与国防Ⅲ--航空航天,2022,,,,,,,,,,58792300811.0,,0.034290357,2304914649.0,-288905647.1,target_year,,,,,,,,,,SOE_target,0.042947,0.190097,24.86290999,0.300582293,0.271325141,0.712078293,0.11045987,0.075155929,0.804076801,1.140517772,0.015019361,True,Pooled_H_plus_CSI_nonSOE,0.14173179202345643,0.190097,-0.04836520797654356,-2843501856.1435256,0.0,1,0,,1.0
600760.SH,中航沈飞,CSI,中央国有企业,工业,国防军工,工业--国防军工--航空航天与国防Ⅲ--航空航天,2023,,,,,,,,,,55466437662.06,,0.04908,3007151011.69,-284871174.07,target_year,,,,,,,,,,SOE_target,0.05942,0.215317,24.797277,0.31911,0.272876,0.680945,0.127789,0.091034,0.765048,1.170943,0.018031,True,Pooled_H_plus_CSI_nonSOE,0.1439113123708725,0.215317,-0.0714056876291275,-3960619121.597529,0.0,1,0,,1.0
600760.SH,中航沈飞,CSI,中央国有企业,工业,国防军工,工业--国防军工--航空航天与国防Ⅲ--航空航天,2024,,,,,,,,,,61589834322.62,,0.050531,3393966060.7,-281780980.48,target_year,,,,,,,,,,SOE_target,0.062074,0.21099199999999999,24.739044,0.285535,0.247277,0.80713,0.19824,0.106196,0.706893,1.30884,0.046211,True,Pooled_H_plus_CSI_nonSOE,0.15902196446286077,0.21099199999999999,-0.05197003553713922,-3200825878.4730783,0.0,1,0,,1.0
600760.SH,中航沈飞,CSI,中央国有企业,工业,国防军工,工业--国防军工--航空航天与国防Ⅲ--航空航天,2025,,,,,,,,,,77486151790.18,,0.044729,3517760109.76,-51895460.66,target_year,,,,,,,,,,SOE_target,0.057051,0.17316600000000001,24.843763,0.26643,0.253215,0.729017,0.191021,0.119894,0.690682,1.30753,0.049573,True,Pooled_H_plus_CSI_nonSOE,0.1482865516352172,0.17316600000000001,-0.024879448364782814,-1927812712.4495065,0.0,1,0,,1.0
600795.SH,国电电力,CSI,中央国有企业,公用事业,公用事业Ⅱ,公用事业--公用事业Ⅱ--电力--电力公用事业,2019,,,,,,,,,,364848000000.0,,0.03103471,1868693329.0,9454253879.0,target_year,,,,,,,,,,SOE_target,0.052023,0.035694,26.33094615,0.108567586,0.148389593,0.235939416,-0.20008333,0.824503098,0.738424424,0.254622885,0.046610381,True,Pooled_H_plus_CSI_nonSOE,0.0897236697289999,0.035694,0.0540296697289999,19712616941.286156,19712616941.286156,0,2,"FixedAssetsRatio_lag, CurrentRatio_lag",1.0
600795.SH,国电电力,CSI,中央国有企业,公用事业,公用事业Ⅱ,公用事业--公用事业Ⅱ--电力--电力公用事业,2020,,,,,,,,,,357337000000.0,,0.031801717,2633092717.0,8730848509.0,target_year,,,,,,,,,,SOE_target,0.028807,0.049264,26.62274626,0.17020986,0.143602423,0.360249419,-0.153296874,0.803204859,0.680281684,0.389709423,0.033277747,True,Pooled_H_plus_CSI_nonSOE,0.12465042843577902,0.049264,0.07538642843577902,26938360177.955967,26938360177.955967,0,1,FixedAssetsRatio_lag,1.0
600795.SH,国电电力,CSI,中央国有企业,公用事业,公用事业Ⅱ,公用事业--公用事业Ⅱ--电力--电力公用事业,2021,,,,,,,,,,397909000000.0,,0.01530631,-1845353429.0,7935869338.0,target_year,,,,,,,,,,SOE_target,-0.004032,-0.037367,26.60194614,0.150635222,0.126082379,0.31726249,-0.175229782,0.798494104,0.668275244,0.366384625,0.039259747,True,Pooled_H_plus_CSI_nonSOE,0.11886975000289117,-0.037367,0.15623675000289117,62168008956.90042,62168008956.90042,0,1,FixedAssetsRatio_lag,1.0
600795.SH,国电电力,CSI,中央国有企业,公用事业,公用事业Ⅱ,公用事业--公用事业Ⅱ--电力--电力公用事业,2022,,,,,,,,,,412852000000.0,,0.025132614,2824661198.0,7551385897.0,target_year,,,,,,,,,,SOE_target,0.025287,0.06217399999999999,26.70948872,0.177715444,0.130392082,0.439254514,-0.182234617,0.784952008,0.720608319,0.420969478,0.053779605,True,Pooled_H_plus_CSI_nonSOE,0.12746639128640805,0.06217399999999999,0.06529239128640806,26956094327.376137,26956094327.376137,0,1,FixedAssetsRatio_lag,1.0
600795.SH,国电电力,CSI,中央国有企业,公用事业,公用事业Ⅱ,公用事业--公用事业Ⅱ--电力--电力公用事业,2023,,,,,,,,,,457899346871.8,,0.026904,5608589563.0,6710634947.41,target_year,,,,,,,,,,SOE_target,0.035992,0.119557,26.746355,0.174129,0.129341,0.469478,-0.148351,0.777889,0.732903,0.489031,0.091215,True,Pooled_H_plus_CSI_nonSOE,0.1233189714131801,0.119557,0.003761971413180104,1722604253.045552,1722604253.045552,0,1,FixedAssetsRatio_lag,1.0
600795.SH,国电电力,CSI,中央国有企业,公用事业,公用事业Ⅱ,公用事业--公用事业Ⅱ--电力--电力公用事业,2024,,,,,,,,,,493936293815.87,,0.033167,9831015730.47,6551289184.38,target_year,,,,,,,,,,SOE_target,0.056732,0.187621,26.849915,0.155481,0.121904,0.411434,-0.18418,0.786377,0.739186,0.410321,0.10869,True,Pooled_H_plus_CSI_nonSOE,0.11067659139142458,0.187621,-0.07694440860857543,-38005636017.97367,0.0,0,2,"FirmSize_lag, FixedAssetsRatio_lag",1.0
600795.SH,国电电力,CSI,中央国有企业,公用事业,公用事业Ⅱ,公用事业--公用事业Ⅱ--电力--电力公用事业,2025,,,,,,,,,,520151776851.06,,0.025088,7161419062.53,5887937095.54,target_year,,,,,,,,,,SOE_target,0.04671,0.124002,26.925672,0.154752,0.118327,0.372564,-0.127761,0.776514,0.734045,0.498768,0.117618,True,Pooled_H_plus_CSI_nonSOE,0.10468359826389084,0.124002,-0.01931840173610916,-10048500988.959782,0.0,0,2,"FirmSize_lag, FixedAssetsRatio_lag",1.0
600809.SH,山西汾酒,CSI,地方国有企业,日常消费,食品饮料,日常消费--食品饮料--饮料--白酒与葡萄酒,2019,,,,,,,,,,16067772126.0,,0.120645565,1938505451.0,0.0,target_year,,,,,,,,,,SOE_target,0.19643999999999998,0.28379899999999997,23.19381691,0.011358508,0.118716357,0.730553813,0.313357956,0.160991916,0.452055606,1.698127236,0.006345891,True,Pooled_H_plus_CSI_nonSOE,0.21708796810972658,0.28379899999999997,-0.06671103189027339,-1071897658.7032318,0.0,1,0,,1.0
600809.SH,山西汾酒,CSI,地方国有企业,日常消费,食品饮料,日常消费--食品饮料--饮料--白酒与葡萄酒,2020,,,,,,,,,,19778534913.0,,0.152246337,3079233697.0,-68024211.2,target_year,,,,,,,,,,SOE_target,0.23637699999999998,0.357553,23.50008137,0.012563816,0.109737598,0.690167098,0.264738088,0.132517046,0.525473058,1.507083422,0.010036058,True,Pooled_H_plus_CSI_nonSOE,0.20514720435862335,0.357553,-0.15240579564137666,-3014363350.0365114,0.0,1,0,,1.0
600809.SH,山西汾酒,CSI,地方国有企业,日常消费,食品饮料,日常消费--食品饮料--饮料--白酒与葡萄酒,2021,,,,,,,,,,29954563964.0,,0.176283383,5313612016.0,-33120152.46,target_year,,,,,,,,,,SOE_target,0.285143,0.42509399999999997,23.70786309,0.012665221,0.106852675,0.640874842,0.312390239,0.115668116,0.491118185,1.641645687,0.00990074,True,Pooled_H_plus_CSI_nonSOE,0.20355071796574245,0.42509399999999997,-0.22154328203425752,-6636232412.489659,0.0,1,0,,1.0
600809.SH,山西汾酒,CSI,地方国有企业,日常消费,食品饮料,日常消费--食品饮料--饮料--白酒与葡萄酒,2022,,,,,,,,,,36686474275.0,,0.219673789,8095851304.0,-36794481.72,target_year,,,,,,,,,,SOE_target,0.32640300000000005,0.44307899999999995,24.12294754,0.015645986,0.106913309,0.653126402,0.367907014,0.083238228,0.479653252,1.772545459,0.005217143,True,Pooled_H_plus_CSI_nonSOE,0.20816029675155212,0.44307899999999995,-0.23491870324844782,-8618338963.44054,0.0,1,0,,1.0
600809.SH,山西汾酒,CSI,地方国有企业,日常消费,食品饮料,日常消费--食品饮料--饮料--白酒与葡萄酒,2023,,,,,,,,,,44095837995.19,,0.236534,10438114410.47,-7937771.17,target_year,,,,,,,,,,SOE_target,0.35168900000000003,0.42467799999999994,24.325674,0.017717,0.105461,0.648619,0.391304,0.067605,0.407261,1.966935,0.022504,True,Pooled_H_plus_CSI_nonSOE,0.21565071680634434,0.42467799999999994,-0.2090272831936556,-9217233216.282139,0.0,1,0,,1.0
600809.SH,山西汾酒,CSI,地方国有企业,日常消费,食品饮料,日常消费--食品饮料--饮料--白酒与葡萄酒,2024,,,,,,,,,,53495197888.51,,0.228677,12242884323.77,-9765157.86,target_year,,,,,,,,,,SOE_target,0.33853700000000003,0.39120399999999994,24.509631,0.020625,0.100594,0.646094,0.441337,0.062488,0.358781,2.284846,0.011,True,Pooled_H_plus_CSI_nonSOE,0.2221811358045782,0.39120399999999994,-0.16902286419542173,-9041911567.816837,0.0,1,0,,1.0
600809.SH,山西汾酒,CSI,地方国有企业,日常消费,食品饮料,日常消费--食品饮料--饮料--白酒与葡萄酒,2025,,,,,,,,,,56323475330.54,,0.217073,12246329337.25,-20025507.86,target_year,,,,,,,,,,SOE_target,0.30286,0.32926,24.702858,0.023549,0.097008,0.616411,0.487344,0.09119,0.341913,2.451332,0.01192,True,Pooled_H_plus_CSI_nonSOE,0.2187803021904282,0.32926,-0.11047969780957179,-6222600534.102931,0.0,1,0,,1.0
600845.SH,宝信软件,CSI,中央国有企业,信息技术,软件服务,信息技术--软件服务--软件--应用软件,2019,,,,,,,,,,10267677543.0,,0.081925389,879342167.8,-38158695.38,target_year,,,,,,,,,,SOE_target,0.101713,0.12857100000000002,22.96879561,0.111629061,0.165297342,0.603696254,0.453013002,0.177288325,0.283095215,2.655370712,0.066055153,True,Pooled_H_plus_CSI_nonSOE,0.10221703790155433,0.12857100000000002,-0.02635396209844569,-270593984.807284,0.0,1,0,,1.0
600845.SH,宝信软件,CSI,中央国有企业,信息技术,软件服务,信息技术--软件服务--软件--应用软件,2020,,,,,,,,,,14070448560.0,,0.088149099,1300621550.0,-60324188.48,target_year,,,,,,,,,,SOE_target,0.12177500000000001,0.181308,23.0522667,0.119813233,0.156571733,0.693114084,0.42081115,0.184828746,0.292041392,2.50922769,0.088434728,True,Pooled_H_plus_CSI_nonSOE,0.1124100196273575,0.181308,-0.0688979803726425,-969425488.7211559,0.0,1,0,,1.0
600845.SH,宝信软件,CSI,中央国有企业,信息技术,软件服务,信息技术--软件服务--软件--应用软件,2021,,,,,,,,,,17860169154.0,,0.099359437,1818835201.0,-44258849.6,target_year,,,,,,,,,,SOE_target,0.126112,0.223171,23.36734259,0.14363829,0.151169635,0.779807981,0.305796909,0.122237644,0.466077062,1.666951471,0.023677422,True,Pooled_H_plus_CSI_nonSOE,0.12129004526387989,0.223171,-0.10188095473612012,-1819611085.1581228,0.0,1,0,,1.0
600845.SH,宝信软件,CSI,中央国有企业,信息技术,软件服务,信息技术--软件服务--软件--应用软件,2022,,,,,,,,,,19581031615.0,,0.112537592,2185886525.0,17715615.56,target_year,,,,,,,,,,SOE_target,0.122726,0.230578,23.60583888,0.14572694,0.153055264,0.733913566,0.320951649,0.115802186,0.462290693,1.724840493,0.042653776,True,Pooled_H_plus_CSI_nonSOE,0.11360049434831722,0.230578,-0.11697750565168279,-2290540236.409442,0.0,1,0,,1.0
600845.SH,宝信软件,CSI,中央国有企业,信息技术,软件服务,信息技术--软件服务--软件--应用软件,2023,,,,,,,,,,21882684637.81,,0.114085,2553638969.59,-57147146.8,target_year,,,,,,,,,,SOE_target,0.13603500000000002,0.24034199999999997,23.697827,0.149362,0.14694,0.69877,0.357491,0.102442,0.455595,1.825248,0.015366,True,Pooled_H_plus_CSI_nonSOE,0.11421098239173295,0.24034199999999997,-0.126131017608267,-2760085281.3677673,0.0,1,0,,1.0
600845.SH,宝信软件,CSI,中央国有企业,信息技术,软件服务,信息技术--软件服务--软件--应用软件,2024,,,,,,,,,,21636685902.19,,0.10333,2265482898.16,-29759456.65,target_year,,,,,,,,,,SOE_target,0.11368,0.199552,23.808962,0.143091,0.139728,0.619504,0.376569,0.099233,0.447554,1.926631,0.017193,True,Pooled_H_plus_CSI_nonSOE,0.10402371181981124,0.199552,-0.09552828818018877,-2066915566.1286337,0.0,1,0,,1.0
600845.SH,宝信软件,CSI,中央国有企业,信息技术,软件服务,信息技术--软件服务--软件--应用软件,2025,,,,,,,,,,22314945033.04,,0.057715,1305010991.72,-17114725.47,target_year,,,,,,,,,,SOE_target,0.064209,0.11631,23.797656,0.127,0.169431,0.624517,0.381346,0.108447,0.432194,1.981772,0.020184,True,Pooled_H_plus_CSI_nonSOE,0.10174436350816507,0.11631,-0.014565636491834927,-325031377.686538,0.0,1,0,,1.0
600875.SH,东方电气,CSI,中央国有企业,工业,电气设备,工业--电气设备--电气设备Ⅲ--重型电气设备,2019,,,,,,,,,,89618965556.0,,0.015717674,1277671818.0,130929860.5,target_year,,,,,,,,,,SOE_target,0.006066,0.044028,25.23767212,0.084142144,0.075162529,0.349259169,0.228409844,0.066453384,0.663898493,1.395835175,0.002025643,True,Pooled_H_plus_CSI_nonSOE,0.12243681703117937,0.044028,0.07840881703117937,7026917072.80397,7026917072.80397,1,0,,1.0
600875.SH,东方电气,CSI,中央国有企业,工业,电气设备,工业--电气设备--电气设备Ⅲ--重型电气设备,2020,,,,,,,,,,97795137769.0,,0.020410563,1861998155.0,134055669.1,target_year,,,,,,,,,,SOE_target,0.011969,0.061694000000000006,25.2188328,0.073544025,0.069863037,0.351245526,0.222554195,0.06293563,0.645181879,1.403307137,0.007166305,True,Pooled_H_plus_CSI_nonSOE,0.12382232082158026,0.061694000000000006,0.062128320821580256,6075847694.103072,6075847694.103072,1,0,,1.0
600875.SH,东方电气,CSI,中央国有企业,工业,电气设备,工业--电气设备--电气设备Ⅲ--重型电气设备,2021,,,,,,,,,,103105000000.0,,0.023600924,2289036817.0,144326348.8,target_year,,,,,,,,,,SOE_target,0.017065,0.072203,25.3061407,0.070729662,0.069189957,0.386725704,0.148967446,0.055489357,0.655999257,1.259661364,0.00553372,True,Pooled_H_plus_CSI_nonSOE,0.12968880285072806,0.072203,0.05748580285072806,5927073702.924316,5927073702.924316,0,1,HHI_lag,1.0
600875.SH,东方电气,CSI,中央国有企业,工业,电气设备,工业--电气设备--电气设备Ⅲ--重型电气设备,2022,,,,,,,,,,115265000000.0,,0.026347295,2854650575.0,182271979.4,target_year,,,,,,,,,,SOE_target,0.021002,0.084608,25.35900958,0.063575156,0.081262738,0.46546583,0.115208513,0.05076816,0.656815638,1.204886628,0.006960057,True,Pooled_H_plus_CSI_nonSOE,0.13991577434312363,0.084608,0.05530777434312363,6375050609.660146,6375050609.660146,1,0,,1.0
600875.SH,东方电气,CSI,中央国有企业,工业,电气设备,工业--电气设备--电气设备Ⅲ--重型电气设备,2023,,,,,,,,,,121108373341.62,,0.030112,3550393576.32,96404032.6,target_year,,,,,,,,,,SOE_target,0.024314,0.09831300000000001,25.4705,0.041868,0.108841,0.496214,-0.000125,0.045409,0.664904,0.999787,0.006491,True,Pooled_H_plus_CSI_nonSOE,0.14421171148543088,0.09831300000000001,0.04589871148543087,5558718286.476864,5558718286.476864,1,0,,1.0
600875.SH,东方电气,CSI,中央国有企业,工业,电气设备,工业--电气设备--电气设备Ⅲ--重型电气设备,2024,,,,,,,,,,142009284851.87,,0.021335,2922100908.48,107669363.23,target_year,,,,,,,,,,SOE_target,0.020957,0.076856,25.519952,0.039852,0.112299,0.504004,0.036663,0.047941,0.659645,1.06232,0.009166,True,Pooled_H_plus_CSI_nonSOE,0.14398674201614264,0.076856,0.06713074201614265,9533188665.2878,9533188665.2878,1,0,,1.0
600875.SH,东方电气,CSI,中央国有企业,工业,电气设备,工业--电气设备--电气设备Ⅲ--重型电气设备,2025,,,,,,,,,,162674195217.33,,0.024077,3831301222.13,85345766.36,target_year,,,,,,,,,,SOE_target,0.031003,0.091188,25.679158,0.050664,0.107313,0.521385,0.034271,0.048634,0.696201,1.054737,0.021119,True,Pooled_H_plus_CSI_nonSOE,0.14114954831008142,0.091188,0.04996154831008141,8127454663.154247,8127454663.154247,1,0,,1.0
600886.SH,国投电力,CSI,中央国有企业,公用事业,公用事业Ⅱ,公用事业--公用事业Ⅱ--电力--电力公用事业,2019,,,,,,,,,,224722000000.0,,0.042848909,4755460882.0,4873610845.0,target_year,,,,,,,,,,SOE_target,0.067674,0.12181900000000001,26.1201075,0.067425895,0.148389593,0.18671361,-0.080609047,0.838680884,0.682009567,0.494120103,0.046417675,True,Pooled_H_plus_CSI_nonSOE,0.08521661606054409,0.12181900000000001,-0.03660238393945592,-8225360923.642413,0.0,0,1,FixedAssetsRatio_lag,1.0
600886.SH,国投电力,CSI,中央国有企业,公用事业,公用事业Ⅱ,公用事业--公用事业Ⅱ--电力--电力公用事业,2020,,,,,,,,,,228909000000.0,,0.042418916,5515627276.0,4194460020.0,target_year,,,,,,,,,,SOE_target,0.051626000000000005,0.125914,26.13812775,0.061507665,0.143602423,0.186274265,-0.04132307,0.810239806,0.668949453,0.728631805,0.044695381,True,Pooled_H_plus_CSI_nonSOE,0.08564748331821992,0.125914,-0.04026651668178008,-9217368067.109596,0.0,0,1,FixedAssetsRatio_lag,1.0
600886.SH,国投电力,CSI,中央国有企业,公用事业,公用事业Ⅱ,公用事业--公用事业Ⅱ--电力--电力公用事业,2021,,,,,,,,,,241370000000.0,,0.027875459,2436891837.0,4291394378.0,target_year,,,,,,,,,,SOE_target,0.027852000000000002,0.049387999999999994,26.156592,0.050456318,0.126082379,0.169181835,-0.066500176,0.82814494,0.639222502,0.577776524,0.044517337,True,Pooled_H_plus_CSI_nonSOE,0.08881883538055646,0.049387999999999994,0.039430835380556466,9517420735.804914,9517420735.804914,0,1,FixedAssetsRatio_lag,1.0
600886.SH,国投电力,CSI,中央国有企业,公用事业,公用事业Ⅱ,公用事业--公用事业Ⅱ--电力--电力公用事业,2022,,,,,,,,,,258254000000.0,,0.03381893,4079375650.0,4654513767.0,target_year,,,,,,,,,,SOE_target,0.037759999999999995,0.076989,26.2095949,0.045790834,0.130392082,0.18176182,-0.067490828,0.809947994,0.635164482,0.571163608,0.038436347,True,Pooled_H_plus_CSI_nonSOE,0.09108042472922209,0.076989,0.01409142472922209,3639166802.0205216,3639166802.0205216,0,1,FixedAssetsRatio_lag,1.0
600886.SH,国投电力,CSI,中央国有企业,公用事业,公用事业Ⅱ,公用事业--公用事业Ⅱ--电力--电力公用事业,2023,,,,,,,,,,277363021076.32,,0.038506,6704936953.85,3975288601.66,target_year,,,,,,,,,,SOE_target,0.053080999999999996,0.118062,26.277211,0.045306,0.129341,0.198222,-0.08302,0.800705,0.637472,0.521016,0.058878,True,Pooled_H_plus_CSI_nonSOE,0.09015407857512957,0.118062,-0.027907921424870433,-7740625398.36262,0.0,0,1,FixedAssetsRatio_lag,1.0
600886.SH,国投电力,CSI,中央国有企业,公用事业,公用事业Ⅱ,公用事业--公用事业Ⅱ--电力--电力公用事业,2024,,,,,,,,,,296536685805.74,,0.033908,6643033266.19,3412049732.32,target_year,,,,,,,,,,SOE_target,0.06662499999999999,0.109754,26.348593,0.04841,0.121904,0.208256,-0.061429,0.776516,0.631828,0.628079,0.073018,True,Pooled_H_plus_CSI_nonSOE,0.09066464439505095,0.109754,-0.01908935560494905,-5660694245.258819,0.0,0,1,FixedAssetsRatio_lag,1.0
600886.SH,国投电力,CSI,中央国有企业,公用事业,公用事业Ⅱ,公用事业--公用事业Ⅱ--电力--电力公用事业,2025,,,,,,,,,,313579818706.81,,0.032146,7393381322.0,2687092580.25,target_year,,,,,,,,,,SOE_target,0.062301,0.109834,26.415437,0.049531,0.118327,0.197773,-0.090115,0.767208,0.632175,0.527581,0.073402,True,Pooled_H_plus_CSI_nonSOE,0.0901908231509159,0.109834,-0.019643176849084107,-6159703835.161601,0.0,0,1,FixedAssetsRatio_lag,1.0
600893.SH,航发动力,CSI,中央国有企业,工业,国防军工,工业--国防军工--航空航天与国防Ⅲ--航空航天,2019,,,,,,,,,,63115020067.0,,0.023695335,1077406923.0,418124589.7,target_year,,,,,,,,,,SOE_target,0.029830000000000002,0.039094000000000004,24.70302304,0.267740082,0.285442207,0.437535611,0.043166966,0.334289968,0.429212935,1.08260805,0.032583643,True,Pooled_H_plus_CSI_nonSOE,0.1496809599624309,0.039094000000000004,0.11058695996243088,6979698197.177351,6979698197.177351,1,0,,1.0
600893.SH,航发动力,CSI,中央国有企业,工业,国防军工,工业--国防军工--航空航天与国防Ⅲ--航空航天,2020,,,,,,,,,,64352332318.0,,0.022585258,1145986116.0,307427913.2,target_year,,,,,,,,,,SOE_target,0.022119,0.035375000000000004,24.86822461,0.268981923,0.279462147,0.430985785,0.180032179,0.308221958,0.42097161,1.423587814,0.038841514,True,Pooled_H_plus_CSI_nonSOE,0.14566484026039134,0.035375000000000004,0.11028984026039133,7097408451.735839,7097408451.735839,1,0,,1.0
600893.SH,航发动力,CSI,中央国有企业,工业,国防军工,工业--国防军工--航空航天与国防Ⅲ--航空航天,2021,,,,,,,,,,90648498035.0,,0.013911733,1187619447.0,73458273.32,target_year,,,,,,,,,,SOE_target,0.01816,0.032292999999999995,24.88763901,0.284731838,0.273615357,0.448269208,0.168979618,0.311568166,0.417257503,1.394363511,0.040230166,True,Pooled_H_plus_CSI_nonSOE,0.15106449971641436,0.032292999999999995,0.11877149971641437,10766458058.65739,10766458058.65739,1,0,,1.0
600893.SH,航发动力,CSI,中央国有企业,工业,国防军工,工业--国防军工--航空航天与国防Ⅲ--航空航天,2022,,,,,,,,,,89965912662.0,,0.01576586,1267781837.0,150608102.9,target_year,,,,,,,,,,SOE_target,0.017733000000000002,0.033426,25.23025521,0.300423066,0.271325141,0.439110596,0.129696967,0.235812024,0.559425655,1.232595064,0.033230453,True,Pooled_H_plus_CSI_nonSOE,0.1366688724676269,0.033426,0.10324287246762691,9288339247.396526,9288339247.396526,1,0,,1.0
600893.SH,航发动力,CSI,中央国有企业,工业,国防军工,工业--国防军工--航空航天与国防Ⅲ--航空航天,2023,,,,,,,,,,99795552106.78,,0.016727,1421421585.27,247847861.48,target_year,,,,,,,,,,SOE_target,0.018008,0.036513,25.222697,0.285061,0.272876,0.409442,0.123892,0.246077,0.541098,1.22639,0.031555,True,Pooled_H_plus_CSI_nonSOE,0.13369679018043312,0.036513,0.09718379018043313,9698509996.88579,9698509996.88579,1,0,,1.0
600893.SH,航发动力,CSI,中央国有企业,工业,国防军工,工业--国防军工--航空航天与国防Ⅲ--航空航天,2024,,,,,,,,,,115913298911.68,,0.011363,860291114.25,456787611.33,target_year,,,,,,,,,,SOE_target,0.014764999999999999,0.021689,25.326389,0.269155,0.247277,0.458109,0.107993,0.235554,0.560545,1.185283,0.033502,True,Pooled_H_plus_CSI_nonSOE,0.1375486475987246,0.021689,0.1158596475987246,13429673963.91287,13429673963.91287,1,0,,1.0
600893.SH,航发动力,CSI,中央国有企业,工业,国防军工,工业--国防军工--航空航天与国防Ⅲ--航空航天,2025,,,,,,,,,,123071590336.09,,0.010252,634328156.8,627400791.46,target_year,,,,,,,,,,SOE_target,0.012845,0.015845,25.476108,0.297316,0.253215,0.441468,0.114637,0.213589,0.607384,1.188188,0.025182,True,Pooled_H_plus_CSI_nonSOE,0.13367761905891634,0.015845,0.11783261905891634,14501847821.047503,14501847821.047503,1,0,,1.0
600900.SH,长江电力,CSI,中央国有企业,公用事业,公用事业Ⅱ,公用事业--公用事业Ⅱ--电力--电力公用事业,2019,,,,,,,,,,296483000000.0,,0.090205718,21543493636.0,5200957545.0,target_year,,,,,,,,,,SOE_target,0.107289,0.147703,26.41192448,0.084052252,0.148389593,0.167846247,-0.160212281,0.827770041,0.517137032,0.16690857,0.010554722,True,Pooled_H_plus_CSI_nonSOE,0.11723772154799075,0.147703,-0.030465278452009248,-9032437151.287058,0.0,0,2,"FixedAssetsRatio_lag, CurrentRatio_lag",1.0
600900.SH,长江电力,CSI,中央国有企业,公用事业,公用事业Ⅱ,公用事业--公用事业Ⅱ--电力--电力公用事业,2020,,,,,,,,,,330827000000.0,,0.094562387,26297890223.0,4985909832.0,target_year,,,,,,,,,,SOE_target,0.11937099999999999,0.16353,26.41525532,0.072210962,0.143602423,0.164550436,-0.151521069,0.786457909,0.494014744,0.197202157,0.00916354,True,Pooled_H_plus_CSI_nonSOE,0.11921038112125137,0.16353,-0.044319618878748634,-14662126554.799774,0.0,0,2,"FixedAssetsRatio_lag, CurrentRatio_lag",1.0
600900.SH,长江电力,CSI,中央国有企业,公用事业,公用事业Ⅱ,公用事业--公用事业Ⅱ--电力--电力公用事业,2021,,,,,,,,,,328563000000.0,,0.094424331,26272998503.0,4751369574.0,target_year,,,,,,,,,,SOE_target,0.112712,0.148779,26.52486171,0.074410164,0.126082379,0.180422565,-0.192822765,0.707604134,0.460982464,0.187030032,0.010966039,True,Pooled_H_plus_CSI_nonSOE,0.1276416024921599,0.148779,-0.021137397507840106,-6944966737.368468,0.0,0,1,CurrentRatio_lag,1.0
600900.SH,长江电力,CSI,中央国有企业,公用事业,公用事业Ⅱ,公用事业--公用事业Ⅱ--电力--电力公用事业,2022,,,,,,,,,,327268000000.0,,0.077615125,21309033981.0,4091934992.0,target_year,,,,,,,,,,SOE_target,0.092723,0.116267,26.51799529,0.058372527,0.130392082,0.165251528,-0.10799369,0.674421881,0.42084757,0.335606159,0.010572933,True,Pooled_H_plus_CSI_nonSOE,0.12853152557626424,0.116267,0.012264525576264243,4013786756.292846,4013786756.292846,0,1,CurrentRatio_lag,1.0
600900.SH,长江电力,CSI,中央国有企业,公用事业,公用事业Ⅱ,公用事业--公用事业Ⅱ--电力--电力公用事业,2023,,,,,,,,,,571942544909.29,,0.069579,27238970860.7,12556406948.81,target_year,,,,,,,,,,SOE_target,0.10002000000000001,0.14083600000000002,26.514046,0.046651,0.129341,0.155493,-0.113534,0.654516,0.401854,0.291705,0.014883,True,Pooled_H_plus_CSI_nonSOE,0.1291156649593218,0.14083600000000002,-0.01172033504067821,-6703358250.355022,0.0,0,1,CurrentRatio_lag,1.0
600900.SH,长江电力,CSI,中央国有企业,公用事业,公用事业Ⅱ,公用事业--公用事业Ⅱ--电力--电力公用事业,2024,,,,,,,,,,566071979792.34,,0.077071,32496172808.65,11131343530.28,target_year,,,,,,,,,,SOE_target,0.087861,0.157895,27.072304,0.06641,0.121904,0.170171,-0.220611,0.786164,0.628811,0.122989,0.021388,True,Pooled_H_plus_CSI_nonSOE,0.09819913384968758,0.157895,-0.05969586615031243,-33792157137.12589,0.0,0,3,"FirmSize_lag, FixedAssetsRatio_lag, CurrentRatio_lag",1.0
600900.SH,长江电力,CSI,中央国有企业,公用事业,公用事业Ⅱ,公用事业--公用事业Ⅱ--电力--电力公用事业,2025,,,,,,,,,,559208340046.84,,0.078458,34502809176.39,9371372984.05,target_year,,,,,,,,,,SOE_target,0.09084199999999999,0.159873,27.061987,0.072025,0.118327,0.145031,-0.251498,0.776353,0.607902,0.107736,0.025474,True,Pooled_H_plus_CSI_nonSOE,0.10076889804354577,0.159873,-0.059104101956454214,-33051506745.027946,0.0,0,3,"FirmSize_lag, FixedAssetsRatio_lag, CurrentRatio_lag",1.0
600905.SH,三峡能源,CSI,中央国有企业,公用事业,公用事业Ⅱ,公用事业--公用事业Ⅱ--电力--电力公用事业,2019,,,,,,,,,,100050000000.0,,0.044637736,2839735774.0,1626271621.0,target_year,,,,,,,,,,SOE_target,0.036157,0.071715,25.16693766,0.012310599,0.148389593,0.095504611,0.032057758,0.624194288,0.492527498,1.235768548,0.12482356,True,Pooled_H_plus_CSI_nonSOE,0.08380979178891343,0.071715,0.012094791788913428,1210083918.4807885,1210083918.4807885,1,0,,1.0
600905.SH,三峡能源,CSI,中央国有企业,公用事业,公用事业Ⅱ,公用事业--公用事业Ⅱ--电力--电力公用事业,2020,,,,,,,,,,142576000000.0,,0.040053102,3610991284.0,2099634099.0,target_year,,,,,,,,,,SOE_target,0.052405999999999994,0.08984,25.32893633,0.013171647,0.143602423,0.095973224,-0.052296024,0.661347862,0.583253272,0.762889652,0.142675768,True,Pooled_H_plus_CSI_nonSOE,0.07349005856312461,0.08984,-0.01634994143687539,-2331109250.3039455,0.0,1,0,,1.0
600905.SH,三峡能源,CSI,中央国有企业,公用事业,公用事业Ⅱ,公用事业--公用事业Ⅱ--电力--电力公用事业,2021,,,,,,,,,,217196000000.0,,0.039073376,5642366893.0,2844231671.0,target_year,,,,,,,,,,SOE_target,0.036911,0.10189999999999999,25.68314352,0.014739605,0.126082379,0.092403534,-0.064530566,0.68917574,0.67431158,0.69579096,0.178542795,True,Pooled_H_plus_CSI_nonSOE,0.05746876858243115,0.10189999999999999,-0.04443123141756884,-9650285738.970282,0.0,1,0,,1.0
600905.SH,三峡能源,CSI,中央国有企业,公用事业,公用事业Ⅱ,公用事业--公用事业Ⅱ--电力--电力公用事业,2022,,,,,,,,,,262127000000.0,,0.042507105,7155475873.0,3986790888.0,target_year,,,,,,,,,,SOE_target,0.037842,0.0981,26.10406807,0.016447582,0.130392082,0.085340136,-0.016042716,0.667788729,0.647345629,0.909165829,0.137691712,True,Pooled_H_plus_CSI_nonSOE,0.06541882481255648,0.0981,-0.032681175187443526,-8566618408.359009,0.0,1,0,,1.0
600905.SH,三峡能源,CSI,中央国有企业,公用事业,公用事业Ⅱ,公用事业--公用事业Ⅱ--电力--电力公用事业,2023,,,,,,,,,,311707560904.4,,0.035726,7181086737.34,3954822772.55,target_year,,,,,,,,,,SOE_target,0.031429,0.09,26.292096,0.021631,0.129341,0.098646,-0.016599,0.657012,0.66444,0.907727,0.10579,True,Pooled_H_plus_CSI_nonSOE,0.06823026734966461,0.09,-0.021769732650335383,-6785790265.976922,0.0,1,0,,1.0
600905.SH,三峡能源,CSI,中央国有企业,公用事业,公用事业Ⅱ,公用事业--公用事业Ⅱ--电力--电力公用事业,2024,,,,,,,,,,356871426700.32,,0.029203,6111426749.8,4310318180.69,target_year,,,,,,,,,,SOE_target,0.038501,0.07221899999999999,26.465331,0.022815,0.121904,0.091612,0.00235,0.684482,0.693671,1.015668,0.131892,True,Pooled_H_plus_CSI_nonSOE,0.05932676675849331,0.07221899999999999,-0.012892233241506679,-4600869670.24978,0.0,1,0,,1.0
600905.SH,三峡能源,CSI,中央国有企业,公用事业,公用事业Ⅱ,公用事业--公用事业Ⅱ--电力--电力公用事业,2025,,,,,,,,,,387155529975.3,,0.020299,3714396619.2,4144510564.47,target_year,,,,,,,,,,SOE_target,0.024668000000000002,0.042359,26.600641,0.025729,0.118327,0.088185,-0.023704,0.690148,0.709569,0.866542,0.086512,True,Pooled_H_plus_CSI_nonSOE,0.06581666160279549,0.042359,0.023457661602795492,9081763409.811533,9081763409.811533,1,0,,1.0
600930.SH,华电新能,CSI,中央国有企业,公用事业,公用事业Ⅱ,公用事业--公用事业Ⅱ--电力--电力公用事业,2023,,,,,,,,,,336672867584.0,,0.042015,9619770057.0,4525620297.0,target_year,,,,,,,,,,SOE_target,0.052148,0.122204,26.328801,0.022349,0.129341,,-0.124576,0.705813,0.71125,0.542037,0.214746,True,Pooled_H_plus_CSI_nonSOE,0.11542539583329392,0.122204,-0.006778604166706073,-2282172103.0217843,0.0,1,0,,1.0
600930.SH,华电新能,CSI,中央国有企业,公用事业,公用事业Ⅱ,公用事业--公用事业Ⅱ--电力--电力公用事业,2024,,,,,,,,,,444090216404.0,,0.032194,8831054314.0,5465860155.0,target_year,,,,,,,,,,SOE_target,0.040872,0.093033,26.542378,0.025418,0.121904,0.096234,-0.106022,0.69146,0.73178,0.567832,0.179024,True,Pooled_H_plus_CSI_nonSOE,0.05179916632646771,0.093033,-0.0412338336735323,-18311542119.2455,0.0,1,0,,1.0
600930.SH,华电新能,CSI,中央国有企业,公用事业,公用事业Ⅱ,公用事业--公用事业Ⅱ--电力--电力公用事业,2025,,,,,,,,,,518120395445.0,,0.025709,7262870120.0,6057531034.0,target_year,,,,,,,,,,SOE_target,0.031789,0.059893999999999996,26.819294,0.029306,0.118327,0.086012,-0.092824,0.653688,0.730639,0.610585,0.1612,True,Pooled_H_plus_CSI_nonSOE,0.055052433087206705,0.059893999999999996,-0.004841566912793291,-2508514563.429888,0.0,0,1,FirmSize_lag,1.0
600938.SH,中国海油,CSI,中央国有企业,能源,石油石化,能源--石油石化--石油天然气--石油天然气勘探与生产,2019,,,,,,,,,,757731000000.0,,0.084581468,61045000000.0,3045000000.0,target_year,,,,,,,,,,SOE_target,0.122,0.14105399999999998,27.24356143,0.039982787,0.452070271,0.338122435,0.176552309,0.600102537,0.385123877,2.706101762,0.07465611,True,Pooled_H_plus_CSI_nonSOE,0.12684011186135793,0.14105399999999998,-0.01421388813864205,-10770303673.18138,0.0,0,1,FirmSize_lag,1.0
600938.SH,中国海油,CSI,中央国有企业,能源,石油石化,能源--石油石化--石油天然气--石油天然气勘探与生产,2020,,,,,,,,,,721275000000.0,,0.039516135,24956000000.0,3546000000.0,target_year,,,,,,,,,,SOE_target,0.050007,0.056596,27.35359428,0.039338217,0.44417932,0.316247015,0.151367702,0.581412137,0.408462898,2.256956241,0.095039005,True,Pooled_H_plus_CSI_nonSOE,0.12180030940024526,0.056596,0.06520430940024527,47030238262.6619,47030238262.6619,0,1,FirmSize_lag,1.0
600938.SH,中国海油,CSI,中央国有企业,能源,石油石化,能源--石油石化--石油天然气--石油天然气勘探与生产,2021,,,,,,,,,,786569000000.0,,0.093450161,70320000000.0,3185000000.0,target_year,,,,,,,,,,SOE_target,0.129543,0.153769,27.30428632,0.035156816,0.429200271,0.205074219,0.122753457,0.619275588,0.398384805,2.182854166,0.10456206,True,Pooled_H_plus_CSI_nonSOE,0.1093510785244847,0.153769,-0.04441792147551529,-34937760077.074585,0.0,0,1,FirmSize_lag,1.0
600938.SH,中国海油,CSI,中央国有企业,能源,石油石化,能源--石油石化--石油天然气--石油天然气勘探与生产,2022,,,,,,,,,,929031000000.0,,0.155839794,141700000000.0,3080000000.0,target_year,,,,,,,,,,SOE_target,0.22717400000000001,0.26287099999999997,27.39094629,0.041284448,0.425995256,0.315149313,0.14497266,0.591748467,0.387242569,2.213728433,0.104805809,True,Pooled_H_plus_CSI_nonSOE,0.12538974379608078,0.26287099999999997,-0.13748125620391918,-127724348932.38324,0.0,0,1,FirmSize_lag,1.0
600938.SH,中国海油,CSI,中央国有企业,能源,石油石化,能源--石油石化--石油天然气--石油天然气勘探与生产,2023,,,,,,,,,,1005598000000.0,,0.125544,123843000000.0,2404000000.0,target_year,,,,,,,,,,SOE_target,0.17633700000000002,0.19599,27.557408,0.054529,0.418201,0.45369,0.162845,0.573414,0.355906,2.334215,0.101992,True,Pooled_H_plus_CSI_nonSOE,0.1492539022107215,0.19599,-0.04673609778927851,-46997726464.70289,0.0,0,1,FirmSize_lag,1.0
600938.SH,中国海油,CSI,中央国有企业,能源,石油石化,能源--石油石化--石油天然气--石油天然气勘探与生产,2024,,,,,,,,,,1056281000000.0,,0.133222,137936000000.0,2784000000.0,target_year,,,,,,,,,,SOE_target,0.182531,0.19508199999999998,27.636604,0.059575,0.410755,0.420933,0.125633,0.589619,0.335842,2.01934,0.120202,True,Pooled_H_plus_CSI_nonSOE,0.14977073428726226,0.19508199999999998,-0.04531126571273772,-47861429058.316315,0.0,0,1,FirmSize_lag,1.0
600938.SH,中国海油,CSI,中央国有企业,能源,石油石化,能源--石油石化--石油天然气--石油天然气勘探与生产,2025,,,,,,,,,,1098559000000.0,,0.113556,122082000000.0,2666000000.0,target_year,,,,,,,,,,SOE_target,0.155225,0.157495,27.685775,0.061841,0.406814,0.39843,0.137969,0.598714,0.290496,2.225943,0.116786,True,Pooled_H_plus_CSI_nonSOE,0.15311798923261194,0.157495,-0.0043770107673880565,-4808404571.611056,0.0,0,1,FirmSize_lag,1.0
600941.SH,中国移动,CSI,中央国有企业,通讯服务,电信服务,通讯服务--电信服务--多元电信服务--综合电信业务,2019,,,,,,,,,,1629240000000.0,,0.067442489,106641000000.0,3239000000.0,target_year,,,,,,,,,,SOE_target,0.08549799999999999,0.098917,28.06014416,0.500605614,0.376451505,0.438784797,0.039532264,0.480937034,0.312584071,1.127989578,0.127067341,True,Pooled_H_plus_CSI_nonSOE,0.15383328112222544,0.098917,0.054916281122225435,89471801855.57457,89471801855.57457,0,1,FirmSize_lag,1.0
600941.SH,中国移动,CSI,中央国有企业,通讯服务,电信服务,通讯服务--电信服务--多元电信服务--综合电信业务,2020,,,,,,,,,,1727880000000.0,,0.064135745,107843000000.0,2976000000.0,target_year,,,,,,,,,,SOE_target,0.079764,0.095746,28.11913476,0.502483187,0.377325617,0.426135886,0.041613881,0.455924235,0.32036471,1.146729803,0.125804056,True,Pooled_H_plus_CSI_nonSOE,0.15172520308435736,0.095746,0.05597920308435736,96725345425.3994,96725345425.3994,0,1,FirmSize_lag,1.0
600941.SH,中国移动,CSI,中央国有企业,通讯服务,电信服务,通讯服务--电信服务--多元电信服务--综合电信业务,2021,,,,,,,,,,1841330000000.0,,0.064443741,116148000000.0,2514000000.0,target_year,,,,,,,,,,SOE_target,0.08055799999999999,0.098628,28.1779175,0.498909861,0.375629725,0.414457383,0.03615351,0.449798076,0.332841016,1.120765784,0.110221068,True,Pooled_H_plus_CSI_nonSOE,0.15120723477833256,0.098628,0.05257923477833257,96815722374.3871,96815722374.3871,0,1,FirmSize_lag,1.0
600941.SH,中国移动,CSI,中央国有企业,通讯服务,电信服务,通讯服务--电信服务--多元电信服务--综合电信业务,2022,,,,,,,,,,1935540000000.0,,0.065937739,125459000000.0,2166000000.0,target_year,,,,,,,,,,SOE_target,0.081688,0.100219,28.24150762,0.494347903,0.374126853,0.421050715,0.007181234,0.431779363,0.342706646,1.022714155,0.112587824,True,Pooled_H_plus_CSI_nonSOE,0.1521699394590546,0.100219,0.0519509394590546,100553121360.57854,100553121360.57854,0,1,FirmSize_lag,1.0
600941.SH,中国移动,CSI,中央国有企业,通讯服务,电信服务,通讯服务--电信服务--多元电信服务--综合电信业务,2023,,,,,,,,,,1992657000000.0,,0.067908,131766000000.0,3552000000.0,target_year,,,,,,,,,,SOE_target,0.0849,0.09985799999999999,28.291406,0.492227,0.373379,0.430017,-0.039765,0.420615,0.327617,0.85569,0.097951,True,Pooled_H_plus_CSI_nonSOE,0.1604108586086328,0.09985799999999999,0.06055285860863281,120661077576.50243,120661077576.50243,0,1,FirmSize_lag,1.0
600941.SH,中国移动,CSI,中央国有企业,通讯服务,电信服务,通讯服务--电信服务--多元电信服务--综合电信业务,2024,,,,,,,,,,2108127000000.0,,0.067097,138373000000.0,3077000000.0,target_year,,,,,,,,,,SOE_target,0.08544299999999999,0.101233,28.32049,0.493234,0.374249,0.439649,-0.030342,0.396034,0.324528,0.891757,0.090965,True,Pooled_H_plus_CSI_nonSOE,0.16336549817520912,0.101233,0.06213249817520912,130983196980.60907,130983196980.60907,0,1,FirmSize_lag,1.0
600941.SH,中国移动,CSI,中央国有企业,通讯服务,电信服务,通讯服务--电信服务--多元电信服务--综合电信业务,2025,,,,,,,,,,2128182000000.0,,0.065914,137095000000.0,3183000000.0,target_year,,,,,,,,,,SOE_target,0.08191000000000001,0.097213,28.376821,0.491611,0.373264,0.433804,-0.030576,0.374154,0.337545,0.898172,0.073989,True,Pooled_H_plus_CSI_nonSOE,0.16379388221636515,0.097213,0.06658088221636516,141696235076.98843,141696235076.98843,0,1,FirmSize_lag,1.0
601006.SH,大秦铁路,CSI,中央国有企业,工业,交通运输,工业--交通运输--铁路公路运输--铁路运输,2019,,,,,,,,,,148044000000.0,,0.095561613,13669294112.0,478008759.0,target_year,,,,,,,,,,SOE_target,0.134944,0.124054,25.70652666,0.089625731,0.111099702,0.570549848,0.084136557,0.57754898,0.215728043,1.670729602,0.046021713,True,Pooled_H_plus_CSI_nonSOE,0.07596440098080462,0.124054,-0.04808959901919538,-7119376597.197761,0.0,1,0,,1.0
601006.SH,大秦铁路,CSI,中央国有企业,工业,交通运输,工业--交通运输--铁路公路运输--铁路运输,2020,,,,,,,,,,182203000000.0,,0.06014214,10895704612.0,62353169.0,target_year,,,,,,,,,,SOE_target,0.09520899999999999,0.092804,25.72077391,0.082277343,0.108646931,0.541686591,0.100402373,0.552307357,0.174412521,2.048937304,0.035506266,True,Pooled_H_plus_CSI_nonSOE,0.0764777850627709,0.092804,-0.01632621493722909,-2974685340.207952,0.0,1,0,,1.0
601006.SH,大秦铁路,CSI,中央国有企业,工业,交通运输,工业--交通运输--铁路公路运输--铁路运输,2021,,,,,,,,,,198546000000.0,,0.06305714,12181309677.0,338451918.0,target_year,,,,,,,,,,SOE_target,0.096868,0.099306,25.92838541,0.090638906,0.123286456,0.436682029,0.297357989,0.425794186,0.287461936,5.030979552,0.010649474,True,Pooled_H_plus_CSI_nonSOE,0.027070643718271753,0.099306,-0.07223535628172825,-14342041048.312017,0.0,1,0,,1.0
601006.SH,大秦铁路,CSI,中央国有企业,工业,交通运输,工业--交通运输--铁路公路运输--铁路运输,2022,,,,,,,,,,202297000000.0,,0.056109512,11196257454.0,154529809.0,target_year,,,,,,,,,,SOE_target,0.084593,0.088618,26.01428814,0.071203937,0.15352339,0.411764299,0.271773036,0.441406619,0.318403373,3.96929373,0.018177959,True,Pooled_H_plus_CSI_nonSOE,0.021597558673697267,0.088618,-0.06702044132630273,-13558034218.987064,0.0,1,0,,1.0
601006.SH,大秦铁路,CSI,中央国有企业,工业,交通运输,工业--交通运输--铁路公路运输--铁路运输,2023,,,,,,,,,,207673222249.0,,0.058222,11930006082.0,161042754.0,target_year,,,,,,,,,,SOE_target,0.087265,0.08968400000000001,26.033003,0.064458,0.180808,0.377665,0.299635,0.437414,0.307013,4.480187,0.035211,True,Pooled_H_plus_CSI_nonSOE,0.009539029695764242,0.08968400000000001,-0.08014497030423577,-16643964230.13106,0.0,1,0,,1.0
601006.SH,大秦铁路,CSI,中央国有企业,工业,交通运输,工业--交通运输--铁路公路运输--铁路运输,2024,,,,,,,,,,207017831253.0,,0.043731,9039359180.0,13716097.0,target_year,,,,,,,,,,SOE_target,0.064335,0.061777,26.059232,0.066414,0.114556,0.393827,0.313596,0.43126,0.266118,5.188494,0.035112,True,Pooled_H_plus_CSI_nonSOE,0.017047657683059173,0.061777,-0.044729342316940826,-9259771439.826128,0.0,1,0,,1.0
601006.SH,大秦铁路,CSI,中央国有企业,工业,交通运输,工业--交通运输--铁路公路运输--铁路运输,2025,,,,,,,,,,211817901515.0,,0.026457,5900148479.0,-296022107.0,target_year,,,,,,,,,,SOE_target,0.039529999999999996,0.036973,26.056071,0.053537,0.116886,0.358657,0.289553,0.436047,0.178965,4.920361,0.021893,True,Pooled_H_plus_CSI_nonSOE,0.02848086651989397,0.036973,-0.00849213348010603,-1798785893.1413333,0.0,1,0,,1.0
601018.SH,宁波港,CSI,地方国有企业,工业,交通运输,工业--交通运输--交通基础设施--海港与服务,2019,,,,,,,,,,71778991000.0,,0.054406379,3422218000.0,483017000.0,target_year,,,,,,,,,,SOE_target,0.06641,0.08650600000000001,25.02221389,0.024928256,0.111099702,0.31969526,-0.075756932,0.484900717,0.429334025,0.769098533,0.030742178,True,Pooled_H_plus_CSI_nonSOE,0.015088415729884133,0.08650600000000001,-0.07141758427011588,-5126282138.566389,0.0,1,0,,1.0
601018.SH,宁波港,CSI,地方国有企业,工业,交通运输,工业--交通运输--交通基础设施--海港与服务,2020,,,,,,,,,,85419000000.0,,0.045359534,3430805000.0,443761000.0,target_year,,,,,,,,,,SOE_target,0.061177,0.074361,24.99685767,0.024966116,0.108646931,0.332344106,-0.073309306,0.515756024,0.380991076,0.727700149,0.038359163,True,Pooled_H_plus_CSI_nonSOE,0.02243322267278043,0.074361,-0.051927777327219565,-4435618811.513768,0.0,1,0,,1.0
601018.SH,宁波港,CSI,地方国有企业,工业,交通运输,工业--交通运输--交通基础设施--海港与服务,2021,,,,,,,,,,94961585000.0,,0.050877647,4331678000.0,499744000.0,target_year,,,,,,,,,,SOE_target,0.066056,0.081565,25.1708344,0.026568472,0.123286456,0.268910892,-0.037107962,0.512220536,0.351703169,0.848909062,0.045371896,True,Pooled_H_plus_CSI_nonSOE,0.01607863967864652,0.081565,-0.06548636032135348,-6218688571.996836,0.0,1,0,,1.0
601018.SH,宁波港,CSI,地方国有企业,工业,交通运输,工业--交通运输--交通基础设施--海港与服务,2022,,,,,,,,,,108880000000.0,,0.044127532,4220128000.0,584461000.0,target_year,,,,,,,,,,SOE_target,0.064013,0.06663000000000001,25.27673828,0.020766758,0.15352339,0.253490862,-0.022773914,0.5203172,0.380029988,0.899107636,0.067032422,True,Pooled_H_plus_CSI_nonSOE,0.00327135231718835,0.06663000000000001,-0.06335864768281166,-6898489559.704534,0.0,1,0,,1.0
601018.SH,宁波港,CSI,地方国有企业,工业,交通运输,工业--交通运输--交通基础设施--海港与服务,2023,,,,,,,,,,112344177000.0,,0.04463,4668391000.0,345504000.0,target_year,,,,,,,,,,SOE_target,0.05669,0.063583,25.413509,0.021723,0.180808,0.250287,0.082167,0.499505,0.297792,1.472622,0.058357,True,Pooled_H_plus_CSI_nonSOE,0.009721407356473241,0.063583,-0.05386159264352676,-6051036297.446268,0.0,1,0,,1.0
601018.SH,宁波港,CSI,地方国有企业,工业,交通运输,工业--交通运输--交通基础设施--海港与服务,2024,,,,,,,,,,112898984000.0,,0.045185,4897513000.0,203858000.0,target_year,,,,,,,,,,SOE_target,0.06326,0.063945,25.444833,0.021216,0.114556,0.233152,-0.026377,0.542051,0.281558,0.866527,0.07921,True,Pooled_H_plus_CSI_nonSOE,0.016860682399175528,0.063945,-0.047084317600824474,-5315771619.466401,0.0,1,0,,1.0
601018.SH,宁波港,CSI,地方国有企业,工业,交通运输,工业--交通运输--交通基础设施--海港与服务,2025,,,,,,,,,,123425080000.0,,0.042734,5168472000.0,105974000.0,target_year,,,,,,,,,,SOE_target,0.061954,0.064993,25.449759,0.020463,0.116886,0.252389,-0.018075,0.559628,0.242247,0.883191,0.046109,True,Pooled_H_plus_CSI_nonSOE,0.029165494074502918,0.064993,-0.03582750592549708,-4422012785.054951,0.0,1,0,,1.0
601088.SH,中国神华,CSI,中央国有企业,能源,煤炭Ⅱ,能源--煤炭Ⅱ--煤炭Ⅲ--煤炭与消费用燃料,2019,,,,,,,,,,563083000000.0,,0.079515809,41707000000.0,3067000000.0,target_year,,,,,,,,,,SOE_target,0.115733,0.121282,27.10614052,0.507010805,0.3281903,0.454082948,0.1857846,0.496824007,0.308960391,1.890858398,0.035385531,True,Pooled_H_plus_CSI_nonSOE,0.1537720697639282,0.121282,0.03249006976392821,18294605952.88199,18294605952.88199,0,1,FirmSize_lag,1.0
601088.SH,中国神华,CSI,中央国有企业,能源,煤炭Ⅱ,能源--煤炭Ⅱ--煤炭Ⅲ--煤炭与消费用燃料,2020,,,,,,,,,,562904000000.0,,0.067702486,35849000000.0,2261000000.0,target_year,,,,,,,,,,SOE_target,0.10646499999999999,0.099542,27.05669288,0.447627872,0.293470907,0.418929791,0.115455448,0.49812905,0.253719256,1.680864657,0.033758789,True,Pooled_H_plus_CSI_nonSOE,0.16329927758945104,0.099542,0.06375727758945103,35889226584.21234,35889226584.21234,0,1,FirmSize_lag,1.0
601088.SH,中国神华,CSI,中央国有企业,能源,煤炭Ⅱ,能源--煤炭Ⅱ--煤炭Ⅲ--煤炭与消费用燃料,2021,,,,,,,,,,610597000000.0,,0.088765585,51607000000.0,2593000000.0,target_year,,,,,,,,,,SOE_target,0.135102,0.138684,27.05637494,0.411734128,0.275297772,0.414326276,0.182510695,0.493943905,0.236837898,2.478364727,0.036727399,True,Pooled_H_plus_CSI_nonSOE,0.15878377136127192,0.138684,0.020099771361271918,12272860093.87855,12272860093.87855,0,1,FirmSize_lag,1.0
601088.SH,中国神华,CSI,中央国有企业,能源,煤炭Ⅱ,能源--煤炭Ⅱ--煤炭Ⅲ--煤炭与消费用燃料,2022,,,,,,,,,,625178000000.0,,0.121784516,72903000000.0,3234000000.0,target_year,,,,,,,,,,SOE_target,0.161546,0.187659,27.137703,0.389105518,0.269530745,0.57130927,0.190898416,0.474710816,0.26429216,2.270458212,0.039081424,True,Pooled_H_plus_CSI_nonSOE,0.17660701152552455,0.187659,-0.011051988474475444,-6909460050.495609,0.0,0,1,FirmSize_lag,1.0
601088.SH,中国神华,CSI,中央国有企业,能源,煤炭Ⅱ,能源--煤炭Ⅱ--煤炭Ⅲ--煤炭与消费用燃料,2023,,,,,,,,,,633412000000.0,,0.106539,64625000000.0,2858000000.0,target_year,,,,,,,,,,SOE_target,0.147784,0.159881,27.161302,0.370616,0.250024,0.557598,0.180182,0.471779,0.259856,2.14473,0.045881,True,Pooled_H_plus_CSI_nonSOE,0.1770731048365226,0.159881,0.017192104836522615,10889685508.711462,10889685508.711462,0,1,FirmSize_lag,1.0
601088.SH,中国神华,CSI,中央国有企业,能源,煤炭Ⅱ,能源--煤炭Ⅱ--煤炭Ⅲ--煤炭与消费用燃料,2024,,,,,,,,,,661436000000.0,,0.098454,62421000000.0,2700000000.0,target_year,,,,,,,,,,SOE_target,0.139226,0.148422,27.174387,0.39907,0.263234,0.545172,0.169504,0.489088,0.239593,2.17231,0.058546,True,Pooled_H_plus_CSI_nonSOE,0.17537312140252317,0.148422,0.026951121402523176,17826441935.99932,17826441935.99932,0,1,FirmSize_lag,1.0
601088.SH,中国神华,CSI,中央国有企业,能源,煤炭Ⅱ,能源--煤炭Ⅱ--煤炭Ⅲ--煤炭与消费用燃料,2025,,,,,,,,,,631777000000.0,,0.089593,54218000000.0,2385000000.0,target_year,,,,,,,,,,SOE_target,0.125517,0.128749,27.217679,0.392903,0.263097,0.522648,0.170092,0.483933,0.233002,2.214694,0.055987,True,Pooled_H_plus_CSI_nonSOE,0.17372221398481652,0.128749,0.04497321398481652,28413042211.685425,28413042211.685425,0,1,FirmSize_lag,1.0
601111.SH,中国国航,CSI,中央国有企业,工业,交通运输,工业--交通运输--航空客运Ⅲ--航空客运Ⅳ,2019,,,,,,,,,,294206000000.0,,0.038643697,6420294000.0,4948928000.0,target_year,,,,,,,,,,SOE_target,0.051708,0.068808,26.21902778,0.157036515,0.111099702,0.570723639,-0.200337972,0.704525554,0.587543188,0.327076743,0.037507993,True,Pooled_H_plus_CSI_nonSOE,0.041741025512472094,0.068808,-0.0270669744875279,-7963266296.077634,0.0,0,1,CurrentRatio_lag,1.0
601111.SH,中国国航,CSI,中央国有企业,工业,交通运输,工业--交通运输--航空客运Ⅲ--航空客运Ⅳ,2020,,,,,,,,,,284030000000.0,,-0.032755591,-14403343000.0,5099785000.0,target_year,,,,,,,,,,SOE_target,-0.046895,-0.16846,26.40754731,0.140714954,0.108646931,0.506376413,-0.180675733,0.347233919,0.655583725,0.318275776,0.025430907,True,Pooled_H_plus_CSI_nonSOE,0.029337355832050188,-0.16846,0.1977973558320502,56180382976.97721,56180382976.97721,0,1,CurrentRatio_lag,1.0
601111.SH,中国国航,CSI,中央国有企业,工业,交通运输,工业--交通运输--航空客运Ⅲ--航空客运Ⅳ,2021,,,,,,,,,,298381000000.0,,-0.037335215,-16635178000.0,5495052000.0,target_year,,,,,,,,,,SOE_target,-0.056464,-0.23951,26.37234435,0.087367401,0.123286456,0.24039925,-0.214281471,0.356816629,0.705055278,0.244867819,0.017709488,True,Pooled_H_plus_CSI_nonSOE,-0.019233684997444864,-0.23951,0.22027631500255512,65726267146.7774,65726267146.7774,0,1,CurrentRatio_lag,1.0
601111.SH,中国国航,CSI,中央国有企业,工业,交通运输,工业--交通运输--航空客运Ⅲ--航空客运Ⅳ,2022,,,,,,,,,,294979000000.0,,-0.108973296,-38617495000.0,6472620000.0,target_year,,,,,,,,,,SOE_target,-0.133588,-0.909227,26.42163767,0.067699809,0.15352339,0.25594192,-0.205183842,0.331135843,0.77937245,0.331770559,0.006113086,True,Pooled_H_plus_CSI_nonSOE,-0.030718636442233285,-0.909227,0.8785083635577667,259141518573.90646,259141518573.90646,0,1,CurrentRatio_lag,1.0
601111.SH,中国国航,CSI,中央国有企业,工业,交通运输,工业--交通运输--航空客运Ⅲ--航空客运Ⅳ,2023,,,,,,,,,,335278694000.0,,0.017611,-1038411000.0,6943087000.0,target_year,,,,,,,,,,SOE_target,0.014877,-0.034168,26.410171,0.045046,0.180808,0.178298,-0.23811,0.337563,0.927018,0.240533,0.003352,True,Pooled_H_plus_CSI_nonSOE,-0.04858028213102049,-0.034168,-0.014412282131020492,-4832131130.448088,0.0,0,1,CurrentRatio_lag,1.0
601111.SH,中国国航,CSI,中央国有企业,工业,交通运输,工业--交通运输--航空客运Ⅲ--航空客运Ⅳ,2024,,,,,,,,,,345750173000.0,,0.017834,-232557000.0,6398748000.0,target_year,,,,,,,,,,SOE_target,0.012565,-0.0056489999999999995,26.538228,0.11608,0.114556,0.447754,-0.23259,0.351136,0.894822,0.293107,0.028784,True,Pooled_H_plus_CSI_nonSOE,-0.004773878288863623,-0.0056489999999999995,0.0008751217111363768,302573483.02145827,302573483.02145827,0,1,CurrentRatio_lag,1.0
601111.SH,中国国航,CSI,中央国有企业,工业,交通运输,工业--交通运输--航空客运Ⅲ--航空客运Ⅳ,2025,,,,,,,,,,343010455000.0,,0.010977,-1787943000.0,5553051000.0,target_year,,,,,,,,,,SOE_target,0.009768,-0.040801,26.568982,0.12001,0.116886,0.48955,-0.280326,0.353379,0.881631,0.29567,0.026481,True,Pooled_H_plus_CSI_nonSOE,0.0011872971798315285,-0.040801,0.041988297179831525,14402424920.329227,14402424920.329227,0,1,CurrentRatio_lag,1.0
601117.SH,中国化学,CSI,中央国有企业,工业,建筑,工业--建筑--建筑与工程Ⅲ--建筑与工程Ⅳ,2019,,,,,,,,,,115865000000.0,,0.028923341,3061407369.0,289806779.8,target_year,,,,,,,,,,SOE_target,0.038437,0.09006299999999999,25.29821051,0.019913202,0.178025019,0.878292587,0.21952137,0.111219633,0.63906894,1.387030531,0.010159534,True,Pooled_H_plus_CSI_nonSOE,0.14307084087643573,0.09006299999999999,0.053007840876435744,6141753483.148228,6141753483.148228,1,0,,1.0
601117.SH,中国化学,CSI,中央国有企业,工业,建筑,工业--建筑--建筑与工程Ⅲ--建筑与工程Ⅳ,2020,,,,,,,,,,136008000000.0,,0.030814922,3658838010.0,532242625.5,target_year,,,,,,,,,,SOE_target,0.03608,0.10051299999999999,25.47569493,0.021861497,0.179054819,0.970062543,0.153063024,0.082862011,0.675556122,1.25315949,0.006583871,True,Pooled_H_plus_CSI_nonSOE,0.15371393864139532,0.10051299999999999,0.05320093864139533,7235753262.738896,7235753262.738896,1,0,,1.0
601117.SH,中国化学,CSI,中央国有企业,工业,建筑,工业--建筑--建筑与工程Ⅲ--建筑与工程Ⅳ,2021,,,,,,,,,,177896000000.0,,0.02864568,4633424156.0,462528943.3,target_year,,,,,,,,,,SOE_target,0.038491,0.10793,25.63598067,0.020410956,0.179498397,0.866772612,0.13346452,0.087295556,0.700576858,1.206806431,0.006452369,True,Pooled_H_plus_CSI_nonSOE,0.13762449614334982,0.10793,0.02969449614334982,5282532085.917359,5282532085.917359,1,0,,1.0
601117.SH,中国化学,CSI,中央国有企业,工业,建筑,工业--建筑--建筑与工程Ⅲ--建筑与工程Ⅳ,2022,,,,,,,,,,194566000000.0,,0.025998681,5415214019.0,-356763819.8,target_year,,,,,,,,,,SOE_target,0.036001,0.10713800000000001,25.90446519,0.022285355,0.17910201,0.872286223,0.12086578,0.084982363,0.704877319,1.184472444,0.021539793,True,Pooled_H_plus_CSI_nonSOE,0.13685025568996256,0.10713800000000001,0.029712255689962552,5780994740.573254,5780994740.573254,1,0,,1.0
601117.SH,中国化学,CSI,中央国有企业,工业,建筑,工业--建筑--建筑与工程Ⅲ--建筑与工程Ⅳ,2023,,,,,,,,,,219115319747.0,,0.023994,5426141014.95,-168615955.65,target_year,,,,,,,,,,SOE_target,0.033386,0.09831300000000001,25.994035,0.02301,0.173049,0.844108,0.1213,0.088868,0.700228,1.185803,0.015632,True,Pooled_H_plus_CSI_nonSOE,0.13518703551569128,0.09831300000000001,0.03687403551569127,8079666082.382926,8079666082.382926,1,0,,1.0
601117.SH,中国化学,CSI,中央国有企业,工业,建筑,工业--建筑--建筑与工程Ⅲ--建筑与工程Ⅳ,2024,,,,,,,,,,233421377309.4,,0.025317,5687933905.73,221671999.73,target_year,,,,,,,,,,SOE_target,0.033504,0.09498,26.112864,0.024201,0.176169,0.859609,0.11793,0.094952,0.707587,1.180015,0.015217,True,Pooled_H_plus_CSI_nonSOE,0.13597253998226166,0.09498,0.04099253998226167,9568535142.070166,9568535142.070166,1,0,,1.0
601117.SH,中国化学,CSI,中央国有企业,工业,建筑,工业--建筑--建筑与工程Ⅲ--建筑与工程Ⅳ,2025,,,,,,,,,,247353213805.61,,0.026946,6436145919.35,229081690.59,target_year,,,,,,,,,,SOE_target,0.036042,0.099426,26.176111,0.026149,0.174423,0.818796,0.08385,0.099532,0.704835,1.125799,0.012938,True,Pooled_H_plus_CSI_nonSOE,0.13286317499450448,0.099426,0.03343717499450448,8270792695.471262,8270792695.471262,1,0,,1.0
601186.SH,中国铁建,CSI,中央国有企业,工业,建筑,工业--建筑--建筑与工程Ⅲ--建筑与工程Ⅳ,2019,,,,,,,,,,1081240000000.0,,0.024870217,20197378000.0,6693276000.0,target_year,,,,,,,,,,SOE_target,0.030754,0.106344,27.54510432,0.179441198,0.178025019,0.839435107,0.057684202,0.059639027,0.774063963,1.088617697,0.035240302,True,Pooled_H_plus_CSI_nonSOE,0.1431398002707066,0.106344,0.03679580027070661,39785091084.69882,39785091084.69882,0,1,FirmSize_lag,1.0
601186.SH,中国铁建,CSI,中央国有企业,工业,建筑,工业--建筑--建筑与工程Ⅲ--建筑与工程Ⅳ,2020,,,,,,,,,,1242790000000.0,,0.022541552,22392983000.0,5621495000.0,target_year,,,,,,,,,,SOE_target,0.028767,0.09646800000000001,27.70912892,0.175822099,0.179054819,0.830905085,0.061813243,0.052260934,0.757665491,1.097005706,0.029840757,True,Pooled_H_plus_CSI_nonSOE,0.14491016239800342,0.09646800000000001,0.048442162398003405,60203435006.614655,60203435006.614655,0,1,FirmSize_lag,1.0
601186.SH,中国铁建,CSI,中央国有企业,工业,建筑,工业--建筑--建筑与工程Ⅲ--建筑与工程Ⅳ,2021,,,,,,,,,,1352970000000.0,,0.022695834,24690556000.0,6016226000.0,target_year,,,,,,,,,,SOE_target,0.028597,0.094403,27.84838222,0.170216618,0.179498397,0.783401225,0.073337434,0.051226586,0.747633644,1.118425578,0.025256172,True,Pooled_H_plus_CSI_nonSOE,0.13994148835334938,0.094403,0.04553848835334938,61612208587.43111,61612208587.43111,0,1,FirmSize_lag,1.0
601186.SH,中国铁建,CSI,中央国有企业,工业,建筑,工业--建筑--建筑与工程Ⅲ--建筑与工程Ⅳ,2022,,,,,,,,,,1523950000000.0,,0.02151334,26642094000.0,6143183000.0,target_year,,,,,,,,,,SOE_target,0.027513,0.095274,27.9333233,0.166034342,0.17910201,0.785903995,0.056408052,0.052064362,0.743901938,1.091719883,0.024298731,True,Pooled_H_plus_CSI_nonSOE,0.14099041240824917,0.095274,0.04571641240824917,69669526689.55132,69669526689.55132,0,1,FirmSize_lag,1.0
601186.SH,中国铁建,CSI,中央国有企业,工业,建筑,工业--建筑--建筑与工程Ⅲ--建筑与工程Ⅳ,2023,,,,,,,,,,1663019578000.0,,0.020178,26096971000.0,7459090000.0,target_year,,,,,,,,,,SOE_target,0.026402000000000002,0.086943,28.052327,0.16047,0.173049,0.762143,0.049486,0.048347,0.746701,1.080689,0.019856,True,Pooled_H_plus_CSI_nonSOE,0.13819528061079228,0.086943,0.051252280610792275,85233546072.89735,85233546072.89735,0,1,FirmSize_lag,1.0
601186.SH,中国铁建,CSI,中央国有企业,工业,建筑,工业--建筑--建筑与工程Ⅲ--建筑与工程Ⅳ,2024,,,,,,,,,,1862842522000.0,,0.017098,22215074000.0,9635257000.0,target_year,,,,,,,,,,SOE_target,0.021749,0.06963,28.139656,0.154893,0.176169,0.714154,0.040108,0.047552,0.749179,1.06683,0.020998,True,Pooled_H_plus_CSI_nonSOE,0.13091972261088297,0.06963,0.061289722610882974,114173101441.13766,114173101441.13766,0,1,FirmSize_lag,1.0
601186.SH,中国铁建,CSI,中央国有企业,工业,建筑,工业--建筑--建筑与工程Ⅲ--建筑与工程Ⅳ,2025,,,,,,,,,,2083825209000.0,,0.015085,18362618000.0,13072638000.0,target_year,,,,,,,,,,SOE_target,0.018279,0.054934000000000004,28.253125,0.150621,0.174423,0.605339,0.01676,0.04286,0.773144,1.028057,0.020371,True,Pooled_H_plus_CSI_nonSOE,0.11391171675765471,0.054934000000000004,0.05897771675765471,122899252948.86263,122899252948.86263,0,1,FirmSize_lag,1.0
601225.SH,陕西煤业,CSI,地方国有企业,能源,煤炭Ⅱ,能源--煤炭Ⅱ--煤炭Ⅲ--煤炭与消费用燃料,2019,,,,,,,,,,126684000000.0,,0.098061525,11643397961.0,779381426.5,target_year,,,,,,,,,,SOE_target,0.161265,0.213801,25.51516149,0.104323389,0.3281903,0.481035865,0.023440984,0.436528856,0.449190309,1.098515116,0.036689981,True,Pooled_H_plus_CSI_nonSOE,0.1174456305347474,0.213801,-0.0963553694652526,-12206683625.33606,0.0,1,0,,1.0
601225.SH,陕西煤业,CSI,地方国有企业,能源,煤炭Ⅱ,能源--煤炭Ⅱ--煤炭Ⅲ--煤炭与消费用燃料,2020,,,,,,,,,,148912000000.0,,0.100237638,14882641695.0,43980183.04,target_year,,,,,,,,,,SOE_target,0.174229,0.231661,25.56495786,0.12915651,0.293470907,0.564600682,0.054510991,0.439341317,0.39873896,1.247457596,0.038178355,True,Pooled_H_plus_CSI_nonSOE,0.13944264612736387,0.231661,-0.09221835387263613,-13732419511.881992,0.0,1,0,,1.0
601225.SH,陕西煤业,CSI,地方国有企业,能源,煤炭Ⅱ,能源--煤炭Ⅱ--煤炭Ⅲ--煤炭与消费用燃料,2021,,,,,,,,,,185407000000.0,,0.113549493,21139687861.0,-86779774.34,target_year,,,,,,,,,,SOE_target,0.243413,0.271687,25.72662369,0.16038508,0.275297772,0.659401984,0.107688959,0.403718514,0.39783739,1.411395469,0.055749205,True,Pooled_H_plus_CSI_nonSOE,0.1535920865536016,0.271687,-0.11809491344639841,-21895623617.35639,0.0,1,0,,1.0
601225.SH,陕西煤业,CSI,地方国有企业,能源,煤炭Ⅱ,能源--煤炭Ⅱ--煤炭Ⅲ--煤炭与消费用燃料,2022,,,,,,,,,,215260000000.0,,0.16034107,35122944094.0,-607952085.2,target_year,,,,,,,,,,SOE_target,0.319782,0.37351300000000004,25.94582102,0.166631218,0.269530745,0.85877972,0.196678798,0.349646573,0.381809852,1.767717225,0.042977561,True,Pooled_H_plus_CSI_nonSOE,0.18201621123829498,0.37351300000000004,-0.19149678876170506,-41221598748.844635,0.0,1,0,,1.0
601225.SH,陕西煤业,CSI,地方国有企业,能源,煤炭Ⅱ,能源--煤炭Ⅱ--煤炭Ⅲ--煤炭与消费用燃料,2023,,,,,,,,,,193901834023.3,,0.107386,21239015394.53,-416754788.59,target_year,,,,,,,,,,SOE_target,0.20664000000000002,0.221275,26.095112,0.167115,0.250024,0.775475,0.145327,0.384026,0.359299,1.616833,0.047264,True,Pooled_H_plus_CSI_nonSOE,0.1767109632356359,0.221275,-0.0445640367643641,-8641048460.091967,0.0,1,0,,1.0
601225.SH,陕西煤业,CSI,地方国有企业,能源,煤炭Ⅱ,能源--煤炭Ⅱ--煤炭Ⅲ--煤炭与消费用燃料,2024,,,,,,,,,,228552861117.95,,0.099353,22359786564.16,347711903.42,target_year,,,,,,,,,,SOE_target,0.209174,0.24861799999999998,25.990618,0.185843,0.263234,0.780946,0.047082,0.456536,0.360052,1.221613,0.056212,True,Pooled_H_plus_CSI_nonSOE,0.18034873587864003,0.24861799999999998,-0.06826926412135995,-15603135641.353827,0.0,1,0,,1.0
601225.SH,陕西煤业,CSI,地方国有企业,能源,煤炭Ⅱ,能源--煤炭Ⅱ--煤炭Ⅲ--煤炭与消费用燃料,2025,,,,,,,,,,236269289914.48,,0.071676,16764763168.36,170032743.71,target_year,,,,,,,,,,SOE_target,0.13987,0.17881,26.155033,0.201894,0.263097,0.823164,-0.024704,0.483405,0.437124,0.902357,0.060788,True,Pooled_H_plus_CSI_nonSOE,0.17835915963712662,0.17881,-0.00045084036287337814,-106519732.40087955,0.0,1,0,,1.0
601238.SH,广汽集团,CSI,地方国有企业,可选消费,汽车与零配件,可选消费--汽车与零配件--汽车--汽车制造,2019,,,,,,,,,,137464000000.0,,0.051888271,6616265000.0,516481000.0,target_year,,,,,,,,,,SOE_target,0.04707,0.08439500000000001,25.60738325,0.048609696,0.376606004,0.574830016,0.196102639,0.12346167,0.410059095,1.643304855,0.074538305,True,Pooled_H_plus_CSI_nonSOE,0.11370792661190152,0.08439500000000001,0.029312926611901505,4029472143.7784286,4029472143.7784286,1,0,,1.0
601238.SH,广汽集团,CSI,地方国有企业,可选消费,汽车与零配件,可选消费--汽车与零配件--汽车--汽车制造,2020,,,,,,,,,,142861000000.0,,0.044824242,5964055000.0,439567000.0,target_year,,,,,,,,,,SOE_target,0.04066499999999999,0.072483,25.64662464,0.042562766,0.369422071,0.442849115,0.109771804,0.141097817,0.399780921,1.361212832,0.073478685,True,Pooled_H_plus_CSI_nonSOE,0.10179724736323241,0.072483,0.029314247363232404,4187862692.5587444,4187862692.5587444,1,0,,1.0
601238.SH,广汽集团,CSI,地方国有企业,可选消费,汽车与零配件,可选消费--汽车与零配件--汽车--汽车制造,2021,,,,,,,,,,154251000000.0,,0.051450993,7511030000.0,425316000.0,target_year,,,,,,,,,,SOE_target,0.050627000000000005,0.085993,25.68513578,0.047287381,0.324255792,0.450599529,0.098695612,0.140508983,0.393019667,1.331421417,0.046097755,True,Pooled_H_plus_CSI_nonSOE,0.11200311342006833,0.085993,0.02601011342006833,4012086005.15896,4012086005.15896,1,0,,1.0
601238.SH,广汽集团,CSI,地方国有企业,可选消费,汽车与零配件,可选消费--汽车与零配件--汽车--汽车制造,2022,,,,,,,,,,190075000000.0,,0.043845671,7982930000.0,351026000.0,target_year,,,,,,,,,,SOE_target,0.042034,0.078417,25.76184432,0.049781593,0.289774151,0.50941025,0.078178567,0.126259291,0.399361872,1.245439908,0.04047274,True,Pooled_H_plus_CSI_nonSOE,0.12369188338330626,0.078417,0.045274883383306264,8605623459.081938,8605623459.081938,1,0,,1.0
601238.SH,广汽集团,CSI,地方国有企业,可选消费,汽车与零配件,可选消费--汽车与零配件--汽车--汽车制造,2023,,,,,,,,,,218448770000.0,,0.022413,4428845000.0,467323000.0,target_year,,,,,,,,,,SOE_target,0.015753,0.038668999999999995,25.970683,0.061175,0.236564,0.638968,0.184684,0.109223,0.356557,1.619242,0.04216,True,Pooled_H_plus_CSI_nonSOE,0.1472224985286557,0.038668999999999995,0.10855349852865571,23713378232.78165,23713378232.78165,1,0,,1.0
601238.SH,广汽集团,CSI,地方国有企业,可选消费,汽车与零配件,可选消费--汽车与零配件--汽车--汽车制造,2024,,,,,,,,,,232512366000.0,,0.005963,823579000.0,562994000.0,target_year,,,,,,,,,,SOE_target,-0.003319,0.007156,26.109817,0.061643,0.222276,0.635,0.109483,0.114121,0.430284,1.309821,0.052994,True,Pooled_H_plus_CSI_nonSOE,0.1385107085993259,0.007156,0.1313547085993259,30541594081.66981,30541594081.66981,1,0,,1.0
601238.SH,广汽集团,CSI,地方国有企业,可选消费,汽车与零配件,可选消费--汽车与零配件--汽车--汽车制造,2025,,,,,,,,,,214997433000.0,,-0.037883,-8783621000.0,638948000.0,target_year,,,,,,,,,,SOE_target,-0.052878,-0.079962,26.172209,0.04632,0.204324,0.478018,0.087342,0.122127,0.476025,1.22371,0.046704,True,Pooled_H_plus_CSI_nonSOE,0.11240810766093937,-0.079962,0.19237010766093937,41359079333.0356,41359079333.0356,1,0,,1.0
601298.SH,青岛港,CSI,地方国有企业,工业,交通运输,工业--交通运输--交通基础设施--海港与服务,2019,,,,,,,,,,52785301395.0,,0.076096852,3790143318.0,226651944.0,target_year,,,,,,,,,,SOE_target,0.094567,0.132206,24.61029473,0.013480893,0.111099702,0.242543868,0.108784129,0.330942547,0.396717894,1.406157264,0.060536752,True,Pooled_H_plus_CSI_nonSOE,-0.0008958692990858885,0.132206,-0.13310186929908588,-7025822287.1901455,0.0,1,0,,1.0
601298.SH,青岛港,CSI,地方国有企业,工业,交通运输,工业--交通运输--交通基础设施--海港与服务,2020,,,,,,,,,,57177364980.0,,0.070826963,3841863143.0,207835967.0,target_year,,,,,,,,,,SOE_target,0.09688599999999999,0.12128299999999999,24.68949861,0.012569095,0.108646931,0.239565753,0.168973722,0.319254585,0.363509137,1.813336737,0.044035765,True,Pooled_H_plus_CSI_nonSOE,0.0025984190977047933,0.12128299999999999,-0.1186845809022952,-6786071599.74887,0.0,1,0,,1.0
601298.SH,青岛港,CSI,地方国有企业,工业,交通运输,工业--交通运输--交通基础设施--海港与服务,2021,,,,,,,,,,60575556128.0,,0.068009798,3964054012.0,155677343.0,target_year,,,,,,,,,,SOE_target,0.093518,0.116728,24.76942394,0.016617029,0.123286456,0.240434582,0.073048221,0.336444896,0.35742523,1.282351066,0.052256028,True,Pooled_H_plus_CSI_nonSOE,0.007741683996673673,0.116728,-0.10898631600332633,-6601906702.243439,0.0,1,0,,1.0
601298.SH,青岛港,CSI,地方国有企业,工业,交通运输,工业--交通运输--交通基础设施--海港与服务,2022,,,,,,,,,,57475910361.0,,0.081422004,4525175176.0,154628607.0,target_year,,,,,,,,,,SOE_target,0.107742,0.125138,24.82715728,0.014623468,0.15352339,0.273440036,0.072342317,0.350636445,0.359731403,1.270789891,0.039981503,True,Pooled_H_plus_CSI_nonSOE,0.01103270629069611,0.125138,-0.11410529370930389,-6558305632.951528,0.0,1,0,,1.0
601298.SH,青岛港,CSI,地方国有企业,工业,交通运输,工业--交通运输--交通基础设施--海港与服务,2023,,,,,,,,,,60245860643.0,,0.084406,4923321689.0,161761849.0,target_year,,,,,,,,,,SOE_target,0.11590500000000001,0.126764,24.774632,0.016404,0.180808,0.326345,0.090309,0.429321,0.28184,1.597515,0.051444,True,Pooled_H_plus_CSI_nonSOE,0.02114648386570718,0.126764,-0.10561751613429281,-6363018158.486408,0.0,1,0,,1.0
601298.SH,青岛港,CSI,地方国有企业,工业,交通运输,工业--交通运输--交通基础设施--海港与服务,2024,,,,,,,,,,62749753460.0,,0.0854,5234897470.0,123906331.0,target_year,,,,,,,,,,SOE_target,0.11468600000000001,0.1265,24.8217,0.014951,0.114556,0.308747,0.103533,0.42303,0.260718,1.729182,0.045052,True,Pooled_H_plus_CSI_nonSOE,0.026303656214249446,0.1265,-0.10019634378575056,-6287295870.14925,0.0,1,0,,1.0
601298.SH,青岛港,CSI,地方国有企业,工业,交通运输,工业--交通运输--交通基础设施--海港与服务,2025,,,,,,,,,,66578767145.0,,0.081146,5271506093.0,131117644.0,target_year,,,,,,,,,,SOE_target,0.110008,0.119534,24.86242,0.013636,0.116886,0.307995,0.131168,0.411668,0.254306,1.979535,0.033242,True,Pooled_H_plus_CSI_nonSOE,0.026625532527854073,0.119534,-0.09290846747214593,-6185731221.62681,0.0,1,0,,1.0
601390.SH,中国中铁,CSI,中央国有企业,工业,建筑,工业--建筑--建筑与工程Ⅲ--建筑与工程Ⅳ,2019,,,,,,,,,,1056040000000.0,,0.030053757,23678000000.0,8060000000.0,target_year,,,,,,,,,,SOE_target,0.039075,0.114683,27.57181555,0.181962771,0.178025019,0.828894418,0.031368268,0.068632475,0.764479641,1.047495883,0.020089909,True,Pooled_H_plus_CSI_nonSOE,0.1464031930898339,0.114683,0.03172019308983391,33497792710.588203,33497792710.588203,0,1,FirmSize_lag,1.0
601390.SH,中国中铁,CSI,中央国有企业,工业,建筑,工业--建筑--建筑与工程Ⅲ--建筑与工程Ⅳ,2020,,,,,,,,,,1199980000000.0,,0.02854638,25188000000.0,9067000000.0,target_year,,,,,,,,,,SOE_target,0.035775,0.105719,27.68554813,0.180139218,0.179054819,0.851458605,0.031945729,0.062643401,0.767690838,1.049902816,0.018613861,True,Pooled_H_plus_CSI_nonSOE,0.14885599829994892,0.105719,0.04313699829994892,51763535219.97271,51763535219.97271,0,1,FirmSize_lag,1.0
601390.SH,中国中铁,CSI,中央国有企业,工业,建筑,工业--建筑--建筑与工程Ⅲ--建筑与工程Ⅳ,2021,,,,,,,,,,1361580000000.0,,0.028494837,27618000000.0,11180000000.0,target_year,,,,,,,,,,SOE_target,0.034908999999999996,0.104156,27.81332351,0.182259773,0.179498397,0.864117219,0.030802257,0.061987855,0.739123333,1.052417588,0.035895688,True,Pooled_H_plus_CSI_nonSOE,0.15260313991080676,0.104156,0.048447139910806764,65964656759.75627,65964656759.75627,0,1,FirmSize_lag,1.0
601390.SH,中国中铁,CSI,中央国有企业,工业,建筑,工业--建筑--建筑与工程Ⅲ--建筑与工程Ⅳ,2022,,,,,,,,,,1613020000000.0,,0.026974884,31276000000.0,12235000000.0,target_year,,,,,,,,,,SOE_target,0.032713,0.108559,27.93966691,0.174704149,0.17910201,0.837984085,0.009693151,0.056822221,0.736927687,1.016751707,0.040920842,True,Pooled_H_plus_CSI_nonSOE,0.14878295131881614,0.108559,0.040223951318816134,64882037956.2768,64882037956.2768,0,1,FirmSize_lag,1.0
601390.SH,中国中铁,CSI,中央国有企业,工业,建筑,工业--建筑--建筑与工程Ⅲ--建筑与工程Ⅳ,2023,,,,,,,,,,1829290000000.0,,0.026783,33483000000.0,15511000000.0,target_year,,,,,,,,,,SOE_target,0.031595,0.105713,28.109129,0.168965,0.173049,0.776138,0.015749,0.07331,0.737815,1.029086,0.038164,True,Pooled_H_plus_CSI_nonSOE,0.14008889233229077,0.105713,0.03437589233229077,62883476084.53618,62883476084.53618,0,1,FirmSize_lag,1.0
601390.SH,中国中铁,CSI,中央国有企业,工业,建筑,工业--建筑--建筑与工程Ⅲ--建筑与工程Ⅳ,2024,,,,,,,,,,2256266000000.0,,0.017582,27887000000.0,11783000000.0,target_year,,,,,,,,,,SOE_target,0.021793999999999997,0.08119,28.234949,0.171964,0.176169,0.734049,-0.002704,0.07456,0.748671,0.995106,0.031069,True,Pooled_H_plus_CSI_nonSOE,0.1348703047800311,0.08119,0.05368030478003109,121117046544.82164,121117046544.82164,0,1,FirmSize_lag,1.0
601390.SH,中国中铁,CSI,中央国有企业,工业,建筑,工业--建筑--建筑与工程Ⅲ--建筑与工程Ⅳ,2025,,,,,,,,,,2470432000000.0,,0.014446,22892000000.0,12796000000.0,target_year,,,,,,,,,,SOE_target,0.016576,0.063108,28.444732,0.163766,0.174423,0.568006,-0.005365,0.064425,0.773966,0.990516,0.025456,True,Pooled_H_plus_CSI_nonSOE,0.11005443162627693,0.063108,0.04694643162627693,115977966975.36656,115977966975.36656,0,1,FirmSize_lag,1.0
601600.SH,中国铝业,CSI,中央国有企业,材料,有色金属,材料--有色金属--其他金属与采矿--铝,2019,,,,,,,,,,203071000000.0,,0.028138373,850999000.0,4863079000.0,target_year,,,,,,,,,,SOE_target,0.033251,0.015895,26.02595421,0.229574015,0.167062795,0.898902434,-0.078920896,0.528651052,0.663129674,0.787911317,0.034110686,True,Pooled_H_plus_CSI_nonSOE,0.23268474758234103,0.015895,0.21678974758234104,44023710831.29358,44023710831.29358,1,0,,1.0
601600.SH,中国铝业,CSI,中央国有企业,材料,有色金属,材料--有色金属--其他金属与采矿--铝,2020,,,,,,,,,,194902000000.0,,0.023620612,741004000.0,3862693000.0,target_year,,,,,,,,,,SOE_target,0.029102000000000003,0.013597,26.03681985,0.205405763,0.15478921,0.941085169,-0.10073329,0.508844823,0.651721925,0.704264039,0.044552565,True,Pooled_H_plus_CSI_nonSOE,0.2376635292189577,0.013597,0.2240665292189577,43671014677.83329,43671014677.83329,1,0,,1.0
601600.SH,中国铝业,CSI,中央国有企业,材料,有色金属,材料--有色金属--其他金属与采矿--铝,2021,,,,,,,,,,192377000000.0,,0.044704308,5079562000.0,3520514000.0,target_year,,,,,,,,,,SOE_target,0.06932100000000001,0.091034,25.99576108,0.167808698,0.159708925,0.934709429,-0.084265737,0.51635343,0.634832729,0.737757281,0.025853527,True,Pooled_H_plus_CSI_nonSOE,0.23620192641366022,0.091034,0.14516792641366022,27926970179.680714,27926970179.680714,1,0,,1.0
601600.SH,中国铝业,CSI,中央国有企业,材料,有色金属,材料--有色金属--其他金属与采矿--铝,2022,,,,,,,,,,212348000000.0,,0.03776659,4191927000.0,3827734000.0,target_year,,,,,,,,,,SOE_target,0.081831,0.075079,25.98272229,0.180693598,0.168216562,1.393044931,-0.01802061,0.485645784,0.621661966,0.933562737,0.011100876,True,Pooled_H_plus_CSI_nonSOE,0.29810270377099507,0.075079,0.22302370377099506,47358637448.36326,47358637448.36326,1,0,,1.0
601600.SH,中国铝业,CSI,中央国有企业,材料,有色金属,材料--有色金属--其他金属与采矿--铝,2023,,,,,,,,,,211755809000.0,,0.047425,6716945000.0,3325573000.0,target_year,,,,,,,,,,SOE_target,0.084984,0.116958,26.081492,0.169857,0.153058,1.437954,-0.036877,0.514612,0.586735,0.874439,0.022375,True,Pooled_H_plus_CSI_nonSOE,0.3071067315741314,0.116958,0.19014873157413137,40265098484.80403,40265098484.80403,1,0,,1.0
601600.SH,中国铝业,CSI,中央国有企业,材料,有色金属,材料--有色金属--其他金属与采矿--铝,2024,,,,,,,,,,215895530000.0,,0.070221,12400160000.0,2760298000.0,target_year,,,,,,,,,,SOE_target,0.115569,0.19128799999999999,26.0787,0.12989,0.159476,1.061395,-0.001253,0.494956,0.533004,0.995482,0.031685,True,Pooled_H_plus_CSI_nonSOE,0.259307539972832,0.19128799999999999,0.06801953997283203,14685114632.790756,14685114632.790756,1,0,,1.0
601600.SH,中国铝业,CSI,中央国有企业,材料,有色金属,材料--有色金属--其他金属与采矿--铝,2025,,,,,,,,,,227021733000.0,,0.066142,12673918000.0,2341729000.0,target_year,,,,,,,,,,SOE_target,0.1257,0.17588499999999999,26.09806,0.132426,0.15747,1.108686,0.059533,0.492976,0.481042,1.278215,0.047985,True,Pooled_H_plus_CSI_nonSOE,0.26807729992892626,0.17588499999999999,0.09219229992892627,20929655699.12062,20929655699.12062,1,0,,1.0
601607.SH,上海医药,CSI,地方国有企业,医疗保健,医药生物,医疗保健--医药生物--制药--西药,2019,,,,,,,,,,137026000000.0,,0.040037592,4080994000.0,1405213000.0,target_year,,,,,,,,,,SOE_target,0.056336000000000004,0.101174,25.56650233,0.502594113,0.277672488,1.438221312,0.19363372,0.086756652,0.634035975,1.357563694,0.01531411,True,Pooled_H_plus_CSI_nonSOE,0.22462476314273372,0.101174,0.12345076314273372,16915964270.39623,16915964270.39623,1,0,,1.0
601607.SH,上海医药,CSI,地方国有企业,医疗保健,医药生物,医疗保健--医药生物--制药--西药,2020,,,,,,,,,,149186000000.0,,0.039602396,4496216959.0,1411892516.0,target_year,,,,,,,,,,SOE_target,0.057992,0.103345,25.64343942,0.501901176,0.276190471,1.413882127,0.171382593,0.086848347,0.639588215,1.314765861,0.020091932,True,Pooled_H_plus_CSI_nonSOE,0.22109222025652966,0.103345,0.11774722025652966,17566236801.19063,17566236801.19063,1,0,,1.0
601607.SH,上海医药,CSI,地方国有企业,医疗保健,医药生物,医疗保健--医药生物--制药--西药,2021,,,,,,,,,,163436000000.0,,0.040454463,5093467261.0,1518228463.0,target_year,,,,,,,,,,SOE_target,0.05965,0.107555,25.72845738,0.479965502,0.256105921,1.341027781,0.130239979,0.081964446,0.633069751,1.220461562,0.02017601,True,Pooled_H_plus_CSI_nonSOE,0.21608578631651545,0.107555,0.10853078631651546,17737837592.42602,17737837592.42602,1,0,,1.0
601607.SH,上海医药,CSI,地方国有企业,医疗保健,医药生物,医疗保健--医药生物--制药--西药,2022,,,,,,,,,,198135000000.0,,0.036876042,5617152003.0,1689278923.0,target_year,,,,,,,,,,SOE_target,0.055642,0.096496,25.81968431,0.450773824,0.230275265,1.380739908,0.150947055,0.081978808,0.638596224,1.268666382,0.025201203,True,Pooled_H_plus_CSI_nonSOE,0.22075712561940797,0.096496,0.12426112561940797,24620478124.6014,24620478124.6014,1,0,,1.0
601607.SH,上海医药,CSI,地方国有企业,医疗保健,医药生物,医疗保健--医药生物--制药--西药,2023,,,,,,,,,,211972533766.8,,0.026668,3767999581.18,1884984092.73,target_year,,,,,,,,,,SOE_target,0.041343,0.05558,26.012214,0.428444,0.212266,1.283187,0.195936,0.072257,0.606316,1.350722,0.013551,True,Pooled_H_plus_CSI_nonSOE,0.21492858650955343,0.05558,0.15934858650955344,33777523634.588165,33777523634.588165,1,0,,1.0
601607.SH,上海医药,CSI,地方国有企业,医疗保健,医药生物,医疗保健--医药生物--制药--西药,2024,,,,,,,,,,221209430148.17,,0.028974,4552528438.69,1856737428.35,target_year,,,,,,,,,,SOE_target,0.043189000000000005,0.064943,26.079723,0.433857,0.216978,1.2694,0.188996,0.074183,0.621054,1.327379,0.014014,True,Pooled_H_plus_CSI_nonSOE,0.21078509078982322,0.064943,0.14584209078982321,32261645795.234467,32261645795.234467,1,0,,1.0
601607.SH,上海医药,CSI,地方国有企业,医疗保健,医药生物,医疗保健--医药生物--制药--西药,2025,,,,,,,,,,233148766767.21,,0.031784,5724557508.41,1685890506.64,target_year,,,,,,,,,,SOE_target,0.048863000000000004,0.077586,26.122376,0.454225,0.230555,1.270833,0.206975,0.07712,0.621434,1.36326,0.010853,True,Pooled_H_plus_CSI_nonSOE,0.20975442544644118,0.077586,0.1321684254464412,30814905398.4017,30814905398.4017,1,0,,1.0
601618.SH,中国中冶,CSI,中央国有企业,工业,建筑,工业--建筑--建筑与工程Ⅲ--建筑与工程Ⅳ,2019,,,,,,,,,,458506000000.0,,0.023484279,6599712000.0,4167976000.0,target_year,,,,,,,,,,SOE_target,0.025755,0.072567,26.80757353,0.071158446,0.178025019,0.678479116,0.096500586,0.070059014,0.766083987,1.142580396,0.012747792,True,Pooled_H_plus_CSI_nonSOE,0.11162259615524192,0.072567,0.039055596155241915,17907225170.75535,17907225170.75535,0,1,FirmSize_lag,1.0
601618.SH,中国中冶,CSI,中央国有企业,工业,建筑,工业--建筑--建筑与工程Ⅲ--建筑与工程Ⅳ,2020,,,,,,,,,,506393000000.0,,0.020525204,7862185000.0,2531634000.0,target_year,,,,,,,,,,SOE_target,0.026345999999999998,0.080291,26.85123968,0.071695852,0.179054819,0.75468974,0.090538407,0.066624521,0.74502961,1.135695417,0.008963835,True,Pooled_H_plus_CSI_nonSOE,0.12543307565589018,0.080291,0.04514207565589018,22859631117.613197,22859631117.613197,0,1,FirmSize_lag,1.0
601618.SH,中国中冶,CSI,中央国有企业,工业,建筑,工业--建筑--建筑与工程Ⅲ--建筑与工程Ⅳ,2021,,,,,,,,,,543470000000.0,,0.019399573,8374970000.0,2168119000.0,target_year,,,,,,,,,,SOE_target,0.025741,0.081553,26.95057881,0.074815232,0.179498397,0.829339755,0.113473741,0.058452096,0.72283322,1.173188123,0.007391542,True,Pooled_H_plus_CSI_nonSOE,0.13847556643629869,0.081553,0.056922566436298686,30935707181.135246,30935707181.135246,0,1,FirmSize_lag,1.0
601618.SH,中国中冶,CSI,中央国有企业,工业,建筑,工业--建筑--建筑与工程Ⅲ--建筑与工程Ⅳ,2022,,,,,,,,,,585384000000.0,,0.022109459,10272357000.0,2670175000.0,target_year,,,,,,,,,,SOE_target,0.027708,0.08987099999999999,27.02124061,0.081481622,0.17910201,0.953594125,0.098305267,0.054275288,0.721442365,1.148864632,0.006534642,True,Pooled_H_plus_CSI_nonSOE,0.1561913295495383,0.08987099999999999,0.0663203295495383,38822859793.02693,38822859793.02693,0,1,FirmSize_lag,1.0
601618.SH,中国中冶,CSI,中央国有企业,工业,建筑,工业--建筑--建筑与工程Ⅲ--建筑与工程Ⅳ,2023,,,,,,,,,,661602236000.0,,0.017156,8670405000.0,2679906000.0,target_year,,,,,,,,,,SOE_target,0.023165,0.065047,27.095535,0.086751,0.173049,1.050036,0.089447,0.050375,0.723414,1.135705,0.007369,True,Pooled_H_plus_CSI_nonSOE,0.16955503281793793,0.065047,0.10450803281793794,69142748192.30913,69142748192.30913,0,1,FirmSize_lag,1.0
601618.SH,中国中冶,CSI,中央国有企业,工业,建筑,工业--建筑--建筑与工程Ⅲ--建筑与工程Ⅳ,2024,,,,,,,,,,808015755000.0,,0.012548,6745954000.0,3392681000.0,target_year,,,,,,,,,,SOE_target,0.013515999999999999,0.045195,27.21793,0.086276,0.176169,1.016643,0.053379,0.047697,0.746084,1.078686,0.006946,True,Pooled_H_plus_CSI_nonSOE,0.16285909583455607,0.045195,0.11766409583455607,95074443232.15118,95074443232.15118,0,1,FirmSize_lag,1.0
601618.SH,中国中冶,CSI,中央国有企业,工业,建筑,工业--建筑--建筑与工程Ⅲ--建筑与工程Ⅳ,2025,,,,,,,,,,839488682000.0,,0.005927,1321768000.0,3654143000.0,target_year,,,,,,,,,,SOE_target,0.006326000000000001,0.008561,27.417847,0.077913,0.174423,0.751249,0.032347,0.040738,0.774341,1.045565,0.008493,True,Pooled_H_plus_CSI_nonSOE,0.12433021674319598,0.008561,0.11576921674319599,97186947179.91792,97186947179.91792,0,1,FirmSize_lag,1.0
601668.SH,中国建筑,CSI,中央国有企业,工业,建筑,工业--建筑--建筑与工程Ⅲ--建筑与工程Ⅳ,2019,,,,,,,,,,2034450000000.0,,0.025735582,41881399000.0,10476405000.0,target_year,,,,,,,,,,SOE_target,0.045323,0.16072399999999998,28.25258652,0.290775892,0.178025019,0.693343498,0.158678508,0.023618232,0.769440883,1.27699336,0.010003014,True,Pooled_H_plus_CSI_nonSOE,0.14084289846257153,0.16072399999999998,-0.019881101537428447,-40447107022.821304,0.0,0,1,FirmSize_lag,1.0
601668.SH,中国建筑,CSI,中央国有企业,工业,建筑,工业--建筑--建筑与工程Ⅲ--建筑与工程Ⅳ,2020,,,,,,,,,,2192170000000.0,,0.0240592,44944250000.0,7797699000.0,target_year,,,,,,,,,,SOE_target,0.044617000000000004,0.155619,28.34124758,0.296959904,0.179054819,0.719975045,0.155215417,0.023416778,0.753331444,1.275613753,0.010045355,True,Pooled_H_plus_CSI_nonSOE,0.14753661798358586,0.155619,-0.008082382016414147,-17717955384.9226,0.0,0,1,FirmSize_lag,1.0
601668.SH,中国建筑,CSI,中央国有企业,工业,建筑,工业--建筑--建筑与工程Ⅲ--建筑与工程Ⅳ,2021,,,,,,,,,,2388250000000.0,,0.026183115,51407661000.0,11124140000.0,target_year,,,,,,,,,,SOE_target,0.044051,0.15957100000000002,28.41591479,0.299012106,0.179498397,0.756692397,0.174080774,0.022835803,0.736747565,1.319072419,0.022579294,True,Pooled_H_plus_CSI_nonSOE,0.1524715583958493,0.15957100000000002,-0.007099441604150714,-16955241411.112942,0.0,0,1,FirmSize_lag,1.0
601668.SH,中国建筑,CSI,中央国有企业,工业,建筑,工业--建筑--建筑与工程Ⅲ--建筑与工程Ⅳ,2022,,,,,,,,,,2652900000000.0,,0.026621424,50950301000.0,19673762000.0,target_year,,,,,,,,,,SOE_target,0.035244,0.139931,28.50158163,0.305461088,0.17910201,0.81938288,0.183999738,0.019747785,0.732145905,1.344759921,0.013029666,True,Pooled_H_plus_CSI_nonSOE,0.16313824058454382,0.139931,0.02320724058454382,61566488546.7363,61566488546.7363,0,1,FirmSize_lag,1.0
601668.SH,中国建筑,CSI,中央国有企业,工业,建筑,工业--建筑--建筑与工程Ⅲ--建筑与工程Ⅳ,2023,,,,,,,,,,2903322519000.0,,0.025089,54264173000.0,18577073000.0,target_year,,,,,,,,,,SOE_target,0.033474,0.133667,28.606676,0.299083,0.173049,0.810647,0.167924,0.020296,0.743531,1.31168,0.009781,True,Pooled_H_plus_CSI_nonSOE,0.16088569555326637,0.133667,0.027218695553266364,79024651737.6034,79024651737.6034,0,1,FirmSize_lag,1.0
601668.SH,中国建筑,CSI,中央国有企业,工业,建筑,工业--建筑--建筑与工程Ⅲ--建筑与工程Ⅳ,2024,,,,,,,,,,3189262063000.0,,0.020584,46187099000.0,19462089000.0,target_year,,,,,,,,,,SOE_target,0.032662,0.103815,28.696877,0.306415,0.176169,0.810341,0.157933,0.019567,0.748195,1.288305,0.01173,True,Pooled_H_plus_CSI_nonSOE,0.1609905817639059,0.103815,0.0571755817639059,182347913849.5797,182347913849.5797,0,1,FirmSize_lag,1.0
601668.SH,中国建筑,CSI,中央国有企业,工业,建筑,工业--建筑--建筑与工程Ⅲ--建筑与工程Ⅳ,2025,,,,,,,,,,3560679818000.0,,0.015927,39069002000.0,17641773000.0,target_year,,,,,,,,,,SOE_target,0.026034,0.081928,28.790811,0.307315,0.174423,0.714762,0.162218,0.018002,0.758107,1.293695,0.00621,True,Pooled_H_plus_CSI_nonSOE,0.14821956957503382,0.081928,0.06629156957503382,236043053889.36575,236043053889.36575,0,1,FirmSize_lag,1.0
601669.SH,中国电建,CSI,中央国有企业,工业,建筑,工业--建筑--建筑与工程Ⅲ--建筑与工程Ⅳ,2019,,,,,,,,,,813228000000.0,,0.021953092,7239365377.0,10613495264.0,target_year,,,,,,,,,,SOE_target,0.027473,0.074761,27.29310223,0.071786436,0.178025019,0.453133935,-0.01854785,0.153011793,0.799690811,0.96258388,0.081485557,True,Pooled_H_plus_CSI_nonSOE,0.06888932119310466,0.074761,-0.0058716788068953335,-4775013612.773878,0.0,0,1,FirmSize_lag,1.0
601669.SH,中国电建,CSI,中央国有企业,工业,建筑,工业--建筑--建筑与工程Ⅲ--建筑与工程Ⅳ,2020,,,,,,,,,,886543000000.0,,0.019807332,7987168431.0,9572891922.0,target_year,,,,,,,,,,SOE_target,0.019069,0.07081900000000001,27.42427689,0.073061092,0.179054819,0.452132758,0.02210958,0.139392719,0.762094823,1.050965733,0.096349335,True,Pooled_H_plus_CSI_nonSOE,0.07136859363253692,0.07081900000000001,0.0005495936325369127,487238387.77017224,487238387.77017224,0,1,FirmSize_lag,1.0
601669.SH,中国电建,CSI,中央国有企业,工业,建筑,工业--建筑--建筑与工程Ⅲ--建筑与工程Ⅳ,2021,,,,,,,,,,963977000000.0,,0.01708308,8632095909.0,7835606959.0,target_year,,,,,,,,,,SOE_target,0.018102,0.07104,27.51059596,0.074592774,0.179498397,0.469386636,0.038978898,0.129357962,0.747435571,1.090530936,0.080311614,True,Pooled_H_plus_CSI_nonSOE,0.07800875062807734,0.07104,0.006968750628077336,6717715324.202106,6717715324.202106,0,1,FirmSize_lag,1.0
601669.SH,中国电建,CSI,中央国有企业,工业,建筑,工业--建筑--建筑与工程Ⅲ--建筑与工程Ⅳ,2022,,,,,,,,,,1040080000000.0,,0.01794748,11435443832.0,7231337452.0,target_year,,,,,,,,,,SOE_target,0.019208,0.082608,27.59433366,0.072680712,0.17910201,0.48257162,0.016143212,0.126515766,0.750894566,1.038058291,0.044033759,True,Pooled_H_plus_CSI_nonSOE,0.08522221458460258,0.082608,0.0026142145846025783,2718992305.1534495,2718992305.1534495,0,1,FirmSize_lag,1.0
601669.SH,中国电建,CSI,中央国有企业,工业,建筑,工业--建筑--建筑与工程Ⅲ--建筑与工程Ⅳ,2023,,,,,,,,,,1153774735013.99,,0.020264,12988385293.6,10391264452.69,target_year,,,,,,,,,,SOE_target,0.019068,0.08314,27.670317,0.083366,0.173049,0.568392,-0.054595,0.145382,0.768917,0.87983,0.055525,True,Pooled_H_plus_CSI_nonSOE,0.09557921969265173,0.08314,0.012439219692651729,14352057404.670055,14352057404.670055,0,1,FirmSize_lag,1.0
601669.SH,中国电建,CSI,中央国有企业,工业,建筑,工业--建筑--建筑与工程Ⅲ--建筑与工程Ⅳ,2024,,,,,,,,,,1289001336534.82,,0.017271,12015017079.83,10246725711.28,target_year,,,,,,,,,,SOE_target,0.024380000000000002,0.073681,27.77406,0.082524,0.176169,0.552729,-0.074919,0.159919,0.774956,0.84115,0.063848,True,Pooled_H_plus_CSI_nonSOE,0.09138706753238857,0.073681,0.01770606753238857,22823144714.02465,22823144714.02465,0,1,FirmSize_lag,1.0
601669.SH,中国电建,CSI,中央国有企业,工业,建筑,工业--建筑--建筑与工程Ⅲ--建筑与工程Ⅳ,2025,,,,,,,,,,1380267054189.34,,0.015796,10007143581.45,11795542225.98,target_year,,,,,,,,,,SOE_target,0.021762,0.060095,27.884889,0.089088,0.174423,0.516793,-0.055059,0.170322,0.789312,0.882455,0.045842,True,Pooled_H_plus_CSI_nonSOE,0.08715196545325746,0.060095,0.027056965453257455,37345838001.47041,37345838001.47041,0,1,FirmSize_lag,1.0
601698.SH,中国卫通,CSI,中央国有企业,通讯服务,电信服务,通讯服务--电信服务--多元电信服务--非传统电信运营商,2019,,,,,,,,,,18157405439.0,,0.024849346,446422541.2,4777116.63,target_year,,,,,,,,,,SOE_target,0.043070000000000004,0.042381,23.56516666,0.001994058,0.376451505,0.157733546,0.037744231,0.655058428,0.210461411,1.262196336,0.065116144,True,Pooled_H_plus_CSI_nonSOE,0.0912243550628821,0.042381,0.04884335506288209,886868600.8777835,886868600.8777835,1,0,,1.0
601698.SH,中国卫通,CSI,中央国有企业,通讯服务,电信服务,通讯服务--电信服务--多元电信服务--非传统电信运营商,2020,,,,,,,,,,18289285775.0,,0.02517721,488789159.5,-28315974.82,target_year,,,,,,,,,,SOE_target,0.040647,0.042714,23.62234433,0.002022361,0.377325617,0.153756745,0.201421555,0.526406664,0.156816488,2.94769589,0.104425995,True,Pooled_H_plus_CSI_nonSOE,0.07875208426801363,0.042714,0.03603808426801362,659110821.9612329,659110821.9612329,1,0,,1.0
601698.SH,中国卫通,CSI,中央国有企业,通讯服务,电信服务,通讯服务--电信服务--多元电信服务--非传统电信运营商,2021,,,,,,,,,,19108303143.0,,0.027076187,572304982.5,-54924998.8,target_year,,,,,,,,,,SOE_target,0.045194,0.048521999999999996,23.62958125,0.001926959,0.375629725,0.14744811,0.236037739,0.504704231,0.15672958,3.423905895,0.074944516,True,Pooled_H_plus_CSI_nonSOE,0.07956821934086378,0.048521999999999996,0.03104621934086378,593240570.6092948,593240570.6092948,1,0,,1.0
601698.SH,中国卫通,CSI,中央国有企业,通讯服务,电信服务,通讯服务--电信服务--多元电信服务--非传统电信运营商,2022,,,,,,,,,,22428111563.0,,0.037206934,920731173.8,-86249910.71,target_year,,,,,,,,,,SOE_target,0.044083,0.06791900000000001,23.6733888,0.001718411,0.374126853,0.139687335,0.232013654,0.484045143,0.174437198,3.049275176,0.070971637,True,Pooled_H_plus_CSI_nonSOE,0.08117506928409447,0.06791900000000001,0.013256069284094465,297308600.79052824,297308600.79052824,1,0,,1.0
601698.SH,中国卫通,CSI,中央国有企业,通讯服务,电信服务,通讯服务--电信服务--多元电信服务--非传统电信运营商,2023,,,,,,,,,,22655663962.77,,0.0088,348770555.15,-149399701.62,target_year,,,,,,,,,,SOE_target,0.027014,0.022941,23.833581,0.001644,0.373379,0.130568,0.278289,0.472996,0.143892,4.389044,0.106807,True,Pooled_H_plus_CSI_nonSOE,0.07045923470175737,0.022941,0.04751823470175737,1076557157.5070512,1076557157.5070512,1,0,,1.0
601698.SH,中国卫通,CSI,中央国有企业,通讯服务,电信服务,通讯服务--电信服务--多元电信服务--非传统电信运营商,2024,,,,,,,,,,22412943899.49,,0.010881,454492823.77,-210622634.37,target_year,,,,,,,,,,SOE_target,0.019974000000000002,0.029298,23.843676,0.001484,0.374249,0.11526,0.270497,0.48634,0.140534,4.284335,0.072722,True,Pooled_H_plus_CSI_nonSOE,0.07648193521425373,0.029298,0.04718393521425372,1057530892.9142394,1057530892.9142394,1,0,,1.0
601698.SH,中国卫通,CSI,中央国有企业,通讯服务,电信服务,通讯服务--电信服务--多元电信服务--非传统电信运营商,2025,,,,,,,,,,22406144635.9,,0.01243,441236300.09,-162717818.39,target_year,,,,,,,,,,SOE_target,0.020058,0.027825000000000003,23.832904,0.001396,0.373264,0.112123,0.325021,0.483047,0.105243,5.843483,0.063943,True,Pooled_H_plus_CSI_nonSOE,0.0704093039338489,0.027825000000000003,0.04258430393384889,954150073.1609436,954150073.1609436,1,0,,1.0
601728.SH,中国电信,CSI,中央国有企业,通讯服务,电信服务,通讯服务--电信服务--多元电信服务--综合电信业务,2019,,,,,,,,,,703131000000.0,,0.034996324,20517000000.0,4090000000.0,target_year,,,,,,,,,,SOE_target,0.044832000000000004,0.058993000000000004,27.22061683,0.281395769,0.376451505,0.56942599,-0.280253308,0.715182203,0.481295845,0.281959679,0.126405299,True,Pooled_H_plus_CSI_nonSOE,0.14458944935482787,0.058993000000000004,0.08559644935482787,60185517031.30947,60185517031.30947,0,3,"FirmSize_lag, FixedAssetsRatio_lag, CurrentRatio_lag",1.0
601728.SH,中国电信,CSI,中央国有企业,通讯服务,电信服务,通讯服务--电信服务--多元电信服务--综合电信业务,2020,,,,,,,,,,715096000000.0,,0.033957678,20850000000.0,3433000000.0,target_year,,,,,,,,,,SOE_target,0.042642,0.058243,27.27880906,0.279955898,0.377325617,0.549916466,-0.272323365,0.667320883,0.495058531,0.276512218,0.118275257,True,Pooled_H_plus_CSI_nonSOE,0.14093025300540207,0.058243,0.08268725300540207,59129323875.151,59129323875.151,0,2,"FirmSize_lag, CurrentRatio_lag",1.0
601728.SH,中国电信,CSI,中央国有企业,通讯服务,电信服务,通讯服务--电信服务--多元电信服务--综合电信业务,2021,,,,,,,,,,762234000000.0,,0.037195927,25948000000.0,2404000000.0,target_year,,,,,,,,,,SOE_target,0.047605,0.065514,27.29568264,0.282239071,0.375629725,0.555004241,-0.261679551,0.653101122,0.487935886,0.309859778,0.124414065,True,Pooled_H_plus_CSI_nonSOE,0.1421804140388705,0.065514,0.07666641403887049,58437747438.50441,58437747438.50441,0,2,"FirmSize_lag, CurrentRatio_lag",1.0
601728.SH,中国电信,CSI,中央国有企业,通讯服务,电信服务,通讯服务--电信服务--多元电信服务--综合电信业务,2022,,,,,,,,,,807698000000.0,,0.036491362,27593000000.0,1881000000.0,target_year,,,,,,,,,,SOE_target,0.045591,0.064113,27.35951943,0.289178875,0.374126853,0.595062714,-0.180668928,0.613246064,0.434336437,0.48047323,0.111313586,True,Pooled_H_plus_CSI_nonSOE,0.15846545935176026,0.064113,0.09435245935176026,76208292713.49806,76208292713.49806,0,1,FirmSize_lag,1.0
601728.SH,中国电信,CSI,中央国有企业,通讯服务,电信服务,通讯服务--电信服务--多元电信服务--综合电信业务,2023,,,,,,,,,,835814000000.0,,0.039472,30446000000.0,2545000000.0,target_year,,,,,,,,,,SOE_target,0.047923,0.06959,27.417454,0.291828,0.373379,0.613336,-0.174155,0.584879,0.459666,0.500722,0.111063,True,Pooled_H_plus_CSI_nonSOE,0.15732530261631786,0.06959,0.08773530261631786,73330394220.9551,73330394220.9551,0,1,FirmSize_lag,1.0
601728.SH,中国电信,CSI,中央国有企业,通讯服务,电信服务,通讯服务--电信服务--多元电信服务--综合电信业务,2024,,,,,,,,,,866625000000.0,,0.040852,33012000000.0,2391000000.0,target_year,,,,,,,,,,SOE_target,0.049718,0.07374399999999999,27.451672,0.293337,0.374249,0.624943,-0.162205,0.5769,0.464992,0.553207,0.107519,True,Pooled_H_plus_CSI_nonSOE,0.15864535183191705,0.07374399999999999,0.08490135183191706,73577634031.33513,73577634031.33513,0,1,FirmSize_lag,1.0
601728.SH,中国电信,CSI,中央国有企业,通讯服务,电信服务,通讯服务--电信服务--多元电信服务--综合电信业务,2025,,,,,,,,,,870644000000.0,,0.040475,33185000000.0,2054000000.0,target_year,,,,,,,,,,SOE_target,0.049398,0.07267699999999999,27.487872,0.29261,0.373264,0.621951,-0.158375,0.560658,0.473184,0.578175,0.103768,True,Pooled_H_plus_CSI_nonSOE,0.15750938081344118,0.07267699999999999,0.08483238081344119,73858803360.93768,73858803360.93768,0,1,FirmSize_lag,1.0
601766.SH,中国中车,CSI,中央国有企业,工业,机械,工业--机械--机械Ⅲ--建筑机械与重型卡车,2019,,,,,,,,,,383572000000.0,,0.03370097,11794929000.0,1131836000.0,target_year,,,,,,,,,,SOE_target,0.04577200000000001,0.089237,26.60246567,0.380955658,0.247583643,0.585569598,0.110528546,0.182542147,0.581328737,1.209801974,0.025459091,True,Pooled_H_plus_CSI_nonSOE,0.1959240924826856,0.089237,0.10668709248268561,40922181437.768684,40922181437.768684,1,0,,1.0
601766.SH,中国中车,CSI,中央国有企业,工业,机械,工业--机械--机械Ⅲ--建筑机械与重型卡车,2020,,,,,,,,,,392380000000.0,,0.031464678,11331053000.0,1015069000.0,target_year,,,,,,,,,,SOE_target,0.041803999999999994,0.081251,26.67279445,0.352429015,0.225950341,0.618033228,0.133092456,0.172195044,0.585923161,1.255043233,0.021025562,True,Pooled_H_plus_CSI_nonSOE,0.2009282483226259,0.081251,0.1196772483226259,46958958696.83195,46958958696.83195,1,0,,1.0
601766.SH,中国中车,CSI,中央国有企业,工业,机械,工业--机械--机械Ⅲ--建筑机械与重型卡车,2021,,,,,,,,,,426826000000.0,,0.026980396,10302605000.0,1213343000.0,target_year,,,,,,,,,,SOE_target,0.034282,0.070664,26.69549753,0.297815831,0.195497669,0.586778024,0.13312163,0.169134836,0.568934692,1.264487033,0.019816213,True,Pooled_H_plus_CSI_nonSOE,0.1985623988084087,0.070664,0.1278983988084087,54590361969.79785,54590361969.79785,1,0,,1.0
601766.SH,中国中车,CSI,中央国有企业,工业,机械,工业--机械--机械Ⅲ--建筑机械与重型卡车,2022,,,,,,,,,,442140000000.0,,0.028952752,11653448000.0,1147726000.0,target_year,,,,,,,,,,SOE_target,0.037285,0.076764,26.77964344,0.282626173,0.187780789,0.551098298,0.15070834,0.152206293,0.572914272,1.298419986,0.013838832,True,Pooled_H_plus_CSI_nonSOE,0.1927095251575689,0.076764,0.1159455251575689,51264154493.16751,51264154493.16751,0,1,FirmSize_lag,1.0
601766.SH,中国中车,CSI,中央国有企业,工业,机械,工业--机械--机械Ⅲ--建筑机械与重型卡车,2023,,,,,,,,,,471791735000.0,,0.027342,11711576000.0,1188098000.0,target_year,,,,,,,,,,SOE_target,0.035874,0.07412,26.814893,0.300995,0.187488,0.513112,0.142605,0.146244,0.568042,1.277266,0.016776,True,Pooled_H_plus_CSI_nonSOE,0.19107650678982818,0.07412,0.11695650678982818,55179113257.912315,55179113257.912315,0,1,FirmSize_lag,1.0
601766.SH,中国中车,CSI,中央国有企业,工业,机械,工业--机械--机械Ⅲ--建筑机械与重型卡车,2024,,,,,,,,,,512823630000.0,,0.02649,12387514000.0,1196993000.0,target_year,,,,,,,,,,SOE_target,0.03497,0.075133,26.879803,0.287662,0.188674,0.512645,0.136035,0.136917,0.583453,1.256302,0.017177,True,Pooled_H_plus_CSI_nonSOE,0.18736601542967862,0.075133,0.11223301542967862,57555742378.4938,57555742378.4938,0,1,FirmSize_lag,1.0
601766.SH,中国中车,CSI,中央国有企业,工业,机械,工业--机械--机械Ⅲ--建筑机械与重型卡车,2025,,,,,,,,,,550774434000.0,,0.025916,13181015000.0,1092976000.0,target_year,,,,,,,,,,SOE_target,0.036116,0.077332,26.963198,0.292016,0.187309,0.500615,0.131796,0.135321,0.590123,1.242508,0.01986,True,Pooled_H_plus_CSI_nonSOE,0.1853003510293766,0.077332,0.10796835102937659,59466207428.11821,59466207428.11821,0,1,FirmSize_lag,1.0
601800.SH,中国交建,CSI,中央国有企业,工业,建筑,工业--建筑--建筑与工程Ⅲ--建筑与工程Ⅳ,2019,,,,,,,,,,1120400000000.0,,0.030282042,20094000000.0,13834000000.0,target_year,,,,,,,,,,SOE_target,0.031488,0.094044,27.59069483,0.120098678,0.178025019,0.539853864,0.001700199,0.058684444,0.750454983,1.003403012,0.04009158,True,Pooled_H_plus_CSI_nonSOE,0.10199446811941516,0.094044,0.00795046811941516,8907704480.992746,8907704480.992746,0,1,FirmSize_lag,1.0
601800.SH,中国交建,CSI,中央国有企业,工业,建筑,工业--建筑--建筑与工程Ⅲ--建筑与工程Ⅳ,2020,,,,,,,,,,1304170000000.0,,0.02487101,16475000000.0,15961000000.0,target_year,,,,,,,,,,SOE_target,0.026902,0.06933600000000001,27.74470688,0.116983373,0.179054819,0.531066724,0.002457158,0.051295073,0.735470368,1.005233681,0.05686005,True,Pooled_H_plus_CSI_nonSOE,0.100444162696051,0.06933600000000001,0.03110816269605099,40570332543.30882,40570332543.30882,0,1,FirmSize_lag,1.0
601800.SH,中国交建,CSI,中央国有企业,工业,建筑,工业--建筑--建筑与工程Ⅲ--建筑与工程Ⅳ,2021,,,,,,,,,,1390840000000.0,,0.026442351,18348000000.0,18429000000.0,target_year,,,,,,,,,,SOE_target,0.024939,0.072605,27.89658717,0.116770883,0.179498397,0.515138979,0.001371755,0.04680375,0.725645986,1.003070148,0.032097834,True,Pooled_H_plus_CSI_nonSOE,0.10367852049822196,0.072605,0.031073520498221957,43218295249.747025,43218295249.747025,0,1,FirmSize_lag,1.0
601800.SH,中国交建,CSI,中央国有企业,工业,建筑,工业--建筑--建筑与工程Ⅲ--建筑与工程Ⅳ,2022,,,,,,,,,,1511350000000.0,,0.02673967,20065000000.0,20348000000.0,target_year,,,,,,,,,,SOE_target,0.021932,0.073996,27.96092684,0.111111515,0.17910201,0.506565848,-0.022871839,0.044015222,0.718619795,0.946906982,0.026560985,True,Pooled_H_plus_CSI_nonSOE,0.10478692805033207,0.073996,0.030790928050332067,46535869108.86937,46535869108.86937,0,1,FirmSize_lag,1.0
601800.SH,中国交建,CSI,中央国有企业,工业,建筑,工业--建筑--建筑与工程Ⅲ--建筑与工程Ⅳ,2023,,,,,,,,,,1684262000000.0,,0.027634,24734000000.0,21809000000.0,target_year,,,,,,,,,,SOE_target,0.022187000000000002,0.084747,28.044024,0.105018,0.173049,0.494436,-0.029834,0.039797,0.718016,0.931822,0.022517,True,Pooled_H_plus_CSI_nonSOE,0.10392062672720026,0.084747,0.019173626727200258,32293410898.80776,32293410898.80776,0,1,FirmSize_lag,1.0
601800.SH,中国交建,CSI,中央国有企业,工业,建筑,工业--建筑--建筑与工程Ⅲ--建筑与工程Ⅳ,2024,,,,,,,,,,1858272000000.0,,0.024677,23854000000.0,22002000000.0,target_year,,,,,,,,,,SOE_target,0.019717,0.077554,28.152349,0.102851,0.176169,0.472927,-0.045148,0.04459,0.727403,0.900232,0.023113,True,Pooled_H_plus_CSI_nonSOE,0.09956905497268587,0.077554,0.02201505497268587,40909960234.20291,40909960234.20291,0,1,FirmSize_lag,1.0
601800.SH,中国交建,CSI,中央国有企业,工业,建筑,工业--建筑--建筑与工程Ⅲ--建筑与工程Ⅳ,2025,,,,,,,,,,2019132000000.0,,0.017665,14995000000.0,20673000000.0,target_year,,,,,,,,,,SOE_target,0.013065,0.048034,28.250668,0.10843,0.174423,0.433725,-0.042988,0.043066,0.748253,0.908054,0.014673,True,Pooled_H_plus_CSI_nonSOE,0.09336856508488153,0.048034,0.04533456508488153,91536471068.96703,91536471068.96703,0,1,FirmSize_lag,1.0
601808.SH,中海油服,CSI,中央国有企业,能源,石油石化,能源--石油石化--能源设备与服务--石油天然气钻井,2019,,,,,,,,,,76101838000.0,,0.046964858,2502238000.0,1071874000.0,target_year,,,,,,,,,,SOE_target,0.059375,0.07022400000000001,25.03657194,0.003993959,0.452070271,0.29468154,0.062900957,0.689987886,0.53569692,1.276166723,0.032541029,True,Pooled_H_plus_CSI_nonSOE,0.11019011712357511,0.07022400000000001,0.039966117123575104,3041494970.8273387,3041494970.8273387,1,0,,1.0
601808.SH,中海油服,CSI,中央国有企业,能源,石油石化,能源--石油石化--能源设备与服务--石油天然气钻井,2020,,,,,,,,,,75942308000.0,,0.04729003,2703187000.0,888127000.0,target_year,,,,,,,,,,SOE_target,0.055210999999999996,0.071851,25.05533825,0.00538186,0.44417932,0.41217689,0.042059878,0.659880817,0.514988363,1.161423314,0.038244503,True,Pooled_H_plus_CSI_nonSOE,0.12959619720063695,0.071851,0.05774519720063695,4385303551.331509,4385303551.331509,1,0,,1.0
601808.SH,中海油服,CSI,中央国有企业,能源,石油石化,能源--石油石化--能源设备与服务--石油天然气钻井,2021,,,,,,,,,,73311708000.0,,0.015423798,313176000.0,817569000.0,target_year,,,,,,,,,,SOE_target,0.023895,0.008183000000000001,25.05323978,0.006705584,0.429200271,0.380485744,0.124394771,0.617823335,0.490550011,1.55978126,0.054926774,True,Pooled_H_plus_CSI_nonSOE,0.1232907245887255,0.008183000000000001,0.11510772458872551,8438743893.593064,8438743893.593064,1,0,,1.0
601808.SH,中海油服,CSI,中央国有企业,能源,石油石化,能源--石油石化--能源设备与服务--石油天然气钻井,2022,,,,,,,,,,77184090000.0,,0.040373955,2352625000.0,763602000.0,target_year,,,,,,,,,,SOE_target,0.04813,0.06082,25.01798616,0.005068244,0.425995256,0.390856873,0.04464467,0.590030695,0.478714505,1.14871269,0.050342709,True,Pooled_H_plus_CSI_nonSOE,0.13174876583760226,0.06082,0.07092876583760226,5474572245.998418,5474572245.998418,1,0,,1.0
601808.SH,中海油服,CSI,中央国有企业,能源,石油石化,能源--石油石化--能源设备与服务--石油天然气钻井,2023,,,,,,,,,,83245834000.0,,0.047842,3013255000.0,969394000.0,target_year,,,,,,,,,,SOE_target,0.062721,0.074425,25.069459,0.00499,0.418201,0.473238,0.088332,0.571986,0.483079,1.320206,0.053665,True,Pooled_H_plus_CSI_nonSOE,0.13957330953445277,0.074425,0.06514830953445276,5423325360.885672,5423325360.885672,1,0,,1.0
601808.SH,中海油服,CSI,中央国有企业,能源,石油石化,能源--石油石化--能源设备与服务--石油天然气钻井,2024,,,,,,,,,,82947663000.0,,0.04698,3136992000.0,759921000.0,target_year,,,,,,,,,,SOE_target,0.063888,0.073431,25.145064,0.006444,0.410755,0.549053,0.082953,0.587758,0.492394,1.295552,0.113805,True,Pooled_H_plus_CSI_nonSOE,0.14020703042496682,0.073431,0.06677603042496683,5538915668.167895,5538915668.167895,1,0,,1.0
601808.SH,中海油服,CSI,中央国有企业,能源,石油石化,能源--石油石化--能源设备与服务--石油天然气钻井,2025,,,,,,,,,,84462835000.0,,0.053019,3841741000.0,636403000.0,target_year,,,,,,,,,,SOE_target,0.067563,0.085022,25.141476,0.007259,0.406814,0.580265,-0.011293,0.608334,0.464427,0.968357,0.072709,True,Pooled_H_plus_CSI_nonSOE,0.15930874353756663,0.085022,0.07428674353756663,6274468962.100807,6274468962.100807,1,0,,1.0
601816.SH,京沪高铁,CSI,中央国有企业,工业,交通运输,工业--交通运输--铁路公路运输--铁路运输,2019,,,,,,,,,,185151000000.0,,0.070411296,11937249779.0,1099497717.0,target_year,,,,,,,,,,SOE_target,0.09175599999999999,0.07778,25.89209933,0.035751168,0.111099702,0.176202692,0.03661226,0.756071535,0.15671601,2.260657774,0.003739369,True,Pooled_H_plus_CSI_nonSOE,0.030895121547113602,0.07778,-0.0468848784528864,-8680782130.43037,0.0,0,1,FixedAssetsRatio_lag,1.0
601816.SH,京沪高铁,CSI,中央国有企业,工业,交通运输,工业--交通运输--铁路公路运输--铁路运输,2020,,,,,,,,,,300863000000.0,,0.020521067,3228866109.0,2945170117.0,target_year,,,,,,,,,,SOE_target,0.016576,0.01886,25.94443952,0.03393513,0.108646931,0.182018151,0.028729308,0.705225269,0.142462742,1.968147265,0.002679892,True,Pooled_H_plus_CSI_nonSOE,0.03612646049310979,0.01886,0.01726646049310979,5194839103.3384905,5194839103.3384905,1,0,,1.0
601816.SH,京沪高铁,CSI,中央国有企业,工业,交通运输,工业--交通运输--铁路公路运输--铁路运输,2021,,,,,,,,,,295252000000.0,,0.027510617,4815710298.0,3306861251.0,target_year,,,,,,,,,,SOE_target,0.020964,0.025997,26.42992188,0.031568495,0.123286456,0.103345912,-0.013321118,0.766537866,0.307049247,0.718920146,0.016708567,True,Pooled_H_plus_CSI_nonSOE,0.015394765890183529,0.025997,-0.01060223410981647,-3130330825.3915324,0.0,0,1,FixedAssetsRatio_lag,1.0
601816.SH,京沪高铁,CSI,中央国有企业,工业,交通运输,工业--交通运输--铁路公路运输--铁路运输,2022,,,,,,,,,,288545000000.0,,0.008071276,-576160740.5,2905087457.0,target_year,,,,,,,,,,SOE_target,-0.00358,-0.003107,26.41109593,0.026490794,0.15352339,0.097847091,0.000961479,0.767963413,0.285003369,1.031638177,0.011694701,True,Pooled_H_plus_CSI_nonSOE,0.014244834027828349,-0.003107,0.017351834027828347,5006784949.559731,5006784949.559731,0,1,FixedAssetsRatio_lag,1.0
601816.SH,京沪高铁,CSI,中央国有企业,工业,交通运输,工业--交通运输--铁路公路运输--铁路运输,2023,,,,,,,,,,292219725586.82,,0.047604,11545536011.72,2365430963.91,target_year,,,,,,,,,,SOE_target,0.05272,0.060931,26.388117,0.016464,0.180808,0.066234,-0.011277,0.775856,0.281638,0.650237,0.003807,True,Pooled_H_plus_CSI_nonSOE,0.01589498032935399,0.060931,-0.04503601967064601,-13160413309.678804,0.0,0,1,FixedAssetsRatio_lag,1.0
601816.SH,京沪高铁,CSI,中央国有企业,工业,交通运输,工业--交通运输--铁路公路运输--铁路运输,2024,,,,,,,,,,284662650232.54,,0.051136,12768289200.79,1788199149.18,target_year,,,,,,,,,,SOE_target,0.065529,0.064263,26.400772,0.033355,0.114556,0.139624,-0.001078,0.749455,0.254289,0.978628,0.0051,True,Pooled_H_plus_CSI_nonSOE,0.023812054706689414,0.064263,-0.040450945293310586,-11514873291.60528,0.0,0,1,FixedAssetsRatio_lag,1.0
601816.SH,京沪高铁,CSI,中央国有企业,工业,交通运输,工业--交通运输--铁路公路运输--铁路运输,2025,,,,,,,,,,287938421202.66,,0.050637,13171912357.24,1408303112.44,target_year,,,,,,,,,,SOE_target,0.066649,0.064329,26.374571,0.030185,0.116886,0.145363,0.01349,0.753939,0.208718,1.470092,0.004145,True,Pooled_H_plus_CSI_nonSOE,0.026402306133181522,0.064329,-0.037926693866818476,-10920552353.448318,0.0,0,1,FixedAssetsRatio_lag,1.0
601857.SH,中国石油,CSI,中央国有企业,能源,石油石化,能源--石油石化--石油天然气--综合性石油天然气,2019,,,,,,,,,,2732910000000.0,,0.027842483,45682000000.0,30409000000.0,target_year,,,,,,,,,,SOE_target,0.050334000000000004,0.037376,28.51984445,0.429492104,0.452070271,0.973184769,-0.063010378,0.701362844,0.420023139,0.738639736,0.113369179,True,Pooled_H_plus_CSI_nonSOE,0.2531068188553409,0.037376,0.21573081885534093,589572912157.9498,589572912157.9498,0,1,FirmSize_lag,1.0
601857.SH,中国石油,CSI,中央国有企业,能源,石油石化,能源--石油石化--石油天然气--综合性石油天然气,2020,,,,,,,,,,2488130000000.0,,0.01830052,19006000000.0,26528000000.0,target_year,,,,,,,,,,SOE_target,0.030484,0.015545,28.63638809,0.435873044,0.44417932,0.9745302,-0.071171755,0.652500082,0.471513881,0.705926198,0.119565591,True,Pooled_H_plus_CSI_nonSOE,0.24537066990452377,0.015545,0.22982566990452377,571836144059.5427,571836144059.5427,0,1,FirmSize_lag,1.0
601857.SH,中国石油,CSI,中央国有企业,能源,石油石化,能源--石油石化--石油天然气--综合性石油天然气,2021,,,,,,,,,,2502260000000.0,,0.044723135,92170000000.0,19739000000.0,target_year,,,,,,,,,,SOE_target,0.070118,0.07436899999999999,28.54255093,0.448309732,0.429200271,0.740786311,-0.047686894,0.583608306,0.450742848,0.80401805,0.103180868,True,Pooled_H_plus_CSI_nonSOE,0.2208812702448874,0.07436899999999999,0.14651227024488742,366611793342.972,366611793342.972,0,1,FirmSize_lag,1.0
601857.SH,中国石油,CSI,中央国有企业,能源,石油石化,能源--石油石化--石油天然气--综合性石油天然气,2022,,,,,,,,,,2673490000000.0,,0.063936772,149380000000.0,21554000000.0,target_year,,,,,,,,,,SOE_target,0.08891199999999999,0.113472,28.54821624,0.454262894,0.425995256,1.047753802,-0.014914505,0.583190729,0.436961837,0.927975637,0.106129174,True,Pooled_H_plus_CSI_nonSOE,0.2603561019196257,0.113472,0.1468841019196257,392693177641.1001,392693177641.1001,0,1,FirmSize_lag,1.0
601857.SH,中国石油,CSI,中央国有企业,能源,石油石化,能源--石油石化--石油天然气--综合性石油天然气,2023,,,,,,,,,,2752448000000.0,,0.067289,161146000000.0,24063000000.0,target_year,,,,,,,,,,SOE_target,0.093352,0.114471,28.614404,0.453855,0.418201,1.251671,-0.003889,0.558265,0.424776,0.983347,0.091729,True,Pooled_H_plus_CSI_nonSOE,0.2902846369126584,0.114471,0.1758136369126584,483917893292.9728,483917893292.9728,0,1,FirmSize_lag,1.0
601857.SH,中国石油,CSI,中央国有企业,能源,石油石化,能源--石油石化--石油天然气--综合性石油天然气,2024,,,,,,,,,,2752751000000.0,,0.067356,164684000000.0,20731000000.0,target_year,,,,,,,,,,SOE_target,0.092073,0.111224,28.643512,0.440548,0.410755,1.10986,-0.011076,0.552914,0.407664,0.955752,0.10365,True,Pooled_H_plus_CSI_nonSOE,0.2740694995822879,0.111224,0.1628454995822879,448273111820.6426,448273111820.6426,0,1,FirmSize_lag,1.0
601857.SH,中国石油,CSI,中央国有企业,能源,石油石化,能源--石油石化--石油天然气--综合性石油天然气,2025,,,,,,,,,,2827777000000.0,,0.061845,157318000000.0,17567000000.0,target_year,,,,,,,,,,SOE_target,0.08457,0.101464,28.643622,0.442325,0.406814,1.067348,-0.016882,0.570633,0.37894,0.92708,0.109945,True,Pooled_H_plus_CSI_nonSOE,0.27253115736226496,0.101464,0.17106715736226497,483739773044.39355,483739773044.39355,0,1,FirmSize_lag,1.0
601868.SH,中国能建,CSI,中央国有企业,工业,建筑,工业--建筑--建筑与工程Ⅲ--建筑与工程Ⅳ,2019,,,,,,,,,,421670000000.0,,0.022373373,5078524000.0,4355663000.0,target_year,,,,,,,,,,SOE_target,0.040955000000000005,0.093375,26.68783575,0.055060571,0.178025019,0.611053387,0.080332028,0.089422698,0.755605049,1.138216335,0.041483933,True,Pooled_H_plus_CSI_nonSOE,0.09811166195528356,0.093375,0.004736661955283564,1997308246.6844203,1997308246.6844203,1,0,,1.0
601868.SH,中国能建,CSI,中央国有企业,工业,建筑,工业--建筑--建筑与工程Ⅲ--建筑与工程Ⅳ,2020,,,,,,,,,,476052000000.0,,0.017142067,4680285000.0,3480229000.0,target_year,,,,,,,,,,SOE_target,0.035304,0.073961,26.76748957,0.052356081,0.179054819,0.609800165,0.094137391,0.091607576,0.731329544,1.17643605,0.034060274,True,Pooled_H_plus_CSI_nonSOE,0.1017222770363112,0.073961,0.027761277036311205,13215811455.690022,13215811455.690022,1,0,,1.0
601868.SH,中国能建,CSI,中央国有企业,工业,建筑,工业--建筑--建筑与工程Ⅲ--建筑与工程Ⅳ,2021,,,,,,,,,,528863000000.0,,0.018656423,6504102000.0,3362582000.0,target_year,,,,,,,,,,SOE_target,0.031996000000000004,0.079994,26.88879274,0.050547082,0.179498397,0.602252363,0.076272281,0.086413832,0.710265092,1.143458048,0.031423462,True,Pooled_H_plus_CSI_nonSOE,0.10490523528405092,0.079994,0.024911235284050925,13174630626.029024,13174630626.029024,0,1,FirmSize_lag,1.0
601868.SH,中国能建,CSI,中央国有企业,工业,建筑,工业--建筑--建筑与工程Ⅲ--建筑与工程Ⅳ,2022,,,,,,,,,,664351000000.0,,0.020211219,7809343000.0,5618003000.0,target_year,,,,,,,,,,SOE_target,0.031312,0.07965,26.99399448,0.052466095,0.17910201,0.641484554,0.074525801,0.089604705,0.716875416,1.145695808,0.026553177,True,Pooled_H_plus_CSI_nonSOE,0.10980716517729866,0.07965,0.03015716517729866,20034942842.703545,20034942842.703545,0,1,FirmSize_lag,1.0
601868.SH,中国能建,CSI,中央国有企业,工业,建筑,工业--建筑--建筑与工程Ⅲ--建筑与工程Ⅳ,2023,,,,,,,,,,783156193000.0,,0.017731,7986116000.0,5899961000.0,target_year,,,,,,,,,,SOE_target,0.025701,0.075214,27.222077,0.05363,0.173049,0.614129,0.055987,0.089218,0.747895,1.108897,0.030079,True,Pooled_H_plus_CSI_nonSOE,0.10223967620176755,0.075214,0.027025676201767546,21165325687.42697,21165325687.42697,0,1,FirmSize_lag,1.0
601868.SH,中国能建,CSI,中央国有企业,工业,建筑,工业--建筑--建筑与工程Ⅲ--建筑与工程Ⅳ,2024,,,,,,,,,,869004776000.0,,0.017443,8396167000.0,6761837000.0,target_year,,,,,,,,,,SOE_target,0.024536,0.074146,27.386598,0.055265,0.176169,0.561008,0.01157,0.106064,0.759623,1.02173,0.039749,True,Pooled_H_plus_CSI_nonSOE,0.09330687041462082,0.074146,0.01916087041462082,16650887902.622593,16650887902.622593,0,1,FirmSize_lag,1.0
601868.SH,中国能建,CSI,中央国有企业,工业,建筑,工业--建筑--建筑与工程Ⅲ--建筑与工程Ⅳ,2025,,,,,,,,,,941597382000.0,,0.013588,5840294000.0,6954227000.0,target_year,,,,,,,,,,SOE_target,0.020983,0.049495,27.490614,0.061638,0.174423,0.528656,0.011594,0.127901,0.763144,1.023043,0.05238,True,Pooled_H_plus_CSI_nonSOE,0.08704063665230097,0.049495,0.03754563665230097,35352873177.32984,35352873177.32984,0,1,FirmSize_lag,1.0
601872.SH,招商轮船,CSI,中央国有企业,工业,交通运输,工业--交通运输--海上运输Ⅲ--海上运输Ⅳ,2019,,,,,,,,,,54817643675.0,,0.048220512,1612975362.0,1030359463.0,target_year,,,,,,,,,,SOE_target,0.048766,0.070773,24.63439951,0.012531131,0.111099702,0.248768239,-0.144937503,0.763285164,0.593101964,0.553060102,0.127231869,True,Pooled_H_plus_CSI_nonSOE,-0.036245404648775056,0.070773,-0.10701840464877506,-5866496772.703515,0.0,0,1,FixedAssetsRatio_lag,1.0
601872.SH,招商轮船,CSI,中央国有企业,工业,交通运输,工业--交通运输--海上运输Ⅲ--海上运输Ⅳ,2020,,,,,,,,,,58634669141.0,,0.056169586,2777489423.0,515995643.3,target_year,,,,,,,,,,SOE_target,0.06112599999999999,0.10917299999999999,24.72727794,0.015023484,0.108646931,0.277540098,0.025627368,0.720457705,0.530282788,1.131312613,0.07166024,True,Pooled_H_plus_CSI_nonSOE,-0.021042747636090195,0.10917299999999999,-0.13021574763609017,-7635157279.5901,0.0,0,1,FixedAssetsRatio_lag,1.0
601872.SH,招商轮船,CSI,中央国有企业,工业,交通运输,工业--交通运输--海上运输Ⅲ--海上运输Ⅳ,2021,,,,,,,,,,60135535611.0,,0.068015247,3609069039.0,481064278.5,target_year,,,,,,,,,,SOE_target,0.08123200000000001,0.138902,24.79459198,0.022698194,0.123286456,0.318322079,0.10278916,0.672902532,0.556505787,1.634599657,0.02325035,True,Pooled_H_plus_CSI_nonSOE,-0.017907158794453717,0.138902,-0.15680915879445373,-9429802752.814827,0.0,1,0,,1.0
601872.SH,招商轮船,CSI,中央国有企业,工业,交通运输,工业--交通运输--海上运输Ⅲ--海上运输Ⅳ,2022,,,,,,,,,,65469954370.0,,0.084040716,5085887332.0,416254517.4,target_year,,,,,,,,,,SOE_target,0.101114,0.171097,24.81986678,0.022144272,0.15352339,0.41052282,0.037080611,0.637702484,0.552953965,1.153785552,0.040402073,True,Pooled_H_plus_CSI_nonSOE,-0.005078121716355494,0.171097,-0.1761751217163555,-11534177179.89899,0.0,1,0,,1.0
601872.SH,招商轮船,CSI,中央国有企业,工业,交通运输,工业--交通运输--海上运输Ⅲ--海上运输Ⅳ,2023,,,,,,,,,,62394661514.41,,0.09434,4836966617.91,1049349709.81,target_year,,,,,,,,,,SOE_target,0.101106,0.138321,24.904857,0.025269,0.180808,0.472482,0.136669,0.633026,0.488315,1.997692,0.041179,True,Pooled_H_plus_CSI_nonSOE,0.0031438970326173737,0.138321,-0.1351771029673826,-8434329584.148386,0.0,1,0,,1.0
601872.SH,招商轮船,CSI,中央国有企业,工业,交通运输,工业--交通运输--海上运输Ⅲ--海上运输Ⅳ,2024,,,,,,,,,,70619308351.63,,0.087285,5107447941.27,1056539123.01,target_year,,,,,,,,,,SOE_target,0.10538600000000001,0.132773,24.856746,0.021278,0.114556,0.404556,-0.023155,0.703197,0.401566,0.884669,0.071941,True,Pooled_H_plus_CSI_nonSOE,0.018673028231995056,0.132773,-0.11409997176800495,-8057661089.19702,0.0,1,0,,1.0
601872.SH,招商轮船,CSI,中央国有企业,工业,交通运输,工业--交通运输--海上运输Ⅲ--海上运输Ⅳ,2025,,,,,,,,,,82054880078.89,,0.087403,6012096267.97,1159711575.55,target_year,,,,,,,,,,SOE_target,0.10524800000000001,0.144784,24.980569,0.018482,0.116886,0.386011,-0.101025,0.665063,0.421558,0.592028,0.106915,True,Pooled_H_plus_CSI_nonSOE,0.011289082296934302,0.144784,-0.1334949177030657,-10953909463.266346,0.0,1,0,,1.0
601888.SH,中国中免,CSI,中央国有企业,可选消费,可选消费零售,可选消费--可选消费零售--经销商Ⅲ--经销商Ⅳ,2019,,,,,,,,,,36080230000.0,,0.130492211,4497573000.0,210616000.0,target_year,,,,,,,,,,SOE_target,0.18617,0.249605,24.14778729,1.0,1.0,1.340804305,0.354696241,0.100572764,0.397675149,2.253891129,0.051508655,True,Pooled_H_plus_CSI_nonSOE,0.27848446502634233,0.249605,0.028879465026342338,1041977740.4273876,1041977740.4273876,0,2,"HHI_lag, MarketShare_lag",1.0
601888.SH,中国中免,CSI,中央国有企业,可选消费,可选消费零售,可选消费--可选消费零售--经销商Ⅲ--经销商Ⅳ,2020,,,,,,,,,,45863816000.0,,0.13404953,5931348000.0,216675000.0,target_year,,,,,,,,,,SOE_target,0.231043,0.28396699999999997,24.30901091,1.0,1.0,1.437757186,0.377254053,0.075365096,0.369845314,2.431739667,0.042022238,True,Pooled_H_plus_CSI_nonSOE,0.2960279722892107,0.28396699999999997,0.012060972289210714,553162213.853459,553162213.853459,0,2,"HHI_lag, MarketShare_lag",1.0
601888.SH,中国中免,CSI,中央国有企业,可选消费,可选消费零售,可选消费--可选消费零售--经销商Ⅲ--经销商Ⅳ,2021,,,,,,,,,,55101329000.0,,0.180547587,9726557000.0,221855000.0,target_year,,,,,,,,,,SOE_target,0.29467,0.38020000000000004,24.54894232,1.0,1.0,1.283749328,0.313407218,0.076801765,0.438851403,1.866473287,0.026899681,True,Pooled_H_plus_CSI_nonSOE,0.27429007435301156,0.38020000000000004,-0.10590992564698848,-5835777657.44025,0.0,0,2,"HHI_lag, MarketShare_lag",1.0
601888.SH,中国中免,CSI,中央国有企业,可选消费,可选消费零售,可选消费--可选消费零售--经销商Ⅲ--经销商Ⅳ,2022,,,,,,,,,,75618784000.0,,0.070196024,5113962000.0,194176000.0,target_year,,,,,,,,,,SOE_target,0.12078799999999999,0.131835,24.73243967,1.0,1.0,1.340571838,0.388476311,0.100419465,0.375350874,2.249147766,0.039106988,True,Pooled_H_plus_CSI_nonSOE,0.28496956205425916,0.131835,0.15313456205425915,11579849370.915619,11579849370.915619,0,2,"HHI_lag, MarketShare_lag",1.0
601888.SH,中国中免,CSI,中央国有企业,可选消费,可选消费零售,可选消费--可选消费零售--经销商Ⅲ--经销商Ⅳ,2023,,,,,,,,,,78662313000.0,,0.090106,6790027000.0,297894000.0,target_year,,,,,,,,,,SOE_target,0.117281,0.133195,25.048971,1.0,1.0,0.832815,0.525335,0.110924,0.288026,3.272565,0.039612,True,Pooled_H_plus_CSI_nonSOE,0.22367530495031124,0.133195,0.09048030495031123,7117390068.336831,7117390068.336831,0,2,"HHI_lag, MarketShare_lag",1.0
601888.SH,中国中免,CSI,中央国有企业,可选消费,可选消费零售,可选消费--可选消费零售--经销商Ⅲ--经销商Ⅳ,2024,,,,,,,,,,76108344000.0,,0.05947,4323643000.0,202501000.0,target_year,,,,,,,,,,SOE_target,0.083054,0.07961599999999999,25.08843,1.0,1.0,0.875546,0.548259,0.107205,0.250282,3.813539,0.022903,True,Pooled_H_plus_CSI_nonSOE,0.23308581518127153,0.07961599999999999,0.15346981518127153,11680333487.432636,11680333487.432636,0,2,"HHI_lag, MarketShare_lag",1.0
601888.SH,中国中免,CSI,中央国有企业,可选消费,可选消费零售,可选消费--可选消费零售--经销商Ⅲ--经销商Ⅳ,2025,,,,,,,,,,74891423000.0,,0.051038,3643905000.0,178416000.0,target_year,,,,,,,,,,SOE_target,0.061806,0.066036,25.055424,1.0,1.0,0.729775,0.591149,0.107038,0.201187,5.101675,0.014702,True,Pooled_H_plus_CSI_nonSOE,0.21253646305134805,0.066036,0.14650046305134806,10971628148.074379,10971628148.074379,0,2,"HHI_lag, MarketShare_lag",1.0
601898.SH,中煤能源,CSI,中央国有企业,能源,煤炭Ⅱ,能源--煤炭Ⅱ--煤炭Ⅲ--煤炭与消费用燃料,2019,,,,,,,,,,272469000000.0,,0.040662582,6197168000.0,4882121000.0,target_year,,,,,,,,,,SOE_target,0.066093,0.065577,26.30135748,0.199924039,0.3281903,0.40562245,-0.051643698,0.498581841,0.582205584,0.802290686,0.035635828,True,Pooled_H_plus_CSI_nonSOE,0.10275380599153598,0.065577,0.037176805991535986,10129527151.707819,10129527151.707819,1,0,,1.0
601898.SH,中煤能源,CSI,中央国有企业,能源,煤炭Ⅱ,能源--煤炭Ⅱ--煤炭Ⅲ--煤炭与消费用燃料,2020,,,,,,,,,,281574000000.0,,0.035577161,5350726000.0,4666871000.0,target_year,,,,,,,,,,SOE_target,0.058464999999999996,0.054136,26.33079033,0.239282422,0.293470907,0.481509395,-0.105136963,0.477110854,0.569782391,0.657633162,0.040171693,True,Pooled_H_plus_CSI_nonSOE,0.12386116985997761,0.054136,0.06972516985997762,19632794978.15334,19632794978.15334,1,0,,1.0
601898.SH,中煤能源,CSI,中央国有企业,能源,煤炭Ⅱ,能源--煤炭Ⅱ--煤炭Ⅲ--煤炭与消费用燃料,2021,,,,,,,,,,321329000000.0,,0.058533792,14714915000.0,4093691000.0,target_year,,,,,,,,,,SOE_target,0.104012,0.13738799999999998,26.36366047,0.248811769,0.275297772,0.508846338,-0.02459337,0.474754771,0.560805759,0.899856996,0.036606113,True,Pooled_H_plus_CSI_nonSOE,0.12826948702358723,0.13738799999999998,-0.009118512976412751,-2930042656.197733,0.0,1,0,,1.0
601898.SH,中煤能源,CSI,中央国有企业,能源,煤炭Ⅱ,能源--煤炭Ⅱ--煤炭Ⅲ--煤炭与消费用燃料,2022,,,,,,,,,,339616000000.0,,0.069420696,19719469000.0,3856932000.0,target_year,,,,,,,,,,SOE_target,0.11591,0.16159300000000001,26.49573143,0.26828346,0.269530745,0.766714926,0.053652331,0.400720788,0.557575067,1.196478782,0.032450595,True,Pooled_H_plus_CSI_nonSOE,0.16357873513131577,0.16159300000000001,0.0019857351313157523,674387422.3569305,674387422.3569305,1,0,,1.0
601898.SH,中煤能源,CSI,中央国有企业,能源,煤炭Ⅱ,能源--煤炭Ⅱ--煤炭Ⅲ--煤炭与消费用燃料,2023,,,,,,,,,,349155327000.0,,0.066585,20183598000.0,3064810000.0,target_year,,,,,,,,,,SOE_target,0.10643599999999999,0.147113,26.551082,0.229487,0.250024,0.645549,0.055689,0.37232,0.514808,1.180126,0.028727,True,Pooled_H_plus_CSI_nonSOE,0.15245427379025472,0.147113,0.00534127379025473,1864934196.8329198,1864934196.8329198,1,0,,1.0
601898.SH,中煤能源,CSI,中央国有企业,能源,煤炭Ⅱ,能源--煤炭Ⅱ--煤炭Ⅲ--煤炭与消费用燃料,2024,,,,,,,,,,357794496000.0,,0.057829,18155988000.0,2534892000.0,target_year,,,,,,,,,,SOE_target,0.092524,0.122846,26.578783,0.216143,0.263234,0.539553,0.061607,0.365746,0.477243,1.219139,0.050336,True,Pooled_H_plus_CSI_nonSOE,0.13873293096130238,0.122846,0.01588693096130238,5684256456.28598,5684256456.28598,1,0,,1.0
601898.SH,中煤能源,CSI,中央国有企业,能源,煤炭Ⅱ,能源--煤炭Ⅱ--煤炭Ⅲ--煤炭与消费用燃料,2025,,,,,,,,,,370517742000.0,,0.044927,14497092000.0,2149057000.0,target_year,,,,,,,,,,SOE_target,0.066686,0.092908,26.603225,0.211221,0.263097,0.514626,0.030435,0.393,0.463299,1.106577,0.050505,True,Pooled_H_plus_CSI_nonSOE,0.1377140162977291,0.092908,0.04480601629772911,16601423986.64979,16601423986.64979,1,0,,1.0
601899.SH,紫金矿业,CSI,地方国有企业,材料,有色金属,材料--有色金属--贵金属--黄金,2019,,,,,,,,,,123831000000.0,,0.050163348,4283957365.0,1927817536.0,target_year,,,,,,,,,,SOE_target,0.07092999999999999,0.093494,25.44958498,0.135006124,0.167062795,1.048438121,-0.060014627,0.349933684,0.581201238,0.818005224,0.069178863,True,Pooled_H_plus_CSI_nonSOE,0.2506203736641952,0.093494,0.1571263736641952,19457115977.210957,19457115977.210957,1,0,,1.0
601899.SH,紫金矿业,CSI,地方国有企业,材料,有色金属,材料--有色金属--贵金属--黄金,2020,,,,,,,,,,182313000000.0,,0.046235297,6508553913.0,1920753386.0,target_year,,,,,,,,,,SOE_target,0.079348,0.120837,25.54218314,0.147075799,0.15478921,1.149911991,-0.038506206,0.359373782,0.539052237,0.857077928,0.096066464,True,Pooled_H_plus_CSI_nonSOE,0.267751019630083,0.120837,0.14691401963008302,26784335660.819324,26784335660.819324,1,0,,1.0
601899.SH,紫金矿业,CSI,地方国有企业,材料,有色金属,材料--有色金属--贵金属--黄金,2021,,,,,,,,,,208595000000.0,,0.0852602,15672870591.0,2111953389.0,target_year,,,,,,,,,,SOE_target,0.133764,0.24570799999999998,25.9289922,0.154732825,0.159708925,1.120395812,-0.042637039,0.349846763,0.590833682,0.834736234,0.076167844,True,Pooled_H_plus_CSI_nonSOE,0.26108017872099665,0.24570799999999998,0.015372178720996665,3206559620.306299,3206559620.306299,1,0,,1.0
601899.SH,紫金矿业,CSI,地方国有企业,材料,有色金属,材料--有色金属--贵金属--黄金,2022,,,,,,,,,,306044000000.0,,0.075917288,20042045977.0,3191995016.0,target_year,,,,,,,,,,SOE_target,0.123702,0.25056100000000003,26.06365887,0.150787193,0.168216562,1.151690576,-0.015523729,0.355451102,0.55465225,0.935626067,0.096591957,True,Pooled_H_plus_CSI_nonSOE,0.26508987859556876,0.25056100000000003,0.014528878595568728,4446476120.902236,4446476120.902236,1,0,,1.0
601899.SH,紫金矿业,CSI,地方国有企业,材料,有色金属,材料--有色金属--贵金属--黄金,2023,,,,,,,,,,343005706012.0,,0.075169,21119419571.0,4663911436.0,target_year,,,,,,,,,,SOE_target,0.104795,0.215012,26.446995,0.157798,0.153058,1.050558,0.027691,0.309148,0.593342,1.119075,0.081016,True,Pooled_H_plus_CSI_nonSOE,0.2495279322557699,0.215012,0.034515932255769904,11839161712.05272,11839161712.05272,1,0,,1.0
601899.SH,紫金矿业,CSI,地方国有企业,材料,有色金属,材料--有色金属--贵金属--黄金,2024,,,,,,,,,,396610730026.0,,0.09228,32050602437.0,4548705755.0,target_year,,,,,,,,,,SOE_target,0.135342,0.25921299999999997,26.561013,0.169325,0.159476,0.904101,-0.019107,0.342247,0.596617,0.922147,0.088712,True,Pooled_H_plus_CSI_nonSOE,0.2317129710722581,0.25921299999999997,-0.027500028927741865,-10906806548.767818,0.0,1,0,,1.0
601899.SH,紫金矿业,CSI,地方国有企业,材料,有色金属,材料--有色金属--贵金属--黄金,2025,,,,,,,,,,512005142450.0,,0.108807,51777327785.0,3932640491.0,target_year,,,,,,,,,,SOE_target,0.18064699999999997,0.318309,26.706221,0.169614,0.15747,0.821074,-0.002131,0.333734,0.551876,0.991529,0.062524,True,Pooled_H_plus_CSI_nonSOE,0.23139870091589027,0.318309,-0.08691029908410974,-44498520062.93172,0.0,1,0,,1.0
601919.SH,中远海控,CSI,中央国有企业,工业,交通运输,工业--交通运输--海上运输Ⅲ--海上运输Ⅳ,2019,,,,,,,,,,262224000000.0,,0.046345211,6690106000.0,5462722000.0,target_year,,,,,,,,,,SOE_target,0.034775,0.229719,26.15324199,0.1381701,0.111099702,0.666100324,-0.126402542,0.505757923,0.752993999,0.675445454,0.08717098,True,Pooled_H_plus_CSI_nonSOE,0.019566142289954055,0.229719,-0.21015285771004594,-55107122960.15909,0.0,1,0,,1.0
601919.SH,中远海控,CSI,中央国有企业,工业,交通运输,工业--交通运输--海上运输Ⅲ--海上运输Ⅳ,2020,,,,,,,,,,271926000000.0,,0.051028303,9927098000.0,3948828000.0,target_year,,,,,,,,,,SOE_target,0.064635,0.250452,26.29246505,0.155552982,0.108646931,0.613990479,0.006206761,0.397290073,0.736388625,1.023095445,0.042264429,True,Pooled_H_plus_CSI_nonSOE,0.022389092859490284,0.250452,-0.22806290714050972,-62016234087.09025,0.0,1,0,,1.0
601919.SH,中远海控,CSI,中央国有企业,工业,交通运输,工业--交通运输--海上运输Ⅲ--海上运输Ⅳ,2021,,,,,,,,,,413668000000.0,,0.224550922,89296138000.0,3593411000.0,target_year,,,,,,,,,,SOE_target,0.380517,1.008949,26.32879608,0.215275282,0.123286456,0.641238606,-0.007594321,0.378170712,0.710593928,0.972104244,0.024524221,True,Pooled_H_plus_CSI_nonSOE,0.04044676768377421,1.008949,-0.9685022323162259,-400638381437.7885,0.0,1,0,,1.0
601919.SH,中远海控,CSI,中央国有企业,工业,交通运输,工业--交通运输--海上运输Ⅲ--海上运输Ⅳ,2022,,,,,,,,,,511780000000.0,,0.221511332,109684000000.0,3680840000.0,target_year,,,,,,,,,,SOE_target,0.357707,0.657821,26.74832975,0.303105964,0.15352339,0.97344357,0.196168556,0.257317874,0.567623053,1.668671798,0.023085939,True,Pooled_H_plus_CSI_nonSOE,0.10863644481056273,0.657821,-0.5491845551894372,-281061671654.85016,0.0,1,0,,1.0
601919.SH,中远海控,CSI,中央国有企业,工业,交通运输,工业--交通运输--海上运输Ⅲ--海上运输Ⅳ,2023,,,,,,,,,,462429381000.0,,0.059367,23860258000.0,3592746000.0,target_year,,,,,,,,,,SOE_target,0.059946,0.120355,26.96116,0.333016,0.180808,0.845123,0.198677,0.233535,0.504624,1.63763,0.0205,True,Pooled_H_plus_CSI_nonSOE,0.10395397558017322,0.120355,-0.016401024419826785,-7584315570.226384,0.0,0,1,FirmSize_lag,1.0
601919.SH,中远海控,CSI,中央国有企业,工业,交通运输,工业--交通运输--海上运输Ⅲ--海上运输Ⅳ,2024,,,,,,,,,,497472214000.0,,0.104992,49172465000.0,3058232000.0,target_year,,,,,,,,,,SOE_target,0.13303,0.228293,26.85976,0.144337,0.114556,0.360185,0.162486,0.280678,0.47404,1.590121,0.033131,True,Pooled_H_plus_CSI_nonSOE,0.025917768272412142,0.228293,-0.20237523172758787,-100676054586.28618,0.0,0,1,FirmSize_lag,1.0
601919.SH,中远海控,CSI,中央国有企业,工业,交通运输,工业--交通运输--海上运输Ⅲ--海上运输Ⅳ,2025,,,,,,,,,,483758024000.0,,0.07002,30859651000.0,3013024000.0,target_year,,,,,,,,,,SOE_target,0.080724,0.13218,26.932806,0.16836,0.116886,0.487256,0.167499,0.303861,0.426986,1.678604,0.052262,True,Pooled_H_plus_CSI_nonSOE,0.048048775746194414,0.13218,-0.08413122425380558,-40699154801.72186,0.0,0,1,FirmSize_lag,1.0
601985.SH,中国核电,CSI,中央国有企业,公用事业,公用事业Ⅱ,公用事业--公用事业Ⅱ--电力--电力公用事业,2019,,,,,,,,,,347639000000.0,,0.033423197,4612558850.0,7006645806.0,target_year,,,,,,,,,,SOE_target,0.051093,0.095614,26.50240634,0.065305579,0.148389593,0.123797436,-0.015956505,0.849558327,0.741652254,0.86858063,0.071637094,True,Pooled_H_plus_CSI_nonSOE,0.06602792766430578,0.095614,-0.029586072335694227,-10285272600.708406,0.0,0,1,FixedAssetsRatio_lag,1.0
601985.SH,中国核电,CSI,中央国有企业,公用事业,公用事业Ⅱ,公用事业--公用事业Ⅱ--电力--电力公用事业,2020,,,,,,,,,,381746000000.0,,0.033938319,5995452045.0,6960364749.0,target_year,,,,,,,,,,SOE_target,0.036137999999999997,0.099496,26.57443023,0.067481903,0.143602423,0.135640693,-0.019129801,0.828426352,0.740297102,0.863979538,0.070616627,True,Pooled_H_plus_CSI_nonSOE,0.06708010499953652,0.099496,-0.03241589500046348,-12374638252.84693,0.0,0,1,FixedAssetsRatio_lag,1.0
601985.SH,中国核电,CSI,中央国有企业,公用事业,公用事业Ⅱ,公用事业--公用事业Ⅱ--电力--电力公用事业,2021,,,,,,,,,,409621000000.0,,0.036396898,8038084942.0,6870862905.0,target_year,,,,,,,,,,SOE_target,0.04185,0.109671,26.66802123,0.067942863,0.126082379,0.141686299,-0.007015087,0.817627022,0.694850283,0.950978047,0.062692714,True,Pooled_H_plus_CSI_nonSOE,0.07553673204322663,0.109671,-0.03413426795677338,-13982112974.721468,0.0,0,1,FixedAssetsRatio_lag,1.0
601985.SH,中国核电,CSI,中央国有企业,公用事业,公用事业Ⅱ,公用事业--公用事业Ⅱ--电力--电力公用事业,2022,,,,,,,,,,464620000000.0,,0.036921229,9009829595.0,8144511017.0,target_year,,,,,,,,,,SOE_target,0.044770000000000004,0.109367,26.73849912,0.066112516,0.130392082,0.155949917,-0.018961189,0.805403382,0.694160724,0.88155248,0.061331462,True,Pooled_H_plus_CSI_nonSOE,0.07609715203893808,0.109367,-0.03326984796106193,-15457836759.668594,0.0,0,1,FixedAssetsRatio_lag,1.0
601985.SH,中国核电,CSI,中央国有企业,公用事业,公用事业Ⅱ,公用事业--公用事业Ⅱ--电力--电力公用事业,2023,,,,,,,,,,539267250476.02,,0.033241,10623826706.6,7301743750.68,target_year,,,,,,,,,,SOE_target,0.045784000000000005,0.11831200000000001,26.864486,0.064424,0.129341,0.161085,-0.017598,0.79749,0.681741,0.889415,0.108712,True,Pooled_H_plus_CSI_nonSOE,0.07081582613606623,0.11831200000000001,-0.04749617386393379,-25613131087.734577,0.0,0,2,"FirmSize_lag, FixedAssetsRatio_lag",1.0
601985.SH,中国核电,CSI,中央国有企业,公用事业,公用事业Ⅱ,公用事业--公用事业Ⅱ--电力--电力公用事业,2024,,,,,,,,,,659739168841.27,,0.023677,8777342050.34,6843597272.48,target_year,,,,,,,,,,SOE_target,0.049053000000000006,0.087264,27.013477,0.064166,0.121904,0.147279,-0.05444,0.798297,0.698113,0.699198,0.124429,True,Pooled_H_plus_CSI_nonSOE,0.06863831470985705,0.087264,-0.01862568529014294,-12288094132.417973,0.0,0,2,"FirmSize_lag, FixedAssetsRatio_lag",1.0
601985.SH,中国核电,CSI,中央国有企业,公用事业,公用事业Ⅱ,公用事业--公用事业Ⅱ--电力--电力公用事业,2025,,,,,,,,,,749261994107.31,,0.021539,9304211536.74,6834483614.48,target_year,,,,,,,,,,SOE_target,0.042759,0.081283,27.21511,0.066502,0.118327,0.127097,-0.026619,0.780601,0.68265,0.827394,0.137491,True,Pooled_H_plus_CSI_nonSOE,0.068091624376999,0.081283,-0.01319137562300099,-9883796404.30828,0.0,0,2,"FirmSize_lag, FixedAssetsRatio_lag",1.0
603019.SH,中科曙光,CSI,中央国有企业,信息技术,硬件设备,信息技术--硬件设备--电脑与外围设备--电脑硬件、储存设备及电脑周边,2019,,,,,,,,,,16769281027.0,,0.046053914,593633044.8,178657973.6,target_year,,,,,,,,,,SOE_target,0.058621999999999994,0.145814,23.30100268,0.0077991,0.161142974,0.775761243,0.22087728,0.104489626,0.692376064,1.556652795,0.048115164,True,Pooled_H_plus_CSI_nonSOE,0.14838051058569068,0.145814,0.0025665105856906845,43038537.270217456,43038537.270217456,1,0,,1.0
603019.SH,中科曙光,CSI,中央国有企业,信息技术,硬件设备,信息技术--硬件设备--电脑与外围设备--电脑硬件、储存设备及电脑周边,2020,,,,,,,,,,20963979137.0,,0.039996011,822381760.3,16093782.61,target_year,,,,,,,,,,SOE_target,0.055788000000000004,0.103103,23.54281454,0.007820415,0.145048886,0.634093523,0.239751642,0.097377554,0.724420087,1.686252249,0.044994331,True,Pooled_H_plus_CSI_nonSOE,0.12651002591181043,0.103103,0.02340702591181043,490704402.8744123,490704402.8744123,1,0,,1.0
603019.SH,中科曙光,CSI,中央国有企业,信息技术,硬件设备,信息技术--硬件设备--电脑与外围设备--电脑硬件、储存设备及电脑周边,2021,,,,,,,,,,26121984763.0,,0.038917893,1157781112.0,-141168510.7,target_year,,,,,,,,,,SOE_target,0.06096599999999999,0.095297,23.76607152,0.0072491,0.129289002,0.536679608,0.5056888,0.074705179,0.429743553,3.876764347,0.026434258,True,Pooled_H_plus_CSI_nonSOE,0.14251446311588348,0.095297,0.04721746311588347,1233413852.0606225,1233413852.0606225,1,0,,1.0
603019.SH,中科曙光,CSI,中央国有企业,信息技术,硬件设备,信息技术--硬件设备--电脑与外围设备--电脑硬件、储存设备及电脑周边,2022,,,,,,,,,,31810174007.0,,0.045421863,1544219003.0,-99341626.16,target_year,,,,,,,,,,SOE_target,0.06579,0.104033,23.98604312,0.006334817,0.108896372,0.47400165,0.420008992,0.077714723,0.499409101,2.965212884,0.062330355,True,Pooled_H_plus_CSI_nonSOE,0.129006896774525,0.104033,0.02497389677452501,794424002.0304966,794424002.0304966,1,0,,1.0
603019.SH,中科曙光,CSI,中央国有企业,信息技术,硬件设备,信息技术--硬件设备--电脑与外围设备--电脑硬件、储存设备及电脑周边,2023,,,,,,,,,,31615458539.32,,0.05553,1835900702.06,-80304736.43,target_year,,,,,,,,,,SOE_target,0.068714,0.10294600000000001,24.183052,0.006852,0.117158,0.447215,0.330217,0.078245,0.442298,2.663063,0.084412,True,Pooled_H_plus_CSI_nonSOE,0.13544121312470575,0.10294600000000001,0.03249521312470574,1027351063.2705015,1027351063.2705015,1,0,,1.0
603019.SH,中科曙光,CSI,中央国有企业,信息技术,硬件设备,信息技术--硬件设备--电脑与外围设备--电脑硬件、储存设备及电脑周边,2024,,,,,,,,,,36617491563.87,,0.050742,1911152257.13,-53100633.56,target_year,,,,,,,,,,SOE_target,0.06714,0.09787699999999999,24.176912,0.007472,0.108206,0.45091,0.314399,0.090495,0.383821,2.992228,0.068542,True,Pooled_H_plus_CSI_nonSOE,0.14536747927378668,0.09787699999999999,0.04749047927378669,1738982224.1720273,1738982224.1720273,1,0,,1.0
603019.SH,中科曙光,CSI,中央国有企业,信息技术,硬件设备,信息技术--硬件设备--电脑与外围设备--电脑硬件、储存设备及电脑周边,2025,,,,,,,,,,40953741117.01,,0.051483,2176292865.25,-67880099.25,target_year,,,,,,,,,,SOE_target,0.062329999999999997,0.102089,24.323792,0.005798,0.114376,0.383723,0.229408,0.098389,0.417578,2.503729,0.023476,True,Pooled_H_plus_CSI_nonSOE,0.14328010959654916,0.102089,0.04119110959654916,1686930038.7394607,1686930038.7394607,1,0,,1.0
603369.SH,今世缘,CSI,地方国有企业,日常消费,食品饮料,日常消费--食品饮料--饮料--白酒与葡萄酒,2019,,,,,,,,,,10062294426.0,,0.144971709,1458097936.0,650083.33,target_year,,,,,,,,,,SOE_target,0.20241399999999998,0.21924700000000003,22.87359084,0.004647124,0.118716357,0.39261743,0.437826307,0.123350825,0.288617426,2.527404298,0.02385493,True,Pooled_H_plus_CSI_nonSOE,0.18693031027997165,0.21924700000000003,-0.03231668972002838,-325180046.83661306,0.0,1,0,,1.0
603369.SH,今世缘,CSI,地方国有企业,日常消费,食品饮料,日常消费--食品饮料--饮料--白酒与葡萄酒,2020,,,,,,,,,,11851101844.0,,0.132767611,1566907818.0,6534659.97,target_year,,,,,,,,,,SOE_target,0.187577,0.202526,23.03206105,0.005205694,0.109737598,0.427747232,0.369028646,0.111611,0.283834551,2.336807766,0.014921261,True,Pooled_H_plus_CSI_nonSOE,0.19786549151823296,0.202526,-0.004660508481767051,-55232160.662247136,0.0,1,0,,1.0
603369.SH,今世缘,CSI,地方国有企业,日常消费,食品饮料,日常消费--食品饮料--饮料--白酒与葡萄酒,2021,,,,,,,,,,14433697119.0,,0.136075632,2029127929.0,-65053472.68,target_year,,,,,,,,,,SOE_target,0.205399,0.23105,23.19568668,0.004661291,0.106852675,0.385834782,0.417382351,0.126780398,0.302399008,2.425192333,0.033352504,True,Pooled_H_plus_CSI_nonSOE,0.18546703515050567,0.23105,-0.04558296484949434,-657930708.4236248,0.0,1,0,,1.0
603369.SH,今世缘,CSI,地方国有企业,日常消费,食品饮料,日常消费--食品饮料--饮料--白酒与葡萄酒,2022,,,,,,,,,,18183711058.0,,0.132137809,2502789291.0,-100033561.7,target_year,,,,,,,,,,SOE_target,0.204044,0.24583200000000002,23.39283139,0.005106391,0.106913309,0.403319474,0.343201835,0.13995768,0.355876741,1.99477757,0.039951176,True,Pooled_H_plus_CSI_nonSOE,0.18358476743913715,0.24583200000000002,-0.06224723256086287,-1131885691.0468597,0.0,1,0,,1.0
603369.SH,今世缘,CSI,地方国有企业,日常消费,食品饮料,日常消费--食品饮料--饮料--白酒与葡萄酒,2023,,,,,,,,,,21630647731.29,,0.136515,3136042999.78,-183138913.29,target_year,,,,,,,,,,SOE_target,0.20906400000000003,0.257564,23.623792,0.005416,0.105461,0.405134,0.259668,0.163857,0.391503,1.680295,0.063079,True,Pooled_H_plus_CSI_nonSOE,0.17911180483341543,0.257564,-0.07845219516658458,-1696971797.394803,0.0,1,0,,1.0
603369.SH,今世缘,CSI,地方国有企业,日常消费,食品饮料,日常消费--食品饮料--饮料--白酒与葡萄酒,2024,,,,,,,,,,24221898385.69,,0.13537,3411925268.61,-133006465.89,target_year,,,,,,,,,,SOE_target,0.19253599999999998,0.23742999999999997,23.797377,0.006797,0.100594,0.432038,0.220588,0.229512,0.385741,1.585996,0.101447,True,Pooled_H_plus_CSI_nonSOE,0.17807362203763236,0.23742999999999997,-0.05935637796236762,-1437724155.5470777,0.0,1,0,,1.0
603369.SH,今世缘,CSI,地方国有企业,日常消费,食品饮料,日常消费--食品饮料--饮料--白酒与葡萄酒,2025,,,,,,,,,,25899040538.78,,0.097322,2603690665.79,-83151223.46,target_year,,,,,,,,,,SOE_target,0.134739,0.16264800000000001,23.910523,0.007719,0.097008,0.430028,0.229316,0.272964,0.361997,1.663303,0.074998,True,Pooled_H_plus_CSI_nonSOE,0.18376088136508503,0.16264800000000001,0.021112881365085018,546803370.3647897,546803370.3647897,1,0,,1.0
688009.SH,中国通号,CSI,中央国有企业,工业,电气设备,工业--电气设备--电气设备Ⅲ--电气部件与设备,2019,,,,,,,,,,97512591304.0,,0.040378019,3815874901.0,121490364.0,target_year,,,,,,,,,,SOE_target,0.054669999999999996,0.108981,25.10126608,0.112768212,0.075162529,0.565471287,0.222678652,0.057931624,0.620072312,1.372498386,0.013432789,True,Pooled_H_plus_CSI_nonSOE,0.1591759192227385,0.108981,0.0501949192227385,4894636643.704192,4894636643.704192,1,0,,1.0
688009.SH,中国通号,CSI,中央国有企业,工业,电气设备,工业--电气设备--电气设备Ⅲ--电气部件与设备,2020,,,,,,,,,,105328000000.0,,0.036664884,3819046319.0,42795594.41,target_year,,,,,,,,,,SOE_target,0.045983,0.091274,25.30324735,0.09638352,0.069863037,0.470071921,0.294788513,0.046045731,0.561854761,1.555377083,0.008409159,True,Pooled_H_plus_CSI_nonSOE,0.1527315392636418,0.091274,0.06145753926364181,6473199695.560864,6473199695.560864,1,0,,1.0
688009.SH,中国通号,CSI,中央国有企业,工业,电气设备,工业--电气设备--电气设备Ⅲ--电气部件与设备,2021,,,,,,,,,,108943000000.0,,0.030924685,3274672689.0,94342569.44,target_year,,,,,,,,,,SOE_target,0.036272,0.07605100000000001,25.38034591,0.078313323,0.069189957,0.395625552,0.256343946,0.05340966,0.579434691,1.46497188,0.016604732,True,Pooled_H_plus_CSI_nonSOE,0.13849471069426492,0.07605100000000001,0.06244371069426491,6802805174.165302,6802805174.165302,0,1,HHI_lag,1.0
688009.SH,中国通号,CSI,中央国有企业,工业,电气设备,工业--电气设备--电气设备Ⅲ--电气部件与设备,2022,,,,,,,,,,116807000000.0,,0.03205844,3633640259.0,110995320.5,target_year,,,,,,,,,,SOE_target,0.039245999999999996,0.081766,25.41408687,0.052156644,0.081262738,0.358035908,0.261945955,0.050393267,0.583529486,1.479651178,0.007981433,True,Pooled_H_plus_CSI_nonSOE,0.13093239733468487,0.081766,0.049166397334684864,5742979373.472535,5742979373.472535,1,0,,1.0
688009.SH,中国通号,CSI,中央国有企业,工业,电气设备,工业--电气设备--电气设备Ⅲ--电气部件与设备,2023,,,,,,,,,,118990487731.74,,0.029868,3477326647.54,76697247.11,target_year,,,,,,,,,,SOE_target,0.036031,0.07548300000000001,25.483785,0.031068,0.108841,0.356176,0.232672,0.046851,0.595248,1.416564,0.006061,True,Pooled_H_plus_CSI_nonSOE,0.12774691086388865,0.07548300000000001,0.05226391086388864,6218908244.462295,6218908244.462295,1,0,,1.0
688009.SH,中国通号,CSI,中央国有企业,工业,电气设备,工业--电气设备--电气设备Ⅲ--电气部件与设备,2024,,,,,,,,,,117890875515.13,,0.030092,3494725837.36,52849365.13,target_year,,,,,,,,,,SOE_target,0.036261999999999996,0.0737,25.502309,0.024756,0.112299,0.313848,0.220738,0.046415,0.589254,1.396501,0.00572,True,Pooled_H_plus_CSI_nonSOE,0.12274936959939425,0.0737,0.04904936959939425,5782473125.53779,5782473125.53779,1,0,,1.0
688009.SH,中国通号,CSI,中央国有企业,工业,电气设备,工业--电气设备--电气设备Ⅲ--电气部件与设备,2025,,,,,,,,,,118321690651.9,,0.031924,3686410571.89,90856906.74,target_year,,,,,,,,,,SOE_target,0.039783,0.075334,25.493025,0.023985,0.107313,0.274171,0.236504,0.048914,0.572182,1.440999,0.007286,True,Pooled_H_plus_CSI_nonSOE,0.11953870800090925,0.075334,0.044204708000909254,5230375785.441154,5230375785.441154,1,0,,1.0
688187.SH,时代电气,CSI,中央国有企业,工业,电气设备,工业--电气设备--电气设备Ⅲ--电气部件与设备,2019,,,,,,,,,,32985615356.0,,0.081390133,2659163867.0,25539769.0,target_year,,,,,,,,,,SOE_target,0.094467,0.127431,24.09175139,0.044315661,0.075162529,0.562382467,0.542306516,0.103897947,0.306910795,3.009164305,0.023124896,True,Pooled_H_plus_CSI_nonSOE,0.1730617168538074,0.127431,0.0456307168538074,1505157274.5582373,1505157274.5582373,1,0,,1.0
688187.SH,时代电气,CSI,中央国有企业,工业,电气设备,工业--电气设备--电气设备Ⅲ--电气部件与设备,2020,,,,,,,,,,33865721258.0,,0.073569155,2475454606.0,16017904.0,target_year,,,,,,,,,,SOE_target,0.08407999999999999,0.108186,24.21933741,0.03773342,0.069863037,0.525771381,0.527282997,0.093215346,0.327092161,2.853868965,0.022752527,True,Pooled_H_plus_CSI_nonSOE,0.1667115691484053,0.108186,0.05852556914840529,1982010611.245698,1982010611.245698,1,0,,1.0
688187.SH,时代电气,CSI,中央国有企业,工业,电气设备,工业--电气设备--电气设备Ⅲ--电气部件与设备,2021,,,,,,,,,,44150745227.0,,0.046177335,2017694796.0,21068951.0,target_year,,,,,,,,,,SOE_target,0.052518,0.071456,24.24566917,0.031294312,0.069189957,0.479688199,0.547696637,0.129781827,0.283653514,3.354619665,0.054779891,True,Pooled_H_plus_CSI_nonSOE,0.1567594614674609,0.071456,0.08530346146746089,3766211394.231077,3766211394.231077,0,1,HHI_lag,1.0
688187.SH,时代电气,CSI,中央国有企业,工业,电气设备,工业--电气设备--电气设备Ⅲ--电气部件与设备,2022,,,,,,,,,,48509554784.0,,0.053119178,2555823375.0,20964320.0,target_year,,,,,,,,,,SOE_target,0.059538,0.076121,24.51087564,0.020560593,0.081262738,0.387640407,0.577379598,0.110659814,0.245932447,3.785604226,0.022060856,True,Pooled_H_plus_CSI_nonSOE,0.1518223567991675,0.076121,0.07570135679916751,3672239114.872347,3672239114.872347,1,0,,1.0
688187.SH,时代电气,CSI,中央国有企业,工业,电气设备,工业--电气设备--电气设备Ⅲ--电气部件与设备,2023,,,,,,,,,,53404847387.0,,0.059038,3105703645.0,47187001.0,target_year,,,,,,,,,,SOE_target,0.061758,0.08699899999999999,24.605027,0.013936,0.108841,0.389245,0.510029,0.108352,0.272396,3.114295,0.019655,True,Pooled_H_plus_CSI_nonSOE,0.15416357995774613,0.08699899999999999,0.06716457995774613,3586914142.4553914,3586914142.4553914,1,0,,1.0
688187.SH,时代电气,CSI,中央国有企业,工业,电气设备,工业--电气设备--电气设备Ⅲ--电气部件与设备,2024,,,,,,,,,,64802246319.0,,0.057745,3702585914.0,39387935.0,target_year,,,,,,,,,,SOE_target,0.06887800000000001,0.09446099999999999,24.701167,0.014584,0.112299,0.427789,0.450948,0.1216,0.293762,2.792924,0.05581,True,Pooled_H_plus_CSI_nonSOE,0.15390648599559142,0.09446099999999999,0.059445485995591435,3852201026.038981,3852201026.038981,1,0,,1.0
688187.SH,时代电气,CSI,中央国有企业,工业,电气设备,工业--电气设备--电气设备Ⅲ--电气部件与设备,2025,,,,,,,,,,72084237098.0,,0.057194,4096540421.0,26238709.0,target_year,,,,,,,,,,SOE_target,0.06713,0.09752000000000001,24.894606,0.018398,0.107313,0.421446,0.427513,0.168321,0.309246,2.479153,0.053247,True,Pooled_H_plus_CSI_nonSOE,0.15397073336791825,0.09752000000000001,0.05645073336791824,4069208048.4489985,4069208048.4489985,1,0,,1.0
688396.SH,华润微,CSI,中央国有企业,信息技术,半导体,信息技术--半导体--半导体产品--集成电路,2020,,,,,,,,,,16532495767.0,,0.051034764,963661634.4,-119929609.6,target_year,,,,,,,,,,SOE_target,0.08154299999999999,0.12041299999999999,23.03533458,0.08050321,0.169245785,0.565193741,0.308438292,0.426422857,0.366949986,2.573627749,0.060653362,True,Pooled_H_plus_CSI_nonSOE,0.11183482541003882,0.12041299999999999,-0.008578174589961171,-141818635.09712002,0.0,1,0,,1.0
688396.SH,华润微,CSI,中央国有企业,信息技术,半导体,信息技术--半导体--半导体产品--集成电路,2021,,,,,,,,,,22191209564.0,,0.095861013,2267920400.0,-140648576.5,target_year,,,,,,,,,,SOE_target,0.121587,0.162735,23.52859372,0.076520316,0.155238897,0.518895343,0.476678499,0.288458562,0.286207979,3.597830673,0.034637275,True,Pooled_H_plus_CSI_nonSOE,0.11717644859636864,0.162735,-0.04555855140363135,-1010999361.6302497,0.0,1,0,,1.0
688396.SH,华润微,CSI,中央国有企业,信息技术,半导体,信息技术--半导体--半导体产品--集成电路,2022,,,,,,,,,,26457799587.0,,0.087533745,2617079980.0,-301129708.7,target_year,,,,,,,,,,SOE_target,0.10905300000000001,0.140437,23.82296208,0.074435868,0.127200785,0.473296709,0.467761071,0.225283176,0.211380859,3.407609318,0.057039825,True,Pooled_H_plus_CSI_nonSOE,0.12565477744404507,0.140437,-0.014782222555954933,-391105081.8358865,0.0,1,0,,1.0
688396.SH,华润微,CSI,中央国有企业,信息技术,半导体,信息技术--半导体--半导体产品--集成电路,2023,,,,,,,,,,29215259820.18,,0.042254,1479265748.53,-244794478.16,target_year,,,,,,,,,,SOE_target,0.060594999999999996,0.071223,23.998817,0.071578,0.113252,0.409656,0.460362,0.239196,0.217785,3.725747,0.080692,True,Pooled_H_plus_CSI_nonSOE,0.11152161611807389,0.071223,0.04029861611807389,1177334540.2832224,1177334540.2832224,1,0,,1.0
688396.SH,华润微,CSI,中央国有企业,信息技术,半导体,信息技术--半导体--半导体产品--集成电路,2024,,,,,,,,,,29106829546.42,,0.021943,762459866.87,-123759891.25,target_year,,,,,,,,,,SOE_target,0.023006000000000002,0.034765000000000004,24.097957,0.068644,0.109637,0.35265,0.405247,0.250068,0.191161,3.774064,0.178145,True,Pooled_H_plus_CSI_nonSOE,0.09466766012839936,0.034765000000000004,0.05990266012839936,1743576517.7344496,1743576517.7344496,1,0,,1.0
688396.SH,华润微,CSI,中央国有企业,信息技术,半导体,信息技术--半导体--半导体产品--集成电路,2025,,,,,,,,,,30589736143.75,,0.016086,660543164.52,-168487952.9,target_year,,,,,,,,,,SOE_target,0.018557,0.029171999999999997,24.094239,0.056819,0.111057,0.344124,0.316661,0.278279,0.165283,3.230072,0.053891,True,Pooled_H_plus_CSI_nonSOE,0.1192615275009728,0.029171999999999997,0.0900895275009728,2755814875.569867,2755814875.569867,1,0,,1.0
