市场,证券代码,证券简称,一级行业,二级行业,行业全路径,企业所有制性质,资产总计_2022,营业收入_2022,归母净利润_2023,利息支出_2023,资产总计_2023,EBI_A_2023,FirmSize_2022,MarketShare_2022_二级行业,HHI_2022_二级行业,AssetTurnover_2022,WorkingCapitalRatio_2022,FixedAssetsRatio_2022,FinancialLeverage_2022,CurrentRatio_2022,CapexRatio_2022,Revenue Growth Rate
H,0038.HK,第一拖拉机股份,工业,机械,工业--机械--机械Ⅲ--农用农业机械,中央国有企业,"12,986,142,323.23","12,455,465,114.62","997,022,699.99","27,184,471.86","13,817,261,971.79",0.074125,23.287149,0.015529,0.173188,0.983621,0.135094,0.187763,0.499684,1.286290,0.007253,35.2512
H,0042.HK,东北电气,工业,电气设备,工业--电气设备--电气设备Ⅲ--电气部件与设备,公众企业,"181,481,000.00","161,003,000.00","-5,956,000.00","397,000.00","181,530,000.00",-0.030623,19.016662,0.000213,0.231604,0.850248,-1.108860,0.215609,2.063638,0.342462,0.000909,34.7475
H,0107.HK,四川成渝高速公路,工业,交通运输,工业--交通运输--交通基础设施--公路与铁路,地方国有企业,"40,068,636,000.00","9,763,056,000.00","1,190,814,000.00","937,869,000.00","57,640,787,000.00",0.036930,24.413860,0.008721,0.199436,0.241911,0.027955,0.018871,0.532786,1.300300,0.003926,10.5632
H,0168.HK,青岛啤酒股份,日常消费,食品饮料,日常消费--食品饮料--饮料--啤酒,地方国有企业,"50,311,699,796.00","32,171,565,624.00","4,267,851,406.00","16,430,590.00","49,256,011,349.00",0.086980,24.641503,0.126786,0.292355,0.664189,0.245086,0.227891,0.477809,1.626821,0.035382,6.6456
H,0177.HK,江苏宁沪高速公路,工业,交通运输,工业--交通运输--交通基础设施--公路与铁路,地方国有企业,"78,458,345,074.07","13,255,603,107.72","4,413,271,587.29","1,076,088,753.42","78,661,443,944.36",0.069785,25.085834,0.011841,0.199436,0.181434,-0.054283,0.104956,0.516300,0.687869,0.051481,-7.0469
H,0187.HK,京城机电股份,工业,机械,工业--机械--机械Ⅲ--工业机械,地方国有企业,"2,434,589,099.53","1,372,261,232.14","-51,675,143.59","18,182,783.46","2,812,343,564.88",-0.011909,21.613044,0.001711,0.173188,0.685610,0.182102,0.268646,0.422292,1.715434,0.039053,16.0313
H,0300.HK,美的集团,可选消费,家电Ⅱ,可选消费--家电Ⅱ--家电Ⅲ--家用电器,民营企业,"422,550,912,000.00","345,708,706,000.00","33,721,536,000.00","3,937,526,000.00","486,036,015,000.00",0.077482,26.769576,0.520074,0.417081,0.853086,0.129588,0.069072,0.640468,1.265373,0.017399,1.1579
H,0317.HK,中船防务,工业,机械,工业--机械--机械Ⅲ--建筑机械与重型卡车,中央国有企业,"46,479,786,644.65","12,795,124,917.87","48,067,553.44","114,747,863.08","50,862,502,007.57",0.003201,24.562283,0.015953,0.173188,0.282001,0.031923,0.121164,0.596584,1.060907,0.005179,9.6262
H,0323.HK,马鞍山钢铁股份,材料,钢铁Ⅱ,材料--钢铁Ⅱ--钢铁Ⅲ--钢铁Ⅳ,中央国有企业,"96,887,310,222.00","102,153,602,375.00","-1,327,161,500.00","506,684,523.00","84,552,252,935.00",-0.009704,25.296814,0.378645,0.397773,1.086191,-0.153111,0.518008,0.656033,0.726056,0.086102,-10.2745
H,0338.HK,上海石油化工股份,能源,石油石化,能源--石油石化--石油天然气--石油天然气炼制和销售,中央国有企业,"41,136,717,000.00","82,443,156,000.00","-1,346,147,000.00","145,313,000.00","39,564,231,000.00",-0.030352,24.440167,0.012224,0.464320,1.872489,0.042968,0.387196,0.359323,1.126268,0.068963,-7.5734
H,0347.HK,鞍钢股份,材料,钢铁Ⅱ,材料--钢铁Ⅱ--钢铁Ⅲ--钢铁Ⅳ,中央国有企业,"96,935,000,000.00","131,072,000,000.00","-3,257,000,000.00","285,000,000.00","97,014,000,000.00",-0.030635,25.297306,0.485835,0.397773,1.348054,-0.071409,0.554155,0.393439,0.808541,0.043833,-3.7085
H,0357.HK,美兰空港,工业,交通运输,工业--交通运输--交通基础设施--机场服务,地方国有企业,"10,639,551,304.00","1,141,461,624.00","-136,008,897.00","139,150,026.00","11,360,952,185.00",0.000276,23.087844,0.001020,0.199436,0.104842,-0.518820,0.684983,0.585836,0.080001,0.010237,-28.9124
H,0358.HK,江西铜业股份,材料,有色金属,材料--有色金属--其他金属与采矿--铜,地方国有企业,"167,330,540,000.00","478,392,849,000.00","6,745,839,000.00","2,323,801,000.00","168,150,906,000.00",0.053938,25.843237,0.342087,0.216290,2.913785,0.140327,0.161812,0.510250,1.320747,0.031766,8.3282
H,0386.HK,中国石油化工股份,能源,石油石化,能源--石油石化--石油天然气--综合性石油天然气,中央国有企业,"1,948,640,000,000.00","3,257,356,000,000.00","58,310,000,000.00","18,069,000,000.00","2,024,696,000,000.00",0.037724,28.298153,0.482990,0.464320,1.697470,-0.074023,0.424268,0.519543,0.783865,0.088537,21.5658
H,0390.HK,中国中铁,工业,建筑,工业--建筑--建筑与工程Ⅲ--建筑与工程Ⅳ,中央国有企业,"1,613,019,000,000.00","1,154,349,000,000.00","33,483,000,000.00","15,511,000,000.00","1,829,290,000,000.00",0.026783,28.109129,0.285951,0.217081,0.776138,0.015749,0.073310,0.737815,1.029086,0.038164,7.5542
H,0438.HK,彩虹新能源,信息技术,硬件设备,信息技术--硬件设备--电子设备、仪器和元件--电子元件,中央国有企业,"6,378,244,132.56","2,470,277,467.65","-230,955,487.80","115,064,002.71","8,840,396,310.29",-0.013109,22.576159,0.002979,0.379619,0.429338,-0.105978,0.451694,0.698668,0.800152,0.085494,19.5067
H,0470.HK,先导智能,工业,机械,工业--机械--机械Ⅲ--工业机械,民营企业,"32,906,180,000.00","13,836,131,000.00","1,774,566,000.00","19,718,000.00","35,221,738,000.00",0.050943,24.216926,0.017251,0.173188,0.486277,0.229928,0.046936,0.661911,1.353394,0.029989,38.3899
H,0501.HK,豪威集团,信息技术,半导体,信息技术--半导体--半导体产品--集成电路,民营企业,"35,191,024,000.00","20,040,249,000.00","555,751,000.00","534,002,000.00","37,743,164,000.00",0.028873,24.284057,0.479638,0.286793,0.595807,0.262569,0.069384,0.485633,1.890761,0.064202,-16.7772
H,0525.HK,广深铁路股份,工业,交通运输,工业--交通运输--铁路公路运输--铁路运输,中央国有企业,"37,041,376,000.00","18,720,855,000.00","1,058,289,000.00","109,083,000.00","37,234,948,000.00",0.031352,24.335301,0.016723,0.199436,0.502946,-0.051783,0.662582,0.318243,0.784177,0.044610,-1.3437
H,0548.HK,深圳高速公路股份,工业,交通运输,工业--交通运输--交通基础设施--公路与铁路,地方国有企业,"69,201,468,263.76","9,372,582,546.59","2,327,197,196.81","1,229,267,889.23","67,507,469,090.77",0.052683,24.960288,0.008372,0.199436,0.144399,-0.201531,0.107443,0.604620,0.399991,0.030223,-13.9307
H,0552.HK,中国通信服务,通讯服务,电信服务,通讯服务--电信服务--多元电信服务--综合电信业务,中央国有企业,"110,264,105,000.00","140,745,755,000.00","3,584,391,000.00","113,734,000.00","121,789,750,000.00",0.030365,25.426144,0.197023,0.509678,1.338574,0.159667,0.060735,0.622519,1.264367,0.011119,5.0410
H,0553.HK,南京熊猫电子股份,信息技术,硬件设备,信息技术--硬件设备--通信设备Ⅲ--通信设备Ⅳ,中央国有企业,"5,863,034,744.88","4,154,295,003.26","-237,862,230.10","661,886.76","5,540,955,892.33",-0.042809,22.491933,0.005010,0.379619,0.696970,0.323193,0.145911,0.350112,1.953245,0.003489,-8.3310
H,0564.HK,中创智领,工业,机械,工业--机械--机械Ⅲ--工业机械,公众企业,"44,469,589,000.00","32,043,306,000.00","3,301,334,000.00","388,601,000.00","49,387,019,000.00",0.074715,24.518071,0.039952,0.173188,0.783456,0.328619,0.122198,0.580876,1.746132,0.031771,9.3870
H,0568.HK,山东墨龙,能源,石油石化,能源--石油石化--能源设备与服务--石油天然气设备与服务,地方国有企业,"4,038,605,559.51","2,765,645,281.40","-566,861,510.82","118,712,577.92","2,888,081,988.80",-0.155172,22.119165,0.000410,0.464320,0.651030,-0.328067,0.496253,0.774587,0.554344,0.002097,-25.9426
H,0576.HK,浙江沪杭甬,工业,交通运输,工业--交通运输--交通基础设施--公路与铁路,地方国有企业,"186,405,524,000.00","14,898,730,000.00","5,223,679,000.00","2,104,129,000.00","207,733,802,000.00",0.035275,25.951190,0.013309,0.199436,0.082154,0.240497,0.029075,0.730643,1.442553,0.008585,-8.3865
H,0579.HK,京能清洁能源,公用事业,公用事业Ⅱ,公用事业--公用事业Ⅱ--电力--独立电力生产商与能源贸易商,地方国有企业,"87,994,566,000.00","20,030,281,000.00","3,057,641,000.00","1,243,402,000.00","93,594,441,000.00",0.045954,25.200541,0.029035,0.200411,0.235608,-0.099845,0.635707,0.631413,0.678900,0.103893,7.4283
H,0588.HK,北京北辰实业股份,房地产,房地产Ⅱ,房地产--房地产Ⅱ--房地产管理和开发--房地产开发,地方国有企业,"76,112,736,000.00","12,988,940,000.00","140,407,000.00","905,566,000.00","65,155,827,000.00",0.016053,25.055481,0.020948,0.667441,0.157939,0.303420,0.033420,0.703281,1.736494,0.003276,-41.4460
H,0598.HK,中国外运,工业,交通运输,工业--交通运输--航空运输--航空货运与物流,中央国有企业,"77,825,770,522.45","108,816,723,455.02","4,221,842,492.59","519,566,444.65","75,886,622,231.81",0.062480,25.077738,0.097205,0.199436,1.430588,0.132230,0.199736,0.526269,1.366947,0.020022,-12.4904
H,0600.HK,爱芯元智,信息技术,半导体,信息技术--半导体--半导体材料与设备--半导体材料与设备Ⅳ,公众企业,"1,074,552,000.00","50,230,000.00","-752,788,000.00","163,067,000.00","2,533,166,000.00",-0.232800,20.795170,0.001202,0.286793,,-1.186870,0.021312,2.004760,0.405669,0.044150,
H,0638.HK,广和通,信息技术,硬件设备,信息技术--硬件设备--通信设备Ⅲ--通信设备Ⅳ,民营企业,"6,397,731,000.00","5,202,736,000.00","563,554,000.00","29,387,000.00","7,095,287,000.00",0.083568,22.579209,0.006274,0.379619,0.981070,0.278173,0.037195,0.620452,1.538199,0.026971,26.9558
H,0664.HK,铜师傅,可选消费,耐用消费品,可选消费--耐用消费品--休闲用品Ⅲ--休闲用品Ⅳ,公众企业,"360,001,000.00","503,185,000.00","44,131,000.00","5,000.00","417,479,000.00",0.105720,19.701617,0.664382,0.554043,,0.308599,0.463457,0.205480,2.521509,0.070655,
H,0666.HK,瑞浦兰钧,工业,电气设备,工业--电气设备--电气设备Ⅲ--电气部件与设备,民营企业,"26,441,403,000.00","14,647,778,000.00","-1,471,802,000.00","256,850,000.00","36,020,782,000.00",-0.033729,23.998197,0.019416,0.231604,0.826017,0.228400,0.330670,0.566908,1.580723,0.150649,594.4892
H,0670.HK,中国东方航空股份,工业,交通运输,工业--交通运输--航空客运Ⅲ--航空客运Ⅳ,中央国有企业,"287,984,000,000.00","46,111,000,000.00","-8,168,000,000.00","6,081,000,000.00","284,733,000,000.00",-0.007330,26.386171,0.041191,0.199436,0.159893,-0.274435,0.309767,0.887692,0.257530,0.034790,-31.3078
H,0694.HK,北京首都机场股份,工业,交通运输,工业--交通运输--交通基础设施--机场服务,中央国有企业,"33,483,400,000.00","710,728,000.00","-1,696,788,000.00","304,986,000.00","32,589,339,000.00",-0.042707,24.234316,0.000635,0.199436,0.020712,-0.359048,0.700398,0.504085,0.187119,0.015517,-47.0779
H,0696.HK,中国民航信息网络,工业,企业服务,工业--企业服务--专业服务--数据处理与外包服务,中央国有企业,"25,236,451,848.84","5,210,105,771.09","1,398,952,067.33","15,194,992.81","27,500,129,430.98",0.051423,23.951555,0.227960,0.441547,0.211159,0.461088,0.136042,0.217752,3.262672,0.011677,-4.8587
H,0699.HK,均胜电子,可选消费,汽车与零配件,可选消费--汽车与零配件--汽车零配件--汽车零配件与设备,民营企业,"54,112,094,000.00","49,793,352,000.00","1,083,191,000.00","889,772,000.00","56,886,848,000.00",0.034682,24.714324,0.045619,0.218468,0.944498,0.075781,0.239666,0.672833,1.196437,0.061057,9.3210
H,0719.HK,山东新华制药股份,医疗保健,医药生物,医疗保健--医药生物--制药--西药,地方国有企业,"8,265,131,332.13","7,502,987,102.09","496,512,201.25","41,148,585.76","8,286,166,330.90",0.064887,22.835311,0.015260,0.262081,0.962096,0.036112,0.483209,0.473704,1.094499,0.029613,14.3735
H,0728.HK,中国电信,通讯服务,电信服务,通讯服务--电信服务--多元电信服务--综合电信业务,中央国有企业,"807,698,000,000.00","481,448,000,000.00","30,446,000,000.00","2,545,000,000.00","835,814,000,000.00",0.039472,27.417454,0.673954,0.509678,0.613336,-0.174155,0.584879,0.459666,0.500722,0.111063,9.5313
H,0747.HK,沈阳公用发展股份,房地产,房地产Ⅱ,房地产--房地产Ⅱ--房地产管理和开发--多元化房地产业务,公众企业,"748,981,000.00","29,427,000.00","-137,159,000.00","1,824,000.00","632,689,000.00",-0.213904,20.434224,0.000047,0.667441,0.036057,0.238116,0.000589,0.234492,2.017103,0.000012,-37.4187
H,0753.HK,中国国航,工业,交通运输,工业--交通运输--航空客运Ⅲ--航空客运Ⅳ,中央国有企业,"294,979,377,000.00","52,897,584,000.00","-1,038,411,000.00","6,943,087,000.00","335,278,694,000.00",0.017611,26.410171,0.047253,0.199436,0.178298,-0.238110,0.337563,0.927018,0.240533,0.003352,-29.0267
H,0763.HK,中兴通讯,信息技术,硬件设备,信息技术--硬件设备--通信设备Ⅲ--通信设备Ⅳ,公众企业,"180,953,574,000.00","122,954,418,000.00","9,325,753,000.00","3,141,567,000.00","200,958,318,000.00",0.062039,25.921506,0.148279,0.379619,0.703165,0.328539,0.076518,0.670948,1.758068,0.027366,7.3635
H,0788.HK,中国铁塔,通讯服务,电信服务,通讯服务--电信服务--多元电信服务--综合电信业务,中央国有企业,"305,560,000,000.00","92,170,000,000.00","9,750,000,000.00","2,827,000,000.00","326,007,000,000.00",0.038579,26.445412,0.129024,0.509678,0.293153,-0.050569,0.725605,0.366439,0.762853,0.093802,6.4503
H,0811.HK,新华文轩,通讯服务,传媒,通讯服务--传媒--媒体--出版,地方国有企业,"20,651,387,559.36","10,930,302,487.30","1,579,146,004.64","17,875,456.73","21,787,563,374.32",0.073300,23.751048,0.934642,0.875923,0.554481,0.252172,0.121115,0.386868,1.690453,0.010494,4.4926
H,0814.HK,北京京客隆,日常消费,日常消费零售,日常消费--日常消费零售--日常消费品经销与零售--大卖场与超市,地方国有企业,"7,487,090,042.00","9,541,354,189.00","-75,675,109.00","117,696,960.00","7,132,044,691.00",0.005892,22.736446,0.151886,0.230925,1.244861,0.002740,0.119831,0.742950,1.004235,0.014928,-13.7041
H,0840.HK,天业节水,工业,机械,工业--机械--机械Ⅲ--农用农业机械,地方国有企业,"1,029,410,167.51","1,443,455,236.34","-11,554,963.31","3,309,026.54","1,219,949,729.65",-0.006759,20.752252,0.001800,0.173188,1.447518,0.261746,0.118808,0.565968,1.513084,0.006383,29.8517
H,0857.HK,中国石油股份,能源,石油石化,能源--石油石化--石油天然气--综合性石油天然气,中央国有企业,"2,673,485,000,000.00","3,239,167,000,000.00","161,146,000,000.00","24,063,000,000.00","2,752,448,000,000.00",0.067289,28.614404,0.480293,0.464320,1.251671,-0.003889,0.558265,0.424776,0.983347,0.091729,23.8996
H,0874.HK,白云山,医疗保健,医药生物,医疗保健--医药生物--制药--中药,地方国有企业,"74,665,298,776.74","70,788,155,068.45","4,055,678,691.49","446,191,732.89","78,586,877,764.09",0.057285,25.036281,0.143974,0.262081,1.005634,0.263432,0.077915,0.549485,1.525983,0.018534,2.5706
H,0895.HK,东江环保,工业,环保Ⅱ,工业--环保Ⅱ--环保Ⅲ--环境与设施服务,地方国有企业,"11,705,962,000.00","3,878,474,000.00","-750,470,568.53","185,180,503.41","12,161,497,644.55",-0.046482,23.183364,0.267333,0.306568,0.329814,-0.036862,0.468923,0.591962,0.875231,0.046903,-3.4059
H,0901.HK,华曦达,信息技术,硬件设备,信息技术--硬件设备--通信设备Ⅲ--通信设备Ⅳ,民营企业,"1,483,957,000.00","2,529,242,000.00","191,209,000.00","3,512,000.00","1,824,763,000.00",0.106710,21.117978,0.003050,0.379619,2.020158,0.447295,0.010808,0.522085,1.859659,0.007995,95.3508
H,0902.HK,华能国际电力股份,公用事业,公用事业Ⅱ,公用事业--公用事业Ⅱ--电力--电力公用事业,中央国有企业,"512,221,773,000.00","246,724,789,000.00","8,357,460,000.00","8,938,084,000.00","550,316,013,000.00",0.031428,26.962024,0.357641,0.200411,0.487120,-0.165185,0.656213,0.735825,0.506159,0.079233,20.3069
H,0914.HK,海螺水泥,材料,建材Ⅱ,材料--建材Ⅱ--建材Ⅲ--建材Ⅳ,地方国有企业,"243,976,422,000.00","132,021,554,000.00","10,689,181,000.00","930,404,000.00","246,189,200,000.00",0.047198,26.220337,0.264355,0.328431,0.556476,0.290341,0.368056,0.197017,2.991394,0.109217,-21.3969
H,0916.HK,龙源电力,公用事业,公用事业Ⅱ,公用事业--公用事业Ⅱ--电力--新能源发电业者,中央国有企业,"223,219,341,000.00","39,861,647,000.00","6,355,279,000.00","3,406,290,000.00","229,915,139,000.00",0.042457,26.131421,0.057782,0.200411,0.193000,-0.094805,0.679152,0.642758,0.714126,0.099990,-0.0258
H,0921.HK,海信家电,可选消费,家电Ⅱ,可选消费--家电Ⅱ--家电Ⅲ--家用电器,公众企业,"55,375,550,868.66","74,115,151,039.29","2,837,322,754.58","144,388,196.47","65,946,495,555.67",0.045214,24.737404,0.111497,0.417081,1.331520,0.004772,0.100080,0.706030,1.007267,0.015954,9.6985
H,0939.HK,建设银行,金融,银行,金融--银行--商业银行--多元化银行,中央国有企业,"34,601,917,000,000.00",,"332,653,000,000.00","630,133,000,000.00","38,324,826,000,000.00",0.025122,31.174930,,,,,0.004826,0.916803,,0.000686,
H,0954.HK,常茂生物,日常消费,食品饮料,日常消费--食品饮料--食品--食品加工与肉类,民营企业,"1,206,755,000.00","730,034,000.00","-86,057,000.00","7,583,000.00","1,242,496,000.00",-0.063158,20.911201,0.002877,0.292355,0.674936,0.072947,0.561867,0.354556,1.321254,0.185223,33.2237
H,0956.HK,新天绿色能源,公用事业,公用事业Ⅱ,公用事业--公用事业Ⅱ--燃气Ⅲ--燃气Ⅳ,地方国有企业,"77,408,666,608.07","18,560,522,731.81","2,207,473,530.19","1,087,891,441.21","79,016,593,096.75",0.041705,25.072365,0.026905,0.200411,0.248590,-0.053272,0.670939,0.674646,0.785323,0.094145,15.0129
H,0980.HK,联华超市,日常消费,日常消费零售,日常消费--日常消费零售--日常消费品经销与零售--大卖场与超市,地方国有企业,"22,927,846,000.00","24,681,396,000.00","-791,317,000.00","232,641,000.00","20,989,143,000.00",-0.026617,23.855618,0.392897,0.230925,1.078785,-0.285897,0.151262,0.948298,0.602373,0.010945,-0.3161
H,0991.HK,大唐发电,公用事业,公用事业Ⅱ,公用事业--公用事业Ⅱ--电力--电力公用事业,中央国有企业,"305,105,489,000.00","116,828,044,000.00","1,438,741,000.00","5,728,499,000.00","304,039,466,000.00",0.023573,26.443923,0.169349,0.200411,0.388646,-0.194489,0.702495,0.749815,0.420674,0.068458,12.7576
H,0995.HK,安徽皖通高速公路,工业,交通运输,工业--交通运输--交通基础设施--公路与铁路,地方国有企业,"21,345,566,000.00","5,206,366,000.00","1,657,726,000.00","213,627,000.00","21,776,552,000.00",0.085934,23.784110,0.004651,0.199436,0.252057,0.179698,0.056989,0.365809,3.783175,0.008278,29.2070
H,0998.HK,中信银行,金融,银行,金融--银行--商业银行--多元化银行,中央国有企业,"8,547,543,000,000.00",,"67,016,000,000.00","174,153,000,000.00","9,052,484,000,000.00",0.026641,29.776665,,,,,0.004028,0.919763,,0.000795,
H,1000.HK,北青传媒,通讯服务,传媒,通讯服务--传媒--媒体--广告,地方国有企业,"705,109,000.00","158,397,000.00","-15,320,000.00","170,000.00","711,611,000.00",-0.021290,20.373863,0.013544,0.875923,0.221122,0.335900,0.000806,0.109838,4.220335,0.001319,-15.5450
H,1021.HK,华沿机器人,工业,机械,工业--机械--机械Ⅲ--工业机械,民营企业,"491,419,000.00","109,442,000.00","3,451,000.00","515,000.00","584,215,000.00",0.006789,20.012808,0.000136,0.173188,,0.775208,0.029342,0.175870,5.797280,0.021204,
H,1033.HK,中石化油服,能源,石油石化,能源--石油石化--能源设备与服务--石油天然气设备与服务,中央国有企业,"71,200,517,000.00","73,772,688,000.00","576,083,000.00","805,016,000.00","75,162,974,000.00",0.018375,24.988766,0.010939,0.464320,1.090885,-0.364212,0.368862,0.895684,0.585217,0.054677,6.0973
H,1053.HK,重庆钢铁股份,材料,钢铁Ⅱ,材料--钢铁Ⅱ--钢铁Ⅲ--钢铁Ⅳ,中央国有企业,"39,364,800,403.02","36,561,531,209.23","-1,494,416,898.53","268,419,752.20","37,357,034,682.66",-0.032818,24.396138,0.135520,0.397773,0.887839,-0.115543,0.690361,0.457843,0.651805,0.068406,-8.2508
H,1055.HK,中国南方航空股份,工业,交通运输,工业--交通运输--航空客运Ⅲ--航空客运Ⅳ,中央国有企业,"312,246,000,000.00","80,901,000,000.00","-4,140,000,000.00","5,928,000,000.00","309,596,000,000.00",0.005775,26.467057,0.072268,0.199436,0.254623,-0.345894,0.396537,0.822707,0.236494,0.037458,-15.0904
H,1057.HK,浙江世宝,可选消费,汽车与零配件,可选消费--汽车与零配件--汽车零配件--汽车零配件与设备,民营企业,"2,389,483,168.38","1,386,395,566.38","77,204,342.79","7,273,803.75","2,650,678,847.84",0.031870,21.594343,0.001270,0.218468,0.621014,0.193051,0.297820,0.425358,1.491328,0.032364,17.6990
H,1065.HK,天津创业环保股份,公用事业,公用事业Ⅱ,公用事业--公用事业Ⅱ--水务Ⅲ--水务Ⅳ,地方国有企业,"22,969,674,000.00","4,522,167,000.00","865,207,000.00","390,843,000.00","24,460,654,000.00",0.051350,23.857441,0.006555,0.200411,0.205390,0.130697,0.046292,0.586311,1.896988,0.029032,-0.2957
H,1066.HK,威高股份,医疗保健,医疗设备与服务,医疗保健--医疗设备与服务--医疗保健设备与用品--医疗保健用品,民营企业,"33,195,926,000.00","13,619,007,000.00","2,001,906,000.00","272,971,000.00","33,670,231,000.00",0.067563,24.225693,0.023106,0.878293,0.428520,0.366186,0.190798,0.293690,3.048331,0.033626,3.1045
H,1071.HK,华电国际电力股份,公用事业,公用事业Ⅱ,公用事业--公用事业Ⅱ--电力--电力公用事业,中央国有企业,"226,802,413,000.00","105,960,339,000.00","4,601,094,000.00","3,642,399,000.00","226,476,498,000.00",0.036399,26.147345,0.153595,0.200411,0.471786,-0.149299,0.630566,0.678006,0.463299,0.045957,4.7361
H,1072.HK,东方电气,工业,电气设备,工业--电气设备--电气设备Ⅲ--重型电气设备,中央国有企业,"115,265,060,467.39","54,179,060,388.71","3,550,393,576.32","96,404,032.60","121,108,373,341.62",0.030112,25.470500,0.071817,0.231604,0.496214,-0.000125,0.045409,0.664904,0.999787,0.006491,15.8762
H,1075.HK,首都信息,信息技术,软件服务,信息技术--软件服务--信息技术服务--互联网服务与基础架构,地方国有企业,"2,540,643,383.48","1,422,953,747.26","-72,906,433.12","950,719.01","2,496,823,399.03",-0.028819,21.655683,0.014172,0.643845,0.578537,0.216778,0.053571,0.479967,1.454703,0.066316,-0.2678
H,1081.HK,大金重工,工业,电气设备,工业--电气设备--电气设备Ⅲ--重型电气设备,民营企业,"11,259,101,000.00","5,106,114,000.00","425,157,000.00","13,839,000.00","10,224,814,000.00",0.042934,23.144443,0.006768,0.231604,0.570223,0.483340,0.172658,0.422065,2.533744,0.060928,15.8880
H,1088.HK,中国神华,能源,煤炭Ⅱ,能源--煤炭Ⅱ--煤炭Ⅲ--煤炭与消费用燃料,中央国有企业,"625,178,000,000.00","344,533,000,000.00","64,625,000,000.00","2,858,000,000.00","633,412,000,000.00",0.106539,27.161302,0.475271,0.358266,0.557598,0.180182,0.471779,0.259856,2.144730,0.045881,2.6496
H,1099.HK,国药控股,医疗保健,医疗设备与服务,医疗保健--医疗设备与服务--医疗保健提供商与服务--保健护理产品经销商,中央国有企业,"364,775,134,000.00","552,147,550,000.00","9,053,760,000.00","2,956,587,000.00","383,394,844,000.00",0.031326,26.622547,0.936772,0.878293,1.577142,0.231494,0.034588,0.698255,1.359390,0.006627,5.9680
H,1108.HK,凯盛新能,工业,电气设备,工业--电气设备--电气设备Ⅲ--光伏设备,中央国有企业,"10,565,902,910.42","5,030,111,246.27","394,720,559.20","83,663,235.87","12,427,698,664.06",0.038493,23.080898,0.006668,0.231604,0.507230,-0.007316,0.490307,0.563346,0.981361,0.087643,38.7291
H,1122.HK,庆铃汽车股份,可选消费,汽车与零配件,可选消费--汽车与零配件--汽车--汽车制造,地方国有企业,"10,349,176,000.00","3,248,080,000.00","-54,269,000.00","1,680,000.00","9,984,490,000.00",-0.005267,23.060173,0.002976,0.218468,0.305628,0.420022,0.111431,0.247670,2.717665,0.016393,-32.7274
H,1133.HK,哈尔滨电气,工业,电气设备,工业--电气设备--电气设备Ⅲ--重型电气设备,中央国有企业,"63,283,530,532.06","24,984,261,415.23","574,760,038.85","216,122,256.73","71,296,954,272.71",0.011093,24.870891,0.033118,0.231604,0.403318,0.121124,0.097889,0.804469,1.167147,0.005893,15.8300
H,1138.HK,中远海能,工业,交通运输,工业--交通运输--海上运输Ⅲ--海上运输Ⅳ,中央国有企业,"68,250,082,000.00","18,566,795,000.00","3,348,717,000.00","1,418,587,000.00","72,083,612,000.00",0.066136,24.946444,0.016586,0.199436,0.290927,-0.032351,0.691269,0.508127,0.791518,0.065197,46.8346
H,1157.HK,中联重科,工业,机械,工业--机械--机械Ⅲ--建筑机械与重型卡车,公众企业,"123,517,000,000.00","41,631,000,000.00","3,550,000,000.00","691,000,000.00","130,825,000,000.00",0.032417,25.539645,0.051906,0.173188,0.339154,0.204093,0.112559,0.539019,1.520922,0.009262,-37.9854
H,1171.HK,兖矿能源,能源,煤炭Ⅱ,能源--煤炭Ⅱ--煤炭Ⅲ--煤炭与消费用燃料,地方国有企业,"308,603,503,000.00","154,601,505,000.00","17,778,972,000.00","3,563,014,000.00","414,317,629,000.00",0.051511,26.455323,0.213267,0.358266,0.506423,0.015110,0.306255,0.548879,1.055710,0.055648,42.3382
H,1186.HK,中国铁建,工业,建筑,工业--建筑--建筑与工程Ⅲ--建筑与工程Ⅳ,中央国有企业,"1,523,951,052,000.00","1,096,312,867,000.00","26,096,971,000.00","7,459,090,000.00","1,663,019,578,000.00",0.020178,28.052327,0.271574,0.217081,0.762143,0.049486,0.048347,0.746701,1.080689,0.019856,7.4806
H,1187.HK,可孚医疗,医疗保健,医疗设备与服务,医疗保健--医疗设备与服务--医疗保健设备与用品--医疗保健设备,民营企业,"6,410,838,000.00","2,976,958,000.00","254,280,000.00","13,503,000.00","6,244,191,000.00",0.042885,22.581256,0.005051,0.878293,0.487309,0.470010,0.237407,0.214938,3.537230,0.099798,31.9180
H,1202.HK,四威科技,信息技术,硬件设备,信息技术--硬件设备--通信设备Ⅲ--通信设备Ⅳ,中央国有企业,"1,017,995,407.50","304,013,607.91","2,771,712.63","72,914.12","995,768,004.39",0.002857,20.741101,0.000367,0.379619,0.300624,0.656190,0.115152,0.171332,8.959509,0.001515,1.1947
H,1211.HK,比亚迪股份,可选消费,汽车与零配件,可选消费--汽车与零配件--汽车--汽车制造,民营企业,"493,860,646,000.00","424,060,635,000.00","30,040,811,000.00","1,827,605,000.00","679,547,670,000.00",0.046897,26.925519,0.388511,0.218468,1.074060,-0.187383,0.356644,0.754202,0.722386,0.197337,96.1950
H,1216.HK,中原银行,金融,银行,金融--银行--商业银行--区域性银行,公众企业,"1,326,736,482,000.00",,"3,220,966,000.00","28,442,052,000.00","1,346,446,497,000.00",0.023516,27.913743,,,,,0.006205,0.929425,,0.000735,
H,1236.HK,乐动机器人,信息技术,硬件设备,信息技术--硬件设备--电子设备、仪器和元件--电子制造服务,民营企业,"607,862,000.00","233,834,000.00","-68,491,000.00","934,000.00","600,144,000.00",-0.112568,20.225458,0.000282,0.379619,,0.547577,0.042520,0.164208,4.927353,0.027526,
H,1265.HK,天津津燃公用,公用事业,公用事业Ⅱ,公用事业--公用事业Ⅱ--燃气Ⅲ--燃气Ⅳ,地方国有企业,"2,503,305,611.68","1,780,358,629.25","-155,172,721.73","62,080.97","2,177,398,537.03",-0.071237,21.640878,0.002581,0.200411,0.734368,0.261090,0.358667,0.366646,1.791834,0.048313,12.6974
H,1272.HK,大唐环境,工业,环保Ⅱ,工业--环保Ⅱ--环保Ⅲ--环境与设施服务,中央国有企业,"18,348,257,000.00","5,322,722,000.00","522,375,000.00","176,319,000.00","18,045,122,000.00",0.038719,23.632800,0.366881,0.306568,0.289462,0.022032,0.355315,0.624120,1.038378,0.017753,0.6487
H,1274.HK,知行科技,信息技术,软件服务,信息技术--软件服务--信息技术服务--互联网服务与基础架构,民营企业,"1,251,401,000.00","1,325,882,000.00","-195,108,000.00","1,346,000.00","1,672,552,000.00",-0.115848,20.947530,0.013205,0.643845,1.499947,0.465918,0.024536,0.467423,2.018520,0.020731,643.7994
H,1276.HK,恒瑞医药,医疗保健,医药生物,医疗保健--医药生物--制药--西药,民营企业,"42,370,875,000.00","21,275,271,000.00","4,302,436,000.00","5,905,000.00","43,784,507,000.00",0.098399,24.469727,0.043271,0.262081,0.521216,0.644189,0.163969,0.093412,8.500190,0.047018,-17.2288
H,1288.HK,农业银行,金融,银行,金融--银行--商业银行--多元化银行,中央国有企业,"33,927,533,000,000.00",,"269,356,000,000.00","651,948,000,000.00","39,872,989,000,000.00",0.023106,31.155248,,,,,0.004497,0.921172,,0.000651,
H,1289.HK,盛力达科技,工业,机械,工业--机械--机械Ⅲ--工业机械,民营企业,"945,732,000.00","208,048,000.00","29,346,000.00",,"1,029,125,000.00",,20.667470,0.000259,0.173188,0.247870,0.533129,0.096970,0.307822,2.731939,0.014504,24.5461
H,1292.HK,长安民生物流,工业,交通运输,工业--交通运输--航空运输--航空货运与物流,国有企业,"4,916,259,000.00","7,697,350,000.00","56,446,864.92","14,853,022.71","5,174,411,768.52",0.013779,22.315814,0.006876,0.199436,1.693114,0.207119,0.121770,0.560260,1.398352,0.024662,27.8439
H,1304.HK,峰岹科技,信息技术,半导体,信息技术--半导体--半导体产品--集成电路,民营企业,"2,372,931,000.00","322,973,000.00","174,847,000.00","443,000.00","2,493,688,000.00",0.070293,21.587392,0.007730,0.286793,0.223147,0.900676,0.002136,0.049674,24.579468,0.006776,-1.3525
H,1318.HK,毛戈平,日常消费,家庭用品,日常消费--家庭用品--美容护理Ⅲ--美容护理Ⅳ,民营企业,"1,555,910,000.00","1,829,112,000.00","661,928,000.00","2,033,000.00","2,094,568,000.00",0.316992,21.165326,0.334363,0.369457,1.361527,0.606944,0.075443,0.270834,3.421019,0.029903,15.9613
H,1330.HK,绿色动力环保,工业,环保Ⅱ,工业--环保Ⅱ--环保Ⅲ--环境与设施服务,地方国有企业,"22,677,440,152.69","4,567,117,851.39","629,281,357.74","484,914,254.47","22,537,265,642.95",0.049438,23.844636,0.314800,0.306568,0.212959,0.031452,0.014933,0.655460,1.207971,0.054504,-9.6852
H,1333.HK,博雷顿,工业,电气设备,工业--电气设备--电气设备Ⅲ--电气部件与设备,民营企业,"927,817,356.00","360,106,324.00","-229,413,531.00","6,919,281.00","1,421,814,904.00",-0.156486,20.648345,0.000477,0.231604,0.509164,0.562603,0.018928,0.402968,2.704806,0.016251,79.5383
H,1336.HK,新华保险,金融,非银金融,金融--非银金融--保险--人寿与健康保险,中央国有企业,"1,255,044,000,000.00",,"8,712,000,000.00","2,086,000,000.00","1,403,257,000,000.00",0.007695,27.858192,,0.813024,,,0.014143,0.918007,,0.001425,
H,1339.HK,中国人民保险集团,金融,非银金融,金融--非银金融--保险--财产与意外伤害保险,中央国有企业,"1,509,143,000,000.00",,"22,322,000,000.00","3,461,000,000.00","1,556,682,000,000.00",0.016563,28.042563,,0.813024,,,0.022615,0.800580,,0.004357,
H,1349.HK,复旦张江,医疗保健,医药生物,医疗保健--医药生物--制药--西药,公众企业,"2,976,007,272.00","1,031,159,838.00","108,627,368.00","3,066,246.00","2,876,687,507.00",0.038827,21.813848,0.002097,0.262081,0.358217,0.469033,0.110428,0.242938,3.073003,0.029336,-9.5722
H,1354.HK,经发物业,房地产,房地产Ⅱ,房地产--房地产Ⅱ--房地产管理和开发--房地产经营公司,地方国有企业,"539,084,000.00","706,816,000.00","49,726,000.00","241,000.00","649,873,000.00",0.076887,20.105382,0.001140,0.667441,1.395295,0.012532,0.110851,0.871235,1.014920,0.027183,19.0607
H,1359.HK,中国信达,金融,非银金融,金融--非银金融--资本市场--资产管理与托管银行,中央国有企业,"1,615,988,975,000.00",,"5,820,905,000.00",,"1,594,357,447,000.00",,28.110968,,0.813024,,,0.008519,0.871289,,0.001198,
H,1375.HK,中州证券,金融,非银金融,金融--非银金融--资本市场--投资银行业与经纪业,地方国有企业,"50,182,639,547.46",,"211,601,553.51","687,388,404.06","51,701,683,772.46",0.017388,24.638935,,0.813024,,,0.006170,0.716887,,0.004523,
H,1379.HK,温岭工量刃具,房地产,房地产Ⅱ,房地产--房地产Ⅱ--房地产管理和开发--房地产经营公司,地方国有企业,"1,169,938,000.00","230,860,000.00","27,210,000.00",,"1,130,184,000.00",,20.880217,0.000372,0.667441,0.191661,-0.021640,0.005447,0.321392,0.801301,0.000301,303.5661
H,1384.HK,滴普科技,信息技术,软件服务,信息技术--软件服务--信息技术服务--信息科技咨询与其它服务,民营企业,"661,468,000.00","100,468,000.00","-502,895,000.00","797,000.00","464,976,000.00",-1.079836,20.309972,0.001001,0.643845,,-3.082965,0.013580,4.044311,0.235761,0.009488,
H,1385.HK,上海复旦,信息技术,半导体,信息技术--半导体--半导体产品--集成电路,公众企业,"6,110,888,054.09","3,538,908,884.94","719,494,375.58","27,985,971.22","8,411,350,886.39",0.088866,22.533338,0.084699,0.286793,0.688778,0.560184,0.145351,0.156723,4.787271,0.128055,37.3127
H,1398.HK,工商银行,金融,银行,金融--银行--商业银行--多元化银行,中央国有企业,"39,609,657,000,000.00",,"363,993,000,000.00","750,026,000,000.00","44,697,079,000,000.00",0.024924,31.310094,,,,,0.007420,0.911289,,0.000584,
H,1456.HK,国联民生,金融,非银金融,金融--非银金融--资本市场--投资银行业与经纪业,地方国有企业,"74,381,997,000.00",,"671,319,000.00","1,248,823,000.00","87,128,874,000.00",0.022038,25.032480,,0.813024,,,0.001128,0.774669,,0.001511,
H,1459.HK,巨匠建设,工业,建筑,工业--建筑--建筑与工程Ⅲ--建筑与工程Ⅳ,民营企业,"6,496,196,000.00","8,551,596,000.00","10,568,000.00","37,612,000.00","6,825,376,000.00",0.007059,22.594483,0.002118,0.217081,1.351081,0.199855,0.028976,0.746882,1.276661,0.004532,-14.8920
H,1461.HK,中泰期货,金融,非银金融,金融--非银金融--资本市场--投资银行业与经纪业,地方国有企业,"28,859,079,351.84",,"133,718,823.75",,"30,126,389,234.78",,24.085690,,0.813024,,,0.001542,0.915375,,0.000471,
H,1471.HK,众淼控股,金融,非银金融,金融--非银金融--保险--保险经纪商,集体企业,"327,100,000.00","148,398,000.00","40,372,000.00","47,000.00","389,952,000.00",0.103651,19.605776,0.015635,0.813024,0.485013,0.867735,0.001042,0.104167,9.330232,0.000535,23.6918
H,1476.HK,金融街证券,金融,非银金融,金融--非银金融--资本市场--投资银行业与经纪业,地方国有企业,"31,021,248,000.00",,"64,145,000.00","430,788,000.00","31,202,650,000.00",0.015862,24.157938,,0.813024,,,0.012353,0.736124,,0.003491,
H,1497.HK,燕之屋,日常消费,日常消费零售,日常消费--日常消费零售--日常消费品经销与零售--食品零售,民营企业,"978,354,000.00","1,729,945,000.00","201,218,000.00","2,919,000.00","1,469,993,000.00",0.138869,20.701382,0.027539,0.230925,1.949146,0.286377,0.089724,0.517547,1.568145,0.022975,14.7942
H,1501.HK,瑛泰医疗,医疗保健,医疗设备与服务,医疗保健--医疗设备与服务--医疗保健设备与用品--医疗保健设备,公众企业,"1,827,334,000.00","585,883,000.00","156,457,000.00","3,194,000.00","2,029,626,000.00",0.078660,21.326124,0.000994,0.878293,0.339753,0.307703,0.346773,0.149524,3.346091,0.164612,26.0845
H,1502.HK,金融街物业,房地产,房地产Ⅱ,房地产--房地产Ⅱ--房地产管理和开发--房地产经营公司,地方国有企业,"2,001,344,000.00","1,388,189,000.00","128,098,000.00","3,370,000.00","2,102,900,000.00",0.062517,21.417085,0.002239,0.667441,0.715394,0.551220,0.015737,0.391878,2.516221,0.004685,5.1276
H,1508.HK,中国再保险,金融,非银金融,金融--非银金融--保险--再保险,中央国有企业,"520,694,917,000.00",,"5,652,446,000.00","2,323,939,000.00","459,727,587,000.00",0.017350,26.978430,,0.813024,,,0.007445,0.818180,,0.000764,
H,1511.HK,驭势科技,信息技术,软件服务,信息技术--软件服务--信息技术服务--信息科技咨询与其它服务,公众企业,"647,638,000.00","65,483,000.00","-212,402,000.00","2,980,000.00","846,494,000.00",-0.247399,20.288842,0.000652,0.643845,,0.650868,0.055318,0.208700,5.109932,0.039714,
H,1513.HK,丽珠医药,医疗保健,医药生物,医疗保健--医药生物--制药--西药,民营企业,"24,864,825,366.23","12,629,579,047.66","1,953,650,833.28","102,085,923.09","25,044,827,127.75",0.082082,23.936720,0.025687,0.262081,0.534735,0.385711,0.183796,0.399302,2.296616,0.037810,4.6893
H,1527.HK,天洁环境,工业,环保Ⅱ,工业--环保Ⅱ--环保Ⅲ--环境与设施服务,民营企业,"1,535,726,000.00","472,471,000.00","42,707,000.00","9,892,000.00","1,796,856,000.00",0.029273,21.152269,0.032566,0.306568,0.302472,0.415389,0.018208,0.456790,1.909365,0.003601,-38.0906
H,1528.HK,红星美凯龙,工业,企业服务,工业--企业服务--商业服务与用品--综合支持服务,地方国有企业,"129,482,459,000.00","14,138,320,000.00","-2,412,713,000.00","2,654,625,000.00","124,186,609,000.00",0.001948,25.586811,0.618599,0.441547,0.106837,-0.109746,0.023804,0.552042,0.439696,0.008105,-8.8602
H,1541.HK,宜明昂科-B,医疗保健,医药生物,医疗保健--医药生物--生物科技Ⅲ--生物科技Ⅳ,民营企业,"839,978,000.00","538,000.00","-379,459,000.00","1,524,000.00","874,590,000.00",-0.432128,20.548886,0.000001,0.262081,0.000621,0.714464,0.083133,0.072332,12.599706,0.027648,-89.3823
H,1542.HK,台州水务,公用事业,公用事业Ⅱ,公用事业--公用事业Ⅱ--水务Ⅲ--水务Ⅳ,地方国有企业,"5,737,648,000.00","542,659,000.00","-84,000,000.00","131,894,000.00","5,902,992,000.00",0.008114,22.470315,0.000787,0.200411,0.102451,-0.156268,0.762039,0.796681,0.327811,0.066983,4.3015
H,1543.HK,中盈盛达融资担保,金融,非银金融,金融--非银金融--金融服务--特殊金融服务,公众企业,"3,671,138,000.00",,"38,400,000.00","44,452,000.00","3,788,238,000.00",0.021871,22.023768,,0.813024,,,0.007192,0.359610,,0.002284,
H,1551.HK,广州农商银行,金融,银行,金融--银行--商业银行--区域性银行,公众企业,"1,233,454,451,000.00",,"2,634,416,000.00","25,162,321,000.00","1,314,042,450,000.00",0.021154,27.840840,,,,,0.002379,0.928454,,0.000610,
H,1576.HK,齐鲁高速,工业,交通运输,工业--交通运输--交通基础设施--公路与铁路,地方国有企业,"10,412,562,000.00","2,931,294,000.00","525,260,000.00","68,284,000.00","14,507,032,000.00",0.040914,23.066279,0.002619,0.199436,0.343939,0.125332,0.028196,0.449896,2.177535,0.143326,46.9093
H,1577.HK,汇鑫小贷,金融,非银金融,金融--非银金融--消费信贷Ⅲ--消费信贷Ⅳ,民营企业,"1,325,953,714.00",,"64,814,928.00","800,379.00","1,302,877,545.00",0.050362,21.005398,,0.813024,,,0.007470,0.065338,,0.001224,
H,1578.HK,天津银行,金融,银行,金融--银行--商业银行--区域性银行,公众企业,"761,082,851,000.00",,"3,759,899,000.00","19,791,966,000.00","840,771,460,000.00",0.028012,27.358008,,,,,0.003227,0.920351,,0.000875,
H,1588.HK,畅捷通,信息技术,软件服务,信息技术--软件服务--软件--应用软件,民营企业,"1,518,777,000.00","680,149,000.00","15,876,000.00","429,000.00","1,585,582,000.00",0.010283,21.141171,0.006774,0.643845,0.432786,0.467996,0.004461,0.530996,2.091060,0.002258,15.2162
H,1596.HK,翼辰实业,工业,机械,工业--机械--机械Ⅲ--工业机械,民营企业,"3,595,427,878.45","1,258,266,197.95","49,444,225.34","18,659,943.26","3,439,192,406.28",0.019802,22.002929,0.001569,0.173188,0.369133,0.352375,0.235036,0.312108,2.378329,0.031068,-7.7277
H,1599.HK,城建设计,工业,建筑,工业--建筑--建筑与工程Ⅲ--建筑与工程Ⅳ,地方国有企业,"23,944,194,000.00","10,599,845,000.00","872,852,000.00","290,799,000.00","24,849,539,000.00",0.046828,23.898992,0.002626,0.217081,0.440082,0.084431,0.040998,0.707760,1.184321,0.008531,3.3266
H,1601.HK,中关村科技租赁,金融,非银金融,金融--非银金融--消费信贷Ⅲ--消费信贷Ⅳ,地方国有企业,"10,914,895,000.00","743,146,000.00","259,875,000.00","292,824,000.00","12,414,873,000.00",0.044519,23.113394,0.078294,0.813024,0.073060,0.105927,0.003330,0.796570,1.223548,0.000836,13.1218
H,1606.HK,国银金租,金融,非银金融,金融--非银金融--金融服务--特殊金融服务,中央国有企业,"354,717,247,000.00",,"4,150,149,000.00",,"409,694,903,000.00",,26.594587,,0.813024,,,0.300308,0.903350,,0.039307,
H,1609.HK,天星医疗,医疗保健,医疗设备与服务,医疗保健--医疗设备与服务--医疗保健设备与用品--医疗保健用品,民营企业,"346,923,000.00","146,596,000.00","57,112,000.00","486,000.00","451,278,000.00",0.127633,19.664613,0.000249,0.878293,,0.732223,0.050971,0.186237,5.564198,0.024550,
H,1618.HK,中国中冶,工业,建筑,工业--建筑--建筑与工程Ⅲ--建筑与工程Ⅳ,中央国有企业,"585,384,390,000.00","592,669,072,000.00","8,670,405,000.00","2,679,906,000.00","661,602,236,000.00",0.017156,27.095535,0.146814,0.217081,1.050036,0.089447,0.050375,0.723414,1.135705,0.007369,18.3985
H,1635.HK,大众公用,公用事业,公用事业Ⅱ,公用事业--公用事业Ⅱ--燃气Ⅲ--燃气Ⅳ,其他企业,"23,245,923,000.00","5,812,621,000.00","212,544,000.00","294,689,000.00","22,521,687,000.00",0.022522,23.869396,0.008426,0.200411,0.247767,-0.037166,0.225473,0.590449,0.907330,0.013553,4.0284
H,1641.HK,红星冷链,工业,企业服务,工业--企业服务--商业服务与用品--综合支持服务,其他企业,"934,607,000.00","236,736,000.00","75,312,000.00",,"1,289,104,000.00",,20.655637,0.010358,0.441547,,0.102286,0.378934,0.105274,2.441168,0.101924,
H,1658.HK,邮储银行,金融,银行,金融--银行--商业银行--多元化银行,中央国有企业,"14,067,282,000,000.00",,"86,270,000,000.00","216,524,000,000.00","15,726,631,000,000.00",0.019254,30.274873,,,,,0.003787,0.941295,,0.000882,
H,1666.HK,同仁堂科技,医疗保健,医药生物,医疗保健--医药生物--制药--中药,地方国有企业,"12,484,768,000.00","5,991,841,000.00","590,188,000.00","49,276,000.00","13,507,742,000.00",0.047341,23.247775,0.012187,0.262081,0.497689,0.562328,0.207535,0.277765,4.421910,0.013140,10.9500
H,1671.HK,天保能源,公用事业,公用事业Ⅱ,公用事业--公用事业Ⅱ--电力--电力公用事业,地方国有企业,"1,064,408,000.00","713,594,000.00","258,000.00","13,199,000.00","1,089,093,000.00",0.012356,20.785685,0.001034,0.200411,0.736438,-0.109363,0.618392,0.562708,0.734243,0.144436,15.5865
H,1697.HK,山东国信,金融,非银金融,金融--非银金融--资本市场--资产管理与托管银行,地方国有企业,"14,458,132,000.00",,"158,633,546.72","88,824,992.68","14,168,884,311.21",0.017465,23.394523,,0.813024,,,0.008839,0.244019,,0.001918,
H,1708.HK,三宝科技,信息技术,硬件设备,信息技术--硬件设备--电子设备、仪器和元件--电子设备和仪器,民营企业,"2,998,295,004.70","512,665,194.01","1,994,964.77","34,053,010.53","2,874,452,654.75",0.012541,21.821310,0.000618,0.379619,0.156550,0.175315,0.051086,0.480174,1.395810,0.000100,-43.9106
H,1713.HK,四川能投发展,公用事业,公用事业Ⅱ,公用事业--公用事业Ⅱ--电力--电力公用事业,地方国有企业,"5,148,010,911.31","3,313,256,211.05","338,999,671.13","15,273,924.55","6,324,835,385.59",0.056013,22.361876,0.004803,0.200411,0.677595,-0.026951,0.647834,0.381272,0.908211,0.131078,4.4640
H,1727.HK,河北建设,工业,建筑,工业--建筑--建筑与工程Ⅲ--建筑与工程Ⅳ,民营企业,"67,631,850,000.00","40,006,018,000.00","171,395,000.00","347,501,000.00","64,885,597,000.00",0.007997,24.937345,0.009910,0.217081,0.594535,0.034829,0.016817,0.908808,1.040081,0.001201,-16.3549
H,1749.HK,杉杉品牌,可选消费,纺织服装Ⅱ,可选消费--纺织服装Ⅱ--纺织服装Ⅲ--服装、服饰与奢侈品,公众企业,"758,577,169.00","881,199,661.00","31,605,378.00","6,549,299.00","726,389,551.00",0.052526,20.446955,0.049230,0.779353,1.112621,0.224829,0.024260,0.700089,1.333631,0.024727,-11.2617
H,1763.HK,中国同辐,医疗保健,医疗设备与服务,医疗保健--医疗设备与服务--医疗保健设备与用品--医疗保健用品,中央国有企业,"11,685,540,000.00","6,146,172,000.00","370,967,000.00","36,142,000.00","13,191,710,000.00",0.030861,23.181618,0.010428,0.878293,0.554721,0.301648,0.221103,0.439197,1.883928,0.045698,19.4895
H,1766.HK,中国中车,工业,机械,工业--机械--机械Ⅲ--建筑机械与重型卡车,中央国有企业,"442,140,146,000.00","222,938,637,000.00","11,711,576,000.00","1,188,098,000.00","471,791,735,000.00",0.027342,26.814893,0.277960,0.173188,0.513112,0.142605,0.146244,0.568042,1.277266,0.016776,-1.2374
H,1768.HK,鸣鸣很忙,可选消费,可选消费零售,可选消费--可选消费零售--多品类零售Ⅲ--多品类零售Ⅳ,民营企业,"933,014,000.00","4,285,745,000.00","217,428,000.00","2,899,000.00","6,698,734,000.00",0.032891,20.653931,0.047821,0.405377,,0.543796,0.019530,0.365399,2.988489,0.021363,
H,1772.HK,赣锋锂业,材料,有色金属,材料--有色金属--其他金属与采矿--金属非金属,民营企业,"79,159,910,000.00","41,370,654,000.00","4,982,547,000.00","784,312,000.00","91,697,901,000.00",0.062890,25.094736,0.029583,0.216290,0.699913,0.168155,0.182564,0.382689,1.713544,0.062528,274.6321
H,1776.HK,广发证券,金融,非银金融,金融--非银金融--资本市场--投资银行业与经纪业,公众企业,"617,256,282,000.00",,"6,977,800,000.00","10,410,661,000.00","682,181,679,000.00",0.025489,27.148550,,0.813024,,,0.005195,0.797827,,0.001163,
H,1779.HK,天辰生物-B,医疗保健,医药生物,医疗保健--医药生物--生物科技Ⅲ--生物科技Ⅳ,民营企业,,,"-95,778,000.00","16,515,000.00","145,475,000.00",-0.544857,,,0.262081,,,,,,,
H,1785.HK,成都高速,工业,交通运输,工业--交通运输--交通基础设施--公路与铁路,地方国有企业,"9,127,126,495.00","2,596,622,994.00","618,766,312.00","114,352,584.00","9,254,746,976.00",0.079215,22.934517,0.002320,0.199436,0.284019,0.084204,0.046455,0.461167,1.523206,0.020711,-3.9132
H,1786.HK,铁建装备,工业,机械,工业--机械--机械Ⅲ--建筑机械与重型卡车,中央国有企业,"8,577,712,308.41","2,821,917,529.32","145,035,124.92","672,575.11","9,058,899,329.31",0.016084,22.872433,0.003518,0.173188,0.334925,0.389317,0.193319,0.309960,2.280426,0.006312,29.0937
H,1787.HK,山东黄金,材料,有色金属,材料--有色金属--贵金属--黄金,地方国有企业,"91,216,092,000.00","50,305,754,000.00","2,267,383,000.00","1,532,106,000.00","135,018,841,000.00",0.028140,25.236497,0.035972,0.216290,0.590954,-0.144872,0.405942,0.596539,0.619063,0.052670,48.2518
H,1798.HK,大唐新能源,公用事业,公用事业Ⅱ,公用事业--公用事业Ⅱ--电力--新能源发电业者,中央国有企业,"97,548,274,000.00","12,499,229,000.00","2,753,227,000.00","1,716,082,000.00","101,545,305,000.00",0.044013,25.303613,0.018118,0.200411,0.127125,0.018336,0.737877,0.648687,1.104451,0.071498,5.3162
H,1799.HK,新特能源,工业,电气设备,工业--电气设备--电气设备Ⅲ--光伏设备,民营企业,"79,261,044,062.13","37,541,114,499.68","4,345,034,528.79","733,188,991.35","85,929,456,765.50",0.059098,25.096013,0.049763,0.231604,0.546212,0.043200,0.583517,0.543992,1.143001,0.182396,66.6787
H,1800.HK,中国交通建设,工业,建筑,工业--建筑--建筑与工程Ⅲ--建筑与工程Ⅳ,中央国有企业,"1,511,350,000,000.00","717,473,000,000.00","24,734,000,000.00","21,809,000,000.00","1,684,262,000,000.00",0.027634,28.044024,0.177730,0.217081,0.494436,-0.029834,0.039797,0.718016,0.931822,0.022517,5.0804
H,1812.HK,晨鸣纸业,材料,造纸与包装,材料--造纸与包装--纸与林业产品--纸制品,地方国有企业,"84,301,017,409.62","32,004,367,320.91","-1,281,289,649.82","1,908,394,881.89","79,487,052,953.58",0.007889,25.157660,0.968502,0.938522,0.382959,-0.227510,0.407547,0.718529,0.630448,0.010503,-3.0753
H,1816.HK,中广核电力,公用事业,公用事业Ⅱ,公用事业--公用事业Ⅱ--电力--独立电力生产商与能源贸易商,中央国有企业,"409,015,565,449.93","82,822,403,586.43","10,724,570,116.68","5,759,954,182.21","415,250,356,776.35",0.039698,26.737019,0.120056,0.200411,0.204750,-0.013759,0.736067,0.613878,0.926082,0.028947,2.6570
H,1818.HK,招金矿业,材料,有色金属,材料--有色金属--贵金属--黄金,地方国有企业,"45,887,495,000.00","7,885,557,000.00","686,430,000.00","607,694,000.00","46,867,396,000.00",0.027612,24.549458,0.005639,0.216290,0.177383,-0.057106,0.348758,0.563117,0.831712,0.040011,14.9591
H,1835.HK,瑞威资管,金融,非银金融,金融--非银金融--资本市场--资产管理与托管银行,民营企业,"362,385,000.00",,"-56,733,000.00","1,521,000.00","334,150,000.00",-0.165231,19.708218,,0.813024,,,0.001556,0.088056,,0.000210,
H,1847.HK,云南建投混凝土,材料,建材Ⅱ,材料--建材Ⅱ--建材Ⅲ--建材Ⅳ,地方国有企业,"4,830,837,000.00","1,680,686,000.00","-34,085,000.00","19,202,000.00","4,455,751,000.00",-0.003340,22.298286,0.003365,0.328431,0.350421,0.230812,0.033000,0.716487,1.324324,0.004504,-20.0635
H,1853.HK,春城热力,公用事业,公用事业Ⅱ,公用事业--公用事业Ⅱ--复合型公用事业Ⅲ--复合型公用事业Ⅳ,地方国有企业,"3,038,974,956.81","1,654,705,152.68","120,955,527.33","12,114,895.93","3,006,592,883.45",0.044260,21.834786,0.002399,0.200411,0.557758,-0.037513,0.329534,0.699931,0.943212,0.016595,0.3096
H,1858.HK,春立医疗,医疗保健,医疗设备与服务,医疗保健--医疗设备与服务--医疗保健设备与用品--医疗保健设备,民营企业,"3,409,766,690.91","1,201,604,254.24","277,824,014.12","85,896.45","3,649,560,924.88",0.076149,21.949910,0.002039,0.878293,0.374949,0.640303,0.135903,0.202380,4.664431,0.007304,8.4344
H,1877.HK,君实生物,医疗保健,医药生物,医疗保健--医药生物--制药--西药,民营企业,"12,576,286,000.00","1,453,493,000.00","-2,281,624,000.00","29,006,000.00","11,362,464,000.00",-0.198251,23.255079,0.002956,0.262081,0.123037,0.431817,0.236900,0.221213,4.060808,0.031325,-63.8869
H,1879.HK,曦智科技-P,信息技术,硬件设备,信息技术--硬件设备--电子设备、仪器和元件--电子元件,公众企业,,,"-413,503,000.00","2,292,000.00","870,179,000.00",-0.472559,,,0.379619,,,,,,,
H,1880.HK,中国中免,可选消费,可选消费零售,可选消费--可选消费零售--经销商Ⅲ--经销商Ⅳ,中央国有企业,"75,618,784,000.00","54,432,851,000.00","6,790,027,000.00","297,894,000.00","78,662,313,000.00",0.090106,25.048971,0.607364,0.405377,0.832815,0.525335,0.110924,0.288026,3.272565,0.039612,-19.5679
H,1898.HK,中煤能源,能源,煤炭Ⅱ,能源--煤炭Ⅱ--煤炭Ⅲ--煤炭与消费用燃料,中央国有企业,"339,616,318,000.00","213,336,214,000.00","20,183,598,000.00","3,064,810,000.00","349,155,327,000.00",0.066585,26.551082,0.294290,0.358266,0.645549,0.055689,0.372320,0.514808,1.180126,0.028727,-8.8004
H,1905.HK,海通恒信,金融,非银金融,金融--非银金融--金融服务--特殊金融服务,地方国有企业,"124,513,744,000.00","8,524,649,000.00","1,605,373,000.00","3,636,143,000.00","123,351,128,000.00",0.042493,25.547682,0.898118,0.813024,0.071260,0.000514,0.058686,0.848799,1.001113,0.013566,4.2438
H,1915.HK,泰和小贷,金融,非银金融,金融--非银金融--消费信贷Ⅲ--消费信贷Ⅳ,民营企业,"897,808,664.00",,"-8,232,972.00","20,476.00","886,917,645.00",-0.009260,20.615468,,0.813024,,,0.001821,0.019623,,0.000054,
H,1916.HK,江西银行,金融,银行,金融--银行--商业银行--区域性银行,公众企业,"515,572,651,000.00",,"1,036,187,000.00","11,114,930,000.00","552,345,363,000.00",0.021999,26.968544,,,,,0.004180,0.909198,,0.000241,
H,1919.HK,中远海控,工业,交通运输,工业--交通运输--海上运输Ⅲ--海上运输Ⅳ,中央国有企业,"511,779,714,000.00","391,058,497,000.00","23,860,258,000.00","3,592,746,000.00","462,429,381,000.00",0.059367,26.961160,0.349330,0.199436,0.845123,0.198677,0.233535,0.504624,1.637630,0.020500,17.1908
H,1958.HK,北京汽车,可选消费,汽车与零配件,可选消费--汽车与零配件--汽车--汽车制造,地方国有企业,"173,375,442,000.00","190,462,586,000.00","3,030,346,000.00","495,079,000.00","168,723,153,000.00",0.020895,25.878725,0.174496,0.218468,1.075392,0.017924,0.283120,0.544704,1.039164,0.035907,8.2692
H,1963.HK,重庆银行,金融,银行,金融--银行--商业银行--区域性银行,地方国有企业,"684,712,563,000.00",,"4,929,787,000.00","17,838,526,000.00","759,883,870,000.00",0.029963,27.252265,,,,,0.004468,0.924793,,0.000494,
H,1973.HK,天图投资,金融,非银金融,金融--非银金融--资本市场--资产管理与托管银行,民营企业,"17,552,960,000.00","45,983,000.00","-872,962,000.00","69,564,000.00","16,723,941,000.00",-0.048039,23.588488,0.004845,0.813024,0.002636,0.056922,0.000144,0.582572,3.302936,0.000624,-97.7218
H,1983.HK,泸州银行,金融,银行,金融--银行--商业银行--区域性银行,地方国有企业,"148,629,827,000.00",,"994,237,000.00","4,135,322,000.00","157,636,383,000.00",0.032540,25.724725,,,,,0.006032,0.931403,,0.001526,
H,1988.HK,民生银行,金融,银行,金融--银行--商业银行--多元化银行,公众企业,"7,255,673,000,000.00",,"35,823,000,000.00","164,695,000,000.00","7,674,965,000,000.00",0.026126,29.612805,,,,,0.008117,0.915540,,0.001476,
H,1989.HK,广合科技,信息技术,硬件设备,信息技术--硬件设备--电子设备、仪器和元件--电子元件,民营企业,"3,244,856,000.00","2,412,387,000.00","414,686,000.00","13,927,000.00","3,812,432,000.00",0.112425,21.900337,0.002909,0.379619,0.762657,-0.031825,0.472560,0.565751,0.931167,0.140615,16.8127
H,2009.HK,金隅集团,材料,建材Ⅱ,材料--建材Ⅱ--建材Ⅲ--建材Ⅳ,地方国有企业,"281,520,054,328.32","102,822,162,096.91","25,262,828.59","2,405,609,128.43","269,679,139,215.48",0.009014,26.363470,0.205887,0.328431,0.362128,0.134909,0.167871,0.662916,1.319574,0.021079,-16.8337
H,2016.HK,浙商银行,金融,银行,金融--银行--商业银行--多元化银行,公众企业,"2,621,930,000,000.00",,"15,048,000,000.00","62,725,000,000.00","3,143,879,000,000.00",0.024738,28.594932,,,,,0.007015,0.936715,,0.002056,
H,2039.HK,中集集团,工业,机械,工业--机械--机械Ⅲ--建筑机械与重型卡车,中央国有企业,"145,899,949,000.00","141,536,654,000.00","421,249,000.00","1,942,932,000.00","161,763,233,000.00",0.014615,25.706187,0.176468,0.173188,0.942879,0.095860,0.301188,0.570554,1.222007,0.024406,-13.5369
H,2050.HK,三花智控,工业,机械,工业--机械--机械Ⅲ--工业机械,民营企业,"27,961,214,000.00","21,347,550,000.00","2,920,993,000.00","229,583,000.00","31,890,585,000.00",0.098793,24.054084,0.026616,0.173188,0.827726,0.332596,0.247569,0.530804,1.983487,0.105210,33.9475
H,2068.HK,中铝国际,工业,建筑,工业--建筑--建筑与工程Ⅲ--建筑与工程Ⅳ,中央国有企业,"47,391,288,591.87","23,697,328,916.22","-2,657,963,000.00","416,078,000.00","40,943,803,000.00",-0.054755,24.581704,0.005870,0.217081,0.446196,0.152116,0.052939,0.779389,1.232748,0.094162,-0.8427
H,2097.HK,蜜雪集团,可选消费,消费者服务,可选消费--消费者服务--酒店、餐馆与休闲--餐馆,民营企业,"9,945,356,000.00","13,575,577,000.00","3,137,341,000.00","14,697,000.00","14,593,566,000.00",0.215988,23.020372,0.654103,0.481307,1.572910,0.424058,0.171043,0.247964,2.803351,0.126688,31.1525
H,2120.HK,康宁医院,医疗保健,医疗设备与服务,医疗保健--医疗设备与服务--医疗保健提供商与服务--保健护理设施,民营企业,"2,637,787,406.99","1,484,903,042.25","85,947,806.64","39,936,115.20","3,047,686,606.84",0.041305,21.693206,0.002519,0.878293,0.592095,0.051409,0.321299,0.497343,1.206262,0.089814,14.4495
H,2121.HK,创新奇智,信息技术,软件服务,信息技术--软件服务--软件--应用软件,公众企业,"3,268,447,000.00","1,557,643,000.00","-582,337,000.00","8,573,000.00","3,289,157,000.00",-0.174441,21.907581,0.015514,0.643845,0.563001,0.600232,0.025071,0.278258,3.712297,0.006608,80.8756
H,2139.HK,甘肃银行,金融,银行,金融--银行--商业银行--区域性银行,地方国有企业,"377,202,463,000.00",,"644,561,000.00","8,466,102,000.00","388,588,652,000.00",0.023446,26.656048,,,,,0.007926,0.913561,,0.000640,
H,2145.HK,上美股份,日常消费,家庭用品,日常消费--家庭用品--美容护理Ⅲ--美容护理Ⅳ,民营企业,"3,145,667,000.00","2,675,331,000.00","461,104,000.00","16,227,000.00","3,128,827,000.00",0.152559,21.869292,0.489052,0.369457,0.987165,0.298327,0.191136,0.457462,1.714329,0.019096,-26.0730
H,2146.HK,荣万家,房地产,房地产Ⅱ,房地产--房地产Ⅱ--房地产管理和开发--房地产经营公司,民营企业,"3,953,587,964.82","1,911,193,884.20","126,327,993.55","457,752.71","4,154,225,189.29",0.030520,22.097889,0.003082,0.667441,0.498046,0.451855,0.005550,0.476253,1.953745,0.004372,-25.4455
H,2149.HK,贝克微,信息技术,硬件设备,信息技术--硬件设备--电子设备、仪器和元件--电子元件,民营企业,"595,528,000.00","352,510,000.00","109,158,000.00","4,269,000.00","1,270,927,000.00",0.089247,20.204959,0.000425,0.379619,0.740894,0.562069,0.099497,0.335321,2.714901,0.031431,65.7225
H,2152.HK,苏新服务,房地产,房地产Ⅱ,房地产--房地产Ⅱ--房地产管理和开发--房地产经营公司,地方国有企业,"1,436,246,000.00","521,965,000.00","74,430,000.00","15,181,000.00","1,616,633,000.00",0.055431,21.085299,0.000842,0.667441,0.379348,0.144860,0.285167,0.468282,1.559423,0.040022,12.9841
H,2157.HK,乐普生物,医疗保健,医药生物,医疗保健--医药生物--生物科技Ⅲ--生物科技Ⅳ,民营企业,"2,529,172,000.00","15,572,000.00","-22,096,000.00","14,677,000.00","2,384,306,000.00",-0.003112,21.651158,0.000032,0.262081,0.006754,-0.012251,0.362336,0.643851,0.963279,0.045648,
H,2163.HK,远大住工,工业,机械,工业--机械--机械Ⅲ--建筑机械与重型卡车,民营企业,"9,423,406,000.00","2,232,285,000.00","-390,665,000.00","127,188,000.00","8,681,587,000.00",-0.030349,22.966462,0.002783,0.173188,0.231487,-0.128129,0.257000,0.642348,0.756664,0.039245,-27.0155
H,2170.HK,贝康医疗-B,医疗保健,医药生物,医疗保健--医药生物--生物科技Ⅲ--生物科技Ⅳ,外资企业,"1,779,858,000.00","140,901,000.00","-191,685,000.00","2,610,000.00","1,898,087,000.00",-0.099613,21.299799,0.000287,0.262081,0.078699,0.793908,0.116365,0.105810,13.335394,0.072338,31.3162
H,2176.HK,赛迪顾问,工业,企业服务,工业--企业服务--商业服务与用品--综合支持服务,中央国有企业,"309,591,000.00","203,836,000.00","63,073,000.00","81,000.00","374,442,000.00",0.168662,19.550763,0.008919,0.441547,0.543310,0.438566,0.041577,0.462216,1.948832,0.000329,-27.6664
H,2179.HK,瑞科生物-B,医疗保健,医药生物,医疗保健--医药生物--生物科技Ⅲ--生物科技Ⅳ,公众企业,"2,309,607,000.00",,"-571,957,000.00","13,566,000.00","2,186,277,000.00",-0.255407,21.560343,,0.262081,,0.472347,0.241907,0.284260,4.316089,0.133572,
H,2185.HK,百心安-B,医疗保健,医疗设备与服务,医疗保健--医疗设备与服务--医疗保健设备与用品--医疗保健设备,外资企业,"981,519,000.00",,"-175,893,000.00","578,000.00","817,899,000.00",-0.214348,20.704612,,0.878293,,0.522335,0.060682,0.067721,18.773071,0.030604,
H,2190.HK,归创通桥,医疗保健,医疗设备与服务,医疗保健--医疗设备与服务--医疗保健设备与用品--医疗保健设备,外资企业,"3,253,696,000.00","334,090,000.00","-78,734,000.00","1,251,000.00","3,375,701,000.00",-0.022953,21.903057,0.000567,0.878293,0.102766,0.587183,0.089204,0.049034,13.562235,0.044651,87.7838
H,2196.HK,复星医药,医疗保健,医药生物,医疗保健--医药生物--制药--西药,民营企业,"107,113,190,000.00","43,811,385,000.00","2,398,606,000.00","1,324,831,000.00","113,431,227,000.00",0.032826,25.397152,0.089107,0.262081,0.437348,0.018495,0.144870,0.495317,1.059496,0.054978,12.7295
H,2202.HK,万科企业,房地产,房地产Ⅱ,房地产--房地产Ⅱ--房地产管理和开发--房地产开发,公众企业,"1,757,163,494,000.00","503,838,367,000.00","12,162,684,000.00","4,843,698,000.00","1,504,872,164,000.00",0.011301,28.194722,0.812583,0.667441,0.272650,0.192124,0.016265,0.769520,1.313224,0.007300,11.2723
H,2208.HK,金风科技,工业,电气设备,工业--电气设备--电气设备Ⅲ--重型电气设备,公众企业,"136,822,378,000.00","46,253,534,000.00","1,330,998,000.00","1,373,977,000.00","143,494,600,000.00",0.018851,25.641949,0.061312,0.231604,0.361098,0.023702,0.273793,0.705119,1.054845,0.064130,-8.8534
H,2210.HK,京城佳业,房地产,房地产Ⅱ,房地产--房地产Ⅱ--房地产管理和开发--房地产经营公司,地方国有企业,"2,179,456,000.00","1,567,164,000.00","113,594,000.00","2,731,000.00","2,367,425,000.00",0.049136,21.502341,0.002527,0.667441,0.781512,0.269694,0.027869,0.641026,1.454728,0.016510,27.9752
H,2218.HK,安德利果汁,日常消费,食品饮料,日常消费--食品饮料--食品--食品加工与肉类,民营企业,"2,609,813,359.85","1,065,429,309.28","255,520,074.21","1,229,796.88","2,610,342,331.37",0.098359,21.682545,0.004199,0.292355,0.419963,0.609012,0.258578,0.092115,7.837075,0.021243,22.2401
H,2235.HK,微泰医疗-B,医疗保健,医疗设备与服务,医疗保健--医疗设备与服务--医疗保健设备与用品--医疗保健设备,公众企业,"2,294,097,000.00","173,543,000.00","-125,015,870.94","52,955.29","2,158,781,924.55",-0.057886,21.553605,0.000294,0.878293,0.075074,0.913294,0.039169,0.035770,26.614773,0.012981,14.6225
H,2238.HK,广汽集团,可选消费,汽车与零配件,可选消费--汽车与零配件--汽车--汽车制造,地方国有企业,"190,074,774,000.00","110,006,437,000.00","4,428,845,000.00","467,323,000.00","218,448,770,000.00",0.022413,25.970683,0.100784,0.218468,0.638968,0.184684,0.109223,0.356557,1.619242,0.042160,45.3655
H,2245.HK,力勤资源,材料,有色金属,材料--有色金属--其他金属与采矿--金属非金属,民营企业,"20,840,394,000.00","18,289,596,000.00","1,051,365,000.00","534,853,000.00","30,679,708,000.00",0.051703,23.760159,0.013078,0.216290,1.104384,0.190555,0.461634,0.422861,1.818256,0.187304,46.9124
H,2251.HK,鹰瞳科技-B,医疗保健,医疗设备与服务,医疗保健--医疗设备与服务--医疗保健技术Ⅲ--医疗保健技术Ⅳ,公众企业,"1,739,955,000.00","113,657,000.00","-132,533,000.00","545,000.00","1,684,912,000.00",-0.078335,21.277125,0.000193,0.878293,0.062550,0.925974,0.013884,0.039422,25.915379,0.006960,-1.3231
H,2252.HK,微创机器人-B,医疗保健,医疗设备与服务,医疗保健--医疗设备与服务--医疗保健设备与用品--医疗保健设备,民营企业,"1,930,125,000.00","21,603,000.00","-1,012,174,000.00","18,408,000.00","1,427,907,000.00",-0.695960,21.380851,0.000037,0.878293,0.009150,0.400755,0.160491,0.270577,3.377727,0.100934,904.7907
H,2276.HK,康耐特光学,医疗保健,医疗设备与服务,医疗保健--医疗设备与服务--医疗保健设备与用品--医疗保健用品,民营企业,"1,788,632,000.00","1,561,317,000.00","327,022,000.00","13,649,000.00","1,984,313,000.00",0.171682,21.304717,0.002649,0.878293,0.867403,0.470651,0.225163,0.359503,2.996608,0.066826,15.1344
H,2281.HK,兴泸水务,公用事业,公用事业Ⅱ,公用事业--公用事业Ⅱ--水务Ⅲ--水务Ⅳ,地方国有企业,"7,140,567,820.32","1,353,419,268.68","209,901,388.54","77,484,367.34","7,054,786,439.89",0.040736,22.689058,0.001962,0.200411,0.190436,0.030299,0.523267,0.602130,1.169979,0.095005,-1.2173
H,2289.HK,创美药业,医疗保健,医疗设备与服务,医疗保健--医疗设备与服务--医疗保健提供商与服务--保健护理产品经销商,地方国有企业,"2,865,885,144.04","4,175,279,039.20","51,344,725.69","40,790,342.89","3,247,655,876.60",0.028370,21.776143,0.007084,0.878293,1.483495,0.072150,0.096476,0.792566,1.091672,0.002997,10.0606
H,2291.HK,心泰医疗,医疗保健,医疗设备与服务,医疗保健--医疗设备与服务--医疗保健设备与用品--医疗保健设备,民营企业,"1,809,621,000.00","247,670,000.00","151,532,000.00","204,000.00","1,986,466,000.00",0.076385,21.316383,0.000420,0.878293,0.169098,0.699562,0.051380,0.035971,20.920409,0.046065,11.2709
H,2315.HK,百奥赛图-B,医疗保健,医药生物,医疗保健--医药生物--生物科技Ⅲ--生物科技Ⅳ,民营企业,"2,799,832,000.00","533,881,000.00","-382,951,000.00","99,844,000.00","2,449,408,000.00",-0.115582,21.752825,0.001086,0.262081,0.209258,0.111882,0.479651,0.588970,1.516875,0.085816,50.5778
H,2318.HK,中国平安,金融,非银金融,金融--非银金融--保险--多元化保险,公众企业,"11,137,168,000,000.00",,"85,665,000,000.00","132,951,000,000.00","11,583,417,000,000.00",0.018873,30.041309,,0.813024,,,0.004818,0.894471,,0.000797,
H,2328.HK,中国财险,金融,非银金融,金融--非银金融--保险--财产与意外伤害保险,中央国有企业,"751,887,000,000.00",,"24,585,000,000.00","1,151,000,000.00","703,623,000,000.00",0.036576,27.345852,,0.813024,,,0.032949,0.717048,,0.007399,
H,2333.HK,长城汽车,可选消费,汽车与零配件,可选消费--汽车与零配件--汽车--汽车制造,民营企业,"185,357,300,473.07","137,339,985,187.76","7,021,559,679.84","946,652,215.06","201,270,288,570.21",0.039590,25.945551,0.125827,0.218468,0.761381,0.064085,0.190199,0.648161,1.123992,0.087943,0.6857
H,2338.HK,潍柴动力,工业,机械,工业--机械--机械Ⅲ--建筑机械与重型卡车,地方国有企业,"293,666,087,852.49","175,157,535,625.82","9,013,894,024.19","3,355,408,336.47","334,247,213,024.91",0.037006,26.405709,0.218387,0.173188,0.613823,0.165976,0.156214,0.645479,1.407052,0.022594,-20.4607
H,2352.HK,东原仁知服务,房地产,房地产Ⅱ,房地产--房地产Ⅱ--房地产管理和开发--房地产经营公司,公众企业,"1,261,449,000.00","1,342,459,000.00","18,967,000.00","840,000.00","1,395,131,000.00",0.014197,20.955527,0.002165,0.667441,1.206457,0.109005,0.027251,0.614803,1.182288,0.022331,12.4881
H,2355.HK,宝业集团,工业,建筑,工业--建筑--建筑与工程Ⅲ--建筑与工程Ⅳ,民营企业,"48,820,484,000.00","24,425,350,000.00","889,256,000.00","20,897,000.00","48,514,157,000.00",0.018761,24.611416,0.006051,0.217081,0.499822,0.125469,0.064451,0.757180,1.169447,0.010449,-8.7979
H,2357.HK,中航科工,工业,国防军工,工业--国防军工--航空航天与国防Ⅲ--航空航天,中央国有企业,"144,005,887,243.00","63,639,427,670.00","2,446,952,909.00","411,374,855.00","185,018,195,632.00",0.015449,25.693120,1.000000,1.000000,0.458011,0.256663,0.119716,0.596179,1.461754,0.022104,5.5445
H,2359.HK,药明康德,医疗保健,医药生物,医疗保健--医药生物--生命科学工具和服务Ⅲ--生命科学工具和服务Ⅳ,民营企业,"64,690,327,000.00","39,354,778,000.00","10,690,153,000.00","193,581,000.00","73,669,349,000.00",0.147738,24.892878,0.080043,0.262081,0.656911,0.146820,0.362417,0.274595,1.655054,0.154052,71.8370
H,2376.HK,鲁商服务,房地产,房地产Ⅱ,房地产--房地产Ⅱ--房地产管理和开发--房地产经营公司,地方国有企业,"856,625,000.00","627,734,000.00","39,431,509.26","168,474.84","900,803,727.61",0.043961,20.568511,0.001012,0.667441,0.842019,0.512459,0.064648,0.412543,2.248589,0.006865,7.7095
H,2386.HK,中石化炼化工程,能源,石油石化,能源--石油石化--能源设备与服务--石油天然气设备与服务,中央国有企业,"78,681,739,000.00","53,028,139,000.00","2,335,445,000.00","72,044,000.00","80,967,671,000.00",0.029734,25.088677,0.007863,0.464320,0.699584,0.303678,0.059269,0.618215,1.514120,0.009411,-8.1916
H,2396.HK,华芢生物-B,医疗保健,医药生物,医疗保健--医药生物--生物科技Ⅲ--生物科技Ⅳ,民营企业,"35,711,000.00",,"-105,188,000.00","23,582,000.00","263,089,000.00",-0.310184,17.390969,,0.262081,,0.242418,0.162527,2.538406,2.073004,0.096161,
H,2402.HK,亿华通,工业,电气设备,工业--电气设备--电气设备Ⅲ--电气部件与设备,民营企业,"3,778,976,563.77","738,116,580.20","-243,203,674.62","15,682,658.15","4,945,720,776.24",-0.046004,22.052719,0.000978,0.231604,0.199905,0.378953,0.130569,0.273731,2.727493,0.043429,17.2789
H,2408.HK,遇见小面,可选消费,消费者服务,可选消费--消费者服务--酒店、餐馆与休闲--餐馆,民营企业,"613,404,000.00","418,096,000.00","45,914,000.00","19,119,000.00","842,497,000.00",0.077191,20.234534,0.020145,0.481307,,-0.242198,0.098824,0.957659,0.408320,0.053011,
H,2410.HK,同源康医药-B,医疗保健,医药生物,医疗保健--医药生物--生物科技Ⅲ--生物科技Ⅳ,外资企业,"558,361,000.00","44,242,000.00","-382,427,000.00","22,236,000.00","573,138,000.00",-0.628454,20.140516,0.000090,0.262081,,-1.231300,0.148019,1.896819,0.285511,0.157916,
H,2411.HK,百果园集团,日常消费,日常消费零售,日常消费--日常消费零售--日常消费品经销与零售--食品零售,民营企业,"6,809,741,000.00","11,311,995,000.00","361,717,000.00","75,803,000.00","7,590,985,000.00",0.057637,22.641620,0.180073,0.230925,1.710103,0.231191,0.066104,0.556592,1.498958,0.025620,9.9386
H,2418.HK,德银天下,工业,交通运输,工业--交通运输--铁路公路运输--地面货运,地方国有企业,"9,172,653,000.00","2,728,298,000.00","149,257,000.00","43,384,000.00","9,204,828,000.00",0.020928,22.939492,0.002437,0.199436,0.281839,0.251608,0.010811,0.636359,1.502817,0.004072,-12.7461
H,2419.HK,德康农牧,日常消费,食品饮料,日常消费--食品饮料--食品--食品加工与肉类,民营企业,"19,300,457,000.00","15,037,027,000.00","-1,775,126,000.00","441,521,000.00","18,934,232,000.00",-0.070434,23.683395,0.059260,0.292355,0.857498,0.006747,0.365110,0.737633,1.014334,0.052607,51.8651
H,2429.HK,友宝在线,日常消费,日常消费零售,日常消费--日常消费零售--日常消费品经销与零售--食品零售,公众企业,"1,518,869,000.00","2,519,224,000.00","-327,295,000.00","8,601,000.00","1,512,658,000.00",-0.210685,21.141232,0.040103,0.230925,1.458104,0.016072,0.195104,0.340341,1.049455,0.096053,-5.8669
H,2431.HK,佑驾创新,信息技术,软件服务,信息技术--软件服务--软件--应用软件,公众企业,"817,007,000.00","279,358,000.00","-197,238,000.00","3,373,000.00","1,087,808,000.00",-0.178216,20.521158,0.002782,0.643845,0.357534,0.620559,0.030580,0.334066,3.012540,0.028456,59.4746
H,2432.HK,越疆,信息技术,硬件设备,信息技术--硬件设备--电子设备、仪器和元件--电子制造服务,民营企业,"925,420,000.00","241,013,000.00","-103,281,000.00","1,957,000.00","734,888,000.00",-0.137877,20.645758,0.000291,0.379619,0.303065,0.405587,0.210119,0.508295,2.192985,0.025488,38.2637
H,2450.HK,淮北绿金股份,材料,建材Ⅱ,材料--建材Ⅱ--建材Ⅲ--建材Ⅳ,地方国有企业,"2,292,652,000.00","407,709,000.00","37,490,000.00","62,900,000.00","2,383,014,000.00",0.042127,21.552975,0.000816,0.328431,0.176003,-0.066473,0.727801,0.763267,0.685973,0.129538,10.0943
H,2453.HK,美中嘉和,医疗保健,医疗设备与服务,医疗保健--医疗设备与服务--医疗保健提供商与服务--保健护理设施,民营企业,"5,411,525,000.00","472,170,000.00","-373,090,000.00","108,006,000.00","5,236,396,000.00",-0.050623,22.411797,0.000801,0.878293,0.086968,-0.027643,0.557144,0.631235,0.840202,0.015687,0.3539
H,2465.HK,龙蟠科技,材料,化工,材料--化工--多元化工Ⅲ--特种化工,民营企业,"14,690,672,000.00","14,071,643,000.00","-1,233,291,000.00","261,377,000.00","17,228,834,000.00",-0.056412,23.410479,0.184893,0.260419,1.353318,0.147617,0.240630,0.618162,1.305388,0.152052,249.4557
H,2476.HK,胜宏科技,信息技术,硬件设备,信息技术--硬件设备--电子设备、仪器和元件--电子元件,民营企业,"14,303,773,000.00","7,885,155,000.00","671,346,000.00","85,300,000.00","17,383,616,000.00",0.043526,23.383789,0.009509,0.379619,0.567993,-0.032468,0.458285,0.515033,0.926864,0.061269,6.5002
H,2479.HK,天聚地合,信息技术,软件服务,信息技术--软件服务--信息技术服务--互联网服务与基础架构,民营企业,"744,172,000.00","328,936,000.00","34,751,000.00","1,014,000.00","772,059,000.00",0.046324,20.427783,0.003276,0.643845,0.448943,0.437564,0.306809,0.157513,4.018130,0.027660,26.5085
H,2480.HK,绿竹生物-B,医疗保健,医药生物,医疗保健--医药生物--生物科技Ⅲ--生物科技Ⅳ,民营企业,"1,070,170,000.00",,"-249,350,000.00","844,000.00","1,166,694,000.00",-0.213000,20.791083,,0.262081,,0.473654,0.214571,0.124003,6.385915,0.240236,
H,2481.HK,双良睿能,公用事业,公用事业Ⅱ,公用事业--公用事业Ⅱ--复合型公用事业Ⅲ--复合型公用事业Ⅳ,民营企业,"5,244,229,000.00","1,443,732,000.00","148,980,000.00","50,373,000.00","5,796,958,000.00",0.034389,22.380394,0.002093,0.200411,0.282314,-0.105225,0.029733,0.824081,0.677354,0.055092,11.8621
H,2482.HK,维天运通,工业,交通运输,工业--交通运输--航空运输--航空货运与物流,民营企业,"2,172,985,000.00","6,204,473,000.00","-29,564,000.00","2,451,000.00","2,450,762,000.00",-0.011063,21.499368,0.005542,0.199436,2.565906,0.207926,0.030285,0.744824,1.279268,0.004199,-1.4733
H,2488.HK,元征科技,可选消费,汽车与零配件,可选消费--汽车与零配件--汽车零配件--汽车零配件与设备,民营企业,"1,986,614,468.27","1,177,091,622.65","168,903,408.36","15,923,882.12","1,855,218,849.68",0.099626,21.409698,0.001078,0.218468,0.664613,0.340728,0.187852,0.460412,1.973939,0.031264,-12.4718
H,2493.HK,迈威生物-B,医疗保健,医药生物,医疗保健--医药生物--制药--西药,外资企业,"4,619,475,225.93","25,843,444.38","-1,053,432,000.00","13,347,000.00","4,455,048,000.00",-0.233462,22.253547,0.000053,0.262081,0.008317,0.505017,0.235755,0.240041,6.240801,0.117970,67.5732
H,2495.HK,声通科技,信息技术,软件服务,信息技术--软件服务--软件--系统软件,民营企业,"895,274,000.00","514,992,000.00","-33,754,000.00","11,769,000.00","1,380,132,000.00",-0.015930,20.612640,0.005129,0.643845,0.682340,-0.270981,0.072078,0.961305,0.710221,0.136721,11.9706
H,2496.HK,友芝友生物-B,医疗保健,医药生物,医疗保健--医药生物--生物科技Ⅲ--生物科技Ⅳ,公众企业,"302,842,000.00",,"-191,702,000.00","2,388,000.00","301,624,000.00",-0.627649,19.528722,,0.262081,,0.303779,0.152033,0.485270,1.626000,0.004659,
H,2499.HK,佛朗斯股份,工业,企业服务,工业--企业服务--商业服务与用品--综合支持服务,民营企业,"2,662,490,000.00","1,194,209,000.00","31,220,000.00","85,102,000.00","3,147,771,000.00",0.036954,21.702528,0.052251,0.441547,0.457409,-0.100425,0.321704,0.662173,0.704040,0.083407,1.8791
H,2500.HK,启明医疗-B,医疗保健,医疗设备与服务,医疗保健--医疗设备与服务--医疗保健设备与用品--医疗保健设备,公众企业,"5,282,835,000.00","406,461,000.00","-703,754,000.00","62,716,000.00","4,413,714,000.00",-0.145238,22.387729,0.000690,0.878293,0.078224,0.374206,0.060221,0.312621,5.017171,0.033841,-2.2606
H,2502.HK,金源氢化,材料,化工,材料--化工--基础化工--商品化工,民营企业,"1,075,437,000.00","2,254,533,000.00","54,925,000.00","6,064,000.00","1,663,386,000.00",0.036666,20.795993,0.029623,0.260419,2.200476,0.086097,0.520235,0.330917,1.356298,0.108433,52.3751
H,2506.HK,讯飞医疗科技,信息技术,软件服务,信息技术--软件服务--信息技术服务--互联网服务与基础架构,民营企业,"1,029,584,000.00","471,860,000.00","-144,842,000.00","1,211,000.00","1,237,614,000.00",-0.116055,20.752421,0.004700,0.643845,0.461839,0.047120,0.009884,0.611749,1.080396,0.014632,26.6902
H,2509.HK,荃信生物-B,医疗保健,医药生物,医疗保健--医药生物--生物科技Ⅲ--生物科技Ⅳ,民营企业,"1,035,100,000.00",,"-507,748,000.00","16,821,000.00","795,583,000.00",-0.617066,20.757764,,0.262081,,0.496337,0.350812,0.361015,5.204583,0.021995,
H,2513.HK,智谱,信息技术,软件服务,信息技术--软件服务--软件--应用软件,民营企业,"361,976,000.00","57,409,000.00","-787,960,000.00","26,332,000.00","2,860,153,000.00",-0.266289,19.707088,0.000572,0.643845,,-0.641822,0.081351,1.497790,0.563182,0.087439,
H,2515.HK,天津建发,工业,建筑,工业--建筑--建筑与工程Ⅲ--建筑与工程Ⅳ,民营企业,"432,119,000.00","287,960,000.00","41,045,000.00","366,000.00","556,422,000.00",0.074424,19.884212,0.000071,0.217081,0.780592,0.230867,0.111772,0.636908,1.362481,0.019307,4.7341
H,2517.HK,锅圈,日常消费,日常消费零售,日常消费--日常消费零售--日常消费品经销与零售--食品零售,民营企业,"4,080,670,000.00","7,173,457,000.00","239,636,000.00","5,432,000.00","4,651,646,000.00",0.052684,22.129527,0.114193,0.230925,2.109711,0.271037,0.087688,0.340905,1.848808,0.028911,81.2484
H,2519.HK,傲基股份,可选消费,可选消费零售,可选消费--可选消费零售--多品类零售Ⅲ--多品类零售Ⅳ,民营企业,"4,957,944,000.00","7,100,230,000.00","532,010,000.00","90,722,000.00","5,177,527,000.00",0.120276,22.324257,0.079225,0.405377,1.507966,0.106312,0.135000,0.640674,1.239111,0.006777,-21.7277
H,2520.HK,山西安装,公用事业,公用事业Ⅱ,公用事业--公用事业Ⅱ--复合型公用事业Ⅲ--复合型公用事业Ⅳ,地方国有企业,"21,447,024,000.00","12,844,822,000.00","154,942,000.00","336,632,000.00","23,522,431,000.00",0.020898,23.788852,0.018619,0.200411,0.658338,0.003245,0.045337,0.895887,1.004341,0.015679,-3.2651
H,2522.HK,一脉阳光,医疗保健,医疗设备与服务,医疗保健--医疗设备与服务--医疗保健提供商与服务--保健护理服务,公众企业,"1,989,418,000.00","784,444,000.00","44,415,000.00","24,791,000.00","1,878,658,000.00",0.036838,21.411108,0.001331,0.878293,0.387844,0.168965,0.385462,0.338380,1.846503,0.136539,32.5045
H,2526.HK,德适-B,医疗保健,医药生物,医疗保健--医药生物--生物科技Ⅲ--生物科技Ⅳ,民营企业,,,"-56,116,000.00","16,320,000.00","221,090,000.00",-0.179999,,,0.262081,,,,,,,
H,2529.HK,泓盈城市服务,房地产,房地产Ⅱ,房地产--房地产Ⅱ--房地产管理和开发--房地产经营公司,地方国有企业,"539,465,000.00","528,523,000.00","70,178,000.00","6,000.00","650,094,000.00",0.107960,20.106088,0.000852,0.667441,1.061251,0.259435,0.029383,0.655815,1.395625,0.003991,22.4416
H,2539.HK,乐摩科技,可选消费,消费者服务,可选消费--消费者服务--酒店、餐馆与休闲--休闲设施,民营企业,"257,489,000.00","330,154,000.00","87,340,000.00","2,008,000.00","405,814,000.00",0.220170,19.366488,0.015908,0.481307,,-0.069611,0.367686,0.699925,0.896648,0.179705,
H,2543.HK,大行科工,可选消费,耐用消费品,可选消费--耐用消费品--休闲用品Ⅲ--休闲用品Ⅳ,外资企业,"185,749,000.00","254,188,000.00","34,850,000.00","925,000.00","192,835,000.00",0.185521,19.039907,0.335618,0.554043,,0.296766,0.020221,0.704951,1.528489,0.006740,
H,2546.HK,智汇矿业,材料,有色金属,材料--有色金属--其他金属与采矿--铜,民营企业,"1,169,620,000.00","482,354,000.00","154,725,000.00","2,040,000.00","1,292,966,000.00",0.121244,20.879945,0.000345,0.216290,,-0.041871,0.377465,0.270749,0.806473,0.033366,
H,2551.HK,晶科电子股份,信息技术,半导体,信息技术--半导体--半导体材料与设备--半导体材料与设备Ⅳ,外资企业,"2,077,669,000.00","1,410,632,000.00","66,378,000.00","4,838,000.00","2,400,157,000.00",0.029671,21.454512,0.033762,0.286793,0.695316,0.028803,0.406680,0.542236,1.059669,0.058973,1.6027
H,2553.HK,首钢朗泽,材料,化工,材料--化工--多元化工Ⅲ--工业气体,地方国有企业,"2,795,887,000.00","389,512,000.00","-66,447,000.00","26,847,000.00","2,680,513,000.00",-0.014773,21.751415,0.005118,0.260419,0.180763,-0.013259,0.733747,0.551481,0.945044,0.291128,50.8158
H,2555.HK,茶百道,可选消费,消费者服务,可选消费--消费者服务--酒店、餐馆与休闲--餐馆,民营企业,"1,682,904,000.00","4,231,670,000.00","1,139,211,000.00","3,692,000.00","3,085,498,000.00",0.370411,21.243787,0.203892,0.481307,3.098713,0.309817,0.086500,0.606266,1.629793,0.062806,16.1204
H,2558.HK,晋商银行,金融,银行,金融--银行--商业银行--区域性银行,公众企业,"336,419,514,000.00",,"2,002,911,000.00","7,378,650,000.00","361,305,031,000.00",0.025966,26.541625,,,,,0.003923,0.930582,,0.000459,
H,2560.HK,海螺材料科技,材料,建材Ⅱ,材料--建材Ⅱ--建材Ⅲ--建材Ⅳ,地方国有企业,"2,139,062,000.00","1,839,589,000.00","116,953,000.00","30,285,000.00","2,345,470,000.00",0.062775,21.483633,0.003684,0.328431,0.968325,-0.089824,0.469141,0.697774,0.821317,0.129882,19.6461
H,2563.HK,华昊中天医药-B,医疗保健,医药生物,医疗保健--医药生物--制药--西药,外资企业,"926,338,000.00","32,820,000.00","-189,644,000.00","57,000.00","772,344,000.00",-0.245470,20.646750,0.000067,0.262081,,0.812819,0.111085,0.063058,15.556694,0.035277,
H,2565.HK,派格生物医药-B,医疗保健,医药生物,医疗保健--医药生物--制药--西药,公众企业,"437,454,000.00",,"-278,999,000.00","1,727,000.00","368,053,000.00",-0.753348,19.896482,,0.262081,,0.635838,0.010154,0.301364,3.212685,0.007336,
H,2566.HK,九源基因,医疗保健,医药生物,医疗保健--医药生物--制药--西药,公众企业,"1,213,580,000.00","1,125,405,000.00","119,775,000.00","9,386,000.00","1,307,696,000.00",0.098770,20.916841,0.002289,0.262081,0.939097,0.331929,0.317518,0.368658,2.131741,0.048578,-13.9106
H,2570.HK,重塑能源,可选消费,汽车与零配件,可选消费--汽车与零配件--汽车零配件--汽车零配件与设备,公众企业,"4,141,134,000.00","604,648,000.00","-529,472,000.00","47,926,000.00","4,036,575,000.00",-0.119296,22.144236,0.000554,0.218468,0.182250,0.517769,0.100766,0.459295,3.085613,0.030547,15.3668
H,2571.HK,赛目科技,信息技术,硬件设备,信息技术--硬件设备--电子设备、仪器和元件--电子制造服务,民营企业,"544,759,000.00","145,385,000.00","55,479,000.00","1,448,000.00","600,814,000.00",0.094750,20.115854,0.000175,0.379619,0.337821,0.678807,0.068856,0.179742,6.075643,0.090273,35.9933
H,2573.HK,新琪安,材料,化工,材料--化工--基础化工--商品化工,民营企业,"726,661,000.00","761,499,000.00","44,662,000.00","3,470,000.00","713,209,000.00",0.067487,20.403971,0.010006,0.260419,1.077362,0.105749,0.389653,0.449962,1.244672,0.064400,15.1924
H,2575.HK,轩竹生物-B,医疗保健,医药生物,医疗保健--医药生物--生物科技Ⅲ--生物科技Ⅳ,民营企业,"1,454,997,000.00",,"-300,562,000.00","1,167,000.00","1,321,010,000.00",-0.226641,21.098270,,0.262081,,0.486490,0.101970,0.080037,8.551029,0.114922,
H,2576.HK,太美医疗科技,医疗保健,医药生物,医疗保健--医药生物--生命科学工具和服务Ⅲ--生命科学工具和服务Ⅳ,民营企业,"1,825,301,000.00","549,215,000.00","-346,778,000.00","1,431,000.00","1,444,672,000.00",-0.239049,21.325011,0.001117,0.262081,0.302592,0.694830,0.020480,0.242134,4.240088,0.015463,17.8115
H,2577.HK,英诺赛科,信息技术,半导体,信息技术--半导体--半导体产品--分立器件,外资企业,"5,695,076,000.00","136,174,000.00","-1,101,946,000.00","118,912,000.00","4,591,404,000.00",-0.214103,22.462868,0.003259,0.286793,0.022112,0.160867,0.572477,0.480233,1.905870,0.081583,99.6247
H,2579.HK,中伟新材,材料,化工,材料--化工--多元化工Ⅲ--特种化工,民营企业,"53,702,915,000.00","30,343,742,000.00","1,947,559,000.00","784,000,000.00","62,010,966,000.00",0.044050,24.706733,0.398699,0.260419,0.740971,0.279309,0.275526,0.621173,1.852708,0.177661,51.6214
H,2582.HK,国富氢能,工业,机械,工业--机械--机械Ⅲ--工业机械,公众企业,"1,665,321,000.00","359,492,000.00","-73,303,000.00","22,846,000.00","2,097,535,000.00",-0.024055,21.233284,0.000448,0.173188,0.259129,0.096809,0.339707,0.632601,1.226595,0.146293,9.1758
H,2583.HK,西普尼,可选消费,家电Ⅱ,可选消费--家电Ⅱ--家电Ⅲ--消费电子产品,民营企业,"640,256,000.00","323,704,000.00","52,099,000.00","4,752,000.00","775,856,000.00",0.073275,20.277379,0.000487,0.417081,0.532881,0.706193,0.024081,0.248443,3.905791,0.002371,-28.6928
H,2585.HK,梦金园,可选消费,纺织服装Ⅱ,可选消费--纺织服装Ⅱ--纺织服装Ⅲ--服装、服饰与奢侈品,民营企业,"3,260,393,000.00","15,724,215,000.00","230,375,000.00","63,134,000.00","4,021,006,000.00",0.072994,21.905114,0.878466,0.779353,4.521262,0.356537,0.111681,0.481831,1.767685,0.023168,-6.7974
H,2589.HK,沪上阿姨,可选消费,消费者服务,可选消费--消费者服务--酒店、餐馆与休闲--餐馆,民营企业,"925,195,000.00","2,199,005,000.00","387,902,000.00","6,190,000.00","1,548,079,000.00",0.254568,20.645515,0.105953,0.481307,2.878865,0.225637,0.075129,0.605948,1.455323,0.051443,34.0495
H,2590.HK,极智嘉-W,信息技术,软件服务,信息技术--软件服务--信息技术服务--信息科技咨询与其它服务,民营企业,"3,433,798,000.00","1,452,163,000.00","-1,126,683,000.00","13,284,000.00","3,447,380,000.00",-0.322970,21.956933,0.014463,0.643845,0.523561,-1.301177,0.028798,2.260358,0.421018,0.010492,83.8958
H,2591.HK,银诺医药-B,医疗保健,医疗设备与服务,医疗保健--医疗设备与服务--医疗保健技术Ⅲ--医疗保健技术Ⅳ,外资企业,"678,294,000.00",,"-733,376,000.00","2,318,000.00","1,105,364,000.00",-0.661373,20.335091,,0.878293,,0.644284,0.028007,0.202222,5.775744,0.041741,
H,2595.HK,劲方医药-B,医疗保健,医药生物,医疗保健--医药生物--生物科技Ⅲ--生物科技Ⅳ,外资企业,"758,360,000.00","105,061,000.00","-508,324,000.00","1,485,000.00","536,134,000.00",-0.945359,20.446669,0.000214,0.262081,,-1.213214,0.041400,2.116474,0.415853,0.015647,
H,2596.HK,宜宾银行,金融,银行,金融--银行--商业银行--区域性银行,地方国有企业,"80,413,277,000.00",,"468,472,000.00","1,777,843,000.00","93,444,044,000.00",0.024039,25.110445,,,,,0.004285,0.892207,,0.000489,
H,2597.HK,讯众通信,信息技术,软件服务,信息技术--软件服务--信息技术服务--互联网服务与基础架构,民营企业,"992,282,000.00","809,743,000.00","77,621,000.00","8,335,000.00","1,204,563,000.00",0.071359,20.715518,0.008065,0.643845,0.912463,0.697279,0.006738,0.279995,3.491123,0.002269,-18.3212
H,2598.HK,连连数字,信息技术,软件服务,信息技术--软件服务--信息技术服务--信息科技咨询与其它服务,民营企业,"10,146,014,000.00","742,748,000.00","-656,064,000.00","12,801,000.00","10,467,499,000.00",-0.061453,23.040347,0.007398,0.643845,0.079775,0.055496,0.013105,0.895481,1.063196,0.002113,15.3973
H,2600.HK,中国铝业,材料,有色金属,材料--有色金属--其他金属与采矿--铝,中央国有企业,"212,348,031,000.00","290,987,942,000.00","6,716,945,000.00","3,325,573,000.00","211,755,809,000.00",0.047425,26.081492,0.208078,0.216290,1.437954,-0.036877,0.514612,0.586735,0.874439,0.022375,-2.6423
H,2601.HK,中国太保,金融,非银金融,金融--非银金融--保险--多元化保险,公众企业,"2,176,299,000,000.00",,"27,257,000,000.00","2,628,000,000.00","2,343,962,000,000.00",0.012750,28.408647,,0.813024,,,0.009078,0.892419,,0.004180,
H,2602.HK,万物云,房地产,房地产Ⅱ,房地产--房地产Ⅱ--房地产管理和开发--房地产经营公司,其他企业,"36,909,822,000.00","30,105,803,000.00","1,954,696,000.00","8,538,000.00","39,383,117,000.00",0.049850,24.331744,0.048554,0.667441,0.917383,0.110411,0.018048,0.539391,1.230064,0.012425,27.0044
H,2603.HK,吉宏股份,可选消费,可选消费零售,可选消费--可选消费零售--多品类零售Ⅲ--多品类零售Ⅳ,民营企业,"3,242,386,000.00","5,375,884,000.00","345,099,000.00","10,270,000.00","3,586,576,000.00",0.099083,21.899575,0.059984,0.405377,1.737829,0.342658,0.247863,0.340867,2.116206,0.042693,4.1113
H,2607.HK,上海医药,医疗保健,医药生物,医疗保健--医药生物--制药--西药,地方国有企业,"198,134,901,498.95","231,981,299,764.51","3,767,999,581.18","1,884,984,092.73","211,972,533,766.80",0.026668,26.012214,0.471821,0.262081,1.283187,0.195936,0.072257,0.606316,1.350722,0.013551,7.4862
H,2611.HK,国泰海通,金融,非银金融,金融--非银金融--资本市场--投资银行业与经纪业,地方国有企业,"860,688,547,000.00",,"9,374,143,000.00","12,832,969,000.00","925,402,484,000.00",0.023997,27.480999,,0.813024,,,0.003691,0.809657,,0.002073,
H,2613.HK,汇舸环保,工业,环保Ⅱ,工业--环保Ⅱ--环保Ⅲ--环境与设施服务,民营企业,"376,716,000.00","267,233,000.00","120,556,000.00","558,000.00","522,500,000.00",0.231797,19.747002,0.018420,0.306568,0.727045,0.188224,0.135816,0.639243,1.295211,0.009790,90.1730
H,2617.HK,药捷安康-B,医疗保健,医药生物,医疗保健--医药生物--制药--西药,外资企业,"1,189,641,000.00","124,000.00","-343,394,000.00","248,000.00","887,090,000.00",-0.386822,20.896917,0.000000,0.262081,,0.895439,0.010111,0.082413,11.974728,0.008261,
H,2619.HK,香江电器,可选消费,家电Ⅱ,可选消费--家电Ⅱ--家电Ⅲ--家用电器,民营企业,"1,220,774,000.00","1,096,965,000.00","121,462,000.00","12,519,000.00","1,550,292,000.00",0.086423,20.922751,0.001650,0.417081,0.888348,0.229348,0.264321,0.456765,1.621518,0.099644,-25.8987
H,2625.HK,江苏宏信,日常消费,日常消费零售,日常消费--日常消费零售--日常消费品经销与零售--大卖场与超市,民营企业,"1,331,539,000.00","1,328,685,000.00","50,088,000.00","21,543,000.00","1,407,136,000.00",0.050906,21.009601,0.021151,0.230925,1.059330,0.102990,0.161722,0.664463,1.172191,0.020190,-7.2272
H,2627.HK,中慧生物-B,医疗保健,医药生物,医疗保健--医药生物--生物科技Ⅲ--生物科技Ⅳ,民营企业,,,"-424,741,000.00","6,609,000.00","1,119,743,000.00",-0.373418,,,0.262081,,,,,,,
H,2628.HK,中国人寿,金融,非银金融,金融--非银金融--保险--人寿与健康保险,中央国有企业,"5,251,988,000,000.00",,"46,181,000,000.00","5,308,000,000.00","5,802,086,000,000.00",0.008874,29.289628,,0.813024,,,0.010388,0.915247,,0.000586,
H,2630.HK,旺山旺水-B,医疗保健,医药生物,医疗保健--医药生物--生物科技Ⅲ--生物科技Ⅳ,民营企业,,,"12,089,000.00","7,200,000.00","676,296,000.00",0.028522,,,0.262081,,,,,,,
H,2631.HK,天岳先进,信息技术,半导体,信息技术--半导体--半导体材料与设备--半导体材料与设备Ⅳ,民营企业,"5,853,226,000.00","417,035,000.00","-45,720,000.00","217,000.00","6,911,353,000.00",-0.006584,22.490259,0.009981,0.286793,0.098454,0.512727,0.336497,0.102979,10.589491,0.176660,-14.8205
H,2632.HK,泽景股份,可选消费,汽车与零配件,可选消费--汽车与零配件--汽车零配件--汽车零配件与设备,民营企业,"333,325,000.00","214,092,000.00","-181,918,000.00","2,247,000.00","565,749,000.00",-0.317581,19.624629,0.000196,0.218468,,-1.657307,0.179062,2.459626,0.316719,0.085253,
H,2635.HK,诺比侃,信息技术,软件服务,信息技术--软件服务--信息技术服务--信息科技咨询与其它服务,民营企业,"465,777,000.00","252,620,000.00","88,566,000.00","2,315,000.00","538,105,000.00",0.168891,19.959218,0.002516,0.643845,0.871347,0.633945,0.006237,0.335087,2.923754,0.005303,150.3171
H,2637.HK,海西新药,医疗保健,医药生物,医疗保健--医药生物--制药--西药,民营企业,"420,960,000.00","212,465,000.00","117,454,000.00","7,748,000.00","561,544,000.00",0.222960,19.858048,0.000432,0.262081,,0.617845,0.022798,0.316370,3.887140,0.075347,
H,2648.HK,安井食品,日常消费,食品饮料,日常消费--食品饮料--食品--食品加工与肉类,民营企业,"16,142,715,000.00","12,105,618,000.00","1,478,067,000.00","14,215,000.00","17,300,428,000.00",0.086257,23.504735,0.047707,0.292355,0.971785,0.398285,0.256405,0.262887,2.664463,0.066474,31.3898
H,2649.HK,优乐赛共享,材料,造纸与包装,材料--造纸与包装--容器与包装Ⅲ--金属及玻璃容器,民营企业,"782,190,000.00","647,587,000.00","50,823,000.00","5,246,000.00","844,409,000.00",0.066400,20.477608,0.019597,0.938522,0.931539,0.046008,0.341467,0.570120,1.082344,0.204925,27.1092
H,2650.HK,挚达科技,公用事业,公用事业Ⅱ,公用事业--公用事业Ⅱ--电力--电力公用事业,民营企业,"989,197,000.00","697,060,000.00","-58,538,000.00","10,104,000.00","917,663,000.00",-0.052780,20.712404,0.001010,0.200411,0.923050,0.260333,0.031383,0.673201,1.395042,0.031309,94.9235
H,2651.HK,大众口腔,医疗保健,医疗设备与服务,医疗保健--医疗设备与服务--医疗保健提供商与服务--保健护理服务,民营企业,"459,494,000.00","409,444,000.00","50,069,000.00","5,507,000.00","491,011,000.00",0.113187,19.945636,0.000695,0.878293,0.832239,0.161401,0.166662,0.691293,1.581010,0.032305,7.5362
H,2652.HK,长风药业,医疗保健,医药生物,医疗保健--医药生物--制药--西药,外资企业,"1,015,218,000.00","349,127,000.00","31,726,000.00","165,000.00","1,135,145,000.00",0.028094,20.738369,0.000710,0.262081,0.347704,0.341872,0.294902,0.150994,3.529904,0.118790,731.5319
H,2655.HK,果下科技,信息技术,软件服务,信息技术--软件服务--信息技术服务--信息科技咨询与其它服务,民营企业,"111,721,000.00","141,831,000.00","28,133,000.00","3,043,000.00","448,175,000.00",0.069562,18.531515,0.001413,0.643845,,0.222008,0.039545,0.742349,1.302435,0.038569,
H,2657.HK,林清轩,日常消费,家庭用品,日常消费--家庭用品--美容护理Ⅲ--美容护理Ⅳ,民营企业,"544,427,000.00","691,150,000.00","84,518,000.00","1,421,000.00","738,752,000.00",0.116330,20.115244,0.126343,0.369457,,0.333119,0.088036,0.298973,2.147268,0.155189,
H,2658.HK,天域半导体,信息技术,半导体,信息技术--半导体--半导体产品--分立器件,民营企业,"1,758,547,000.00","436,855,000.00","101,436,000.00","19,876,000.00","3,043,023,000.00",0.039866,21.287754,0.010456,0.286793,0.384297,0.484363,0.191791,0.104166,6.945700,0.293344,182.4944
H,2659.HK,宝济药业-B,医疗保健,医药生物,医疗保健--医药生物--生物科技Ⅲ--生物科技Ⅳ,民营企业,,,"-160,395,000.00","3,655,000.00","973,880,000.00",-0.160944,,,0.262081,,,,,,,
H,2670.HK,云迹,工业,机械,工业--机械--机械Ⅲ--工业机械,民营企业,"647,362,000.00","161,280,000.00","-264,523,000.00","557,000.00","517,191,000.00",-0.510384,20.288416,0.000201,0.173188,,-1.705051,0.040935,2.705523,0.358356,0.014816,
H,2671.HK,美联股份,工业,建筑,工业--建筑--建筑产品Ⅲ--建筑产品Ⅳ,外资企业,"1,174,323,000.00","1,902,842,000.00","64,181,000.00","10,203,000.00","1,211,603,000.00",0.061393,20.883958,0.000471,0.217081,1.828693,0.122272,0.081473,0.744659,1.164568,0.001964,84.2289
H,2675.HK,精锋医疗-B,医疗保健,医疗设备与服务,医疗保健--医疗设备与服务--医疗保健设备与用品--医疗保健设备,民营企业,,,"-212,869,000.00","985,000.00","1,555,646,000.00",-0.136203,,,0.878293,,,,,,,
H,2676.HK,纳芯微,信息技术,半导体,信息技术--半导体--半导体产品--集成电路,民营企业,"6,850,453,000.00","1,670,393,000.00","-305,335,000.00","6,383,000.00","7,156,314,000.00",-0.041775,22.647581,0.039979,0.286793,0.434361,0.787872,0.079414,0.051375,17.521912,0.058032,94.6239
H,2687.HK,卓越睿新,信息技术,软件服务,信息技术--软件服务--软件--应用软件,民营企业,"565,461,000.00","400,111,000.00","81,421,000.00","1,330,000.00","628,441,000.00",0.131677,20.153152,0.003985,0.643845,0.686668,0.409544,0.037200,0.464465,1.917963,0.020698,-4.0165
H,2691.HK,南华期货股份,金融,非银金融,金融--非银金融--资本市场--投资银行业与经纪业,其他企业,"34,189,185,000.00",,"401,855,000.00","59,791,000.00","36,325,522,000.00",0.012709,24.255175,,0.813024,,,0.006700,0.902746,,,
H,2692.HK,兆威机电,工业,电气设备,工业--电气设备--电气设备Ⅲ--电气部件与设备,民营企业,"3,558,473,000.00","1,152,459,000.00","179,923,000.00","3,334,000.00","3,804,044,000.00",0.048174,21.992597,0.001528,0.231604,0.337896,0.518364,0.210035,0.171810,4.491824,0.073224,1.7643
H,2693.HK,金岩高岭新材,材料,有色金属,材料--有色金属--其他金属与采矿--金属非金属,地方国有企业,"580,140,000.00","190,366,000.00","43,617,000.00","973,000.00","739,003,000.00",0.060338,20.178780,0.000136,0.216290,0.364323,-0.038854,0.309024,0.390457,0.881168,0.282882,-23.4134
H,2695.HK,印象大红袍,通讯服务,传媒,通讯服务--传媒--娱乐--电影和娱乐,地方国有企业,"243,894,000.00","63,039,000.00","47,504,000.00","1,858,000.00","294,275,000.00",0.167741,19.312244,0.005390,0.875923,0.252968,0.086583,0.629269,0.237263,2.386267,0.087247,7.3138
H,2696.HK,复宏汉霖,医疗保健,医药生物,医疗保健--医药生物--生物科技Ⅲ--生物科技Ⅳ,民营企业,"8,924,308,000.00","3,214,730,000.00","546,019,000.00","110,539,000.00","9,903,571,000.00",0.066295,22.912045,0.006538,0.262081,0.399416,-0.314874,0.203652,0.816643,0.438170,0.152986,91.0718
H,2701.HK,国民技术,信息技术,半导体,信息技术--半导体--半导体产品--集成电路,公众企业,"3,713,734,000.00","1,195,411,000.00","-571,524,000.00","70,016,000.00","3,802,580,000.00",-0.131886,22.035304,0.028611,0.286793,0.374638,0.246274,0.184933,0.530443,1.715512,0.046595,18.1963
H,2706.HK,海致科技集团,信息技术,软件服务,信息技术--软件服务--信息技术服务--互联网服务与基础架构,民营企业,"365,700,000.00","312,992,000.00","-265,650,000.00","624,000.00","1,062,551,000.00",-0.249424,19.717324,0.003117,0.643845,,0.070654,0.009013,0.875217,1.081394,0.004681,
H,2714.HK,牧原股份,日常消费,食品饮料,日常消费--食品饮料--食品--食品加工与肉类,民营企业,"192,947,611,799.00","124,826,212,177.74","-4,263,280,820.31","3,239,357,630.51","195,404,553,902.24",-0.005240,25.985685,0.491931,0.292355,0.674347,-0.080793,0.589797,0.543553,0.800571,0.081571,58.4135
H,2715.HK,埃斯顿,工业,机械,工业--机械--机械Ⅲ--工业机械,民营企业,"8,250,643,000.00","3,880,779,000.00","135,672,000.00","130,538,000.00","10,081,499,000.00",0.026406,22.833557,0.004839,0.173188,0.509264,0.141307,0.106690,0.627919,1.351395,0.034320,29.1150
H,2722.HK,重庆机电,工业,机械,工业--机械--机械Ⅲ--工业机械,地方国有企业,"17,217,824,908.47","7,205,352,432.71","303,626,849.13","88,185,693.95","17,486,084,156.96",0.022407,23.569211,0.008984,0.173188,0.424428,0.222763,0.161259,0.534341,1.514079,0.004167,-2.7698
H,2723.HK,深演智能,通讯服务,传媒,通讯服务--传媒--媒体--广告,民营企业,"554,997,000.00","542,902,000.00","60,658,000.00","272,000.00","615,421,000.00",0.099005,20.134473,0.046423,0.875923,,0.447350,0.002175,0.247839,2.834219,0.000157,
H,2726.HK,瀚天天成,信息技术,半导体,信息技术--半导体--半导体产品--分立器件,民营企业,"1,453,598,000.00","440,691,000.00","107,505,000.00","32,535,000.00","3,073,598,000.00",0.045562,21.097308,0.010547,0.286793,,-0.070085,0.575246,0.598581,0.829948,0.367159,
H,2727.HK,上海电气,工业,电气设备,工业--电气设备--电气设备Ⅲ--重型电气设备,地方国有企业,"288,020,852,000.00","116,985,807,000.00","285,155,000.00","1,919,132,000.00","283,266,567,000.00",0.007782,26.386299,0.155071,0.231604,0.397355,0.130644,0.082321,0.672961,1.230106,0.014044,-9.7017
H,2729.HK,凯乐士科技,工业,机械,工业--机械--机械Ⅲ--工业机械,公众企业,"1,931,901,000.00","656,924,000.00","-241,715,000.00","4,803,000.00","2,149,769,000.00",-0.110203,21.381770,0.000819,0.173188,,-0.521240,0.060654,1.334045,0.593766,0.057305,
H,2768.HK,国恩科技,材料,化工,材料--化工--基础化工--商品化工,民营企业,"12,760,852,000.00","13,406,440,000.00","471,478,000.00","122,742,000.00","15,053,205,000.00",0.039475,23.269648,0.176153,0.260419,1.182761,0.248765,0.205756,0.537582,1.603337,0.062585,37.6623
H,2777.HK,富力地产,房地产,房地产Ⅱ,房地产--房地产Ⅱ--房地产管理和开发--房地产开发,外资企业,"368,920,936,000.00","35,192,599,000.00","-20,164,485,000.00","5,600,256,000.00","334,868,229,000.00",-0.043492,26.633848,0.056758,0.667441,0.091711,0.121401,0.123863,0.818549,1.216136,0.002458,-53.8339
H,2799.HK,中信金融资产,金融,非银金融,金融--非银金融--资本市场--资产管理与托管银行,中央国有企业,"955,325,996,000.00",,"1,766,241,000.00","34,532,268,000.00","968,103,164,000.00",0.037494,27.585318,,0.813024,,,0.007500,0.949358,,0.000564,
H,2865.HK,钧达股份,工业,电气设备,工业--电气设备--电气设备Ⅲ--光伏设备,民营企业,"8,839,676,000.00","11,085,713,000.00","815,642,000.00","245,594,000.00","17,925,955,000.00",0.059201,22.902516,0.014695,0.231604,1.496179,-0.092554,0.460813,0.881123,0.813101,0.064777,289.2273
H,2866.HK,中远海发,工业,机械,工业--机械--机械Ⅲ--工业机械,中央国有企业,"128,090,631,000.00","25,464,673,000.00","1,407,555,000.00","3,894,302,000.00","125,930,990,000.00",0.042101,25.576004,0.031749,0.173188,0.195351,-0.134167,0.336969,0.774423,0.591010,0.053693,-27.0658
H,2880.HK,辽港股份,工业,交通运输,工业--交通运输--交通基础设施--海港与服务,中央国有企业,"57,609,391,070.26","11,980,738,429.67","1,343,109,072.73","501,452,869.60","56,352,939,728.84",0.032732,24.776951,0.010702,0.199436,0.207598,0.052161,0.571817,0.275431,1.463891,0.059606,-2.9708
H,2883.HK,中海油田服务,能源,石油石化,能源--石油石化--能源设备与服务--石油天然气钻井,中央国有企业,"77,184,090,000.00","35,610,128,000.00","3,013,255,000.00","969,394,000.00","83,245,834,000.00",0.047842,25.069459,0.005280,0.464320,0.473238,0.088332,0.571986,0.483079,1.320206,0.053665,22.0843
H,2889.HK,博泰车联,信息技术,硬件设备,信息技术--硬件设备--电子设备、仪器和元件--电子设备和仪器,民营企业,"2,286,901,000.00","1,217,757,000.00","-283,891,000.00","27,788,000.00","2,580,751,000.00",-0.099236,21.550463,0.001469,0.379619,0.727308,0.299518,0.082185,0.642633,1.521454,0.077596,40.9798
H,2899.HK,紫金矿业,材料,有色金属,材料--有色金属--贵金属--黄金,地方国有企业,"306,044,139,470.00","270,328,998,459.00","21,119,419,571.00","4,663,911,436.00","343,005,706,012.00",0.075169,26.446995,0.193306,0.216290,1.050558,0.027691,0.309148,0.593342,1.119075,0.081016,20.0915
H,3200.HK,大族数控,信息技术,硬件设备,信息技术--硬件设备--电子设备、仪器和元件--电子设备和仪器,外资企业,"7,151,808,000.00","2,786,150,000.00","135,546,000.00","6,638,000.00","5,979,127,000.00",0.023780,22.690631,0.003360,0.379619,0.464479,0.665228,0.024239,0.198704,4.612377,0.020110,-31.3737
H,3268.HK,美格智能,信息技术,硬件设备,信息技术--硬件设备--电子设备、仪器和元件--电子元件,民营企业,"1,726,703,000.00","2,305,932,000.00","64,509,000.00","8,644,000.00","2,144,722,000.00",0.034108,21.269480,0.002781,0.379619,1.428133,0.273401,0.014539,0.524961,1.591986,0.035624,17.3833
H,3277.HK,长光辰芯,信息技术,硬件设备,信息技术--硬件设备--电子设备、仪器和元件--电子设备和仪器,民营企业,"1,045,498,000.00","604,407,000.00","174,199,000.00","1,372,000.00","1,313,888,000.00",0.133627,20.767759,0.000729,0.379619,,0.734417,0.036504,0.291827,6.467675,0.027524,
H,3288.HK,海天味业,日常消费,食品饮料,日常消费--食品饮料--食品--食品加工与肉类,民营企业,"34,059,175,000.00","25,609,652,000.00","5,626,625,000.00","11,888,000.00","38,423,517,000.00",0.146746,24.251365,0.100926,0.292355,0.759965,0.594680,0.139453,0.210654,4.014350,0.044567,3.3240
H,3296.HK,华勤技术,信息技术,硬件设备,信息技术--硬件设备--电脑与外围设备--电脑硬件、储存设备及电脑周边,民营企业,"43,852,342,000.00","92,645,702,000.00","2,708,451,000.00","270,331,000.00","51,509,636,000.00",0.057830,24.504094,0.111728,0.379619,2.079769,0.088506,0.166172,0.716975,1.142808,0.053930,10.8128
H,3310.HK,云英谷科技,信息技术,硬件设备,信息技术--硬件设备--电子设备、仪器和元件--电子设备和仪器,公众企业,"1,439,421,000.00","551,290,000.00","-232,105,000.00","874,000.00","1,214,193,000.00",-0.190440,21.087507,0.000665,0.379619,,0.831227,0.037673,0.098841,10.010898,0.023423,
H,3317.HK,迅策,信息技术,软件服务,信息技术--软件服务--信息技术服务--信息科技咨询与其它服务,公众企业,"1,864,516,000.00","287,899,000.00","-55,267,000.00","1,359,000.00","2,048,893,000.00",-0.026311,21.346267,0.002867,0.643845,0.191491,0.443367,0.001724,0.133039,4.403296,0.003940,139.8259
H,3319.HK,雅生活服务,房地产,房地产Ⅱ,房地产--房地产Ⅱ--房地产管理和开发--房地产经营公司,民营企业,"22,701,714,000.00","15,378,576,000.00","460,875,000.00","20,128,000.00","24,050,580,000.00",0.020000,23.845706,0.024802,0.667441,0.717233,0.313313,0.026542,0.377818,1.868663,0.010565,9.2222
H,3323.HK,中国建材,材料,建材Ⅱ,材料--建材Ⅱ--建材Ⅲ--建材Ⅳ,中央国有企业,"482,467,333,000.00","230,167,736,000.00","3,863,048,000.00","5,946,643,000.00","488,897,924,000.00",0.020065,26.902179,0.460879,0.328431,0.487123,-0.075569,0.401409,0.601344,0.804150,0.064405,-16.4905
H,3328.HK,交通银行,金融,银行,金融--银行--商业银行--多元化银行,中央国有企业,"12,992,419,000,000.00",,"92,728,000,000.00","295,738,000,000.00","14,060,472,000,000.00",0.027628,30.195387,,,,,0.014945,0.920281,,0.002436,
H,3330.HK,灵宝黄金,材料,有色金属,材料--有色金属--贵金属--黄金,民营企业,"6,903,903,000.00","10,126,458,000.00","318,082,000.00","52,448,000.00","6,836,150,000.00",0.054202,22.655353,0.007241,0.216290,1.456227,-0.179423,0.306912,0.724999,0.724627,0.066895,89.9681
H,3332.HK,中生联合,日常消费,家庭用品,日常消费--家庭用品--美容护理Ⅲ--美容护理Ⅳ,民营企业,"436,987,000.00","274,851,000.00","52,602,000.00","3,280,000.00","505,419,000.00",0.110566,19.895414,0.050243,0.369457,0.664615,0.291544,0.183241,0.259017,2.901593,0.008842,8.9274
H,3347.HK,泰格医药,医疗保健,医药生物,医疗保健--医药生物--生命科学工具和服务Ⅲ--生命科学工具和服务Ⅳ,民营企业,"27,446,510,000.00","7,085,471,000.00","2,026,507,000.00","119,897,000.00","29,680,743,000.00",0.072316,24.035505,0.014411,0.262081,0.276843,0.268726,0.035064,0.173628,2.977598,0.018845,35.9052
H,3355.HK,飞速创新,信息技术,硬件设备,信息技术--硬件设备--通信设备Ⅲ--通信设备Ⅳ,民营企业,"2,153,815,000.00","1,988,244,000.00","456,747,000.00","4,655,000.00","2,719,416,000.00",0.169670,21.490507,0.002398,0.379619,,0.548978,0.144706,0.288511,3.231412,0.097867,
H,3369.HK,秦港股份,工业,交通运输,工业--交通运输--交通基础设施--海港与服务,地方国有企业,"27,940,699,083.26","6,919,421,033.92","1,531,202,403.96","236,306,728.69","28,026,106,959.77",0.063067,24.053350,0.006181,0.199436,0.248374,0.077915,0.502018,0.347723,1.702649,0.025409,4.9214
H,3378.HK,翰思艾泰-B,医疗保健,医药生物,医疗保健--医药生物--生物科技Ⅲ--生物科技Ⅳ,外资企业,"555,679,000.00",,"-76,056,000.00","2,280,000.00","586,240,000.00",-0.125846,20.135701,,0.262081,,0.443148,0.005293,0.244251,10.163398,0.001546,
H,3388.HK,创想三维,工业,企业服务,工业--企业服务--商业服务与用品--商业印刷,公众企业,"1,646,730,000.00","1,346,419,000.00","129,057,000.00","49,273,000.00","1,945,124,000.00",0.091681,21.222057,0.058910,0.441547,,0.172188,0.315421,0.846420,1.486378,0.155509,
H,3396.HK,联想控股,信息技术,硬件设备,信息技术--硬件设备--电脑与外围设备--电脑硬件、储存设备及电脑周边,中央国有企业,"681,074,168,000.00","483,662,697,000.00","-3,874,279,000.00","5,731,086,000.00","665,732,567,000.00",0.002789,27.246937,0.583280,0.379619,0.710349,-0.163069,0.047324,0.850008,0.750429,0.020990,-1.2675
H,3399.HK,粤运交通,工业,交通运输,工业--交通运输--铁路公路运输--地面货运,地方国有企业,"9,215,602,097.18","5,819,527,628.66","201,887,517.27","170,685,785.30","8,603,368,305.61",0.043306,22.944164,0.005199,0.199436,0.589044,-0.142250,0.322919,0.730701,0.632458,0.026991,-7.2014
H,3606.HK,福耀玻璃,可选消费,汽车与零配件,可选消费--汽车与零配件--汽车零配件--汽车零配件与设备,外资企业,"50,778,126,000.00","28,098,754,000.00","5,628,684,000.00","288,320,000.00","56,640,463,000.00",0.104466,24.650732,0.025743,0.218468,0.587999,0.242576,0.357173,0.428909,1.709520,0.061646,19.0471
H,3618.HK,重庆农村商业银行,金融,银行,金融--银行--商业银行--区域性银行,地方国有企业,"1,352,301,245,000.00",,"10,902,355,000.00","26,393,954,000.00","1,441,522,072,000.00",0.025873,27.932829,,,,,0.003504,0.914622,,0.000452,
H,3625.HK,傅里叶,信息技术,半导体,信息技术--半导体--半导体产品--集成电路,民营企业,"357,809,000.00","130,327,000.00","-94,130,000.00","822,000.00","321,686,000.00",-0.290059,19.695510,0.003119,0.286793,,0.624291,0.055862,0.166206,4.885223,0.044401,
H,3636.HK,金浔资源,材料,有色金属,材料--有色金属--其他金属与采矿--铜,民营企业,"636,996,000.00","637,303,000.00","29,146,000.00","13,410,000.00","882,818,000.00",0.048205,20.272274,0.000456,0.216290,1.283439,-0.038214,0.532857,0.434103,0.907468,0.316274,-36.4634
H,3677.HK,正力新能,工业,电气设备,工业--电气设备--电气设备Ⅲ--电气部件与设备,民营企业,"10,450,817,000.00","3,290,253,000.00","-589,867,000.00","73,451,000.00","14,130,782,000.00",-0.036545,23.069946,0.004361,0.231604,0.404560,-0.059008,0.450434,0.763410,0.883376,0.259075,119.4532
H,3678.HK,弘业期货,金融,非银金融,金融--非银金融--资本市场--综合性资本市场,地方国有企业,"10,483,928,699.73",,"7,791,496.31","7,676,496.92","9,313,077,143.89",0.001661,23.073109,,0.813024,,,0.030966,0.824749,,0.006617,
H,3689.HK,康华医疗,医疗保健,医疗设备与服务,医疗保健--医疗设备与服务--医疗保健提供商与服务--保健护理设施,民营企业,"2,719,334,000.00","1,845,633,000.00","121,062,000.00","12,055,000.00","2,624,986,000.00",0.050712,21.723653,0.003131,0.878293,0.680551,0.106482,0.399301,0.447472,1.346785,0.042363,-5.5432
H,3698.HK,徽商银行,金融,银行,金融--银行--商业银行--区域性银行,公众企业,"1,580,235,686,000.00",,"14,433,227,000.00","36,272,245,000.00","1,806,143,550,000.00",0.028074,28.088595,,,,,0.002927,0.922276,,0.000354,
H,3750.HK,宁德时代,工业,电气设备,工业--电气设备--电气设备Ⅲ--电气部件与设备,民营企业,"600,952,353,000.00","328,593,988,000.00","44,702,249,000.00","3,446,516,000.00","717,168,041,000.00",0.067137,27.121781,0.435569,0.231604,0.723282,0.153046,0.210937,0.705619,1.310972,0.080231,153.0191
H,3759.HK,康龙化成,医疗保健,医药生物,医疗保健--医药生物--生命科学工具和服务Ⅲ--生命科学工具和服务Ⅳ,民营企业,"20,492,557,000.00","10,266,288,000.00","1,601,096,000.00","182,192,000.00","26,476,713,000.00",0.067353,23.743328,0.020880,0.262081,0.528078,0.128026,0.382182,0.471034,1.670573,0.143948,37.9179
H,3768.HK,滇池水务,公用事业,公用事业Ⅱ,公用事业--公用事业Ⅱ--水务Ⅲ--水务Ⅳ,地方国有企业,"11,702,204,000.00","2,065,863,000.00","316,506,000.00","261,996,000.00","12,063,850,000.00",0.047953,23.183043,0.002995,0.200411,0.173820,0.007825,0.232149,0.601990,1.021602,0.031561,-10.8673
H,3833.HK,新疆新鑫矿业,材料,有色金属,材料--有色金属--其他金属与采矿--金属非金属,地方国有企业,"7,829,460,146.86","2,863,724,807.66","162,663,648.19","37,497,895.10","7,837,578,222.31",0.025539,22.781159,0.002048,0.216290,0.376238,0.154072,0.496294,0.273300,2.186946,0.007467,20.2029
H,3866.HK,青岛银行,金融,银行,金融--银行--商业银行--区域性银行,公众企业,"529,613,992,000.00",,"3,548,599,000.00","11,858,063,000.00","607,985,372,000.00",0.025341,26.995414,,,,,0.006545,0.930906,,0.000933,
H,3880.HK,泰德医药,医疗保健,医疗设备与服务,医疗保健--医疗设备与服务--医疗保健设备与用品--医疗保健用品,外资企业,"1,239,152,000.00","350,840,000.00","48,905,000.00","224,000.00","1,308,746,000.00",0.037539,20.937693,0.000595,0.878293,0.294873,0.184998,0.208330,0.836608,1.453210,0.074401,24.3518
H,3881.HK,希迪智驾,信息技术,软件服务,信息技术--软件服务--软件--应用软件,外资企业,"1,343,805,000.00","31,056,000.00","-255,079,000.00","121,100,000.00","1,308,181,000.00",-0.102416,21.018771,0.000309,0.643845,0.025718,0.325265,0.217890,1.447920,3.022408,0.114168,-59.8682
H,3898.HK,时代电气,工业,电气设备,工业--电气设备--电气设备Ⅲ--电气部件与设备,中央国有企业,"48,509,554,784.00","18,033,778,561.00","3,105,703,645.00","47,187,001.00","53,404,847,387.00",0.059038,24.605027,0.023905,0.231604,0.389245,0.510029,0.108352,0.272396,3.114295,0.019655,19.2618
H,3903.HK,瀚华金控,金融,非银金融,金融--非银金融--金融服务--特殊金融服务,公众企业,"11,483,605,000.00",,"31,862,000.00","185,417,000.00","13,162,389,000.00",0.016508,23.164186,,0.813024,,,0.079325,0.305998,,0.001074,
H,3908.HK,中金公司,金融,非银金融,金融--非银金融--资本市场--投资银行业与经纪业,中央国有企业,"648,764,039,436.00",,"6,156,130,774.00","10,740,147,165.00","624,306,586,684.00",0.027064,27.198335,,0.813024,,,0.002405,0.846670,,0.002445,
H,3931.HK,中创新航,工业,电气设备,工业--电气设备--电气设备Ⅲ--电气部件与设备,公众企业,"90,460,618,000.00","20,374,942,000.00","294,377,000.00","330,439,000.00","105,429,025,000.00",0.005926,25.228180,0.027008,0.231604,0.315499,0.050679,0.503287,0.540403,1.139878,0.349612,198.8792
H,3958.HK,东方证券,金融,非银金融,金融--非银金融--资本市场--投资银行业与经纪业,地方国有企业,"368,066,959,000.00",,"2,753,755,000.00","4,299,827,000.00","383,690,462,000.00",0.018384,26.631531,,0.813024,,,0.005788,0.789717,,0.000843,
H,3968.HK,招商银行,金融,银行,金融--银行--商业银行--多元化银行,公众企业,"10,138,912,000,000.00",,"146,602,000,000.00","160,941,000,000.00","11,028,483,000,000.00",0.027886,29.947402,,,,,0.009855,0.905884,,0.003441,
H,3969.HK,中国通号,工业,电气设备,工业--电气设备--电气设备Ⅲ--电气部件与设备,中央国有企业,"116,806,544,483.88","40,203,207,773.29","3,477,326,647.54","76,697,247.11","118,990,487,731.74",0.029868,25.483785,0.053291,0.231604,0.356176,0.232672,0.046851,0.595248,1.416564,0.006061,4.8097
H,3983.HK,中海石油化学,材料,化工,材料--化工--农用化工--化肥与农用药剂,中央国有企业,"23,497,659,000.00","14,279,054,000.00","2,381,681,000.00","34,185,000.00","24,317,346,000.00",0.099347,23.880167,0.187618,0.260419,0.635624,0.484399,0.299508,0.243474,3.774451,0.050150,6.5759
H,3986.HK,兆易创新,信息技术,半导体,信息技术--半导体--半导体产品--集成电路,民营企业,"16,646,687,000.00","8,129,992,000.00","161,141,000.00","7,115,000.00","16,455,780,000.00",0.010225,23.535477,0.194581,0.286793,0.507094,0.613815,0.062117,0.087678,9.538720,0.033090,-4.0540
H,3988.HK,中国银行,金融,银行,金融--银行--商业银行--多元化银行,中央国有企业,"28,913,857,000,000.00",,"231,904,000,000.00","582,306,000,000.00","32,432,166,000,000.00",0.025105,30.995342,,,,,0.008521,0.911199,,0.000959,
H,3993.HK,洛阳钼业,材料,有色金属,材料--有色金属--其他金属与采矿--金属非金属,民营企业,"165,019,219,538.77","172,990,857,221.36","8,249,711,872.51","4,138,052,209.88","172,974,530,702.61",0.071616,25.829328,0.123702,0.216290,1.143858,0.215858,0.252788,0.624059,1.711544,0.063737,-0.5014
H,3996.HK,中国能源建设,工业,建筑,工业--建筑--建筑与工程Ⅲ--建筑与工程Ⅳ,中央国有企业,"664,351,125,000.00","366,393,301,000.00","7,986,116,000.00","5,899,961,000.00","783,156,193,000.00",0.017731,27.222077,0.090762,0.217081,0.614129,0.055987,0.089218,0.747895,1.108897,0.030079,13.6743
H,6030.HK,中信证券,金融,非银金融,金融--非银金融--资本市场--投资银行业与经纪业,中央国有企业,"1,308,289,282,000.00",,"19,720,547,000.00","17,579,860,000.00","1,453,359,126,000.00",0.025665,27.899742,,0.813024,,,0.006331,0.802512,,0.000997,
H,6031.HK,三一重工,工业,机械,工业--机械--机械Ⅲ--建筑机械与重型卡车,民营企业,"158,922,397,000.00","80,838,530,000.00","4,527,451,000.00","1,013,550,000.00","151,203,358,000.00",0.036646,25.791682,0.100790,0.173188,0.543491,0.239377,0.150033,0.584182,1.561727,0.035660,-24.0604
H,6049.HK,保利物业,房地产,房地产Ⅱ,房地产--房地产Ⅱ--房地产管理和开发--房地产经营公司,中央国有企业,"13,109,537,000.00","13,686,662,000.00","1,380,140,000.00","4,694,000.00","14,877,257,000.00",0.093084,23.296606,0.022074,0.667441,1.128915,0.529986,0.012164,0.401594,2.339978,0.005652,26.9335
H,6060.HK,众安在线,金融,非银金融,金融--非银金融--保险--多元化保险,公众企业,"54,557,388,000.00",,"4,077,855,000.00",,"42,863,606,000.00",,24.722519,,0.813024,,,0.001093,0.687912,,0.007530,
H,6066.HK,中信建投证券,金融,非银金融,金融--非银金融--资本市场--投资银行业与经纪业,地方国有企业,"509,955,498,000.00",,"7,034,486,000.00","8,406,078,000.00","522,752,188,000.00",0.029537,26.957589,,0.813024,,,0.001314,0.817065,,0.001073,
H,6082.HK,壁仞科技,信息技术,半导体,信息技术--半导体--半导体材料与设备--半导体材料与设备Ⅳ,公众企业,"3,546,573,000.00","499,000.00","-1,743,955,000.00","12,170,000.00","3,397,768,000.00",-0.509683,21.989248,0.000012,0.286793,,0.707718,0.094511,2.214236,8.741144,0.048596,
H,6099.HK,招商证券,金融,非银金融,金融--非银金融--资本市场--投资银行业与经纪业,中央国有企业,"611,661,882,000.00",,"8,763,960,000.00","9,523,425,000.00","695,852,992,000.00",0.026281,27.139445,,0.813024,,,0.002533,0.811593,,0.000916,
H,6117.HK,日照港裕廊,工业,交通运输,工业--交通运输--海上运输Ⅲ--海上运输Ⅳ,地方国有企业,"2,904,246,000.00","833,490,000.00","218,252,000.00","20,658,000.00","3,300,604,000.00",0.072384,21.789440,0.000745,0.199436,0.295729,0.259746,0.518957,0.120733,7.656769,0.006470,9.8981
H,6127.HK,昭衍新药,医疗保健,医药生物,医疗保健--医药生物--生命科学工具和服务Ⅲ--生命科学工具和服务Ⅳ,民营企业,"10,364,216,000.00","2,267,971,000.00","396,993,000.00","3,142,000.00","10,027,159,000.00",0.039905,23.061625,0.004613,0.262081,0.239981,0.394062,0.087634,0.209697,3.214514,0.026518,49.5352
H,6138.HK,哈尔滨银行,金融,银行,金融--银行--商业银行--区域性银行,地方国有企业,"712,733,054,000.00",,"739,993,000.00","20,170,073,000.00","813,328,725,000.00",0.025709,27.292373,,,,,0.011933,0.911158,,0.000491,
H,6166.HK,剑桥科技,信息技术,硬件设备,信息技术--硬件设备--通信设备Ⅲ--通信设备Ⅳ,外资企业,"5,237,170,000.00","3,783,739,000.00","95,018,000.00","61,123,000.00","4,735,918,000.00",0.032970,22.379047,0.004563,0.379619,0.832973,0.136796,0.116937,0.632336,1.229957,0.034316,29.7330
H,6168.HK,周六福,可选消费,可选消费零售,可选消费--可选消费零售--专营零售--其他专卖店,民营企业,"2,584,835,000.00","3,101,690,000.00","659,694,000.00","2,446,000.00","3,075,203,000.00",0.215316,21.672928,0.034609,0.405377,1.345292,0.580762,0.025333,0.262994,3.282135,0.063201,11.4491
H,6178.HK,光大证券,金融,非银金融,金融--非银金融--资本市场--投资银行业与经纪业,中央国有企业,"258,354,482,000.00",,"4,271,152,000.00","3,268,003,000.00","259,604,027,000.00",0.029041,26.277598,,0.813024,,,0.003186,0.749242,,0.001109,
H,6181.HK,老铺黄金,可选消费,纺织服装Ⅱ,可选消费--纺织服装Ⅱ--纺织服装Ⅲ--服装、服饰与奢侈品,民营企业,"1,291,212,000.00","1,294,220,000.00","416,302,000.00","18,076,000.00","2,158,547,000.00",0.201236,20.978847,0.072304,0.779353,1.052134,0.552660,0.040794,0.326548,3.449031,0.026799,2.3420
H,6185.HK,康希诺生物,医疗保健,医药生物,医疗保健--医药生物--生物科技Ⅲ--生物科技Ⅳ,民营企业,"11,468,960,000.00","1,031,041,000.00","-1,482,732,000.00","64,145,000.00","9,318,769,000.00",-0.152229,23.162910,0.002097,0.262081,0.088338,0.417485,0.249246,0.368242,2.627469,0.093732,-76.0206
H,6188.HK,迪信通,可选消费,可选消费零售,可选消费--可选消费零售--专营零售--电脑与电子产品零售,地方国有企业,"7,064,491,000.00","13,507,537,000.00","-630,045,000.00","179,827,000.00","8,332,188,000.00",-0.054034,22.678347,0.150718,0.405377,1.870950,0.033094,0.007487,0.938012,1.036216,0.001797,31.8589
H,6189.HK,爱得威建设集团,工业,建筑,工业--建筑--建筑与工程Ⅲ--建筑与工程Ⅳ,民营企业,"126,870,000.00","189,111,000.00","-16,502,000.00","30,276,000.00","93,566,000.00",0.147212,18.658673,0.000047,0.217081,0.266300,-5.406069,0.368543,5.977292,0.093878,0.000441,-65.8957
H,6190.HK,九江银行,金融,银行,金融--银行--商业银行--区域性银行,公众企业,"479,703,540,000.00",,"723,582,000.00","11,284,788,000.00","503,849,217,000.00",0.023833,26.896434,,,,,0.005978,0.924086,,0.000863,
H,6196.HK,郑州银行,金融,银行,金融--银行--商业银行--区域性银行,地方国有企业,"591,513,618,000.00",,"1,850,117,000.00","13,020,191,000.00","630,709,429,000.00",0.023577,27.105951,,,,,0.005156,0.911033,,0.001254,
H,6198.HK,青岛港,工业,交通运输,工业--交通运输--交通基础设施--海港与服务,地方国有企业,"57,475,910,361.00","19,262,764,979.00","4,923,321,689.00","161,761,849.00","60,245,860,643.00",0.084406,24.774632,0.017207,0.199436,0.326345,0.090309,0.429321,0.281840,1.597515,0.051444,14.7094
H,6199.HK,贵州银行,金融,银行,金融--银行--商业银行--区域性银行,地方国有企业,"533,781,331,000.00",,"3,653,336,000.00","13,428,597,000.00","576,786,026,000.00",0.029616,27.003252,,,,,0.007150,0.917624,,0.000438,
H,6600.HK,卧安机器人,信息技术,软件服务,信息技术--软件服务--信息技术服务--信息科技咨询与其它服务,民营企业,"341,168,000.00","274,597,000.00","-16,376,000.00","2,240,000.00","374,469,000.00",-0.037749,19.647886,0.002735,0.643845,,0.544245,0.030237,0.388788,2.702134,0.027218,
H,6609.HK,心玮医疗-B,医疗保健,医疗设备与服务,医疗保健--医疗设备与服务--医疗保健设备与用品--医疗保健设备,民营企业,"1,312,559,000.00","183,032,000.00","-94,012,000.00","2,158,000.00","1,201,245,000.00",-0.076466,20.995245,0.000311,0.878293,0.129939,0.811023,0.063498,0.112057,16.769206,0.028370,103.1680
H,6613.HK,蓝思科技,信息技术,硬件设备,信息技术--硬件设备--电子设备、仪器和元件--电子元件,民营企业,"78,345,772,000.00","46,698,546,000.00","3,021,342,000.00","509,986,000.00","77,469,741,000.00",0.045583,25.084398,0.056317,0.379619,0.602729,0.082254,0.476023,0.433521,1.290713,0.087463,4.0130
H,6636.HK,极视角,信息技术,软件服务,信息技术--软件服务--信息技术服务--互联网服务与基础架构,民营企业,"357,713,000.00","101,572,000.00","-56,232,000.00","666,000.00","335,225,000.00",-0.165757,19.695242,0.001012,0.643845,,0.527582,0.009899,0.281880,2.937866,0.002264,
H,6651.HK,五一视界,信息技术,软件服务,信息技术--软件服务--信息技术服务--信息科技咨询与其它服务,公众企业,"504,342,000.00","169,977,000.00","-85,595,000.00","6,307,000.00","374,688,000.00",-0.211611,20.038765,0.001693,0.643845,0.343021,-2.280332,0.017968,2.855142,0.180679,0.005195,34.7879
H,6655.HK,华新建材,材料,建材Ⅱ,材料--建材Ⅱ--建材Ⅲ--建材Ⅳ,外资企业,"64,241,676,265.00","30,470,382,363.00","2,762,116,715.00","722,067,696.00","68,800,268,263.00",0.050642,24.885918,0.061013,0.328431,0.521792,-0.033850,0.456032,0.519966,0.869197,0.120140,-6.1413
H,6656.HK,思格新能,信息技术,硬件设备,信息技术--硬件设备--电子设备、仪器和元件--电子设备和仪器,民营企业,,,"-373,452,000.00","4,755,000.00","655,979,000.00",-0.562056,,,0.379619,,,,,,,
H,6657.HK,百望股份,工业,企业服务,工业--企业服务--专业服务--数据处理与外包服务,民营企业,"1,260,717,000.00","525,765,000.00","-357,980,000.00","1,022,000.00","1,151,869,000.00",-0.309895,20.954946,0.023004,0.441547,0.406534,-1.225837,0.006903,1.978377,0.377805,0.003554,15.8678
H,6660.HK,艾美疫苗,医疗保健,医药生物,医疗保健--医药生物--生物科技Ⅲ--生物科技Ⅳ,民营企业,"8,875,786,000.00","1,264,073,000.00","-1,301,005,000.00","43,832,000.00","7,261,995,000.00",-0.173117,22.906593,0.002571,0.262081,0.149170,0.033677,0.370765,0.339675,1.132859,0.096514,-19.4924
H,6661.HK,湖州燃气,公用事业,公用事业Ⅱ,公用事业--公用事业Ⅱ--燃气Ⅲ--燃气Ⅳ,地方国有企业,"2,298,843,000.00","2,579,459,000.00","110,837,000.00","3,566,000.00","2,201,674,000.00",0.051962,21.555672,0.003739,0.200411,1.230734,0.152980,0.390145,0.479166,1.405653,0.053819,38.7748
H,6680.HK,金力永磁,材料,有色金属,材料--有色金属--其他金属与采矿--金属非金属,民营企业,"11,220,454,000.00","7,165,187,000.00","563,693,000.00","48,404,000.00","11,825,956,000.00",0.051759,23.141004,0.005124,0.216290,0.829725,0.447011,0.152101,0.395054,2.219973,0.051911,75.6142
H,6682.HK,范式智能,信息技术,软件服务,信息技术--软件服务--软件--应用软件,民营企业,"6,718,984,000.00","3,082,637,000.00","-908,717,000.00","437,417,000.00","7,147,274,000.00",-0.065941,22.628203,0.030702,0.643845,0.468213,0.501126,0.007207,1.217445,3.170742,0.002310,52.7268
H,6690.HK,海尔智家,可选消费,家电Ⅱ,可选消费--家电Ⅱ--家电Ⅲ--家用电器,集体企业,"235,843,000,000.00","243,485,000,000.00","16,597,000,000.00","1,582,000,000.00","253,380,000,000.00",0.071746,26.186432,0.366292,0.417081,1.074270,0.049338,0.135077,0.598402,1.097990,0.034786,7.2239
H,6693.HK,赤峰黄金,材料,有色金属,材料--有色金属--贵金属--黄金,民营企业,"17,544,294,000.00","6,266,787,000.00","804,471,000.00","215,026,000.00","18,717,793,000.00",0.054467,23.587995,0.004481,0.216290,0.489633,0.047285,0.341665,0.577737,1.252931,0.109301,72.8830
H,6806.HK,申万宏源,金融,非银金融,金融--非银金融--资本市场--投资银行业与经纪业,中央国有企业,"613,117,025,000.00",,"4,606,340,000.00","9,695,409,000.00","635,437,418,000.00",0.022507,27.141822,,0.813024,,,0.002288,0.809694,,0.000761,
H,6809.HK,澜起科技,信息技术,半导体,信息技术--半导体--半导体产品--集成电路,公众企业,"10,686,045,000.00","3,672,258,000.00","450,910,000.00","742,000.00","10,697,540,000.00",0.042220,23.092205,0.087891,0.286793,0.373869,0.748364,0.059288,0.071008,13.506570,0.021229,43.8798
H,6810.HK,商米科技-W,信息技术,软件服务,信息技术--软件服务--信息技术服务--互联网服务与基础架构,民营企业,"2,893,608,000.00","3,404,380,000.00","101,227,000.00","16,641,000.00","3,461,520,000.00",0.034051,21.785770,0.033907,0.643845,,0.502281,0.010998,0.425583,2.260240,0.009277,
H,6818.HK,中国光大银行,金融,银行,金融--银行--商业银行--多元化银行,中央国有企业,"6,300,510,000,000.00",,"40,792,000,000.00","143,329,000,000.00","6,772,796,000,000.00",0.027185,29.471652,,,,,0.004154,0.919052,,0.000741,
H,6821.HK,凯莱英,医疗保健,医药生物,医疗保健--医药生物--制药--西药,外资企业,"18,239,273,000.00","10,230,186,000.00","2,268,811,000.00","5,912,000.00","19,767,159,000.00",0.115076,23.626843,0.020807,0.262081,0.612667,0.530907,0.264809,0.139494,5.447836,0.117913,120.8532
H,6826.HK,昊海生物科技,医疗保健,医药生物,医疗保健--医药生物--生物科技Ⅲ--生物科技Ⅳ,民营企业,"6,892,399,000.00","2,103,438,000.00","416,121,000.00","7,295,000.00","7,105,497,000.00",0.059590,22.653685,0.004278,0.262081,0.303905,0.438286,0.186640,0.143639,6.908447,0.046014,20.1885
H,6839.HK,云南水务,公用事业,公用事业Ⅱ,公用事业--公用事业Ⅱ--水务Ⅲ--水务Ⅳ,地方国有企业,"46,668,504,000.00","3,789,322,000.00","-688,068,000.00","961,746,000.00","46,844,467,000.00",0.005842,24.566335,0.005493,0.200411,0.079696,-0.100693,0.090180,0.903826,0.644239,0.005663,-28.2426
H,6865.HK,福莱特玻璃,工业,电气设备,工业--电气设备--电气设备Ⅲ--光伏设备,民营企业,"32,381,722,606.05","15,460,843,227.36","2,759,690,819.78","590,660,016.42","42,981,997,983.52",0.077948,24.200860,0.020494,0.231604,0.589381,0.057065,0.404559,0.566655,1.175430,0.249256,77.4410
H,6866.HK,佐力科创,金融,非银金融,金融--非银金融--消费信贷Ⅲ--消费信贷Ⅳ,民营企业,"2,787,638,000.00",,"92,650,000.00","49,016,000.00","2,657,317,000.00",0.053312,21.748460,,0.813024,,,0.012710,0.296350,,0.000013,
H,6869.HK,长飞光纤光缆,信息技术,硬件设备,信息技术--硬件设备--通信设备Ⅲ--通信设备Ⅳ,公众企业,"28,203,306,647.00","13,830,318,400.00","1,297,437,793.00","229,119,222.00","29,142,343,893.00",0.052383,24.062705,0.016679,0.379619,0.580107,0.260239,0.262150,0.484562,1.908901,0.079004,45.0316
H,6871.HK,翼菲科技,工业,机械,工业--机械--机械Ⅲ--工业机械,公众企业,"363,670,000.00","162,214,000.00","-110,606,000.00","1,498,000.00","314,258,000.00",-0.347192,19.711757,0.000202,0.173188,,0.442610,0.053590,0.438403,2.197275,0.030921,
H,6872.HK,丹诺医药-B,医疗保健,医药生物,医疗保健--医药生物--制药--西药,公众企业,,,"-191,844,000.00","69,836,000.00","96,054,000.00",-1.270202,,,0.262081,,,,,,,
H,6881.HK,中国银河,金融,非银金融,金融--非银金融--资本市场--投资银行业与经纪业,中央国有企业,"625,215,724,000.00",,"7,878,769,000.00","10,285,645,000.00","663,205,297,000.00",0.027389,27.161363,,0.813024,,,0.001100,0.835876,,0.001851,
H,6885.HK,金马能源,能源,煤炭Ⅱ,能源--煤炭Ⅱ--煤炭Ⅲ--煤炭与消费用燃料,民营企业,"11,231,082,000.00","12,448,644,000.00","22,324,000.00","125,369,000.00","12,534,978,000.00",0.011782,23.141951,0.017172,0.358266,1.260212,-0.037958,0.534101,0.579161,0.905959,0.178297,68.2645
H,6886.HK,华泰证券,金融,非银金融,金融--非银金融--资本市场--投资银行业与经纪业,地方国有企业,"846,567,016,000.00",,"12,750,633,000.00","13,662,909,000.00","905,508,389,000.00",0.029170,27.464455,,0.813024,,,0.005761,0.801730,,0.001691,
H,6887.HK,东阳光药,医疗保健,医药生物,医疗保健--医药生物--制药--西药,民营企业,"10,688,983,000.00","3,813,566,000.00","184,924,000.00","380,591,000.00","12,658,099,000.00",0.044676,23.092479,0.007756,0.262081,0.371460,-0.449777,0.330064,1.081760,0.463329,0.072991,260.3997
H,6911.HK,澜沧古茶,日常消费,食品饮料,日常消费--食品饮料--食品--农产品,民营企业,"1,410,901,000.00","462,869,000.00","80,080,000.00","15,820,000.00","1,627,976,000.00",0.058908,21.067494,0.001824,0.292355,0.355317,0.397790,0.103478,0.433504,2.451997,0.044634,-17.1491
H,6922.HK,康沣生物-B,医疗保健,医疗设备与服务,医疗保健--医疗设备与服务--医疗保健设备与用品--医疗保健设备,民营企业,"313,863,000.00","27,149,000.00","-97,486,000.00","651,000.00","212,821,000.00",-0.455007,19.564467,0.000046,0.878293,0.099528,0.696081,0.099027,0.173560,5.777059,0.022335,21.0604
H,6936.HK,顺丰控股,工业,交通运输,工业--交通运输--航空运输--航空货运与物流,民营企业,"216,842,707,000.00","267,490,414,000.00","8,234,493,000.00","2,269,700,000.00","221,490,655,000.00",0.047425,26.102438,0.238948,0.199436,1.253795,0.059936,0.262419,0.546740,1.167316,0.065410,29.1060
H,6938.HK,瑞博生物-B,医疗保健,医药生物,医疗保健--医药生物--生物科技Ⅲ--生物科技Ⅳ,公众企业,,,"-428,349,000.00","19,190,000.00","716,248,000.00",-0.571253,,,0.262081,,,,,,,
H,6955.HK,博安生物,医疗保健,医药生物,医疗保健--医药生物--生物科技Ⅲ--生物科技Ⅳ,民营企业,"2,202,559,000.00","515,960,000.00","-119,377,000.00","14,087,000.00","2,323,386,000.00",-0.045317,21.512886,0.001049,0.262081,0.239471,0.170258,0.259740,0.356032,1.795054,0.093698,225.1084
H,6960.HK,双登股份,工业,电气设备,工业--电气设备--电气设备Ⅲ--电气部件与设备,民营企业,"4,037,353,000.00","4,072,480,000.00","385,203,000.00","30,005,000.00","4,327,902,000.00",0.095937,22.118855,0.005398,0.231604,1.124079,0.207765,0.206087,0.571965,1.390039,0.020915,66.8910
H,6963.HK,阳光保险,金融,非银金融,金融--非银金融--保险--多元化保险,公众企业,"485,357,000,000.00",,"3,738,000,000.00","1,111,000,000.00","513,686,000,000.00",0.009440,26.908151,,0.813024,,,0.039019,0.872220,,0.002957,
H,6980.HK,八马茶业,可选消费,可选消费零售,可选消费--可选消费零售--多品类零售Ⅲ--多品类零售Ⅳ,民营企业,"1,462,243,000.00","1,817,540,000.00","205,832,000.00","10,890,000.00","1,815,011,000.00",0.119405,21.103237,0.020280,0.405377,,0.167033,0.226021,0.482122,1.454763,0.074620,
H,6990.HK,科伦博泰生物,医疗保健,医药生物,医疗保健--医药生物--生物科技Ⅲ--生物科技Ⅳ,民营企业,"993,145,000.00","803,933,000.00","-574,134,000.00","84,309,000.00","3,509,755,000.00",-0.139561,20.716387,0.001635,0.262081,0.890240,-3.861516,0.534010,4.248454,0.079743,0.039261,2387.2625
H,7489.HK,岚图汽车,可选消费,汽车与零配件,可选消费--汽车与零配件--汽车--汽车制造,国有企业,"12,831,962,000.00","6,051,754,000.00","-1,495,531,000.00","38,757,000.00","18,581,637,000.00",-0.078399,23.275205,0.005544,0.218468,,-0.037830,0.173852,0.628748,0.934495,0.141996,
H,7630.HK,英派药业-B,医疗保健,医药生物,医疗保健--医药生物--生物科技Ⅲ--生物科技Ⅳ,公众企业,,,"3,674,000.00","571,000.00","309,704,000.00",0.013707,,,0.262081,,,,,,,
H,7666.HK,剂泰科技-P,医疗保健,医药生物,医疗保健--医药生物--生物科技Ⅲ--生物科技Ⅳ,公众企业,"616,975,000.00","554,000.00","-581,928,000.00","70,202,000.00","1,313,394,000.00",-0.389621,20.240339,0.000001,0.262081,,-0.307045,0.148034,1.146085,0.689140,0.093816,
H,7688.HK,拓璞数控,工业,机械,工业--机械--机械Ⅲ--工业机械,民营企业,"1,179,792,000.00","135,769,000.00","-60,523,000.00","5,331,000.00","1,121,883,000.00",-0.049196,20.888604,0.000169,0.173188,,0.012369,0.033087,0.888306,1.015138,0.003601,
H,8049.HK,吉林长龙药业,医疗保健,医药生物,医疗保健--医药生物--制药--中药,公众企业,"2,372,841,000.00","841,586,000.00","148,207,000.00","515,000.00","2,318,824,000.00",0.064137,21.587354,0.001712,0.262081,0.378653,0.443723,0.124782,0.320520,2.473400,0.004769,19.2967
H,8095.HK,北大青鸟环宇,工业,工业贸易与综合,工业--工业贸易与综合--工业集团Ⅲ--工业集团Ⅳ,公众企业,"5,020,879,000.00","276,174,000.00","195,207,000.00","55,021,000.00","4,985,138,000.00",0.050195,22.336871,1.000000,1.000000,0.059407,-0.080102,0.041765,0.257408,0.600318,0.007065,-30.0164
H,8106.HK,芯化兰德,信息技术,软件服务,信息技术--软件服务--软件--应用软件,民营企业,"124,318,000.00","135,024,000.00","-42,773,000.00","353,000.00","87,145,000.00",-0.486775,18.638353,0.001345,0.643845,0.900797,0.678245,0.024389,0.219630,4.088119,0.023665,-34.4700
H,8115.HK,清大东方,工业,电气设备,工业--电气设备--电气设备Ⅲ--电气部件与设备,民营企业,"181,349,000.00","62,198,000.00","8,521,000.00","368,000.00","193,914,000.00",0.045840,19.015934,0.000082,0.231604,0.352153,0.757776,0.112810,0.172276,10.552482,0.007411,-14.5984
H,8139.HK,长安仁恒,材料,化工,材料--化工--多元化工Ⅲ--其他多元化工,民营企业,"278,152,459.00","150,817,540.00","2,302,676.00","6,827,495.00","292,849,380.00",0.031177,19.443680,0.001982,0.260419,0.572634,0.096315,0.303649,0.586101,1.202122,0.040518,4.4455
H,8189.HK,泰达生物,材料,化工,材料--化工--农用化工--化肥与农用药剂,公众企业,"337,196,239.00","449,675,951.00","-20,159,658.00","5,172,914.00","303,277,966.00",-0.049416,19.636176,0.005908,0.260419,1.313322,-0.074659,0.233578,0.751737,0.884652,0.026091,-5.6066
H,8205.HK,交大慧谷,信息技术,软件服务,信息技术--软件服务--信息技术服务--信息科技咨询与其它服务,公众企业,"47,548,526.62","36,002,830.52","-6,989,010.94","198,553.79","39,399,299.45",-0.172350,17.677261,0.000359,0.643845,0.637615,0.151168,0.001453,0.460827,1.365123,0.000597,-28.7463
H,8227.HK,海天天线,信息技术,硬件设备,信息技术--硬件设备--通信设备Ⅲ--通信设备Ⅳ,公众企业,"92,244,165.94","20,530,084.65","-42,980,083.20","748,580.76","58,564,833.84",-0.721107,18.339950,0.000025,0.379619,0.195746,-0.532271,0.060882,0.869962,0.381119,0.010733,-47.4501
H,8247.HK,中生北控生物科技,医疗保健,医药生物,医疗保健--医药生物--生物科技Ⅲ--生物科技Ⅳ,公众企业,"603,244,000.00","373,071,000.00","-11,648,000.00","6,398,000.00","563,251,000.00",-0.009321,20.217832,0.000759,0.262081,0.616135,0.084866,0.120754,0.611920,1.147850,0.027306,7.1350
H,8249.HK,瑞远智控,信息技术,硬件设备,信息技术--硬件设备--电子设备、仪器和元件--电子元件,民营企业,"17,829,000.00","32,213,000.00","-3,514,000.00","2,280,000.00","13,317,000.00",-0.092664,16.696337,0.000039,0.379619,1.768730,-2.739021,0.011274,3.727747,0.265234,,-11.8418
H,8286.HK,长城微光,信息技术,硬件设备,信息技术--硬件设备--电子设备、仪器和元件--电子设备和仪器,公众企业,"150,648,000.00","15,535,000.00","-10,392,000.00","8,932,000.00","171,670,000.00",-0.008505,18.830457,0.000019,0.379619,0.103860,-0.931994,0.763429,1.650032,0.157634,0.000272,-15.6486
H,8329.HK,海王英特龙,医疗保健,医药生物,医疗保健--医药生物--制药--西药,民营企业,"1,448,230,000.00","986,691,000.00","24,127,000.00","5,574,000.00","1,415,646,000.00",0.020981,21.093608,0.002007,0.262081,0.716083,0.333073,0.143398,0.305840,2.168740,0.013612,17.6306
H,8348.HK,滨海泰达物流,工业,交通运输,工业--交通运输--航空运输--航空货运与物流,地方国有企业,"2,235,400,000.00","3,301,143,000.00","29,778,000.00","21,339,000.00","1,820,788,000.00",0.028074,21.527686,0.002949,0.199436,1.531290,0.018723,0.090467,0.552980,1.036627,0.006601,7.5356
H,8452.HK,富银融资股份,金融,非银金融,金融--非银金融--金融服务--特殊金融服务,公众企业,"511,629,620.00","29,501,524.00","4,746,000.00","190,000.00","486,549,000.00",0.010145,20.053112,0.003108,0.813024,0.055413,0.557146,0.041976,0.119118,6.436292,0.009502,-31.5434
H,8629.HK,集信国控,工业,建筑,工业--建筑--建筑与工程Ⅲ--建筑与工程Ⅳ,地方国有企业,"84,410,000.00","19,966,000.00","13,254,000.00","219,000.00","118,830,000.00",0.113380,18.251196,0.000005,0.217081,0.234695,0.720578,0.057007,0.178640,7.545142,0.017901,-49.8102
H,9609.HK,海伟股份,信息技术,硬件设备,信息技术--硬件设备--电子设备、仪器和元件--电子设备和仪器,民营企业,"563,396,000.00","327,076,000.00","70,902,000.00","5,511,000.00","740,123,000.00",0.103244,20.149493,0.000394,0.379619,,0.125487,0.274031,0.563792,1.222921,0.059063,
H,9611.HK,龙旗科技,信息技术,硬件设备,信息技术--硬件设备--通信设备Ⅲ--通信设备Ⅳ,民营企业,"14,530,475,000.00","29,343,152,000.00","605,316,000.00","39,896,000.00","19,838,899,000.00",0.032523,23.399514,0.035387,0.379619,1.995018,0.044838,0.109995,0.782796,1.061277,0.076162,19.6063
H,9633.HK,农夫山泉,日常消费,食品饮料,日常消费--食品饮料--饮料--软饮料,民营企业,"39,254,841,000.00","33,239,187,000.00","12,079,498,000.00","99,735,000.00","49,137,130,000.00",0.247862,24.393341,0.130993,0.292355,0.921379,0.095786,0.392247,0.386469,1.257513,0.110866,11.9300
H,9663.HK,国鸿氢能,工业,电气设备,工业--电气设备--电气设备Ⅲ--电气部件与设备,公众企业,"3,419,912,000.00","748,475,000.00","-404,447,000.00","10,125,000.00","4,863,522,000.00",-0.081077,21.952881,0.000992,0.231604,0.257750,0.406030,0.138766,0.327761,2.412939,0.106084,63.7306
H,9668.HK,渤海银行,金融,银行,金融--银行--商业银行--多元化银行,地方国有企业,"1,659,459,902,000.00",,"5,080,903,000.00","42,671,771,000.00","1,732,733,836,000.00",0.027559,28.137513,,,,,0.002254,0.933743,,0.000524,
H,9676.HK,十月稻田,日常消费,日常消费零售,日常消费--日常消费零售--日常消费品经销与零售--食品零售,民营企业,"3,062,552,000.00","4,532,920,000.00","-64,863,000.00","11,312,000.00","4,734,811,000.00",-0.011310,21.842514,0.072158,0.230925,1.664463,0.428822,0.281647,1.034733,2.763148,0.115713,25.9756
H,9677.HK,威海银行,金融,银行,金融--银行--商业银行--区域性银行,地方国有企业,"343,703,047,000.00",,"1,933,826,000.00","8,981,264,000.00","391,876,826,000.00",0.027853,26.563044,,,,,0.003004,0.925131,,0.001115,
H,9678.HK,云知声,信息技术,软件服务,信息技术--软件服务--信息技术服务--信息科技咨询与其它服务,民营企业,"568,844,000.00","600,619,000.00","-375,461,000.00","212,770,000.00","1,104,606,000.00",-0.147284,20.159117,0.005982,0.643845,0.998432,0.341528,0.025548,4.359863,1.603929,0.158597,31.7664
H,9696.HK,天齐锂业,材料,有色金属,材料--有色金属--其他金属与采矿--金属非金属,民营企业,"72,558,017,000.00","40,168,923,000.00","7,278,343,000.00","540,360,000.00","74,969,069,000.00",0.104292,25.007652,0.028724,0.216290,0.678768,0.253661,0.208078,0.245318,3.436120,0.023650,428.6871
H,9699.HK,顺丰同城,工业,交通运输,工业--交通运输--航空运输--航空货运与物流,民营企业,"4,102,673,000.00","10,265,191,000.00","50,595,000.00","1,296,000.00","4,199,691,000.00",0.012356,22.134905,0.009170,0.199436,2.470091,0.574413,0.003607,0.264739,3.204879,0.026463,25.5842
H,9863.HK,零跑汽车,可选消费,汽车与零配件,可选消费--汽车与零配件--汽车--汽车制造,公众企业,"19,267,848,000.00","12,384,630,000.00","-4,216,274,000.00","72,218,000.00","28,453,417,000.00",-0.145644,23.681704,0.011346,0.218468,0.779047,0.227374,0.166482,0.571366,1.473245,0.073603,295.4150
H,9877.HK,健世科技-B,医疗保健,医疗设备与服务,医疗保健--医疗设备与服务--医疗保健设备与用品--医疗保健设备,民营企业,"1,431,329,000.00",,"-371,736,000.00","142,000.00","1,327,092,000.00",-0.280006,21.081869,,0.878293,,0.557959,0.029819,0.040733,15.076125,0.034622,
H,9878.HK,汇通达网络,信息技术,软件服务,信息技术--软件服务--信息技术服务--信息科技咨询与其它服务,民营企业,"28,775,181,000.00","80,354,775,000.00","448,275,000.00","259,457,000.00","29,110,070,000.00",0.024312,24.082779,0.800313,0.643845,2.955676,0.258632,0.002665,0.674715,1.384772,0.001909,22.1881
H,9880.HK,优必选,信息技术,软件服务,信息技术--软件服务--信息技术服务--信息科技咨询与其它服务,民营企业,"2,788,002,000.00","1,008,272,000.00","-1,234,048,000.00","14,949,000.00","4,765,635,000.00",-0.255810,21.748591,0.010042,0.643845,0.369652,0.007412,0.272303,0.621979,1.015144,0.114495,23.3768
H,9881.HK,容大科技,材料,造纸与包装,材料--造纸与包装--纸与林业产品--纸制品,民营企业,"405,039,000.00","393,273,000.00","27,603,000.00","2,263,000.00","383,384,000.00",0.077901,19.819494,0.011901,0.938522,1.037665,0.187671,0.211004,0.567689,1.422633,0.112824,3.4126
H,9887.HK,维立志博-B,医疗保健,医药生物,医疗保健--医药生物--生物科技Ⅲ--生物科技Ⅳ,公众企业,"624,094,000.00",,"-362,249,000.00","1,400,000.00","447,482,000.00",-0.806399,20.251812,,0.262081,,-1.101143,0.090881,1.971661,0.439614,0.046666,
H,9889.HK,东莞农商银行,金融,银行,金融--银行--商业银行--区域性银行,公众企业,"657,689,972,000.00",,"5,161,283,000.00","12,510,244,000.00","708,853,592,000.00",0.024930,27.211999,,,,,0.003764,0.918168,,0.000515,
H,9903.HK,天数智芯,信息技术,半导体,信息技术--半导体--半导体产品--集成电路,公众企业,"1,046,680,000.00","189,369,000.00","-791,307,000.00","11,007,000.00","1,592,979,000.00",-0.489837,20.768889,0.004532,0.286793,,0.447497,0.080709,0.407956,2.478921,0.138928,
H,9908.HK,嘉兴燃气,公用事业,公用事业Ⅱ,公用事业--公用事业Ⅱ--燃气Ⅲ--燃气Ⅳ,公众企业,"2,076,827,000.00","3,466,036,000.00","239,004,000.00","12,815,000.00","2,654,740,000.00",0.094856,21.454107,0.005024,0.200411,1.711859,0.051258,0.277507,0.577476,1.202563,0.046260,74.2994
H,9927.HK,赛力斯,可选消费,汽车与零配件,可选消费--汽车与零配件--汽车--汽车制造,民营企业,"47,160,127,000.00","34,056,074,000.00","-2,449,687,000.00","308,746,000.00","51,244,671,000.00",-0.041779,24.576815,0.031201,0.218468,0.860176,-0.113560,0.210297,0.792146,0.834356,0.071396,108.0887
H,9973.HK,奇瑞汽车,可选消费,汽车与零配件,可选消费--汽车与零配件--汽车--汽车制造,公众企业,"121,960,000,000.00","92,618,000,000.00","11,953,000,000.00","1,617,000,000.00","179,434,000,000.00",0.075627,25.526959,0.084854,0.218468,,-0.039029,0.097614,0.931002,0.948473,0.045794,
H,9980.HK,东鹏饮料,日常消费,食品饮料,日常消费--食品饮料--饮料--软饮料,民营企业,"11,869,958,000.00","8,500,023,000.00","2,039,772,000.00","80,086,000.00","14,710,050,000.00",0.144110,23.197277,0.033498,0.292355,0.864682,0.045534,0.235018,0.573326,1.080602,0.063116,23.1707
H,9981.HK,沃尔核材,工业,电气设备,工业--电气设备--电气设备Ⅲ--电气部件与设备,公众企业,"8,318,736,000.00","5,336,649,000.00","700,483,000.00","66,778,000.00","8,980,436,000.00",0.085437,22.841776,0.007074,0.231604,0.663809,0.160365,0.327191,0.423062,1.476541,0.045433,-0.5451
H,9989.HK,海普瑞,医疗保健,医药生物,医疗保健--医药生物--制药--西药,外资企业,"20,814,204,000.00","7,151,039,000.00","-783,258,000.00","223,219,000.00","19,203,417,000.00",-0.029164,23.758901,0.014544,0.262081,0.358247,0.331337,0.116335,0.403886,2.236866,0.010686,12.4415
H,9995.HK,荣昌生物,医疗保健,医药生物,医疗保健--医药生物--生物科技Ⅲ--生物科技Ⅳ,民营企业,"6,021,191,000.00","767,775,000.00","-1,511,229,000.00","23,091,000.00","5,528,243,000.00",-0.269188,22.518551,0.001562,0.262081,0.150834,0.385279,0.399713,0.172871,3.599837,0.125808,-46.0795