firm_id,firm_name,市场,企业所有制性质,一级行业,二级行业,行业全路径,year,FirmSize,MarketShare,HHI,AssetTurnover,WorkingCapitalRatio,FixedAssetsRatio,FinancialLeverage,CurrentRatio,CapexRatio,资产总计,营业收入,EBI_A,归母净利润,利息支出,_row_type,"('FirmSize', 'FirmSize', '')","('MarketShare', 'MarketShare', '二级行业')","('HHI', 'HHI', '二级行业')","('AssetTurnover', 'AssetTurnover', '')","('WorkingCapitalRatio', 'WorkingCapitalRatio', '')","('FixedAssetsRatio', 'FixedAssetsRatio', '')","('FinancialLeverage', 'FinancialLeverage', '')","('CurrentRatio', 'CurrentRatio', '')","('CapexRatio', 'CapexRatio', '')",benchmark_group,ROA,ROE,FirmSize_lag,MarketShare_lag,HHI_lag,AssetTurnover_lag,WorkingCapitalRatio_lag,FixedAssetsRatio_lag,FinancialLeverage_lag,CurrentRatio_lag,CapexRatio_lag,is_soe,benchmark,predicted_EBI_A,actual_EBI_A,return_gap_pred_minus_actual,implied_gap_amount,positive_gap_amount,_support_flag,_support_violations,_support_detail,market_A
000338.SZ,潍柴动力,CSI,地方国有企业,工业,机械,工业--机械--机械Ⅲ--建筑机械与重型卡车,2019,,,,,,,,,,236832000000.0,,0.043652595,9104955354.0,1233361936.0,target_year,,,,,,,,,,SOE_target,0.065675,0.21540600000000001,26.04762303,0.282812533,0.247583643,0.806533158,0.094937857,0.157359438,0.696704841,1.219918367,0.017944605,True,H_nonSOE,0.05690077035519099,0.043652595,0.013248175355190989,3137591865.720592,3137591865.720592,1,0,,
000338.SZ,潍柴动力,CSI,地方国有企业,工业,机械,工业--机械--机械Ⅲ--建筑机械与重型卡车,2020,,,,,,,,,,270750000000.0,,0.03821291,9207129174.0,1139022760.0,target_year,,,,,,,,,,SOE_target,0.049421999999999994,0.190967,26.19061549,0.268327209,0.225950341,0.788770512,0.085749984,0.133965754,0.705382629,1.191810837,0.022775325,True,H_nonSOE,0.05190580660407726,0.03821291,0.013692896604077257,3707351755.5539174,3707351755.5539174,1,0,,
000338.SZ,潍柴动力,CSI,地方国有企业,工业,机械,工业--机械--机械Ⅲ--建筑机械与重型卡车,2021,,,,,,,,,,277044000000.0,,0.037294307,9254488226.0,1077691525.0,target_year,,,,,,,,,,SOE_target,0.048954000000000004,0.151577,26.32446235,0.25835455,0.195497669,0.778164528,0.106379349,0.135804241,0.70292418,1.232815663,0.021294992,True,H_nonSOE,0.052184447261612324,0.037294307,0.014890140261612325,4125224018.638125,4125224018.638125,1,0,,
000338.SZ,潍柴动力,CSI,地方国有企业,工业,机械,工业--机械--机械Ⅲ--建筑机械与重型卡车,2022,,,,,,,,,,293666000000.0,,0.021474462,4905013042.0,1401308298.0,target_year,,,,,,,,,,SOE_target,0.017967999999999998,0.068082,26.34744371,0.254850756,0.187780789,0.743153385,0.163353204,0.141573837,0.628356843,1.392227376,0.021697149,True,H_nonSOE,0.061794385617350046,0.021474462,0.04031992361735005,11840590689.012718,11840590689.012718,1,0,,
000338.SZ,潍柴动力,CSI,地方国有企业,工业,机械,工业--机械--机械Ⅲ--建筑机械与重型卡车,2023,,,,,,,,,,334247213024.91,,0.037006,9013894024.19,3355408336.47,target_year,,,,,,,,,,SOE_target,0.0436,0.1182,26.405709,0.236485,0.187488,0.613823,0.165976,0.156214,0.645479,1.407052,0.022594,True,H_nonSOE,0.05138097332975582,0.037006,0.014374973329755826,4804794772.778295,4804794772.778295,1,0,,
000338.SZ,潍柴动力,CSI,地方国有企业,工业,机械,工业--机械--机械Ⅲ--建筑机械与重型卡车,2024,,,,,,,,,,343879412547.54,,0.044369,11403288984.59,3854441561.78,target_year,,,,,,,,,,SOE_target,0.051303999999999995,0.137363,26.535147,0.262731,0.188674,0.681491,0.154706,0.154158,0.662867,1.353656,0.02154,True,H_nonSOE,0.0535460303143853,0.044369,0.009177030314385298,3155791793.4417825,3155791793.4417825,1,0,,
000338.SZ,潍柴动力,CSI,地方国有企业,工业,机械,工业--机械--机械Ⅲ--建筑机械与重型卡车,2025,,,,,,,,,,367475596673.66,,0.039619,10930504451.02,3628593475.52,target_year,,,,,,,,,,SOE_target,0.045776000000000004,0.121527,26.563557,0.255562,0.187309,0.636136,0.086979,0.156461,0.645345,1.193169,0.021402,True,H_nonSOE,0.05316713628835159,0.039619,0.013548136288351588,4978609466.378065,4978609466.378065,0,1,FirmSize_lag,
000408.SZ,藏格矿业,CSI,地方国有企业,材料,化工,材料--化工--农用化工--化肥与农用药剂,2019,,,,,,,,,,9643558999.0,,0.028576293,308259358.9,-32682195.98,target_year,,,,,,,,,,SOE_target,0.042816,0.040185000000000005,22.96242767,0.009303695,0.192081294,0.288100092,0.251399299,0.47683991,0.207795813,2.229038205,0.030171161,True,H_nonSOE,0.09007251653073352,0.028576293,0.061496223530733515,593042459.8343208,593042459.8343208,1,0,,
000408.SZ,藏格矿业,CSI,地方国有企业,材料,化工,材料--化工--农用化工--化肥与农用药剂,2020,,,,,,,,,,8677638571.0,,0.02458924,228887517.0,-15510979.86,target_year,,,,,,,,,,SOE_target,0.033561,0.028929999999999997,22.98955607,0.006921733,0.180537484,0.196181882,0.103305111,0.403406845,0.18011321,1.583993588,0.011820166,True,H_nonSOE,0.08855172956726398,0.02458924,0.06396248956726398,555043366.5660751,555043366.5660751,1,0,,
000408.SZ,藏格矿业,CSI,地方国有企业,材料,化工,材料--化工--农用化工--化肥与农用药剂,2021,,,,,,,,,,10624520306.0,,0.133385912,1427339931.0,-10178605.37,target_year,,,,,,,,,,SOE_target,0.17562,0.164337,22.88401527,0.005915643,0.203999831,0.192045977,0.179732617,0.415528525,0.087639638,3.123556858,0.009274747,True,H_nonSOE,0.08385094144191393,0.133385912,-0.04953497055808606,-526285300.5514975,0.0,1,0,,
000408.SZ,藏格矿业,CSI,地方国有企业,材料,化工,材料--化工--农用化工--化肥与农用药剂,2022,,,,,,,,,,13536459913.0,,0.415613537,5654872861.0,-28936882.64,target_year,,,,,,,,,,SOE_target,0.5457569999999999,0.524145,23.0864304,0.006422482,0.197245037,0.352733449,0.144177782,0.304820178,0.110191234,2.373728083,0.005833331,True,H_nonSOE,0.09618372590600664,0.415613537,-0.3194298110939933,-4323948832.891004,0.0,1,0,,
000408.SZ,藏格矿业,CSI,地方国有企业,材料,化工,材料--化工--农用化工--化肥与农用药剂,2023,,,,,,,,,,14091584562.19,,0.241369,3419880869.14,-18613040.56,target_year,,,,,,,,,,SOE_target,0.279883,0.271619,23.328653,0.010818,0.212868,0.647059,0.261908,0.230172,0.104367,3.56622,0.009877,True,H_nonSOE,0.10555178908843407,0.241369,-0.13581721091156593,-1913879712.5611258,0.0,1,0,,
000408.SZ,藏格矿业,CSI,地方国有企业,材料,化工,材料--化工--农用化工--化肥与农用药剂,2024,,,,,,,,,,15083281912.76,,0.171245,2579985938.8,2947153.55,target_year,,,,,,,,,,SOE_target,0.18587800000000002,0.191658,23.368844,0.006021,0.215825,0.357037,0.156713,0.208682,0.073898,3.360255,0.022977,True,H_nonSOE,0.08266293770343039,0.171245,-0.08858206229656962,-1336108218.032828,0.0,1,0,,
000408.SZ,藏格矿业,CSI,地方国有企业,材料,化工,材料--化工--农用化工--化肥与农用药剂,2025,,,,,,,,,,17692154203.25,,0.2181,3852353240.98,6312248.81,target_year,,,,,,,,,,SOE_target,0.247846,0.255897,23.436853,0.003488,0.213171,0.19862,0.083802,0.174457,0.081966,2.536757,0.009784,True,H_nonSOE,0.07868811065509056,0.2181,-0.13941188934490945,-2466496644.0565634,0.0,1,0,,
000425.SZ,徐工机械,CSI,地方国有企业,工业,机械,工业--机械--机械Ⅲ--建筑机械与重型卡车,2019,,,,,,,,,,77291657089.0,,0.051322633,3620572465.0,346238850.7,target_year,,,,,,,,,,SOE_target,0.05873300000000001,0.114355,24.83822776,0.078480399,0.247583643,0.796135572,0.30446409,0.129199699,0.504643767,1.690507246,0.029202569,True,H_nonSOE,0.07332801873202123,0.051322633,0.02200538573202123,1700832728.1105583,1700832728.1105583,1,0,,
000425.SZ,徐工机械,CSI,地方国有企业,工业,机械,工业--机械--机械Ⅲ--建筑机械与重型卡车,2020,,,,,,,,,,91797176722.0,,0.049729124,3728859646.0,836133538.3,target_year,,,,,,,,,,SOE_target,0.060702,0.11150700000000001,25.07085186,0.090656285,0.225950341,0.850417672,0.304295183,0.108165675,0.564685381,1.637343394,0.030445106,True,H_nonSOE,0.07043509228893766,0.049729124,0.020705968288937657,1900749430.219738,1900749430.219738,1,0,,
000425.SZ,徐工机械,CSI,地方国有企业,工业,机械,工业--机械--机械Ⅲ--建筑机械与重型卡车,2021,,,,,,,,,,110029000000.0,,0.056573361,5614606146.0,610110237.7,target_year,,,,,,,,,,SOE_target,0.059959,0.160106,25.24284738,0.096405963,0.195497669,0.871666513,0.21018586,0.097334006,0.627759186,1.379569973,0.022362833,True,H_nonSOE,0.06562604839696157,0.056573361,0.009052687396961565,996058141.600284,996058141.600284,1,0,,
000425.SZ,徐工机械,CSI,地方国有企业,工业,机械,工业--机械--机械Ⅲ--建筑机械与重型卡车,2022,,,,,,,,,,175086000000.0,,0.023397377,4307097070.0,-210553267.2,target_year,,,,,,,,,,SOE_target,0.033686,0.096036,25.42401078,0.105236552,0.187780789,0.832912081,0.200299799,0.087174384,0.662187887,1.349125606,0.029744056,True,H_nonSOE,0.05729568067197136,0.023397377,0.03389830367197136,5935118396.710777,5935118396.710777,1,0,,
000425.SZ,徐工机械,CSI,地方国有企业,工业,机械,工业--机械--机械Ⅲ--建筑机械与重型卡车,2023,,,,,,,,,,161994607612.63,,0.037362,5326470288.96,726008158.72,target_year,,,,,,,,,,SOE_target,0.037995,0.097377,25.888541,0.126116,0.187488,0.655251,0.186019,0.124798,0.687841,1.337335,0.045609,True,H_nonSOE,0.041754088487775946,0.037362,0.004392088487775947,711494651.177214,711494651.177214,1,0,,
000425.SZ,徐工机械,CSI,地方国有企业,工业,机械,工业--机械--机械Ⅲ--建筑机械与重型卡车,2024,,,,,,,,,,160969811609.42,,0.049144,5976118332.51,1934545872.81,target_year,,,,,,,,,,SOE_target,0.052740999999999996,0.10352399999999999,25.810829,0.113471,0.188674,0.548277,0.152436,0.157001,0.64513,1.285921,0.036833,True,H_nonSOE,0.04465214279188704,0.049144,-0.004491857208112959,-723053408.5663584,0.0,1,0,,
000425.SZ,徐工机械,CSI,地方国有企业,工业,机械,工业--机械--机械Ⅲ--建筑机械与重型卡车,2025,,,,,,,,,,172078712755.41,,0.042356,6572221644.27,716429463.03,target_year,,,,,,,,,,SOE_target,0.047889,0.109748,25.804483,0.108112,0.187309,0.565044,0.175762,0.164311,0.624391,1.354563,0.018254,True,H_nonSOE,0.05246091738754883,0.042356,0.010104917387548831,1738841176.5491633,1738841176.5491633,1,0,,
000568.SZ,泸州老窖,CSI,地方国有企业,日常消费,食品饮料,日常消费--食品饮料--饮料--白酒与葡萄酒,2019,,,,,,,,,,28919969078.0,,0.165338765,4641988857.0,139603113.8,target_year,,,,,,,,,,SOE_target,0.228967,0.25525400000000004,23.84143384,0.017142738,0.118716357,0.540578094,0.44587553,0.178256904,0.242456715,2.861142238,0.064962944,True,H_nonSOE,0.11789519460896922,0.165338765,-0.04744357039103078,-1372066588.6585267,0.0,0,1,HHI_lag,
000568.SZ,泸州老窖,CSI,地方国有企业,日常消费,食品饮料,日常消费--食品饮料--饮料--白酒与葡萄酒,2020,,,,,,,,,,35009203823.0,,0.167763823,6005723069.0,-132445202.7,target_year,,,,,,,,,,SOE_target,0.248369,0.282744,24.08779817,0.018063993,0.109737598,0.537257752,0.329414591,0.303398139,0.323832921,2.403646532,0.159240357,True,H_nonSOE,0.10418430274892071,0.167763823,-0.0635795202510793,-2225868383.438591,0.0,0,1,HHI_lag,
000568.SZ,泸州老窖,CSI,地方国有企业,日常消费,食品饮料,日常消费--食品饮料--饮料--白酒与葡萄酒,2021,,,,,,,,,,43211782006.0,,0.179086999,7955554352.0,-216885999.2,target_year,,,,,,,,,,SOE_target,0.269773,0.31128,24.27887683,0.015909988,0.106852675,0.45141465,0.346826668,0.254154299,0.337834988,2.56721691,0.061238482,True,H_nonSOE,0.11093986653391841,0.179086999,-0.06814713246608159,-2944759032.458323,0.0,0,1,HHI_lag,
000568.SZ,泸州老窖,CSI,地方国有企业,日常消费,食品饮料,日常消费--食品饮料--饮料--白酒与葡萄酒,2022,,,,,,,,,,51385481355.0,,0.196145022,10365383282.0,-286376927.5,target_year,,,,,,,,,,SOE_target,0.292921,0.33303400000000005,24.48937903,0.017126059,0.106913309,0.454541962,0.36166986,0.216331324,0.3488521,2.42764762,0.04580695,True,H_nonSOE,0.11437975897800148,0.196145022,-0.08176526302199852,-4201547398.503576,0.0,0,1,HHI_lag,
000568.SZ,泸州老窖,CSI,地方国有企业,日常消费,食品饮料,日常消费--食品饮料--饮料--白酒与葡萄酒,2023,,,,,,,,,,63294455201.6,,0.203418,13246394700.59,-371152206.41,target_year,,,,,,,,,,SOE_target,0.310533,0.350437,24.662622,0.017707,0.105461,0.456665,0.445643,0.188035,0.331936,3.149763,0.020145,True,H_nonSOE,0.11775091981542515,0.203418,-0.08566708018457483,-5422251168.994447,0.0,0,1,HHI_lag,
000568.SZ,泸州老窖,CSI,地方国有企业,日常消费,食品饮料,日常消费--食品饮料--饮料--白酒与葡萄酒,2024,,,,,,,,,,68334595564.58,,0.190013,13472986476.01,-488521059.32,target_year,,,,,,,,,,SOE_target,0.269193,0.303514,24.871064,0.020627,0.100594,0.455183,0.557514,0.163232,0.343833,4.503939,0.023724,True,H_nonSOE,0.1074930976596428,0.190013,-0.08251990234035719,-5638964152.456947,0.0,0,1,HHI_lag,
000568.SZ,泸州老窖,CSI,地方国有企业,日常消费,食品饮料,日常消费--食品饮料--饮料--白酒与葡萄酒,2025,,,,,,,,,,64794994851.27,,0.159252,10830713936.14,-511995793.73,target_year,,,,,,,,,,SOE_target,0.212454,0.222926,24.947682,0.020702,0.097008,0.401773,0.535297,0.145444,0.304774,3.562096,0.01739,True,H_nonSOE,0.11903649031858837,0.159252,-0.04021550968141163,-2605763742.7482653,0.0,0,1,HHI_lag,
000596.SZ,古井贡酒,CSI,地方国有企业,日常消费,食品饮料,日常消费--食品饮料--饮料--白酒与葡萄酒,2019,,,,,,,,,,13871297363.0,,0.1536396,2097527740.0,33652843.25,target_year,,,,,,,,,,SOE_target,0.210201,0.253537,23.24978844,0.011090336,0.118716357,0.65369115,0.377977266,0.148466803,0.358129813,2.099445101,0.024566017,True,H_nonSOE,0.10702283761385423,0.1536396,-0.04661676238614576,-646634973.1585413,0.0,0,1,HHI_lag,
000596.SZ,古井贡酒,CSI,地方国有企业,日常消费,食品饮料,日常消费--食品饮料--饮料--白酒与葡萄酒,2020,,,,,,,,,,15186625709.0,,0.104943641,1854576249.0,-260836456.1,target_year,,,,,,,,,,SOE_target,0.170269,0.195348,23.3530876,0.011516279,0.109737598,0.668964823,0.452659503,0.137446251,0.32002361,2.478278192,0.029725347,True,H_nonSOE,0.11246844883498106,0.104943641,0.007524807834981051,114276440.12200786,114276440.12200786,0,1,HHI_lag,
000596.SZ,古井贡酒,CSI,地方国有企业,日常消费,食品饮料,日常消费--食品饮料--饮料--白酒与葡萄酒,2021,,,,,,,,,,25418086448.0,,0.08237594,2297894413.0,-204055657.1,target_year,,,,,,,,,,SOE_target,0.156203,0.1729,23.44368099,0.009556143,0.106852675,0.596517194,0.463047649,0.13676234,0.311970217,2.566970606,0.03698101,True,H_nonSOE,0.1086976367845767,0.08237594,0.0263216967845767,669047164.3284142,669047164.3284142,0,1,HHI_lag,
000596.SZ,古井贡酒,CSI,地方国有企业,日常消费,食品饮料,日常消费--食品饮料--饮料--白酒与葡萄酒,2022,,,,,,,,,,29789822299.0,,0.098249854,3143144732.0,-216299053.1,target_year,,,,,,,,,,SOE_target,0.161951,0.17931,23.95872682,0.010826289,0.106913309,0.553532359,0.496127525,0.119922437,0.321236832,2.642086497,0.022745779,True,H_nonSOE,0.11435578893325876,0.098249854,0.016105934933258764,479792939.62103504,479792939.62103504,0,1,HHI_lag,
000596.SZ,古井贡酒,CSI,地方国有企业,日常消费,食品饮料,日常消费--食品饮料--饮料--白酒与葡萄酒,2023,,,,,,,,,,35420907274.99,,0.12498,4589164052.8,-162244024.88,target_year,,,,,,,,,,SOE_target,0.194206,0.229194,24.117433,0.011386,0.105461,0.503159,0.413555,0.17444,0.351025,2.230925,0.053046,True,H_nonSOE,0.10979022857058376,0.12498,-0.01518977142941623,-538035485.3296446,0.0,0,1,HHI_lag,
000596.SZ,古井贡酒,CSI,地方国有企业,日常消费,食品饮料,日常消费--食品饮料--饮料--白酒与葡萄酒,2024,,,,,,,,,,40522413702.09,,0.127545,5517251073.1,-348824206.45,target_year,,,,,,,,,,SOE_target,0.196114,0.238933,24.290568,0.013596,0.100594,0.527626,0.369823,0.211931,0.367202,2.055674,0.067221,True,H_nonSOE,0.1127235300553544,0.127545,-0.014821469944645588,-600601736.7700214,0.0,0,1,HHI_lag,
000596.SZ,古井贡酒,CSI,地方国有企业,日常消费,食品饮料,日常消费--食品饮料--饮料--白酒与葡萄酒,2025,,,,,,,,,,38197033001.78,,0.07919,3549108530.34,-524281825.11,target_year,,,,,,,,,,SOE_target,0.11585100000000001,0.14279999999999998,24.425121,0.015531,0.097008,0.522432,0.357908,0.220514,0.365936,2.013605,0.059903,True,H_nonSOE,0.11675609935660197,0.07919,0.037566099356601976,1434913536.872272,1434913536.872272,0,1,HHI_lag,
000625.SZ,长安汽车,CSI,中央国有企业,可选消费,汽车与零配件,可选消费--汽车与零配件--汽车--汽车制造,2019,,,,,,,,,,97617053590.0,,-0.0267024,-2646719357.0,40109729.93,target_year,,,,,,,,,,SOE_target,-0.025617,-0.058638,25.26110806,0.042976766,0.376606004,0.641161065,0.000570269,0.294632963,0.506327012,1.001235261,0.069402175,True,H_nonSOE,0.05418886342339263,-0.0267024,0.08089126342339263,7896366796.564125,7896366796.564125,1,0,,
000625.SZ,长安汽车,CSI,中央国有企业,可选消费,汽车与零配件,可选消费--汽车与零配件--汽车--汽车制造,2020,,,,,,,,,,120916000000.0,,0.025753678,3324251164.0,-210224449.6,target_year,,,,,,,,,,SOE_target,0.021840000000000002,0.068233,25.30431804,0.048553106,0.369422071,0.712769049,0.003824706,0.293691446,0.54993447,1.007583405,0.049004987,True,H_nonSOE,0.05622162279029594,0.025753678,0.03046794479029594,3684062012.263424,3684062012.263424,1,0,,
000625.SZ,长安汽车,CSI,中央国有企业,可选消费,汽车与零配件,可选消费--汽车与零配件--汽车--汽车制造,2021,,,,,,,,,,135405000000.0,,0.020468578,3552463320.0,-780923197.2,target_year,,,,,,,,,,SOE_target,0.023718,0.065097,25.51836032,0.060899463,0.324255792,0.744393964,0.085155696,0.227305221,0.557706229,1.164501984,0.02448023,True,H_nonSOE,0.0575122046083787,0.020468578,0.0370436266083787,5015892260.907517,5015892260.907517,1,0,,
000625.SZ,长安汽车,CSI,中央国有企业,可选消费,汽车与零配件,可选消费--汽车与零配件--汽车--汽车制造,2022,,,,,,,,,,146049000000.0,,0.046430759,7798451094.0,-1017305743.0,target_year,,,,,,,,,,SOE_target,0.047546,0.131518,25.63153334,0.066552035,0.289774151,0.789398213,0.111028195,0.168281819,0.587412612,1.197534901,0.014842728,True,H_nonSOE,0.05368622004909412,0.046430759,0.007255461049094115,1059652830.7591465,1059652830.7591465,1,0,,
000625.SZ,长安汽车,CSI,中央国有企业,可选消费,汽车与零配件,可选消费--汽车与零配件--汽车--汽车制造,2023,,,,,,,,,,190171127138.27,,0.054846,11327463013.15,-897343739.8,target_year,,,,,,,,,,SOE_target,0.057652,0.168174,25.707205,0.065149,0.236564,0.832473,0.151505,0.141971,0.568987,1.276767,0.00962,True,H_nonSOE,0.05883931345966667,0.054846,0.003993313459666671,759412921.6412354,759412921.6412354,1,0,,
000625.SZ,长安汽车,CSI,中央国有企业,可选消费,汽车与零配件,可选消费--汽车与零配件--汽车--汽车制造,2024,,,,,,,,,,208168160960.86,,0.030682,7321363897.24,-934377313.05,target_year,,,,,,,,,,SOE_target,0.029237000000000003,0.098651,25.97119,0.069643,0.222276,0.871688,0.145635,0.115204,0.607284,1.268265,0.01485,True,H_nonSOE,0.05270281914623198,0.030682,0.022020819146231982,4584033424.522806,4584033424.522806,1,0,,
000625.SZ,长安汽车,CSI,中央国有企业,可选消费,汽车与零配件,可选消费--汽车与零配件--汽车--汽车制造,2025,,,,,,,,,,202961073175.76,,0.008243,4075223181.54,-2402254178.2,target_year,,,,,,,,,,SOE_target,0.007078999999999999,0.052954999999999995,26.061612,0.066776,0.204324,0.780152,0.110542,0.112265,0.620112,1.202997,0.023385,True,H_nonSOE,0.04287658412494936,0.008243,0.03463358412494936,7029269401.922687,7029269401.922687,1,0,,
000630.SZ,铜陵有色,CSI,地方国有企业,材料,有色金属,材料--有色金属--其他金属与采矿--铜,2019,,,,,,,,,,47911462040.0,,0.034936129,830519538.9,843321498.5,target_year,,,,,,,,,,SOE_target,0.044438000000000005,0.045825,24.57311927,0.107375707,0.167062795,1.778891139,0.047947434,0.423232636,0.585335866,1.105669994,0.039954446,True,H_nonSOE,0.17349582987549864,0.034936129,0.13855970087549863,6638597848.770207,6638597848.770207,1,0,,
000630.SZ,铜陵有色,CSI,地方国有企业,材料,有色金属,材料--有色金属--其他金属与采矿--铜,2020,,,,,,,,,,52183190515.0,,0.0300009,865617570.2,699925112.8,target_year,,,,,,,,,,SOE_target,0.040757,0.046484,24.5926206,0.100133945,0.15478921,1.952838717,0.040641048,0.064143716,0.582373514,1.089014302,0.048908307,True,H_nonSOE,0.1578764998750485,0.0300009,0.1278755998750485,6672956790.499567,6672956790.499567,1,0,,
000630.SZ,铜陵有色,CSI,地方国有企业,材料,有色金属,材料--有色金属--其他金属与采矿--铜,2021,,,,,,,,,,50840423322.0,,0.073934839,3101437394.0,657441101.1,target_year,,,,,,,,,,SOE_target,0.087515,0.152663,24.67802626,0.089422838,0.159708925,1.980398677,0.062694728,0.395146684,0.604078218,1.133379498,0.029110604,True,H_nonSOE,0.18525988133068783,0.073934839,0.11132504233068782,5659812278.431739,5659812278.431739,1,0,,
000630.SZ,铜陵有色,CSI,地方国有企业,材料,有色金属,材料--有色金属--其他金属与采矿--铜,2022,,,,,,,,,,61435721001.0,,0.048847359,2730365503.0,270607202.3,target_year,,,,,,,,,,SOE_target,0.071308,0.116014,24.65195761,0.087482568,0.168216562,2.535307153,0.122679783,0.331032316,0.539754531,1.271506553,0.028018459,True,H_nonSOE,0.1939179279730107,0.048847359,0.14507056897301068,8912515000.882212,8912515000.882212,1,0,,
000630.SZ,铜陵有色,CSI,地方国有企业,材料,有色金属,材料--有色金属--其他金属与采矿--铜,2023,,,,,,,,,,78245124732.45,,0.044503,2699176213.13,782997513.28,target_year,,,,,,,,,,SOE_target,0.07719999999999999,0.09441000000000001,24.841257,0.070913,0.153058,2.163998,0.238003,0.307224,0.511933,1.604722,0.022351,True,H_nonSOE,0.20035611016999963,0.044503,0.15585311016999964,12194746045.191893,12194746045.191893,1,0,,
000630.SZ,铜陵有色,CSI,地方国有企业,材料,有色金属,材料--有色金属--其他金属与采矿--铜,2024,,,,,,,,,,80944491696.95,,0.041541,2808595667.89,553908195.56,target_year,,,,,,,,,,SOE_target,0.076154,0.08549,25.083112,0.078795,0.159476,1.954958,0.220046,0.360623,0.495217,1.716717,0.035157,True,H_nonSOE,0.2023462505088349,0.041541,0.1608052505088349,13016299264.638351,13016299264.638351,1,0,,
000630.SZ,铜陵有色,CSI,地方国有企业,材料,有色金属,材料--有色金属--其他金属与采矿--铜,2025,,,,,,,,,,100206269994.18,,0.026554,2415007111.01,245854206.4,target_year,,,,,,,,,,SOE_target,0.082262,0.068151,25.117029,0.0806,0.15747,1.812794,0.223788,0.367705,0.477954,1.762476,0.053808,True,H_nonSOE,0.19343840933183723,0.026554,0.16688440933183724,16722864179.325333,16722864179.325333,1,0,,
000661.SZ,长春高新,CSI,地方国有企业,医疗保健,医药生物,医疗保健--医药生物--生物科技Ⅲ--生物科技Ⅳ,2019,,,,,,,,,,12721347980.0,,0.140094925,1775009197.0,7187092.75,target_year,,,,,,,,,,SOE_target,0.25021,0.265335,22.96536241,0.01666701,0.277672488,0.629372512,0.384823425,0.183556495,0.327952407,2.243198051,0.072832591,True,H_nonSOE,-0.018406919400895325,0.140094925,-0.15850184440089532,-2016357118.095604,0.0,1,0,,
000661.SZ,长春高新,CSI,地方国有企业,医疗保健,医药生物,医疗保健--医药生物--生物科技Ⅲ--生物科技Ⅳ,2020,,,,,,,,,,16844623212.0,,0.177002842,3046586145.0,-65039965.52,target_year,,,,,,,,,,SOE_target,0.264716,0.320434,23.26654736,0.019412895,0.276190471,0.652028363,0.434200445,0.186278313,0.307653964,2.717054693,0.066412897,True,H_nonSOE,-0.010492296294898312,0.177002842,-0.1874951382948983,-3158284958.6593943,0.0,1,0,,
000661.SZ,长春高新,CSI,地方国有企业,医疗保健,医药生物,医疗保健--医药生物--生物科技Ⅲ--生物科技Ⅳ,2021,,,,,,,,,,22515769521.0,,0.168378138,3757472953.0,33690395.89,target_year,,,,,,,,,,SOE_target,0.229995,0.294649,23.54729735,0.021158132,0.256105921,0.572269824,0.452061369,0.161954607,0.268417314,3.196037951,0.065130959,True,H_nonSOE,-0.010280712546448176,0.168378138,-0.1786588505464482,-4022641501.7906127,0.0,1,0,,
000661.SZ,长春高新,CSI,地方国有企业,医疗保健,医药生物,医疗保健--医药生物--生物科技Ⅲ--生物科技Ⅳ,2022,,,,,,,,,,26027589000.0,,0.160762835,4140524000.0,43745000.0,target_year,,,,,,,,,,SOE_target,0.19917300000000002,0.253845,23.83748177,0.022164402,0.230275265,0.539222704,0.455923984,0.189456247,0.234455712,3.719092909,0.099033871,True,H_nonSOE,-0.01035341927156469,0.160762835,-0.17111625427156468,-4453743537.39978,0.0,1,0,,
000661.SZ,长春高新,CSI,地方国有企业,医疗保健,医药生物,医疗保健--医药生物--生物科技Ⅲ--生物科技Ⅳ,2023,,,,,,,,,,30743650000.0,,0.148622,4532484000.0,36691000.0,target_year,,,,,,,,,,SOE_target,0.190234,0.22592600000000002,23.982423,0.023321,0.212266,0.520244,0.441385,0.215704,0.200643,4.014785,0.080347,True,H_nonSOE,-0.0019136349118653861,0.148622,-0.1505356349118654,-4628014872.25817,0.0,1,0,,
000661.SZ,长春高新,CSI,地方国有企业,医疗保健,医药生物,医疗保健--医药生物--生物科技Ⅲ--生物科技Ⅳ,2024,,,,,,,,,,31051118000.0,,0.084386,2583059000.0,37225000.0,target_year,,,,,,,,,,SOE_target,0.098578,0.11461299999999999,24.148949,0.024278,0.216978,0.513149,0.434749,0.220367,0.185775,3.785057,0.068203,True,H_nonSOE,0.006942886321185893,0.084386,-0.07744311367881411,-2404695261.128271,0.0,1,0,,
000661.SZ,长春高新,CSI,地方国有企业,医疗保健,医药生物,医疗保健--医药生物--生物科技Ⅲ--生物科技Ⅳ,2025,,,,,,,,,,30080522676.54,,0.005032,154971452.8,-3597720.1,target_year,,,,,,,,,,SOE_target,-0.000103,0.006886,24.158901,0.022221,0.230555,0.435818,0.413877,0.296122,0.159372,4.758913,0.070244,True,H_nonSOE,0.0018951048883763533,0.005032,-0.0031368951116236467,-94359444.53912258,0.0,1,0,,
000708.SZ,中信特钢,CSI,中央国有企业,材料,钢铁Ⅱ,材料--钢铁Ⅱ--钢铁Ⅲ--钢铁Ⅳ,2019,,,,,,,,,,72585012817.0,,0.083513444,5386471751.0,675352668.3,target_year,,,,,,,,,,SOE_target,0.176222,0.363352,22.76161251,0.032712966,0.659924097,1.755051415,0.268473152,0.301352839,0.426450625,1.656608326,0.006238616,True,H_nonSOE,0.15585370490391662,0.083513444,0.07234026090391661,5250818764.895911,5250818764.895911,1,0,,
000708.SZ,中信特钢,CSI,中央国有企业,材料,钢铁Ⅱ,材料--钢铁Ⅱ--钢铁Ⅲ--钢铁Ⅳ,2020,,,,,,,,,,77440955872.0,,0.081567321,6024490435.0,292160864.1,target_year,,,,,,,,,,SOE_target,0.100046,0.224814,25.0080243,0.169549802,0.517023931,1.795776839,-0.115890571,0.502585806,0.651765819,0.777849873,0.033710624,True,H_nonSOE,0.17159974063963426,0.081567321,0.09003241963963426,6972196636.362303,6972196636.362303,1,0,,
000708.SZ,中信特钢,CSI,中央国有企业,材料,钢铁Ⅱ,材料--钢铁Ⅱ--钢铁Ⅲ--钢铁Ⅳ,2021,,,,,,,,,,84876296225.0,,0.099292685,7952600073.0,474995237.4,target_year,,,,,,,,,,SOE_target,0.117103,0.260083,25.07278162,0.17881253,0.51422962,0.990041735,-0.075179664,0.500365298,0.633460502,0.845073368,0.040993194,True,H_nonSOE,0.12187372302119867,0.099292685,0.022581038021198666,1916594872.1552458,1916594872.1552458,1,0,,
000708.SZ,中信特钢,CSI,中央国有企业,材料,钢铁Ⅱ,材料--钢铁Ⅱ--钢铁Ⅲ--钢铁Ⅳ,2022,,,,,,,,,,90774617316.0,,0.084181709,7105382184.0,536180238.7,target_year,,,,,,,,,,SOE_target,0.10000999999999999,0.205711,25.16446069,0.177590042,0.499605416,1.192303635,-0.066566956,0.509734388,0.611580087,0.854053661,0.029734147,True,H_nonSOE,0.14277508951772863,0.084181709,0.05859338051772864,5318791693.747587,5318791693.747587,1,0,,
000708.SZ,中信特钢,CSI,中央国有企业,材料,钢铁Ⅱ,材料--钢铁Ⅱ--钢铁Ⅲ--钢铁Ⅳ,2023,,,,,,,,,,116506605547.44,,0.05531,5721189483.5,722748724.28,target_year,,,,,,,,,,SOE_target,0.063282,0.152797,25.231646,0.182756,0.520062,1.113146,0.001558,0.489854,0.598595,1.00377,0.019696,True,H_nonSOE,0.14122163504789886,0.05531,0.08591163504789887,10009272976.461174,10009272976.461174,1,0,,
000708.SZ,中信特钢,CSI,中央国有企业,材料,钢铁Ⅱ,材料--钢铁Ⅱ--钢铁Ⅲ--钢铁Ⅳ,2024,,,,,,,,,,111043379345.44,,0.053478,5125627037.63,812782921.61,target_year,,,,,,,,,,SOE_target,0.052064000000000006,0.128882,25.481214,0.215568,0.490176,1.092959,0.014667,0.464756,0.642643,1.034493,0.017144,True,H_nonSOE,0.1336592061047497,0.053478,0.08018120610474971,8903592085.864632,8903592085.864632,1,0,,
000708.SZ,中信特钢,CSI,中央国有企业,材料,钢铁Ⅱ,材料--钢铁Ⅱ--钢铁Ⅲ--钢铁Ⅳ,2025,,,,,,,,,,110322568610.71,,0.060174,5928668055.97,709860550.13,target_year,,,,,,,,,,SOE_target,0.071372,0.140293,25.433187,0.218923,0.484294,0.954379,0.047169,0.470685,0.605304,1.124346,0.004975,True,H_nonSOE,0.13283972447611636,0.060174,0.07266572447611636,8016669374.163296,8016669374.163296,1,0,,
000725.SZ,京东方A,CSI,地方国有企业,信息技术,硬件设备,信息技术--硬件设备--电子设备、仪器和元件--电子元件,2019,,,,,,,,,,340412000000.0,,0.013054115,1918643871.0,2525136209.0,target_year,,,,,,,,,,SOE_target,0.006793,0.02121,26.44038726,0.083290852,0.161142974,0.34395235,0.123225909,0.607117725,0.604124939,1.602046183,0.179327091,True,H_nonSOE,0.05707879899748927,0.013054115,0.044024683997489274,14986530728.95332,14986530728.95332,1,0,,
000725.SZ,京东方A,CSI,地方国有企业,信息技术,硬件设备,信息技术--硬件设备--电子设备、仪器和元件--电子元件,2020,,,,,,,,,,424257000000.0,,0.018115872,5035627952.0,2650153972.0,target_year,,,,,,,,,,SOE_target,0.015936,0.050779,26.55342308,0.094918529,0.145048886,0.357514634,0.076584666,0.626190901,0.585626791,1.33262216,0.145164883,True,H_nonSOE,0.06776140211974499,0.018115872,0.049645530119744985,21062463672.01265,21062463672.01265,0,1,FirmSize_lag,
000725.SZ,京东方A,CSI,地方国有企业,信息技术,硬件设备,信息技术--硬件设备--电子设备、仪器和元件--电子元件,2021,,,,,,,,,,450233000000.0,,0.068181899,25830935500.0,4866778333.0,target_year,,,,,,,,,,SOE_target,0.087905,0.209698,26.77360478,0.096274649,0.129289002,0.351717326,0.056631111,0.630378658,0.591290624,1.228909006,0.104218327,True,H_nonSOE,0.07363511423753928,0.068181899,0.005453215237539277,2455217456.043021,2455217456.043021,0,3,"FirmSize_lag, FixedAssetsRatio_lag, HHI_lag",
000725.SZ,京东方A,CSI,地方国有企业,信息技术,硬件设备,信息技术--硬件设备--电子设备、仪器和元件--电子元件,2022,,,,,,,,,,420562000000.0,,0.026448149,7550877790.0,3572211438.0,target_year,,,,,,,,,,SOE_target,0.004916,0.054093999999999996,26.83303018,0.123686202,0.108896372,0.498314997,0.128549125,0.57579366,0.517185639,1.559942897,0.079225595,True,H_nonSOE,0.09782832571662115,0.026448149,0.07138017671662114,30019789880.29562,30019789880.29562,0,2,"FirmSize_lag, HHI_lag",
000725.SZ,京东方A,CSI,地方国有企业,信息技术,硬件设备,信息技术--硬件设备--电子设备、仪器和元件--电子元件,2023,,,,,,,,,,419187099795.0,,0.008821,2547435360.0,1150310546.0,target_year,,,,,,,,,,SOE_target,0.004366,0.019188,26.764858,0.093694,0.117158,0.406843,0.134489,0.592952,0.519571,1.660217,0.069902,True,H_nonSOE,0.09199130296180238,0.008821,0.08317030296180239,34863918087.62944,34863918087.62944,0,2,"FirmSize_lag, HHI_lag",
000725.SZ,京东方A,CSI,地方国有企业,信息技术,硬件设备,信息技术--硬件设备--电子设备、仪器和元件--电子元件,2024,,,,,,,,,,429978221541.0,,0.015228,5323248974.0,1224387370.0,target_year,,,,,,,,,,SOE_target,0.014862,0.040579000000000004,26.761583,0.090613,0.108206,0.413005,0.126493,0.572636,0.528137,1.588068,0.059181,True,H_nonSOE,0.09324683075456963,0.015228,0.07801883075456963,33546398094.558125,33546398094.558125,0,2,"FirmSize_lag, HHI_lag",
000725.SZ,京东方A,CSI,地方国有企业,信息技术,硬件设备,信息技术--硬件设备--电子设备、仪器和元件--电子元件,2025,,,,,,,,,,436378322803.0,,0.017631,5856966754.0,1836646802.0,target_year,,,,,,,,,,SOE_target,0.020478999999999997,0.043803999999999996,26.787,0.087283,0.114376,0.464184,0.065413,0.546687,0.524287,1.244021,0.079162,True,H_nonSOE,0.09548156327765164,0.017631,0.07785056327765164,33972298232.37044,33972298232.37044,0,2,"FirmSize_lag, HHI_lag",
000768.SZ,中航西飞,CSI,中央国有企业,工业,国防军工,工业--国防军工--航空航天与国防Ⅲ--航空航天,2019,,,,,,,,,,48762673248.0,,0.012683797,568852605.8,49643225.99,target_year,,,,,,,,,,SOE_target,0.013455,0.034902,24.59232877,0.388396049,0.285442207,0.753242655,0.236234078,0.115521522,0.596783173,1.405193657,0.017350223,True,H_nonSOE,0.05016902372844988,0.012683797,0.03748522672844988,1827879862.5865974,1827879862.5865974,1,0,,
000768.SZ,中航西飞,CSI,中央国有企业,工业,国防军工,工业--国防军工--航空航天与国防Ⅲ--航空航天,2020,,,,,,,,,,58460327428.0,,0.012833044,777376665.7,-27152717.86,target_year,,,,,,,,,,SOE_target,0.018278000000000003,0.048807,24.61023096,0.366640164,0.279462147,0.708764482,0.205304523,0.096630721,0.659529328,1.32864265,0.014818499,True,H_nonSOE,0.036642823288479426,0.012833044,0.023809779288479424,1391927493.19292,1391927493.19292,1,0,,
000768.SZ,中航西飞,CSI,中央国有企业,工业,国防军工,工业--国防军工--航空航天与国防Ⅲ--航空航天,2021,,,,,,,,,,71989049045.0,,0.009441759,652910969.4,26792284.69,target_year,,,,,,,,,,SOE_target,0.012112000000000001,0.042059,24.7916142,0.332759455,0.273615357,0.622793812,0.084209641,0.168720078,0.738183945,1.129117964,0.018325985,True,H_nonSOE,0.02508211938026481,0.009441759,0.01564036038026481,1125934670.4963584,1125934670.4963584,1,0,,
000768.SZ,中航西飞,CSI,中央国有企业,工业,国防军工,工业--国防军工--航空航天与国防Ⅲ--航空航天,2022,,,,,,,,,,82173551967.0,,0.004895149,523352485.0,-121100735.1,target_year,,,,,,,,,,SOE_target,0.007887,0.032837,24.99977985,0.287896095,0.271325141,0.499998192,0.051283057,0.131025938,0.781332402,1.06932487,0.009251516,True,H_nonSOE,0.011943457161515337,0.004895149,0.007048308161515337,579184516.9897108,579184516.9897108,1,0,,
000768.SZ,中航西飞,CSI,中央国有企业,工业,国防军工,工业--国防军工--航空航天与国防Ⅲ--航空航天,2023,,,,,,,,,,80920781039.43,,0.007502,860970264.62,-253872238.01,target_year,,,,,,,,,,SOE_target,0.012524,0.048262,25.132099,0.286581,0.272876,0.482254,0.039442,0.108782,0.803657,1.050589,0.010648,True,H_nonSOE,0.00754553330308759,0.007502,4.353330308758986e-05,3522748.8870740007,3522748.8870740007,1,0,,
000768.SZ,中航西飞,CSI,中央国有企业,工业,国防军工,工业--国防军工--航空航天与国防Ⅲ--航空航天,2024,,,,,,,,,,73810707203.02,,0.012074,1023435524.55,-132241221.51,target_year,,,,,,,,,,SOE_target,0.01374,0.050454,25.116737,0.247662,0.247277,0.490449,0.034391,0.111253,0.75847,1.044253,0.014477,True,H_nonSOE,0.01411916619492862,0.012074,0.002045166194928621,150955163.195391,150955163.195391,1,0,,
000768.SZ,中航西飞,CSI,中央国有企业,工业,国防军工,工业--国防军工--航空航天与国防Ⅲ--航空航天,2025,,,,,,,,,,77846648435.6,,0.013604,1151240411.01,-92184233.18,target_year,,,,,,,,,,SOE_target,0.016361,0.053258,25.02477,0.267949,0.253215,0.554655,0.03727,0.126676,0.71516,1.050416,0.019016,True,H_nonSOE,0.024021277366377845,0.013604,0.010417277366377846,810950128.7965493,810950128.7965493,1,0,,
000786.SZ,北新建材,CSI,中央国有企业,材料,建材Ⅱ,材料--建材Ⅱ--建材Ⅲ--建材Ⅳ,2019,,,,,,,,,,21463592266.0,,0.021954556,441144299.5,30079335.77,target_year,,,,,,,,,,SOE_target,0.034527999999999996,0.031249,23.60851566,0.082164854,0.736746816,0.728133542,0.186426406,0.552409337,0.193719088,2.443171724,0.087405108,True,H_nonSOE,0.1321971126780775,0.021954556,0.11024255667807749,2366201286.8996506,2366201286.8996506,1,0,,
000786.SZ,北新建材,CSI,中央国有企业,材料,建材Ⅱ,材料--建材Ⅱ--建材Ⅲ--建材Ⅳ,2020,,,,,,,,,,22915217102.0,,0.128089923,2859866559.0,75341830.31,target_year,,,,,,,,,,SOE_target,0.15058,0.186805,23.78962395,0.072892526,0.764425084,0.668831118,0.005969725,0.558113567,0.322457519,1.020643679,0.098415159,True,H_nonSOE,0.1177519465096741,0.128089923,-0.01033797649032589,-236896975.67118976,0.0,1,0,,
000786.SZ,北新建材,CSI,中央国有企业,材料,建材Ⅱ,材料--建材Ⅱ--建材Ⅲ--建材Ⅳ,2021,,,,,,,,,,26573872663.0,,0.135197922,3510191056.0,82541300.71,target_year,,,,,,,,,,SOE_target,0.153334,0.197136,23.85506703,0.081293583,0.753086611,0.748938503,0.085974085,0.556825824,0.238293646,1.403259242,0.059647758,True,H_nonSOE,0.14213374688270752,0.135197922,0.006935824882707525,184311727.2459367,184311727.2459367,1,0,,
000786.SZ,北新建材,CSI,中央国有企业,材料,建材Ⅱ,材料--建材Ⅱ--建材Ⅲ--建材Ⅳ,2022,,,,,,,,,,28604536226.0,,0.113485144,3136397898.0,109792022.4,target_year,,,,,,,,,,SOE_target,0.12256700000000001,0.157211,24.00319434,0.100137906,0.668525521,0.843240168,0.141342424,0.510095168,0.265218624,1.693275559,0.061260434,True,H_nonSOE,0.14512566478379937,0.113485144,0.03164052078379938,905062422.9696952,905062422.9696952,1,0,,
000786.SZ,北新建材,CSI,中央国有企业,材料,建材Ⅱ,材料--建材Ⅱ--建材Ⅲ--建材Ⅳ,2023,,,,,,,,,,30660627191.82,,0.117717,3524001193.59,85282127.5,target_year,,,,,,,,,,SOE_target,0.127174,0.159022,24.076831,0.114777,0.617588,0.714546,0.199399,0.480786,0.250342,2.082374,0.045478,True,H_nonSOE,0.13896535128965462,0.117717,0.02124835128965462,651487777.332928,651487777.332928,1,0,,
000786.SZ,北新建材,CSI,中央国有企业,材料,建材Ⅱ,材料--建材Ⅱ--建材Ⅲ--建材Ⅳ,2024,,,,,,,,,,35139481982.58,,0.105885,3646942470.4,73810131.21,target_year,,,,,,,,,,SOE_target,0.12231,0.148739,24.146245,0.124756,0.650954,0.748723,0.217618,0.463646,0.225985,2.188839,0.037909,True,H_nonSOE,0.14553916049904483,0.105885,0.03965416049904483,1393426658.3905213,1393426658.3905213,1,0,,
000786.SZ,北新建材,CSI,中央国有企业,材料,建材Ⅱ,材料--建材Ⅱ--建材Ⅲ--建材Ⅳ,2025,,,,,,,,,,36088073943.54,,0.08132,2906380291.66,28292119.13,target_year,,,,,,,,,,SOE_target,0.092774,0.110011,24.282591,0.193215,0.525443,0.776379,0.126703,0.443899,0.239609,1.573315,0.03398,True,H_nonSOE,0.1511479731583024,0.08132,0.06982797315830239,2519957058.664343,2519957058.664343,1,0,,
000792.SZ,盐湖股份,CSI,中央国有企业,材料,化工,材料--化工--农用化工--化肥与农用药剂,2019,,,,,,,,,,22531500339.0,,-1.970434396,-45859976778.0,1463133525.0,target_year,,,,,,,,,,SOE_target,-0.967884,,25.04071871,0.064266966,0.192081294,0.216564189,-0.278582226,0.806404587,0.749488816,0.36481008,0.010298963,True,H_nonSOE,0.04543149982829645,-1.970434396,2.0158658958282962,45420483115.233795,45420483115.233795,0,1,FixedAssetsRatio_lag,
000792.SZ,盐湖股份,CSI,中央国有企业,材料,化工,材料--化工--农用化工--化肥与农用药剂,2020,,,,,,,,,,20109814551.0,,0.12072931,2039507351.0,388336689.4,target_year,,,,,,,,,,SOE_target,0.153226,-0.154504,23.83818018,0.063309446,0.180537484,0.350103012,-0.888553207,0.365084577,2.290134477,0.314471187,0.020977312,True,H_nonSOE,-0.09189632531992083,0.12072931,-0.21262563531992085,-4275862095.0721636,0.0,1,0,,
000792.SZ,盐湖股份,CSI,中央国有企业,材料,化工,材料--化工--农用化工--化肥与农用药剂,2021,,,,,,,,,,25267358712.0,,0.186473385,4478386640.0,233303260.0,target_year,,,,,,,,,,SOE_target,0.24559799999999998,0.6657129999999999,23.72447382,0.044384921,0.203999831,0.619101631,0.10089712,0.432346651,0.738152668,1.397826148,0.026706701,True,H_nonSOE,0.04373014156832654,0.186473385,-0.14274324343167344,-3606744735.5024304,0.0,1,0,,
000792.SZ,盐湖股份,CSI,中央国有企业,材料,化工,材料--化工--农用化工--化肥与农用药剂,2022,,,,,,,,,,41982836045.0,,0.377563052,15564592332.0,286575396.1,target_year,,,,,,,,,,SOE_target,0.638701,0.9016689999999999,23.95277923,0.026196976,0.197245037,0.612016847,0.258214762,0.32793301,0.538918822,2.112423225,0.03199102,True,H_nonSOE,0.06683536201144344,0.377563052,-0.3107276899885566,-13045229663.43116,0.0,1,0,,
000792.SZ,盐湖股份,CSI,中央国有企业,材料,化工,材料--化工--农用化工--化肥与农用药剂,2023,,,,,,,,,,46407287224.03,,0.166608,7913614646.24,-181785870.71,target_year,,,,,,,,,,SOE_target,0.236788,0.277208,24.460527,0.040375,0.212868,0.867661,0.494585,0.195432,0.32174,3.437173,0.016199,True,H_nonSOE,0.11263446906698736,0.166608,-0.053973530933012645,-2504765152.5033855,0.0,1,0,,
000792.SZ,盐湖股份,CSI,中央国有企业,材料,化工,材料--化工--农用化工--化肥与农用药剂,2024,,,,,,,,,,45782850934.85,,0.098615,4663116528.38,-148225180.31,target_year,,,,,,,,,,SOE_target,0.121684,0.136187,24.560722,0.024829,0.215825,0.460211,0.452081,0.196388,0.252473,3.23378,0.020319,True,H_nonSOE,0.09836537084870339,0.098615,-0.00024962915129660146,-11428734.222805422,0.0,1,0,,
000792.SZ,盐湖股份,CSI,中央国有企业,材料,化工,材料--化工--农用化工--化肥与农用药剂,2025,,,,,,,,,,55781587198.78,,0.148146,8475535262.69,-211737505.69,target_year,,,,,,,,,,SOE_target,0.137464,0.20790199999999998,24.547175,0.016693,0.213171,0.300786,0.523648,0.229043,0.135178,7.330134,0.026687,True,H_nonSOE,0.07181371540953026,0.148146,-0.07633228459046974,-4257935988.9653788,0.0,1,0,,
000807.SZ,云铝股份,CSI,中央国有企业,材料,有色金属,材料--有色金属--其他金属与采矿--铝,2019,,,,,,,,,,39579456610.0,,0.036408062,495225700.7,945785611.3,target_year,,,,,,,,,,SOE_target,0.038792,0.051628999999999994,24.34817655,0.027430628,0.167062795,0.58682112,-0.302984394,0.62190244,0.754381207,0.463725714,0.097778035,True,H_nonSOE,0.058937968009972336,0.036408062,0.022529906009972338,891721437.3490784,891721437.3490784,1,0,,
000807.SZ,云铝股份,CSI,中央国有企业,材料,有色金属,材料--有色金属--其他金属与采矿--铝,2020,,,,,,,,,,41018597713.0,,0.037772411,902555209.2,646816135.0,target_year,,,,,,,,,,SOE_target,0.033660999999999996,0.079432,24.40157605,0.025926514,0.15478921,0.622336875,-0.289221224,0.663335078,0.682322746,0.441998275,0.089439243,True,H_nonSOE,0.07501381368123185,0.037772411,0.03724140268123185,1527590114.8492887,1527590114.8492887,0,1,FixedAssetsRatio_lag,
000807.SZ,云铝股份,CSI,中央国有企业,材料,有色金属,材料--有色金属--其他金属与采矿--铝,2021,,,,,,,,,,37837121415.0,,0.103262874,3319026415.0,588143490.6,target_year,,,,,,,,,,SOE_target,0.118904,0.22129000000000001,24.4372914,0.026430521,0.159708925,0.726936071,-0.275514356,0.73416272,0.664574167,0.348730522,0.128882093,True,H_nonSOE,0.07912774020505718,0.103262874,-0.024135133794942823,-913203987.7665213,0.0,0,1,FixedAssetsRatio_lag,
000807.SZ,云铝股份,CSI,中央国有企业,材料,有色金属,材料--有色金属--其他金属与采矿--铝,2022,,,,,,,,,,39059473292.0,,0.123982697,4568644918.0,274053905.3,target_year,,,,,,,,,,SOE_target,0.159689,0.22537600000000002,24.35655651,0.027692993,0.168216562,1.048534058,-0.118291959,0.73601922,0.447359166,0.544969442,0.033677016,True,H_nonSOE,0.15154274235980708,0.123982697,0.027560045359807078,1076480855.6576931,1076480855.6576931,0,1,FixedAssetsRatio_lag,
000807.SZ,云铝股份,CSI,中央国有企业,材料,有色金属,材料--有色金属--其他金属与采矿--铝,2023,,,,,,,,,,39309705821.93,,0.103436,3955771178.74,110284499.19,target_year,,,,,,,,,,SOE_target,0.141472,0.16454899999999997,24.388351,0.028078,0.153058,1.251062,-0.020505,0.639861,0.352871,0.911469,0.024668,True,H_nonSOE,0.1806012419956617,0.103436,0.07716524199566169,3033342962.5274997,3033342962.5274997,0,1,FixedAssetsRatio_lag,
000807.SZ,云铝股份,CSI,中央国有企业,材料,有色金属,材料--有色金属--其他金属与采矿--铝,2024,,,,,,,,,,41901504028.87,,0.105837,4411670800.53,23060223.52,target_year,,,,,,,,,,SOE_target,0.147651,0.163245,24.394737,0.024418,0.159476,1.079805,0.096094,0.600554,0.255987,1.620727,0.018647,True,H_nonSOE,0.18195698131282126,0.105837,0.07611998131282126,3189541703.656689,3189541703.656689,1,0,,
000807.SZ,云铝股份,CSI,中央国有企业,材料,有色金属,材料--有色金属--其他金属与采矿--铝,2025,,,,,,,,,,44175520008.47,,0.136401,6054686552.59,-29118803.1,target_year,,,,,,,,,,SOE_target,0.200353,0.200643,24.458588,0.030201,0.15747,1.33148,0.174647,0.533549,0.232785,2.02867,0.015705,True,H_nonSOE,0.2019300658286214,0.136401,0.06552906582862142,2894780558.6486135,2894780558.6486135,1,0,,
000858.SZ,五粮液,CSI,地方国有企业,日常消费,食品饮料,日常消费--食品饮料--饮料--白酒与葡萄酒,2019,,,,,,,,,,106397000000.0,,0.163558829,17402164190.0,0.0,target_year,,,,,,,,,,SOE_target,0.235747,0.252612,25.17870865,0.051088045,0.118716357,0.434624476,0.66673842,0.065199925,0.243626288,3.772013974,0.004429813,True,H_nonSOE,0.13244772160041118,0.163558829,-0.031111107399588805,-3310128493.99405,0.0,0,1,HHI_lag,
000858.SZ,五粮液,CSI,地方国有企业,日常消费,食品饮料,日常消费--食品饮料--饮料--白酒与葡萄酒,2020,,,,,,,,,,113893000000.0,,0.162163327,19954809595.0,-1485519200.0,target_year,,,,,,,,,,SOE_target,0.251291,0.24944,25.39044296,0.056293889,0.109737598,0.448163389,0.625884029,0.065045193,0.284791231,3.217181758,0.015965258,True,H_nonSOE,0.1315371661637429,0.162163327,-0.030626160836257105,-3488105336.1238303,0.0,0,1,HHI_lag,
000858.SZ,五粮液,CSI,地方国有企业,日常消费,食品饮料,日常消费--食品饮料--饮料--白酒与葡萄酒,2021,,,,,,,,,,135621000000.0,,0.159602143,23377074353.0,-1731702085.0,target_year,,,,,,,,,,SOE_target,0.260109,0.253034,25.45852647,0.054280467,0.106852675,0.446944355,0.671477934,0.064523911,0.22946854,3.955172532,0.008725373,True,H_nonSOE,0.13561159061383865,0.159602143,-0.02399055238616135,-3253622705.1635885,0.0,0,1,HHI_lag,
000858.SZ,五粮液,CSI,地方国有企业,日常消费,食品饮料,日常消费--食品饮料--饮料--白酒与葡萄酒,2022,,,,,,,,,,152715000000.0,,0.161505774,26690661397.0,-2026351048.0,target_year,,,,,,,,,,SOE_target,0.257363,0.250507,25.63312868,0.054352346,0.106913309,0.452234076,0.652717866,0.060860503,0.25238699,3.633364619,0.011348768,True,H_nonSOE,0.13415803199370457,0.161505774,-0.027347742006295417,-4176410420.4914045,0.0,0,1,HHI_lag,
000858.SZ,五粮液,CSI,地方国有企业,日常消费,食品饮料,日常消费--食品饮料--饮料--白酒与葡萄酒,2023,,,,,,,,,,165432981684.75,,0.167666,30210585269.3,-2473170676.27,target_year,,,,,,,,,,SOE_target,0.263479,0.248051,25.751837,0.051826,0.105461,0.438516,0.666646,0.059486,0.235934,3.84701,0.011659,True,H_nonSOE,0.13405024049189,0.167666,-0.03361575950811002,-5561155327.024126,0.0,0,1,HHI_lag,
000858.SZ,五粮液,CSI,地方国有企业,日常消费,食品饮料,日常消费--食品饮料--饮料--白酒与葡萄酒,2024,,,,,,,,,,188252218704.17,,0.154153,31853172533.98,-2833530840.46,target_year,,,,,,,,,,SOE_target,0.233709,0.242374,25.831832,0.055907,0.100594,0.444701,0.692118,0.065353,0.199982,4.503309,0.017876,True,H_nonSOE,0.13416109406831805,0.154153,-0.019991905931681958,-3763520647.764186,0.0,0,1,HHI_lag,
000858.SZ,五粮液,CSI,地方国有企业,日常消费,食品饮料,日常消费--食品饮料--饮料--白酒与葡萄酒,2025,,,,,,,,,,189984270815.47,,0.033122,8954257202.51,-2661630589.09,target_year,,,,,,,,,,SOE_target,0.05043,0.070724,25.961048,0.059607,0.097008,0.43052,0.609591,0.06936,0.275468,3.248964,0.014164,True,H_nonSOE,0.13175899158589052,0.033122,0.09863699158589052,18739476921.87706,18739476921.87706,0,1,HHI_lag,
000975.SZ,山金国际,CSI,地方国有企业,材料,有色金属,材料--有色金属--贵金属--黄金,2019,,,,,,,,,,11885793700.0,,0.07517066,864165428.9,29297524.57,target_year,,,,,,,,,,SOE_target,0.106521,0.099397,23.09193917,0.006000051,0.167062795,0.585413213,0.108609477,0.260657273,0.120655521,3.221219308,0.063739343,True,H_nonSOE,0.10709962723741401,0.07517066,0.03192896723741401,379501117.6379618,379501117.6379618,1,0,,
000975.SZ,山金国际,CSI,地方国有企业,材料,有色金属,材料--有色金属--贵金属--黄金,2020,,,,,,,,,,12906755770.0,,0.09964649,1242446761.0,43666152.27,target_year,,,,,,,,,,SOE_target,0.142065,0.131214,23.19860972,0.005455011,0.15478921,0.447325565,0.091789189,0.252350115,0.1493012,2.019578707,0.053587837,True,H_nonSOE,0.10794088207497432,0.09964649,0.008294392074974316,107053692.77231702,107053692.77231702,1,0,,
000975.SZ,山金国际,CSI,地方国有企业,材料,有色金属,材料--有色金属--贵金属--黄金,2021,,,,,,,,,,15933256367.0,,0.084137949,1273338699.0,67252814.69,target_year,,,,,,,,,,SOE_target,0.127921,0.125104,23.28101671,0.006961481,0.159708925,0.622437169,0.214098407,0.231175705,0.142596114,3.360518547,0.046767807,True,H_nonSOE,0.11235461624238449,0.084137949,0.02821666724238449,449583392.99524295,449583392.99524295,1,0,,
000975.SZ,山金国际,CSI,地方国有企业,材料,有色金属,材料--有色金属--贵金属--黄金,2022,,,,,,,,,,16163564000.0,,0.073385486,1125812000.0,60359000.0,target_year,,,,,,,,,,SOE_target,0.10418,0.10532,23.49167436,0.005936039,0.168216562,0.614535754,0.10977772,0.202924251,0.225597952,1.566330908,0.045088538,True,H_nonSOE,0.11435405176057739,0.073385486,0.04096856576057739,662198034.6593013,662198034.6593013,1,0,,
000975.SZ,山金国际,CSI,地方国有企业,材料,有色金属,材料--有色金属--贵金属--黄金,2023,,,,,,,,,,16298949000.0,,0.089989,1421924000.0,44806000.0,target_year,,,,,,,,,,SOE_target,0.13109400000000002,0.12654400000000002,23.506025,0.004888,0.153058,0.521745,0.167537,0.196757,0.215565,1.910269,0.037655,True,H_nonSOE,0.10916537659157553,0.089989,0.019176376591575534,312554784.07088345,312554784.07088345,1,0,,
000975.SZ,山金国际,CSI,地方国有企业,材料,有色金属,材料--有色金属--贵金属--黄金,2024,,,,,,,,,,18189090000.0,,0.122639,2179961000.0,50737000.0,target_year,,,,,,,,,,SOE_target,0.187452,0.177654,23.514366,0.004672,0.159476,0.498719,0.220944,0.191747,0.179785,2.49648,0.037722,True,H_nonSOE,0.108992967273929,0.122639,-0.013646032726070997,-248208917.39745072,0.0,1,0,,
000975.SZ,山金国际,CSI,地方国有企业,材料,有色金属,材料--有色金属--贵金属--黄金,2025,,,,,,,,,,20625469000.0,,0.147424,2983616000.0,57075000.0,target_year,,,,,,,,,,SOE_target,0.223768,0.213887,23.624088,0.007586,0.15747,0.787544,0.201765,0.189844,0.185674,2.979621,0.037812,True,H_nonSOE,0.12385536967678103,0.147424,-0.023568630323218973,-486114054.1040129,0.0,1,0,,
000977.SZ,浪潮信息,CSI,地方国有企业,信息技术,硬件设备,信息技术--硬件设备--电脑与外围设备--电脑硬件、储存设备及电脑周边,2019,,,,,,,,,,29409085017.0,,0.037688036,928747236.9,179623428.5,target_year,,,,,,,,,,SOE_target,0.04292,0.098164,23.96582976,0.040540726,0.161142974,2.156699725,0.301689676,0.028343674,0.636328198,1.491094523,0.016350809,True,H_nonSOE,0.13593725507038978,0.037688036,0.09824921907038978,2889419636.494951,2889419636.494951,1,0,,
000977.SZ,浪潮信息,CSI,地方国有企业,信息技术,硬件设备,信息技术--硬件设备--电脑与外围设备--电脑硬件、储存设备及电脑周边,2020,,,,,,,,,,38322865651.0,,0.041773216,1466448648.0,134420695.4,target_year,,,,,,,,,,SOE_target,0.049766000000000005,0.120228,24.10456948,0.042483394,0.145048886,1.874633229,0.290731222,0.032415912,0.649488665,1.464589021,0.014801985,True,H_nonSOE,0.12643038913589258,0.041773216,0.08465717313589258,3244305472.4802575,3244305472.4802575,1,0,,
000977.SZ,浪潮信息,CSI,地方国有企业,信息技术,硬件设备,信息技术--硬件设备--电脑与外围设备--电脑硬件、储存设备及电脑周边,2021,,,,,,,,,,46208162563.0,,0.04202014,2002738392.0,-61064951.14,target_year,,,,,,,,,,SOE_target,0.051094999999999995,0.13527799999999998,24.36931257,0.045065608,0.129289002,1.858689999,0.343874087,0.028221106,0.613086076,1.583032018,0.011722936,True,H_nonSOE,0.13595445015154456,0.04202014,0.09393431015154456,4340531873.725832,4340531873.725832,0,1,HHI_lag,
000977.SZ,浪潮信息,CSI,地方国有企业,信息技术,硬件设备,信息技术--硬件设备--电脑与外围设备--电脑硬件、储存设备及电脑周边,2022,,,,,,,,,,41013425652.0,,0.05949463,2080350926.0,359727643.5,target_year,,,,,,,,,,SOE_target,0.054576,0.128312,24.5564223,0.038013817,0.108896372,1.584391783,0.326724134,0.023823108,0.663142179,1.526799066,0.004217095,True,H_nonSOE,0.11429686341131416,0.05949463,0.05480223341131416,2247627325.5784836,2247627325.5784836,0,1,HHI_lag,
000977.SZ,浪潮信息,CSI,地方国有企业,信息技术,硬件设备,信息技术--硬件设备--电脑与外围设备--电脑硬件、储存设备及电脑周边,2023,,,,,,,,,,48119624861.79,,0.032838,1782784322.91,-202647157.47,target_year,,,,,,,,,,SOE_target,0.040993,0.101262,24.437165,0.036718,0.117158,1.591817,0.461711,0.050139,0.570415,2.015704,0.0274,True,H_nonSOE,0.12424726335499872,0.032838,0.09140926335499872,4398579461.535106,4398579461.535106,0,1,HHI_lag,
000977.SZ,浪潮信息,CSI,地方国有企业,信息技术,硬件设备,信息技术--硬件设备--电脑与外围设备--电脑硬件、储存设备及电脑周边,2024,,,,,,,,,,71191039667.42,,0.027486,2291764648.21,-335008121.3,target_year,,,,,,,,,,SOE_target,0.033993999999999996,0.120797,24.596956,0.034337,0.108206,1.474483,0.481204,0.045664,0.620018,2.088979,0.006379,True,H_nonSOE,0.11447859505439766,0.027486,0.08699259505439766,6193093285.289429,6193093285.289429,0,1,HHI_lag,
000977.SZ,浪潮信息,CSI,地方国有企业,信息技术,硬件设备,信息技术--硬件设备--电脑与外围设备--电脑硬件、储存设备及电脑周边,2025,,,,,,,,,,83793847851.87,,0.028827,2412866308.76,2667767.42,target_year,,,,,,,,,,SOE_target,0.031889,0.115566,24.988633,0.050763,0.114376,1.921439,0.310051,0.04049,0.714421,1.495676,0.003481,True,H_nonSOE,0.1370061271307015,0.028827,0.10817912713070152,9064745319.538105,9064745319.538105,0,1,HHI_lag,
000983.SZ,山西焦煤,CSI,地方国有企业,能源,煤炭Ⅱ,能源--煤炭Ⅱ--煤炭Ⅲ--煤炭与消费用燃料,2019,,,,,,,,,,65113270693.0,,0.03869515,1710215168.0,809352580.3,target_year,,,,,,,,,,SOE_target,0.058545999999999994,0.08498599999999999,24.8985198,0.059259446,0.3281903,0.502277248,-0.103609553,0.529823201,0.640113458,0.713464277,0.046575521,True,H_nonSOE,0.03841673907586646,0.03869515,-0.0002784109241335403,-18128245.866995495,0.0,1,0,,
000983.SZ,山西焦煤,CSI,地方国有企业,能源,煤炭Ⅱ,能源--煤炭Ⅱ--煤炭Ⅲ--煤炭与消费用燃料,2020,,,,,,,,,,70610618879.0,,0.040261809,1956303613.0,886607623.1,target_year,,,,,,,,,,SOE_target,0.045820999999999994,0.09989,24.89939422,0.058447923,0.293470907,0.48523943,-0.119586599,0.553156077,0.644768604,0.661625678,0.02959785,True,H_nonSOE,0.039590583428277044,0.040261809,-0.0006712255717229582,-47395653.02676868,0.0,1,0,,
000983.SZ,山西焦煤,CSI,地方国有企业,能源,煤炭Ⅱ,能源--煤炭Ⅱ--煤炭Ⅲ--煤炭与消费用燃料,2021,,,,,,,,,,70497875041.0,,0.072416902,4165827696.0,939410007.2,target_year,,,,,,,,,,SOE_target,0.099619,0.201847,24.98044638,0.057059504,0.275297772,0.476354949,-0.24679589,0.530942252,0.692119478,0.464785942,0.038402857,True,H_nonSOE,0.02997482331619722,0.072416902,-0.042442078683802786,-2992076359.5310187,0.0,1,0,,
000983.SZ,山西焦煤,CSI,地方国有企业,能源,煤炭Ⅱ,能源--煤炭Ⅱ--煤炭Ⅲ--煤炭与消费用燃料,2022,,,,,,,,,,95737794132.0,,0.124064922,10721933349.0,1155768633.0,target_year,,,,,,,,,,SOE_target,0.216608,0.38567599999999996,24.97884841,0.049903043,0.269530745,0.609342145,-0.177627946,0.523040164,0.631336619,0.553832026,0.018967371,True,H_nonSOE,0.05242717194346606,0.124064922,-0.07163775005653394,-6858440166.992118,0.0,1,0,,
000983.SZ,山西焦煤,CSI,地方国有企业,能源,煤炭Ⅱ,能源--煤炭Ⅱ--煤炭Ⅲ--煤炭与消费用燃料,2023,,,,,,,,,,93603512358.87,,0.080743,6771368105.86,786470973.18,target_year,,,,,,,,,,SOE_target,0.123025,0.191651,25.284879,0.066477,0.250024,0.743502,-0.025689,0.428424,0.549948,0.916079,0.018929,True,H_nonSOE,0.07320915605323018,0.080743,-0.007533843946769814,-705194254.9812661,0.0,1,0,,
000983.SZ,山西焦煤,CSI,地方国有企业,能源,煤炭Ⅱ,能源--煤炭Ⅱ--煤炭Ⅲ--煤炭与消费用燃料,2024,,,,,,,,,,109949187629.7,,0.034092,3108028389.69,640396035.42,target_year,,,,,,,,,,SOE_target,0.061924,0.084156,25.262334,0.061179,0.263234,0.555554,0.020376,0.421542,0.484602,1.076753,0.022016,True,H_nonSOE,0.06922567540750785,0.034092,0.03513367540750785,3862919069.501057,3862919069.501057,1,0,,
000983.SZ,山西焦煤,CSI,地方国有企业,能源,煤炭Ⅱ,能源--煤炭Ⅱ--煤炭Ⅲ--煤炭与消费用燃料,2025,,,,,,,,,,108847567597.08,,0.018728,1200774988.79,837775063.92,target_year,,,,,,,,,,SOE_target,0.037017,0.033287,25.423284,0.049378,0.263097,0.417832,-0.053984,0.346475,0.573686,0.768558,0.241579,True,H_nonSOE,0.015940038719599925,0.018728,-0.0027879612804000767,-303462803.92638904,0.0,1,0,,
000999.SZ,华润三九,CSI,中央国有企业,医疗保健,医药生物,医疗保健--医药生物--制药--中药,2019,,,,,,,,,,20103525732.0,,0.105300023,2112494768.0,4406951.57,target_year,,,,,,,,,,SOE_target,0.133755,0.18062,23.61529911,0.04173358,0.277672488,0.771928981,0.125343609,0.195562013,0.380558016,1.35777995,0.033297761,True,H_nonSOE,0.002696390510135427,0.105300023,-0.10260363248986458,-2062694765.9566638,0.0,1,0,,
000999.SZ,华润三九,CSI,中央国有企业,医疗保健,医药生物,医疗保健--医药生物--制药--中药,2020,,,,,,,,,,22010147281.0,,0.069982153,1597489175.0,-57171685.38,target_year,,,,,,,,,,SOE_target,0.097803,0.12152400000000001,23.72416105,0.038998338,0.276190471,0.760297773,0.179053709,0.179562889,0.359222949,1.537802175,0.026660352,True,H_nonSOE,0.006691848961021055,0.069982153,-0.06329030403897895,-1393028913.3571959,0.0,1,0,,
000999.SZ,华润三九,CSI,中央国有企业,医疗保健,医药生物,医疗保健--医药生物--制药--中药,2021,,,,,,,,,,24307980617.0,,0.084751379,2046867983.0,13266897.53,target_year,,,,,,,,,,SOE_target,0.102566,0.14111700000000002,23.81476942,0.03366772,0.256105921,0.639302281,0.164913637,0.171159093,0.361247168,1.497537633,0.028251688,True,H_nonSOE,-0.0008424073146013136,0.084751379,-0.08559378631460132,-2080612098.6709688,0.0,1,0,,
000999.SZ,华润三九,CSI,中央国有企业,医疗保健,医药生物,医疗保健--医药生物--制药--中药,2022,,,,,,,,,,27122781699.0,,0.09048886,2448802103.0,5507490.71,target_year,,,,,,,,,,SOE_target,0.11524,0.151666,23.91407055,0.031571534,0.230275265,0.652703975,0.193473943,0.169028884,0.353598528,1.604848529,0.035823623,True,H_nonSOE,0.0013524867913585065,0.09048886,-0.0891363732086415,-2417626391.9785757,0.0,1,0,,
000999.SZ,华润三九,CSI,中央国有企业,医疗保健,医药生物,医疗保健--医药生物--制药--中药,2023,,,,,,,,,,40148455933.08,,0.070457,2852931664.85,-24191715.87,target_year,,,,,,,,,,SOE_target,0.11162100000000001,0.158599,24.02364,0.033008,0.212266,0.695008,0.122251,0.172172,0.353554,1.382325,0.035084,True,H_nonSOE,0.0066340856433045395,0.070457,-0.06382291435669546,-2562391464.5705266,0.0,1,0,,
000999.SZ,华润三九,CSI,中央国有企业,医疗保健,医药生物,医疗保健--医药生物--制药--中药,2024,,,,,,,,,,40081972320.77,,0.083421,3367888968.2,-24191376.44,target_year,,,,,,,,,,SOE_target,0.11451,0.173289,24.41585,0.040776,0.216978,0.727326,0.238491,0.159934,0.395696,1.739557,0.021351,True,H_nonSOE,0.009906270387371352,0.083421,-0.07351472961262864,-2946615357.5022717,0.0,1,0,,
000999.SZ,华润三九,CSI,中央国有企业,医疗保健,医药生物,医疗保健--医药生物--制药--中药,2025,,,,,,,,,,58804678665.86,,0.058771,3421001213.82,34997438.73,target_year,,,,,,,,,,SOE_target,0.099085,0.162615,24.414193,0.045087,0.230555,0.681084,0.206336,0.160639,0.369883,1.607876,0.019711,True,H_nonSOE,0.01151181006595077,0.058771,-0.04725918993404923,-2779061478.0806103,0.0,1,0,,
001391.SZ,国货航,CSI,中央国有企业,工业,交通运输,工业--交通运输--航空运输--航空货运与物流,2019,,,,,,,,,,15534419800.0,,0.042836418,472448900.0,192990000.0,target_year,,,,,,,,,,SOE_target,0.045141,,,,0.111099702,,,,,,,True,H_nonSOE,-0.047180091833762205,0.042836418,-0.0900165098337622,-1398354252.6884904,0.0,0,1,HHI_lag,
001391.SZ,国货航,CSI,中央国有企业,工业,交通运输,工业--交通运输--航空运输--航空货运与物流,2021,,,,,,,,,,24788731227.0,,0.173336656,4342337250.0,-45541466.0,target_year,,,,,,,,,,SOE_target,0.23220600000000002,,,,0.123286456,,,,,,,True,H_nonSOE,-0.047180091833762205,0.173336656,-0.2205167478337622,-5466330393.103266,0.0,0,1,HHI_lag,
001391.SZ,国货航,CSI,中央国有企业,工业,交通运输,工业--交通运输--航空运输--航空货运与物流,2022,,,,,,,,,,21243507964.0,,0.143764567,3108357541.0,-54293807.0,target_year,,,,,,,,,,SOE_target,0.17939699999999997,0.16931100000000002,23.933655,0.02197836,0.15352339,,0.379038722,0.215196887,0.271153714,2.935428866,0.026891053,True,H_nonSOE,0.02061155837225649,0.143764567,-0.12315300862774352,-2616201919.57403,0.0,1,0,,
001391.SZ,国货航,CSI,中央国有企业,工业,交通运输,工业--交通运输--航空运输--航空货运与物流,2023,,,,,,,,,,22822973085.0,,0.047164,1153435927.0,-77014538.0,target_year,,,,,,,,,,SOE_target,0.068141,0.060203,23.779317,0.019592,0.180808,0.999573,0.297946,0.538575,0.121361,3.59115,0.155102,True,H_nonSOE,0.05773348338639875,0.047164,0.01056948338639875,241227034.85013336,241227034.85013336,1,0,,
001391.SZ,国货航,CSI,中央国有企业,工业,交通运输,工业--交通运输--航空运输--航空货运与物流,2024,,,,,,,,,,27618399131.0,,0.069199,1953257457.0,-42086328.0,target_year,,,,,,,,,,SOE_target,0.10135899999999999,0.088254,23.851033,0.012225,0.114556,0.674444,0.251862,0.558371,0.138159,2.969242,0.103475,True,H_nonSOE,0.048789673608381504,0.069199,-0.020409326391618493,-563672922.2785716,0.0,0,1,HHI_lag,
001391.SZ,国货航,CSI,中央国有企业,工业,交通运输,工业--交通运输--航空运输--航空货运与物流,2025,,,,,,,,,,29952962908.0,,0.08515,2584694178.0,-34187709.0,target_year,,,,,,,,,,SOE_target,0.118423,0.100481,24.041748,0.014765,0.116886,0.813211,0.233523,0.611545,0.108932,3.211667,0.198638,True,H_nonSOE,0.0466041197084515,0.08515,-0.038545880291548505,-1154563322.6289606,0.0,0,1,HHI_lag,
001965.SZ,招商公路,CSI,中央国有企业,工业,交通运输,工业--交通运输--交通基础设施--公路与铁路,2019,,,,,,,,,,90913208562.0,,0.059938124,4326608089.0,1122559092.0,target_year,,,,,,,,,,SOE_target,0.071666,0.09117800000000001,25.15508515,0.007713308,0.111099702,0.090021592,0.056932892,0.045612335,0.407746891,1.696921213,0.009043163,True,H_nonSOE,-0.019266486158290547,0.059938124,-0.07920461015829056,-7200745242.392573,0.0,0,1,HHI_lag,
001965.SZ,招商公路,CSI,中央国有企业,工业,交通运输,工业--交通运输--交通基础设施--公路与铁路,2020,,,,,,,,,,94009174839.0,,0.033919866,2222601822.0,966176753.5,target_year,,,,,,,,,,SOE_target,0.03342,0.04258,25.23317114,0.008400459,0.108646931,0.09291301,-0.003307272,0.050382008,0.406707967,0.97310803,0.009187505,True,H_nonSOE,-0.012426252292294548,0.033919866,-0.04634611829229455,-4356960337.649294,0.0,0,1,HHI_lag,
001965.SZ,招商公路,CSI,中央国有企业,工业,交通运输,工业--交通运输--交通基础设施--公路与铁路,2021,,,,,,,,,,98320774958.0,,0.061230895,4972822293.0,1047446772.0,target_year,,,,,,,,,,SOE_target,0.06995599999999999,0.08779400000000001,25.26665822,0.008809883,0.123286456,0.075800048,-0.00149945,0.019860883,0.36459679,0.987251125,0.015828155,True,H_nonSOE,-0.008740267604752522,0.061230895,-0.06997116260475253,-6879618932.011498,0.0,0,1,HHI_lag,
001965.SZ,招商公路,CSI,中央国有企业,工业,交通运输,工业--交通运输--交通基础设施--公路与铁路,2022,,,,,,,,,,114930000000.0,,0.052447643,4860696357.0,1167125891.0,target_year,,,,,,,,,,SOE_target,0.061221,0.081785,25.31150118,0.007791528,0.15352339,0.089198821,0.019274683,0.013068903,0.355978857,1.194678539,0.007807129,True,H_nonSOE,-0.007203065343871551,0.052447643,-0.05965070834387155,-6855655909.961158,0.0,1,0,,
001965.SZ,招商公路,CSI,中央国有企业,工业,交通运输,工业--交通运输--交通基础设施--公路与铁路,2023,,,,,,,,,,157482240634.0,,0.04975,6766648808.34,1068097868.94,target_year,,,,,,,,,,SOE_target,0.055831,0.107759,25.467592,0.007022,0.180808,0.077335,0.020497,0.022904,0.411244,1.242257,0.00651,True,H_nonSOE,-0.015039858346357071,0.04975,-0.06478985834635707,-10203252062.743778,0.0,1,0,,
001965.SZ,招商公路,CSI,中央国有企业,工业,交通运输,工业--交通运输--交通基础设施--公路与铁路,2024,,,,,,,,,,159169493582.77,,0.044243,5322235002.26,1719972397.54,target_year,,,,,,,,,,SOE_target,0.051401,0.078106,25.782579,0.007952,0.114556,0.070969,-0.017386,0.017005,0.478429,0.840921,0.003422,True,H_nonSOE,-0.02267152720042105,0.044243,-0.06691452720042104,-10650751407.821505,0.0,0,1,HHI_lag,
001965.SZ,招商公路,CSI,中央国有企业,工业,交通运输,工业--交通运输--交通基础设施--公路与铁路,2025,,,,,,,,,,162418433553.48,,0.037371,4610171908.56,1459611131.01,target_year,,,,,,,,,,SOE_target,0.044155,0.063367,25.793235,0.009094,0.116886,0.079781,-0.007712,0.017504,0.442218,0.924368,0.007846,True,H_nonSOE,-0.018254972397625968,0.037371,-0.05562597239762597,-9034683301.711527,0.0,0,1,HHI_lag,
001979.SZ,招商蛇口,CSI,中央国有企业,房地产,房地产Ⅱ,房地产--房地产Ⅱ--房地产管理和开发--房地产开发,2019,,,,,,,,,,617688000000.0,,0.034086554,16033175796.0,5021682731.0,target_year,,,,,,,,,,SOE_target,0.055381,0.187792,26.77116139,0.141473583,0.396279334,0.211561663,0.292567645,0.010202086,0.742776076,1.536916159,0.006545233,True,H_nonSOE,0.02987647594229368,0.034086554,-0.004210078057706318,-2600514695.3085003,0.0,0,1,FirmSize_lag,
001979.SZ,招商蛇口,CSI,中央国有企业,房地产,房地产Ⅱ,房地产--房地产Ⅱ--房地产管理和开发--房地产开发,2020,,,,,,,,,,737157000000.0,,0.019638475,12252864765.0,2223781385.0,target_year,,,,,,,,,,SOE_target,0.035590000000000004,0.124892,27.14924946,0.12998211,0.408200157,0.169990492,0.295036879,0.008785172,0.631900839,1.617747812,0.013126974,True,H_nonSOE,0.042318133150937354,0.019638475,0.022679658150937355,16718468763.570528,16718468763.570528,0,1,FirmSize_lag,
001979.SZ,招商蛇口,CSI,中央国有企业,房地产,房地产Ⅱ,房地产--房地产Ⅱ--房地产管理和开发--房地产开发,2021,,,,,,,,,,856203000000.0,,0.014457167,10372254169.0,2006020943.0,target_year,,,,,,,,,,SOE_target,0.028672,0.098764,27.32606719,0.156661588,0.406330004,0.177979167,0.273672431,0.007235794,0.656305197,1.539718382,0.00574289,True,H_nonSOE,0.040550600481163955,0.014457167,0.026093433481163955,22341276026.87302,22341276026.87302,0,1,FirmSize_lag,
001979.SZ,招商蛇口,CSI,中央国有企业,房地产,房地产Ⅱ,房地产--房地产Ⅱ--房地产管理和开发--房地产开发,2022,,,,,,,,,,886471000000.0,,0.007021038,4264079663.0,1959869316.0,target_year,,,,,,,,,,SOE_target,0.018153,0.040536,27.47577374,0.172074602,0.390202805,0.189489882,0.262764191,0.011327641,0.676764653,1.52555683,0.0116882,True,H_nonSOE,0.037509097935001366,0.007021038,0.030488059935001366,27026780978.640594,27026780978.640594,0,1,FirmSize_lag,
001979.SZ,招商蛇口,CSI,中央国有企业,房地产,房地产Ⅱ,房地产--房地产Ⅱ--房地产管理和开发--房地产开发,2023,,,,,,,,,,908508499680.74,,0.00796,6319420453.25,912224693.84,target_year,,,,,,,,,,SOE_target,0.015586,0.057077,27.510515,0.18421,0.393852,0.201091,0.260897,0.01312,0.679132,1.545582,0.006782,True,H_nonSOE,0.03868437497682008,0.00796,0.030724374976820075,27913355813.81928,27913355813.81928,0,1,FirmSize_lag,
001979.SZ,招商蛇口,CSI,中央国有企业,房地产,房地产Ⅱ,房地产--房地产Ⅱ--房地产管理和开发--房地产开发,2024,,,,,,,,,,860308816014.37,,0.006952,4038571564.37,1942659762.13,target_year,,,,,,,,,,SOE_target,0.010278,0.035007,27.53507,0.17276,0.37554,0.188138,0.261897,0.01386,0.673431,1.558504,0.007254,True,H_nonSOE,0.03860017945109677,0.006952,0.03164817945109677,27227207792.583374,27227207792.583374,0,1,FirmSize_lag,
001979.SZ,招商蛇口,CSI,中央国有企业,房地产,房地产Ⅱ,房地产--房地产Ⅱ--房地产管理和开发--房地产开发,2025,,,,,,,,,,835411599109.07,,0.004229,1023784320.62,2509145230.18,target_year,,,,,,,,,,SOE_target,0.00907,0.009812999999999999,27.480557,0.208506,0.353891,0.1945,0.264855,0.014261,0.666696,1.589833,0.006629,True,H_nonSOE,0.04036694410064587,0.004229,0.03613794410064587,30190057669.634747,30190057669.634747,0,1,FirmSize_lag,
002179.SZ,中航光电,CSI,中央国有企业,信息技术,硬件设备,信息技术--硬件设备--电子设备、仪器和元件--电子元件,2019,,,,,,,,,,15131869545.0,,0.077037356,1071086932.0,94632283.43,target_year,,,,,,,,,,SOE_target,0.091645,0.150748,23.30997577,0.006730782,0.161142974,0.667734363,0.397305769,0.144004702,0.505436967,1.950453535,0.021050843,True,H_nonSOE,0.06143773096923137,0.077037356,-0.01559962503076863,-236051490.9165075,0.0,1,0,,
002179.SZ,中航光电,CSI,中央国有企业,信息技术,硬件设备,信息技术--硬件设备--电子设备、仪器和元件--电子元件,2020,,,,,,,,,,19218418866.0,,0.079804927,1439082432.0,94642079.01,target_year,,,,,,,,,,SOE_target,0.09787900000000001,0.160768,23.44006892,0.00751972,0.145048886,0.642297355,0.413336206,0.146526993,0.422841836,2.042361086,0.019416101,True,H_nonSOE,0.07477024330393922,0.079804927,-0.005034683696060777,-96758660.12871704,0.0,1,0,,
002179.SZ,中航光电,CSI,中央国有企业,信息技术,硬件设备,信息技术--硬件设备--电子设备、仪器和元件--电子元件,2021,,,,,,,,,,26987332213.0,,0.075344647,1990997442.0,42353578.97,target_year,,,,,,,,,,SOE_target,0.097951,0.16145299999999999,23.67913497,0.007357687,0.129289002,0.598365046,0.394876789,0.134251397,0.453928313,1.90719652,0.020467462,True,H_nonSOE,0.07078235731227894,0.075344647,-0.004562289687721058,-123124027.45447221,0.0,0,1,HHI_lag,
002179.SZ,中航光电,CSI,中央国有企业,信息技术,硬件设备,信息技术--硬件设备--电子设备、仪器和元件--电子元件,2022,,,,,,,,,,31810733160.0,,0.086607258,2717129034.0,37911325.55,target_year,,,,,,,,,,SOE_target,0.101354,0.168109,24.01863342,0.007278296,0.108896372,0.554971795,0.468324176,0.119732833,0.410962753,2.26328147,0.04145821,True,H_nonSOE,0.07443323031121712,0.086607258,-0.012174027688782882,-387264746.2903238,0.0,0,1,HHI_lag,
002179.SZ,中航光电,CSI,中央国有企业,信息技术,硬件设备,信息技术--硬件设备--电子设备、仪器和元件--电子元件,2023,,,,,,,,,,35569904322.27,,0.089639,3339290323.66,-150842656.92,target_year,,,,,,,,,,SOE_target,0.110826,0.176227,24.18307,0.008341,0.117158,0.536391,0.426579,0.137277,0.418385,2.073528,0.047696,True,H_nonSOE,0.07576464910086057,0.089639,-0.013874350899139423,-493509334.01598996,0.0,0,1,HHI_lag,
002179.SZ,中航光电,CSI,中央国有企业,信息技术,硬件设备,信息技术--硬件设备--电子设备、仪器和元件--电子元件,2024,,,,,,,,,,41246813453.82,,0.078991,3354288683.06,-96169299.72,target_year,,,,,,,,,,SOE_target,0.095501,0.152143,24.294766,0.010429,0.108206,0.592388,0.42457,0.176172,0.381093,2.20832,0.067295,True,H_nonSOE,0.08547010586485924,0.078991,0.006479105864859239,267242470.9554001,267242470.9554001,0,1,HHI_lag,
002179.SZ,中航光电,CSI,中央国有企业,信息技术,硬件设备,信息技术--硬件设备--电子设备、仪器和元件--电子元件,2025,,,,,,,,,,42527397016.91,,0.049956,2161521950.25,-37031845.91,target_year,,,,,,,,,,SOE_target,0.063355,0.090316,24.44284,0.009101,0.114376,0.535031,0.39583,0.203244,0.387763,2.10942,0.037404,True,H_nonSOE,0.09018317311272095,0.049956,0.04022717311272095,1710756961.8326511,1710756961.8326511,0,1,HHI_lag,
002304.SZ,洋河股份,CSI,地方国有企业,日常消费,食品饮料,日常消费--食品饮料--饮料--白酒与葡萄酒,2019,,,,,,,,,,53455037841.0,,0.138124655,7382822727.0,635922.85,target_year,,,,,,,,,,SOE_target,0.188196,0.210477,24.62652592,0.030528342,0.118716357,0.439333178,0.408495938,0.16117016,0.32159075,2.295516674,0.009503821,True,H_nonSOE,0.12428904052068107,0.138124655,-0.013835614479318942,-739583295.5454816,0.0,0,1,HHI_lag,
002304.SZ,洋河股份,CSI,地方国有企业,日常消费,食品饮料,日常消费--食品饮料--饮料--白酒与葡萄酒,2020,,,,,,,,,,53866259307.0,,0.13728434,7482228634.0,-87234764.39,target_year,,,,,,,,,,SOE_target,0.1841,0.199544,24.70210672,0.026004121,0.109737598,0.386822521,0.39789491,0.14067357,0.317341189,2.286193333,0.005933199,True,H_nonSOE,0.12163984373347678,0.13728434,-0.015644496266523228,-842710492.6199336,0.0,0,1,HHI_lag,
002304.SZ,洋河股份,CSI,地方国有企业,日常消费,食品饮料,日常消费--食品饮料--饮料--白酒与葡萄酒,2021,,,,,,,,,,67798704194.0,,0.104847687,7507682797.0,-399145510.0,target_year,,,,,,,,,,SOE_target,0.163505,0.185442,24.70977013,0.019500248,0.106852675,0.329578673,0.41920331,0.131927151,0.285830248,2.540604109,0.006555206,True,H_nonSOE,0.12033511178704237,0.104847687,0.015487424787042375,1050027331.8635094,1050027331.8635094,0,1,HHI_lag,
002304.SZ,洋河股份,CSI,地方国有企业,日常消费,食品饮料,日常消费--食品饮料--饮料--白酒与葡萄酒,2022,,,,,,,,,,67964247134.0,,0.138078691,9377832429.0,6581838.28,target_year,,,,,,,,,,SOE_target,0.174776,0.208486,24.93980892,0.020425421,0.106913309,0.34853413,0.369200779,0.10032586,0.373420027,2.012049571,0.00624679,True,H_nonSOE,0.1131568531085681,0.138078691,-0.024921837891431903,-1693793949.4867632,0.0,0,1,HHI_lag,
002304.SZ,洋河股份,CSI,地方国有企业,日常消费,食品饮料,日常消费--食品饮料--饮料--白酒与葡萄酒,2023,,,,,,,,,,69792287455.91,,0.1327,10015930040.27,-754525568.63,target_year,,,,,,,,,,SOE_target,0.19190100000000002,0.20149999999999998,24.942248,0.021082,0.105461,0.378845,0.464713,0.096402,0.300743,2.584875,0.007933,True,H_nonSOE,0.12310115800105831,0.1327,-0.009598841998941704,-669925140.0340012,0.0,0,1,HHI_lag,
002304.SZ,洋河股份,CSI,地方国有企业,日常消费,食品饮料,日常消费--食品饮料--饮料--白酒与葡萄酒,2024,,,,,,,,,,67345265219.62,,0.090021,6673388602.12,-610889994.14,target_year,,,,,,,,,,SOE_target,0.124433,0.12892099999999998,24.968789,0.022016,0.100594,0.404439,0.506631,0.096901,0.254218,3.05865,0.015928,True,H_nonSOE,0.12793000197489354,0.090021,0.03790900197489354,2552991792.210304,2552991792.210304,0,1,HHI_lag,
002304.SZ,洋河股份,CSI,地方国有企业,日常消费,食品饮料,日常消费--食品饮料--饮料--白酒与葡萄酒,2025,,,,,,,,,,58595944446.8,,0.032801,2206058926.68,-284050446.25,target_year,,,,,,,,,,SOE_target,0.050498,0.044844999999999996,24.933098,0.01883,0.097008,0.350746,0.520695,0.111132,0.232418,3.298148,0.021591,True,H_nonSOE,0.12546157385198714,0.032801,0.09266057385198714,5429533837.839647,5429533837.839647,0,1,HHI_lag,
002371.SZ,北方华创,CSI,地方国有企业,信息技术,半导体,信息技术--半导体--半导体材料与设备--半导体材料与设备Ⅳ,2019,,,,,,,,,,13734762795.0,,0.028332703,309032271.0,80110684.27,target_year,,,,,,,,,,SOE_target,0.043356000000000006,0.065726,23.02599999,0.059004655,0.214515912,0.364070797,0.117906968,0.193151197,0.624914258,1.266499342,0.024431591,True,H_nonSOE,0.004890794187295863,0.028332703,-0.023441908812704138,-321969057.0045114,0.0,1,0,,
002371.SZ,北方华创,CSI,地方国有企业,信息技术,半导体,信息技术--半导体--半导体材料与设备--半导体材料与设备Ⅳ,2020,,,,,,,,,,17518033653.0,,0.028180177,536930435.4,-43269154.89,target_year,,,,,,,,,,SOE_target,0.043783,0.084979,23.34319589,0.057149218,0.169245785,0.339550768,0.267859651,0.158238824,0.555856401,1.767952175,0.012461754,True,H_nonSOE,0.018105909945209664,0.028180177,-0.010074267054790337,-176481349.29512632,0.0,1,0,,
002371.SZ,北方华创,CSI,地方国有企业,信息技术,半导体,信息技术--半导体--半导体材料与设备--半导体材料与设备Ⅳ,2021,,,,,,,,,,31054473365.0,,0.03320992,1077409991.0,-46093407.42,target_year,,,,,,,,,,SOE_target,0.051574999999999996,0.091003,23.58649668,0.066364914,0.155238897,0.383431407,0.177738006,0.131644265,0.594030449,1.394110555,0.03815127,True,H_nonSOE,0.014201545829443454,0.03320992,-0.019008374170556543,-590295049.3915021,0.0,1,0,,
002371.SZ,北方华创,CSI,地方国有企业,信息技术,半导体,信息技术--半导体--半导体材料与设备--半导体材料与设备Ⅳ,2022,,,,,,,,,,42551398848.0,,0.053340261,2352726658.0,-83023921.98,target_year,,,,,,,,,,SOE_target,0.077561,0.128411,24.1590087,0.077971816,0.127200785,0.395253079,0.35596625,0.082648728,0.446186353,1.981018974,0.014388261,True,H_nonSOE,0.04705568201665546,0.053340261,-0.006284578983344537,-267417626.91205174,0.0,0,1,HHI_lag,
002371.SZ,北方华创,CSI,地方国有企业,信息技术,半导体,信息技术--半导体--半导体材料与设备--半导体材料与设备Ⅳ,2023,,,,,,,,,,53624552279.13,,0.072372,3899069987.91,-18133193.65,target_year,,,,,,,,,,SOE_target,0.092863,0.17677600000000002,24.473979,0.104536,0.113252,0.395427,0.360672,0.087128,0.530358,1.973161,0.033103,True,H_nonSOE,0.03700068767492214,0.072372,-0.03537131232507786,-1896770786.957573,0.0,0,1,HHI_lag,
002371.SZ,北方华创,CSI,地方国有企业,信息技术,半导体,信息技术--半导体--半导体材料与设备--半导体材料与设备Ⅳ,2024,,,,,,,,,,65708880828.22,,0.086456,5621189109.03,59708499.95,target_year,,,,,,,,,,SOE_target,0.110118,0.20275400000000002,24.705273,0.153225,0.109637,0.455672,0.356981,0.100324,0.537063,2.003141,0.036923,True,H_nonSOE,0.044155430641442235,0.086456,-0.04230056935855777,-2779523070.947327,0.0,0,1,HHI_lag,
002371.SZ,北方华创,CSI,地方国有企业,信息技术,半导体,信息技术--半导体--半导体材料与设备--半导体材料与设备Ⅳ,2025,,,,,,,,,,89800578023.69,,0.064039,5521993004.86,228775158.4,target_year,,,,,,,,,,SOE_target,0.078116,0.16050599999999998,24.9085,0.167941,0.111057,0.497102,0.345901,0.097356,0.509576,1.96792,0.03114,True,H_nonSOE,0.05542029512370612,0.064039,-0.008618704876293876,-773964679.7067857,0.0,0,1,HHI_lag,
002415.SZ,海康威视,CSI,中央国有企业,信息技术,硬件设备,信息技术--硬件设备--电子设备、仪器和元件--电子设备和仪器,2019,,,,,,,,,,75358000240.0,,0.168244221,12414587690.0,263960347.9,target_year,,,,,,,,,,SOE_target,0.191563,0.300981,24.87405929,0.042729406,0.161142974,0.85904435,0.455503934,0.086612014,0.401992223,2.17029789,0.032383717,True,H_nonSOE,0.10997401461542092,0.168244221,-0.05827020638457908,-4391126226.71396,0.0,1,0,,
002415.SZ,海康威视,CSI,中央国有企业,信息技术,硬件设备,信息技术--硬件设备--电子设备、仪器和元件--电子设备和仪器,2020,,,,,,,,,,88701682384.0,,0.155372267,13385526714.0,396254772.6,target_year,,,,,,,,,,SOE_target,0.186188,0.271241,25.04551593,0.047163914,0.145048886,0.824543671,0.537508164,0.085230157,0.396575563,2.722115508,0.025574974,True,H_nonSOE,0.10954957387599382,0.155372267,-0.04582269312400619,-4064549971.465098,0.0,1,0,,
002415.SZ,海康威视,CSI,中央国有企业,信息技术,硬件设备,信息技术--硬件设备--电子设备、仪器和元件--电子设备和仪器,2021,,,,,,,,,,103865000000.0,,0.160469273,16800411032.0,-133343257.8,target_year,,,,,,,,,,SOE_target,0.191812,0.286561,25.20854469,0.045166439,0.129289002,0.769076065,0.490836144,0.082312337,0.385809356,2.394335055,0.022588391,True,H_nonSOE,0.11236780527948206,0.160469273,-0.04810146772051793,-4996058944.791595,0.0,0,1,HHI_lag,
002415.SZ,海康威视,CSI,中央国有企业,信息技术,硬件设备,信息技术--硬件设备--电子设备、仪器和元件--电子设备和仪器,2022,,,,,,,,,,119233000000.0,,0.099359342,12837342061.0,-990401533.3,target_year,,,,,,,,,,SOE_target,0.13317,0.194726,25.36635342,0.045900932,0.108896372,0.839805353,0.507657056,0.086833548,0.370385309,2.583807297,0.029830304,True,H_nonSOE,0.11918261754629703,0.099359342,0.019823275546297023,2363588613.2116327,2363588613.2116327,0,1,HHI_lag,
002415.SZ,海康威视,CSI,中央国有企业,信息技术,硬件设备,信息技术--硬件设备--电子设备、仪器和元件--电子设备和仪器,2023,,,,,,,,,,138848007548.55,,0.096205,14107621359.66,-749780213.12,target_year,,,,,,,,,,SOE_target,0.124759,0.19493300000000002,25.504348,0.043681,0.117158,0.740343,0.532996,0.103248,0.388005,2.849789,0.031499,True,H_nonSOE,0.10907720148295655,0.096205,0.01287220148295655,1787279528.6720073,1787279528.6720073,0,1,HHI_lag,
002415.SZ,海康威视,CSI,中央国有企业,信息技术,硬件设备,信息技术--硬件设备--电子设备、仪器和元件--电子设备和仪器,2024,,,,,,,,,,132016200156.14,,0.089856,11977327023.54,-114817493.16,target_year,,,,,,,,,,SOE_target,0.105061,0.152555,25.656646,0.046315,0.108206,0.686878,0.495065,0.113908,0.408248,2.54774,0.029153,True,H_nonSOE,0.10540140596351957,0.089856,0.015545405963519568,2052245425.1884518,2052245425.1884518,0,1,HHI_lag,
002415.SZ,海康威视,CSI,中央国有企业,信息技术,硬件设备,信息技术--硬件设备--电子设备、仪器和元件--电子设备和仪器,2025,,,,,,,,,,138049655334.62,,0.09902,14195371894.42,-525631319.14,target_year,,,,,,,,,,SOE_target,0.122102,0.173097,25.60619,0.040657,0.114376,0.677854,0.491118,0.149703,0.3372,2.722287,0.035342,True,H_nonSOE,0.11568667270885001,0.09902,0.016666672708850014,2300828423.031662,2300828423.031662,0,1,HHI_lag,
002916.SZ,深南电路,CSI,中央国有企业,信息技术,硬件设备,信息技术--硬件设备--电子设备、仪器和元件--电子元件,2019,,,,,,,,,,12219367752.0,,0.106777221,1232775470.0,71974663.41,target_year,,,,,,,,,,SOE_target,0.141637,0.282642,22.86631694,0.006511296,0.161142974,0.943171377,0.08392133,0.44465338,0.563211503,1.206723487,0.138914307,True,H_nonSOE,0.06464036683350137,0.106777221,-0.042136854166498636,-514885716.97284025,0.0,1,0,,
002916.SZ,深南电路,CSI,中央国有企业,信息技术,硬件设备,信息技术--硬件设备--电子设备、仪器和元件--电子元件,2020,,,,,,,,,,14007819588.0,,0.112944465,1430111325.0,151994362.1,target_year,,,,,,,,,,SOE_target,0.12245900000000001,0.229887,23.22628805,0.008620163,0.145048886,1.008631414,0.106987996,0.445034903,0.59057465,1.279956481,0.178626968,True,H_nonSOE,0.06422209497391085,0.112944465,-0.048722370026089146,-682494169.2252356,0.0,1,0,,
002916.SZ,深南电路,CSI,中央国有企业,信息技术,硬件设备,信息技术--硬件设备--电子设备、仪器和元件--电子元件,2021,,,,,,,,,,16792291128.0,,0.093566268,1480637000.0,90555003.5,target_year,,,,,,,,,,SOE_target,0.110082,0.18556699999999998,23.36288155,0.008259297,0.129289002,0.879724453,0.072009507,0.526130613,0.468558656,1.204513334,0.17747026,True,H_nonSOE,0.08226478305365618,0.093566268,-0.01130148494634381,-189777825.3977147,0.0,0,1,HHI_lag,
002916.SZ,深南电路,CSI,中央国有企业,信息技术,硬件设备,信息技术--硬件设备--电子设备、仪器和元件--电子元件,2022,,,,,,,,,,20726545629.0,,0.0835519,1639730778.0,92011499.06,target_year,,,,,,,,,,SOE_target,0.095471,0.157922,23.54418576,0.007865785,0.108896372,0.899760732,0.078770102,0.501596784,0.492620274,1.222400459,0.15830631,True,H_nonSOE,0.08484227847873474,0.0835519,0.001290378478734741,26745088.418175217,26745088.418175217,0,1,HHI_lag,
002916.SZ,深南电路,CSI,中央国有企业,信息技术,硬件设备,信息技术--硬件设备--电子设备、仪器和元件--电子元件,2023,,,,,,,,,,22606867760.88,,0.063229,1398114737.36,31298099.48,target_year,,,,,,,,,,SOE_target,0.064536,0.109944,23.754681,0.007355,0.117158,0.741247,0.090198,0.514089,0.408832,1.278677,0.162967,True,H_nonSOE,0.09088616146847309,0.063229,0.027657161468473093,625241791.959077,625241791.959077,0,1,HHI_lag,
002916.SZ,深南电路,CSI,中央国有企业,信息技术,硬件设备,信息技术--硬件设备--电子设备、仪器和元件--电子元件,2024,,,,,,,,,,25302247864.46,,0.076054,1877565481.01,46765939.29,target_year,,,,,,,,,,SOE_target,0.084467,0.135073,23.84152,0.007014,0.108206,0.619557,0.096065,0.565125,0.416686,1.338012,0.143748,True,H_nonSOE,0.08617671260671196,0.076054,0.010122712606711964,256127383.43572012,256127383.43572012,0,1,HHI_lag,
002916.SZ,深南电路,CSI,中央国有企业,信息技术,硬件设备,信息技术--硬件设备--电子设备、仪器和元件--电子元件,2025,,,,,,,,,,30582928717.03,,0.108703,3275738151.27,48731905.76,target_year,,,,,,,,,,SOE_target,0.131432,0.20623899999999998,23.954159,0.007873,0.114376,0.742132,0.132985,0.524988,0.421162,1.449279,0.099851,True,H_nonSOE,0.10250736187155567,0.108703,-0.006195638128444328,-189480759.23872602,0.0,0,1,HHI_lag,
003816.SZ,中国广核,CSI,中央国有企业,公用事业,公用事业Ⅱ,公用事业--公用事业Ⅱ--电力--独立电力生产商与能源贸易商,2019,,,,,,,,,,387975000000.0,,0.045009464,9465700356.0,7996857032.0,target_year,,,,,,,,,,SOE_target,0.06401,0.117647,26.63285761,0.085571585,0.148389593,0.139621345,-0.014209997,0.774577497,0.693056818,0.913613736,0.045123692,True,H_nonSOE,0.06422248429556501,0.045009464,0.019213020295565014,7454171549.171837,7454171549.171837,0,2,"FirmSize_lag, FixedAssetsRatio_lag",
003816.SZ,中国广核,CSI,中央国有企业,公用事业,公用事业Ⅱ,公用事业--公用事业Ⅱ--电力--独立电力生产商与能源贸易商,2020,,,,,,,,,,391898000000.0,,0.044930235,9562307621.0,8045778572.0,target_year,,,,,,,,,,SOE_target,0.06333899999999999,0.103334,26.68420735,0.090254192,0.143602423,0.160932424,-0.013131035,0.763438583,0.651282207,0.92398275,0.04034608,True,H_nonSOE,0.07283537308351894,0.044930235,0.027905138083518938,10935967804.654905,10935967804.654905,0,2,"FirmSize_lag, FixedAssetsRatio_lag",
003816.SZ,中国广核,CSI,中央国有企业,公用事业,公用事业Ⅱ,公用事业--公用事业Ⅱ--电力--独立电力生产商与能源贸易商,2021,,,,,,,,,,399993000000.0,,0.04216241,9732589251.0,7132079812.0,target_year,,,,,,,,,,SOE_target,0.063404,0.099219,26.69426839,0.092811085,0.126082379,0.181015769,-0.035490015,0.754839381,0.638603741,0.819728027,0.034455814,True,H_nonSOE,0.07747487530869528,0.04216241,0.03531246530869528,14124738936.220951,14124738936.220951,0,3,"FirmSize_lag, FixedAssetsRatio_lag, HHI_lag",
003816.SZ,中国广核,CSI,中央国有企业,公用事业,公用事业Ⅱ,公用事业--公用事业Ⅱ--电力--独立电力生产商与能源贸易商,2022,,,,,,,,,,409016000000.0,,0.040171345,9964854412.0,6465851165.0,target_year,,,,,,,,,,SOE_target,0.061731,0.095844,26.7147129,0.08643896,0.130392082,0.203762149,-0.023385318,0.743371583,0.622717326,0.879022892,0.036102671,True,H_nonSOE,0.08087428891370864,0.040171345,0.04070294391370864,16648155307.809454,16648155307.809454,0,3,"FirmSize_lag, FixedAssetsRatio_lag, HHI_lag",
003816.SZ,中国广核,CSI,中央国有企业,公用事业,公用事业Ⅱ,公用事业--公用事业Ⅱ--电力--独立电力生产商与能源贸易商,2023,,,,,,,,,,415250356776.35,,0.039698,10724570116.68,5759954182.21,target_year,,,,,,,,,,SOE_target,0.063124,0.097379,26.737019,0.075777,0.129341,0.20475,-0.013759,0.736067,0.613878,0.926082,0.028947,True,H_nonSOE,0.08320834016443915,0.039698,0.04351034016443915,18067684276.743706,18067684276.743706,0,3,"FirmSize_lag, FixedAssetsRatio_lag, HHI_lag",
003816.SZ,中国广核,CSI,中央国有企业,公用事业,公用事业Ⅱ,公用事业--公用事业Ⅱ--电力--独立电力生产商与能源贸易商,2024,,,,,,,,,,425400654520.48,,0.038407,10813873224.82,5524691866.4,target_year,,,,,,,,,,SOE_target,0.063887,0.09295199999999999,26.752147,0.071651,0.121904,0.200296,-0.011078,0.729698,0.601917,0.940557,0.034307,True,H_nonSOE,0.08379692425904248,0.038407,0.04538992425904248,19308903488.431683,19308903488.431683,0,3,"FirmSize_lag, FixedAssetsRatio_lag, HHI_lag",
003816.SZ,中国广核,CSI,中央国有企业,公用事业,公用事业Ⅱ,公用事业--公用事业Ⅱ--电力--独立电力生产商与能源贸易商,2025,,,,,,,,,,505656118063.91,,0.028808,9765358959.88,4801744225.58,target_year,,,,,,,,,,SOE_target,0.049821,0.080496,26.776297,0.075761,0.118327,0.206517,-0.018778,0.721087,0.594932,0.904312,0.04623,True,H_nonSOE,0.08350546797322891,0.028808,0.054697467973228914,27658109323.267975,27658109323.267975,0,3,"FirmSize_lag, FixedAssetsRatio_lag, HHI_lag",
300413.SZ,芒果超媒,CSI,地方国有企业,通讯服务,传媒,通讯服务--传媒--娱乐--电影和娱乐,2019,,,,,,,,,,17078206150.0,,0.068641107,1156285254.0,15981713.9,target_year,,,,,,,,,,SOE_target,0.077256,0.160336,23.21741108,0.332789181,0.370261017,1.329485085,0.205253854,0.017091947,0.531493876,1.402285603,0.002639844,True,H_nonSOE,0.1003947094160176,0.068641107,0.03175360241601759,542294568.0658864,542294568.0658864,1,0,,
300413.SZ,芒果超媒,CSI,地方国有企业,通讯服务,传媒,通讯服务--传媒--娱乐--电影和娱乐,2020,,,,,,,,,,19265699803.0,,0.103587808,1982159477.0,13532130.1,target_year,,,,,,,,,,SOE_target,0.103658,0.20464300000000002,23.56106899,0.4032528,0.333824483,0.849908238,0.222062882,0.010575241,0.483554812,1.477902145,0.009132519,True,H_nonSOE,0.08099055401772018,0.103587808,-0.022597253982279825,-435351911.5947494,0.0,1,0,,
300413.SZ,芒果超媒,CSI,地方国有企业,通讯服务,传媒,通讯服务--传媒--娱乐--电影和娱乐,2021,,,,,,,,,,26110751405.0,,0.077090077,2114090172.0,-101210337.2,target_year,,,,,,,,,,SOE_target,0.09319699999999999,0.153449,23.68159214,0.467603506,0.39041121,0.769513174,0.225144904,0.00970244,0.448697875,1.50511888,0.003631273,True,H_nonSOE,0.08353710498731338,0.077090077,0.006447027987313378,168336745.0778171,168336745.0778171,1,0,,
300413.SZ,芒果超媒,CSI,地方国有企业,通讯服务,传媒,通讯服务--传媒--娱乐--电影和娱乐,2022,,,,,,,,,,29049673557.0,,0.05829542,1824925936.0,-131463023.7,target_year,,,,,,,,,,SOE_target,0.064042,0.101902,23.985613,0.424702545,0.366576045,0.675635515,0.383604379,0.007064153,0.349035806,2.127365039,0.007414667,True,H_nonSOE,0.09561133965626419,0.05829542,0.037315919656264185,1084015284.4937143,1084015284.4937143,1,0,,
300413.SZ,芒果超媒,CSI,地方国有企业,通讯服务,传媒,通讯服务--传媒--娱乐--电影和娱乐,2023,,,,,,,,,,31422386654.49,,0.108459,3555705558.9,-147667394.09,target_year,,,,,,,,,,SOE_target,0.061204,0.176273,24.092273,0.480307,0.365677,0.493612,0.391559,0.005689,0.352615,2.130679,0.006457,True,H_nonSOE,0.0852518592719129,0.108459,-0.023207140728087106,-729223749.1031157,0.0,1,0,,
300413.SZ,芒果超媒,CSI,地方国有企业,通讯服务,传媒,通讯服务--传媒--娱乐--电影和娱乐,2024,,,,,,,,,,32530165142.43,,0.036125,1364348174.2,-189180203.0,target_year,,,,,,,,,,SOE_target,0.049221,0.062042,24.170786,0.444981,0.35057,0.480483,0.3518,0.004532,0.320114,2.12108,0.004782,True,H_nonSOE,0.09016670637218685,0.036125,0.05404170637218685,1757985632.8659499,1757985632.8659499,1,0,,
300413.SZ,芒果超媒,CSI,地方国有企业,通讯服务,传媒,通讯服务--传媒--娱乐--电影和娱乐,2025,,,,,,,,,,33171867484.43,,0.036738,1227146306.33,-8478642.08,target_year,,,,,,,,,,SOE_target,0.027166000000000003,0.053520000000000005,24.205434,0.421076,0.338999,0.438059,0.248058,0.004037,0.307417,1.823166,0.005059,True,H_nonSOE,0.09001826138486696,0.036738,0.05328026138486696,1767405770.1945996,1767405770.1945996,1,0,,
301269.SZ,华大九天,CSI,中央国有企业,信息技术,软件服务,信息技术--软件服务--软件--应用软件,2019,,,,,,,,,,690535054.8,,0.082216111,57157732.35,-384625.72,target_year,,,,,,,,,,SOE_target,0.094655,,20.06388712,0.003029881,0.165297342,,0.640156447,0.020557283,0.185418018,4.669399695,0.14372221,True,H_nonSOE,-0.06465706338582734,0.082216111,-0.14687317438582734,-101421075.52316722,0.0,1,0,,
301269.SZ,华大九天,CSI,中央国有企业,信息技术,软件服务,信息技术--软件服务--软件--应用软件,2020,,,,,,,,,,1340618263.0,,0.076569311,103558656.1,-908439.35,target_year,,,,,,,,,,SOE_target,0.10196999999999999,0.153531,20.3529773,0.004452496,0.156571733,0.420432719,0.475532197,0.109044942,0.287859574,2.845732996,0.046978305,True,H_nonSOE,-0.054707477735819715,0.076569311,-0.13127678873581972,-175992060.4872326,0.0,1,0,,
301269.SZ,华大九天,CSI,中央国有企业,信息技术,软件服务,信息技术--软件服务--软件--应用软件,2021,,,,,,,,,,1801574166.0,,0.077496324,139305915.6,309460.2,target_year,,,,,,,,,,SOE_target,0.088668,0.150455,21.01639674,0.006199286,0.151169635,0.403277081,0.390839565,0.168835429,0.360539946,3.144446132,0.272559931,True,H_nonSOE,-0.079161134571653,0.077496324,-0.156657458571653,-282230030.27390534,0.0,1,0,,
301269.SZ,华大九天,CSI,中央国有企业,信息技术,软件服务,信息技术--软件服务--软件--应用软件,2022,,,,,,,,,,5395667291.0,,0.02931664,185508367.6,-27325534.6,target_year,,,,,,,,,,SOE_target,0.051550000000000006,0.065706,21.31192666,0.007100149,0.153055264,0.363368354,0.283224088,0.263035157,0.447970087,2.472137664,0.209888857,True,H_nonSOE,-0.08008115205071181,0.02931664,-0.10939779205071182,-590274088.2756456,0.0,1,0,,
301269.SZ,华大九天,CSI,中央国有企业,信息技术,软件服务,信息技术--软件服务--软件--应用软件,2023,,,,,,,,,,5535537490.15,,0.025511,200722810.92,-59506122.71,target_year,,,,,,,,,,SOE_target,0.036657,0.042546999999999995,22.408862,0.00896,0.14694,0.218057,0.684761,0.099677,0.13781,9.389767,0.07788,True,H_nonSOE,-0.057447689853554626,0.025511,-0.08295868985355462,-459220937.818078,0.0,1,0,,
301269.SZ,华大九天,CSI,中央国有企业,信息技术,软件服务,信息技术--软件服务--软件--应用软件,2024,,,,,,,,,,5628841870.04,,0.00873,109478790.34,-60339408.44,target_year,,,,,,,,,,SOE_target,0.009101,0.022371,22.434455,0.011111,0.139728,0.182471,0.555102,0.101333,0.135884,7.250245,0.020717,True,H_nonSOE,-0.045963514901386324,0.00873,-0.054693514901386325,-307861146.69658,0.0,1,0,,
301269.SZ,华大九天,CSI,中央国有企业,信息技术,软件服务,信息技术--软件服务--软件--应用软件,2025,,,,,,,,,,6327842567.91,,0.002881,60983525.27,-42752826.3,target_year,,,,,,,,,,SOE_target,0.003333,0.011892,22.45117,0.011267,0.169431,0.215974,0.534887,0.095337,0.110967,7.747215,0.014054,True,H_nonSOE,-0.04651564247482945,0.002881,-0.04939664247482945,-312574176.96405697,0.0,1,0,,
302132.SZ,中航成飞,CSI,中央国有企业,工业,国防军工,工业--国防军工--航空航天与国防Ⅲ--航空航天,2019,,,,,,,,,,2488073274.0,,0.085373876,212416459.5,0.0,target_year,,,,,,,,,,SOE_target,0.10238699999999999,0.138862,21.44747873,0.015943973,0.285442207,0.641176276,0.39772466,0.226683045,0.267876613,2.581204273,0.020522082,True,H_nonSOE,0.03901434119823741,0.085373876,-0.046359534801762595,-115345919.5353384,0.0,1,0,,
302132.SZ,中航成飞,CSI,中央国有企业,工业,国防军工,工业--国防军工--航空航天与国防Ⅲ--航空航天,2020,,,,,,,,,,2933073285.0,,0.085369507,262505398.2,-12110378.84,target_year,,,,,,,,,,SOE_target,0.11345599999999999,0.149552,21.63477446,0.016380091,0.279462147,0.672514606,0.383429525,0.190144896,0.330304191,2.213912023,0.018979576,True,H_nonSOE,0.035131579169219246,0.085369507,-0.05023792783078075,-147351524.014221,0.0,1,0,,
302132.SZ,中航成飞,CSI,中央国有企业,工业,国防军工,工业--国防军工--航空航天与国防Ⅲ--航空航天,2021,,,,,,,,,,3299177131.0,,0.093446643,307007852.7,1289174.33,target_year,,,,,,,,,,SOE_target,0.109764,0.15221500000000002,21.79931661,0.017393366,0.273615357,0.643864279,0.380180108,0.15930884,0.326786323,2.195231823,0.054289079,True,H_nonSOE,0.028666414685753438,0.093446643,-0.06478022831424655,-213721447.79532093,0.0,1,0,,
302132.SZ,中航成飞,CSI,中央国有企业,工业,国防军工,工业--国防军工--航空航天与国防Ⅲ--航空航天,2022,,,,,,,,,,3653386274.0,,0.053896446,192869415.8,4035120.0,target_year,,,,,,,,,,SOE_target,0.061519000000000004,0.087141,21.91693892,0.017013231,0.271325141,0.618467046,0.331618995,0.194091611,0.333050818,2.025433447,0.079859872,True,H_nonSOE,0.026694321018261698,0.053896446,-0.027202124981738303,-99379870.03191522,0.0,1,0,,
302132.SZ,中航成飞,CSI,中央国有企业,工业,国防军工,工业--国防军工--航空航天与国防Ⅲ--航空航天,2023,,,,,,,,,,3974910728.94,,0.023927,98167133.37,-3060194.8,target_year,,,,,,,,,,SOE_target,0.024353,0.041905,22.01892,0.014535,0.272876,0.542331,0.285757,0.253218,0.359161,1.879366,0.060375,True,H_nonSOE,0.027015851887324187,0.023927,0.0030888518873241864,12277910.507031476,12277910.507031476,1,0,,
302132.SZ,中航成飞,CSI,中央国有企业,工业,国防军工,工业--国防军工--航空航天与国防Ⅲ--航空航天,2024,,,,,,,,,,4240904107.27,,0.028572,112308792.39,8862120.9,target_year,,,,,,,,,,SOE_target,0.030506000000000002,0.045963000000000004,22.103268,0.01023,0.247277,0.433118,0.301447,0.267885,0.389709,2.05273,0.060168,True,H_nonSOE,0.016566492711929125,0.028572,-0.012005507288070875,-50914205.16783969,0.0,1,0,,
302132.SZ,中航成飞,CSI,中央国有企业,工业,国防军工,工业--国防军工--航空航天与国防Ⅲ--航空航天,2025,,,,,,,,,,114547703019.42,,0.030012,3432289851.96,5548186.19,target_year,,,,,,,,,,SOE_target,0.069925,0.289526,22.168042,0.010955,0.253215,0.427063,0.310679,0.281781,0.400591,2.116237,0.032194,True,H_nonSOE,0.020791145958780188,0.030012,-0.009220854041219813,-1056227650.2990658,0.0,1,0,,
600009.SH,上海机场,CSI,地方国有企业,工业,交通运输,工业--交通运输--交通基础设施--机场服务,2019,,,,,,,,,,37171229056.0,,0.135325363,5030210053.0,0.0,target_year,,,,,,,,,,SOE_target,0.18968,0.16697700000000001,24.15495134,0.010667317,0.111099702,0.317768449,0.26997457,0.538896291,0.074177692,4.651502557,0.115411128,True,H_nonSOE,0.015455514733675152,0.135325363,-0.11986984826632485,-4455709586.815526,0.0,0,1,HHI_lag,
600009.SH,上海机场,CSI,地方国有企业,工业,交通运输,工业--交通运输--交通基础设施--机场服务,2020,,,,,,,,,,33202181016.0,,-0.046464322,-1266651388.0,-276065448.4,target_year,,,,,,,,,,SOE_target,-0.043074,-0.04138,24.33880089,0.01129868,0.108646931,0.321133894,0.208572246,0.544341853,0.127020399,2.644322879,0.061933017,True,H_nonSOE,0.04414280315909477,-0.046464322,0.09060712515909478,3008354170.8716326,3008354170.8716326,0,1,HHI_lag,
600009.SH,上海机场,CSI,地方国有企业,工业,交通运输,工业--交通运输--交通基础设施--机场服务,2021,,,,,,,,,,51426088634.0,,-0.024815916,-1710938710.0,434753220.5,target_year,,,,,,,,,,SOE_target,-0.053886,-0.060328999999999994,24.2258814,0.005403886,0.123286456,0.122176142,0.186864173,0.587093421,0.109730278,2.713927985,0.039917988,True,H_nonSOE,0.03208321382297233,-0.024815916,0.05689912982297233,2926099693.4736476,2926099693.4736476,0,1,HHI_lag,
600009.SH,上海机场,CSI,地方国有企业,工业,交通运输,工业--交通运输--交通基础设施--机场服务,2022,,,,,,,,,,67775098796.0,,-0.037307282,-2994949875.0,466445182.7,target_year,,,,,,,,,,SOE_target,-0.064178,-0.089252,24.66341144,0.003380414,0.15352339,0.087950406,0.070495039,0.374915455,0.461247466,1.455015779,0.029224342,True,H_nonSOE,-0.012522834133438646,-0.037307282,0.02478444786656135,1679768402.760507,1679768402.760507,1,0,,
600009.SH,上海机场,CSI,地方国有企业,工业,交通运输,工业--交通运输--交通基础设施--机场服务,2023,,,,,,,,,,69480530979.72,,0.019528,934049713.44,422770066.22,target_year,,,,,,,,,,SOE_target,0.020225,0.023308,24.939461,0.004577,0.180808,0.090186,0.110696,0.392449,0.399433,1.849756,0.018317,True,H_nonSOE,0.0021843902608434385,0.019528,-0.017343609739156562,-1205043213.781641,0.0,1,0,,
600009.SH,上海机场,CSI,地方国有企业,工业,交通运输,工业--交通运输--交通基础设施--机场服务,2024,,,,,,,,,,70046212107.27,,0.03427,1933948719.51,466522580.65,target_year,,,,,,,,,,SOE_target,0.045598,0.047057,24.964312,0.008884,0.114556,0.157351,0.116209,0.374799,0.395132,1.836529,0.017904,True,H_nonSOE,0.004142224376608231,0.03427,-0.03012777562339177,-2110336561.6363387,0.0,0,1,HHI_lag,
600009.SH,上海机场,CSI,地方国有企业,工业,交通运输,工业--交通运输--交通基础设施--机场服务,2025,,,,,,,,,,71678547661.74,,0.035391,2116775136.25,419999345.8,target_year,,,,,,,,,,SOE_target,0.048545,0.050284,24.972421,0.008704,0.116886,0.173305,0.148691,0.359696,0.378552,2.103956,0.027949,True,H_nonSOE,0.0035426049004498444,0.035391,-0.031848395099550154,-2282846706.0930324,0.0,0,1,HHI_lag,
600010.SH,包钢股份,CSI,地方国有企业,材料,钢铁Ⅱ,材料--钢铁Ⅱ--钢铁Ⅲ--钢铁Ⅳ,2019,,,,,,,,,,147087000000.0,,0.020683039,667930745.0,2374267551.0,target_year,,,,,,,,,,SOE_target,0.024859,0.012701,25.72587357,0.174587004,0.659924097,0.451986254,-0.235444349,0.471268423,0.646037382,0.561392251,0.016541917,True,H_nonSOE,0.08852687498337854,0.020683039,0.06784383598337854,9978946303.287199,9978946303.287199,1,0,,
600010.SH,包钢股份,CSI,地方国有企业,材料,钢铁Ⅱ,材料--钢铁Ⅱ--钢铁Ⅲ--钢铁Ⅳ,2020,,,,,,,,,,144222000000.0,,0.02008244,405957990.0,2490377141.0,target_year,,,,,,,,,,SOE_target,0.021772,0.007696,25.71428751,0.147407036,0.517023931,0.423508272,-0.181707264,0.468132667,0.585405843,0.607224895,0.013326807,True,H_nonSOE,0.0977532049211312,0.02008244,0.0776707649211312,11201833058.455385,11201833058.455385,1,0,,
600010.SH,包钢股份,CSI,地方国有企业,材料,钢铁Ⅱ,材料--钢铁Ⅱ--钢铁Ⅲ--钢铁Ⅳ,2021,,,,,,,,,,147968000000.0,,0.033773765,2866448328.0,2130985927.0,target_year,,,,,,,,,,SOE_target,0.039842,0.053052999999999996,25.69462152,0.141260049,0.51422962,0.402798272,-0.126304511,0.463882778,0.57276154,0.682397053,0.007599126,True,H_nonSOE,0.09966342267884655,0.033773765,0.06588965767884655,9749560867.423567,9749560867.423567,1,0,,
600010.SH,包钢股份,CSI,地方国有企业,材料,钢铁Ⅱ,材料--钢铁Ⅱ--钢铁Ⅲ--钢铁Ⅳ,2022,,,,,,,,,,146722000000.0,,0.008217907,-729956771.6,1935705241.0,target_year,,,,,,,,,,SOE_target,0.004838,-0.013555999999999999,25.72026144,0.15636373,0.499605416,0.583180909,-0.168313007,0.406013773,0.566103529,0.625593506,0.00641977,True,H_nonSOE,0.10811745638343485,0.008217907,0.09989954938343486,14657461684.63633,14657461684.63633,1,0,,
600010.SH,包钢股份,CSI,地方国有企业,材料,钢铁Ⅱ,材料--钢铁Ⅱ--钢铁Ⅲ--钢铁Ⅳ,2023,,,,,,,,,,151775636822.69,,0.016546,515270562.53,1995948456.05,target_year,,,,,,,,,,SOE_target,0.016189,0.009885,25.711806,0.13229,0.520062,0.480279,-0.201207,0.42375,0.581556,0.564601,0.00666,True,H_nonSOE,0.09967223568345593,0.016546,0.08312623568345592,12616537357.529541,12616537357.529541,1,0,,
600010.SH,包钢股份,CSI,地方国有企业,材料,钢铁Ⅱ,材料--钢铁Ⅱ--钢铁Ⅲ--钢铁Ⅳ,2024,,,,,,,,,,155125400366.74,,0.015523,264629175.96,2143386028.83,target_year,,,,,,,,,,SOE_target,0.014527000000000002,0.005102,25.745669,0.131409,0.490176,0.462663,-0.205062,0.44482,0.595039,0.556477,0.011571,True,H_nonSOE,0.09728111967724883,0.015523,0.08175811967724883,12682761048.165068,12682761048.165068,1,0,,
600010.SH,包钢股份,CSI,地方国有企业,材料,钢铁Ⅱ,材料--钢铁Ⅱ--钢铁Ⅲ--钢铁Ⅳ,2025,,,,,,,,,,151673460592.94,,0.014627,373622495.09,1844903595.26,target_year,,,,,,,,,,SOE_target,0.015224,0.007188,25.7675,0.13429,0.484294,0.434063,-0.192026,0.428071,0.604798,0.579791,0.011855,True,H_nonSOE,0.09279487240843269,0.014627,0.07816787240843269,11855991715.374378,11855991715.374378,1,0,,
600011.SH,华能国际,CSI,中央国有企业,公用事业,公用事业Ⅱ,公用事业--公用事业Ⅱ--电力--电力公用事业,2019,,,,,,,,,,428250000000.0,,0.026921334,766345000.0,10762718000.0,target_year,,,,,,,,,,SOE_target,0.032111,0.007541,26.76329031,0.285447759,0.148389593,0.415314426,-0.181963664,0.671729097,0.72345617,0.447151161,0.04931611,True,H_nonSOE,0.07803074384430421,0.026921334,0.051109409844304204,21887604765.823277,21887604765.823277,0,2,"FirmSize_lag, FixedAssetsRatio_lag",
600011.SH,华能国际,CSI,中央国有企业,公用事业,公用事业Ⅱ,公用事业--公用事业Ⅱ--电力--电力公用事业,2020,,,,,,,,,,449905000000.0,,0.02573537,2377851000.0,9200612000.0,target_year,,,,,,,,,,SOE_target,0.03116,0.019927999999999998,26.78297312,0.257988212,0.143602423,0.410325317,-0.188765901,0.666953567,0.695553936,0.42918532,0.07328115,True,H_nonSOE,0.07772161287178785,0.02573537,0.051986242871787845,23388870599.231712,23388870599.231712,0,2,"FirmSize_lag, FixedAssetsRatio_lag",
600011.SH,华能国际,CSI,中央国有企业,公用事业,公用事业Ⅱ,公用事业--公用事业Ⅱ--电力--电力公用事业,2021,,,,,,,,,,500771000000.0,,-0.003670327,-10636194000.0,8798200000.0,target_year,,,,,,,,,,SOE_target,-0.013907000000000001,-0.08757899999999999,26.83230153,0.222803186,0.126082379,0.385914541,-0.195397977,0.66718834,0.663003716,0.429331065,0.094593931,True,H_nonSOE,0.07723549248457023,-0.003670327,0.08090581948457023,40515288129.10772,40515288129.10772,0,3,"FirmSize_lag, FixedAssetsRatio_lag, HHI_lag",
600011.SH,华能国际,CSI,中央国有企业,公用事业,公用事业Ⅱ,公用事业--公用事业Ⅱ--电力--电力公用事业,2022,,,,,,,,,,512222000000.0,,0.003779402,-8026233000.0,9962125000.0,target_year,,,,,,,,,,SOE_target,-0.002352,-0.070186,26.93941519,0.21921326,0.130392082,0.430441304,-0.187565045,0.640191789,0.733295352,0.496094243,0.085978992,True,H_nonSOE,0.07083386385762802,0.003779402,0.06705446185762802,34346770561.63794,34346770561.63794,0,3,"FirmSize_lag, FixedAssetsRatio_lag, HHI_lag",
600011.SH,华能国际,CSI,中央国有企业,公用事业,公用事业Ⅱ,公用事业--公用事业Ⅱ--电力--电力公用事业,2023,,,,,,,,,,550316013000.0,,0.031428,8357460000.0,8938084000.0,target_year,,,,,,,,,,SOE_target,0.039355,0.065696,26.962024,0.225738,0.129341,0.48712,-0.165185,0.656213,0.735825,0.506159,0.079233,True,H_nonSOE,0.07578480003988826,0.031428,0.04435680003988826,24410257347.38955,24410257347.38955,0,3,"FirmSize_lag, FixedAssetsRatio_lag, HHI_lag",
600011.SH,华能国际,CSI,中央国有企业,公用事业,公用事业Ⅱ,公用事业--公用事业Ⅱ--电力--电力公用事业,2024,,,,,,,,,,595576880000.0,,0.030174,10184633000.0,7786460000.0,target_year,,,,,,,,,,SOE_target,0.043636999999999995,0.072089,27.033759,0.220813,0.121904,0.478847,-0.133115,0.669935,0.674088,0.55332,0.106634,True,H_nonSOE,0.08067095287372147,0.030174,0.050496952873721475,30074817642.03807,30074817642.03807,0,3,"FirmSize_lag, FixedAssetsRatio_lag, HHI_lag",
600011.SH,华能国际,CSI,中央国有企业,公用事业,公用事业Ⅱ,公用事业--公用事业Ⅱ--电力--电力公用事业,2025,,,,,,,,,,619678043000.0,,0.034876,14536770000.0,7075104000.0,target_year,,,,,,,,,,SOE_target,0.04979,0.09944900000000001,27.112796,0.214312,0.118327,0.428576,-0.138418,0.676548,0.646428,0.538775,0.103737,True,H_nonSOE,0.08207711517558508,0.034876,0.04720111517558508,29249494679.424164,29249494679.424164,0,3,"FirmSize_lag, FixedAssetsRatio_lag, HHI_lag",
600018.SH,上港集团,CSI,地方国有企业,工业,交通运输,工业--交通运输--交通基础设施--海港与服务,2019,,,,,,,,,,142177000000.0,,0.071946458,9062278384.0,1166874402.0,target_year,,,,,,,,,,SOE_target,0.088708,0.115,25.69562474,0.043247584,0.111099702,0.263775755,0.111980011,0.224977432,0.429576738,1.510355431,0.009939284,True,H_nonSOE,0.005285533642493831,0.071946458,-0.06666092435750617,-9477650242.377155,0.0,0,1,HHI_lag,
600018.SH,上港集团,CSI,地方国有企业,工业,交通运输,工业--交通运输--交通基础设施--海港与服务,2020,,,,,,,,,,155925000000.0,,0.058674426,8307143208.0,841651919.0,target_year,,,,,,,,,,SOE_target,0.07094400000000001,0.097976,25.68034068,0.036949366,0.108646931,0.249586126,0.148127441,0.226792005,0.361439131,2.088994379,0.018116082,True,H_nonSOE,0.009319346652006122,0.058674426,-0.04935507934799388,-7695690747.335946,0.0,0,1,HHI_lag,
600018.SH,上港集团,CSI,地方国有企业,工业,交通运输,工业--交通运输--交通基础设施--海港与服务,2021,,,,,,,,,,170787000000.0,,0.091969319,14682049061.0,1025159017.0,target_year,,,,,,,,,,SOE_target,0.11466,0.156769,25.77263936,0.03221372,0.123286456,0.171935177,0.136270403,0.219397156,0.384449232,1.948323212,0.026470955,True,H_nonSOE,-0.00029776486710880734,0.091969319,-0.0922670838671088,-15758018452.411911,0.0,0,1,HHI_lag,
600018.SH,上港集团,CSI,地方国有企业,工业,交通运输,工业--交通运输--交通基础设施--海港与服务,2022,,,,,,,,,,181802000000.0,,0.100678041,17223915521.0,1079524113.0,target_year,,,,,,,,,,SOE_target,0.11762299999999999,0.162399,25.8636858,0.030346527,0.15352339,0.204515865,0.124531649,0.198931958,0.368773225,1.726333925,0.025329621,True,H_nonSOE,0.004654738428252134,0.100678041,-0.09602330257174786,-17457228454.148907,0.0,1,0,,
600018.SH,上港集团,CSI,地方国有企业,工业,交通运输,工业--交通运输--交通基础设施--海港与服务,2023,,,,,,,,,,203575515172.97,,0.068344,13203137528.87,710060052.85,target_year,,,,,,,,,,SOE_target,0.08431699999999999,0.112127,25.926182,0.03082,0.180808,0.205288,0.113647,0.204329,0.333521,1.798842,0.031603,True,H_nonSOE,0.008595323145012573,0.068344,-0.05974867685498743,-12163367671.657375,0.0,1,0,,
600018.SH,上港集团,CSI,地方国有企业,工业,交通运输,工业--交通运输--交通基础设施--海港与服务,2024,,,,,,,,,,212055541073.03,,0.0729,14954353821.25,504486954.24,target_year,,,,,,,,,,SOE_target,0.092489,0.11661099999999999,26.039303,0.030003,0.114556,0.18927,0.148418,0.217938,0.331028,2.323133,0.039309,True,H_nonSOE,0.003796488691148306,0.0729,-0.0691035113088517,-14653782480.644794,0.0,0,1,HHI_lag,
600018.SH,上港集团,CSI,地方国有企业,工业,交通运输,工业--交通运输--交通基础设施--海港与服务,2025,,,,,,,,,,221735642992.73,,0.064018,13564589175.03,630411404.37,target_year,,,,,,,,,,SOE_target,0.086867,0.09892200000000001,26.080114,0.026759,0.116886,0.178859,0.12108,0.214478,0.304858,2.113032,0.029471,True,H_nonSOE,0.009705225996681721,0.064018,-0.054312774003318284,-12043077866.34461,0.0,0,1,HHI_lag,
600019.SH,宝钢股份,CSI,中央国有企业,材料,钢铁Ⅱ,材料--钢铁Ⅱ--钢铁Ⅲ--钢铁Ⅳ,2019,,,,,,,,,,339633000000.0,,0.043755661,12423230252.0,2437636362.0,target_year,,,,,,,,,,SOE_target,0.050975,0.070026,26.537816,0.792700029,0.659924097,0.884642307,-0.039430299,0.472887343,0.435326289,0.900867436,0.038072477,True,H_nonSOE,0.14968684163273072,0.043755661,0.10593118063273071,35977724671.83623,35977724671.83623,1,0,,
600019.SH,宝钢股份,CSI,中央国有企业,材料,钢铁Ⅱ,材料--钢铁Ⅱ--钢铁Ⅲ--钢铁Ⅳ,2020,,,,,,,,,,356225000000.0,,0.039689294,12676775744.0,1461545060.0,target_year,,,,,,,,,,SOE_target,0.046049,0.069955,26.55113147,0.683043162,0.517023931,0.860518238,-0.005954304,0.459035729,0.436992531,0.98474751,0.051892104,True,H_nonSOE,0.1453478377921707,0.039689294,0.1056585437921707,37638214762.366005,37638214762.366005,0,1,FirmSize_lag,
600019.SH,宝钢股份,CSI,中央国有企业,材料,钢铁Ⅱ,材料--钢铁Ⅱ--钢铁Ⅲ--钢铁Ⅳ,2021,,,,,,,,,,380398000000.0,,0.066824544,23631996673.0,1787896717.0,target_year,,,,,,,,,,SOE_target,0.083376,0.12593500000000002,26.59882854,0.679927421,0.51422962,0.811640837,0.048629822,0.44341339,0.439279576,1.134195774,0.054945494,True,H_nonSOE,0.14019037448264343,0.066824544,0.07336583048264343,27908215183.936596,27908215183.936596,0,1,FirmSize_lag,
600019.SH,宝钢股份,CSI,中央国有企业,材料,钢铁Ⅱ,材料--钢铁Ⅱ--钢铁Ⅲ--钢铁Ⅳ,2022,,,,,,,,,,398249000000.0,,0.034483213,12186850692.0,1546049308.0,target_year,,,,,,,,,,SOE_target,0.038641999999999996,0.063217,26.66448276,0.666046227,0.499605416,0.985353956,0.031417823,0.420460315,0.446051724,1.086979158,0.062887585,True,H_nonSOE,0.14761383493691982,0.034483213,0.11313062193691982,45054157055.75638,45054157055.75638,0,1,FirmSize_lag,
600019.SH,宝钢股份,CSI,中央国有企业,材料,钢铁Ⅱ,材料--钢铁Ⅱ--钢铁Ⅲ--钢铁Ⅳ,2023,,,,,,,,,,376051483588.01,,0.034404,11944052177.22,993608758.07,target_year,,,,,,,,,,SOE_target,0.038966,0.060484,26.710343,0.684954,0.520062,0.941136,0.077592,0.406806,0.457936,1.214609,0.056304,True,H_nonSOE,0.1428673224138376,0.034404,0.1084633224138376,40787793308.60829,40787793308.60829,0,1,FirmSize_lag,
600019.SH,宝钢股份,CSI,中央国有企业,材料,钢铁Ⅱ,材料--钢铁Ⅱ--钢铁Ⅲ--钢铁Ⅳ,2024,,,,,,,,,,364873528314.28,,0.023675,7361925588.6,1276380176.69,target_year,,,,,,,,,,SOE_target,0.028655,0.036729,26.652992,0.653022,0.490176,0.886335,0.060295,0.436439,0.414607,1.198963,0.05592,True,H_nonSOE,0.14805823795810685,0.023675,0.12438323795810685,45384150896.92913,45384150896.92913,0,1,FirmSize_lag,
600019.SH,宝钢股份,CSI,中央国有企业,材料,钢铁Ⅱ,材料--钢铁Ⅱ--钢铁Ⅲ--钢铁Ⅳ,2025,,,,,,,,,,363020038344.87,,0.031204,10345621735.27,982227625.3,target_year,,,,,,,,,,SOE_target,0.038849999999999996,0.050873999999999996,26.622817,0.646787,0.484294,0.865952,0.062198,0.440586,0.396602,1.204451,0.052995,True,H_nonSOE,0.15031651756279604,0.031204,0.11911251756279605,43240230693.00022,43240230693.00022,0,1,FirmSize_lag,
600023.SH,浙能电力,CSI,地方国有企业,公用事业,公用事业Ⅱ,公用事业--公用事业Ⅱ--电力--电力公用事业,2019,,,,,,,,,,110970000000.0,,0.050534123,4293272329.0,1314488272.0,target_year,,,,,,,,,,SOE_target,0.06282,0.068494,25.42098188,0.094581215,0.148389593,0.504803137,0.064295709,0.496581631,0.369600083,1.42961057,0.0190636,True,H_nonSOE,0.13829822603068537,0.050534123,0.08776410303068537,9739182513.315155,9739182513.315155,1,0,,
600023.SH,浙能电力,CSI,地方国有企业,公用事业,公用事业Ⅱ,公用事业--公用事业Ⅱ--电力--电力公用事业,2020,,,,,,,,,,114512000000.0,,0.061668532,6086298670.0,975514753.9,target_year,,,,,,,,,,SOE_target,0.069368,0.092206,25.43252377,0.07992097,0.143602423,0.488571268,0.111892252,0.462811915,0.346698754,1.869567311,0.015793276,True,H_nonSOE,0.13594481097166286,0.061668532,0.07427627897166286,8505525257.603058,8505525257.603058,1,0,,
600023.SH,浙能电力,CSI,地方国有企业,公用事业,公用事业Ⅱ,公用事业--公用事业Ⅱ--电力--电力公用事业,2021,,,,,,,,,,115629000000.0,,0.000902358,-861139048.7,965477507.3,target_year,,,,,,,,,,SOE_target,-0.024626000000000002,-0.013076,25.46394921,0.067378873,0.126082379,0.454519211,0.114780798,0.432954564,0.333572726,1.787152941,0.027964981,True,H_nonSOE,0.13229656744913537,0.000902358,0.13139420944913538,15192981044.394075,15192981044.394075,0,1,HHI_lag,
600023.SH,浙能电力,CSI,地方国有企业,公用事业,公用事业Ⅱ,公用事业--公用事业Ⅱ--电力--电力公用事业,2022,,,,,,,,,,120921000000.0,,-0.004608855,-1828584556.0,1271279231.0,target_year,,,,,,,,,,SOE_target,-0.026208999999999996,-0.029239,25.47365009,0.075649559,0.130392082,0.613609027,0.03506961,0.416813536,0.379713517,1.175566727,0.040747512,True,H_nonSOE,0.13590589869015635,-0.004608855,0.14051475369015634,16991184530.967396,16991184530.967396,0,1,HHI_lag,
600023.SH,浙能电力,CSI,地方国有企业,公用事业,公用事业Ⅱ,公用事业--公用事业Ⅱ--电力--电力公用事业,2023,,,,,,,,,,147240775217.75,,0.05267,6519770719.89,1235423486.11,target_year,,,,,,,,,,SOE_target,0.06791900000000001,0.101326,25.5184,0.073071,0.129341,0.675243,0.026448,0.388835,0.441894,1.12047,0.046614,True,H_nonSOE,0.12757819235090417,0.05267,0.07490819235090418,11029540311.907463,11029540311.907463,0,1,HHI_lag,
600023.SH,浙能电力,CSI,地方国有企业,公用事业,公用事业Ⅱ,公用事业--公用事业Ⅱ--电力--电力公用事业,2024,,,,,,,,,,154085417032.43,,0.057312,7753383026.78,1077486855.79,target_year,,,,,,,,,,SOE_target,0.073738,0.110196,25.715335,0.082944,0.121904,0.712701,0.070542,0.360131,0.456895,1.324005,0.061328,True,H_nonSOE,0.12255935931279899,0.057312,0.06524735931279899,10053666569.977436,10053666569.977436,0,1,HHI_lag,
600023.SH,浙能电力,CSI,地方国有企业,公用事业,公用事业Ⅱ,公用事业--公用事业Ⅱ--电力--电力公用事业,2025,,,,,,,,,,156337713781.7,,0.054322,7528041660.9,964494281.96,target_year,,,,,,,,,,SOE_target,0.064713,0.100489,25.760773,0.076372,0.118327,0.580798,0.020493,0.379917,0.436542,1.089867,0.062822,True,H_nonSOE,0.11907203149736749,0.054322,0.0647500314973675,10122871891.5915,10122871891.5915,0,1,HHI_lag,
600025.SH,华能水电,CSI,中央国有企业,公用事业,公用事业Ⅱ,公用事业--公用事业Ⅱ--电力--新能源发电业者,2019,,,,,,,,,,167460000000.0,,0.059975261,5544565706.0,4498862232.0,target_year,,,,,,,,,,SOE_target,0.063759,0.11171900000000001,25.84940273,0.02561941,0.148389593,0.090486908,-0.206299429,0.893747433,0.72808843,0.19707849,0.045755398,True,H_nonSOE,0.056527816671793296,0.059975261,-0.0034474443282067058,-577309027.2014949,0.0,0,1,FixedAssetsRatio_lag,
600025.SH,华能水电,CSI,中央国有企业,公用事业,公用事业Ⅱ,公用事业--公用事业Ⅱ--电力--新能源发电业者,2020,,,,,,,,,,164632000000.0,,0.052680692,4834590181.0,3838342905.0,target_year,,,,,,,,,,SOE_target,0.057054,0.082913,25.84400745,0.030372672,0.143602423,0.122003663,-0.120187065,0.890221278,0.661096442,0.272467001,0.025680616,True,H_nonSOE,0.07239201417743216,0.052680692,0.019711322177432156,3245114392.7150106,3245114392.7150106,0,1,FixedAssetsRatio_lag,
600025.SH,华能水电,CSI,中央国有企业,公用事业,公用事业Ⅱ,公用事业--公用事业Ⅱ--电力--新能源发电业者,2021,,,,,,,,,,160654000000.0,,0.057343974,5837544928.0,3375009615.0,target_year,,,,,,,,,,SOE_target,0.04386,0.09267500000000001,25.82697914,0.024891608,0.126082379,0.114008133,-0.098900698,0.898091745,0.614218443,0.28005557,0.026261211,True,H_nonSOE,0.08004895801359325,0.057343974,0.022704984013593256,3647646501.719811,3647646501.719811,0,2,"FixedAssetsRatio_lag, HHI_lag",
600025.SH,华能水电,CSI,中央国有企业,公用事业,公用事业Ⅱ,公用事业--公用事业Ⅱ--电力--新能源发电业者,2022,,,,,,,,,,162879000000.0,,0.05980324,6801255631.0,2939458221.0,target_year,,,,,,,,,,SOE_target,0.051261,0.102966,25.80252053,0.021238323,0.130392082,0.121880419,-0.118007314,0.90376974,0.587768792,0.162074982,0.037470232,True,H_nonSOE,0.08180058406893927,0.05980324,0.021997344068939266,3582905404.6047587,3582905404.6047587,0,3,"FixedAssetsRatio_lag, HHI_lag, CurrentRatio_lag",
600025.SH,华能水电,CSI,中央国有企业,公用事业,公用事业Ⅱ,公用事业--公用事业Ⅱ--电力--新能源发电业者,2023,,,,,,,,,,195239265297.35,,0.053107,7638074711.0,2730456864.91,target_year,,,,,,,,,,SOE_target,0.052607999999999995,0.113096,25.816276,0.019028,0.129341,0.128562,-0.108919,0.902161,0.571473,0.169814,0.048581,True,H_nonSOE,0.0827217809812529,0.053107,0.02961478098125289,5781968080.721748,5781968080.721748,0,3,"FixedAssetsRatio_lag, HHI_lag, CurrentRatio_lag",
600025.SH,华能水电,CSI,中央国有企业,公用事业,公用事业Ⅱ,公用事业--公用事业Ⅱ--电力--新能源发电业者,2024,,,,,,,,,,214607123371.44,,0.051125,8297028967.06,2674676981.69,target_year,,,,,,,,,,SOE_target,0.06363100000000001,0.11774699999999999,25.997492,0.019985,0.121904,0.128588,-0.126507,0.906214,0.637761,0.149448,0.092856,True,H_nonSOE,0.0647957924958826,0.051125,0.013670792495882607,2933849451.7492347,2933849451.7492347,0,3,"FixedAssetsRatio_lag, HHI_lag, CurrentRatio_lag",
600025.SH,华能水电,CSI,中央国有企业,公用事业,公用事业Ⅱ,公用事业--公用事业Ⅱ--电力--新能源发电业者,2025,,,,,,,,,,226717001711.92,,0.049089,8504138221.82,2625266463.59,target_year,,,,,,,,,,SOE_target,0.060695,0.109335,26.092075,0.021295,0.118327,0.119065,-0.17103,0.897786,0.6311,0.141749,0.09497,True,H_nonSOE,0.0643648373130003,0.049089,0.0152758373130003,3463292034.242501,3463292034.242501,0,3,"FixedAssetsRatio_lag, HHI_lag, CurrentRatio_lag",
600026.SH,中远海能,CSI,中央国有企业,工业,交通运输,工业--交通运输--海上运输Ⅲ--海上运输Ⅳ,2019,,,,,,,,,,65841861000.0,,0.027846783,413857000.0,1419627000.0,target_year,,,,,,,,,,SOE_target,0.035864,0.014698,24.87298624,0.013892163,0.111099702,0.195469911,-0.062080665,0.777889449,0.53841184,0.638202775,0.054344432,True,H_nonSOE,-0.0061691116618647485,0.027846783,-0.03401589466186475,-2239669808.117141,0.0,0,2,"FixedAssetsRatio_lag, HHI_lag",
600026.SH,中远海能,CSI,中央国有企业,工业,交通运输,工业--交通运输--海上运输Ⅲ--海上运输Ⅳ,2020,,,,,,,,,,65959857000.0,,0.051866941,2381415000.0,1039721000.0,target_year,,,,,,,,,,SOE_target,0.059844,0.075906,24.91052166,0.014177998,0.108646931,0.21230603,-0.082326986,0.74665104,0.55700514,0.561023832,0.019372797,True,H_nonSOE,-0.001414838663147025,0.051866941,-0.053281779663147025,-3514458567.286686,0.0,0,2,"FixedAssetsRatio_lag, HHI_lag",
600026.SH,中远海能,CSI,中央国有企业,工业,交通运输,工业--交通运输--海上运输Ⅲ--海上运输Ⅳ,2021,,,,,,,,,,59388937000.0,,-0.070025062,-4985386000.0,826672000.0,target_year,,,,,,,,,,SOE_target,-0.05904499999999999,-0.157733,24.91231217,0.020449402,0.123286456,0.246858649,-0.030524157,0.735252413,0.46024222,0.796482244,0.083477455,True,H_nonSOE,0.00461829401921357,-0.070025062,0.07464335601921357,4432989568.093645,4432989568.093645,0,2,"FixedAssetsRatio_lag, HHI_lag",
600026.SH,中远海能,CSI,中央国有企业,工业,交通运输,工业--交通运输--海上运输Ⅲ--海上运输Ⅳ,2022,,,,,,,,,,68250082000.0,,0.035972367,1461118000.0,993999000.0,target_year,,,,,,,,,,SOE_target,0.058710000000000005,0.048573000000000005,24.8073738,0.011485638,0.15352339,0.20175224,-0.115369871,0.728866944,0.496164025,0.486296004,0.049270254,True,H_nonSOE,0.0004445600839542846,0.035972367,-0.035527806916045714,-2424775735.3002872,0.0,0,1,FixedAssetsRatio_lag,
600026.SH,中远海能,CSI,中央国有企业,工业,交通运输,工业--交通运输--海上运输Ⅲ--海上运输Ⅳ,2023,,,,,,,,,,72083612000.0,,0.066136,3348717000.0,1418587000.0,target_year,,,,,,,,,,SOE_target,0.087773,0.10153499999999999,24.946444,0.015811,0.180808,0.290927,-0.032351,0.691269,0.508127,0.791518,0.065197,True,H_nonSOE,0.0036063407078604434,0.066136,-0.06252965929213955,-4507363698.906782,0.0,0,1,FixedAssetsRatio_lag,
600026.SH,中远海能,CSI,中央国有企业,工业,交通运输,工业--交通运输--海上运输Ⅲ--海上运输Ⅳ,2024,,,,,,,,,,81042317000.0,,0.066951,4038089000.0,1387805000.0,target_year,,,,,,,,,,SOE_target,0.086607,0.11495,25.001093,0.018027,0.114556,0.312291,0.010305,0.69434,0.485274,1.085128,0.078267,True,H_nonSOE,0.00577103854210196,0.066951,-0.06117996145789804,-4958165830.518755,0.0,0,2,"FixedAssetsRatio_lag, HHI_lag",
600026.SH,中远海能,CSI,中央国有企业,工业,交通运输,工业--交通运输--海上运输Ⅲ--海上运输Ⅳ,2025,,,,,,,,,,92078580000.0,,0.058354,4037075000.0,1336121000.0,target_year,,,,,,,,,,SOE_target,0.075335,0.09814,25.118237,0.016654,0.116886,0.30215,-0.008449,0.672639,0.518953,0.933002,0.097176,True,H_nonSOE,-0.0003323523129067363,0.058354,-0.05868635231290674,-5403755986.352168,0.0,0,2,"FixedAssetsRatio_lag, HHI_lag",
600027.SH,华电国际,CSI,中央国有企业,公用事业,公用事业Ⅱ,公用事业--公用事业Ⅱ--电力--电力公用事业,2019,,,,,,,,,,232164000000.0,,0.035928784,3385324000.0,4956059000.0,target_year,,,,,,,,,,SOE_target,0.044404000000000006,0.058502,26.15039902,0.147175376,0.148389593,0.391599295,-0.218739097,0.773628096,0.700030648,0.341196999,0.07580338,True,H_nonSOE,0.07375695271652473,0.035928784,0.03782816871652473,8782338961.903248,8782338961.903248,0,1,FixedAssetsRatio_lag,
600027.SH,华电国际,CSI,中央国有企业,公用事业,公用事业Ⅱ,公用事业--公用事业Ⅱ--电力--电力公用事业,2020,,,,,,,,,,236691000000.0,,0.036277765,4166756000.0,4419862000.0,target_year,,,,,,,,,,SOE_target,0.04776,0.06139,26.17071138,0.136033956,0.143602423,0.399220663,-0.175434407,0.759751414,0.652799229,0.395072825,0.064993263,True,H_nonSOE,0.08434038536137996,0.036277765,0.04806262036137996,11375989675.955385,11375989675.955385,0,1,FixedAssetsRatio_lag,
600027.SH,华电国际,CSI,中央国有企业,公用事业,公用事业Ⅱ,公用事业--公用事业Ⅱ--电力--电力公用事业,2021,,,,,,,,,,222386000000.0,,0.004040654,-3341982000.0,4240567000.0,target_year,,,,,,,,,,SOE_target,-0.012641,-0.04884,26.19002106,0.11752776,0.126082379,0.381278595,-0.144868062,0.771747976,0.601196772,0.420261511,0.078810724,True,H_nonSOE,0.08952410523686824,0.004040654,0.08548345123686824,19010322786.76218,19010322786.76218,0,2,"FixedAssetsRatio_lag, HHI_lag",
600027.SH,华电国际,CSI,中央国有企业,公用事业,公用事业Ⅱ,公用事业--公用事业Ⅱ--电力--电力公用事业,2022,,,,,,,,,,226802000000.0,,0.017901154,-30791000.0,4090816000.0,target_year,,,,,,,,,,SOE_target,0.010929,-0.000492,26.12768062,0.108193469,0.130392082,0.4399417,-0.162191446,0.636210561,0.657044275,0.450692943,0.057896499,True,H_nonSOE,0.08762619055564289,0.017901154,0.06972503655564288,15813777740.892918,15813777740.892918,0,2,"FixedAssetsRatio_lag, HHI_lag",
600027.SH,华电国际,CSI,中央国有企业,公用事业,公用事业Ⅱ,公用事业--公用事业Ⅱ--电力--电力公用事业,2023,,,,,,,,,,226476498000.0,,0.036399,4601094000.0,3642399000.0,target_year,,,,,,,,,,SOE_target,0.041466,0.069153,26.147345,0.096947,0.129341,0.471786,-0.149299,0.630566,0.678006,0.463299,0.045957,True,H_nonSOE,0.08865532909314586,0.036399,0.052256329093145856,11834830411.351189,11834830411.351189,0,2,"FixedAssetsRatio_lag, HHI_lag",
600027.SH,华电国际,CSI,中央国有企业,公用事业,公用事业Ⅱ,公用事业--公用事业Ⅱ--电力--电力公用事业,2024,,,,,,,,,,227138590000.0,,0.039234,5669855000.0,3241716000.0,target_year,,,,,,,,,,SOE_target,0.05258,0.080532,26.145907,0.101013,0.121904,0.513485,-0.152841,0.626863,0.620701,0.452266,0.046311,True,H_nonSOE,0.10014263877786668,0.039234,0.06090863877786668,13834702330.823961,13834702330.823961,0,1,HHI_lag,
600027.SH,华电国际,CSI,中央国有企业,公用事业,公用事业Ⅱ,公用事业--公用事业Ⅱ--电力--电力公用事业,2025,,,,,,,,,,264230768000.0,,0.034895,6070315000.0,3149957000.0,target_year,,,,,,,,,,SOE_target,0.056004,0.08776400000000001,26.148826,0.098093,0.118327,0.495538,-0.158672,0.612499,0.610296,0.446625,0.039921,True,H_nonSOE,0.10144953943517045,0.034895,0.06655453943517045,17585757068.841373,17585757068.841373,0,1,HHI_lag,
600028.SH,中国石化,CSI,中央国有企业,能源,石油石化,能源--石油石化--石油天然气--综合性石油天然气,2019,,,,,,,,,,1755070000000.0,,0.042430192,57465000000.0,17003000000.0,target_year,,,,,,,,,,SOE_target,0.059583000000000004,0.07896600000000001,28.09620565,0.515629105,0.452070271,1.772760125,-0.038295355,0.473981792,0.462079573,0.892093053,0.06469477,True,H_nonSOE,0.16696562082998498,0.042430192,0.12453542882998497,218568395076.64172,218568395076.64172,0,1,FirmSize_lag,
600028.SH,中国石化,CSI,中央国有企业,能源,石油石化,能源--石油石化--石油天然气--综合性石油天然气,2020,,,,,,,,,,1733810000000.0,,0.027852036,33096000000.0,15194000000.0,target_year,,,,,,,,,,SOE_target,0.033555,0.044735,28.19353043,0.502320213,0.44417932,1.732990498,-0.074366222,0.453480799,0.500968907,0.773553283,0.080419539,True,H_nonSOE,0.15447317567181226,0.027852036,0.12662113967181227,219536998174.38483,219536998174.38483,0,1,FirmSize_lag,
600028.SH,中国石化,CSI,中央国有企业,能源,石油石化,能源--石油石化--石油天然气--综合性石油天然气,2021,,,,,,,,,,1889260000000.0,,0.046046193,71975000000.0,15018000000.0,target_year,,,,,,,,,,SOE_target,0.065389,0.094974,28.18133953,0.475113231,0.429200271,1.174851729,-0.038525094,0.411817938,0.490797408,0.872086788,0.075665372,True,H_nonSOE,0.11728597847045268,0.046046193,0.07123978547045268,134590477097.90742,134590477097.90742,0,1,FirmSize_lag,
600028.SH,中国石化,CSI,中央国有企业,能源,石油石化,能源--石油石化--石油天然气--综合性石油天然气,2022,,,,,,,,,,1948640000000.0,,0.042553781,66153000000.0,16769000000.0,target_year,,,,,,,,,,SOE_target,0.054667,0.084872,28.26720369,0.465583372,0.425995256,1.479136421,-0.044068164,0.399556439,0.515642939,0.870172156,0.076708015,True,H_nonSOE,0.1322070663257971,0.042553781,0.0896532853257971,174701977917.26126,174701977917.26126,0,1,FirmSize_lag,
600028.SH,中国石化,CSI,中央国有企业,能源,石油石化,能源--石油石化--石油天然气--综合性石油天然气,2023,,,,,,,,,,2024696000000.0,,0.037724,58310000000.0,18069000000.0,target_year,,,,,,,,,,SOE_target,0.047907000000000005,0.073452,28.298153,0.456404,0.418201,1.69747,-0.074023,0.424268,0.519543,0.783865,0.088537,True,H_nonSOE,0.1458486114429705,0.037724,0.1081246114429705,218919468290.1366,218919468290.1366,0,1,FirmSize_lag,
600028.SH,中国石化,CSI,中央国有企业,能源,石油石化,能源--石油石化--石油天然气--综合性石油天然气,2024,,,,,,,,,,2081440000000.0,,0.032449,48939000000.0,18601000000.0,target_year,,,,,,,,,,SOE_target,0.039847,0.060462999999999996,28.336441,0.460426,0.410755,1.583995,-0.055634,0.430261,0.527925,0.825923,0.084701,True,H_nonSOE,0.13829878435772508,0.032449,0.10584978435772507,220319975153.54327,220319975153.54327,0,1,FirmSize_lag,
600028.SH,中国石化,CSI,中央国有企业,能源,石油石化,能源--石油石化--石油天然气--综合性石油天然气,2025,,,,,,,,,,2153485000000.0,,0.024018,32476000000.0,19247000000.0,target_year,,,,,,,,,,SOE_target,0.027008,0.039526,28.364081,0.453969,0.406814,1.46869,-0.071451,0.444803,0.532945,0.779094,0.06688,True,H_nonSOE,0.13398062700886954,0.024018,0.10996262700886954,236802867824.1954,236802867824.1954,0,1,FirmSize_lag,
600029.SH,南方航空,CSI,中央国有企业,工业,交通运输,工业--交通运输--航空客运Ⅲ--航空客运Ⅳ,2019,,,,,,,,,,306928000000.0,,0.02764492,2640000000.0,5845000000.0,target_year,,,,,,,,,,SOE_target,0.035481,0.040815000000000004,26.23244767,0.158517157,0.111099702,0.59297309,-0.24140612,0.844235044,0.682246132,0.287643242,0.097534309,True,H_nonSOE,-0.003962372733902819,0.02764492,-0.03160729273390282,-9701163144.231325,0.0,0,2,"FixedAssetsRatio_lag, HHI_lag",
600029.SH,南方航空,CSI,中央国有企业,工业,交通运输,工业--交通运输--航空客运Ⅲ--航空客运Ⅳ,2020,,,,,,,,,,326383000000.0,,-0.012656909,-10847000000.0,6716000000.0,target_year,,,,,,,,,,SOE_target,-0.027794,-0.162271,26.44987903,0.153048695,0.108646931,0.534837157,-0.256581348,0.404036126,0.748054918,0.17528537,0.050917479,True,H_nonSOE,-0.019098731271848447,-0.012656909,-0.006441822271848448,-2102501278.552712,0.0,0,2,"HHI_lag, CurrentRatio_lag",
600029.SH,南方航空,CSI,中央国有企业,工业,交通运输,工业--交通运输--航空客运Ⅲ--航空客运Ⅳ,2021,,,,,,,,,,323211000000.0,,-0.018266705,-12106000000.0,6202000000.0,target_year,,,,,,,,,,SOE_target,-0.02581,-0.176171,26.51133738,0.109394427,0.123286456,0.274831797,-0.173710028,0.363232766,0.7391684,0.407447665,0.033889633,True,H_nonSOE,-0.03321200034832614,-0.018266705,-0.014945295348326136,-4830483854.827839,0.0,0,1,HHI_lag,
600029.SH,南方航空,CSI,中央国有企业,工业,交通运输,工业--交通运输--航空客运Ⅲ--航空客运Ⅳ,2022,,,,,,,,,,312246000000.0,,-0.085487084,-32699000000.0,6006000000.0,target_year,,,,,,,,,,SOE_target,-0.081834,-0.599289,26.5015712,0.086545358,0.15352339,0.293349384,-0.2262423,0.380658455,0.738536127,0.341165871,0.053021091,True,H_nonSOE,-0.03526000591649168,-0.085487084,0.05022707808350833,15683204223.263142,15683204223.263142,1,0,,
600029.SH,南方航空,CSI,中央国有企业,工业,交通运输,工业--交通运输--航空客运Ⅲ--航空客运Ⅳ,2023,,,,,,,,,,309596000000.0,,0.005775,-4140000000.0,5928000000.0,target_year,,,,,,,,,,SOE_target,0.013012999999999999,-0.105685,26.467057,0.068893,0.180808,0.254623,-0.345894,0.396537,0.822707,0.236494,0.037458,True,H_nonSOE,-0.04941361689907642,0.005775,-0.05518861689907642,-17086175037.486464,0.0,1,0,,
600029.SH,南方航空,CSI,中央国有企业,工业,交通运输,工业--交通运输--航空客运Ⅲ--航空客运Ⅳ,2024,,,,,,,,,,329979000000.0,,0.012089,-1769000000.0,5758000000.0,target_year,,,,,,,,,,SOE_target,0.021871,-0.049129,26.458534,0.12459,0.114556,0.487085,-0.327837,0.412641,0.830854,0.215852,0.036722,True,H_nonSOE,-0.033695891366320646,0.012089,-0.04578489136632065,-15108052668.167122,0.0,0,1,HHI_lag,
600029.SH,南方航空,CSI,中央国有企业,工业,交通运输,工业--交通运输--航空客运Ⅲ--航空客运Ⅳ,2025,,,,,,,,,,350053000000.0,,0.018306,855000000.0,5553000000.0,target_year,,,,,,,,,,SOE_target,0.029478,0.024175,26.522295,0.118891,0.116886,0.516421,-0.304986,0.411478,0.839881,0.27285,0.049085,True,H_nonSOE,-0.03517063447637958,0.018306,-0.053476634476379584,-18719656328.360104,0.0,0,1,HHI_lag,
600039.SH,四川路桥,CSI,地方国有企业,工业,建筑,工业--建筑--建筑与工程Ⅲ--建筑与工程Ⅳ,2019,,,,,,,,,,97615480976.0,,0.037211172,1701863780.0,1930522630.0,target_year,,,,,,,,,,SOE_target,0.043567,0.115012,25.1787028,0.009802807,0.178025019,0.501353906,0.024012975,0.027128851,0.820162075,1.051384264,0.043630385,True,H_nonSOE,-0.0116266422207505,0.037211172,-0.0488378142207505,-4767326724.975093,0.0,1,0,,
600039.SH,四川路桥,CSI,地方国有企业,工业,建筑,工业--建筑--建筑与工程Ⅲ--建筑与工程Ⅳ,2020,,,,,,,,,,113224000000.0,,0.047205214,3025220328.0,2319530755.0,target_year,,,,,,,,,,SOE_target,0.056818999999999995,0.158343,25.30430193,0.011120884,0.179054819,0.571846466,0.014592269,0.025621943,0.823336581,1.030749274,0.051754319,True,H_nonSOE,-0.006866276928240735,0.047205214,-0.054071490928240734,-6122190488.859129,0.0,1,0,,
600039.SH,四川路桥,CSI,地方国有企业,工业,建筑,工业--建筑--建筑与工程Ⅲ--建筑与工程Ⅳ,2021,,,,,,,,,,137038000000.0,,0.058043518,5582069265.0,2372125857.0,target_year,,,,,,,,,,SOE_target,0.072688,0.224344,25.45263175,0.011374577,0.179498397,0.577043095,0.041942153,0.028810282,0.781285264,1.091306515,0.043553685,True,H_nonSOE,0.0020207645167401173,0.058043518,-0.056022753483259885,-7677246091.838968,0.0,1,0,,
600039.SH,四川路桥,CSI,地方国有企业,工业,建筑,工业--建筑--建筑与工程Ⅲ--建筑与工程Ⅳ,2022,,,,,,,,,,208299000000.0,,0.066383319,11212905939.0,2614655615.0,target_year,,,,,,,,,,SOE_target,0.093207,0.325278,25.64352755,0.013775122,0.17910201,0.676295862,0.075618992,0.026636224,0.777198956,1.166354427,0.018731852,True,H_nonSOE,0.013243552693145005,0.066383319,-0.05313976630685499,-11068960181.951588,0.0,1,0,,
600039.SH,四川路桥,CSI,地方国有企业,工业,建筑,工业--建筑--建筑与工程Ⅲ--建筑与工程Ⅳ,2023,,,,,,,,,,240914762578.04,,0.04862,9003845893.62,2709537928.39,target_year,,,,,,,,,,SOE_target,0.060896,0.20717400000000002,26.062239,0.019707,0.173049,0.779731,0.109348,0.029618,0.779158,1.209964,0.025586,True,H_nonSOE,0.019323268049425253,0.04862,-0.029296731950574743,-7058015222.185193,0.0,1,0,,
600039.SH,四川路桥,CSI,地方国有企业,工业,建筑,工业--建筑--建筑与工程Ⅲ--建筑与工程Ⅳ,2024,,,,,,,,,,239773354769.84,,0.042016,7209866536.24,2864382037.39,target_year,,,,,,,,,,SOE_target,0.050009,0.155112,26.207709,0.015611,0.176169,0.510636,0.090428,0.07493,0.789344,1.17526,0.032152,True,H_nonSOE,0.0021557358330887393,0.042016,-0.039860264166911255,-9557429261.312353,0.0,1,0,,
600039.SH,四川路桥,CSI,地方国有企业,工业,建筑,工业--建筑--建筑与工程Ⅲ--建筑与工程Ⅳ,2025,,,,,,,,,,267673535809.41,,0.035663,7296866124.06,2249190329.58,target_year,,,,,,,,,,SOE_target,0.045757000000000006,0.14499,26.20296,0.015081,0.174423,0.444562,0.109226,0.016385,0.788718,1.199839,0.031514,True,H_nonSOE,-0.006004539683341602,0.035663,-0.0416675396833416,-11153297675.518951,0.0,1,0,,
600048.SH,保利发展,CSI,中央国有企业,房地产,房地产Ⅱ,房地产--房地产Ⅱ--房地产管理和开发--房地产开发,2019,,,,,,,,,,1033210000000.0,,0.031517,27959019793.0,4604619675.0,target_year,,,,,,,,,,SOE_target,0.056267,0.201184,27.46436886,0.31565396,0.396279334,0.231234939,0.37990177,0.006463865,0.779686125,1.722829263,0.000713354,True,H_nonSOE,0.027843530363053814,0.031517,-0.003673469636946189,-3795465563.589172,0.0,0,1,FirmSize_lag,
600048.SH,保利发展,CSI,中央国有企业,房地产,房地产Ⅱ,房地产--房地产Ⅱ--房地产管理和开发--房地产开发,2020,,,,,,,,,,1251370000000.0,,0.025658366,28948429857.0,3159806207.0,target_year,,,,,,,,,,SOE_target,0.045993000000000006,0.172182,27.66369034,0.314541861,0.408200157,0.227794552,0.326382738,0.007711161,0.777855138,1.562316531,0.000270148,True,H_nonSOE,0.027962641781644062,0.025658366,0.0023042757816440634,2883501584.8759317,2883501584.8759317,0,2,"FirmSize_lag, CapexRatio_lag",
600048.SH,保利发展,CSI,中央国有企业,房地产,房地产Ⅱ,房地产--房地产Ⅱ--房地产管理和开发--房地产开发,2021,,,,,,,,,,1399930000000.0,,0.023551996,27387836594.0,5583381396.0,target_year,,,,,,,,,,SOE_target,0.040119999999999996,0.145761,27.855264,0.291838363,0.406330004,0.196621821,0.307236072,0.006557157,0.786924063,1.51142457,0.000317625,True,H_nonSOE,0.02429610886164174,0.023551996,0.0007441128616417422,1041705918.3981242,1041705918.3981242,0,2,"FirmSize_lag, CapexRatio_lag",
600048.SH,保利发展,CSI,中央国有企业,房地产,房地产Ⅱ,房地产--房地产Ⅱ--房地产管理和开发--房地产开发,2022,,,,,,,,,,1470460000000.0,,0.016221919,18346819483.0,5506935348.0,target_year,,,,,,,,,,SOE_target,0.026187000000000002,0.09364800000000001,27.96744553,0.306902177,0.390202805,0.203106181,0.306103727,0.008462026,0.783622181,1.52334607,0.000194029,True,H_nonSOE,0.02537244485310712,0.016221919,0.00915052585310712,13455482245.959894,13455482245.959894,0,2,"FirmSize_lag, CapexRatio_lag",
600048.SH,保利发展,CSI,中央国有企业,房地产,房地产Ⅱ,房地产--房地产Ⅱ--房地产管理和开发--房地产开发,2023,,,,,,,,,,1436911790321.09,,0.011454,12067156751.87,4391271101.53,target_year,,,,,,,,,,SOE_target,0.01694,0.061128999999999996,28.016599,0.281643,0.393852,0.186661,0.311548,0.007289,0.780891,1.543905,0.000127,True,H_nonSOE,0.02437094759808986,0.011454,0.012916947598089859,18560514298.655003,18560514298.655003,0,2,"FirmSize_lag, CapexRatio_lag",
600048.SH,保利发展,CSI,中央国有企业,房地产,房地产Ⅱ,房地产--房地产Ⅱ--房地产管理和开发--房地产开发,2024,,,,,,,,,,1335108015599.69,,0.007223,5001183340.24,4642572794.51,target_year,,,,,,,,,,SOE_target,0.014591,0.025249999999999998,27.993517,0.344359,0.37554,0.231528,0.316517,0.00623,0.765451,1.558916,0.000125,True,H_nonSOE,0.030272826274390832,0.007223,0.023049826274390832,30774007817.119537,30774007817.119537,0,2,"FirmSize_lag, CapexRatio_lag",
600048.SH,保利发展,CSI,中央国有企业,房地产,房地产Ⅱ,房地产--房地产Ⅱ--房地产管理和开发--房地产开发,2025,,,,,,,,,,1188292419390.15,,0.004163,1034698076.02,3911853774.36,target_year,,,,,,,,,,SOE_target,0.010818000000000001,0.005313,27.920033,0.370621,0.353891,0.220606,0.332909,0.004635,0.743444,1.615099,0.000134,True,H_nonSOE,0.033179407821602,0.004163,0.029016407821602003,34479977452.34271,34479977452.34271,0,2,"FirmSize_lag, CapexRatio_lag",
600050.SH,中国联通,CSI,中央国有企业,通讯服务,电信服务,通讯服务--电信服务--多元电信服务--综合电信业务,2019,,,,,,,,,,564231000000.0,,0.010101391,4982083711.0,717430307.0,target_year,,,,,,,,,,SOE_target,0.02538,0.03515,27.01809315,0.216004559,0.376451505,0.51908301,-0.254483315,0.707287713,0.414982728,0.355129441,0.104885955,True,H_nonSOE,0.10841083276109936,0.010101391,0.09830944176109936,55469234634.306854,55469234634.306854,0,2,"FirmSize_lag, FixedAssetsRatio_lag",
600050.SH,中国联通,CSI,中央国有企业,通讯服务,电信服务,通讯服务--电信服务--多元电信服务--综合电信业务,2020,,,,,,,,,,582475000000.0,,0.009868284,5521311508.0,226721429.0,target_year,,,,,,,,,,SOE_target,0.027835000000000002,0.037942000000000004,27.0587289,0.215538555,0.377325617,0.523110571,-0.218366135,0.648668624,0.426660113,0.404249093,0.106989431,True,H_nonSOE,0.10743044515325911,0.009868284,0.09756216115325911,56827519817.7446,56827519817.7446,0,2,"FirmSize_lag, FixedAssetsRatio_lag",
600050.SH,中国联通,CSI,中央国有企业,通讯服务,电信服务,通讯服务--电信服务--多元电信服务--综合电信业务,2021,,,,,,,,,,593284000000.0,,0.012700151,6305465753.0,1229336920.0,target_year,,,,,,,,,,SOE_target,0.030314,0.042472,27.09055284,0.216924109,0.375629725,0.52757066,-0.195009677,0.622322545,0.430921996,0.488897939,0.100700722,True,H_nonSOE,0.10870001921853359,0.012700151,0.0959998682185336,56955185816.16449,56955185816.16449,0,1,FirmSize_lag,
600050.SH,中国联通,CSI,中央国有企业,通讯服务,电信服务,通讯服务--电信服务--多元电信服务--综合电信业务,2022,,,,,,,,,,644687000000.0,,0.010162857,7299489574.0,-747627534.0,target_year,,,,,,,,,,SOE_target,0.032905000000000004,0.048088,27.10893985,0.214754812,0.374126853,0.555261993,-0.183530803,0.593470184,0.433306679,0.536927029,0.121437607,True,H_nonSOE,0.10665492563388826,0.010162857,0.09649206863388826,62207182251.37552,62207182251.37552,0,1,FirmSize_lag,
600050.SH,中国联通,CSI,中央国有企业,通讯服务,电信服务,通讯服务--电信服务--多元电信服务--综合电信业务,2023,,,,,,,,,,662844796563.0,,0.011939,8172679256.0,-258709687.0,target_year,,,,,,,,,,SOE_target,0.034735999999999996,0.05212,27.192031,0.214301,0.373379,0.571171,-0.157774,0.54134,0.461329,0.589832,0.112407,True,H_nonSOE,0.10500671058873405,0.011939,0.09306771058873405,61689447691.77358,61689447691.77358,0,1,FirmSize_lag,
600050.SH,中国联通,CSI,中央国有企业,通讯服务,电信服务,通讯服务--电信服务--多元电信服务--综合电信业务,2024,,,,,,,,,,672836701609.0,,0.013008,9029899018.0,-277552108.0,target_year,,,,,,,,,,SOE_target,0.037571,0.055725,27.219807,0.211944,0.374249,0.567565,-0.15427,0.531136,0.460002,0.607135,0.119744,True,H_nonSOE,0.10368713387687875,0.013008,0.09067913387687875,61012249342.48003,61012249342.48003,0,1,FirmSize_lag,
600050.SH,中国联通,CSI,中央国有企业,通讯服务,电信服务,通讯服务--电信服务--多元电信服务--综合电信业务,2025,,,,,,,,,,671056308815.0,,0.01273,9126662570.0,-584217448.0,target_year,,,,,,,,,,SOE_target,0.036787,0.05474300000000001,27.234768,0.214383,0.373264,0.5808,-0.159284,0.521086,0.45189,0.597066,0.112571,True,H_nonSOE,0.10696936793529993,0.01273,0.09423936793529993,63239922391.72104,63239922391.72104,0,1,FirmSize_lag,
600085.SH,同仁堂,CSI,地方国有企业,医疗保健,医药生物,医疗保健--医药生物--制药--中药,2019,,,,,,,,,,20921822081.0,,0.049259163,985435905.0,45155539.17,target_year,,,,,,,,,,SOE_target,0.092627,0.106557,23.74259659,0.044393641,0.277672488,0.717188255,0.545479466,0.175814588,0.290478372,3.305792709,0.030049137,True,H_nonSOE,0.007272493975595845,0.049259163,-0.04198666902440416,-878437619.1024176,0.0,1,0,,
600085.SH,同仁堂,CSI,地方国有企业,医疗保健,医药生物,医疗保健--医药生物--制药--中药,2020,,,,,,,,,,21837512362.0,,0.045586645,1031440915.0,-35941988.89,target_year,,,,,,,,,,SOE_target,0.09274800000000001,0.108193,23.76405857,0.035361667,0.276190471,0.635012754,0.536228996,0.186854042,0.299285654,3.292555198,0.022168669,True,H_nonSOE,0.0027995867751428455,0.045586645,-0.04278705822485716,-934362912.918932,0.0,1,0,,
600085.SH,同仁堂,CSI,地方国有企业,医疗保健,医药生物,医疗保健--医药生物--制药--中药,2021,,,,,,,,,,25072835362.0,,0.054031558,1227372820.0,127351544.8,target_year,,,,,,,,,,SOE_target,0.099836,0.11994500000000001,23.80689508,0.031735322,0.256105921,0.593509445,0.500448163,0.19275382,0.28808725,2.95210164,0.052705572,True,H_nonSOE,0.00022677153886013768,0.054031558,-0.05380478646113986,-1349038552.6277263,0.0,1,0,,
600085.SH,同仁堂,CSI,地方国有企业,医疗保健,医药生物,医疗保健--医药生物--制药--中药,2022,,,,,,,,,,27044491890.0,,0.052549744,1425811705.0,-4630592.51,target_year,,,,,,,,,,SOE_target,0.104262,0.12707100000000002,23.94505084,0.030176801,0.230275265,0.615993482,0.47347069,0.160434637,0.33503726,2.883619323,0.018793541,True,H_nonSOE,-2.447454170483032e-05,0.052549744,-0.05257421854170483,-1421843026.974224,0.0,1,0,,
600085.SH,同仁堂,CSI,地方国有企业,医疗保健,医药生物,医疗保健--医药生物--制药--中药,2023,,,,,,,,,,30089450163.66,,0.051802,1668834509.63,-110139252.35,target_year,,,,,,,,,,SOE_target,0.10784,0.13423,24.020749,0.028082,0.212266,0.583495,0.525941,0.145857,0.31764,3.245059,0.012203,True,H_nonSOE,-5.9129533002022505e-05,0.051802,-0.05186112953300202,-1560472872.5143802,0.0,1,0,,
600085.SH,同仁堂,CSI,地方国有企业,医疗保健,医药生物,医疗保健--医药生物--制药--中药,2024,,,,,,,,,,31197524019.77,,0.049119,1526274925.98,6104419.93,target_year,,,,,,,,,,SOE_target,0.091748,0.116268,24.12744,0.02949,0.216978,0.619334,0.538375,0.130842,0.32677,3.261915,0.010785,True,H_nonSOE,0.0019526307715318214,0.049119,-0.04716636922846818,-1471473936.9304767,0.0,1,0,,
600085.SH,同仁堂,CSI,地方国有企业,医疗保健,医药生物,医疗保健--医药生物--制药--中药,2025,,,,,,,,,,30621119491.71,,0.036822,1189374356.88,-61856885.45,target_year,,,,,,,,,,SOE_target,0.063568,0.088584,24.163605,0.030434,0.230555,0.601836,0.516001,0.132703,0.330043,3.11878,0.016654,True,H_nonSOE,0.0007586280685117769,0.036822,-0.036063371931488224,-1104300821.1880813,0.0,1,0,,
600104.SH,上汽集团,CSI,地方国有企业,可选消费,汽车与零配件,可选消费--汽车与零配件--汽车--汽车制造,2019,,,,,,,,,,849333000000.0,,0.03253059,25603384202.0,2025928206.0,target_year,,,,,,,,,,SOE_target,0.050204000000000006,0.105784,27.38610456,0.591110538,0.376606004,1.168639891,0.049890403,0.115023003,0.636265723,1.094256631,0.040848718,True,H_nonSOE,0.06436808217932344,0.03253059,0.03183749217932344,27040632745.141315,27040632745.141315,0,1,FirmSize_lag,
600104.SH,上汽集团,CSI,地方国有企业,可选消费,汽车与零配件,可选消费--汽车与零配件--汽车--汽车制造,2020,,,,,,,,,,919415000000.0,,0.022784011,20431037480.0,516918858.2,target_year,,,,,,,,,,SOE_target,0.040583999999999995,0.080152,27.4677175,0.584514926,0.369422071,1.004740563,0.056932128,0.116848769,0.645793199,1.104481436,0.031712856,True,H_nonSOE,0.053897045417287376,0.022784011,0.031113034417287376,28605790538.77027,28605790538.77027,0,1,FirmSize_lag,
600104.SH,上汽集团,CSI,地方国有企业,可选消费,汽车与零配件,可选消费--汽车与零配件--汽车--汽车制造,2021,,,,,,,,,,916923000000.0,,0.027371208,24533097944.0,564183662.3,target_year,,,,,,,,,,SOE_target,0.045260999999999996,0.091905,27.54700317,0.537049464,0.324255792,0.811062728,0.060136769,0.104539258,0.662784059,1.108225401,0.016464627,True,H_nonSOE,0.04042646955574822,0.027371208,0.013055261555748217,11970669591.481321,11970669591.481321,0,1,FirmSize_lag,
600104.SH,上汽集团,CSI,地方国有企业,可选消费,汽车与零配件,可选消费--汽车与零配件--汽车--汽车制造,2022,,,,,,,,,,990107000000.0,,0.015506544,16117549650.0,-764406025.7,target_year,,,,,,,,,,SOE_target,0.02944,0.058291,27.544289,0.49624797,0.289774151,0.82160727,0.070374421,0.101621896,0.641441168,1.13429849,0.02044087,True,H_nonSOE,0.04374592496359242,0.015506544,0.02823938096359242,27960008767.7196,27960008767.7196,0,1,FirmSize_lag,
600104.SH,上汽集团,CSI,地方国有企业,可选消费,汽车与零配件,可选消费--汽车与零配件--汽车--汽车制造,2023,,,,,,,,,,1006650278661.54,,0.013857,14106165142.98,-156683993.96,target_year,,,,,,,,,,SOE_target,0.026015,0.049885,27.621079,0.398005,0.236564,0.750589,0.038572,0.095925,0.66034,1.070207,0.023164,True,H_nonSOE,0.03533519779047046,0.013857,0.021478197790470457,21621033790.92476,21621033790.92476,0,1,FirmSize_lag,
600104.SH,上汽集团,CSI,地方国有企业,可选消费,汽车与零配件,可选消费--汽车与零配件--汽车--汽车制造,2024,,,,,,,,,,957143417731.69,,0.004932,1666376761.07,3054077070.48,target_year,,,,,,,,,,SOE_target,0.013815,0.005805,27.637649,0.342769,0.222276,0.722406,0.071692,0.097073,0.659358,1.131829,0.019282,True,H_nonSOE,0.034329375781385965,0.004932,0.029397375781385966,28137504727.73857,28137504727.73857,0,1,FirmSize_lag,
600104.SH,上汽集团,CSI,地方国有企业,可选消费,汽车与零配件,可选消费--汽车与零配件--汽车--汽车制造,2025,,,,,,,,,,960207461450.69,,0.010248,10105800270.34,-265824180.92,target_year,,,,,,,,,,SOE_target,0.025705,0.034451999999999997,27.587219,0.26178,0.204324,0.620374,0.094252,0.100007,0.63774,1.176221,0.021734,True,H_nonSOE,0.030418698464644747,0.010248,0.020170698464644747,19368055168.423862,19368055168.423862,0,1,FirmSize_lag,
600111.SH,北方稀土,CSI,地方国有企业,材料,有色金属,材料--有色金属--其他金属与采矿--金属非金属,2019,,,,,,,,,,23249789494.0,,0.043282698,616294511.7,390019111.1,target_year,,,,,,,,,,SOE_target,0.05133,0.065095,23.8938532,0.017646653,0.167062795,0.622517459,0.470818754,0.163159257,0.47422306,2.82050655,0.007902791,True,H_nonSOE,0.08417344374622288,0.043282698,0.040890745746222874,950701230.8523577,950701230.8523577,1,0,,
600111.SH,北方稀土,CSI,地方国有企业,材料,有色金属,材料--有色金属--其他金属与采矿--金属非金属,2020,,,,,,,,,,25529146004.0,,0.048506632,832623455.2,405709442.1,target_year,,,,,,,,,,SOE_target,0.060104,0.082956,23.86956191,0.019452349,0.15478921,0.764815494,0.477193011,0.16554144,0.442861415,2.937880661,0.008883409,True,H_nonSOE,0.09707072780040014,0.048506632,0.048564095800400144,1239799892.2406585,1239799892.2406585,1,0,,
600111.SH,北方稀土,CSI,地方国有企业,材料,有色金属,材料--有色金属--其他金属与采矿--金属非金属,2021,,,,,,,,,,34707756657.0,,0.159096641,5130043122.0,391844362.9,target_year,,,,,,,,,,SOE_target,0.222313,0.39806600000000003,23.96308662,0.019082992,0.159708925,0.867219831,0.564907722,0.150001984,0.459639851,4.537805877,0.005932262,True,H_nonSOE,0.0898130599265299,0.159096641,-0.06928358107347012,-2404677672.2235317,0.0,1,0,,
600111.SH,北方稀土,CSI,地方国有企业,材料,有色金属,材料--有色金属--其他金属与采矿--金属非金属,2022,,,,,,,,,,36645246207.0,,0.16901701,5983647410.0,210022530.5,target_year,,,,,,,,,,SOE_target,0.20846800000000001,0.340184,24.27022903,0.020218983,0.168216562,1.002172561,0.480913141,0.128744205,0.446127904,2.662234864,0.009474372,True,H_nonSOE,0.11866220486985969,0.16901701,-0.050354805130140304,-1845264231.6994982,0.0,1,0,,
600111.SH,北方稀土,CSI,地方国有企业,材料,有色金属,材料--有色金属--其他金属与采矿--金属非金属,2023,,,,,,,,,,40496655048.44,,0.062697,2370740184.54,168287209.07,target_year,,,,,,,,,,SOE_target,0.081204,0.11439,24.32455,0.0216,0.153058,1.037221,0.48697,0.15619,0.316914,2.914617,0.027693,True,H_nonSOE,0.13878017805887174,0.062697,0.07608317805887174,3081114216.839168,3081114216.839168,1,0,,
600111.SH,北方稀土,CSI,地方国有企业,材料,有色金属,材料--有色金属--其他金属与采矿--金属非金属,2024,,,,,,,,,,45380919517.66,,0.026432,1004276921.89,195231222.79,target_year,,,,,,,,,,SOE_target,0.047333999999999994,0.045596,24.424485,0.019248,0.159476,0.864691,0.486653,0.170179,0.335716,3.131002,0.027501,True,H_nonSOE,0.12530725785031996,0.026432,0.09887525785031996,4487050118.793251,4487050118.793251,1,0,,
600111.SH,北方稀土,CSI,地方国有企业,材料,有色金属,材料--有色金属--其他金属与采矿--金属非金属,2025,,,,,,,,,,48127817177.89,,0.050843,2251272073.68,195668514.09,target_year,,,,,,,,,,SOE_target,0.076569,0.09561,24.538358,0.018338,0.15747,0.764517,0.457977,0.200181,0.379574,2.910177,0.037205,True,H_nonSOE,0.11574450405096604,0.050843,0.06490150405096604,3123567721.534981,3123567721.534981,1,0,,
600115.SH,中国东航,CSI,中央国有企业,工业,交通运输,工业--交通运输--航空客运Ⅲ--航空客运Ⅳ,2019,,,,,,,,,,285185000000.0,,0.029321318,3192000000.0,5170000000.0,target_year,,,,,,,,,,SOE_target,0.035761,0.05026099999999999,26.19980052,0.13235558,0.111099702,0.491859096,-0.239029023,0.753519624,0.742273562,0.218055403,0.045402628,True,H_nonSOE,-0.011515924414286553,0.029321318,-0.04083724241428655,-11646168977.91831,0.0,0,2,"FixedAssetsRatio_lag, HHI_lag",
600115.SH,中国东航,CSI,中央国有企业,工业,交通运输,工业--交通运输--航空客运Ⅲ--航空客运Ⅳ,2020,,,,,,,,,,284650000000.0,,-0.02326717,-11836000000.0,5213000000.0,target_year,,,,,,,,,,SOE_target,-0.040155,-0.18898700000000002,26.37640393,0.125014343,0.108646931,0.461600681,-0.205550783,0.348675421,0.745267107,0.251942881,0.026610797,True,H_nonSOE,-0.022475128122819737,-0.02326717,0.0007920418771802627,225454720.3393618,225454720.3393618,0,1,HHI_lag,
600115.SH,中国东航,CSI,中央国有企业,工业,交通运输,工业--交通运输--航空客运Ⅲ--航空客运Ⅳ,2021,,,,,,,,,,288790000000.0,,-0.022168358,-12214000000.0,5812000000.0,target_year,,,,,,,,,,SOE_target,-0.041992,-0.222348,26.37452619,0.073820843,0.123286456,0.206119315,-0.271596698,0.354972774,0.792186896,0.225412793,0.025459336,True,H_nonSOE,-0.047907956096854235,-0.022168358,-0.025739598096854235,-7433338534.390534,0.0,0,1,HHI_lag,
600115.SH,中国东航,CSI,中央国有企业,工业,交通运输,工业--交通运输--航空客运Ⅲ--航空客运Ⅳ,2022,,,,,,,,,,287984000000.0,,-0.0992069,-37386000000.0,8816000000.0,target_year,,,,,,,,,,SOE_target,-0.110379,-0.8803230000000001,26.38896562,0.06097388,0.15352339,0.234120396,-0.200772187,0.322871291,0.802098411,0.324946735,0.037421656,True,H_nonSOE,-0.05021500418724126,-0.0992069,0.04899189581275874,14108882123.741514,14108882123.741514,1,0,,
600115.SH,中国东航,CSI,中央国有企业,工业,交通运输,工业--交通运输--航空客运Ⅲ--航空客运Ⅳ,2023,,,,,,,,,,284733000000.0,,-0.00733,-8168000000.0,6081000000.0,target_year,,,,,,,,,,SOE_target,-0.009401,-0.22023900000000002,26.386171,0.039267,0.180808,0.159893,-0.274435,0.309767,0.887692,0.25753,0.03479,True,H_nonSOE,-0.0709004182355755,-0.00733,-0.0635704182355755,-18100595895.470116,0.0,1,0,,
600115.SH,中国东航,CSI,中央国有企业,工业,交通运输,工业--交通运输--航空客运Ⅲ--航空客运Ⅳ,2024,,,,,,,,,,278842000000.0,,0.003307,-4226000000.0,5148000000.0,target_year,,,,,,,,,,SOE_target,0.004007,-0.09870799999999999,26.374818,0.093572,0.114556,0.397198,-0.283076,0.337098,0.847355,0.241502,0.065553,True,H_nonSOE,-0.05191181805795973,0.003307,-0.05521881805795973,-15397325664.917606,0.0,0,1,HHI_lag,
600115.SH,中国东航,CSI,中央国有企业,工业,交通运输,工业--交通运输--航空客运Ⅲ--航空客运Ⅳ,2025,,,,,,,,,,294006000000.0,,0.00868,-1633000000.0,4185000000.0,target_year,,,,,,,,,,SOE_target,0.015205,-0.039456000000000005,26.353911,0.095116,0.116886,0.468864,-0.340336,0.370568,0.843456,0.167566,0.058596,True,H_nonSOE,-0.04371980986286725,0.00868,-0.05239980986286725,-15405858498.542149,0.0,0,2,"HHI_lag, CurrentRatio_lag",
600150.SH,中国船舶,CSI,中央国有企业,工业,机械,工业--机械--机械Ⅲ--建筑机械与重型卡车,2019,,,,,,,,,,44351383662.0,,0.012464128,404757012.2,148044295.7,target_year,,,,,,,,,,SOE_target,0.009106999999999999,0.026532,24.53591577,0.029817025,0.247583643,0.344076768,0.270348175,0.193985661,0.544529807,1.710203397,0.006719063,True,H_nonSOE,0.039432107318989086,0.012464128,0.026967979318989088,1196067197.3653665,1196067197.3653665,1,0,,
600150.SH,中国船舶,CSI,中央国有企业,工业,机械,工业--机械--机械Ⅲ--建筑机械与重型卡车,2020,,,,,,,,,,152510000000.0,,0.001747771,305800985.4,-39249305.42,target_year,,,,,,,,,,SOE_target,0.0031569999999999997,0.009995,24.51540974,0.035511472,0.225950341,0.514956109,0.259465378,0.201965756,0.52498716,1.691017199,0.017188794,True,H_nonSOE,0.05223186218156804,0.001747771,0.05048409118156804,7699328746.100942,7699328746.100942,1,0,,
600150.SH,中国船舶,CSI,中央国有企业,工业,机械,工业--机械--机械Ⅲ--建筑机械与重型卡车,2021,,,,,,,,,,160402000000.0,,-0.003399258,213814622.4,-759063293.3,target_year,,,,,,,,,,SOE_target,0.002098,0.004657,25.75049291,0.072042941,0.195497669,0.559491297,0.129903575,0.174424107,0.6536226,1.219782006,0.013788703,True,H_nonSOE,0.048778167372638195,-0.003399258,0.0521774253726382,8369363384.621912,8369363384.621912,1,0,,
600150.SH,中国船舶,CSI,中央国有企业,工业,机械,工业--机械--机械Ⅲ--建筑机械与重型卡车,2022,,,,,,,,,,162438000000.0,,-0.006994407,171873146.3,-1308027192.0,target_year,,,,,,,,,,SOE_target,0.013464,0.0037359999999999997,25.80095053,0.074553764,0.187780789,0.380590501,0.158124474,0.16421145,0.668931232,1.272382023,0.007356286,True,H_nonSOE,0.03528208931891799,-0.006994407,0.04227649631891799,6867309509.052401,6867309509.052401,1,0,,
600150.SH,中国船舶,CSI,中央国有企业,工业,机械,工业--机械--机械Ⅲ--建筑机械与重型卡车,2023,,,,,,,,,,177832168643.44,,0.009259,2957396962.72,-1310930190.34,target_year,,,,,,,,,,SOE_target,0.017764,0.062717,25.813559,0.080153,0.187488,0.367781,0.150325,0.129527,0.689239,1.259374,0.008802,True,H_nonSOE,0.028493597977000094,0.009259,0.019234597977000095,3420530271.2346506,3420530271.2346506,1,0,,
600150.SH,中国船舶,CSI,中央国有企业,工业,机械,工业--机械--机械Ⅲ--建筑机械与重型卡车,2024,,,,,,,,,,181976769308.99,,0.011201,3614135616.3,-1575781961.35,target_year,,,,,,,,,,SOE_target,0.014025000000000001,0.07283,25.904106,0.091615,0.188674,0.438522,0.14979,0.122893,0.704932,1.249494,0.013618,True,H_nonSOE,0.02959009208492991,0.011201,0.01838909208492991,3346387568.1410637,3346387568.1410637,1,0,,
600150.SH,中国船舶,CSI,中央国有企业,工业,机械,工业--机械--机械Ⅲ--建筑机械与重型卡车,2025,,,,,,,,,,420489480242.16,,0.013112,7848378198.33,-2334822741.29,target_year,,,,,,,,,,SOE_target,0.027851,0.080778,25.927145,0.092837,0.187309,0.435525,0.148662,0.119424,0.6963,1.243995,0.009025,True,H_nonSOE,0.03126343108761186,0.013112,0.018151431087611865,7632485823.681297,7632485823.681297,1,0,,
600160.SH,巨化股份,CSI,地方国有企业,材料,化工,材料--化工--基础化工--商品化工,2019,,,,,,,,,,15385300893.0,,0.058389253,895359996.4,2976229.44,target_year,,,,,,,,,,SOE_target,0.068131,0.070288,23.44894781,0.058569237,0.192081294,1.101103205,0.357058844,0.368157629,0.156008094,3.558695124,0.069004854,True,H_nonSOE,0.13626241184405186,0.058389253,0.07787315884405185,1198101980.3041217,1198101980.3041217,1,0,,
600160.SH,巨化股份,CSI,地方国有企业,材料,化工,材料--化工--基础化工--商品化工,2020,,,,,,,,,,15691644389.0,,0.009376308,95375175.24,51754515.63,target_year,,,,,,,,,,SOE_target,0.008813999999999999,0.007516,23.4566784,0.057567958,0.180537484,1.012933043,0.300401662,0.441129176,0.14094665,3.51676239,0.114227752,True,H_nonSOE,0.1298905037971071,0.009376308,0.1205141957971071,1891065904.274523,1891065904.274523,1,0,,
600160.SH,巨化股份,CSI,地方国有企业,材料,化工,材料--化工--基础化工--商品化工,2021,,,,,,,,,,17894390845.0,,0.063603951,1109093339.0,29060612.11,target_year,,,,,,,,,,SOE_target,0.06406200000000001,0.085906,23.4763942,0.053828028,0.203999831,1.030213477,0.203862432,0.490215989,0.179823706,2.293492469,0.120151089,True,H_nonSOE,0.13646352546624727,0.063603951,0.07285957446624726,1303777702.2994108,1303777702.2994108,1,0,,
600160.SH,巨化股份,CSI,地方国有企业,材料,化工,材料--化工--基础化工--商品化工,2022,,,,,,,,,,22626691197.0,,0.10046582,2380732575.0,-107523486.8,target_year,,,,,,,,,,SOE_target,0.134514,0.16531700000000002,23.60775314,0.033818168,0.197245037,1.067433871,0.145556896,0.47974255,0.238189141,1.7330402,0.095100199,True,H_nonSOE,0.13887830002220267,0.10046582,0.03841248002220267,869147323.5733114,869147323.5733114,1,0,,
600160.SH,巨化股份,CSI,地方国有企业,材料,化工,材料--化工--基础化工--商品化工,2023,,,,,,,,,,23383806879.39,,0.039421,943505301.47,-21689528.72,target_year,,,,,,,,,,SOE_target,0.046794,0.059823,23.842396,0.029618,0.212868,1.056345,0.129305,0.489276,0.302398,1.596604,0.15415,True,H_nonSOE,0.12392894399556076,0.039421,0.08450794399556076,1976117442.1664984,1976117442.1664984,1,0,,
600160.SH,巨化股份,CSI,地方国有企业,材料,化工,材料--化工--基础化工--商品化工,2024,,,,,,,,,,27913610331.15,,0.071699,1959534855.24,41838704.69,target_year,,,,,,,,,,SOE_target,0.09899699999999999,0.115721,23.87531,0.025104,0.215825,0.893905,0.081446,0.526715,0.299657,1.421695,0.127952,True,H_nonSOE,0.12095315742112586,0.071699,0.04925415742112586,1374861357.4424274,1374861357.4424274,1,0,,
600160.SH,巨化股份,CSI,地方国有企业,材料,化工,材料--化工--基础化工--商品化工,2025,,,,,,,,,,38208012673.28,,0.101902,3783228877.44,110248162.07,target_year,,,,,,,,,,SOE_target,0.156815,0.19794899999999999,24.05238,0.029335,0.213171,0.949932,0.10628,0.516944,0.312525,1.595459,0.069399,True,H_nonSOE,0.1341964121409534,0.101902,0.032294412140953396,1233905308.3576748,1233905308.3576748,1,0,,
600161.SH,天坛生物,CSI,中央国有企业,医疗保健,医药生物,医疗保健--医药生物--生物科技Ⅲ--生物科技Ⅳ,2019,,,,,,,,,,6314412346.0,,0.096777628,611093849.3,0.0,target_year,,,,,,,,,,SOE_target,0.179251,0.167189,22.34600895,0.009154301,0.277672488,0.663614746,0.58229648,0.194766146,0.142133659,7.116183644,0.058004009,True,H_nonSOE,-0.03380385661271923,0.096777628,-0.13058148461271923,-824545338.5975634,0.0,1,0,,
600161.SH,天坛生物,CSI,中央国有企业,医疗保健,医药生物,医疗保健--医药生物--生物科技Ⅲ--生物科技Ⅳ,2020,,,,,,,,,,7541051691.0,,0.080718513,639006857.1,-30304376.4,target_year,,,,,,,,,,SOE_target,0.159485,0.151122,22.56610053,0.008736307,0.276190471,0.570658994,0.537566054,0.247020815,0.18007217,6.206630682,0.083337901,True,H_nonSOE,-0.03526916102509371,0.080718513,-0.11598767402509372,-874669045.3420898,0.0,1,0,,
600161.SH,天坛生物,CSI,中央国有企业,医疗保健,医药生物,医疗保健--医药生物--生物科技Ⅲ--生物科技Ⅳ,2021,,,,,,,,,,11577632332.0,,0.060104193,760012025.0,-64147776.17,target_year,,,,,,,,,,SOE_target,0.129822,0.12092499999999999,22.74362749,0.008525476,0.256105921,0.492054521,0.49287932,0.264855123,0.200250169,4.956767402,0.080745481,True,H_nonSOE,-0.02854031184546696,0.060104193,-0.08864450484546696,-1026293485.353009,0.0,1,0,,
600161.SH,天坛生物,CSI,中央国有企业,医疗保健,医药生物,医疗保健--医药生物--生物科技Ⅲ--生物科技Ⅳ,2022,,,,,,,,,,12940709340.0,,0.06360082,881029002.2,-57989278.24,target_year,,,,,,,,,,SOE_target,0.116343,0.104587,23.17234083,0.0084904,0.230275265,0.425247477,0.581824335,0.223624264,0.113215656,9.320564621,0.0977486,True,H_nonSOE,-0.04552712455119012,0.06360082,-0.10912794455119013,-1412193011.3085883,0.0,1,0,,
600161.SH,天坛生物,CSI,中央国有企业,医疗保健,医药生物,医疗保健--医药生物--生物科技Ⅲ--生物科技Ⅳ,2023,,,,,,,,,,14188056936.91,,0.074736,1109888597.22,-49525032.2,target_year,,,,,,,,,,SOE_target,0.132597,0.119225,23.283644,0.007787,0.212266,0.343937,0.472413,0.309779,0.122433,6.282215,0.104633,True,H_nonSOE,-0.030823476245524423,0.074736,-0.10555947624552442,-1497683859.201899,0.0,1,0,,
600161.SH,天坛生物,CSI,中央国有企业,医疗保健,医药生物,医疗保健--医药生物--生物科技Ⅲ--生物科技Ⅳ,2024,,,,,,,,,,15869522217.56,,0.095545,1549164832.24,-32913962.1,target_year,,,,,,,,,,SOE_target,0.167299,0.147812,23.375666,0.008554,0.216978,0.378329,0.4433,0.340882,0.101049,5.915182,0.075947,True,H_nonSOE,-0.017493025453668237,0.095545,-0.11303802545366824,-1793859456.3661008,0.0,1,0,,
600161.SH,天坛生物,CSI,中央国有企业,医疗保健,医药生物,医疗保健--医药生物--生物科技Ⅲ--生物科技Ⅳ,2025,,,,,,,,,,16583015601.51,,0.065656,1090837981.2,-2060925.16,target_year,,,,,,,,,,SOE_target,0.112205,0.095379,23.487666,0.009853,0.230555,0.397298,0.416015,0.36459,0.084207,6.892785,0.067262,True,H_nonSOE,-0.02082663181798447,0.065656,-0.08648263181798448,-1434142832.6972818,0.0,1,0,,
600176.SH,中国巨石,CSI,中央国有企业,材料,建材Ⅱ,材料--建材Ⅱ--建材Ⅲ--建材Ⅳ,2019,,,,,,,,,,33604242332.0,,0.078703117,2128865280.0,515893338.2,target_year,,,,,,,,,,SOE_target,0.094403,0.142471,24.13673625,0.065989415,0.736746816,0.360641015,-0.166593432,0.677495813,0.51991577,0.589855446,0.199344878,True,H_nonSOE,0.05807836367724688,0.078703117,-0.020624753322753125,-693079208.6955183,0.0,0,1,FixedAssetsRatio_lag,
600176.SH,中国巨石,CSI,中央国有企业,材料,建材Ⅱ,材料--建材Ⅱ--建材Ⅲ--建材Ⅳ,2020,,,,,,,,,,36737268363.0,,0.078969139,2416110989.0,484999467.5,target_year,,,,,,,,,,SOE_target,0.08114,0.146063,24.23791816,0.057753522,0.764425084,0.326127262,-0.074864208,0.646960783,0.521473005,0.784352158,0.152040284,True,H_nonSOE,0.06323971222223916,0.078969139,-0.015729426777760833,-577856172.7307581,0.0,0,1,FixedAssetsRatio_lag,
600176.SH,中国巨石,CSI,中央国有企业,材料,建材Ⅱ,材料--建材Ⅱ--建材Ⅲ--建材Ⅳ,2021,,,,,,,,,,43828317485.0,,0.147346744,6028473747.0,429486116.3,target_year,,,,,,,,,,SOE_target,0.190828,0.301392,24.32705756,0.05657087,0.753086611,0.328811274,-0.012078152,0.619425523,0.500610691,0.961569222,0.041692723,True,H_nonSOE,0.08618354879277851,0.147346744,-0.061163195207221493,-2680679937.939134,0.0,1,0,,
600176.SH,中国巨石,CSI,中央国有企业,材料,建材Ⅱ,材料--建材Ⅱ--建材Ⅲ--建材Ⅳ,2022,,,,,,,,,,48633670689.0,,0.141381399,6610015912.0,265880466.9,target_year,,,,,,,,,,SOE_target,0.173891,0.26353000000000004,24.50354596,0.093825706,0.668525521,0.485327071,0.00410086,0.612297252,0.463330844,1.0129454,0.083408369,True,H_nonSOE,0.09900614945270483,0.141381399,-0.04237524954729516,-2060863931.847349,0.0,1,0,,
600176.SH,中国巨石,CSI,中央国有企业,材料,建材Ⅱ,材料--建材Ⅱ--建材Ⅲ--建材Ⅳ,2023,,,,,,,,,,52073958059.2,,0.06291,3044441957.13,231536047.89,target_year,,,,,,,,,,SOE_target,0.073635,0.108267,24.607582,0.116572,0.617588,0.433087,-0.017491,0.687123,0.407869,0.933374,0.114058,True,H_nonSOE,0.10150823056813993,0.06291,0.038598230568139935,2009962639.7646503,2009962639.7646503,0,1,FixedAssetsRatio_lag,
600176.SH,中国巨石,CSI,中央国有企业,材料,建材Ⅱ,材料--建材Ⅱ--建材Ⅲ--建材Ⅳ,2024,,,,,,,,,,53378083328.82,,0.04988,2444813278.64,217662066.36,target_year,,,,,,,,,,SOE_target,0.056956,0.083323,24.675931,0.082401,0.650954,0.291024,-0.020449,0.671059,0.42393,0.926322,0.028037,True,H_nonSOE,0.10446335415329018,0.04988,0.05458335415329018,2913554826.3608165,2913554826.3608165,0,1,FixedAssetsRatio_lag,
600176.SH,中国巨石,CSI,中央国有企业,材料,建材Ⅱ,材料--建材Ⅱ--建材Ⅲ--建材Ⅳ,2025,,,,,,,,,,54627103828.07,,0.065924,3285461018.68,315762318.79,target_year,,,,,,,,,,SOE_target,0.08269,0.10748100000000001,24.700666,0.118209,0.525443,0.296385,-0.027947,0.669764,0.410842,0.899525,0.02441,True,H_nonSOE,0.1087821840801421,0.065924,0.04285818408014211,2341218471.62846,2341218471.62846,0,1,FixedAssetsRatio_lag,
600188.SH,兖矿能源,CSI,地方国有企业,能源,煤炭Ⅱ,能源--煤炭Ⅱ--煤炭Ⅲ--煤炭与消费用燃料,2019,,,,,,,,,,210761000000.0,,0.057600333,9388645000.0,2751234000.0,target_year,,,,,,,,,,SOE_target,0.081058,0.176815,26.05115955,0.129482321,0.3281903,0.334462625,0.025388991,0.267689293,0.577458925,1.087754827,0.049390706,True,H_nonSOE,0.02592972073735618,0.057600333,-0.03167061226264382,-6674929911.087073,0.0,1,0,,
600188.SH,兖矿能源,CSI,地方国有企业,能源,煤炭Ⅱ,能源--煤炭Ⅱ--煤炭Ⅲ--煤炭与消费用燃料,2020,,,,,,,,,,273009000000.0,,0.033643654,6318000000.0,2867029000.0,target_year,,,,,,,,,,SOE_target,0.042332,0.11280699999999999,26.07398859,0.125485273,0.293470907,0.325386136,-0.019229621,0.285464889,0.595044725,0.939511468,0.05065633,True,H_nonSOE,0.02405429465067488,0.033643654,-0.009589359349325123,-2617981406.5999026,0.0,1,0,,
600188.SH,兖矿能源,CSI,地方国有企业,能源,煤炭Ⅱ,能源--煤炭Ⅱ--煤炭Ⅲ--煤炭与消费用燃料,2021,,,,,,,,,,301959000000.0,,0.073721162,16941435000.0,5319334000.0,target_year,,,,,,,,,,SOE_target,0.102991,0.26773800000000003,26.33277154,0.122009519,0.275297772,0.285768214,-0.164915276,0.309818779,0.662710303,0.561073745,0.025940776,True,H_nonSOE,0.01660156451801246,0.073721162,-0.05711959748198755,-17247776536.063477,0.0,1,0,,
600188.SH,兖矿能源,CSI,地方国有企业,能源,煤炭Ⅱ,能源--煤炭Ⅱ--煤炭Ⅲ--煤炭与消费用燃料,2022,,,,,,,,,,308604000000.0,,0.117920884,30407538000.0,5983260000.0,target_year,,,,,,,,,,SOE_target,0.19546399999999997,0.38366700000000004,26.43355711,0.126076761,0.269530745,0.377814407,-0.024272447,0.283932375,0.642479663,0.923876494,0.059214617,True,H_nonSOE,0.018771671315440396,0.117920884,-0.0991492126845596,-30597843631.305832,0.0,1,0,,
600188.SH,兖矿能源,CSI,地方国有企业,能源,煤炭Ⅱ,能源--煤炭Ⅱ--煤炭Ⅲ--煤炭与消费用燃料,2023,,,,,,,,,,414317629000.0,,0.051511,17778972000.0,3563014000.0,target_year,,,,,,,,,,SOE_target,0.095581,0.20117200000000002,26.455323,0.166306,0.250024,0.506423,0.01511,0.306255,0.548879,1.05571,0.055648,True,H_nonSOE,0.04411427939475224,0.051511,-0.007396720605247764,-3064591743.5416985,0.0,1,0,,
600188.SH,兖矿能源,CSI,地方国有企业,能源,煤炭Ⅱ,能源--煤炭Ⅱ--煤炭Ⅲ--煤炭与消费用燃料,2024,,,,,,,,,,356350370000.0,,0.051055,14056067000.0,4137324000.0,target_year,,,,,,,,,,SOE_target,0.08046099999999999,0.193195,26.749899,0.137765,0.263234,0.327655,-0.057889,0.316449,0.597567,0.806057,0.064969,True,H_nonSOE,0.024213505871516397,0.051055,-0.026841494128483606,-9564976364.03796,0.0,0,1,FirmSize_lag,
600188.SH,兖矿能源,CSI,地方国有企业,能源,煤炭Ⅱ,能源--煤炭Ⅱ--煤炭Ⅲ--煤炭与消费用燃料,2025,,,,,,,,,,451972364000.0,,0.027923,8524664000.0,4095650000.0,target_year,,,,,,,,,,SOE_target,0.057912,0.131251,26.59918,0.144603,0.263097,0.323185,-0.054503,0.375712,0.629619,0.834785,0.052579,True,H_nonSOE,0.02519445154289762,0.027923,-0.002728548457102381,-1233228496.4451158,0.0,0,1,FirmSize_lag,
600309.SH,万华化学,CSI,地方国有企业,材料,化工,材料--化工--基础化工--商品化工,2019,,,,,,,,,,96865322655.0,,0.117008313,10129985098.0,1204062846.0,target_year,,,,,,,,,,SOE_target,0.153052,0.266079,25.06593632,0.226505092,0.192081294,0.841741027,-0.042060662,0.511890882,0.489675535,0.901909063,0.13364523,True,H_nonSOE,0.11003924029030769,0.117008313,-0.006969072709692312,-675061476.6305009,0.0,1,0,,
600309.SH,万华化学,CSI,地方国有企业,材料,化工,材料--化工--基础化工--商品化工,2020,,,,,,,,,,133753000000.0,,0.083122398,10041428015.0,1076414577.0,target_year,,,,,,,,,,SOE_target,0.101746,0.22034099999999998,25.29658742,0.250213206,0.180537484,0.776561667,-0.220057996,0.635362071,0.546470731,0.524192072,0.183913232,True,H_nonSOE,0.09224251994331031,0.083122398,0.009120121943310314,1219843670.2835844,1219843670.2835844,0,1,FixedAssetsRatio_lag,
600309.SH,万华化学,CSI,地方国有企业,材料,化工,材料--化工--基础化工--商品化工,2021,,,,,,,,,,190310000000.0,,0.140208439,24648748123.0,2034261425.0,target_year,,,,,,,,,,SOE_target,0.187508,0.420344,25.61925818,0.244652397,0.203999831,0.630976773,-0.206406942,0.595338767,0.613833698,0.594805539,0.173721261,True,H_nonSOE,0.07393974606965982,0.140208439,-0.06626869293034017,-12611594951.573038,0.0,1,0,,
600309.SH,万华化学,CSI,地方国有企业,材料,化工,材料--化工--基础化工--商品化工,2022,,,,,,,,,,200843000000.0,,0.086976163,16233626024.0,1234944691.0,target_year,,,,,,,,,,SOE_target,0.099913,0.223384,25.97191796,0.272912546,0.197245037,0.892780517,-0.135100194,0.497004865,0.623268223,0.737650082,0.141871905,True,H_nonSOE,0.0940749401702094,0.086976163,0.007098777170209403,1425739703.196367,1425739703.196367,1,0,,
600309.SH,万华化学,CSI,地方国有企业,材料,化工,材料--化工--基础化工--商品化工,2023,,,,,,,,,,253040390845.31,,0.07308,16815755534.31,1676471684.26,target_year,,,,,,,,,,SOE_target,0.088172,0.203211,26.02579,0.22786,0.212868,0.841883,-0.216511,0.575682,0.595022,0.542349,0.162597,True,H_nonSOE,0.09253423067580727,0.07308,0.01945423067580726,4922706133.801088,4922706133.801088,1,0,,
600309.SH,万华化学,CSI,地方国有企业,材料,化工,材料--化工--基础化工--商品化工,2024,,,,,,,,,,293333349744.25,,0.051571,13033066612.84,2094484339.39,target_year,,,,,,,,,,SOE_target,0.069618,0.14221899999999998,26.256815,0.212902,0.215825,0.768484,-0.184923,0.589702,0.626723,0.569352,0.170322,True,H_nonSOE,0.0819789454295928,0.051571,0.030407945429592804,8919664491.702814,8919664491.702814,1,0,,
600309.SH,万华化学,CSI,地方国有企业,材料,化工,材料--化工--基础化工--商品化工,2025,,,,,,,,,,323009018441.98,,0.045222,12527201094.15,2079996797.01,target_year,,,,,,,,,,SOE_target,0.059539,0.123462,26.404576,0.217908,0.213171,0.662497,-0.191224,0.62041,0.647159,0.555115,0.122148,True,H_nonSOE,0.07975597857096853,0.045222,0.03453397857096853,11154786521.104916,11154786521.104916,1,0,,
600362.SH,江西铜业,CSI,地方国有企业,材料,有色金属,材料--有色金属--其他金属与采矿--铜,2019,,,,,,,,,,134914000000.0,,0.032033864,2437988000.0,1883826000.0,target_year,,,,,,,,,,SOE_target,0.033765,0.047564999999999996,25.3566913,0.27307784,0.167062795,2.140373487,0.227714688,0.209602968,0.494227646,1.50769518,0.024828003,True,H_nonSOE,0.2058677947311426,0.032033864,0.17383393073114262,23452630930.661373,23452630930.661373,1,0,,
600362.SH,江西铜业,CSI,地方国有企业,材料,有色金属,材料--有色金属--其他金属与采矿--铜,2020,,,,,,,,,,140882000000.0,,0.02965472,2227704000.0,1950099000.0,target_year,,,,,,,,,,SOE_target,0.037725,0.039549,25.62790275,0.258910733,0.15478921,2.015188426,0.116088129,0.199146181,0.562442458,1.229031729,0.024626941,True,H_nonSOE,0.19304867646237062,0.02965472,0.16339395646237062,23019267374.3317,23019267374.3317,1,0,,
600362.SH,江西铜业,CSI,地方国有企业,材料,有色金属,材料--有色金属--其他金属与采矿--铜,2021,,,,,,,,,,161035000000.0,,0.048382962,5772525000.0,2018808000.0,target_year,,,,,,,,,,SOE_target,0.06250499999999999,0.089007,25.67118532,0.286687902,0.159708925,2.304290845,0.154970935,0.181430297,0.52542187,1.387973092,0.025885937,True,H_nonSOE,0.19815816327377253,0.048382962,0.14977520127377253,24119049537.12196,24119049537.12196,1,0,,
600362.SH,江西铜业,CSI,地方国有企业,材料,有色金属,材料--有色金属--其他金属与采矿--铜,2022,,,,,,,,,,167331000000.0,,0.047622108,6001476000.0,1967157000.0,target_year,,,,,,,,,,SOE_target,0.057654,0.08375099999999999,25.80488535,0.295819925,0.168216562,2.925410719,0.16153585,0.157166138,0.516812504,1.386929611,0.017832629,True,H_nonSOE,0.19927925106750122,0.047622108,0.15165714306750122,25376941406.628048,25376941406.628048,1,0,,
600362.SH,江西铜业,CSI,地方国有企业,材料,有色金属,材料--有色金属--其他金属与采矿--铜,2023,,,,,,,,,,168150906000.0,,0.053938,6745839000.0,2323801000.0,target_year,,,,,,,,,,SOE_target,0.065317,0.09572599999999999,25.843237,0.27925,0.153058,2.913785,0.140327,0.161812,0.51025,1.320747,0.031766,True,H_nonSOE,0.1982924961445355,0.053938,0.1443544961445355,24273339311.87715,24273339311.87715,1,0,,
600362.SH,江西铜业,CSI,地方国有企业,材料,有色金属,材料--有色金属--其他金属与采矿--铜,2024,,,,,,,,,,193127836000.0,,0.04877,6900987000.0,2517793000.0,target_year,,,,,,,,,,SOE_target,0.063979,0.094945,25.848128,0.30029,0.159476,3.10204,0.188639,0.195189,0.543573,1.451231,0.040507,True,H_nonSOE,0.19435375749545317,0.04877,0.14558375749545316,28116276041.84565,28116276041.84565,1,0,,
600362.SH,江西铜业,CSI,地方国有企业,材料,有色金属,材料--有色金属--其他金属与采矿--铜,2025,,,,,,,,,,218691169000.0,,0.045031,7372829000.0,2475070000.0,target_year,,,,,,,,,,SOE_target,0.053338,0.09261100000000001,25.986618,0.290054,0.15747,2.874502,0.149061,0.19198,0.545368,1.333937,0.034125,True,H_nonSOE,0.19486388670210938,0.045031,0.14983288670210937,32767129147.528854,32767129147.528854,1,0,,
600372.SH,中航机载,CSI,中央国有企业,工业,国防军工,工业--国防军工--航空航天与国防Ⅲ--航空航天,2019,,,,,,,,,,22696700722.0,,0.038537034,556020333.4,318643189.9,target_year,,,,,,,,,,SOE_target,0.041747,0.072201,23.79832538,0.088537078,0.285442207,0.355248156,0.227058738,0.198282525,0.634501425,1.448891967,0.039258305,True,H_nonSOE,0.00439369594258486,0.038537034,-0.03414333805741514,-774941125.5392243,0.0,1,0,,
600372.SH,中航机载,CSI,中央国有企业,工业,国防军工,工业--国防军工--航空航天与国防Ⅲ--航空航天,2020,,,,,,,,,,24719896668.0,,0.035788368,630777488.8,253907263.1,target_year,,,,,,,,,,SOE_target,0.030347,0.068315,23.84548541,0.088984862,0.279462147,0.374932205,0.247904795,0.192049706,0.637732538,1.495248109,0.034509268,True,H_nonSOE,0.006434741498630242,0.035788368,-0.02935362650136976,-725618613.9449269,0.0,1,0,,
600372.SH,中航机载,CSI,中央国有企业,工业,国防军工,工业--国防军工--航空航天与国防Ⅲ--航空航天,2021,,,,,,,,,,26262648705.0,,0.035448331,798697071.3,132269986.5,target_year,,,,,,,,,,SOE_target,0.038635,0.073063,23.93087429,0.086942312,0.273615357,0.36796172,0.295766718,0.197663982,0.553869032,1.657799537,0.03562793,True,H_nonSOE,0.020370462712579383,0.035448331,-0.015077868287420616,-395984758.0527876,0.0,1,0,,
600372.SH,中航机载,CSI,中央国有企业,工业,国防军工,工业--国防军工--航空航天与国防Ⅲ--航空航天,2022,,,,,,,,,,28402468059.0,,0.037133494,871912569.3,182770303.0,target_year,,,,,,,,,,SOE_target,0.039441000000000004,0.074451,23.99141357,0.086550715,0.271325141,0.384612869,0.28014269,0.203234787,0.556326897,1.610303347,0.031237761,True,H_nonSOE,0.023264870374552243,0.037133494,-0.01386862362544776,-393903139.54407275,0.0,1,0,,
600372.SH,中航机载,CSI,中央国有企业,工业,国防军工,工业--国防军工--航空航天与国防Ⅲ--航空航天,2023,,,,,,,,,,73523417381.93,,0.027009,1886420594.77,99351150.07,target_year,,,,,,,,,,SOE_target,0.044280999999999994,0.078163,24.069742,0.085827,0.272876,0.407307,0.261113,0.182826,0.555523,1.517513,0.017857,True,H_nonSOE,0.02723084236405556,0.027009,0.00022184236405556335,16310608.725451248,16310608.725451248,1,0,,
600372.SH,中航机载,CSI,中央国有企业,工业,国防军工,工业--国防军工--航空航天与国防Ⅲ--航空航天,2024,,,,,,,,,,78120456108.96,,0.014631,1040725755.41,102256730.44,target_year,,,,,,,,,,SOE_target,0.018606,0.028304,25.02087,0.178262,0.247277,0.56487,0.34877,0.173278,0.487307,1.859553,0.019524,True,H_nonSOE,0.06308883118975984,0.014631,0.04845783118975985,3785547874.5950274,3785547874.5950274,1,0,,
600372.SH,中航机载,CSI,中央国有企业,工业,国防军工,工业--国防军工--航空航天与国防Ⅲ--航空航天,2025,,,,,,,,,,83259234737.86,,0.015266,1067323487.88,203724505.25,target_year,,,,,,,,,,SOE_target,0.020488,0.028304999999999997,25.081518,0.14773,0.253215,0.312028,0.312238,0.166134,0.498049,1.694911,0.025577,True,H_nonSOE,0.04466316588479227,0.015266,0.02939716588479227,2447585535.0297294,2447585535.0297294,1,0,,
600377.SH,宁沪高速,CSI,地方国有企业,工业,交通运输,工业--交通运输--交通基础设施--公路与铁路,2019,,,,,,,,,,55625048625.0,,0.083808736,4199704372.0,462160618.9,target_year,,,,,,,,,,SOE_target,0.11512800000000001,0.15359899999999999,24.5978513,0.011445846,0.111099702,0.219835426,-0.019645962,0.247119711,0.390527538,0.861772049,0.073607939,True,H_nonSOE,-0.01021441611601323,0.083808736,-0.09402315211601323,-5230042408.329007,0.0,0,1,HHI_lag,
600377.SH,宁沪高速,CSI,地方国有企业,工业,交通运输,工业--交通运输--交通基础设施--公路与铁路,2020,,,,,,,,,,61095560365.0,,0.047471427,2464213676.0,436079760.4,target_year,,,,,,,,,,SOE_target,0.062762,0.08683400000000001,24.74189945,0.010413744,0.108646931,0.194207477,-0.127543892,0.294994748,0.412443891,0.459302808,0.087188599,True,H_nonSOE,-0.010992416633629251,0.047471427,-0.05846384363362925,-3571881287.8883166,0.0,0,1,HHI_lag,
600377.SH,宁沪高速,CSI,地方国有企业,工业,交通运输,工业--交通运输--交通基础设施--公路与铁路,2021,,,,,,,,,,67662020722.0,,0.073413497,4178794497.0,788511048.1,target_year,,,,,,,,,,SOE_target,0.096206,0.143011,24.83570504,0.010096948,0.123286456,0.137635792,-0.10632362,0.283636888,0.459056117,0.537101648,0.06948944,True,H_nonSOE,-0.018133181881778072,0.073413497,-0.09154667888177806,-6194233283.529147,0.0,0,1,HHI_lag,
600377.SH,宁沪高速,CSI,地方国有企业,工业,交通运输,工业--交通运输--交通基础设施--公路与铁路,2022,,,,,,,,,,78458345074.0,,0.061469015,3724115166.0,1098642030.0,target_year,,,,,,,,,,SOE_target,0.077421,0.119802,24.93779087,0.012528305,0.15352339,0.214241167,-0.066822044,0.043427104,0.477404124,0.651384465,0.049049776,True,H_nonSOE,-0.028479694601525225,0.061469015,-0.08994870960152523,-7057226896.877484,0.0,1,0,,
600377.SH,宁沪高速,CSI,地方国有企业,工业,交通运输,工业--交通运输--交通基础设施--公路与铁路,2023,,,,,,,,,,78661443944.36,,0.069785,4413271587.29,1076088753.42,target_year,,,,,,,,,,SOE_target,0.085532,0.133881,25.085834,0.011288,0.180808,0.181434,-0.054283,0.104956,0.5163,0.687869,0.051481,True,H_nonSOE,-0.030093345790188845,0.069785,-0.09987834579018884,-7856574898.630344,0.0,1,0,,
600377.SH,宁沪高速,CSI,地方国有企业,工业,交通运输,工业--交通运输--交通基础设施--公路与铁路,2024,,,,,,,,,,89886075247.13,,0.065752,4946691605.41,963483489.08,target_year,,,,,,,,,,SOE_target,0.08614100000000001,0.136302,25.088419,0.012498,0.114556,0.193381,-0.010331,0.097668,0.480196,0.914899,0.048364,True,H_nonSOE,-0.024630916288791493,0.065752,-0.0903829162887915,-8124165614.589365,0.0,0,1,HHI_lag,
600377.SH,宁沪高速,CSI,地方国有企业,工业,交通运输,工业--交通运输--交通基础设施--公路与铁路,2025,,,,,,,,,,96388991421.56,,0.056364,4593870605.31,838994863.39,target_year,,,,,,,,,,SOE_target,0.074415,0.11478999999999999,25.221809,0.016701,0.116886,0.275272,-0.086697,0.082371,0.4467,0.518561,0.120178,True,H_nonSOE,-0.022987896086740983,0.056364,-0.07935189608674098,-7648649231.189397,0.0,0,1,HHI_lag,
600406.SH,国电南瑞,CSI,中央国有企业,工业,电气设备,工业--电气设备--电气设备Ⅲ--电气部件与设备,2019,,,,,,,,,,57424875019.0,,0.076932332,4343067281.0,74762257.48,target_year,,,,,,,,,,SOE_target,0.09559799999999999,0.148972,24.68102405,0.080040228,0.075162529,0.57528482,0.358267037,0.151511094,0.438641589,1.831750321,0.032746689,True,H_nonSOE,0.06881164951576886,0.076932332,-0.008120682484231145,-466329176.72595596,0.0,0,1,HHI_lag,
600406.SH,国电南瑞,CSI,中央国有企业,工业,电气设备,工业--电气设备--电气设备Ⅲ--电气部件与设备,2020,,,,,,,,,,65962017470.0,,0.074601339,4851540712.0,69314111.2,target_year,,,,,,,,,,SOE_target,0.09493700000000001,0.150043,24.77374341,0.074581189,0.069863037,0.587178263,0.318429201,0.189080259,0.431386914,1.751891674,0.051007372,True,H_nonSOE,0.07170919976934115,0.074601339,-0.002892139230658855,-190771338.45839176,0.0,0,1,HHI_lag,
600406.SH,国电南瑞,CSI,中央国有企业,工业,电气设备,工业--电气设备--电气设备Ⅲ--电气部件与设备,2021,,,,,,,,,,72732951414.0,,0.07585696,5642448312.0,-125147720.6,target_year,,,,,,,,,,SOE_target,0.097209,0.156425,24.91234492,0.074747547,0.069189957,0.620771318,0.300420686,0.175602059,0.448290308,1.709676587,0.052515301,True,H_nonSOE,0.07231873349798287,0.07585696,-0.0035382265020171277,-257345656.26293892,0.0,0,1,HHI_lag,
600406.SH,国电南瑞,CSI,中央国有企业,工业,电气设备,工业--电气设备--电气设备Ⅲ--电气部件与设备,2022,,,,,,,,,,76665557522.0,,0.077997441,6446181151.0,-466463828.2,target_year,,,,,,,,,,SOE_target,0.099314,0.160227,25.01006037,0.057367108,0.081262738,0.608389809,0.291924688,0.171913904,0.442584907,1.696586324,0.027723262,True,H_nonSOE,0.07757572132033108,0.077997441,-0.0004217196796689193,-32331374.35981695,0.0,0,1,HHI_lag,
600406.SH,国电南瑞,CSI,中央国有企业,工业,电气设备,工业--电气设备--电气设备Ⅲ--电气部件与设备,2023,,,,,,,,,,86087418302.42,,0.077922,7183687344.52,-475609422.41,target_year,,,,,,,,,,SOE_target,0.099833,0.160248,25.062718,0.035944,0.108841,0.622681,0.332505,0.15197,0.408361,1.830446,0.044547,True,H_nonSOE,0.08013431982601334,0.077922,0.0022123198260133314,190452902.2807467,190452902.2807467,0,1,HHI_lag,
600406.SH,国电南瑞,CSI,中央国有企业,工业,电气设备,工业--电气设备--电气设备Ⅲ--电气部件与设备,2024,,,,,,,,,,92705313123.25,,0.076956,7610121306.96,-475852442.3,target_year,,,,,,,,,,SOE_target,0.096785,0.157861,25.178629,0.034286,0.112299,0.629757,0.372577,0.120765,0.414795,1.912763,0.022668,True,H_nonSOE,0.08309438641831318,0.076956,0.006138386418313185,569061034.981229,569061034.981229,0,1,HHI_lag,
600406.SH,国电南瑞,CSI,中央国有企业,工业,电气设备,工业--电气设备--电气设备Ⅲ--电气部件与设备,2025,,,,,,,,,,98585657661.02,,0.082259,8278971723.32,-169421300.09,target_year,,,,,,,,,,SOE_target,0.100888,0.16253900000000002,25.252692,0.042088,0.107313,0.637413,0.388622,0.100528,0.431145,1.917368,0.019759,True,H_nonSOE,0.08173067806161519,0.082259,-0.0005283219383848126,-52084965.752411634,0.0,0,1,HHI_lag,
600415.SH,小商品城,CSI,地方国有企业,工业,企业服务,工业--企业服务--商业服务与用品--综合支持服务,2019,,,,,,,,,,31323233994.0,,0.0538665,1255276024.0,431996964.5,target_year,,,,,,,,,,SOE_target,0.06334,0.101303,24.01456867,1.0,1.0,0.132252563,-0.039002537,0.230567379,0.560046211,0.920067909,0.016351929,True,H_nonSOE,-0.004731811318606786,0.0538665,-0.05859831131860678,-1835488617.0859787,0.0,0,2,"HHI_lag, MarketShare_lag",
600415.SH,小商品城,CSI,地方国有企业,工业,企业服务,工业--企业服务--商业服务与用品--综合支持服务,2020,,,,,,,,,,28750127147.0,,0.038563878,926626706.4,182089699.3,target_year,,,,,,,,,,SOE_target,0.053391,0.069727,24.16762596,1.0,1.0,0.129631555,0.079354983,0.180363677,0.582281348,1.192794216,0.030387059,True,H_nonSOE,-0.011192181637628279,0.038563878,-0.04975605963762828,-1430493040.9155278,0.0,0,2,"HHI_lag, MarketShare_lag",
600415.SH,小商品城,CSI,地方国有企业,工业,企业服务,工业--企业服务--商业服务与用品--综合支持服务,2021,,,,,,,,,,31014635513.0,,0.048815906,1334095907.0,179911613.7,target_year,,,,,,,,,,SOE_target,0.061460999999999995,0.094721,24.08190803,1.0,1.0,0.118515097,-0.033032909,0.21624898,0.527838284,0.914368028,0.042161709,True,H_nonSOE,-0.0038245149017145062,0.048815906,-0.0526404209017145,-1632623467.5175822,0.0,0,2,"HHI_lag, MarketShare_lag",
600415.SH,小商品城,CSI,地方国有企业,工业,企业服务,工业--企业服务--商业服务与用品--综合支持服务,2022,,,,,,,,,,32111004317.0,,0.043093729,1104719092.0,279063831.1,target_year,,,,,,,,,,SOE_target,0.041082,0.073961,24.15772504,1.0,1.0,0.196506553,-0.200120846,0.198911539,0.528260067,0.589122806,0.065860094,True,H_nonSOE,-0.004671563801338943,0.043093729,-0.04776529280133894,-1533791523.3465638,0.0,0,2,"HHI_lag, MarketShare_lag",
600415.SH,小商品城,CSI,地方国有企业,工业,企业服务,工业--企业服务--商业服务与用品--综合支持服务,2023,,,,,,,,,,36218947000.0,,0.079221,2676182000.0,193111000.0,target_year,,,,,,,,,,SOE_target,0.096951,0.162436,24.192465,1.0,1.0,0.235112,-0.222906,0.251657,0.524117,0.423328,0.128146,True,H_nonSOE,-0.006946312050082375,0.079221,-0.08616731205008238,-3120889308.274395,0.0,0,2,"HHI_lag, MarketShare_lag",
600415.SH,小商品城,CSI,地方国有企业,工业,企业服务,工业--企业服务--商业服务与用品--综合支持服务,2024,,,,,,,,,,39168461000.0,,0.082095,3073677000.0,141845000.0,target_year,,,,,,,,,,SOE_target,0.108774,0.160959,24.312848,1.0,1.0,0.330185,-0.197133,0.203438,0.511197,0.480069,0.072549,True,H_nonSOE,0.009509374876514492,0.082095,-0.07258562512348551,-2843067226.8098626,0.0,0,2,"HHI_lag, MarketShare_lag",
600415.SH,小商品城,CSI,地方国有企业,工业,企业服务,工业--企业服务--商业服务与用品--综合支持服务,2025,,,,,,,,,,44405436000.0,,0.096453,4203547000.0,79493000.0,target_year,,,,,,,,,,SOE_target,0.128412,0.193482,24.391138,1.0,1.0,0.410543,-0.200038,0.189302,0.47477,0.554038,0.038303,True,H_nonSOE,0.02567120542618574,0.096453,-0.07078179457381426,-3143096448.9126563,0.0,0,2,"HHI_lag, MarketShare_lag",
600426.SH,华鲁恒升,CSI,地方国有企业,材料,化工,材料--化工--农用化工--化肥与农用药剂,2019,,,,,,,,,,18187250698.0,,0.144365746,2453030877.0,172585138.5,target_year,,,,,,,,,,SOE_target,0.165545,0.18654800000000002,23.64948878,0.053759205,0.192081294,0.822311198,0.018175969,0.706377359,0.353168815,1.085255392,0.069000749,True,H_nonSOE,0.11559722031066873,0.144365746,-0.028768525689331262,-523220388.9237209,0.0,0,1,FixedAssetsRatio_lag,
600426.SH,华鲁恒升,CSI,地方国有企业,材料,化工,材料--化工--农用化工--化肥与农用药剂,2020,,,,,,,,,,20549289346.0,,0.092689026,1798376502.0,106317113.0,target_year,,,,,,,,,,SOE_target,0.10961399999999999,0.121104,23.62398667,0.052275357,0.180537484,0.765221932,0.058111226,0.68506024,0.217518294,1.434260146,0.102025627,True,H_nonSOE,0.1249231959861705,0.092689026,0.0322341699861705,662389285.8739665,662389285.8739665,0,1,FixedAssetsRatio_lag,
600426.SH,华鲁恒升,CSI,地方国有企业,材料,化工,材料--化工--农用化工--化肥与农用药剂,2021,,,,,,,,,,28653178698.0,,0.256996505,7254167061.0,109599732.9,target_year,,,,,,,,,,SOE_target,0.350209,0.384587,23.7460922,0.043768215,0.203999831,0.672039958,-0.021759985,0.716394492,0.238479061,0.879608179,0.127291765,True,H_nonSOE,0.11632594763004518,0.256996505,-0.14067055736995482,-4030658617.8685765,0.0,0,1,FixedAssetsRatio_lag,
600426.SH,华鲁恒升,CSI,地方国有企业,材料,化工,材料--化工--农用化工--化肥与农用药剂,2022,,,,,,,,,,35005445704.0,,0.181349031,6289374659.0,58829004.27,target_year,,,,,,,,,,SOE_target,0.232823,0.25577500000000003,24.07853022,0.04999619,0.197245037,1.077208247,0.145599252,0.604131887,0.207575966,1.988796587,0.128166895,True,H_nonSOE,0.1473641097957261,0.181349031,-0.033984921204273905,-1189657313.9709284,0.0,1,0,,
600426.SH,华鲁恒升,CSI,地方国有企业,材料,化工,材料--化工--农用化工--化肥与农用药剂,2023,,,,,,,,,,44051457552.57,,0.082722,3575898630.37,68124308.2,target_year,,,,,,,,,,SOE_target,0.10829599999999999,0.128136,24.278769,0.041555,0.212868,0.943401,0.143146,0.588965,0.202385,2.403407,0.199116,True,H_nonSOE,0.1292991444425522,0.082722,0.04657714444255219,2051791101.3310094,2051791101.3310094,1,0,,
600426.SH,华鲁恒升,CSI,地方国有企业,材料,化工,材料--化工--农用化工--化肥与农用药剂,2024,,,,,,,,,,46657911907.48,,0.088364,3902593305.73,220305651.56,target_year,,,,,,,,,,SOE_target,0.115422,0.130283,24.508624,0.033045,0.215825,0.684814,0.048453,0.729643,0.309044,1.368756,0.197735,True,H_nonSOE,0.10660613363905569,0.088364,0.01824213363905569,851139864.335538,851139864.335538,0,1,FixedAssetsRatio_lag,
600426.SH,华鲁恒升,CSI,地方国有企业,材料,化工,材料--化工--农用化工--化肥与农用药剂,2025,,,,,,,,,,49177377189.73,,0.072767,3315494470.04,262996143.83,target_year,,,,,,,,,,SOE_target,0.09444000000000001,0.10345,24.566108,0.040966,0.213171,0.750189,0.039628,0.747737,0.296416,1.334617,0.108893,True,H_nonSOE,0.12661839280340584,0.072767,0.05385139280340584,2648270256.0854006,2648270256.0854006,0,1,FixedAssetsRatio_lag,
600436.SH,片仔癀,CSI,地方国有企业,医疗保健,医药生物,医疗保健--医药生物--制药--中药,2019,,,,,,,,,,8810796391.0,,0.159521104,1374376824.0,31131145.29,target_year,,,,,,,,,,SOE_target,0.206961,0.235988,22.61904861,0.014921144,0.277672488,0.767580889,0.591842655,0.035469812,0.202792045,4.055176811,0.011150241,True,H_nonSOE,-0.007750675157925893,0.159521104,-0.1672717791579259,-1473797588.1208026,0.0,1,0,,
600436.SH,片仔癀,CSI,地方国有企业,医疗保健,医药生物,医疗保健--医药生物--制药--中药,2020,,,,,,,,,,10205569714.0,,0.15789427,1671518667.0,-60117690.48,target_year,,,,,,,,,,SOE_target,0.208126,0.230657,22.89924367,0.015270738,0.276190471,0.733929094,0.636185727,0.027324402,0.208952607,4.208536053,0.007426797,True,H_nonSOE,-0.006449300303441208,0.15789427,-0.1643435703034412,-1677219763.7794294,0.0,1,0,,
600436.SH,片仔癀,CSI,地方国有企业,医疗保健,医药生物,医疗保健--医药生物--制药--中药,2021,,,,,,,,,,12495334742.0,,0.187847669,2431454745.0,-84235237.62,target_year,,,,,,,,,,SOE_target,0.252767,0.276818,23.04619946,0.016150361,0.256105921,0.679157303,0.63648568,0.025648201,0.19097554,4.608033642,0.041057092,True,H_nonSOE,-0.01391241372436762,0.187847669,-0.20176008272436763,-2521059771.214585,0.0,1,0,,
600436.SH,片仔癀,CSI,地方国有企业,医疗保健,医药生物,医疗保健--医药生物--制药--中药,2022,,,,,,,,,,14603844518.0,,0.165023006,2472344732.0,-62374415.78,target_year,,,,,,,,,,SOE_target,0.21976600000000002,0.23507,23.24862119,0.016603444,0.230275265,0.700368482,0.679961024,0.022322156,0.188757291,4.975676054,0.007376102,True,H_nonSOE,-0.005629905780271602,0.165023006,-0.1706529117802716,-2492188590.183057,0.0,1,0,,
600436.SH,片仔癀,CSI,地方国有企业,医疗保健,医药生物,医疗保健--医药生物--制药--中药,2023,,,,,,,,,,17080413435.81,,0.16331,2797351515.7,-7953890.04,target_year,,,,,,,,,,SOE_target,0.21265499999999998,0.226449,23.404551,0.015924,0.212266,0.636332,0.69808,0.022027,0.190354,5.061318,0.012009,True,H_nonSOE,-0.008469903428619197,0.16331,-0.1717799034286192,-2934071770.5243316,0.0,1,0,,
600436.SH,片仔癀,CSI,地方国有企业,医疗保健,医药生物,医疗保健--医药生物--制药--中药,2024,,,,,,,,,,17539661657.5,,0.169484,2977002486.34,-4319056.56,target_year,,,,,,,,,,SOE_target,0.20418299999999998,0.21535,23.561198,0.016631,0.216978,0.629831,0.715259,0.027513,0.185002,5.237409,0.008306,True,H_nonSOE,-0.005958869588092636,0.169484,-0.17544286958809263,-3077208572.796041,0.0,1,0,,
600436.SH,片仔癀,CSI,地方国有企业,医疗保健,医药生物,医疗保健--医药生物--制药--中药,2025,,,,,,,,,,17560037344.69,,0.124081,2158633048.42,20226793.2,target_year,,,,,,,,,,SOE_target,0.145759,0.149847,23.587731,0.017688,0.230555,0.619207,0.510557,0.07495,0.15399,4.772412,0.060907,True,H_nonSOE,-0.007201987737829749,0.124081,-0.13128298773782976,-2305334167.39877,0.0,1,0,,
600482.SH,中国动力,CSI,中央国有企业,工业,机械,工业--机械--机械Ⅲ--建筑机械与重型卡车,2019,,,,,,,,,,56015704188.0,,0.021066248,991122501.3,188918210.8,target_year,,,,,,,,,,SOE_target,0.021861000000000002,0.037224,24.7699628,0.051930912,0.247583643,0.576793352,0.332161962,0.199063948,0.459162622,1.846252165,0.025847307,True,H_nonSOE,0.06958198415818559,0.021066248,0.04851573615818559,2717643125.09998,2717643125.09998,1,0,,
600482.SH,中国动力,CSI,中央国有企业,工业,机械,工业--机械--机械Ⅲ--建筑机械与重型卡车,2020,,,,,,,,,,58744689010.0,,0.009974478,542857007.1,43090612.38,target_year,,,,,,,,,,SOE_target,0.01155,0.017203,24.74889792,0.045077149,0.225950341,0.517407526,0.411757521,0.217079015,0.347135411,2.466997135,0.033752662,True,H_nonSOE,0.07913930179994029,0.009974478,0.0691648237999403,4063066064.558939,4063066064.558939,1,0,,
600482.SH,中国动力,CSI,中央国有企业,工业,机械,工业--机械--机械Ⅲ--建筑机械与重型卡车,2021,,,,,,,,,,62005997289.0,,0.01022811,613048770.5,21155409.87,target_year,,,,,,,,,,SOE_target,0.012637,0.017034,24.79646659,0.034860421,0.195497669,0.464410462,0.42441873,0.214387711,0.377798653,2.605407503,0.020669161,True,H_nonSOE,0.07278827131792001,0.01022811,0.06256016131792001,3879105193.078351,3879105193.078351,1,0,,
600482.SH,中国动力,CSI,中央国有企业,工业,机械,工业--机械--机械Ⅲ--建筑机械与重型卡车,2022,,,,,,,,,,85867792662.0,,0.002736134,332687082.9,-97741320.07,target_year,,,,,,,,,,SOE_target,0.004758,0.009274,24.85049695,0.03483963,0.187780789,0.460886734,0.397369649,0.199766574,0.403258915,2.328060964,0.018590468,True,H_nonSOE,0.07066075742909404,0.002736134,0.06792462342909404,5832537481.253875,5832537481.253875,1,0,,
600482.SH,中国动力,CSI,中央国有企业,工业,机械,工业--机械--机械Ⅲ--建筑机械与重型卡车,2023,,,,,,,,,,99119595878.61,,0.007033,779487252.58,-82406541.23,target_year,,,,,,,,,,SOE_target,0.011656999999999999,0.021549,25.176075,0.051108,0.187488,0.511977,0.349594,0.199063,0.468309,1.976542,0.014988,True,H_nonSOE,0.07205212696210772,0.007033,0.06501912696210772,6444669588.864153,6444669588.864153,1,0,,
600482.SH,中国动力,CSI,中央国有企业,工业,机械,工业--机械--机械Ⅲ--建筑机械与重型卡车,2024,,,,,,,,,,108947127910.61,,0.010127,1390869974.66,-287585557.51,target_year,,,,,,,,,,SOE_target,0.024444,0.036613,25.319593,0.054734,0.188674,0.481903,0.349827,0.171566,0.522741,1.897556,0.009325,True,H_nonSOE,0.06372556750709077,0.010127,0.05359856750709077,5839409990.020483,5839409990.020483,1,0,,
600482.SH,中国动力,CSI,中央国有企业,工业,机械,工业--机械--机械Ⅲ--建筑机械与重型卡车,2025,,,,,,,,,,116795591158.73,,0.007841,1300885777.44,-385069662.69,target_year,,,,,,,,,,SOE_target,0.031677,0.032863,25.414129,0.060583,0.187309,0.491489,0.33477,0.156553,0.532312,1.790372,0.009973,True,H_nonSOE,0.062377238180799384,0.007841,0.05453623818079938,6369592177.899766,6369592177.899766,1,0,,
600489.SH,中金黄金,CSI,中央国有企业,材料,有色金属,材料--有色金属--贵金属--黄金,2019,,,,,,,,,,40021635913.0,,0.017765359,178768317.4,532230416.5,target_year,,,,,,,,,,SOE_target,0.025233,0.013075000000000002,24.36223375,0.043496677,0.167062795,0.892001272,0.01554923,0.387881826,0.492146907,1.040654121,0.033759896,True,H_nonSOE,0.12394873572360444,0.017765359,0.10618337672360445,4249632443.245016,4249632443.245016,1,0,,
600489.SH,中金黄金,CSI,中央国有企业,材料,有色金属,材料--有色金属--贵金属--黄金,2020,,,,,,,,,,45802747112.0,,0.045389079,1554638623.0,524305866.0,target_year,,,,,,,,,,SOE_target,0.056073000000000005,0.083728,24.41268604,0.041780262,0.15478921,0.990385297,0.011202003,0.36927657,0.502667595,1.027067204,0.039977449,True,H_nonSOE,0.1272395762528467,0.045389079,0.08185049725284671,3748977626.6635885,3748977626.6635885,1,0,,
600489.SH,中金黄金,CSI,中央国有企业,材料,有色金属,材料--有色金属--贵金属--黄金,2021,,,,,,,,,,47631293984.0,,0.045137813,1697836681.0,452135778.8,target_year,,,,,,,,,,SOE_target,0.054226,0.070368,24.54760991,0.042820805,0.159708925,1.10601035,0.088210639,0.38329592,0.442747709,1.268584014,0.035541924,True,H_nonSOE,0.14787493613361177,0.045137813,0.10273712313361177,4893502115.04747,4893502115.04747,1,0,,
600489.SH,中金黄金,CSI,中央国有企业,材料,有色金属,材料--有色金属--贵金属--黄金,2022,,,,,,,,,,48642313052.0,,0.052378211,2117139779.0,430657534.4,target_year,,,,,,,,,,SOE_target,0.063318,0.08348499999999999,24.58675582,0.037165564,0.168216562,1.187630737,0.117843859,0.353493946,0.43478337,1.364867896,0.026935395,True,H_nonSOE,0.15417302467829908,0.052378211,0.10179481367829907,4951535194.009835,4951535194.009835,1,0,,
600489.SH,中金黄金,CSI,中央国有企业,材料,有色金属,材料--有色金属--贵金属--黄金,2023,,,,,,,,,,52680243371.36,,0.064674,2977855387.68,429181525.57,target_year,,,,,,,,,,SOE_target,0.084982,0.11501099999999999,24.60776,0.032911,0.153058,1.171252,0.116913,0.327818,0.424304,1.329625,0.023062,True,H_nonSOE,0.15409210566715667,0.064674,0.08941810566715667,4710567568.351798,4710567568.351798,1,0,,
600489.SH,中金黄金,CSI,中央国有企业,材料,有色金属,材料--有色金属--贵金属--黄金,2024,,,,,,,,,,55638663702.8,,0.066961,3385988472.81,339639762.12,target_year,,,,,,,,,,SOE_target,0.10135999999999999,0.12705,24.687506,0.034818,0.159476,1.190882,0.10582,0.311803,0.416555,1.365398,0.030848,True,H_nonSOE,0.15488530537959885,0.066961,0.08792430537959885,4891990858.317789,4891990858.317789,1,0,,
600489.SH,中金黄金,CSI,中央国有企业,材料,有色金属,材料--有色金属--贵金属--黄金,2025,,,,,,,,,,62550961213.58,,0.083675,4933582739.46,300387884.18,target_year,,,,,,,,,,SOE_target,0.129625,0.17095,24.742144,0.036012,0.15747,1.190325,0.137993,0.305226,0.414573,1.509469,0.043272,True,H_nonSOE,0.15308192830041303,0.083675,0.06940692830041303,4341470080.072864,4341470080.072864,1,0,,
600515.SH,海南机场,CSI,地方国有企业,房地产,房地产Ⅱ,房地产--房地产Ⅱ--房地产管理和开发--房地产开发,2019,,,,,,,,,,81523299957.0,,0.010411302,-1212912199.0,2061675899.0,target_year,,,,,,,,,,SOE_target,0.006821000000000001,-0.044611,25.26597659,0.017200231,0.396279334,0.104359404,0.160150595,0.0800513,0.608602648,1.37645289,0.007813703,True,H_nonSOE,0.046351711022535186,0.010411302,0.03594040902253519,2929980745.3214054,2929980745.3214054,1,0,,
600515.SH,海南机场,CSI,地方国有企业,房地产,房地产Ⅱ,房地产--房地产Ⅱ--房地产管理和开发--房地产开发,2020,,,,,,,,,,57434499260.0,,-0.087684698,-7736830873.0,2700704149.0,target_year,,,,,,,,,,SOE_target,-0.106265,-0.5050979999999999,25.12415471,0.014972514,0.408200157,0.116158179,0.013623708,0.095212169,0.656139885,1.028301094,0.004837668,True,H_nonSOE,0.03757838122394673,-0.087684698,0.12526307922394675,7194422230.993091,7194422230.993091,1,0,,
600515.SH,海南机场,CSI,地方国有企业,房地产,房地产Ⅱ,房地产--房地产Ⅱ--房地产管理和开发--房地产开发,2021,,,,,,,,,,61168928318.0,,0.01204503,463289691.7,273491895.7,target_year,,,,,,,,,,SOE_target,0.01861,0.034881,24.77391099,0.00691795,0.406330004,0.076628603,-0.277082839,0.131787007,0.858026092,0.632679943,0.007158523,True,H_nonSOE,-0.001085638760401117,0.01204503,-0.013130668760401117,-803188936.1723778,0.0,1,0,,
600515.SH,海南机场,CSI,地方国有企业,房地产,房地产Ⅱ,房地产--房地产Ⅱ--房地产管理和开发--房地产开发,2022,,,,,,,,,,56125450012.0,,0.043689221,1856312763.0,595764415.3,target_year,,,,,,,,,,SOE_target,0.04491799999999999,0.088987,24.83690519,0.004902934,0.390202805,0.072534082,0.184552862,0.150839679,0.667156035,1.611567449,0.005480548,True,H_nonSOE,0.034056353607025025,0.043689221,-0.009632867392974975,-540649017.3366418,0.0,1,0,,
600515.SH,海南机场,CSI,地方国有企业,房地产,房地产Ⅱ,房地产--房地产Ⅱ--房地产管理和开发--房地产开发,2023,,,,,,,,,,55794608066.78,,0.025982,952777304.64,496899788.07,target_year,,,,,,,,,,SOE_target,0.035449,0.041847,24.750855,0.004452,0.393852,0.07221,0.236873,0.172597,0.575791,2.203911,0.008616,True,H_nonSOE,0.04376499096045431,0.025982,0.01778299096045431,992195010.8936398,992195010.8936398,1,0,,
600515.SH,海南机场,CSI,地方国有企业,房地产,房地产Ⅱ,房地产--房地产Ⅱ--房地产管理和开发--房地产开发,2024,,,,,,,,,,53691111395.9,,0.016317,458501533.62,417578946.82,target_year,,,,,,,,,,SOE_target,0.015396,0.019660999999999998,24.744943,0.006362,0.37554,0.111115,0.227801,0.194336,0.555888,2.334503,0.029745,True,H_nonSOE,0.043575098947322075,0.016317,0.027258098947322073,1463517627.021134,1463517627.021134,1,0,,
600515.SH,海南机场,CSI,地方国有企业,房地产,房地产Ⅱ,房地产--房地产Ⅱ--房地产管理和开发--房地产开发,2025,,,,,,,,,,59718688955.05,,0.011697,218564398.53,479944246.33,target_year,,,,,,,,,,SOE_target,0.012048000000000001,0.009284,24.706513,0.004902,0.353891,0.073869,0.191783,0.205811,0.521749,1.962012,0.01083,True,H_nonSOE,0.05469772742537732,0.011697,0.04300072742537732,2567947065.9569964,2567947065.9569964,1,0,,
600519.SH,贵州茅台,CSI,地方国有企业,日常消费,食品饮料,日常消费--食品饮料--饮料--白酒与葡萄酒,2019,,,,,,,,,,183042000000.0,,0.225160593,41206471014.0,7458015.66,target_year,,,,,,,,,,SOE_target,0.342866,0.331177,25.79748091,0.093352251,0.118716357,0.423491305,0.596969869,0.107621129,0.265493085,3.248532646,0.010051821,True,H_nonSOE,0.1362613447879944,0.225160593,-0.0888992482120056,-16272296191.221928,0.0,0,1,HHI_lag,
600519.SH,贵州茅台,CSI,地方国有企业,日常消费,食品饮料,日常消费--食品饮料--饮料--白酒与葡萄酒,2020,,,,,,,,,,213396000000.0,,0.217730024,46697285430.0,-234610582.4,target_year,,,,,,,,,,SOE_target,0.33395800000000003,0.314108,25.9329835,0.094875943,0.109737598,0.424022183,0.64428346,0.096497444,0.224898702,3.869839489,0.017202928,True,H_nonSOE,0.1361756547218612,0.217730024,-0.0815543692781388,-17403376186.477707,0.0,0,1,HHI_lag,
600519.SH,贵州茅台,CSI,地方国有企业,日常消费,食品饮料,日常消费--食品饮料--饮料--白酒与葡萄酒,2021,,,,,,,,,,255168000000.0,,0.205643475,52460144378.0,13529867.76,target_year,,,,,,,,,,SOE_target,0.314138,0.299036,26.08641454,0.089343891,0.106852675,0.408784356,0.655957044,0.087501848,0.214039476,4.064752303,0.009792927,True,H_nonSOE,0.1358946462962563,0.205643475,-0.06974882870374369,-17797669122.67687,0.0,0,1,HHI_lag,
600519.SH,贵州茅台,CSI,地方国有企业,日常消费,食品饮料,日常消费--食品饮料--饮料--白酒与葡萄酒,2022,,,,,,,,,,254365000000.0,,0.24660828,62716443738.0,12023204.77,target_year,,,,,,,,,,SOE_target,0.338499,0.324077,26.26518875,0.087555949,0.106913309,0.387932853,0.63821226,0.077572997,0.22812674,3.811942633,0.013358971,True,H_nonSOE,0.1328683959361739,0.24660828,-0.11373988406382612,-28931445609.895134,0.0,0,1,HHI_lag,
600519.SH,贵州茅台,CSI,地方国有企业,日常消费,食品饮料,日常消费--食品饮料--饮料--白酒与葡萄酒,2023,,,,,,,,,,272699660092.25,,0.26749,74734071550.75,-1789503701.48,target_year,,,,,,,,,,SOE_target,0.393358,0.361755,26.262035,0.086572,0.105461,0.414513,0.658683,0.086297,0.19421,4.414725,0.020862,True,H_nonSOE,0.13431838184861772,0.26749,-0.1331716181513823,-36315855003.81686,0.0,0,1,HHI_lag,
600519.SH,贵州茅台,CSI,地方国有企业,日常消费,食品饮料,日常消费--食品饮料--饮料--白酒与葡萄酒,2024,,,,,,,,,,298944579918.7,,0.283524,86228146421.62,-1470219863.34,target_year,,,,,,,,,,SOE_target,0.413433,0.384283,26.331637,0.099153,0.100594,0.476069,0.64714,0.080846,0.179843,4.623892,0.009607,True,H_nonSOE,0.13992562482859114,0.283524,-0.14359837517140886,-42927955942.6247,0.0,0,1,HHI_lag,
600519.SH,贵州茅台,CSI,地方国有企业,日常消费,食品饮料,日常消费--食品饮料--饮料--白酒与葡萄酒,2025,,,,,,,,,,303834844021.44,,0.268254,82320067101.68,-815240284.72,target_year,,,,,,,,,,SOE_target,0.378049,0.34462000000000004,26.423524,0.11272,0.097008,0.503715,0.653,0.080353,0.190448,4.454079,0.015651,True,H_nonSOE,0.14086815771467376,0.268254,-0.12738584228532623,-38704257521.30185,0.0,0,1,HHI_lag,
600547.SH,山东黄金,CSI,地方国有企业,材料,有色金属,材料--有色金属--贵金属--黄金,2019,,,,,,,,,,58848726000.0,,0.034295033,1290503000.0,727716000.0,target_year,,,,,,,,,,SOE_target,0.052248,0.057457,24.54342986,0.069783967,0.167062795,1.234748067,-0.168747226,0.506074265,0.481784636,0.460910124,0.079974587,True,H_nonSOE,0.1526485219537766,0.034295033,0.11835348895377659,6964952042.5848255,6964952042.5848255,1,0,,
600547.SH,山东黄金,CSI,地方国有企业,材料,有色金属,材料--有色金属--贵金属--黄金,2020,,,,,,,,,,64461691000.0,,0.046063033,2231533000.0,737768000.0,target_year,,,,,,,,,,SOE_target,0.062424,0.09291,24.79823602,0.06766359,0.15478921,1.198791734,-0.247137126,0.442311427,0.557028218,0.41604487,0.087074323,True,H_nonSOE,0.13510309964471737,0.046063033,0.08904006664471736,5739673262.671178,5739673262.671178,1,0,,
600547.SH,山东黄金,CSI,地方国有企业,材料,有色金属,材料--有色金属--贵金属--黄金,2021,,,,,,,,,,79036550000.0,,0.006070812,-221301000.0,701117000.0,target_year,,,,,,,,,,SOE_target,0.008607,-0.009239,24.88933695,0.057422438,0.159708925,1.032278579,-0.191698943,0.44392585,0.505781116,0.516050317,0.084631149,True,H_nonSOE,0.13529592536356963,0.006070812,0.12922511336356962,10213507133.615438,10213507133.615438,1,0,,
600547.SH,山东黄金,CSI,地方国有企业,材料,有色金属,材料--有色金属--贵金属--黄金,2022,,,,,,,,,,91216092000.0,,0.024132694,1191359000.0,1009931000.0,target_year,,,,,,,,,,SOE_target,0.033211,0.051716,25.09317624,0.022730128,0.168216562,0.472934661,-0.262458167,0.399789604,0.595619002,0.407525779,0.065528784,True,H_nonSOE,0.08618106563368977,0.024132694,0.06204837163368977,5659809975.388837,5659809975.388837,1,0,,
600547.SH,山东黄金,CSI,地方国有企业,材料,有色金属,材料--有色金属--贵金属--黄金,2023,,,,,,,,,,135018841000.0,,0.02814,2267383000.0,1532106000.0,target_year,,,,,,,,,,SOE_target,0.043099,0.098295,25.236497,0.029365,0.153058,0.590954,-0.144872,0.405942,0.596539,0.619063,0.05267,True,H_nonSOE,0.10062753207249282,0.02814,0.07248753207249282,9787182567.37831,9787182567.37831,1,0,,
600547.SH,山东黄金,CSI,地方国有企业,材料,有色金属,材料--有色金属--贵金属--黄金,2024,,,,,,,,,,161010475000.0,,0.030549,2898680000.0,2020016000.0,target_year,,,,,,,,,,SOE_target,0.050286,0.12102299999999999,25.62868,0.034208,0.159476,0.524015,-0.154502,0.37297,0.605257,0.578511,0.079842,True,H_nonSOE,0.08966770106379554,0.030549,0.05911870106379554,9518730139.664726,9518730139.664726,1,0,,
600547.SH,山东黄金,CSI,地方国有企业,材料,有色金属,材料--有色金属--贵金属--黄金,2025,,,,,,,,,,170374158329.33,,0.03915,4739393120.72,1930825091.04,target_year,,,,,,,,,,SOE_target,0.065581,0.136069,25.804735,0.046095,0.15747,0.557499,-0.209441,0.382655,0.636317,0.459784,0.173847,True,H_nonSOE,0.0718822712494479,0.03915,0.03273227124944791,5576733164.332013,5576733164.332013,1,0,,
600584.SH,长电科技,CSI,中央国有企业,信息技术,半导体,信息技术--半导体--半导体产品--集成电路,2019,,,,,,,,,,33581893568.0,,0.025835091,88663437.59,778927828.0,target_year,,,,,,,,,,SOE_target,0.024489999999999998,0.007116,24.26211863,0.425302714,0.214515912,0.731214167,-0.217835094,0.570274559,0.642866911,0.592526697,0.125223737,True,H_nonSOE,0.054444372090707044,0.025835091,0.028609281090707043,960753832.6451188,960753832.6451188,1,0,,
600584.SH,长电科技,CSI,中央国有企业,信息技术,半导体,信息技术--半导体--半导体产品--集成电路,2020,,,,,,,,,,32328196228.0,,0.059969666,1304390209.0,634320913.2,target_year,,,,,,,,,,SOE_target,0.06268,0.100233,24.23725288,0.333118905,0.169245785,0.690776587,-0.240903638,0.579565316,0.623655665,0.541626438,0.083485094,True,H_nonSOE,0.06075748786425577,0.059969666,0.0007878218642557722,25468859.82036938,25468859.82036938,1,0,,
600584.SH,长电科技,CSI,中央国有企业,信息技术,半导体,信息技术--半导体--半导体产品--集成电路,2021,,,,,,,,,,37098618886.0,,0.08818834,2958712533.0,312953065.0,target_year,,,,,,,,,,SOE_target,0.09927899999999999,0.172064,24.19920563,0.292587408,0.155238897,0.801570564,-0.136611898,0.577067125,0.585201037,0.681027474,0.10301753,True,H_nonSOE,0.07119972441608069,0.08818834,-0.016988615583919314,-630254174.948583,0.0,1,0,,
600584.SH,长电科技,CSI,中央国有企业,信息技术,半导体,信息技术--半导体--半导体产品--集成电路,2022,,,,,,,,,,39407731739.0,,0.087256409,3230988206.0,207588936.5,target_year,,,,,,,,,,SOE_target,0.09065200000000001,0.141605,24.33684558,0.247136762,0.127200785,0.876472393,0.055951263,0.51445276,0.433948862,1.183022294,0.117475684,True,H_nonSOE,0.09918608413874205,0.087256409,0.01192967513874206,470121437.6009647,470121437.6009647,0,1,HHI_lag,
600584.SH,长电科技,CSI,中央国有企业,信息技术,半导体,信息技术--半导体--半导体产品--集成电路,2023,,,,,,,,,,42579471835.65,,0.03904,1470705571.95,191582595.95,target_year,,,,,,,,,,SOE_target,0.041807,0.058006,24.397228,0.241875,0.113252,0.880251,0.078921,0.51575,0.374673,1.281888,0.099579,True,H_nonSOE,0.11228299576113412,0.03904,0.07324299576113413,3118648075.169843,3118648075.169843,0,1,HHI_lag,
600584.SH,长电科技,CSI,中央国有企业,信息技术,半导体,信息技术--半导体--半导体产品--集成电路,2024,,,,,,,,,,54059828326.1,,0.032423,1609575410.92,143202493.72,target_year,,,,,,,,,,SOE_target,0.037089,0.059965000000000004,24.474638,0.20667,0.109637,0.720973,0.186402,0.464953,0.385827,1.819745,0.07347,True,H_nonSOE,0.09953399100922924,0.032423,0.06711099100922924,3628008652.753373,3628008652.753373,0,1,HHI_lag,
600584.SH,长电科技,CSI,中央国有企业,信息技术,半导体,信息技术--半导体--半导体产品--集成电路,2025,,,,,,,,,,55516503601.44,,0.034768,1565238036.45,364966704.33,target_year,,,,,,,,,,SOE_target,0.038389,0.055614,24.713357,0.203175,0.111057,0.742623,0.127708,0.453394,0.453519,1.451593,0.084921,True,H_nonSOE,0.09359431780166853,0.034768,0.05882631780166853,3265831484.095785,3265831484.095785,0,1,HHI_lag,
600585.SH,海螺水泥,CSI,地方国有企业,材料,建材Ⅱ,材料--建材Ⅱ--建材Ⅲ--建材Ⅳ,2019,,,,,,,,,,178777000000.0,,0.190604923,33629803000.0,446008000.0,target_year,,,,,,,,,,SOE_target,0.264696,0.26940200000000003,25.73087892,0.851845731,0.736746816,0.945214441,0.307864936,0.42602985,0.223060914,2.760494595,0.031752625,True,H_nonSOE,0.17568378870489867,0.190604923,-0.014921134295101335,-2667555625.8753314,0.0,0,1,MarketShare_lag,
600585.SH,海螺水泥,CSI,地方国有企业,材料,建材Ⅱ,材料--建材Ⅱ--建材Ⅲ--建材Ⅳ,2020,,,,,,,,,,200973000000.0,,0.177189761,35163538000.0,446777000.0,target_year,,,,,,,,,,SOE_target,0.250641,0.235312,25.90940607,0.869353952,0.764425084,0.956555552,0.390378958,0.392942982,0.204983699,3.545143008,0.049637873,True,H_nonSOE,0.16872940413479648,0.177189761,-0.008460356865203522,-1700303300.2705474,0.0,0,1,MarketShare_lag,
600585.SH,海螺水泥,CSI,地方国有企业,材料,建材Ⅱ,材料--建材Ⅱ--建材Ⅲ--建材Ⅳ,2021,,,,,,,,,,230515000000.0,,0.145909871,33300694000.0,333671000.0,target_year,,,,,,,,,,SOE_target,0.206196,0.192903,26.0264352,0.862135547,0.753086611,0.92820387,0.442261239,0.335339415,0.163752786,4.669323247,0.049609649,True,H_nonSOE,0.16022178957321564,0.145909871,0.014311918573215648,3299111909.904805,3299111909.904805,0,1,MarketShare_lag,
600585.SH,海螺水泥,CSI,地方国有企业,材料,建材Ⅱ,材料--建材Ⅱ--建材Ⅲ--建材Ⅳ,2022,,,,,,,,,,243976000000.0,,0.067158879,15860553000.0,524630000.0,target_year,,,,,,,,,,SOE_target,0.087491,0.086401,26.16358032,0.806036387,0.668525521,0.778482317,0.396284433,0.32075031,0.168348631,3.796208792,0.065949423,True,H_nonSOE,0.15311995252989755,0.067158879,0.08596107352989754,20972438875.53028,20972438875.53028,1,0,,
600585.SH,海螺水泥,CSI,地方国有企业,材料,建材Ⅱ,材料--建材Ⅱ--建材Ⅲ--建材Ⅳ,2023,,,,,,,,,,246189200000.0,,0.047198,10689181000.0,930404000.0,target_year,,,,,,,,,,SOE_target,0.060389,0.057962,26.220337,0.768652,0.617588,0.556476,0.290341,0.368056,0.197017,2.991394,0.109217,True,H_nonSOE,0.13538614887335423,0.047198,0.08818814887335424,21710969820.611984,21710969820.611984,1,0,,
600585.SH,海螺水泥,CSI,地方国有企业,材料,建材Ⅱ,材料--建材Ⅱ--建材Ⅲ--建材Ⅳ,2024,,,,,,,,,,254635244000.0,,0.03468,8051954000.0,778705000.0,target_year,,,,,,,,,,SOE_target,0.044611,0.043154000000000005,26.229366,0.792843,0.650954,0.575313,0.291186,0.392783,0.196105,3.41697,0.057547,True,H_nonSOE,0.14300830132539602,0.03468,0.10832830132539602,27584203440.09774,27584203440.09774,1,0,,
600585.SH,海螺水泥,CSI,地方国有企业,材料,建材Ⅱ,材料--建材Ⅱ--建材Ⅲ--建材Ⅳ,2025,,,,,,,,,,256000730000.0,,0.035606,8464457000.0,650683000.0,target_year,,,,,,,,,,SOE_target,0.044752,0.044513,26.263098,0.688576,0.525443,0.363519,0.254756,0.389179,0.21324,3.245249,0.044433,True,H_nonSOE,0.12958682949257594,0.035606,0.09398082949257594,24059160956.10497,24059160956.10497,1,0,,
600600.SH,青岛啤酒,CSI,地方国有企业,日常消费,食品饮料,日常消费--食品饮料--饮料--啤酒,2019,,,,,,,,,,37312383547.0,,0.050066542,1852103376.0,15998657.0,target_year,,,,,,,,,,SOE_target,0.062422000000000005,0.099731,24.25183759,0.039789287,0.118716357,0.817071935,0.166497166,0.314204026,0.451509728,1.46938827,0.022356278,True,H_nonSOE,0.13316767123714077,0.050066542,0.08310112923714078,3100701207.2850122,3100701207.2850122,0,1,HHI_lag,
600600.SH,青岛啤酒,CSI,地方国有企业,日常消费,食品饮料,日常消费--食品饮料--饮料--啤酒,2020,,,,,,,,,,41514185835.0,,0.053486635,2201323556.0,19130553.0,target_year,,,,,,,,,,SOE_target,0.069384,0.11063700000000001,24.34259111,0.036521616,0.109737598,0.783994456,0.204973157,0.278755397,0.466306653,1.572724464,0.030961465,True,H_nonSOE,0.12624890388964458,0.053486635,0.07276226888964457,3020666352.4609437,3020666352.4609437,0,1,HHI_lag,
600600.SH,青岛啤酒,CSI,地方国有企业,日常消费,食品饮料,日常消费--食品饮料--饮料--啤酒,2021,,,,,,,,,,46563004491.0,,0.068392254,3155455810.0,29093000.0,target_year,,,,,,,,,,SOE_target,0.09519899999999999,0.144667,24.44930103,0.030608359,0.106852675,0.704323711,0.219639959,0.256356563,0.485283121,1.587892074,0.031198181,True,H_nonSOE,0.11839364913372832,0.068392254,0.050001395133728324,2328215186.1680574,2328215186.1680574,0,1,HHI_lag,
600600.SH,青岛啤酒,CSI,地方国有企业,日常消费,食品饮料,日常消费--食品饮料--饮料--啤酒,2022,,,,,,,,,,50311699796.0,,0.07408436,3710628593.0,16681483.0,target_year,,,,,,,,,,SOE_target,0.094207,0.153026,24.56407217,0.029061598,0.106913309,0.685008349,0.22979565,0.234330308,0.489000085,1.586022499,0.035113023,True,H_nonSOE,0.11649257713660993,0.07408436,0.04240821713660993,2133629489.4607015,2133629489.4607015,0,1,HHI_lag,
600600.SH,青岛啤酒,CSI,地方国有企业,日常消费,食品饮料,日常消费--食品饮料--饮料--啤酒,2023,,,,,,,,,,49256011349.0,,0.08698,4267851406.0,16430590.0,target_year,,,,,,,,,,SOE_target,0.105586,0.16122,24.641503,0.026374,0.105461,0.664189,0.245086,0.227891,0.477809,1.626821,0.035382,True,H_nonSOE,0.11764220976800507,0.08698,0.030662209768005072,1510298152.3182764,1510298152.3182764,0,1,HHI_lag,
600600.SH,青岛啤酒,CSI,地方国有企业,日常消费,食品饮料,日常消费--食品饮料--饮料--啤酒,2024,,,,,,,,,,51420385832.0,,0.084924,4344983858.0,21837054.0,target_year,,,,,,,,,,SOE_target,0.105021,0.153778,24.620297,0.026821,0.100594,0.681677,0.257703,0.236404,0.42637,1.750271,0.032844,True,H_nonSOE,0.1266345058030629,0.084924,0.0417105058030629,2144770301.6413696,2144770301.6413696,0,1,HHI_lag,
600600.SH,青岛啤酒,CSI,地方国有企业,日常消费,食品饮料,日常消费--食品饮料--饮料--啤酒,2025,,,,,,,,,,52131585698.0,,0.088233,4588101137.0,11645392.0,target_year,,,,,,,,,,SOE_target,0.11355,0.153681,24.663301,0.025162,0.097008,0.638438,0.149096,0.242093,0.419305,1.437532,0.041638,True,H_nonSOE,0.1246697332100023,0.088233,0.03643673321000229,1899504679.8923972,1899504679.8923972,0,1,HHI_lag,
600674.SH,川投能源,CSI,地方国有企业,公用事业,公用事业Ⅱ,公用事业--公用事业Ⅱ--电力--电力公用事业,2019,,,,,,,,,,37455297271.0,,0.08663757,2947152991.0,297882959.1,target_year,,,,,,,,,,SOE_target,0.09496600000000001,0.113437,24.19037321,0.001407933,0.148389593,0.027388009,-0.126162172,0.096642724,0.211156314,0.238375654,0.000112629,True,H_nonSOE,0.09565443201316806,0.08663757,0.009016862013168064,337729247.1547974,337729247.1547974,0,1,CapexRatio_lag,
600674.SH,川投能源,CSI,地方国有企业,公用事业,公用事业Ⅱ,公用事业--公用事业Ⅱ--电力--电力公用事业,2020,,,,,,,,,,41329132241.0,,0.085105621,3161648053.0,355693399.7,target_year,,,,,,,,,,SOE_target,0.08250199999999999,0.113068,24.34641399,0.001205579,0.143602423,0.023400148,-0.003795965,0.089266117,0.261609643,0.974542199,0.005644483,True,H_nonSOE,0.08811574872660408,0.085105621,0.00301012772660407,124405966.8751203,124405966.8751203,1,0,,
600674.SH,川投能源,CSI,地方国有企业,公用事业,公用事业Ⅱ,公用事业--公用事业Ⅱ--电力--电力公用事业,2021,,,,,,,,,,48467289300.0,,0.072029473,3087390564.0,403682721.0,target_year,,,,,,,,,,SOE_target,0.070829,0.10283899999999999,24.44483347,0.001311827,0.126082379,0.025326604,-0.020587501,0.149878777,0.279982539,0.842265433,0.011127501,True,H_nonSOE,0.0912360344411083,0.072029473,0.0192065614411083,930889969.8244209,930889969.8244209,0,1,HHI_lag,
600674.SH,川投能源,CSI,地方国有企业,公用事业,公用事业Ⅱ,公用事业--公用事业Ⅱ--电力--电力公用事业,2022,,,,,,,,,,54713816868.0,,0.073686954,3515265709.0,516428791.4,target_year,,,,,,,,,,SOE_target,0.070057,0.108055,24.60415496,0.001311755,0.130392082,0.027269246,-0.076929215,0.15739761,0.333789881,0.523491198,0.018682481,True,H_nonSOE,0.08636337826147614,0.073686954,0.012676424261476138,693575555.5834776,693575555.5834776,0,1,HHI_lag,
600674.SH,川投能源,CSI,地方国有企业,公用事业,公用事业Ⅱ,公用事业--公用事业Ⅱ--电力--电力公用事业,2023,,,,,,,,,,60353345396.81,,0.083092,4400136762.78,614743511.5,target_year,,,,,,,,,,SOE_target,0.079343,0.12410700000000001,24.725382,0.001264,0.129341,0.026783,-0.063429,0.159617,0.356674,0.562795,0.011853,True,H_nonSOE,0.0861194885418182,0.083092,0.0030274885418181963,182719061.64923826,182719061.64923826,0,1,HHI_lag,
600674.SH,川投能源,CSI,地方国有企业,公用事业,公用事业Ⅱ,公用事业--公用事业Ⅱ--电力--电力公用事业,2024,,,,,,,,,,65049216986.43,,0.076308,4507725742.38,456048265.85,target_year,,,,,,,,,,SOE_target,0.082261,0.113788,24.823482,0.001247,0.121904,0.024977,-0.093234,0.155371,0.36055,0.376089,0.01185,True,H_nonSOE,0.08672315485689142,0.076308,0.010415154856891415,677497668.2332,677497668.2332,0,1,HHI_lag,
600674.SH,川投能源,CSI,地方国有企业,公用事业,公用事业Ⅱ,公用事业--公用事业Ⅱ--电力--电力公用事业,2025,,,,,,,,,,70280844646.92,,0.074284,4754148319.5,466574820.23,target_year,,,,,,,,,,SOE_target,0.079641,0.10925800000000001,24.89841,0.001364,0.118327,0.024926,-0.030629,0.163193,0.325335,0.646079,0.014149,True,H_nonSOE,0.09383904905116058,0.074284,0.01955504905116058,1374345364.4275172,1374345364.4275172,0,1,HHI_lag,
600741.SH,华域汽车,CSI,地方国有企业,可选消费,汽车与零配件,可选消费--汽车与零配件--汽车零配件--汽车零配件与设备,2019,,,,,,,,,,139127000000.0,,0.046042526,6463163299.0,-57384823.34,target_year,,,,,,,,,,SOE_target,0.06916699999999999,0.136372,25.61876601,0.105173849,0.376606004,1.218424095,0.095917985,0.187971562,0.591375165,1.188356392,0.056289775,True,H_nonSOE,0.07545327897302874,0.046042526,0.02941075297302874,4091829828.8785696,4091829828.8785696,1,0,,
600741.SH,华域汽车,CSI,地方国有企业,可选消费,汽车与零配件,可选消费--汽车与零配件--汽车零配件--汽车零配件与设备,2020,,,,,,,,,,150436000000.0,,0.036173167,5403276870.0,38468287.51,target_year,,,,,,,,,,SOE_target,0.05484,0.105986,25.65865613,0.102321962,0.369422071,1.052222715,0.098096971,0.185580865,0.578073616,1.195337752,0.041014965,True,H_nonSOE,0.0689427037503529,0.036173167,0.0327695367503529,4929718030.576089,4929718030.576089,1,0,,
600741.SH,华域汽车,CSI,地方国有企业,可选消费,汽车与零配件,可选消费--汽车与零配件--汽车零配件--汽车零配件与设备,2021,,,,,,,,,,153847000000.0,,0.041668248,6468939920.0,-58414795.01,target_year,,,,,,,,,,SOE_target,0.058917000000000004,0.12674,25.73680331,0.099651359,0.324255792,0.919275528,0.061256394,0.179405617,0.613203253,1.108781534,0.026615808,True,H_nonSOE,0.05673812238534799,0.041668248,0.015069874385347994,2318454964.5626326,2318454964.5626326,1,0,,
600741.SH,华域汽车,CSI,地方国有企业,可选消费,汽车与零配件,可选消费--汽车与零配件--汽车零配件--汽车零配件与设备,2022,,,,,,,,,,162797000000.0,,0.042880326,7203125199.0,-222339441.1,target_year,,,,,,,,,,SOE_target,0.057724000000000004,0.140533,25.7592229,0.091719109,0.289774151,0.916432657,0.04330837,0.164489571,0.651116923,1.075429526,0.032901711,True,H_nonSOE,0.048516574731739315,0.042880326,0.0056362487317393115,917564384.7809647,917564384.7809647,1,0,,
600741.SH,华域汽车,CSI,地方国有企业,可选消费,汽车与零配件,可选消费--汽车与零配件--汽车零配件--汽车零配件与设备,2023,,,,,,,,,,176096527061.77,,0.041438,7214175836.76,82967479.37,target_year,,,,,,,,,,SOE_target,0.053342,0.130295,25.815769,0.087651,0.236564,0.995539,0.051679,0.160689,0.649534,1.087895,0.031948,True,H_nonSOE,0.054144216301616435,0.041438,0.012706216301616433,2237520562.8103013,2237520562.8103013,1,0,,
600741.SH,华域汽车,CSI,地方国有企业,可选消费,汽车与零配件,可选消费--汽车与零配件--汽车零配件--汽车零配件与设备,2024,,,,,,,,,,185005958123.93,,0.038573,6690703044.68,445450880.84,target_year,,,,,,,,,,SOE_target,0.048373,0.111687,25.894298,0.079829,0.222276,0.9913,0.071113,0.146473,0.650302,1.120299,0.027814,True,H_nonSOE,0.05358779025193157,0.038573,0.015014790251931566,2777825656.5884438,2777825656.5884438,1,0,,
600741.SH,华域汽车,CSI,地方国有企业,可选消费,汽车与零配件,可选消费--汽车与零配件--汽车零配件--汽车零配件与设备,2025,,,,,,,,,,199186450932.39,,0.037691,7207268139.61,300363531.54,target_year,,,,,,,,,,SOE_target,0.05118,0.111577,25.943654,0.072316,0.204324,0.932002,0.047394,0.13775,0.642604,1.080251,0.024096,True,H_nonSOE,0.05065147137061536,0.037691,0.012960471370615359,2581550294.723722,2581550294.723722,1,0,,
600760.SH,中航沈飞,CSI,中央国有企业,工业,国防军工,工业--国防军工--航空航天与国防Ⅲ--航空航天,2019,,,,,,,,,,29223855418.0,,0.030645756,877785950.4,17801204.6,target_year,,,,,,,,,,SOE_target,0.032455,0.10607100000000001,24.07103611,0.234061146,0.285442207,0.73382927,0.094811604,0.156668572,0.711535713,1.13982081,0.021528326,True,H_nonSOE,0.022314071961541344,0.030645756,-0.008331684038458655,-243483929.7283741,0.0,1,0,,
600760.SH,中航沈飞,CSI,中央国有企业,工业,国防军工,工业--国防军工--航空航天与国防Ⅲ--航空航天,2020,,,,,,,,,,32853080760.0,,0.044497289,1480199037.0,-18325999.76,target_year,,,,,,,,,,SOE_target,0.055996,0.157162,24.09825118,0.25391587,0.279462147,0.822813114,0.126611615,0.154215263,0.680994566,1.194178025,0.019204256,True,H_nonSOE,0.03402739762487582,0.044497289,-0.010469891375124184,-343968186.8953823,0.0,1,0,,
600760.SH,中航沈飞,CSI,中央国有企业,工业,国防军工,工业--国防军工--航空航天与国防Ⅲ--航空航天,2021,,,,,,,,,,62780477436.0,,0.023023896,1695718597.0,-250267428.3,target_year,,,,,,,,,,SOE_target,0.038985,0.157295,24.21531136,0.271869554,0.273615357,0.878885182,0.154294154,0.141732989,0.670187379,1.23638641,0.022587022,True,H_nonSOE,0.040363745434529974,0.023023896,0.017339849434529975,1088604026.1681464,1088604026.1681464,1,0,,
600760.SH,中航沈飞,CSI,中央国有企业,工业,国防军工,工业--国防军工--航空航天与国防Ⅲ--航空航天,2022,,,,,,,,,,58792300811.0,,0.034290357,2304914649.0,-288905647.1,target_year,,,,,,,,,,SOE_target,0.042947,0.190097,24.86290999,0.300582293,0.271325141,0.712078293,0.11045987,0.075155929,0.804076801,1.140517772,0.015019361,True,H_nonSOE,0.015949414491925447,0.034290357,-0.018340942508074554,-1078306209.091976,0.0,1,0,,
600760.SH,中航沈飞,CSI,中央国有企业,工业,国防军工,工业--国防军工--航空航天与国防Ⅲ--航空航天,2023,,,,,,,,,,55466437662.06,,0.04908,3007151011.69,-284871174.07,target_year,,,,,,,,,,SOE_target,0.05942,0.215317,24.797277,0.31911,0.272876,0.680945,0.127789,0.091034,0.765048,1.170943,0.018031,True,H_nonSOE,0.019818654282918794,0.04908,-0.029261345717081205,-1623022608.124471,0.0,1,0,,
600760.SH,中航沈飞,CSI,中央国有企业,工业,国防军工,工业--国防军工--航空航天与国防Ⅲ--航空航天,2024,,,,,,,,,,61589834322.62,,0.050531,3393966060.7,-281780980.48,target_year,,,,,,,,,,SOE_target,0.062074,0.21099199999999999,24.739044,0.285535,0.247277,0.80713,0.19824,0.106196,0.706893,1.30884,0.046211,True,H_nonSOE,0.03301043147522115,0.050531,-0.017520568524778853,-1079088912.6792402,0.0,1,0,,
600760.SH,中航沈飞,CSI,中央国有企业,工业,国防军工,工业--国防军工--航空航天与国防Ⅲ--航空航天,2025,,,,,,,,,,77486151790.18,,0.044729,3517760109.76,-51895460.66,target_year,,,,,,,,,,SOE_target,0.057051,0.17316600000000001,24.843763,0.26643,0.253215,0.729017,0.191021,0.119894,0.690682,1.30753,0.049573,True,H_nonSOE,0.03226204077133617,0.044729,-0.01246695922866383,-966016695.1542308,0.0,1,0,,
600795.SH,国电电力,CSI,中央国有企业,公用事业,公用事业Ⅱ,公用事业--公用事业Ⅱ--电力--电力公用事业,2019,,,,,,,,,,364848000000.0,,0.03103471,1868693329.0,9454253879.0,target_year,,,,,,,,,,SOE_target,0.052023,0.035694,26.33094615,0.108567586,0.148389593,0.235939416,-0.20008333,0.824503098,0.738424424,0.254622885,0.046610381,True,H_nonSOE,0.062546612553328,0.03103471,0.031511902553327996,11497054622.776613,11497054622.776613,0,1,FixedAssetsRatio_lag,
600795.SH,国电电力,CSI,中央国有企业,公用事业,公用事业Ⅱ,公用事业--公用事业Ⅱ--电力--电力公用事业,2020,,,,,,,,,,357337000000.0,,0.031801717,2633092717.0,8730848509.0,target_year,,,,,,,,,,SOE_target,0.028807,0.049264,26.62274626,0.17020986,0.143602423,0.360249419,-0.153296874,0.803204859,0.680281684,0.389709423,0.033277747,True,H_nonSOE,0.08354004749938998,0.031801717,0.05173833049938998,18488019805.66052,18488019805.66052,0,2,"FirmSize_lag, FixedAssetsRatio_lag",
600795.SH,国电电力,CSI,中央国有企业,公用事业,公用事业Ⅱ,公用事业--公用事业Ⅱ--电力--电力公用事业,2021,,,,,,,,,,397909000000.0,,0.01530631,-1845353429.0,7935869338.0,target_year,,,,,,,,,,SOE_target,-0.004032,-0.037367,26.60194614,0.150635222,0.126082379,0.31726249,-0.175229782,0.798494104,0.668275244,0.366384625,0.039259747,True,H_nonSOE,0.08089513248236352,0.01530631,0.06558882248236352,26098382765.134785,26098382765.134785,0,3,"FirmSize_lag, FixedAssetsRatio_lag, HHI_lag",
600795.SH,国电电力,CSI,中央国有企业,公用事业,公用事业Ⅱ,公用事业--公用事业Ⅱ--电力--电力公用事业,2022,,,,,,,,,,412852000000.0,,0.025132614,2824661198.0,7551385897.0,target_year,,,,,,,,,,SOE_target,0.025287,0.06217399999999999,26.70948872,0.177715444,0.130392082,0.439254514,-0.182234617,0.784952008,0.720608319,0.420969478,0.053779605,True,H_nonSOE,0.07845528919749101,0.025132614,0.05332267519749101,22014373100.63456,22014373100.63456,0,3,"FirmSize_lag, FixedAssetsRatio_lag, HHI_lag",
600795.SH,国电电力,CSI,中央国有企业,公用事业,公用事业Ⅱ,公用事业--公用事业Ⅱ--电力--电力公用事业,2023,,,,,,,,,,457899346871.8,,0.026904,5608589563.0,6710634947.41,target_year,,,,,,,,,,SOE_target,0.035992,0.119557,26.746355,0.174129,0.129341,0.469478,-0.148351,0.777889,0.732903,0.489031,0.091215,True,H_nonSOE,0.07325121557148158,0.026904,0.04634721557148158,21222359739.507935,21222359739.507935,0,3,"FirmSize_lag, FixedAssetsRatio_lag, HHI_lag",
600795.SH,国电电力,CSI,中央国有企业,公用事业,公用事业Ⅱ,公用事业--公用事业Ⅱ--电力--电力公用事业,2024,,,,,,,,,,493936293815.87,,0.033167,9831015730.47,6551289184.38,target_year,,,,,,,,,,SOE_target,0.056732,0.187621,26.849915,0.155481,0.121904,0.411434,-0.18418,0.786377,0.739186,0.410321,0.10869,True,H_nonSOE,0.06456788259419179,0.033167,0.031400882594191784,15510035571.12235,15510035571.12235,0,3,"FirmSize_lag, FixedAssetsRatio_lag, HHI_lag",
600795.SH,国电电力,CSI,中央国有企业,公用事业,公用事业Ⅱ,公用事业--公用事业Ⅱ--电力--电力公用事业,2025,,,,,,,,,,520151776851.06,,0.025088,7161419062.53,5887937095.54,target_year,,,,,,,,,,SOE_target,0.04671,0.124002,26.925672,0.154752,0.118327,0.372564,-0.127761,0.776514,0.734045,0.498768,0.117618,True,H_nonSOE,0.06274130985194801,0.025088,0.03765330985194801,19585436023.814278,19585436023.814278,0,3,"FirmSize_lag, FixedAssetsRatio_lag, HHI_lag",
600809.SH,山西汾酒,CSI,地方国有企业,日常消费,食品饮料,日常消费--食品饮料--饮料--白酒与葡萄酒,2019,,,,,,,,,,16067772126.0,,0.120645565,1938505451.0,0.0,target_year,,,,,,,,,,SOE_target,0.19643999999999998,0.28379899999999997,23.19381691,0.011358508,0.118716357,0.730553813,0.313357956,0.160991916,0.452055606,1.698127236,0.006345891,True,H_nonSOE,0.10247638947384946,0.120645565,-0.018169175526150536,-291938172.07148296,0.0,0,1,HHI_lag,
600809.SH,山西汾酒,CSI,地方国有企业,日常消费,食品饮料,日常消费--食品饮料--饮料--白酒与葡萄酒,2020,,,,,,,,,,19778534913.0,,0.152246337,3079233697.0,-68024211.2,target_year,,,,,,,,,,SOE_target,0.23637699999999998,0.357553,23.50008137,0.012563816,0.109737598,0.690167098,0.264738088,0.132517046,0.525473058,1.507083422,0.010036058,True,H_nonSOE,0.09143600638539104,0.152246337,-0.06081033061460897,-1202739247.1321163,0.0,0,1,HHI_lag,
600809.SH,山西汾酒,CSI,地方国有企业,日常消费,食品饮料,日常消费--食品饮料--饮料--白酒与葡萄酒,2021,,,,,,,,,,29954563964.0,,0.176283383,5313612016.0,-33120152.46,target_year,,,,,,,,,,SOE_target,0.285143,0.42509399999999997,23.70786309,0.012665221,0.106852675,0.640874842,0.312390239,0.115668116,0.491118185,1.641645687,0.00990074,True,H_nonSOE,0.09579053154617734,0.176283383,-0.08049285145382265,-2411128267.518281,0.0,0,1,HHI_lag,
600809.SH,山西汾酒,CSI,地方国有企业,日常消费,食品饮料,日常消费--食品饮料--饮料--白酒与葡萄酒,2022,,,,,,,,,,36686474275.0,,0.219673789,8095851304.0,-36794481.72,target_year,,,,,,,,,,SOE_target,0.32640300000000005,0.44307899999999995,24.12294754,0.015645986,0.106913309,0.653126402,0.367907014,0.083238228,0.479653252,1.772545459,0.005217143,True,H_nonSOE,0.10397537709309487,0.219673789,-0.11569841190690514,-4244566812.081029,0.0,0,1,HHI_lag,
600809.SH,山西汾酒,CSI,地方国有企业,日常消费,食品饮料,日常消费--食品饮料--饮料--白酒与葡萄酒,2023,,,,,,,,,,44095837995.19,,0.236534,10438114410.47,-7937771.17,target_year,,,,,,,,,,SOE_target,0.35168900000000003,0.42467799999999994,24.325674,0.017717,0.105461,0.648619,0.391304,0.067605,0.407261,1.966935,0.022504,True,H_nonSOE,0.11317134434133103,0.236534,-0.12336265565866897,-5439779678.581076,0.0,0,1,HHI_lag,
600809.SH,山西汾酒,CSI,地方国有企业,日常消费,食品饮料,日常消费--食品饮料--饮料--白酒与葡萄酒,2024,,,,,,,,,,53495197888.51,,0.228677,12242884323.77,-9765157.86,target_year,,,,,,,,,,SOE_target,0.33853700000000003,0.39120399999999994,24.509631,0.020625,0.100594,0.646094,0.441337,0.062488,0.358781,2.284846,0.011,True,H_nonSOE,0.12351063803288481,0.228677,-0.10516636196711518,-5625895344.645498,0.0,0,1,HHI_lag,
600809.SH,山西汾酒,CSI,地方国有企业,日常消费,食品饮料,日常消费--食品饮料--饮料--白酒与葡萄酒,2025,,,,,,,,,,56323475330.54,,0.217073,12246329337.25,-20025507.86,target_year,,,,,,,,,,SOE_target,0.30286,0.32926,24.702858,0.023549,0.097008,0.616411,0.487344,0.09119,0.341913,2.451332,0.01192,True,H_nonSOE,0.12904809495982658,0.217073,-0.0880249050401734,-4957868567.503333,0.0,0,1,HHI_lag,
600845.SH,宝信软件,CSI,中央国有企业,信息技术,软件服务,信息技术--软件服务--软件--应用软件,2019,,,,,,,,,,10267677543.0,,0.081925389,879342167.8,-38158695.38,target_year,,,,,,,,,,SOE_target,0.101713,0.12857100000000002,22.96879561,0.111629061,0.165297342,0.603696254,0.453013002,0.177288325,0.283095215,2.655370712,0.066055153,True,H_nonSOE,0.005848950315960638,0.081925389,-0.07607643868403936,-781128341.0275275,0.0,1,0,,
600845.SH,宝信软件,CSI,中央国有企业,信息技术,软件服务,信息技术--软件服务--软件--应用软件,2020,,,,,,,,,,14070448560.0,,0.088149099,1300621550.0,-60324188.48,target_year,,,,,,,,,,SOE_target,0.12177500000000001,0.181308,23.0522667,0.119813233,0.156571733,0.693114084,0.42081115,0.184828746,0.292041392,2.50922769,0.088434728,True,H_nonSOE,0.009198195448643625,0.088149099,-0.07895090355135637,-1110874627.184881,0.0,1,0,,
600845.SH,宝信软件,CSI,中央国有企业,信息技术,软件服务,信息技术--软件服务--软件--应用软件,2021,,,,,,,,,,17860169154.0,,0.099359437,1818835201.0,-44258849.6,target_year,,,,,,,,,,SOE_target,0.126112,0.223171,23.36734259,0.14363829,0.151169635,0.779807981,0.305796909,0.122237644,0.466077062,1.666951471,0.023677422,True,H_nonSOE,0.004141431185685621,0.099359437,-0.09521800581431437,-1700609690.3502102,0.0,1,0,,
600845.SH,宝信软件,CSI,中央国有企业,信息技术,软件服务,信息技术--软件服务--软件--应用软件,2022,,,,,,,,,,19581031615.0,,0.112537592,2185886525.0,17715615.56,target_year,,,,,,,,,,SOE_target,0.122726,0.230578,23.60583888,0.14572694,0.153055264,0.733913566,0.320951649,0.115802186,0.462290693,1.724840493,0.042653776,True,H_nonSOE,0.0020323654869910113,0.112537592,-0.110505226513009,-2163806333.973965,0.0,1,0,,
600845.SH,宝信软件,CSI,中央国有企业,信息技术,软件服务,信息技术--软件服务--软件--应用软件,2023,,,,,,,,,,21882684637.81,,0.114085,2553638969.59,-57147146.8,target_year,,,,,,,,,,SOE_target,0.13603500000000002,0.24034199999999997,23.697827,0.149362,0.14694,0.69877,0.357491,0.102442,0.455595,1.825248,0.015366,True,H_nonSOE,0.005831950657275264,0.114085,-0.10825304934272474,-2368867339.8481307,0.0,1,0,,
600845.SH,宝信软件,CSI,中央国有企业,信息技术,软件服务,信息技术--软件服务--软件--应用软件,2024,,,,,,,,,,21636685902.19,,0.10333,2265482898.16,-29759456.65,target_year,,,,,,,,,,SOE_target,0.11368,0.199552,23.808962,0.143091,0.139728,0.619504,0.376569,0.099233,0.447554,1.926631,0.017193,True,H_nonSOE,0.002729944641055318,0.10333,-0.10060005535894469,-2176651799.544412,0.0,1,0,,
600845.SH,宝信软件,CSI,中央国有企业,信息技术,软件服务,信息技术--软件服务--软件--应用软件,2025,,,,,,,,,,22314945033.04,,0.057715,1305010991.72,-17114725.47,target_year,,,,,,,,,,SOE_target,0.064209,0.11631,23.797656,0.127,0.169431,0.624517,0.381346,0.108447,0.432194,1.981772,0.020184,True,H_nonSOE,0.004925523214351468,0.057715,-0.052789476785648534,-1177994272.7946882,0.0,1,0,,
600875.SH,东方电气,CSI,中央国有企业,工业,电气设备,工业--电气设备--电气设备Ⅲ--重型电气设备,2019,,,,,,,,,,89618965556.0,,0.015717674,1277671818.0,130929860.5,target_year,,,,,,,,,,SOE_target,0.006066,0.044028,25.23767212,0.084142144,0.075162529,0.349259169,0.228409844,0.066453384,0.663898493,1.395835175,0.002025643,True,H_nonSOE,0.027937903110054764,0.015717674,0.012220229110054763,1095164291.7004263,1095164291.7004263,0,1,HHI_lag,
600875.SH,东方电气,CSI,中央国有企业,工业,电气设备,工业--电气设备--电气设备Ⅲ--重型电气设备,2020,,,,,,,,,,97795137769.0,,0.020410563,1861998155.0,134055669.1,target_year,,,,,,,,,,SOE_target,0.011969,0.061694000000000006,25.2188328,0.073544025,0.069863037,0.351245526,0.222554195,0.06293563,0.645181879,1.403307137,0.007166305,True,H_nonSOE,0.02929027962185611,0.020410563,0.008879716621856111,868393110.3840977,868393110.3840977,0,1,HHI_lag,
600875.SH,东方电气,CSI,中央国有企业,工业,电气设备,工业--电气设备--电气设备Ⅲ--重型电气设备,2021,,,,,,,,,,103105000000.0,,0.023600924,2289036817.0,144326348.8,target_year,,,,,,,,,,SOE_target,0.017065,0.072203,25.3061407,0.070729662,0.069189957,0.386725704,0.148967446,0.055489357,0.655999257,1.259661364,0.00553372,True,H_nonSOE,0.03054672323037734,0.023600924,0.006945799230377341,716146629.6480558,716146629.6480558,0,1,HHI_lag,
600875.SH,东方电气,CSI,中央国有企业,工业,电气设备,工业--电气设备--电气设备Ⅲ--重型电气设备,2022,,,,,,,,,,115265000000.0,,0.026347295,2854650575.0,182271979.4,target_year,,,,,,,,,,SOE_target,0.021002,0.084608,25.35900958,0.063575156,0.081262738,0.46546583,0.115208513,0.05076816,0.656815638,1.204886628,0.006960057,True,H_nonSOE,0.034879018326999696,0.026347295,0.008531723326999696,983409089.28662,983409089.28662,0,1,HHI_lag,
600875.SH,东方电气,CSI,中央国有企业,工业,电气设备,工业--电气设备--电气设备Ⅲ--重型电气设备,2023,,,,,,,,,,121108373341.62,,0.030112,3550393576.32,96404032.6,target_year,,,,,,,,,,SOE_target,0.024314,0.09831300000000001,25.4705,0.041868,0.108841,0.496214,-0.000125,0.045409,0.664904,0.999787,0.006491,True,H_nonSOE,0.03409531683201565,0.030112,0.0039833168320156515,482413022.02971053,482413022.02971053,0,1,HHI_lag,
600875.SH,东方电气,CSI,中央国有企业,工业,电气设备,工业--电气设备--电气设备Ⅲ--重型电气设备,2024,,,,,,,,,,142009284851.87,,0.021335,2922100908.48,107669363.23,target_year,,,,,,,,,,SOE_target,0.020957,0.076856,25.519952,0.039852,0.112299,0.504004,0.036663,0.047941,0.659645,1.06232,0.009166,True,H_nonSOE,0.03551678065850242,0.021335,0.014181780658502417,2013944529.2400103,2013944529.2400103,0,1,HHI_lag,
600875.SH,东方电气,CSI,中央国有企业,工业,电气设备,工业--电气设备--电气设备Ⅲ--重型电气设备,2025,,,,,,,,,,162674195217.33,,0.024077,3831301222.13,85345766.36,target_year,,,,,,,,,,SOE_target,0.031003,0.091188,25.679158,0.050664,0.107313,0.521385,0.034271,0.048634,0.696201,1.054737,0.021119,True,H_nonSOE,0.029190310815677474,0.024077,0.005113310815677473,831803721.836402,831803721.836402,0,1,HHI_lag,
600886.SH,国投电力,CSI,中央国有企业,公用事业,公用事业Ⅱ,公用事业--公用事业Ⅱ--电力--电力公用事业,2019,,,,,,,,,,224722000000.0,,0.042848909,4755460882.0,4873610845.0,target_year,,,,,,,,,,SOE_target,0.067674,0.12181900000000001,26.1201075,0.067425895,0.148389593,0.18671361,-0.080609047,0.838680884,0.682009567,0.494120103,0.046417675,True,H_nonSOE,0.07078459837358413,0.042848909,0.02793568937358413,6277763987.410573,6277763987.410573,0,1,FixedAssetsRatio_lag,
600886.SH,国投电力,CSI,中央国有企业,公用事业,公用事业Ⅱ,公用事业--公用事业Ⅱ--电力--电力公用事业,2020,,,,,,,,,,228909000000.0,,0.042418916,5515627276.0,4194460020.0,target_year,,,,,,,,,,SOE_target,0.051626000000000005,0.125914,26.13812775,0.061507665,0.143602423,0.186274265,-0.04132307,0.810239806,0.668949453,0.728631805,0.044695381,True,H_nonSOE,0.07188219371124843,0.042418916,0.02946327771124843,6744409437.604167,6744409437.604167,0,1,FixedAssetsRatio_lag,
600886.SH,国投电力,CSI,中央国有企业,公用事业,公用事业Ⅱ,公用事业--公用事业Ⅱ--电力--电力公用事业,2021,,,,,,,,,,241370000000.0,,0.027875459,2436891837.0,4291394378.0,target_year,,,,,,,,,,SOE_target,0.027852000000000002,0.049387999999999994,26.156592,0.050456318,0.126082379,0.169181835,-0.066500176,0.82814494,0.639222502,0.577776524,0.044517337,True,H_nonSOE,0.07603558794119286,0.027875459,0.04816012894119286,11624410322.53572,11624410322.53572,0,2,"FixedAssetsRatio_lag, HHI_lag",
600886.SH,国投电力,CSI,中央国有企业,公用事业,公用事业Ⅱ,公用事业--公用事业Ⅱ--电力--电力公用事业,2022,,,,,,,,,,258254000000.0,,0.03381893,4079375650.0,4654513767.0,target_year,,,,,,,,,,SOE_target,0.037759999999999995,0.076989,26.2095949,0.045790834,0.130392082,0.18176182,-0.067490828,0.809947994,0.635164482,0.571163608,0.038436347,True,H_nonSOE,0.07847892700307646,0.03381893,0.04465999700307646,11533622866.032509,11533622866.032509,0,2,"FixedAssetsRatio_lag, HHI_lag",
600886.SH,国投电力,CSI,中央国有企业,公用事业,公用事业Ⅱ,公用事业--公用事业Ⅱ--电力--电力公用事业,2023,,,,,,,,,,277363021076.32,,0.038506,6704936953.85,3975288601.66,target_year,,,,,,,,,,SOE_target,0.053080999999999996,0.118062,26.277211,0.045306,0.129341,0.198222,-0.08302,0.800705,0.637472,0.521016,0.058878,True,H_nonSOE,0.07592108213776101,0.038506,0.03741508213776101,10377560215.548052,10377560215.548052,0,2,"FixedAssetsRatio_lag, HHI_lag",
600886.SH,国投电力,CSI,中央国有企业,公用事业,公用事业Ⅱ,公用事业--公用事业Ⅱ--电力--电力公用事业,2024,,,,,,,,,,296536685805.74,,0.033908,6643033266.19,3412049732.32,target_year,,,,,,,,,,SOE_target,0.06662499999999999,0.109754,26.348593,0.04841,0.121904,0.208256,-0.061429,0.776516,0.631828,0.628079,0.073018,True,H_nonSOE,0.07474433981750828,0.033908,0.040836339817508276,12109472869.920881,12109472869.920881,0,2,"FixedAssetsRatio_lag, HHI_lag",
600886.SH,国投电力,CSI,中央国有企业,公用事业,公用事业Ⅱ,公用事业--公用事业Ⅱ--电力--电力公用事业,2025,,,,,,,,,,313579818706.81,,0.032146,7393381322.0,2687092580.25,target_year,,,,,,,,,,SOE_target,0.062301,0.109834,26.415437,0.049531,0.118327,0.197773,-0.090115,0.767208,0.632175,0.527581,0.073402,True,H_nonSOE,0.07413470629483827,0.032146,0.04198870629483827,13166810907.668877,13166810907.668877,0,2,"FixedAssetsRatio_lag, HHI_lag",
600893.SH,航发动力,CSI,中央国有企业,工业,国防军工,工业--国防军工--航空航天与国防Ⅲ--航空航天,2019,,,,,,,,,,63115020067.0,,0.023695335,1077406923.0,418124589.7,target_year,,,,,,,,,,SOE_target,0.029830000000000002,0.039094000000000004,24.70302304,0.267740082,0.285442207,0.437535611,0.043166966,0.334289968,0.429212935,1.08260805,0.032583643,True,H_nonSOE,0.06786797049249638,0.023695335,0.04417263549249638,2787956775.5211854,2787956775.5211854,1,0,,
600893.SH,航发动力,CSI,中央国有企业,工业,国防军工,工业--国防军工--航空航天与国防Ⅲ--航空航天,2020,,,,,,,,,,64352332318.0,,0.022585258,1145986116.0,307427913.2,target_year,,,,,,,,,,SOE_target,0.022119,0.035375000000000004,24.86822461,0.268981923,0.279462147,0.430985785,0.180032179,0.308221958,0.42097161,1.423587814,0.038841514,True,H_nonSOE,0.0689734444851894,0.022585258,0.0463881864851894,2985187992.3242645,2985187992.3242645,1,0,,
600893.SH,航发动力,CSI,中央国有企业,工业,国防军工,工业--国防军工--航空航天与国防Ⅲ--航空航天,2021,,,,,,,,,,90648498035.0,,0.013911733,1187619447.0,73458273.32,target_year,,,,,,,,,,SOE_target,0.01816,0.032292999999999995,24.88763901,0.284731838,0.273615357,0.448269208,0.168979618,0.311568166,0.417257503,1.394363511,0.040230166,True,H_nonSOE,0.07116224136552868,0.013911733,0.057250508365528675,5189672595.075377,5189672595.075377,1,0,,
600893.SH,航发动力,CSI,中央国有企业,工业,国防军工,工业--国防军工--航空航天与国防Ⅲ--航空航天,2022,,,,,,,,,,89965912662.0,,0.01576586,1267781837.0,150608102.9,target_year,,,,,,,,,,SOE_target,0.017733000000000002,0.033426,25.23025521,0.300423066,0.271325141,0.439110596,0.129696967,0.235812024,0.559425655,1.232595064,0.033230453,True,H_nonSOE,0.050521907662970406,0.01576586,0.034756047662970406,3126859548.5231047,3126859548.5231047,1,0,,
600893.SH,航发动力,CSI,中央国有企业,工业,国防军工,工业--国防军工--航空航天与国防Ⅲ--航空航天,2023,,,,,,,,,,99795552106.78,,0.016727,1421421585.27,247847861.48,target_year,,,,,,,,,,SOE_target,0.018008,0.036513,25.222697,0.285061,0.272876,0.409442,0.123892,0.246077,0.541098,1.22639,0.031555,True,H_nonSOE,0.052092212940050855,0.016727,0.03536521294005086,3529290950.7262154,3529290950.7262154,1,0,,
600893.SH,航发动力,CSI,中央国有企业,工业,国防军工,工业--国防军工--航空航天与国防Ⅲ--航空航天,2024,,,,,,,,,,115913298911.68,,0.011363,860291114.25,456787611.33,target_year,,,,,,,,,,SOE_target,0.014764999999999999,0.021689,25.326389,0.269155,0.247277,0.458109,0.107993,0.235554,0.560545,1.185283,0.033502,True,H_nonSOE,0.05284354248332484,0.011363,0.04148054248332484,4808146519.888273,4808146519.888273,1,0,,
600893.SH,航发动力,CSI,中央国有企业,工业,国防军工,工业--国防军工--航空航天与国防Ⅲ--航空航天,2025,,,,,,,,,,123071590336.09,,0.010252,634328156.8,627400791.46,target_year,,,,,,,,,,SOE_target,0.012845,0.015845,25.476108,0.297316,0.253215,0.441468,0.114637,0.213589,0.607384,1.188188,0.025182,True,H_nonSOE,0.0445910454343753,0.010252,0.0343390454343753,4226160932.231818,4226160932.231818,1,0,,
600900.SH,长江电力,CSI,中央国有企业,公用事业,公用事业Ⅱ,公用事业--公用事业Ⅱ--电力--电力公用事业,2019,,,,,,,,,,296483000000.0,,0.090205718,21543493636.0,5200957545.0,target_year,,,,,,,,,,SOE_target,0.107289,0.147703,26.41192448,0.084052252,0.148389593,0.167846247,-0.160212281,0.827770041,0.517137032,0.16690857,0.010554722,True,H_nonSOE,0.09903837759162817,0.090205718,0.00883265959162817,2618733413.7046947,2618733413.7046947,0,2,"FixedAssetsRatio_lag, CurrentRatio_lag",
600900.SH,长江电力,CSI,中央国有企业,公用事业,公用事业Ⅱ,公用事业--公用事业Ⅱ--电力--电力公用事业,2020,,,,,,,,,,330827000000.0,,0.094562387,26297890223.0,4985909832.0,target_year,,,,,,,,,,SOE_target,0.11937099999999999,0.16353,26.41525532,0.072210962,0.143602423,0.164550436,-0.151521069,0.786457909,0.494014744,0.197202157,0.00916354,True,H_nonSOE,0.10275514417820338,0.094562387,0.008192757178203378,2710385278.993489,2710385278.993489,0,1,FixedAssetsRatio_lag,
600900.SH,长江电力,CSI,中央国有企业,公用事业,公用事业Ⅱ,公用事业--公用事业Ⅱ--电力--电力公用事业,2021,,,,,,,,,,328563000000.0,,0.094424331,26272998503.0,4751369574.0,target_year,,,,,,,,,,SOE_target,0.112712,0.148779,26.52486171,0.074410164,0.126082379,0.180422565,-0.192822765,0.707604134,0.460982464,0.187030032,0.010966039,True,H_nonSOE,0.10758567315825943,0.094424331,0.013161342158259426,4324330063.544191,4324330063.544191,0,2,"FixedAssetsRatio_lag, HHI_lag",
600900.SH,长江电力,CSI,中央国有企业,公用事业,公用事业Ⅱ,公用事业--公用事业Ⅱ--电力--电力公用事业,2022,,,,,,,,,,327268000000.0,,0.077615125,21309033981.0,4091934992.0,target_year,,,,,,,,,,SOE_target,0.092723,0.116267,26.51799529,0.058372527,0.130392082,0.165251528,-0.10799369,0.674421881,0.42084757,0.335606159,0.010572933,True,H_nonSOE,0.11488909103739761,0.077615125,0.03727396603739762,12198576317.127045,12198576317.127045,0,2,"FixedAssetsRatio_lag, HHI_lag",
600900.SH,长江电力,CSI,中央国有企业,公用事业,公用事业Ⅱ,公用事业--公用事业Ⅱ--电力--电力公用事业,2023,,,,,,,,,,571942544909.29,,0.069579,27238970860.7,12556406948.81,target_year,,,,,,,,,,SOE_target,0.10002000000000001,0.14083600000000002,26.514046,0.046651,0.129341,0.155493,-0.113534,0.654516,0.401854,0.291705,0.014883,True,H_nonSOE,0.11625318023722911,0.069579,0.04667418023722911,26694949426.435707,26694949426.435707,0,2,"FixedAssetsRatio_lag, HHI_lag",
600900.SH,长江电力,CSI,中央国有企业,公用事业,公用事业Ⅱ,公用事业--公用事业Ⅱ--电力--电力公用事业,2024,,,,,,,,,,566071979792.34,,0.077071,32496172808.65,11131343530.28,target_year,,,,,,,,,,SOE_target,0.087861,0.157895,27.072304,0.06641,0.121904,0.170171,-0.220611,0.786164,0.628811,0.122989,0.021388,True,H_nonSOE,0.07846842028158048,0.077071,0.0013974202815804776,791040465.3962301,791040465.3962301,0,4,"FirmSize_lag, FixedAssetsRatio_lag, HHI_lag, CurrentRatio_lag",
600900.SH,长江电力,CSI,中央国有企业,公用事业,公用事业Ⅱ,公用事业--公用事业Ⅱ--电力--电力公用事业,2025,,,,,,,,,,559208340046.84,,0.078458,34502809176.39,9371372984.05,target_year,,,,,,,,,,SOE_target,0.09084199999999999,0.159873,27.061987,0.072025,0.118327,0.145031,-0.251498,0.776353,0.607902,0.107736,0.025474,True,H_nonSOE,0.07865256730779148,0.078458,0.00019456730779147946,108803661.21745582,108803661.21745582,0,4,"FirmSize_lag, FixedAssetsRatio_lag, HHI_lag, CurrentRatio_lag",
600905.SH,三峡能源,CSI,中央国有企业,公用事业,公用事业Ⅱ,公用事业--公用事业Ⅱ--电力--电力公用事业,2019,,,,,,,,,,100050000000.0,,0.044637736,2839735774.0,1626271621.0,target_year,,,,,,,,,,SOE_target,0.036157,0.071715,25.16693766,0.012310599,0.148389593,0.095504611,0.032057758,0.624194288,0.492527498,1.235768548,0.12482356,True,H_nonSOE,0.07665996432771764,0.044637736,0.032022228327717644,3203823944.1881504,3203823944.1881504,1,0,,
600905.SH,三峡能源,CSI,中央国有企业,公用事业,公用事业Ⅱ,公用事业--公用事业Ⅱ--电力--电力公用事业,2020,,,,,,,,,,142576000000.0,,0.040053102,3610991284.0,2099634099.0,target_year,,,,,,,,,,SOE_target,0.052405999999999994,0.08984,25.32893633,0.013171647,0.143602423,0.095973224,-0.052296024,0.661347862,0.583253272,0.762889652,0.142675768,True,H_nonSOE,0.0644900533291515,0.040053102,0.024436951329151503,3484122772.705105,3484122772.705105,0,1,FixedAssetsRatio_lag,
600905.SH,三峡能源,CSI,中央国有企业,公用事业,公用事业Ⅱ,公用事业--公用事业Ⅱ--电力--电力公用事业,2021,,,,,,,,,,217196000000.0,,0.039073376,5642366893.0,2844231671.0,target_year,,,,,,,,,,SOE_target,0.036911,0.10189999999999999,25.68314352,0.014739605,0.126082379,0.092403534,-0.064530566,0.68917574,0.67431158,0.69579096,0.178542795,True,H_nonSOE,0.04485127953475888,0.039073376,0.005777903534758877,1254937536.135489,1254937536.135489,0,2,"FixedAssetsRatio_lag, HHI_lag",
600905.SH,三峡能源,CSI,中央国有企业,公用事业,公用事业Ⅱ,公用事业--公用事业Ⅱ--电力--电力公用事业,2022,,,,,,,,,,262127000000.0,,0.042507105,7155475873.0,3986790888.0,target_year,,,,,,,,,,SOE_target,0.037842,0.0981,26.10406807,0.016447582,0.130392082,0.085340136,-0.016042716,0.667788729,0.647345629,0.909165829,0.137691712,True,H_nonSOE,0.05500056885848908,0.042507105,0.012493463858489075,3274874200.8341656,3274874200.8341656,0,2,"FixedAssetsRatio_lag, HHI_lag",
600905.SH,三峡能源,CSI,中央国有企业,公用事业,公用事业Ⅱ,公用事业--公用事业Ⅱ--电力--电力公用事业,2023,,,,,,,,,,311707560904.4,,0.035726,7181086737.34,3954822772.55,target_year,,,,,,,,,,SOE_target,0.031429,0.09,26.292096,0.021631,0.129341,0.098646,-0.016599,0.657012,0.66444,0.907727,0.10579,True,H_nonSOE,0.0576023562742983,0.035726,0.0218763562742983,6819025655.73719,6819025655.73719,0,2,"FixedAssetsRatio_lag, HHI_lag",
600905.SH,三峡能源,CSI,中央国有企业,公用事业,公用事业Ⅱ,公用事业--公用事业Ⅱ--电力--电力公用事业,2024,,,,,,,,,,356871426700.32,,0.029203,6111426749.8,4310318180.69,target_year,,,,,,,,,,SOE_target,0.038501,0.07221899999999999,26.465331,0.022815,0.121904,0.091612,0.00235,0.684482,0.693671,1.015668,0.131892,True,H_nonSOE,0.04832712485737568,0.029203,0.019124124857375684,6824853722.246714,6824853722.246714,0,2,"FixedAssetsRatio_lag, HHI_lag",
600905.SH,三峡能源,CSI,中央国有企业,公用事业,公用事业Ⅱ,公用事业--公用事业Ⅱ--电力--电力公用事业,2025,,,,,,,,,,387155529975.3,,0.020299,3714396619.2,4144510564.47,target_year,,,,,,,,,,SOE_target,0.024668000000000002,0.042359,26.600641,0.025729,0.118327,0.088185,-0.023704,0.690148,0.709569,0.866542,0.086512,True,H_nonSOE,0.05398999177437667,0.020299,0.033690991774376663,13043653775.802269,13043653775.802269,0,3,"FirmSize_lag, FixedAssetsRatio_lag, HHI_lag",
600930.SH,华电新能,CSI,中央国有企业,公用事业,公用事业Ⅱ,公用事业--公用事业Ⅱ--电力--电力公用事业,2022,,,,,,,,,,271927000000.0,,0.046442641,8522326035.0,4106695099.0,target_year,,,,,,,,,,SOE_target,0.051731,,,,0.130392082,,,,,,,True,H_nonSOE,0.04245697534466481,0.046442641,-0.003985665655335188,-1083810104.6583316,0.0,0,1,HHI_lag,
600930.SH,华电新能,CSI,中央国有企业,公用事业,公用事业Ⅱ,公用事业--公用事业Ⅱ--电力--电力公用事业,2023,,,,,,,,,,336672867584.0,,0.042015,9619770057.0,4525620297.0,target_year,,,,,,,,,,SOE_target,0.052148,0.122204,26.328801,0.022349,0.129341,,-0.124576,0.705813,0.71125,0.542037,0.214746,True,H_nonSOE,0.0705180300332452,0.042015,0.028503030033245197,9596196856.125536,9596196856.125536,0,2,"FixedAssetsRatio_lag, HHI_lag",
600930.SH,华电新能,CSI,中央国有企业,公用事业,公用事业Ⅱ,公用事业--公用事业Ⅱ--电力--电力公用事业,2024,,,,,,,,,,444090216404.0,,0.032194,8831054314.0,5465860155.0,target_year,,,,,,,,,,SOE_target,0.040872,0.093033,26.542378,0.025418,0.121904,0.096234,-0.106022,0.69146,0.73178,0.567832,0.179024,True,H_nonSOE,0.03607135738834054,0.032194,0.0038773573883405382,1721896481.6637979,1721896481.6637979,0,2,"FixedAssetsRatio_lag, HHI_lag",
600930.SH,华电新能,CSI,中央国有企业,公用事业,公用事业Ⅱ,公用事业--公用事业Ⅱ--电力--电力公用事业,2025,,,,,,,,,,518120395445.0,,0.025709,7262870120.0,6057531034.0,target_year,,,,,,,,,,SOE_target,0.031789,0.059893999999999996,26.819294,0.029306,0.118327,0.086012,-0.092824,0.653688,0.730639,0.610585,0.1612,True,H_nonSOE,0.03913488706269165,0.025709,0.013425887062691651,6956225914.121708,6956225914.121708,0,3,"FirmSize_lag, FixedAssetsRatio_lag, HHI_lag",
600938.SH,中国海油,CSI,中央国有企业,能源,石油石化,能源--石油石化--石油天然气--石油天然气勘探与生产,2019,,,,,,,,,,757731000000.0,,0.084581468,61045000000.0,3045000000.0,target_year,,,,,,,,,,SOE_target,0.122,0.14105399999999998,27.24356143,0.039982787,0.452070271,0.338122435,0.176552309,0.600102537,0.385123877,2.706101762,0.07465611,True,H_nonSOE,0.07267038614481561,0.084581468,-0.0119110818551844,-9025395965.21073,0.0,0,1,FirmSize_lag,
600938.SH,中国海油,CSI,中央国有企业,能源,石油石化,能源--石油石化--石油天然气--石油天然气勘探与生产,2020,,,,,,,,,,721275000000.0,,0.039516135,24956000000.0,3546000000.0,target_year,,,,,,,,,,SOE_target,0.050007,0.056596,27.35359428,0.039338217,0.44417932,0.316247015,0.151367702,0.581412137,0.408462898,2.256956241,0.095039005,True,H_nonSOE,0.0677639391652491,0.039516135,0.0282478041652491,20374434949.290047,20374434949.290047,0,1,FirmSize_lag,
600938.SH,中国海油,CSI,中央国有企业,能源,石油石化,能源--石油石化--石油天然气--石油天然气勘探与生产,2021,,,,,,,,,,786569000000.0,,0.093450161,70320000000.0,3185000000.0,target_year,,,,,,,,,,SOE_target,0.129543,0.153769,27.30428632,0.035156816,0.429200271,0.205074219,0.122753457,0.619275588,0.398384805,2.182854166,0.10456206,True,H_nonSOE,0.060469489872896555,0.093450161,-0.03298067112710345,-25941573507.77463,0.0,0,1,FirmSize_lag,
600938.SH,中国海油,CSI,中央国有企业,能源,石油石化,能源--石油石化--石油天然气--石油天然气勘探与生产,2022,,,,,,,,,,929031000000.0,,0.155839794,141700000000.0,3080000000.0,target_year,,,,,,,,,,SOE_target,0.22717400000000001,0.26287099999999997,27.39094629,0.041284448,0.425995256,0.315149313,0.14497266,0.591748467,0.387242569,2.213728433,0.104805809,True,H_nonSOE,0.06971428467893523,0.155839794,-0.08612550932106477,-80013268050.05814,0.0,0,1,FirmSize_lag,
600938.SH,中国海油,CSI,中央国有企业,能源,石油石化,能源--石油石化--石油天然气--石油天然气勘探与生产,2023,,,,,,,,,,1005598000000.0,,0.125544,123843000000.0,2404000000.0,target_year,,,,,,,,,,SOE_target,0.17633700000000002,0.19599,27.557408,0.054529,0.418201,0.45369,0.162845,0.573414,0.355906,2.334215,0.101992,True,H_nonSOE,0.08360497471040854,0.125544,-0.04193902528959145,-42173799953.16258,0.0,0,1,FirmSize_lag,
600938.SH,中国海油,CSI,中央国有企业,能源,石油石化,能源--石油石化--石油天然气--石油天然气勘探与生产,2024,,,,,,,,,,1056281000000.0,,0.133222,137936000000.0,2784000000.0,target_year,,,,,,,,,,SOE_target,0.182531,0.19508199999999998,27.636604,0.059575,0.410755,0.420933,0.125633,0.589619,0.335842,2.01934,0.120202,True,H_nonSOE,0.08357916938166474,0.133222,-0.04964283061833527,-52436778768.3658,0.0,0,1,FirmSize_lag,
600938.SH,中国海油,CSI,中央国有企业,能源,石油石化,能源--石油石化--石油天然气--石油天然气勘探与生产,2025,,,,,,,,,,1098559000000.0,,0.113556,122082000000.0,2666000000.0,target_year,,,,,,,,,,SOE_target,0.155225,0.157495,27.685775,0.061841,0.406814,0.39843,0.137969,0.598714,0.290496,2.225943,0.116786,True,H_nonSOE,0.08815680513075441,0.113556,-0.025399194869245592,-27902514116.363567,0.0,0,1,FirmSize_lag,
600941.SH,中国移动,CSI,中央国有企业,通讯服务,电信服务,通讯服务--电信服务--多元电信服务--综合电信业务,2019,,,,,,,,,,1629240000000.0,,0.067442489,106641000000.0,3239000000.0,target_year,,,,,,,,,,SOE_target,0.08549799999999999,0.098917,28.06014416,0.500605614,0.376451505,0.438784797,0.039532264,0.480937034,0.312584071,1.127989578,0.127067341,True,H_nonSOE,0.11575119593428997,0.067442489,0.04830870693428997,78706477685.62259,78706477685.62259,0,1,FirmSize_lag,
600941.SH,中国移动,CSI,中央国有企业,通讯服务,电信服务,通讯服务--电信服务--多元电信服务--综合电信业务,2020,,,,,,,,,,1727880000000.0,,0.064135745,107843000000.0,2976000000.0,target_year,,,,,,,,,,SOE_target,0.079764,0.095746,28.11913476,0.502483187,0.377325617,0.426135886,0.041613881,0.455924235,0.32036471,1.146729803,0.125804056,True,H_nonSOE,0.111974149710707,0.064135745,0.04783840471070701,82659022731.53642,82659022731.53642,0,1,FirmSize_lag,
600941.SH,中国移动,CSI,中央国有企业,通讯服务,电信服务,通讯服务--电信服务--多元电信服务--综合电信业务,2021,,,,,,,,,,1841330000000.0,,0.064443741,116148000000.0,2514000000.0,target_year,,,,,,,,,,SOE_target,0.08055799999999999,0.098628,28.1779175,0.498909861,0.375629725,0.414457383,0.03615351,0.449798076,0.332841016,1.120765784,0.110221068,True,H_nonSOE,0.11147893581446025,0.064443741,0.04703519481446025,86607315267.7101,86607315267.7101,0,1,FirmSize_lag,
600941.SH,中国移动,CSI,中央国有企业,通讯服务,电信服务,通讯服务--电信服务--多元电信服务--综合电信业务,2022,,,,,,,,,,1935540000000.0,,0.065937739,125459000000.0,2166000000.0,target_year,,,,,,,,,,SOE_target,0.081688,0.100219,28.24150762,0.494347903,0.374126853,0.421050715,0.007181234,0.431779363,0.342706646,1.022714155,0.112587824,True,H_nonSOE,0.10884295422047359,0.065937739,0.042905215220473594,83044760267.83546,83044760267.83546,0,1,FirmSize_lag,
600941.SH,中国移动,CSI,中央国有企业,通讯服务,电信服务,通讯服务--电信服务--多元电信服务--综合电信业务,2023,,,,,,,,,,1992657000000.0,,0.067908,131766000000.0,3552000000.0,target_year,,,,,,,,,,SOE_target,0.0849,0.09985799999999999,28.291406,0.492227,0.373379,0.430017,-0.039765,0.420615,0.327617,0.85569,0.097951,True,H_nonSOE,0.11366880632542858,0.067908,0.04576080632542859,91185591050.00955,91185591050.00955,0,1,FirmSize_lag,
600941.SH,中国移动,CSI,中央国有企业,通讯服务,电信服务,通讯服务--电信服务--多元电信服务--综合电信业务,2024,,,,,,,,,,2108127000000.0,,0.067097,138373000000.0,3077000000.0,target_year,,,,,,,,,,SOE_target,0.08544299999999999,0.101233,28.32049,0.493234,0.374249,0.439649,-0.030342,0.396034,0.324528,0.891757,0.090965,True,H_nonSOE,0.11402897216974814,0.067097,0.046931972169748135,98938557694.29463,98938557694.29463,0,1,FirmSize_lag,
600941.SH,中国移动,CSI,中央国有企业,通讯服务,电信服务,通讯服务--电信服务--多元电信服务--综合电信业务,2025,,,,,,,,,,2128182000000.0,,0.065914,137095000000.0,3183000000.0,target_year,,,,,,,,,,SOE_target,0.08191000000000001,0.097213,28.376821,0.491611,0.373264,0.433804,-0.030576,0.374154,0.337545,0.898172,0.073989,True,H_nonSOE,0.11274340219261944,0.065914,0.04682940219261944,99661490817.09323,99661490817.09323,0,1,FirmSize_lag,
601006.SH,大秦铁路,CSI,中央国有企业,工业,交通运输,工业--交通运输--铁路公路运输--铁路运输,2019,,,,,,,,,,148044000000.0,,0.095561613,13669294112.0,478008759.0,target_year,,,,,,,,,,SOE_target,0.134944,0.124054,25.70652666,0.089625731,0.111099702,0.570549848,0.084136557,0.57754898,0.215728043,1.670729602,0.046021713,True,H_nonSOE,0.07222045538898214,0.095561613,-0.023341157611017863,-3455518337.3655286,0.0,0,1,HHI_lag,
601006.SH,大秦铁路,CSI,中央国有企业,工业,交通运输,工业--交通运输--铁路公路运输--铁路运输,2020,,,,,,,,,,182203000000.0,,0.06014214,10895704612.0,62353169.0,target_year,,,,,,,,,,SOE_target,0.09520899999999999,0.092804,25.72077391,0.082277343,0.108646931,0.541686591,0.100402373,0.552307357,0.174412521,2.048937304,0.035506266,True,H_nonSOE,0.07536538966255454,0.06014214,0.015223249662554547,2773721758.266426,2773721758.266426,0,1,HHI_lag,
601006.SH,大秦铁路,CSI,中央国有企业,工业,交通运输,工业--交通运输--铁路公路运输--铁路运输,2021,,,,,,,,,,198546000000.0,,0.06305714,12181309677.0,338451918.0,target_year,,,,,,,,,,SOE_target,0.096868,0.099306,25.92838541,0.090638906,0.123286456,0.436682029,0.297357989,0.425794186,0.287461936,5.030979552,0.010649474,True,H_nonSOE,0.026326413947533836,0.06305714,-0.03673072605246616,-7292738734.812946,0.0,0,1,HHI_lag,
601006.SH,大秦铁路,CSI,中央国有企业,工业,交通运输,工业--交通运输--铁路公路运输--铁路运输,2022,,,,,,,,,,202297000000.0,,0.056109512,11196257454.0,154529809.0,target_year,,,,,,,,,,SOE_target,0.084593,0.088618,26.01428814,0.071203937,0.15352339,0.411764299,0.271773036,0.441406619,0.318403373,3.96929373,0.018177959,True,H_nonSOE,0.028641396863822027,0.056109512,-0.027468115136177973,-5556717287.703396,0.0,1,0,,
601006.SH,大秦铁路,CSI,中央国有企业,工业,交通运输,工业--交通运输--铁路公路运输--铁路运输,2023,,,,,,,,,,207673222249.0,,0.058222,11930006082.0,161042754.0,target_year,,,,,,,,,,SOE_target,0.087265,0.08968400000000001,26.033003,0.064458,0.180808,0.377665,0.299635,0.437414,0.307013,4.480187,0.035211,True,H_nonSOE,0.021109637190509192,0.058222,-0.03711236280949081,-7707243969.920907,0.0,1,0,,
601006.SH,大秦铁路,CSI,中央国有企业,工业,交通运输,工业--交通运输--铁路公路运输--铁路运输,2024,,,,,,,,,,207017831253.0,,0.043731,9039359180.0,13716097.0,target_year,,,,,,,,,,SOE_target,0.064335,0.061777,26.059232,0.066414,0.114556,0.393827,0.313596,0.43126,0.266118,5.188494,0.035112,True,H_nonSOE,0.02201971825405903,0.043731,-0.021711281745940968,-4494622460.767547,0.0,0,1,HHI_lag,
601006.SH,大秦铁路,CSI,中央国有企业,工业,交通运输,工业--交通运输--铁路公路运输--铁路运输,2025,,,,,,,,,,211817901515.0,,0.026457,5900148479.0,-296022107.0,target_year,,,,,,,,,,SOE_target,0.039529999999999996,0.036973,26.056071,0.053537,0.116886,0.358657,0.289553,0.436047,0.178965,4.920361,0.021893,True,H_nonSOE,0.03743364034604464,0.026457,0.01097664034604464,2325048923.784059,2325048923.784059,0,1,HHI_lag,
601018.SH,宁波港,CSI,地方国有企业,工业,交通运输,工业--交通运输--交通基础设施--海港与服务,2019,,,,,,,,,,71778991000.0,,0.054406379,3422218000.0,483017000.0,target_year,,,,,,,,,,SOE_target,0.06641,0.08650600000000001,25.02221389,0.024928256,0.111099702,0.31969526,-0.075756932,0.484900717,0.429334025,0.769098533,0.030742178,True,H_nonSOE,0.021357751917031487,0.054406379,-0.03304862708296851,-2372197105.950753,0.0,0,1,HHI_lag,
601018.SH,宁波港,CSI,地方国有企业,工业,交通运输,工业--交通运输--交通基础设施--海港与服务,2020,,,,,,,,,,85419000000.0,,0.045359534,3430805000.0,443761000.0,target_year,,,,,,,,,,SOE_target,0.061177,0.074361,24.99685767,0.024966116,0.108646931,0.332344106,-0.073309306,0.515756024,0.380991076,0.727700149,0.038359163,True,H_nonSOE,0.030693523507602495,0.045359534,-0.014666010492397505,-1252755950.2501025,0.0,0,1,HHI_lag,
601018.SH,宁波港,CSI,地方国有企业,工业,交通运输,工业--交通运输--交通基础设施--海港与服务,2021,,,,,,,,,,94961585000.0,,0.050877647,4331678000.0,499744000.0,target_year,,,,,,,,,,SOE_target,0.066056,0.081565,25.1708344,0.026568472,0.123286456,0.268910892,-0.037107962,0.512220536,0.351703169,0.848909062,0.045371896,True,H_nonSOE,0.03241868539240454,0.050877647,-0.018458961607595456,-1752892251.7114124,0.0,0,1,HHI_lag,
601018.SH,宁波港,CSI,地方国有企业,工业,交通运输,工业--交通运输--交通基础设施--海港与服务,2022,,,,,,,,,,108880000000.0,,0.044127532,4220128000.0,584461000.0,target_year,,,,,,,,,,SOE_target,0.064013,0.06663000000000001,25.27673828,0.020766758,0.15352339,0.253490862,-0.022773914,0.5203172,0.380029988,0.899107636,0.067032422,True,H_nonSOE,0.025542089660951964,0.044127532,-0.018585442339048033,-2023582961.8755498,0.0,1,0,,
601018.SH,宁波港,CSI,地方国有企业,工业,交通运输,工业--交通运输--交通基础设施--海港与服务,2023,,,,,,,,,,112344177000.0,,0.04463,4668391000.0,345504000.0,target_year,,,,,,,,,,SOE_target,0.05669,0.063583,25.413509,0.021723,0.180808,0.250287,0.082167,0.499505,0.297792,1.472622,0.058357,True,H_nonSOE,0.03637569426521091,0.04463,-0.008254305734789094,-927323184.481261,0.0,1,0,,
601018.SH,宁波港,CSI,地方国有企业,工业,交通运输,工业--交通运输--交通基础设施--海港与服务,2024,,,,,,,,,,112898984000.0,,0.045185,4897513000.0,203858000.0,target_year,,,,,,,,,,SOE_target,0.06326,0.063945,25.444833,0.021216,0.114556,0.233152,-0.026377,0.542051,0.281558,0.866527,0.07921,True,H_nonSOE,0.03845576189409809,0.045185,-0.006729238105901911,-759724145.2504101,0.0,0,1,HHI_lag,
601018.SH,宁波港,CSI,地方国有企业,工业,交通运输,工业--交通运输--交通基础设施--海港与服务,2025,,,,,,,,,,123425080000.0,,0.042734,5168472000.0,105974000.0,target_year,,,,,,,,,,SOE_target,0.061954,0.064993,25.449759,0.020463,0.116886,0.252389,-0.018075,0.559628,0.242247,0.883191,0.046109,True,H_nonSOE,0.05125807316704338,0.042734,0.00852407316704338,1052084412.5681825,1052084412.5681825,0,1,HHI_lag,
601088.SH,中国神华,CSI,中央国有企业,能源,煤炭Ⅱ,能源--煤炭Ⅱ--煤炭Ⅲ--煤炭与消费用燃料,2019,,,,,,,,,,563083000000.0,,0.079515809,41707000000.0,3067000000.0,target_year,,,,,,,,,,SOE_target,0.115733,0.121282,27.10614052,0.507010805,0.3281903,0.454082948,0.1857846,0.496824007,0.308960391,1.890858398,0.035385531,True,H_nonSOE,0.09320445731952329,0.079515809,0.01368864831952328,7707845161.702127,7707845161.702127,0,1,FirmSize_lag,
601088.SH,中国神华,CSI,中央国有企业,能源,煤炭Ⅱ,能源--煤炭Ⅱ--煤炭Ⅲ--煤炭与消费用燃料,2020,,,,,,,,,,562904000000.0,,0.067702486,35849000000.0,2261000000.0,target_year,,,,,,,,,,SOE_target,0.10646499999999999,0.099542,27.05669288,0.447627872,0.293470907,0.418929791,0.115455448,0.49812905,0.253719256,1.680864657,0.033758789,True,H_nonSOE,0.10010118521390367,0.067702486,0.03239869921390366,18237357382.303226,18237357382.303226,0,1,FirmSize_lag,
601088.SH,中国神华,CSI,中央国有企业,能源,煤炭Ⅱ,能源--煤炭Ⅱ--煤炭Ⅲ--煤炭与消费用燃料,2021,,,,,,,,,,610597000000.0,,0.088765585,51607000000.0,2593000000.0,target_year,,,,,,,,,,SOE_target,0.135102,0.138684,27.05637494,0.411734128,0.275297772,0.414326276,0.182510695,0.493943905,0.236837898,2.478364727,0.036727399,True,H_nonSOE,0.09617561888863027,0.088765585,0.007410033888630277,4524544462.295981,4524544462.295981,0,1,FirmSize_lag,
601088.SH,中国神华,CSI,中央国有企业,能源,煤炭Ⅱ,能源--煤炭Ⅱ--煤炭Ⅲ--煤炭与消费用燃料,2022,,,,,,,,,,625178000000.0,,0.121784516,72903000000.0,3234000000.0,target_year,,,,,,,,,,SOE_target,0.161546,0.187659,27.137703,0.389105518,0.269530745,0.57130927,0.190898416,0.474710816,0.26429216,2.270458212,0.039081424,True,H_nonSOE,0.1025373387446644,0.121784516,-0.01924717725533559,-12032911782.136194,0.0,0,1,FirmSize_lag,
601088.SH,中国神华,CSI,中央国有企业,能源,煤炭Ⅱ,能源--煤炭Ⅱ--煤炭Ⅲ--煤炭与消费用燃料,2023,,,,,,,,,,633412000000.0,,0.106539,64625000000.0,2858000000.0,target_year,,,,,,,,,,SOE_target,0.147784,0.159881,27.161302,0.370616,0.250024,0.557598,0.180182,0.471779,0.259856,2.14473,0.045881,True,H_nonSOE,0.1018169038446871,0.106539,-0.0047220961553128965,-2991032369.9290524,0.0,0,1,FirmSize_lag,
601088.SH,中国神华,CSI,中央国有企业,能源,煤炭Ⅱ,能源--煤炭Ⅱ--煤炭Ⅲ--煤炭与消费用燃料,2024,,,,,,,,,,661436000000.0,,0.098454,62421000000.0,2700000000.0,target_year,,,,,,,,,,SOE_target,0.139226,0.148422,27.174387,0.39907,0.263234,0.545172,0.169504,0.489088,0.239593,2.17231,0.058546,True,H_nonSOE,0.1029103297840467,0.098454,0.0044563297840466976,2947576947.0407114,2947576947.0407114,0,1,FirmSize_lag,
601088.SH,中国神华,CSI,中央国有企业,能源,煤炭Ⅱ,能源--煤炭Ⅱ--煤炭Ⅲ--煤炭与消费用燃料,2025,,,,,,,,,,631777000000.0,,0.089593,54218000000.0,2385000000.0,target_year,,,,,,,,,,SOE_target,0.125517,0.128749,27.217679,0.392903,0.263097,0.522648,0.170092,0.483933,0.233002,2.214694,0.055987,True,H_nonSOE,0.10212656754623543,0.089593,0.012533567546235427,7918419703.65798,7918419703.65798,0,1,FirmSize_lag,
601111.SH,中国国航,CSI,中央国有企业,工业,交通运输,工业--交通运输--航空客运Ⅲ--航空客运Ⅳ,2019,,,,,,,,,,294206000000.0,,0.038643697,6420294000.0,4948928000.0,target_year,,,,,,,,,,SOE_target,0.051708,0.068808,26.21902778,0.157036515,0.111099702,0.570723639,-0.200337972,0.704525554,0.587543188,0.327076743,0.037507993,True,H_nonSOE,0.020065438655071897,0.038643697,-0.0185782583449281,-5465835074.627916,0.0,0,2,"FixedAssetsRatio_lag, HHI_lag",
601111.SH,中国国航,CSI,中央国有企业,工业,交通运输,工业--交通运输--航空客运Ⅲ--航空客运Ⅳ,2020,,,,,,,,,,284030000000.0,,-0.032755591,-14403343000.0,5099785000.0,target_year,,,,,,,,,,SOE_target,-0.046895,-0.16846,26.40754731,0.140714954,0.108646931,0.506376413,-0.180675733,0.347233919,0.655583725,0.318275776,0.025430907,True,H_nonSOE,-0.004818257401393668,-0.032755591,0.027937333598606333,7935040862.0121565,7935040862.0121565,0,1,HHI_lag,
601111.SH,中国国航,CSI,中央国有企业,工业,交通运输,工业--交通运输--航空客运Ⅲ--航空客运Ⅳ,2021,,,,,,,,,,298381000000.0,,-0.037335215,-16635178000.0,5495052000.0,target_year,,,,,,,,,,SOE_target,-0.056464,-0.23951,26.37234435,0.087367401,0.123286456,0.24039925,-0.214281471,0.356816629,0.705055278,0.244867819,0.017709488,True,H_nonSOE,-0.02921686472507829,-0.037335215,0.008118350274921707,2422361473.381414,2422361473.381414,0,1,HHI_lag,
601111.SH,中国国航,CSI,中央国有企业,工业,交通运输,工业--交通运输--航空客运Ⅲ--航空客运Ⅳ,2022,,,,,,,,,,294979000000.0,,-0.108973296,-38617495000.0,6472620000.0,target_year,,,,,,,,,,SOE_target,-0.133588,-0.909227,26.42163767,0.067699809,0.15352339,0.25594192,-0.205183842,0.331135843,0.77937245,0.331770559,0.006113086,True,H_nonSOE,-0.03961065855845747,-0.108973296,0.06936263744154253,20460521429.868774,20460521429.868774,1,0,,
601111.SH,中国国航,CSI,中央国有企业,工业,交通运输,工业--交通运输--航空客运Ⅲ--航空客运Ⅳ,2023,,,,,,,,,,335278694000.0,,0.017611,-1038411000.0,6943087000.0,target_year,,,,,,,,,,SOE_target,0.014877,-0.034168,26.410171,0.045046,0.180808,0.178298,-0.23811,0.337563,0.927018,0.240533,0.003352,True,H_nonSOE,-0.06765181420218255,0.017611,-0.08526281420218255,-28586804992.47242,0.0,1,0,,
601111.SH,中国国航,CSI,中央国有企业,工业,交通运输,工业--交通运输--航空客运Ⅲ--航空客运Ⅳ,2024,,,,,,,,,,345750173000.0,,0.017834,-232557000.0,6398748000.0,target_year,,,,,,,,,,SOE_target,0.012565,-0.0056489999999999995,26.538228,0.11608,0.114556,0.447754,-0.23259,0.351136,0.894822,0.293107,0.028784,True,H_nonSOE,-0.04746140838230367,0.017834,-0.06529540838230367,-22575898744.287144,0.0,0,1,HHI_lag,
601111.SH,中国国航,CSI,中央国有企业,工业,交通运输,工业--交通运输--航空客运Ⅲ--航空客运Ⅳ,2025,,,,,,,,,,343010455000.0,,0.010977,-1787943000.0,5553051000.0,target_year,,,,,,,,,,SOE_target,0.009768,-0.040801,26.568982,0.12001,0.116886,0.48955,-0.280326,0.353379,0.881631,0.29567,0.026481,True,H_nonSOE,-0.04331816882939002,0.010977,-0.05429516882939002,-18623810564.470886,0.0,0,2,"FirmSize_lag, HHI_lag",
601117.SH,中国化学,CSI,中央国有企业,工业,建筑,工业--建筑--建筑与工程Ⅲ--建筑与工程Ⅳ,2019,,,,,,,,,,115865000000.0,,0.028923341,3061407369.0,289806779.8,target_year,,,,,,,,,,SOE_target,0.038437,0.09006299999999999,25.29821051,0.019913202,0.178025019,0.878292587,0.21952137,0.111219633,0.63906894,1.387030531,0.010159534,True,H_nonSOE,0.056711646898957795,0.028923341,0.027788305898957793,3219692062.9827447,3219692062.9827447,1,0,,
601117.SH,中国化学,CSI,中央国有企业,工业,建筑,工业--建筑--建筑与工程Ⅲ--建筑与工程Ⅳ,2020,,,,,,,,,,136008000000.0,,0.030814922,3658838010.0,532242625.5,target_year,,,,,,,,,,SOE_target,0.03608,0.10051299999999999,25.47569493,0.021861497,0.179054819,0.970062543,0.153063024,0.082862011,0.675556122,1.25315949,0.006583871,True,H_nonSOE,0.05555933498975203,0.030814922,0.02474441298975203,3365438121.9101944,3365438121.9101944,1,0,,
601117.SH,中国化学,CSI,中央国有企业,工业,建筑,工业--建筑--建筑与工程Ⅲ--建筑与工程Ⅳ,2021,,,,,,,,,,177896000000.0,,0.02864568,4633424156.0,462528943.3,target_year,,,,,,,,,,SOE_target,0.038491,0.10793,25.63598067,0.020410956,0.179498397,0.866772612,0.13346452,0.087295556,0.700576858,1.206806431,0.006452369,True,H_nonSOE,0.04517416184616775,0.02864568,0.01652848184616775,2940350806.5058584,2940350806.5058584,1,0,,
601117.SH,中国化学,CSI,中央国有企业,工业,建筑,工业--建筑--建筑与工程Ⅲ--建筑与工程Ⅳ,2022,,,,,,,,,,194566000000.0,,0.025998681,5415214019.0,-356763819.8,target_year,,,,,,,,,,SOE_target,0.036001,0.10713800000000001,25.90446519,0.022285355,0.17910201,0.872286223,0.12086578,0.084982363,0.704877319,1.184472444,0.021539793,True,H_nonSOE,0.042137553346372286,0.025998681,0.016138872346372287,3140075836.9442706,3140075836.9442706,1,0,,
601117.SH,中国化学,CSI,中央国有企业,工业,建筑,工业--建筑--建筑与工程Ⅲ--建筑与工程Ⅳ,2023,,,,,,,,,,219115319747.0,,0.023994,5426141014.95,-168615955.65,target_year,,,,,,,,,,SOE_target,0.033386,0.09831300000000001,25.994035,0.02301,0.173049,0.844108,0.1213,0.088868,0.700228,1.185803,0.015632,True,H_nonSOE,0.042263709778623745,0.023994,0.018269709778623744,4003173299.8280344,4003173299.8280344,1,0,,
601117.SH,中国化学,CSI,中央国有企业,工业,建筑,工业--建筑--建筑与工程Ⅲ--建筑与工程Ⅳ,2024,,,,,,,,,,233421377309.4,,0.025317,5687933905.73,221671999.73,target_year,,,,,,,,,,SOE_target,0.033504,0.09498,26.112864,0.024201,0.176169,0.859609,0.11793,0.094952,0.707587,1.180015,0.015217,True,H_nonSOE,0.04262957844728917,0.025317,0.017312578447289173,4041125905.9432726,4041125905.9432726,1,0,,
601117.SH,中国化学,CSI,中央国有企业,工业,建筑,工业--建筑--建筑与工程Ⅲ--建筑与工程Ⅳ,2025,,,,,,,,,,247353213805.61,,0.026946,6436145919.35,229081690.59,target_year,,,,,,,,,,SOE_target,0.036042,0.099426,26.176111,0.026149,0.174423,0.818796,0.08385,0.099532,0.704835,1.125799,0.012938,True,H_nonSOE,0.04073186942033904,0.026946,0.013785869420339037,3409979106.2253423,3409979106.2253423,1,0,,
601186.SH,中国铁建,CSI,中央国有企业,工业,建筑,工业--建筑--建筑与工程Ⅲ--建筑与工程Ⅳ,2019,,,,,,,,,,1081240000000.0,,0.024870217,20197378000.0,6693276000.0,target_year,,,,,,,,,,SOE_target,0.030754,0.106344,27.54510432,0.179441198,0.178025019,0.839435107,0.057684202,0.059639027,0.774063963,1.088617697,0.035240302,True,H_nonSOE,0.02569511126422028,0.024870217,0.0008248942642202807,891908674.2455363,891908674.2455363,0,1,FirmSize_lag,
601186.SH,中国铁建,CSI,中央国有企业,工业,建筑,工业--建筑--建筑与工程Ⅲ--建筑与工程Ⅳ,2020,,,,,,,,,,1242790000000.0,,0.022541552,22392983000.0,5621495000.0,target_year,,,,,,,,,,SOE_target,0.028767,0.09646800000000001,27.70912892,0.175822099,0.179054819,0.830905085,0.061813243,0.052260934,0.757665491,1.097005706,0.029840757,True,H_nonSOE,0.02801636349100247,0.022541552,0.005474811491002471,6804040972.902961,6804040972.902961,0,1,FirmSize_lag,
601186.SH,中国铁建,CSI,中央国有企业,工业,建筑,工业--建筑--建筑与工程Ⅲ--建筑与工程Ⅳ,2021,,,,,,,,,,1352970000000.0,,0.022695834,24690556000.0,6016226000.0,target_year,,,,,,,,,,SOE_target,0.028597,0.094403,27.84838222,0.170216618,0.179498397,0.783401225,0.073337434,0.051226586,0.747633644,1.118425578,0.025256172,True,H_nonSOE,0.027180653654612766,0.022695834,0.004484819654612764,6067826448.101432,6067826448.101432,0,1,FirmSize_lag,
601186.SH,中国铁建,CSI,中央国有企业,工业,建筑,工业--建筑--建筑与工程Ⅲ--建筑与工程Ⅳ,2022,,,,,,,,,,1523950000000.0,,0.02151334,26642094000.0,6143183000.0,target_year,,,,,,,,,,SOE_target,0.027513,0.095274,27.9333233,0.166034342,0.17910201,0.785903995,0.056408052,0.052064362,0.743901938,1.091719883,0.024298731,True,H_nonSOE,0.027921885014115515,0.02151334,0.006408545014115516,9766302174.261341,9766302174.261341,0,1,FirmSize_lag,
601186.SH,中国铁建,CSI,中央国有企业,工业,建筑,工业--建筑--建筑与工程Ⅲ--建筑与工程Ⅳ,2023,,,,,,,,,,1663019578000.0,,0.020178,26096971000.0,7459090000.0,target_year,,,,,,,,,,SOE_target,0.026402000000000002,0.086943,28.052327,0.16047,0.173049,0.762143,0.049486,0.048347,0.746701,1.080689,0.019856,True,H_nonSOE,0.026265849350556637,0.020178,0.006087849350556635,10124212657.89027,10124212657.89027,0,1,FirmSize_lag,
601186.SH,中国铁建,CSI,中央国有企业,工业,建筑,工业--建筑--建筑与工程Ⅲ--建筑与工程Ⅳ,2024,,,,,,,,,,1862842522000.0,,0.017098,22215074000.0,9635257000.0,target_year,,,,,,,,,,SOE_target,0.021749,0.06963,28.139656,0.154893,0.176169,0.714154,0.040108,0.047552,0.749179,1.06683,0.020998,True,H_nonSOE,0.02233705198053136,0.017098,0.0052390519805313625,9759528804.302137,9759528804.302137,0,1,FirmSize_lag,
601186.SH,中国铁建,CSI,中央国有企业,工业,建筑,工业--建筑--建筑与工程Ⅲ--建筑与工程Ⅳ,2025,,,,,,,,,,2083825209000.0,,0.015085,18362618000.0,13072638000.0,target_year,,,,,,,,,,SOE_target,0.018279,0.054934000000000004,28.253125,0.150621,0.174423,0.605339,0.01676,0.04286,0.773144,1.028057,0.020371,True,H_nonSOE,0.010982558989250046,0.015085,-0.004102441010749953,-8548769996.636192,0.0,0,1,FirmSize_lag,
601225.SH,陕西煤业,CSI,地方国有企业,能源,煤炭Ⅱ,能源--煤炭Ⅱ--煤炭Ⅲ--煤炭与消费用燃料,2019,,,,,,,,,,126684000000.0,,0.098061525,11643397961.0,779381426.5,target_year,,,,,,,,,,SOE_target,0.161265,0.213801,25.51516149,0.104323389,0.3281903,0.481035865,0.023440984,0.436528856,0.449190309,1.098515116,0.036689981,True,H_nonSOE,0.06946099266635646,0.098061525,-0.02860053233364354,-3623229838.155298,0.0,1,0,,
601225.SH,陕西煤业,CSI,地方国有企业,能源,煤炭Ⅱ,能源--煤炭Ⅱ--煤炭Ⅲ--煤炭与消费用燃料,2020,,,,,,,,,,148912000000.0,,0.100237638,14882641695.0,43980183.04,target_year,,,,,,,,,,SOE_target,0.174229,0.231661,25.56495786,0.12915651,0.293470907,0.564600682,0.054510991,0.439341317,0.39873896,1.247457596,0.038178355,True,H_nonSOE,0.08250679046850538,0.100237638,-0.01773084753149462,-2640335967.6099267,0.0,1,0,,
601225.SH,陕西煤业,CSI,地方国有企业,能源,煤炭Ⅱ,能源--煤炭Ⅱ--煤炭Ⅲ--煤炭与消费用燃料,2021,,,,,,,,,,185407000000.0,,0.113549493,21139687861.0,-86779774.34,target_year,,,,,,,,,,SOE_target,0.243413,0.271687,25.72662369,0.16038508,0.275297772,0.659401984,0.107688959,0.403718514,0.39783739,1.411395469,0.055749205,True,H_nonSOE,0.0835793033177528,0.113549493,-0.029970189682247197,-5556682958.416406,0.0,1,0,,
601225.SH,陕西煤业,CSI,地方国有企业,能源,煤炭Ⅱ,能源--煤炭Ⅱ--煤炭Ⅲ--煤炭与消费用燃料,2022,,,,,,,,,,215260000000.0,,0.16034107,35122944094.0,-607952085.2,target_year,,,,,,,,,,SOE_target,0.319782,0.37351300000000004,25.94582102,0.166631218,0.269530745,0.85877972,0.196678798,0.349646573,0.381809852,1.767717225,0.042977561,True,H_nonSOE,0.0963572486521392,0.16034107,-0.0639838213478608,-13773157383.340517,0.0,1,0,,
601225.SH,陕西煤业,CSI,地方国有企业,能源,煤炭Ⅱ,能源--煤炭Ⅱ--煤炭Ⅲ--煤炭与消费用燃料,2023,,,,,,,,,,193901834023.3,,0.107386,21239015394.53,-416754788.59,target_year,,,,,,,,,,SOE_target,0.20664000000000002,0.221275,26.095112,0.167115,0.250024,0.775475,0.145327,0.384026,0.359299,1.616833,0.047264,True,H_nonSOE,0.0963606844626067,0.107386,-0.01102531553739329,-2137828903.3861444,0.0,1,0,,
601225.SH,陕西煤业,CSI,地方国有企业,能源,煤炭Ⅱ,能源--煤炭Ⅱ--煤炭Ⅲ--煤炭与消费用燃料,2024,,,,,,,,,,228552861117.95,,0.099353,22359786564.16,347711903.42,target_year,,,,,,,,,,SOE_target,0.209174,0.24861799999999998,25.990618,0.185843,0.263234,0.780946,0.047082,0.456536,0.360052,1.221613,0.056212,True,H_nonSOE,0.10162365445995836,0.099353,0.00227065445995836,518964573.43371683,518964573.43371683,1,0,,
601225.SH,陕西煤业,CSI,地方国有企业,能源,煤炭Ⅱ,能源--煤炭Ⅱ--煤炭Ⅲ--煤炭与消费用燃料,2025,,,,,,,,,,236269289914.48,,0.071676,16764763168.36,170032743.71,target_year,,,,,,,,,,SOE_target,0.13987,0.17881,26.155033,0.201894,0.263097,0.823164,-0.024704,0.483405,0.437124,0.902357,0.060788,True,H_nonSOE,0.09488243594107329,0.071676,0.023206435941073286,5482968141.243253,5482968141.243253,1,0,,
601238.SH,广汽集团,CSI,地方国有企业,可选消费,汽车与零配件,可选消费--汽车与零配件--汽车--汽车制造,2019,,,,,,,,,,137464000000.0,,0.051888271,6616265000.0,516481000.0,target_year,,,,,,,,,,SOE_target,0.04707,0.08439500000000001,25.60738325,0.048609696,0.376606004,0.574830016,0.196102639,0.12346167,0.410059095,1.643304855,0.074538305,True,H_nonSOE,0.05161106944580722,0.051888271,-0.0002772015541927797,-38105234.44555627,0.0,1,0,,
601238.SH,广汽集团,CSI,地方国有企业,可选消费,汽车与零配件,可选消费--汽车与零配件--汽车--汽车制造,2020,,,,,,,,,,142861000000.0,,0.044824242,5964055000.0,439567000.0,target_year,,,,,,,,,,SOE_target,0.04066499999999999,0.072483,25.64662464,0.042562766,0.369422071,0.442849115,0.109771804,0.141097817,0.399780921,1.361212832,0.073478685,True,H_nonSOE,0.046373525619695224,0.044824242,0.0015492836196952242,221332207.19327942,221332207.19327942,1,0,,
601238.SH,广汽集团,CSI,地方国有企业,可选消费,汽车与零配件,可选消费--汽车与零配件--汽车--汽车制造,2021,,,,,,,,,,154251000000.0,,0.051450993,7511030000.0,425316000.0,target_year,,,,,,,,,,SOE_target,0.050627000000000005,0.085993,25.68513578,0.047287381,0.324255792,0.450599529,0.098695612,0.140508983,0.393019667,1.331421417,0.046097755,True,H_nonSOE,0.05259719912866524,0.051450993,0.001146206128665242,176803441.55274224,176803441.55274224,1,0,,
601238.SH,广汽集团,CSI,地方国有企业,可选消费,汽车与零配件,可选消费--汽车与零配件--汽车--汽车制造,2022,,,,,,,,,,190075000000.0,,0.043845671,7982930000.0,351026000.0,target_year,,,,,,,,,,SOE_target,0.042034,0.078417,25.76184432,0.049781593,0.289774151,0.50941025,0.078178567,0.126259291,0.399361872,1.245439908,0.04047274,True,H_nonSOE,0.05579040691543655,0.043845671,0.011944735915436544,2270395679.126601,2270395679.126601,1,0,,
601238.SH,广汽集团,CSI,地方国有企业,可选消费,汽车与零配件,可选消费--汽车与零配件--汽车--汽车制造,2023,,,,,,,,,,218448770000.0,,0.022413,4428845000.0,467323000.0,target_year,,,,,,,,,,SOE_target,0.015753,0.038668999999999995,25.970683,0.061175,0.236564,0.638968,0.184684,0.109223,0.356557,1.619242,0.04216,True,H_nonSOE,0.06903650710461537,0.022413,0.046623507104615367,10184847780.089489,10184847780.089489,1,0,,
601238.SH,广汽集团,CSI,地方国有企业,可选消费,汽车与零配件,可选消费--汽车与零配件--汽车--汽车制造,2024,,,,,,,,,,232512366000.0,,0.005963,823579000.0,562994000.0,target_year,,,,,,,,,,SOE_target,-0.003319,0.007156,26.109817,0.061643,0.222276,0.635,0.109483,0.114121,0.430284,1.309821,0.052994,True,H_nonSOE,0.05692737932717119,0.005963,0.05096437932717119,11849848419.082062,11849848419.082062,1,0,,
601238.SH,广汽集团,CSI,地方国有企业,可选消费,汽车与零配件,可选消费--汽车与零配件--汽车--汽车制造,2025,,,,,,,,,,214997433000.0,,-0.037883,-8783621000.0,638948000.0,target_year,,,,,,,,,,SOE_target,-0.052878,-0.079962,26.172209,0.04632,0.204324,0.478018,0.087342,0.122127,0.476025,1.22371,0.046704,True,H_nonSOE,0.041356693787568094,-0.037883,0.0792396937875681,17036330756.033188,17036330756.033188,1,0,,
601298.SH,青岛港,CSI,地方国有企业,工业,交通运输,工业--交通运输--交通基础设施--海港与服务,2019,,,,,,,,,,52785301395.0,,0.076096852,3790143318.0,226651944.0,target_year,,,,,,,,,,SOE_target,0.094567,0.132206,24.61029473,0.013480893,0.111099702,0.242543868,0.108784129,0.330942547,0.396717894,1.406157264,0.060536752,True,H_nonSOE,-0.0028816364855070303,0.076096852,-0.07897848848550704,-4168903318.429026,0.0,0,1,HHI_lag,
601298.SH,青岛港,CSI,地方国有企业,工业,交通运输,工业--交通运输--交通基础设施--海港与服务,2020,,,,,,,,,,57177364980.0,,0.070826963,3841863143.0,207835967.0,target_year,,,,,,,,,,SOE_target,0.09688599999999999,0.12128299999999999,24.68949861,0.012569095,0.108646931,0.239565753,0.168973722,0.319254585,0.363509137,1.813336737,0.044035765,True,H_nonSOE,0.0030578678201271525,0.070826963,-0.06776909517987285,-3874858289.4639487,0.0,0,1,HHI_lag,
601298.SH,青岛港,CSI,地方国有企业,工业,交通运输,工业--交通运输--交通基础设施--海港与服务,2021,,,,,,,,,,60575556128.0,,0.068009798,3964054012.0,155677343.0,target_year,,,,,,,,,,SOE_target,0.093518,0.116728,24.76942394,0.016617029,0.123286456,0.240434582,0.073048221,0.336444896,0.35742523,1.282351066,0.052256028,True,H_nonSOE,0.0077312391791460044,0.068009798,-0.06027855882085399,-3651407223.1675906,0.0,0,1,HHI_lag,
601298.SH,青岛港,CSI,地方国有企业,工业,交通运输,工业--交通运输--交通基础设施--海港与服务,2022,,,,,,,,,,57475910361.0,,0.081422004,4525175176.0,154628607.0,target_year,,,,,,,,,,SOE_target,0.107742,0.125138,24.82715728,0.014623468,0.15352339,0.273440036,0.072342317,0.350636445,0.359731403,1.270789891,0.039981503,True,H_nonSOE,0.013619445346857634,0.081422004,-0.06780255865314237,-3897013783.394456,0.0,1,0,,
601298.SH,青岛港,CSI,地方国有企业,工业,交通运输,工业--交通运输--交通基础设施--海港与服务,2023,,,,,,,,,,60245860643.0,,0.084406,4923321689.0,161761849.0,target_year,,,,,,,,,,SOE_target,0.11590500000000001,0.126764,24.774632,0.016404,0.180808,0.326345,0.090309,0.429321,0.28184,1.597515,0.051444,True,H_nonSOE,0.029640913831535595,0.084406,-0.0547650861684644,-3299369749.407193,0.0,1,0,,
601298.SH,青岛港,CSI,地方国有企业,工业,交通运输,工业--交通运输--交通基础设施--海港与服务,2024,,,,,,,,,,62749753460.0,,0.0854,5234897470.0,123906331.0,target_year,,,,,,,,,,SOE_target,0.11468600000000001,0.1265,24.8217,0.014951,0.114556,0.308747,0.103533,0.42303,0.260718,1.729182,0.045052,True,H_nonSOE,0.03226841971064852,0.0854,-0.053131580289351485,-3333993564.097001,0.0,0,1,HHI_lag,
601298.SH,青岛港,CSI,地方国有企业,工业,交通运输,工业--交通运输--交通基础设施--海港与服务,2025,,,,,,,,,,66578767145.0,,0.081146,5271506093.0,131117644.0,target_year,,,,,,,,,,SOE_target,0.110008,0.119534,24.86242,0.013636,0.116886,0.307995,0.131168,0.411668,0.254306,1.979535,0.033242,True,H_nonSOE,0.0334122591707072,0.081146,-0.0477337408292928,-3178053615.6332645,0.0,0,1,HHI_lag,
601390.SH,中国中铁,CSI,中央国有企业,工业,建筑,工业--建筑--建筑与工程Ⅲ--建筑与工程Ⅳ,2019,,,,,,,,,,1056040000000.0,,0.030053757,23678000000.0,8060000000.0,target_year,,,,,,,,,,SOE_target,0.039075,0.114683,27.57181555,0.181962771,0.178025019,0.828894418,0.031368268,0.068632475,0.764479641,1.047495883,0.020089909,True,H_nonSOE,0.02934508864440822,0.030053757,-0.0007086683555917808,-748382130.2391442,0.0,0,1,FirmSize_lag,
601390.SH,中国中铁,CSI,中央国有企业,工业,建筑,工业--建筑--建筑与工程Ⅲ--建筑与工程Ⅳ,2020,,,,,,,,,,1199980000000.0,,0.02854638,25188000000.0,9067000000.0,target_year,,,,,,,,,,SOE_target,0.035775,0.105719,27.68554813,0.180139218,0.179054819,0.851458605,0.031945729,0.062643401,0.767690838,1.049902816,0.018613861,True,H_nonSOE,0.030108303979434828,0.02854638,0.0015619239794348282,1874277536.842205,1874277536.842205,0,1,FirmSize_lag,
601390.SH,中国中铁,CSI,中央国有企业,工业,建筑,工业--建筑--建筑与工程Ⅲ--建筑与工程Ⅳ,2021,,,,,,,,,,1361580000000.0,,0.028494837,27618000000.0,11180000000.0,target_year,,,,,,,,,,SOE_target,0.034908999999999996,0.104156,27.81332351,0.182259773,0.179498397,0.864117219,0.030802257,0.061987855,0.739123333,1.052417588,0.035895688,True,H_nonSOE,0.032454019178053725,0.028494837,0.003959182178053727,5390743269.994393,5390743269.994393,0,1,FirmSize_lag,
601390.SH,中国中铁,CSI,中央国有企业,工业,建筑,工业--建筑--建筑与工程Ⅲ--建筑与工程Ⅳ,2022,,,,,,,,,,1613020000000.0,,0.026974884,31276000000.0,12235000000.0,target_year,,,,,,,,,,SOE_target,0.032713,0.108559,27.93966691,0.174704149,0.17910201,0.837984085,0.009693151,0.056822221,0.736927687,1.016751707,0.040920842,True,H_nonSOE,0.029614121863210358,0.026974884,0.0026392378632103565,4257143458.115569,4257143458.115569,0,1,FirmSize_lag,
601390.SH,中国中铁,CSI,中央国有企业,工业,建筑,工业--建筑--建筑与工程Ⅲ--建筑与工程Ⅳ,2023,,,,,,,,,,1829290000000.0,,0.026783,33483000000.0,15511000000.0,target_year,,,,,,,,,,SOE_target,0.031595,0.105713,28.109129,0.168965,0.173049,0.776138,0.015749,0.07331,0.737815,1.029086,0.038164,True,H_nonSOE,0.02707538930058504,0.026783,0.00029238930058504004,534864823.6672079,534864823.6672079,0,1,FirmSize_lag,
601390.SH,中国中铁,CSI,中央国有企业,工业,建筑,工业--建筑--建筑与工程Ⅲ--建筑与工程Ⅳ,2024,,,,,,,,,,2256266000000.0,,0.017582,27887000000.0,11783000000.0,target_year,,,,,,,,,,SOE_target,0.021793999999999997,0.08119,28.234949,0.171964,0.176169,0.734049,-0.002704,0.07456,0.748671,0.995106,0.031069,True,H_nonSOE,0.02375094464001762,0.017582,0.006168944640017618,13918780047.15399,13918780047.15399,0,1,FirmSize_lag,
601390.SH,中国中铁,CSI,中央国有企业,工业,建筑,工业--建筑--建筑与工程Ⅲ--建筑与工程Ⅳ,2025,,,,,,,,,,2470432000000.0,,0.014446,22892000000.0,12796000000.0,target_year,,,,,,,,,,SOE_target,0.016576,0.063108,28.444732,0.163766,0.174423,0.568006,-0.005365,0.064425,0.773966,0.990516,0.025456,True,H_nonSOE,0.009039067987247074,0.014446,-0.005406932012752927,-13357457866.129238,0.0,0,1,FirmSize_lag,
601600.SH,中国铝业,CSI,中央国有企业,材料,有色金属,材料--有色金属--其他金属与采矿--铝,2019,,,,,,,,,,203071000000.0,,0.028138373,850999000.0,4863079000.0,target_year,,,,,,,,,,SOE_target,0.033251,0.015895,26.02595421,0.229574015,0.167062795,0.898902434,-0.078920896,0.528651052,0.663129674,0.787911317,0.034110686,True,H_nonSOE,0.1248933775921115,0.028138373,0.0967550045921115,19648135537.524673,19648135537.524673,1,0,,
601600.SH,中国铝业,CSI,中央国有企业,材料,有色金属,材料--有色金属--其他金属与采矿--铝,2020,,,,,,,,,,194902000000.0,,0.023620612,741004000.0,3862693000.0,target_year,,,,,,,,,,SOE_target,0.029102000000000003,0.013597,26.03681985,0.205405763,0.15478921,0.941085169,-0.10073329,0.508844823,0.651721925,0.704264039,0.044552565,True,H_nonSOE,0.12707380441515873,0.023620612,0.10345319241515873,20163234108.099266,20163234108.099266,1,0,,
601600.SH,中国铝业,CSI,中央国有企业,材料,有色金属,材料--有色金属--其他金属与采矿--铝,2021,,,,,,,,,,192377000000.0,,0.044704308,5079562000.0,3520514000.0,target_year,,,,,,,,,,SOE_target,0.06932100000000001,0.091034,25.99576108,0.167808698,0.159708925,0.934709429,-0.084265737,0.51635343,0.634832729,0.737757281,0.025853527,True,H_nonSOE,0.1326884370060375,0.044704308,0.0879841290060375,16926122785.794476,16926122785.794476,1,0,,
601600.SH,中国铝业,CSI,中央国有企业,材料,有色金属,材料--有色金属--其他金属与采矿--铝,2022,,,,,,,,,,212348000000.0,,0.03776659,4191927000.0,3827734000.0,target_year,,,,,,,,,,SOE_target,0.081831,0.075079,25.98272229,0.180693598,0.168216562,1.393044931,-0.01802061,0.485645784,0.621661966,0.933562737,0.011100876,True,H_nonSOE,0.16493070735089607,0.03776659,0.12716411735089606,27003045991.228077,27003045991.228077,1,0,,
601600.SH,中国铝业,CSI,中央国有企业,材料,有色金属,材料--有色金属--其他金属与采矿--铝,2023,,,,,,,,,,211755809000.0,,0.047425,6716945000.0,3325573000.0,target_year,,,,,,,,,,SOE_target,0.084984,0.116958,26.081492,0.169857,0.153058,1.437954,-0.036877,0.514612,0.586735,0.874439,0.022375,True,H_nonSOE,0.17353034969798628,0.047425,0.12610534969798629,26703540344.52499,26703540344.52499,1,0,,
601600.SH,中国铝业,CSI,中央国有企业,材料,有色金属,材料--有色金属--其他金属与采矿--铝,2024,,,,,,,,,,215895530000.0,,0.070221,12400160000.0,2760298000.0,target_year,,,,,,,,,,SOE_target,0.115569,0.19128799999999999,26.0787,0.12989,0.159476,1.061395,-0.001253,0.494956,0.533004,0.995482,0.031685,True,H_nonSOE,0.15370195287815117,0.070221,0.08348095287815116,18023164566.53347,18023164566.53347,1,0,,
601600.SH,中国铝业,CSI,中央国有企业,材料,有色金属,材料--有色金属--其他金属与采矿--铝,2025,,,,,,,,,,227021733000.0,,0.066142,12673918000.0,2341729000.0,target_year,,,,,,,,,,SOE_target,0.1257,0.17588499999999999,26.09806,0.132426,0.15747,1.108686,0.059533,0.492976,0.481042,1.278215,0.047985,True,H_nonSOE,0.16103391933124725,0.066142,0.09489191933124724,21542527974.27595,21542527974.27595,1,0,,
601607.SH,上海医药,CSI,地方国有企业,医疗保健,医药生物,医疗保健--医药生物--制药--西药,2019,,,,,,,,,,137026000000.0,,0.040037592,4080994000.0,1405213000.0,target_year,,,,,,,,,,SOE_target,0.056336000000000004,0.101174,25.56650233,0.502594113,0.277672488,1.438221312,0.19363372,0.086756652,0.634035975,1.357563694,0.01531411,True,H_nonSOE,0.03527841985375383,0.040037592,-0.004759172146246167,-652130322.5115273,0.0,1,0,,
601607.SH,上海医药,CSI,地方国有企业,医疗保健,医药生物,医疗保健--医药生物--制药--西药,2020,,,,,,,,,,149186000000.0,,0.039602396,4496216959.0,1411892516.0,target_year,,,,,,,,,,SOE_target,0.057992,0.103345,25.64343942,0.501901176,0.276190471,1.413882127,0.171382593,0.086848347,0.639588215,1.314765861,0.020091932,True,H_nonSOE,0.03188244850946288,0.039602396,-0.007719947490537116,-1151708086.32327,0.0,1,0,,
601607.SH,上海医药,CSI,地方国有企业,医疗保健,医药生物,医疗保健--医药生物--制药--西药,2021,,,,,,,,,,163436000000.0,,0.040454463,5093467261.0,1518228463.0,target_year,,,,,,,,,,SOE_target,0.05965,0.107555,25.72845738,0.479965502,0.256105921,1.341027781,0.130239979,0.081964446,0.633069751,1.220461562,0.02017601,True,H_nonSOE,0.027655353897904605,0.040454463,-0.012799109102095398,-2091835195.2100635,0.0,1,0,,
601607.SH,上海医药,CSI,地方国有企业,医疗保健,医药生物,医疗保健--医药生物--制药--西药,2022,,,,,,,,,,198135000000.0,,0.036876042,5617152003.0,1689278923.0,target_year,,,,,,,,,,SOE_target,0.055642,0.096496,25.81968431,0.450773824,0.230275265,1.380739908,0.150947055,0.081978808,0.638596224,1.268666382,0.025201203,True,H_nonSOE,0.028793532590650345,0.036876042,-0.008082509409349653,-1601428001.8214934,0.0,1,0,,
601607.SH,上海医药,CSI,地方国有企业,医疗保健,医药生物,医疗保健--医药生物--制药--西药,2023,,,,,,,,,,211972533766.8,,0.026668,3767999581.18,1884984092.73,target_year,,,,,,,,,,SOE_target,0.041343,0.05558,26.012214,0.428444,0.212266,1.283187,0.195936,0.072257,0.606316,1.350722,0.013551,True,H_nonSOE,0.02906903806532856,0.026668,0.0024010380653285597,508954122.3782302,508954122.3782302,1,0,,
601607.SH,上海医药,CSI,地方国有企业,医疗保健,医药生物,医疗保健--医药生物--制药--西药,2024,,,,,,,,,,221209430148.17,,0.028974,4552528438.69,1856737428.35,target_year,,,,,,,,,,SOE_target,0.043189000000000005,0.064943,26.079723,0.433857,0.216978,1.2694,0.188996,0.074183,0.621054,1.327379,0.014014,True,H_nonSOE,0.025962972497985917,0.028974,-0.0030110275020140825,-666067677.881003,0.0,1,0,,
601607.SH,上海医药,CSI,地方国有企业,医疗保健,医药生物,医疗保健--医药生物--制药--西药,2025,,,,,,,,,,233148766767.21,,0.031784,5724557508.41,1685890506.64,target_year,,,,,,,,,,SOE_target,0.048863000000000004,0.077586,26.122376,0.454225,0.230555,1.270833,0.206975,0.07712,0.621434,1.36326,0.010853,True,H_nonSOE,0.026793919741198095,0.031784,-0.004990080258801904,-1163431058.409064,0.0,1,0,,
601618.SH,中国中冶,CSI,中央国有企业,工业,建筑,工业--建筑--建筑与工程Ⅲ--建筑与工程Ⅳ,2019,,,,,,,,,,458506000000.0,,0.023484279,6599712000.0,4167976000.0,target_year,,,,,,,,,,SOE_target,0.025755,0.072567,26.80757353,0.071158446,0.178025019,0.678479116,0.096500586,0.070059014,0.766083987,1.142580396,0.012747792,True,H_nonSOE,0.020455272910697014,0.023484279,-0.003029006089302986,-1388817465.9819548,0.0,0,1,FirmSize_lag,
601618.SH,中国中冶,CSI,中央国有企业,工业,建筑,工业--建筑--建筑与工程Ⅲ--建筑与工程Ⅳ,2020,,,,,,,,,,506393000000.0,,0.020525204,7862185000.0,2531634000.0,target_year,,,,,,,,,,SOE_target,0.026345999999999998,0.080291,26.85123968,0.071695852,0.179054819,0.75468974,0.090538407,0.066624521,0.74502961,1.135695417,0.008963835,True,H_nonSOE,0.02899095967147204,0.020525204,0.008465755671472043,4286999411.7437425,4286999411.7437425,0,1,FirmSize_lag,
601618.SH,中国中冶,CSI,中央国有企业,工业,建筑,工业--建筑--建筑与工程Ⅲ--建筑与工程Ⅳ,2021,,,,,,,,,,543470000000.0,,0.019399573,8374970000.0,2168119000.0,target_year,,,,,,,,,,SOE_target,0.025741,0.081553,26.95057881,0.074815232,0.179498397,0.829339755,0.113473741,0.058452096,0.72283322,1.173188123,0.007391542,True,H_nonSOE,0.03724181477827922,0.019399573,0.017842241778279217,9696723139.241405,9696723139.241405,0,1,FirmSize_lag,
601618.SH,中国中冶,CSI,中央国有企业,工业,建筑,工业--建筑--建筑与工程Ⅲ--建筑与工程Ⅳ,2022,,,,,,,,,,585384000000.0,,0.022109459,10272357000.0,2670175000.0,target_year,,,,,,,,,,SOE_target,0.027708,0.08987099999999999,27.02124061,0.081481622,0.17910201,0.953594125,0.098305267,0.054275288,0.721442365,1.148864632,0.006534642,True,H_nonSOE,0.04532516397222256,0.022109459,0.02321570497222256,13590102239.459532,13590102239.459532,0,1,FirmSize_lag,
601618.SH,中国中冶,CSI,中央国有企业,工业,建筑,工业--建筑--建筑与工程Ⅲ--建筑与工程Ⅳ,2023,,,,,,,,,,661602236000.0,,0.017156,8670405000.0,2679906000.0,target_year,,,,,,,,,,SOE_target,0.023165,0.065047,27.095535,0.086751,0.173049,1.050036,0.089447,0.050375,0.723414,1.135705,0.007369,True,H_nonSOE,0.05085550174323242,0.017156,0.03369950174323241,22295665705.408463,22295665705.408463,0,1,FirmSize_lag,
601618.SH,中国中冶,CSI,中央国有企业,工业,建筑,工业--建筑--建筑与工程Ⅲ--建筑与工程Ⅳ,2024,,,,,,,,,,808015755000.0,,0.012548,6745954000.0,3392681000.0,target_year,,,,,,,,,,SOE_target,0.013515999999999999,0.045195,27.21793,0.086276,0.176169,1.016643,0.053379,0.047697,0.746084,1.078686,0.006946,True,H_nonSOE,0.04463146858695845,0.012548,0.032083468586958444,25923948093.31001,25923948093.31001,0,1,FirmSize_lag,
601618.SH,中国中冶,CSI,中央国有企业,工业,建筑,工业--建筑--建筑与工程Ⅲ--建筑与工程Ⅳ,2025,,,,,,,,,,839488682000.0,,0.005927,1321768000.0,3654143000.0,target_year,,,,,,,,,,SOE_target,0.006326000000000001,0.008561,27.417847,0.077913,0.174423,0.751249,0.032347,0.040738,0.774341,1.045565,0.008493,True,H_nonSOE,0.02180580749964045,0.005927,0.01587880749964045,13330079179.604876,13330079179.604876,0,1,FirmSize_lag,
601668.SH,中国建筑,CSI,中央国有企业,工业,建筑,工业--建筑--建筑与工程Ⅲ--建筑与工程Ⅳ,2019,,,,,,,,,,2034450000000.0,,0.025735582,41881399000.0,10476405000.0,target_year,,,,,,,,,,SOE_target,0.045323,0.16072399999999998,28.25258652,0.290775892,0.178025019,0.693343498,0.158678508,0.023618232,0.769440883,1.27699336,0.010003014,True,H_nonSOE,0.02005025528457187,0.025735582,-0.005685326715428131,-11566512936.20276,0.0,0,1,FirmSize_lag,
601668.SH,中国建筑,CSI,中央国有企业,工业,建筑,工业--建筑--建筑与工程Ⅲ--建筑与工程Ⅳ,2020,,,,,,,,,,2192170000000.0,,0.0240592,44944250000.0,7797699000.0,target_year,,,,,,,,,,SOE_target,0.044617000000000004,0.155619,28.34124758,0.296959904,0.179054819,0.719975045,0.155215417,0.023416778,0.753331444,1.275613753,0.010045355,True,H_nonSOE,0.02424101019830239,0.0240592,0.0001818101983023894,398558862.41254896,398558862.41254896,0,1,FirmSize_lag,
601668.SH,中国建筑,CSI,中央国有企业,工业,建筑,工业--建筑--建筑与工程Ⅲ--建筑与工程Ⅳ,2021,,,,,,,,,,2388250000000.0,,0.026183115,51407661000.0,11124140000.0,target_year,,,,,,,,,,SOE_target,0.044051,0.15957100000000002,28.41591479,0.299012106,0.179498397,0.756692397,0.174080774,0.022835803,0.736747565,1.319072419,0.022579294,True,H_nonSOE,0.02722385670703413,0.026183115,0.0010407417070341304,2485551381.824262,2485551381.824262,0,1,FirmSize_lag,
601668.SH,中国建筑,CSI,中央国有企业,工业,建筑,工业--建筑--建筑与工程Ⅲ--建筑与工程Ⅳ,2022,,,,,,,,,,2652900000000.0,,0.026621424,50950301000.0,19673762000.0,target_year,,,,,,,,,,SOE_target,0.035244,0.139931,28.50158163,0.305461088,0.17910201,0.81938288,0.183999738,0.019747785,0.732145905,1.344759921,0.013029666,True,H_nonSOE,0.03344831489412594,0.026621424,0.006826890894125939,18111058853.026703,18111058853.026703,0,1,FirmSize_lag,
601668.SH,中国建筑,CSI,中央国有企业,工业,建筑,工业--建筑--建筑与工程Ⅲ--建筑与工程Ⅳ,2023,,,,,,,,,,2903322519000.0,,0.025089,54264173000.0,18577073000.0,target_year,,,,,,,,,,SOE_target,0.033474,0.133667,28.606676,0.299083,0.173049,0.810647,0.167924,0.020296,0.743531,1.31168,0.009781,True,H_nonSOE,0.031526609826488604,0.025089,0.006437609826488604,18690457577.780045,18690457577.780045,0,1,FirmSize_lag,
601668.SH,中国建筑,CSI,中央国有企业,工业,建筑,工业--建筑--建筑与工程Ⅲ--建筑与工程Ⅳ,2024,,,,,,,,,,3189262063000.0,,0.020584,46187099000.0,19462089000.0,target_year,,,,,,,,,,SOE_target,0.032662,0.103815,28.696877,0.306415,0.176169,0.810341,0.157933,0.019567,0.748195,1.288305,0.01173,True,H_nonSOE,0.030429980070127566,0.020584,0.009845980070127564,31401410710.71192,31401410710.71192,0,1,FirmSize_lag,
601668.SH,中国建筑,CSI,中央国有企业,工业,建筑,工业--建筑--建筑与工程Ⅲ--建筑与工程Ⅳ,2025,,,,,,,,,,3560679818000.0,,0.015927,39069002000.0,17641773000.0,target_year,,,,,,,,,,SOE_target,0.026034,0.081928,28.790811,0.307315,0.174423,0.714762,0.162218,0.018002,0.758107,1.293695,0.00621,True,H_nonSOE,0.023485461469986986,0.015927,0.007558461469986986,26913261211.313274,26913261211.313274,0,1,FirmSize_lag,
601669.SH,中国电建,CSI,中央国有企业,工业,建筑,工业--建筑--建筑与工程Ⅲ--建筑与工程Ⅳ,2019,,,,,,,,,,813228000000.0,,0.021953092,7239365377.0,10613495264.0,target_year,,,,,,,,,,SOE_target,0.027473,0.074761,27.29310223,0.071786436,0.178025019,0.453133935,-0.01854785,0.153011793,0.799690811,0.96258388,0.081485557,True,H_nonSOE,-0.005947118543705554,0.021953092,-0.027900210543705554,-22689232420.03658,0.0,0,1,FirmSize_lag,
601669.SH,中国电建,CSI,中央国有企业,工业,建筑,工业--建筑--建筑与工程Ⅲ--建筑与工程Ⅳ,2020,,,,,,,,,,886543000000.0,,0.019807332,7987168431.0,9572891922.0,target_year,,,,,,,,,,SOE_target,0.019069,0.07081900000000001,27.42427689,0.073061092,0.179054819,0.452132758,0.02210958,0.139392719,0.762094823,1.050965733,0.096349335,True,H_nonSOE,-0.003377494173555335,0.019807332,-0.023184826173555335,-20554345350.382267,0.0,0,1,FirmSize_lag,
601669.SH,中国电建,CSI,中央国有企业,工业,建筑,工业--建筑--建筑与工程Ⅲ--建筑与工程Ⅳ,2021,,,,,,,,,,963977000000.0,,0.01708308,8632095909.0,7835606959.0,target_year,,,,,,,,,,SOE_target,0.018102,0.07104,27.51059596,0.074592774,0.179498397,0.469386636,0.038978898,0.129357962,0.747435571,1.090530936,0.080311614,True,H_nonSOE,0.001985718492584755,0.01708308,-0.015097361507415245,-14553509253.833626,0.0,0,1,FirmSize_lag,
601669.SH,中国电建,CSI,中央国有企业,工业,建筑,工业--建筑--建筑与工程Ⅲ--建筑与工程Ⅳ,2022,,,,,,,,,,1040080000000.0,,0.01794748,11435443832.0,7231337452.0,target_year,,,,,,,,,,SOE_target,0.019208,0.082608,27.59433366,0.072680712,0.17910201,0.48257162,0.016143212,0.126515766,0.750894566,1.038058291,0.044033759,True,H_nonSOE,0.007912948799249087,0.01794748,-0.010034531200750912,-10436715211.277008,0.0,0,1,FirmSize_lag,
601669.SH,中国电建,CSI,中央国有企业,工业,建筑,工业--建筑--建筑与工程Ⅲ--建筑与工程Ⅳ,2023,,,,,,,,,,1153774735013.99,,0.020264,12988385293.6,10391264452.69,target_year,,,,,,,,,,SOE_target,0.019068,0.08314,27.670317,0.083366,0.173049,0.568392,-0.054595,0.145382,0.768917,0.87983,0.055525,True,H_nonSOE,0.009978823141833106,0.020264,-0.010285176858166895,-11866777204.10353,0.0,0,1,FirmSize_lag,
601669.SH,中国电建,CSI,中央国有企业,工业,建筑,工业--建筑--建筑与工程Ⅲ--建筑与工程Ⅳ,2024,,,,,,,,,,1289001336534.82,,0.017271,12015017079.83,10246725711.28,target_year,,,,,,,,,,SOE_target,0.024380000000000002,0.073681,27.77406,0.082524,0.176169,0.552729,-0.074919,0.159919,0.774956,0.84115,0.063848,True,H_nonSOE,0.007551161241311409,0.017271,-0.009719838758688593,-12528885150.852543,0.0,0,1,FirmSize_lag,
601669.SH,中国电建,CSI,中央国有企业,工业,建筑,工业--建筑--建筑与工程Ⅲ--建筑与工程Ⅳ,2025,,,,,,,,,,1380267054189.34,,0.015796,10007143581.45,11795542225.98,target_year,,,,,,,,,,SOE_target,0.021762,0.060095,27.884889,0.089088,0.174423,0.516793,-0.055059,0.170322,0.789312,0.882455,0.045842,True,H_nonSOE,0.006854081289832802,0.015796,-0.0089419187101672,-12342235796.883024,0.0,0,1,FirmSize_lag,
601698.SH,中国卫通,CSI,中央国有企业,通讯服务,电信服务,通讯服务--电信服务--多元电信服务--非传统电信运营商,2019,,,,,,,,,,18157405439.0,,0.024849346,446422541.2,4777116.63,target_year,,,,,,,,,,SOE_target,0.043070000000000004,0.042381,23.56516666,0.001994058,0.376451505,0.157733546,0.037744231,0.655058428,0.210461411,1.262196336,0.065116144,True,H_nonSOE,0.09209724196357182,0.024849346,0.06724789596357181,1221047311.930265,1221047311.930265,0,1,FixedAssetsRatio_lag,
601698.SH,中国卫通,CSI,中央国有企业,通讯服务,电信服务,通讯服务--电信服务--多元电信服务--非传统电信运营商,2020,,,,,,,,,,18289285775.0,,0.02517721,488789159.5,-28315974.82,target_year,,,,,,,,,,SOE_target,0.040647,0.042714,23.62234433,0.002022361,0.377325617,0.153756745,0.201421555,0.526406664,0.156816488,2.94769589,0.104425995,True,H_nonSOE,0.08354129168029363,0.02517721,0.05836408168029363,1067437368.8463324,1067437368.8463324,1,0,,
601698.SH,中国卫通,CSI,中央国有企业,通讯服务,电信服务,通讯服务--电信服务--多元电信服务--非传统电信运营商,2021,,,,,,,,,,19108303143.0,,0.027076187,572304982.5,-54924998.8,target_year,,,,,,,,,,SOE_target,0.045194,0.048521999999999996,23.62958125,0.001926959,0.375629725,0.14744811,0.236037739,0.504704231,0.15672958,3.423905895,0.074944516,True,H_nonSOE,0.08367838741573533,0.027076187,0.056602200415735326,1081572004.1047113,1081572004.1047113,1,0,,
601698.SH,中国卫通,CSI,中央国有企业,通讯服务,电信服务,通讯服务--电信服务--多元电信服务--非传统电信运营商,2022,,,,,,,,,,22428111563.0,,0.037206934,920731173.8,-86249910.71,target_year,,,,,,,,,,SOE_target,0.044083,0.06791900000000001,23.6733888,0.001718411,0.374126853,0.139687335,0.232013654,0.484045143,0.174437198,3.049275176,0.070971637,True,H_nonSOE,0.08360315977387643,0.037206934,0.046396225773876434,1040579727.7586367,1040579727.7586367,1,0,,
601698.SH,中国卫通,CSI,中央国有企业,通讯服务,电信服务,通讯服务--电信服务--多元电信服务--非传统电信运营商,2023,,,,,,,,,,22655663962.77,,0.0088,348770555.15,-149399701.62,target_year,,,,,,,,,,SOE_target,0.027014,0.022941,23.833581,0.001644,0.373379,0.130568,0.278289,0.472996,0.143892,4.389044,0.106807,True,H_nonSOE,0.07279348051445009,0.0088,0.06399348051445009,1449814790.343451,1449814790.343451,1,0,,
601698.SH,中国卫通,CSI,中央国有企业,通讯服务,电信服务,通讯服务--电信服务--多元电信服务--非传统电信运营商,2024,,,,,,,,,,22412943899.49,,0.010881,454492823.77,-210622634.37,target_year,,,,,,,,,,SOE_target,0.019974000000000002,0.029298,23.843676,0.001484,0.374249,0.11526,0.270497,0.48634,0.140534,4.284335,0.072722,True,H_nonSOE,0.08072812218050297,0.010881,0.06984712218050297,1565479630.972437,1565479630.972437,1,0,,
601698.SH,中国卫通,CSI,中央国有企业,通讯服务,电信服务,通讯服务--电信服务--多元电信服务--非传统电信运营商,2025,,,,,,,,,,22406144635.9,,0.01243,441236300.09,-162717818.39,target_year,,,,,,,,,,SOE_target,0.020058,0.027825000000000003,23.832904,0.001396,0.373264,0.112123,0.325021,0.483047,0.105243,5.843483,0.063943,True,H_nonSOE,0.07104616511372795,0.01243,0.058616165113727955,1313362273.5399845,1313362273.5399845,1,0,,
601728.SH,中国电信,CSI,中央国有企业,通讯服务,电信服务,通讯服务--电信服务--多元电信服务--综合电信业务,2019,,,,,,,,,,703131000000.0,,0.034996324,20517000000.0,4090000000.0,target_year,,,,,,,,,,SOE_target,0.044832000000000004,0.058993000000000004,27.22061683,0.281395769,0.376451505,0.56942599,-0.280253308,0.715182203,0.481295845,0.281959679,0.126405299,True,H_nonSOE,0.09779600386679971,0.034996324,0.06279967986679971,44156401704.42275,44156401704.42275,0,2,"FirmSize_lag, FixedAssetsRatio_lag",
601728.SH,中国电信,CSI,中央国有企业,通讯服务,电信服务,通讯服务--电信服务--多元电信服务--综合电信业务,2020,,,,,,,,,,715096000000.0,,0.033957678,20850000000.0,3433000000.0,target_year,,,,,,,,,,SOE_target,0.042642,0.058243,27.27880906,0.279955898,0.377325617,0.549916466,-0.272323365,0.667320883,0.495058531,0.276512218,0.118275257,True,H_nonSOE,0.09589965134456717,0.033957678,0.06194197334456717,44294457370.8066,44294457370.8066,0,2,"FirmSize_lag, FixedAssetsRatio_lag",
601728.SH,中国电信,CSI,中央国有企业,通讯服务,电信服务,通讯服务--电信服务--多元电信服务--综合电信业务,2021,,,,,,,,,,762234000000.0,,0.037195927,25948000000.0,2404000000.0,target_year,,,,,,,,,,SOE_target,0.047605,0.065514,27.29568264,0.282239071,0.375629725,0.555004241,-0.261679551,0.653101122,0.487935886,0.309859778,0.124414065,True,H_nonSOE,0.09662897523921576,0.037195927,0.05943304823921577,45301890091.57039,45301890091.57039,0,2,"FirmSize_lag, FixedAssetsRatio_lag",
601728.SH,中国电信,CSI,中央国有企业,通讯服务,电信服务,通讯服务--电信服务--多元电信服务--综合电信业务,2022,,,,,,,,,,807698000000.0,,0.036491362,27593000000.0,1881000000.0,target_year,,,,,,,,,,SOE_target,0.045591,0.064113,27.35951943,0.289178875,0.374126853,0.595062714,-0.180668928,0.613246064,0.434336437,0.48047323,0.111313586,True,H_nonSOE,0.11180211550581103,0.036491362,0.07531075350581103,60828344985.13655,60828344985.13655,0,1,FirmSize_lag,
601728.SH,中国电信,CSI,中央国有企业,通讯服务,电信服务,通讯服务--电信服务--多元电信服务--综合电信业务,2023,,,,,,,,,,835814000000.0,,0.039472,30446000000.0,2545000000.0,target_year,,,,,,,,,,SOE_target,0.047923,0.06959,27.417454,0.291828,0.373379,0.613336,-0.174155,0.584879,0.459666,0.500722,0.111063,True,H_nonSOE,0.10925141077345102,0.039472,0.06977941077345101,58322608436.20119,58322608436.20119,0,1,FirmSize_lag,
601728.SH,中国电信,CSI,中央国有企业,通讯服务,电信服务,通讯服务--电信服务--多元电信服务--综合电信业务,2024,,,,,,,,,,866625000000.0,,0.040852,33012000000.0,2391000000.0,target_year,,,,,,,,,,SOE_target,0.049718,0.07374399999999999,27.451672,0.293337,0.374249,0.624943,-0.162205,0.5769,0.464992,0.553207,0.107519,True,H_nonSOE,0.10960066756307488,0.040852,0.06874866756307488,59579314026.84977,59579314026.84977,0,1,FirmSize_lag,
601728.SH,中国电信,CSI,中央国有企业,通讯服务,电信服务,通讯服务--电信服务--多元电信服务--综合电信业务,2025,,,,,,,,,,870644000000.0,,0.040475,33185000000.0,2054000000.0,target_year,,,,,,,,,,SOE_target,0.049398,0.07267699999999999,27.487872,0.29261,0.373264,0.621951,-0.158375,0.560658,0.473184,0.578175,0.103768,True,H_nonSOE,0.10861848536049484,0.040475,0.06814348536049485,59328716668.202675,59328716668.202675,0,1,FirmSize_lag,
601766.SH,中国中车,CSI,中央国有企业,工业,机械,工业--机械--机械Ⅲ--建筑机械与重型卡车,2019,,,,,,,,,,383572000000.0,,0.03370097,11794929000.0,1131836000.0,target_year,,,,,,,,,,SOE_target,0.04577200000000001,0.089237,26.60246567,0.380955658,0.247583643,0.585569598,0.110528546,0.182542147,0.581328737,1.209801974,0.025459091,True,H_nonSOE,0.062153374169484146,0.03370097,0.02845240416948415,10913545572.097374,10913545572.097374,0,1,FirmSize_lag,
601766.SH,中国中车,CSI,中央国有企业,工业,机械,工业--机械--机械Ⅲ--建筑机械与重型卡车,2020,,,,,,,,,,392380000000.0,,0.031464678,11331053000.0,1015069000.0,target_year,,,,,,,,,,SOE_target,0.041803999999999994,0.081251,26.67279445,0.352429015,0.225950341,0.618033228,0.133092456,0.172195044,0.585923161,1.255043233,0.021025562,True,H_nonSOE,0.06357629682789351,0.031464678,0.032111618827893505,12599956995.688854,12599956995.688854,0,1,FirmSize_lag,
601766.SH,中国中车,CSI,中央国有企业,工业,机械,工业--机械--机械Ⅲ--建筑机械与重型卡车,2021,,,,,,,,,,426826000000.0,,0.026980396,10302605000.0,1213343000.0,target_year,,,,,,,,,,SOE_target,0.034282,0.070664,26.69549753,0.297815831,0.195497669,0.586778024,0.13312163,0.169134836,0.568934692,1.264487033,0.019816213,True,H_nonSOE,0.06376091576731265,0.026980396,0.03678051976731264,15698882130.202986,15698882130.202986,0,1,FirmSize_lag,
601766.SH,中国中车,CSI,中央国有企业,工业,机械,工业--机械--机械Ⅲ--建筑机械与重型卡车,2022,,,,,,,,,,442140000000.0,,0.028952752,11653448000.0,1147726000.0,target_year,,,,,,,,,,SOE_target,0.037285,0.076764,26.77964344,0.282626173,0.187780789,0.551098298,0.15070834,0.152206293,0.572914272,1.298419986,0.013838832,True,H_nonSOE,0.060599477883290835,0.028952752,0.03164672588329084,13992283382.03821,13992283382.03821,0,1,FirmSize_lag,
601766.SH,中国中车,CSI,中央国有企业,工业,机械,工业--机械--机械Ⅲ--建筑机械与重型卡车,2023,,,,,,,,,,471791735000.0,,0.027342,11711576000.0,1188098000.0,target_year,,,,,,,,,,SOE_target,0.035874,0.07412,26.814893,0.300995,0.187488,0.513112,0.142605,0.146244,0.568042,1.277266,0.016776,True,H_nonSOE,0.05808175009274738,0.027342,0.03073975009274738,14502760029.723698,14502760029.723698,0,1,FirmSize_lag,
601766.SH,中国中车,CSI,中央国有企业,工业,机械,工业--机械--机械Ⅲ--建筑机械与重型卡车,2024,,,,,,,,,,512823630000.0,,0.02649,12387514000.0,1196993000.0,target_year,,,,,,,,,,SOE_target,0.03497,0.075133,26.879803,0.287662,0.188674,0.512645,0.136035,0.136917,0.583453,1.256302,0.017177,True,H_nonSOE,0.054831335864701625,0.02649,0.028341335864701625,14534106737.185476,14534106737.185476,0,1,FirmSize_lag,
601766.SH,中国中车,CSI,中央国有企业,工业,机械,工业--机械--机械Ⅲ--建筑机械与重型卡车,2025,,,,,,,,,,550774434000.0,,0.025916,13181015000.0,1092976000.0,target_year,,,,,,,,,,SOE_target,0.036116,0.077332,26.963198,0.292016,0.187309,0.500615,0.131796,0.135321,0.590123,1.242508,0.01986,True,H_nonSOE,0.052514453975236276,0.025916,0.026598453975236275,14649748433.48581,14649748433.48581,0,1,FirmSize_lag,
601800.SH,中国交建,CSI,中央国有企业,工业,建筑,工业--建筑--建筑与工程Ⅲ--建筑与工程Ⅳ,2019,,,,,,,,,,1120400000000.0,,0.030282042,20094000000.0,13834000000.0,target_year,,,,,,,,,,SOE_target,0.031488,0.094044,27.59069483,0.120098678,0.178025019,0.539853864,0.001700199,0.058684444,0.750454983,1.003403012,0.04009158,True,H_nonSOE,0.007742027361332955,0.030282042,-0.022540014638667043,-25253832401.162556,0.0,0,1,FirmSize_lag,
601800.SH,中国交建,CSI,中央国有企业,工业,建筑,工业--建筑--建筑与工程Ⅲ--建筑与工程Ⅳ,2020,,,,,,,,,,1304170000000.0,,0.02487101,16475000000.0,15961000000.0,target_year,,,,,,,,,,SOE_target,0.026902,0.06933600000000001,27.74470688,0.116983373,0.179054819,0.531066724,0.002457158,0.051295073,0.735470368,1.005233681,0.05686005,True,H_nonSOE,0.006185918034977315,0.02487101,-0.018685091965022684,-24368536388.023636,0.0,0,1,FirmSize_lag,
601800.SH,中国交建,CSI,中央国有企业,工业,建筑,工业--建筑--建筑与工程Ⅲ--建筑与工程Ⅳ,2021,,,,,,,,,,1390840000000.0,,0.026442351,18348000000.0,18429000000.0,target_year,,,,,,,,,,SOE_target,0.024939,0.072605,27.89658717,0.116770883,0.179498397,0.515138979,0.001371755,0.04680375,0.725645986,1.003070148,0.032097834,True,H_nonSOE,0.010365767971792991,0.026442351,-0.016076583028207008,-22359954738.951435,0.0,0,1,FirmSize_lag,
601800.SH,中国交建,CSI,中央国有企业,工业,建筑,工业--建筑--建筑与工程Ⅲ--建筑与工程Ⅳ,2022,,,,,,,,,,1511350000000.0,,0.02673967,20065000000.0,20348000000.0,target_year,,,,,,,,,,SOE_target,0.021932,0.073996,27.96092684,0.111111515,0.17910201,0.506565848,-0.022871839,0.044015222,0.718619795,0.946906982,0.026560985,True,H_nonSOE,0.011443809293268548,0.02673967,-0.015295860706731453,-23117399079.11858,0.0,0,1,FirmSize_lag,
601800.SH,中国交建,CSI,中央国有企业,工业,建筑,工业--建筑--建筑与工程Ⅲ--建筑与工程Ⅳ,2023,,,,,,,,,,1684262000000.0,,0.027634,24734000000.0,21809000000.0,target_year,,,,,,,,,,SOE_target,0.022187000000000002,0.084747,28.044024,0.105018,0.173049,0.494436,-0.029834,0.039797,0.718016,0.931822,0.022517,True,H_nonSOE,0.011006584138033688,0.027634,-0.01662741586196631,-28004924694.507103,0.0,0,1,FirmSize_lag,
601800.SH,中国交建,CSI,中央国有企业,工业,建筑,工业--建筑--建筑与工程Ⅲ--建筑与工程Ⅳ,2024,,,,,,,,,,1858272000000.0,,0.024677,23854000000.0,22002000000.0,target_year,,,,,,,,,,SOE_target,0.019717,0.077554,28.152349,0.102851,0.176169,0.472927,-0.045148,0.04459,0.727403,0.900232,0.023113,True,H_nonSOE,0.00827875416731725,0.024677,-0.01639824583268275,-30472401079.991043,0.0,0,1,FirmSize_lag,
601800.SH,中国交建,CSI,中央国有企业,工业,建筑,工业--建筑--建筑与工程Ⅲ--建筑与工程Ⅳ,2025,,,,,,,,,,2019132000000.0,,0.017665,14995000000.0,20673000000.0,target_year,,,,,,,,,,SOE_target,0.013065,0.048034,28.250668,0.10843,0.174423,0.433725,-0.042988,0.043066,0.748253,0.908054,0.014673,True,H_nonSOE,0.0037765616396494978,0.017665,-0.013888438360350502,-28042590323.411232,0.0,0,1,FirmSize_lag,
601808.SH,中海油服,CSI,中央国有企业,能源,石油石化,能源--石油石化--能源设备与服务--石油天然气钻井,2019,,,,,,,,,,76101838000.0,,0.046964858,2502238000.0,1071874000.0,target_year,,,,,,,,,,SOE_target,0.059375,0.07022400000000001,25.03657194,0.003993959,0.452070271,0.29468154,0.062900957,0.689987886,0.53569692,1.276166723,0.032541029,True,H_nonSOE,0.05837727258800565,0.046964858,0.011412414588005654,868505726.165243,868505726.165243,0,1,FixedAssetsRatio_lag,
601808.SH,中海油服,CSI,中央国有企业,能源,石油石化,能源--石油石化--能源设备与服务--石油天然气钻井,2020,,,,,,,,,,75942308000.0,,0.04729003,2703187000.0,888127000.0,target_year,,,,,,,,,,SOE_target,0.055210999999999996,0.071851,25.05533825,0.00538186,0.44417932,0.41217689,0.042059878,0.659880817,0.514988363,1.161423314,0.038244503,True,H_nonSOE,0.06922802101200773,0.04729003,0.021937991012007732,1666021670.3351228,1666021670.3351228,0,1,FixedAssetsRatio_lag,
601808.SH,中海油服,CSI,中央国有企业,能源,石油石化,能源--石油石化--能源设备与服务--石油天然气钻井,2021,,,,,,,,,,73311708000.0,,0.015423798,313176000.0,817569000.0,target_year,,,,,,,,,,SOE_target,0.023895,0.008183000000000001,25.05323978,0.006705584,0.429200271,0.380485744,0.124394771,0.617823335,0.490550011,1.55978126,0.054926774,True,H_nonSOE,0.06672989279465293,0.015423798,0.05130609479465292,3761337440.205915,3761337440.205915,1,0,,
601808.SH,中海油服,CSI,中央国有企业,能源,石油石化,能源--石油石化--能源设备与服务--石油天然气钻井,2022,,,,,,,,,,77184090000.0,,0.040373955,2352625000.0,763602000.0,target_year,,,,,,,,,,SOE_target,0.04813,0.06082,25.01798616,0.005068244,0.425995256,0.390856873,0.04464467,0.590030695,0.478714505,1.14871269,0.050342709,True,H_nonSOE,0.07110808254664805,0.040373955,0.030734127546648046,2372185666.631962,2372185666.631962,1,0,,
601808.SH,中海油服,CSI,中央国有企业,能源,石油石化,能源--石油石化--能源设备与服务--石油天然气钻井,2023,,,,,,,,,,83245834000.0,,0.047842,3013255000.0,969394000.0,target_year,,,,,,,,,,SOE_target,0.062721,0.074425,25.069459,0.00499,0.418201,0.473238,0.088332,0.571986,0.483079,1.320206,0.053665,True,H_nonSOE,0.07574119962268508,0.047842,0.027899199622685077,2322492140.5229044,2322492140.5229044,1,0,,
601808.SH,中海油服,CSI,中央国有企业,能源,石油石化,能源--石油石化--能源设备与服务--石油天然气钻井,2024,,,,,,,,,,82947663000.0,,0.04698,3136992000.0,759921000.0,target_year,,,,,,,,,,SOE_target,0.063888,0.073431,25.145064,0.006444,0.410755,0.549053,0.082953,0.587758,0.492394,1.295552,0.113805,True,H_nonSOE,0.07085421936666983,0.04698,0.02387421936666983,1980310702.4146023,1980310702.4146023,1,0,,
601808.SH,中海油服,CSI,中央国有企业,能源,石油石化,能源--石油石化--能源设备与服务--石油天然气钻井,2025,,,,,,,,,,84462835000.0,,0.053019,3841741000.0,636403000.0,target_year,,,,,,,,,,SOE_target,0.067563,0.085022,25.141476,0.007259,0.406814,0.580265,-0.011293,0.608334,0.464427,0.968357,0.072709,True,H_nonSOE,0.0844828782586646,0.053019,0.031463878258664604,2657528357.821676,2657528357.821676,1,0,,
601816.SH,京沪高铁,CSI,中央国有企业,工业,交通运输,工业--交通运输--铁路公路运输--铁路运输,2019,,,,,,,,,,185151000000.0,,0.070411296,11937249779.0,1099497717.0,target_year,,,,,,,,,,SOE_target,0.09175599999999999,0.07778,25.89209933,0.035751168,0.111099702,0.176202692,0.03661226,0.756071535,0.15671601,2.260657774,0.003739369,True,H_nonSOE,0.055437151663513304,0.070411296,-0.014974144336486694,-2772477798.044848,0.0,0,2,"FixedAssetsRatio_lag, HHI_lag",
601816.SH,京沪高铁,CSI,中央国有企业,工业,交通运输,工业--交通运输--铁路公路运输--铁路运输,2020,,,,,,,,,,300863000000.0,,0.020521067,3228866109.0,2945170117.0,target_year,,,,,,,,,,SOE_target,0.016576,0.01886,25.94443952,0.03393513,0.108646931,0.182018151,0.028729308,0.705225269,0.142462742,1.968147265,0.002679892,True,H_nonSOE,0.060635601553777965,0.020521067,0.04011453455377796,12068979209.453299,12068979209.453299,0,2,"FixedAssetsRatio_lag, HHI_lag",
601816.SH,京沪高铁,CSI,中央国有企业,工业,交通运输,工业--交通运输--铁路公路运输--铁路运输,2021,,,,,,,,,,295252000000.0,,0.027510617,4815710298.0,3306861251.0,target_year,,,,,,,,,,SOE_target,0.020964,0.025997,26.42992188,0.031568495,0.123286456,0.103345912,-0.013321118,0.766537866,0.307049247,0.718920146,0.016708567,True,H_nonSOE,0.03969982601868188,0.027510617,0.012189209018681882,3598888341.183863,3598888341.183863,0,2,"FixedAssetsRatio_lag, HHI_lag",
601816.SH,京沪高铁,CSI,中央国有企业,工业,交通运输,工业--交通运输--铁路公路运输--铁路运输,2022,,,,,,,,,,288545000000.0,,0.008071276,-576160740.5,2905087457.0,target_year,,,,,,,,,,SOE_target,-0.00358,-0.003107,26.41109593,0.026490794,0.15352339,0.097847091,0.000961479,0.767963413,0.285003369,1.031638177,0.011694701,True,H_nonSOE,0.04141697722584922,0.008071276,0.03334570122584922,9621735360.212664,9621735360.212664,0,1,FixedAssetsRatio_lag,
601816.SH,京沪高铁,CSI,中央国有企业,工业,交通运输,工业--交通运输--铁路公路运输--铁路运输,2023,,,,,,,,,,292219725586.82,,0.047604,11545536011.72,2365430963.91,target_year,,,,,,,,,,SOE_target,0.05272,0.060931,26.388117,0.016464,0.180808,0.066234,-0.011277,0.775856,0.281638,0.650237,0.003807,True,H_nonSOE,0.04628687494162727,0.047604,-0.0013171250583727326,-384889923.1212042,0.0,0,1,FixedAssetsRatio_lag,
601816.SH,京沪高铁,CSI,中央国有企业,工业,交通运输,工业--交通运输--铁路公路运输--铁路运输,2024,,,,,,,,,,284662650232.54,,0.051136,12768289200.79,1788199149.18,target_year,,,,,,,,,,SOE_target,0.065529,0.064263,26.400772,0.033355,0.114556,0.139624,-0.001078,0.749455,0.254289,0.978628,0.0051,True,H_nonSOE,0.04836551754333307,0.051136,-0.002770482456666931,-788652878.5375667,0.0,0,2,"FixedAssetsRatio_lag, HHI_lag",
601816.SH,京沪高铁,CSI,中央国有企业,工业,交通运输,工业--交通运输--铁路公路运输--铁路运输,2025,,,,,,,,,,287938421202.66,,0.050637,13171912357.24,1408303112.44,target_year,,,,,,,,,,SOE_target,0.066649,0.064329,26.374571,0.030185,0.116886,0.145363,0.01349,0.753939,0.208718,1.470092,0.004145,True,H_nonSOE,0.05183916796945859,0.050637,0.0012021679694585868,346150347.1463131,346150347.1463131,0,2,"FixedAssetsRatio_lag, HHI_lag",
601857.SH,中国石油,CSI,中央国有企业,能源,石油石化,能源--石油石化--石油天然气--综合性石油天然气,2019,,,,,,,,,,2732910000000.0,,0.027842483,45682000000.0,30409000000.0,target_year,,,,,,,,,,SOE_target,0.050334000000000004,0.037376,28.51984445,0.429492104,0.452070271,0.973184769,-0.063010378,0.701362844,0.420023139,0.738639736,0.113369179,True,H_nonSOE,0.1171046206875286,0.027842483,0.0892621376875286,243945388707.62378,243945388707.62378,0,2,"FirmSize_lag, FixedAssetsRatio_lag",
601857.SH,中国石油,CSI,中央国有企业,能源,石油石化,能源--石油石化--石油天然气--综合性石油天然气,2020,,,,,,,,,,2488130000000.0,,0.01830052,19006000000.0,26528000000.0,target_year,,,,,,,,,,SOE_target,0.030484,0.015545,28.63638809,0.435873044,0.44417932,0.9745302,-0.071171755,0.652500082,0.471513881,0.705926198,0.119565591,True,H_nonSOE,0.10833882520596463,0.01830052,0.09003830520596463,224027008332.1168,224027008332.1168,0,2,"FirmSize_lag, FixedAssetsRatio_lag",
601857.SH,中国石油,CSI,中央国有企业,能源,石油石化,能源--石油石化--石油天然气--综合性石油天然气,2021,,,,,,,,,,2502260000000.0,,0.044723135,92170000000.0,19739000000.0,target_year,,,,,,,,,,SOE_target,0.070118,0.07436899999999999,28.54255093,0.448309732,0.429200271,0.740786311,-0.047686894,0.583608306,0.450742848,0.80401805,0.103180868,True,H_nonSOE,0.09868704296529465,0.044723135,0.053963907965294655,135031728345.2382,135031728345.2382,0,1,FirmSize_lag,
601857.SH,中国石油,CSI,中央国有企业,能源,石油石化,能源--石油石化--石油天然气--综合性石油天然气,2022,,,,,,,,,,2673490000000.0,,0.063936772,149380000000.0,21554000000.0,target_year,,,,,,,,,,SOE_target,0.08891199999999999,0.113472,28.54821624,0.454262894,0.425995256,1.047753802,-0.014914505,0.583190729,0.436961837,0.927975637,0.106129174,True,H_nonSOE,0.12017690381542973,0.063936772,0.05624013181542972,150357430007.23322,150357430007.23322,0,1,FirmSize_lag,
601857.SH,中国石油,CSI,中央国有企业,能源,石油石化,能源--石油石化--石油天然气--综合性石油天然气,2023,,,,,,,,,,2752448000000.0,,0.067289,161146000000.0,24063000000.0,target_year,,,,,,,,,,SOE_target,0.093352,0.114471,28.614404,0.453855,0.418201,1.251671,-0.003889,0.558265,0.424776,0.983347,0.091729,True,H_nonSOE,0.13759178288442944,0.067289,0.07030278288442944,193504754144.68204,193504754144.68204,0,1,FirmSize_lag,
601857.SH,中国石油,CSI,中央国有企业,能源,石油石化,能源--石油石化--石油天然气--综合性石油天然气,2024,,,,,,,,,,2752751000000.0,,0.067356,164684000000.0,20731000000.0,target_year,,,,,,,,,,SOE_target,0.092073,0.111224,28.643512,0.440548,0.410755,1.10986,-0.011076,0.552914,0.407664,0.955752,0.10365,True,H_nonSOE,0.12910463198804578,0.067356,0.06174863198804578,169978608453.725,169978608453.725,0,1,FirmSize_lag,
601857.SH,中国石油,CSI,中央国有企业,能源,石油石化,能源--石油石化--石油天然气--综合性石油天然气,2025,,,,,,,,,,2827777000000.0,,0.061845,157318000000.0,17567000000.0,target_year,,,,,,,,,,SOE_target,0.08457,0.101464,28.643622,0.442325,0.406814,1.067348,-0.016882,0.570633,0.37894,0.92708,0.109945,True,H_nonSOE,0.12986880337533208,0.061845,0.06802380337533208,192356146637.2864,192356146637.2864,0,1,FirmSize_lag,
601868.SH,中国能建,CSI,中央国有企业,工业,建筑,工业--建筑--建筑与工程Ⅲ--建筑与工程Ⅳ,2019,,,,,,,,,,421670000000.0,,0.022373373,5078524000.0,4355663000.0,target_year,,,,,,,,,,SOE_target,0.040955000000000005,0.093375,26.68783575,0.055060571,0.178025019,0.611053387,0.080332028,0.089422698,0.755605049,1.138216335,0.041483933,True,H_nonSOE,0.01388631859575742,0.022373373,-0.008487054404242578,-3578736230.6369677,0.0,0,1,FirmSize_lag,
601868.SH,中国能建,CSI,中央国有企业,工业,建筑,工业--建筑--建筑与工程Ⅲ--建筑与工程Ⅳ,2020,,,,,,,,,,476052000000.0,,0.017142067,4680285000.0,3480229000.0,target_year,,,,,,,,,,SOE_target,0.035304,0.073961,26.76748957,0.052356081,0.179054819,0.609800165,0.094137391,0.091607576,0.731329544,1.17643605,0.034060274,True,H_nonSOE,0.018914983091100186,0.017142067,0.0017729160911001858,844000251.0004257,844000251.0004257,0,1,FirmSize_lag,
601868.SH,中国能建,CSI,中央国有企业,工业,建筑,工业--建筑--建筑与工程Ⅲ--建筑与工程Ⅳ,2021,,,,,,,,,,528863000000.0,,0.018656423,6504102000.0,3362582000.0,target_year,,,,,,,,,,SOE_target,0.031996000000000004,0.079994,26.88879274,0.050547082,0.179498397,0.602252363,0.076272281,0.086413832,0.710265092,1.143458048,0.031423462,True,H_nonSOE,0.021562489440834536,0.018656423,0.002906066440834538,1536911016.0990763,1536911016.0990763,0,1,FirmSize_lag,
601868.SH,中国能建,CSI,中央国有企业,工业,建筑,工业--建筑--建筑与工程Ⅲ--建筑与工程Ⅳ,2022,,,,,,,,,,664351000000.0,,0.020211219,7809343000.0,5618003000.0,target_year,,,,,,,,,,SOE_target,0.031312,0.07965,26.99399448,0.052466095,0.17910201,0.641484554,0.074525801,0.089604705,0.716875416,1.145695808,0.026553177,True,H_nonSOE,0.024090852581144254,0.020211219,0.0038796335811442546,2577438449.2667665,2577438449.2667665,0,1,FirmSize_lag,
601868.SH,中国能建,CSI,中央国有企业,工业,建筑,工业--建筑--建筑与工程Ⅲ--建筑与工程Ⅳ,2023,,,,,,,,,,783156193000.0,,0.017731,7986116000.0,5899961000.0,target_year,,,,,,,,,,SOE_target,0.025701,0.075214,27.222077,0.05363,0.173049,0.614129,0.055987,0.089218,0.747895,1.108897,0.030079,True,H_nonSOE,0.01676634712712214,0.017731,-0.0009646528728778601,-755473871.489538,0.0,0,1,FirmSize_lag,
601868.SH,中国能建,CSI,中央国有企业,工业,建筑,工业--建筑--建筑与工程Ⅲ--建筑与工程Ⅳ,2024,,,,,,,,,,869004776000.0,,0.017443,8396167000.0,6761837000.0,target_year,,,,,,,,,,SOE_target,0.024536,0.074146,27.386598,0.055265,0.176169,0.561008,0.01157,0.106064,0.759623,1.02173,0.039749,True,H_nonSOE,0.010801406781602955,0.017443,-0.006641593218397045,-5771576227.0362425,0.0,0,1,FirmSize_lag,
601868.SH,中国能建,CSI,中央国有企业,工业,建筑,工业--建筑--建筑与工程Ⅲ--建筑与工程Ⅳ,2025,,,,,,,,,,941597382000.0,,0.013588,5840294000.0,6954227000.0,target_year,,,,,,,,,,SOE_target,0.020983,0.049495,27.490614,0.061638,0.174423,0.528656,0.011594,0.127901,0.763144,1.023043,0.05238,True,H_nonSOE,0.007709661196352635,0.013588,-0.005878338803647364,-5535028428.02337,0.0,0,1,FirmSize_lag,
601872.SH,招商轮船,CSI,中央国有企业,工业,交通运输,工业--交通运输--海上运输Ⅲ--海上运输Ⅳ,2019,,,,,,,,,,54817643675.0,,0.048220512,1612975362.0,1030359463.0,target_year,,,,,,,,,,SOE_target,0.048766,0.070773,24.63439951,0.012531131,0.111099702,0.248768239,-0.144937503,0.763285164,0.593101964,0.553060102,0.127231869,True,H_nonSOE,-0.028383833967399706,0.048220512,-0.0766043459673997,-4199269741.1973405,0.0,0,2,"FixedAssetsRatio_lag, HHI_lag",
601872.SH,招商轮船,CSI,中央国有企业,工业,交通运输,工业--交通运输--海上运输Ⅲ--海上运输Ⅳ,2020,,,,,,,,,,58634669141.0,,0.056169586,2777489423.0,515995643.3,target_year,,,,,,,,,,SOE_target,0.06112599999999999,0.10917299999999999,24.72727794,0.015023484,0.108646931,0.277540098,0.025627368,0.720457705,0.530282788,1.131312613,0.07166024,True,H_nonSOE,-0.007047768242604738,0.056169586,-0.06321735424260475,-3706728649.984522,0.0,0,2,"FixedAssetsRatio_lag, HHI_lag",
601872.SH,招商轮船,CSI,中央国有企业,工业,交通运输,工业--交通运输--海上运输Ⅲ--海上运输Ⅳ,2021,,,,,,,,,,60135535611.0,,0.068015247,3609069039.0,481064278.5,target_year,,,,,,,,,,SOE_target,0.08123200000000001,0.138902,24.79459198,0.022698194,0.123286456,0.318322079,0.10278916,0.672902532,0.556505787,1.634599657,0.02325035,True,H_nonSOE,-0.001949736619169501,0.068015247,-0.0699649836191695,-4207381763.9535995,0.0,0,2,"FixedAssetsRatio_lag, HHI_lag",
601872.SH,招商轮船,CSI,中央国有企业,工业,交通运输,工业--交通运输--海上运输Ⅲ--海上运输Ⅳ,2022,,,,,,,,,,65469954370.0,,0.084040716,5085887332.0,416254517.4,target_year,,,,,,,,,,SOE_target,0.101114,0.171097,24.81986678,0.022144272,0.15352339,0.41052282,0.037080611,0.637702484,0.552953965,1.153785552,0.040402073,True,H_nonSOE,0.004958272147614073,0.084040716,-0.07908244385238593,-5177523990.483793,0.0,0,1,FixedAssetsRatio_lag,
601872.SH,招商轮船,CSI,中央国有企业,工业,交通运输,工业--交通运输--海上运输Ⅲ--海上运输Ⅳ,2023,,,,,,,,,,62394661514.41,,0.09434,4836966617.91,1049349709.81,target_year,,,,,,,,,,SOE_target,0.101106,0.138321,24.904857,0.025269,0.180808,0.472482,0.136669,0.633026,0.488315,1.997692,0.041179,True,H_nonSOE,0.015211335677663994,0.09434,-0.079128664322336,-4937206226.4795265,0.0,0,1,FixedAssetsRatio_lag,
601872.SH,招商轮船,CSI,中央国有企业,工业,交通运输,工业--交通运输--海上运输Ⅲ--海上运输Ⅳ,2024,,,,,,,,,,70619308351.63,,0.087285,5107447941.27,1056539123.01,target_year,,,,,,,,,,SOE_target,0.10538600000000001,0.132773,24.856746,0.021278,0.114556,0.404556,-0.023155,0.703197,0.401566,0.884669,0.071941,True,H_nonSOE,0.024378750426102012,0.087285,-0.06290624957389798,-4442395835.903695,0.0,0,2,"FixedAssetsRatio_lag, HHI_lag",
601872.SH,招商轮船,CSI,中央国有企业,工业,交通运输,工业--交通运输--海上运输Ⅲ--海上运输Ⅳ,2025,,,,,,,,,,82054880078.89,,0.087403,6012096267.97,1159711575.55,target_year,,,,,,,,,,SOE_target,0.10524800000000001,0.144784,24.980569,0.018482,0.116886,0.386011,-0.101025,0.665063,0.421558,0.592028,0.106915,True,H_nonSOE,0.01709885372211256,0.087403,-0.07030414627788743,-5768798291.880794,0.0,0,2,"FixedAssetsRatio_lag, HHI_lag",
601888.SH,中国中免,CSI,中央国有企业,可选消费,可选消费零售,可选消费--可选消费零售--经销商Ⅲ--经销商Ⅳ,2019,,,,,,,,,,36080230000.0,,0.130492211,4497573000.0,210616000.0,target_year,,,,,,,,,,SOE_target,0.18617,0.249605,24.14778729,1.0,1.0,1.340804305,0.354696241,0.100572764,0.397675149,2.253891129,0.051508655,True,H_nonSOE,0.14396144204354627,0.130492211,0.013469231043546276,485972953.97428966,485972953.97428966,0,2,"HHI_lag, MarketShare_lag",
601888.SH,中国中免,CSI,中央国有企业,可选消费,可选消费零售,可选消费--可选消费零售--经销商Ⅲ--经销商Ⅳ,2020,,,,,,,,,,45863816000.0,,0.13404953,5931348000.0,216675000.0,target_year,,,,,,,,,,SOE_target,0.231043,0.28396699999999997,24.30901091,1.0,1.0,1.437757186,0.377254053,0.075365096,0.369845314,2.431739667,0.042022238,True,H_nonSOE,0.15599501342390854,0.13404953,0.021945483423908535,1006503613.785191,1006503613.785191,0,2,"HHI_lag, MarketShare_lag",
601888.SH,中国中免,CSI,中央国有企业,可选消费,可选消费零售,可选消费--可选消费零售--经销商Ⅲ--经销商Ⅳ,2021,,,,,,,,,,55101329000.0,,0.180547587,9726557000.0,221855000.0,target_year,,,,,,,,,,SOE_target,0.29467,0.38020000000000004,24.54894232,1.0,1.0,1.283749328,0.313407218,0.076801765,0.438851403,1.866473287,0.026899681,True,H_nonSOE,0.14533310398056826,0.180547587,-0.03521448301943175,-1940364814.4186225,0.0,0,2,"HHI_lag, MarketShare_lag",
601888.SH,中国中免,CSI,中央国有企业,可选消费,可选消费零售,可选消费--可选消费零售--经销商Ⅲ--经销商Ⅳ,2022,,,,,,,,,,75618784000.0,,0.070196024,5113962000.0,194176000.0,target_year,,,,,,,,,,SOE_target,0.12078799999999999,0.131835,24.73243967,1.0,1.0,1.340571838,0.388476311,0.100419465,0.375350874,2.249147766,0.039106988,True,H_nonSOE,0.1601325650199233,0.070196024,0.0899365410199233,6800891869.092719,6800891869.092719,0,2,"HHI_lag, MarketShare_lag",
601888.SH,中国中免,CSI,中央国有企业,可选消费,可选消费零售,可选消费--可选消费零售--经销商Ⅲ--经销商Ⅳ,2023,,,,,,,,,,78662313000.0,,0.090106,6790027000.0,297894000.0,target_year,,,,,,,,,,SOE_target,0.117281,0.133195,25.048971,1.0,1.0,0.832815,0.525335,0.110924,0.288026,3.272565,0.039612,True,H_nonSOE,0.14056131812818762,0.090106,0.05045531812818761,3968932027.114068,3968932027.114068,0,2,"HHI_lag, MarketShare_lag",
601888.SH,中国中免,CSI,中央国有企业,可选消费,可选消费零售,可选消费--可选消费零售--经销商Ⅲ--经销商Ⅳ,2024,,,,,,,,,,76108344000.0,,0.05947,4323643000.0,202501000.0,target_year,,,,,,,,,,SOE_target,0.083054,0.07961599999999999,25.08843,1.0,1.0,0.875546,0.548259,0.107205,0.250282,3.813539,0.022903,True,H_nonSOE,0.14799802577942214,0.05947,0.08852802577942215,6737721439.661129,6737721439.661129,0,2,"HHI_lag, MarketShare_lag",
601888.SH,中国中免,CSI,中央国有企业,可选消费,可选消费零售,可选消费--可选消费零售--经销商Ⅲ--经销商Ⅳ,2025,,,,,,,,,,74891423000.0,,0.051038,3643905000.0,178416000.0,target_year,,,,,,,,,,SOE_target,0.061806,0.066036,25.055424,1.0,1.0,0.729775,0.591149,0.107038,0.201187,5.101675,0.014702,True,H_nonSOE,0.13622329685494644,0.051038,0.08518529685494644,6379648100.144363,6379648100.144363,0,2,"HHI_lag, MarketShare_lag",
601898.SH,中煤能源,CSI,中央国有企业,能源,煤炭Ⅱ,能源--煤炭Ⅱ--煤炭Ⅲ--煤炭与消费用燃料,2019,,,,,,,,,,272469000000.0,,0.040662582,6197168000.0,4882121000.0,target_year,,,,,,,,,,SOE_target,0.066093,0.065577,26.30135748,0.199924039,0.3281903,0.40562245,-0.051643698,0.498581841,0.582205584,0.802290686,0.035635828,True,H_nonSOE,0.05017737912749685,0.040662582,0.009514797127496845,2592487258.5319376,2592487258.5319376,1,0,,
601898.SH,中煤能源,CSI,中央国有企业,能源,煤炭Ⅱ,能源--煤炭Ⅱ--煤炭Ⅲ--煤炭与消费用燃料,2020,,,,,,,,,,281574000000.0,,0.035577161,5350726000.0,4666871000.0,target_year,,,,,,,,,,SOE_target,0.058464999999999996,0.054136,26.33079033,0.239282422,0.293470907,0.481509395,-0.105136963,0.477110854,0.569782391,0.657633162,0.040171693,True,H_nonSOE,0.05519658707665302,0.035577161,0.01961942607665302,5524320278.107497,5524320278.107497,1,0,,
601898.SH,中煤能源,CSI,中央国有企业,能源,煤炭Ⅱ,能源--煤炭Ⅱ--煤炭Ⅲ--煤炭与消费用燃料,2021,,,,,,,,,,321329000000.0,,0.058533792,14714915000.0,4093691000.0,target_year,,,,,,,,,,SOE_target,0.104012,0.13738799999999998,26.36366047,0.248811769,0.275297772,0.508846338,-0.02459337,0.474754771,0.560805759,0.899856996,0.036606113,True,H_nonSOE,0.05879221269552047,0.058533792,0.00025842069552046987,83038063.67089707,83038063.67089707,1,0,,
601898.SH,中煤能源,CSI,中央国有企业,能源,煤炭Ⅱ,能源--煤炭Ⅱ--煤炭Ⅲ--煤炭与消费用燃料,2022,,,,,,,,,,339616000000.0,,0.069420696,19719469000.0,3856932000.0,target_year,,,,,,,,,,SOE_target,0.11591,0.16159300000000001,26.49573143,0.26828346,0.269530745,0.766714926,0.053652331,0.400720788,0.557575067,1.196478782,0.032450595,True,H_nonSOE,0.07093017524040235,0.069420696,0.001509479240402345,512643301.7084828,512643301.7084828,1,0,,
601898.SH,中煤能源,CSI,中央国有企业,能源,煤炭Ⅱ,能源--煤炭Ⅱ--煤炭Ⅲ--煤炭与消费用燃料,2023,,,,,,,,,,349155327000.0,,0.066585,20183598000.0,3064810000.0,target_year,,,,,,,,,,SOE_target,0.10643599999999999,0.147113,26.551082,0.229487,0.250024,0.645549,0.055689,0.37232,0.514808,1.180126,0.028727,True,H_nonSOE,0.06812780288376957,0.066585,0.0015428028837695673,538677845.3791063,538677845.3791063,0,1,FirmSize_lag,
601898.SH,中煤能源,CSI,中央国有企业,能源,煤炭Ⅱ,能源--煤炭Ⅱ--煤炭Ⅲ--煤炭与消费用燃料,2024,,,,,,,,,,357794496000.0,,0.057829,18155988000.0,2534892000.0,target_year,,,,,,,,,,SOE_target,0.092524,0.122846,26.578783,0.216143,0.263234,0.539553,0.061607,0.365746,0.477243,1.219139,0.050336,True,H_nonSOE,0.06261555672765394,0.057829,0.004786556727653941,1712603651.9463513,1712603651.9463513,0,1,FirmSize_lag,
601898.SH,中煤能源,CSI,中央国有企业,能源,煤炭Ⅱ,能源--煤炭Ⅱ--煤炭Ⅲ--煤炭与消费用燃料,2025,,,,,,,,,,370517742000.0,,0.044927,14497092000.0,2149057000.0,target_year,,,,,,,,,,SOE_target,0.066686,0.092908,26.603225,0.211221,0.263097,0.514626,0.030435,0.393,0.463299,1.106577,0.050505,True,H_nonSOE,0.0652983943927658,0.044927,0.0203713943927658,7547963051.799046,7547963051.799046,0,1,FirmSize_lag,
601899.SH,紫金矿业,CSI,地方国有企业,材料,有色金属,材料--有色金属--贵金属--黄金,2019,,,,,,,,,,123831000000.0,,0.050163348,4283957365.0,1927817536.0,target_year,,,,,,,,,,SOE_target,0.07092999999999999,0.093494,25.44958498,0.135006124,0.167062795,1.048438121,-0.060014627,0.349933684,0.581201238,0.818005224,0.069178863,True,H_nonSOE,0.12883130118817246,0.050163348,0.07866795318817246,9741531311.244585,9741531311.244585,1,0,,
601899.SH,紫金矿业,CSI,地方国有企业,材料,有色金属,材料--有色金属--贵金属--黄金,2020,,,,,,,,,,182313000000.0,,0.046235297,6508553913.0,1920753386.0,target_year,,,,,,,,,,SOE_target,0.079348,0.120837,25.54218314,0.147075799,0.15478921,1.149911991,-0.038506206,0.359373782,0.539052237,0.857077928,0.096066464,True,H_nonSOE,0.1385916422298307,0.046235297,0.09235634522983069,16837762367.886122,16837762367.886122,1,0,,
601899.SH,紫金矿业,CSI,地方国有企业,材料,有色金属,材料--有色金属--贵金属--黄金,2021,,,,,,,,,,208595000000.0,,0.0852602,15672870591.0,2111953389.0,target_year,,,,,,,,,,SOE_target,0.133764,0.24570799999999998,25.9289922,0.154732825,0.159708925,1.120395812,-0.042637039,0.349846763,0.590833682,0.834736234,0.076167844,True,H_nonSOE,0.13135258798761318,0.0852602,0.046092387987613184,9614641672.276173,9614641672.276173,1,0,,
601899.SH,紫金矿业,CSI,地方国有企业,材料,有色金属,材料--有色金属--贵金属--黄金,2022,,,,,,,,,,306044000000.0,,0.075917288,20042045977.0,3191995016.0,target_year,,,,,,,,,,SOE_target,0.123702,0.25056100000000003,26.06365887,0.150787193,0.168216562,1.151690576,-0.015523729,0.355451102,0.55465225,0.935626067,0.096591957,True,H_nonSOE,0.13581994170439832,0.075917288,0.05990265370439832,18332847750.30888,18332847750.30888,1,0,,
601899.SH,紫金矿业,CSI,地方国有企业,材料,有色金属,材料--有色金属--贵金属--黄金,2023,,,,,,,,,,343005706012.0,,0.075169,21119419571.0,4663911436.0,target_year,,,,,,,,,,SOE_target,0.104795,0.215012,26.446995,0.157798,0.153058,1.050558,0.027691,0.309148,0.593342,1.119075,0.081016,True,H_nonSOE,0.1218474164455092,0.075169,0.0466784164455092,16010963188.414034,16010963188.414034,1,0,,
601899.SH,紫金矿业,CSI,地方国有企业,材料,有色金属,材料--有色金属--贵金属--黄金,2024,,,,,,,,,,396610730026.0,,0.09228,32050602437.0,4548705755.0,target_year,,,,,,,,,,SOE_target,0.135342,0.25921299999999997,26.561013,0.169325,0.159476,0.904101,-0.019107,0.342247,0.596617,0.922147,0.088712,True,H_nonSOE,0.11359752055170307,0.09228,0.021317520551703065,8454757388.35521,8454757388.35521,0,1,FirmSize_lag,
601899.SH,紫金矿业,CSI,地方国有企业,材料,有色金属,材料--有色金属--贵金属--黄金,2025,,,,,,,,,,512005142450.0,,0.108807,51777327785.0,3932640491.0,target_year,,,,,,,,,,SOE_target,0.18064699999999997,0.318309,26.706221,0.169614,0.15747,0.821074,-0.002131,0.333734,0.551876,0.991529,0.062524,True,H_nonSOE,0.11853744781311558,0.108807,0.009730447813115578,4982039318.656532,4982039318.656532,0,1,FirmSize_lag,
601919.SH,中远海控,CSI,中央国有企业,工业,交通运输,工业--交通运输--海上运输Ⅲ--海上运输Ⅳ,2019,,,,,,,,,,262224000000.0,,0.046345211,6690106000.0,5462722000.0,target_year,,,,,,,,,,SOE_target,0.034775,0.229719,26.15324199,0.1381701,0.111099702,0.666100324,-0.126402542,0.505757923,0.752993999,0.675445454,0.08717098,True,H_nonSOE,-0.008206227616771436,0.046345211,-0.05455143861677143,-14304696439.844273,0.0,0,1,HHI_lag,
601919.SH,中远海控,CSI,中央国有企业,工业,交通运输,工业--交通运输--海上运输Ⅲ--海上运输Ⅳ,2020,,,,,,,,,,271926000000.0,,0.051028303,9927098000.0,3948828000.0,target_year,,,,,,,,,,SOE_target,0.064635,0.250452,26.29246505,0.155552982,0.108646931,0.613990479,0.006206761,0.397290073,0.736388625,1.023095445,0.042264429,True,H_nonSOE,-0.009307442086195251,0.051028303,-0.06033574508619525,-16406857818.30873,0.0,0,1,HHI_lag,
601919.SH,中远海控,CSI,中央国有企业,工业,交通运输,工业--交通运输--海上运输Ⅲ--海上运输Ⅳ,2021,,,,,,,,,,413668000000.0,,0.224550922,89296138000.0,3593411000.0,target_year,,,,,,,,,,SOE_target,0.380517,1.008949,26.32879608,0.215275282,0.123286456,0.641238606,-0.007594321,0.378170712,0.710593928,0.972104244,0.024524221,True,H_nonSOE,-0.0014468978919928294,0.224550922,-0.2259978198919928,-93488066159.08087,0.0,0,1,HHI_lag,
601919.SH,中远海控,CSI,中央国有企业,工业,交通运输,工业--交通运输--海上运输Ⅲ--海上运输Ⅳ,2022,,,,,,,,,,511780000000.0,,0.221511332,109684000000.0,3680840000.0,target_year,,,,,,,,,,SOE_target,0.357707,0.657821,26.74832975,0.303105964,0.15352339,0.97344357,0.196168556,0.257317874,0.567623053,1.668671798,0.023085939,True,H_nonSOE,0.0333892482324006,0.221511332,-0.1881220837675994,-96277120030.58202,0.0,0,1,FirmSize_lag,
601919.SH,中远海控,CSI,中央国有企业,工业,交通运输,工业--交通运输--海上运输Ⅲ--海上运输Ⅳ,2023,,,,,,,,,,462429381000.0,,0.059367,23860258000.0,3592746000.0,target_year,,,,,,,,,,SOE_target,0.059946,0.120355,26.96116,0.333016,0.180808,0.845123,0.198677,0.233535,0.504624,1.63763,0.0205,True,H_nonSOE,0.0339876956183587,0.059367,-0.0253793043816413,-11736136015.412973,0.0,0,1,FirmSize_lag,
601919.SH,中远海控,CSI,中央国有企业,工业,交通运输,工业--交通运输--海上运输Ⅲ--海上运输Ⅳ,2024,,,,,,,,,,497472214000.0,,0.104992,49172465000.0,3058232000.0,target_year,,,,,,,,,,SOE_target,0.13303,0.228293,26.85976,0.144337,0.114556,0.360185,0.162486,0.280678,0.47404,1.590121,0.033131,True,H_nonSOE,0.006360243783807312,0.104992,-0.09863175621619269,-49066558135.57764,0.0,0,2,"FirmSize_lag, HHI_lag",
601919.SH,中远海控,CSI,中央国有企业,工业,交通运输,工业--交通运输--海上运输Ⅲ--海上运输Ⅳ,2025,,,,,,,,,,483758024000.0,,0.07002,30859651000.0,3013024000.0,target_year,,,,,,,,,,SOE_target,0.080724,0.13218,26.932806,0.16836,0.116886,0.487256,0.167499,0.303861,0.426986,1.678604,0.052262,True,H_nonSOE,0.020056933642743885,0.07002,-0.049963066357256114,-24170034253.967094,0.0,0,2,"FirmSize_lag, HHI_lag",
601985.SH,中国核电,CSI,中央国有企业,公用事业,公用事业Ⅱ,公用事业--公用事业Ⅱ--电力--电力公用事业,2019,,,,,,,,,,347639000000.0,,0.033423197,4612558850.0,7006645806.0,target_year,,,,,,,,,,SOE_target,0.051093,0.095614,26.50240634,0.065305579,0.148389593,0.123797436,-0.015956505,0.849558327,0.741652254,0.86858063,0.071637094,True,H_nonSOE,0.051942061937878294,0.033423197,0.018518864937878292,6437879688.139071,6437879688.139071,0,1,FixedAssetsRatio_lag,
601985.SH,中国核电,CSI,中央国有企业,公用事业,公用事业Ⅱ,公用事业--公用事业Ⅱ--电力--电力公用事业,2020,,,,,,,,,,381746000000.0,,0.033938319,5995452045.0,6960364749.0,target_year,,,,,,,,,,SOE_target,0.036137999999999997,0.099496,26.57443023,0.067481903,0.143602423,0.135640693,-0.019129801,0.828426352,0.740297102,0.863979538,0.070616627,True,H_nonSOE,0.052670607456577936,0.033938319,0.018732288456577935,7150976189.1448,7150976189.1448,0,2,"FirmSize_lag, FixedAssetsRatio_lag",
601985.SH,中国核电,CSI,中央国有企业,公用事业,公用事业Ⅱ,公用事业--公用事业Ⅱ--电力--电力公用事业,2021,,,,,,,,,,409621000000.0,,0.036396898,8038084942.0,6870862905.0,target_year,,,,,,,,,,SOE_target,0.04185,0.109671,26.66802123,0.067942863,0.126082379,0.141686299,-0.007015087,0.817627022,0.694850283,0.950978047,0.062692714,True,H_nonSOE,0.06091644833271618,0.036396898,0.024519550332716182,10043722726.837536,10043722726.837536,0,3,"FirmSize_lag, FixedAssetsRatio_lag, HHI_lag",
601985.SH,中国核电,CSI,中央国有企业,公用事业,公用事业Ⅱ,公用事业--公用事业Ⅱ--电力--电力公用事业,2022,,,,,,,,,,464620000000.0,,0.036921229,9009829595.0,8144511017.0,target_year,,,,,,,,,,SOE_target,0.044770000000000004,0.109367,26.73849912,0.066112516,0.130392082,0.155949917,-0.018961189,0.805403382,0.694160724,0.88155248,0.061331462,True,H_nonSOE,0.06249273766205685,0.036921229,0.025571508662056854,11881034354.564856,11881034354.564856,0,3,"FirmSize_lag, FixedAssetsRatio_lag, HHI_lag",
601985.SH,中国核电,CSI,中央国有企业,公用事业,公用事业Ⅱ,公用事业--公用事业Ⅱ--电力--电力公用事业,2023,,,,,,,,,,539267250476.02,,0.033241,10623826706.6,7301743750.68,target_year,,,,,,,,,,SOE_target,0.045784000000000005,0.11831200000000001,26.864486,0.064424,0.129341,0.161085,-0.017598,0.79749,0.681741,0.889415,0.108712,True,H_nonSOE,0.05696676206628086,0.033241,0.02372576206628086,12794526474.931536,12794526474.931536,0,3,"FirmSize_lag, FixedAssetsRatio_lag, HHI_lag",
601985.SH,中国核电,CSI,中央国有企业,公用事业,公用事业Ⅱ,公用事业--公用事业Ⅱ--电力--电力公用事业,2024,,,,,,,,,,659739168841.27,,0.023677,8777342050.34,6843597272.48,target_year,,,,,,,,,,SOE_target,0.049053000000000006,0.087264,27.013477,0.064166,0.121904,0.147279,-0.05444,0.798297,0.698113,0.699198,0.124429,True,H_nonSOE,0.0517519117197813,0.023677,0.0280749117197813,18522118923.300545,18522118923.300545,0,3,"FirmSize_lag, FixedAssetsRatio_lag, HHI_lag",
601985.SH,中国核电,CSI,中央国有企业,公用事业,公用事业Ⅱ,公用事业--公用事业Ⅱ--电力--电力公用事业,2025,,,,,,,,,,749261994107.31,,0.021539,9304211536.74,6834483614.48,target_year,,,,,,,,,,SOE_target,0.042759,0.081283,27.21511,0.066502,0.118327,0.127097,-0.026619,0.780601,0.68265,0.827394,0.137491,True,H_nonSOE,0.050437116657377774,0.021539,0.028898116657377775,21652260512.652546,21652260512.652546,0,3,"FirmSize_lag, FixedAssetsRatio_lag, HHI_lag",
603019.SH,中科曙光,CSI,中央国有企业,信息技术,硬件设备,信息技术--硬件设备--电脑与外围设备--电脑硬件、储存设备及电脑周边,2019,,,,,,,,,,16769281027.0,,0.046053914,593633044.8,178657973.6,target_year,,,,,,,,,,SOE_target,0.058621999999999994,0.145814,23.30100268,0.0077991,0.161142974,0.775761243,0.22087728,0.104489626,0.692376064,1.556652795,0.048115164,True,H_nonSOE,0.031236123637314123,0.046053914,-0.014817790362685879,-248483690.79105175,0.0,1,0,,
603019.SH,中科曙光,CSI,中央国有企业,信息技术,硬件设备,信息技术--硬件设备--电脑与外围设备--电脑硬件、储存设备及电脑周边,2020,,,,,,,,,,20963979137.0,,0.039996011,822381760.3,16093782.61,target_year,,,,,,,,,,SOE_target,0.055788000000000004,0.103103,23.54281454,0.007820415,0.145048886,0.634093523,0.239751642,0.097377554,0.724420087,1.686252249,0.044994331,True,H_nonSOE,0.020345830598857417,0.039996011,-0.01965018040114258,-411945971.96783936,0.0,1,0,,
603019.SH,中科曙光,CSI,中央国有企业,信息技术,硬件设备,信息技术--硬件设备--电脑与外围设备--电脑硬件、储存设备及电脑周边,2021,,,,,,,,,,26121984763.0,,0.038917893,1157781112.0,-141168510.7,target_year,,,,,,,,,,SOE_target,0.06096599999999999,0.095297,23.76607152,0.0072491,0.129289002,0.536679608,0.5056888,0.074705179,0.429743553,3.876764347,0.026434258,True,H_nonSOE,0.051563362389478215,0.038917893,0.012645469389478213,330324758.71293277,330324758.71293277,0,1,HHI_lag,
603019.SH,中科曙光,CSI,中央国有企业,信息技术,硬件设备,信息技术--硬件设备--电脑与外围设备--电脑硬件、储存设备及电脑周边,2022,,,,,,,,,,31810174007.0,,0.045421863,1544219003.0,-99341626.16,target_year,,,,,,,,,,SOE_target,0.06579,0.104033,23.98604312,0.006334817,0.108896372,0.47400165,0.420008992,0.077714723,0.499409101,2.965212884,0.062330355,True,H_nonSOE,0.04081533900647298,0.045421863,-0.004606523993527019,-146534329.801515,0.0,0,1,HHI_lag,
603019.SH,中科曙光,CSI,中央国有企业,信息技术,硬件设备,信息技术--硬件设备--电脑与外围设备--电脑硬件、储存设备及电脑周边,2023,,,,,,,,,,31615458539.32,,0.05553,1835900702.06,-80304736.43,target_year,,,,,,,,,,SOE_target,0.068714,0.10294600000000001,24.183052,0.006852,0.117158,0.447215,0.330217,0.078245,0.442298,2.663063,0.084412,True,H_nonSOE,0.048112876999196884,0.05553,-0.007417123000803119,-234495744.71292776,0.0,0,1,HHI_lag,
603019.SH,中科曙光,CSI,中央国有企业,信息技术,硬件设备,信息技术--硬件设备--电脑与外围设备--电脑硬件、储存设备及电脑周边,2024,,,,,,,,,,36617491563.87,,0.050742,1911152257.13,-53100633.56,target_year,,,,,,,,,,SOE_target,0.06714,0.09787699999999999,24.176912,0.007472,0.108206,0.45091,0.314399,0.090495,0.383821,2.992228,0.068542,True,H_nonSOE,0.05740963349727436,0.050742,0.00666763349727436,244152013.3374209,244152013.3374209,0,1,HHI_lag,
603019.SH,中科曙光,CSI,中央国有企业,信息技术,硬件设备,信息技术--硬件设备--电脑与外围设备--电脑硬件、储存设备及电脑周边,2025,,,,,,,,,,40953741117.01,,0.051483,2176292865.25,-67880099.25,target_year,,,,,,,,,,SOE_target,0.062329999999999997,0.102089,24.323792,0.005798,0.114376,0.383723,0.229408,0.098389,0.417578,2.503729,0.023476,True,H_nonSOE,0.06044648813893139,0.051483,0.008963488138931386,367088372.74718577,367088372.74718577,0,1,HHI_lag,
603369.SH,今世缘,CSI,地方国有企业,日常消费,食品饮料,日常消费--食品饮料--饮料--白酒与葡萄酒,2019,,,,,,,,,,10062294426.0,,0.144971709,1458097936.0,650083.33,target_year,,,,,,,,,,SOE_target,0.20241399999999998,0.21924700000000003,22.87359084,0.004647124,0.118716357,0.39261743,0.437826307,0.123350825,0.288617426,2.527404298,0.02385493,True,H_nonSOE,0.09021892871887358,0.144971709,-0.05475278028112643,-550938595.8307812,0.0,0,1,HHI_lag,
603369.SH,今世缘,CSI,地方国有企业,日常消费,食品饮料,日常消费--食品饮料--饮料--白酒与葡萄酒,2020,,,,,,,,,,11851101844.0,,0.132767611,1566907818.0,6534659.97,target_year,,,,,,,,,,SOE_target,0.187577,0.202526,23.03206105,0.005205694,0.109737598,0.427747232,0.369028646,0.111611,0.283834551,2.336807766,0.014921261,True,H_nonSOE,0.09651381570155397,0.132767611,-0.03625379529844604,-429647420.31341237,0.0,0,1,HHI_lag,
603369.SH,今世缘,CSI,地方国有企业,日常消费,食品饮料,日常消费--食品饮料--饮料--白酒与葡萄酒,2021,,,,,,,,,,14433697119.0,,0.136075632,2029127929.0,-65053472.68,target_year,,,,,,,,,,SOE_target,0.205399,0.23105,23.19568668,0.004661291,0.106852675,0.385834782,0.417382351,0.126780398,0.302399008,2.425192333,0.033352504,True,H_nonSOE,0.09216038271104296,0.136075632,-0.04391524928895704,-633859407.142186,0.0,0,1,HHI_lag,
603369.SH,今世缘,CSI,地方国有企业,日常消费,食品饮料,日常消费--食品饮料--饮料--白酒与葡萄酒,2022,,,,,,,,,,18183711058.0,,0.132137809,2502789291.0,-100033561.7,target_year,,,,,,,,,,SOE_target,0.204044,0.24583200000000002,23.39283139,0.005106391,0.106913309,0.403319474,0.343201835,0.13995768,0.355876741,1.99477757,0.039951176,True,H_nonSOE,0.0902537118909015,0.132137809,-0.04188409710909849,-761608319.75706,0.0,0,1,HHI_lag,
603369.SH,今世缘,CSI,地方国有企业,日常消费,食品饮料,日常消费--食品饮料--饮料--白酒与葡萄酒,2023,,,,,,,,,,21630647731.29,,0.136515,3136042999.78,-183138913.29,target_year,,,,,,,,,,SOE_target,0.20906400000000003,0.257564,23.623792,0.005416,0.105461,0.405134,0.259668,0.163857,0.391503,1.680295,0.063079,True,H_nonSOE,0.0874477198144217,0.136515,-0.049067280185578294,-1061357052.8267499,0.0,0,1,HHI_lag,
603369.SH,今世缘,CSI,地方国有企业,日常消费,食品饮料,日常消费--食品饮料--饮料--白酒与葡萄酒,2024,,,,,,,,,,24221898385.69,,0.13537,3411925268.61,-133006465.89,target_year,,,,,,,,,,SOE_target,0.19253599999999998,0.23742999999999997,23.797377,0.006797,0.100594,0.432038,0.220588,0.229512,0.385741,1.585996,0.101447,True,H_nonSOE,0.09143093834998423,0.13537,-0.043939061650015765,-1064287486.4492502,0.0,0,1,HHI_lag,
603369.SH,今世缘,CSI,地方国有企业,日常消费,食品饮料,日常消费--食品饮料--饮料--白酒与葡萄酒,2025,,,,,,,,,,25899040538.78,,0.097322,2603690665.79,-83151223.46,target_year,,,,,,,,,,SOE_target,0.134739,0.16264800000000001,23.910523,0.007719,0.097008,0.430028,0.229316,0.272964,0.361997,1.663303,0.074998,True,H_nonSOE,0.10389650805252551,0.097322,0.0065745080525255045,170273450.5748936,170273450.5748936,0,1,HHI_lag,
688009.SH,中国通号,CSI,中央国有企业,工业,电气设备,工业--电气设备--电气设备Ⅲ--电气部件与设备,2019,,,,,,,,,,97512591304.0,,0.040378019,3815874901.0,121490364.0,target_year,,,,,,,,,,SOE_target,0.054669999999999996,0.108981,25.10126608,0.112768212,0.075162529,0.565471287,0.222678652,0.057931624,0.620072312,1.372498386,0.013432789,True,H_nonSOE,0.04444449845502384,0.040378019,0.004066479455023836,396532949.14385194,396532949.14385194,0,1,HHI_lag,
688009.SH,中国通号,CSI,中央国有企业,工业,电气设备,工业--电气设备--电气设备Ⅲ--电气部件与设备,2020,,,,,,,,,,105328000000.0,,0.036664884,3819046319.0,42795594.41,target_year,,,,,,,,,,SOE_target,0.045983,0.091274,25.30324735,0.09638352,0.069863037,0.470071921,0.294788513,0.046045731,0.561854761,1.555377083,0.008409159,True,H_nonSOE,0.0505855642005191,0.036664884,0.013920680200519099,1466237404.1602757,1466237404.1602757,0,1,HHI_lag,
688009.SH,中国通号,CSI,中央国有企业,工业,电气设备,工业--电气设备--电气设备Ⅲ--电气部件与设备,2021,,,,,,,,,,108943000000.0,,0.030924685,3274672689.0,94342569.44,target_year,,,,,,,,,,SOE_target,0.036272,0.07605100000000001,25.38034591,0.078313323,0.069189957,0.395625552,0.256343946,0.05340966,0.579434691,1.46497188,0.016604732,True,H_nonSOE,0.04222948586768473,0.030924685,0.011304800867684726,1231578920.928177,1231578920.928177,0,1,HHI_lag,
688009.SH,中国通号,CSI,中央国有企业,工业,电气设备,工业--电气设备--电气设备Ⅲ--电气部件与设备,2022,,,,,,,,,,116807000000.0,,0.03205844,3633640259.0,110995320.5,target_year,,,,,,,,,,SOE_target,0.039245999999999996,0.081766,25.41408687,0.052156644,0.081262738,0.358035908,0.261945955,0.050393267,0.583529486,1.479651178,0.007981433,True,H_nonSOE,0.040121923230600466,0.03205844,0.008063483230600466,941871285.7167486,941871285.7167486,0,1,HHI_lag,
688009.SH,中国通号,CSI,中央国有企业,工业,电气设备,工业--电气设备--电气设备Ⅲ--电气部件与设备,2023,,,,,,,,,,118990487731.74,,0.029868,3477326647.54,76697247.11,target_year,,,,,,,,,,SOE_target,0.036031,0.07548300000000001,25.483785,0.031068,0.108841,0.356176,0.232672,0.046851,0.595248,1.416564,0.006061,True,H_nonSOE,0.037905248228587915,0.029868,0.008037248228587916,956356086.7407396,956356086.7407396,0,1,HHI_lag,
688009.SH,中国通号,CSI,中央国有企业,工业,电气设备,工业--电气设备--电气设备Ⅲ--电气部件与设备,2024,,,,,,,,,,117890875515.13,,0.030092,3494725837.36,52849365.13,target_year,,,,,,,,,,SOE_target,0.036261999999999996,0.0737,25.502309,0.024756,0.112299,0.313848,0.220738,0.046415,0.589254,1.396501,0.00572,True,H_nonSOE,0.03591286912253957,0.030092,0.005820869122539568,686227357.1151762,686227357.1151762,0,1,HHI_lag,
688009.SH,中国通号,CSI,中央国有企业,工业,电气设备,工业--电气设备--电气设备Ⅲ--电气部件与设备,2025,,,,,,,,,,118321690651.9,,0.031924,3686410571.89,90856906.74,target_year,,,,,,,,,,SOE_target,0.039783,0.075334,25.493025,0.023985,0.107313,0.274171,0.236504,0.048914,0.572182,1.440999,0.007286,True,H_nonSOE,0.03587183439057242,0.031924,0.003947834390572419,467114439.5062419,467114439.5062419,0,1,HHI_lag,
688187.SH,时代电气,CSI,中央国有企业,工业,电气设备,工业--电气设备--电气设备Ⅲ--电气部件与设备,2019,,,,,,,,,,32985615356.0,,0.081390133,2659163867.0,25539769.0,target_year,,,,,,,,,,SOE_target,0.094467,0.127431,24.09175139,0.044315661,0.075162529,0.562382467,0.542306516,0.103897947,0.306910795,3.009164305,0.023124896,True,H_nonSOE,0.07025158254421683,0.081390133,-0.011138550455783172,-367411940.9578622,0.0,0,1,HHI_lag,
688187.SH,时代电气,CSI,中央国有企业,工业,电气设备,工业--电气设备--电气设备Ⅲ--电气部件与设备,2020,,,,,,,,,,33865721258.0,,0.073569155,2475454606.0,16017904.0,target_year,,,,,,,,,,SOE_target,0.08407999999999999,0.108186,24.21933741,0.03773342,0.069863037,0.525771381,0.527282997,0.093215346,0.327092161,2.853868965,0.022752527,True,H_nonSOE,0.06712687613058398,0.073569155,-0.006442278869416021,-218172420.45794636,0.0,0,1,HHI_lag,
688187.SH,时代电气,CSI,中央国有企业,工业,电气设备,工业--电气设备--电气设备Ⅲ--电气部件与设备,2021,,,,,,,,,,44150745227.0,,0.046177335,2017694796.0,21068951.0,target_year,,,,,,,,,,SOE_target,0.052518,0.071456,24.24566917,0.031294312,0.069189957,0.479688199,0.547696637,0.129781827,0.283653514,3.354619665,0.054779891,True,H_nonSOE,0.0646435595425022,0.046177335,0.0184662245425022,815297575.0805892,815297575.0805892,0,1,HHI_lag,
688187.SH,时代电气,CSI,中央国有企业,工业,电气设备,工业--电气设备--电气设备Ⅲ--电气部件与设备,2022,,,,,,,,,,48509554784.0,,0.053119178,2555823375.0,20964320.0,target_year,,,,,,,,,,SOE_target,0.059538,0.076121,24.51087564,0.020560593,0.081262738,0.387640407,0.577379598,0.110659814,0.245932447,3.785604226,0.022060856,True,H_nonSOE,0.06960675368557212,0.053119178,0.016487575685572117,799804955.974607,799804955.974607,0,1,HHI_lag,
688187.SH,时代电气,CSI,中央国有企业,工业,电气设备,工业--电气设备--电气设备Ⅲ--电气部件与设备,2023,,,,,,,,,,53404847387.0,,0.059038,3105703645.0,47187001.0,target_year,,,,,,,,,,SOE_target,0.061758,0.08699899999999999,24.605027,0.013936,0.108841,0.389245,0.510029,0.108352,0.272396,3.114295,0.019655,True,H_nonSOE,0.07175015974586564,0.059038,0.01271215974586564,678890951.1871192,678890951.1871192,0,1,HHI_lag,
688187.SH,时代电气,CSI,中央国有企业,工业,电气设备,工业--电气设备--电气设备Ⅲ--电气部件与设备,2024,,,,,,,,,,64802246319.0,,0.057745,3702585914.0,39387935.0,target_year,,,,,,,,,,SOE_target,0.06887800000000001,0.09446099999999999,24.701167,0.014584,0.112299,0.427789,0.450948,0.1216,0.293762,2.792924,0.05581,True,H_nonSOE,0.0690730115708123,0.057745,0.011328011570812306,734080596.1162611,734080596.1162611,0,1,HHI_lag,
688187.SH,时代电气,CSI,中央国有企业,工业,电气设备,工业--电气设备--电气设备Ⅲ--电气部件与设备,2025,,,,,,,,,,72084237098.0,,0.057194,4096540421.0,26238709.0,target_year,,,,,,,,,,SOE_target,0.06713,0.09752000000000001,24.894606,0.018398,0.107313,0.421446,0.427513,0.168321,0.309246,2.479153,0.053247,True,H_nonSOE,0.07562513235961435,0.057194,0.018431132359614348,1328594114.995061,1328594114.995061,0,1,HHI_lag,
688396.SH,华润微,CSI,中央国有企业,信息技术,半导体,信息技术--半导体--半导体产品--集成电路,2019,,,,,,,,,,10095287650.0,,0.044152013,400755536.4,44971740.09,target_year,,,,,,,,,,SOE_target,0.051093,,23.02505596,0.11049825,0.214515912,0.626810524,0.045280859,0.425249338,0.497621112,1.097219995,0.054485693,True,H_nonSOE,0.053960645239170116,0.044152013,0.009808632239170119,99020963.90748595,99020963.90748595,1,0,,
688396.SH,华润微,CSI,中央国有企业,信息技术,半导体,信息技术--半导体--半导体产品--集成电路,2020,,,,,,,,,,16532495767.0,,0.051034764,963661634.4,-119929609.6,target_year,,,,,,,,,,SOE_target,0.08154299999999999,0.12041299999999999,23.03533458,0.08050321,0.169245785,0.565193741,0.308438292,0.426422857,0.366949986,2.573627749,0.060653362,True,H_nonSOE,0.06260860344659992,0.051034764,0.01157383944659992,191344451.6588508,191344451.6588508,1,0,,
688396.SH,华润微,CSI,中央国有企业,信息技术,半导体,信息技术--半导体--半导体产品--集成电路,2021,,,,,,,,,,22191209564.0,,0.095861013,2267920400.0,-140648576.5,target_year,,,,,,,,,,SOE_target,0.121587,0.162735,23.52859372,0.076520316,0.155238897,0.518895343,0.476678499,0.288458562,0.286207979,3.597830673,0.034637275,True,H_nonSOE,0.06945929190160069,0.095861013,-0.026401721098399306,-585886125.7448592,0.0,1,0,,
688396.SH,华润微,CSI,中央国有企业,信息技术,半导体,信息技术--半导体--半导体产品--集成电路,2022,,,,,,,,,,26457799587.0,,0.087533745,2617079980.0,-301129708.7,target_year,,,,,,,,,,SOE_target,0.10905300000000001,0.140437,23.82296208,0.074435868,0.127200785,0.473296709,0.467761071,0.225283176,0.211380859,3.407609318,0.057039825,True,H_nonSOE,0.07620378678993278,0.087533745,-0.011329958210067215,-299765763.6510436,0.0,0,1,HHI_lag,
688396.SH,华润微,CSI,中央国有企业,信息技术,半导体,信息技术--半导体--半导体产品--集成电路,2023,,,,,,,,,,29215259820.18,,0.042254,1479265748.53,-244794478.16,target_year,,,,,,,,,,SOE_target,0.060594999999999996,0.071223,23.998817,0.071578,0.113252,0.409656,0.460362,0.239196,0.217785,3.725747,0.080692,True,H_nonSOE,0.0680570230355383,0.042254,0.025803023035538303,753842022.1293411,753842022.1293411,0,1,HHI_lag,
688396.SH,华润微,CSI,中央国有企业,信息技术,半导体,信息技术--半导体--半导体产品--集成电路,2024,,,,,,,,,,29106829546.42,,0.021943,762459866.87,-123759891.25,target_year,,,,,,,,,,SOE_target,0.023006000000000002,0.034765000000000004,24.097957,0.068644,0.109637,0.35265,0.405247,0.250068,0.191161,3.774064,0.178145,True,H_nonSOE,0.053136434177622364,0.021943,0.031193434177622364,907941971.575526,907941971.575526,0,1,HHI_lag,
688396.SH,华润微,CSI,中央国有企业,信息技术,半导体,信息技术--半导体--半导体产品--集成电路,2025,,,,,,,,,,30589736143.75,,0.016086,660543164.52,-168487952.9,target_year,,,,,,,,,,SOE_target,0.018557,0.029171999999999997,24.094239,0.056819,0.111057,0.344124,0.316661,0.278279,0.165283,3.230072,0.053891,True,H_nonSOE,0.0814636441372567,0.016086,0.06537764413725669,1999884883.8586662,1999884883.8586662,0,1,HHI_lag,
000338.SZ,潍柴动力,CSI,地方国有企业,工业,机械,工业--机械--机械Ⅲ--建筑机械与重型卡车,2019,,,,,,,,,,236832000000.0,,0.043652595,9104955354.0,1233361936.0,target_year,,,,,,,,,,SOE_target,0.065675,0.21540600000000001,26.04762303,0.282812533,0.247583643,0.806533158,0.094937857,0.157359438,0.696704841,1.219918367,0.017944605,True,CSI_nonSOE,0.04337208641569848,0.043652595,-0.0002805085843015226,-66433409.037298195,0.0,1,0,,
000338.SZ,潍柴动力,CSI,地方国有企业,工业,机械,工业--机械--机械Ⅲ--建筑机械与重型卡车,2020,,,,,,,,,,270750000000.0,,0.03821291,9207129174.0,1139022760.0,target_year,,,,,,,,,,SOE_target,0.049421999999999994,0.190967,26.19061549,0.268327209,0.225950341,0.788770512,0.085749984,0.133965754,0.705382629,1.191810837,0.022775325,True,CSI_nonSOE,0.03972918238638584,0.03821291,0.001516272386385839,410530748.6139659,410530748.6139659,1,0,,
000338.SZ,潍柴动力,CSI,地方国有企业,工业,机械,工业--机械--机械Ⅲ--建筑机械与重型卡车,2021,,,,,,,,,,277044000000.0,,0.037294307,9254488226.0,1077691525.0,target_year,,,,,,,,,,SOE_target,0.048954000000000004,0.151577,26.32446235,0.25835455,0.195497669,0.778164528,0.106379349,0.135804241,0.70292418,1.232815663,0.021294992,True,CSI_nonSOE,0.04019456597515162,0.037294307,0.002900258975151622,803499347.5119059,803499347.5119059,1,0,,
000338.SZ,潍柴动力,CSI,地方国有企业,工业,机械,工业--机械--机械Ⅲ--建筑机械与重型卡车,2022,,,,,,,,,,293666000000.0,,0.021474462,4905013042.0,1401308298.0,target_year,,,,,,,,,,SOE_target,0.017967999999999998,0.068082,26.34744371,0.254850756,0.187780789,0.743153385,0.163353204,0.141573837,0.628356843,1.392227376,0.021697149,True,CSI_nonSOE,0.04827905526119107,0.021474462,0.02680459326119107,7871597684.640937,7871597684.640937,1,0,,
000338.SZ,潍柴动力,CSI,地方国有企业,工业,机械,工业--机械--机械Ⅲ--建筑机械与重型卡车,2023,,,,,,,,,,334247213024.91,,0.037006,9013894024.19,3355408336.47,target_year,,,,,,,,,,SOE_target,0.0436,0.1182,26.405709,0.236485,0.187488,0.613823,0.165976,0.156214,0.645479,1.407052,0.022594,True,CSI_nonSOE,0.041602140889457795,0.037006,0.004596140889457798,1536247282.9710996,1536247282.9710996,1,0,,
000338.SZ,潍柴动力,CSI,地方国有企业,工业,机械,工业--机械--机械Ⅲ--建筑机械与重型卡车,2024,,,,,,,,,,343879412547.54,,0.044369,11403288984.59,3854441561.78,target_year,,,,,,,,,,SOE_target,0.051303999999999995,0.137363,26.535147,0.262731,0.188674,0.681491,0.154706,0.154158,0.662867,1.353656,0.02154,True,CSI_nonSOE,0.043488830807115214,0.044369,-0.0008801691928847846,-302672064.99166214,0.0,1,0,,
000338.SZ,潍柴动力,CSI,地方国有企业,工业,机械,工业--机械--机械Ⅲ--建筑机械与重型卡车,2025,,,,,,,,,,367475596673.66,,0.039619,10930504451.02,3628593475.52,target_year,,,,,,,,,,SOE_target,0.045776000000000004,0.121527,26.563557,0.255562,0.187309,0.636136,0.086979,0.156461,0.645345,1.193169,0.021402,True,CSI_nonSOE,0.03875712384161677,0.039619,-0.0008618761583832346,-316718455.560681,0.0,1,0,,
000408.SZ,藏格矿业,CSI,地方国有企业,材料,化工,材料--化工--农用化工--化肥与农用药剂,2019,,,,,,,,,,9643558999.0,,0.028576293,308259358.9,-32682195.98,target_year,,,,,,,,,,SOE_target,0.042816,0.040185000000000005,22.96242767,0.009303695,0.192081294,0.288100092,0.251399299,0.47683991,0.207795813,2.229038205,0.030171161,True,CSI_nonSOE,0.12525065696885238,0.028576293,0.09667436396885237,932284932.6244277,932284932.6244277,1,0,,
000408.SZ,藏格矿业,CSI,地方国有企业,材料,化工,材料--化工--农用化工--化肥与农用药剂,2020,,,,,,,,,,8677638571.0,,0.02458924,228887517.0,-15510979.86,target_year,,,,,,,,,,SOE_target,0.033561,0.028929999999999997,22.98955607,0.006921733,0.180537484,0.196181882,0.103305111,0.403406845,0.18011321,1.583993588,0.011820166,True,CSI_nonSOE,0.11317488974489584,0.02458924,0.08858564974489584,768714251.0634044,768714251.0634044,1,0,,
000408.SZ,藏格矿业,CSI,地方国有企业,材料,化工,材料--化工--农用化工--化肥与农用药剂,2021,,,,,,,,,,10624520306.0,,0.133385912,1427339931.0,-10178605.37,target_year,,,,,,,,,,SOE_target,0.17562,0.164337,22.88401527,0.005915643,0.203999831,0.192045977,0.179732617,0.415528525,0.087639638,3.123556858,0.009274747,True,CSI_nonSOE,0.12387103673068564,0.133385912,-0.009514875269314355,-101090985.50788757,0.0,1,0,,
000408.SZ,藏格矿业,CSI,地方国有企业,材料,化工,材料--化工--农用化工--化肥与农用药剂,2022,,,,,,,,,,13536459913.0,,0.415613537,5654872861.0,-28936882.64,target_year,,,,,,,,,,SOE_target,0.5457569999999999,0.524145,23.0864304,0.006422482,0.197245037,0.352733449,0.144177782,0.304820178,0.110191234,2.373728083,0.005833331,True,CSI_nonSOE,0.12051109050013016,0.415613537,-0.29510244649986983,-3994642437.273715,0.0,1,0,,
000408.SZ,藏格矿业,CSI,地方国有企业,材料,化工,材料--化工--农用化工--化肥与农用药剂,2023,,,,,,,,,,14091584562.19,,0.241369,3419880869.14,-18613040.56,target_year,,,,,,,,,,SOE_target,0.279883,0.271619,23.328653,0.010818,0.212868,0.647059,0.261908,0.230172,0.104367,3.56622,0.009877,True,CSI_nonSOE,0.13089888865355298,0.241369,-0.11047011134644702,-1556698915.6330032,0.0,1,0,,
000408.SZ,藏格矿业,CSI,地方国有企业,材料,化工,材料--化工--农用化工--化肥与农用药剂,2024,,,,,,,,,,15083281912.76,,0.171245,2579985938.8,2947153.55,target_year,,,,,,,,,,SOE_target,0.18587800000000002,0.191658,23.368844,0.006021,0.215825,0.357037,0.156713,0.208682,0.073898,3.360255,0.022977,True,CSI_nonSOE,0.11238759151327887,0.171245,-0.058857408486721136,-887762884.8596878,0.0,1,0,,
000408.SZ,藏格矿业,CSI,地方国有企业,材料,化工,材料--化工--农用化工--化肥与农用药剂,2025,,,,,,,,,,17692154203.25,,0.2181,3852353240.98,6312248.81,target_year,,,,,,,,,,SOE_target,0.247846,0.255897,23.436853,0.003488,0.213171,0.19862,0.083802,0.174457,0.081966,2.536757,0.009784,True,CSI_nonSOE,0.10139772341995407,0.2181,-0.11670227658004592,-2064714673.1245034,0.0,1,0,,
000425.SZ,徐工机械,CSI,地方国有企业,工业,机械,工业--机械--机械Ⅲ--建筑机械与重型卡车,2019,,,,,,,,,,77291657089.0,,0.051322633,3620572465.0,346238850.7,target_year,,,,,,,,,,SOE_target,0.05873300000000001,0.114355,24.83822776,0.078480399,0.247583643,0.796135572,0.30446409,0.129199699,0.504643767,1.690507246,0.029202569,True,CSI_nonSOE,0.07927948420988863,0.051322633,0.027956851209888632,2160831357.002907,2160831357.002907,1,0,,
000425.SZ,徐工机械,CSI,地方国有企业,工业,机械,工业--机械--机械Ⅲ--建筑机械与重型卡车,2020,,,,,,,,,,91797176722.0,,0.049729124,3728859646.0,836133538.3,target_year,,,,,,,,,,SOE_target,0.060702,0.11150700000000001,25.07085186,0.090656285,0.225950341,0.850417672,0.304295183,0.108165675,0.564685381,1.637343394,0.030445106,True,CSI_nonSOE,0.07243584431391621,0.049729124,0.022706720313916212,2084412817.4335938,2084412817.4335938,1,0,,
000425.SZ,徐工机械,CSI,地方国有企业,工业,机械,工业--机械--机械Ⅲ--建筑机械与重型卡车,2021,,,,,,,,,,110029000000.0,,0.056573361,5614606146.0,610110237.7,target_year,,,,,,,,,,SOE_target,0.059959,0.160106,25.24284738,0.096405963,0.195497669,0.871666513,0.21018586,0.097334006,0.627759186,1.379569973,0.022362833,True,CSI_nonSOE,0.05945163785825125,0.056573361,0.002878276858251247,316693924.4365264,316693924.4365264,1,0,,
000425.SZ,徐工机械,CSI,地方国有企业,工业,机械,工业--机械--机械Ⅲ--建筑机械与重型卡车,2022,,,,,,,,,,175086000000.0,,0.023397377,4307097070.0,-210553267.2,target_year,,,,,,,,,,SOE_target,0.033686,0.096036,25.42401078,0.105236552,0.187780789,0.832912081,0.200299799,0.087174384,0.662187887,1.349125606,0.029744056,True,CSI_nonSOE,0.0514929699570865,0.023397377,0.0280955929570865,4919144988.484447,4919144988.484447,1,0,,
000425.SZ,徐工机械,CSI,地方国有企业,工业,机械,工业--机械--机械Ⅲ--建筑机械与重型卡车,2023,,,,,,,,,,161994607612.63,,0.037362,5326470288.96,726008158.72,target_year,,,,,,,,,,SOE_target,0.037995,0.097377,25.888541,0.126116,0.187488,0.655251,0.186019,0.124798,0.687841,1.337335,0.045609,True,CSI_nonSOE,0.03591840042602937,0.037362,-0.0014435995739706317,-233855346.53513232,0.0,1,0,,
000425.SZ,徐工机械,CSI,地方国有企业,工业,机械,工业--机械--机械Ⅲ--建筑机械与重型卡车,2024,,,,,,,,,,160969811609.42,,0.049144,5976118332.51,1934545872.81,target_year,,,,,,,,,,SOE_target,0.052740999999999996,0.10352399999999999,25.810829,0.113471,0.188674,0.548277,0.152436,0.157001,0.64513,1.285921,0.036833,True,CSI_nonSOE,0.035053760794764924,0.049144,-0.014090239205235076,-2268103150.398354,0.0,1,0,,
000425.SZ,徐工机械,CSI,地方国有企业,工业,机械,工业--机械--机械Ⅲ--建筑机械与重型卡车,2025,,,,,,,,,,172078712755.41,,0.042356,6572221644.27,716429463.03,target_year,,,,,,,,,,SOE_target,0.047889,0.109748,25.804483,0.108112,0.187309,0.565044,0.175762,0.164311,0.624391,1.354563,0.018254,True,CSI_nonSOE,0.039080116654220606,0.042356,-0.0032758833457793915,-563709789.2786034,0.0,1,0,,
000568.SZ,泸州老窖,CSI,地方国有企业,日常消费,食品饮料,日常消费--食品饮料--饮料--白酒与葡萄酒,2019,,,,,,,,,,28919969078.0,,0.165338765,4641988857.0,139603113.8,target_year,,,,,,,,,,SOE_target,0.228967,0.25525400000000004,23.84143384,0.017142738,0.118716357,0.540578094,0.44587553,0.178256904,0.242456715,2.861142238,0.064962944,True,CSI_nonSOE,0.1223364878591435,0.165338765,-0.0430022771408565,-1243624525.1971562,0.0,1,0,,
000568.SZ,泸州老窖,CSI,地方国有企业,日常消费,食品饮料,日常消费--食品饮料--饮料--白酒与葡萄酒,2020,,,,,,,,,,35009203823.0,,0.167763823,6005723069.0,-132445202.7,target_year,,,,,,,,,,SOE_target,0.248369,0.282744,24.08779817,0.018063993,0.109737598,0.537257752,0.329414591,0.303398139,0.323832921,2.403646532,0.159240357,True,CSI_nonSOE,0.10756147752714267,0.167763823,-0.06020234547285734,-2107636183.281924,0.0,1,0,,
000568.SZ,泸州老窖,CSI,地方国有企业,日常消费,食品饮料,日常消费--食品饮料--饮料--白酒与葡萄酒,2021,,,,,,,,,,43211782006.0,,0.179086999,7955554352.0,-216885999.2,target_year,,,,,,,,,,SOE_target,0.269773,0.31128,24.27887683,0.015909988,0.106852675,0.45141465,0.346826668,0.254154299,0.337834988,2.56721691,0.061238482,True,CSI_nonSOE,0.1002788429870766,0.179086999,-0.0788081560129234,-3405440857.9252844,0.0,1,0,,
000568.SZ,泸州老窖,CSI,地方国有企业,日常消费,食品饮料,日常消费--食品饮料--饮料--白酒与葡萄酒,2022,,,,,,,,,,51385481355.0,,0.196145022,10365383282.0,-286376927.5,target_year,,,,,,,,,,SOE_target,0.292921,0.33303400000000005,24.48937903,0.017126059,0.106913309,0.454541962,0.36166986,0.216331324,0.3488521,2.42764762,0.04580695,True,CSI_nonSOE,0.09625368853465262,0.196145022,-0.09989133346534738,-5132964253.309695,0.0,1,0,,
000568.SZ,泸州老窖,CSI,地方国有企业,日常消费,食品饮料,日常消费--食品饮料--饮料--白酒与葡萄酒,2023,,,,,,,,,,63294455201.6,,0.203418,13246394700.59,-371152206.41,target_year,,,,,,,,,,SOE_target,0.310533,0.350437,24.662622,0.017707,0.105461,0.456665,0.445643,0.188035,0.331936,3.149763,0.020145,True,CSI_nonSOE,0.09806680144554451,0.203418,-0.10535119855445547,-6668146717.3398485,0.0,1,0,,
000568.SZ,泸州老窖,CSI,地方国有企业,日常消费,食品饮料,日常消费--食品饮料--饮料--白酒与葡萄酒,2024,,,,,,,,,,68334595564.58,,0.190013,13472986476.01,-488521059.32,target_year,,,,,,,,,,SOE_target,0.269193,0.303514,24.871064,0.020627,0.100594,0.455183,0.557514,0.163232,0.343833,4.503939,0.023724,True,CSI_nonSOE,0.0969773680312021,0.190013,-0.09303563196879788,-6357552283.682913,0.0,1,0,,
000568.SZ,泸州老窖,CSI,地方国有企业,日常消费,食品饮料,日常消费--食品饮料--饮料--白酒与葡萄酒,2025,,,,,,,,,,64794994851.27,,0.159252,10830713936.14,-511995793.73,target_year,,,,,,,,,,SOE_target,0.212454,0.222926,24.947682,0.020702,0.097008,0.401773,0.535297,0.145444,0.304774,3.562096,0.01739,True,CSI_nonSOE,0.09703854380443701,0.159252,-0.062213456195563,-4031120573.871216,0.0,1,0,,
000596.SZ,古井贡酒,CSI,地方国有企业,日常消费,食品饮料,日常消费--食品饮料--饮料--白酒与葡萄酒,2019,,,,,,,,,,13871297363.0,,0.1536396,2097527740.0,33652843.25,target_year,,,,,,,,,,SOE_target,0.210201,0.253537,23.24978844,0.011090336,0.118716357,0.65369115,0.377977266,0.148466803,0.358129813,2.099445101,0.024566017,True,CSI_nonSOE,0.12391315755355731,0.1536396,-0.02972644244644268,-412344322.7187116,0.0,1,0,,
000596.SZ,古井贡酒,CSI,地方国有企业,日常消费,食品饮料,日常消费--食品饮料--饮料--白酒与葡萄酒,2020,,,,,,,,,,15186625709.0,,0.104943641,1854576249.0,-260836456.1,target_year,,,,,,,,,,SOE_target,0.170269,0.195348,23.3530876,0.011516279,0.109737598,0.668964823,0.452659503,0.137446251,0.32002361,2.478278192,0.029725347,True,CSI_nonSOE,0.12942697653199214,0.104943641,0.02448333553199214,371819252.832225,371819252.832225,1,0,,
000596.SZ,古井贡酒,CSI,地方国有企业,日常消费,食品饮料,日常消费--食品饮料--饮料--白酒与葡萄酒,2021,,,,,,,,,,25418086448.0,,0.08237594,2297894413.0,-204055657.1,target_year,,,,,,,,,,SOE_target,0.156203,0.1729,23.44368099,0.009556143,0.106852675,0.596517194,0.463047649,0.13676234,0.311970217,2.566970606,0.03698101,True,CSI_nonSOE,0.1260129262322189,0.08237594,0.04363698623221891,1109168688.380726,1109168688.380726,1,0,,
000596.SZ,古井贡酒,CSI,地方国有企业,日常消费,食品饮料,日常消费--食品饮料--饮料--白酒与葡萄酒,2022,,,,,,,,,,29789822299.0,,0.098249854,3143144732.0,-216299053.1,target_year,,,,,,,,,,SOE_target,0.161951,0.17931,23.95872682,0.010826289,0.106913309,0.553532359,0.496127525,0.119922437,0.321236832,2.642086497,0.022745779,True,CSI_nonSOE,0.11655488261249936,0.098249854,0.018305028612499358,545303549.5444664,545303549.5444664,1,0,,
000596.SZ,古井贡酒,CSI,地方国有企业,日常消费,食品饮料,日常消费--食品饮料--饮料--白酒与葡萄酒,2023,,,,,,,,,,35420907274.99,,0.12498,4589164052.8,-162244024.88,target_year,,,,,,,,,,SOE_target,0.194206,0.229194,24.117433,0.011386,0.105461,0.503159,0.413555,0.17444,0.351025,2.230925,0.053046,True,CSI_nonSOE,0.10639532951777503,0.12498,-0.018584670482224966,-658285889.8871342,0.0,1,0,,
000596.SZ,古井贡酒,CSI,地方国有企业,日常消费,食品饮料,日常消费--食品饮料--饮料--白酒与葡萄酒,2024,,,,,,,,,,40522413702.09,,0.127545,5517251073.1,-348824206.45,target_year,,,,,,,,,,SOE_target,0.196114,0.238933,24.290568,0.013596,0.100594,0.527626,0.369823,0.211931,0.367202,2.055674,0.067221,True,CSI_nonSOE,0.10169771418052473,0.127545,-0.025847285819475263,-1047394409.0529408,0.0,1,0,,
000596.SZ,古井贡酒,CSI,地方国有企业,日常消费,食品饮料,日常消费--食品饮料--饮料--白酒与葡萄酒,2025,,,,,,,,,,38197033001.78,,0.07919,3549108530.34,-524281825.11,target_year,,,,,,,,,,SOE_target,0.11585100000000001,0.14279999999999998,24.425121,0.015531,0.097008,0.522432,0.357908,0.220514,0.365936,2.013605,0.059903,True,CSI_nonSOE,0.09908198194683669,0.07919,0.019891981946836695,759814690.8941332,759814690.8941332,1,0,,
000625.SZ,长安汽车,CSI,中央国有企业,可选消费,汽车与零配件,可选消费--汽车与零配件--汽车--汽车制造,2019,,,,,,,,,,97617053590.0,,-0.0267024,-2646719357.0,40109729.93,target_year,,,,,,,,,,SOE_target,-0.025617,-0.058638,25.26110806,0.042976766,0.376606004,0.641161065,0.000570269,0.294632963,0.506327012,1.001235261,0.069402175,True,CSI_nonSOE,0.039589596510286734,-0.0267024,0.06629199651028674,6471229375.932754,6471229375.932754,1,0,,
000625.SZ,长安汽车,CSI,中央国有企业,可选消费,汽车与零配件,可选消费--汽车与零配件--汽车--汽车制造,2020,,,,,,,,,,120916000000.0,,0.025753678,3324251164.0,-210224449.6,target_year,,,,,,,,,,SOE_target,0.021840000000000002,0.068233,25.30431804,0.048553106,0.369422071,0.712769049,0.003824706,0.293691446,0.54993447,1.007583405,0.049004987,True,CSI_nonSOE,0.038752384942036096,0.025753678,0.012998706942036097,1571751648.6032367,1571751648.6032367,1,0,,
000625.SZ,长安汽车,CSI,中央国有企业,可选消费,汽车与零配件,可选消费--汽车与零配件--汽车--汽车制造,2021,,,,,,,,,,135405000000.0,,0.020468578,3552463320.0,-780923197.2,target_year,,,,,,,,,,SOE_target,0.023718,0.065097,25.51836032,0.060899463,0.324255792,0.744393964,0.085155696,0.227305221,0.557706229,1.164501984,0.02448023,True,CSI_nonSOE,0.039271959238225435,0.020468578,0.018803381238225433,2546071836.561915,2546071836.561915,1,0,,
000625.SZ,长安汽车,CSI,中央国有企业,可选消费,汽车与零配件,可选消费--汽车与零配件--汽车--汽车制造,2022,,,,,,,,,,146049000000.0,,0.046430759,7798451094.0,-1017305743.0,target_year,,,,,,,,,,SOE_target,0.047546,0.131518,25.63153334,0.066552035,0.289774151,0.789398213,0.111028195,0.168281819,0.587412612,1.197534901,0.014842728,True,CSI_nonSOE,0.03658918872533197,0.046430759,-0.009841570274668032,-1437351497.0449915,0.0,1,0,,
000625.SZ,长安汽车,CSI,中央国有企业,可选消费,汽车与零配件,可选消费--汽车与零配件--汽车--汽车制造,2023,,,,,,,,,,190171127138.27,,0.054846,11327463013.15,-897343739.8,target_year,,,,,,,,,,SOE_target,0.057652,0.168174,25.707205,0.065149,0.236564,0.832473,0.151505,0.141971,0.568987,1.276767,0.00962,True,CSI_nonSOE,0.0397675825846614,0.054846,-0.0150784174153386,-2867479635.3362613,0.0,1,0,,
000625.SZ,长安汽车,CSI,中央国有企业,可选消费,汽车与零配件,可选消费--汽车与零配件--汽车--汽车制造,2024,,,,,,,,,,208168160960.86,,0.030682,7321363897.24,-934377313.05,target_year,,,,,,,,,,SOE_target,0.029237000000000003,0.098651,25.97119,0.069643,0.222276,0.871688,0.145635,0.115204,0.607284,1.268265,0.01485,True,CSI_nonSOE,0.03250142138431102,0.030682,0.0018194213843110221,378745603.58488756,378745603.58488756,1,0,,
000625.SZ,长安汽车,CSI,中央国有企业,可选消费,汽车与零配件,可选消费--汽车与零配件--汽车--汽车制造,2025,,,,,,,,,,202961073175.76,,0.008243,4075223181.54,-2402254178.2,target_year,,,,,,,,,,SOE_target,0.007078999999999999,0.052954999999999995,26.061612,0.066776,0.204324,0.780152,0.110542,0.112265,0.620112,1.202997,0.023385,True,CSI_nonSOE,0.024859673116822516,0.008243,0.016616673116822515,3372537808.4010987,3372537808.4010987,1,0,,
000630.SZ,铜陵有色,CSI,地方国有企业,材料,有色金属,材料--有色金属--其他金属与采矿--铜,2019,,,,,,,,,,47911462040.0,,0.034936129,830519538.9,843321498.5,target_year,,,,,,,,,,SOE_target,0.044438000000000005,0.045825,24.57311927,0.107375707,0.167062795,1.778891139,0.047947434,0.423232636,0.585335866,1.105669994,0.039954446,True,CSI_nonSOE,0.1052321589419125,0.034936129,0.0702960299419125,3367985570.1246443,3367985570.1246443,1,0,,
000630.SZ,铜陵有色,CSI,地方国有企业,材料,有色金属,材料--有色金属--其他金属与采矿--铜,2020,,,,,,,,,,52183190515.0,,0.0300009,865617570.2,699925112.8,target_year,,,,,,,,,,SOE_target,0.040757,0.046484,24.5926206,0.100133945,0.15478921,1.952838717,0.040641048,0.064143716,0.582373514,1.089014302,0.048908307,True,CSI_nonSOE,0.09226299120905408,0.0300009,0.062262091209054085,3249034567.424376,3249034567.424376,1,0,,
000630.SZ,铜陵有色,CSI,地方国有企业,材料,有色金属,材料--有色金属--其他金属与采矿--铜,2021,,,,,,,,,,50840423322.0,,0.073934839,3101437394.0,657441101.1,target_year,,,,,,,,,,SOE_target,0.087515,0.152663,24.67802626,0.089422838,0.159708925,1.980398677,0.062694728,0.395146684,0.604078218,1.133379498,0.029110604,True,CSI_nonSOE,0.10106734847652062,0.073934839,0.027132509476520614,1379428267.5744846,1379428267.5744846,1,0,,
000630.SZ,铜陵有色,CSI,地方国有企业,材料,有色金属,材料--有色金属--其他金属与采矿--铜,2022,,,,,,,,,,61435721001.0,,0.048847359,2730365503.0,270607202.3,target_year,,,,,,,,,,SOE_target,0.071308,0.116014,24.65195761,0.087482568,0.168216562,2.535307153,0.122679783,0.331032316,0.539754531,1.271506553,0.028018459,True,CSI_nonSOE,0.10822784152166687,0.048847359,0.05938048252166687,3648082757.1058826,3648082757.1058826,1,0,,
000630.SZ,铜陵有色,CSI,地方国有企业,材料,有色金属,材料--有色金属--其他金属与采矿--铜,2023,,,,,,,,,,78245124732.45,,0.044503,2699176213.13,782997513.28,target_year,,,,,,,,,,SOE_target,0.07719999999999999,0.09441000000000001,24.841257,0.070913,0.153058,2.163998,0.238003,0.307224,0.511933,1.604722,0.022351,True,CSI_nonSOE,0.11245881271356616,0.044503,0.06795581271356615,5317211042.067995,5317211042.067995,1,0,,
000630.SZ,铜陵有色,CSI,地方国有企业,材料,有色金属,材料--有色金属--其他金属与采矿--铜,2024,,,,,,,,,,80944491696.95,,0.041541,2808595667.89,553908195.56,target_year,,,,,,,,,,SOE_target,0.076154,0.08549,25.083112,0.078795,0.159476,1.954958,0.220046,0.360623,0.495217,1.716717,0.035157,True,CSI_nonSOE,0.11026164124507241,0.041541,0.0687206412450724,5562557374.670843,5562557374.670843,1,0,,
000630.SZ,铜陵有色,CSI,地方国有企业,材料,有色金属,材料--有色金属--其他金属与采矿--铜,2025,,,,,,,,,,100206269994.18,,0.026554,2415007111.01,245854206.4,target_year,,,,,,,,,,SOE_target,0.082262,0.068151,25.117029,0.0806,0.15747,1.812794,0.223788,0.367705,0.477954,1.762476,0.053808,True,CSI_nonSOE,0.11128190625408022,0.026554,0.08472790625408022,8490267450.137934,8490267450.137934,1,0,,
000661.SZ,长春高新,CSI,地方国有企业,医疗保健,医药生物,医疗保健--医药生物--生物科技Ⅲ--生物科技Ⅳ,2019,,,,,,,,,,12721347980.0,,0.140094925,1775009197.0,7187092.75,target_year,,,,,,,,,,SOE_target,0.25021,0.265335,22.96536241,0.01666701,0.277672488,0.629372512,0.384823425,0.183556495,0.327952407,2.243198051,0.072832591,True,CSI_nonSOE,0.11711419705229084,0.140094925,-0.022980727947709167,-292345837.05651957,0.0,1,0,,
000661.SZ,长春高新,CSI,地方国有企业,医疗保健,医药生物,医疗保健--医药生物--生物科技Ⅲ--生物科技Ⅳ,2020,,,,,,,,,,16844623212.0,,0.177002842,3046586145.0,-65039965.52,target_year,,,,,,,,,,SOE_target,0.264716,0.320434,23.26654736,0.019412895,0.276190471,0.652028363,0.434200445,0.186278313,0.307653964,2.717054693,0.066412897,True,CSI_nonSOE,0.11695584028431052,0.177002842,-0.06004700171568947,-1011469118.9111067,0.0,1,0,,
000661.SZ,长春高新,CSI,地方国有企业,医疗保健,医药生物,医疗保健--医药生物--生物科技Ⅲ--生物科技Ⅳ,2021,,,,,,,,,,22515769521.0,,0.168378138,3757472953.0,33690395.89,target_year,,,,,,,,,,SOE_target,0.229995,0.294649,23.54729735,0.021158132,0.256105921,0.572269824,0.452061369,0.161954607,0.268417314,3.196037951,0.065130959,True,CSI_nonSOE,0.11156733952712831,0.168378138,-0.056810798472871696,-1279138844.719158,0.0,1,0,,
000661.SZ,长春高新,CSI,地方国有企业,医疗保健,医药生物,医疗保健--医药生物--生物科技Ⅲ--生物科技Ⅳ,2022,,,,,,,,,,26027589000.0,,0.160762835,4140524000.0,43745000.0,target_year,,,,,,,,,,SOE_target,0.19917300000000002,0.253845,23.83748177,0.022164402,0.230275265,0.539222704,0.455923984,0.189456247,0.234455712,3.719092909,0.099033871,True,CSI_nonSOE,0.10748487541643045,0.160762835,-0.05327795958356954,-1386696834.7997591,0.0,1,0,,
000661.SZ,长春高新,CSI,地方国有企业,医疗保健,医药生物,医疗保健--医药生物--生物科技Ⅲ--生物科技Ⅳ,2023,,,,,,,,,,30743650000.0,,0.148622,4532484000.0,36691000.0,target_year,,,,,,,,,,SOE_target,0.190234,0.22592600000000002,23.982423,0.023321,0.212266,0.520244,0.441385,0.215704,0.200643,4.014785,0.080347,True,CSI_nonSOE,0.10646404969138704,0.148622,-0.04215795030861297,-1296089269.005389,0.0,1,0,,
000661.SZ,长春高新,CSI,地方国有企业,医疗保健,医药生物,医疗保健--医药生物--生物科技Ⅲ--生物科技Ⅳ,2024,,,,,,,,,,31051118000.0,,0.084386,2583059000.0,37225000.0,target_year,,,,,,,,,,SOE_target,0.098578,0.11461299999999999,24.148949,0.024278,0.216978,0.513149,0.434749,0.220367,0.185775,3.785057,0.068203,True,CSI_nonSOE,0.10505536283290227,0.084386,0.02066936283290227,641806824.3092628,641806824.3092628,1,0,,
000661.SZ,长春高新,CSI,地方国有企业,医疗保健,医药生物,医疗保健--医药生物--生物科技Ⅲ--生物科技Ⅳ,2025,,,,,,,,,,30080522676.54,,0.005032,154971452.8,-3597720.1,target_year,,,,,,,,,,SOE_target,-0.000103,0.006886,24.158901,0.022221,0.230555,0.435818,0.413877,0.296122,0.159372,4.758913,0.070244,True,CSI_nonSOE,0.10283483102186561,0.005032,0.09780283102186561,2941960276.3830385,2941960276.3830385,1,0,,
000708.SZ,中信特钢,CSI,中央国有企业,材料,钢铁Ⅱ,材料--钢铁Ⅱ--钢铁Ⅲ--钢铁Ⅳ,2019,,,,,,,,,,72585012817.0,,0.083513444,5386471751.0,675352668.3,target_year,,,,,,,,,,SOE_target,0.176222,0.363352,22.76161251,0.032712966,0.659924097,1.755051415,0.268473152,0.301352839,0.426450625,1.656608326,0.006238616,True,CSI_nonSOE,0.15327682920414198,0.083513444,0.06976338520414198,5063776209.199954,5063776209.199954,0,1,HHI_lag,
000708.SZ,中信特钢,CSI,中央国有企业,材料,钢铁Ⅱ,材料--钢铁Ⅱ--钢铁Ⅲ--钢铁Ⅳ,2020,,,,,,,,,,77440955872.0,,0.081567321,6024490435.0,292160864.1,target_year,,,,,,,,,,SOE_target,0.100046,0.224814,25.0080243,0.169549802,0.517023931,1.795776839,-0.115890571,0.502585806,0.651765819,0.777849873,0.033710624,True,CSI_nonSOE,0.08674999870260029,0.081567321,0.005182677702600294,401351515.2658677,401351515.2658677,1,0,,
000708.SZ,中信特钢,CSI,中央国有企业,材料,钢铁Ⅱ,材料--钢铁Ⅱ--钢铁Ⅲ--钢铁Ⅳ,2021,,,,,,,,,,84876296225.0,,0.099292685,7952600073.0,474995237.4,target_year,,,,,,,,,,SOE_target,0.117103,0.260083,25.07278162,0.17881253,0.51422962,0.990041735,-0.075179664,0.500365298,0.633460502,0.845073368,0.040993194,True,CSI_nonSOE,0.06656733816552896,0.099292685,-0.03272534683447105,-2777606231.988431,0.0,1,0,,
000708.SZ,中信特钢,CSI,中央国有企业,材料,钢铁Ⅱ,材料--钢铁Ⅱ--钢铁Ⅲ--钢铁Ⅳ,2022,,,,,,,,,,90774617316.0,,0.084181709,7105382184.0,536180238.7,target_year,,,,,,,,,,SOE_target,0.10000999999999999,0.205711,25.16446069,0.177590042,0.499605416,1.192303635,-0.066566956,0.509734388,0.611580087,0.854053661,0.029734147,True,CSI_nonSOE,0.07542740522007452,0.084181709,-0.008754303779925476,-794668575.4907475,0.0,1,0,,
000708.SZ,中信特钢,CSI,中央国有企业,材料,钢铁Ⅱ,材料--钢铁Ⅱ--钢铁Ⅲ--钢铁Ⅳ,2023,,,,,,,,,,116506605547.44,,0.05531,5721189483.5,722748724.28,target_year,,,,,,,,,,SOE_target,0.063282,0.152797,25.231646,0.182756,0.520062,1.113146,0.001558,0.489854,0.598595,1.00377,0.019696,True,CSI_nonSOE,0.0762481019485497,0.05531,0.020938101948549698,2439427184.6317644,2439427184.6317644,1,0,,
000708.SZ,中信特钢,CSI,中央国有企业,材料,钢铁Ⅱ,材料--钢铁Ⅱ--钢铁Ⅲ--钢铁Ⅳ,2024,,,,,,,,,,111043379345.44,,0.053478,5125627037.63,812782921.61,target_year,,,,,,,,,,SOE_target,0.052064000000000006,0.128882,25.481214,0.215568,0.490176,1.092959,0.014667,0.464756,0.642643,1.034493,0.017144,True,CSI_nonSOE,0.06938590203939504,0.053478,0.015907902039395044,1766467200.7506425,1766467200.7506425,1,0,,
000708.SZ,中信特钢,CSI,中央国有企业,材料,钢铁Ⅱ,材料--钢铁Ⅱ--钢铁Ⅲ--钢铁Ⅳ,2025,,,,,,,,,,110322568610.71,,0.060174,5928668055.97,709860550.13,target_year,,,,,,,,,,SOE_target,0.071372,0.140293,25.433187,0.218923,0.484294,0.954379,0.047169,0.470685,0.605304,1.124346,0.004975,True,CSI_nonSOE,0.07036581155944252,0.060174,0.010191811559442522,1124386830.034025,1124386830.034025,1,0,,
000725.SZ,京东方A,CSI,地方国有企业,信息技术,硬件设备,信息技术--硬件设备--电子设备、仪器和元件--电子元件,2019,,,,,,,,,,340412000000.0,,0.013054115,1918643871.0,2525136209.0,target_year,,,,,,,,,,SOE_target,0.006793,0.02121,26.44038726,0.083290852,0.161142974,0.34395235,0.123225909,0.607117725,0.604124939,1.602046183,0.179327091,True,CSI_nonSOE,0.02455591607208992,0.013054115,0.011501801072089922,3915351106.552274,3915351106.552274,1,0,,
000725.SZ,京东方A,CSI,地方国有企业,信息技术,硬件设备,信息技术--硬件设备--电子设备、仪器和元件--电子元件,2020,,,,,,,,,,424257000000.0,,0.018115872,5035627952.0,2650153972.0,target_year,,,,,,,,,,SOE_target,0.015936,0.050779,26.55342308,0.094918529,0.145048886,0.357514634,0.076584666,0.626190901,0.585626791,1.33262216,0.145164883,True,CSI_nonSOE,0.025746826936580917,0.018115872,0.007630954936580916,3237486048.52901,3237486048.52901,1,0,,
000725.SZ,京东方A,CSI,地方国有企业,信息技术,硬件设备,信息技术--硬件设备--电子设备、仪器和元件--电子元件,2021,,,,,,,,,,450233000000.0,,0.068181899,25830935500.0,4866778333.0,target_year,,,,,,,,,,SOE_target,0.087905,0.209698,26.77360478,0.096274649,0.129289002,0.351717326,0.056631111,0.630378658,0.591290624,1.228909006,0.104218327,True,CSI_nonSOE,0.024550180747803123,0.068181899,-0.04363171825219688,-19644439403.84136,0.0,1,0,,
000725.SZ,京东方A,CSI,地方国有企业,信息技术,硬件设备,信息技术--硬件设备--电子设备、仪器和元件--电子元件,2022,,,,,,,,,,420562000000.0,,0.026448149,7550877790.0,3572211438.0,target_year,,,,,,,,,,SOE_target,0.004916,0.054093999999999996,26.83303018,0.123686202,0.108896372,0.498314997,0.128549125,0.57579366,0.517185639,1.559942897,0.079225595,True,CSI_nonSOE,0.04017722397945491,0.026448149,0.01372907497945491,5773927231.509516,5773927231.509516,1,0,,
000725.SZ,京东方A,CSI,地方国有企业,信息技术,硬件设备,信息技术--硬件设备--电子设备、仪器和元件--电子元件,2023,,,,,,,,,,419187099795.0,,0.008821,2547435360.0,1150310546.0,target_year,,,,,,,,,,SOE_target,0.004366,0.019188,26.764858,0.093694,0.117158,0.406843,0.134489,0.592952,0.519571,1.660217,0.069902,True,CSI_nonSOE,0.035809212353233276,0.008821,0.026988212353233273,11313110465.003448,11313110465.003448,1,0,,
000725.SZ,京东方A,CSI,地方国有企业,信息技术,硬件设备,信息技术--硬件设备--电子设备、仪器和元件--电子元件,2024,,,,,,,,,,429978221541.0,,0.015228,5323248974.0,1224387370.0,target_year,,,,,,,,,,SOE_target,0.014862,0.040579000000000004,26.761583,0.090613,0.108206,0.413005,0.126493,0.572636,0.528137,1.588068,0.059181,True,CSI_nonSOE,0.03425776360141277,0.015228,0.019029763601412772,8182383909.681119,8182383909.681119,1,0,,
000725.SZ,京东方A,CSI,地方国有企业,信息技术,硬件设备,信息技术--硬件设备--电子设备、仪器和元件--电子元件,2025,,,,,,,,,,436378322803.0,,0.017631,5856966754.0,1836646802.0,target_year,,,,,,,,,,SOE_target,0.020478999999999997,0.043803999999999996,26.787,0.087283,0.114376,0.464184,0.065413,0.546687,0.524287,1.244021,0.079162,True,CSI_nonSOE,0.031993031725597997,0.017631,0.014362031725597996,6267279316.459929,6267279316.459929,1,0,,
000768.SZ,中航西飞,CSI,中央国有企业,工业,国防军工,工业--国防军工--航空航天与国防Ⅲ--航空航天,2019,,,,,,,,,,48762673248.0,,0.012683797,568852605.8,49643225.99,target_year,,,,,,,,,,SOE_target,0.013455,0.034902,24.59232877,0.388396049,0.285442207,0.753242655,0.236234078,0.115521522,0.596783173,1.405193657,0.017350223,True,CSI_nonSOE,0.030163676105667975,0.012683797,0.017479879105667975,852365633.2442299,852365633.2442299,1,0,,
000768.SZ,中航西飞,CSI,中央国有企业,工业,国防军工,工业--国防军工--航空航天与国防Ⅲ--航空航天,2020,,,,,,,,,,58460327428.0,,0.012833044,777376665.7,-27152717.86,target_year,,,,,,,,,,SOE_target,0.018278000000000003,0.048807,24.61023096,0.366640164,0.279462147,0.708764482,0.205304523,0.096630721,0.659529328,1.32864265,0.014818499,True,CSI_nonSOE,0.020581351302151746,0.012833044,0.007748307302151746,452968581.8965544,452968581.8965544,1,0,,
000768.SZ,中航西飞,CSI,中央国有企业,工业,国防军工,工业--国防军工--航空航天与国防Ⅲ--航空航天,2021,,,,,,,,,,71989049045.0,,0.009441759,652910969.4,26792284.69,target_year,,,,,,,,,,SOE_target,0.012112000000000001,0.042059,24.7916142,0.332759455,0.273615357,0.622793812,0.084209641,0.168720078,0.738183945,1.129117964,0.018325985,True,CSI_nonSOE,0.002559998311036177,0.009441759,-0.006881760688963822,-495411407.7537696,0.0,1,0,,
000768.SZ,中航西飞,CSI,中央国有企业,工业,国防军工,工业--国防军工--航空航天与国防Ⅲ--航空航天,2022,,,,,,,,,,82173551967.0,,0.004895149,523352485.0,-121100735.1,target_year,,,,,,,,,,SOE_target,0.007887,0.032837,24.99977985,0.287896095,0.271325141,0.499998192,0.051283057,0.131025938,0.781332402,1.06932487,0.009251516,True,CSI_nonSOE,-0.010403329887368223,0.004895149,-0.015298478887368223,-1257130349.867205,0.0,1,0,,
000768.SZ,中航西飞,CSI,中央国有企业,工业,国防军工,工业--国防军工--航空航天与国防Ⅲ--航空航天,2023,,,,,,,,,,80920781039.43,,0.007502,860970264.62,-253872238.01,target_year,,,,,,,,,,SOE_target,0.012524,0.048262,25.132099,0.286581,0.272876,0.482254,0.039442,0.108782,0.803657,1.050589,0.010648,True,CSI_nonSOE,-0.014877780228738091,0.007502,-0.022379780228738093,-1810989295.6002798,0.0,1,0,,
000768.SZ,中航西飞,CSI,中央国有企业,工业,国防军工,工业--国防军工--航空航天与国防Ⅲ--航空航天,2024,,,,,,,,,,73810707203.02,,0.012074,1023435524.55,-132241221.51,target_year,,,,,,,,,,SOE_target,0.01374,0.050454,25.116737,0.247662,0.247277,0.490449,0.034391,0.111253,0.75847,1.044253,0.014477,True,CSI_nonSOE,-0.01678382264376624,0.012074,-0.02885782264376624,-2130016297.6757107,0.0,1,0,,
000768.SZ,中航西飞,CSI,中央国有企业,工业,国防军工,工业--国防军工--航空航天与国防Ⅲ--航空航天,2025,,,,,,,,,,77846648435.6,,0.013604,1151240411.01,-92184233.18,target_year,,,,,,,,,,SOE_target,0.016361,0.053258,25.02477,0.267949,0.253215,0.554655,0.03727,0.126676,0.71516,1.050416,0.019016,True,CSI_nonSOE,-0.00842272724376078,0.013604,-0.02202672724376078,-1714706891.931898,0.0,1,0,,
000786.SZ,北新建材,CSI,中央国有企业,材料,建材Ⅱ,材料--建材Ⅱ--建材Ⅲ--建材Ⅳ,2019,,,,,,,,,,21463592266.0,,0.021954556,441144299.5,30079335.77,target_year,,,,,,,,,,SOE_target,0.034527999999999996,0.031249,23.60851566,0.082164854,0.736746816,0.728133542,0.186426406,0.552409337,0.193719088,2.443171724,0.087405108,True,CSI_nonSOE,0.12684398640976505,0.021954556,0.10488943040976505,2251303967.3281784,2251303967.3281784,0,1,HHI_lag,
000786.SZ,北新建材,CSI,中央国有企业,材料,建材Ⅱ,材料--建材Ⅱ--建材Ⅲ--建材Ⅳ,2020,,,,,,,,,,22915217102.0,,0.128089923,2859866559.0,75341830.31,target_year,,,,,,,,,,SOE_target,0.15058,0.186805,23.78962395,0.072892526,0.764425084,0.668831118,0.005969725,0.558113567,0.322457519,1.020643679,0.098415159,True,CSI_nonSOE,0.1019634625384304,0.128089923,-0.026126460461569592,-598693513.5836864,0.0,0,1,HHI_lag,
000786.SZ,北新建材,CSI,中央国有企业,材料,建材Ⅱ,材料--建材Ⅱ--建材Ⅲ--建材Ⅳ,2021,,,,,,,,,,26573872663.0,,0.135197922,3510191056.0,82541300.71,target_year,,,,,,,,,,SOE_target,0.153334,0.197136,23.85506703,0.081293583,0.753086611,0.748938503,0.085974085,0.556825824,0.238293646,1.403259242,0.059647758,True,CSI_nonSOE,0.11607801839413504,0.135197922,-0.019119903605864963,-508089883.75109005,0.0,0,1,HHI_lag,
000786.SZ,北新建材,CSI,中央国有企业,材料,建材Ⅱ,材料--建材Ⅱ--建材Ⅲ--建材Ⅳ,2022,,,,,,,,,,28604536226.0,,0.113485144,3136397898.0,109792022.4,target_year,,,,,,,,,,SOE_target,0.12256700000000001,0.157211,24.00319434,0.100137906,0.668525521,0.843240168,0.141342424,0.510095168,0.265218624,1.693275559,0.061260434,True,CSI_nonSOE,0.11737691048773502,0.113485144,0.003891766487735024,111322175.48154928,111322175.48154928,0,1,HHI_lag,
000786.SZ,北新建材,CSI,中央国有企业,材料,建材Ⅱ,材料--建材Ⅱ--建材Ⅲ--建材Ⅳ,2023,,,,,,,,,,30660627191.82,,0.117717,3524001193.59,85282127.5,target_year,,,,,,,,,,SOE_target,0.127174,0.159022,24.076831,0.114777,0.617588,0.714546,0.199399,0.480786,0.250342,2.082374,0.045478,True,CSI_nonSOE,0.11539340999873467,0.117717,-0.0023235900012653354,-71242726.77543701,0.0,1,0,,
000786.SZ,北新建材,CSI,中央国有企业,材料,建材Ⅱ,材料--建材Ⅱ--建材Ⅲ--建材Ⅳ,2024,,,,,,,,,,35139481982.58,,0.105885,3646942470.4,73810131.21,target_year,,,,,,,,,,SOE_target,0.12231,0.148739,24.146245,0.124756,0.650954,0.748723,0.217618,0.463646,0.225985,2.188839,0.037909,True,CSI_nonSOE,0.11851205305168322,0.105885,0.012627053051683212,443708103.2027041,443708103.2027041,1,0,,
000786.SZ,北新建材,CSI,中央国有企业,材料,建材Ⅱ,材料--建材Ⅱ--建材Ⅲ--建材Ⅳ,2025,,,,,,,,,,36088073943.54,,0.08132,2906380291.66,28292119.13,target_year,,,,,,,,,,SOE_target,0.092774,0.110011,24.282591,0.193215,0.525443,0.776379,0.126703,0.443899,0.239609,1.573315,0.03398,True,CSI_nonSOE,0.11457776874828657,0.08132,0.033257768748286565,1200208817.7853193,1200208817.7853193,1,0,,
000792.SZ,盐湖股份,CSI,中央国有企业,材料,化工,材料--化工--农用化工--化肥与农用药剂,2019,,,,,,,,,,22531500339.0,,-1.970434396,-45859976778.0,1463133525.0,target_year,,,,,,,,,,SOE_target,-0.967884,,25.04071871,0.064266966,0.192081294,0.216564189,-0.278582226,0.806404587,0.749488816,0.36481008,0.010298963,True,CSI_nonSOE,0.02851428357056751,-1.970434396,1.9989486795705673,45039312851.38784,45039312851.38784,0,2,"FixedAssetsRatio_lag, CurrentRatio_lag",
000792.SZ,盐湖股份,CSI,中央国有企业,材料,化工,材料--化工--农用化工--化肥与农用药剂,2020,,,,,,,,,,20109814551.0,,0.12072931,2039507351.0,388336689.4,target_year,,,,,,,,,,SOE_target,0.153226,-0.154504,23.83818018,0.063309446,0.180537484,0.350103012,-0.888553207,0.365084577,2.290134477,0.314471187,0.020977312,True,CSI_nonSOE,0.04527848746170671,0.12072931,-0.0754508225382933,-1517302048.9654894,0.0,0,2,"FinancialLeverage_lag, CurrentRatio_lag",
000792.SZ,盐湖股份,CSI,中央国有企业,材料,化工,材料--化工--农用化工--化肥与农用药剂,2021,,,,,,,,,,25267358712.0,,0.186473385,4478386640.0,233303260.0,target_year,,,,,,,,,,SOE_target,0.24559799999999998,0.6657129999999999,23.72447382,0.044384921,0.203999831,0.619101631,0.10089712,0.432346651,0.738152668,1.397826148,0.026706701,True,CSI_nonSOE,0.0742619313538908,0.186473385,-0.1122114536461092,-2835287050.8712015,0.0,1,0,,
000792.SZ,盐湖股份,CSI,中央国有企业,材料,化工,材料--化工--农用化工--化肥与农用药剂,2022,,,,,,,,,,41982836045.0,,0.377563052,15564592332.0,286575396.1,target_year,,,,,,,,,,SOE_target,0.638701,0.9016689999999999,23.95277923,0.026196976,0.197245037,0.612016847,0.258214762,0.32793301,0.538918822,2.112423225,0.03199102,True,CSI_nonSOE,0.09049665264038434,0.377563052,-0.28706639935961564,-12051861578.343237,0.0,1,0,,
000792.SZ,盐湖股份,CSI,中央国有企业,材料,化工,材料--化工--农用化工--化肥与农用药剂,2023,,,,,,,,,,46407287224.03,,0.166608,7913614646.24,-181785870.71,target_year,,,,,,,,,,SOE_target,0.236788,0.277208,24.460527,0.040375,0.212868,0.867661,0.494585,0.195432,0.32174,3.437173,0.016199,True,CSI_nonSOE,0.1184199337094828,0.166608,-0.04818806629051721,-2236277433.1146297,0.0,1,0,,
000792.SZ,盐湖股份,CSI,中央国有企业,材料,化工,材料--化工--农用化工--化肥与农用药剂,2024,,,,,,,,,,45782850934.85,,0.098615,4663116528.38,-148225180.31,target_year,,,,,,,,,,SOE_target,0.121684,0.136187,24.560722,0.024829,0.215825,0.460211,0.452081,0.196388,0.252473,3.23378,0.020319,True,CSI_nonSOE,0.10364339926955746,0.098615,0.0050283992695574625,230214454.19905794,230214454.19905794,1,0,,
000792.SZ,盐湖股份,CSI,中央国有企业,材料,化工,材料--化工--农用化工--化肥与农用药剂,2025,,,,,,,,,,55781587198.78,,0.148146,8475535262.69,-211737505.69,target_year,,,,,,,,,,SOE_target,0.137464,0.20790199999999998,24.547175,0.016693,0.213171,0.300786,0.523648,0.229043,0.135178,7.330134,0.026687,True,CSI_nonSOE,0.10295671034362724,0.148146,-0.045189289656372755,-2520730301.417884,0.0,1,0,,
000807.SZ,云铝股份,CSI,中央国有企业,材料,有色金属,材料--有色金属--其他金属与采矿--铝,2019,,,,,,,,,,39579456610.0,,0.036408062,495225700.7,945785611.3,target_year,,,,,,,,,,SOE_target,0.038792,0.051628999999999994,24.34817655,0.027430628,0.167062795,0.58682112,-0.302984394,0.62190244,0.754381207,0.463725714,0.097778035,True,CSI_nonSOE,0.04670200202592083,0.036408062,0.01029394002592083,407428552.6018757,407428552.6018757,1,0,,
000807.SZ,云铝股份,CSI,中央国有企业,材料,有色金属,材料--有色金属--其他金属与采矿--铝,2020,,,,,,,,,,41018597713.0,,0.037772411,902555209.2,646816135.0,target_year,,,,,,,,,,SOE_target,0.033660999999999996,0.079432,24.40157605,0.025926514,0.15478921,0.622336875,-0.289221224,0.663335078,0.682322746,0.441998275,0.089439243,True,CSI_nonSOE,0.052532981954585195,0.037772411,0.014760570954585196,605457922.0003226,605457922.0003226,1,0,,
000807.SZ,云铝股份,CSI,中央国有企业,材料,有色金属,材料--有色金属--其他金属与采矿--铝,2021,,,,,,,,,,37837121415.0,,0.103262874,3319026415.0,588143490.6,target_year,,,,,,,,,,SOE_target,0.118904,0.22129000000000001,24.4372914,0.026430521,0.159708925,0.726936071,-0.275514356,0.73416272,0.664574167,0.348730522,0.128882093,True,CSI_nonSOE,0.05684445109425022,0.103262874,-0.04641842290574978,-1756339503.3776715,0.0,0,1,CurrentRatio_lag,
000807.SZ,云铝股份,CSI,中央国有企业,材料,有色金属,材料--有色金属--其他金属与采矿--铝,2022,,,,,,,,,,39059473292.0,,0.123982697,4568644918.0,274053905.3,target_year,,,,,,,,,,SOE_target,0.159689,0.22537600000000002,24.35655651,0.027692993,0.168216562,1.048534058,-0.118291959,0.73601922,0.447359166,0.544969442,0.033677016,True,CSI_nonSOE,0.09150720788166614,0.123982697,-0.03247548911833387,-1268475499.8621984,0.0,1,0,,
000807.SZ,云铝股份,CSI,中央国有企业,材料,有色金属,材料--有色金属--其他金属与采矿--铝,2023,,,,,,,,,,39309705821.93,,0.103436,3955771178.74,110284499.19,target_year,,,,,,,,,,SOE_target,0.141472,0.16454899999999997,24.388351,0.028078,0.153058,1.251062,-0.020505,0.639861,0.352871,0.911469,0.024668,True,CSI_nonSOE,0.1123122305713911,0.103436,0.0088762305713911,348922012.5690058,348922012.5690058,1,0,,
000807.SZ,云铝股份,CSI,中央国有企业,材料,有色金属,材料--有色金属--其他金属与采矿--铝,2024,,,,,,,,,,41901504028.87,,0.105837,4411670800.53,23060223.52,target_year,,,,,,,,,,SOE_target,0.147651,0.163245,24.394737,0.024418,0.159476,1.079805,0.096094,0.600554,0.255987,1.620727,0.018647,True,CSI_nonSOE,0.1186974594444091,0.105837,0.012860459444409097,538872593.2230271,538872593.2230271,1,0,,
000807.SZ,云铝股份,CSI,中央国有企业,材料,有色金属,材料--有色金属--其他金属与采矿--铝,2025,,,,,,,,,,44175520008.47,,0.136401,6054686552.59,-29118803.1,target_year,,,,,,,,,,SOE_target,0.200353,0.200643,24.458588,0.030201,0.15747,1.33148,0.174647,0.533549,0.232785,2.02867,0.015705,True,CSI_nonSOE,0.13144609551796316,0.136401,-0.004954904482036837,-218885482.086276,0.0,1,0,,
000858.SZ,五粮液,CSI,地方国有企业,日常消费,食品饮料,日常消费--食品饮料--饮料--白酒与葡萄酒,2019,,,,,,,,,,106397000000.0,,0.163558829,17402164190.0,0.0,target_year,,,,,,,,,,SOE_target,0.235747,0.252612,25.17870865,0.051088045,0.118716357,0.434624476,0.66673842,0.065199925,0.243626288,3.772013974,0.004429813,True,CSI_nonSOE,0.10669543792149429,0.163558829,-0.0568633910785057,-6050094220.579771,0.0,1,0,,
000858.SZ,五粮液,CSI,地方国有企业,日常消费,食品饮料,日常消费--食品饮料--饮料--白酒与葡萄酒,2020,,,,,,,,,,113893000000.0,,0.162163327,19954809595.0,-1485519200.0,target_year,,,,,,,,,,SOE_target,0.251291,0.24944,25.39044296,0.056293889,0.109737598,0.448163389,0.625884029,0.065045193,0.284791231,3.217181758,0.015965258,True,CSI_nonSOE,0.09900632688379069,0.162163327,-0.06315700011620931,-7193140214.235427,0.0,1,0,,
000858.SZ,五粮液,CSI,地方国有企业,日常消费,食品饮料,日常消费--食品饮料--饮料--白酒与葡萄酒,2021,,,,,,,,,,135621000000.0,,0.159602143,23377074353.0,-1731702085.0,target_year,,,,,,,,,,SOE_target,0.260109,0.253034,25.45852647,0.054280467,0.106852675,0.446944355,0.671477934,0.064523911,0.22946854,3.955172532,0.008725373,True,CSI_nonSOE,0.10350102657062171,0.159602143,-0.05610111642937829,-7608489511.268713,0.0,1,0,,
000858.SZ,五粮液,CSI,地方国有企业,日常消费,食品饮料,日常消费--食品饮料--饮料--白酒与葡萄酒,2022,,,,,,,,,,152715000000.0,,0.161505774,26690661397.0,-2026351048.0,target_year,,,,,,,,,,SOE_target,0.257363,0.250507,25.63312868,0.054352346,0.106913309,0.452234076,0.652717866,0.060860503,0.25238699,3.633364619,0.011348768,True,CSI_nonSOE,0.09825300651329645,0.161505774,-0.06325276748670354,-9659646386.731932,0.0,1,0,,
000858.SZ,五粮液,CSI,地方国有企业,日常消费,食品饮料,日常消费--食品饮料--饮料--白酒与葡萄酒,2023,,,,,,,,,,165432981684.75,,0.167666,30210585269.3,-2473170676.27,target_year,,,,,,,,,,SOE_target,0.263479,0.248051,25.751837,0.051826,0.105461,0.438516,0.666646,0.059486,0.235934,3.84701,0.011659,True,CSI_nonSOE,0.09726737361143029,0.167666,-0.07039862638856972,-11646254669.971813,0.0,1,0,,
000858.SZ,五粮液,CSI,地方国有企业,日常消费,食品饮料,日常消费--食品饮料--饮料--白酒与葡萄酒,2024,,,,,,,,,,188252218704.17,,0.154153,31853172533.98,-2833530840.46,target_year,,,,,,,,,,SOE_target,0.233709,0.242374,25.831832,0.055907,0.100594,0.444701,0.692118,0.065353,0.199982,4.503309,0.017876,True,CSI_nonSOE,0.09949442810434841,0.154153,-0.0546585718956516,-10289597430.557806,0.0,1,0,,
000858.SZ,五粮液,CSI,地方国有企业,日常消费,食品饮料,日常消费--食品饮料--饮料--白酒与葡萄酒,2025,,,,,,,,,,189984270815.47,,0.033122,8954257202.51,-2661630589.09,target_year,,,,,,,,,,SOE_target,0.05043,0.070724,25.961048,0.059607,0.097008,0.43052,0.609591,0.06936,0.275468,3.248964,0.014164,True,CSI_nonSOE,0.08846356471764444,0.033122,0.05534156471764444,10514026818.668821,10514026818.668821,1,0,,
000975.SZ,山金国际,CSI,地方国有企业,材料,有色金属,材料--有色金属--贵金属--黄金,2019,,,,,,,,,,11885793700.0,,0.07517066,864165428.9,29297524.57,target_year,,,,,,,,,,SOE_target,0.106521,0.099397,23.09193917,0.006000051,0.167062795,0.585413213,0.108609477,0.260657273,0.120655521,3.221219308,0.063739343,True,CSI_nonSOE,0.11738298695029165,0.07517066,0.042212326950291645,501727009.72811663,501727009.72811663,1,0,,
000975.SZ,山金国际,CSI,地方国有企业,材料,有色金属,材料--有色金属--贵金属--黄金,2020,,,,,,,,,,12906755770.0,,0.09964649,1242446761.0,43666152.27,target_year,,,,,,,,,,SOE_target,0.142065,0.131214,23.19860972,0.005455011,0.15478921,0.447325565,0.091789189,0.252350115,0.1493012,2.019578707,0.053587837,True,CSI_nonSOE,0.1094742602746929,0.09964649,0.009827770274692893,126844630.69912699,126844630.69912699,1,0,,
000975.SZ,山金国际,CSI,地方国有企业,材料,有色金属,材料--有色金属--贵金属--黄金,2021,,,,,,,,,,15933256367.0,,0.084137949,1273338699.0,67252814.69,target_year,,,,,,,,,,SOE_target,0.127921,0.125104,23.28101671,0.006961481,0.159708925,0.622437169,0.214098407,0.231175705,0.142596114,3.360518547,0.046767807,True,CSI_nonSOE,0.11973372791283146,0.084137949,0.03559577891283146,567156671.0011961,567156671.0011961,1,0,,
000975.SZ,山金国际,CSI,地方国有企业,材料,有色金属,材料--有色金属--贵金属--黄金,2022,,,,,,,,,,16163564000.0,,0.073385486,1125812000.0,60359000.0,target_year,,,,,,,,,,SOE_target,0.10418,0.10532,23.49167436,0.005936039,0.168216562,0.614535754,0.10977772,0.202924251,0.225597952,1.566330908,0.045088538,True,CSI_nonSOE,0.10548486266013024,0.073385486,0.03209937666013024,518840329.0061214,518840329.0061214,1,0,,
000975.SZ,山金国际,CSI,地方国有企业,材料,有色金属,材料--有色金属--贵金属--黄金,2023,,,,,,,,,,16298949000.0,,0.089989,1421924000.0,44806000.0,target_year,,,,,,,,,,SOE_target,0.13109400000000002,0.12654400000000002,23.506025,0.004888,0.153058,0.521745,0.167537,0.196757,0.215565,1.910269,0.037655,True,CSI_nonSOE,0.10531266611109938,0.089989,0.01532366611109938,249759652.43783712,249759652.43783712,1,0,,
000975.SZ,山金国际,CSI,地方国有企业,材料,有色金属,材料--有色金属--贵金属--黄金,2024,,,,,,,,,,18189090000.0,,0.122639,2179961000.0,50737000.0,target_year,,,,,,,,,,SOE_target,0.187452,0.177654,23.514366,0.004672,0.159476,0.498719,0.220944,0.191747,0.179785,2.49648,0.037722,True,CSI_nonSOE,0.10921516189974617,0.122639,-0.013423838100253827,-244167399.35094586,0.0,1,0,,
000975.SZ,山金国际,CSI,地方国有企业,材料,有色金属,材料--有色金属--贵金属--黄金,2025,,,,,,,,,,20625469000.0,,0.147424,2983616000.0,57075000.0,target_year,,,,,,,,,,SOE_target,0.223768,0.213887,23.624088,0.007586,0.15747,0.787544,0.201765,0.189844,0.185674,2.979621,0.037812,True,CSI_nonSOE,0.11552245935388741,0.147424,-0.031901540646112586,-657984237.6486351,0.0,1,0,,
000977.SZ,浪潮信息,CSI,地方国有企业,信息技术,硬件设备,信息技术--硬件设备--电脑与外围设备--电脑硬件、储存设备及电脑周边,2019,,,,,,,,,,29409085017.0,,0.037688036,928747236.9,179623428.5,target_year,,,,,,,,,,SOE_target,0.04292,0.098164,23.96582976,0.040540726,0.161142974,2.156699725,0.301689676,0.028343674,0.636328198,1.491094523,0.016350809,True,CSI_nonSOE,0.09770832576143323,0.037688036,0.06002028976143323,1765141804.3389647,1765141804.3389647,1,0,,
000977.SZ,浪潮信息,CSI,地方国有企业,信息技术,硬件设备,信息技术--硬件设备--电脑与外围设备--电脑硬件、储存设备及电脑周边,2020,,,,,,,,,,38322865651.0,,0.041773216,1466448648.0,134420695.4,target_year,,,,,,,,,,SOE_target,0.049766000000000005,0.120228,24.10456948,0.042483394,0.145048886,1.874633229,0.290731222,0.032415912,0.649488665,1.464589021,0.014801985,True,CSI_nonSOE,0.09378157240673908,0.041773216,0.05200835640673908,1993109255.304787,1993109255.304787,1,0,,
000977.SZ,浪潮信息,CSI,地方国有企业,信息技术,硬件设备,信息技术--硬件设备--电脑与外围设备--电脑硬件、储存设备及电脑周边,2021,,,,,,,,,,46208162563.0,,0.04202014,2002738392.0,-61064951.14,target_year,,,,,,,,,,SOE_target,0.051094999999999995,0.13527799999999998,24.36931257,0.045065608,0.129289002,1.858689999,0.343874087,0.028221106,0.613086076,1.583032018,0.011722936,True,CSI_nonSOE,0.09542185040275071,0.04202014,0.05340171040275071,2467594915.4325533,2467594915.4325533,1,0,,
000977.SZ,浪潮信息,CSI,地方国有企业,信息技术,硬件设备,信息技术--硬件设备--电脑与外围设备--电脑硬件、储存设备及电脑周边,2022,,,,,,,,,,41013425652.0,,0.05949463,2080350926.0,359727643.5,target_year,,,,,,,,,,SOE_target,0.054576,0.128312,24.5564223,0.038013817,0.108896372,1.584391783,0.326724134,0.023823108,0.663142179,1.526799066,0.004217095,True,CSI_nonSOE,0.08574159389148572,0.05949463,0.026246963891485724,1076477902.1541784,1076477902.1541784,1,0,,
000977.SZ,浪潮信息,CSI,地方国有企业,信息技术,硬件设备,信息技术--硬件设备--电脑与外围设备--电脑硬件、储存设备及电脑周边,2023,,,,,,,,,,48119624861.79,,0.032838,1782784322.91,-202647157.47,target_year,,,,,,,,,,SOE_target,0.040993,0.101262,24.437165,0.036718,0.117158,1.591817,0.461711,0.050139,0.570415,2.015704,0.0274,True,CSI_nonSOE,0.10401016039036248,0.032838,0.07117216039036248,3424777658.587392,3424777658.587392,1,0,,
000977.SZ,浪潮信息,CSI,地方国有企业,信息技术,硬件设备,信息技术--硬件设备--电脑与外围设备--电脑硬件、储存设备及电脑周边,2024,,,,,,,,,,71191039667.42,,0.027486,2291764648.21,-335008121.3,target_year,,,,,,,,,,SOE_target,0.033993999999999996,0.120797,24.596956,0.034337,0.108206,1.474483,0.481204,0.045664,0.620018,2.088979,0.006379,True,CSI_nonSOE,0.09381840823772156,0.027486,0.06633240823772156,4722273106.087132,4722273106.087132,1,0,,
000977.SZ,浪潮信息,CSI,地方国有企业,信息技术,硬件设备,信息技术--硬件设备--电脑与外围设备--电脑硬件、储存设备及电脑周边,2025,,,,,,,,,,83793847851.87,,0.028827,2412866308.76,2667767.42,target_year,,,,,,,,,,SOE_target,0.031889,0.115566,24.988633,0.050763,0.114376,1.921439,0.310051,0.04049,0.714421,1.495676,0.003481,True,CSI_nonSOE,0.07521734411966441,0.028827,0.04639034411966441,3887225436.9590516,3887225436.9590516,1,0,,
000983.SZ,山西焦煤,CSI,地方国有企业,能源,煤炭Ⅱ,能源--煤炭Ⅱ--煤炭Ⅲ--煤炭与消费用燃料,2019,,,,,,,,,,65113270693.0,,0.03869515,1710215168.0,809352580.3,target_year,,,,,,,,,,SOE_target,0.058545999999999994,0.08498599999999999,24.8985198,0.059259446,0.3281903,0.502277248,-0.103609553,0.529823201,0.640113458,0.713464277,0.046575521,True,CSI_nonSOE,0.04543245600071493,0.03869515,0.0067373060007149335,438688029.3661247,438688029.3661247,1,0,,
000983.SZ,山西焦煤,CSI,地方国有企业,能源,煤炭Ⅱ,能源--煤炭Ⅱ--煤炭Ⅲ--煤炭与消费用燃料,2020,,,,,,,,,,70610618879.0,,0.040261809,1956303613.0,886607623.1,target_year,,,,,,,,,,SOE_target,0.045820999999999994,0.09989,24.89939422,0.058447923,0.293470907,0.48523943,-0.119586599,0.553156077,0.644768604,0.661625678,0.02959785,True,CSI_nonSOE,0.044239025714750226,0.040261809,0.003977216714750223,280833733.64441645,280833733.64441645,1,0,,
000983.SZ,山西焦煤,CSI,地方国有企业,能源,煤炭Ⅱ,能源--煤炭Ⅱ--煤炭Ⅲ--煤炭与消费用燃料,2021,,,,,,,,,,70497875041.0,,0.072416902,4165827696.0,939410007.2,target_year,,,,,,,,,,SOE_target,0.099619,0.201847,24.98044638,0.057059504,0.275297772,0.476354949,-0.24679589,0.530942252,0.692119478,0.464785942,0.038402857,True,CSI_nonSOE,0.035760946905298435,0.072416902,-0.03665595509470157,-2584166941.7747784,0.0,1,0,,
000983.SZ,山西焦煤,CSI,地方国有企业,能源,煤炭Ⅱ,能源--煤炭Ⅱ--煤炭Ⅲ--煤炭与消费用燃料,2022,,,,,,,,,,95737794132.0,,0.124064922,10721933349.0,1155768633.0,target_year,,,,,,,,,,SOE_target,0.216608,0.38567599999999996,24.97884841,0.049903043,0.269530745,0.609342145,-0.177627946,0.523040164,0.631336619,0.553832026,0.018967371,True,CSI_nonSOE,0.045383910127303424,0.124064922,-0.07868101187269658,-7532746516.765673,0.0,1,0,,
000983.SZ,山西焦煤,CSI,地方国有企业,能源,煤炭Ⅱ,能源--煤炭Ⅱ--煤炭Ⅲ--煤炭与消费用燃料,2023,,,,,,,,,,93603512358.87,,0.080743,6771368105.86,786470973.18,target_year,,,,,,,,,,SOE_target,0.123025,0.191651,25.284879,0.066477,0.250024,0.743502,-0.025689,0.428424,0.549948,0.916079,0.018929,True,CSI_nonSOE,0.057044610014113636,0.080743,-0.02369838998588636,-2218252539.9292345,0.0,1,0,,
000983.SZ,山西焦煤,CSI,地方国有企业,能源,煤炭Ⅱ,能源--煤炭Ⅱ--煤炭Ⅲ--煤炭与消费用燃料,2024,,,,,,,,,,109949187629.7,,0.034092,3108028389.69,640396035.42,target_year,,,,,,,,,,SOE_target,0.061924,0.084156,25.262334,0.061179,0.263234,0.555554,0.020376,0.421542,0.484602,1.076753,0.022016,True,CSI_nonSOE,0.05777461750322367,0.034092,0.023682617503223674,2603884555.424357,2603884555.424357,1,0,,
000983.SZ,山西焦煤,CSI,地方国有企业,能源,煤炭Ⅱ,能源--煤炭Ⅱ--煤炭Ⅲ--煤炭与消费用燃料,2025,,,,,,,,,,108847567597.08,,0.018728,1200774988.79,837775063.92,target_year,,,,,,,,,,SOE_target,0.037017,0.033287,25.423284,0.049378,0.263097,0.417832,-0.053984,0.346475,0.573686,0.768558,0.241579,True,CSI_nonSOE,0.03303943587715527,0.018728,0.01431143587715527,1557764984.0499341,1557764984.0499341,1,0,,
000999.SZ,华润三九,CSI,中央国有企业,医疗保健,医药生物,医疗保健--医药生物--制药--中药,2019,,,,,,,,,,20103525732.0,,0.105300023,2112494768.0,4406951.57,target_year,,,,,,,,,,SOE_target,0.133755,0.18062,23.61529911,0.04173358,0.277672488,0.771928981,0.125343609,0.195562013,0.380558016,1.35777995,0.033297761,True,CSI_nonSOE,0.09430571948328953,0.105300023,-0.010994303516710477,-221024263.65360716,0.0,1,0,,
000999.SZ,华润三九,CSI,中央国有企业,医疗保健,医药生物,医疗保健--医药生物--制药--中药,2020,,,,,,,,,,22010147281.0,,0.069982153,1597489175.0,-57171685.38,target_year,,,,,,,,,,SOE_target,0.097803,0.12152400000000001,23.72416105,0.038998338,0.276190471,0.760297773,0.179053709,0.179562889,0.359222949,1.537802175,0.026660352,True,CSI_nonSOE,0.0962875522087143,0.069982153,0.02630539920871429,578985710.8693024,578985710.8693024,1,0,,
000999.SZ,华润三九,CSI,中央国有企业,医疗保健,医药生物,医疗保健--医药生物--制药--中药,2021,,,,,,,,,,24307980617.0,,0.084751379,2046867983.0,13266897.53,target_year,,,,,,,,,,SOE_target,0.102566,0.14111700000000002,23.81476942,0.03366772,0.256105921,0.639302281,0.164913637,0.171159093,0.361247168,1.497537633,0.028251688,True,CSI_nonSOE,0.08844081756091313,0.084751379,0.0036894385609131247,89682801.02628861,89682801.02628861,1,0,,
000999.SZ,华润三九,CSI,中央国有企业,医疗保健,医药生物,医疗保健--医药生物--制药--中药,2022,,,,,,,,,,27122781699.0,,0.09048886,2448802103.0,5507490.71,target_year,,,,,,,,,,SOE_target,0.11524,0.151666,23.91407055,0.031571534,0.230275265,0.652703975,0.193473943,0.169028884,0.353598528,1.604848529,0.035823623,True,CSI_nonSOE,0.08909827882439275,0.09048886,-0.0013905811756072528,-37716429.6607343,0.0,1,0,,
000999.SZ,华润三九,CSI,中央国有企业,医疗保健,医药生物,医疗保健--医药生物--制药--中药,2023,,,,,,,,,,40148455933.08,,0.070457,2852931664.85,-24191715.87,target_year,,,,,,,,,,SOE_target,0.11162100000000001,0.158599,24.02364,0.033008,0.212266,0.695008,0.122251,0.172172,0.353554,1.382325,0.035084,True,CSI_nonSOE,0.08473404164555388,0.070457,0.014277041645553878,573201177.3612679,573201177.3612679,1,0,,
000999.SZ,华润三九,CSI,中央国有企业,医疗保健,医药生物,医疗保健--医药生物--制药--中药,2024,,,,,,,,,,40081972320.77,,0.083421,3367888968.2,-24191376.44,target_year,,,,,,,,,,SOE_target,0.11451,0.173289,24.41585,0.040776,0.216978,0.727326,0.238491,0.159934,0.395696,1.739557,0.021351,True,CSI_nonSOE,0.0829423604953376,0.083421,-0.00047863950466239813,-19184815.377505302,0.0,1,0,,
000999.SZ,华润三九,CSI,中央国有企业,医疗保健,医药生物,医疗保健--医药生物--制药--中药,2025,,,,,,,,,,58804678665.86,,0.058771,3421001213.82,34997438.73,target_year,,,,,,,,,,SOE_target,0.099085,0.162615,24.414193,0.045087,0.230555,0.681084,0.206336,0.160639,0.369883,1.607876,0.019711,True,CSI_nonSOE,0.08182530627726065,0.058771,0.02305430627726065,1355701072.4986315,1355701072.4986315,1,0,,
001391.SZ,国货航,CSI,中央国有企业,工业,交通运输,工业--交通运输--航空运输--航空货运与物流,2019,,,,,,,,,,15534419800.0,,0.042836418,472448900.0,192990000.0,target_year,,,,,,,,,,SOE_target,0.045141,,,,0.111099702,,,,,,,True,CSI_nonSOE,0.05427785570451446,0.042836418,0.01144143770451446,177736096.41747597,177736096.41747597,1,0,,
001391.SZ,国货航,CSI,中央国有企业,工业,交通运输,工业--交通运输--航空运输--航空货运与物流,2021,,,,,,,,,,24788731227.0,,0.173336656,4342337250.0,-45541466.0,target_year,,,,,,,,,,SOE_target,0.23220600000000002,,,,0.123286456,,,,,,,True,CSI_nonSOE,0.054340318156289424,0.173336656,-0.11899633784371058,-2949768235.8050303,0.0,1,0,,
001391.SZ,国货航,CSI,中央国有企业,工业,交通运输,工业--交通运输--航空运输--航空货运与物流,2022,,,,,,,,,,21243507964.0,,0.143764567,3108357541.0,-54293807.0,target_year,,,,,,,,,,SOE_target,0.17939699999999997,0.16931100000000002,23.933655,0.02197836,0.15352339,,0.379038722,0.215196887,0.271153714,2.935428866,0.026891053,True,CSI_nonSOE,0.08213848836057573,0.143764567,-0.06162607863942428,-1309154092.3667,0.0,1,0,,
001391.SZ,国货航,CSI,中央国有企业,工业,交通运输,工业--交通运输--航空运输--航空货运与物流,2023,,,,,,,,,,22822973085.0,,0.047164,1153435927.0,-77014538.0,target_year,,,,,,,,,,SOE_target,0.068141,0.060203,23.779317,0.019592,0.180808,0.999573,0.297946,0.538575,0.121361,3.59115,0.155102,True,CSI_nonSOE,0.11199660747475662,0.047164,0.06483260747475662,1479672855.4267402,1479672855.4267402,1,0,,
001391.SZ,国货航,CSI,中央国有企业,工业,交通运输,工业--交通运输--航空运输--航空货运与物流,2024,,,,,,,,,,27618399131.0,,0.069199,1953257457.0,-42086328.0,target_year,,,,,,,,,,SOE_target,0.10135899999999999,0.088254,23.851033,0.012225,0.114556,0.674444,0.251862,0.558371,0.138159,2.969242,0.103475,True,CSI_nonSOE,0.09608653066012372,0.069199,0.026887530660123726,742590553.4182969,742590553.4182969,1,0,,
001391.SZ,国货航,CSI,中央国有企业,工业,交通运输,工业--交通运输--航空运输--航空货运与物流,2025,,,,,,,,,,29952962908.0,,0.08515,2584694178.0,-34187709.0,target_year,,,,,,,,,,SOE_target,0.118423,0.100481,24.041748,0.014765,0.116886,0.813211,0.233523,0.611545,0.108932,3.211667,0.198638,True,CSI_nonSOE,0.09953415870247742,0.08515,0.014384158702477418,430848172.0780915,430848172.0780915,1,0,,
001965.SZ,招商公路,CSI,中央国有企业,工业,交通运输,工业--交通运输--交通基础设施--公路与铁路,2019,,,,,,,,,,90913208562.0,,0.059938124,4326608089.0,1122559092.0,target_year,,,,,,,,,,SOE_target,0.071666,0.09117800000000001,25.15508515,0.007713308,0.111099702,0.090021592,0.056932892,0.045612335,0.407746891,1.696921213,0.009043163,True,CSI_nonSOE,0.008193002419361578,0.059938124,-0.051745121580638424,-4704315030.326628,0.0,0,1,AssetTurnover_lag,
001965.SZ,招商公路,CSI,中央国有企业,工业,交通运输,工业--交通运输--交通基础设施--公路与铁路,2020,,,,,,,,,,94009174839.0,,0.033919866,2222601822.0,966176753.5,target_year,,,,,,,,,,SOE_target,0.03342,0.04258,25.23317114,0.008400459,0.108646931,0.09291301,-0.003307272,0.050382008,0.406707967,0.97310803,0.009187505,True,CSI_nonSOE,0.004832481445259218,0.033919866,-0.029087384554740782,-2734481020.215854,0.0,0,1,AssetTurnover_lag,
001965.SZ,招商公路,CSI,中央国有企业,工业,交通运输,工业--交通运输--交通基础设施--公路与铁路,2021,,,,,,,,,,98320774958.0,,0.061230895,4972822293.0,1047446772.0,target_year,,,,,,,,,,SOE_target,0.06995599999999999,0.08779400000000001,25.26665822,0.008809883,0.123286456,0.075800048,-0.00149945,0.019860883,0.36459679,0.987251125,0.015828155,True,CSI_nonSOE,0.0067922086149135585,0.061230895,-0.05443868638508644,-5352453833.077223,0.0,0,1,AssetTurnover_lag,
001965.SZ,招商公路,CSI,中央国有企业,工业,交通运输,工业--交通运输--交通基础设施--公路与铁路,2022,,,,,,,,,,114930000000.0,,0.052447643,4860696357.0,1167125891.0,target_year,,,,,,,,,,SOE_target,0.061221,0.081785,25.31150118,0.007791528,0.15352339,0.089198821,0.019274683,0.013068903,0.355978857,1.194678539,0.007807129,True,CSI_nonSOE,0.007782166375906424,0.052447643,-0.04466547662409358,-5133403228.407075,0.0,0,1,AssetTurnover_lag,
001965.SZ,招商公路,CSI,中央国有企业,工业,交通运输,工业--交通运输--交通基础设施--公路与铁路,2023,,,,,,,,,,157482240634.0,,0.04975,6766648808.34,1068097868.94,target_year,,,,,,,,,,SOE_target,0.055831,0.107759,25.467592,0.007022,0.180808,0.077335,0.020497,0.022904,0.411244,1.242257,0.00651,True,CSI_nonSOE,0.0007940734790920501,0.04975,-0.04895592652090795,-7709689000.826049,0.0,0,1,AssetTurnover_lag,
001965.SZ,招商公路,CSI,中央国有企业,工业,交通运输,工业--交通运输--交通基础设施--公路与铁路,2024,,,,,,,,,,159169493582.77,,0.044243,5322235002.26,1719972397.54,target_year,,,,,,,,,,SOE_target,0.051401,0.078106,25.782579,0.007952,0.114556,0.070969,-0.017386,0.017005,0.478429,0.840921,0.003422,True,CSI_nonSOE,-0.011993312680533608,0.044243,-0.056236312680533605,-8951105410.32284,0.0,0,1,AssetTurnover_lag,
001965.SZ,招商公路,CSI,中央国有企业,工业,交通运输,工业--交通运输--交通基础设施--公路与铁路,2025,,,,,,,,,,162418433553.48,,0.037371,4610171908.56,1459611131.01,target_year,,,,,,,,,,SOE_target,0.044155,0.063367,25.793235,0.009094,0.116886,0.079781,-0.007712,0.017504,0.442218,0.924368,0.007846,True,CSI_nonSOE,-0.008719128643947346,0.037371,-0.04609012864394735,-7485886496.628308,0.0,0,1,AssetTurnover_lag,
001979.SZ,招商蛇口,CSI,中央国有企业,房地产,房地产Ⅱ,房地产--房地产Ⅱ--房地产管理和开发--房地产开发,2019,,,,,,,,,,617688000000.0,,0.034086554,16033175796.0,5021682731.0,target_year,,,,,,,,,,SOE_target,0.055381,0.187792,26.77116139,0.141473583,0.396279334,0.211561663,0.292567645,0.010202086,0.742776076,1.536916159,0.006545233,True,CSI_nonSOE,0.007931060138186813,0.034086554,-0.026155493861813185,-16155934692.515663,0.0,1,0,,
001979.SZ,招商蛇口,CSI,中央国有企业,房地产,房地产Ⅱ,房地产--房地产Ⅱ--房地产管理和开发--房地产开发,2020,,,,,,,,,,737157000000.0,,0.019638475,12252864765.0,2223781385.0,target_year,,,,,,,,,,SOE_target,0.035590000000000004,0.124892,27.14924946,0.12998211,0.408200157,0.169990492,0.295036879,0.008785172,0.631900839,1.617747812,0.013126974,True,CSI_nonSOE,0.01598329376012597,0.019638475,-0.0036551812398740273,-2694442437.2418184,0.0,0,1,FirmSize_lag,
001979.SZ,招商蛇口,CSI,中央国有企业,房地产,房地产Ⅱ,房地产--房地产Ⅱ--房地产管理和开发--房地产开发,2021,,,,,,,,,,856203000000.0,,0.014457167,10372254169.0,2006020943.0,target_year,,,,,,,,,,SOE_target,0.028672,0.098764,27.32606719,0.156661588,0.406330004,0.177979167,0.273672431,0.007235794,0.656305197,1.539718382,0.00574289,True,CSI_nonSOE,0.01421120372864959,0.014457167,-0.00024596327135040924,-210594490.82003444,0.0,0,1,FirmSize_lag,
001979.SZ,招商蛇口,CSI,中央国有企业,房地产,房地产Ⅱ,房地产--房地产Ⅱ--房地产管理和开发--房地产开发,2022,,,,,,,,,,886471000000.0,,0.007021038,4264079663.0,1959869316.0,target_year,,,,,,,,,,SOE_target,0.018153,0.040536,27.47577374,0.172074602,0.390202805,0.189489882,0.262764191,0.011327641,0.676764653,1.52555683,0.0116882,True,CSI_nonSOE,0.01266935113230612,0.007021038,0.0056483131323061195,5007065790.708538,5007065790.708538,0,1,FirmSize_lag,
001979.SZ,招商蛇口,CSI,中央国有企业,房地产,房地产Ⅱ,房地产--房地产Ⅱ--房地产管理和开发--房地产开发,2023,,,,,,,,,,908508499680.74,,0.00796,6319420453.25,912224693.84,target_year,,,,,,,,,,SOE_target,0.015586,0.057077,27.510515,0.18421,0.393852,0.201091,0.260897,0.01312,0.679132,1.545582,0.006782,True,CSI_nonSOE,0.012957426423718221,0.00796,0.004997426423718221,4540204382.477127,4540204382.477127,0,1,FirmSize_lag,
001979.SZ,招商蛇口,CSI,中央国有企业,房地产,房地产Ⅱ,房地产--房地产Ⅱ--房地产管理和开发--房地产开发,2024,,,,,,,,,,860308816014.37,,0.006952,4038571564.37,1942659762.13,target_year,,,,,,,,,,SOE_target,0.010278,0.035007,27.53507,0.17276,0.37554,0.188138,0.261897,0.01386,0.673431,1.558504,0.007254,True,CSI_nonSOE,0.012799202610311367,0.006952,0.005847202610311367,5030399954.673105,5030399954.673105,0,1,FirmSize_lag,
001979.SZ,招商蛇口,CSI,中央国有企业,房地产,房地产Ⅱ,房地产--房地产Ⅱ--房地产管理和开发--房地产开发,2025,,,,,,,,,,835411599109.07,,0.004229,1023784320.62,2509145230.18,target_year,,,,,,,,,,SOE_target,0.00907,0.009812999999999999,27.480557,0.208506,0.353891,0.1945,0.264855,0.014261,0.666696,1.589833,0.006629,True,CSI_nonSOE,0.015252410189413645,0.004229,0.011023410189413645,9209084733.973269,9209084733.973269,0,1,FirmSize_lag,
002179.SZ,中航光电,CSI,中央国有企业,信息技术,硬件设备,信息技术--硬件设备--电子设备、仪器和元件--电子元件,2019,,,,,,,,,,15131869545.0,,0.077037356,1071086932.0,94632283.43,target_year,,,,,,,,,,SOE_target,0.091645,0.150748,23.30997577,0.006730782,0.161142974,0.667734363,0.397305769,0.144004702,0.505436967,1.950453535,0.021050843,True,CSI_nonSOE,0.0910717969620059,0.077037356,0.0140344409620059,212367329.7740776,212367329.7740776,1,0,,
002179.SZ,中航光电,CSI,中央国有企业,信息技术,硬件设备,信息技术--硬件设备--电子设备、仪器和元件--电子元件,2020,,,,,,,,,,19218418866.0,,0.079804927,1439082432.0,94642079.01,target_year,,,,,,,,,,SOE_target,0.09787900000000001,0.160768,23.44006892,0.00751972,0.145048886,0.642297355,0.413336206,0.146526993,0.422841836,2.042361086,0.019416101,True,CSI_nonSOE,0.09549607331908802,0.079804927,0.015691146319088023,301559022.4479277,301559022.4479277,1,0,,
002179.SZ,中航光电,CSI,中央国有企业,信息技术,硬件设备,信息技术--硬件设备--电子设备、仪器和元件--电子元件,2021,,,,,,,,,,26987332213.0,,0.075344647,1990997442.0,42353578.97,target_year,,,,,,,,,,SOE_target,0.097951,0.16145299999999999,23.67913497,0.007357687,0.129289002,0.598365046,0.394876789,0.134251397,0.453928313,1.90719652,0.020467462,True,CSI_nonSOE,0.08580070959660616,0.075344647,0.010456062596606155,282181234.9345337,282181234.9345337,1,0,,
002179.SZ,中航光电,CSI,中央国有企业,信息技术,硬件设备,信息技术--硬件设备--电子设备、仪器和元件--电子元件,2022,,,,,,,,,,31810733160.0,,0.086607258,2717129034.0,37911325.55,target_year,,,,,,,,,,SOE_target,0.101354,0.168109,24.01863342,0.007278296,0.108896372,0.554971795,0.468324176,0.119732833,0.410962753,2.26328147,0.04145821,True,CSI_nonSOE,0.08498980468351028,0.086607258,-0.0016174533164897281,-51452375.84961177,0.0,1,0,,
002179.SZ,中航光电,CSI,中央国有企业,信息技术,硬件设备,信息技术--硬件设备--电子设备、仪器和元件--电子元件,2023,,,,,,,,,,35569904322.27,,0.089639,3339290323.66,-150842656.92,target_year,,,,,,,,,,SOE_target,0.110826,0.176227,24.18307,0.008341,0.117158,0.536391,0.426579,0.137277,0.418385,2.073528,0.047696,True,CSI_nonSOE,0.07913763843249702,0.089639,-0.010501361567502976,-373532426.20964414,0.0,1,0,,
002179.SZ,中航光电,CSI,中央国有企业,信息技术,硬件设备,信息技术--硬件设备--电子设备、仪器和元件--电子元件,2024,,,,,,,,,,41246813453.82,,0.078991,3354288683.06,-96169299.72,target_year,,,,,,,,,,SOE_target,0.095501,0.152143,24.294766,0.010429,0.108206,0.592388,0.42457,0.176172,0.381093,2.20832,0.067295,True,CSI_nonSOE,0.08301038485925828,0.078991,0.0040193848592582765,165786817.4889347,165786817.4889347,1,0,,
002179.SZ,中航光电,CSI,中央国有企业,信息技术,硬件设备,信息技术--硬件设备--电子设备、仪器和元件--电子元件,2025,,,,,,,,,,42527397016.91,,0.049956,2161521950.25,-37031845.91,target_year,,,,,,,,,,SOE_target,0.063355,0.090316,24.44284,0.009101,0.114376,0.535031,0.39583,0.203244,0.387763,2.10942,0.037404,True,CSI_nonSOE,0.07735452985832628,0.049956,0.027398529858326276,1165188156.9647045,1165188156.9647045,1,0,,
002304.SZ,洋河股份,CSI,地方国有企业,日常消费,食品饮料,日常消费--食品饮料--饮料--白酒与葡萄酒,2019,,,,,,,,,,53455037841.0,,0.138124655,7382822727.0,635922.85,target_year,,,,,,,,,,SOE_target,0.188196,0.210477,24.62652592,0.030528342,0.118716357,0.439333178,0.408495938,0.16117016,0.32159075,2.295516674,0.009503821,True,CSI_nonSOE,0.09839904865489582,0.138124655,-0.03972560634510419,-2123533790.4342144,0.0,1,0,,
002304.SZ,洋河股份,CSI,地方国有企业,日常消费,食品饮料,日常消费--食品饮料--饮料--白酒与葡萄酒,2020,,,,,,,,,,53866259307.0,,0.13728434,7482228634.0,-87234764.39,target_year,,,,,,,,,,SOE_target,0.1841,0.199544,24.70210672,0.026004121,0.109737598,0.386822521,0.39789491,0.14067357,0.317341189,2.286193333,0.005933199,True,CSI_nonSOE,0.09380930669489863,0.13728434,-0.04347503330510137,-2341837417.3930516,0.0,1,0,,
002304.SZ,洋河股份,CSI,地方国有企业,日常消费,食品饮料,日常消费--食品饮料--饮料--白酒与葡萄酒,2021,,,,,,,,,,67798704194.0,,0.104847687,7507682797.0,-399145510.0,target_year,,,,,,,,,,SOE_target,0.163505,0.185442,24.70977013,0.019500248,0.106852675,0.329578673,0.41920331,0.131927151,0.285830248,2.540604109,0.006555206,True,CSI_nonSOE,0.09422268056222331,0.104847687,-0.010625006437776682,-720361668.5341669,0.0,1,0,,
002304.SZ,洋河股份,CSI,地方国有企业,日常消费,食品饮料,日常消费--食品饮料--饮料--白酒与葡萄酒,2022,,,,,,,,,,67964247134.0,,0.138078691,9377832429.0,6581838.28,target_year,,,,,,,,,,SOE_target,0.174776,0.208486,24.93980892,0.020425421,0.106913309,0.34853413,0.369200779,0.10032586,0.373420027,2.012049571,0.00624679,True,CSI_nonSOE,0.08083918818414124,0.138078691,-0.05723950281585877,-3890239715.204314,0.0,1,0,,
002304.SZ,洋河股份,CSI,地方国有企业,日常消费,食品饮料,日常消费--食品饮料--饮料--白酒与葡萄酒,2023,,,,,,,,,,69792287455.91,,0.1327,10015930040.27,-754525568.63,target_year,,,,,,,,,,SOE_target,0.19190100000000002,0.20149999999999998,24.942248,0.021082,0.105461,0.378845,0.464713,0.096402,0.300743,2.584875,0.007933,True,CSI_nonSOE,0.09273647589349406,0.1327,-0.03996352410650596,-2789145762.192453,0.0,1,0,,
002304.SZ,洋河股份,CSI,地方国有企业,日常消费,食品饮料,日常消费--食品饮料--饮料--白酒与葡萄酒,2024,,,,,,,,,,67345265219.62,,0.090021,6673388602.12,-610889994.14,target_year,,,,,,,,,,SOE_target,0.124433,0.12892099999999998,24.968789,0.022016,0.100594,0.404439,0.506631,0.096901,0.254218,3.05865,0.015928,True,CSI_nonSOE,0.09867157925336698,0.090021,0.008650579253366972,582575554.1213411,582575554.1213411,1,0,,
002304.SZ,洋河股份,CSI,地方国有企业,日常消费,食品饮料,日常消费--食品饮料--饮料--白酒与葡萄酒,2025,,,,,,,,,,58595944446.8,,0.032801,2206058926.68,-284050446.25,target_year,,,,,,,,,,SOE_target,0.050498,0.044844999999999996,24.933098,0.01883,0.097008,0.350746,0.520695,0.111132,0.232418,3.298148,0.021591,True,CSI_nonSOE,0.0995789509532326,0.032801,0.0667779509532326,3912917104.326753,3912917104.326753,1,0,,
002371.SZ,北方华创,CSI,地方国有企业,信息技术,半导体,信息技术--半导体--半导体材料与设备--半导体材料与设备Ⅳ,2019,,,,,,,,,,13734762795.0,,0.028332703,309032271.0,80110684.27,target_year,,,,,,,,,,SOE_target,0.043356000000000006,0.065726,23.02599999,0.059004655,0.214515912,0.364070797,0.117906968,0.193151197,0.624914258,1.266499342,0.024431591,True,CSI_nonSOE,0.020816675195810735,0.028332703,-0.007516027804189265,-103230859.05116427,0.0,1,0,,
002371.SZ,北方华创,CSI,地方国有企业,信息技术,半导体,信息技术--半导体--半导体材料与设备--半导体材料与设备Ⅳ,2020,,,,,,,,,,17518033653.0,,0.028180177,536930435.4,-43269154.89,target_year,,,,,,,,,,SOE_target,0.043783,0.084979,23.34319589,0.057149218,0.169245785,0.339550768,0.267859651,0.158238824,0.555856401,1.767952175,0.012461754,True,CSI_nonSOE,0.027524861658924843,0.028180177,-0.0006553153410751578,-11479836.198281787,0.0,1,0,,
002371.SZ,北方华创,CSI,地方国有企业,信息技术,半导体,信息技术--半导体--半导体材料与设备--半导体材料与设备Ⅳ,2021,,,,,,,,,,31054473365.0,,0.03320992,1077409991.0,-46093407.42,target_year,,,,,,,,,,SOE_target,0.051574999999999996,0.091003,23.58649668,0.066364914,0.155238897,0.383431407,0.177738006,0.131644265,0.594030449,1.394110555,0.03815127,True,CSI_nonSOE,0.016018042779822633,0.03320992,-0.017191877220177364,-533884693.2283482,0.0,1,0,,
002371.SZ,北方华创,CSI,地方国有企业,信息技术,半导体,信息技术--半导体--半导体材料与设备--半导体材料与设备Ⅳ,2022,,,,,,,,,,42551398848.0,,0.053340261,2352726658.0,-83023921.98,target_year,,,,,,,,,,SOE_target,0.077561,0.128411,24.1590087,0.077971816,0.127200785,0.395253079,0.35596625,0.082648728,0.446186353,1.981018974,0.014388261,True,CSI_nonSOE,0.02831795221745092,0.053340261,-0.02502230878254908,-1064734241.1040592,0.0,1,0,,
002371.SZ,北方华创,CSI,地方国有企业,信息技术,半导体,信息技术--半导体--半导体材料与设备--半导体材料与设备Ⅳ,2023,,,,,,,,,,53624552279.13,,0.072372,3899069987.91,-18133193.65,target_year,,,,,,,,,,SOE_target,0.092863,0.17677600000000002,24.473979,0.104536,0.113252,0.395427,0.360672,0.087128,0.530358,1.973161,0.033103,True,CSI_nonSOE,0.017667158746165396,0.072372,-0.05470484125383461,-2933522619.7377615,0.0,1,0,,
002371.SZ,北方华创,CSI,地方国有企业,信息技术,半导体,信息技术--半导体--半导体材料与设备--半导体材料与设备Ⅳ,2024,,,,,,,,,,65708880828.22,,0.086456,5621189109.03,59708499.95,target_year,,,,,,,,,,SOE_target,0.110118,0.20275400000000002,24.705273,0.153225,0.109637,0.455672,0.356981,0.100324,0.537063,2.003141,0.036923,True,CSI_nonSOE,0.018093708659147653,0.086456,-0.06836229134085235,-4492009654.860124,0.0,1,0,,
002371.SZ,北方华创,CSI,地方国有企业,信息技术,半导体,信息技术--半导体--半导体材料与设备--半导体材料与设备Ⅳ,2025,,,,,,,,,,89800578023.69,,0.064039,5521993004.86,228775158.4,target_year,,,,,,,,,,SOE_target,0.078116,0.16050599999999998,24.9085,0.167941,0.111057,0.497102,0.345901,0.097356,0.509576,1.96792,0.03114,True,CSI_nonSOE,0.01854652211090499,0.064039,-0.04549247788909501,-4085250810.1706686,0.0,1,0,,
002415.SZ,海康威视,CSI,中央国有企业,信息技术,硬件设备,信息技术--硬件设备--电子设备、仪器和元件--电子设备和仪器,2019,,,,,,,,,,75358000240.0,,0.168244221,12414587690.0,263960347.9,target_year,,,,,,,,,,SOE_target,0.191563,0.300981,24.87405929,0.042729406,0.161142974,0.85904435,0.455503934,0.086612014,0.401992223,2.17029789,0.032383717,True,CSI_nonSOE,0.08322421606623959,0.168244221,-0.08502000493376041,-6406937552.203118,0.0,1,0,,
002415.SZ,海康威视,CSI,中央国有企业,信息技术,硬件设备,信息技术--硬件设备--电子设备、仪器和元件--电子设备和仪器,2020,,,,,,,,,,88701682384.0,,0.155372267,13385526714.0,396254772.6,target_year,,,,,,,,,,SOE_target,0.186188,0.271241,25.04551593,0.047163914,0.145048886,0.824543671,0.537508164,0.085230157,0.396575563,2.722115508,0.025574974,True,CSI_nonSOE,0.08376627148724912,0.155372267,-0.07160599551275089,-6351572270.762158,0.0,1,0,,
002415.SZ,海康威视,CSI,中央国有企业,信息技术,硬件设备,信息技术--硬件设备--电子设备、仪器和元件--电子设备和仪器,2021,,,,,,,,,,103865000000.0,,0.160469273,16800411032.0,-133343257.8,target_year,,,,,,,,,,SOE_target,0.191812,0.286561,25.20854469,0.045166439,0.129289002,0.769076065,0.490836144,0.082312337,0.385809356,2.394335055,0.022588391,True,CSI_nonSOE,0.07717651857552496,0.160469273,-0.08329275442447504,-8651201938.2981,0.0,1,0,,
002415.SZ,海康威视,CSI,中央国有企业,信息技术,硬件设备,信息技术--硬件设备--电子设备、仪器和元件--电子设备和仪器,2022,,,,,,,,,,119233000000.0,,0.099359342,12837342061.0,-990401533.3,target_year,,,,,,,,,,SOE_target,0.13317,0.194726,25.36635342,0.045900932,0.108896372,0.839805353,0.507657056,0.086833548,0.370385309,2.583807297,0.029830304,True,CSI_nonSOE,0.07907615331190278,0.099359342,-0.020283188688097226,-2418425436.8478966,0.0,1,0,,
002415.SZ,海康威视,CSI,中央国有企业,信息技术,硬件设备,信息技术--硬件设备--电子设备、仪器和元件--电子设备和仪器,2023,,,,,,,,,,138848007548.55,,0.096205,14107621359.66,-749780213.12,target_year,,,,,,,,,,SOE_target,0.124759,0.19493300000000002,25.504348,0.043681,0.117158,0.740343,0.532996,0.103248,0.388005,2.849789,0.031499,True,CSI_nonSOE,0.07300134511324034,0.096205,-0.023203654886759656,-3221781248.8707533,0.0,1,0,,
002415.SZ,海康威视,CSI,中央国有企业,信息技术,硬件设备,信息技术--硬件设备--电子设备、仪器和元件--电子设备和仪器,2024,,,,,,,,,,132016200156.14,,0.089856,11977327023.54,-114817493.16,target_year,,,,,,,,,,SOE_target,0.105061,0.152555,25.656646,0.046315,0.108206,0.686878,0.495065,0.113908,0.408248,2.54774,0.029153,True,CSI_nonSOE,0.06539447150587427,0.089856,-0.024461528494125737,-3229318041.805625,0.0,1,0,,
002415.SZ,海康威视,CSI,中央国有企业,信息技术,硬件设备,信息技术--硬件设备--电子设备、仪器和元件--电子设备和仪器,2025,,,,,,,,,,138049655334.62,,0.09902,14195371894.42,-525631319.14,target_year,,,,,,,,,,SOE_target,0.122102,0.173097,25.60619,0.040657,0.114376,0.677854,0.491118,0.149703,0.3372,2.722287,0.035342,True,CSI_nonSOE,0.07183153990918933,0.09902,-0.027188460090810662,-3753357544.615483,0.0,1,0,,
002916.SZ,深南电路,CSI,中央国有企业,信息技术,硬件设备,信息技术--硬件设备--电子设备、仪器和元件--电子元件,2019,,,,,,,,,,12219367752.0,,0.106777221,1232775470.0,71974663.41,target_year,,,,,,,,,,SOE_target,0.141637,0.282642,22.86631694,0.006511296,0.161142974,0.943171377,0.08392133,0.44465338,0.563211503,1.206723487,0.138914307,True,CSI_nonSOE,0.09366310518864403,0.106777221,-0.013114115811355978,-160246203.84127656,0.0,1,0,,
002916.SZ,深南电路,CSI,中央国有企业,信息技术,硬件设备,信息技术--硬件设备--电子设备、仪器和元件--电子元件,2020,,,,,,,,,,14007819588.0,,0.112944465,1430111325.0,151994362.1,target_year,,,,,,,,,,SOE_target,0.12245900000000001,0.229887,23.22628805,0.008620163,0.145048886,1.008631414,0.106987996,0.445034903,0.59057465,1.279956481,0.178626968,True,CSI_nonSOE,0.08862922863496615,0.112944465,-0.02431523636503384,-340603444.24097097,0.0,1,0,,
002916.SZ,深南电路,CSI,中央国有企业,信息技术,硬件设备,信息技术--硬件设备--电子设备、仪器和元件--电子元件,2021,,,,,,,,,,16792291128.0,,0.093566268,1480637000.0,90555003.5,target_year,,,,,,,,,,SOE_target,0.110082,0.18556699999999998,23.36288155,0.008259297,0.129289002,0.879724453,0.072009507,0.526130613,0.468558656,1.204513334,0.17747026,True,CSI_nonSOE,0.09173995362704479,0.093566268,-0.001826314372955204,-30668002.641914554,0.0,1,0,,
002916.SZ,深南电路,CSI,中央国有企业,信息技术,硬件设备,信息技术--硬件设备--电子设备、仪器和元件--电子元件,2022,,,,,,,,,,20726545629.0,,0.0835519,1639730778.0,92011499.06,target_year,,,,,,,,,,SOE_target,0.095471,0.157922,23.54418576,0.007865785,0.108896372,0.899760732,0.078770102,0.501596784,0.492620274,1.222400459,0.15830631,True,CSI_nonSOE,0.08719150502745078,0.0835519,0.003639605027450782,75436439.67299643,75436439.67299643,1,0,,
002916.SZ,深南电路,CSI,中央国有企业,信息技术,硬件设备,信息技术--硬件设备--电子设备、仪器和元件--电子元件,2023,,,,,,,,,,22606867760.88,,0.063229,1398114737.36,31298099.48,target_year,,,,,,,,,,SOE_target,0.064536,0.109944,23.754681,0.007355,0.117158,0.741247,0.090198,0.514089,0.408832,1.278677,0.162967,True,CSI_nonSOE,0.08534946471884713,0.063229,0.02212046471884714,500074420.70818895,500074420.70818895,1,0,,
002916.SZ,深南电路,CSI,中央国有企业,信息技术,硬件设备,信息技术--硬件设备--电子设备、仪器和元件--电子元件,2024,,,,,,,,,,25302247864.46,,0.076054,1877565481.01,46765939.29,target_year,,,,,,,,,,SOE_target,0.084467,0.135073,23.84152,0.007014,0.108206,0.619557,0.096065,0.565125,0.416686,1.338012,0.143748,True,CSI_nonSOE,0.08073660100155931,0.076054,0.004682601001559317,118480331.19182247,118480331.19182247,1,0,,
002916.SZ,深南电路,CSI,中央国有企业,信息技术,硬件设备,信息技术--硬件设备--电子设备、仪器和元件--电子元件,2025,,,,,,,,,,30582928717.03,,0.108703,3275738151.27,48731905.76,target_year,,,,,,,,,,SOE_target,0.131432,0.20623899999999998,23.954159,0.007873,0.114376,0.742132,0.132985,0.524988,0.421162,1.449279,0.099851,True,CSI_nonSOE,0.08466862529645397,0.108703,-0.024034374703546024,-735041568.3169371,0.0,1,0,,
003816.SZ,中国广核,CSI,中央国有企业,公用事业,公用事业Ⅱ,公用事业--公用事业Ⅱ--电力--独立电力生产商与能源贸易商,2019,,,,,,,,,,387975000000.0,,0.045009464,9465700356.0,7996857032.0,target_year,,,,,,,,,,SOE_target,0.06401,0.117647,26.63285761,0.085571585,0.148389593,0.139621345,-0.014209997,0.774577497,0.693056818,0.913613736,0.045123692,True,CSI_nonSOE,0.006420314817596029,0.045009464,-0.03858914918240397,-14971625154.04318,0.0,0,1,FixedAssetsRatio_lag,
003816.SZ,中国广核,CSI,中央国有企业,公用事业,公用事业Ⅱ,公用事业--公用事业Ⅱ--电力--独立电力生产商与能源贸易商,2020,,,,,,,,,,391898000000.0,,0.044930235,9562307621.0,8045778572.0,target_year,,,,,,,,,,SOE_target,0.06333899999999999,0.103334,26.68420735,0.090254192,0.143602423,0.160932424,-0.013131035,0.763438583,0.651282207,0.92398275,0.04034608,True,CSI_nonSOE,0.010147799772548413,0.044930235,-0.034782435227451586,-13631166800.767822,0.0,0,1,FixedAssetsRatio_lag,
003816.SZ,中国广核,CSI,中央国有企业,公用事业,公用事业Ⅱ,公用事业--公用事业Ⅱ--电力--独立电力生产商与能源贸易商,2021,,,,,,,,,,399993000000.0,,0.04216241,9732589251.0,7132079812.0,target_year,,,,,,,,,,SOE_target,0.063404,0.099219,26.69426839,0.092811085,0.126082379,0.181015769,-0.035490015,0.754839381,0.638603741,0.819728027,0.034455814,True,CSI_nonSOE,0.010066138024624333,0.04216241,-0.032096271975375665,-12838284116.246439,0.0,0,1,FixedAssetsRatio_lag,
003816.SZ,中国广核,CSI,中央国有企业,公用事业,公用事业Ⅱ,公用事业--公用事业Ⅱ--电力--独立电力生产商与能源贸易商,2022,,,,,,,,,,409016000000.0,,0.040171345,9964854412.0,6465851165.0,target_year,,,,,,,,,,SOE_target,0.061731,0.095844,26.7147129,0.08643896,0.130392082,0.203762149,-0.023385318,0.743371583,0.622717326,0.879022892,0.036102671,True,CSI_nonSOE,0.011680263734033414,0.040171345,-0.028491081265966584,-11653308095.080587,0.0,1,0,,
003816.SZ,中国广核,CSI,中央国有企业,公用事业,公用事业Ⅱ,公用事业--公用事业Ⅱ--电力--独立电力生产商与能源贸易商,2023,,,,,,,,,,415250356776.35,,0.039698,10724570116.68,5759954182.21,target_year,,,,,,,,,,SOE_target,0.063124,0.097379,26.737019,0.075777,0.129341,0.20475,-0.013759,0.736067,0.613878,0.926082,0.028947,True,CSI_nonSOE,0.012476332986339378,0.039698,-0.02722166701366062,-11303806939.46957,0.0,1,0,,
003816.SZ,中国广核,CSI,中央国有企业,公用事业,公用事业Ⅱ,公用事业--公用事业Ⅱ--电力--独立电力生产商与能源贸易商,2024,,,,,,,,,,425400654520.48,,0.038407,10813873224.82,5524691866.4,target_year,,,,,,,,,,SOE_target,0.063887,0.09295199999999999,26.752147,0.071651,0.121904,0.200296,-0.011078,0.729698,0.601917,0.940557,0.034307,True,CSI_nonSOE,0.013237654456087225,0.038407,-0.02516934554391277,-10707056068.232618,0.0,1,0,,
003816.SZ,中国广核,CSI,中央国有企业,公用事业,公用事业Ⅱ,公用事业--公用事业Ⅱ--电力--独立电力生产商与能源贸易商,2025,,,,,,,,,,505656118063.91,,0.028808,9765358959.88,4801744225.58,target_year,,,,,,,,,,SOE_target,0.049821,0.080496,26.776297,0.075761,0.118327,0.206517,-0.018778,0.721087,0.594932,0.904312,0.04623,True,CSI_nonSOE,0.013500070605725237,0.028808,-0.015307929394274764,-7740548153.105397,0.0,1,0,,
300413.SZ,芒果超媒,CSI,地方国有企业,通讯服务,传媒,通讯服务--传媒--娱乐--电影和娱乐,2019,,,,,,,,,,17078206150.0,,0.068641107,1156285254.0,15981713.9,target_year,,,,,,,,,,SOE_target,0.077256,0.160336,23.21741108,0.332789181,0.370261017,1.329485085,0.205253854,0.017091947,0.531493876,1.402285603,0.002639844,True,CSI_nonSOE,0.09466479195967484,0.068641107,0.02602368495967483,444437856.5239812,444437856.5239812,1,0,,
300413.SZ,芒果超媒,CSI,地方国有企业,通讯服务,传媒,通讯服务--传媒--娱乐--电影和娱乐,2020,,,,,,,,,,19265699803.0,,0.103587808,1982159477.0,13532130.1,target_year,,,,,,,,,,SOE_target,0.103658,0.20464300000000002,23.56106899,0.4032528,0.333824483,0.849908238,0.222062882,0.010575241,0.483554812,1.477902145,0.009132519,True,CSI_nonSOE,0.0751809544274927,0.103587808,-0.0284068535725073,-547277913.2757038,0.0,1,0,,
300413.SZ,芒果超媒,CSI,地方国有企业,通讯服务,传媒,通讯服务--传媒--娱乐--电影和娱乐,2021,,,,,,,,,,26110751405.0,,0.077090077,2114090172.0,-101210337.2,target_year,,,,,,,,,,SOE_target,0.09319699999999999,0.153449,23.68159214,0.467603506,0.39041121,0.769513174,0.225144904,0.00970244,0.448697875,1.50511888,0.003631273,True,CSI_nonSOE,0.07329420012282883,0.077090077,-0.0037958768771711726,-99113197.5038042,0.0,1,0,,
300413.SZ,芒果超媒,CSI,地方国有企业,通讯服务,传媒,通讯服务--传媒--娱乐--电影和娱乐,2022,,,,,,,,,,29049673557.0,,0.05829542,1824925936.0,-131463023.7,target_year,,,,,,,,,,SOE_target,0.064042,0.101902,23.985613,0.424702545,0.366576045,0.675635515,0.383604379,0.007064153,0.349035806,2.127365039,0.007414667,True,CSI_nonSOE,0.08157118421852683,0.05829542,0.023275764218526826,676153352.3379055,676153352.3379055,1,0,,
300413.SZ,芒果超媒,CSI,地方国有企业,通讯服务,传媒,通讯服务--传媒--娱乐--电影和娱乐,2023,,,,,,,,,,31422386654.49,,0.108459,3555705558.9,-147667394.09,target_year,,,,,,,,,,SOE_target,0.061204,0.176273,24.092273,0.480307,0.365677,0.493612,0.391559,0.005689,0.352615,2.130679,0.006457,True,CSI_nonSOE,0.0730461532902745,0.108459,-0.0354128467097255,-1112756161.8491786,0.0,1,0,,
300413.SZ,芒果超媒,CSI,地方国有企业,通讯服务,传媒,通讯服务--传媒--娱乐--电影和娱乐,2024,,,,,,,,,,32530165142.43,,0.036125,1364348174.2,-189180203.0,target_year,,,,,,,,,,SOE_target,0.049221,0.062042,24.170786,0.444981,0.35057,0.480483,0.3518,0.004532,0.320114,2.12108,0.004782,True,CSI_nonSOE,0.07114767001272257,0.036125,0.03502267001272257,1139293239.2426963,1139293239.2426963,1,0,,
300413.SZ,芒果超媒,CSI,地方国有企业,通讯服务,传媒,通讯服务--传媒--娱乐--电影和娱乐,2025,,,,,,,,,,33171867484.43,,0.036738,1227146306.33,-8478642.08,target_year,,,,,,,,,,SOE_target,0.027166000000000003,0.053520000000000005,24.205434,0.421076,0.338999,0.438059,0.248058,0.004037,0.307417,1.823166,0.005059,True,CSI_nonSOE,0.06372678542080294,0.036738,0.026988785420802942,895268413.5445915,895268413.5445915,1,0,,
301269.SZ,华大九天,CSI,中央国有企业,信息技术,软件服务,信息技术--软件服务--软件--应用软件,2019,,,,,,,,,,690535054.8,,0.082216111,57157732.35,-384625.72,target_year,,,,,,,,,,SOE_target,0.094655,,20.06388712,0.003029881,0.165297342,,0.640156447,0.020557283,0.185418018,4.669399695,0.14372221,True,CSI_nonSOE,0.12097166005655849,0.082216111,0.038755549056558494,26762065.191574708,26762065.191574708,0,1,FirmSize_lag,
301269.SZ,华大九天,CSI,中央国有企业,信息技术,软件服务,信息技术--软件服务--软件--应用软件,2020,,,,,,,,,,1340618263.0,,0.076569311,103558656.1,-908439.35,target_year,,,,,,,,,,SOE_target,0.10196999999999999,0.153531,20.3529773,0.004452496,0.156571733,0.420432719,0.475532197,0.109044942,0.287859574,2.845732996,0.046978305,True,CSI_nonSOE,0.10138896850449286,0.076569311,0.02481965750449286,33273686.13192813,33273686.13192813,0,1,FirmSize_lag,
301269.SZ,华大九天,CSI,中央国有企业,信息技术,软件服务,信息技术--软件服务--软件--应用软件,2021,,,,,,,,,,1801574166.0,,0.077496324,139305915.6,309460.2,target_year,,,,,,,,,,SOE_target,0.088668,0.150455,21.01639674,0.006199286,0.151169635,0.403277081,0.390839565,0.168835429,0.360539946,3.144446132,0.272559931,True,CSI_nonSOE,0.08869963065882358,0.077496324,0.011203306658823575,20183587.85031233,20183587.85031233,1,0,,
301269.SZ,华大九天,CSI,中央国有企业,信息技术,软件服务,信息技术--软件服务--软件--应用软件,2022,,,,,,,,,,5395667291.0,,0.02931664,185508367.6,-27325534.6,target_year,,,,,,,,,,SOE_target,0.051550000000000006,0.065706,21.31192666,0.007100149,0.153055264,0.363368354,0.283224088,0.263035157,0.447970087,2.472137664,0.209888857,True,CSI_nonSOE,0.07769537561433153,0.02931664,0.04837873561433152,261035561.3341854,261035561.3341854,1,0,,
301269.SZ,华大九天,CSI,中央国有企业,信息技术,软件服务,信息技术--软件服务--软件--应用软件,2023,,,,,,,,,,5535537490.15,,0.025511,200722810.92,-59506122.71,target_year,,,,,,,,,,SOE_target,0.036657,0.042546999999999995,22.408862,0.00896,0.14694,0.218057,0.684761,0.099677,0.13781,9.389767,0.07788,True,CSI_nonSOE,0.08707641562617424,0.025511,0.06156541562617424,340797666.2953541,340797666.2953541,1,0,,
301269.SZ,华大九天,CSI,中央国有企业,信息技术,软件服务,信息技术--软件服务--软件--应用软件,2024,,,,,,,,,,5628841870.04,,0.00873,109478790.34,-60339408.44,target_year,,,,,,,,,,SOE_target,0.009101,0.022371,22.434455,0.011111,0.139728,0.182471,0.555102,0.101333,0.135884,7.250245,0.020717,True,CSI_nonSOE,0.08276911068187294,0.00873,0.07403911068187294,416754446.2266522,416754446.2266522,1,0,,
301269.SZ,华大九天,CSI,中央国有企业,信息技术,软件服务,信息技术--软件服务--软件--应用软件,2025,,,,,,,,,,6327842567.91,,0.002881,60983525.27,-42752826.3,target_year,,,,,,,,,,SOE_target,0.003333,0.011892,22.45117,0.011267,0.169431,0.215974,0.534887,0.095337,0.110967,7.747215,0.014054,True,CSI_nonSOE,0.08249489313575302,0.002881,0.07961389313575302,503784181.98145574,503784181.98145574,1,0,,
302132.SZ,中航成飞,CSI,中央国有企业,工业,国防军工,工业--国防军工--航空航天与国防Ⅲ--航空航天,2019,,,,,,,,,,2488073274.0,,0.085373876,212416459.5,0.0,target_year,,,,,,,,,,SOE_target,0.10238699999999999,0.138862,21.44747873,0.015943973,0.285442207,0.641176276,0.39772466,0.226683045,0.267876613,2.581204273,0.020522082,True,CSI_nonSOE,0.10269191508632569,0.085373876,0.01731803908632569,43088550.20877433,43088550.20877433,1,0,,
302132.SZ,中航成飞,CSI,中央国有企业,工业,国防军工,工业--国防军工--航空航天与国防Ⅲ--航空航天,2020,,,,,,,,,,2933073285.0,,0.085369507,262505398.2,-12110378.84,target_year,,,,,,,,,,SOE_target,0.11345599999999999,0.149552,21.63477446,0.016380091,0.279462147,0.672514606,0.383429525,0.190144896,0.330304191,2.213912023,0.018979576,True,CSI_nonSOE,0.09434379886592714,0.085369507,0.008974291865927145,26322255.72374371,26322255.72374371,1,0,,
302132.SZ,中航成飞,CSI,中央国有企业,工业,国防军工,工业--国防军工--航空航天与国防Ⅲ--航空航天,2021,,,,,,,,,,3299177131.0,,0.093446643,307007852.7,1289174.33,target_year,,,,,,,,,,SOE_target,0.109764,0.15221500000000002,21.79931661,0.017393366,0.273615357,0.643864279,0.380180108,0.15930884,0.326786323,2.195231823,0.054289079,True,CSI_nonSOE,0.08906747296535084,0.093446643,-0.00437917003464916,-14447657.631074987,0.0,1,0,,
302132.SZ,中航成飞,CSI,中央国有企业,工业,国防军工,工业--国防军工--航空航天与国防Ⅲ--航空航天,2022,,,,,,,,,,3653386274.0,,0.053896446,192869415.8,4035120.0,target_year,,,,,,,,,,SOE_target,0.061519000000000004,0.087141,21.91693892,0.017013231,0.271325141,0.618467046,0.331618995,0.194091611,0.333050818,2.025433447,0.079859872,True,CSI_nonSOE,0.08351837007480437,0.053896446,0.029621924074804365,108220330.82436042,108220330.82436042,1,0,,
302132.SZ,中航成飞,CSI,中央国有企业,工业,国防军工,工业--国防军工--航空航天与国防Ⅲ--航空航天,2023,,,,,,,,,,3974910728.94,,0.023927,98167133.37,-3060194.8,target_year,,,,,,,,,,SOE_target,0.024353,0.041905,22.01892,0.014535,0.272876,0.542331,0.285757,0.253218,0.359161,1.879366,0.060375,True,CSI_nonSOE,0.07616065181380743,0.023927,0.05223365181380743,207624103.00641945,207624103.00641945,1,0,,
302132.SZ,中航成飞,CSI,中央国有企业,工业,国防军工,工业--国防军工--航空航天与国防Ⅲ--航空航天,2024,,,,,,,,,,4240904107.27,,0.028572,112308792.39,8862120.9,target_year,,,,,,,,,,SOE_target,0.030506000000000002,0.045963000000000004,22.103268,0.01023,0.247277,0.433118,0.301447,0.267885,0.389709,2.05273,0.060168,True,CSI_nonSOE,0.06884452974890587,0.028572,0.04027252974890587,170791936.82228816,170791936.82228816,1,0,,
302132.SZ,中航成飞,CSI,中央国有企业,工业,国防军工,工业--国防军工--航空航天与国防Ⅲ--航空航天,2025,,,,,,,,,,114547703019.42,,0.030012,3432289851.96,5548186.19,target_year,,,,,,,,,,SOE_target,0.069925,0.289526,22.168042,0.010955,0.253215,0.427063,0.310679,0.281781,0.400591,2.116237,0.032194,True,CSI_nonSOE,0.06800647583114175,0.030012,0.03799447583114175,4352179933.884156,4352179933.884156,1,0,,
600009.SH,上海机场,CSI,地方国有企业,工业,交通运输,工业--交通运输--交通基础设施--机场服务,2019,,,,,,,,,,37171229056.0,,0.135325363,5030210053.0,0.0,target_year,,,,,,,,,,SOE_target,0.18968,0.16697700000000001,24.15495134,0.010667317,0.111099702,0.317768449,0.26997457,0.538896291,0.074177692,4.651502557,0.115411128,True,CSI_nonSOE,0.07721116905849501,0.135325363,-0.058114193941504994,-2160176014.4044895,0.0,1,0,,
600009.SH,上海机场,CSI,地方国有企业,工业,交通运输,工业--交通运输--交通基础设施--机场服务,2020,,,,,,,,,,33202181016.0,,-0.046464322,-1266651388.0,-276065448.4,target_year,,,,,,,,,,SOE_target,-0.043074,-0.04138,24.33880089,0.01129868,0.108646931,0.321133894,0.208572246,0.544341853,0.127020399,2.644322879,0.061933017,True,CSI_nonSOE,0.0731398347281876,-0.046464322,0.1196041567281876,3971118861.955319,3971118861.955319,1,0,,
600009.SH,上海机场,CSI,地方国有企业,工业,交通运输,工业--交通运输--交通基础设施--机场服务,2021,,,,,,,,,,51426088634.0,,-0.024815916,-1710938710.0,434753220.5,target_year,,,,,,,,,,SOE_target,-0.053886,-0.060328999999999994,24.2258814,0.005403886,0.123286456,0.122176142,0.186864173,0.587093421,0.109730278,2.713927985,0.039917988,True,CSI_nonSOE,0.0718978151126329,-0.024815916,0.0967137311126329,4973608908.323103,4973608908.323103,1,0,,
600009.SH,上海机场,CSI,地方国有企业,工业,交通运输,工业--交通运输--交通基础设施--机场服务,2022,,,,,,,,,,67775098796.0,,-0.037307282,-2994949875.0,466445182.7,target_year,,,,,,,,,,SOE_target,-0.064178,-0.089252,24.66341144,0.003380414,0.15352339,0.087950406,0.070495039,0.374915455,0.461247466,1.455015779,0.029224342,True,CSI_nonSOE,0.024332735432344557,-0.037307282,0.061640017432344554,4177658271.2643147,4177658271.2643147,0,1,AssetTurnover_lag,
600009.SH,上海机场,CSI,地方国有企业,工业,交通运输,工业--交通运输--交通基础设施--机场服务,2023,,,,,,,,,,69480530979.72,,0.019528,934049713.44,422770066.22,target_year,,,,,,,,,,SOE_target,0.020225,0.023308,24.939461,0.004577,0.180808,0.090186,0.110696,0.392449,0.399433,1.849756,0.018317,True,CSI_nonSOE,0.02730491468777943,0.019528,0.00777691468777943,540344161.8908982,540344161.8908982,0,1,AssetTurnover_lag,
600009.SH,上海机场,CSI,地方国有企业,工业,交通运输,工业--交通运输--交通基础设施--机场服务,2024,,,,,,,,,,70046212107.27,,0.03427,1933948719.51,466522580.65,target_year,,,,,,,,,,SOE_target,0.045598,0.047057,24.964312,0.008884,0.114556,0.157351,0.116209,0.374799,0.395132,1.836529,0.017904,True,CSI_nonSOE,0.026938253087008167,0.03427,-0.007331746912991835,-513561099.38424814,0.0,1,0,,
600009.SH,上海机场,CSI,地方国有企业,工业,交通运输,工业--交通运输--交通基础设施--机场服务,2025,,,,,,,,,,71678547661.74,,0.035391,2116775136.25,419999345.8,target_year,,,,,,,,,,SOE_target,0.048545,0.050284,24.972421,0.008704,0.116886,0.173305,0.148691,0.359696,0.378552,2.103956,0.027949,True,CSI_nonSOE,0.029033993401127153,0.035391,-0.0063570065988728455,-455661000.483303,0.0,1,0,,
600010.SH,包钢股份,CSI,地方国有企业,材料,钢铁Ⅱ,材料--钢铁Ⅱ--钢铁Ⅲ--钢铁Ⅳ,2019,,,,,,,,,,147087000000.0,,0.020683039,667930745.0,2374267551.0,target_year,,,,,,,,,,SOE_target,0.024859,0.012701,25.72587357,0.174587004,0.659924097,0.451986254,-0.235444349,0.471268423,0.646037382,0.561392251,0.016541917,True,CSI_nonSOE,0.028660732381045204,0.020683039,0.007977693381045203,1173414986.3377957,1173414986.3377957,0,1,HHI_lag,
600010.SH,包钢股份,CSI,地方国有企业,材料,钢铁Ⅱ,材料--钢铁Ⅱ--钢铁Ⅲ--钢铁Ⅳ,2020,,,,,,,,,,144222000000.0,,0.02008244,405957990.0,2490377141.0,target_year,,,,,,,,,,SOE_target,0.021772,0.007696,25.71428751,0.147407036,0.517023931,0.423508272,-0.181707264,0.468132667,0.585405843,0.607224895,0.013326807,True,CSI_nonSOE,0.03119507567712712,0.02008244,0.011112635677127121,1602686542.6266277,1602686542.6266277,1,0,,
600010.SH,包钢股份,CSI,地方国有企业,材料,钢铁Ⅱ,材料--钢铁Ⅱ--钢铁Ⅲ--钢铁Ⅳ,2021,,,,,,,,,,147968000000.0,,0.033773765,2866448328.0,2130985927.0,target_year,,,,,,,,,,SOE_target,0.039842,0.053052999999999996,25.69462152,0.141260049,0.51422962,0.402798272,-0.126304511,0.463882778,0.57276154,0.682397053,0.007599126,True,CSI_nonSOE,0.03272860489977576,0.033773765,-0.001045160100224235,-154650249.7099796,0.0,1,0,,
600010.SH,包钢股份,CSI,地方国有企业,材料,钢铁Ⅱ,材料--钢铁Ⅱ--钢铁Ⅲ--钢铁Ⅳ,2022,,,,,,,,,,146722000000.0,,0.008217907,-729956771.6,1935705241.0,target_year,,,,,,,,,,SOE_target,0.004838,-0.013555999999999999,25.72026144,0.15636373,0.499605416,0.583180909,-0.168313007,0.406013773,0.566103529,0.625593506,0.00641977,True,CSI_nonSOE,0.037190947492922996,0.008217907,0.028973040492922996,4250982447.2026477,4250982447.2026477,1,0,,
600010.SH,包钢股份,CSI,地方国有企业,材料,钢铁Ⅱ,材料--钢铁Ⅱ--钢铁Ⅲ--钢铁Ⅳ,2023,,,,,,,,,,151775636822.69,,0.016546,515270562.53,1995948456.05,target_year,,,,,,,,,,SOE_target,0.016189,0.009885,25.711806,0.13229,0.520062,0.480279,-0.201207,0.42375,0.581556,0.564601,0.00666,True,CSI_nonSOE,0.03147437083642833,0.016546,0.01492837083642833,2265762990.424183,2265762990.424183,1,0,,
600010.SH,包钢股份,CSI,地方国有企业,材料,钢铁Ⅱ,材料--钢铁Ⅱ--钢铁Ⅲ--钢铁Ⅳ,2024,,,,,,,,,,155125400366.74,,0.015523,264629175.96,2143386028.83,target_year,,,,,,,,,,SOE_target,0.014527000000000002,0.005102,25.745669,0.131409,0.490176,0.462663,-0.205062,0.44482,0.595039,0.556477,0.011571,True,CSI_nonSOE,0.029773997701838605,0.015523,0.014250997701838604,2210691724.123205,2210691724.123205,1,0,,
600010.SH,包钢股份,CSI,地方国有企业,材料,钢铁Ⅱ,材料--钢铁Ⅱ--钢铁Ⅲ--钢铁Ⅳ,2025,,,,,,,,,,151673460592.94,,0.014627,373622495.09,1844903595.26,target_year,,,,,,,,,,SOE_target,0.015224,0.007188,25.7675,0.13429,0.484294,0.434063,-0.192026,0.428071,0.604798,0.579791,0.011855,True,CSI_nonSOE,0.027116231343404386,0.014627,0.012489231343404386,1894284937.9999564,1894284937.9999564,1,0,,
600011.SH,华能国际,CSI,中央国有企业,公用事业,公用事业Ⅱ,公用事业--公用事业Ⅱ--电力--电力公用事业,2019,,,,,,,,,,428250000000.0,,0.026921334,766345000.0,10762718000.0,target_year,,,,,,,,,,SOE_target,0.032111,0.007541,26.76329031,0.285447759,0.148389593,0.415314426,-0.181963664,0.671729097,0.72345617,0.447151161,0.04931611,True,CSI_nonSOE,0.014235298454305143,0.026921334,-0.012686035545694859,-5432794722.443824,0.0,1,0,,
600011.SH,华能国际,CSI,中央国有企业,公用事业,公用事业Ⅱ,公用事业--公用事业Ⅱ--电力--电力公用事业,2020,,,,,,,,,,449905000000.0,,0.02573537,2377851000.0,9200612000.0,target_year,,,,,,,,,,SOE_target,0.03116,0.019927999999999998,26.78297312,0.257988212,0.143602423,0.410325317,-0.188765901,0.666953567,0.695553936,0.42918532,0.07328115,True,CSI_nonSOE,0.014493992676831075,0.02573537,-0.011241377323168926,-5057551864.580316,0.0,1,0,,
600011.SH,华能国际,CSI,中央国有企业,公用事业,公用事业Ⅱ,公用事业--公用事业Ⅱ--电力--电力公用事业,2021,,,,,,,,,,500771000000.0,,-0.003670327,-10636194000.0,8798200000.0,target_year,,,,,,,,,,SOE_target,-0.013907000000000001,-0.08757899999999999,26.83230153,0.222803186,0.126082379,0.385914541,-0.195397977,0.66718834,0.663003716,0.429331065,0.094593931,True,CSI_nonSOE,0.013952878747417546,-0.003670327,0.017623205747417547,8825190365.340033,8825190365.340033,1,0,,
600011.SH,华能国际,CSI,中央国有企业,公用事业,公用事业Ⅱ,公用事业--公用事业Ⅱ--电力--电力公用事业,2022,,,,,,,,,,512222000000.0,,0.003779402,-8026233000.0,9962125000.0,target_year,,,,,,,,,,SOE_target,-0.002352,-0.070186,26.93941519,0.21921326,0.130392082,0.430441304,-0.187565045,0.640191789,0.733295352,0.496094243,0.085978992,True,CSI_nonSOE,0.009896079690526485,0.003779402,0.006116677690526486,3133096879.9968576,3133096879.9968576,0,1,FirmSize_lag,
600011.SH,华能国际,CSI,中央国有企业,公用事业,公用事业Ⅱ,公用事业--公用事业Ⅱ--电力--电力公用事业,2023,,,,,,,,,,550316013000.0,,0.031428,8357460000.0,8938084000.0,target_year,,,,,,,,,,SOE_target,0.039355,0.065696,26.962024,0.225738,0.129341,0.48712,-0.165185,0.656213,0.735825,0.506159,0.079233,True,CSI_nonSOE,0.012282937546594333,0.031428,-0.019145062453405665,-10535834437.994204,0.0,0,1,FirmSize_lag,
600011.SH,华能国际,CSI,中央国有企业,公用事业,公用事业Ⅱ,公用事业--公用事业Ⅱ--电力--电力公用事业,2024,,,,,,,,,,595576880000.0,,0.030174,10184633000.0,7786460000.0,target_year,,,,,,,,,,SOE_target,0.043636999999999995,0.072089,27.033759,0.220813,0.121904,0.478847,-0.133115,0.669935,0.674088,0.55332,0.106634,True,CSI_nonSOE,0.017286393523325144,0.030174,-0.012887606476674855,-7675560456.045803,0.0,0,1,FirmSize_lag,
600011.SH,华能国际,CSI,中央国有企业,公用事业,公用事业Ⅱ,公用事业--公用事业Ⅱ--电力--电力公用事业,2025,,,,,,,,,,619678043000.0,,0.034876,14536770000.0,7075104000.0,target_year,,,,,,,,,,SOE_target,0.04979,0.09944900000000001,27.112796,0.214312,0.118327,0.428576,-0.138418,0.676548,0.646428,0.538775,0.103737,True,CSI_nonSOE,0.016942896839608465,0.034876,-0.017933103160391532,-11112750271.34854,0.0,0,1,FirmSize_lag,
600018.SH,上港集团,CSI,地方国有企业,工业,交通运输,工业--交通运输--交通基础设施--海港与服务,2019,,,,,,,,,,142177000000.0,,0.071946458,9062278384.0,1166874402.0,target_year,,,,,,,,,,SOE_target,0.088708,0.115,25.69562474,0.043247584,0.111099702,0.263775755,0.111980011,0.224977432,0.429576738,1.510355431,0.009939284,True,CSI_nonSOE,0.011356399040904575,0.071946458,-0.06059005895909543,-8614512812.627312,0.0,1,0,,
600018.SH,上港集团,CSI,地方国有企业,工业,交通运输,工业--交通运输--交通基础设施--海港与服务,2020,,,,,,,,,,155925000000.0,,0.058674426,8307143208.0,841651919.0,target_year,,,,,,,,,,SOE_target,0.07094400000000001,0.097976,25.68034068,0.036949366,0.108646931,0.249586126,0.148127441,0.226792005,0.361439131,2.088994379,0.018116082,True,CSI_nonSOE,0.01725688625306529,0.058674426,-0.04141753974693471,-6458029885.040795,0.0,1,0,,
600018.SH,上港集团,CSI,地方国有企业,工业,交通运输,工业--交通运输--交通基础设施--海港与服务,2021,,,,,,,,,,170787000000.0,,0.091969319,14682049061.0,1025159017.0,target_year,,,,,,,,,,SOE_target,0.11466,0.156769,25.77263936,0.03221372,0.123286456,0.171935177,0.136270403,0.219397156,0.384449232,1.948323212,0.026470955,True,CSI_nonSOE,0.011092528409970465,0.091969319,-0.08087679059002953,-13812704434.499372,0.0,1,0,,
600018.SH,上港集团,CSI,地方国有企业,工业,交通运输,工业--交通运输--交通基础设施--海港与服务,2022,,,,,,,,,,181802000000.0,,0.100678041,17223915521.0,1079524113.0,target_year,,,,,,,,,,SOE_target,0.11762299999999999,0.162399,25.8636858,0.030346527,0.15352339,0.204515865,0.124531649,0.198931958,0.368773225,1.726333925,0.025329621,True,CSI_nonSOE,0.009961760640649103,0.100678041,-0.09071628035935089,-16492401201.89071,0.0,1,0,,
600018.SH,上港集团,CSI,地方国有企业,工业,交通运输,工业--交通运输--交通基础设施--海港与服务,2023,,,,,,,,,,203575515172.97,,0.068344,13203137528.87,710060052.85,target_year,,,,,,,,,,SOE_target,0.08431699999999999,0.112127,25.926182,0.03082,0.180808,0.205288,0.113647,0.204329,0.333521,1.798842,0.031603,True,CSI_nonSOE,0.011145574988628199,0.068344,-0.0571984250113718,-11644198838.772507,0.0,1,0,,
600018.SH,上港集团,CSI,地方国有企业,工业,交通运输,工业--交通运输--交通基础设施--海港与服务,2024,,,,,,,,,,212055541073.03,,0.0729,14954353821.25,504486954.24,target_year,,,,,,,,,,SOE_target,0.092489,0.11661099999999999,26.039303,0.030003,0.114556,0.18927,0.148418,0.217938,0.331028,2.323133,0.039309,True,CSI_nonSOE,0.011087219984547397,0.0729,-0.06181278001545261,-13107742511.404978,0.0,1,0,,
600018.SH,上港集团,CSI,地方国有企业,工业,交通运输,工业--交通运输--交通基础设施--海港与服务,2025,,,,,,,,,,221735642992.73,,0.064018,13564589175.03,630411404.37,target_year,,,,,,,,,,SOE_target,0.086867,0.09892200000000001,26.080114,0.026759,0.116886,0.178859,0.12108,0.214478,0.304858,2.113032,0.029471,True,CSI_nonSOE,0.011754583107947941,0.064018,-0.052263416892052064,-11588662349.556273,0.0,1,0,,
600019.SH,宝钢股份,CSI,中央国有企业,材料,钢铁Ⅱ,材料--钢铁Ⅱ--钢铁Ⅲ--钢铁Ⅳ,2019,,,,,,,,,,339633000000.0,,0.043755661,12423230252.0,2437636362.0,target_year,,,,,,,,,,SOE_target,0.050975,0.070026,26.537816,0.792700029,0.659924097,0.884642307,-0.039430299,0.472887343,0.435326289,0.900867436,0.038072477,True,CSI_nonSOE,0.07074461954010634,0.043755661,0.026988958540106342,9166340955.851936,9166340955.851936,0,2,"HHI_lag, MarketShare_lag",
600019.SH,宝钢股份,CSI,中央国有企业,材料,钢铁Ⅱ,材料--钢铁Ⅱ--钢铁Ⅲ--钢铁Ⅳ,2020,,,,,,,,,,356225000000.0,,0.039689294,12676775744.0,1461545060.0,target_year,,,,,,,,,,SOE_target,0.046049,0.069955,26.55113147,0.683043162,0.517023931,0.860518238,-0.005954304,0.459035729,0.436992531,0.98474751,0.051892104,True,CSI_nonSOE,0.07106530942539527,0.039689294,0.03137601542539527,11176921094.911428,11176921094.911428,0,1,MarketShare_lag,
600019.SH,宝钢股份,CSI,中央国有企业,材料,钢铁Ⅱ,材料--钢铁Ⅱ--钢铁Ⅲ--钢铁Ⅳ,2021,,,,,,,,,,380398000000.0,,0.066824544,23631996673.0,1787896717.0,target_year,,,,,,,,,,SOE_target,0.083376,0.12593500000000002,26.59882854,0.679927421,0.51422962,0.811640837,0.048629822,0.44341339,0.439279576,1.134195774,0.054945494,True,CSI_nonSOE,0.07173237690481704,0.066824544,0.004907832904817042,1866929821.326593,1866929821.326593,1,0,,
600019.SH,宝钢股份,CSI,中央国有企业,材料,钢铁Ⅱ,材料--钢铁Ⅱ--钢铁Ⅲ--钢铁Ⅳ,2022,,,,,,,,,,398249000000.0,,0.034483213,12186850692.0,1546049308.0,target_year,,,,,,,,,,SOE_target,0.038641999999999996,0.063217,26.66448276,0.666046227,0.499605416,0.985353956,0.031417823,0.420460315,0.446051724,1.086979158,0.062887585,True,CSI_nonSOE,0.07589406544677701,0.034483213,0.041410852446777016,16491830576.0765,16491830576.0765,1,0,,
600019.SH,宝钢股份,CSI,中央国有企业,材料,钢铁Ⅱ,材料--钢铁Ⅱ--钢铁Ⅲ--钢铁Ⅳ,2023,,,,,,,,,,376051483588.01,,0.034404,11944052177.22,993608758.07,target_year,,,,,,,,,,SOE_target,0.038966,0.060484,26.710343,0.684954,0.520062,0.941136,0.077592,0.406806,0.457936,1.214609,0.056304,True,CSI_nonSOE,0.07565256487598836,0.034404,0.04124856487598836,15511584017.491703,15511584017.491703,0,1,MarketShare_lag,
600019.SH,宝钢股份,CSI,中央国有企业,材料,钢铁Ⅱ,材料--钢铁Ⅱ--钢铁Ⅲ--钢铁Ⅳ,2024,,,,,,,,,,364873528314.28,,0.023675,7361925588.6,1276380176.69,target_year,,,,,,,,,,SOE_target,0.028655,0.036729,26.652992,0.653022,0.490176,0.886335,0.060295,0.436439,0.414607,1.198963,0.05592,True,CSI_nonSOE,0.07695511534636237,0.023675,0.05328011534636237,19440503675.419056,19440503675.419056,1,0,,
600019.SH,宝钢股份,CSI,中央国有企业,材料,钢铁Ⅱ,材料--钢铁Ⅱ--钢铁Ⅲ--钢铁Ⅳ,2025,,,,,,,,,,363020038344.87,,0.031204,10345621735.27,982227625.3,target_year,,,,,,,,,,SOE_target,0.038849999999999996,0.050873999999999996,26.622817,0.646787,0.484294,0.865952,0.062198,0.440586,0.396602,1.204451,0.052995,True,CSI_nonSOE,0.07793158051462057,0.031204,0.04672758051462057,16963048070.180561,16963048070.180561,1,0,,
600023.SH,浙能电力,CSI,地方国有企业,公用事业,公用事业Ⅱ,公用事业--公用事业Ⅱ--电力--电力公用事业,2019,,,,,,,,,,110970000000.0,,0.050534123,4293272329.0,1314488272.0,target_year,,,,,,,,,,SOE_target,0.06282,0.068494,25.42098188,0.094581215,0.148389593,0.504803137,0.064295709,0.496581631,0.369600083,1.42961057,0.0190636,True,CSI_nonSOE,0.05455272614101679,0.050534123,0.004018603141016791,445944390.5586333,445944390.5586333,1,0,,
600023.SH,浙能电力,CSI,地方国有企业,公用事业,公用事业Ⅱ,公用事业--公用事业Ⅱ--电力--电力公用事业,2020,,,,,,,,,,114512000000.0,,0.061668532,6086298670.0,975514753.9,target_year,,,,,,,,,,SOE_target,0.069368,0.092206,25.43252377,0.07992097,0.143602423,0.488571268,0.111892252,0.462811915,0.346698754,1.869567311,0.015793276,True,CSI_nonSOE,0.05584703353474256,0.061668532,-0.005821498465257438,-666631432.2535597,0.0,1,0,,
600023.SH,浙能电力,CSI,地方国有企业,公用事业,公用事业Ⅱ,公用事业--公用事业Ⅱ--电力--电力公用事业,2021,,,,,,,,,,115629000000.0,,0.000902358,-861139048.7,965477507.3,target_year,,,,,,,,,,SOE_target,-0.024626000000000002,-0.013076,25.46394921,0.067378873,0.126082379,0.454519211,0.114780798,0.432954564,0.333572726,1.787152941,0.027964981,True,CSI_nonSOE,0.05355441331526148,0.000902358,0.05265205531526148,6088104504.048369,6088104504.048369,1,0,,
600023.SH,浙能电力,CSI,地方国有企业,公用事业,公用事业Ⅱ,公用事业--公用事业Ⅱ--电力--电力公用事业,2022,,,,,,,,,,120921000000.0,,-0.004608855,-1828584556.0,1271279231.0,target_year,,,,,,,,,,SOE_target,-0.026208999999999996,-0.029239,25.47365009,0.075649559,0.130392082,0.613609027,0.03506961,0.416813536,0.379713517,1.175566727,0.040747512,True,CSI_nonSOE,0.051598880980288614,-0.004608855,0.056207735980288616,6796695642.47248,6796695642.47248,1,0,,
600023.SH,浙能电力,CSI,地方国有企业,公用事业,公用事业Ⅱ,公用事业--公用事业Ⅱ--电力--电力公用事业,2023,,,,,,,,,,147240775217.75,,0.05267,6519770719.89,1235423486.11,target_year,,,,,,,,,,SOE_target,0.06791900000000001,0.101326,25.5184,0.073071,0.129341,0.675243,0.026448,0.388835,0.441894,1.12047,0.046614,True,CSI_nonSOE,0.0465440138608848,0.05267,-0.0061259861391151985,-901994948.0965132,0.0,1,0,,
600023.SH,浙能电力,CSI,地方国有企业,公用事业,公用事业Ⅱ,公用事业--公用事业Ⅱ--电力--电力公用事业,2024,,,,,,,,,,154085417032.43,,0.057312,7753383026.78,1077486855.79,target_year,,,,,,,,,,SOE_target,0.073738,0.110196,25.715335,0.082944,0.121904,0.712701,0.070542,0.360131,0.456895,1.324005,0.061328,True,CSI_nonSOE,0.045166834398308583,0.057312,-0.012145165601691418,-1871392906.6645458,0.0,1,0,,
600023.SH,浙能电力,CSI,地方国有企业,公用事业,公用事业Ⅱ,公用事业--公用事业Ⅱ--电力--电力公用事业,2025,,,,,,,,,,156337713781.7,,0.054322,7528041660.9,964494281.96,target_year,,,,,,,,,,SOE_target,0.064713,0.100489,25.760773,0.076372,0.118327,0.580798,0.020493,0.379917,0.436542,1.089867,0.062822,True,CSI_nonSOE,0.038516768269344456,0.054322,-0.015805231730655546,-2470953794.56067,0.0,1,0,,
600025.SH,华能水电,CSI,中央国有企业,公用事业,公用事业Ⅱ,公用事业--公用事业Ⅱ--电力--新能源发电业者,2019,,,,,,,,,,167460000000.0,,0.059975261,5544565706.0,4498862232.0,target_year,,,,,,,,,,SOE_target,0.063759,0.11171900000000001,25.84940273,0.02561941,0.148389593,0.090486908,-0.206299429,0.893747433,0.72808843,0.19707849,0.045755398,True,CSI_nonSOE,-0.005340668389569203,0.059975261,-0.0653159293895692,-10937805535.57726,0.0,0,3,"AssetTurnover_lag, FixedAssetsRatio_lag, CurrentRatio_lag",
600025.SH,华能水电,CSI,中央国有企业,公用事业,公用事业Ⅱ,公用事业--公用事业Ⅱ--电力--新能源发电业者,2020,,,,,,,,,,164632000000.0,,0.052680692,4834590181.0,3838342905.0,target_year,,,,,,,,,,SOE_target,0.057054,0.082913,25.84400745,0.030372672,0.143602423,0.122003663,-0.120187065,0.890221278,0.661096442,0.272467001,0.025680616,True,CSI_nonSOE,0.002545251130656942,0.052680692,-0.05013544086934306,-8253897901.201687,0.0,0,2,"FixedAssetsRatio_lag, CurrentRatio_lag",
600025.SH,华能水电,CSI,中央国有企业,公用事业,公用事业Ⅱ,公用事业--公用事业Ⅱ--电力--新能源发电业者,2021,,,,,,,,,,160654000000.0,,0.057343974,5837544928.0,3375009615.0,target_year,,,,,,,,,,SOE_target,0.04386,0.09267500000000001,25.82697914,0.024891608,0.126082379,0.114008133,-0.098900698,0.898091745,0.614218443,0.28005557,0.026261211,True,CSI_nonSOE,0.007664885616725722,0.057343974,-0.04967908838327428,-7981144265.126546,0.0,0,2,"FixedAssetsRatio_lag, CurrentRatio_lag",
600025.SH,华能水电,CSI,中央国有企业,公用事业,公用事业Ⅱ,公用事业--公用事业Ⅱ--电力--新能源发电业者,2022,,,,,,,,,,162879000000.0,,0.05980324,6801255631.0,2939458221.0,target_year,,,,,,,,,,SOE_target,0.051261,0.102966,25.80252053,0.021238323,0.130392082,0.121880419,-0.118007314,0.90376974,0.587768792,0.162074982,0.037470232,True,CSI_nonSOE,0.008632058323424008,0.05980324,-0.05117118167657599,-8334710900.299021,0.0,0,2,"FixedAssetsRatio_lag, CurrentRatio_lag",
600025.SH,华能水电,CSI,中央国有企业,公用事业,公用事业Ⅱ,公用事业--公用事业Ⅱ--电力--新能源发电业者,2023,,,,,,,,,,195239265297.35,,0.053107,7638074711.0,2730456864.91,target_year,,,,,,,,,,SOE_target,0.052607999999999995,0.113096,25.816276,0.019028,0.129341,0.128562,-0.108919,0.902161,0.571473,0.169814,0.048581,True,CSI_nonSOE,0.010044822516091484,0.053107,-0.04306217748390852,-8407427894.062387,0.0,0,2,"FixedAssetsRatio_lag, CurrentRatio_lag",
600025.SH,华能水电,CSI,中央国有企业,公用事业,公用事业Ⅱ,公用事业--公用事业Ⅱ--电力--新能源发电业者,2024,,,,,,,,,,214607123371.44,,0.051125,8297028967.06,2674676981.69,target_year,,,,,,,,,,SOE_target,0.06363100000000001,0.11774699999999999,25.997492,0.019985,0.121904,0.128588,-0.126507,0.906214,0.637761,0.149448,0.092856,True,CSI_nonSOE,-0.00020455718773684795,0.051125,-0.051329557187736845,-11015688611.990026,0.0,0,2,"FixedAssetsRatio_lag, CurrentRatio_lag",
600025.SH,华能水电,CSI,中央国有企业,公用事业,公用事业Ⅱ,公用事业--公用事业Ⅱ--电力--新能源发电业者,2025,,,,,,,,,,226717001711.92,,0.049089,8504138221.82,2625266463.59,target_year,,,,,,,,,,SOE_target,0.060695,0.109335,26.092075,0.021295,0.118327,0.119065,-0.17103,0.897786,0.6311,0.141749,0.09497,True,CSI_nonSOE,-0.00110341739467959,0.049089,-0.05019241739467959,-11379474380.394978,0.0,0,2,"FixedAssetsRatio_lag, CurrentRatio_lag",
600026.SH,中远海能,CSI,中央国有企业,工业,交通运输,工业--交通运输--海上运输Ⅲ--海上运输Ⅳ,2019,,,,,,,,,,65841861000.0,,0.027846783,413857000.0,1419627000.0,target_year,,,,,,,,,,SOE_target,0.035864,0.014698,24.87298624,0.013892163,0.111099702,0.195469911,-0.062080665,0.777889449,0.53841184,0.638202775,0.054344432,True,CSI_nonSOE,0.015839645635780497,0.027846783,-0.012007137364219503,-790572269.3428469,0.0,0,1,FixedAssetsRatio_lag,
600026.SH,中远海能,CSI,中央国有企业,工业,交通运输,工业--交通运输--海上运输Ⅲ--海上运输Ⅳ,2020,,,,,,,,,,65959857000.0,,0.051866941,2381415000.0,1039721000.0,target_year,,,,,,,,,,SOE_target,0.059844,0.075906,24.91052166,0.014177998,0.108646931,0.21230603,-0.082326986,0.74665104,0.55700514,0.561023832,0.019372797,True,CSI_nonSOE,0.013145833854664252,0.051866941,-0.03872110714533575,-2554038690.188024,0.0,0,1,FixedAssetsRatio_lag,
600026.SH,中远海能,CSI,中央国有企业,工业,交通运输,工业--交通运输--海上运输Ⅲ--海上运输Ⅳ,2021,,,,,,,,,,59388937000.0,,-0.070025062,-4985386000.0,826672000.0,target_year,,,,,,,,,,SOE_target,-0.05904499999999999,-0.157733,24.91231217,0.020449402,0.123286456,0.246858649,-0.030524157,0.735252413,0.46024222,0.796482244,0.083477455,True,CSI_nonSOE,0.024915248006297845,-0.070025062,0.09494031000629785,5638404089.724493,5638404089.724493,1,0,,
600026.SH,中远海能,CSI,中央国有企业,工业,交通运输,工业--交通运输--海上运输Ⅲ--海上运输Ⅳ,2022,,,,,,,,,,68250082000.0,,0.035972367,1461118000.0,993999000.0,target_year,,,,,,,,,,SOE_target,0.058710000000000005,0.048573000000000005,24.8073738,0.011485638,0.15352339,0.20175224,-0.115369871,0.728866944,0.496164025,0.486296004,0.049270254,True,CSI_nonSOE,0.017011466799809027,0.035972367,-0.01896090020019097,-1294082993.45685,0.0,1,0,,
600026.SH,中远海能,CSI,中央国有企业,工业,交通运输,工业--交通运输--海上运输Ⅲ--海上运输Ⅳ,2023,,,,,,,,,,72083612000.0,,0.066136,3348717000.0,1418587000.0,target_year,,,,,,,,,,SOE_target,0.087773,0.10153499999999999,24.946444,0.015811,0.180808,0.290927,-0.032351,0.691269,0.508127,0.791518,0.065197,True,CSI_nonSOE,0.022318760931176483,0.066136,-0.04381723906882352,-3158504859.9483156,0.0,1,0,,
600026.SH,中远海能,CSI,中央国有企业,工业,交通运输,工业--交通运输--海上运输Ⅲ--海上运输Ⅳ,2024,,,,,,,,,,81042317000.0,,0.066951,4038089000.0,1387805000.0,target_year,,,,,,,,,,SOE_target,0.086607,0.11495,25.001093,0.018027,0.114556,0.312291,0.010305,0.69434,0.485274,1.085128,0.078267,True,CSI_nonSOE,0.025787205305546915,0.066951,-0.04116379469445308,-3336009298.5507846,0.0,1,0,,
600026.SH,中远海能,CSI,中央国有企业,工业,交通运输,工业--交通运输--海上运输Ⅲ--海上运输Ⅳ,2025,,,,,,,,,,92078580000.0,,0.058354,4037075000.0,1336121000.0,target_year,,,,,,,,,,SOE_target,0.075335,0.09814,25.118237,0.016654,0.116886,0.30215,-0.008449,0.672639,0.518953,0.933002,0.097176,True,CSI_nonSOE,0.019455331186607847,0.058354,-0.03889866881339216,-3581734188.2274346,0.0,1,0,,
600027.SH,华电国际,CSI,中央国有企业,公用事业,公用事业Ⅱ,公用事业--公用事业Ⅱ--电力--电力公用事业,2019,,,,,,,,,,232164000000.0,,0.035928784,3385324000.0,4956059000.0,target_year,,,,,,,,,,SOE_target,0.044404000000000006,0.058502,26.15039902,0.147175376,0.148389593,0.391599295,-0.218739097,0.773628096,0.700030648,0.341196999,0.07580338,True,CSI_nonSOE,0.007532212900841134,0.035928784,-0.028396571099158864,-6592661532.665118,0.0,0,2,"FixedAssetsRatio_lag, CurrentRatio_lag",
600027.SH,华电国际,CSI,中央国有企业,公用事业,公用事业Ⅱ,公用事业--公用事业Ⅱ--电力--电力公用事业,2020,,,,,,,,,,236691000000.0,,0.036277765,4166756000.0,4419862000.0,target_year,,,,,,,,,,SOE_target,0.04776,0.06139,26.17071138,0.136033956,0.143602423,0.399220663,-0.175434407,0.759751414,0.652799229,0.395072825,0.064993263,True,CSI_nonSOE,0.01119079409242063,0.036277765,-0.025086970907579366,-5937860231.085868,0.0,0,2,"FixedAssetsRatio_lag, CurrentRatio_lag",
600027.SH,华电国际,CSI,中央国有企业,公用事业,公用事业Ⅱ,公用事业--公用事业Ⅱ--电力--电力公用事业,2021,,,,,,,,,,222386000000.0,,0.004040654,-3341982000.0,4240567000.0,target_year,,,,,,,,,,SOE_target,-0.012641,-0.04884,26.19002106,0.11752776,0.126082379,0.381278595,-0.144868062,0.771747976,0.601196772,0.420261511,0.078810724,True,CSI_nonSOE,0.013641756275550601,0.004040654,0.0096011022755506,2135150730.6505957,2135150730.6505957,0,1,FixedAssetsRatio_lag,
600027.SH,华电国际,CSI,中央国有企业,公用事业,公用事业Ⅱ,公用事业--公用事业Ⅱ--电力--电力公用事业,2022,,,,,,,,,,226802000000.0,,0.017901154,-30791000.0,4090816000.0,target_year,,,,,,,,,,SOE_target,0.010929,-0.000492,26.12768062,0.108193469,0.130392082,0.4399417,-0.162191446,0.636210561,0.657044275,0.450692943,0.057896499,True,CSI_nonSOE,0.010951708432853854,0.017901154,-0.0069494455671461446,-1576148153.5198798,0.0,1,0,,
600027.SH,华电国际,CSI,中央国有企业,公用事业,公用事业Ⅱ,公用事业--公用事业Ⅱ--电力--电力公用事业,2023,,,,,,,,,,226476498000.0,,0.036399,4601094000.0,3642399000.0,target_year,,,,,,,,,,SOE_target,0.041466,0.069153,26.147345,0.096947,0.129341,0.471786,-0.149299,0.630566,0.678006,0.463299,0.045957,True,CSI_nonSOE,0.010028126521239397,0.036399,-0.026370873478760604,-5972383074.670779,0.0,1,0,,
600027.SH,华电国际,CSI,中央国有企业,公用事业,公用事业Ⅱ,公用事业--公用事业Ⅱ--电力--电力公用事业,2024,,,,,,,,,,227138590000.0,,0.039234,5669855000.0,3241716000.0,target_year,,,,,,,,,,SOE_target,0.05258,0.080532,26.145907,0.101013,0.121904,0.513485,-0.152841,0.626863,0.620701,0.452266,0.046311,True,CSI_nonSOE,0.016437704983514614,0.039234,-0.022796295016485384,-5177918307.268517,0.0,1,0,,
600027.SH,华电国际,CSI,中央国有企业,公用事业,公用事业Ⅱ,公用事业--公用事业Ⅱ--电力--电力公用事业,2025,,,,,,,,,,264230768000.0,,0.034895,6070315000.0,3149957000.0,target_year,,,,,,,,,,SOE_target,0.056004,0.08776400000000001,26.148826,0.098093,0.118327,0.495538,-0.158672,0.612499,0.610296,0.446625,0.039921,True,CSI_nonSOE,0.01606913312364,0.034895,-0.018825866876360002,-4974373263.006365,0.0,1,0,,
600028.SH,中国石化,CSI,中央国有企业,能源,石油石化,能源--石油石化--石油天然气--综合性石油天然气,2019,,,,,,,,,,1755070000000.0,,0.042430192,57465000000.0,17003000000.0,target_year,,,,,,,,,,SOE_target,0.059583000000000004,0.07896600000000001,28.09620565,0.515629105,0.452070271,1.772760125,-0.038295355,0.473981792,0.462079573,0.892093053,0.06469477,True,CSI_nonSOE,0.1100444696936513,0.042430192,0.0676142776936513,118667790351.7966,118667790351.7966,0,1,FirmSize_lag,
600028.SH,中国石化,CSI,中央国有企业,能源,石油石化,能源--石油石化--石油天然气--综合性石油天然气,2020,,,,,,,,,,1733810000000.0,,0.027852036,33096000000.0,15194000000.0,target_year,,,,,,,,,,SOE_target,0.033555,0.044735,28.19353043,0.502320213,0.44417932,1.732990498,-0.074366222,0.453480799,0.500968907,0.773553283,0.080419539,True,CSI_nonSOE,0.10387660453869402,0.027852036,0.07602456853869402,131812157178.07307,131812157178.07307,0,1,FirmSize_lag,
600028.SH,中国石化,CSI,中央国有企业,能源,石油石化,能源--石油石化--石油天然气--综合性石油天然气,2021,,,,,,,,,,1889260000000.0,,0.046046193,71975000000.0,15018000000.0,target_year,,,,,,,,,,SOE_target,0.065389,0.094974,28.18133953,0.475113231,0.429200271,1.174851729,-0.038525094,0.411817938,0.490797408,0.872086788,0.075665372,True,CSI_nonSOE,0.08915188855384798,0.046046193,0.04310569555384798,81437866382.06284,81437866382.06284,0,1,FirmSize_lag,
600028.SH,中国石化,CSI,中央国有企业,能源,石油石化,能源--石油石化--石油天然气--综合性石油天然气,2022,,,,,,,,,,1948640000000.0,,0.042553781,66153000000.0,16769000000.0,target_year,,,,,,,,,,SOE_target,0.054667,0.084872,28.26720369,0.465583372,0.425995256,1.479136421,-0.044068164,0.399556439,0.515642939,0.870172156,0.076708015,True,CSI_nonSOE,0.09793415446209353,0.042553781,0.05538037346209353,107916410943.17393,107916410943.17393,0,1,FirmSize_lag,
600028.SH,中国石化,CSI,中央国有企业,能源,石油石化,能源--石油石化--石油天然气--综合性石油天然气,2023,,,,,,,,,,2024696000000.0,,0.037724,58310000000.0,18069000000.0,target_year,,,,,,,,,,SOE_target,0.047907000000000005,0.073452,28.298153,0.456404,0.418201,1.69747,-0.074023,0.424268,0.519543,0.783865,0.088537,True,CSI_nonSOE,0.10128964771547547,0.037724,0.06356564771547546,128701112666.9323,128701112666.9323,0,1,FirmSize_lag,
600028.SH,中国石化,CSI,中央国有企业,能源,石油石化,能源--石油石化--石油天然气--综合性石油天然气,2024,,,,,,,,,,2081440000000.0,,0.032449,48939000000.0,18601000000.0,target_year,,,,,,,,,,SOE_target,0.039847,0.060462999999999996,28.336441,0.460426,0.410755,1.583995,-0.055634,0.430261,0.527925,0.825923,0.084701,True,CSI_nonSOE,0.10116722334710485,0.032449,0.06871822334710484,143032858803.5979,143032858803.5979,0,1,FirmSize_lag,
600028.SH,中国石化,CSI,中央国有企业,能源,石油石化,能源--石油石化--石油天然气--综合性石油天然气,2025,,,,,,,,,,2153485000000.0,,0.024018,32476000000.0,19247000000.0,target_year,,,,,,,,,,SOE_target,0.027008,0.039526,28.364081,0.453969,0.406814,1.46869,-0.071451,0.444803,0.532945,0.779094,0.06688,True,CSI_nonSOE,0.09616101077876958,0.024018,0.07214301077876958,155358891566.9186,155358891566.9186,0,1,FirmSize_lag,
600029.SH,南方航空,CSI,中央国有企业,工业,交通运输,工业--交通运输--航空客运Ⅲ--航空客运Ⅳ,2019,,,,,,,,,,306928000000.0,,0.02764492,2640000000.0,5845000000.0,target_year,,,,,,,,,,SOE_target,0.035481,0.040815000000000004,26.23244767,0.158517157,0.111099702,0.59297309,-0.24140612,0.844235044,0.682246132,0.287643242,0.097534309,True,CSI_nonSOE,0.0010781072004633768,0.02764492,-0.026566812799536623,-8154098718.936176,0.0,0,2,"FixedAssetsRatio_lag, CurrentRatio_lag",
600029.SH,南方航空,CSI,中央国有企业,工业,交通运输,工业--交通运输--航空客运Ⅲ--航空客运Ⅳ,2020,,,,,,,,,,326383000000.0,,-0.012656909,-10847000000.0,6716000000.0,target_year,,,,,,,,,,SOE_target,-0.027794,-0.162271,26.44987903,0.153048695,0.108646931,0.534837157,-0.256581348,0.404036126,0.748054918,0.17528537,0.050917479,True,CSI_nonSOE,-0.013403778609215489,-0.012656909,-0.0007468696092154895,-243765543.66457912,0.0,0,1,CurrentRatio_lag,
600029.SH,南方航空,CSI,中央国有企业,工业,交通运输,工业--交通运输--航空客运Ⅲ--航空客运Ⅳ,2021,,,,,,,,,,323211000000.0,,-0.018266705,-12106000000.0,6202000000.0,target_year,,,,,,,,,,SOE_target,-0.02581,-0.176171,26.51133738,0.109394427,0.123286456,0.274831797,-0.173710028,0.363232766,0.7391684,0.407447665,0.033889633,True,CSI_nonSOE,-0.025979163893169094,-0.018266705,-0.007712458893169093,-2492751551.3200755,0.0,1,0,,
600029.SH,南方航空,CSI,中央国有企业,工业,交通运输,工业--交通运输--航空客运Ⅲ--航空客运Ⅳ,2022,,,,,,,,,,312246000000.0,,-0.085487084,-32699000000.0,6006000000.0,target_year,,,,,,,,,,SOE_target,-0.081834,-0.599289,26.5015712,0.086545358,0.15352339,0.293349384,-0.2262423,0.380658455,0.738536127,0.341165871,0.053021091,True,CSI_nonSOE,-0.02597157545487988,-0.085487084,0.059515508545120124,18583479481.179577,18583479481.179577,0,1,CurrentRatio_lag,
600029.SH,南方航空,CSI,中央国有企业,工业,交通运输,工业--交通运输--航空客运Ⅲ--航空客运Ⅳ,2023,,,,,,,,,,309596000000.0,,0.005775,-4140000000.0,5928000000.0,target_year,,,,,,,,,,SOE_target,0.013012999999999999,-0.105685,26.467057,0.068893,0.180808,0.254623,-0.345894,0.396537,0.822707,0.236494,0.037458,True,CSI_nonSOE,-0.028220310039220237,0.005775,-0.03399531003922024,-10524812006.90243,0.0,0,2,"FinancialLeverage_lag, CurrentRatio_lag",
600029.SH,南方航空,CSI,中央国有企业,工业,交通运输,工业--交通运输--航空客运Ⅲ--航空客运Ⅳ,2024,,,,,,,,,,329979000000.0,,0.012089,-1769000000.0,5758000000.0,target_year,,,,,,,,,,SOE_target,0.021871,-0.049129,26.458534,0.12459,0.114556,0.487085,-0.327837,0.412641,0.830854,0.215852,0.036722,True,CSI_nonSOE,-0.01621711842721907,0.012089,-0.02830611842721907,-9340424652.495321,0.0,0,2,"FinancialLeverage_lag, CurrentRatio_lag",
600029.SH,南方航空,CSI,中央国有企业,工业,交通运输,工业--交通运输--航空客运Ⅲ--航空客运Ⅳ,2025,,,,,,,,,,350053000000.0,,0.018306,855000000.0,5553000000.0,target_year,,,,,,,,,,SOE_target,0.029478,0.024175,26.522295,0.118891,0.116886,0.516421,-0.304986,0.411478,0.839881,0.27285,0.049085,True,CSI_nonSOE,-0.015602067058008137,0.018306,-0.03390806705800814,-11869620597.856924,0.0,0,2,"FinancialLeverage_lag, CurrentRatio_lag",
600039.SH,四川路桥,CSI,地方国有企业,工业,建筑,工业--建筑--建筑与工程Ⅲ--建筑与工程Ⅳ,2019,,,,,,,,,,97615480976.0,,0.037211172,1701863780.0,1930522630.0,target_year,,,,,,,,,,SOE_target,0.043567,0.115012,25.1787028,0.009802807,0.178025019,0.501353906,0.024012975,0.027128851,0.820162075,1.051384264,0.043630385,True,CSI_nonSOE,-0.00028545350695222127,0.037211172,-0.03749662550695222,-3660251133.838091,0.0,0,1,FinancialLeverage_lag,
600039.SH,四川路桥,CSI,地方国有企业,工业,建筑,工业--建筑--建筑与工程Ⅲ--建筑与工程Ⅳ,2020,,,,,,,,,,113224000000.0,,0.047205214,3025220328.0,2319530755.0,target_year,,,,,,,,,,SOE_target,0.056818999999999995,0.158343,25.30430193,0.011120884,0.179054819,0.571846466,0.014592269,0.025621943,0.823336581,1.030749274,0.051754319,True,CSI_nonSOE,-0.0004133941598273988,0.047205214,-0.0476186081598274,-5391569290.288298,0.0,0,1,FinancialLeverage_lag,
600039.SH,四川路桥,CSI,地方国有企业,工业,建筑,工业--建筑--建筑与工程Ⅲ--建筑与工程Ⅳ,2021,,,,,,,,,,137038000000.0,,0.058043518,5582069265.0,2372125857.0,target_year,,,,,,,,,,SOE_target,0.072688,0.224344,25.45263175,0.011374577,0.179498397,0.577043095,0.041942153,0.028810282,0.781285264,1.091306515,0.043553685,True,CSI_nonSOE,-0.0008411502706880403,0.058043518,-0.05888466827068804,-8069437170.478548,0.0,1,0,,
600039.SH,四川路桥,CSI,地方国有企业,工业,建筑,工业--建筑--建筑与工程Ⅲ--建筑与工程Ⅳ,2022,,,,,,,,,,208299000000.0,,0.066383319,11212905939.0,2614655615.0,target_year,,,,,,,,,,SOE_target,0.093207,0.325278,25.64352755,0.013775122,0.17910201,0.676295862,0.075618992,0.026636224,0.777198956,1.166354427,0.018731852,True,CSI_nonSOE,0.0021344633094370485,0.066383319,-0.06424885569056295,-13382972391.488571,0.0,1,0,,
600039.SH,四川路桥,CSI,地方国有企业,工业,建筑,工业--建筑--建筑与工程Ⅲ--建筑与工程Ⅳ,2023,,,,,,,,,,240914762578.04,,0.04862,9003845893.62,2709537928.39,target_year,,,,,,,,,,SOE_target,0.060896,0.20717400000000002,26.062239,0.019707,0.173049,0.779731,0.109348,0.029618,0.779158,1.209964,0.025586,True,CSI_nonSOE,0.002415280180737972,0.04862,-0.046204719819262025,-11131399105.24237,0.0,1,0,,
600039.SH,四川路桥,CSI,地方国有企业,工业,建筑,工业--建筑--建筑与工程Ⅲ--建筑与工程Ⅳ,2024,,,,,,,,,,239773354769.84,,0.042016,7209866536.24,2864382037.39,target_year,,,,,,,,,,SOE_target,0.050009,0.155112,26.207709,0.015611,0.176169,0.510636,0.090428,0.07493,0.789344,1.17526,0.032152,True,CSI_nonSOE,-0.007797681667044781,0.042016,-0.04981368166704478,-11943993566.744202,0.0,1,0,,
600039.SH,四川路桥,CSI,地方国有企业,工业,建筑,工业--建筑--建筑与工程Ⅲ--建筑与工程Ⅳ,2025,,,,,,,,,,267673535809.41,,0.035663,7296866124.06,2249190329.58,target_year,,,,,,,,,,SOE_target,0.045757000000000006,0.14499,26.20296,0.015081,0.174423,0.444562,0.109226,0.016385,0.788718,1.199839,0.031514,True,CSI_nonSOE,-0.010963914924950052,0.035663,-0.04662691492495005,-12480791181.845932,0.0,1,0,,
600048.SH,保利发展,CSI,中央国有企业,房地产,房地产Ⅱ,房地产--房地产Ⅱ--房地产管理和开发--房地产开发,2019,,,,,,,,,,1033210000000.0,,0.031517,27959019793.0,4604619675.0,target_year,,,,,,,,,,SOE_target,0.056267,0.201184,27.46436886,0.31565396,0.396279334,0.231234939,0.37990177,0.006463865,0.779686125,1.722829263,0.000713354,True,CSI_nonSOE,0.022208998051420716,0.031517,-0.009308001948579288,-9617120693.291607,0.0,0,2,"FirmSize_lag, CapexRatio_lag",
600048.SH,保利发展,CSI,中央国有企业,房地产,房地产Ⅱ,房地产--房地产Ⅱ--房地产管理和开发--房地产开发,2020,,,,,,,,,,1251370000000.0,,0.025658366,28948429857.0,3159806207.0,target_year,,,,,,,,,,SOE_target,0.045993000000000006,0.172182,27.66369034,0.314541861,0.408200157,0.227794552,0.326382738,0.007711161,0.777855138,1.562316531,0.000270148,True,CSI_nonSOE,0.018903298396541937,0.025658366,-0.006755067603458061,-8453088946.939314,0.0,0,2,"FirmSize_lag, CapexRatio_lag",
600048.SH,保利发展,CSI,中央国有企业,房地产,房地产Ⅱ,房地产--房地产Ⅱ--房地产管理和开发--房地产开发,2021,,,,,,,,,,1399930000000.0,,0.023551996,27387836594.0,5583381396.0,target_year,,,,,,,,,,SOE_target,0.040119999999999996,0.145761,27.855264,0.291838363,0.406330004,0.196621821,0.307236072,0.006557157,0.786924063,1.51142457,0.000317625,True,CSI_nonSOE,0.016279907333268034,0.023551996,-0.007272088666731964,-10180415087.218079,0.0,0,2,"FirmSize_lag, CapexRatio_lag",
600048.SH,保利发展,CSI,中央国有企业,房地产,房地产Ⅱ,房地产--房地产Ⅱ--房地产管理和开发--房地产开发,2022,,,,,,,,,,1470460000000.0,,0.016221919,18346819483.0,5506935348.0,target_year,,,,,,,,,,SOE_target,0.026187000000000002,0.09364800000000001,27.96744553,0.306902177,0.390202805,0.203106181,0.306103727,0.008462026,0.783622181,1.52334607,0.000194029,True,CSI_nonSOE,0.01675042318738164,0.016221919,0.0005285041873816371,777144267.377202,777144267.377202,0,2,"FirmSize_lag, CapexRatio_lag",
600048.SH,保利发展,CSI,中央国有企业,房地产,房地产Ⅱ,房地产--房地产Ⅱ--房地产管理和开发--房地产开发,2023,,,,,,,,,,1436911790321.09,,0.011454,12067156751.87,4391271101.53,target_year,,,,,,,,,,SOE_target,0.01694,0.061128999999999996,28.016599,0.281643,0.393852,0.186661,0.311548,0.007289,0.780891,1.543905,0.000127,True,CSI_nonSOE,0.015949036847373338,0.011454,0.004495036847373337,6458971443.91849,6458971443.91849,0,2,"FirmSize_lag, CapexRatio_lag",
600048.SH,保利发展,CSI,中央国有企业,房地产,房地产Ⅱ,房地产--房地产Ⅱ--房地产管理和开发--房地产开发,2024,,,,,,,,,,1335108015599.69,,0.007223,5001183340.24,4642572794.51,target_year,,,,,,,,,,SOE_target,0.014591,0.025249999999999998,27.993517,0.344359,0.37554,0.231528,0.316517,0.00623,0.765451,1.558916,0.000125,True,CSI_nonSOE,0.018348692180053403,0.007223,0.011125692180053402,14854000808.684086,14854000808.684086,0,2,"FirmSize_lag, CapexRatio_lag",
600048.SH,保利发展,CSI,中央国有企业,房地产,房地产Ⅱ,房地产--房地产Ⅱ--房地产管理和开发--房地产开发,2025,,,,,,,,,,1188292419390.15,,0.004163,1034698076.02,3911853774.36,target_year,,,,,,,,,,SOE_target,0.010818000000000001,0.005313,27.920033,0.370621,0.353891,0.220606,0.332909,0.004635,0.743444,1.615099,0.000134,True,CSI_nonSOE,0.01910033740222443,0.004163,0.01493733740222443,17749924800.936245,17749924800.936245,0,2,"FirmSize_lag, CapexRatio_lag",
600050.SH,中国联通,CSI,中央国有企业,通讯服务,电信服务,通讯服务--电信服务--多元电信服务--综合电信业务,2019,,,,,,,,,,564231000000.0,,0.010101391,4982083711.0,717430307.0,target_year,,,,,,,,,,SOE_target,0.02538,0.03515,27.01809315,0.216004559,0.376451505,0.51908301,-0.254483315,0.707287713,0.414982728,0.355129441,0.104885955,True,CSI_nonSOE,0.02991108966247357,0.010101391,0.01980969866247357,11177246086.026125,11177246086.026125,0,2,"FirmSize_lag, CurrentRatio_lag",
600050.SH,中国联通,CSI,中央国有企业,通讯服务,电信服务,通讯服务--电信服务--多元电信服务--综合电信业务,2020,,,,,,,,,,582475000000.0,,0.009868284,5521311508.0,226721429.0,target_year,,,,,,,,,,SOE_target,0.027835000000000002,0.037942000000000004,27.0587289,0.215538555,0.377325617,0.523110571,-0.218366135,0.648668624,0.426660113,0.404249093,0.106989431,True,CSI_nonSOE,0.029067186772987155,0.009868284,0.019198902772987157,11182880892.695694,11182880892.695694,0,1,FirmSize_lag,
600050.SH,中国联通,CSI,中央国有企业,通讯服务,电信服务,通讯服务--电信服务--多元电信服务--综合电信业务,2021,,,,,,,,,,593284000000.0,,0.012700151,6305465753.0,1229336920.0,target_year,,,,,,,,,,SOE_target,0.030314,0.042472,27.09055284,0.216924109,0.375629725,0.52757066,-0.195009677,0.622322545,0.430921996,0.488897939,0.100700722,True,CSI_nonSOE,0.02892222247976299,0.012700151,0.01622207147976299,9624295455.799706,9624295455.799706,0,1,FirmSize_lag,
600050.SH,中国联通,CSI,中央国有企业,通讯服务,电信服务,通讯服务--电信服务--多元电信服务--综合电信业务,2022,,,,,,,,,,644687000000.0,,0.010162857,7299489574.0,-747627534.0,target_year,,,,,,,,,,SOE_target,0.032905000000000004,0.048088,27.10893985,0.214754812,0.374126853,0.555261993,-0.183530803,0.593470184,0.433306679,0.536927029,0.121437607,True,CSI_nonSOE,0.028417152463621496,0.010162857,0.018254295463621496,11768306979.555752,11768306979.555752,0,1,FirmSize_lag,
600050.SH,中国联通,CSI,中央国有企业,通讯服务,电信服务,通讯服务--电信服务--多元电信服务--综合电信业务,2023,,,,,,,,,,662844796563.0,,0.011939,8172679256.0,-258709687.0,target_year,,,,,,,,,,SOE_target,0.034735999999999996,0.05212,27.192031,0.214301,0.373379,0.571171,-0.157774,0.54134,0.461329,0.589832,0.112407,True,CSI_nonSOE,0.02512567368279734,0.011939,0.01318667368279734,8740718034.616468,8740718034.616468,0,1,FirmSize_lag,
600050.SH,中国联通,CSI,中央国有企业,通讯服务,电信服务,通讯服务--电信服务--多元电信服务--综合电信业务,2024,,,,,,,,,,672836701609.0,,0.013008,9029899018.0,-277552108.0,target_year,,,,,,,,,,SOE_target,0.037571,0.055725,27.219807,0.211944,0.374249,0.567565,-0.15427,0.531136,0.460002,0.607135,0.119744,True,CSI_nonSOE,0.02453602112315976,0.013008,0.011528021123159758,7756475708.585691,7756475708.585691,0,1,FirmSize_lag,
600050.SH,中国联通,CSI,中央国有企业,通讯服务,电信服务,通讯服务--电信服务--多元电信服务--综合电信业务,2025,,,,,,,,,,671056308815.0,,0.01273,9126662570.0,-584217448.0,target_year,,,,,,,,,,SOE_target,0.036787,0.05474300000000001,27.234768,0.214383,0.373264,0.5808,-0.159284,0.521086,0.45189,0.597066,0.112571,True,CSI_nonSOE,0.025590684487031785,0.01273,0.012860684487031785,8630243460.701881,8630243460.701881,0,1,FirmSize_lag,
600085.SH,同仁堂,CSI,地方国有企业,医疗保健,医药生物,医疗保健--医药生物--制药--中药,2019,,,,,,,,,,20921822081.0,,0.049259163,985435905.0,45155539.17,target_year,,,,,,,,,,SOE_target,0.092627,0.106557,23.74259659,0.044393641,0.277672488,0.717188255,0.545479466,0.175814588,0.290478372,3.305792709,0.030049137,True,CSI_nonSOE,0.1201905372933842,0.049259163,0.0709313742933842,1484013592.9270012,1484013592.9270012,1,0,,
600085.SH,同仁堂,CSI,地方国有企业,医疗保健,医药生物,医疗保健--医药生物--制药--中药,2020,,,,,,,,,,21837512362.0,,0.045586645,1031440915.0,-35941988.89,target_year,,,,,,,,,,SOE_target,0.09274800000000001,0.108193,23.76405857,0.035361667,0.276190471,0.635012754,0.536228996,0.186854042,0.299285654,3.292555198,0.022168669,True,CSI_nonSOE,0.11538686646345606,0.045586645,0.06980022146345605,1524263199.0785592,1524263199.0785592,1,0,,
600085.SH,同仁堂,CSI,地方国有企业,医疗保健,医药生物,医疗保健--医药生物--制药--中药,2021,,,,,,,,,,25072835362.0,,0.054031558,1227372820.0,127351544.8,target_year,,,,,,,,,,SOE_target,0.099836,0.11994500000000001,23.80689508,0.031735322,0.256105921,0.593509445,0.500448163,0.19275382,0.28808725,2.95210164,0.052705572,True,CSI_nonSOE,0.11188410710667712,0.054031558,0.05785254910667712,1450527439.0237358,1450527439.0237358,1,0,,
600085.SH,同仁堂,CSI,地方国有企业,医疗保健,医药生物,医疗保健--医药生物--制药--中药,2022,,,,,,,,,,27044491890.0,,0.052549744,1425811705.0,-4630592.51,target_year,,,,,,,,,,SOE_target,0.104262,0.12707100000000002,23.94505084,0.030176801,0.230275265,0.615993482,0.47347069,0.160434637,0.33503726,2.883619323,0.018793541,True,CSI_nonSOE,0.10413197705268126,0.052549744,0.05158223305268126,1395015283.4613283,1395015283.4613283,1,0,,
600085.SH,同仁堂,CSI,地方国有企业,医疗保健,医药生物,医疗保健--医药生物--制药--中药,2023,,,,,,,,,,30089450163.66,,0.051802,1668834509.63,-110139252.35,target_year,,,,,,,,,,SOE_target,0.10784,0.13423,24.020749,0.028082,0.212266,0.583495,0.525941,0.145857,0.31764,3.245059,0.012203,True,CSI_nonSOE,0.10505188242972158,0.051802,0.053249882429721576,1602259683.5898616,1602259683.5898616,1,0,,
600085.SH,同仁堂,CSI,地方国有企业,医疗保健,医药生物,医疗保健--医药生物--制药--中药,2024,,,,,,,,,,31197524019.77,,0.049119,1526274925.98,6104419.93,target_year,,,,,,,,,,SOE_target,0.091748,0.116268,24.12744,0.02949,0.216978,0.619334,0.538375,0.130842,0.32677,3.261915,0.010785,True,CSI_nonSOE,0.10425617337360256,0.049119,0.055137173373602556,1720143290.7051888,1720143290.7051888,1,0,,
600085.SH,同仁堂,CSI,地方国有企业,医疗保健,医药生物,医疗保健--医药生物--制药--中药,2025,,,,,,,,,,30621119491.71,,0.036822,1189374356.88,-61856885.45,target_year,,,,,,,,,,SOE_target,0.063568,0.088584,24.163605,0.030434,0.230555,0.601836,0.516001,0.132703,0.330043,3.11878,0.016654,True,CSI_nonSOE,0.10166249952660604,0.036822,0.06484049952660603,1985488683.906369,1985488683.906369,1,0,,
600104.SH,上汽集团,CSI,地方国有企业,可选消费,汽车与零配件,可选消费--汽车与零配件--汽车--汽车制造,2019,,,,,,,,,,849333000000.0,,0.03253059,25603384202.0,2025928206.0,target_year,,,,,,,,,,SOE_target,0.050204000000000006,0.105784,27.38610456,0.591110538,0.376606004,1.168639891,0.049890403,0.115023003,0.636265723,1.094256631,0.040848718,True,CSI_nonSOE,0.047800649369782164,0.03253059,0.015270059369782166,12969365334.715197,12969365334.715197,0,1,FirmSize_lag,
600104.SH,上汽集团,CSI,地方国有企业,可选消费,汽车与零配件,可选消费--汽车与零配件--汽车--汽车制造,2020,,,,,,,,,,919415000000.0,,0.022784011,20431037480.0,516918858.2,target_year,,,,,,,,,,SOE_target,0.040583999999999995,0.080152,27.4677175,0.584514926,0.369422071,1.004740563,0.056932128,0.116848769,0.645793199,1.104481436,0.031712856,True,CSI_nonSOE,0.041384039852530974,0.022784011,0.018600028852530974,17101145527.449766,17101145527.449766,0,1,FirmSize_lag,
600104.SH,上汽集团,CSI,地方国有企业,可选消费,汽车与零配件,可选消费--汽车与零配件--汽车--汽车制造,2021,,,,,,,,,,916923000000.0,,0.027371208,24533097944.0,564183662.3,target_year,,,,,,,,,,SOE_target,0.045260999999999996,0.091905,27.54700317,0.537049464,0.324255792,0.811062728,0.060136769,0.104539258,0.662784059,1.108225401,0.016464627,True,CSI_nonSOE,0.03241294739683724,0.027371208,0.00504173939683724,4622886812.966192,4622886812.966192,0,1,FirmSize_lag,
600104.SH,上汽集团,CSI,地方国有企业,可选消费,汽车与零配件,可选消费--汽车与零配件--汽车--汽车制造,2022,,,,,,,,,,990107000000.0,,0.015506544,16117549650.0,-764406025.7,target_year,,,,,,,,,,SOE_target,0.02944,0.058291,27.544289,0.49624797,0.289774151,0.82160727,0.070374421,0.101621896,0.641441168,1.13429849,0.02044087,True,CSI_nonSOE,0.0348356795557722,0.015506544,0.0193291355557722,19137912417.718945,19137912417.718945,0,1,FirmSize_lag,
600104.SH,上汽集团,CSI,地方国有企业,可选消费,汽车与零配件,可选消费--汽车与零配件--汽车--汽车制造,2023,,,,,,,,,,1006650278661.54,,0.013857,14106165142.98,-156683993.96,target_year,,,,,,,,,,SOE_target,0.026015,0.049885,27.621079,0.398005,0.236564,0.750589,0.038572,0.095925,0.66034,1.070207,0.023164,True,CSI_nonSOE,0.02813984299776119,0.013857,0.014282842997761192,14377827883.77533,14377827883.77533,0,1,FirmSize_lag,
600104.SH,上汽集团,CSI,地方国有企业,可选消费,汽车与零配件,可选消费--汽车与零配件--汽车--汽车制造,2024,,,,,,,,,,957143417731.69,,0.004932,1666376761.07,3054077070.48,target_year,,,,,,,,,,SOE_target,0.013815,0.005805,27.637649,0.342769,0.222276,0.722406,0.071692,0.097073,0.659358,1.131829,0.019282,True,CSI_nonSOE,0.02921947257881409,0.004932,0.02428747257881409,23246594512.15082,23246594512.15082,0,1,FirmSize_lag,
600104.SH,上汽集团,CSI,地方国有企业,可选消费,汽车与零配件,可选消费--汽车与零配件--汽车--汽车制造,2025,,,,,,,,,,960207461450.69,,0.010248,10105800270.34,-265824180.92,target_year,,,,,,,,,,SOE_target,0.025705,0.034451999999999997,27.587219,0.26178,0.204324,0.620374,0.094252,0.100007,0.63774,1.176221,0.021734,True,CSI_nonSOE,0.02628651235433392,0.010248,0.01603851235433392,15400299233.200502,15400299233.200502,0,1,FirmSize_lag,
600111.SH,北方稀土,CSI,地方国有企业,材料,有色金属,材料--有色金属--其他金属与采矿--金属非金属,2019,,,,,,,,,,23249789494.0,,0.043282698,616294511.7,390019111.1,target_year,,,,,,,,,,SOE_target,0.05133,0.065095,23.8938532,0.017646653,0.167062795,0.622517459,0.470818754,0.163159257,0.47422306,2.82050655,0.007902791,True,CSI_nonSOE,0.09953230479445682,0.043282698,0.05624960679445682,1307791517.0913932,1307791517.0913932,1,0,,
600111.SH,北方稀土,CSI,地方国有企业,材料,有色金属,材料--有色金属--其他金属与采矿--金属非金属,2020,,,,,,,,,,25529146004.0,,0.048506632,832623455.2,405709442.1,target_year,,,,,,,,,,SOE_target,0.060104,0.082956,23.86956191,0.019452349,0.15478921,0.764815494,0.477193011,0.16554144,0.442861415,2.937880661,0.008883409,True,CSI_nonSOE,0.10816595613993048,0.048506632,0.05965932413993048,1523051596.468247,1523051596.468247,1,0,,
600111.SH,北方稀土,CSI,地方国有企业,材料,有色金属,材料--有色金属--其他金属与采矿--金属非金属,2021,,,,,,,,,,34707756657.0,,0.159096641,5130043122.0,391844362.9,target_year,,,,,,,,,,SOE_target,0.222313,0.39806600000000003,23.96308662,0.019082992,0.159708925,0.867219831,0.564907722,0.150001984,0.459639851,4.537805877,0.005932262,True,CSI_nonSOE,0.11064593405052765,0.159096641,-0.04845070694947236,-1681615346.6619053,0.0,1,0,,
600111.SH,北方稀土,CSI,地方国有企业,材料,有色金属,材料--有色金属--其他金属与采矿--金属非金属,2022,,,,,,,,,,36645246207.0,,0.16901701,5983647410.0,210022530.5,target_year,,,,,,,,,,SOE_target,0.20846800000000001,0.340184,24.27022903,0.020218983,0.168216562,1.002172561,0.480913141,0.128744205,0.446127904,2.662234864,0.009474372,True,CSI_nonSOE,0.10988092051126022,0.16901701,-0.059136089488739774,-2167056559.034054,0.0,1,0,,
600111.SH,北方稀土,CSI,地方国有企业,材料,有色金属,材料--有色金属--其他金属与采矿--金属非金属,2023,,,,,,,,,,40496655048.44,,0.062697,2370740184.54,168287209.07,target_year,,,,,,,,,,SOE_target,0.081204,0.11439,24.32455,0.0216,0.153058,1.037221,0.48697,0.15619,0.316914,2.914617,0.027693,True,CSI_nonSOE,0.12124855844082333,0.062697,0.058551558440823326,2371142264.726598,2371142264.726598,1,0,,
600111.SH,北方稀土,CSI,地方国有企业,材料,有色金属,材料--有色金属--其他金属与采矿--金属非金属,2024,,,,,,,,,,45380919517.66,,0.026432,1004276921.89,195231222.79,target_year,,,,,,,,,,SOE_target,0.047333999999999994,0.045596,24.424485,0.019248,0.159476,0.864691,0.486653,0.170179,0.335716,3.131002,0.027501,True,CSI_nonSOE,0.11129009119310457,0.026432,0.08485809119310457,3850938206.8565316,3850938206.8565316,1,0,,
600111.SH,北方稀土,CSI,地方国有企业,材料,有色金属,材料--有色金属--其他金属与采矿--金属非金属,2025,,,,,,,,,,48127817177.89,,0.050843,2251272073.68,195668514.09,target_year,,,,,,,,,,SOE_target,0.076569,0.09561,24.538358,0.018338,0.15747,0.764517,0.457977,0.200181,0.379574,2.910177,0.037205,True,CSI_nonSOE,0.10138652339410811,0.050843,0.050543523394108114,2432549453.4380417,2432549453.4380417,1,0,,
600115.SH,中国东航,CSI,中央国有企业,工业,交通运输,工业--交通运输--航空客运Ⅲ--航空客运Ⅳ,2019,,,,,,,,,,285185000000.0,,0.029321318,3192000000.0,5170000000.0,target_year,,,,,,,,,,SOE_target,0.035761,0.05026099999999999,26.19980052,0.13235558,0.111099702,0.491859096,-0.239029023,0.753519624,0.742273562,0.218055403,0.045402628,True,CSI_nonSOE,-0.008299259087397426,0.029321318,-0.037620577087397425,-10728824276.669436,0.0,0,2,"FixedAssetsRatio_lag, CurrentRatio_lag",
600115.SH,中国东航,CSI,中央国有企业,工业,交通运输,工业--交通运输--航空客运Ⅲ--航空客运Ⅳ,2020,,,,,,,,,,284650000000.0,,-0.02326717,-11836000000.0,5213000000.0,target_year,,,,,,,,,,SOE_target,-0.040155,-0.18898700000000002,26.37640393,0.125014343,0.108646931,0.461600681,-0.205550783,0.348675421,0.745267107,0.251942881,0.026610797,True,CSI_nonSOE,-0.01899128755431101,-0.02326717,0.004275882445688991,1217129938.1653712,1217129938.1653712,0,1,CurrentRatio_lag,
600115.SH,中国东航,CSI,中央国有企业,工业,交通运输,工业--交通运输--航空客运Ⅲ--航空客运Ⅳ,2021,,,,,,,,,,288790000000.0,,-0.022168358,-12214000000.0,5812000000.0,target_year,,,,,,,,,,SOE_target,-0.041992,-0.222348,26.37452619,0.073820843,0.123286456,0.206119315,-0.271596698,0.354972774,0.792186896,0.225412793,0.025459336,True,CSI_nonSOE,-0.031304776570389686,-0.022168358,-0.009136418570389687,-2638506318.9428377,0.0,0,1,CurrentRatio_lag,
600115.SH,中国东航,CSI,中央国有企业,工业,交通运输,工业--交通运输--航空客运Ⅲ--航空客运Ⅳ,2022,,,,,,,,,,287984000000.0,,-0.0992069,-37386000000.0,8816000000.0,target_year,,,,,,,,,,SOE_target,-0.110379,-0.8803230000000001,26.38896562,0.06097388,0.15352339,0.234120396,-0.200772187,0.322871291,0.802098411,0.324946735,0.037421656,True,CSI_nonSOE,-0.0319925696153221,-0.0992069,0.0672143303846779,19356651721.50108,19356651721.50108,0,1,CurrentRatio_lag,
600115.SH,中国东航,CSI,中央国有企业,工业,交通运输,工业--交通运输--航空客运Ⅲ--航空客运Ⅳ,2023,,,,,,,,,,284733000000.0,,-0.00733,-8168000000.0,6081000000.0,target_year,,,,,,,,,,SOE_target,-0.009401,-0.22023900000000002,26.386171,0.039267,0.180808,0.159893,-0.274435,0.309767,0.887692,0.25753,0.03479,True,CSI_nonSOE,-0.03453866669938238,-0.00733,-0.02720866669938238,-7747205295.315244,0.0,0,2,"FinancialLeverage_lag, CurrentRatio_lag",
600115.SH,中国东航,CSI,中央国有企业,工业,交通运输,工业--交通运输--航空客运Ⅲ--航空客运Ⅳ,2024,,,,,,,,,,278842000000.0,,0.003307,-4226000000.0,5148000000.0,target_year,,,,,,,,,,SOE_target,0.004007,-0.09870799999999999,26.374818,0.093572,0.114556,0.397198,-0.283076,0.337098,0.847355,0.241502,0.065553,True,CSI_nonSOE,-0.024180712615158473,0.003307,-0.027487712615158474,-7664728761.036019,0.0,0,2,"FinancialLeverage_lag, CurrentRatio_lag",
600115.SH,中国东航,CSI,中央国有企业,工业,交通运输,工业--交通运输--航空客运Ⅲ--航空客运Ⅳ,2025,,,,,,,,,,294006000000.0,,0.00868,-1633000000.0,4185000000.0,target_year,,,,,,,,,,SOE_target,0.015205,-0.039456000000000005,26.353911,0.095116,0.116886,0.468864,-0.340336,0.370568,0.843456,0.167566,0.058596,True,CSI_nonSOE,-0.020156639378429764,0.00868,-0.028836639378429764,-8478144997.094621,0.0,0,2,"FinancialLeverage_lag, CurrentRatio_lag",
600150.SH,中国船舶,CSI,中央国有企业,工业,机械,工业--机械--机械Ⅲ--建筑机械与重型卡车,2019,,,,,,,,,,44351383662.0,,0.012464128,404757012.2,148044295.7,target_year,,,,,,,,,,SOE_target,0.009106999999999999,0.026532,24.53591577,0.029817025,0.247583643,0.344076768,0.270348175,0.193985661,0.544529807,1.710203397,0.006719063,True,CSI_nonSOE,0.061503092889559324,0.012464128,0.049038964889559326,2174945946.204193,2174945946.204193,1,0,,
600150.SH,中国船舶,CSI,中央国有企业,工业,机械,工业--机械--机械Ⅲ--建筑机械与重型卡车,2020,,,,,,,,,,152510000000.0,,0.001747771,305800985.4,-39249305.42,target_year,,,,,,,,,,SOE_target,0.0031569999999999997,0.009995,24.51540974,0.035511472,0.225950341,0.514956109,0.259465378,0.201965756,0.52498716,1.691017199,0.017188794,True,CSI_nonSOE,0.06963538210931211,0.001747771,0.06788761110931212,10353539570.28119,10353539570.28119,1,0,,
600150.SH,中国船舶,CSI,中央国有企业,工业,机械,工业--机械--机械Ⅲ--建筑机械与重型卡车,2021,,,,,,,,,,160402000000.0,,-0.003399258,213814622.4,-759063293.3,target_year,,,,,,,,,,SOE_target,0.002098,0.004657,25.75049291,0.072042941,0.195497669,0.559491297,0.129903575,0.174424107,0.6536226,1.219782006,0.013788703,True,CSI_nonSOE,0.03321850327846363,-0.003399258,0.03661776127846363,5873562144.588123,5873562144.588123,1,0,,
600150.SH,中国船舶,CSI,中央国有企业,工业,机械,工业--机械--机械Ⅲ--建筑机械与重型卡车,2022,,,,,,,,,,162438000000.0,,-0.006994407,171873146.3,-1308027192.0,target_year,,,,,,,,,,SOE_target,0.013464,0.0037359999999999997,25.80095053,0.074553764,0.187780789,0.380590501,0.158124474,0.16421145,0.668931232,1.272382023,0.007356286,True,CSI_nonSOE,0.025848401196437817,-0.006994407,0.03284280819643782,5334920077.812966,5334920077.812966,1,0,,
600150.SH,中国船舶,CSI,中央国有企业,工业,机械,工业--机械--机械Ⅲ--建筑机械与重型卡车,2023,,,,,,,,,,177832168643.44,,0.009259,2957396962.72,-1310930190.34,target_year,,,,,,,,,,SOE_target,0.017764,0.062717,25.813559,0.080153,0.187488,0.367781,0.150325,0.129527,0.689239,1.259374,0.008802,True,CSI_nonSOE,0.022160361374137835,0.009259,0.012901361374137835,2294277071.6156425,2294277071.6156425,1,0,,
600150.SH,中国船舶,CSI,中央国有企业,工业,机械,工业--机械--机械Ⅲ--建筑机械与重型卡车,2024,,,,,,,,,,181976769308.99,,0.011201,3614135616.3,-1575781961.35,target_year,,,,,,,,,,SOE_target,0.014025000000000001,0.07283,25.904106,0.091615,0.188674,0.438522,0.14979,0.122893,0.704932,1.249494,0.013618,True,CSI_nonSOE,0.022379881942322863,0.011201,0.011178881942322864,2034296820.3505218,2034296820.3505218,1,0,,
600150.SH,中国船舶,CSI,中央国有企业,工业,机械,工业--机械--机械Ⅲ--建筑机械与重型卡车,2025,,,,,,,,,,420489480242.16,,0.013112,7848378198.33,-2334822741.29,target_year,,,,,,,,,,SOE_target,0.027851,0.080778,25.927145,0.092837,0.187309,0.435525,0.148662,0.119424,0.6963,1.243995,0.009025,True,CSI_nonSOE,0.02248891329581111,0.013112,0.00937691329581111,3942893398.031413,3942893398.031413,1,0,,
600160.SH,巨化股份,CSI,地方国有企业,材料,化工,材料--化工--基础化工--商品化工,2019,,,,,,,,,,15385300893.0,,0.058389253,895359996.4,2976229.44,target_year,,,,,,,,,,SOE_target,0.068131,0.070288,23.44894781,0.058569237,0.192081294,1.101103205,0.357058844,0.368157629,0.156008094,3.558695124,0.069004854,True,CSI_nonSOE,0.15444231519549514,0.058389253,0.09605306219549514,1477805263.5717359,1477805263.5717359,1,0,,
600160.SH,巨化股份,CSI,地方国有企业,材料,化工,材料--化工--基础化工--商品化工,2020,,,,,,,,,,15691644389.0,,0.009376308,95375175.24,51754515.63,target_year,,,,,,,,,,SOE_target,0.008813999999999999,0.007516,23.4566784,0.057567958,0.180537484,1.012933043,0.300401662,0.441129176,0.14094665,3.51676239,0.114227752,True,CSI_nonSOE,0.15017879214846447,0.009376308,0.14080248414846447,2209422510.345514,2209422510.345514,1,0,,
600160.SH,巨化股份,CSI,地方国有企业,材料,化工,材料--化工--基础化工--商品化工,2021,,,,,,,,,,17894390845.0,,0.063603951,1109093339.0,29060612.11,target_year,,,,,,,,,,SOE_target,0.06406200000000001,0.085906,23.4763942,0.053828028,0.203999831,1.030213477,0.203862432,0.490215989,0.179823706,2.293492469,0.120151089,True,CSI_nonSOE,0.1452813330712884,0.063603951,0.0816773820712884,1461566997.9800303,1461566997.9800303,1,0,,
600160.SH,巨化股份,CSI,地方国有企业,材料,化工,材料--化工--基础化工--商品化工,2022,,,,,,,,,,22626691197.0,,0.10046582,2380732575.0,-107523486.8,target_year,,,,,,,,,,SOE_target,0.134514,0.16531700000000002,23.60775314,0.033818168,0.197245037,1.067433871,0.145556896,0.47974255,0.238189141,1.7330402,0.095100199,True,CSI_nonSOE,0.13607756137140492,0.10046582,0.03561174137140492,805775874.9982085,805775874.9982085,1,0,,
600160.SH,巨化股份,CSI,地方国有企业,材料,化工,材料--化工--基础化工--商品化工,2023,,,,,,,,,,23383806879.39,,0.039421,943505301.47,-21689528.72,target_year,,,,,,,,,,SOE_target,0.046794,0.059823,23.842396,0.029618,0.212868,1.056345,0.129305,0.489276,0.302398,1.596604,0.15415,True,CSI_nonSOE,0.12502559112436656,0.039421,0.08560459112436657,2001761226.841331,2001761226.841331,1,0,,
600160.SH,巨化股份,CSI,地方国有企业,材料,化工,材料--化工--基础化工--商品化工,2024,,,,,,,,,,27913610331.15,,0.071699,1959534855.24,41838704.69,target_year,,,,,,,,,,SOE_target,0.09899699999999999,0.115721,23.87531,0.025104,0.215825,0.893905,0.081446,0.526715,0.299657,1.421695,0.127952,True,CSI_nonSOE,0.11711662613687776,0.071699,0.04541762613687776,1267769918.1506593,1267769918.1506593,1,0,,
600160.SH,巨化股份,CSI,地方国有企业,材料,化工,材料--化工--基础化工--商品化工,2025,,,,,,,,,,38208012673.28,,0.101902,3783228877.44,110248162.07,target_year,,,,,,,,,,SOE_target,0.156815,0.19794899999999999,24.05238,0.029335,0.213171,0.949932,0.10628,0.516944,0.312525,1.595459,0.069399,True,CSI_nonSOE,0.11712537330038968,0.101902,0.01522337330038967,581654839.9913609,581654839.9913609,1,0,,
600161.SH,天坛生物,CSI,中央国有企业,医疗保健,医药生物,医疗保健--医药生物--生物科技Ⅲ--生物科技Ⅳ,2019,,,,,,,,,,6314412346.0,,0.096777628,611093849.3,0.0,target_year,,,,,,,,,,SOE_target,0.179251,0.167189,22.34600895,0.009154301,0.277672488,0.663614746,0.58229648,0.194766146,0.142133659,7.116183644,0.058004009,True,CSI_nonSOE,0.14587174969575478,0.096777628,0.04909412169575478,310000528.15170044,310000528.15170044,1,0,,
600161.SH,天坛生物,CSI,中央国有企业,医疗保健,医药生物,医疗保健--医药生物--生物科技Ⅲ--生物科技Ⅳ,2020,,,,,,,,,,7541051691.0,,0.080718513,639006857.1,-30304376.4,target_year,,,,,,,,,,SOE_target,0.159485,0.151122,22.56610053,0.008736307,0.276190471,0.570658994,0.537566054,0.247020815,0.18007217,6.206630682,0.083337901,True,CSI_nonSOE,0.1360124276530802,0.080718513,0.05529391465308019,416974268.59662,416974268.59662,1,0,,
600161.SH,天坛生物,CSI,中央国有企业,医疗保健,医药生物,医疗保健--医药生物--生物科技Ⅲ--生物科技Ⅳ,2021,,,,,,,,,,11577632332.0,,0.060104193,760012025.0,-64147776.17,target_year,,,,,,,,,,SOE_target,0.129822,0.12092499999999999,22.74362749,0.008525476,0.256105921,0.492054521,0.49287932,0.264855123,0.200250169,4.956767402,0.080745481,True,CSI_nonSOE,0.12884298710595032,0.060104193,0.06873879410595032,795832485.1037415,795832485.1037415,1,0,,
600161.SH,天坛生物,CSI,中央国有企业,医疗保健,医药生物,医疗保健--医药生物--生物科技Ⅲ--生物科技Ⅳ,2022,,,,,,,,,,12940709340.0,,0.06360082,881029002.2,-57989278.24,target_year,,,,,,,,,,SOE_target,0.116343,0.104587,23.17234083,0.0084904,0.230275265,0.425247477,0.581824335,0.223624264,0.113215656,9.320564621,0.0977486,True,CSI_nonSOE,0.12061983241496083,0.06360082,0.057019012414960824,737866466.5158595,737866466.5158595,1,0,,
600161.SH,天坛生物,CSI,中央国有企业,医疗保健,医药生物,医疗保健--医药生物--生物科技Ⅲ--生物科技Ⅳ,2023,,,,,,,,,,14188056936.91,,0.074736,1109888597.22,-49525032.2,target_year,,,,,,,,,,SOE_target,0.132597,0.119225,23.283644,0.007787,0.212266,0.343937,0.472413,0.309779,0.122433,6.282215,0.104633,True,CSI_nonSOE,0.11669318651788552,0.074736,0.04195718651788552,595290951.2283124,595290951.2283124,1,0,,
600161.SH,天坛生物,CSI,中央国有企业,医疗保健,医药生物,医疗保健--医药生物--生物科技Ⅲ--生物科技Ⅳ,2024,,,,,,,,,,15869522217.56,,0.095545,1549164832.24,-32913962.1,target_year,,,,,,,,,,SOE_target,0.167299,0.147812,23.375666,0.008554,0.216978,0.378329,0.4433,0.340882,0.101049,5.915182,0.075947,True,CSI_nonSOE,0.11859117203633768,0.095545,0.023046172036337673,365731739.16037065,365731739.16037065,1,0,,
600161.SH,天坛生物,CSI,中央国有企业,医疗保健,医药生物,医疗保健--医药生物--生物科技Ⅲ--生物科技Ⅳ,2025,,,,,,,,,,16583015601.51,,0.065656,1090837981.2,-2060925.16,target_year,,,,,,,,,,SOE_target,0.112205,0.095379,23.487666,0.009853,0.230555,0.397298,0.416015,0.36459,0.084207,6.892785,0.067262,True,CSI_nonSOE,0.11488238411851603,0.065656,0.04922638411851603,816321895.8432754,816321895.8432754,1,0,,
600176.SH,中国巨石,CSI,中央国有企业,材料,建材Ⅱ,材料--建材Ⅱ--建材Ⅲ--建材Ⅳ,2019,,,,,,,,,,33604242332.0,,0.078703117,2128865280.0,515893338.2,target_year,,,,,,,,,,SOE_target,0.094403,0.142471,24.13673625,0.065989415,0.736746816,0.360641015,-0.166593432,0.677495813,0.51991577,0.589855446,0.199344878,True,CSI_nonSOE,0.05964582827049367,0.078703117,-0.019057288729506336,-640405748.6572233,0.0,0,1,HHI_lag,
600176.SH,中国巨石,CSI,中央国有企业,材料,建材Ⅱ,材料--建材Ⅱ--建材Ⅲ--建材Ⅳ,2020,,,,,,,,,,36737268363.0,,0.078969139,2416110989.0,484999467.5,target_year,,,,,,,,,,SOE_target,0.08114,0.146063,24.23791816,0.057753522,0.764425084,0.326127262,-0.074864208,0.646960783,0.521473005,0.784352158,0.152040284,True,CSI_nonSOE,0.06099141532453141,0.078969139,-0.017977723675468585,-660452459.2215481,0.0,0,1,HHI_lag,
600176.SH,中国巨石,CSI,中央国有企业,材料,建材Ⅱ,材料--建材Ⅱ--建材Ⅲ--建材Ⅳ,2021,,,,,,,,,,43828317485.0,,0.147346744,6028473747.0,429486116.3,target_year,,,,,,,,,,SOE_target,0.190828,0.301392,24.32705756,0.05657087,0.753086611,0.328811274,-0.012078152,0.619425523,0.500610691,0.961569222,0.041692723,True,CSI_nonSOE,0.06627726222303561,0.147346744,-0.0810694817769644,-3553138985.6652174,0.0,0,1,HHI_lag,
600176.SH,中国巨石,CSI,中央国有企业,材料,建材Ⅱ,材料--建材Ⅱ--建材Ⅲ--建材Ⅳ,2022,,,,,,,,,,48633670689.0,,0.141381399,6610015912.0,265880466.9,target_year,,,,,,,,,,SOE_target,0.173891,0.26353000000000004,24.50354596,0.093825706,0.668525521,0.485327071,0.00410086,0.612297252,0.463330844,1.0129454,0.083408369,True,CSI_nonSOE,0.07435345327420814,0.141381399,-0.06702794572579185,-3259815039.3883257,0.0,0,1,HHI_lag,
600176.SH,中国巨石,CSI,中央国有企业,材料,建材Ⅱ,材料--建材Ⅱ--建材Ⅲ--建材Ⅳ,2023,,,,,,,,,,52073958059.2,,0.06291,3044441957.13,231536047.89,target_year,,,,,,,,,,SOE_target,0.073635,0.108267,24.607582,0.116572,0.617588,0.433087,-0.017491,0.687123,0.407869,0.933374,0.114058,True,CSI_nonSOE,0.07507217970092234,0.06291,0.012162179700922343,633332835.6542836,633332835.6542836,1,0,,
600176.SH,中国巨石,CSI,中央国有企业,材料,建材Ⅱ,材料--建材Ⅱ--建材Ⅲ--建材Ⅳ,2024,,,,,,,,,,53378083328.82,,0.04988,2444813278.64,217662066.36,target_year,,,,,,,,,,SOE_target,0.056956,0.083323,24.675931,0.082401,0.650954,0.291024,-0.020449,0.671059,0.42393,0.926322,0.028037,True,CSI_nonSOE,0.06640562650881922,0.04988,0.016525626508819218,882106268.848709,882106268.848709,1,0,,
600176.SH,中国巨石,CSI,中央国有企业,材料,建材Ⅱ,材料--建材Ⅱ--建材Ⅲ--建材Ⅳ,2025,,,,,,,,,,54627103828.07,,0.065924,3285461018.68,315762318.79,target_year,,,,,,,,,,SOE_target,0.08269,0.10748100000000001,24.700666,0.118209,0.525443,0.296385,-0.027947,0.669764,0.410842,0.899525,0.02441,True,CSI_nonSOE,0.0687636453876031,0.065924,0.002839645387603104,155121603.42349485,155121603.42349485,1,0,,
600188.SH,兖矿能源,CSI,地方国有企业,能源,煤炭Ⅱ,能源--煤炭Ⅱ--煤炭Ⅲ--煤炭与消费用燃料,2019,,,,,,,,,,210761000000.0,,0.057600333,9388645000.0,2751234000.0,target_year,,,,,,,,,,SOE_target,0.081058,0.176815,26.05115955,0.129482321,0.3281903,0.334462625,0.025388991,0.267689293,0.577458925,1.087754827,0.049390706,True,CSI_nonSOE,0.028030770421675302,0.057600333,-0.029569562578324694,-6232110578.570291,0.0,1,0,,
600188.SH,兖矿能源,CSI,地方国有企业,能源,煤炭Ⅱ,能源--煤炭Ⅱ--煤炭Ⅲ--煤炭与消费用燃料,2020,,,,,,,,,,273009000000.0,,0.033643654,6318000000.0,2867029000.0,target_year,,,,,,,,,,SOE_target,0.042332,0.11280699999999999,26.07398859,0.125485273,0.293470907,0.325386136,-0.019229621,0.285464889,0.595044725,0.939511468,0.05065633,True,CSI_nonSOE,0.023825024043877305,0.033643654,-0.009818629956122697,-2680574345.6911016,0.0,1,0,,
600188.SH,兖矿能源,CSI,地方国有企业,能源,煤炭Ⅱ,能源--煤炭Ⅱ--煤炭Ⅲ--煤炭与消费用燃料,2021,,,,,,,,,,301959000000.0,,0.073721162,16941435000.0,5319334000.0,target_year,,,,,,,,,,SOE_target,0.102991,0.26773800000000003,26.33277154,0.122009519,0.275297772,0.285768214,-0.164915276,0.309818779,0.662710303,0.561073745,0.025940776,True,CSI_nonSOE,0.00980109988806123,0.073721162,-0.06392006211193878,-19301238035.258923,0.0,1,0,,
600188.SH,兖矿能源,CSI,地方国有企业,能源,煤炭Ⅱ,能源--煤炭Ⅱ--煤炭Ⅲ--煤炭与消费用燃料,2022,,,,,,,,,,308604000000.0,,0.117920884,30407538000.0,5983260000.0,target_year,,,,,,,,,,SOE_target,0.19546399999999997,0.38366700000000004,26.43355711,0.126076761,0.269530745,0.377814407,-0.024272447,0.283932375,0.642479663,0.923876494,0.059214617,True,CSI_nonSOE,0.021411844767001434,0.117920884,-0.09650903923299857,-29783075543.46029,0.0,1,0,,
600188.SH,兖矿能源,CSI,地方国有企业,能源,煤炭Ⅱ,能源--煤炭Ⅱ--煤炭Ⅲ--煤炭与消费用燃料,2023,,,,,,,,,,414317629000.0,,0.051511,17778972000.0,3563014000.0,target_year,,,,,,,,,,SOE_target,0.095581,0.20117200000000002,26.455323,0.166306,0.250024,0.506423,0.01511,0.306255,0.548879,1.05571,0.055648,True,CSI_nonSOE,0.03902571368711361,0.051511,-0.012485286312886389,-5172874222.541241,0.0,1,0,,
600188.SH,兖矿能源,CSI,地方国有企业,能源,煤炭Ⅱ,能源--煤炭Ⅱ--煤炭Ⅲ--煤炭与消费用燃料,2024,,,,,,,,,,356350370000.0,,0.051055,14056067000.0,4137324000.0,target_year,,,,,,,,,,SOE_target,0.08046099999999999,0.193195,26.749899,0.137765,0.263234,0.327655,-0.057889,0.316449,0.597567,0.806057,0.064969,True,CSI_nonSOE,0.022773860616877667,0.051055,-0.028281139383122336,-10077994483.197216,0.0,1,0,,
600188.SH,兖矿能源,CSI,地方国有企业,能源,煤炭Ⅱ,能源--煤炭Ⅱ--煤炭Ⅲ--煤炭与消费用燃料,2025,,,,,,,,,,451972364000.0,,0.027923,8524664000.0,4095650000.0,target_year,,,,,,,,,,SOE_target,0.057912,0.131251,26.59918,0.144603,0.263097,0.323185,-0.054503,0.375712,0.629619,0.834785,0.052579,True,CSI_nonSOE,0.02265212226295199,0.027923,-0.00527087773704801,-2382291071.168559,0.0,1,0,,
600309.SH,万华化学,CSI,地方国有企业,材料,化工,材料--化工--基础化工--商品化工,2019,,,,,,,,,,96865322655.0,,0.117008313,10129985098.0,1204062846.0,target_year,,,,,,,,,,SOE_target,0.153052,0.266079,25.06593632,0.226505092,0.192081294,0.841741027,-0.042060662,0.511890882,0.489675535,0.901909063,0.13364523,True,CSI_nonSOE,0.08238277381290857,0.117008313,-0.034625539187091436,-3354014025.4609585,0.0,1,0,,
600309.SH,万华化学,CSI,地方国有企业,材料,化工,材料--化工--基础化工--商品化工,2020,,,,,,,,,,133753000000.0,,0.083122398,10041428015.0,1076414577.0,target_year,,,,,,,,,,SOE_target,0.101746,0.22034099999999998,25.29658742,0.250213206,0.180537484,0.776561667,-0.220057996,0.635362071,0.546470731,0.524192072,0.183913232,True,CSI_nonSOE,0.06920995437059108,0.083122398,-0.013912443629408924,-1860831072.7643318,0.0,1,0,,
600309.SH,万华化学,CSI,地方国有企业,材料,化工,材料--化工--基础化工--商品化工,2021,,,,,,,,,,190310000000.0,,0.140208439,24648748123.0,2034261425.0,target_year,,,,,,,,,,SOE_target,0.187508,0.420344,25.61925818,0.244652397,0.203999831,0.630976773,-0.206406942,0.595338767,0.613833698,0.594805539,0.173721261,True,CSI_nonSOE,0.051580254385741445,0.140208439,-0.08862818461425855,-16866829813.939545,0.0,1,0,,
600309.SH,万华化学,CSI,地方国有企业,材料,化工,材料--化工--基础化工--商品化工,2022,,,,,,,,,,200843000000.0,,0.086976163,16233626024.0,1234944691.0,target_year,,,,,,,,,,SOE_target,0.099913,0.223384,25.97191796,0.272912546,0.197245037,0.892780517,-0.135100194,0.497004865,0.623268223,0.737650082,0.141871905,True,CSI_nonSOE,0.0540962677817899,0.086976163,-0.032879895218210095,-6603696795.31097,0.0,1,0,,
600309.SH,万华化学,CSI,地方国有企业,材料,化工,材料--化工--基础化工--商品化工,2023,,,,,,,,,,253040390845.31,,0.07308,16815755534.31,1676471684.26,target_year,,,,,,,,,,SOE_target,0.088172,0.203211,26.02579,0.22786,0.212868,0.841883,-0.216511,0.575682,0.595022,0.542349,0.162597,True,CSI_nonSOE,0.05330224417358066,0.07308,-0.019777755826419344,-5004571064.360258,0.0,1,0,,
600309.SH,万华化学,CSI,地方国有企业,材料,化工,材料--化工--基础化工--商品化工,2024,,,,,,,,,,293333349744.25,,0.051571,13033066612.84,2094484339.39,target_year,,,,,,,,,,SOE_target,0.069618,0.14221899999999998,26.256815,0.212902,0.215825,0.768484,-0.184923,0.589702,0.626723,0.569352,0.170322,True,CSI_nonSOE,0.047513332221886764,0.051571,-0.0040576677781132345,-1190249281.5032632,0.0,1,0,,
600309.SH,万华化学,CSI,地方国有企业,材料,化工,材料--化工--基础化工--商品化工,2025,,,,,,,,,,323009018441.98,,0.045222,12527201094.15,2079996797.01,target_year,,,,,,,,,,SOE_target,0.059539,0.123462,26.404576,0.217908,0.213171,0.662497,-0.191224,0.62041,0.647159,0.555115,0.122148,True,CSI_nonSOE,0.04376069448584559,0.045222,-0.0014613055141544096,-472014859.7708687,0.0,1,0,,
600362.SH,江西铜业,CSI,地方国有企业,材料,有色金属,材料--有色金属--其他金属与采矿--铜,2019,,,,,,,,,,134914000000.0,,0.032033864,2437988000.0,1883826000.0,target_year,,,,,,,,,,SOE_target,0.033765,0.047564999999999996,25.3566913,0.27307784,0.167062795,2.140373487,0.227714688,0.209602968,0.494227646,1.50769518,0.024828003,True,CSI_nonSOE,0.11216650873509204,0.032033864,0.08013264473509205,10811015631.790209,10811015631.790209,1,0,,
600362.SH,江西铜业,CSI,地方国有企业,材料,有色金属,材料--有色金属--其他金属与采矿--铜,2020,,,,,,,,,,140882000000.0,,0.02965472,2227704000.0,1950099000.0,target_year,,,,,,,,,,SOE_target,0.037725,0.039549,25.62790275,0.258910733,0.15478921,2.015188426,0.116088129,0.199146181,0.562442458,1.229031729,0.024626941,True,CSI_nonSOE,0.09408684087803337,0.02965472,0.06443212087803338,9077326053.539099,9077326053.539099,1,0,,
600362.SH,江西铜业,CSI,地方国有企业,材料,有色金属,材料--有色金属--其他金属与采矿--铜,2021,,,,,,,,,,161035000000.0,,0.048382962,5772525000.0,2018808000.0,target_year,,,,,,,,,,SOE_target,0.06250499999999999,0.089007,25.67118532,0.286687902,0.159708925,2.304290845,0.154970935,0.181430297,0.52542187,1.387973092,0.025885937,True,CSI_nonSOE,0.0994532714071836,0.048382962,0.0510703094071836,8224107275.385811,8224107275.385811,1,0,,
600362.SH,江西铜业,CSI,地方国有企业,材料,有色金属,材料--有色金属--其他金属与采矿--铜,2022,,,,,,,,,,167331000000.0,,0.047622108,6001476000.0,1967157000.0,target_year,,,,,,,,,,SOE_target,0.057654,0.08375099999999999,25.80488535,0.295819925,0.168216562,2.925410719,0.16153585,0.157166138,0.516812504,1.386929611,0.017832629,True,CSI_nonSOE,0.09814497589741947,0.047622108,0.050522867897419464,8454042008.143096,8454042008.143096,0,1,AssetTurnover_lag,
600362.SH,江西铜业,CSI,地方国有企业,材料,有色金属,材料--有色金属--其他金属与采矿--铜,2023,,,,,,,,,,168150906000.0,,0.053938,6745839000.0,2323801000.0,target_year,,,,,,,,,,SOE_target,0.065317,0.09572599999999999,25.843237,0.27925,0.153058,2.913785,0.140327,0.161812,0.51025,1.320747,0.031766,True,CSI_nonSOE,0.09577256407697068,0.053938,0.041834564076970684,7034519851.657675,7034519851.657675,0,1,AssetTurnover_lag,
600362.SH,江西铜业,CSI,地方国有企业,材料,有色金属,材料--有色金属--其他金属与采矿--铜,2024,,,,,,,,,,193127836000.0,,0.04877,6900987000.0,2517793000.0,target_year,,,,,,,,,,SOE_target,0.063979,0.094945,25.848128,0.30029,0.159476,3.10204,0.188639,0.195189,0.543573,1.451231,0.040507,True,CSI_nonSOE,0.09801328733344106,0.04877,0.049243287333441056,9510249520.23368,9510249520.23368,0,1,AssetTurnover_lag,
600362.SH,江西铜业,CSI,地方国有企业,材料,有色金属,材料--有色金属--其他金属与采矿--铜,2025,,,,,,,,,,218691169000.0,,0.045031,7372829000.0,2475070000.0,target_year,,,,,,,,,,SOE_target,0.053338,0.09261100000000001,25.986618,0.290054,0.15747,2.874502,0.149061,0.19198,0.545368,1.333937,0.034125,True,CSI_nonSOE,0.09258067237662745,0.045031,0.04754967237662745,10398693437.611666,10398693437.611666,0,1,AssetTurnover_lag,
600372.SH,中航机载,CSI,中央国有企业,工业,国防军工,工业--国防军工--航空航天与国防Ⅲ--航空航天,2019,,,,,,,,,,22696700722.0,,0.038537034,556020333.4,318643189.9,target_year,,,,,,,,,,SOE_target,0.041747,0.072201,23.79832538,0.088537078,0.285442207,0.355248156,0.227058738,0.198282525,0.634501425,1.448891967,0.039258305,True,CSI_nonSOE,0.01588296572100678,0.038537034,-0.022654068278993217,-514172607.86406267,0.0,1,0,,
600372.SH,中航机载,CSI,中央国有企业,工业,国防军工,工业--国防军工--航空航天与国防Ⅲ--航空航天,2020,,,,,,,,,,24719896668.0,,0.035788368,630777488.8,253907263.1,target_year,,,,,,,,,,SOE_target,0.030347,0.068315,23.84548541,0.088984862,0.279462147,0.374932205,0.247904795,0.192049706,0.637732538,1.495248109,0.034509268,True,CSI_nonSOE,0.0166926181324345,0.035788368,-0.0190957498675655,-472044963.5241939,0.0,1,0,,
600372.SH,中航机载,CSI,中央国有企业,工业,国防军工,工业--国防军工--航空航天与国防Ⅲ--航空航天,2021,,,,,,,,,,26262648705.0,,0.035448331,798697071.3,132269986.5,target_year,,,,,,,,,,SOE_target,0.038635,0.073063,23.93087429,0.086942312,0.273615357,0.36796172,0.295766718,0.197663982,0.553869032,1.657799537,0.03562793,True,CSI_nonSOE,0.02459928462601582,0.035448331,-0.010849046373984178,-284924693.7042005,0.0,1,0,,
600372.SH,中航机载,CSI,中央国有企业,工业,国防军工,工业--国防军工--航空航天与国防Ⅲ--航空航天,2022,,,,,,,,,,28402468059.0,,0.037133494,871912569.3,182770303.0,target_year,,,,,,,,,,SOE_target,0.039441000000000004,0.074451,23.99141357,0.086550715,0.271325141,0.384612869,0.28014269,0.203234787,0.556326897,1.610303347,0.031237761,True,CSI_nonSOE,0.023286803584563108,0.037133494,-0.013846690415436895,-393280182.24730784,0.0,1,0,,
600372.SH,中航机载,CSI,中央国有企业,工业,国防军工,工业--国防军工--航空航天与国防Ⅲ--航空航天,2023,,,,,,,,,,73523417381.93,,0.027009,1886420594.77,99351150.07,target_year,,,,,,,,,,SOE_target,0.044280999999999994,0.078163,24.069742,0.085827,0.272876,0.407307,0.261113,0.182826,0.555523,1.517513,0.017857,True,CSI_nonSOE,0.02131566259456097,0.027009,-0.005693337405439029,-418593622.35624814,0.0,1,0,,
600372.SH,中航机载,CSI,中央国有企业,工业,国防军工,工业--国防军工--航空航天与国防Ⅲ--航空航天,2024,,,,,,,,,,78120456108.96,,0.014631,1040725755.41,102256730.44,target_year,,,,,,,,,,SOE_target,0.018606,0.028304,25.02087,0.178262,0.247277,0.56487,0.34877,0.173278,0.487307,1.859553,0.019524,True,CSI_nonSOE,0.02604146201505772,0.014631,0.01141046201505772,891390497.030272,891390497.030272,1,0,,
600372.SH,中航机载,CSI,中央国有企业,工业,国防军工,工业--国防军工--航空航天与国防Ⅲ--航空航天,2025,,,,,,,,,,83259234737.86,,0.015266,1067323487.88,203724505.25,target_year,,,,,,,,,,SOE_target,0.020488,0.028304999999999997,25.081518,0.14773,0.253215,0.312028,0.312238,0.166134,0.498049,1.694911,0.025577,True,CSI_nonSOE,0.010564183425228774,0.015266,-0.004701816574771226,-391469649.8932384,0.0,1,0,,
600377.SH,宁沪高速,CSI,地方国有企业,工业,交通运输,工业--交通运输--交通基础设施--公路与铁路,2019,,,,,,,,,,55625048625.0,,0.083808736,4199704372.0,462160618.9,target_year,,,,,,,,,,SOE_target,0.11512800000000001,0.15359899999999999,24.5978513,0.011445846,0.111099702,0.219835426,-0.019645962,0.247119711,0.390527538,0.861772049,0.073607939,True,CSI_nonSOE,0.02257062169979441,0.083808736,-0.061238114300205586,-3406373085.6522436,0.0,1,0,,
600377.SH,宁沪高速,CSI,地方国有企业,工业,交通运输,工业--交通运输--交通基础设施--公路与铁路,2020,,,,,,,,,,61095560365.0,,0.047471427,2464213676.0,436079760.4,target_year,,,,,,,,,,SOE_target,0.062762,0.08683400000000001,24.74189945,0.010413744,0.108646931,0.194207477,-0.127543892,0.294994748,0.412443891,0.459302808,0.087188599,True,CSI_nonSOE,0.012366921194554112,0.047471427,-0.035104505805445885,-2144729453.520112,0.0,1,0,,
600377.SH,宁沪高速,CSI,地方国有企业,工业,交通运输,工业--交通运输--交通基础设施--公路与铁路,2021,,,,,,,,,,67662020722.0,,0.073413497,4178794497.0,788511048.1,target_year,,,,,,,,,,SOE_target,0.096206,0.143011,24.83570504,0.010096948,0.123286456,0.137635792,-0.10632362,0.283636888,0.459056117,0.537101648,0.06948944,True,CSI_nonSOE,0.008321499968203028,0.073413497,-0.06509199703179697,-4404256052.001809,0.0,1,0,,
600377.SH,宁沪高速,CSI,地方国有企业,工业,交通运输,工业--交通运输--交通基础设施--公路与铁路,2022,,,,,,,,,,78458345074.0,,0.061469015,3724115166.0,1098642030.0,target_year,,,,,,,,,,SOE_target,0.077421,0.119802,24.93779087,0.012528305,0.15352339,0.214241167,-0.066822044,0.043427104,0.477404124,0.651384465,0.049049776,True,CSI_nonSOE,0.0007308237828463904,0.061469015,-0.06073819121715361,-4765417965.686034,0.0,1,0,,
600377.SH,宁沪高速,CSI,地方国有企业,工业,交通运输,工业--交通运输--交通基础设施--公路与铁路,2023,,,,,,,,,,78661443944.36,,0.069785,4413271587.29,1076088753.42,target_year,,,,,,,,,,SOE_target,0.085532,0.133881,25.085834,0.011288,0.180808,0.181434,-0.054283,0.104956,0.5163,0.687869,0.051481,True,CSI_nonSOE,-0.0024938828197622054,0.069785,-0.0722788828197622,-5685561289.28769,0.0,1,0,,
600377.SH,宁沪高速,CSI,地方国有企业,工业,交通运输,工业--交通运输--交通基础设施--公路与铁路,2024,,,,,,,,,,89886075247.13,,0.065752,4946691605.41,963483489.08,target_year,,,,,,,,,,SOE_target,0.08614100000000001,0.136302,25.088419,0.012498,0.114556,0.193381,-0.010331,0.097668,0.480196,0.914899,0.048364,True,CSI_nonSOE,0.0023016929209564996,0.065752,-0.0634503070790435,-5703299076.5604105,0.0,1,0,,
600377.SH,宁沪高速,CSI,地方国有企业,工业,交通运输,工业--交通运输--交通基础设施--公路与铁路,2025,,,,,,,,,,96388991421.56,,0.056364,4593870605.31,838994863.39,target_year,,,,,,,,,,SOE_target,0.074415,0.11478999999999999,25.221809,0.016701,0.116886,0.275272,-0.086697,0.082371,0.4467,0.518561,0.120178,True,CSI_nonSOE,-0.00030221314332400107,0.056364,-0.056666213143324,-5461999132.564147,0.0,1,0,,
600406.SH,国电南瑞,CSI,中央国有企业,工业,电气设备,工业--电气设备--电气设备Ⅲ--电气部件与设备,2019,,,,,,,,,,57424875019.0,,0.076932332,4343067281.0,74762257.48,target_year,,,,,,,,,,SOE_target,0.09559799999999999,0.148972,24.68102405,0.080040228,0.075162529,0.57528482,0.358267037,0.151511094,0.438641589,1.831750321,0.032746689,True,CSI_nonSOE,0.0812590989062294,0.076932332,0.004326766906229393,248464048.8265682,248464048.8265682,1,0,,
600406.SH,国电南瑞,CSI,中央国有企业,工业,电气设备,工业--电气设备--电气设备Ⅲ--电气部件与设备,2020,,,,,,,,,,65962017470.0,,0.074601339,4851540712.0,69314111.2,target_year,,,,,,,,,,SOE_target,0.09493700000000001,0.150043,24.77374341,0.074581189,0.069863037,0.587178263,0.318429201,0.189080259,0.431386914,1.751891674,0.051007372,True,CSI_nonSOE,0.07895551044976426,0.074601339,0.0043541714497642575,287209933.2367252,287209933.2367252,1,0,,
600406.SH,国电南瑞,CSI,中央国有企业,工业,电气设备,工业--电气设备--电气设备Ⅲ--电气部件与设备,2021,,,,,,,,,,72732951414.0,,0.07585696,5642448312.0,-125147720.6,target_year,,,,,,,,,,SOE_target,0.097209,0.156425,24.91234492,0.074747547,0.069189957,0.620771318,0.300420686,0.175602059,0.448290308,1.709676587,0.052515301,True,CSI_nonSOE,0.07494093632727158,0.07585696,-0.0009160236727284166,-66625105.28262976,0.0,1,0,,
600406.SH,国电南瑞,CSI,中央国有企业,工业,电气设备,工业--电气设备--电气设备Ⅲ--电气部件与设备,2022,,,,,,,,,,76665557522.0,,0.077997441,6446181151.0,-466463828.2,target_year,,,,,,,,,,SOE_target,0.099314,0.160227,25.01006037,0.057367108,0.081262738,0.608389809,0.291924688,0.171913904,0.442584907,1.696586324,0.027723262,True,CSI_nonSOE,0.0720646126533843,0.077997441,-0.005932828346615696,-454843592.87561774,0.0,1,0,,
600406.SH,国电南瑞,CSI,中央国有企业,工业,电气设备,工业--电气设备--电气设备Ⅲ--电气部件与设备,2023,,,,,,,,,,86087418302.42,,0.077922,7183687344.52,-475609422.41,target_year,,,,,,,,,,SOE_target,0.099833,0.160248,25.062718,0.035944,0.108841,0.622681,0.332505,0.15197,0.408361,1.830446,0.044547,True,CSI_nonSOE,0.07497614745638251,0.077922,-0.002945852543617497,-253600840.17964742,0.0,1,0,,
600406.SH,国电南瑞,CSI,中央国有企业,工业,电气设备,工业--电气设备--电气设备Ⅲ--电气部件与设备,2024,,,,,,,,,,92705313123.25,,0.076956,7610121306.96,-475852442.3,target_year,,,,,,,,,,SOE_target,0.096785,0.157861,25.178629,0.034286,0.112299,0.629757,0.372577,0.120765,0.414795,1.912763,0.022668,True,CSI_nonSOE,0.0744146763987505,0.076956,-0.0025413236012494927,-235594200.20133954,0.0,1,0,,
600406.SH,国电南瑞,CSI,中央国有企业,工业,电气设备,工业--电气设备--电气设备Ⅲ--电气部件与设备,2025,,,,,,,,,,98585657661.02,,0.082259,8278971723.32,-169421300.09,target_year,,,,,,,,,,SOE_target,0.100888,0.16253900000000002,25.252692,0.042088,0.107313,0.637413,0.388622,0.100528,0.431145,1.917368,0.019759,True,CSI_nonSOE,0.07292888264202556,0.082259,-0.00933011735797444,-919815755.7904086,0.0,1,0,,
600415.SH,小商品城,CSI,地方国有企业,工业,企业服务,工业--企业服务--商业服务与用品--综合支持服务,2019,,,,,,,,,,31323233994.0,,0.0538665,1255276024.0,431996964.5,target_year,,,,,,,,,,SOE_target,0.06334,0.101303,24.01456867,1.0,1.0,0.132252563,-0.039002537,0.230567379,0.560046211,0.920067909,0.016351929,True,CSI_nonSOE,0.04331265320269548,0.0538665,-0.01055384679730452,-330580612.768797,0.0,0,2,"HHI_lag, MarketShare_lag",
600415.SH,小商品城,CSI,地方国有企业,工业,企业服务,工业--企业服务--商业服务与用品--综合支持服务,2020,,,,,,,,,,28750127147.0,,0.038563878,926626706.4,182089699.3,target_year,,,,,,,,,,SOE_target,0.053391,0.069727,24.16762596,1.0,1.0,0.129631555,0.079354983,0.180363677,0.582281348,1.192794216,0.030387059,True,CSI_nonSOE,0.044254168529498955,0.038563878,0.005690290529498952,163596576.22646484,163596576.22646484,0,2,"HHI_lag, MarketShare_lag",
600415.SH,小商品城,CSI,地方国有企业,工业,企业服务,工业--企业服务--商业服务与用品--综合支持服务,2021,,,,,,,,,,31014635513.0,,0.048815906,1334095907.0,179911613.7,target_year,,,,,,,,,,SOE_target,0.061460999999999995,0.094721,24.08190803,1.0,1.0,0.118515097,-0.033032909,0.21624898,0.527838284,0.914368028,0.042161709,True,CSI_nonSOE,0.04435163379571623,0.048815906,-0.004464272204283769,-138457775.24667817,0.0,0,2,"HHI_lag, MarketShare_lag",
600415.SH,小商品城,CSI,地方国有企业,工业,企业服务,工业--企业服务--商业服务与用品--综合支持服务,2022,,,,,,,,,,32111004317.0,,0.043093729,1104719092.0,279063831.1,target_year,,,,,,,,,,SOE_target,0.041082,0.073961,24.15772504,1.0,1.0,0.196506553,-0.200120846,0.198911539,0.528260067,0.589122806,0.065860094,True,CSI_nonSOE,0.035077412035642866,0.043093729,-0.008016316964357131,-257411988.6489122,0.0,0,2,"HHI_lag, MarketShare_lag",
600415.SH,小商品城,CSI,地方国有企业,工业,企业服务,工业--企业服务--商业服务与用品--综合支持服务,2023,,,,,,,,,,36218947000.0,,0.079221,2676182000.0,193111000.0,target_year,,,,,,,,,,SOE_target,0.096951,0.162436,24.192465,1.0,1.0,0.235112,-0.222906,0.251657,0.524117,0.423328,0.128146,True,CSI_nonSOE,0.036867741861165204,0.079221,-0.042353258138834796,-1533990411.8077762,0.0,0,2,"HHI_lag, MarketShare_lag",
600415.SH,小商品城,CSI,地方国有企业,工业,企业服务,工业--企业服务--商业服务与用品--综合支持服务,2024,,,,,,,,,,39168461000.0,,0.082095,3073677000.0,141845000.0,target_year,,,,,,,,,,SOE_target,0.108774,0.160959,24.312848,1.0,1.0,0.330185,-0.197133,0.203438,0.511197,0.480069,0.072549,True,CSI_nonSOE,0.03866301483952435,0.082095,-0.04343198516047565,-1701164016.9106693,0.0,0,2,"HHI_lag, MarketShare_lag",
600415.SH,小商品城,CSI,地方国有企业,工业,企业服务,工业--企业服务--商业服务与用品--综合支持服务,2025,,,,,,,,,,44405436000.0,,0.096453,4203547000.0,79493000.0,target_year,,,,,,,,,,SOE_target,0.128412,0.193482,24.391138,1.0,1.0,0.410543,-0.200038,0.189302,0.47477,0.554038,0.038303,True,CSI_nonSOE,0.043351825134434,0.096453,-0.053101174865565995,-2357980822.0176992,0.0,0,2,"HHI_lag, MarketShare_lag",
600426.SH,华鲁恒升,CSI,地方国有企业,材料,化工,材料--化工--农用化工--化肥与农用药剂,2019,,,,,,,,,,18187250698.0,,0.144365746,2453030877.0,172585138.5,target_year,,,,,,,,,,SOE_target,0.165545,0.18654800000000002,23.64948878,0.053759205,0.192081294,0.822311198,0.018175969,0.706377359,0.353168815,1.085255392,0.069000749,True,CSI_nonSOE,0.11600153799409446,0.144365746,-0.028364208005905528,-515866961.8536225,0.0,1,0,,
600426.SH,华鲁恒升,CSI,地方国有企业,材料,化工,材料--化工--农用化工--化肥与农用药剂,2020,,,,,,,,,,20549289346.0,,0.092689026,1798376502.0,106317113.0,target_year,,,,,,,,,,SOE_target,0.10961399999999999,0.121104,23.62398667,0.052275357,0.180537484,0.765221932,0.058111226,0.68506024,0.217518294,1.434260146,0.102025627,True,CSI_nonSOE,0.12650012565501798,0.092689026,0.03381109965501798,694794069.9174052,694794069.9174052,1,0,,
600426.SH,华鲁恒升,CSI,地方国有企业,材料,化工,材料--化工--农用化工--化肥与农用药剂,2021,,,,,,,,,,28653178698.0,,0.256996505,7254167061.0,109599732.9,target_year,,,,,,,,,,SOE_target,0.350209,0.384587,23.7460922,0.043768215,0.203999831,0.672039958,-0.021759985,0.716394492,0.238479061,0.879608179,0.127291765,True,CSI_nonSOE,0.11448777153947572,0.256996505,-0.14250873346052428,-4083328205.8700542,0.0,1,0,,
600426.SH,华鲁恒升,CSI,地方国有企业,材料,化工,材料--化工--农用化工--化肥与农用药剂,2022,,,,,,,,,,35005445704.0,,0.181349031,6289374659.0,58829004.27,target_year,,,,,,,,,,SOE_target,0.232823,0.25577500000000003,24.07853022,0.04999619,0.197245037,1.077208247,0.145599252,0.604131887,0.207575966,1.988796587,0.128166895,True,CSI_nonSOE,0.1347927249327813,0.181349031,-0.046556306067218695,-1629724244.2148297,0.0,1,0,,
600426.SH,华鲁恒升,CSI,地方国有企业,材料,化工,材料--化工--农用化工--化肥与农用药剂,2023,,,,,,,,,,44051457552.57,,0.082722,3575898630.37,68124308.2,target_year,,,,,,,,,,SOE_target,0.10829599999999999,0.128136,24.278769,0.041555,0.212868,0.943401,0.143146,0.588965,0.202385,2.403407,0.199116,True,CSI_nonSOE,0.12397570472599537,0.082722,0.04125370472599536,1817285822.6234412,1817285822.6234412,1,0,,
600426.SH,华鲁恒升,CSI,地方国有企业,材料,化工,材料--化工--农用化工--化肥与农用药剂,2024,,,,,,,,,,46657911907.48,,0.088364,3902593305.73,220305651.56,target_year,,,,,,,,,,SOE_target,0.115422,0.130283,24.508624,0.033045,0.215825,0.684814,0.048453,0.729643,0.309044,1.368756,0.197735,True,CSI_nonSOE,0.09849260613895228,0.088364,0.010128606138952279,472579612.97679657,472579612.97679657,1,0,,
600426.SH,华鲁恒升,CSI,地方国有企业,材料,化工,材料--化工--农用化工--化肥与农用药剂,2025,,,,,,,,,,49177377189.73,,0.072767,3315494470.04,262996143.83,target_year,,,,,,,,,,SOE_target,0.09444000000000001,0.10345,24.566108,0.040966,0.213171,0.750189,0.039628,0.747737,0.296416,1.334617,0.108893,True,CSI_nonSOE,0.10190872410801033,0.072767,0.02914172410801033,1433113558.418672,1433113558.418672,0,1,FixedAssetsRatio_lag,
600436.SH,片仔癀,CSI,地方国有企业,医疗保健,医药生物,医疗保健--医药生物--制药--中药,2019,,,,,,,,,,8810796391.0,,0.159521104,1374376824.0,31131145.29,target_year,,,,,,,,,,SOE_target,0.206961,0.235988,22.61904861,0.014921144,0.277672488,0.767580889,0.591842655,0.035469812,0.202792045,4.055176811,0.011150241,True,CSI_nonSOE,0.14379754239605536,0.159521104,-0.01572356160394464,-138537099.8337016,0.0,1,0,,
600436.SH,片仔癀,CSI,地方国有企业,医疗保健,医药生物,医疗保健--医药生物--制药--中药,2020,,,,,,,,,,10205569714.0,,0.15789427,1671518667.0,-60117690.48,target_year,,,,,,,,,,SOE_target,0.208126,0.230657,22.89924367,0.015270738,0.276190471,0.733929094,0.636185727,0.027324402,0.208952607,4.208536053,0.007426797,True,CSI_nonSOE,0.13955435777885006,0.15789427,-0.018339912221149945,-187169252.72158635,0.0,1,0,,
600436.SH,片仔癀,CSI,地方国有企业,医疗保健,医药生物,医疗保健--医药生物--制药--中药,2021,,,,,,,,,,12495334742.0,,0.187847669,2431454745.0,-84235237.62,target_year,,,,,,,,,,SOE_target,0.252767,0.276818,23.04619946,0.016150361,0.256105921,0.679157303,0.63648568,0.025648201,0.19097554,4.608033642,0.041057092,True,CSI_nonSOE,0.13496465184596979,0.187847669,-0.05288301715403021,-660791001.5065356,0.0,1,0,,
600436.SH,片仔癀,CSI,地方国有企业,医疗保健,医药生物,医疗保健--医药生物--制药--中药,2022,,,,,,,,,,14603844518.0,,0.165023006,2472344732.0,-62374415.78,target_year,,,,,,,,,,SOE_target,0.21976600000000002,0.23507,23.24862119,0.016603444,0.230275265,0.700368482,0.679961024,0.022322156,0.188757291,4.975676054,0.007376102,True,CSI_nonSOE,0.13471321522290677,0.165023006,-0.030309790777093226,-442639471.88177985,0.0,1,0,,
600436.SH,片仔癀,CSI,地方国有企业,医疗保健,医药生物,医疗保健--医药生物--制药--中药,2023,,,,,,,,,,17080413435.81,,0.16331,2797351515.7,-7953890.04,target_year,,,,,,,,,,SOE_target,0.21265499999999998,0.226449,23.404551,0.015924,0.212266,0.636332,0.69808,0.022027,0.190354,5.061318,0.012009,True,CSI_nonSOE,0.13020698309246148,0.16331,-0.03310301690753853,-565413214.7533667,0.0,1,0,,
600436.SH,片仔癀,CSI,地方国有企业,医疗保健,医药生物,医疗保健--医药生物--制药--中药,2024,,,,,,,,,,17539661657.5,,0.169484,2977002486.34,-4319056.56,target_year,,,,,,,,,,SOE_target,0.20418299999999998,0.21535,23.561198,0.016631,0.216978,0.629831,0.715259,0.027513,0.185002,5.237409,0.008306,True,CSI_nonSOE,0.12755728542728423,0.169484,-0.04192671457271577,-735380388.0160092,0.0,1,0,,
600436.SH,片仔癀,CSI,地方国有企业,医疗保健,医药生物,医疗保健--医药生物--制药--中药,2025,,,,,,,,,,17560037344.69,,0.124081,2158633048.42,20226793.2,target_year,,,,,,,,,,SOE_target,0.145759,0.149847,23.587731,0.017688,0.230555,0.619207,0.510557,0.07495,0.15399,4.772412,0.060907,True,CSI_nonSOE,0.11898385780785758,0.124081,-0.005097142192142412,-89506007.2452158,0.0,1,0,,
600482.SH,中国动力,CSI,中央国有企业,工业,机械,工业--机械--机械Ⅲ--建筑机械与重型卡车,2019,,,,,,,,,,56015704188.0,,0.021066248,991122501.3,188918210.8,target_year,,,,,,,,,,SOE_target,0.021861000000000002,0.037224,24.7699628,0.051930912,0.247583643,0.576793352,0.332161962,0.199063948,0.459162622,1.846252165,0.025847307,True,CSI_nonSOE,0.07820608437879284,0.021066248,0.057139836378792844,3200728171.945181,3200728171.945181,1,0,,
600482.SH,中国动力,CSI,中央国有企业,工业,机械,工业--机械--机械Ⅲ--建筑机械与重型卡车,2020,,,,,,,,,,58744689010.0,,0.009974478,542857007.1,43090612.38,target_year,,,,,,,,,,SOE_target,0.01155,0.017203,24.74889792,0.045077149,0.225950341,0.517407526,0.411757521,0.217079015,0.347135411,2.466997135,0.033752662,True,CSI_nonSOE,0.08922653316476933,0.009974478,0.07925205516476934,4655637334.057739,4655637334.057739,1,0,,
600482.SH,中国动力,CSI,中央国有企业,工业,机械,工业--机械--机械Ⅲ--建筑机械与重型卡车,2021,,,,,,,,,,62005997289.0,,0.01022811,613048770.5,21155409.87,target_year,,,,,,,,,,SOE_target,0.012637,0.017034,24.79646659,0.034860421,0.195497669,0.464410462,0.42441873,0.214387711,0.377798653,2.605407503,0.020669161,True,CSI_nonSOE,0.08381898126734097,0.01022811,0.07359087126734097,4563075364.297893,4563075364.297893,1,0,,
600482.SH,中国动力,CSI,中央国有企业,工业,机械,工业--机械--机械Ⅲ--建筑机械与重型卡车,2022,,,,,,,,,,85867792662.0,,0.002736134,332687082.9,-97741320.07,target_year,,,,,,,,,,SOE_target,0.004758,0.009274,24.85049695,0.03483963,0.187780789,0.460886734,0.397369649,0.199766574,0.403258915,2.328060964,0.018590468,True,CSI_nonSOE,0.07905972021778013,0.002736134,0.07632358621778013,6553737876.5686245,6553737876.5686245,1,0,,
600482.SH,中国动力,CSI,中央国有企业,工业,机械,工业--机械--机械Ⅲ--建筑机械与重型卡车,2023,,,,,,,,,,99119595878.61,,0.007033,779487252.58,-82406541.23,target_year,,,,,,,,,,SOE_target,0.011656999999999999,0.021549,25.176075,0.051108,0.187488,0.511977,0.349594,0.199063,0.468309,1.976542,0.014988,True,CSI_nonSOE,0.06870851602123726,0.007033,0.06167551602123726,6113252223.629774,6113252223.629774,1,0,,
600482.SH,中国动力,CSI,中央国有企业,工业,机械,工业--机械--机械Ⅲ--建筑机械与重型卡车,2024,,,,,,,,,,108947127910.61,,0.010127,1390869974.66,-287585557.51,target_year,,,,,,,,,,SOE_target,0.024444,0.036613,25.319593,0.054734,0.188674,0.481903,0.349827,0.171566,0.522741,1.897556,0.009325,True,CSI_nonSOE,0.060241172381491445,0.010127,0.05011417238149145,5459795148.580708,5459795148.580708,1,0,,
600482.SH,中国动力,CSI,中央国有企业,工业,机械,工业--机械--机械Ⅲ--建筑机械与重型卡车,2025,,,,,,,,,,116795591158.73,,0.007841,1300885777.44,-385069662.69,target_year,,,,,,,,,,SOE_target,0.031677,0.032863,25.414129,0.060583,0.187309,0.491489,0.33477,0.156553,0.532312,1.790372,0.009973,True,CSI_nonSOE,0.05727466407398291,0.007841,0.04943366407398291,5773634018.662908,5773634018.662908,1,0,,
600489.SH,中金黄金,CSI,中央国有企业,材料,有色金属,材料--有色金属--贵金属--黄金,2019,,,,,,,,,,40021635913.0,,0.017765359,178768317.4,532230416.5,target_year,,,,,,,,,,SOE_target,0.025233,0.013075000000000002,24.36223375,0.043496677,0.167062795,0.892001272,0.01554923,0.387881826,0.492146907,1.040654121,0.033759896,True,CSI_nonSOE,0.08277827767573466,0.017765359,0.06501291867573467,2601923360.881731,2601923360.881731,1,0,,
600489.SH,中金黄金,CSI,中央国有企业,材料,有色金属,材料--有色金属--贵金属--黄金,2020,,,,,,,,,,45802747112.0,,0.045389079,1554638623.0,524305866.0,target_year,,,,,,,,,,SOE_target,0.056073000000000005,0.083728,24.41268604,0.041780262,0.15478921,0.990385297,0.011202003,0.36927657,0.502667595,1.027067204,0.039977449,True,CSI_nonSOE,0.08369531160792561,0.045389079,0.03830623260792561,1754530684.9542649,1754530684.9542649,1,0,,
600489.SH,中金黄金,CSI,中央国有企业,材料,有色金属,材料--有色金属--贵金属--黄金,2021,,,,,,,,,,47631293984.0,,0.045137813,1697836681.0,452135778.8,target_year,,,,,,,,,,SOE_target,0.054226,0.070368,24.54760991,0.042820805,0.159708925,1.10601035,0.088210639,0.38329592,0.442747709,1.268584014,0.035541924,True,CSI_nonSOE,0.09580166549947167,0.045137813,0.05066385249947167,2413184852.764348,2413184852.764348,1,0,,
600489.SH,中金黄金,CSI,中央国有企业,材料,有色金属,材料--有色金属--贵金属--黄金,2022,,,,,,,,,,48642313052.0,,0.052378211,2117139779.0,430657534.4,target_year,,,,,,,,,,SOE_target,0.063318,0.08348499999999999,24.58675582,0.037165564,0.168216562,1.187630737,0.117843859,0.353493946,0.43478337,1.364867896,0.026935395,True,CSI_nonSOE,0.0995059753511714,0.052378211,0.04712776435117139,2292403467.010565,2292403467.010565,1,0,,
600489.SH,中金黄金,CSI,中央国有企业,材料,有色金属,材料--有色金属--贵金属--黄金,2023,,,,,,,,,,52680243371.36,,0.064674,2977855387.68,429181525.57,target_year,,,,,,,,,,SOE_target,0.084982,0.11501099999999999,24.60776,0.032911,0.153058,1.171252,0.116913,0.327818,0.424304,1.329625,0.023062,True,CSI_nonSOE,0.09829838910103383,0.064674,0.03362438910103384,1771341001.0557673,1771341001.0557673,1,0,,
600489.SH,中金黄金,CSI,中央国有企业,材料,有色金属,材料--有色金属--贵金属--黄金,2024,,,,,,,,,,55638663702.8,,0.066961,3385988472.81,339639762.12,target_year,,,,,,,,,,SOE_target,0.10135999999999999,0.12705,24.687506,0.034818,0.159476,1.190882,0.10582,0.311803,0.416555,1.365398,0.030848,True,CSI_nonSOE,0.09698712501047163,0.066961,0.030026125010471624,1670613471.755863,1670613471.755863,1,0,,
600489.SH,中金黄金,CSI,中央国有企业,材料,有色金属,材料--有色金属--贵金属--黄金,2025,,,,,,,,,,62550961213.58,,0.083675,4933582739.46,300387884.18,target_year,,,,,,,,,,SOE_target,0.129625,0.17095,24.742144,0.036012,0.15747,1.190325,0.137993,0.305226,0.414573,1.509469,0.043272,True,CSI_nonSOE,0.0976515714306072,0.083675,0.013976571430607196,874247977.4547411,874247977.4547411,1,0,,
600515.SH,海南机场,CSI,地方国有企业,房地产,房地产Ⅱ,房地产--房地产Ⅱ--房地产管理和开发--房地产开发,2019,,,,,,,,,,81523299957.0,,0.010411302,-1212912199.0,2061675899.0,target_year,,,,,,,,,,SOE_target,0.006821000000000001,-0.044611,25.26597659,0.017200231,0.396279334,0.104359404,0.160150595,0.0800513,0.608602648,1.37645289,0.007813703,True,CSI_nonSOE,0.018047719262458753,0.010411302,0.007636417262458752,622545935.0842377,622545935.0842377,1,0,,
600515.SH,海南机场,CSI,地方国有企业,房地产,房地产Ⅱ,房地产--房地产Ⅱ--房地产管理和开发--房地产开发,2020,,,,,,,,,,57434499260.0,,-0.087684698,-7736830873.0,2700704149.0,target_year,,,,,,,,,,SOE_target,-0.106265,-0.5050979999999999,25.12415471,0.014972514,0.408200157,0.116158179,0.013623708,0.095212169,0.656139885,1.028301094,0.004837668,True,CSI_nonSOE,0.00808859781594512,-0.087684698,0.09577329581594513,5500691287.668661,5500691287.668661,1,0,,
600515.SH,海南机场,CSI,地方国有企业,房地产,房地产Ⅱ,房地产--房地产Ⅱ--房地产管理和开发--房地产开发,2021,,,,,,,,,,61168928318.0,,0.01204503,463289691.7,273491895.7,target_year,,,,,,,,,,SOE_target,0.01861,0.034881,24.77391099,0.00691795,0.406330004,0.076628603,-0.277082839,0.131787007,0.858026092,0.632679943,0.007158523,True,CSI_nonSOE,-0.002422902727795523,0.01204503,-0.014467932727795523,-884987939.9361706,0.0,0,2,"FinancialLeverage_lag, AssetTurnover_lag",
600515.SH,海南机场,CSI,地方国有企业,房地产,房地产Ⅱ,房地产--房地产Ⅱ--房地产管理和开发--房地产开发,2022,,,,,,,,,,56125450012.0,,0.043689221,1856312763.0,595764415.3,target_year,,,,,,,,,,SOE_target,0.04491799999999999,0.088987,24.83690519,0.004902934,0.390202805,0.072534082,0.184552862,0.150839679,0.667156035,1.611567449,0.005480548,True,CSI_nonSOE,0.02337859842705503,0.043689221,-0.02031062257294497,-1139942831.9304218,0.0,0,1,AssetTurnover_lag,
600515.SH,海南机场,CSI,地方国有企业,房地产,房地产Ⅱ,房地产--房地产Ⅱ--房地产管理和开发--房地产开发,2023,,,,,,,,,,55794608066.78,,0.025982,952777304.64,496899788.07,target_year,,,,,,,,,,SOE_target,0.035449,0.041847,24.750855,0.004452,0.393852,0.07221,0.236873,0.172597,0.575791,2.203911,0.008616,True,CSI_nonSOE,0.03503352900216643,0.025982,0.009051529002166426,505026513.08096796,505026513.08096796,0,1,AssetTurnover_lag,
600515.SH,海南机场,CSI,地方国有企业,房地产,房地产Ⅱ,房地产--房地产Ⅱ--房地产管理和开发--房地产开发,2024,,,,,,,,,,53691111395.9,,0.016317,458501533.62,417578946.82,target_year,,,,,,,,,,SOE_target,0.015396,0.019660999999999998,24.744943,0.006362,0.37554,0.111115,0.227801,0.194336,0.555888,2.334503,0.029745,True,CSI_nonSOE,0.03634808416622194,0.016317,0.02003108416622194,1075491171.3492708,1075491171.3492708,1,0,,
600515.SH,海南机场,CSI,地方国有企业,房地产,房地产Ⅱ,房地产--房地产Ⅱ--房地产管理和开发--房地产开发,2025,,,,,,,,,,59718688955.05,,0.011697,218564398.53,479944246.33,target_year,,,,,,,,,,SOE_target,0.012048000000000001,0.009284,24.706513,0.004902,0.353891,0.073869,0.191783,0.205811,0.521749,1.962012,0.01083,True,CSI_nonSOE,0.03871330660927959,0.011697,0.02701630660927959,1613378411.1138294,1613378411.1138294,0,1,AssetTurnover_lag,
600519.SH,贵州茅台,CSI,地方国有企业,日常消费,食品饮料,日常消费--食品饮料--饮料--白酒与葡萄酒,2019,,,,,,,,,,183042000000.0,,0.225160593,41206471014.0,7458015.66,target_year,,,,,,,,,,SOE_target,0.342866,0.331177,25.79748091,0.093352251,0.118716357,0.423491305,0.596969869,0.107621129,0.265493085,3.248532646,0.010051821,True,CSI_nonSOE,0.09416962072682313,0.225160593,-0.13099097227317685,-23976849546.82684,0.0,1,0,,
600519.SH,贵州茅台,CSI,地方国有企业,日常消费,食品饮料,日常消费--食品饮料--饮料--白酒与葡萄酒,2020,,,,,,,,,,213396000000.0,,0.217730024,46697285430.0,-234610582.4,target_year,,,,,,,,,,SOE_target,0.33395800000000003,0.314108,25.9329835,0.094875943,0.109737598,0.424022183,0.64428346,0.096497444,0.224898702,3.869839489,0.017202928,True,CSI_nonSOE,0.09642661589384721,0.217730024,-0.12130340810615278,-25885662076.22058,0.0,1,0,,
600519.SH,贵州茅台,CSI,地方国有企业,日常消费,食品饮料,日常消费--食品饮料--饮料--白酒与葡萄酒,2021,,,,,,,,,,255168000000.0,,0.205643475,52460144378.0,13529867.76,target_year,,,,,,,,,,SOE_target,0.314138,0.299036,26.08641454,0.089343891,0.106852675,0.408784356,0.655957044,0.087501848,0.214039476,4.064752303,0.009792927,True,CSI_nonSOE,0.09538982922468407,0.205643475,-0.11025364577531592,-28133202285.195812,0.0,1,0,,
600519.SH,贵州茅台,CSI,地方国有企业,日常消费,食品饮料,日常消费--食品饮料--饮料--白酒与葡萄酒,2022,,,,,,,,,,254365000000.0,,0.24660828,62716443738.0,12023204.77,target_year,,,,,,,,,,SOE_target,0.338499,0.324077,26.26518875,0.087555949,0.106913309,0.387932853,0.63821226,0.077572997,0.22812674,3.811942633,0.013358971,True,CSI_nonSOE,0.09241762369253478,0.24660828,-0.15419065630746523,-39220706291.64839,0.0,1,0,,
600519.SH,贵州茅台,CSI,地方国有企业,日常消费,食品饮料,日常消费--食品饮料--饮料--白酒与葡萄酒,2023,,,,,,,,,,272699660092.25,,0.26749,74734071550.75,-1789503701.48,target_year,,,,,,,,,,SOE_target,0.393358,0.361755,26.262035,0.086572,0.105461,0.414513,0.658683,0.086297,0.19421,4.414725,0.020862,True,CSI_nonSOE,0.0962420718702748,0.26749,-0.17124792812972522,-46699251792.47813,0.0,1,0,,
600519.SH,贵州茅台,CSI,地方国有企业,日常消费,食品饮料,日常消费--食品饮料--饮料--白酒与葡萄酒,2024,,,,,,,,,,298944579918.7,,0.283524,86228146421.62,-1470219863.34,target_year,,,,,,,,,,SOE_target,0.413433,0.384283,26.331637,0.099153,0.100594,0.476069,0.64714,0.080846,0.179843,4.623892,0.009607,True,CSI_nonSOE,0.09908921910747569,0.283524,-0.1844347808925243,-55135778096.313156,0.0,1,0,,
600519.SH,贵州茅台,CSI,地方国有企业,日常消费,食品饮料,日常消费--食品饮料--饮料--白酒与葡萄酒,2025,,,,,,,,,,303834844021.44,,0.268254,82320067101.68,-815240284.72,target_year,,,,,,,,,,SOE_target,0.378049,0.34462000000000004,26.423524,0.11272,0.097008,0.503715,0.653,0.080353,0.190448,4.454079,0.015651,True,CSI_nonSOE,0.10069184052461964,0.268254,-0.16756215947538033,-50911222588.09784,0.0,1,0,,
600547.SH,山东黄金,CSI,地方国有企业,材料,有色金属,材料--有色金属--贵金属--黄金,2019,,,,,,,,,,58848726000.0,,0.034295033,1290503000.0,727716000.0,target_year,,,,,,,,,,SOE_target,0.052248,0.057457,24.54342986,0.069783967,0.167062795,1.234748067,-0.168747226,0.506074265,0.481784636,0.460910124,0.079974587,True,CSI_nonSOE,0.08825073432443188,0.034295033,0.05395570132443188,3175224283.3793287,3175224283.3793287,1,0,,
600547.SH,山东黄金,CSI,地方国有企业,材料,有色金属,材料--有色金属--贵金属--黄金,2020,,,,,,,,,,64461691000.0,,0.046063033,2231533000.0,737768000.0,target_year,,,,,,,,,,SOE_target,0.062424,0.09291,24.79823602,0.06766359,0.15478921,1.198791734,-0.247137126,0.442311427,0.557028218,0.41604487,0.087074323,True,CSI_nonSOE,0.07404281825102861,0.046063033,0.027979785251028608,1803624271.0981636,1803624271.0981636,1,0,,
600547.SH,山东黄金,CSI,地方国有企业,材料,有色金属,材料--有色金属--贵金属--黄金,2021,,,,,,,,,,79036550000.0,,0.006070812,-221301000.0,701117000.0,target_year,,,,,,,,,,SOE_target,0.008607,-0.009239,24.88933695,0.057422438,0.159708925,1.032278579,-0.191698943,0.44392585,0.505781116,0.516050317,0.084631149,True,CSI_nonSOE,0.06987680765026973,0.006070812,0.06380599565026973,5043005765.512326,5043005765.512326,1,0,,
600547.SH,山东黄金,CSI,地方国有企业,材料,有色金属,材料--有色金属--贵金属--黄金,2022,,,,,,,,,,91216092000.0,,0.024132694,1191359000.0,1009931000.0,target_year,,,,,,,,,,SOE_target,0.033211,0.051716,25.09317624,0.022730128,0.168216562,0.472934661,-0.262458167,0.399789604,0.595619002,0.407525779,0.065528784,True,CSI_nonSOE,0.0348290105224279,0.024132694,0.0106963165224279,975676191.9709034,975676191.9709034,1,0,,
600547.SH,山东黄金,CSI,地方国有企业,材料,有色金属,材料--有色金属--贵金属--黄金,2023,,,,,,,,,,135018841000.0,,0.02814,2267383000.0,1532106000.0,target_year,,,,,,,,,,SOE_target,0.043099,0.098295,25.236497,0.029365,0.153058,0.590954,-0.144872,0.405942,0.596539,0.619063,0.05267,True,CSI_nonSOE,0.037665182224194585,0.02814,0.009525182224194587,1286079064.2245553,1286079064.2245553,1,0,,
600547.SH,山东黄金,CSI,地方国有企业,材料,有色金属,材料--有色金属--贵金属--黄金,2024,,,,,,,,,,161010475000.0,,0.030549,2898680000.0,2020016000.0,target_year,,,,,,,,,,SOE_target,0.050286,0.12102299999999999,25.62868,0.034208,0.159476,0.524015,-0.154502,0.37297,0.605257,0.578511,0.079842,True,CSI_nonSOE,0.026319630569581753,0.030549,-0.004229369430418246,-680972780.9421213,0.0,1,0,,
600547.SH,山东黄金,CSI,地方国有企业,材料,有色金属,材料--有色金属--贵金属--黄金,2025,,,,,,,,,,170374158329.33,,0.03915,4739393120.72,1930825091.04,target_year,,,,,,,,,,SOE_target,0.065581,0.136069,25.804735,0.046095,0.15747,0.557499,-0.209441,0.382655,0.636317,0.459784,0.173847,True,CSI_nonSOE,0.021690885727920044,0.03915,-0.017459114272079954,-2974581899.2812147,0.0,1,0,,
600584.SH,长电科技,CSI,中央国有企业,信息技术,半导体,信息技术--半导体--半导体产品--集成电路,2019,,,,,,,,,,33581893568.0,,0.025835091,88663437.59,778927828.0,target_year,,,,,,,,,,SOE_target,0.024489999999999998,0.007116,24.26211863,0.425302714,0.214515912,0.731214167,-0.217835094,0.570274559,0.642866911,0.592526697,0.125223737,True,CSI_nonSOE,0.01994498118189035,0.025835091,-0.0058901098181096505,-197801041.01559013,0.0,1,0,,
600584.SH,长电科技,CSI,中央国有企业,信息技术,半导体,信息技术--半导体--半导体产品--集成电路,2020,,,,,,,,,,32328196228.0,,0.059969666,1304390209.0,634320913.2,target_year,,,,,,,,,,SOE_target,0.06268,0.100233,24.23725288,0.333118905,0.169245785,0.690776587,-0.240903638,0.579565316,0.623655665,0.541626438,0.083485094,True,CSI_nonSOE,0.021048100248610063,0.059969666,-0.038921565751389935,-1258264015.111938,0.0,1,0,,
600584.SH,长电科技,CSI,中央国有企业,信息技术,半导体,信息技术--半导体--半导体产品--集成电路,2021,,,,,,,,,,37098618886.0,,0.08818834,2958712533.0,312953065.0,target_year,,,,,,,,,,SOE_target,0.09927899999999999,0.172064,24.19920563,0.292587408,0.155238897,0.801570564,-0.136611898,0.577067125,0.585201037,0.681027474,0.10301753,True,CSI_nonSOE,0.028787850165296697,0.08818834,-0.05940048983470331,-2203676134.0193753,0.0,1,0,,
600584.SH,长电科技,CSI,中央国有企业,信息技术,半导体,信息技术--半导体--半导体产品--集成电路,2022,,,,,,,,,,39407731739.0,,0.087256409,3230988206.0,207588936.5,target_year,,,,,,,,,,SOE_target,0.09065200000000001,0.141605,24.33684558,0.247136762,0.127200785,0.876472393,0.055951263,0.51445276,0.433948862,1.183022294,0.117475684,True,CSI_nonSOE,0.048338002533932986,0.087256409,-0.03891840646606701,-1533686121.7241316,0.0,1,0,,
600584.SH,长电科技,CSI,中央国有企业,信息技术,半导体,信息技术--半导体--半导体产品--集成电路,2023,,,,,,,,,,42579471835.65,,0.03904,1470705571.95,191582595.95,target_year,,,,,,,,,,SOE_target,0.041807,0.058006,24.397228,0.241875,0.113252,0.880251,0.078921,0.51575,0.374673,1.281888,0.099579,True,CSI_nonSOE,0.053494557433982085,0.03904,0.014454557433982086,615467421.1570256,615467421.1570256,1,0,,
600584.SH,长电科技,CSI,中央国有企业,信息技术,半导体,信息技术--半导体--半导体产品--集成电路,2024,,,,,,,,,,54059828326.1,,0.032423,1609575410.92,143202493.72,target_year,,,,,,,,,,SOE_target,0.037089,0.059965000000000004,24.474638,0.20667,0.109637,0.720973,0.186402,0.464953,0.385827,1.819745,0.07347,True,CSI_nonSOE,0.04787457295441915,0.032423,0.015451572954419152,835309381.2841091,835309381.2841091,1,0,,
600584.SH,长电科技,CSI,中央国有企业,信息技术,半导体,信息技术--半导体--半导体产品--集成电路,2025,,,,,,,,,,55516503601.44,,0.034768,1565238036.45,364966704.33,target_year,,,,,,,,,,SOE_target,0.038389,0.055614,24.713357,0.203175,0.111057,0.742623,0.127708,0.453394,0.453519,1.451593,0.084921,True,CSI_nonSOE,0.035378772992031356,0.034768,0.0006107729920313554,33907981.01177102,33907981.01177102,1,0,,
600585.SH,海螺水泥,CSI,地方国有企业,材料,建材Ⅱ,材料--建材Ⅱ--建材Ⅲ--建材Ⅳ,2019,,,,,,,,,,178777000000.0,,0.190604923,33629803000.0,446008000.0,target_year,,,,,,,,,,SOE_target,0.264696,0.26940200000000003,25.73087892,0.851845731,0.736746816,0.945214441,0.307864936,0.42602985,0.223060914,2.760494595,0.031752625,True,CSI_nonSOE,0.11207306716212855,0.190604923,-0.07853185583787146,-14039689591.127148,0.0,0,2,"HHI_lag, MarketShare_lag",
600585.SH,海螺水泥,CSI,地方国有企业,材料,建材Ⅱ,材料--建材Ⅱ--建材Ⅲ--建材Ⅳ,2020,,,,,,,,,,200973000000.0,,0.177189761,35163538000.0,446777000.0,target_year,,,,,,,,,,SOE_target,0.250641,0.235312,25.90940607,0.869353952,0.764425084,0.956555552,0.390378958,0.392942982,0.204983699,3.545143008,0.049637873,True,CSI_nonSOE,0.11320600669345622,0.177189761,-0.06398375430654378,-12859007054.249023,0.0,0,2,"HHI_lag, MarketShare_lag",
600585.SH,海螺水泥,CSI,地方国有企业,材料,建材Ⅱ,材料--建材Ⅱ--建材Ⅲ--建材Ⅳ,2021,,,,,,,,,,230515000000.0,,0.145909871,33300694000.0,333671000.0,target_year,,,,,,,,,,SOE_target,0.206196,0.192903,26.0264352,0.862135547,0.753086611,0.92820387,0.442261239,0.335339415,0.163752786,4.669323247,0.049609649,True,CSI_nonSOE,0.11282722864112359,0.145909871,-0.03308264235887641,-7626045303.356396,0.0,0,2,"HHI_lag, MarketShare_lag",
600585.SH,海螺水泥,CSI,地方国有企业,材料,建材Ⅱ,材料--建材Ⅱ--建材Ⅲ--建材Ⅳ,2022,,,,,,,,,,243976000000.0,,0.067158879,15860553000.0,524630000.0,target_year,,,,,,,,,,SOE_target,0.087491,0.086401,26.16358032,0.806036387,0.668525521,0.778482317,0.396284433,0.32075031,0.168348631,3.796208792,0.065949423,True,CSI_nonSOE,0.10505267461204726,0.067158879,0.037893795612047254,9245176678.24484,9245176678.24484,0,2,"HHI_lag, MarketShare_lag",
600585.SH,海螺水泥,CSI,地方国有企业,材料,建材Ⅱ,材料--建材Ⅱ--建材Ⅲ--建材Ⅳ,2023,,,,,,,,,,246189200000.0,,0.047198,10689181000.0,930404000.0,target_year,,,,,,,,,,SOE_target,0.060389,0.057962,26.220337,0.768652,0.617588,0.556476,0.290341,0.368056,0.197017,2.991394,0.109217,True,CSI_nonSOE,0.09009830288306737,0.047198,0.04290030288306738,10561591246.54005,10561591246.54005,0,1,MarketShare_lag,
600585.SH,海螺水泥,CSI,地方国有企业,材料,建材Ⅱ,材料--建材Ⅱ--建材Ⅲ--建材Ⅳ,2024,,,,,,,,,,254635244000.0,,0.03468,8051954000.0,778705000.0,target_year,,,,,,,,,,SOE_target,0.044611,0.043154000000000005,26.229366,0.792843,0.650954,0.575313,0.291186,0.392783,0.196105,3.41697,0.057547,True,CSI_nonSOE,0.09148049604051954,0.03468,0.05680049604051954,14463408168.598726,14463408168.598726,0,1,MarketShare_lag,
600585.SH,海螺水泥,CSI,地方国有企业,材料,建材Ⅱ,材料--建材Ⅱ--建材Ⅲ--建材Ⅳ,2025,,,,,,,,,,256000730000.0,,0.035606,8464457000.0,650683000.0,target_year,,,,,,,,,,SOE_target,0.044752,0.044513,26.263098,0.688576,0.525443,0.363519,0.254756,0.389179,0.21324,3.245249,0.044433,True,CSI_nonSOE,0.08007971503014864,0.035606,0.044473715030148644,11385303513.530025,11385303513.530025,0,1,MarketShare_lag,
600600.SH,青岛啤酒,CSI,地方国有企业,日常消费,食品饮料,日常消费--食品饮料--饮料--啤酒,2019,,,,,,,,,,37312383547.0,,0.050066542,1852103376.0,15998657.0,target_year,,,,,,,,,,SOE_target,0.062422000000000005,0.099731,24.25183759,0.039789287,0.118716357,0.817071935,0.166497166,0.314204026,0.451509728,1.46938827,0.022356278,True,CSI_nonSOE,0.0999045783267754,0.050066542,0.04983803632677541,1859575926.653963,1859575926.653963,1,0,,
600600.SH,青岛啤酒,CSI,地方国有企业,日常消费,食品饮料,日常消费--食品饮料--饮料--啤酒,2020,,,,,,,,,,41514185835.0,,0.053486635,2201323556.0,19130553.0,target_year,,,,,,,,,,SOE_target,0.069384,0.11063700000000001,24.34259111,0.036521616,0.109737598,0.783994456,0.204973157,0.278755397,0.466306653,1.572724464,0.030961465,True,CSI_nonSOE,0.09669496152931906,0.053486635,0.04320832652931906,1793758497.157512,1793758497.157512,1,0,,
600600.SH,青岛啤酒,CSI,地方国有企业,日常消费,食品饮料,日常消费--食品饮料--饮料--啤酒,2021,,,,,,,,,,46563004491.0,,0.068392254,3155455810.0,29093000.0,target_year,,,,,,,,,,SOE_target,0.09519899999999999,0.144667,24.44930103,0.030608359,0.106852675,0.704323711,0.219639959,0.256356563,0.485283121,1.587892074,0.031198181,True,CSI_nonSOE,0.09016632386622749,0.068392254,0.021774069866227486,1013866112.9684982,1013866112.9684982,1,0,,
600600.SH,青岛啤酒,CSI,地方国有企业,日常消费,食品饮料,日常消费--食品饮料--饮料--啤酒,2022,,,,,,,,,,50311699796.0,,0.07408436,3710628593.0,16681483.0,target_year,,,,,,,,,,SOE_target,0.094207,0.153026,24.56407217,0.029061598,0.106913309,0.685008349,0.22979565,0.234330308,0.489000085,1.586022499,0.035113023,True,CSI_nonSOE,0.0869835019012249,0.07408436,0.012899141901224903,648977754.960432,648977754.960432,1,0,,
600600.SH,青岛啤酒,CSI,地方国有企业,日常消费,食品饮料,日常消费--食品饮料--饮料--啤酒,2023,,,,,,,,,,49256011349.0,,0.08698,4267851406.0,16430590.0,target_year,,,,,,,,,,SOE_target,0.105586,0.16122,24.641503,0.026374,0.105461,0.664189,0.245086,0.227891,0.477809,1.626821,0.035382,True,CSI_nonSOE,0.08632886125000341,0.08698,-0.0006511387499965882,-32072497.65960562,0.0,1,0,,
600600.SH,青岛啤酒,CSI,地方国有企业,日常消费,食品饮料,日常消费--食品饮料--饮料--啤酒,2024,,,,,,,,,,51420385832.0,,0.084924,4344983858.0,21837054.0,target_year,,,,,,,,,,SOE_target,0.105021,0.153778,24.620297,0.026821,0.100594,0.681677,0.257703,0.236404,0.42637,1.750271,0.032844,True,CSI_nonSOE,0.0923926148887089,0.084924,0.0074686148887088966,384039059.2080312,384039059.2080312,1,0,,
600600.SH,青岛啤酒,CSI,地方国有企业,日常消费,食品饮料,日常消费--食品饮料--饮料--啤酒,2025,,,,,,,,,,52131585698.0,,0.088233,4588101137.0,11645392.0,target_year,,,,,,,,,,SOE_target,0.11355,0.153681,24.663301,0.025162,0.097008,0.638438,0.149096,0.242093,0.419305,1.437532,0.041638,True,CSI_nonSOE,0.08407076104162947,0.088233,-0.004162238958370534,-216984116.95384777,0.0,1,0,,
600674.SH,川投能源,CSI,地方国有企业,公用事业,公用事业Ⅱ,公用事业--公用事业Ⅱ--电力--电力公用事业,2019,,,,,,,,,,37455297271.0,,0.08663757,2947152991.0,297882959.1,target_year,,,,,,,,,,SOE_target,0.09496600000000001,0.113437,24.19037321,0.001407933,0.148389593,0.027388009,-0.126162172,0.096642724,0.211156314,0.238375654,0.000112629,True,CSI_nonSOE,0.048212300712555556,0.08663757,-0.03842526928744444,-1439229883.879458,0.0,0,3,"AssetTurnover_lag, CapexRatio_lag, CurrentRatio_lag",
600674.SH,川投能源,CSI,地方国有企业,公用事业,公用事业Ⅱ,公用事业--公用事业Ⅱ--电力--电力公用事业,2020,,,,,,,,,,41329132241.0,,0.085105621,3161648053.0,355693399.7,target_year,,,,,,,,,,SOE_target,0.08250199999999999,0.113068,24.34641399,0.001205579,0.143602423,0.023400148,-0.003795965,0.089266117,0.261609643,0.974542199,0.005644483,True,CSI_nonSOE,0.048571244027696664,0.085105621,-0.03653437697230334,-1509934097.23087,0.0,0,1,AssetTurnover_lag,
600674.SH,川投能源,CSI,地方国有企业,公用事业,公用事业Ⅱ,公用事业--公用事业Ⅱ--电力--电力公用事业,2021,,,,,,,,,,48467289300.0,,0.072029473,3087390564.0,403682721.0,target_year,,,,,,,,,,SOE_target,0.070829,0.10283899999999999,24.44483347,0.001311827,0.126082379,0.025326604,-0.020587501,0.149878777,0.279982539,0.842265433,0.011127501,True,CSI_nonSOE,0.04650772765816633,0.072029473,-0.025521745341833664,-1236969814.9235797,0.0,0,1,AssetTurnover_lag,
600674.SH,川投能源,CSI,地方国有企业,公用事业,公用事业Ⅱ,公用事业--公用事业Ⅱ--电力--电力公用事业,2022,,,,,,,,,,54713816868.0,,0.073686954,3515265709.0,516428791.4,target_year,,,,,,,,,,SOE_target,0.070057,0.108055,24.60415496,0.001311755,0.130392082,0.027269246,-0.076929215,0.15739761,0.333789881,0.523491198,0.018682481,True,CSI_nonSOE,0.0362687751725553,0.073686954,-0.0374181788274447,-2047291383.8988843,0.0,0,1,AssetTurnover_lag,
600674.SH,川投能源,CSI,地方国有企业,公用事业,公用事业Ⅱ,公用事业--公用事业Ⅱ--电力--电力公用事业,2023,,,,,,,,,,60353345396.81,,0.083092,4400136762.78,614743511.5,target_year,,,,,,,,,,SOE_target,0.079343,0.12410700000000001,24.725382,0.001264,0.129341,0.026783,-0.063429,0.159617,0.356674,0.562795,0.011853,True,CSI_nonSOE,0.033400403514700666,0.083092,-0.04969159648529933,-2999054085.9961805,0.0,0,1,AssetTurnover_lag,
600674.SH,川投能源,CSI,地方国有企业,公用事业,公用事业Ⅱ,公用事业--公用事业Ⅱ--电力--电力公用事业,2024,,,,,,,,,,65049216986.43,,0.076308,4507725742.38,456048265.85,target_year,,,,,,,,,,SOE_target,0.082261,0.113788,24.823482,0.001247,0.121904,0.024977,-0.093234,0.155371,0.36055,0.376089,0.01185,True,CSI_nonSOE,0.029252575563263425,0.076308,-0.047055424436736576,-3060918514.573838,0.0,0,2,"AssetTurnover_lag, CurrentRatio_lag",
600674.SH,川投能源,CSI,地方国有企业,公用事业,公用事业Ⅱ,公用事业--公用事业Ⅱ--电力--电力公用事业,2025,,,,,,,,,,70280844646.92,,0.074284,4754148319.5,466574820.23,target_year,,,,,,,,,,SOE_target,0.079641,0.10925800000000001,24.89841,0.001364,0.118327,0.024926,-0.030629,0.163193,0.325335,0.646079,0.014149,True,CSI_nonSOE,0.03519442748054724,0.074284,-0.03908957251945276,-2747248173.5541725,0.0,0,1,AssetTurnover_lag,
600741.SH,华域汽车,CSI,地方国有企业,可选消费,汽车与零配件,可选消费--汽车与零配件--汽车零配件--汽车零配件与设备,2019,,,,,,,,,,139127000000.0,,0.046042526,6463163299.0,-57384823.34,target_year,,,,,,,,,,SOE_target,0.06916699999999999,0.136372,25.61876601,0.105173849,0.376606004,1.218424095,0.095917985,0.187971562,0.591375165,1.188356392,0.056289775,True,CSI_nonSOE,0.05439661805820795,0.046042526,0.008354092058207953,1162279765.7822978,1162279765.7822978,1,0,,
600741.SH,华域汽车,CSI,地方国有企业,可选消费,汽车与零配件,可选消费--汽车与零配件--汽车零配件--汽车零配件与设备,2020,,,,,,,,,,150436000000.0,,0.036173167,5403276870.0,38468287.51,target_year,,,,,,,,,,SOE_target,0.05484,0.105986,25.65865613,0.102321962,0.369422071,1.052222715,0.098096971,0.185580865,0.578073616,1.195337752,0.041014965,True,CSI_nonSOE,0.04854348444518657,0.036173167,0.012370317445186574,1860941075.1840875,1860941075.1840875,1,0,,
600741.SH,华域汽车,CSI,地方国有企业,可选消费,汽车与零配件,可选消费--汽车与零配件--汽车零配件--汽车零配件与设备,2021,,,,,,,,,,153847000000.0,,0.041668248,6468939920.0,-58414795.01,target_year,,,,,,,,,,SOE_target,0.058917000000000004,0.12674,25.73680331,0.099651359,0.324255792,0.919275528,0.061256394,0.179405617,0.613203253,1.108781534,0.026615808,True,CSI_nonSOE,0.03668012953872292,0.041668248,-0.004988118461277079,-767407060.9120947,0.0,1,0,,
600741.SH,华域汽车,CSI,地方国有企业,可选消费,汽车与零配件,可选消费--汽车与零配件--汽车零配件--汽车零配件与设备,2022,,,,,,,,,,162797000000.0,,0.042880326,7203125199.0,-222339441.1,target_year,,,,,,,,,,SOE_target,0.057724000000000004,0.140533,25.7592229,0.091719109,0.289774151,0.916432657,0.04330837,0.164489571,0.651116923,1.075429526,0.032901711,True,CSI_nonSOE,0.030821635922453725,0.042880326,-0.012058690077546279,-1963118568.5543015,0.0,1,0,,
600741.SH,华域汽车,CSI,地方国有企业,可选消费,汽车与零配件,可选消费--汽车与零配件--汽车零配件--汽车零配件与设备,2023,,,,,,,,,,176096527061.77,,0.041438,7214175836.76,82967479.37,target_year,,,,,,,,,,SOE_target,0.053342,0.130295,25.815769,0.087651,0.236564,0.995539,0.051679,0.160689,0.649534,1.087895,0.031948,True,CSI_nonSOE,0.03292060970685426,0.041438,-0.008517390293145743,-1499882850.2525964,0.0,1,0,,
600741.SH,华域汽车,CSI,地方国有企业,可选消费,汽车与零配件,可选消费--汽车与零配件--汽车零配件--汽车零配件与设备,2024,,,,,,,,,,185005958123.93,,0.038573,6690703044.68,445450880.84,target_year,,,,,,,,,,SOE_target,0.048373,0.111687,25.894298,0.079829,0.222276,0.9913,0.071113,0.146473,0.650302,1.120299,0.027814,True,CSI_nonSOE,0.031669538912639,0.038573,-0.006903461087361,-1277181432.8384893,0.0,1,0,,
600741.SH,华域汽车,CSI,地方国有企业,可选消费,汽车与零配件,可选消费--汽车与零配件--汽车零配件--汽车零配件与设备,2025,,,,,,,,,,199186450932.39,,0.037691,7207268139.61,300363531.54,target_year,,,,,,,,,,SOE_target,0.05118,0.111577,25.943654,0.072316,0.204324,0.932002,0.047394,0.13775,0.642604,1.080251,0.024096,True,CSI_nonSOE,0.026987210133939968,0.037691,-0.010703789866060034,-2132049914.9465806,0.0,1,0,,
600760.SH,中航沈飞,CSI,中央国有企业,工业,国防军工,工业--国防军工--航空航天与国防Ⅲ--航空航天,2019,,,,,,,,,,29223855418.0,,0.030645756,877785950.4,17801204.6,target_year,,,,,,,,,,SOE_target,0.032455,0.10607100000000001,24.07103611,0.234061146,0.285442207,0.73382927,0.094811604,0.156668572,0.711535713,1.13982081,0.021528326,True,CSI_nonSOE,0.017919393697653052,0.030645756,-0.012726362302346948,-371913371.9208728,0.0,1,0,,
600760.SH,中航沈飞,CSI,中央国有企业,工业,国防军工,工业--国防军工--航空航天与国防Ⅲ--航空航天,2020,,,,,,,,,,32853080760.0,,0.044497289,1480199037.0,-18325999.76,target_year,,,,,,,,,,SOE_target,0.055996,0.157162,24.09825118,0.25391587,0.279462147,0.822813114,0.126611615,0.154215263,0.680994566,1.194178025,0.019204256,True,CSI_nonSOE,0.026276093016899454,0.044497289,-0.018221195983100548,-598622423.1765898,0.0,1,0,,
600760.SH,中航沈飞,CSI,中央国有企业,工业,国防军工,工业--国防军工--航空航天与国防Ⅲ--航空航天,2021,,,,,,,,,,62780477436.0,,0.023023896,1695718597.0,-250267428.3,target_year,,,,,,,,,,SOE_target,0.038985,0.157295,24.21531136,0.271869554,0.273615357,0.878885182,0.154294154,0.141732989,0.670187379,1.23638641,0.022587022,True,CSI_nonSOE,0.029487961602493895,0.023023896,0.0064640656024938965,405817124.7021918,405817124.7021918,1,0,,
600760.SH,中航沈飞,CSI,中央国有企业,工业,国防军工,工业--国防军工--航空航天与国防Ⅲ--航空航天,2022,,,,,,,,,,58792300811.0,,0.034290357,2304914649.0,-288905647.1,target_year,,,,,,,,,,SOE_target,0.042947,0.190097,24.86290999,0.300582293,0.271325141,0.712078293,0.11045987,0.075155929,0.804076801,1.140517772,0.015019361,True,CSI_nonSOE,0.0025412384554086703,0.034290357,-0.03174911854459133,-1866603727.957712,0.0,1,0,,
600760.SH,中航沈飞,CSI,中央国有企业,工业,国防军工,工业--国防军工--航空航天与国防Ⅲ--航空航天,2023,,,,,,,,,,55466437662.06,,0.04908,3007151011.69,-284871174.07,target_year,,,,,,,,,,SOE_target,0.05942,0.215317,24.797277,0.31911,0.272876,0.680945,0.127789,0.091034,0.765048,1.170943,0.018031,True,CSI_nonSOE,0.004156878641712908,0.04908,-0.04492312135828709,-2491725510.404587,0.0,1,0,,
600760.SH,中航沈飞,CSI,中央国有企业,工业,国防军工,工业--国防军工--航空航天与国防Ⅲ--航空航天,2024,,,,,,,,,,61589834322.62,,0.050531,3393966060.7,-281780980.48,target_year,,,,,,,,,,SOE_target,0.062074,0.21099199999999999,24.739044,0.285535,0.247277,0.80713,0.19824,0.106196,0.706893,1.30884,0.046211,True,CSI_nonSOE,0.016662662403445022,0.050531,-0.03386833759655498,-2085945301.3543832,0.0,1,0,,
600760.SH,中航沈飞,CSI,中央国有企业,工业,国防军工,工业--国防军工--航空航天与国防Ⅲ--航空航天,2025,,,,,,,,,,77486151790.18,,0.044729,3517760109.76,-51895460.66,target_year,,,,,,,,,,SOE_target,0.057051,0.17316600000000001,24.843763,0.26643,0.253215,0.729017,0.191021,0.119894,0.690682,1.30753,0.049573,True,CSI_nonSOE,0.012162511781091317,0.044729,-0.03256648821890868,-2523451849.4034667,0.0,1,0,,
600795.SH,国电电力,CSI,中央国有企业,公用事业,公用事业Ⅱ,公用事业--公用事业Ⅱ--电力--电力公用事业,2019,,,,,,,,,,364848000000.0,,0.03103471,1868693329.0,9454253879.0,target_year,,,,,,,,,,SOE_target,0.052023,0.035694,26.33094615,0.108567586,0.148389593,0.235939416,-0.20008333,0.824503098,0.738424424,0.254622885,0.046610381,True,CSI_nonSOE,-0.0031464322879689866,0.03103471,-0.03418114228796899,-12470921401.48091,0.0,0,2,"FixedAssetsRatio_lag, CurrentRatio_lag",
600795.SH,国电电力,CSI,中央国有企业,公用事业,公用事业Ⅱ,公用事业--公用事业Ⅱ--电力--电力公用事业,2020,,,,,,,,,,357337000000.0,,0.031801717,2633092717.0,8730848509.0,target_year,,,,,,,,,,SOE_target,0.028807,0.049264,26.62274626,0.17020986,0.143602423,0.360249419,-0.153296874,0.803204859,0.680281684,0.389709423,0.033277747,True,CSI_nonSOE,0.009732927697223198,0.031801717,-0.022068789302776802,-7885994963.086354,0.0,0,2,"FixedAssetsRatio_lag, CurrentRatio_lag",
600795.SH,国电电力,CSI,中央国有企业,公用事业,公用事业Ⅱ,公用事业--公用事业Ⅱ--电力--电力公用事业,2021,,,,,,,,,,397909000000.0,,0.01530631,-1845353429.0,7935869338.0,target_year,,,,,,,,,,SOE_target,-0.004032,-0.037367,26.60194614,0.150635222,0.126082379,0.31726249,-0.175229782,0.798494104,0.668275244,0.366384625,0.039259747,True,CSI_nonSOE,0.007859800765380426,0.01530631,-0.007446509234619574,-2963033043.03824,0.0,0,2,"FixedAssetsRatio_lag, CurrentRatio_lag",
600795.SH,国电电力,CSI,中央国有企业,公用事业,公用事业Ⅱ,公用事业--公用事业Ⅱ--电力--电力公用事业,2022,,,,,,,,,,412852000000.0,,0.025132614,2824661198.0,7551385897.0,target_year,,,,,,,,,,SOE_target,0.025287,0.06217399999999999,26.70948872,0.177715444,0.130392082,0.439254514,-0.182234617,0.784952008,0.720608319,0.420969478,0.053779605,True,CSI_nonSOE,0.00951117049221721,0.025132614,-0.01562144350778279,-6449344195.075141,0.0,0,1,FixedAssetsRatio_lag,
600795.SH,国电电力,CSI,中央国有企业,公用事业,公用事业Ⅱ,公用事业--公用事业Ⅱ--电力--电力公用事业,2023,,,,,,,,,,457899346871.8,,0.026904,5608589563.0,6710634947.41,target_year,,,,,,,,,,SOE_target,0.035992,0.119557,26.746355,0.174129,0.129341,0.469478,-0.148351,0.777889,0.732903,0.489031,0.091215,True,CSI_nonSOE,0.008944810529007141,0.026904,-0.01795918947099286,-8223501129.114537,0.0,0,1,FixedAssetsRatio_lag,
600795.SH,国电电力,CSI,中央国有企业,公用事业,公用事业Ⅱ,公用事业--公用事业Ⅱ--电力--电力公用事业,2024,,,,,,,,,,493936293815.87,,0.033167,9831015730.47,6551289184.38,target_year,,,,,,,,,,SOE_target,0.056732,0.187621,26.849915,0.155481,0.121904,0.411434,-0.18418,0.786377,0.739186,0.410321,0.10869,True,CSI_nonSOE,0.004954597310910205,0.033167,-0.028212402689089797,-13935129623.889898,0.0,0,1,FixedAssetsRatio_lag,
600795.SH,国电电力,CSI,中央国有企业,公用事业,公用事业Ⅱ,公用事业--公用事业Ⅱ--电力--电力公用事业,2025,,,,,,,,,,520151776851.06,,0.025088,7161419062.53,5887937095.54,target_year,,,,,,,,,,SOE_target,0.04671,0.124002,26.925672,0.154752,0.118327,0.372564,-0.127761,0.776514,0.734045,0.498768,0.117618,True,CSI_nonSOE,0.005057128132741909,0.025088,-0.02003087186725809,-10419093593.630205,0.0,0,2,"FirmSize_lag, FixedAssetsRatio_lag",
600809.SH,山西汾酒,CSI,地方国有企业,日常消费,食品饮料,日常消费--食品饮料--饮料--白酒与葡萄酒,2019,,,,,,,,,,16067772126.0,,0.120645565,1938505451.0,0.0,target_year,,,,,,,,,,SOE_target,0.19643999999999998,0.28379899999999997,23.19381691,0.011358508,0.118716357,0.730553813,0.313357956,0.160991916,0.452055606,1.698127236,0.006345891,True,CSI_nonSOE,0.11744566287606785,0.120645565,-0.003199902123932147,-51415298.152845144,0.0,1,0,,
600809.SH,山西汾酒,CSI,地方国有企业,日常消费,食品饮料,日常消费--食品饮料--饮料--白酒与葡萄酒,2020,,,,,,,,,,19778534913.0,,0.152246337,3079233697.0,-68024211.2,target_year,,,,,,,,,,SOE_target,0.23637699999999998,0.357553,23.50008137,0.012563816,0.109737598,0.690167098,0.264738088,0.132517046,0.525473058,1.507083422,0.010036058,True,CSI_nonSOE,0.10101850569483396,0.152246337,-0.05122783130516605,-1013211449.986501,0.0,1,0,,
600809.SH,山西汾酒,CSI,地方国有企业,日常消费,食品饮料,日常消费--食品饮料--饮料--白酒与葡萄酒,2021,,,,,,,,,,29954563964.0,,0.176283383,5313612016.0,-33120152.46,target_year,,,,,,,,,,SOE_target,0.285143,0.42509399999999997,23.70786309,0.012665221,0.106852675,0.640874842,0.312390239,0.115668116,0.491118185,1.641645687,0.00990074,True,CSI_nonSOE,0.10066065546108005,0.176283383,-0.07562272753891994,-2265245829.1967216,0.0,1,0,,
600809.SH,山西汾酒,CSI,地方国有企业,日常消费,食品饮料,日常消费--食品饮料--饮料--白酒与葡萄酒,2022,,,,,,,,,,36686474275.0,,0.219673789,8095851304.0,-36794481.72,target_year,,,,,,,,,,SOE_target,0.32640300000000005,0.44307899999999995,24.12294754,0.015645986,0.106913309,0.653126402,0.367907014,0.083238228,0.479653252,1.772545459,0.005217143,True,CSI_nonSOE,0.0974299891882168,0.219673789,-0.12224379981178321,-4484694017.073235,0.0,1,0,,
600809.SH,山西汾酒,CSI,地方国有企业,日常消费,食品饮料,日常消费--食品饮料--饮料--白酒与葡萄酒,2023,,,,,,,,,,44095837995.19,,0.236534,10438114410.47,-7937771.17,target_year,,,,,,,,,,SOE_target,0.35168900000000003,0.42467799999999994,24.325674,0.017717,0.105461,0.648619,0.391304,0.067605,0.407261,1.966935,0.022504,True,CSI_nonSOE,0.10019065420107709,0.236534,-0.1363433457989229,-6012174088.071474,0.0,1,0,,
600809.SH,山西汾酒,CSI,地方国有企业,日常消费,食品饮料,日常消费--食品饮料--饮料--白酒与葡萄酒,2024,,,,,,,,,,53495197888.51,,0.228677,12242884323.77,-9765157.86,target_year,,,,,,,,,,SOE_target,0.33853700000000003,0.39120399999999994,24.509631,0.020625,0.100594,0.646094,0.441337,0.062488,0.358781,2.284846,0.011,True,CSI_nonSOE,0.1035768825691063,0.228677,-0.1251001174308937,-6692255537.841497,0.0,1,0,,
600809.SH,山西汾酒,CSI,地方国有企业,日常消费,食品饮料,日常消费--食品饮料--饮料--白酒与葡萄酒,2025,,,,,,,,,,56323475330.54,,0.217073,12246329337.25,-20025507.86,target_year,,,,,,,,,,SOE_target,0.30286,0.32926,24.702858,0.023549,0.097008,0.616411,0.487344,0.09119,0.341913,2.451332,0.01192,True,CSI_nonSOE,0.10424962648306742,0.217073,-0.11282337351693257,-6354604494.989252,0.0,1,0,,
600845.SH,宝信软件,CSI,中央国有企业,信息技术,软件服务,信息技术--软件服务--软件--应用软件,2019,,,,,,,,,,10267677543.0,,0.081925389,879342167.8,-38158695.38,target_year,,,,,,,,,,SOE_target,0.101713,0.12857100000000002,22.96879561,0.111629061,0.165297342,0.603696254,0.453013002,0.177288325,0.283095215,2.655370712,0.066055153,True,CSI_nonSOE,0.0882964877620659,0.081925389,0.006371098762065902,65416387.683499165,65416387.683499165,1,0,,
600845.SH,宝信软件,CSI,中央国有企业,信息技术,软件服务,信息技术--软件服务--软件--应用软件,2020,,,,,,,,,,14070448560.0,,0.088149099,1300621550.0,-60324188.48,target_year,,,,,,,,,,SOE_target,0.12177500000000001,0.181308,23.0522667,0.119813233,0.156571733,0.693114084,0.42081115,0.184828746,0.292041392,2.50922769,0.088434728,True,CSI_nonSOE,0.0880796799061894,0.088149099,-6.94190938105993e-05,-976757.7885438518,0.0,1,0,,
600845.SH,宝信软件,CSI,中央国有企业,信息技术,软件服务,信息技术--软件服务--软件--应用软件,2021,,,,,,,,,,17860169154.0,,0.099359437,1818835201.0,-44258849.6,target_year,,,,,,,,,,SOE_target,0.126112,0.223171,23.36734259,0.14363829,0.151169635,0.779807981,0.305796909,0.122237644,0.466077062,1.666951471,0.023677422,True,CSI_nonSOE,0.06629882234236664,0.099359437,-0.03306061465763335,-590468170.1205435,0.0,1,0,,
600845.SH,宝信软件,CSI,中央国有企业,信息技术,软件服务,信息技术--软件服务--软件--应用软件,2022,,,,,,,,,,19581031615.0,,0.112537592,2185886525.0,17715615.56,target_year,,,,,,,,,,SOE_target,0.122726,0.230578,23.60583888,0.14572694,0.153055264,0.733913566,0.320951649,0.115802186,0.462290693,1.724840493,0.042653776,True,CSI_nonSOE,0.06129658602482337,0.112537592,-0.05124100597517663,-1003351757.9843376,0.0,1,0,,
600845.SH,宝信软件,CSI,中央国有企业,信息技术,软件服务,信息技术--软件服务--软件--应用软件,2023,,,,,,,,,,21882684637.81,,0.114085,2553638969.59,-57147146.8,target_year,,,,,,,,,,SOE_target,0.13603500000000002,0.24034199999999997,23.697827,0.149362,0.14694,0.69877,0.357491,0.102442,0.455595,1.825248,0.015366,True,CSI_nonSOE,0.06122160214924001,0.114085,-0.05286339785076,-1156793064.051264,0.0,1,0,,
600845.SH,宝信软件,CSI,中央国有企业,信息技术,软件服务,信息技术--软件服务--软件--应用软件,2024,,,,,,,,,,21636685902.19,,0.10333,2265482898.16,-29759456.65,target_year,,,,,,,,,,SOE_target,0.11368,0.199552,23.808962,0.143091,0.139728,0.619504,0.376569,0.099233,0.447554,1.926631,0.017193,True,CSI_nonSOE,0.05748489763613476,0.10333,-0.04584510236386524,-991936080.0007005,0.0,1,0,,
600845.SH,宝信软件,CSI,中央国有企业,信息技术,软件服务,信息技术--软件服务--软件--应用软件,2025,,,,,,,,,,22314945033.04,,0.057715,1305010991.72,-17114725.47,target_year,,,,,,,,,,SOE_target,0.064209,0.11631,23.797656,0.127,0.169431,0.624517,0.381346,0.108447,0.432194,1.981772,0.020184,True,CSI_nonSOE,0.05886390943529486,0.057715,0.0011489094352948592,25637850.896545812,25637850.896545812,1,0,,
600875.SH,东方电气,CSI,中央国有企业,工业,电气设备,工业--电气设备--电气设备Ⅲ--重型电气设备,2019,,,,,,,,,,89618965556.0,,0.015717674,1277671818.0,130929860.5,target_year,,,,,,,,,,SOE_target,0.006066,0.044028,25.23767212,0.084142144,0.075162529,0.349259169,0.228409844,0.066453384,0.663898493,1.395835175,0.002025643,True,CSI_nonSOE,0.03498490222705106,0.015717674,0.019267228227051056,1726709062.8396795,1726709062.8396795,1,0,,
600875.SH,东方电气,CSI,中央国有企业,工业,电气设备,工业--电气设备--电气设备Ⅲ--重型电气设备,2020,,,,,,,,,,97795137769.0,,0.020410563,1861998155.0,134055669.1,target_year,,,,,,,,,,SOE_target,0.011969,0.061694000000000006,25.2188328,0.073544025,0.069863037,0.351245526,0.222554195,0.06293563,0.645181879,1.403307137,0.007166305,True,CSI_nonSOE,0.03581665331953149,0.020410563,0.015406090319531489,1506640725.280239,1506640725.280239,1,0,,
600875.SH,东方电气,CSI,中央国有企业,工业,电气设备,工业--电气设备--电气设备Ⅲ--重型电气设备,2021,,,,,,,,,,103105000000.0,,0.023600924,2289036817.0,144326348.8,target_year,,,,,,,,,,SOE_target,0.017065,0.072203,25.3061407,0.070729662,0.069189957,0.386725704,0.148967446,0.055489357,0.655999257,1.259661364,0.00553372,True,CSI_nonSOE,0.02985551597820601,0.023600924,0.00625459197820601,644879705.9129306,644879705.9129306,1,0,,
600875.SH,东方电气,CSI,中央国有企业,工业,电气设备,工业--电气设备--电气设备Ⅲ--重型电气设备,2022,,,,,,,,,,115265000000.0,,0.026347295,2854650575.0,182271979.4,target_year,,,,,,,,,,SOE_target,0.021002,0.084608,25.35900958,0.063575156,0.081262738,0.46546583,0.115208513,0.05076816,0.656815638,1.204886628,0.006960057,True,CSI_nonSOE,0.029266713336872086,0.026347295,0.002919418336872086,336506754.599561,336506754.599561,1,0,,
600875.SH,东方电气,CSI,中央国有企业,工业,电气设备,工业--电气设备--电气设备Ⅲ--重型电气设备,2023,,,,,,,,,,121108373341.62,,0.030112,3550393576.32,96404032.6,target_year,,,,,,,,,,SOE_target,0.024314,0.09831300000000001,25.4705,0.041868,0.108841,0.496214,-0.000125,0.045409,0.664904,0.999787,0.006491,True,CSI_nonSOE,0.01951553679625609,0.030112,-0.010596463203743911,-1283320421.7797563,0.0,1,0,,
600875.SH,东方电气,CSI,中央国有企业,工业,电气设备,工业--电气设备--电气设备Ⅲ--重型电气设备,2024,,,,,,,,,,142009284851.87,,0.021335,2922100908.48,107669363.23,target_year,,,,,,,,,,SOE_target,0.020957,0.076856,25.519952,0.039852,0.112299,0.504004,0.036663,0.047941,0.659645,1.06232,0.009166,True,CSI_nonSOE,0.02168335297876381,0.021335,0.0003483529787638093,49469357.39026721,49469357.39026721,1,0,,
600875.SH,东方电气,CSI,中央国有企业,工业,电气设备,工业--电气设备--电气设备Ⅲ--重型电气设备,2025,,,,,,,,,,162674195217.33,,0.024077,3831301222.13,85345766.36,target_year,,,,,,,,,,SOE_target,0.031003,0.091188,25.679158,0.050664,0.107313,0.521385,0.034271,0.048634,0.696201,1.054737,0.021119,True,CSI_nonSOE,0.01694820868695629,0.024077,-0.007128791313043711,-1159670389.721679,0.0,1,0,,
600886.SH,国投电力,CSI,中央国有企业,公用事业,公用事业Ⅱ,公用事业--公用事业Ⅱ--电力--电力公用事业,2019,,,,,,,,,,224722000000.0,,0.042848909,4755460882.0,4873610845.0,target_year,,,,,,,,,,SOE_target,0.067674,0.12181900000000001,26.1201075,0.067425895,0.148389593,0.18671361,-0.080609047,0.838680884,0.682009567,0.494120103,0.046417675,True,CSI_nonSOE,0.0025217176546405012,0.042848909,-0.040327191345359496,-9062407093.511877,0.0,0,1,FixedAssetsRatio_lag,
600886.SH,国投电力,CSI,中央国有企业,公用事业,公用事业Ⅱ,公用事业--公用事业Ⅱ--电力--电力公用事业,2020,,,,,,,,,,228909000000.0,,0.042418916,5515627276.0,4194460020.0,target_year,,,,,,,,,,SOE_target,0.051626000000000005,0.125914,26.13812775,0.061507665,0.143602423,0.186274265,-0.04132307,0.810239806,0.668949453,0.728631805,0.044695381,True,CSI_nonSOE,0.005718345933514349,0.042418916,-0.03670057006648565,-8401090793.349164,0.0,0,1,FixedAssetsRatio_lag,
600886.SH,国投电力,CSI,中央国有企业,公用事业,公用事业Ⅱ,公用事业--公用事业Ⅱ--电力--电力公用事业,2021,,,,,,,,,,241370000000.0,,0.027875459,2436891837.0,4291394378.0,target_year,,,,,,,,,,SOE_target,0.027852000000000002,0.049387999999999994,26.156592,0.050456318,0.126082379,0.169181835,-0.066500176,0.82814494,0.639222502,0.577776524,0.044517337,True,CSI_nonSOE,0.005942965369450631,0.027875459,-0.021932493630549367,-5293845987.6057005,0.0,0,1,FixedAssetsRatio_lag,
600886.SH,国投电力,CSI,中央国有企业,公用事业,公用事业Ⅱ,公用事业--公用事业Ⅱ--电力--电力公用事业,2022,,,,,,,,,,258254000000.0,,0.03381893,4079375650.0,4654513767.0,target_year,,,,,,,,,,SOE_target,0.037759999999999995,0.076989,26.2095949,0.045790834,0.130392082,0.18176182,-0.067490828,0.809947994,0.635164482,0.571163608,0.038436347,True,CSI_nonSOE,0.006066250794409339,0.03381893,-0.027752679205590658,-7167240415.56061,0.0,0,1,FixedAssetsRatio_lag,
600886.SH,国投电力,CSI,中央国有企业,公用事业,公用事业Ⅱ,公用事业--公用事业Ⅱ--电力--电力公用事业,2023,,,,,,,,,,277363021076.32,,0.038506,6704936953.85,3975288601.66,target_year,,,,,,,,,,SOE_target,0.053080999999999996,0.118062,26.277211,0.045306,0.129341,0.198222,-0.08302,0.800705,0.637472,0.521016,0.058878,True,CSI_nonSOE,0.004530976293158587,0.038506,-0.03397502370684141,-9423415216.469126,0.0,0,1,FixedAssetsRatio_lag,
600886.SH,国投电力,CSI,中央国有企业,公用事业,公用事业Ⅱ,公用事业--公用事业Ⅱ--电力--电力公用事业,2024,,,,,,,,,,296536685805.74,,0.033908,6643033266.19,3412049732.32,target_year,,,,,,,,,,SOE_target,0.06662499999999999,0.109754,26.348593,0.04841,0.121904,0.208256,-0.061429,0.776516,0.631828,0.628079,0.073018,True,CSI_nonSOE,0.006505932527269678,0.033908,-0.027402067472730322,-8125718272.588719,0.0,0,1,FixedAssetsRatio_lag,
600886.SH,国投电力,CSI,中央国有企业,公用事业,公用事业Ⅱ,公用事业--公用事业Ⅱ--电力--电力公用事业,2025,,,,,,,,,,313579818706.81,,0.032146,7393381322.0,2687092580.25,target_year,,,,,,,,,,SOE_target,0.062301,0.109834,26.415437,0.049531,0.118327,0.197773,-0.090115,0.767208,0.632175,0.527581,0.073402,True,CSI_nonSOE,0.004454155673027066,0.032146,-0.027691844326972935,-8683603523.709377,0.0,0,1,FixedAssetsRatio_lag,
600893.SH,航发动力,CSI,中央国有企业,工业,国防军工,工业--国防军工--航空航天与国防Ⅲ--航空航天,2019,,,,,,,,,,63115020067.0,,0.023695335,1077406923.0,418124589.7,target_year,,,,,,,,,,SOE_target,0.029830000000000002,0.039094000000000004,24.70302304,0.267740082,0.285442207,0.437535611,0.043166966,0.334289968,0.429212935,1.08260805,0.032583643,True,CSI_nonSOE,0.022955930781617194,0.023695335,-0.0007394042183828074,-46667512.08085534,0.0,1,0,,
600893.SH,航发动力,CSI,中央国有企业,工业,国防军工,工业--国防军工--航空航天与国防Ⅲ--航空航天,2020,,,,,,,,,,64352332318.0,,0.022585258,1145986116.0,307427913.2,target_year,,,,,,,,,,SOE_target,0.022119,0.035375000000000004,24.86822461,0.268981923,0.279462147,0.430985785,0.180032179,0.308221958,0.42097161,1.423587814,0.038841514,True,CSI_nonSOE,0.027922464090555474,0.022585258,0.005337206090555473,343461659.9890794,343461659.9890794,1,0,,
600893.SH,航发动力,CSI,中央国有企业,工业,国防军工,工业--国防军工--航空航天与国防Ⅲ--航空航天,2021,,,,,,,,,,90648498035.0,,0.013911733,1187619447.0,73458273.32,target_year,,,,,,,,,,SOE_target,0.01816,0.032292999999999995,24.88763901,0.284731838,0.273615357,0.448269208,0.168979618,0.311568166,0.417257503,1.394363511,0.040230166,True,CSI_nonSOE,0.028781206826388767,0.013911733,0.014869473826388766,1347895468.932886,1347895468.932886,1,0,,
600893.SH,航发动力,CSI,中央国有企业,工业,国防军工,工业--国防军工--航空航天与国防Ⅲ--航空航天,2022,,,,,,,,,,89965912662.0,,0.01576586,1267781837.0,150608102.9,target_year,,,,,,,,,,SOE_target,0.017733000000000002,0.033426,25.23025521,0.300423066,0.271325141,0.439110596,0.129696967,0.235812024,0.559425655,1.232595064,0.033230453,True,CSI_nonSOE,0.007232466289113337,0.01576586,-0.008533393710886662,-767714553.3040895,0.0,1,0,,
600893.SH,航发动力,CSI,中央国有企业,工业,国防军工,工业--国防军工--航空航天与国防Ⅲ--航空航天,2023,,,,,,,,,,99795552106.78,,0.016727,1421421585.27,247847861.48,target_year,,,,,,,,,,SOE_target,0.018008,0.036513,25.222697,0.285061,0.272876,0.409442,0.123892,0.246077,0.541098,1.22639,0.031555,True,CSI_nonSOE,0.0069046900795282085,0.016727,-0.00982230992047179,-980222841.4773847,0.0,1,0,,
600893.SH,航发动力,CSI,中央国有企业,工业,国防军工,工业--国防军工--航空航天与国防Ⅲ--航空航天,2024,,,,,,,,,,115913298911.68,,0.011363,860291114.25,456787611.33,target_year,,,,,,,,,,SOE_target,0.014764999999999999,0.021689,25.326389,0.269155,0.247277,0.458109,0.107993,0.235554,0.560545,1.185283,0.033502,True,CSI_nonSOE,0.0030994655608457405,0.011363,-0.00826353443915426,-957853537.5126495,0.0,1,0,,
600893.SH,航发动力,CSI,中央国有企业,工业,国防军工,工业--国防军工--航空航天与国防Ⅲ--航空航天,2025,,,,,,,,,,123071590336.09,,0.010252,634328156.8,627400791.46,target_year,,,,,,,,,,SOE_target,0.012845,0.015845,25.476108,0.297316,0.253215,0.441468,0.114637,0.213589,0.607384,1.188188,0.025182,True,CSI_nonSOE,-0.0025439163944219467,0.010252,-0.012795916394421947,-1574813780.4691558,0.0,1,0,,
600900.SH,长江电力,CSI,中央国有企业,公用事业,公用事业Ⅱ,公用事业--公用事业Ⅱ--电力--电力公用事业,2019,,,,,,,,,,296483000000.0,,0.090205718,21543493636.0,5200957545.0,target_year,,,,,,,,,,SOE_target,0.107289,0.147703,26.41192448,0.084052252,0.148389593,0.167846247,-0.160212281,0.827770041,0.517137032,0.16690857,0.010554722,True,CSI_nonSOE,0.012798021302772133,0.090205718,-0.07740769669722787,-22950066139.884212,0.0,0,2,"FixedAssetsRatio_lag, CurrentRatio_lag",
600900.SH,长江电力,CSI,中央国有企业,公用事业,公用事业Ⅱ,公用事业--公用事业Ⅱ--电力--电力公用事业,2020,,,,,,,,,,330827000000.0,,0.094562387,26297890223.0,4985909832.0,target_year,,,,,,,,,,SOE_target,0.11937099999999999,0.16353,26.41525532,0.072210962,0.143602423,0.164550436,-0.151521069,0.786457909,0.494014744,0.197202157,0.00916354,True,CSI_nonSOE,0.014021927265488204,0.094562387,-0.0805404597345118,-26644958672.589333,0.0,0,2,"FixedAssetsRatio_lag, CurrentRatio_lag",
600900.SH,长江电力,CSI,中央国有企业,公用事业,公用事业Ⅱ,公用事业--公用事业Ⅱ--电力--电力公用事业,2021,,,,,,,,,,328563000000.0,,0.094424331,26272998503.0,4751369574.0,target_year,,,,,,,,,,SOE_target,0.112712,0.148779,26.52486171,0.074410164,0.126082379,0.180422565,-0.192822765,0.707604134,0.460982464,0.187030032,0.010966039,True,CSI_nonSOE,0.016729107102842866,0.094424331,-0.07769522389715713,-25527775849.32164,0.0,0,1,CurrentRatio_lag,
600900.SH,长江电力,CSI,中央国有企业,公用事业,公用事业Ⅱ,公用事业--公用事业Ⅱ--电力--电力公用事业,2022,,,,,,,,,,327268000000.0,,0.077615125,21309033981.0,4091934992.0,target_year,,,,,,,,,,SOE_target,0.092723,0.116267,26.51799529,0.058372527,0.130392082,0.165251528,-0.10799369,0.674421881,0.42084757,0.335606159,0.010572933,True,CSI_nonSOE,0.02181673516502009,0.077615125,-0.0557983898349799,-18261027444.514202,0.0,0,1,CurrentRatio_lag,
600900.SH,长江电力,CSI,中央国有企业,公用事业,公用事业Ⅱ,公用事业--公用事业Ⅱ--电力--电力公用事业,2023,,,,,,,,,,571942544909.29,,0.069579,27238970860.7,12556406948.81,target_year,,,,,,,,,,SOE_target,0.10002000000000001,0.14083600000000002,26.514046,0.046651,0.129341,0.155493,-0.113534,0.654516,0.401854,0.291705,0.014883,True,CSI_nonSOE,0.022310588993872907,0.069579,-0.047268411006127095,-27034815284.662624,0.0,0,1,CurrentRatio_lag,
600900.SH,长江电力,CSI,中央国有企业,公用事业,公用事业Ⅱ,公用事业--公用事业Ⅱ--电力--电力公用事业,2024,,,,,,,,,,566071979792.34,,0.077071,32496172808.65,11131343530.28,target_year,,,,,,,,,,SOE_target,0.087861,0.157895,27.072304,0.06641,0.121904,0.170171,-0.220611,0.786164,0.628811,0.122989,0.021388,True,CSI_nonSOE,0.0025215677124669073,0.077071,-0.0745494322875331,-42200344727.39885,0.0,0,3,"FirmSize_lag, FixedAssetsRatio_lag, CurrentRatio_lag",
600900.SH,长江电力,CSI,中央国有企业,公用事业,公用事业Ⅱ,公用事业--公用事业Ⅱ--电力--电力公用事业,2025,,,,,,,,,,559208340046.84,,0.078458,34502809176.39,9371372984.05,target_year,,,,,,,,,,SOE_target,0.09084199999999999,0.159873,27.061987,0.072025,0.118327,0.145031,-0.251498,0.776353,0.607902,0.107736,0.025474,True,CSI_nonSOE,0.004440433967019347,0.078458,-0.07401756603298065,-41391240235.61047,0.0,0,3,"FirmSize_lag, FixedAssetsRatio_lag, CurrentRatio_lag",
600905.SH,三峡能源,CSI,中央国有企业,公用事业,公用事业Ⅱ,公用事业--公用事业Ⅱ--电力--电力公用事业,2019,,,,,,,,,,100050000000.0,,0.044637736,2839735774.0,1626271621.0,target_year,,,,,,,,,,SOE_target,0.036157,0.071715,25.16693766,0.012310599,0.148389593,0.095504611,0.032057758,0.624194288,0.492527498,1.235768548,0.12482356,True,CSI_nonSOE,0.03416705247957684,0.044637736,-0.010470683520423157,-1047591886.2183369,0.0,1,0,,
600905.SH,三峡能源,CSI,中央国有企业,公用事业,公用事业Ⅱ,公用事业--公用事业Ⅱ--电力--电力公用事业,2020,,,,,,,,,,142576000000.0,,0.040053102,3610991284.0,2099634099.0,target_year,,,,,,,,,,SOE_target,0.052405999999999994,0.08984,25.32893633,0.013171647,0.143602423,0.095973224,-0.052296024,0.661347862,0.583253272,0.762889652,0.142675768,True,CSI_nonSOE,0.019383481549183512,0.040053102,-0.020669620450816488,-2946991805.395612,0.0,1,0,,
600905.SH,三峡能源,CSI,中央国有企业,公用事业,公用事业Ⅱ,公用事业--公用事业Ⅱ--电力--电力公用事业,2021,,,,,,,,,,217196000000.0,,0.039073376,5642366893.0,2844231671.0,target_year,,,,,,,,,,SOE_target,0.036911,0.10189999999999999,25.68314352,0.014739605,0.126082379,0.092403534,-0.064530566,0.68917574,0.67431158,0.69579096,0.178542795,True,CSI_nonSOE,0.004780530372008582,0.039073376,-0.03429284562799142,-7448268899.017224,0.0,0,1,AssetTurnover_lag,
600905.SH,三峡能源,CSI,中央国有企业,公用事业,公用事业Ⅱ,公用事业--公用事业Ⅱ--电力--电力公用事业,2022,,,,,,,,,,262127000000.0,,0.042507105,7155475873.0,3986790888.0,target_year,,,,,,,,,,SOE_target,0.037842,0.0981,26.10406807,0.016447582,0.130392082,0.085340136,-0.016042716,0.667788729,0.647345629,0.909165829,0.137691712,True,CSI_nonSOE,0.004966751768132965,0.042507105,-0.03754035323186704,-9840340171.609612,0.0,0,1,AssetTurnover_lag,
600905.SH,三峡能源,CSI,中央国有企业,公用事业,公用事业Ⅱ,公用事业--公用事业Ⅱ--电力--电力公用事业,2023,,,,,,,,,,311707560904.4,,0.035726,7181086737.34,3954822772.55,target_year,,,,,,,,,,SOE_target,0.031429,0.09,26.292096,0.021631,0.129341,0.098646,-0.016599,0.657012,0.66444,0.907727,0.10579,True,CSI_nonSOE,0.004261659108622501,0.035726,-0.0314643408913775,-9807672954.715857,0.0,1,0,,
600905.SH,三峡能源,CSI,中央国有企业,公用事业,公用事业Ⅱ,公用事业--公用事业Ⅱ--电力--电力公用事业,2024,,,,,,,,,,356871426700.32,,0.029203,6111426749.8,4310318180.69,target_year,,,,,,,,,,SOE_target,0.038501,0.07221899999999999,26.465331,0.022815,0.121904,0.091612,0.00235,0.684482,0.693671,1.015668,0.131892,True,CSI_nonSOE,0.0025528375207848064,0.029203,-0.026650162479215193,-9510681505.752863,0.0,0,1,AssetTurnover_lag,
600905.SH,三峡能源,CSI,中央国有企业,公用事业,公用事业Ⅱ,公用事业--公用事业Ⅱ--电力--电力公用事业,2025,,,,,,,,,,387155529975.3,,0.020299,3714396619.2,4144510564.47,target_year,,,,,,,,,,SOE_target,0.024668000000000002,0.042359,26.600641,0.025729,0.118327,0.088185,-0.023704,0.690148,0.709569,0.866542,0.086512,True,CSI_nonSOE,0.0006555310298833605,0.020299,-0.01964346897011664,-7605077639.678868,0.0,0,1,AssetTurnover_lag,
600930.SH,华电新能,CSI,中央国有企业,公用事业,公用事业Ⅱ,公用事业--公用事业Ⅱ--电力--电力公用事业,2022,,,,,,,,,,271927000000.0,,0.046442641,8522326035.0,4106695099.0,target_year,,,,,,,,,,SOE_target,0.051731,,,,0.130392082,,,,,,,True,CSI_nonSOE,0.07004472196239195,0.046442641,0.02360208096239195,6418043069.860355,6418043069.860355,1,0,,
600930.SH,华电新能,CSI,中央国有企业,公用事业,公用事业Ⅱ,公用事业--公用事业Ⅱ--电力--电力公用事业,2023,,,,,,,,,,336672867584.0,,0.042015,9619770057.0,4525620297.0,target_year,,,,,,,,,,SOE_target,0.052148,0.122204,26.328801,0.022349,0.129341,,-0.124576,0.705813,0.71125,0.542037,0.214746,True,CSI_nonSOE,0.010059141501715038,0.042015,-0.03195585849828496,-10758670516.726133,0.0,1,0,,
600930.SH,华电新能,CSI,中央国有企业,公用事业,公用事业Ⅱ,公用事业--公用事业Ⅱ--电力--电力公用事业,2024,,,,,,,,,,444090216404.0,,0.032194,8831054314.0,5465860155.0,target_year,,,,,,,,,,SOE_target,0.040872,0.093033,26.542378,0.025418,0.121904,0.096234,-0.106022,0.69146,0.73178,0.567832,0.179024,True,CSI_nonSOE,-0.007421544254556531,0.032194,-0.03961554425455653,-17592875620.96825,0.0,1,0,,
600930.SH,华电新能,CSI,中央国有企业,公用事业,公用事业Ⅱ,公用事业--公用事业Ⅱ--电力--电力公用事业,2025,,,,,,,,,,518120395445.0,,0.025709,7262870120.0,6057531034.0,target_year,,,,,,,,,,SOE_target,0.031789,0.059893999999999996,26.819294,0.029306,0.118327,0.086012,-0.092824,0.653688,0.730639,0.610585,0.1612,True,CSI_nonSOE,-0.006015605477064673,0.025709,-0.03172460547706467,-16437165135.11336,0.0,0,1,AssetTurnover_lag,
600938.SH,中国海油,CSI,中央国有企业,能源,石油石化,能源--石油石化--石油天然气--石油天然气勘探与生产,2019,,,,,,,,,,757731000000.0,,0.084581468,61045000000.0,3045000000.0,target_year,,,,,,,,,,SOE_target,0.122,0.14105399999999998,27.24356143,0.039982787,0.452070271,0.338122435,0.176552309,0.600102537,0.385123877,2.706101762,0.07465611,True,CSI_nonSOE,0.06813870291146656,0.084581468,-0.016442765088533443,-12459192833.299534,0.0,0,1,FirmSize_lag,
600938.SH,中国海油,CSI,中央国有企业,能源,石油石化,能源--石油石化--石油天然气--石油天然气勘探与生产,2020,,,,,,,,,,721275000000.0,,0.039516135,24956000000.0,3546000000.0,target_year,,,,,,,,,,SOE_target,0.050007,0.056596,27.35359428,0.039338217,0.44417932,0.316247015,0.151367702,0.581412137,0.408462898,2.256956241,0.095039005,True,CSI_nonSOE,0.06386331171661985,0.039516135,0.024347176716619852,17561009886.279984,17561009886.279984,0,1,FirmSize_lag,
600938.SH,中国海油,CSI,中央国有企业,能源,石油石化,能源--石油石化--石油天然气--石油天然气勘探与生产,2021,,,,,,,,,,786569000000.0,,0.093450161,70320000000.0,3185000000.0,target_year,,,,,,,,,,SOE_target,0.129543,0.153769,27.30428632,0.035156816,0.429200271,0.205074219,0.122753457,0.619275588,0.398384805,2.182854166,0.10456206,True,CSI_nonSOE,0.05962023655048966,0.093450161,-0.03382992444951034,-26609569844.3269,0.0,0,1,FirmSize_lag,
600938.SH,中国海油,CSI,中央国有企业,能源,石油石化,能源--石油石化--石油天然气--石油天然气勘探与生产,2022,,,,,,,,,,929031000000.0,,0.155839794,141700000000.0,3080000000.0,target_year,,,,,,,,,,SOE_target,0.22717400000000001,0.26287099999999997,27.39094629,0.041284448,0.425995256,0.315149313,0.14497266,0.591748467,0.387242569,2.213728433,0.104805809,True,CSI_nonSOE,0.06552876551888337,0.155839794,-0.09031102848111663,-83901745100.84027,0.0,0,1,FirmSize_lag,
600938.SH,中国海油,CSI,中央国有企业,能源,石油石化,能源--石油石化--石油天然气--石油天然气勘探与生产,2023,,,,,,,,,,1005598000000.0,,0.125544,123843000000.0,2404000000.0,target_year,,,,,,,,,,SOE_target,0.17633700000000002,0.19599,27.557408,0.054529,0.418201,0.45369,0.162845,0.573414,0.355906,2.334215,0.101992,True,CSI_nonSOE,0.07438300519361779,0.125544,-0.0511609948063822,-51447394055.30833,0.0,0,1,FirmSize_lag,
600938.SH,中国海油,CSI,中央国有企业,能源,石油石化,能源--石油石化--石油天然气--石油天然气勘探与生产,2024,,,,,,,,,,1056281000000.0,,0.133222,137936000000.0,2784000000.0,target_year,,,,,,,,,,SOE_target,0.182531,0.19508199999999998,27.636604,0.059575,0.410755,0.420933,0.125633,0.589619,0.335842,2.01934,0.120202,True,CSI_nonSOE,0.0735844806741547,0.133222,-0.05963751932584531,-62993978551.02321,0.0,0,1,FirmSize_lag,
600938.SH,中国海油,CSI,中央国有企业,能源,石油石化,能源--石油石化--石油天然气--石油天然气勘探与生产,2025,,,,,,,,,,1098559000000.0,,0.113556,122082000000.0,2666000000.0,target_year,,,,,,,,,,SOE_target,0.155225,0.157495,27.685775,0.061841,0.406814,0.39843,0.137969,0.598714,0.290496,2.225943,0.116786,True,CSI_nonSOE,0.07720746074339771,0.113556,-0.036348539256602294,-39931014937.193756,0.0,0,1,FirmSize_lag,
600941.SH,中国移动,CSI,中央国有企业,通讯服务,电信服务,通讯服务--电信服务--多元电信服务--综合电信业务,2019,,,,,,,,,,1629240000000.0,,0.067442489,106641000000.0,3239000000.0,target_year,,,,,,,,,,SOE_target,0.08549799999999999,0.098917,28.06014416,0.500605614,0.376451505,0.438784797,0.039532264,0.480937034,0.312584071,1.127989578,0.127067341,True,CSI_nonSOE,0.04601212130157052,0.067442489,-0.021430367698429473,-34915212268.989235,0.0,0,1,FirmSize_lag,
600941.SH,中国移动,CSI,中央国有企业,通讯服务,电信服务,通讯服务--电信服务--多元电信服务--综合电信业务,2020,,,,,,,,,,1727880000000.0,,0.064135745,107843000000.0,2976000000.0,target_year,,,,,,,,,,SOE_target,0.079764,0.095746,28.11913476,0.502483187,0.377325617,0.426135886,0.041613881,0.455924235,0.32036471,1.146729803,0.125804056,True,CSI_nonSOE,0.04418946550867249,0.064135745,-0.019946279491327504,-34464777407.47497,0.0,0,1,FirmSize_lag,
600941.SH,中国移动,CSI,中央国有企业,通讯服务,电信服务,通讯服务--电信服务--多元电信服务--综合电信业务,2021,,,,,,,,,,1841330000000.0,,0.064443741,116148000000.0,2514000000.0,target_year,,,,,,,,,,SOE_target,0.08055799999999999,0.098628,28.1779175,0.498909861,0.375629725,0.414457383,0.03615351,0.449798076,0.332841016,1.120765784,0.110221068,True,CSI_nonSOE,0.04243821936667889,0.064443741,-0.02200552163332111,-40519427149.08316,0.0,0,1,FirmSize_lag,
600941.SH,中国移动,CSI,中央国有企业,通讯服务,电信服务,通讯服务--电信服务--多元电信服务--综合电信业务,2022,,,,,,,,,,1935540000000.0,,0.065937739,125459000000.0,2166000000.0,target_year,,,,,,,,,,SOE_target,0.081688,0.100219,28.24150762,0.494347903,0.374126853,0.421050715,0.007181234,0.431779363,0.342706646,1.022714155,0.112587824,True,CSI_nonSOE,0.03956046877139317,0.065937739,-0.026377270228606822,-51054261618.27765,0.0,0,1,FirmSize_lag,
600941.SH,中国移动,CSI,中央国有企业,通讯服务,电信服务,通讯服务--电信服务--多元电信服务--综合电信业务,2023,,,,,,,,,,1992657000000.0,,0.067908,131766000000.0,3552000000.0,target_year,,,,,,,,,,SOE_target,0.0849,0.09985799999999999,28.291406,0.492227,0.373379,0.430017,-0.039765,0.420615,0.327617,0.85569,0.097951,True,CSI_nonSOE,0.0382353531100578,0.067908,-0.029672646889942193,-59127407533.77154,0.0,0,1,FirmSize_lag,
600941.SH,中国移动,CSI,中央国有企业,通讯服务,电信服务,通讯服务--电信服务--多元电信服务--综合电信业务,2024,,,,,,,,,,2108127000000.0,,0.067097,138373000000.0,3077000000.0,target_year,,,,,,,,,,SOE_target,0.08544299999999999,0.101233,28.32049,0.493234,0.374249,0.439649,-0.030342,0.396034,0.324528,0.891757,0.090965,True,CSI_nonSOE,0.03868356664706434,0.067097,-0.02841343335293566,-59899126014.0242,0.0,0,1,FirmSize_lag,
600941.SH,中国移动,CSI,中央国有企业,通讯服务,电信服务,通讯服务--电信服务--多元电信服务--综合电信业务,2025,,,,,,,,,,2128182000000.0,,0.065914,137095000000.0,3183000000.0,target_year,,,,,,,,,,SOE_target,0.08191000000000001,0.097213,28.376821,0.491611,0.373264,0.433804,-0.030576,0.374154,0.337545,0.898172,0.073989,True,CSI_nonSOE,0.03688396778316849,0.065914,-0.02903003221683151,-61781192023.280914,0.0,0,1,FirmSize_lag,
601006.SH,大秦铁路,CSI,中央国有企业,工业,交通运输,工业--交通运输--铁路公路运输--铁路运输,2019,,,,,,,,,,148044000000.0,,0.095561613,13669294112.0,478008759.0,target_year,,,,,,,,,,SOE_target,0.134944,0.124054,25.70652666,0.089625731,0.111099702,0.570549848,0.084136557,0.57754898,0.215728043,1.670729602,0.046021713,True,CSI_nonSOE,0.05158576748408161,0.095561613,-0.04397584551591839,-6510360073.558622,0.0,1,0,,
601006.SH,大秦铁路,CSI,中央国有企业,工业,交通运输,工业--交通运输--铁路公路运输--铁路运输,2020,,,,,,,,,,182203000000.0,,0.06014214,10895704612.0,62353169.0,target_year,,,,,,,,,,SOE_target,0.09520899999999999,0.092804,25.72077391,0.082277343,0.108646931,0.541686591,0.100402373,0.552307357,0.174412521,2.048937304,0.035506266,True,CSI_nonSOE,0.0526953197232199,0.06014214,-0.007446820276780099,-1356832994.8901644,0.0,1,0,,
601006.SH,大秦铁路,CSI,中央国有企业,工业,交通运输,工业--交通运输--铁路公路运输--铁路运输,2021,,,,,,,,,,198546000000.0,,0.06305714,12181309677.0,338451918.0,target_year,,,,,,,,,,SOE_target,0.096868,0.099306,25.92838541,0.090638906,0.123286456,0.436682029,0.297357989,0.425794186,0.287461936,5.030979552,0.010649474,True,CSI_nonSOE,0.03870148626023811,0.06305714,-0.02435565373976189,-4835717627.414764,0.0,1,0,,
601006.SH,大秦铁路,CSI,中央国有企业,工业,交通运输,工业--交通运输--铁路公路运输--铁路运输,2022,,,,,,,,,,202297000000.0,,0.056109512,11196257454.0,154529809.0,target_year,,,,,,,,,,SOE_target,0.084593,0.088618,26.01428814,0.071203937,0.15352339,0.411764299,0.271773036,0.441406619,0.318403373,3.96929373,0.018177959,True,CSI_nonSOE,0.034378057644959034,0.056109512,-0.021731454355040966,-4396208021.661722,0.0,1,0,,
601006.SH,大秦铁路,CSI,中央国有企业,工业,交通运输,工业--交通运输--铁路公路运输--铁路运输,2023,,,,,,,,,,207673222249.0,,0.058222,11930006082.0,161042754.0,target_year,,,,,,,,,,SOE_target,0.087265,0.08968400000000001,26.033003,0.064458,0.180808,0.377665,0.299635,0.437414,0.307013,4.480187,0.035211,True,CSI_nonSOE,0.03406121441297655,0.058222,-0.024160785587023455,-5017548194.924357,0.0,1,0,,
601006.SH,大秦铁路,CSI,中央国有企业,工业,交通运输,工业--交通运输--铁路公路运输--铁路运输,2024,,,,,,,,,,207017831253.0,,0.043731,9039359180.0,13716097.0,target_year,,,,,,,,,,SOE_target,0.064335,0.061777,26.059232,0.066414,0.114556,0.393827,0.313596,0.43126,0.266118,5.188494,0.035112,True,CSI_nonSOE,0.036812933998348146,0.043731,-0.006918066001651853,-1432163020.1270797,0.0,1,0,,
601006.SH,大秦铁路,CSI,中央国有企业,工业,交通运输,工业--交通运输--铁路公路运输--铁路运输,2025,,,,,,,,,,211817901515.0,,0.026457,5900148479.0,-296022107.0,target_year,,,,,,,,,,SOE_target,0.039529999999999996,0.036973,26.056071,0.053537,0.116886,0.358657,0.289553,0.436047,0.178965,4.920361,0.021893,True,CSI_nonSOE,0.041254709477862694,0.026457,0.014797709477862693,3134419768.829502,3134419768.829502,1,0,,
601018.SH,宁波港,CSI,地方国有企业,工业,交通运输,工业--交通运输--交通基础设施--海港与服务,2019,,,,,,,,,,71778991000.0,,0.054406379,3422218000.0,483017000.0,target_year,,,,,,,,,,SOE_target,0.06641,0.08650600000000001,25.02221389,0.024928256,0.111099702,0.31969526,-0.075756932,0.484900717,0.429334025,0.769098533,0.030742178,True,CSI_nonSOE,0.021631795604399456,0.054406379,-0.03277458339560054,-2352526526.5815606,0.0,1,0,,
601018.SH,宁波港,CSI,地方国有企业,工业,交通运输,工业--交通运输--交通基础设施--海港与服务,2020,,,,,,,,,,85419000000.0,,0.045359534,3430805000.0,443761000.0,target_year,,,,,,,,,,SOE_target,0.061177,0.074361,24.99685767,0.024966116,0.108646931,0.332344106,-0.073309306,0.515756024,0.380991076,0.727700149,0.038359163,True,CSI_nonSOE,0.02763125537239447,0.045359534,-0.01772827862760553,-1514331832.0914369,0.0,1,0,,
601018.SH,宁波港,CSI,地方国有企业,工业,交通运输,工业--交通运输--交通基础设施--海港与服务,2021,,,,,,,,,,94961585000.0,,0.050877647,4331678000.0,499744000.0,target_year,,,,,,,,,,SOE_target,0.066056,0.081565,25.1708344,0.026568472,0.123286456,0.268910892,-0.037107962,0.512220536,0.351703169,0.848909062,0.045371896,True,CSI_nonSOE,0.026683812647059907,0.050877647,-0.02419383435294009,-2297484857.3826404,0.0,1,0,,
601018.SH,宁波港,CSI,地方国有企业,工业,交通运输,工业--交通运输--交通基础设施--海港与服务,2022,,,,,,,,,,108880000000.0,,0.044127532,4220128000.0,584461000.0,target_year,,,,,,,,,,SOE_target,0.064013,0.06663000000000001,25.27673828,0.020766758,0.15352339,0.253490862,-0.022773914,0.5203172,0.380029988,0.899107636,0.067032422,True,CSI_nonSOE,0.02263407302003348,0.044127532,-0.021493458979966518,-2340207813.7387543,0.0,1,0,,
601018.SH,宁波港,CSI,地方国有企业,工业,交通运输,工业--交通运输--交通基础设施--海港与服务,2023,,,,,,,,,,112344177000.0,,0.04463,4668391000.0,345504000.0,target_year,,,,,,,,,,SOE_target,0.05669,0.063583,25.413509,0.021723,0.180808,0.250287,0.082167,0.499505,0.297792,1.472622,0.058357,True,CSI_nonSOE,0.03208763291352116,0.04463,-0.012542367086478844,-1409061907.9623535,0.0,1,0,,
601018.SH,宁波港,CSI,地方国有企业,工业,交通运输,工业--交通运输--交通基础设施--海港与服务,2024,,,,,,,,,,112898984000.0,,0.045185,4897513000.0,203858000.0,target_year,,,,,,,,,,SOE_target,0.06326,0.063945,25.444833,0.021216,0.114556,0.233152,-0.026377,0.542051,0.281558,0.866527,0.07921,True,CSI_nonSOE,0.027187572216351506,0.045185,-0.017997427783648497,-2031891311.3872871,0.0,1,0,,
601018.SH,宁波港,CSI,地方国有企业,工业,交通运输,工业--交通运输--交通基础设施--海港与服务,2025,,,,,,,,,,123425080000.0,,0.042734,5168472000.0,105974000.0,target_year,,,,,,,,,,SOE_target,0.061954,0.064993,25.449759,0.020463,0.116886,0.252389,-0.018075,0.559628,0.242247,0.883191,0.046109,True,CSI_nonSOE,0.032552736775565985,0.042734,-0.010181263224434016,-1256623227.9768264,0.0,1,0,,
601088.SH,中国神华,CSI,中央国有企业,能源,煤炭Ⅱ,能源--煤炭Ⅱ--煤炭Ⅲ--煤炭与消费用燃料,2019,,,,,,,,,,563083000000.0,,0.079515809,41707000000.0,3067000000.0,target_year,,,,,,,,,,SOE_target,0.115733,0.121282,27.10614052,0.507010805,0.3281903,0.454082948,0.1857846,0.496824007,0.308960391,1.890858398,0.035385531,True,CSI_nonSOE,0.08006998776222783,0.079515809,0.0005541787622278249,312048639.9715303,312048639.9715303,0,1,FirmSize_lag,
601088.SH,中国神华,CSI,中央国有企业,能源,煤炭Ⅱ,能源--煤炭Ⅱ--煤炭Ⅲ--煤炭与消费用燃料,2020,,,,,,,,,,562904000000.0,,0.067702486,35849000000.0,2261000000.0,target_year,,,,,,,,,,SOE_target,0.10646499999999999,0.099542,27.05669288,0.447627872,0.293470907,0.418929791,0.115455448,0.49812905,0.253719256,1.680864657,0.033758789,True,CSI_nonSOE,0.07892828244555962,0.067702486,0.011225796445559613,6319045722.391289,6319045722.391289,0,1,FirmSize_lag,
601088.SH,中国神华,CSI,中央国有企业,能源,煤炭Ⅱ,能源--煤炭Ⅱ--煤炭Ⅲ--煤炭与消费用燃料,2021,,,,,,,,,,610597000000.0,,0.088765585,51607000000.0,2593000000.0,target_year,,,,,,,,,,SOE_target,0.135102,0.138684,27.05637494,0.411734128,0.275297772,0.414326276,0.182510695,0.493943905,0.236837898,2.478364727,0.036727399,True,CSI_nonSOE,0.08242073005702046,0.088765585,-0.006344854942979539,-3874149393.6184773,0.0,0,1,FirmSize_lag,
601088.SH,中国神华,CSI,中央国有企业,能源,煤炭Ⅱ,能源--煤炭Ⅱ--煤炭Ⅲ--煤炭与消费用燃料,2022,,,,,,,,,,625178000000.0,,0.121784516,72903000000.0,3234000000.0,target_year,,,,,,,,,,SOE_target,0.161546,0.187659,27.137703,0.389105518,0.269530745,0.57130927,0.190898416,0.474710816,0.26429216,2.270458212,0.039081424,True,CSI_nonSOE,0.08651767438517274,0.121784516,-0.03526684161482725,-22048053507.07447,0.0,0,1,FirmSize_lag,
601088.SH,中国神华,CSI,中央国有企业,能源,煤炭Ⅱ,能源--煤炭Ⅱ--煤炭Ⅲ--煤炭与消费用燃料,2023,,,,,,,,,,633412000000.0,,0.106539,64625000000.0,2858000000.0,target_year,,,,,,,,,,SOE_target,0.147784,0.159881,27.161302,0.370616,0.250024,0.557598,0.180182,0.471779,0.259856,2.14473,0.045881,True,CSI_nonSOE,0.08564898621987078,0.106539,-0.02089001378012921,-13231985408.499203,0.0,0,1,FirmSize_lag,
601088.SH,中国神华,CSI,中央国有企业,能源,煤炭Ⅱ,能源--煤炭Ⅱ--煤炭Ⅲ--煤炭与消费用燃料,2024,,,,,,,,,,661436000000.0,,0.098454,62421000000.0,2700000000.0,target_year,,,,,,,,,,SOE_target,0.139226,0.148422,27.174387,0.39907,0.263234,0.545172,0.169504,0.489088,0.239593,2.17231,0.058546,True,CSI_nonSOE,0.0865084261221854,0.098454,-0.0119455738778146,-7901232603.4461775,0.0,0,1,FirmSize_lag,
601088.SH,中国神华,CSI,中央国有企业,能源,煤炭Ⅱ,能源--煤炭Ⅱ--煤炭Ⅲ--煤炭与消费用燃料,2025,,,,,,,,,,631777000000.0,,0.089593,54218000000.0,2385000000.0,target_year,,,,,,,,,,SOE_target,0.125517,0.128749,27.217679,0.392903,0.263097,0.522648,0.170092,0.483933,0.233002,2.214694,0.055987,True,CSI_nonSOE,0.08598985763068463,0.089593,-0.0036031423693153736,-2276382476.658959,0.0,0,1,FirmSize_lag,
601111.SH,中国国航,CSI,中央国有企业,工业,交通运输,工业--交通运输--航空客运Ⅲ--航空客运Ⅳ,2019,,,,,,,,,,294206000000.0,,0.038643697,6420294000.0,4948928000.0,target_year,,,,,,,,,,SOE_target,0.051708,0.068808,26.21902778,0.157036515,0.111099702,0.570723639,-0.200337972,0.704525554,0.587543188,0.327076743,0.037507993,True,CSI_nonSOE,0.008676817776676324,0.038643697,-0.029966879223323674,-8816435668.777164,0.0,0,1,CurrentRatio_lag,
601111.SH,中国国航,CSI,中央国有企业,工业,交通运输,工业--交通运输--航空客运Ⅲ--航空客运Ⅳ,2020,,,,,,,,,,284030000000.0,,-0.032755591,-14403343000.0,5099785000.0,target_year,,,,,,,,,,SOE_target,-0.046895,-0.16846,26.40754731,0.140714954,0.108646931,0.506376413,-0.180675733,0.347233919,0.655583725,0.318275776,0.025430907,True,CSI_nonSOE,-0.009208478529248998,-0.032755591,0.023547112470751003,6688086355.067408,6688086355.067408,0,1,CurrentRatio_lag,
601111.SH,中国国航,CSI,中央国有企业,工业,交通运输,工业--交通运输--航空客运Ⅲ--航空客运Ⅳ,2021,,,,,,,,,,298381000000.0,,-0.037335215,-16635178000.0,5495052000.0,target_year,,,,,,,,,,SOE_target,-0.056464,-0.23951,26.37234435,0.087367401,0.123286456,0.24039925,-0.214281471,0.356816629,0.705055278,0.244867819,0.017709488,True,CSI_nonSOE,-0.025675051110528452,-0.037335215,0.011660163889471546,3479171361.5044093,3479171361.5044093,0,1,CurrentRatio_lag,
601111.SH,中国国航,CSI,中央国有企业,工业,交通运输,工业--交通运输--航空客运Ⅲ--航空客运Ⅳ,2022,,,,,,,,,,294979000000.0,,-0.108973296,-38617495000.0,6472620000.0,target_year,,,,,,,,,,SOE_target,-0.133588,-0.909227,26.42163767,0.067699809,0.15352339,0.25594192,-0.205183842,0.331135843,0.77937245,0.331770559,0.006113086,True,CSI_nonSOE,-0.030164632233989713,-0.108973296,0.07880866376601028,23246900829.033947,23246900829.033947,0,1,CurrentRatio_lag,
601111.SH,中国国航,CSI,中央国有企业,工业,交通运输,工业--交通运输--航空客运Ⅲ--航空客运Ⅳ,2023,,,,,,,,,,335278694000.0,,0.017611,-1038411000.0,6943087000.0,target_year,,,,,,,,,,SOE_target,0.014877,-0.034168,26.410171,0.045046,0.180808,0.178298,-0.23811,0.337563,0.927018,0.240533,0.003352,True,CSI_nonSOE,-0.03298328161260118,0.017611,-0.05059428161260118,-16963184662.94114,0.0,0,2,"FinancialLeverage_lag, CurrentRatio_lag",
601111.SH,中国国航,CSI,中央国有企业,工业,交通运输,工业--交通运输--航空客运Ⅲ--航空客运Ⅳ,2024,,,,,,,,,,345750173000.0,,0.017834,-232557000.0,6398748000.0,target_year,,,,,,,,,,SOE_target,0.012565,-0.0056489999999999995,26.538228,0.11608,0.114556,0.447754,-0.23259,0.351136,0.894822,0.293107,0.028784,True,CSI_nonSOE,-0.02008539216035607,0.017834,-0.03791939216035607,-13110636399.497955,0.0,0,2,"FinancialLeverage_lag, CurrentRatio_lag",
601111.SH,中国国航,CSI,中央国有企业,工业,交通运输,工业--交通运输--航空客运Ⅲ--航空客运Ⅳ,2025,,,,,,,,,,343010455000.0,,0.010977,-1787943000.0,5553051000.0,target_year,,,,,,,,,,SOE_target,0.009768,-0.040801,26.568982,0.12001,0.116886,0.48955,-0.280326,0.353379,0.881631,0.29567,0.026481,True,CSI_nonSOE,-0.01816801615253323,0.010977,-0.029145016152533232,-9997045251.462772,0.0,0,2,"FinancialLeverage_lag, CurrentRatio_lag",
601117.SH,中国化学,CSI,中央国有企业,工业,建筑,工业--建筑--建筑与工程Ⅲ--建筑与工程Ⅳ,2019,,,,,,,,,,115865000000.0,,0.028923341,3061407369.0,289806779.8,target_year,,,,,,,,,,SOE_target,0.038437,0.09006299999999999,25.29821051,0.019913202,0.178025019,0.878292587,0.21952137,0.111219633,0.63906894,1.387030531,0.010159534,True,CSI_nonSOE,0.036768070176125676,0.028923341,0.007844729176125675,908929545.9918013,908929545.9918013,1,0,,
601117.SH,中国化学,CSI,中央国有企业,工业,建筑,工业--建筑--建筑与工程Ⅲ--建筑与工程Ⅳ,2020,,,,,,,,,,136008000000.0,,0.030814922,3658838010.0,532242625.5,target_year,,,,,,,,,,SOE_target,0.03608,0.10051299999999999,25.47569493,0.021861497,0.179054819,0.970062543,0.153063024,0.082862011,0.675556122,1.25315949,0.006583871,True,CSI_nonSOE,0.02934315154752979,0.030814922,-0.0014717704524702113,-200172555.6995685,0.0,1,0,,
601117.SH,中国化学,CSI,中央国有企业,工业,建筑,工业--建筑--建筑与工程Ⅲ--建筑与工程Ⅳ,2021,,,,,,,,,,177896000000.0,,0.02864568,4633424156.0,462528943.3,target_year,,,,,,,,,,SOE_target,0.038491,0.10793,25.63598067,0.020410956,0.179498397,0.866772612,0.13346452,0.087295556,0.700576858,1.206806431,0.006452369,True,CSI_nonSOE,0.01952286437834236,0.02864568,-0.009122815621657641,-1622912407.8304079,0.0,1,0,,
601117.SH,中国化学,CSI,中央国有企业,工业,建筑,工业--建筑--建筑与工程Ⅲ--建筑与工程Ⅳ,2022,,,,,,,,,,194566000000.0,,0.025998681,5415214019.0,-356763819.8,target_year,,,,,,,,,,SOE_target,0.036001,0.10713800000000001,25.90446519,0.022285355,0.17910201,0.872286223,0.12086578,0.084982363,0.704877319,1.184472444,0.021539793,True,CSI_nonSOE,0.013887935531997395,0.025998681,-0.012110745468002605,-2356339302.7273946,0.0,1,0,,
601117.SH,中国化学,CSI,中央国有企业,工业,建筑,工业--建筑--建筑与工程Ⅲ--建筑与工程Ⅳ,2023,,,,,,,,,,219115319747.0,,0.023994,5426141014.95,-168615955.65,target_year,,,,,,,,,,SOE_target,0.033386,0.09831300000000001,25.994035,0.02301,0.173049,0.844108,0.1213,0.088868,0.700228,1.185803,0.015632,True,CSI_nonSOE,0.011906387270173124,0.023994,-0.012087612729826877,-2648581128.273924,0.0,1,0,,
601117.SH,中国化学,CSI,中央国有企业,工业,建筑,工业--建筑--建筑与工程Ⅲ--建筑与工程Ⅳ,2024,,,,,,,,,,233421377309.4,,0.025317,5687933905.73,221671999.73,target_year,,,,,,,,,,SOE_target,0.033504,0.09498,26.112864,0.024201,0.176169,0.859609,0.11793,0.094952,0.707587,1.180015,0.015217,True,CSI_nonSOE,0.011884897925569057,0.025317,-0.013432102074430942,-3135339766.3741193,0.0,1,0,,
601117.SH,中国化学,CSI,中央国有企业,工业,建筑,工业--建筑--建筑与工程Ⅲ--建筑与工程Ⅳ,2025,,,,,,,,,,247353213805.61,,0.026946,6436145919.35,229081690.59,target_year,,,,,,,,,,SOE_target,0.036042,0.099426,26.176111,0.026149,0.174423,0.818796,0.08385,0.099532,0.704835,1.125799,0.012938,True,CSI_nonSOE,0.008697412850173974,0.026946,-0.018248587149826027,-4513846678.921225,0.0,1,0,,
601186.SH,中国铁建,CSI,中央国有企业,工业,建筑,工业--建筑--建筑与工程Ⅲ--建筑与工程Ⅳ,2019,,,,,,,,,,1081240000000.0,,0.024870217,20197378000.0,6693276000.0,target_year,,,,,,,,,,SOE_target,0.030754,0.106344,27.54510432,0.179441198,0.178025019,0.839435107,0.057684202,0.059639027,0.774063963,1.088617697,0.035240302,True,CSI_nonSOE,0.010894354707919801,0.024870217,-0.013975862292080199,-15111261344.688795,0.0,0,1,FirmSize_lag,
601186.SH,中国铁建,CSI,中央国有企业,工业,建筑,工业--建筑--建筑与工程Ⅲ--建筑与工程Ⅳ,2020,,,,,,,,,,1242790000000.0,,0.022541552,22392983000.0,5621495000.0,target_year,,,,,,,,,,SOE_target,0.028767,0.09646800000000001,27.70912892,0.175822099,0.179054819,0.830905085,0.061813243,0.052260934,0.757665491,1.097005706,0.029840757,True,CSI_nonSOE,0.010469315411881841,0.022541552,-0.012072236588118158,-15003254909.347366,0.0,0,1,FirmSize_lag,
601186.SH,中国铁建,CSI,中央国有企业,工业,建筑,工业--建筑--建筑与工程Ⅲ--建筑与工程Ⅳ,2021,,,,,,,,,,1352970000000.0,,0.022695834,24690556000.0,6016226000.0,target_year,,,,,,,,,,SOE_target,0.028597,0.094403,27.84838222,0.170216618,0.179498397,0.783401225,0.073337434,0.051226586,0.747633644,1.118425578,0.025256172,True,CSI_nonSOE,0.009110936669067704,0.022695834,-0.013584897330932297,-18379958541.83147,0.0,0,1,FirmSize_lag,
601186.SH,中国铁建,CSI,中央国有企业,工业,建筑,工业--建筑--建筑与工程Ⅲ--建筑与工程Ⅳ,2022,,,,,,,,,,1523950000000.0,,0.02151334,26642094000.0,6143183000.0,target_year,,,,,,,,,,SOE_target,0.027513,0.095274,27.9333233,0.166034342,0.17910201,0.785903995,0.056408052,0.052064362,0.743901938,1.091719883,0.024298731,True,CSI_nonSOE,0.008247783880950224,0.02151334,-0.013265556119049775,-20216044247.625904,0.0,0,1,FirmSize_lag,
601186.SH,中国铁建,CSI,中央国有企业,工业,建筑,工业--建筑--建筑与工程Ⅲ--建筑与工程Ⅳ,2023,,,,,,,,,,1663019578000.0,,0.020178,26096971000.0,7459090000.0,target_year,,,,,,,,,,SOE_target,0.026402000000000002,0.086943,28.052327,0.16047,0.173049,0.762143,0.049486,0.048347,0.746701,1.080689,0.019856,True,CSI_nonSOE,0.0062960539688626665,0.020178,-0.013881946031137335,-23085948030.520786,0.0,0,1,FirmSize_lag,
601186.SH,中国铁建,CSI,中央国有企业,工业,建筑,工业--建筑--建筑与工程Ⅲ--建筑与工程Ⅳ,2024,,,,,,,,,,1862842522000.0,,0.017098,22215074000.0,9635257000.0,target_year,,,,,,,,,,SOE_target,0.021749,0.06963,28.139656,0.154893,0.176169,0.714154,0.040108,0.047552,0.749179,1.06683,0.020998,True,CSI_nonSOE,0.003499462458257857,0.017098,-0.013598537541742142,-25331933969.77061,0.0,0,1,FirmSize_lag,
601186.SH,中国铁建,CSI,中央国有企业,工业,建筑,工业--建筑--建筑与工程Ⅲ--建筑与工程Ⅳ,2025,,,,,,,,,,2083825209000.0,,0.015085,18362618000.0,13072638000.0,target_year,,,,,,,,,,SOE_target,0.018279,0.054934000000000004,28.253125,0.150621,0.174423,0.605339,0.01676,0.04286,0.773144,1.028057,0.020371,True,CSI_nonSOE,-0.00248249459564856,0.015085,-0.01756749459564856,-36607588097.383736,0.0,0,1,FirmSize_lag,
601225.SH,陕西煤业,CSI,地方国有企业,能源,煤炭Ⅱ,能源--煤炭Ⅱ--煤炭Ⅲ--煤炭与消费用燃料,2019,,,,,,,,,,126684000000.0,,0.098061525,11643397961.0,779381426.5,target_year,,,,,,,,,,SOE_target,0.161265,0.213801,25.51516149,0.104323389,0.3281903,0.481035865,0.023440984,0.436528856,0.449190309,1.098515116,0.036689981,True,CSI_nonSOE,0.05655437863341423,0.098061525,-0.04150714636658576,-5258291330.304551,0.0,1,0,,
601225.SH,陕西煤业,CSI,地方国有企业,能源,煤炭Ⅱ,能源--煤炭Ⅱ--煤炭Ⅲ--煤炭与消费用燃料,2020,,,,,,,,,,148912000000.0,,0.100237638,14882641695.0,43980183.04,target_year,,,,,,,,,,SOE_target,0.174229,0.231661,25.56495786,0.12915651,0.293470907,0.564600682,0.054510991,0.439341317,0.39873896,1.247457596,0.038178355,True,CSI_nonSOE,0.06590021534546056,0.100237638,-0.03433742265453944,-5113254282.332778,0.0,1,0,,
601225.SH,陕西煤业,CSI,地方国有企业,能源,煤炭Ⅱ,能源--煤炭Ⅱ--煤炭Ⅲ--煤炭与消费用燃料,2021,,,,,,,,,,185407000000.0,,0.113549493,21139687861.0,-86779774.34,target_year,,,,,,,,,,SOE_target,0.243413,0.271687,25.72662369,0.16038508,0.275297772,0.659401984,0.107688959,0.403718514,0.39783739,1.411395469,0.055749205,True,CSI_nonSOE,0.07010388837316545,0.113549493,-0.043445604626834555,-8055119217.047514,0.0,1,0,,
601225.SH,陕西煤业,CSI,地方国有企业,能源,煤炭Ⅱ,能源--煤炭Ⅱ--煤炭Ⅲ--煤炭与消费用燃料,2022,,,,,,,,,,215260000000.0,,0.16034107,35122944094.0,-607952085.2,target_year,,,,,,,,,,SOE_target,0.319782,0.37351300000000004,25.94582102,0.166631218,0.269530745,0.85877972,0.196678798,0.349646573,0.381809852,1.767717225,0.042977561,True,CSI_nonSOE,0.07901029055570799,0.16034107,-0.08133077944429201,-17507263583.1783,0.0,1,0,,
601225.SH,陕西煤业,CSI,地方国有企业,能源,煤炭Ⅱ,能源--煤炭Ⅱ--煤炭Ⅲ--煤炭与消费用燃料,2023,,,,,,,,,,193901834023.3,,0.107386,21239015394.53,-416754788.59,target_year,,,,,,,,,,SOE_target,0.20664000000000002,0.221275,26.095112,0.167115,0.250024,0.775475,0.145327,0.384026,0.359299,1.616833,0.047264,True,CSI_nonSOE,0.07469989975189394,0.107386,-0.03268610024810606,-6337894785.177206,0.0,1,0,,
601225.SH,陕西煤业,CSI,地方国有企业,能源,煤炭Ⅱ,能源--煤炭Ⅱ--煤炭Ⅲ--煤炭与消费用燃料,2024,,,,,,,,,,228552861117.95,,0.099353,22359786564.16,347711903.42,target_year,,,,,,,,,,SOE_target,0.209174,0.24861799999999998,25.990618,0.185843,0.263234,0.780946,0.047082,0.456536,0.360052,1.221613,0.056212,True,CSI_nonSOE,0.07273489725978763,0.099353,-0.026618102740212368,-6083643538.807082,0.0,1,0,,
601225.SH,陕西煤业,CSI,地方国有企业,能源,煤炭Ⅱ,能源--煤炭Ⅱ--煤炭Ⅲ--煤炭与消费用燃料,2025,,,,,,,,,,236269289914.48,,0.071676,16764763168.36,170032743.71,target_year,,,,,,,,,,SOE_target,0.13987,0.17881,26.155033,0.201894,0.263097,0.823164,-0.024704,0.483405,0.437124,0.902357,0.060788,True,CSI_nonSOE,0.06559984642687461,0.071676,-0.006076153573125395,-1435608490.1336677,0.0,1,0,,
601238.SH,广汽集团,CSI,地方国有企业,可选消费,汽车与零配件,可选消费--汽车与零配件--汽车--汽车制造,2019,,,,,,,,,,137464000000.0,,0.051888271,6616265000.0,516481000.0,target_year,,,,,,,,,,SOE_target,0.04707,0.08439500000000001,25.60738325,0.048609696,0.376606004,0.574830016,0.196102639,0.12346167,0.410059095,1.643304855,0.074538305,True,CSI_nonSOE,0.045002120307516685,0.051888271,-0.006886150692483314,-946597818.7915263,0.0,1,0,,
601238.SH,广汽集团,CSI,地方国有企业,可选消费,汽车与零配件,可选消费--汽车与零配件--汽车--汽车制造,2020,,,,,,,,,,142861000000.0,,0.044824242,5964055000.0,439567000.0,target_year,,,,,,,,,,SOE_target,0.04066499999999999,0.072483,25.64662464,0.042562766,0.369422071,0.442849115,0.109771804,0.141097817,0.399780921,1.361212832,0.073478685,True,CSI_nonSOE,0.035315684233213754,0.044824242,-0.009508557766786246,-1358402071.1208498,0.0,1,0,,
601238.SH,广汽集团,CSI,地方国有企业,可选消费,汽车与零配件,可选消费--汽车与零配件--汽车--汽车制造,2021,,,,,,,,,,154251000000.0,,0.051450993,7511030000.0,425316000.0,target_year,,,,,,,,,,SOE_target,0.050627000000000005,0.085993,25.68513578,0.047287381,0.324255792,0.450599529,0.098695612,0.140508983,0.393019667,1.331421417,0.046097755,True,CSI_nonSOE,0.035218655234561094,0.051450993,-0.016232337765438906,-2503854332.656717,0.0,1,0,,
601238.SH,广汽集团,CSI,地方国有企业,可选消费,汽车与零配件,可选消费--汽车与零配件--汽车--汽车制造,2022,,,,,,,,,,190075000000.0,,0.043845671,7982930000.0,351026000.0,target_year,,,,,,,,,,SOE_target,0.042034,0.078417,25.76184432,0.049781593,0.289774151,0.50941025,0.078178567,0.126259291,0.399361872,1.245439908,0.04047274,True,CSI_nonSOE,0.03403599979158092,0.043845671,-0.00980967120841908,-1864573254.9402566,0.0,1,0,,
601238.SH,广汽集团,CSI,地方国有企业,可选消费,汽车与零配件,可选消费--汽车与零配件--汽车--汽车制造,2023,,,,,,,,,,218448770000.0,,0.022413,4428845000.0,467323000.0,target_year,,,,,,,,,,SOE_target,0.015753,0.038668999999999995,25.970683,0.061175,0.236564,0.638968,0.184684,0.109223,0.356557,1.619242,0.04216,True,CSI_nonSOE,0.044807106393622224,0.022413,0.022394106393622226,4891964996.935911,4891964996.935911,1,0,,
601238.SH,广汽集团,CSI,地方国有企业,可选消费,汽车与零配件,可选消费--汽车与零配件--汽车--汽车制造,2024,,,,,,,,,,232512366000.0,,0.005963,823579000.0,562994000.0,target_year,,,,,,,,,,SOE_target,-0.003319,0.007156,26.109817,0.061643,0.222276,0.635,0.109483,0.114121,0.430284,1.309821,0.052994,True,CSI_nonSOE,0.0338832686402474,0.005963,0.0279202686402474,6491807720.899526,6491807720.899526,1,0,,
601238.SH,广汽集团,CSI,地方国有企业,可选消费,汽车与零配件,可选消费--汽车与零配件--汽车--汽车制造,2025,,,,,,,,,,214997433000.0,,-0.037883,-8783621000.0,638948000.0,target_year,,,,,,,,,,SOE_target,-0.052878,-0.079962,26.172209,0.04632,0.204324,0.478018,0.087342,0.122127,0.476025,1.22371,0.046704,True,CSI_nonSOE,0.02237779830530355,-0.037883,0.06026079830530355,12955916946.171013,12955916946.171013,1,0,,
601298.SH,青岛港,CSI,地方国有企业,工业,交通运输,工业--交通运输--交通基础设施--海港与服务,2019,,,,,,,,,,52785301395.0,,0.076096852,3790143318.0,226651944.0,target_year,,,,,,,,,,SOE_target,0.094567,0.132206,24.61029473,0.013480893,0.111099702,0.242543868,0.108784129,0.330942547,0.396717894,1.406157264,0.060536752,True,CSI_nonSOE,0.033021742464466,0.076096852,-0.043075109535534006,-2273732639.455801,0.0,1,0,,
601298.SH,青岛港,CSI,地方国有企业,工业,交通运输,工业--交通运输--交通基础设施--海港与服务,2020,,,,,,,,,,57177364980.0,,0.070826963,3841863143.0,207835967.0,target_year,,,,,,,,,,SOE_target,0.09688599999999999,0.12128299999999999,24.68949861,0.012569095,0.108646931,0.239565753,0.168973722,0.319254585,0.363509137,1.813336737,0.044035765,True,CSI_nonSOE,0.037069429491244935,0.070826963,-0.03375753350875507,-1930166814.2546687,0.0,1,0,,
601298.SH,青岛港,CSI,地方国有企业,工业,交通运输,工业--交通运输--交通基础设施--海港与服务,2021,,,,,,,,,,60575556128.0,,0.068009798,3964054012.0,155677343.0,target_year,,,,,,,,,,SOE_target,0.093518,0.116728,24.76942394,0.016617029,0.123286456,0.240434582,0.073048221,0.336444896,0.35742523,1.282351066,0.052256028,True,CSI_nonSOE,0.03185664637042779,0.068009798,-0.03615315162957221,-2189997265.7412457,0.0,1,0,,
601298.SH,青岛港,CSI,地方国有企业,工业,交通运输,工业--交通运输--交通基础设施--海港与服务,2022,,,,,,,,,,57475910361.0,,0.081422004,4525175176.0,154628607.0,target_year,,,,,,,,,,SOE_target,0.107742,0.125138,24.82715728,0.014623468,0.15352339,0.273440036,0.072342317,0.350636445,0.359731403,1.270789891,0.039981503,True,CSI_nonSOE,0.032609330126475836,0.081422004,-0.04881267387352417,-2805552868.035402,0.0,1,0,,
601298.SH,青岛港,CSI,地方国有企业,工业,交通运输,工业--交通运输--交通基础设施--海港与服务,2023,,,,,,,,,,60245860643.0,,0.084406,4923321689.0,161761849.0,target_year,,,,,,,,,,SOE_target,0.11590500000000001,0.126764,24.774632,0.016404,0.180808,0.326345,0.090309,0.429321,0.28184,1.597515,0.051444,True,CSI_nonSOE,0.04493530889378183,0.084406,-0.03947069110621816,-2377945755.868119,0.0,1,0,,
601298.SH,青岛港,CSI,地方国有企业,工业,交通运输,工业--交通运输--交通基础设施--海港与服务,2024,,,,,,,,,,62749753460.0,,0.0854,5234897470.0,123906331.0,target_year,,,,,,,,,,SOE_target,0.11468600000000001,0.1265,24.8217,0.014951,0.114556,0.308747,0.103533,0.42303,0.260718,1.729182,0.045052,True,CSI_nonSOE,0.04520767856823452,0.0854,-0.04019232143176548,-2522058260.828358,0.0,1,0,,
601298.SH,青岛港,CSI,地方国有企业,工业,交通运输,工业--交通运输--交通基础设施--海港与服务,2025,,,,,,,,,,66578767145.0,,0.081146,5271506093.0,131117644.0,target_year,,,,,,,,,,SOE_target,0.110008,0.119534,24.86242,0.013636,0.116886,0.307995,0.131168,0.411668,0.254306,1.979535,0.033242,True,CSI_nonSOE,0.045980006547554346,0.081146,-0.03516599345244565,-2341308489.4929733,0.0,1,0,,
601390.SH,中国中铁,CSI,中央国有企业,工业,建筑,工业--建筑--建筑与工程Ⅲ--建筑与工程Ⅳ,2019,,,,,,,,,,1056040000000.0,,0.030053757,23678000000.0,8060000000.0,target_year,,,,,,,,,,SOE_target,0.039075,0.114683,27.57181555,0.181962771,0.178025019,0.828894418,0.031368268,0.068632475,0.764479641,1.047495883,0.020089909,True,CSI_nonSOE,0.009485470983926353,0.030053757,-0.020568286016073647,-21720932764.414413,0.0,0,1,FirmSize_lag,
601390.SH,中国中铁,CSI,中央国有企业,工业,建筑,工业--建筑--建筑与工程Ⅲ--建筑与工程Ⅳ,2020,,,,,,,,,,1199980000000.0,,0.02854638,25188000000.0,9067000000.0,target_year,,,,,,,,,,SOE_target,0.035775,0.105719,27.68554813,0.180139218,0.179054819,0.851458605,0.031945729,0.062643401,0.767690838,1.049902816,0.018613861,True,CSI_nonSOE,0.010108405079744809,0.02854638,-0.01843797492025519,-22125201144.807823,0.0,0,1,FirmSize_lag,
601390.SH,中国中铁,CSI,中央国有企业,工业,建筑,工业--建筑--建筑与工程Ⅲ--建筑与工程Ⅳ,2021,,,,,,,,,,1361580000000.0,,0.028494837,27618000000.0,11180000000.0,target_year,,,,,,,,,,SOE_target,0.034908999999999996,0.104156,27.81332351,0.182259773,0.179498397,0.864117219,0.030802257,0.061987855,0.739123333,1.052417588,0.035895688,True,CSI_nonSOE,0.011032814695725007,0.028494837,-0.01746202230427499,-23775940329.05474,0.0,0,1,FirmSize_lag,
601390.SH,中国中铁,CSI,中央国有企业,工业,建筑,工业--建筑--建筑与工程Ⅲ--建筑与工程Ⅳ,2022,,,,,,,,,,1613020000000.0,,0.026974884,31276000000.0,12235000000.0,target_year,,,,,,,,,,SOE_target,0.032713,0.108559,27.93966691,0.174704149,0.17910201,0.837984085,0.009693151,0.056822221,0.736927687,1.016751707,0.040920842,True,CSI_nonSOE,0.00825543652789712,0.026974884,-0.01871944747210288,-30194843161.45139,0.0,0,1,FirmSize_lag,
601390.SH,中国中铁,CSI,中央国有企业,工业,建筑,工业--建筑--建筑与工程Ⅲ--建筑与工程Ⅳ,2023,,,,,,,,,,1829290000000.0,,0.026783,33483000000.0,15511000000.0,target_year,,,,,,,,,,SOE_target,0.031595,0.105713,28.109129,0.168965,0.173049,0.776138,0.015749,0.07331,0.737815,1.029086,0.038164,True,CSI_nonSOE,0.006450240481911632,0.026783,-0.02033275951808837,-37194513658.84387,0.0,0,1,FirmSize_lag,
601390.SH,中国中铁,CSI,中央国有企业,工业,建筑,工业--建筑--建筑与工程Ⅲ--建筑与工程Ⅳ,2024,,,,,,,,,,2256266000000.0,,0.017582,27887000000.0,11783000000.0,target_year,,,,,,,,,,SOE_target,0.021793999999999997,0.08119,28.234949,0.171964,0.176169,0.734049,-0.002704,0.07456,0.748671,0.995106,0.031069,True,CSI_nonSOE,0.003239493448105993,0.017582,-0.014342506551894008,-32360509887.815685,0.0,0,1,FirmSize_lag,
601390.SH,中国中铁,CSI,中央国有企业,工业,建筑,工业--建筑--建筑与工程Ⅲ--建筑与工程Ⅳ,2025,,,,,,,,,,2470432000000.0,,0.014446,22892000000.0,12796000000.0,target_year,,,,,,,,,,SOE_target,0.016576,0.063108,28.444732,0.163766,0.174423,0.568006,-0.005365,0.064425,0.773966,0.990516,0.025456,True,CSI_nonSOE,-0.003945898708680076,0.014446,-0.018391898708680077,-45435935110.68194,0.0,0,1,FirmSize_lag,
601600.SH,中国铝业,CSI,中央国有企业,材料,有色金属,材料--有色金属--其他金属与采矿--铝,2019,,,,,,,,,,203071000000.0,,0.028138373,850999000.0,4863079000.0,target_year,,,,,,,,,,SOE_target,0.033251,0.015895,26.02595421,0.229574015,0.167062795,0.898902434,-0.078920896,0.528651052,0.663129674,0.787911317,0.034110686,True,CSI_nonSOE,0.050029497404240314,0.028138373,0.021891124404240313,4445452523.893484,4445452523.893484,1,0,,
601600.SH,中国铝业,CSI,中央国有企业,材料,有色金属,材料--有色金属--其他金属与采矿--铝,2020,,,,,,,,,,194902000000.0,,0.023620612,741004000.0,3862693000.0,target_year,,,,,,,,,,SOE_target,0.029102000000000003,0.013597,26.03681985,0.205405763,0.15478921,0.941085169,-0.10073329,0.508844823,0.651721925,0.704264039,0.044552565,True,CSI_nonSOE,0.04916541908626502,0.023620612,0.02554480708626502,4978733990.727224,4978733990.727224,1,0,,
601600.SH,中国铝业,CSI,中央国有企业,材料,有色金属,材料--有色金属--其他金属与采矿--铝,2021,,,,,,,,,,192377000000.0,,0.044704308,5079562000.0,3520514000.0,target_year,,,,,,,,,,SOE_target,0.06932100000000001,0.091034,25.99576108,0.167808698,0.159708925,0.934709429,-0.084265737,0.51635343,0.634832729,0.737757281,0.025853527,True,CSI_nonSOE,0.049909532591384954,0.044704308,0.005205224591384956,1001365491.2168638,1001365491.2168638,1,0,,
601600.SH,中国铝业,CSI,中央国有企业,材料,有色金属,材料--有色金属--其他金属与采矿--铝,2022,,,,,,,,,,212348000000.0,,0.03776659,4191927000.0,3827734000.0,target_year,,,,,,,,,,SOE_target,0.081831,0.075079,25.98272229,0.180693598,0.168216562,1.393044931,-0.01802061,0.485645784,0.621661966,0.933562737,0.011100876,True,CSI_nonSOE,0.07250091539888616,0.03776659,0.03473432539888616,7375764529.802677,7375764529.802677,1,0,,
601600.SH,中国铝业,CSI,中央国有企业,材料,有色金属,材料--有色金属--其他金属与采矿--铝,2023,,,,,,,,,,211755809000.0,,0.047425,6716945000.0,3325573000.0,target_year,,,,,,,,,,SOE_target,0.084984,0.116958,26.081492,0.169857,0.153058,1.437954,-0.036877,0.514612,0.586735,0.874439,0.022375,True,CSI_nonSOE,0.07579534804830423,0.047425,0.028370348048304232,6007586002.580234,6007586002.580234,1,0,,
601600.SH,中国铝业,CSI,中央国有企业,材料,有色金属,材料--有色金属--其他金属与采矿--铝,2024,,,,,,,,,,215895530000.0,,0.070221,12400160000.0,2760298000.0,target_year,,,,,,,,,,SOE_target,0.115569,0.19128799999999999,26.0787,0.12989,0.159476,1.061395,-0.001253,0.494956,0.533004,0.995482,0.031685,True,CSI_nonSOE,0.06503746146764283,0.070221,-0.005183538532357174,-1119102798.7186742,0.0,1,0,,
601600.SH,中国铝业,CSI,中央国有企业,材料,有色金属,材料--有色金属--其他金属与采矿--铝,2025,,,,,,,,,,227021733000.0,,0.066142,12673918000.0,2341729000.0,target_year,,,,,,,,,,SOE_target,0.1257,0.17588499999999999,26.09806,0.132426,0.15747,1.108686,0.059533,0.492976,0.481042,1.278215,0.047985,True,CSI_nonSOE,0.07425356283747173,0.066142,0.00811156283747172,1841501052.7012272,1841501052.7012272,1,0,,
601607.SH,上海医药,CSI,地方国有企业,医疗保健,医药生物,医疗保健--医药生物--制药--西药,2019,,,,,,,,,,137026000000.0,,0.040037592,4080994000.0,1405213000.0,target_year,,,,,,,,,,SOE_target,0.056336000000000004,0.101174,25.56650233,0.502594113,0.277672488,1.438221312,0.19363372,0.086756652,0.634035975,1.357563694,0.01531411,True,CSI_nonSOE,0.08078667140257005,0.040037592,0.040749079402570054,5583683354.216564,5583683354.216564,1,0,,
601607.SH,上海医药,CSI,地方国有企业,医疗保健,医药生物,医疗保健--医药生物--制药--西药,2020,,,,,,,,,,149186000000.0,,0.039602396,4496216959.0,1411892516.0,target_year,,,,,,,,,,SOE_target,0.057992,0.103345,25.64343942,0.501901176,0.276190471,1.413882127,0.171382593,0.086848347,0.639588215,1.314765861,0.020091932,True,CSI_nonSOE,0.0766474601058611,0.039602396,0.0370450641058611,5526604933.696994,5526604933.696994,1,0,,
601607.SH,上海医药,CSI,地方国有企业,医疗保健,医药生物,医疗保健--医药生物--制药--西药,2021,,,,,,,,,,163436000000.0,,0.040454463,5093467261.0,1518228463.0,target_year,,,,,,,,,,SOE_target,0.05965,0.107555,25.72845738,0.479965502,0.256105921,1.341027781,0.130239979,0.081964446,0.633069751,1.220461562,0.02017601,True,CSI_nonSOE,0.07017629933701229,0.040454463,0.029721836337012288,4857618043.57594,4857618043.57594,1,0,,
601607.SH,上海医药,CSI,地方国有企业,医疗保健,医药生物,医疗保健--医药生物--制药--西药,2022,,,,,,,,,,198135000000.0,,0.036876042,5617152003.0,1689278923.0,target_year,,,,,,,,,,SOE_target,0.055642,0.096496,25.81968431,0.450773824,0.230275265,1.380739908,0.150947055,0.081978808,0.638596224,1.268666382,0.025201203,True,CSI_nonSOE,0.07073962208219259,0.036876042,0.03386358008219259,6709560439.585229,6709560439.585229,1,0,,
601607.SH,上海医药,CSI,地方国有企业,医疗保健,医药生物,医疗保健--医药生物--制药--西药,2023,,,,,,,,,,211972533766.8,,0.026668,3767999581.18,1884984092.73,target_year,,,,,,,,,,SOE_target,0.041343,0.05558,26.012214,0.428444,0.212266,1.283187,0.195936,0.072257,0.606316,1.350722,0.013551,True,CSI_nonSOE,0.06912012059637124,0.026668,0.04245212059637124,8998683566.586569,8998683566.586569,1,0,,
601607.SH,上海医药,CSI,地方国有企业,医疗保健,医药生物,医疗保健--医药生物--制药--西药,2024,,,,,,,,,,221209430148.17,,0.028974,4552528438.69,1856737428.35,target_year,,,,,,,,,,SOE_target,0.043189000000000005,0.064943,26.079723,0.433857,0.216978,1.2694,0.188996,0.074183,0.621054,1.327379,0.014014,True,CSI_nonSOE,0.06707503420640643,0.028974,0.038101034206406426,8428308064.855099,8428308064.855099,1,0,,
601607.SH,上海医药,CSI,地方国有企业,医疗保健,医药生物,医疗保健--医药生物--制药--西药,2025,,,,,,,,,,233148766767.21,,0.031784,5724557508.41,1685890506.64,target_year,,,,,,,,,,SOE_target,0.048863000000000004,0.077586,26.122376,0.454225,0.230555,1.270833,0.206975,0.07712,0.621434,1.36326,0.010853,True,CSI_nonSOE,0.06841492178686742,0.031784,0.03663092178686742,8540454240.1542635,8540454240.1542635,1,0,,
601618.SH,中国中冶,CSI,中央国有企业,工业,建筑,工业--建筑--建筑与工程Ⅲ--建筑与工程Ⅳ,2019,,,,,,,,,,458506000000.0,,0.023484279,6599712000.0,4167976000.0,target_year,,,,,,,,,,SOE_target,0.025755,0.072567,26.80757353,0.071158446,0.178025019,0.678479116,0.096500586,0.070059014,0.766083987,1.142580396,0.012747792,True,CSI_nonSOE,0.0021358961589304643,0.023484279,-0.021348382841069536,-9788361622.92743,0.0,1,0,,
601618.SH,中国中冶,CSI,中央国有企业,工业,建筑,工业--建筑--建筑与工程Ⅲ--建筑与工程Ⅳ,2020,,,,,,,,,,506393000000.0,,0.020525204,7862185000.0,2531634000.0,target_year,,,,,,,,,,SOE_target,0.026345999999999998,0.080291,26.85123968,0.071695852,0.179054819,0.75468974,0.090538407,0.066624521,0.74502961,1.135695417,0.008963835,True,CSI_nonSOE,0.004793920903088944,0.020525204,-0.015731283096911054,-7966211641.29408,0.0,1,0,,
601618.SH,中国中冶,CSI,中央国有企业,工业,建筑,工业--建筑--建筑与工程Ⅲ--建筑与工程Ⅳ,2021,,,,,,,,,,543470000000.0,,0.019399573,8374970000.0,2168119000.0,target_year,,,,,,,,,,SOE_target,0.025741,0.081553,26.95057881,0.074815232,0.179498397,0.829339755,0.113473741,0.058452096,0.72283322,1.173188123,0.007391542,True,CSI_nonSOE,0.010768409717009084,0.019399573,-0.008631163282990916,-4690778309.407073,0.0,0,1,FirmSize_lag,
601618.SH,中国中冶,CSI,中央国有企业,工业,建筑,工业--建筑--建筑与工程Ⅲ--建筑与工程Ⅳ,2022,,,,,,,,,,585384000000.0,,0.022109459,10272357000.0,2670175000.0,target_year,,,,,,,,,,SOE_target,0.027708,0.08987099999999999,27.02124061,0.081481622,0.17910201,0.953594125,0.098305267,0.054275288,0.721442365,1.148864632,0.006534642,True,CSI_nonSOE,0.014874240194958088,0.022109459,-0.007235218805041913,-4235381324.9706554,0.0,0,1,FirmSize_lag,
601618.SH,中国中冶,CSI,中央国有企业,工业,建筑,工业--建筑--建筑与工程Ⅲ--建筑与工程Ⅳ,2023,,,,,,,,,,661602236000.0,,0.017156,8670405000.0,2679906000.0,target_year,,,,,,,,,,SOE_target,0.023165,0.065047,27.095535,0.086751,0.173049,1.050036,0.089447,0.050375,0.723414,1.135705,0.007369,True,CSI_nonSOE,0.0179473601859656,0.017156,0.0007913601859655985,523565668.51621574,523565668.51621574,0,1,FirmSize_lag,
601618.SH,中国中冶,CSI,中央国有企业,工业,建筑,工业--建筑--建筑与工程Ⅲ--建筑与工程Ⅳ,2024,,,,,,,,,,808015755000.0,,0.012548,6745954000.0,3392681000.0,target_year,,,,,,,,,,SOE_target,0.013515999999999999,0.045195,27.21793,0.086276,0.176169,1.016643,0.053379,0.047697,0.746084,1.078686,0.006946,True,CSI_nonSOE,0.01247897596226312,0.012548,-6.902403773688046e-05,-55772509.96511395,0.0,0,1,FirmSize_lag,
601618.SH,中国中冶,CSI,中央国有企业,工业,建筑,工业--建筑--建筑与工程Ⅲ--建筑与工程Ⅳ,2025,,,,,,,,,,839488682000.0,,0.005927,1321768000.0,3654143000.0,target_year,,,,,,,,,,SOE_target,0.006326000000000001,0.008561,27.417847,0.077913,0.174423,0.751249,0.032347,0.040738,0.774341,1.045565,0.008493,True,CSI_nonSOE,0.0002691105354139661,0.005927,-0.005657889464586034,-4749734169.527016,0.0,0,1,FirmSize_lag,
601668.SH,中国建筑,CSI,中央国有企业,工业,建筑,工业--建筑--建筑与工程Ⅲ--建筑与工程Ⅳ,2019,,,,,,,,,,2034450000000.0,,0.025735582,41881399000.0,10476405000.0,target_year,,,,,,,,,,SOE_target,0.045323,0.16072399999999998,28.25258652,0.290775892,0.178025019,0.693343498,0.158678508,0.023618232,0.769440883,1.27699336,0.010003014,True,CSI_nonSOE,0.01664569572073238,0.025735582,-0.009089886279267621,-18492919140.85601,0.0,0,1,FirmSize_lag,
601668.SH,中国建筑,CSI,中央国有企业,工业,建筑,工业--建筑--建筑与工程Ⅲ--建筑与工程Ⅳ,2020,,,,,,,,,,2192170000000.0,,0.0240592,44944250000.0,7797699000.0,target_year,,,,,,,,,,SOE_target,0.044617000000000004,0.155619,28.34124758,0.296959904,0.179054819,0.719975045,0.155215417,0.023416778,0.753331444,1.275613753,0.010045355,True,CSI_nonSOE,0.017759125496921296,0.0240592,-0.006300074503078703,-13810834323.41404,0.0,0,1,FirmSize_lag,
601668.SH,中国建筑,CSI,中央国有企业,工业,建筑,工业--建筑--建筑与工程Ⅲ--建筑与工程Ⅳ,2021,,,,,,,,,,2388250000000.0,,0.026183115,51407661000.0,11124140000.0,target_year,,,,,,,,,,SOE_target,0.044051,0.15957100000000002,28.41591479,0.299012106,0.179498397,0.756692397,0.174080774,0.022835803,0.736747565,1.319072419,0.022579294,True,CSI_nonSOE,0.021104133416562768,0.026183115,-0.005078981583437232,-12129877766.64397,0.0,0,1,FirmSize_lag,
601668.SH,中国建筑,CSI,中央国有企业,工业,建筑,工业--建筑--建筑与工程Ⅲ--建筑与工程Ⅳ,2022,,,,,,,,,,2652900000000.0,,0.026621424,50950301000.0,19673762000.0,target_year,,,,,,,,,,SOE_target,0.035244,0.139931,28.50158163,0.305461088,0.17910201,0.81938288,0.183999738,0.019747785,0.732145905,1.344759921,0.013029666,True,CSI_nonSOE,0.024693526388198113,0.026621424,-0.0019278976118018883,-5114519574.34923,0.0,0,1,FirmSize_lag,
601668.SH,中国建筑,CSI,中央国有企业,工业,建筑,工业--建筑--建筑与工程Ⅲ--建筑与工程Ⅳ,2023,,,,,,,,,,2903322519000.0,,0.025089,54264173000.0,18577073000.0,target_year,,,,,,,,,,SOE_target,0.033474,0.133667,28.606676,0.299083,0.173049,0.810647,0.167924,0.020296,0.743531,1.31168,0.009781,True,CSI_nonSOE,0.022263048904821885,0.025089,-0.0028259510951781155,-8204647452.223335,0.0,0,1,FirmSize_lag,
601668.SH,中国建筑,CSI,中央国有企业,工业,建筑,工业--建筑--建筑与工程Ⅲ--建筑与工程Ⅳ,2024,,,,,,,,,,3189262063000.0,,0.020584,46187099000.0,19462089000.0,target_year,,,,,,,,,,SOE_target,0.032662,0.103815,28.696877,0.306415,0.176169,0.810341,0.157933,0.019567,0.748195,1.288305,0.01173,True,CSI_nonSOE,0.02151572212353714,0.020584,0.0009317221235371383,2971506021.8547945,2971506021.8547945,0,1,FirmSize_lag,
601668.SH,中国建筑,CSI,中央国有企业,工业,建筑,工业--建筑--建筑与工程Ⅲ--建筑与工程Ⅳ,2025,,,,,,,,,,3560679818000.0,,0.015927,39069002000.0,17641773000.0,target_year,,,,,,,,,,SOE_target,0.026034,0.081928,28.790811,0.307315,0.174423,0.714762,0.162218,0.018002,0.758107,1.293695,0.00621,True,CSI_nonSOE,0.01814931872682564,0.015927,0.0022223187268256388,7912965439.771507,7912965439.771507,0,1,FirmSize_lag,
601669.SH,中国电建,CSI,中央国有企业,工业,建筑,工业--建筑--建筑与工程Ⅲ--建筑与工程Ⅳ,2019,,,,,,,,,,813228000000.0,,0.021953092,7239365377.0,10613495264.0,target_year,,,,,,,,,,SOE_target,0.027473,0.074761,27.29310223,0.071786436,0.178025019,0.453133935,-0.01854785,0.153011793,0.799690811,0.96258388,0.081485557,True,CSI_nonSOE,-0.011843598743297198,0.021953092,-0.0337966907432972,-27484415219.790096,0.0,0,1,FirmSize_lag,
601669.SH,中国电建,CSI,中央国有企业,工业,建筑,工业--建筑--建筑与工程Ⅲ--建筑与工程Ⅳ,2020,,,,,,,,,,886543000000.0,,0.019807332,7987168431.0,9572891922.0,target_year,,,,,,,,,,SOE_target,0.019069,0.07081900000000001,27.42427689,0.073061092,0.179054819,0.452132758,0.02210958,0.139392719,0.762094823,1.050965733,0.096349335,True,CSI_nonSOE,-0.009975492182286577,0.019807332,-0.029782824182286578,-26403754299.03689,0.0,0,1,FirmSize_lag,
601669.SH,中国电建,CSI,中央国有企业,工业,建筑,工业--建筑--建筑与工程Ⅲ--建筑与工程Ⅳ,2021,,,,,,,,,,963977000000.0,,0.01708308,8632095909.0,7835606959.0,target_year,,,,,,,,,,SOE_target,0.018102,0.07104,27.51059596,0.074592774,0.179498397,0.469386636,0.038978898,0.129357962,0.747435571,1.090530936,0.080311614,True,CSI_nonSOE,-0.008315708838085092,0.01708308,-0.025398788838085093,-24483848267.770752,0.0,0,1,FirmSize_lag,
601669.SH,中国电建,CSI,中央国有企业,工业,建筑,工业--建筑--建筑与工程Ⅲ--建筑与工程Ⅳ,2022,,,,,,,,,,1040080000000.0,,0.01794748,11435443832.0,7231337452.0,target_year,,,,,,,,,,SOE_target,0.019208,0.082608,27.59433366,0.072680712,0.17910201,0.48257162,0.016143212,0.126515766,0.750894566,1.038058291,0.044033759,True,CSI_nonSOE,-0.008896210168469615,0.01794748,-0.026843690168469613,-27919585270.421875,0.0,0,1,FirmSize_lag,
601669.SH,中国电建,CSI,中央国有企业,工业,建筑,工业--建筑--建筑与工程Ⅲ--建筑与工程Ⅳ,2023,,,,,,,,,,1153774735013.99,,0.020264,12988385293.6,10391264452.69,target_year,,,,,,,,,,SOE_target,0.019068,0.08314,27.670317,0.083366,0.173049,0.568392,-0.054595,0.145382,0.768917,0.87983,0.055525,True,CSI_nonSOE,-0.008955412692072187,0.020264,-0.029219412692072188,-33712620136.060005,0.0,0,1,FirmSize_lag,
601669.SH,中国电建,CSI,中央国有企业,工业,建筑,工业--建筑--建筑与工程Ⅲ--建筑与工程Ⅳ,2024,,,,,,,,,,1289001336534.82,,0.017271,12015017079.83,10246725711.28,target_year,,,,,,,,,,SOE_target,0.024380000000000002,0.073681,27.77406,0.082524,0.176169,0.552729,-0.074919,0.159919,0.774956,0.84115,0.063848,True,CSI_nonSOE,-0.010474712144693532,0.017271,-0.027745712144693534,-35764260037.62035,0.0,0,1,FirmSize_lag,
601669.SH,中国电建,CSI,中央国有企业,工业,建筑,工业--建筑--建筑与工程Ⅲ--建筑与工程Ⅳ,2025,,,,,,,,,,1380267054189.34,,0.015796,10007143581.45,11795542225.98,target_year,,,,,,,,,,SOE_target,0.021762,0.060095,27.884889,0.089088,0.174423,0.516793,-0.055059,0.170322,0.789312,0.882455,0.045842,True,CSI_nonSOE,-0.009686883789723474,0.015796,-0.025482883789723475,-35173184940.69091,0.0,0,1,FirmSize_lag,
601698.SH,中国卫通,CSI,中央国有企业,通讯服务,电信服务,通讯服务--电信服务--多元电信服务--非传统电信运营商,2019,,,,,,,,,,18157405439.0,,0.024849346,446422541.2,4777116.63,target_year,,,,,,,,,,SOE_target,0.043070000000000004,0.042381,23.56516666,0.001994058,0.376451505,0.157733546,0.037744231,0.655058428,0.210461411,1.262196336,0.065116144,True,CSI_nonSOE,0.07629786340111655,0.024849346,0.05144851740111655,934171589.6875198,934171589.6875198,1,0,,
601698.SH,中国卫通,CSI,中央国有企业,通讯服务,电信服务,通讯服务--电信服务--多元电信服务--非传统电信运营商,2020,,,,,,,,,,18289285775.0,,0.02517721,488789159.5,-28315974.82,target_year,,,,,,,,,,SOE_target,0.040647,0.042714,23.62234433,0.002022361,0.377325617,0.153756745,0.201421555,0.526406664,0.156816488,2.94769589,0.104425995,True,CSI_nonSOE,0.08273058912680478,0.02517721,0.057553379126804784,1052610198.1670526,1052610198.1670526,1,0,,
601698.SH,中国卫通,CSI,中央国有企业,通讯服务,电信服务,通讯服务--电信服务--多元电信服务--非传统电信运营商,2021,,,,,,,,,,19108303143.0,,0.027076187,572304982.5,-54924998.8,target_year,,,,,,,,,,SOE_target,0.045194,0.048521999999999996,23.62958125,0.001926959,0.375629725,0.14744811,0.236037739,0.504704231,0.15672958,3.423905895,0.074944516,True,CSI_nonSOE,0.08347577521891572,0.027076187,0.05639958821891572,1077700428.827413,1077700428.827413,1,0,,
601698.SH,中国卫通,CSI,中央国有企业,通讯服务,电信服务,通讯服务--电信服务--多元电信服务--非传统电信运营商,2022,,,,,,,,,,22428111563.0,,0.037206934,920731173.8,-86249910.71,target_year,,,,,,,,,,SOE_target,0.044083,0.06791900000000001,23.6733888,0.001718411,0.374126853,0.139687335,0.232013654,0.484045143,0.174437198,3.049275176,0.070971637,True,CSI_nonSOE,0.0812727003708236,0.037206934,0.0440657663708236,988311924.2739253,988311924.2739253,1,0,,
601698.SH,中国卫通,CSI,中央国有企业,通讯服务,电信服务,通讯服务--电信服务--多元电信服务--非传统电信运营商,2023,,,,,,,,,,22655663962.77,,0.0088,348770555.15,-149399701.62,target_year,,,,,,,,,,SOE_target,0.027014,0.022941,23.833581,0.001644,0.373379,0.130568,0.278289,0.472996,0.143892,4.389044,0.106807,True,CSI_nonSOE,0.0800561118754829,0.0088,0.07125611187548289,1614354525.9444852,1614354525.9444852,1,0,,
601698.SH,中国卫通,CSI,中央国有企业,通讯服务,电信服务,通讯服务--电信服务--多元电信服务--非传统电信运营商,2024,,,,,,,,,,22412943899.49,,0.010881,454492823.77,-210622634.37,target_year,,,,,,,,,,SOE_target,0.019974000000000002,0.029298,23.843676,0.001484,0.374249,0.11526,0.270497,0.48634,0.140534,4.284335,0.072722,True,CSI_nonSOE,0.08080758485562307,0.010881,0.06992658485562307,1567260623.452007,1567260623.452007,1,0,,
601698.SH,中国卫通,CSI,中央国有企业,通讯服务,电信服务,通讯服务--电信服务--多元电信服务--非传统电信运营商,2025,,,,,,,,,,22406144635.9,,0.01243,441236300.09,-162717818.39,target_year,,,,,,,,,,SOE_target,0.020058,0.027825000000000003,23.832904,0.001396,0.373264,0.112123,0.325021,0.483047,0.105243,5.843483,0.063943,True,CSI_nonSOE,0.08380604913834408,0.01243,0.07137604913834408,1599262080.532843,1599262080.532843,1,0,,
601728.SH,中国电信,CSI,中央国有企业,通讯服务,电信服务,通讯服务--电信服务--多元电信服务--综合电信业务,2019,,,,,,,,,,703131000000.0,,0.034996324,20517000000.0,4090000000.0,target_year,,,,,,,,,,SOE_target,0.044832000000000004,0.058993000000000004,27.22061683,0.281395769,0.376451505,0.56942599,-0.280253308,0.715182203,0.481295845,0.281959679,0.126405299,True,CSI_nonSOE,0.02961221988599147,0.034996324,-0.0053841041140085324,-3785730509.7869334,0.0,0,2,"FirmSize_lag, CurrentRatio_lag",
601728.SH,中国电信,CSI,中央国有企业,通讯服务,电信服务,通讯服务--电信服务--多元电信服务--综合电信业务,2020,,,,,,,,,,715096000000.0,,0.033957678,20850000000.0,3433000000.0,target_year,,,,,,,,,,SOE_target,0.042642,0.058243,27.27880906,0.279955898,0.377325617,0.549916466,-0.272323365,0.667320883,0.495058531,0.276512218,0.118275257,True,CSI_nonSOE,0.027794742393360994,0.033957678,-0.006162935606639004,-4407090600.565125,0.0,0,2,"FirmSize_lag, CurrentRatio_lag",
601728.SH,中国电信,CSI,中央国有企业,通讯服务,电信服务,通讯服务--电信服务--多元电信服务--综合电信业务,2021,,,,,,,,,,762234000000.0,,0.037195927,25948000000.0,2404000000.0,target_year,,,,,,,,,,SOE_target,0.047605,0.065514,27.29568264,0.282239071,0.375629725,0.555004241,-0.261679551,0.653101122,0.487935886,0.309859778,0.124414065,True,CSI_nonSOE,0.028592857824666924,0.037195927,-0.008603069175333072,-6557551829.790829,0.0,0,2,"FirmSize_lag, CurrentRatio_lag",
601728.SH,中国电信,CSI,中央国有企业,通讯服务,电信服务,通讯服务--电信服务--多元电信服务--综合电信业务,2022,,,,,,,,,,807698000000.0,,0.036491362,27593000000.0,1881000000.0,target_year,,,,,,,,,,SOE_target,0.045591,0.064113,27.35951943,0.289178875,0.374126853,0.595062714,-0.180668928,0.613246064,0.434336437,0.48047323,0.111313586,True,CSI_nonSOE,0.03458890161748221,0.036491362,-0.00190246038251779,-1536613446.038854,0.0,0,1,FirmSize_lag,
601728.SH,中国电信,CSI,中央国有企业,通讯服务,电信服务,通讯服务--电信服务--多元电信服务--综合电信业务,2023,,,,,,,,,,835814000000.0,,0.039472,30446000000.0,2545000000.0,target_year,,,,,,,,,,SOE_target,0.047923,0.06959,27.417454,0.291828,0.373379,0.613336,-0.174155,0.584879,0.459666,0.500722,0.111063,True,CSI_nonSOE,0.0324323852902869,0.039472,-0.0070396147097131,-5883808528.984145,0.0,0,1,FirmSize_lag,
601728.SH,中国电信,CSI,中央国有企业,通讯服务,电信服务,通讯服务--电信服务--多元电信服务--综合电信业务,2024,,,,,,,,,,866625000000.0,,0.040852,33012000000.0,2391000000.0,target_year,,,,,,,,,,SOE_target,0.049718,0.07374399999999999,27.451672,0.293337,0.374249,0.624943,-0.162205,0.5769,0.464992,0.553207,0.107519,True,CSI_nonSOE,0.03231251180478813,0.040852,-0.008539488195211872,-7400533957.175488,0.0,0,1,FirmSize_lag,
601728.SH,中国电信,CSI,中央国有企业,通讯服务,电信服务,通讯服务--电信服务--多元电信服务--综合电信业务,2025,,,,,,,,,,870644000000.0,,0.040475,33185000000.0,2054000000.0,target_year,,,,,,,,,,SOE_target,0.049398,0.07267699999999999,27.487872,0.29261,0.373264,0.621951,-0.158375,0.560658,0.473184,0.578175,0.103768,True,CSI_nonSOE,0.031006391040110756,0.040475,-0.009468608959889241,-8243787579.2738085,0.0,0,1,FirmSize_lag,
601766.SH,中国中车,CSI,中央国有企业,工业,机械,工业--机械--机械Ⅲ--建筑机械与重型卡车,2019,,,,,,,,,,383572000000.0,,0.03370097,11794929000.0,1131836000.0,target_year,,,,,,,,,,SOE_target,0.04577200000000001,0.089237,26.60246567,0.380955658,0.247583643,0.585569598,0.110528546,0.182542147,0.581328737,1.209801974,0.025459091,True,CSI_nonSOE,0.04716203727585946,0.03370097,0.01346106727585946,5163288497.135965,5163288497.135965,1,0,,
601766.SH,中国中车,CSI,中央国有企业,工业,机械,工业--机械--机械Ⅲ--建筑机械与重型卡车,2020,,,,,,,,,,392380000000.0,,0.031464678,11331053000.0,1015069000.0,target_year,,,,,,,,,,SOE_target,0.041803999999999994,0.081251,26.67279445,0.352429015,0.225950341,0.618033228,0.133092456,0.172195044,0.585923161,1.255043233,0.021025562,True,CSI_nonSOE,0.049025658190496736,0.031464678,0.017560980190496733,6890577407.147108,6890577407.147108,1,0,,
601766.SH,中国中车,CSI,中央国有企业,工业,机械,工业--机械--机械Ⅲ--建筑机械与重型卡车,2021,,,,,,,,,,426826000000.0,,0.026980396,10302605000.0,1213343000.0,target_year,,,,,,,,,,SOE_target,0.034282,0.070664,26.69549753,0.297815831,0.195497669,0.586778024,0.13312163,0.169134836,0.568934692,1.264487033,0.019816213,True,CSI_nonSOE,0.04869708725446535,0.026980396,0.02171669125446535,9269248461.378428,9269248461.378428,1,0,,
601766.SH,中国中车,CSI,中央国有企业,工业,机械,工业--机械--机械Ⅲ--建筑机械与重型卡车,2022,,,,,,,,,,442140000000.0,,0.028952752,11653448000.0,1147726000.0,target_year,,,,,,,,,,SOE_target,0.037285,0.076764,26.77964344,0.282626173,0.187780789,0.551098298,0.15070834,0.152206293,0.572914272,1.298419986,0.013838832,True,CSI_nonSOE,0.046783464199615994,0.028952752,0.017830712199615996,7883671091.938216,7883671091.938216,1,0,,
601766.SH,中国中车,CSI,中央国有企业,工业,机械,工业--机械--机械Ⅲ--建筑机械与重型卡车,2023,,,,,,,,,,471791735000.0,,0.027342,11711576000.0,1188098000.0,target_year,,,,,,,,,,SOE_target,0.035874,0.07412,26.814893,0.300995,0.187488,0.513112,0.142605,0.146244,0.568042,1.277266,0.016776,True,CSI_nonSOE,0.04597930800749534,0.027342,0.01863730800749534,8792927880.585619,8792927880.585619,1,0,,
601766.SH,中国中车,CSI,中央国有企业,工业,机械,工业--机械--机械Ⅲ--建筑机械与重型卡车,2024,,,,,,,,,,512823630000.0,,0.02649,12387514000.0,1196993000.0,target_year,,,,,,,,,,SOE_target,0.03497,0.075133,26.879803,0.287662,0.188674,0.512645,0.136035,0.136917,0.583453,1.256302,0.017177,True,CSI_nonSOE,0.04330982880181712,0.02649,0.01681982880181712,8625605662.126408,8625605662.126408,1,0,,
601766.SH,中国中车,CSI,中央国有企业,工业,机械,工业--机械--机械Ⅲ--建筑机械与重型卡车,2025,,,,,,,,,,550774434000.0,,0.025916,13181015000.0,1092976000.0,target_year,,,,,,,,,,SOE_target,0.036116,0.077332,26.963198,0.292016,0.187309,0.500615,0.131796,0.135321,0.590123,1.242508,0.01986,True,CSI_nonSOE,0.04219543128837819,0.025916,0.016279431288378186,8966294553.698387,8966294553.698387,0,1,FirmSize_lag,
601800.SH,中国交建,CSI,中央国有企业,工业,建筑,工业--建筑--建筑与工程Ⅲ--建筑与工程Ⅳ,2019,,,,,,,,,,1120400000000.0,,0.030282042,20094000000.0,13834000000.0,target_year,,,,,,,,,,SOE_target,0.031488,0.094044,27.59069483,0.120098678,0.178025019,0.539853864,0.001700199,0.058684444,0.750454983,1.003403012,0.04009158,True,CSI_nonSOE,-0.007269630178462605,0.030282042,-0.0375516721784626,-42072893508.7495,0.0,0,1,FirmSize_lag,
601800.SH,中国交建,CSI,中央国有企业,工业,建筑,工业--建筑--建筑与工程Ⅲ--建筑与工程Ⅳ,2020,,,,,,,,,,1304170000000.0,,0.02487101,16475000000.0,15961000000.0,target_year,,,,,,,,,,SOE_target,0.026902,0.06933600000000001,27.74470688,0.116983373,0.179054819,0.531066724,0.002457158,0.051295073,0.735470368,1.005233681,0.05686005,True,CSI_nonSOE,-0.007227040541619878,0.02487101,-0.03209805054161988,-41861314574.864395,0.0,0,1,FirmSize_lag,
601800.SH,中国交建,CSI,中央国有企业,工业,建筑,工业--建筑--建筑与工程Ⅲ--建筑与工程Ⅳ,2021,,,,,,,,,,1390840000000.0,,0.026442351,18348000000.0,18429000000.0,target_year,,,,,,,,,,SOE_target,0.024939,0.072605,27.89658717,0.116770883,0.179498397,0.515138979,0.001371755,0.04680375,0.725645986,1.003070148,0.032097834,True,CSI_nonSOE,-0.006914058347924662,0.026442351,-0.033356409347924665,-46393428377.467545,0.0,0,1,FirmSize_lag,
601800.SH,中国交建,CSI,中央国有企业,工业,建筑,工业--建筑--建筑与工程Ⅲ--建筑与工程Ⅳ,2022,,,,,,,,,,1511350000000.0,,0.02673967,20065000000.0,20348000000.0,target_year,,,,,,,,,,SOE_target,0.021932,0.073996,27.96092684,0.111111515,0.17910201,0.506565848,-0.022871839,0.044015222,0.718619795,0.946906982,0.026560985,True,CSI_nonSOE,-0.008464132878683639,0.02673967,-0.03520380287868364,-53205267480.69852,0.0,0,1,FirmSize_lag,
601800.SH,中国交建,CSI,中央国有企业,工业,建筑,工业--建筑--建筑与工程Ⅲ--建筑与工程Ⅳ,2023,,,,,,,,,,1684262000000.0,,0.027634,24734000000.0,21809000000.0,target_year,,,,,,,,,,SOE_target,0.022187000000000002,0.084747,28.044024,0.105018,0.173049,0.494436,-0.029834,0.039797,0.718016,0.931822,0.022517,True,CSI_nonSOE,-0.00974031873160948,0.027634,-0.03737431873160948,-62948144815.53804,0.0,0,1,FirmSize_lag,
601800.SH,中国交建,CSI,中央国有企业,工业,建筑,工业--建筑--建筑与工程Ⅲ--建筑与工程Ⅳ,2024,,,,,,,,,,1858272000000.0,,0.024677,23854000000.0,22002000000.0,target_year,,,,,,,,,,SOE_target,0.019717,0.077554,28.152349,0.102851,0.176169,0.472927,-0.045148,0.04459,0.727403,0.900232,0.023113,True,CSI_nonSOE,-0.012211880955065174,0.024677,-0.03688888095506518,-68549574590.13088,0.0,0,1,FirmSize_lag,
601800.SH,中国交建,CSI,中央国有企业,工业,建筑,工业--建筑--建筑与工程Ⅲ--建筑与工程Ⅳ,2025,,,,,,,,,,2019132000000.0,,0.017665,14995000000.0,20673000000.0,target_year,,,,,,,,,,SOE_target,0.013065,0.048034,28.250668,0.10843,0.174423,0.433725,-0.042988,0.043066,0.748253,0.908054,0.014673,True,CSI_nonSOE,-0.014848576356369672,0.017665,-0.03251357635636967,-65649202455.58941,0.0,0,1,FirmSize_lag,
601808.SH,中海油服,CSI,中央国有企业,能源,石油石化,能源--石油石化--能源设备与服务--石油天然气钻井,2019,,,,,,,,,,76101838000.0,,0.046964858,2502238000.0,1071874000.0,target_year,,,,,,,,,,SOE_target,0.059375,0.07022400000000001,25.03657194,0.003993959,0.452070271,0.29468154,0.062900957,0.689987886,0.53569692,1.276166723,0.032541029,True,CSI_nonSOE,0.06607987301786161,0.046964858,0.019115015017861614,1454687776.2568717,1454687776.2568717,1,0,,
601808.SH,中海油服,CSI,中央国有企业,能源,石油石化,能源--石油石化--能源设备与服务--石油天然气钻井,2020,,,,,,,,,,75942308000.0,,0.04729003,2703187000.0,888127000.0,target_year,,,,,,,,,,SOE_target,0.055210999999999996,0.071851,25.05533825,0.00538186,0.44417932,0.41217689,0.042059878,0.659880817,0.514988363,1.161423314,0.038244503,True,CSI_nonSOE,0.07079237263882236,0.04729003,0.023502342638822366,1784822143.3989809,1784822143.3989809,1,0,,
601808.SH,中海油服,CSI,中央国有企业,能源,石油石化,能源--石油石化--能源设备与服务--石油天然气钻井,2021,,,,,,,,,,73311708000.0,,0.015423798,313176000.0,817569000.0,target_year,,,,,,,,,,SOE_target,0.023895,0.008183000000000001,25.05323978,0.006705584,0.429200271,0.380485744,0.124394771,0.617823335,0.490550011,1.55978126,0.054926774,True,CSI_nonSOE,0.07569864339530949,0.015423798,0.06027484539530949,4418851865.366074,4418851865.366074,1,0,,
601808.SH,中海油服,CSI,中央国有企业,能源,石油石化,能源--石油石化--能源设备与服务--石油天然气钻井,2022,,,,,,,,,,77184090000.0,,0.040373955,2352625000.0,763602000.0,target_year,,,,,,,,,,SOE_target,0.04813,0.06082,25.01798616,0.005068244,0.425995256,0.390856873,0.04464467,0.590030695,0.478714505,1.14871269,0.050342709,True,CSI_nonSOE,0.07239029777970238,0.040373955,0.032016342779702375,2471152282.579398,2471152282.579398,1,0,,
601808.SH,中海油服,CSI,中央国有企业,能源,石油石化,能源--石油石化--能源设备与服务--石油天然气钻井,2023,,,,,,,,,,83245834000.0,,0.047842,3013255000.0,969394000.0,target_year,,,,,,,,,,SOE_target,0.062721,0.074425,25.069459,0.00499,0.418201,0.473238,0.088332,0.571986,0.483079,1.320206,0.053665,True,CSI_nonSOE,0.07614175891039231,0.047842,0.028299758910392304,2355837032.494539,2355837032.494539,1,0,,
601808.SH,中海油服,CSI,中央国有企业,能源,石油石化,能源--石油石化--能源设备与服务--石油天然气钻井,2024,,,,,,,,,,82947663000.0,,0.04698,3136992000.0,759921000.0,target_year,,,,,,,,,,SOE_target,0.063888,0.073431,25.145064,0.006444,0.410755,0.549053,0.082953,0.587758,0.492394,1.295552,0.113805,True,CSI_nonSOE,0.07643766621037291,0.04698,0.029457666210372914,2443444569.5844994,2443444569.5844994,1,0,,
601808.SH,中海油服,CSI,中央国有企业,能源,石油石化,能源--石油石化--能源设备与服务--石油天然气钻井,2025,,,,,,,,,,84462835000.0,,0.053019,3841741000.0,636403000.0,target_year,,,,,,,,,,SOE_target,0.067563,0.085022,25.141476,0.007259,0.406814,0.580265,-0.011293,0.608334,0.464427,0.968357,0.072709,True,CSI_nonSOE,0.07576809101107511,0.053019,0.022749091011075112,1921452720.4684203,1921452720.4684203,1,0,,
601816.SH,京沪高铁,CSI,中央国有企业,工业,交通运输,工业--交通运输--铁路公路运输--铁路运输,2019,,,,,,,,,,185151000000.0,,0.070411296,11937249779.0,1099497717.0,target_year,,,,,,,,,,SOE_target,0.09175599999999999,0.07778,25.89209933,0.035751168,0.111099702,0.176202692,0.03661226,0.756071535,0.15671601,2.260657774,0.003739369,True,CSI_nonSOE,0.033944520456134525,0.070411296,-0.03646677554386547,-6751859958.722237,0.0,0,1,FixedAssetsRatio_lag,
601816.SH,京沪高铁,CSI,中央国有企业,工业,交通运输,工业--交通运输--铁路公路运输--铁路运输,2020,,,,,,,,,,300863000000.0,,0.020521067,3228866109.0,2945170117.0,target_year,,,,,,,,,,SOE_target,0.016576,0.01886,25.94443952,0.03393513,0.108646931,0.182018151,0.028729308,0.705225269,0.142462742,1.968147265,0.002679892,True,CSI_nonSOE,0.034264682227141616,0.020521067,0.013743615227141615,4134945308.083508,4134945308.083508,1,0,,
601816.SH,京沪高铁,CSI,中央国有企业,工业,交通运输,工业--交通运输--铁路公路运输--铁路运输,2021,,,,,,,,,,295252000000.0,,0.027510617,4815710298.0,3306861251.0,target_year,,,,,,,,,,SOE_target,0.020964,0.025997,26.42992188,0.031568495,0.123286456,0.103345912,-0.013321118,0.766537866,0.307049247,0.718920146,0.016708567,True,CSI_nonSOE,0.019998567956540814,0.027510617,-0.0075120490434591874,-2217947504.179412,0.0,0,1,FixedAssetsRatio_lag,
601816.SH,京沪高铁,CSI,中央国有企业,工业,交通运输,工业--交通运输--铁路公路运输--铁路运输,2022,,,,,,,,,,288545000000.0,,0.008071276,-576160740.5,2905087457.0,target_year,,,,,,,,,,SOE_target,-0.00358,-0.003107,26.41109593,0.026490794,0.15352339,0.097847091,0.000961479,0.767963413,0.285003369,1.031638177,0.011694701,True,CSI_nonSOE,0.021953882699854224,0.008071276,0.013882606699854224,4005756750.209437,4005756750.209437,0,1,FixedAssetsRatio_lag,
601816.SH,京沪高铁,CSI,中央国有企业,工业,交通运输,工业--交通运输--铁路公路运输--铁路运输,2023,,,,,,,,,,292219725586.82,,0.047604,11545536011.72,2365430963.91,target_year,,,,,,,,,,SOE_target,0.05272,0.060931,26.388117,0.016464,0.180808,0.066234,-0.011277,0.775856,0.281638,0.650237,0.003807,True,CSI_nonSOE,0.021902904087936784,0.047604,-0.025701095912063217,-7510367194.703654,0.0,0,2,"AssetTurnover_lag, FixedAssetsRatio_lag",
601816.SH,京沪高铁,CSI,中央国有企业,工业,交通运输,工业--交通运输--铁路公路运输--铁路运输,2024,,,,,,,,,,284662650232.54,,0.051136,12768289200.79,1788199149.18,target_year,,,,,,,,,,SOE_target,0.065529,0.064263,26.400772,0.033355,0.114556,0.139624,-0.001078,0.749455,0.254289,0.978628,0.0051,True,CSI_nonSOE,0.024608117043007985,0.051136,-0.026527882956992016,-7551497467.595977,0.0,0,1,FixedAssetsRatio_lag,
601816.SH,京沪高铁,CSI,中央国有企业,工业,交通运输,工业--交通运输--铁路公路运输--铁路运输,2025,,,,,,,,,,287938421202.66,,0.050637,13171912357.24,1408303112.44,target_year,,,,,,,,,,SOE_target,0.066649,0.064329,26.374571,0.030185,0.116886,0.145363,0.01349,0.753939,0.208718,1.470092,0.004145,True,CSI_nonSOE,0.02795759816086181,0.050637,-0.02267940183913819,-6530271159.3821535,0.0,0,1,FixedAssetsRatio_lag,
601857.SH,中国石油,CSI,中央国有企业,能源,石油石化,能源--石油石化--石油天然气--综合性石油天然气,2019,,,,,,,,,,2732910000000.0,,0.027842483,45682000000.0,30409000000.0,target_year,,,,,,,,,,SOE_target,0.050334000000000004,0.037376,28.51984445,0.429492104,0.452070271,0.973184769,-0.063010378,0.701362844,0.420023139,0.738639736,0.113369179,True,CSI_nonSOE,0.0924542814788076,0.027842483,0.0646117984788076,176578230180.71808,176578230180.71808,0,1,FirmSize_lag,
601857.SH,中国石油,CSI,中央国有企业,能源,石油石化,能源--石油石化--石油天然气--综合性石油天然气,2020,,,,,,,,,,2488130000000.0,,0.01830052,19006000000.0,26528000000.0,target_year,,,,,,,,,,SOE_target,0.030484,0.015545,28.63638809,0.435873044,0.44417932,0.9745302,-0.071171755,0.652500082,0.471513881,0.705926198,0.119565591,True,CSI_nonSOE,0.08777595315527412,0.01830052,0.06947543315527412,172863909496.63217,172863909496.63217,0,1,FirmSize_lag,
601857.SH,中国石油,CSI,中央国有企业,能源,石油石化,能源--石油石化--石油天然气--综合性石油天然气,2021,,,,,,,,,,2502260000000.0,,0.044723135,92170000000.0,19739000000.0,target_year,,,,,,,,,,SOE_target,0.070118,0.07436899999999999,28.54255093,0.448309732,0.429200271,0.740786311,-0.047686894,0.583608306,0.450742848,0.80401805,0.103180868,True,CSI_nonSOE,0.0807218081158308,0.044723135,0.0359986731158308,90078039790.81877,90078039790.81877,0,1,FirmSize_lag,
601857.SH,中国石油,CSI,中央国有企业,能源,石油石化,能源--石油石化--石油天然气--综合性石油天然气,2022,,,,,,,,,,2673490000000.0,,0.063936772,149380000000.0,21554000000.0,target_year,,,,,,,,,,SOE_target,0.08891199999999999,0.113472,28.54821624,0.454262894,0.425995256,1.047753802,-0.014914505,0.583190729,0.436961837,0.927975637,0.106129174,True,CSI_nonSOE,0.09535201426975515,0.063936772,0.031415242269755145,83988336055.76768,83988336055.76768,0,1,FirmSize_lag,
601857.SH,中国石油,CSI,中央国有企业,能源,石油石化,能源--石油石化--石油天然气--综合性石油天然气,2023,,,,,,,,,,2752448000000.0,,0.067289,161146000000.0,24063000000.0,target_year,,,,,,,,,,SOE_target,0.093352,0.114471,28.614404,0.453855,0.418201,1.251671,-0.003889,0.558265,0.424776,0.983347,0.091729,True,CSI_nonSOE,0.10408175786386123,0.067289,0.03679275786386123,101270152796.86911,101270152796.86911,0,1,FirmSize_lag,
601857.SH,中国石油,CSI,中央国有企业,能源,石油石化,能源--石油石化--石油天然气--综合性石油天然气,2024,,,,,,,,,,2752751000000.0,,0.067356,164684000000.0,20731000000.0,target_year,,,,,,,,,,SOE_target,0.092073,0.111224,28.643512,0.440548,0.410755,1.10986,-0.011076,0.552914,0.407664,0.955752,0.10365,True,CSI_nonSOE,0.09931733494670161,0.067356,0.031961334946701614,87981596735.86781,87981596735.86781,0,1,FirmSize_lag,
601857.SH,中国石油,CSI,中央国有企业,能源,石油石化,能源--石油石化--石油天然气--综合性石油天然气,2025,,,,,,,,,,2827777000000.0,,0.061845,157318000000.0,17567000000.0,target_year,,,,,,,,,,SOE_target,0.08457,0.101464,28.643622,0.442325,0.406814,1.067348,-0.016882,0.570633,0.37894,0.92708,0.109945,True,CSI_nonSOE,0.1002093416963806,0.061845,0.0383643416963806,108485803069.16605,108485803069.16605,0,1,FirmSize_lag,
601868.SH,中国能建,CSI,中央国有企业,工业,建筑,工业--建筑--建筑与工程Ⅲ--建筑与工程Ⅳ,2019,,,,,,,,,,421670000000.0,,0.022373373,5078524000.0,4355663000.0,target_year,,,,,,,,,,SOE_target,0.040955000000000005,0.093375,26.68783575,0.055060571,0.178025019,0.611053387,0.080332028,0.089422698,0.755605049,1.138216335,0.041483933,True,CSI_nonSOE,-0.0021094947289639343,0.022373373,-0.024482867728963933,-10323690835.27222,0.0,1,0,,
601868.SH,中国能建,CSI,中央国有企业,工业,建筑,工业--建筑--建筑与工程Ⅲ--建筑与工程Ⅳ,2020,,,,,,,,,,476052000000.0,,0.017142067,4680285000.0,3480229000.0,target_year,,,,,,,,,,SOE_target,0.035304,0.073961,26.76748957,0.052356081,0.179054819,0.609800165,0.094137391,0.091607576,0.731329544,1.17643605,0.034060274,True,CSI_nonSOE,1.2632004066107094e-05,0.017142067,-0.017129434995933893,-8154501788.684321,0.0,1,0,,
601868.SH,中国能建,CSI,中央国有企业,工业,建筑,工业--建筑--建筑与工程Ⅲ--建筑与工程Ⅳ,2021,,,,,,,,,,528863000000.0,,0.018656423,6504102000.0,3362582000.0,target_year,,,,,,,,,,SOE_target,0.031996000000000004,0.079994,26.88879274,0.050547082,0.179498397,0.602252363,0.076272281,0.086413832,0.710265092,1.143458048,0.031423462,True,CSI_nonSOE,9.79711361387553e-05,0.018656423,-0.018558451863861243,-9814878528.07725,0.0,1,0,,
601868.SH,中国能建,CSI,中央国有企业,工业,建筑,工业--建筑--建筑与工程Ⅲ--建筑与工程Ⅳ,2022,,,,,,,,,,664351000000.0,,0.020211219,7809343000.0,5618003000.0,target_year,,,,,,,,,,SOE_target,0.031312,0.07965,26.99399448,0.052466095,0.17910201,0.641484554,0.074525801,0.089604705,0.716875416,1.145695808,0.026553177,True,CSI_nonSOE,0.001206750415659541,0.020211219,-0.019004468584340458,-12625637708.475168,0.0,0,1,FirmSize_lag,
601868.SH,中国能建,CSI,中央国有企业,工业,建筑,工业--建筑--建筑与工程Ⅲ--建筑与工程Ⅳ,2023,,,,,,,,,,783156193000.0,,0.017731,7986116000.0,5899961000.0,target_year,,,,,,,,,,SOE_target,0.025701,0.075214,27.222077,0.05363,0.173049,0.614129,0.055987,0.089218,0.747895,1.108897,0.030079,True,CSI_nonSOE,-0.0034882884779440654,0.017731,-0.021219288477944066,-16618017182.555439,0.0,0,1,FirmSize_lag,
601868.SH,中国能建,CSI,中央国有企业,工业,建筑,工业--建筑--建筑与工程Ⅲ--建筑与工程Ⅳ,2024,,,,,,,,,,869004776000.0,,0.017443,8396167000.0,6761837000.0,target_year,,,,,,,,,,SOE_target,0.024536,0.074146,27.386598,0.055265,0.176169,0.561008,0.01157,0.106064,0.759623,1.02173,0.039749,True,CSI_nonSOE,-0.00772981797610417,0.017443,-0.02517281797610417,-21875299046.61318,0.0,0,1,FirmSize_lag,
601868.SH,中国能建,CSI,中央国有企业,工业,建筑,工业--建筑--建筑与工程Ⅲ--建筑与工程Ⅳ,2025,,,,,,,,,,941597382000.0,,0.013588,5840294000.0,6954227000.0,target_year,,,,,,,,,,SOE_target,0.020983,0.049495,27.490614,0.061638,0.174423,0.528656,0.011594,0.127901,0.763144,1.023043,0.05238,True,CSI_nonSOE,-0.008089235229530228,0.013588,-0.021677235229530228,-20411227941.123833,0.0,0,1,FirmSize_lag,
601872.SH,招商轮船,CSI,中央国有企业,工业,交通运输,工业--交通运输--海上运输Ⅲ--海上运输Ⅳ,2019,,,,,,,,,,54817643675.0,,0.048220512,1612975362.0,1030359463.0,target_year,,,,,,,,,,SOE_target,0.048766,0.070773,24.63439951,0.012531131,0.111099702,0.248768239,-0.144937503,0.763285164,0.593101964,0.553060102,0.127231869,True,CSI_nonSOE,0.010582075259520443,0.048220512,-0.03763843674047956,-2063250413.7236369,0.0,0,1,FixedAssetsRatio_lag,
601872.SH,招商轮船,CSI,中央国有企业,工业,交通运输,工业--交通运输--海上运输Ⅲ--海上运输Ⅳ,2020,,,,,,,,,,58634669141.0,,0.056169586,2777489423.0,515995643.3,target_year,,,,,,,,,,SOE_target,0.06112599999999999,0.10917299999999999,24.72727794,0.015023484,0.108646931,0.277540098,0.025627368,0.720457705,0.530282788,1.131312613,0.07166024,True,CSI_nonSOE,0.026301868192930768,0.056169586,-0.029867717807069233,-1751283751.6142585,0.0,1,0,,
601872.SH,招商轮船,CSI,中央国有企业,工业,交通运输,工业--交通运输--海上运输Ⅲ--海上运输Ⅳ,2021,,,,,,,,,,60135535611.0,,0.068015247,3609069039.0,481064278.5,target_year,,,,,,,,,,SOE_target,0.08123200000000001,0.138902,24.79459198,0.022698194,0.123286456,0.318322079,0.10278916,0.672902532,0.556505787,1.634599657,0.02325035,True,CSI_nonSOE,0.02967090249626697,0.068015247,-0.03834434450373303,-2305857694.38469,0.0,1,0,,
601872.SH,招商轮船,CSI,中央国有企业,工业,交通运输,工业--交通运输--海上运输Ⅲ--海上运输Ⅳ,2022,,,,,,,,,,65469954370.0,,0.084040716,5085887332.0,416254517.4,target_year,,,,,,,,,,SOE_target,0.101114,0.171097,24.81986678,0.022144272,0.15352339,0.41052282,0.037080611,0.637702484,0.552953965,1.153785552,0.040402073,True,CSI_nonSOE,0.029693851593671952,0.084040716,-0.05434686440632805,-3558086732.8348746,0.0,1,0,,
601872.SH,招商轮船,CSI,中央国有企业,工业,交通运输,工业--交通运输--海上运输Ⅲ--海上运输Ⅳ,2023,,,,,,,,,,62394661514.41,,0.09434,4836966617.91,1049349709.81,target_year,,,,,,,,,,SOE_target,0.101106,0.138321,24.904857,0.025269,0.180808,0.472482,0.136669,0.633026,0.488315,1.997692,0.041179,True,CSI_nonSOE,0.04076099102735478,0.09434,-0.05357900897264521,-3343044129.1257343,0.0,1,0,,
601872.SH,招商轮船,CSI,中央国有企业,工业,交通运输,工业--交通运输--海上运输Ⅲ--海上运输Ⅳ,2024,,,,,,,,,,70619308351.63,,0.087285,5107447941.27,1056539123.01,target_year,,,,,,,,,,SOE_target,0.10538600000000001,0.132773,24.856746,0.021278,0.114556,0.404556,-0.023155,0.703197,0.401566,0.884669,0.071941,True,CSI_nonSOE,0.0370697182976345,0.087285,-0.0502152817023655,-3546168462.503313,0.0,1,0,,
601872.SH,招商轮船,CSI,中央国有企业,工业,交通运输,工业--交通运输--海上运输Ⅲ--海上运输Ⅳ,2025,,,,,,,,,,82054880078.89,,0.087403,6012096267.97,1159711575.55,target_year,,,,,,,,,,SOE_target,0.10524800000000001,0.144784,24.980569,0.018482,0.116886,0.386011,-0.101025,0.665063,0.421558,0.592028,0.106915,True,CSI_nonSOE,0.027355880298691,0.087403,-0.06004711970130899,-4927159206.173662,0.0,1,0,,
601888.SH,中国中免,CSI,中央国有企业,可选消费,可选消费零售,可选消费--可选消费零售--经销商Ⅲ--经销商Ⅳ,2019,,,,,,,,,,36080230000.0,,0.130492211,4497573000.0,210616000.0,target_year,,,,,,,,,,SOE_target,0.18617,0.249605,24.14778729,1.0,1.0,1.340804305,0.354696241,0.100572764,0.397675149,2.253891129,0.051508655,True,CSI_nonSOE,0.12319419347804825,0.130492211,-0.00729801752195175,-263314150.73604918,0.0,0,2,"HHI_lag, MarketShare_lag",
601888.SH,中国中免,CSI,中央国有企业,可选消费,可选消费零售,可选消费--可选消费零售--经销商Ⅲ--经销商Ⅳ,2020,,,,,,,,,,45863816000.0,,0.13404953,5931348000.0,216675000.0,target_year,,,,,,,,,,SOE_target,0.231043,0.28396699999999997,24.30901091,1.0,1.0,1.437757186,0.377254053,0.075365096,0.369845314,2.431739667,0.042022238,True,CSI_nonSOE,0.12676632465826138,0.13404953,-0.0072832053417386244,-334035589.68371737,0.0,0,2,"HHI_lag, MarketShare_lag",
601888.SH,中国中免,CSI,中央国有企业,可选消费,可选消费零售,可选消费--可选消费零售--经销商Ⅲ--经销商Ⅳ,2021,,,,,,,,,,55101329000.0,,0.180547587,9726557000.0,221855000.0,target_year,,,,,,,,,,SOE_target,0.29467,0.38020000000000004,24.54894232,1.0,1.0,1.283749328,0.313407218,0.076801765,0.438851403,1.866473287,0.026899681,True,CSI_nonSOE,0.10855919274765219,0.180547587,-0.07198839425234782,-3966656195.8803263,0.0,0,2,"HHI_lag, MarketShare_lag",
601888.SH,中国中免,CSI,中央国有企业,可选消费,可选消费零售,可选消费--可选消费零售--经销商Ⅲ--经销商Ⅳ,2022,,,,,,,,,,75618784000.0,,0.070196024,5113962000.0,194176000.0,target_year,,,,,,,,,,SOE_target,0.12078799999999999,0.131835,24.73243967,1.0,1.0,1.340571838,0.388476311,0.100419465,0.375350874,2.249147766,0.039106988,True,CSI_nonSOE,0.11743015917463234,0.070196024,0.04723413517463235,3571787865.1973257,3571787865.1973257,0,2,"HHI_lag, MarketShare_lag",
601888.SH,中国中免,CSI,中央国有企业,可选消费,可选消费零售,可选消费--可选消费零售--经销商Ⅲ--经销商Ⅳ,2023,,,,,,,,,,78662313000.0,,0.090106,6790027000.0,297894000.0,target_year,,,,,,,,,,SOE_target,0.117281,0.133195,25.048971,1.0,1.0,0.832815,0.525335,0.110924,0.288026,3.272565,0.039612,True,CSI_nonSOE,0.1067944810139134,0.090106,0.01668848101391339,1312754517.0110123,1312754517.0110123,0,2,"HHI_lag, MarketShare_lag",
601888.SH,中国中免,CSI,中央国有企业,可选消费,可选消费零售,可选消费--可选消费零售--经销商Ⅲ--经销商Ⅳ,2024,,,,,,,,,,76108344000.0,,0.05947,4323643000.0,202501000.0,target_year,,,,,,,,,,SOE_target,0.083054,0.07961599999999999,25.08843,1.0,1.0,0.875546,0.548259,0.107205,0.250282,3.813539,0.022903,True,CSI_nonSOE,0.11116602559282862,0.05947,0.05169602559282862,3934498899.2518044,3934498899.2518044,0,2,"HHI_lag, MarketShare_lag",
601888.SH,中国中免,CSI,中央国有企业,可选消费,可选消费零售,可选消费--可选消费零售--经销商Ⅲ--经销商Ⅳ,2025,,,,,,,,,,74891423000.0,,0.051038,3643905000.0,178416000.0,target_year,,,,,,,,,,SOE_target,0.061806,0.066036,25.055424,1.0,1.0,0.729775,0.591149,0.107038,0.201187,5.101675,0.014702,True,CSI_nonSOE,0.11008343192089023,0.051038,0.059045431920890235,4421996418.205093,4421996418.205093,0,2,"HHI_lag, MarketShare_lag",
601898.SH,中煤能源,CSI,中央国有企业,能源,煤炭Ⅱ,能源--煤炭Ⅱ--煤炭Ⅲ--煤炭与消费用燃料,2019,,,,,,,,,,272469000000.0,,0.040662582,6197168000.0,4882121000.0,target_year,,,,,,,,,,SOE_target,0.066093,0.065577,26.30135748,0.199924039,0.3281903,0.40562245,-0.051643698,0.498581841,0.582205584,0.802290686,0.035635828,True,CSI_nonSOE,0.03746480489760713,0.040662582,-0.003197777102392871,-871295129.3118831,0.0,1,0,,
601898.SH,中煤能源,CSI,中央国有企业,能源,煤炭Ⅱ,能源--煤炭Ⅱ--煤炭Ⅲ--煤炭与消费用燃料,2020,,,,,,,,,,281574000000.0,,0.035577161,5350726000.0,4666871000.0,target_year,,,,,,,,,,SOE_target,0.058464999999999996,0.054136,26.33079033,0.239282422,0.293470907,0.481509395,-0.105136963,0.477110854,0.569782391,0.657633162,0.040171693,True,CSI_nonSOE,0.039276838621993784,0.035577161,0.0036996776219937813,1041733026.7352769,1041733026.7352769,1,0,,
601898.SH,中煤能源,CSI,中央国有企业,能源,煤炭Ⅱ,能源--煤炭Ⅱ--煤炭Ⅲ--煤炭与消费用燃料,2021,,,,,,,,,,321329000000.0,,0.058533792,14714915000.0,4093691000.0,target_year,,,,,,,,,,SOE_target,0.104012,0.13738799999999998,26.36366047,0.248811769,0.275297772,0.508846338,-0.02459337,0.474754771,0.560805759,0.899856996,0.036606113,True,CSI_nonSOE,0.046216319041870665,0.058533792,-0.012317472958129336,-3957961268.162741,0.0,1,0,,
601898.SH,中煤能源,CSI,中央国有企业,能源,煤炭Ⅱ,能源--煤炭Ⅱ--煤炭Ⅲ--煤炭与消费用燃料,2022,,,,,,,,,,339616000000.0,,0.069420696,19719469000.0,3856932000.0,target_year,,,,,,,,,,SOE_target,0.11591,0.16159300000000001,26.49573143,0.26828346,0.269530745,0.766714926,0.053652331,0.400720788,0.557575067,1.196478782,0.032450595,True,CSI_nonSOE,0.05940460224004917,0.069420696,-0.010016093759950835,-3401625698.3794627,0.0,1,0,,
601898.SH,中煤能源,CSI,中央国有企业,能源,煤炭Ⅱ,能源--煤炭Ⅱ--煤炭Ⅲ--煤炭与消费用燃料,2023,,,,,,,,,,349155327000.0,,0.066585,20183598000.0,3064810000.0,target_year,,,,,,,,,,SOE_target,0.10643599999999999,0.147113,26.551082,0.229487,0.250024,0.645549,0.055689,0.37232,0.514808,1.180126,0.028727,True,CSI_nonSOE,0.05539431081536854,0.066585,-0.011190689184631467,-3907288741.615363,0.0,1,0,,
601898.SH,中煤能源,CSI,中央国有企业,能源,煤炭Ⅱ,能源--煤炭Ⅱ--煤炭Ⅲ--煤炭与消费用燃料,2024,,,,,,,,,,357794496000.0,,0.057829,18155988000.0,2534892000.0,target_year,,,,,,,,,,SOE_target,0.092524,0.122846,26.578783,0.216143,0.263234,0.539553,0.061607,0.365746,0.477243,1.219139,0.050336,True,CSI_nonSOE,0.053550025225564124,0.057829,-0.004278974774435874,-1530993622.8159974,0.0,1,0,,
601898.SH,中煤能源,CSI,中央国有企业,能源,煤炭Ⅱ,能源--煤炭Ⅱ--煤炭Ⅲ--煤炭与消费用燃料,2025,,,,,,,,,,370517742000.0,,0.044927,14497092000.0,2149057000.0,target_year,,,,,,,,,,SOE_target,0.066686,0.092908,26.603225,0.211221,0.263097,0.514626,0.030435,0.393,0.463299,1.106577,0.050505,True,CSI_nonSOE,0.05256463490955389,0.044927,0.007637634909553888,2829879240.908281,2829879240.908281,1,0,,
601899.SH,紫金矿业,CSI,地方国有企业,材料,有色金属,材料--有色金属--贵金属--黄金,2019,,,,,,,,,,123831000000.0,,0.050163348,4283957365.0,1927817536.0,target_year,,,,,,,,,,SOE_target,0.07092999999999999,0.093494,25.44958498,0.135006124,0.167062795,1.048438121,-0.060014627,0.349933684,0.581201238,0.818005224,0.069178863,True,CSI_nonSOE,0.06153947205778678,0.050163348,0.011376124057786777,1408716818.1997943,1408716818.1997943,1,0,,
601899.SH,紫金矿业,CSI,地方国有企业,材料,有色金属,材料--有色金属--贵金属--黄金,2020,,,,,,,,,,182313000000.0,,0.046235297,6508553913.0,1920753386.0,target_year,,,,,,,,,,SOE_target,0.079348,0.120837,25.54218314,0.147075799,0.15478921,1.149911991,-0.038506206,0.359373782,0.539052237,0.857077928,0.096066464,True,CSI_nonSOE,0.06908834998566915,0.046235297,0.02285305298566915,4166408648.9763,4166408648.9763,1,0,,
601899.SH,紫金矿业,CSI,地方国有企业,材料,有色金属,材料--有色金属--贵金属--黄金,2021,,,,,,,,,,208595000000.0,,0.0852602,15672870591.0,2111953389.0,target_year,,,,,,,,,,SOE_target,0.133764,0.24570799999999998,25.9289922,0.154732825,0.159708925,1.120395812,-0.042637039,0.349846763,0.590833682,0.834736234,0.076167844,True,CSI_nonSOE,0.0573276030194777,0.0852602,-0.027932596980522292,-5826600067.152047,0.0,1,0,,
601899.SH,紫金矿业,CSI,地方国有企业,材料,有色金属,材料--有色金属--贵金属--黄金,2022,,,,,,,,,,306044000000.0,,0.075917288,20042045977.0,3191995016.0,target_year,,,,,,,,,,SOE_target,0.123702,0.25056100000000003,26.06365887,0.150787193,0.168216562,1.151690576,-0.015523729,0.355451102,0.55465225,0.935626067,0.096591957,True,CSI_nonSOE,0.06154930872906454,0.075917288,-0.014367979270935458,-4397233847.994171,0.0,1,0,,
601899.SH,紫金矿业,CSI,地方国有企业,材料,有色金属,材料--有色金属--贵金属--黄金,2023,,,,,,,,,,343005706012.0,,0.075169,21119419571.0,4663911436.0,target_year,,,,,,,,,,SOE_target,0.104795,0.215012,26.446995,0.157798,0.153058,1.050558,0.027691,0.309148,0.593342,1.119075,0.081016,True,CSI_nonSOE,0.05597986012607396,0.075169,-0.019189139873926037,-6581984470.219021,0.0,1,0,,
601899.SH,紫金矿业,CSI,地方国有企业,材料,有色金属,材料--有色金属--贵金属--黄金,2024,,,,,,,,,,396610730026.0,,0.09228,32050602437.0,4548705755.0,target_year,,,,,,,,,,SOE_target,0.135342,0.25921299999999997,26.561013,0.169325,0.159476,0.904101,-0.019107,0.342247,0.596617,0.922147,0.088712,True,CSI_nonSOE,0.04912668703015825,0.09228,-0.04315331296984175,-17115066960.00939,0.0,1,0,,
601899.SH,紫金矿业,CSI,地方国有企业,材料,有色金属,材料--有色金属--贵金属--黄金,2025,,,,,,,,,,512005142450.0,,0.108807,51777327785.0,3932640491.0,target_year,,,,,,,,,,SOE_target,0.18064699999999997,0.318309,26.706221,0.169614,0.15747,0.821074,-0.002131,0.333734,0.551876,0.991529,0.062524,True,CSI_nonSOE,0.05065066353837594,0.108807,-0.05815633646162406,-29776343334.403957,0.0,1,0,,
601919.SH,中远海控,CSI,中央国有企业,工业,交通运输,工业--交通运输--海上运输Ⅲ--海上运输Ⅳ,2019,,,,,,,,,,262224000000.0,,0.046345211,6690106000.0,5462722000.0,target_year,,,,,,,,,,SOE_target,0.034775,0.229719,26.15324199,0.1381701,0.111099702,0.666100324,-0.126402542,0.505757923,0.752993999,0.675445454,0.08717098,True,CSI_nonSOE,-0.0049268105617204655,0.046345211,-0.05127202156172046,-13444754582.000587,0.0,1,0,,
601919.SH,中远海控,CSI,中央国有企业,工业,交通运输,工业--交通运输--海上运输Ⅲ--海上运输Ⅳ,2020,,,,,,,,,,271926000000.0,,0.051028303,9927098000.0,3948828000.0,target_year,,,,,,,,,,SOE_target,0.064635,0.250452,26.29246505,0.155552982,0.108646931,0.613990479,0.006206761,0.397290073,0.736388625,1.023095445,0.042264429,True,CSI_nonSOE,-7.562743153781415e-05,0.051028303,-0.05110393043153781,-13896487386.52635,0.0,1,0,,
601919.SH,中远海控,CSI,中央国有企业,工业,交通运输,工业--交通运输--海上运输Ⅲ--海上运输Ⅳ,2021,,,,,,,,,,413668000000.0,,0.224550922,89296138000.0,3593411000.0,target_year,,,,,,,,,,SOE_target,0.380517,1.008949,26.32879608,0.215275282,0.123286456,0.641238606,-0.007594321,0.378170712,0.710593928,0.972104244,0.024524221,True,CSI_nonSOE,0.0051165952039268076,0.224550922,-0.21943432679607316,-90772959097.07799,0.0,1,0,,
601919.SH,中远海控,CSI,中央国有企业,工业,交通运输,工业--交通运输--海上运输Ⅲ--海上运输Ⅳ,2022,,,,,,,,,,511780000000.0,,0.221511332,109684000000.0,3680840000.0,target_year,,,,,,,,,,SOE_target,0.357707,0.657821,26.74832975,0.303105964,0.15352339,0.97344357,0.196168556,0.257317874,0.567623053,1.668671798,0.023085939,True,CSI_nonSOE,0.04206465068357284,0.221511332,-0.17944668131642716,-91837222564.1211,0.0,1,0,,
601919.SH,中远海控,CSI,中央国有企业,工业,交通运输,工业--交通运输--海上运输Ⅲ--海上运输Ⅳ,2023,,,,,,,,,,462429381000.0,,0.059367,23860258000.0,3592746000.0,target_year,,,,,,,,,,SOE_target,0.059946,0.120355,26.96116,0.333016,0.180808,0.845123,0.198677,0.233535,0.504624,1.63763,0.0205,True,CSI_nonSOE,0.04192305650136196,0.059367,-0.017443943498638044,-8066591994.274165,0.0,0,1,FirmSize_lag,
601919.SH,中远海控,CSI,中央国有企业,工业,交通运输,工业--交通运输--海上运输Ⅲ--海上运输Ⅳ,2024,,,,,,,,,,497472214000.0,,0.104992,49172465000.0,3058232000.0,target_year,,,,,,,,,,SOE_target,0.13303,0.228293,26.85976,0.144337,0.114556,0.360185,0.162486,0.280678,0.47404,1.590121,0.033131,True,CSI_nonSOE,0.01630333700617316,0.104992,-0.08868866299382684,-44120145536.23891,0.0,1,0,,
601919.SH,中远海控,CSI,中央国有企业,工业,交通运输,工业--交通运输--海上运输Ⅲ--海上运输Ⅳ,2025,,,,,,,,,,483758024000.0,,0.07002,30859651000.0,3013024000.0,target_year,,,,,,,,,,SOE_target,0.080724,0.13218,26.932806,0.16836,0.116886,0.487256,0.167499,0.303861,0.426986,1.678604,0.052262,True,CSI_nonSOE,0.026865672709400296,0.07002,-0.0431543272905997,-20876252097.149788,0.0,0,1,FirmSize_lag,
601985.SH,中国核电,CSI,中央国有企业,公用事业,公用事业Ⅱ,公用事业--公用事业Ⅱ--电力--电力公用事业,2019,,,,,,,,,,347639000000.0,,0.033423197,4612558850.0,7006645806.0,target_year,,,,,,,,,,SOE_target,0.051093,0.095614,26.50240634,0.065305579,0.148389593,0.123797436,-0.015956505,0.849558327,0.741652254,0.86858063,0.071637094,True,CSI_nonSOE,0.0010221170817146935,0.033423197,-0.03240107991828531,-11263879021.712786,0.0,0,1,FixedAssetsRatio_lag,
601985.SH,中国核电,CSI,中央国有企业,公用事业,公用事业Ⅱ,公用事业--公用事业Ⅱ--电力--电力公用事业,2020,,,,,,,,,,381746000000.0,,0.033938319,5995452045.0,6960364749.0,target_year,,,,,,,,,,SOE_target,0.036137999999999997,0.099496,26.57443023,0.067481903,0.143602423,0.135640693,-0.019129801,0.828426352,0.740297102,0.863979538,0.070616627,True,CSI_nonSOE,0.0010373596766647536,0.033938319,-0.03290095932333525,-12559809617.845938,0.0,0,1,FixedAssetsRatio_lag,
601985.SH,中国核电,CSI,中央国有企业,公用事业,公用事业Ⅱ,公用事业--公用事业Ⅱ--电力--电力公用事业,2021,,,,,,,,,,409621000000.0,,0.036396898,8038084942.0,6870862905.0,target_year,,,,,,,,,,SOE_target,0.04185,0.109671,26.66802123,0.067942863,0.126082379,0.141686299,-0.007015087,0.817627022,0.694850283,0.950978047,0.062692714,True,CSI_nonSOE,0.005369680627109283,0.036396898,-0.031027217372890714,-12709399807.500868,0.0,0,1,FixedAssetsRatio_lag,
601985.SH,中国核电,CSI,中央国有企业,公用事业,公用事业Ⅱ,公用事业--公用事业Ⅱ--电力--电力公用事业,2022,,,,,,,,,,464620000000.0,,0.036921229,9009829595.0,8144511017.0,target_year,,,,,,,,,,SOE_target,0.044770000000000004,0.109367,26.73849912,0.066112516,0.130392082,0.155949917,-0.018961189,0.805403382,0.694160724,0.88155248,0.061331462,True,CSI_nonSOE,0.004740338257053167,0.036921229,-0.03218089074294683,-14951885456.987957,0.0,0,1,FixedAssetsRatio_lag,
601985.SH,中国核电,CSI,中央国有企业,公用事业,公用事业Ⅱ,公用事业--公用事业Ⅱ--电力--电力公用事业,2023,,,,,,,,,,539267250476.02,,0.033241,10623826706.6,7301743750.68,target_year,,,,,,,,,,SOE_target,0.045784000000000005,0.11831200000000001,26.864486,0.064424,0.129341,0.161085,-0.017598,0.79749,0.681741,0.889415,0.108712,True,CSI_nonSOE,0.005062582841500976,0.033241,-0.028178417158499024,-15195697543.830072,0.0,0,1,FixedAssetsRatio_lag,
601985.SH,中国核电,CSI,中央国有企业,公用事业,公用事业Ⅱ,公用事业--公用事业Ⅱ--电力--电力公用事业,2024,,,,,,,,,,659739168841.27,,0.023677,8777342050.34,6843597272.48,target_year,,,,,,,,,,SOE_target,0.049053000000000006,0.087264,27.013477,0.064166,0.121904,0.147279,-0.05444,0.798297,0.698113,0.699198,0.124429,True,CSI_nonSOE,0.00146510591705043,0.023677,-0.02221189408294957,-14654056540.675472,0.0,0,2,"FirmSize_lag, FixedAssetsRatio_lag",
601985.SH,中国核电,CSI,中央国有企业,公用事业,公用事业Ⅱ,公用事业--公用事业Ⅱ--电力--电力公用事业,2025,,,,,,,,,,749261994107.31,,0.021539,9304211536.74,6834483614.48,target_year,,,,,,,,,,SOE_target,0.042759,0.081283,27.21511,0.066502,0.118327,0.127097,-0.026619,0.780601,0.68265,0.827394,0.137491,True,CSI_nonSOE,0.004187444602712059,0.021539,-0.01735155539728794,-13000860997.83542,0.0,0,2,"FirmSize_lag, FixedAssetsRatio_lag",
603019.SH,中科曙光,CSI,中央国有企业,信息技术,硬件设备,信息技术--硬件设备--电脑与外围设备--电脑硬件、储存设备及电脑周边,2019,,,,,,,,,,16769281027.0,,0.046053914,593633044.8,178657973.6,target_year,,,,,,,,,,SOE_target,0.058621999999999994,0.145814,23.30100268,0.0077991,0.161142974,0.775761243,0.22087728,0.104489626,0.692376064,1.556652795,0.048115164,True,CSI_nonSOE,0.06775583781464138,0.046053914,0.02170192381464138,363925659.27426517,363925659.27426517,1,0,,
603019.SH,中科曙光,CSI,中央国有企业,信息技术,硬件设备,信息技术--硬件设备--电脑与外围设备--电脑硬件、储存设备及电脑周边,2020,,,,,,,,,,20963979137.0,,0.039996011,822381760.3,16093782.61,target_year,,,,,,,,,,SOE_target,0.055788000000000004,0.103103,23.54281454,0.007820415,0.145048886,0.634093523,0.239751642,0.097377554,0.724420087,1.686252249,0.044994331,True,CSI_nonSOE,0.056307002115144826,0.039996011,0.016310991115144828,341943277.44168854,341943277.44168854,1,0,,
603019.SH,中科曙光,CSI,中央国有企业,信息技术,硬件设备,信息技术--硬件设备--电脑与外围设备--电脑硬件、储存设备及电脑周边,2021,,,,,,,,,,26121984763.0,,0.038917893,1157781112.0,-141168510.7,target_year,,,,,,,,,,SOE_target,0.06096599999999999,0.095297,23.76607152,0.0072491,0.129289002,0.536679608,0.5056888,0.074705179,0.429743553,3.876764347,0.026434258,True,CSI_nonSOE,0.08458515935110715,0.038917893,0.04566726635110715,1192919635.7914836,1192919635.7914836,1,0,,
603019.SH,中科曙光,CSI,中央国有企业,信息技术,硬件设备,信息技术--硬件设备--电脑与外围设备--电脑硬件、储存设备及电脑周边,2022,,,,,,,,,,31810174007.0,,0.045421863,1544219003.0,-99341626.16,target_year,,,,,,,,,,SOE_target,0.06579,0.104033,23.98604312,0.006334817,0.108896372,0.47400165,0.420008992,0.077714723,0.499409101,2.965212884,0.062330355,True,CSI_nonSOE,0.06869446151597858,0.045421863,0.023272598515978578,740305408.3883286,740305408.3883286,1,0,,
603019.SH,中科曙光,CSI,中央国有企业,信息技术,硬件设备,信息技术--硬件设备--电脑与外围设备--电脑硬件、储存设备及电脑周边,2023,,,,,,,,,,31615458539.32,,0.05553,1835900702.06,-80304736.43,target_year,,,,,,,,,,SOE_target,0.068714,0.10294600000000001,24.183052,0.006852,0.117158,0.447215,0.330217,0.078245,0.442298,2.663063,0.084412,True,CSI_nonSOE,0.0634726755380962,0.05553,0.007942675538096196,251111329.16595146,251111329.16595146,1,0,,
603019.SH,中科曙光,CSI,中央国有企业,信息技术,硬件设备,信息技术--硬件设备--电脑与外围设备--电脑硬件、储存设备及电脑周边,2024,,,,,,,,,,36617491563.87,,0.050742,1911152257.13,-53100633.56,target_year,,,,,,,,,,SOE_target,0.06714,0.09787699999999999,24.176912,0.007472,0.108206,0.45091,0.314399,0.090495,0.383821,2.992228,0.068542,True,CSI_nonSOE,0.06724993010417284,0.050742,0.016507930104172834,604478991.3265043,604478991.3265043,1,0,,
603019.SH,中科曙光,CSI,中央国有企业,信息技术,硬件设备,信息技术--硬件设备--电脑与外围设备--电脑硬件、储存设备及电脑周边,2025,,,,,,,,,,40953741117.01,,0.051483,2176292865.25,-67880099.25,target_year,,,,,,,,,,SOE_target,0.062329999999999997,0.102089,24.323792,0.005798,0.114376,0.383723,0.229408,0.098389,0.417578,2.503729,0.023476,True,CSI_nonSOE,0.05578724301201925,0.051483,0.004304243012019246,176274854.01893556,176274854.01893556,1,0,,
603369.SH,今世缘,CSI,地方国有企业,日常消费,食品饮料,日常消费--食品饮料--饮料--白酒与葡萄酒,2019,,,,,,,,,,10062294426.0,,0.144971709,1458097936.0,650083.33,target_year,,,,,,,,,,SOE_target,0.20241399999999998,0.21924700000000003,22.87359084,0.004647124,0.118716357,0.39261743,0.437826307,0.123350825,0.288617426,2.527404298,0.02385493,True,CSI_nonSOE,0.12784750158572278,0.144971709,-0.017124207414277226,-172308816.8143496,0.0,1,0,,
603369.SH,今世缘,CSI,地方国有企业,日常消费,食品饮料,日常消费--食品饮料--饮料--白酒与葡萄酒,2020,,,,,,,,,,11851101844.0,,0.132767611,1566907818.0,6534659.97,target_year,,,,,,,,,,SOE_target,0.187577,0.202526,23.03206105,0.005205694,0.109737598,0.427747232,0.369028646,0.111611,0.283834551,2.336807766,0.014921261,True,CSI_nonSOE,0.12246774781760664,0.132767611,-0.01029986318239337,-122064727.55380978,0.0,1,0,,
603369.SH,今世缘,CSI,地方国有企业,日常消费,食品饮料,日常消费--食品饮料--饮料--白酒与葡萄酒,2021,,,,,,,,,,14433697119.0,,0.136075632,2029127929.0,-65053472.68,target_year,,,,,,,,,,SOE_target,0.205399,0.23105,23.19568668,0.004661291,0.106852675,0.385834782,0.417382351,0.126780398,0.302399008,2.425192333,0.033352504,True,CSI_nonSOE,0.11977200572093008,0.136075632,-0.01630362627906992,-235321603.65346423,0.0,1,0,,
603369.SH,今世缘,CSI,地方国有企业,日常消费,食品饮料,日常消费--食品饮料--饮料--白酒与葡萄酒,2022,,,,,,,,,,18183711058.0,,0.132137809,2502789291.0,-100033561.7,target_year,,,,,,,,,,SOE_target,0.204044,0.24583200000000002,23.39283139,0.005106391,0.106913309,0.403319474,0.343201835,0.13995768,0.355876741,1.99477757,0.039951176,True,CSI_nonSOE,0.10918671816627624,0.132137809,-0.02295109083372375,-417336004.186345,0.0,1,0,,
603369.SH,今世缘,CSI,地方国有企业,日常消费,食品饮料,日常消费--食品饮料--饮料--白酒与葡萄酒,2023,,,,,,,,,,21630647731.29,,0.136515,3136042999.78,-183138913.29,target_year,,,,,,,,,,SOE_target,0.20906400000000003,0.257564,23.623792,0.005416,0.105461,0.405134,0.259668,0.163857,0.391503,1.680295,0.063079,True,CSI_nonSOE,0.09808925117292573,0.136515,-0.038425748827074266,-831173836.6894734,0.0,1,0,,
603369.SH,今世缘,CSI,地方国有企业,日常消费,食品饮料,日常消费--食品饮料--饮料--白酒与葡萄酒,2024,,,,,,,,,,24221898385.69,,0.13537,3411925268.61,-133006465.89,target_year,,,,,,,,,,SOE_target,0.19253599999999998,0.23742999999999997,23.797377,0.006797,0.100594,0.432038,0.220588,0.229512,0.385741,1.585996,0.101447,True,CSI_nonSOE,0.09592261636872562,0.13537,-0.03944738363127437,-955490517.8980587,0.0,1,0,,
603369.SH,今世缘,CSI,地方国有企业,日常消费,食品饮料,日常消费--食品饮料--饮料--白酒与葡萄酒,2025,,,,,,,,,,25899040538.78,,0.097322,2603690665.79,-83151223.46,target_year,,,,,,,,,,SOE_target,0.134739,0.16264800000000001,23.910523,0.007719,0.097008,0.430028,0.229316,0.272964,0.361997,1.663303,0.074998,True,CSI_nonSOE,0.09807209332710462,0.097322,0.0007500933271046145,19426697.48655078,19426697.48655078,1,0,,
688009.SH,中国通号,CSI,中央国有企业,工业,电气设备,工业--电气设备--电气设备Ⅲ--电气部件与设备,2019,,,,,,,,,,97512591304.0,,0.040378019,3815874901.0,121490364.0,target_year,,,,,,,,,,SOE_target,0.054669999999999996,0.108981,25.10126608,0.112768212,0.075162529,0.565471287,0.222678652,0.057931624,0.620072312,1.372498386,0.013432789,True,CSI_nonSOE,0.049979356137411404,0.040378019,0.009601337137411403,936251264.2523154,936251264.2523154,1,0,,
688009.SH,中国通号,CSI,中央国有企业,工业,电气设备,工业--电气设备--电气设备Ⅲ--电气部件与设备,2020,,,,,,,,,,105328000000.0,,0.036664884,3819046319.0,42795594.41,target_year,,,,,,,,,,SOE_target,0.045983,0.091274,25.30324735,0.09638352,0.069863037,0.470071921,0.294788513,0.046045731,0.561854761,1.555377083,0.008409159,True,CSI_nonSOE,0.050748973338402795,0.036664884,0.014084089338402793,1483448961.8352895,1483448961.8352895,1,0,,
688009.SH,中国通号,CSI,中央国有企业,工业,电气设备,工业--电气设备--电气设备Ⅲ--电气部件与设备,2021,,,,,,,,,,108943000000.0,,0.030924685,3274672689.0,94342569.44,target_year,,,,,,,,,,SOE_target,0.036272,0.07605100000000001,25.38034591,0.078313323,0.069189957,0.395625552,0.256343946,0.05340966,0.579434691,1.46497188,0.016604732,True,CSI_nonSOE,0.042040811065144755,0.030924685,0.011116126065144755,1211024121.915065,1211024121.915065,1,0,,
688009.SH,中国通号,CSI,中央国有企业,工业,电气设备,工业--电气设备--电气设备Ⅲ--电气部件与设备,2022,,,,,,,,,,116807000000.0,,0.03205844,3633640259.0,110995320.5,target_year,,,,,,,,,,SOE_target,0.039245999999999996,0.081766,25.41408687,0.052156644,0.081262738,0.358035908,0.261945955,0.050393267,0.583529486,1.479651178,0.007981433,True,CSI_nonSOE,0.03866031789551113,0.03205844,0.00660187789551113,771145551.3409685,771145551.3409685,1,0,,
688009.SH,中国通号,CSI,中央国有企业,工业,电气设备,工业--电气设备--电气设备Ⅲ--电气部件与设备,2023,,,,,,,,,,118990487731.74,,0.029868,3477326647.54,76697247.11,target_year,,,,,,,,,,SOE_target,0.036031,0.07548300000000001,25.483785,0.031068,0.108841,0.356176,0.232672,0.046851,0.595248,1.416564,0.006061,True,CSI_nonSOE,0.03355927459434288,0.029868,0.003691274594342882,439226564.33264023,439226564.33264023,1,0,,
688009.SH,中国通号,CSI,中央国有企业,工业,电气设备,工业--电气设备--电气设备Ⅲ--电气部件与设备,2024,,,,,,,,,,117890875515.13,,0.030092,3494725837.36,52849365.13,target_year,,,,,,,,,,SOE_target,0.036261999999999996,0.0737,25.502309,0.024756,0.112299,0.313848,0.220738,0.046415,0.589254,1.396501,0.00572,True,CSI_nonSOE,0.031041760049084974,0.030092,0.0009497600490849731,111968043.71592033,111968043.71592033,1,0,,
688009.SH,中国通号,CSI,中央国有企业,工业,电气设备,工业--电气设备--电气设备Ⅲ--电气部件与设备,2025,,,,,,,,,,118321690651.9,,0.031924,3686410571.89,90856906.74,target_year,,,,,,,,,,SOE_target,0.039783,0.075334,25.493025,0.023985,0.107313,0.274171,0.236504,0.048914,0.572182,1.440999,0.007286,True,CSI_nonSOE,0.032033443746878096,0.031924,0.00010944374687809483,12949569.161894782,12949569.161894782,1,0,,
688187.SH,时代电气,CSI,中央国有企业,工业,电气设备,工业--电气设备--电气设备Ⅲ--电气部件与设备,2019,,,,,,,,,,32985615356.0,,0.081390133,2659163867.0,25539769.0,target_year,,,,,,,,,,SOE_target,0.094467,0.127431,24.09175139,0.044315661,0.075162529,0.562382467,0.542306516,0.103897947,0.306910795,3.009164305,0.023124896,True,CSI_nonSOE,0.1076350766208034,0.081390133,0.0262449436208034,865705615.3157269,865705615.3157269,1,0,,
688187.SH,时代电气,CSI,中央国有企业,工业,电气设备,工业--电气设备--电气设备Ⅲ--电气部件与设备,2020,,,,,,,,,,33865721258.0,,0.073569155,2475454606.0,16017904.0,target_year,,,,,,,,,,SOE_target,0.08407999999999999,0.108186,24.21933741,0.03773342,0.069863037,0.525771381,0.527282997,0.093215346,0.327092161,2.853868965,0.022752527,True,CSI_nonSOE,0.10109647770120253,0.073569155,0.027527322701202533,932232637.5779406,932232637.5779406,1,0,,
688187.SH,时代电气,CSI,中央国有企业,工业,电气设备,工业--电气设备--电气设备Ⅲ--电气部件与设备,2021,,,,,,,,,,44150745227.0,,0.046177335,2017694796.0,21068951.0,target_year,,,,,,,,,,SOE_target,0.052518,0.071456,24.24566917,0.031294312,0.069189957,0.479688199,0.547696637,0.129781827,0.283653514,3.354619665,0.054779891,True,CSI_nonSOE,0.10300969698608825,0.046177335,0.05683236198608825,2509191134.696422,2509191134.696422,1,0,,
688187.SH,时代电气,CSI,中央国有企业,工业,电气设备,工业--电气设备--电气设备Ⅲ--电气部件与设备,2022,,,,,,,,,,48509554784.0,,0.053119178,2555823375.0,20964320.0,target_year,,,,,,,,,,SOE_target,0.059538,0.076121,24.51087564,0.020560593,0.081262738,0.387640407,0.577379598,0.110659814,0.245932447,3.785604226,0.022060856,True,CSI_nonSOE,0.09827823359681402,0.053119178,0.04515905559681402,2190645681.4673514,2190645681.4673514,1,0,,
688187.SH,时代电气,CSI,中央国有企业,工业,电气设备,工业--电气设备--电气设备Ⅲ--电气部件与设备,2023,,,,,,,,,,53404847387.0,,0.059038,3105703645.0,47187001.0,target_year,,,,,,,,,,SOE_target,0.061758,0.08699899999999999,24.605027,0.013936,0.108841,0.389245,0.510029,0.108352,0.272396,3.114295,0.019655,True,CSI_nonSOE,0.09144284778506542,0.059038,0.03240484778506542,1730575950.5603838,1730575950.5603838,1,0,,
688187.SH,时代电气,CSI,中央国有企业,工业,电气设备,工业--电气设备--电气设备Ⅲ--电气部件与设备,2024,,,,,,,,,,64802246319.0,,0.057745,3702585914.0,39387935.0,target_year,,,,,,,,,,SOE_target,0.06887800000000001,0.09446099999999999,24.701167,0.014584,0.112299,0.427789,0.450948,0.1216,0.293762,2.792924,0.05581,True,CSI_nonSOE,0.08635295785574734,0.057745,0.028607957855747344,1853859931.6517105,1853859931.6517105,1,0,,
688187.SH,时代电气,CSI,中央国有企业,工业,电气设备,工业--电气设备--电气设备Ⅲ--电气部件与设备,2025,,,,,,,,,,72084237098.0,,0.057194,4096540421.0,26238709.0,target_year,,,,,,,,,,SOE_target,0.06713,0.09752000000000001,24.894606,0.018398,0.107313,0.421446,0.427513,0.168321,0.309246,2.479153,0.053247,True,CSI_nonSOE,0.08248976441919659,0.057194,0.025295764419196586,1823425879.968519,1823425879.968519,1,0,,
688396.SH,华润微,CSI,中央国有企业,信息技术,半导体,信息技术--半导体--半导体产品--集成电路,2019,,,,,,,,,,10095287650.0,,0.044152013,400755536.4,44971740.09,target_year,,,,,,,,,,SOE_target,0.051093,,23.02505596,0.11049825,0.214515912,0.626810524,0.045280859,0.425249338,0.497621112,1.097219995,0.054485693,True,CSI_nonSOE,0.04671387258984594,0.044152013,0.0025618595898459426,25862709.47840581,25862709.47840581,1,0,,
688396.SH,华润微,CSI,中央国有企业,信息技术,半导体,信息技术--半导体--半导体产品--集成电路,2020,,,,,,,,,,16532495767.0,,0.051034764,963661634.4,-119929609.6,target_year,,,,,,,,,,SOE_target,0.08154299999999999,0.12041299999999999,23.03533458,0.08050321,0.169245785,0.565193741,0.308438292,0.426422857,0.366949986,2.573627749,0.060653362,True,CSI_nonSOE,0.06691585899247268,0.051034764,0.01588109499247268,262554135.73837945,262554135.73837945,1,0,,
688396.SH,华润微,CSI,中央国有企业,信息技术,半导体,信息技术--半导体--半导体产品--集成电路,2021,,,,,,,,,,22191209564.0,,0.095861013,2267920400.0,-140648576.5,target_year,,,,,,,,,,SOE_target,0.121587,0.162735,23.52859372,0.076520316,0.155238897,0.518895343,0.476678499,0.288458562,0.286207979,3.597830673,0.034637275,True,CSI_nonSOE,0.06755675158329304,0.095861013,-0.028304261416706958,-628105796.6523837,0.0,1,0,,
688396.SH,华润微,CSI,中央国有企业,信息技术,半导体,信息技术--半导体--半导体产品--集成电路,2022,,,,,,,,,,26457799587.0,,0.087533745,2617079980.0,-301129708.7,target_year,,,,,,,,,,SOE_target,0.10905300000000001,0.140437,23.82296208,0.074435868,0.127200785,0.473296709,0.467761071,0.225283176,0.211380859,3.407609318,0.057039825,True,CSI_nonSOE,0.06406647663653225,0.087533745,-0.02346726836346774,-620892283.214975,0.0,1,0,,
688396.SH,华润微,CSI,中央国有企业,信息技术,半导体,信息技术--半导体--半导体产品--集成电路,2023,,,,,,,,,,29215259820.18,,0.042254,1479265748.53,-244794478.16,target_year,,,,,,,,,,SOE_target,0.060594999999999996,0.071223,23.998817,0.071578,0.113252,0.409656,0.460362,0.239196,0.217785,3.725747,0.080692,True,CSI_nonSOE,0.05678386884500007,0.042254,0.014529868845000071,424493893.4598158,424493893.4598158,1,0,,
688396.SH,华润微,CSI,中央国有企业,信息技术,半导体,信息技术--半导体--半导体产品--集成电路,2024,,,,,,,,,,29106829546.42,,0.021943,762459866.87,-123759891.25,target_year,,,,,,,,,,SOE_target,0.023006000000000002,0.034765000000000004,24.097957,0.068644,0.109637,0.35265,0.405247,0.250068,0.191161,3.774064,0.178145,True,CSI_nonSOE,0.050129408377221046,0.021943,0.028186408377221046,820416984.1615577,820416984.1615577,1,0,,
688396.SH,华润微,CSI,中央国有企业,信息技术,半导体,信息技术--半导体--半导体产品--集成电路,2025,,,,,,,,,,30589736143.75,,0.016086,660543164.52,-168487952.9,target_year,,,,,,,,,,SOE_target,0.018557,0.029171999999999997,24.094239,0.056819,0.111057,0.344124,0.316661,0.278279,0.165283,3.230072,0.053891,True,CSI_nonSOE,0.04941955177815421,0.016086,0.03333355177815421,1019664553.6277659,1019664553.6277659,1,0,,
000338.SZ,潍柴动力,CSI,地方国有企业,工业,机械,工业--机械--机械Ⅲ--建筑机械与重型卡车,2019,,,,,,,,,,236832000000.0,,0.043652595,9104955354.0,1233361936.0,target_year,,,,,,,,,,SOE_target,0.065675,0.21540600000000001,26.04762303,0.282812533,0.247583643,0.806533158,0.094937857,0.157359438,0.696704841,1.219918367,0.017944605,True,Pooled_H_plus_CSI_nonSOE,0.07669431945085552,0.043652595,0.033041724450855514,7825337685.145013,7825337685.145013,1,0,,1.0
000338.SZ,潍柴动力,CSI,地方国有企业,工业,机械,工业--机械--机械Ⅲ--建筑机械与重型卡车,2020,,,,,,,,,,270750000000.0,,0.03821291,9207129174.0,1139022760.0,target_year,,,,,,,,,,SOE_target,0.049421999999999994,0.190967,26.19061549,0.268327209,0.225950341,0.788770512,0.085749984,0.133965754,0.705382629,1.191810837,0.022775325,True,Pooled_H_plus_CSI_nonSOE,0.07228371861112534,0.03821291,0.03407080861112534,9224671431.462185,9224671431.462185,1,0,,1.0
000338.SZ,潍柴动力,CSI,地方国有企业,工业,机械,工业--机械--机械Ⅲ--建筑机械与重型卡车,2021,,,,,,,,,,277044000000.0,,0.037294307,9254488226.0,1077691525.0,target_year,,,,,,,,,,SOE_target,0.048954000000000004,0.151577,26.32446235,0.25835455,0.195497669,0.778164528,0.106379349,0.135804241,0.70292418,1.232815663,0.021294992,True,Pooled_H_plus_CSI_nonSOE,0.07386929436052407,0.037294307,0.03657498736052407,10132880798.30903,10132880798.30903,1,0,,1.0
000338.SZ,潍柴动力,CSI,地方国有企业,工业,机械,工业--机械--机械Ⅲ--建筑机械与重型卡车,2022,,,,,,,,,,293666000000.0,,0.021474462,4905013042.0,1401308298.0,target_year,,,,,,,,,,SOE_target,0.017967999999999998,0.068082,26.34744371,0.254850756,0.187780789,0.743153385,0.163353204,0.141573837,0.628356843,1.392227376,0.021697149,True,Pooled_H_plus_CSI_nonSOE,0.08605156021236379,0.021474462,0.06457709821236379,18964098123.632027,18964098123.632027,1,0,,1.0
000338.SZ,潍柴动力,CSI,地方国有企业,工业,机械,工业--机械--机械Ⅲ--建筑机械与重型卡车,2023,,,,,,,,,,334247213024.91,,0.037006,9013894024.19,3355408336.47,target_year,,,,,,,,,,SOE_target,0.0436,0.1182,26.405709,0.236485,0.187488,0.613823,0.165976,0.156214,0.645479,1.407052,0.022594,True,Pooled_H_plus_CSI_nonSOE,0.07555542158471766,0.037006,0.038549421584717664,12885036728.414188,12885036728.414188,1,0,,1.0
000338.SZ,潍柴动力,CSI,地方国有企业,工业,机械,工业--机械--机械Ⅲ--建筑机械与重型卡车,2024,,,,,,,,,,343879412547.54,,0.044369,11403288984.59,3854441561.78,target_year,,,,,,,,,,SOE_target,0.051303999999999995,0.137363,26.535147,0.262731,0.188674,0.681491,0.154706,0.154158,0.662867,1.353656,0.02154,True,Pooled_H_plus_CSI_nonSOE,0.07792240234606769,0.044369,0.03355340234606769,11538324287.737007,11538324287.737007,1,0,,1.0
000338.SZ,潍柴动力,CSI,地方国有企业,工业,机械,工业--机械--机械Ⅲ--建筑机械与重型卡车,2025,,,,,,,,,,367475596673.66,,0.039619,10930504451.02,3628593475.52,target_year,,,,,,,,,,SOE_target,0.045776000000000004,0.121527,26.563557,0.255562,0.187309,0.636136,0.086979,0.156461,0.645345,1.193169,0.021402,True,Pooled_H_plus_CSI_nonSOE,0.07635803710123445,0.039619,0.036739037101234454,13500699579.991861,13500699579.991861,1,0,,1.0
000408.SZ,藏格矿业,CSI,地方国有企业,材料,化工,材料--化工--农用化工--化肥与农用药剂,2019,,,,,,,,,,9643558999.0,,0.028576293,308259358.9,-32682195.98,target_year,,,,,,,,,,SOE_target,0.042816,0.040185000000000005,22.96242767,0.009303695,0.192081294,0.288100092,0.251399299,0.47683991,0.207795813,2.229038205,0.030171161,True,Pooled_H_plus_CSI_nonSOE,0.11702745454393138,0.028576293,0.08845116154393137,852983994.8789821,852983994.8789821,1,0,,1.0
000408.SZ,藏格矿业,CSI,地方国有企业,材料,化工,材料--化工--农用化工--化肥与农用药剂,2020,,,,,,,,,,8677638571.0,,0.02458924,228887517.0,-15510979.86,target_year,,,,,,,,,,SOE_target,0.033561,0.028929999999999997,22.98955607,0.006921733,0.180537484,0.196181882,0.103305111,0.403406845,0.18011321,1.583993588,0.011820166,True,Pooled_H_plus_CSI_nonSOE,0.11367260285411077,0.02458924,0.08908336285411077,773033225.5372202,773033225.5372202,1,0,,1.0
000408.SZ,藏格矿业,CSI,地方国有企业,材料,化工,材料--化工--农用化工--化肥与农用药剂,2021,,,,,,,,,,10624520306.0,,0.133385912,1427339931.0,-10178605.37,target_year,,,,,,,,,,SOE_target,0.17562,0.164337,22.88401527,0.005915643,0.203999831,0.192045977,0.179732617,0.415528525,0.087639638,3.123556858,0.009274747,True,Pooled_H_plus_CSI_nonSOE,0.11664924735422139,0.133385912,-0.01673666464577861,-177819033.38378713,0.0,1,0,,1.0
000408.SZ,藏格矿业,CSI,地方国有企业,材料,化工,材料--化工--农用化工--化肥与农用药剂,2022,,,,,,,,,,13536459913.0,,0.415613537,5654872861.0,-28936882.64,target_year,,,,,,,,,,SOE_target,0.5457569999999999,0.524145,23.0864304,0.006422482,0.197245037,0.352733449,0.144177782,0.304820178,0.110191234,2.373728083,0.005833331,True,Pooled_H_plus_CSI_nonSOE,0.12494023320256523,0.415613537,-0.2906733037974347,-3934687524.633246,0.0,1,0,,1.0
000408.SZ,藏格矿业,CSI,地方国有企业,材料,化工,材料--化工--农用化工--化肥与农用药剂,2023,,,,,,,,,,14091584562.19,,0.241369,3419880869.14,-18613040.56,target_year,,,,,,,,,,SOE_target,0.279883,0.271619,23.328653,0.010818,0.212868,0.647059,0.261908,0.230172,0.104367,3.56622,0.009877,True,Pooled_H_plus_CSI_nonSOE,0.1344864418211521,0.241369,-0.1068825581788479,-1506144606.8004277,0.0,1,0,,1.0
000408.SZ,藏格矿业,CSI,地方国有企业,材料,化工,材料--化工--农用化工--化肥与农用药剂,2024,,,,,,,,,,15083281912.76,,0.171245,2579985938.8,2947153.55,target_year,,,,,,,,,,SOE_target,0.18587800000000002,0.191658,23.368844,0.006021,0.215825,0.357037,0.156713,0.208682,0.073898,3.360255,0.022977,True,Pooled_H_plus_CSI_nonSOE,0.11210337421144471,0.171245,-0.059141625788555294,-892049814.5477364,0.0,1,0,,1.0
000408.SZ,藏格矿业,CSI,地方国有企业,材料,化工,材料--化工--农用化工--化肥与农用药剂,2025,,,,,,,,,,17692154203.25,,0.2181,3852353240.98,6312248.81,target_year,,,,,,,,,,SOE_target,0.247846,0.255897,23.436853,0.003488,0.213171,0.19862,0.083802,0.174457,0.081966,2.536757,0.009784,True,Pooled_H_plus_CSI_nonSOE,0.10633771059725236,0.2181,-0.11176228940274763,-1977315658.2216644,0.0,1,0,,1.0
000425.SZ,徐工机械,CSI,地方国有企业,工业,机械,工业--机械--机械Ⅲ--建筑机械与重型卡车,2019,,,,,,,,,,77291657089.0,,0.051322633,3620572465.0,346238850.7,target_year,,,,,,,,,,SOE_target,0.05873300000000001,0.114355,24.83822776,0.078480399,0.247583643,0.796135572,0.30446409,0.129199699,0.504643767,1.690507246,0.029202569,True,Pooled_H_plus_CSI_nonSOE,0.09195068856066237,0.051322633,0.04062805556066237,3140209738.5875554,3140209738.5875554,1,0,,1.0
000425.SZ,徐工机械,CSI,地方国有企业,工业,机械,工业--机械--机械Ⅲ--建筑机械与重型卡车,2020,,,,,,,,,,91797176722.0,,0.049729124,3728859646.0,836133538.3,target_year,,,,,,,,,,SOE_target,0.060702,0.11150700000000001,25.07085186,0.090656285,0.225950341,0.850417672,0.304295183,0.108165675,0.564685381,1.637343394,0.030445106,True,Pooled_H_plus_CSI_nonSOE,0.08730247361979353,0.049729124,0.03757334961979353,3449127415.085678,3449127415.085678,1,0,,1.0
000425.SZ,徐工机械,CSI,地方国有企业,工业,机械,工业--机械--机械Ⅲ--建筑机械与重型卡车,2021,,,,,,,,,,110029000000.0,,0.056573361,5614606146.0,610110237.7,target_year,,,,,,,,,,SOE_target,0.059959,0.160106,25.24284738,0.096405963,0.195497669,0.871666513,0.21018586,0.097334006,0.627759186,1.379569973,0.022362833,True,Pooled_H_plus_CSI_nonSOE,0.07921875135961443,0.056573361,0.022645390359614423,2491649655.8780155,2491649655.8780155,1,0,,1.0
000425.SZ,徐工机械,CSI,地方国有企业,工业,机械,工业--机械--机械Ⅲ--建筑机械与重型卡车,2022,,,,,,,,,,175086000000.0,,0.023397377,4307097070.0,-210553267.2,target_year,,,,,,,,,,SOE_target,0.033686,0.096036,25.42401078,0.105236552,0.187780789,0.832912081,0.200299799,0.087174384,0.662187887,1.349125606,0.029744056,True,Pooled_H_plus_CSI_nonSOE,0.07164188606880151,0.023397377,0.04824450906880151,8446938114.820181,8446938114.820181,1,0,,1.0
000425.SZ,徐工机械,CSI,地方国有企业,工业,机械,工业--机械--机械Ⅲ--建筑机械与重型卡车,2023,,,,,,,,,,161994607612.63,,0.037362,5326470288.96,726008158.72,target_year,,,,,,,,,,SOE_target,0.037995,0.097377,25.888541,0.126116,0.187488,0.655251,0.186019,0.124798,0.687841,1.337335,0.045609,True,Pooled_H_plus_CSI_nonSOE,0.06070791190862794,0.037362,0.02334591190862794,3781911838.997209,3781911838.997209,1,0,,1.0
000425.SZ,徐工机械,CSI,地方国有企业,工业,机械,工业--机械--机械Ⅲ--建筑机械与重型卡车,2024,,,,,,,,,,160969811609.42,,0.049144,5976118332.51,1934545872.81,target_year,,,,,,,,,,SOE_target,0.052740999999999996,0.10352399999999999,25.810829,0.113471,0.188674,0.548277,0.152436,0.157001,0.64513,1.285921,0.036833,True,Pooled_H_plus_CSI_nonSOE,0.06291321435532624,0.049144,0.013769214355326236,2216427840.786586,2216427840.786586,1,0,,1.0
000425.SZ,徐工机械,CSI,地方国有企业,工业,机械,工业--机械--机械Ⅲ--建筑机械与重型卡车,2025,,,,,,,,,,172078712755.41,,0.042356,6572221644.27,716429463.03,target_year,,,,,,,,,,SOE_target,0.047889,0.109748,25.804483,0.108112,0.187309,0.565044,0.175762,0.164311,0.624391,1.354563,0.018254,True,Pooled_H_plus_CSI_nonSOE,0.07034401328331434,0.042356,0.027988013283314343,4816141298.374048,4816141298.374048,1,0,,1.0
000568.SZ,泸州老窖,CSI,地方国有企业,日常消费,食品饮料,日常消费--食品饮料--饮料--白酒与葡萄酒,2019,,,,,,,,,,28919969078.0,,0.165338765,4641988857.0,139603113.8,target_year,,,,,,,,,,SOE_target,0.228967,0.25525400000000004,23.84143384,0.017142738,0.118716357,0.540578094,0.44587553,0.178256904,0.242456715,2.861142238,0.064962944,True,Pooled_H_plus_CSI_nonSOE,0.13760459296292155,0.165338765,-0.027734172037078453,-802071397.7162411,0.0,1,0,,1.0
000568.SZ,泸州老窖,CSI,地方国有企业,日常消费,食品饮料,日常消费--食品饮料--饮料--白酒与葡萄酒,2020,,,,,,,,,,35009203823.0,,0.167763823,6005723069.0,-132445202.7,target_year,,,,,,,,,,SOE_target,0.248369,0.282744,24.08779817,0.018063993,0.109737598,0.537257752,0.329414591,0.303398139,0.323832921,2.403646532,0.159240357,True,Pooled_H_plus_CSI_nonSOE,0.11925523102719511,0.167763823,-0.048508591972804896,-1698247183.5426683,0.0,1,0,,1.0
000568.SZ,泸州老窖,CSI,地方国有企业,日常消费,食品饮料,日常消费--食品饮料--饮料--白酒与葡萄酒,2021,,,,,,,,,,43211782006.0,,0.179086999,7955554352.0,-216885999.2,target_year,,,,,,,,,,SOE_target,0.269773,0.31128,24.27887683,0.015909988,0.106852675,0.45141465,0.346826668,0.254154299,0.337834988,2.56721691,0.061238482,True,Pooled_H_plus_CSI_nonSOE,0.1226782710699487,0.179086999,-0.05640872793005129,-2437521654.54914,0.0,1,0,,1.0
000568.SZ,泸州老窖,CSI,地方国有企业,日常消费,食品饮料,日常消费--食品饮料--饮料--白酒与葡萄酒,2022,,,,,,,,,,51385481355.0,,0.196145022,10365383282.0,-286376927.5,target_year,,,,,,,,,,SOE_target,0.292921,0.33303400000000005,24.48937903,0.017126059,0.106913309,0.454541962,0.36166986,0.216331324,0.3488521,2.42764762,0.04580695,True,Pooled_H_plus_CSI_nonSOE,0.1239457079074745,0.196145022,-0.0721993140925255,-3709996508.145258,0.0,1,0,,1.0
000568.SZ,泸州老窖,CSI,地方国有企业,日常消费,食品饮料,日常消费--食品饮料--饮料--白酒与葡萄酒,2023,,,,,,,,,,63294455201.6,,0.203418,13246394700.59,-371152206.41,target_year,,,,,,,,,,SOE_target,0.310533,0.350437,24.662622,0.017707,0.105461,0.456665,0.445643,0.188035,0.331936,3.149763,0.020145,True,Pooled_H_plus_CSI_nonSOE,0.12799638475092417,0.203418,-0.07542161524907581,-4773770047.614941,0.0,1,0,,1.0
000568.SZ,泸州老窖,CSI,地方国有企业,日常消费,食品饮料,日常消费--食品饮料--饮料--白酒与葡萄酒,2024,,,,,,,,,,68334595564.58,,0.190013,13472986476.01,-488521059.32,target_year,,,,,,,,,,SOE_target,0.269193,0.303514,24.871064,0.020627,0.100594,0.455183,0.557514,0.163232,0.343833,4.503939,0.023724,True,Pooled_H_plus_CSI_nonSOE,0.12033859505213315,0.190013,-0.06967440494786684,-4761172283.315252,0.0,1,0,,1.0
000568.SZ,泸州老窖,CSI,地方国有企业,日常消费,食品饮料,日常消费--食品饮料--饮料--白酒与葡萄酒,2025,,,,,,,,,,64794994851.27,,0.159252,10830713936.14,-511995793.73,target_year,,,,,,,,,,SOE_target,0.212454,0.222926,24.947682,0.020702,0.097008,0.401773,0.535297,0.145444,0.304774,3.562096,0.01739,True,Pooled_H_plus_CSI_nonSOE,0.13017254192303862,0.159252,-0.029079458076961384,-1884203336.3744347,0.0,1,0,,1.0
000596.SZ,古井贡酒,CSI,地方国有企业,日常消费,食品饮料,日常消费--食品饮料--饮料--白酒与葡萄酒,2019,,,,,,,,,,13871297363.0,,0.1536396,2097527740.0,33652843.25,target_year,,,,,,,,,,SOE_target,0.210201,0.253537,23.24978844,0.011090336,0.118716357,0.65369115,0.377977266,0.148466803,0.358129813,2.099445101,0.024566017,True,Pooled_H_plus_CSI_nonSOE,0.12675521389169234,0.1536396,-0.02688438610830765,-372921314.1300417,0.0,1,0,,1.0
000596.SZ,古井贡酒,CSI,地方国有企业,日常消费,食品饮料,日常消费--食品饮料--饮料--白酒与葡萄酒,2020,,,,,,,,,,15186625709.0,,0.104943641,1854576249.0,-260836456.1,target_year,,,,,,,,,,SOE_target,0.170269,0.195348,23.3530876,0.011516279,0.109737598,0.668964823,0.452659503,0.137446251,0.32002361,2.478278192,0.029725347,True,Pooled_H_plus_CSI_nonSOE,0.1342027085041314,0.104943641,0.029259067504131403,444346506.7796084,444346506.7796084,1,0,,1.0
000596.SZ,古井贡酒,CSI,地方国有企业,日常消费,食品饮料,日常消费--食品饮料--饮料--白酒与葡萄酒,2021,,,,,,,,,,25418086448.0,,0.08237594,2297894413.0,-204055657.1,target_year,,,,,,,,,,SOE_target,0.156203,0.1729,23.44368099,0.009556143,0.106852675,0.596517194,0.463047649,0.13676234,0.311970217,2.566970606,0.03698101,True,Pooled_H_plus_CSI_nonSOE,0.13082549214697853,0.08237594,0.04844955214697853,1231494904.8387845,1231494904.8387845,1,0,,1.0
000596.SZ,古井贡酒,CSI,地方国有企业,日常消费,食品饮料,日常消费--食品饮料--饮料--白酒与葡萄酒,2022,,,,,,,,,,29789822299.0,,0.098249854,3143144732.0,-216299053.1,target_year,,,,,,,,,,SOE_target,0.161951,0.17931,23.95872682,0.010826289,0.106913309,0.553532359,0.496127525,0.119922437,0.321236832,2.642086497,0.022745779,True,Pooled_H_plus_CSI_nonSOE,0.1319886799544977,0.098249854,0.0337388259544977,1005073629.7613757,1005073629.7613757,1,0,,1.0
000596.SZ,古井贡酒,CSI,地方国有企业,日常消费,食品饮料,日常消费--食品饮料--饮料--白酒与葡萄酒,2023,,,,,,,,,,35420907274.99,,0.12498,4589164052.8,-162244024.88,target_year,,,,,,,,,,SOE_target,0.194206,0.229194,24.117433,0.011386,0.105461,0.503159,0.413555,0.17444,0.351025,2.230925,0.053046,True,Pooled_H_plus_CSI_nonSOE,0.12393426225806656,0.12498,-0.0010457377419334363,-37040979.59098166,0.0,1,0,,1.0
000596.SZ,古井贡酒,CSI,地方国有企业,日常消费,食品饮料,日常消费--食品饮料--饮料--白酒与葡萄酒,2024,,,,,,,,,,40522413702.09,,0.127545,5517251073.1,-348824206.45,target_year,,,,,,,,,,SOE_target,0.196114,0.238933,24.290568,0.013596,0.100594,0.527626,0.369823,0.211931,0.367202,2.055674,0.067221,True,Pooled_H_plus_CSI_nonSOE,0.12358104484823909,0.127545,-0.003963955151760901,-160629030.55618614,0.0,1,0,,1.0
000596.SZ,古井贡酒,CSI,地方国有企业,日常消费,食品饮料,日常消费--食品饮料--饮料--白酒与葡萄酒,2025,,,,,,,,,,38197033001.78,,0.07919,3549108530.34,-524281825.11,target_year,,,,,,,,,,SOE_target,0.11585100000000001,0.14279999999999998,24.425121,0.015531,0.097008,0.522432,0.357908,0.220514,0.365936,2.013605,0.059903,True,Pooled_H_plus_CSI_nonSOE,0.1257182014410288,0.07919,0.0465282014410288,1777239245.9564447,1777239245.9564447,1,0,,1.0
000625.SZ,长安汽车,CSI,中央国有企业,可选消费,汽车与零配件,可选消费--汽车与零配件--汽车--汽车制造,2019,,,,,,,,,,97617053590.0,,-0.0267024,-2646719357.0,40109729.93,target_year,,,,,,,,,,SOE_target,-0.025617,-0.058638,25.26110806,0.042976766,0.376606004,0.641161065,0.000570269,0.294632963,0.506327012,1.001235261,0.069402175,True,Pooled_H_plus_CSI_nonSOE,0.059832077536103326,-0.0267024,0.08653447753610333,8447240731.024449,8447240731.024449,1,0,,1.0
000625.SZ,长安汽车,CSI,中央国有企业,可选消费,汽车与零配件,可选消费--汽车与零配件--汽车--汽车制造,2020,,,,,,,,,,120916000000.0,,0.025753678,3324251164.0,-210224449.6,target_year,,,,,,,,,,SOE_target,0.021840000000000002,0.068233,25.30431804,0.048553106,0.369422071,0.712769049,0.003824706,0.293691446,0.54993447,1.007583405,0.049004987,True,Pooled_H_plus_CSI_nonSOE,0.06022892600069839,0.025753678,0.034475248000698386,4168609087.252446,4168609087.252446,1,0,,1.0
000625.SZ,长安汽车,CSI,中央国有企业,可选消费,汽车与零配件,可选消费--汽车与零配件--汽车--汽车制造,2021,,,,,,,,,,135405000000.0,,0.020468578,3552463320.0,-780923197.2,target_year,,,,,,,,,,SOE_target,0.023718,0.065097,25.51836032,0.060899463,0.324255792,0.744393964,0.085155696,0.227305221,0.557706229,1.164501984,0.02448023,True,Pooled_H_plus_CSI_nonSOE,0.06676389275377731,0.020468578,0.04629531475377731,6268617094.235216,6268617094.235216,1,0,,1.0
000625.SZ,长安汽车,CSI,中央国有企业,可选消费,汽车与零配件,可选消费--汽车与零配件--汽车--汽车制造,2022,,,,,,,,,,146049000000.0,,0.046430759,7798451094.0,-1017305743.0,target_year,,,,,,,,,,SOE_target,0.047546,0.131518,25.63153334,0.066552035,0.289774151,0.789398213,0.111028195,0.168281819,0.587412612,1.197534901,0.014842728,True,Pooled_H_plus_CSI_nonSOE,0.06584140563992333,0.046430759,0.019410646639923326,2834905531.114162,2834905531.114162,1,0,,1.0
000625.SZ,长安汽车,CSI,中央国有企业,可选消费,汽车与零配件,可选消费--汽车与零配件--汽车--汽车制造,2023,,,,,,,,,,190171127138.27,,0.054846,11327463013.15,-897343739.8,target_year,,,,,,,,,,SOE_target,0.057652,0.168174,25.707205,0.065149,0.236564,0.832473,0.151505,0.141971,0.568987,1.276767,0.00962,True,Pooled_H_plus_CSI_nonSOE,0.07467434655416019,0.054846,0.019828346554160194,3770779013.4928756,3770779013.4928756,1,0,,1.0
000625.SZ,长安汽车,CSI,中央国有企业,可选消费,汽车与零配件,可选消费--汽车与零配件--汽车--汽车制造,2024,,,,,,,,,,208168160960.86,,0.030682,7321363897.24,-934377313.05,target_year,,,,,,,,,,SOE_target,0.029237000000000003,0.098651,25.97119,0.069643,0.222276,0.871688,0.145635,0.115204,0.607284,1.268265,0.01485,True,Pooled_H_plus_CSI_nonSOE,0.06971974326720952,0.030682,0.03903774326720952,8126415223.997199,8126415223.997199,1,0,,1.0
000625.SZ,长安汽车,CSI,中央国有企业,可选消费,汽车与零配件,可选消费--汽车与零配件--汽车--汽车制造,2025,,,,,,,,,,202961073175.76,,0.008243,4075223181.54,-2402254178.2,target_year,,,,,,,,,,SOE_target,0.007078999999999999,0.052954999999999995,26.061612,0.066776,0.204324,0.780152,0.110542,0.112265,0.620112,1.202997,0.023385,True,Pooled_H_plus_CSI_nonSOE,0.06085190448387821,0.008243,0.052608904483878206,10677559712.648973,10677559712.648973,1,0,,1.0
000630.SZ,铜陵有色,CSI,地方国有企业,材料,有色金属,材料--有色金属--其他金属与采矿--铜,2019,,,,,,,,,,47911462040.0,,0.034936129,830519538.9,843321498.5,target_year,,,,,,,,,,SOE_target,0.044438000000000005,0.045825,24.57311927,0.107375707,0.167062795,1.778891139,0.047947434,0.423232636,0.585335866,1.105669994,0.039954446,True,Pooled_H_plus_CSI_nonSOE,0.17085684765737222,0.034936129,0.1359207186573722,6512160352.402208,6512160352.402208,1,0,,1.0
000630.SZ,铜陵有色,CSI,地方国有企业,材料,有色金属,材料--有色金属--其他金属与采矿--铜,2020,,,,,,,,,,52183190515.0,,0.0300009,865617570.2,699925112.8,target_year,,,,,,,,,,SOE_target,0.040757,0.046484,24.5926206,0.100133945,0.15478921,1.952838717,0.040641048,0.064143716,0.582373514,1.089014302,0.048908307,True,Pooled_H_plus_CSI_nonSOE,0.15746262218392454,0.0300009,0.12746172218392454,6651359332.093737,6651359332.093737,1,0,,1.0
000630.SZ,铜陵有色,CSI,地方国有企业,材料,有色金属,材料--有色金属--其他金属与采矿--铜,2021,,,,,,,,,,50840423322.0,,0.073934839,3101437394.0,657441101.1,target_year,,,,,,,,,,SOE_target,0.087515,0.152663,24.67802626,0.089422838,0.159708925,1.980398677,0.062694728,0.395146684,0.604078218,1.133379498,0.029110604,True,Pooled_H_plus_CSI_nonSOE,0.17560295701749543,0.073934839,0.10166811801749542,5168850158.360522,5168850158.360522,1,0,,1.0
000630.SZ,铜陵有色,CSI,地方国有企业,材料,有色金属,材料--有色金属--其他金属与采矿--铜,2022,,,,,,,,,,61435721001.0,,0.048847359,2730365503.0,270607202.3,target_year,,,,,,,,,,SOE_target,0.071308,0.116014,24.65195761,0.087482568,0.168216562,2.535307153,0.122679783,0.331032316,0.539754531,1.271506553,0.028018459,True,Pooled_H_plus_CSI_nonSOE,0.1836575315725109,0.048847359,0.1348101725725109,8282160150.261442,8282160150.261442,1,0,,1.0
000630.SZ,铜陵有色,CSI,地方国有企业,材料,有色金属,材料--有色金属--其他金属与采矿--铜,2023,,,,,,,,,,78245124732.45,,0.044503,2699176213.13,782997513.28,target_year,,,,,,,,,,SOE_target,0.07719999999999999,0.09441000000000001,24.841257,0.070913,0.153058,2.163998,0.238003,0.307224,0.511933,1.604722,0.022351,True,Pooled_H_plus_CSI_nonSOE,0.19110812820471368,0.044503,0.14660512820471366,11471136542.794643,11471136542.794643,1,0,,1.0
000630.SZ,铜陵有色,CSI,地方国有企业,材料,有色金属,材料--有色金属--其他金属与采矿--铜,2024,,,,,,,,,,80944491696.95,,0.041541,2808595667.89,553908195.56,target_year,,,,,,,,,,SOE_target,0.076154,0.08549,25.083112,0.078795,0.159476,1.954958,0.220046,0.360623,0.495217,1.716717,0.035157,True,Pooled_H_plus_CSI_nonSOE,0.1954034977825662,0.041541,0.1538624977825662,12454321674.232916,12454321674.232916,1,0,,1.0
000630.SZ,铜陵有色,CSI,地方国有企业,材料,有色金属,材料--有色金属--其他金属与采矿--铜,2025,,,,,,,,,,100206269994.18,,0.026554,2415007111.01,245854206.4,target_year,,,,,,,,,,SOE_target,0.082262,0.068151,25.117029,0.0806,0.15747,1.812794,0.223788,0.367705,0.477954,1.762476,0.053808,True,Pooled_H_plus_CSI_nonSOE,0.19072116153013915,0.026554,0.16416716153013916,16450578912.467283,16450578912.467283,1,0,,1.0
000661.SZ,长春高新,CSI,地方国有企业,医疗保健,医药生物,医疗保健--医药生物--生物科技Ⅲ--生物科技Ⅳ,2019,,,,,,,,,,12721347980.0,,0.140094925,1775009197.0,7187092.75,target_year,,,,,,,,,,SOE_target,0.25021,0.265335,22.96536241,0.01666701,0.277672488,0.629372512,0.384823425,0.183556495,0.327952407,2.243198051,0.072832591,True,Pooled_H_plus_CSI_nonSOE,0.04152433794247061,0.140094925,-0.0985705870575294,-1253950738.5517159,0.0,1,0,,1.0
000661.SZ,长春高新,CSI,地方国有企业,医疗保健,医药生物,医疗保健--医药生物--生物科技Ⅲ--生物科技Ⅳ,2020,,,,,,,,,,16844623212.0,,0.177002842,3046586145.0,-65039965.52,target_year,,,,,,,,,,SOE_target,0.264716,0.320434,23.26654736,0.019412895,0.276190471,0.652028363,0.434200445,0.186278313,0.307653964,2.717054693,0.066412897,True,Pooled_H_plus_CSI_nonSOE,0.047950637002618264,0.177002842,-0.12905220499738174,-2173835767.858679,0.0,1,0,,1.0
000661.SZ,长春高新,CSI,地方国有企业,医疗保健,医药生物,医疗保健--医药生物--生物科技Ⅲ--生物科技Ⅳ,2021,,,,,,,,,,22515769521.0,,0.168378138,3757472953.0,33690395.89,target_year,,,,,,,,,,SOE_target,0.229995,0.294649,23.54729735,0.021158132,0.256105921,0.572269824,0.452061369,0.161954607,0.268417314,3.196037951,0.065130959,True,Pooled_H_plus_CSI_nonSOE,0.04890496860193898,0.168378138,-0.11947316939806103,-2690030346.1101327,0.0,1,0,,1.0
000661.SZ,长春高新,CSI,地方国有企业,医疗保健,医药生物,医疗保健--医药生物--生物科技Ⅲ--生物科技Ⅳ,2022,,,,,,,,,,26027589000.0,,0.160762835,4140524000.0,43745000.0,target_year,,,,,,,,,,SOE_target,0.19917300000000002,0.253845,23.83748177,0.022164402,0.230275265,0.539222704,0.455923984,0.189456247,0.234455712,3.719092909,0.099033871,True,Pooled_H_plus_CSI_nonSOE,0.04938044679330775,0.160762835,-0.11138238820669225,-2899015022.082233,0.0,1,0,,1.0
000661.SZ,长春高新,CSI,地方国有企业,医疗保健,医药生物,医疗保健--医药生物--生物科技Ⅲ--生物科技Ⅳ,2023,,,,,,,,,,30743650000.0,,0.148622,4532484000.0,36691000.0,target_year,,,,,,,,,,SOE_target,0.190234,0.22592600000000002,23.982423,0.023321,0.212266,0.520244,0.441385,0.215704,0.200643,4.014785,0.080347,True,Pooled_H_plus_CSI_nonSOE,0.05694517606956291,0.148622,-0.09167682393043709,-2818480188.028982,0.0,1,0,,1.0
000661.SZ,长春高新,CSI,地方国有企业,医疗保健,医药生物,医疗保健--医药生物--生物科技Ⅲ--生物科技Ⅳ,2024,,,,,,,,,,31051118000.0,,0.084386,2583059000.0,37225000.0,target_year,,,,,,,,,,SOE_target,0.098578,0.11461299999999999,24.148949,0.024278,0.216978,0.513149,0.434749,0.220367,0.185775,3.785057,0.068203,True,Pooled_H_plus_CSI_nonSOE,0.0631749153130651,0.084386,-0.021211084686934903,-658627893.5220088,0.0,1,0,,1.0
000661.SZ,长春高新,CSI,地方国有企业,医疗保健,医药生物,医疗保健--医药生物--生物科技Ⅲ--生物科技Ⅳ,2025,,,,,,,,,,30080522676.54,,0.005032,154971452.8,-3597720.1,target_year,,,,,,,,,,SOE_target,-0.000103,0.006886,24.158901,0.022221,0.230555,0.435818,0.413877,0.296122,0.159372,4.758913,0.070244,True,Pooled_H_plus_CSI_nonSOE,0.05846611253621692,0.005032,0.05343411253621692,1607326033.8464632,1607326033.8464632,1,0,,1.0
000708.SZ,中信特钢,CSI,中央国有企业,材料,钢铁Ⅱ,材料--钢铁Ⅱ--钢铁Ⅲ--钢铁Ⅳ,2019,,,,,,,,,,72585012817.0,,0.083513444,5386471751.0,675352668.3,target_year,,,,,,,,,,SOE_target,0.176222,0.363352,22.76161251,0.032712966,0.659924097,1.755051415,0.268473152,0.301352839,0.426450625,1.656608326,0.006238616,True,Pooled_H_plus_CSI_nonSOE,0.15617080753734078,0.083513444,0.07265736353734077,5273835663.607308,5273835663.607308,1,0,,1.0
000708.SZ,中信特钢,CSI,中央国有企业,材料,钢铁Ⅱ,材料--钢铁Ⅱ--钢铁Ⅲ--钢铁Ⅳ,2020,,,,,,,,,,77440955872.0,,0.081567321,6024490435.0,292160864.1,target_year,,,,,,,,,,SOE_target,0.100046,0.224814,25.0080243,0.169549802,0.517023931,1.795776839,-0.115890571,0.502585806,0.651765819,0.777849873,0.033710624,True,Pooled_H_plus_CSI_nonSOE,0.14856445968692256,0.081567321,0.06699713868692256,5188322460.604234,5188322460.604234,1,0,,1.0
000708.SZ,中信特钢,CSI,中央国有企业,材料,钢铁Ⅱ,材料--钢铁Ⅱ--钢铁Ⅲ--钢铁Ⅳ,2021,,,,,,,,,,84876296225.0,,0.099292685,7952600073.0,474995237.4,target_year,,,,,,,,,,SOE_target,0.117103,0.260083,25.07278162,0.17881253,0.51422962,0.990041735,-0.075179664,0.500365298,0.633460502,0.845073368,0.040993194,True,Pooled_H_plus_CSI_nonSOE,0.1076710534794334,0.099292685,0.008378368479433393,711124884.9425914,711124884.9425914,1,0,,1.0
000708.SZ,中信特钢,CSI,中央国有企业,材料,钢铁Ⅱ,材料--钢铁Ⅱ--钢铁Ⅲ--钢铁Ⅳ,2022,,,,,,,,,,90774617316.0,,0.084181709,7105382184.0,536180238.7,target_year,,,,,,,,,,SOE_target,0.10000999999999999,0.205711,25.16446069,0.177590042,0.499605416,1.192303635,-0.066566956,0.509734388,0.611580087,0.854053661,0.029734147,True,Pooled_H_plus_CSI_nonSOE,0.12620707228887817,0.084181709,0.04202536328887818,3814836270.113792,3814836270.113792,1,0,,1.0
000708.SZ,中信特钢,CSI,中央国有企业,材料,钢铁Ⅱ,材料--钢铁Ⅱ--钢铁Ⅲ--钢铁Ⅳ,2023,,,,,,,,,,116506605547.44,,0.05531,5721189483.5,722748724.28,target_year,,,,,,,,,,SOE_target,0.063282,0.152797,25.231646,0.182756,0.520062,1.113146,0.001558,0.489854,0.598595,1.00377,0.019696,True,Pooled_H_plus_CSI_nonSOE,0.12564704099361695,0.05531,0.07033704099361696,8194729890.417448,8194729890.417448,1,0,,1.0
000708.SZ,中信特钢,CSI,中央国有企业,材料,钢铁Ⅱ,材料--钢铁Ⅱ--钢铁Ⅲ--钢铁Ⅳ,2024,,,,,,,,,,111043379345.44,,0.053478,5125627037.63,812782921.61,target_year,,,,,,,,,,SOE_target,0.052064000000000006,0.128882,25.481214,0.215568,0.490176,1.092959,0.014667,0.464756,0.642643,1.034493,0.017144,True,Pooled_H_plus_CSI_nonSOE,0.12146200134722515,0.053478,0.06798400134722515,7549173251.020827,7549173251.020827,1,0,,1.0
000708.SZ,中信特钢,CSI,中央国有企业,材料,钢铁Ⅱ,材料--钢铁Ⅱ--钢铁Ⅲ--钢铁Ⅳ,2025,,,,,,,,,,110322568610.71,,0.060174,5928668055.97,709860550.13,target_year,,,,,,,,,,SOE_target,0.071372,0.140293,25.433187,0.218923,0.484294,0.954379,0.047169,0.470685,0.605304,1.124346,0.004975,True,Pooled_H_plus_CSI_nonSOE,0.1227391046148564,0.060174,0.0625651046148564,6902343046.508744,6902343046.508744,1,0,,1.0
000725.SZ,京东方A,CSI,地方国有企业,信息技术,硬件设备,信息技术--硬件设备--电子设备、仪器和元件--电子元件,2019,,,,,,,,,,340412000000.0,,0.013054115,1918643871.0,2525136209.0,target_year,,,,,,,,,,SOE_target,0.006793,0.02121,26.44038726,0.083290852,0.161142974,0.34395235,0.123225909,0.607117725,0.604124939,1.602046183,0.179327091,True,Pooled_H_plus_CSI_nonSOE,0.0662412053998166,0.013054115,0.053187090399816596,18105523817.182365,18105523817.182365,1,0,,1.0
000725.SZ,京东方A,CSI,地方国有企业,信息技术,硬件设备,信息技术--硬件设备--电子设备、仪器和元件--电子元件,2020,,,,,,,,,,424257000000.0,,0.018115872,5035627952.0,2650153972.0,target_year,,,,,,,,,,SOE_target,0.015936,0.050779,26.55342308,0.094918529,0.145048886,0.357514634,0.076584666,0.626190901,0.585626791,1.33262216,0.145164883,True,Pooled_H_plus_CSI_nonSOE,0.07600116187551087,0.018115872,0.057885289875510865,24558239426.71461,24558239426.71461,1,0,,1.0
000725.SZ,京东方A,CSI,地方国有企业,信息技术,硬件设备,信息技术--硬件设备--电子设备、仪器和元件--电子元件,2021,,,,,,,,,,450233000000.0,,0.068181899,25830935500.0,4866778333.0,target_year,,,,,,,,,,SOE_target,0.087905,0.209698,26.77360478,0.096274649,0.129289002,0.351717326,0.056631111,0.630378658,0.591290624,1.228909006,0.104218327,True,Pooled_H_plus_CSI_nonSOE,0.08080100001204335,0.068181899,0.012619101012043346,5681535705.955312,5681535705.955312,0,1,FirmSize_lag,1.0
000725.SZ,京东方A,CSI,地方国有企业,信息技术,硬件设备,信息技术--硬件设备--电子设备、仪器和元件--电子元件,2022,,,,,,,,,,420562000000.0,,0.026448149,7550877790.0,3572211438.0,target_year,,,,,,,,,,SOE_target,0.004916,0.054093999999999996,26.83303018,0.123686202,0.108896372,0.498314997,0.128549125,0.57579366,0.517185639,1.559942897,0.079225595,True,Pooled_H_plus_CSI_nonSOE,0.10793589391479419,0.026448149,0.08148774491479419,34270648976.85567,34270648976.85567,0,1,FirmSize_lag,1.0
000725.SZ,京东方A,CSI,地方国有企业,信息技术,硬件设备,信息技术--硬件设备--电子设备、仪器和元件--电子元件,2023,,,,,,,,,,419187099795.0,,0.008821,2547435360.0,1150310546.0,target_year,,,,,,,,,,SOE_target,0.004366,0.019188,26.764858,0.093694,0.117158,0.406843,0.134489,0.592952,0.519571,1.660217,0.069902,True,Pooled_H_plus_CSI_nonSOE,0.10089183558532482,0.008821,0.09207083558532482,38594906544.71459,38594906544.71459,0,1,FirmSize_lag,1.0
000725.SZ,京东方A,CSI,地方国有企业,信息技术,硬件设备,信息技术--硬件设备--电子设备、仪器和元件--电子元件,2024,,,,,,,,,,429978221541.0,,0.015228,5323248974.0,1224387370.0,target_year,,,,,,,,,,SOE_target,0.014862,0.040579000000000004,26.761583,0.090613,0.108206,0.413005,0.126493,0.572636,0.528137,1.588068,0.059181,True,Pooled_H_plus_CSI_nonSOE,0.10164106850292297,0.015228,0.08641306850292296,37155737512.78742,37155737512.78742,0,1,FirmSize_lag,1.0
000725.SZ,京东方A,CSI,地方国有企业,信息技术,硬件设备,信息技术--硬件设备--电子设备、仪器和元件--电子元件,2025,,,,,,,,,,436378322803.0,,0.017631,5856966754.0,1836646802.0,target_year,,,,,,,,,,SOE_target,0.020478999999999997,0.043803999999999996,26.787,0.087283,0.114376,0.464184,0.065413,0.546687,0.524287,1.244021,0.079162,True,Pooled_H_plus_CSI_nonSOE,0.10125885687600977,0.017631,0.08362785687600977,36493383923.162476,36493383923.162476,0,1,FirmSize_lag,1.0
000768.SZ,中航西飞,CSI,中央国有企业,工业,国防军工,工业--国防军工--航空航天与国防Ⅲ--航空航天,2019,,,,,,,,,,48762673248.0,,0.012683797,568852605.8,49643225.99,target_year,,,,,,,,,,SOE_target,0.013455,0.034902,24.59232877,0.388396049,0.285442207,0.753242655,0.236234078,0.115521522,0.596783173,1.405193657,0.017350223,True,Pooled_H_plus_CSI_nonSOE,0.06539210149153629,0.012683797,0.052708304491536295,2570197829.376875,2570197829.376875,1,0,,1.0
000768.SZ,中航西飞,CSI,中央国有企业,工业,国防军工,工业--国防军工--航空航天与国防Ⅲ--航空航天,2020,,,,,,,,,,58460327428.0,,0.012833044,777376665.7,-27152717.86,target_year,,,,,,,,,,SOE_target,0.018278000000000003,0.048807,24.61023096,0.366640164,0.279462147,0.708764482,0.205304523,0.096630721,0.659529328,1.32864265,0.014818499,True,Pooled_H_plus_CSI_nonSOE,0.05132424584272555,0.012833044,0.038491201842725545,2250208262.8229723,2250208262.8229723,1,0,,1.0
000768.SZ,中航西飞,CSI,中央国有企业,工业,国防军工,工业--国防军工--航空航天与国防Ⅲ--航空航天,2021,,,,,,,,,,71989049045.0,,0.009441759,652910969.4,26792284.69,target_year,,,,,,,,,,SOE_target,0.012112000000000001,0.042059,24.7916142,0.332759455,0.273615357,0.622793812,0.084209641,0.168720078,0.738183945,1.129117964,0.018325985,True,Pooled_H_plus_CSI_nonSOE,0.0347118854982502,0.009441759,0.025270126498250202,1819172375.855888,1819172375.855888,1,0,,1.0
000768.SZ,中航西飞,CSI,中央国有企业,工业,国防军工,工业--国防军工--航空航天与国防Ⅲ--航空航天,2022,,,,,,,,,,82173551967.0,,0.004895149,523352485.0,-121100735.1,target_year,,,,,,,,,,SOE_target,0.007887,0.032837,24.99977985,0.287896095,0.271325141,0.499998192,0.051283057,0.131025938,0.781332402,1.06932487,0.009251516,True,Pooled_H_plus_CSI_nonSOE,0.017387450195397974,0.004895149,0.012492301195397975,1026536761.4674517,1026536761.4674517,1,0,,1.0
000768.SZ,中航西飞,CSI,中央国有企业,工业,国防军工,工业--国防军工--航空航天与国防Ⅲ--航空航天,2023,,,,,,,,,,80920781039.43,,0.007502,860970264.62,-253872238.01,target_year,,,,,,,,,,SOE_target,0.012524,0.048262,25.132099,0.286581,0.272876,0.482254,0.039442,0.108782,0.803657,1.050589,0.010648,True,Pooled_H_plus_CSI_nonSOE,0.011536776337444606,0.007502,0.004034776337444606,326497252.5454282,326497252.5454282,1,0,,1.0
000768.SZ,中航西飞,CSI,中央国有企业,工业,国防军工,工业--国防军工--航空航天与国防Ⅲ--航空航天,2024,,,,,,,,,,73810707203.02,,0.012074,1023435524.55,-132241221.51,target_year,,,,,,,,,,SOE_target,0.01374,0.050454,25.116737,0.247662,0.247277,0.490449,0.034391,0.111253,0.75847,1.044253,0.014477,True,Pooled_H_plus_CSI_nonSOE,0.017803849983959952,0.012074,0.005729849983959952,422924279.4832969,422924279.4832969,1,0,,1.0
000768.SZ,中航西飞,CSI,中央国有企业,工业,国防军工,工业--国防军工--航空航天与国防Ⅲ--航空航天,2025,,,,,,,,,,77846648435.6,,0.013604,1151240411.01,-92184233.18,target_year,,,,,,,,,,SOE_target,0.016361,0.053258,25.02477,0.267949,0.253215,0.554655,0.03727,0.126676,0.71516,1.050416,0.019016,True,Pooled_H_plus_CSI_nonSOE,0.02935668330354969,0.013604,0.01575268330354969,1226293599.0487788,1226293599.0487788,1,0,,1.0
000786.SZ,北新建材,CSI,中央国有企业,材料,建材Ⅱ,材料--建材Ⅱ--建材Ⅲ--建材Ⅳ,2019,,,,,,,,,,21463592266.0,,0.021954556,441144299.5,30079335.77,target_year,,,,,,,,,,SOE_target,0.034527999999999996,0.031249,23.60851566,0.082164854,0.736746816,0.728133542,0.186426406,0.552409337,0.193719088,2.443171724,0.087405108,True,Pooled_H_plus_CSI_nonSOE,0.13647393672025204,0.021954556,0.11451938072025204,2457997294.3343115,2457997294.3343115,1,0,,1.0
000786.SZ,北新建材,CSI,中央国有企业,材料,建材Ⅱ,材料--建材Ⅱ--建材Ⅲ--建材Ⅳ,2020,,,,,,,,,,22915217102.0,,0.128089923,2859866559.0,75341830.31,target_year,,,,,,,,,,SOE_target,0.15058,0.186805,23.78962395,0.072892526,0.764425084,0.668831118,0.005969725,0.558113567,0.322457519,1.020643679,0.098415159,True,Pooled_H_plus_CSI_nonSOE,0.11258992292837161,0.128089923,-0.015500000071628384,-355185866.72238,0.0,1,0,,1.0
000786.SZ,北新建材,CSI,中央国有企业,材料,建材Ⅱ,材料--建材Ⅱ--建材Ⅲ--建材Ⅳ,2021,,,,,,,,,,26573872663.0,,0.135197922,3510191056.0,82541300.71,target_year,,,,,,,,,,SOE_target,0.153334,0.197136,23.85506703,0.081293583,0.753086611,0.748938503,0.085974085,0.556825824,0.238293646,1.403259242,0.059647758,True,Pooled_H_plus_CSI_nonSOE,0.13816242724105818,0.135197922,0.0029645052410581796,78778384.78467618,78778384.78467618,1,0,,1.0
000786.SZ,北新建材,CSI,中央国有企业,材料,建材Ⅱ,材料--建材Ⅱ--建材Ⅲ--建材Ⅳ,2022,,,,,,,,,,28604536226.0,,0.113485144,3136397898.0,109792022.4,target_year,,,,,,,,,,SOE_target,0.12256700000000001,0.157211,24.00319434,0.100137906,0.668525521,0.843240168,0.141342424,0.510095168,0.265218624,1.693275559,0.061260434,True,Pooled_H_plus_CSI_nonSOE,0.142571740246862,0.113485144,0.02908659624686201,832008596.0344,832008596.0344,1,0,,1.0
000786.SZ,北新建材,CSI,中央国有企业,材料,建材Ⅱ,材料--建材Ⅱ--建材Ⅲ--建材Ⅳ,2023,,,,,,,,,,30660627191.82,,0.117717,3524001193.59,85282127.5,target_year,,,,,,,,,,SOE_target,0.127174,0.159022,24.076831,0.114777,0.617588,0.714546,0.199399,0.480786,0.250342,2.082374,0.045478,True,Pooled_H_plus_CSI_nonSOE,0.14167449966770732,0.117717,0.023957499667707313,734551965.7597255,734551965.7597255,1,0,,1.0
000786.SZ,北新建材,CSI,中央国有企业,材料,建材Ⅱ,材料--建材Ⅱ--建材Ⅲ--建材Ⅳ,2024,,,,,,,,,,35139481982.58,,0.105885,3646942470.4,73810131.21,target_year,,,,,,,,,,SOE_target,0.12231,0.148739,24.146245,0.124756,0.650954,0.748723,0.217618,0.463646,0.225985,2.188839,0.037909,True,Pooled_H_plus_CSI_nonSOE,0.1470603599522986,0.105885,0.041175359952298596,1446880819.1700428,1446880819.1700428,1,0,,1.0
000786.SZ,北新建材,CSI,中央国有企业,材料,建材Ⅱ,材料--建材Ⅱ--建材Ⅲ--建材Ⅳ,2025,,,,,,,,,,36088073943.54,,0.08132,2906380291.66,28292119.13,target_year,,,,,,,,,,SOE_target,0.092774,0.110011,24.282591,0.193215,0.525443,0.776379,0.126703,0.443899,0.239609,1.573315,0.03398,True,Pooled_H_plus_CSI_nonSOE,0.15758286069519745,0.08132,0.07626286069519744,2752179755.9141755,2752179755.9141755,1,0,,1.0
000792.SZ,盐湖股份,CSI,中央国有企业,材料,化工,材料--化工--农用化工--化肥与农用药剂,2019,,,,,,,,,,22531500339.0,,-1.970434396,-45859976778.0,1463133525.0,target_year,,,,,,,,,,SOE_target,-0.967884,,25.04071871,0.064266966,0.192081294,0.216564189,-0.278582226,0.806404587,0.749488816,0.36481008,0.010298963,True,Pooled_H_plus_CSI_nonSOE,0.03932601838724455,-1.970434396,2.0097604143872445,45282917458.07498,45282917458.07498,0,1,FixedAssetsRatio_lag,1.0
000792.SZ,盐湖股份,CSI,中央国有企业,材料,化工,材料--化工--农用化工--化肥与农用药剂,2020,,,,,,,,,,20109814551.0,,0.12072931,2039507351.0,388336689.4,target_year,,,,,,,,,,SOE_target,0.153226,-0.154504,23.83818018,0.063309446,0.180537484,0.350103012,-0.888553207,0.365084577,2.290134477,0.314471187,0.020977312,True,Pooled_H_plus_CSI_nonSOE,0.00024383522131576907,0.12072931,-0.12048547477868424,-2422940553.888528,0.0,1,0,,1.0
000792.SZ,盐湖股份,CSI,中央国有企业,材料,化工,材料--化工--农用化工--化肥与农用药剂,2021,,,,,,,,,,25267358712.0,,0.186473385,4478386640.0,233303260.0,target_year,,,,,,,,,,SOE_target,0.24559799999999998,0.6657129999999999,23.72447382,0.044384921,0.203999831,0.619101631,0.10089712,0.432346651,0.738152668,1.397826148,0.026706701,True,Pooled_H_plus_CSI_nonSOE,0.0511811889358598,0.186473385,-0.1352921960641402,-3418476448.886865,0.0,1,0,,1.0
000792.SZ,盐湖股份,CSI,中央国有企业,材料,化工,材料--化工--农用化工--化肥与农用药剂,2022,,,,,,,,,,41982836045.0,,0.377563052,15564592332.0,286575396.1,target_year,,,,,,,,,,SOE_target,0.638701,0.9016689999999999,23.95277923,0.026196976,0.197245037,0.612016847,0.258214762,0.32793301,0.538918822,2.112423225,0.03199102,True,Pooled_H_plus_CSI_nonSOE,0.07951484775398418,0.377563052,-0.29804820424601586,-12512908892.367157,0.0,1,0,,1.0
000792.SZ,盐湖股份,CSI,中央国有企业,材料,化工,材料--化工--农用化工--化肥与农用药剂,2023,,,,,,,,,,46407287224.03,,0.166608,7913614646.24,-181785870.71,target_year,,,,,,,,,,SOE_target,0.236788,0.277208,24.460527,0.040375,0.212868,0.867661,0.494585,0.195432,0.32174,3.437173,0.016199,True,Pooled_H_plus_CSI_nonSOE,0.12825205082690008,0.166608,-0.038355949173099924,-1779995550.026344,0.0,1,0,,1.0
000792.SZ,盐湖股份,CSI,中央国有企业,材料,化工,材料--化工--农用化工--化肥与农用药剂,2024,,,,,,,,,,45782850934.85,,0.098615,4663116528.38,-148225180.31,target_year,,,,,,,,,,SOE_target,0.121684,0.136187,24.560722,0.024829,0.215825,0.460211,0.452081,0.196388,0.252473,3.23378,0.020319,True,Pooled_H_plus_CSI_nonSOE,0.11567893847084107,0.098615,0.017063938470841075,781235751.3719692,781235751.3719692,1,0,,1.0
000792.SZ,盐湖股份,CSI,中央国有企业,材料,化工,材料--化工--农用化工--化肥与农用药剂,2025,,,,,,,,,,55781587198.78,,0.148146,8475535262.69,-211737505.69,target_year,,,,,,,,,,SOE_target,0.137464,0.20790199999999998,24.547175,0.016693,0.213171,0.300786,0.523648,0.229043,0.135178,7.330134,0.026687,True,Pooled_H_plus_CSI_nonSOE,0.09962300200260266,0.148146,-0.048522997997397344,-2706689843.9380474,0.0,1,0,,1.0
000807.SZ,云铝股份,CSI,中央国有企业,材料,有色金属,材料--有色金属--其他金属与采矿--铝,2019,,,,,,,,,,39579456610.0,,0.036408062,495225700.7,945785611.3,target_year,,,,,,,,,,SOE_target,0.038792,0.051628999999999994,24.34817655,0.027430628,0.167062795,0.58682112,-0.302984394,0.62190244,0.754381207,0.463725714,0.097778035,True,Pooled_H_plus_CSI_nonSOE,0.06285574155023217,0.036408062,0.026447679550232174,1046784785.1935986,1046784785.1935986,1,0,,1.0
000807.SZ,云铝股份,CSI,中央国有企业,材料,有色金属,材料--有色金属--其他金属与采矿--铝,2020,,,,,,,,,,41018597713.0,,0.037772411,902555209.2,646816135.0,target_year,,,,,,,,,,SOE_target,0.033660999999999996,0.079432,24.40157605,0.025926514,0.15478921,0.622336875,-0.289221224,0.663335078,0.682322746,0.441998275,0.089439243,True,Pooled_H_plus_CSI_nonSOE,0.07880250948189835,0.037772411,0.04103009848189835,1682997103.7537603,1682997103.7537603,1,0,,1.0
000807.SZ,云铝股份,CSI,中央国有企业,材料,有色金属,材料--有色金属--其他金属与采矿--铝,2021,,,,,,,,,,37837121415.0,,0.103262874,3319026415.0,588143490.6,target_year,,,,,,,,,,SOE_target,0.118904,0.22129000000000001,24.4372914,0.026430521,0.159708925,0.726936071,-0.275514356,0.73416272,0.664574167,0.348730522,0.128882093,True,Pooled_H_plus_CSI_nonSOE,0.08254683196858614,0.103262874,-0.02071604203141386,-783835397.5808495,0.0,0,1,FixedAssetsRatio_lag,1.0
000807.SZ,云铝股份,CSI,中央国有企业,材料,有色金属,材料--有色金属--其他金属与采矿--铝,2022,,,,,,,,,,39059473292.0,,0.123982697,4568644918.0,274053905.3,target_year,,,,,,,,,,SOE_target,0.159689,0.22537600000000002,24.35655651,0.027692993,0.168216562,1.048534058,-0.118291959,0.73601922,0.447359166,0.544969442,0.033677016,True,Pooled_H_plus_CSI_nonSOE,0.1520088810724688,0.123982697,0.02802618407246879,1094687988.2552705,1094687988.2552705,0,1,FixedAssetsRatio_lag,1.0
000807.SZ,云铝股份,CSI,中央国有企业,材料,有色金属,材料--有色金属--其他金属与采矿--铝,2023,,,,,,,,,,39309705821.93,,0.103436,3955771178.74,110284499.19,target_year,,,,,,,,,,SOE_target,0.141472,0.16454899999999997,24.388351,0.028078,0.153058,1.251062,-0.020505,0.639861,0.352871,0.911469,0.024668,True,Pooled_H_plus_CSI_nonSOE,0.18293880438101723,0.103436,0.07950280438101723,3125231852.2362347,3125231852.2362347,1,0,,1.0
000807.SZ,云铝股份,CSI,中央国有企业,材料,有色金属,材料--有色金属--其他金属与采矿--铝,2024,,,,,,,,,,41901504028.87,,0.105837,4411670800.53,23060223.52,target_year,,,,,,,,,,SOE_target,0.147651,0.163245,24.394737,0.024418,0.159476,1.079805,0.096094,0.600554,0.255987,1.620727,0.018647,True,Pooled_H_plus_CSI_nonSOE,0.18952036367110686,0.105837,0.08368336367110686,3506458800.014278,3506458800.014278,1,0,,1.0
000807.SZ,云铝股份,CSI,中央国有企业,材料,有色金属,材料--有色金属--其他金属与采矿--铝,2025,,,,,,,,,,44175520008.47,,0.136401,6054686552.59,-29118803.1,target_year,,,,,,,,,,SOE_target,0.200353,0.200643,24.458588,0.030201,0.15747,1.33148,0.174647,0.533549,0.232785,2.02867,0.015705,True,Pooled_H_plus_CSI_nonSOE,0.20763573031208102,0.136401,0.07123473031208102,3146831254.1993,3146831254.1993,1,0,,1.0
000858.SZ,五粮液,CSI,地方国有企业,日常消费,食品饮料,日常消费--食品饮料--饮料--白酒与葡萄酒,2019,,,,,,,,,,106397000000.0,,0.163558829,17402164190.0,0.0,target_year,,,,,,,,,,SOE_target,0.235747,0.252612,25.17870865,0.051088045,0.118716357,0.434624476,0.66673842,0.065199925,0.243626288,3.772013974,0.004429813,True,Pooled_H_plus_CSI_nonSOE,0.1462083753404806,0.163558829,-0.0173504536595194,-1846036218.0118854,0.0,1,0,,1.0
000858.SZ,五粮液,CSI,地方国有企业,日常消费,食品饮料,日常消费--食品饮料--饮料--白酒与葡萄酒,2020,,,,,,,,,,113893000000.0,,0.162163327,19954809595.0,-1485519200.0,target_year,,,,,,,,,,SOE_target,0.251291,0.24944,25.39044296,0.056293889,0.109737598,0.448163389,0.625884029,0.065045193,0.284791231,3.217181758,0.015965258,True,Pooled_H_plus_CSI_nonSOE,0.14306884089285318,0.162163327,-0.019094486107146813,-2174728306.201272,0.0,1,0,,1.0
000858.SZ,五粮液,CSI,地方国有企业,日常消费,食品饮料,日常消费--食品饮料--饮料--白酒与葡萄酒,2021,,,,,,,,,,135621000000.0,,0.159602143,23377074353.0,-1731702085.0,target_year,,,,,,,,,,SOE_target,0.260109,0.253034,25.45852647,0.054280467,0.106852675,0.446944355,0.671477934,0.064523911,0.22946854,3.955172532,0.008725373,True,Pooled_H_plus_CSI_nonSOE,0.1500180107208289,0.159602143,-0.009584132279171098,-1299809603.8334634,0.0,1,0,,1.0
000858.SZ,五粮液,CSI,地方国有企业,日常消费,食品饮料,日常消费--食品饮料--饮料--白酒与葡萄酒,2022,,,,,,,,,,152715000000.0,,0.161505774,26690661397.0,-2026351048.0,target_year,,,,,,,,,,SOE_target,0.257363,0.250507,25.63312868,0.054352346,0.106913309,0.452234076,0.652717866,0.060860503,0.25238699,3.633364619,0.011348768,True,Pooled_H_plus_CSI_nonSOE,0.14864365846812355,0.161505774,-0.012862115531876439,-1964237973.4505105,0.0,1,0,,1.0
000858.SZ,五粮液,CSI,地方国有企业,日常消费,食品饮料,日常消费--食品饮料--饮料--白酒与葡萄酒,2023,,,,,,,,,,165432981684.75,,0.167666,30210585269.3,-2473170676.27,target_year,,,,,,,,,,SOE_target,0.263479,0.248051,25.751837,0.051826,0.105461,0.438516,0.666646,0.059486,0.235934,3.84701,0.011659,True,Pooled_H_plus_CSI_nonSOE,0.15012206644874043,0.167666,-0.017543933551259577,-2902345237.8639965,0.0,1,0,,1.0
000858.SZ,五粮液,CSI,地方国有企业,日常消费,食品饮料,日常消费--食品饮料--饮料--白酒与葡萄酒,2024,,,,,,,,,,188252218704.17,,0.154153,31853172533.98,-2833530840.46,target_year,,,,,,,,,,SOE_target,0.233709,0.242374,25.831832,0.055907,0.100594,0.444701,0.692118,0.065353,0.199982,4.503309,0.017876,True,Pooled_H_plus_CSI_nonSOE,0.15284409337241878,0.154153,-0.0013089066275812355,-246404576.71876037,0.0,1,0,,1.0
000858.SZ,五粮液,CSI,地方国有企业,日常消费,食品饮料,日常消费--食品饮料--饮料--白酒与葡萄酒,2025,,,,,,,,,,189984270815.47,,0.033122,8954257202.51,-2661630589.09,target_year,,,,,,,,,,SOE_target,0.05043,0.070724,25.961048,0.059607,0.097008,0.43052,0.609591,0.06936,0.275468,3.248964,0.014164,True,Pooled_H_plus_CSI_nonSOE,0.14613563481432798,0.033122,0.11301363481432798,21470813002.405914,21470813002.405914,1,0,,1.0
000975.SZ,山金国际,CSI,地方国有企业,材料,有色金属,材料--有色金属--贵金属--黄金,2019,,,,,,,,,,11885793700.0,,0.07517066,864165428.9,29297524.57,target_year,,,,,,,,,,SOE_target,0.106521,0.099397,23.09193917,0.006000051,0.167062795,0.585413213,0.108609477,0.260657273,0.120655521,3.221219308,0.063739343,True,Pooled_H_plus_CSI_nonSOE,0.14025643667447424,0.07517066,0.06508577667447424,773596114.3570728,773596114.3570728,1,0,,1.0
000975.SZ,山金国际,CSI,地方国有企业,材料,有色金属,材料--有色金属--贵金属--黄金,2020,,,,,,,,,,12906755770.0,,0.09964649,1242446761.0,43666152.27,target_year,,,,,,,,,,SOE_target,0.142065,0.131214,23.19860972,0.005455011,0.15478921,0.447325565,0.091789189,0.252350115,0.1493012,2.019578707,0.053587837,True,Pooled_H_plus_CSI_nonSOE,0.13799392694471105,0.09964649,0.038347436944711044,494941003.05086046,494941003.05086046,1,0,,1.0
000975.SZ,山金国际,CSI,地方国有企业,材料,有色金属,材料--有色金属--贵金属--黄金,2021,,,,,,,,,,15933256367.0,,0.084137949,1273338699.0,67252814.69,target_year,,,,,,,,,,SOE_target,0.127921,0.125104,23.28101671,0.006961481,0.159708925,0.622437169,0.214098407,0.231175705,0.142596114,3.360518547,0.046767807,True,Pooled_H_plus_CSI_nonSOE,0.14431942749538143,0.084137949,0.06018147849538143,958886925.4120097,958886925.4120097,1,0,,1.0
000975.SZ,山金国际,CSI,地方国有企业,材料,有色金属,材料--有色金属--贵金属--黄金,2022,,,,,,,,,,16163564000.0,,0.073385486,1125812000.0,60359000.0,target_year,,,,,,,,,,SOE_target,0.10418,0.10532,23.49167436,0.005936039,0.168216562,0.614535754,0.10977772,0.202924251,0.225597952,1.566330908,0.045088538,True,Pooled_H_plus_CSI_nonSOE,0.13830785532527212,0.073385486,0.06492236932527212,1049376871.6206728,1049376871.6206728,1,0,,1.0
000975.SZ,山金国际,CSI,地方国有企业,材料,有色金属,材料--有色金属--贵金属--黄金,2023,,,,,,,,,,16298949000.0,,0.089989,1421924000.0,44806000.0,target_year,,,,,,,,,,SOE_target,0.13109400000000002,0.12654400000000002,23.506025,0.004888,0.153058,0.521745,0.167537,0.196757,0.215565,1.910269,0.037655,True,Pooled_H_plus_CSI_nonSOE,0.1360889538014257,0.089989,0.04609995380142569,751380795.9117935,751380795.9117935,1,0,,1.0
000975.SZ,山金国际,CSI,地方国有企业,材料,有色金属,材料--有色金属--贵金属--黄金,2024,,,,,,,,,,18189090000.0,,0.122639,2179961000.0,50737000.0,target_year,,,,,,,,,,SOE_target,0.187452,0.177654,23.514366,0.004672,0.159476,0.498719,0.220944,0.191747,0.179785,2.49648,0.037722,True,Pooled_H_plus_CSI_nonSOE,0.13814645305021528,0.122639,0.01550745305021528,282066459.2011403,282066459.2011403,1,0,,1.0
000975.SZ,山金国际,CSI,地方国有企业,材料,有色金属,材料--有色金属--贵金属--黄金,2025,,,,,,,,,,20625469000.0,,0.147424,2983616000.0,57075000.0,target_year,,,,,,,,,,SOE_target,0.223768,0.213887,23.624088,0.007586,0.15747,0.787544,0.201765,0.189844,0.185674,2.979621,0.037812,True,Pooled_H_plus_CSI_nonSOE,0.1498391126549058,0.147424,0.0024151126549057933,49812831.19526714,49812831.19526714,1,0,,1.0
000977.SZ,浪潮信息,CSI,地方国有企业,信息技术,硬件设备,信息技术--硬件设备--电脑与外围设备--电脑硬件、储存设备及电脑周边,2019,,,,,,,,,,29409085017.0,,0.037688036,928747236.9,179623428.5,target_year,,,,,,,,,,SOE_target,0.04292,0.098164,23.96582976,0.040540726,0.161142974,2.156699725,0.301689676,0.028343674,0.636328198,1.491094523,0.016350809,True,Pooled_H_plus_CSI_nonSOE,0.1339635558939199,0.037688036,0.09627551989391989,2831374949.6161647,2831374949.6161647,1,0,,1.0
000977.SZ,浪潮信息,CSI,地方国有企业,信息技术,硬件设备,信息技术--硬件设备--电脑与外围设备--电脑硬件、储存设备及电脑周边,2020,,,,,,,,,,38322865651.0,,0.041773216,1466448648.0,134420695.4,target_year,,,,,,,,,,SOE_target,0.049766000000000005,0.120228,24.10456948,0.042483394,0.145048886,1.874633229,0.290731222,0.032415912,0.649488665,1.464589021,0.014801985,True,Pooled_H_plus_CSI_nonSOE,0.131399275571303,0.041773216,0.08962605957130299,3434727439.779567,3434727439.779567,1,0,,1.0
000977.SZ,浪潮信息,CSI,地方国有企业,信息技术,硬件设备,信息技术--硬件设备--电脑与外围设备--电脑硬件、储存设备及电脑周边,2021,,,,,,,,,,46208162563.0,,0.04202014,2002738392.0,-61064951.14,target_year,,,,,,,,,,SOE_target,0.051094999999999995,0.13527799999999998,24.36931257,0.045065608,0.129289002,1.858689999,0.343874087,0.028221106,0.613086076,1.583032018,0.011722936,True,Pooled_H_plus_CSI_nonSOE,0.14076866420522466,0.04202014,0.09874852420522466,4562987859.331362,4562987859.331362,1,0,,1.0
000977.SZ,浪潮信息,CSI,地方国有企业,信息技术,硬件设备,信息技术--硬件设备--电脑与外围设备--电脑硬件、储存设备及电脑周边,2022,,,,,,,,,,41013425652.0,,0.05949463,2080350926.0,359727643.5,target_year,,,,,,,,,,SOE_target,0.054576,0.128312,24.5564223,0.038013817,0.108896372,1.584391783,0.326724134,0.023823108,0.663142179,1.526799066,0.004217095,True,Pooled_H_plus_CSI_nonSOE,0.11919117240803322,0.05949463,0.05969654240803322,2448359703.7333355,2448359703.7333355,1,0,,1.0
000977.SZ,浪潮信息,CSI,地方国有企业,信息技术,硬件设备,信息技术--硬件设备--电脑与外围设备--电脑硬件、储存设备及电脑周边,2023,,,,,,,,,,48119624861.79,,0.032838,1782784322.91,-202647157.47,target_year,,,,,,,,,,SOE_target,0.040993,0.101262,24.437165,0.036718,0.117158,1.591817,0.461711,0.050139,0.570415,2.015704,0.0274,True,Pooled_H_plus_CSI_nonSOE,0.13450567809060138,0.032838,0.10166767809060137,4892210530.288964,4892210530.288964,1,0,,1.0
000977.SZ,浪潮信息,CSI,地方国有企业,信息技术,硬件设备,信息技术--硬件设备--电脑与外围设备--电脑硬件、储存设备及电脑周边,2024,,,,,,,,,,71191039667.42,,0.027486,2291764648.21,-335008121.3,target_year,,,,,,,,,,SOE_target,0.033993999999999996,0.120797,24.596956,0.034337,0.108206,1.474483,0.481204,0.045664,0.620018,2.088979,0.006379,True,Pooled_H_plus_CSI_nonSOE,0.1237241201535424,0.027486,0.0962381201535424,6851291829.368769,6851291829.368769,1,0,,1.0
000977.SZ,浪潮信息,CSI,地方国有企业,信息技术,硬件设备,信息技术--硬件设备--电脑与外围设备--电脑硬件、储存设备及电脑周边,2025,,,,,,,,,,83793847851.87,,0.028827,2412866308.76,2667767.42,target_year,,,,,,,,,,SOE_target,0.031889,0.115566,24.988633,0.050763,0.114376,1.921439,0.310051,0.04049,0.714421,1.495676,0.003481,True,Pooled_H_plus_CSI_nonSOE,0.1331002642981123,0.028827,0.10427326429811232,8737458043.613852,8737458043.613852,1,0,,1.0
000983.SZ,山西焦煤,CSI,地方国有企业,能源,煤炭Ⅱ,能源--煤炭Ⅱ--煤炭Ⅲ--煤炭与消费用燃料,2019,,,,,,,,,,65113270693.0,,0.03869515,1710215168.0,809352580.3,target_year,,,,,,,,,,SOE_target,0.058545999999999994,0.08498599999999999,24.8985198,0.059259446,0.3281903,0.502277248,-0.103609553,0.529823201,0.640113458,0.713464277,0.046575521,True,Pooled_H_plus_CSI_nonSOE,0.05164589563200969,0.03869515,0.012950745632009694,843265406.0132346,843265406.0132346,1,0,,1.0
000983.SZ,山西焦煤,CSI,地方国有企业,能源,煤炭Ⅱ,能源--煤炭Ⅱ--煤炭Ⅲ--煤炭与消费用燃料,2020,,,,,,,,,,70610618879.0,,0.040261809,1956303613.0,886607623.1,target_year,,,,,,,,,,SOE_target,0.045820999999999994,0.09989,24.89939422,0.058447923,0.293470907,0.48523943,-0.119586599,0.553156077,0.644768604,0.661625678,0.02959785,True,Pooled_H_plus_CSI_nonSOE,0.054806670143176923,0.040261809,0.014544861143176921,1027021646.8288418,1027021646.8288418,1,0,,1.0
000983.SZ,山西焦煤,CSI,地方国有企业,能源,煤炭Ⅱ,能源--煤炭Ⅱ--煤炭Ⅲ--煤炭与消费用燃料,2021,,,,,,,,,,70497875041.0,,0.072416902,4165827696.0,939410007.2,target_year,,,,,,,,,,SOE_target,0.099619,0.201847,24.98044638,0.057059504,0.275297772,0.476354949,-0.24679589,0.530942252,0.692119478,0.464785942,0.038402857,True,Pooled_H_plus_CSI_nonSOE,0.042368231796297506,0.072416902,-0.0300486702037025,-2118367397.1688387,0.0,1,0,,1.0
000983.SZ,山西焦煤,CSI,地方国有企业,能源,煤炭Ⅱ,能源--煤炭Ⅱ--煤炭Ⅲ--煤炭与消费用燃料,2022,,,,,,,,,,95737794132.0,,0.124064922,10721933349.0,1155768633.0,target_year,,,,,,,,,,SOE_target,0.216608,0.38567599999999996,24.97884841,0.049903043,0.269530745,0.609342145,-0.177627946,0.523040164,0.631336619,0.553832026,0.018967371,True,Pooled_H_plus_CSI_nonSOE,0.06303549900051425,0.124064922,-0.061029422999485744,-5842822335.119513,0.0,1,0,,1.0
000983.SZ,山西焦煤,CSI,地方国有企业,能源,煤炭Ⅱ,能源--煤炭Ⅱ--煤炭Ⅲ--煤炭与消费用燃料,2023,,,,,,,,,,93603512358.87,,0.080743,6771368105.86,786470973.18,target_year,,,,,,,,,,SOE_target,0.123025,0.191651,25.284879,0.066477,0.250024,0.743502,-0.025689,0.428424,0.549948,0.916079,0.018929,True,Pooled_H_plus_CSI_nonSOE,0.08661799547212819,0.080743,0.005874995472128192,549920211.2836565,549920211.2836565,1,0,,1.0
000983.SZ,山西焦煤,CSI,地方国有企业,能源,煤炭Ⅱ,能源--煤炭Ⅱ--煤炭Ⅲ--煤炭与消费用燃料,2024,,,,,,,,,,109949187629.7,,0.034092,3108028389.69,640396035.42,target_year,,,,,,,,,,SOE_target,0.061924,0.084156,25.262334,0.061179,0.263234,0.555554,0.020376,0.421542,0.484602,1.076753,0.022016,True,Pooled_H_plus_CSI_nonSOE,0.08584278462022396,0.034092,0.051750784620223964,5689956728.193197,5689956728.193197,1,0,,1.0
000983.SZ,山西焦煤,CSI,地方国有企业,能源,煤炭Ⅱ,能源--煤炭Ⅱ--煤炭Ⅲ--煤炭与消费用燃料,2025,,,,,,,,,,108847567597.08,,0.018728,1200774988.79,837775063.92,target_year,,,,,,,,,,SOE_target,0.037017,0.033287,25.423284,0.049378,0.263097,0.417832,-0.053984,0.346475,0.573686,0.768558,0.241579,True,Pooled_H_plus_CSI_nonSOE,0.03731396242890783,0.018728,0.01858596242890783,2023036801.8373344,2023036801.8373344,1,0,,1.0
000999.SZ,华润三九,CSI,中央国有企业,医疗保健,医药生物,医疗保健--医药生物--制药--中药,2019,,,,,,,,,,20103525732.0,,0.105300023,2112494768.0,4406951.57,target_year,,,,,,,,,,SOE_target,0.133755,0.18062,23.61529911,0.04173358,0.277672488,0.771928981,0.125343609,0.195562013,0.380558016,1.35777995,0.033297761,True,Pooled_H_plus_CSI_nonSOE,0.04765864915160265,0.105300023,-0.057641373848397355,-1158794842.3890882,0.0,1,0,,1.0
000999.SZ,华润三九,CSI,中央国有企业,医疗保健,医药生物,医疗保健--医药生物--制药--中药,2020,,,,,,,,,,22010147281.0,,0.069982153,1597489175.0,-57171685.38,target_year,,,,,,,,,,SOE_target,0.097803,0.12152400000000001,23.72416105,0.038998338,0.276190471,0.760297773,0.179053709,0.179562889,0.359222949,1.537802175,0.026660352,True,Pooled_H_plus_CSI_nonSOE,0.052086884511947706,0.069982153,-0.0178952684880523,-393877495.05506927,0.0,1,0,,1.0
000999.SZ,华润三九,CSI,中央国有企业,医疗保健,医药生物,医疗保健--医药生物--制药--中药,2021,,,,,,,,,,24307980617.0,,0.084751379,2046867983.0,13266897.53,target_year,,,,,,,,,,SOE_target,0.102566,0.14111700000000002,23.81476942,0.03366772,0.256105921,0.639302281,0.164913637,0.171159093,0.361247168,1.497537633,0.028251688,True,Pooled_H_plus_CSI_nonSOE,0.04520397274217565,0.084751379,-0.03954740625782435,-961317584.7678188,0.0,1,0,,1.0
000999.SZ,华润三九,CSI,中央国有企业,医疗保健,医药生物,医疗保健--医药生物--制药--中药,2022,,,,,,,,,,27122781699.0,,0.09048886,2448802103.0,5507490.71,target_year,,,,,,,,,,SOE_target,0.11524,0.151666,23.91407055,0.031571534,0.230275265,0.652703975,0.193473943,0.169028884,0.353598528,1.604848529,0.035823623,True,Pooled_H_plus_CSI_nonSOE,0.04834176960918709,0.09048886,-0.042147090390812915,-1143146331.9180393,0.0,1,0,,1.0
000999.SZ,华润三九,CSI,中央国有企业,医疗保健,医药生物,医疗保健--医药生物--制药--中药,2023,,,,,,,,,,40148455933.08,,0.070457,2852931664.85,-24191715.87,target_year,,,,,,,,,,SOE_target,0.11162100000000001,0.158599,24.02364,0.033008,0.212266,0.695008,0.122251,0.172172,0.353554,1.382325,0.035084,True,Pooled_H_plus_CSI_nonSOE,0.05126368243263611,0.070457,-0.019193317567363893,-770582064.5629195,0.0,1,0,,1.0
000999.SZ,华润三九,CSI,中央国有企业,医疗保健,医药生物,医疗保健--医药生物--制药--中药,2024,,,,,,,,,,40081972320.77,,0.083421,3367888968.2,-24191376.44,target_year,,,,,,,,,,SOE_target,0.11451,0.173289,24.41585,0.040776,0.216978,0.727326,0.238491,0.159934,0.395696,1.739557,0.021351,True,Pooled_H_plus_CSI_nonSOE,0.052229510290546025,0.083421,-0.03119148970945397,-1250216427.1779163,0.0,1,0,,1.0
000999.SZ,华润三九,CSI,中央国有企业,医疗保健,医药生物,医疗保健--医药生物--制药--中药,2025,,,,,,,,,,58804678665.86,,0.058771,3421001213.82,34997438.73,target_year,,,,,,,,,,SOE_target,0.099085,0.162615,24.414193,0.045087,0.230555,0.681084,0.206336,0.160639,0.369883,1.607876,0.019711,True,Pooled_H_plus_CSI_nonSOE,0.05336825610889685,0.058771,-0.005402743891103144,-317706618.4302585,0.0,1,0,,1.0
001391.SZ,国货航,CSI,中央国有企业,工业,交通运输,工业--交通运输--航空运输--航空货运与物流,2019,,,,,,,,,,15534419800.0,,0.042836418,472448900.0,192990000.0,target_year,,,,,,,,,,SOE_target,0.045141,,,,0.111099702,,,,,,,True,Pooled_H_plus_CSI_nonSOE,0.020809265599736407,0.042836418,-0.022027152400263594,-342179032.3842723,0.0,1,0,,1.0
001391.SZ,国货航,CSI,中央国有企业,工业,交通运输,工业--交通运输--航空运输--航空货运与物流,2021,,,,,,,,,,24788731227.0,,0.173336656,4342337250.0,-45541466.0,target_year,,,,,,,,,,SOE_target,0.23220600000000002,,,,0.123286456,,,,,,,True,Pooled_H_plus_CSI_nonSOE,0.020209767472087962,0.173336656,-0.15312688852791204,-3795821283.345201,0.0,1,0,,1.0
001391.SZ,国货航,CSI,中央国有企业,工业,交通运输,工业--交通运输--航空运输--航空货运与物流,2022,,,,,,,,,,21243507964.0,,0.143764567,3108357541.0,-54293807.0,target_year,,,,,,,,,,SOE_target,0.17939699999999997,0.16931100000000002,23.933655,0.02197836,0.15352339,,0.379038722,0.215196887,0.271153714,2.935428866,0.026891053,True,Pooled_H_plus_CSI_nonSOE,0.06301227127206194,0.143764567,-0.08075229572793807,-1715462037.4077356,0.0,1,0,,1.0
001391.SZ,国货航,CSI,中央国有企业,工业,交通运输,工业--交通运输--航空运输--航空货运与物流,2023,,,,,,,,,,22822973085.0,,0.047164,1153435927.0,-77014538.0,target_year,,,,,,,,,,SOE_target,0.068141,0.060203,23.779317,0.019592,0.180808,0.999573,0.297946,0.538575,0.121361,3.59115,0.155102,True,Pooled_H_plus_CSI_nonSOE,0.09900773655806533,0.047164,0.05184373655806533,1183228204.0905557,1183228204.0905557,1,0,,1.0
001391.SZ,国货航,CSI,中央国有企业,工业,交通运输,工业--交通运输--航空运输--航空货运与物流,2024,,,,,,,,,,27618399131.0,,0.069199,1953257457.0,-42086328.0,target_year,,,,,,,,,,SOE_target,0.10135899999999999,0.088254,23.851033,0.012225,0.114556,0.674444,0.251862,0.558371,0.138159,2.969242,0.103475,True,Pooled_H_plus_CSI_nonSOE,0.09166200440774994,0.069199,0.02246300440774994,620392221.4146501,620392221.4146501,1,0,,1.0
001391.SZ,国货航,CSI,中央国有企业,工业,交通运输,工业--交通运输--航空运输--航空货运与物流,2025,,,,,,,,,,29952962908.0,,0.08515,2584694178.0,-34187709.0,target_year,,,,,,,,,,SOE_target,0.118423,0.100481,24.041748,0.014765,0.116886,0.813211,0.233523,0.611545,0.108932,3.211667,0.198638,True,Pooled_H_plus_CSI_nonSOE,0.09256094170427476,0.08515,0.007410941704274754,221979661.981492,221979661.981492,1,0,,1.0
001965.SZ,招商公路,CSI,中央国有企业,工业,交通运输,工业--交通运输--交通基础设施--公路与铁路,2019,,,,,,,,,,90913208562.0,,0.059938124,4326608089.0,1122559092.0,target_year,,,,,,,,,,SOE_target,0.071666,0.09117800000000001,25.15508515,0.007713308,0.111099702,0.090021592,0.056932892,0.045612335,0.407746891,1.696921213,0.009043163,True,Pooled_H_plus_CSI_nonSOE,0.009896154405560423,0.059938124,-0.05004196959443958,-4549476018.592548,0.0,1,0,,1.0
001965.SZ,招商公路,CSI,中央国有企业,工业,交通运输,工业--交通运输--交通基础设施--公路与铁路,2020,,,,,,,,,,94009174839.0,,0.033919866,2222601822.0,966176753.5,target_year,,,,,,,,,,SOE_target,0.03342,0.04258,25.23317114,0.008400459,0.108646931,0.09291301,-0.003307272,0.050382008,0.406707967,0.97310803,0.009187505,True,Pooled_H_plus_CSI_nonSOE,0.013758272182501988,0.033919866,-0.020161593817498012,-1895374798.2220721,0.0,1,0,,1.0
001965.SZ,招商公路,CSI,中央国有企业,工业,交通运输,工业--交通运输--交通基础设施--公路与铁路,2021,,,,,,,,,,98320774958.0,,0.061230895,4972822293.0,1047446772.0,target_year,,,,,,,,,,SOE_target,0.06995599999999999,0.08779400000000001,25.26665822,0.008809883,0.123286456,0.075800048,-0.00149945,0.019860883,0.36459679,0.987251125,0.015828155,True,Pooled_H_plus_CSI_nonSOE,0.017669330562871226,0.061230895,-0.043561564437128775,-4283006773.8413544,0.0,1,0,,1.0
001965.SZ,招商公路,CSI,中央国有企业,工业,交通运输,工业--交通运输--交通基础设施--公路与铁路,2022,,,,,,,,,,114930000000.0,,0.052447643,4860696357.0,1167125891.0,target_year,,,,,,,,,,SOE_target,0.061221,0.081785,25.31150118,0.007791528,0.15352339,0.089198821,0.019274683,0.013068903,0.355978857,1.194678539,0.007807129,True,Pooled_H_plus_CSI_nonSOE,0.01785126009758936,0.052447643,-0.03459638290241064,-3976162286.974055,0.0,1,0,,1.0
001965.SZ,招商公路,CSI,中央国有企业,工业,交通运输,工业--交通运输--交通基础设施--公路与铁路,2023,,,,,,,,,,157482240634.0,,0.04975,6766648808.34,1068097868.94,target_year,,,,,,,,,,SOE_target,0.055831,0.107759,25.467592,0.007022,0.180808,0.077335,0.020497,0.022904,0.411244,1.242257,0.00651,True,Pooled_H_plus_CSI_nonSOE,0.008675367929747824,0.04975,-0.04107463207025218,-6468525091.640468,0.0,1,0,,1.0
001965.SZ,招商公路,CSI,中央国有企业,工业,交通运输,工业--交通运输--交通基础设施--公路与铁路,2024,,,,,,,,,,159169493582.77,,0.044243,5322235002.26,1719972397.54,target_year,,,,,,,,,,SOE_target,0.051401,0.078106,25.782579,0.007952,0.114556,0.070969,-0.017386,0.017005,0.478429,0.840921,0.003422,True,Pooled_H_plus_CSI_nonSOE,0.004207700702735254,0.044243,-0.040035299297264744,-6372398314.580256,0.0,1,0,,1.0
001965.SZ,招商公路,CSI,中央国有企业,工业,交通运输,工业--交通运输--交通基础设施--公路与铁路,2025,,,,,,,,,,162418433553.48,,0.037371,4610171908.56,1459611131.01,target_year,,,,,,,,,,SOE_target,0.044155,0.063367,25.793235,0.009094,0.116886,0.079781,-0.007712,0.017504,0.442218,0.924368,0.007846,True,Pooled_H_plus_CSI_nonSOE,0.009526784916007183,0.037371,-0.027844215083992818,-4522413797.468293,0.0,1,0,,1.0
001979.SZ,招商蛇口,CSI,中央国有企业,房地产,房地产Ⅱ,房地产--房地产Ⅱ--房地产管理和开发--房地产开发,2019,,,,,,,,,,617688000000.0,,0.034086554,16033175796.0,5021682731.0,target_year,,,,,,,,,,SOE_target,0.055381,0.187792,26.77116139,0.141473583,0.396279334,0.211561663,0.292567645,0.010202086,0.742776076,1.536916159,0.006545233,True,Pooled_H_plus_CSI_nonSOE,0.05475665245049606,0.034086554,0.020670098450496062,12767671771.690012,12767671771.690012,0,1,FirmSize_lag,1.0
001979.SZ,招商蛇口,CSI,中央国有企业,房地产,房地产Ⅱ,房地产--房地产Ⅱ--房地产管理和开发--房地产开发,2020,,,,,,,,,,737157000000.0,,0.019638475,12252864765.0,2223781385.0,target_year,,,,,,,,,,SOE_target,0.035590000000000004,0.124892,27.14924946,0.12998211,0.408200157,0.169990492,0.295036879,0.008785172,0.631900839,1.617747812,0.013126974,True,Pooled_H_plus_CSI_nonSOE,0.06820421317593096,0.019638475,0.04856573817593096,35800573856.55474,35800573856.55474,0,1,FirmSize_lag,1.0
001979.SZ,招商蛇口,CSI,中央国有企业,房地产,房地产Ⅱ,房地产--房地产Ⅱ--房地产管理和开发--房地产开发,2021,,,,,,,,,,856203000000.0,,0.014457167,10372254169.0,2006020943.0,target_year,,,,,,,,,,SOE_target,0.028672,0.098764,27.32606719,0.156661588,0.406330004,0.177979167,0.273672431,0.007235794,0.656305197,1.539718382,0.00574289,True,Pooled_H_plus_CSI_nonSOE,0.06690852977222322,0.014457167,0.052451362772223224,44909014159.66584,44909014159.66584,0,1,FirmSize_lag,1.0
001979.SZ,招商蛇口,CSI,中央国有企业,房地产,房地产Ⅱ,房地产--房地产Ⅱ--房地产管理和开发--房地产开发,2022,,,,,,,,,,886471000000.0,,0.007021038,4264079663.0,1959869316.0,target_year,,,,,,,,,,SOE_target,0.018153,0.040536,27.47577374,0.172074602,0.390202805,0.189489882,0.262764191,0.011327641,0.676764653,1.52555683,0.0116882,True,Pooled_H_plus_CSI_nonSOE,0.06488869049757687,0.007021038,0.05786765249757687,51297995777.17947,51297995777.17947,0,1,FirmSize_lag,1.0
001979.SZ,招商蛇口,CSI,中央国有企业,房地产,房地产Ⅱ,房地产--房地产Ⅱ--房地产管理和开发--房地产开发,2023,,,,,,,,,,908508499680.74,,0.00796,6319420453.25,912224693.84,target_year,,,,,,,,,,SOE_target,0.015586,0.057077,27.510515,0.18421,0.393852,0.201091,0.260897,0.01312,0.679132,1.545582,0.006782,True,Pooled_H_plus_CSI_nonSOE,0.06621269619583667,0.00796,0.058252696195836666,52923069623.23752,52923069623.23752,0,1,FirmSize_lag,1.0
001979.SZ,招商蛇口,CSI,中央国有企业,房地产,房地产Ⅱ,房地产--房地产Ⅱ--房地产管理和开发--房地产开发,2024,,,,,,,,,,860308816014.37,,0.006952,4038571564.37,1942659762.13,target_year,,,,,,,,,,SOE_target,0.010278,0.035007,27.53507,0.17276,0.37554,0.188138,0.261897,0.01386,0.673431,1.558504,0.007254,True,Pooled_H_plus_CSI_nonSOE,0.06656942325317984,0.006952,0.05961742325317984,51289394812.77072,51289394812.77072,0,1,FirmSize_lag,1.0
001979.SZ,招商蛇口,CSI,中央国有企业,房地产,房地产Ⅱ,房地产--房地产Ⅱ--房地产管理和开发--房地产开发,2025,,,,,,,,,,835411599109.07,,0.004229,1023784320.62,2509145230.18,target_year,,,,,,,,,,SOE_target,0.00907,0.009812999999999999,27.480557,0.208506,0.353891,0.1945,0.264855,0.014261,0.666696,1.589833,0.006629,True,Pooled_H_plus_CSI_nonSOE,0.07128695307344371,0.004229,0.06705795307344371,56020991810.06658,56020991810.06658,0,1,FirmSize_lag,1.0
002179.SZ,中航光电,CSI,中央国有企业,信息技术,硬件设备,信息技术--硬件设备--电子设备、仪器和元件--电子元件,2019,,,,,,,,,,15131869545.0,,0.077037356,1071086932.0,94632283.43,target_year,,,,,,,,,,SOE_target,0.091645,0.150748,23.30997577,0.006730782,0.161142974,0.667734363,0.397305769,0.144004702,0.505436967,1.950453535,0.021050843,True,Pooled_H_plus_CSI_nonSOE,0.08615062289814493,0.077037356,0.009113266898144928,137900765.83149585,137900765.83149585,1,0,,1.0
002179.SZ,中航光电,CSI,中央国有企业,信息技术,硬件设备,信息技术--硬件设备--电子设备、仪器和元件--电子元件,2020,,,,,,,,,,19218418866.0,,0.079804927,1439082432.0,94642079.01,target_year,,,,,,,,,,SOE_target,0.09787900000000001,0.160768,23.44006892,0.00751972,0.145048886,0.642297355,0.413336206,0.146526993,0.422841836,2.042361086,0.019416101,True,Pooled_H_plus_CSI_nonSOE,0.10053519189479013,0.079804927,0.02073026489479013,398402913.9512121,398402913.9512121,1,0,,1.0
002179.SZ,中航光电,CSI,中央国有企业,信息技术,硬件设备,信息技术--硬件设备--电子设备、仪器和元件--电子元件,2021,,,,,,,,,,26987332213.0,,0.075344647,1990997442.0,42353578.97,target_year,,,,,,,,,,SOE_target,0.097951,0.16145299999999999,23.67913497,0.007357687,0.129289002,0.598365046,0.394876789,0.134251397,0.453928313,1.90719652,0.020467462,True,Pooled_H_plus_CSI_nonSOE,0.09455072828954733,0.075344647,0.01920608128954733,518320896.27089727,518320896.27089727,1,0,,1.0
002179.SZ,中航光电,CSI,中央国有企业,信息技术,硬件设备,信息技术--硬件设备--电子设备、仪器和元件--电子元件,2022,,,,,,,,,,31810733160.0,,0.086607258,2717129034.0,37911325.55,target_year,,,,,,,,,,SOE_target,0.101354,0.168109,24.01863342,0.007278296,0.108896372,0.554971795,0.468324176,0.119732833,0.410962753,2.26328147,0.04145821,True,Pooled_H_plus_CSI_nonSOE,0.09942433837119269,0.086607258,0.012817080371192682,407720723.57828414,407720723.57828414,1,0,,1.0
002179.SZ,中航光电,CSI,中央国有企业,信息技术,硬件设备,信息技术--硬件设备--电子设备、仪器和元件--电子元件,2023,,,,,,,,,,35569904322.27,,0.089639,3339290323.66,-150842656.92,target_year,,,,,,,,,,SOE_target,0.110826,0.176227,24.18307,0.008341,0.117158,0.536391,0.426579,0.137277,0.418385,2.073528,0.047696,True,Pooled_H_plus_CSI_nonSOE,0.09766218688039266,0.089639,0.008023186880392663,285383989.6952589,285383989.6952589,1,0,,1.0
002179.SZ,中航光电,CSI,中央国有企业,信息技术,硬件设备,信息技术--硬件设备--电子设备、仪器和元件--电子元件,2024,,,,,,,,,,41246813453.82,,0.078991,3354288683.06,-96169299.72,target_year,,,,,,,,,,SOE_target,0.095501,0.152143,24.294766,0.010429,0.108206,0.592388,0.42457,0.176172,0.381093,2.20832,0.067295,True,Pooled_H_plus_CSI_nonSOE,0.10691106148083615,0.078991,0.027920061480836145,1151613567.519234,1151613567.519234,1,0,,1.0
002179.SZ,中航光电,CSI,中央国有企业,信息技术,硬件设备,信息技术--硬件设备--电子设备、仪器和元件--电子元件,2025,,,,,,,,,,42527397016.91,,0.049956,2161521950.25,-37031845.91,target_year,,,,,,,,,,SOE_target,0.063355,0.090316,24.44284,0.009101,0.114376,0.535031,0.39583,0.203244,0.387763,2.10942,0.037404,True,Pooled_H_plus_CSI_nonSOE,0.10805805524067853,0.049956,0.05810205524067853,2470929170.7187724,2470929170.7187724,1,0,,1.0
002304.SZ,洋河股份,CSI,地方国有企业,日常消费,食品饮料,日常消费--食品饮料--饮料--白酒与葡萄酒,2019,,,,,,,,,,53455037841.0,,0.138124655,7382822727.0,635922.85,target_year,,,,,,,,,,SOE_target,0.188196,0.210477,24.62652592,0.030528342,0.118716357,0.439333178,0.408495938,0.16117016,0.32159075,2.295516674,0.009503821,True,Pooled_H_plus_CSI_nonSOE,0.13335147850542603,0.138124655,-0.004773176494573983,-255150330.139224,0.0,1,0,,1.0
002304.SZ,洋河股份,CSI,地方国有企业,日常消费,食品饮料,日常消费--食品饮料--饮料--白酒与葡萄酒,2020,,,,,,,,,,53866259307.0,,0.13728434,7482228634.0,-87234764.39,target_year,,,,,,,,,,SOE_target,0.1841,0.199544,24.70210672,0.026004121,0.109737598,0.386822521,0.39789491,0.14067357,0.317341189,2.286193333,0.005933199,True,Pooled_H_plus_CSI_nonSOE,0.13066674397092634,0.13728434,-0.0066175960290736635,-356465143.6910555,0.0,1,0,,1.0
002304.SZ,洋河股份,CSI,地方国有企业,日常消费,食品饮料,日常消费--食品饮料--饮料--白酒与葡萄酒,2021,,,,,,,,,,67798704194.0,,0.104847687,7507682797.0,-399145510.0,target_year,,,,,,,,,,SOE_target,0.163505,0.185442,24.70977013,0.019500248,0.106852675,0.329578673,0.41920331,0.131927151,0.285830248,2.540604109,0.006555206,True,Pooled_H_plus_CSI_nonSOE,0.13088793799453832,0.104847687,0.026040250994538328,1765495274.3162184,1765495274.3162184,1,0,,1.0
002304.SZ,洋河股份,CSI,地方国有企业,日常消费,食品饮料,日常消费--食品饮料--饮料--白酒与葡萄酒,2022,,,,,,,,,,67964247134.0,,0.138078691,9377832429.0,6581838.28,target_year,,,,,,,,,,SOE_target,0.174776,0.208486,24.93980892,0.020425421,0.106913309,0.34853413,0.369200779,0.10032586,0.373420027,2.012049571,0.00624679,True,Pooled_H_plus_CSI_nonSOE,0.11887289801405708,0.138078691,-0.019205792985942924,-1305307260.9010687,0.0,1,0,,1.0
002304.SZ,洋河股份,CSI,地方国有企业,日常消费,食品饮料,日常消费--食品饮料--饮料--白酒与葡萄酒,2023,,,,,,,,,,69792287455.91,,0.1327,10015930040.27,-754525568.63,target_year,,,,,,,,,,SOE_target,0.19190100000000002,0.20149999999999998,24.942248,0.021082,0.105461,0.378845,0.464713,0.096402,0.300743,2.584875,0.007933,True,Pooled_H_plus_CSI_nonSOE,0.1321704719956599,0.1327,-0.0005295280043401129,-36956970.69485952,0.0,1,0,,1.0
002304.SZ,洋河股份,CSI,地方国有企业,日常消费,食品饮料,日常消费--食品饮料--饮料--白酒与葡萄酒,2024,,,,,,,,,,67345265219.62,,0.090021,6673388602.12,-610889994.14,target_year,,,,,,,,,,SOE_target,0.124433,0.12892099999999998,24.968789,0.022016,0.100594,0.404439,0.506631,0.096901,0.254218,3.05865,0.015928,True,Pooled_H_plus_CSI_nonSOE,0.1388799760167401,0.090021,0.048858976016740094,3290420698.2064147,3290420698.2064147,1,0,,1.0
002304.SZ,洋河股份,CSI,地方国有企业,日常消费,食品饮料,日常消费--食品饮料--饮料--白酒与葡萄酒,2025,,,,,,,,,,58595944446.8,,0.032801,2206058926.68,-284050446.25,target_year,,,,,,,,,,SOE_target,0.050498,0.044844999999999996,24.933098,0.01883,0.097008,0.350746,0.520695,0.111132,0.232418,3.298148,0.021591,True,Pooled_H_plus_CSI_nonSOE,0.1379897094513049,0.032801,0.1051887094513049,6163631775.439248,6163631775.439248,1,0,,1.0
002371.SZ,北方华创,CSI,地方国有企业,信息技术,半导体,信息技术--半导体--半导体材料与设备--半导体材料与设备Ⅳ,2019,,,,,,,,,,13734762795.0,,0.028332703,309032271.0,80110684.27,target_year,,,,,,,,,,SOE_target,0.043356000000000006,0.065726,23.02599999,0.059004655,0.214515912,0.364070797,0.117906968,0.193151197,0.624914258,1.266499342,0.024431591,True,Pooled_H_plus_CSI_nonSOE,0.016106717762204563,0.028332703,-0.012225985237795438,-167921007.176292,0.0,1,0,,1.0
002371.SZ,北方华创,CSI,地方国有企业,信息技术,半导体,信息技术--半导体--半导体材料与设备--半导体材料与设备Ⅳ,2020,,,,,,,,,,17518033653.0,,0.028180177,536930435.4,-43269154.89,target_year,,,,,,,,,,SOE_target,0.043783,0.084979,23.34319589,0.057149218,0.169245785,0.339550768,0.267859651,0.158238824,0.555856401,1.767952175,0.012461754,True,Pooled_H_plus_CSI_nonSOE,0.03267632159321064,0.028180177,0.004496144593210641,78763612.292618,78763612.292618,1,0,,1.0
002371.SZ,北方华创,CSI,地方国有企业,信息技术,半导体,信息技术--半导体--半导体材料与设备--半导体材料与设备Ⅳ,2021,,,,,,,,,,31054473365.0,,0.03320992,1077409991.0,-46093407.42,target_year,,,,,,,,,,SOE_target,0.051574999999999996,0.091003,23.58649668,0.066364914,0.155238897,0.383431407,0.177738006,0.131644265,0.594030449,1.394110555,0.03815127,True,Pooled_H_plus_CSI_nonSOE,0.025631983540307168,0.03320992,-0.007577936459692829,-235328825.94919336,0.0,1,0,,1.0
002371.SZ,北方华创,CSI,地方国有企业,信息技术,半导体,信息技术--半导体--半导体材料与设备--半导体材料与设备Ⅳ,2022,,,,,,,,,,42551398848.0,,0.053340261,2352726658.0,-83023921.98,target_year,,,,,,,,,,SOE_target,0.077561,0.128411,24.1590087,0.077971816,0.127200785,0.395253079,0.35596625,0.082648728,0.446186353,1.981018974,0.014388261,True,Pooled_H_plus_CSI_nonSOE,0.06029289850000566,0.053340261,0.0069526375000056595,295844451.3083024,295844451.3083024,1,0,,1.0
002371.SZ,北方华创,CSI,地方国有企业,信息技术,半导体,信息技术--半导体--半导体材料与设备--半导体材料与设备Ⅳ,2023,,,,,,,,,,53624552279.13,,0.072372,3899069987.91,-18133193.65,target_year,,,,,,,,,,SOE_target,0.092863,0.17677600000000002,24.473979,0.104536,0.113252,0.395427,0.360672,0.087128,0.530358,1.973161,0.033103,True,Pooled_H_plus_CSI_nonSOE,0.048676578852708964,0.072372,-0.02369542114729104,-1270656350.088911,0.0,1,0,,1.0
002371.SZ,北方华创,CSI,地方国有企业,信息技术,半导体,信息技术--半导体--半导体材料与设备--半导体材料与设备Ⅳ,2024,,,,,,,,,,65708880828.22,,0.086456,5621189109.03,59708499.95,target_year,,,,,,,,,,SOE_target,0.110118,0.20275400000000002,24.705273,0.153225,0.109637,0.455672,0.356981,0.100324,0.537063,2.003141,0.036923,True,Pooled_H_plus_CSI_nonSOE,0.05544019176909966,0.086456,-0.031015808230900346,-2038014046.835156,0.0,1,0,,1.0
002371.SZ,北方华创,CSI,地方国有企业,信息技术,半导体,信息技术--半导体--半导体材料与设备--半导体材料与设备Ⅳ,2025,,,,,,,,,,89800578023.69,,0.064039,5521993004.86,228775158.4,target_year,,,,,,,,,,SOE_target,0.078116,0.16050599999999998,24.9085,0.167941,0.111057,0.497102,0.345901,0.097356,0.509576,1.96792,0.03114,True,Pooled_H_plus_CSI_nonSOE,0.06484184248419582,0.064039,0.0008028424841958204,72095719.14275987,72095719.14275987,1,0,,1.0
002415.SZ,海康威视,CSI,中央国有企业,信息技术,硬件设备,信息技术--硬件设备--电子设备、仪器和元件--电子设备和仪器,2019,,,,,,,,,,75358000240.0,,0.168244221,12414587690.0,263960347.9,target_year,,,,,,,,,,SOE_target,0.191563,0.300981,24.87405929,0.042729406,0.161142974,0.85904435,0.455503934,0.086612014,0.401992223,2.17029789,0.032383717,True,Pooled_H_plus_CSI_nonSOE,0.122479823533901,0.168244221,-0.045764397466099005,-3448713475.233744,0.0,1,0,,1.0
002415.SZ,海康威视,CSI,中央国有企业,信息技术,硬件设备,信息技术--硬件设备--电子设备、仪器和元件--电子设备和仪器,2020,,,,,,,,,,88701682384.0,,0.155372267,13385526714.0,396254772.6,target_year,,,,,,,,,,SOE_target,0.186188,0.271241,25.04551593,0.047163914,0.145048886,0.824543671,0.537508164,0.085230157,0.396575563,2.722115508,0.025574974,True,Pooled_H_plus_CSI_nonSOE,0.12384486563902516,0.155372267,-0.031527401360974844,-2796533541.91408,0.0,1,0,,1.0
002415.SZ,海康威视,CSI,中央国有企业,信息技术,硬件设备,信息技术--硬件设备--电子设备、仪器和元件--电子设备和仪器,2021,,,,,,,,,,103865000000.0,,0.160469273,16800411032.0,-133343257.8,target_year,,,,,,,,,,SOE_target,0.191812,0.286561,25.20854469,0.045166439,0.129289002,0.769076065,0.490836144,0.082312337,0.385809356,2.394335055,0.022588391,True,Pooled_H_plus_CSI_nonSOE,0.12486655964661303,0.160469273,-0.03560271335338697,-3697875822.4495373,0.0,1,0,,1.0
002415.SZ,海康威视,CSI,中央国有企业,信息技术,硬件设备,信息技术--硬件设备--电子设备、仪器和元件--电子设备和仪器,2022,,,,,,,,,,119233000000.0,,0.099359342,12837342061.0,-990401533.3,target_year,,,,,,,,,,SOE_target,0.13317,0.194726,25.36635342,0.045900932,0.108896372,0.839805353,0.507657056,0.086833548,0.370385309,2.583807297,0.029830304,True,Pooled_H_plus_CSI_nonSOE,0.1321099989300502,0.099359342,0.032750656930050207,3904959077.7406764,3904959077.7406764,1,0,,1.0
002415.SZ,海康威视,CSI,中央国有企业,信息技术,硬件设备,信息技术--硬件设备--电子设备、仪器和元件--电子设备和仪器,2023,,,,,,,,,,138848007548.55,,0.096205,14107621359.66,-749780213.12,target_year,,,,,,,,,,SOE_target,0.124759,0.19493300000000002,25.504348,0.043681,0.117158,0.740343,0.532996,0.103248,0.388005,2.849789,0.031499,True,Pooled_H_plus_CSI_nonSOE,0.12377044975182387,0.096205,0.027565449751823873,3827407775.2204165,3827407775.2204165,1,0,,1.0
002415.SZ,海康威视,CSI,中央国有企业,信息技术,硬件设备,信息技术--硬件设备--电子设备、仪器和元件--电子设备和仪器,2024,,,,,,,,,,132016200156.14,,0.089856,11977327023.54,-114817493.16,target_year,,,,,,,,,,SOE_target,0.105061,0.152555,25.656646,0.046315,0.108206,0.686878,0.495065,0.113908,0.408248,2.54774,0.029153,True,Pooled_H_plus_CSI_nonSOE,0.12048886251739341,0.089856,0.030632862517393403,4044034109.451726,4044034109.451726,1,0,,1.0
002415.SZ,海康威视,CSI,中央国有企业,信息技术,硬件设备,信息技术--硬件设备--电子设备、仪器和元件--电子设备和仪器,2025,,,,,,,,,,138049655334.62,,0.09902,14195371894.42,-525631319.14,target_year,,,,,,,,,,SOE_target,0.122102,0.173097,25.60619,0.040657,0.114376,0.677854,0.491118,0.149703,0.3372,2.722287,0.035342,True,Pooled_H_plus_CSI_nonSOE,0.13064435527209323,0.09902,0.03162435527209323,4365731345.4920435,4365731345.4920435,1,0,,1.0
002916.SZ,深南电路,CSI,中央国有企业,信息技术,硬件设备,信息技术--硬件设备--电子设备、仪器和元件--电子元件,2019,,,,,,,,,,12219367752.0,,0.106777221,1232775470.0,71974663.41,target_year,,,,,,,,,,SOE_target,0.141637,0.282642,22.86631694,0.006511296,0.161142974,0.943171377,0.08392133,0.44465338,0.563211503,1.206723487,0.138914307,True,Pooled_H_plus_CSI_nonSOE,0.08309886862035161,0.106777221,-0.023678352379648396,-289334495.4883681,0.0,1,0,,1.0
002916.SZ,深南电路,CSI,中央国有企业,信息技术,硬件设备,信息技术--硬件设备--电子设备、仪器和元件--电子元件,2020,,,,,,,,,,14007819588.0,,0.112944465,1430111325.0,151994362.1,target_year,,,,,,,,,,SOE_target,0.12245900000000001,0.229887,23.22628805,0.008620163,0.145048886,1.008631414,0.106987996,0.445034903,0.59057465,1.279956481,0.178626968,True,Pooled_H_plus_CSI_nonSOE,0.0807658340322561,0.112944465,-0.0321786309677439,-450752457.18498635,0.0,1,0,,1.0
002916.SZ,深南电路,CSI,中央国有企业,信息技术,硬件设备,信息技术--硬件设备--电子设备、仪器和元件--电子元件,2021,,,,,,,,,,16792291128.0,,0.093566268,1480637000.0,90555003.5,target_year,,,,,,,,,,SOE_target,0.110082,0.18556699999999998,23.36288155,0.008259297,0.129289002,0.879724453,0.072009507,0.526130613,0.468558656,1.204513334,0.17747026,True,Pooled_H_plus_CSI_nonSOE,0.09934900148000816,0.093566268,0.00578273348000817,97105344.11192976,97105344.11192976,1,0,,1.0
002916.SZ,深南电路,CSI,中央国有企业,信息技术,硬件设备,信息技术--硬件设备--电子设备、仪器和元件--电子元件,2022,,,,,,,,,,20726545629.0,,0.0835519,1639730778.0,92011499.06,target_year,,,,,,,,,,SOE_target,0.095471,0.157922,23.54418576,0.007865785,0.108896372,0.899760732,0.078770102,0.501596784,0.492620274,1.222400459,0.15830631,True,Pooled_H_plus_CSI_nonSOE,0.09983835302034899,0.0835519,0.016286453020348993,337561911.66082823,337561911.66082823,1,0,,1.0
002916.SZ,深南电路,CSI,中央国有企业,信息技术,硬件设备,信息技术--硬件设备--电子设备、仪器和元件--电子元件,2023,,,,,,,,,,22606867760.88,,0.063229,1398114737.36,31298099.48,target_year,,,,,,,,,,SOE_target,0.064536,0.109944,23.754681,0.007355,0.117158,0.741247,0.090198,0.514089,0.408832,1.278677,0.162967,True,Pooled_H_plus_CSI_nonSOE,0.10600857171127351,0.063229,0.042779571711273515,967112120.5438433,967112120.5438433,1,0,,1.0
002916.SZ,深南电路,CSI,中央国有企业,信息技术,硬件设备,信息技术--硬件设备--电子设备、仪器和元件--电子元件,2024,,,,,,,,,,25302247864.46,,0.076054,1877565481.01,46765939.29,target_year,,,,,,,,,,SOE_target,0.084467,0.135073,23.84152,0.007014,0.108206,0.619557,0.096065,0.565125,0.416686,1.338012,0.143748,True,Pooled_H_plus_CSI_nonSOE,0.10373534412082293,0.076054,0.02768134412082293,700400230.1664743,700400230.1664743,1,0,,1.0
002916.SZ,深南电路,CSI,中央国有企业,信息技术,硬件设备,信息技术--硬件设备--电子设备、仪器和元件--电子元件,2025,,,,,,,,,,30582928717.03,,0.108703,3275738151.27,48731905.76,target_year,,,,,,,,,,SOE_target,0.131432,0.20623899999999998,23.954159,0.007873,0.114376,0.742132,0.132985,0.524988,0.421162,1.449279,0.099851,True,Pooled_H_plus_CSI_nonSOE,0.11481785926006055,0.108703,0.006114859260060557,187010304.8651028,187010304.8651028,1,0,,1.0
003816.SZ,中国广核,CSI,中央国有企业,公用事业,公用事业Ⅱ,公用事业--公用事业Ⅱ--电力--独立电力生产商与能源贸易商,2019,,,,,,,,,,387975000000.0,,0.045009464,9465700356.0,7996857032.0,target_year,,,,,,,,,,SOE_target,0.06401,0.117647,26.63285761,0.085571585,0.148389593,0.139621345,-0.014209997,0.774577497,0.693056818,0.913613736,0.045123692,True,Pooled_H_plus_CSI_nonSOE,0.04969988258852373,0.045009464,0.0046904185885237315,1819765151.8824947,1819765151.8824947,0,1,FixedAssetsRatio_lag,1.0
003816.SZ,中国广核,CSI,中央国有企业,公用事业,公用事业Ⅱ,公用事业--公用事业Ⅱ--电力--独立电力生产商与能源贸易商,2020,,,,,,,,,,391898000000.0,,0.044930235,9562307621.0,8045778572.0,target_year,,,,,,,,,,SOE_target,0.06333899999999999,0.103334,26.68420735,0.090254192,0.143602423,0.160932424,-0.013131035,0.763438583,0.651282207,0.92398275,0.04034608,True,Pooled_H_plus_CSI_nonSOE,0.05795345803133223,0.044930235,0.013023223031332229,5103775059.533038,5103775059.533038,0,1,FixedAssetsRatio_lag,1.0
003816.SZ,中国广核,CSI,中央国有企业,公用事业,公用事业Ⅱ,公用事业--公用事业Ⅱ--电力--独立电力生产商与能源贸易商,2021,,,,,,,,,,399993000000.0,,0.04216241,9732589251.0,7132079812.0,target_year,,,,,,,,,,SOE_target,0.063404,0.099219,26.69426839,0.092811085,0.126082379,0.181015769,-0.035490015,0.754839381,0.638603741,0.819728027,0.034455814,True,Pooled_H_plus_CSI_nonSOE,0.0627872233103568,0.04216241,0.0206248133103568,8249780950.449548,8249780950.449548,0,1,FixedAssetsRatio_lag,1.0
003816.SZ,中国广核,CSI,中央国有企业,公用事业,公用事业Ⅱ,公用事业--公用事业Ⅱ--电力--独立电力生产商与能源贸易商,2022,,,,,,,,,,409016000000.0,,0.040171345,9964854412.0,6465851165.0,target_year,,,,,,,,,,SOE_target,0.061731,0.095844,26.7147129,0.08643896,0.130392082,0.203762149,-0.023385318,0.743371583,0.622717326,0.879022892,0.036102671,True,Pooled_H_plus_CSI_nonSOE,0.06598239856747473,0.040171345,0.025811053567474734,10557133885.954247,10557133885.954247,0,1,FixedAssetsRatio_lag,1.0
003816.SZ,中国广核,CSI,中央国有企业,公用事业,公用事业Ⅱ,公用事业--公用事业Ⅱ--电力--独立电力生产商与能源贸易商,2023,,,,,,,,,,415250356776.35,,0.039698,10724570116.68,5759954182.21,target_year,,,,,,,,,,SOE_target,0.063124,0.097379,26.737019,0.075777,0.129341,0.20475,-0.013759,0.736067,0.613878,0.926082,0.028947,True,Pooled_H_plus_CSI_nonSOE,0.06790719039871916,0.039698,0.028209190398719164,11713876377.440119,11713876377.440119,0,1,FixedAssetsRatio_lag,1.0
003816.SZ,中国广核,CSI,中央国有企业,公用事业,公用事业Ⅱ,公用事业--公用事业Ⅱ--电力--独立电力生产商与能源贸易商,2024,,,,,,,,,,425400654520.48,,0.038407,10813873224.82,5524691866.4,target_year,,,,,,,,,,SOE_target,0.063887,0.09295199999999999,26.752147,0.071651,0.121904,0.200296,-0.011078,0.729698,0.601917,0.940557,0.034307,True,Pooled_H_plus_CSI_nonSOE,0.06908104857286468,0.038407,0.03067404857286468,13048760339.68963,13048760339.68963,0,2,"FirmSize_lag, FixedAssetsRatio_lag",1.0
003816.SZ,中国广核,CSI,中央国有企业,公用事业,公用事业Ⅱ,公用事业--公用事业Ⅱ--电力--独立电力生产商与能源贸易商,2025,,,,,,,,,,505656118063.91,,0.028808,9765358959.88,4801744225.58,target_year,,,,,,,,,,SOE_target,0.049821,0.080496,26.776297,0.075761,0.118327,0.206517,-0.018778,0.721087,0.594932,0.904312,0.04623,True,Pooled_H_plus_CSI_nonSOE,0.06941511718560328,0.028808,0.04060711718560328,20533237241.83844,20533237241.83844,0,2,"FirmSize_lag, FixedAssetsRatio_lag",1.0
300413.SZ,芒果超媒,CSI,地方国有企业,通讯服务,传媒,通讯服务--传媒--娱乐--电影和娱乐,2019,,,,,,,,,,17078206150.0,,0.068641107,1156285254.0,15981713.9,target_year,,,,,,,,,,SOE_target,0.077256,0.160336,23.21741108,0.332789181,0.370261017,1.329485085,0.205253854,0.017091947,0.531493876,1.402285603,0.002639844,True,Pooled_H_plus_CSI_nonSOE,0.10276382709826999,0.068641107,0.034122720098269985,582754848.2370031,582754848.2370031,1,0,,1.0
300413.SZ,芒果超媒,CSI,地方国有企业,通讯服务,传媒,通讯服务--传媒--娱乐--电影和娱乐,2020,,,,,,,,,,19265699803.0,,0.103587808,1982159477.0,13532130.1,target_year,,,,,,,,,,SOE_target,0.103658,0.20464300000000002,23.56106899,0.4032528,0.333824483,0.849908238,0.222062882,0.010575241,0.483554812,1.477902145,0.009132519,True,Pooled_H_plus_CSI_nonSOE,0.08693571961483168,0.103587808,-0.016652088385168323,-320814135.921676,0.0,1,0,,1.0
300413.SZ,芒果超媒,CSI,地方国有企业,通讯服务,传媒,通讯服务--传媒--娱乐--电影和娱乐,2021,,,,,,,,,,26110751405.0,,0.077090077,2114090172.0,-101210337.2,target_year,,,,,,,,,,SOE_target,0.09319699999999999,0.153449,23.68159214,0.467603506,0.39041121,0.769513174,0.225144904,0.00970244,0.448697875,1.50511888,0.003631273,True,Pooled_H_plus_CSI_nonSOE,0.08681690310722326,0.077090077,0.009726826107223252,253974738.4453702,253974738.4453702,1,0,,1.0
300413.SZ,芒果超媒,CSI,地方国有企业,通讯服务,传媒,通讯服务--传媒--娱乐--电影和娱乐,2022,,,,,,,,,,29049673557.0,,0.05829542,1824925936.0,-131463023.7,target_year,,,,,,,,,,SOE_target,0.064042,0.101902,23.985613,0.424702545,0.366576045,0.675635515,0.383604379,0.007064153,0.349035806,2.127365039,0.007414667,True,Pooled_H_plus_CSI_nonSOE,0.10294126769710679,0.05829542,0.04464584769710679,1296947301.2764926,1296947301.2764926,1,0,,1.0
300413.SZ,芒果超媒,CSI,地方国有企业,通讯服务,传媒,通讯服务--传媒--娱乐--电影和娱乐,2023,,,,,,,,,,31422386654.49,,0.108459,3555705558.9,-147667394.09,target_year,,,,,,,,,,SOE_target,0.061204,0.176273,24.092273,0.480307,0.365677,0.493612,0.391559,0.005689,0.352615,2.130679,0.006457,True,Pooled_H_plus_CSI_nonSOE,0.09329222970288334,0.108459,-0.01516677029711666,-476576120.5758339,0.0,1,0,,1.0
300413.SZ,芒果超媒,CSI,地方国有企业,通讯服务,传媒,通讯服务--传媒--娱乐--电影和娱乐,2024,,,,,,,,,,32530165142.43,,0.036125,1364348174.2,-189180203.0,target_year,,,,,,,,,,SOE_target,0.049221,0.062042,24.170786,0.444981,0.35057,0.480483,0.3518,0.004532,0.320114,2.12108,0.004782,True,Pooled_H_plus_CSI_nonSOE,0.09780201115319853,0.036125,0.061677011153198534,2006363358.3050454,2006363358.3050454,1,0,,1.0
300413.SZ,芒果超媒,CSI,地方国有企业,通讯服务,传媒,通讯服务--传媒--娱乐--电影和娱乐,2025,,,,,,,,,,33171867484.43,,0.036738,1227146306.33,-8478642.08,target_year,,,,,,,,,,SOE_target,0.027166000000000003,0.053520000000000005,24.205434,0.421076,0.338999,0.438059,0.248058,0.004037,0.307417,1.823166,0.005059,True,Pooled_H_plus_CSI_nonSOE,0.09604252933383571,0.036738,0.05930452933383571,1967241988.28849,1967241988.28849,1,0,,1.0
301269.SZ,华大九天,CSI,中央国有企业,信息技术,软件服务,信息技术--软件服务--软件--应用软件,2019,,,,,,,,,,690535054.8,,0.082216111,57157732.35,-384625.72,target_year,,,,,,,,,,SOE_target,0.094655,,20.06388712,0.003029881,0.165297342,,0.640156447,0.020557283,0.185418018,4.669399695,0.14372221,True,Pooled_H_plus_CSI_nonSOE,0.033856127363900194,0.082216111,-0.0483599836360998,-33394263.950281277,0.0,1,0,,1.0
301269.SZ,华大九天,CSI,中央国有企业,信息技术,软件服务,信息技术--软件服务--软件--应用软件,2020,,,,,,,,,,1340618263.0,,0.076569311,103558656.1,-908439.35,target_year,,,,,,,,,,SOE_target,0.10196999999999999,0.153531,20.3529773,0.004452496,0.156571733,0.420432719,0.475532197,0.109044942,0.287859574,2.845732996,0.046978305,True,Pooled_H_plus_CSI_nonSOE,0.030574628813689362,0.076569311,-0.04599468218631064,-61661310.93984882,0.0,1,0,,1.0
301269.SZ,华大九天,CSI,中央国有企业,信息技术,软件服务,信息技术--软件服务--软件--应用软件,2021,,,,,,,,,,1801574166.0,,0.077496324,139305915.6,309460.2,target_year,,,,,,,,,,SOE_target,0.088668,0.150455,21.01639674,0.006199286,0.151169635,0.403277081,0.390839565,0.168835429,0.360539946,3.144446132,0.272559931,True,Pooled_H_plus_CSI_nonSOE,0.001857938192106029,0.077496324,-0.07563838580789398,-136268161.82944283,0.0,1,0,,1.0
301269.SZ,华大九天,CSI,中央国有企业,信息技术,软件服务,信息技术--软件服务--软件--应用软件,2022,,,,,,,,,,5395667291.0,,0.02931664,185508367.6,-27325534.6,target_year,,,,,,,,,,SOE_target,0.051550000000000006,0.065706,21.31192666,0.007100149,0.153055264,0.363368354,0.283224088,0.263035157,0.447970087,2.472137664,0.209888857,True,Pooled_H_plus_CSI_nonSOE,-0.007368327707270084,0.02931664,-0.03668496770727009,-197939880.32950848,0.0,1,0,,1.0
301269.SZ,华大九天,CSI,中央国有企业,信息技术,软件服务,信息技术--软件服务--软件--应用软件,2023,,,,,,,,,,5535537490.15,,0.025511,200722810.92,-59506122.71,target_year,,,,,,,,,,SOE_target,0.036657,0.042546999999999995,22.408862,0.00896,0.14694,0.218057,0.684761,0.099677,0.13781,9.389767,0.07788,True,Pooled_H_plus_CSI_nonSOE,0.01937989103573206,0.025511,-0.0061311089642679395,-33938983.52789991,0.0,1,0,,1.0
301269.SZ,华大九天,CSI,中央国有企业,信息技术,软件服务,信息技术--软件服务--软件--应用软件,2024,,,,,,,,,,5628841870.04,,0.00873,109478790.34,-60339408.44,target_year,,,,,,,,,,SOE_target,0.009101,0.022371,22.434455,0.011111,0.139728,0.182471,0.555102,0.101333,0.135884,7.250245,0.020717,True,Pooled_H_plus_CSI_nonSOE,0.030892762110406022,0.00873,0.02216276211040602,124750683.32278948,124750683.32278948,1,0,,1.0
301269.SZ,华大九天,CSI,中央国有企业,信息技术,软件服务,信息技术--软件服务--软件--应用软件,2025,,,,,,,,,,6327842567.91,,0.002881,60983525.27,-42752826.3,target_year,,,,,,,,,,SOE_target,0.003333,0.011892,22.45117,0.011267,0.169431,0.215974,0.534887,0.095337,0.110967,7.747215,0.014054,True,Pooled_H_plus_CSI_nonSOE,0.03155672823728985,0.002881,0.028675728237289845,181455493.80574146,181455493.80574146,1,0,,1.0
302132.SZ,中航成飞,CSI,中央国有企业,工业,国防军工,工业--国防军工--航空航天与国防Ⅲ--航空航天,2019,,,,,,,,,,2488073274.0,,0.085373876,212416459.5,0.0,target_year,,,,,,,,,,SOE_target,0.10238699999999999,0.138862,21.44747873,0.015943973,0.285442207,0.641176276,0.39772466,0.226683045,0.267876613,2.581204273,0.020522082,True,Pooled_H_plus_CSI_nonSOE,0.07866030410944677,0.085373876,-0.00671357189055323,-16703858.793963144,0.0,1,0,,1.0
302132.SZ,中航成飞,CSI,中央国有企业,工业,国防军工,工业--国防军工--航空航天与国防Ⅲ--航空航天,2020,,,,,,,,,,2933073285.0,,0.085369507,262505398.2,-12110378.84,target_year,,,,,,,,,,SOE_target,0.11345599999999999,0.149552,21.63477446,0.016380091,0.279462147,0.672514606,0.383429525,0.190144896,0.330304191,2.213912023,0.018979576,True,Pooled_H_plus_CSI_nonSOE,0.07174512228947161,0.085369507,-0.01362438471052839,-39961318.819013275,0.0,1,0,,1.0
302132.SZ,中航成飞,CSI,中央国有企业,工业,国防军工,工业--国防军工--航空航天与国防Ⅲ--航空航天,2021,,,,,,,,,,3299177131.0,,0.093446643,307007852.7,1289174.33,target_year,,,,,,,,,,SOE_target,0.109764,0.15221500000000002,21.79931661,0.017393366,0.273615357,0.643864279,0.380180108,0.15930884,0.326786323,2.195231823,0.054289079,True,Pooled_H_plus_CSI_nonSOE,0.06579077334005984,0.093446643,-0.027655869659940158,-91241612.71999131,0.0,1,0,,1.0
302132.SZ,中航成飞,CSI,中央国有企业,工业,国防军工,工业--国防军工--航空航天与国防Ⅲ--航空航天,2022,,,,,,,,,,3653386274.0,,0.053896446,192869415.8,4035120.0,target_year,,,,,,,,,,SOE_target,0.061519000000000004,0.087141,21.91693892,0.017013231,0.271325141,0.618467046,0.331618995,0.194091611,0.333050818,2.025433447,0.079859872,True,Pooled_H_plus_CSI_nonSOE,0.06201229496503473,0.053896446,0.008115848965034728,29650331.21071498,29650331.21071498,1,0,,1.0
302132.SZ,中航成飞,CSI,中央国有企业,工业,国防军工,工业--国防军工--航空航天与国防Ⅲ--航空航天,2023,,,,,,,,,,3974910728.94,,0.023927,98167133.37,-3060194.8,target_year,,,,,,,,,,SOE_target,0.024353,0.041905,22.01892,0.014535,0.272876,0.542331,0.285757,0.253218,0.359161,1.879366,0.060375,True,Pooled_H_plus_CSI_nonSOE,0.058823516141338045,0.023927,0.03489651614133804,138710536.41283247,138710536.41283247,1,0,,1.0
302132.SZ,中航成飞,CSI,中央国有企业,工业,国防军工,工业--国防军工--航空航天与国防Ⅲ--航空航天,2024,,,,,,,,,,4240904107.27,,0.028572,112308792.39,8862120.9,target_year,,,,,,,,,,SOE_target,0.030506000000000002,0.045963000000000004,22.103268,0.01023,0.247277,0.433118,0.301447,0.267885,0.389709,2.05273,0.060168,True,Pooled_H_plus_CSI_nonSOE,0.04938967234300138,0.028572,0.02081767234300138,88285752.14323564,88285752.14323564,1,0,,1.0
302132.SZ,中航成飞,CSI,中央国有企业,工业,国防军工,工业--国防军工--航空航天与国防Ⅲ--航空航天,2025,,,,,,,,,,114547703019.42,,0.030012,3432289851.96,5548186.19,target_year,,,,,,,,,,SOE_target,0.069925,0.289526,22.168042,0.010955,0.253215,0.427063,0.310679,0.281781,0.400591,2.116237,0.032194,True,Pooled_H_plus_CSI_nonSOE,0.05174434797389473,0.030012,0.02173234797389473,2489390541.6283875,2489390541.6283875,1,0,,1.0
600009.SH,上海机场,CSI,地方国有企业,工业,交通运输,工业--交通运输--交通基础设施--机场服务,2019,,,,,,,,,,37171229056.0,,0.135325363,5030210053.0,0.0,target_year,,,,,,,,,,SOE_target,0.18968,0.16697700000000001,24.15495134,0.010667317,0.111099702,0.317768449,0.26997457,0.538896291,0.074177692,4.651502557,0.115411128,True,Pooled_H_plus_CSI_nonSOE,0.0645168474766923,0.135325363,-0.0708085155233077,-2632039549.6322026,0.0,1,0,,1.0
600009.SH,上海机场,CSI,地方国有企业,工业,交通运输,工业--交通运输--交通基础设施--机场服务,2020,,,,,,,,,,33202181016.0,,-0.046464322,-1266651388.0,-276065448.4,target_year,,,,,,,,,,SOE_target,-0.043074,-0.04138,24.33880089,0.01129868,0.108646931,0.321133894,0.208572246,0.544341853,0.127020399,2.644322879,0.061933017,True,Pooled_H_plus_CSI_nonSOE,0.08216351534878966,-0.046464322,0.12862783734878966,4270724739.35112,4270724739.35112,1,0,,1.0
600009.SH,上海机场,CSI,地方国有企业,工业,交通运输,工业--交通运输--交通基础设施--机场服务,2021,,,,,,,,,,51426088634.0,,-0.024815916,-1710938710.0,434753220.5,target_year,,,,,,,,,,SOE_target,-0.053886,-0.060328999999999994,24.2258814,0.005403886,0.123286456,0.122176142,0.186864173,0.587093421,0.109730278,2.713927985,0.039917988,True,Pooled_H_plus_CSI_nonSOE,0.07633738934985268,-0.024815916,0.10115330534985267,5201918846.54359,5201918846.54359,1,0,,1.0
600009.SH,上海机场,CSI,地方国有企业,工业,交通运输,工业--交通运输--交通基础设施--机场服务,2022,,,,,,,,,,67775098796.0,,-0.037307282,-2994949875.0,466445182.7,target_year,,,,,,,,,,SOE_target,-0.064178,-0.089252,24.66341144,0.003380414,0.15352339,0.087950406,0.070495039,0.374915455,0.461247466,1.455015779,0.029224342,True,Pooled_H_plus_CSI_nonSOE,0.014060294643416842,-0.037307282,0.05136757664341684,3481442581.9186783,3481442581.9186783,1,0,,1.0
600009.SH,上海机场,CSI,地方国有企业,工业,交通运输,工业--交通运输--交通基础设施--机场服务,2023,,,,,,,,,,69480530979.72,,0.019528,934049713.44,422770066.22,target_year,,,,,,,,,,SOE_target,0.020225,0.023308,24.939461,0.004577,0.180808,0.090186,0.110696,0.392449,0.399433,1.849756,0.018317,True,Pooled_H_plus_CSI_nonSOE,0.026087934300215356,0.019528,0.006559934300215356,455787718.3710409,455787718.3710409,1,0,,1.0
600009.SH,上海机场,CSI,地方国有企业,工业,交通运输,工业--交通运输--交通基础设施--机场服务,2024,,,,,,,,,,70046212107.27,,0.03427,1933948719.51,466522580.65,target_year,,,,,,,,,,SOE_target,0.045598,0.047057,24.964312,0.008884,0.114556,0.157351,0.116209,0.374799,0.395132,1.836529,0.017904,True,Pooled_H_plus_CSI_nonSOE,0.029864598145298685,0.03427,-0.004405401854701316,-308581712.7321691,0.0,1,0,,1.0
600009.SH,上海机场,CSI,地方国有企业,工业,交通运输,工业--交通运输--交通基础设施--机场服务,2025,,,,,,,,,,71678547661.74,,0.035391,2116775136.25,419999345.8,target_year,,,,,,,,,,SOE_target,0.048545,0.050284,24.972421,0.008704,0.116886,0.173305,0.148691,0.359696,0.378552,2.103956,0.027949,True,Pooled_H_plus_CSI_nonSOE,0.030679898799359832,0.035391,-0.0047111012006401665,-337684891.94936675,0.0,1,0,,1.0
600010.SH,包钢股份,CSI,地方国有企业,材料,钢铁Ⅱ,材料--钢铁Ⅱ--钢铁Ⅲ--钢铁Ⅳ,2019,,,,,,,,,,147087000000.0,,0.020683039,667930745.0,2374267551.0,target_year,,,,,,,,,,SOE_target,0.024859,0.012701,25.72587357,0.174587004,0.659924097,0.451986254,-0.235444349,0.471268423,0.646037382,0.561392251,0.016541917,True,Pooled_H_plus_CSI_nonSOE,0.07011362371724646,0.020683039,0.049430584717246456,7270596414.30563,7270596414.30563,1,0,,1.0
600010.SH,包钢股份,CSI,地方国有企业,材料,钢铁Ⅱ,材料--钢铁Ⅱ--钢铁Ⅲ--钢铁Ⅳ,2020,,,,,,,,,,144222000000.0,,0.02008244,405957990.0,2490377141.0,target_year,,,,,,,,,,SOE_target,0.021772,0.007696,25.71428751,0.147407036,0.517023931,0.423508272,-0.181707264,0.468132667,0.585405843,0.607224895,0.013326807,True,Pooled_H_plus_CSI_nonSOE,0.08486243120479788,0.02008244,0.06477999120479788,9342699891.53836,9342699891.53836,1,0,,1.0
600010.SH,包钢股份,CSI,地方国有企业,材料,钢铁Ⅱ,材料--钢铁Ⅱ--钢铁Ⅲ--钢铁Ⅳ,2021,,,,,,,,,,147968000000.0,,0.033773765,2866448328.0,2130985927.0,target_year,,,,,,,,,,SOE_target,0.039842,0.053052999999999996,25.69462152,0.141260049,0.51422962,0.402798272,-0.126304511,0.463882778,0.57276154,0.682397053,0.007599126,True,Pooled_H_plus_CSI_nonSOE,0.08776805240449735,0.033773765,0.053994287404497354,7989426718.668665,7989426718.668665,1,0,,1.0
600010.SH,包钢股份,CSI,地方国有企业,材料,钢铁Ⅱ,材料--钢铁Ⅱ--钢铁Ⅲ--钢铁Ⅳ,2022,,,,,,,,,,146722000000.0,,0.008217907,-729956771.6,1935705241.0,target_year,,,,,,,,,,SOE_target,0.004838,-0.013555999999999999,25.72026144,0.15636373,0.499605416,0.583180909,-0.168313007,0.406013773,0.566103529,0.625593506,0.00641977,True,Pooled_H_plus_CSI_nonSOE,0.09626941140822237,0.008217907,0.08805150440822238,12919092829.783203,12919092829.783203,1,0,,1.0
600010.SH,包钢股份,CSI,地方国有企业,材料,钢铁Ⅱ,材料--钢铁Ⅱ--钢铁Ⅲ--钢铁Ⅳ,2023,,,,,,,,,,151775636822.69,,0.016546,515270562.53,1995948456.05,target_year,,,,,,,,,,SOE_target,0.016189,0.009885,25.711806,0.13229,0.520062,0.480279,-0.201207,0.42375,0.581556,0.564601,0.00666,True,Pooled_H_plus_CSI_nonSOE,0.08538456081536777,0.016546,0.06883856081536777,10448016405.709917,10448016405.709917,1,0,,1.0
600010.SH,包钢股份,CSI,地方国有企业,材料,钢铁Ⅱ,材料--钢铁Ⅱ--钢铁Ⅲ--钢铁Ⅳ,2024,,,,,,,,,,155125400366.74,,0.015523,264629175.96,2143386028.83,target_year,,,,,,,,,,SOE_target,0.014527000000000002,0.005102,25.745669,0.131409,0.490176,0.462663,-0.205062,0.44482,0.595039,0.556477,0.011571,True,Pooled_H_plus_CSI_nonSOE,0.08420274080955942,0.015523,0.06867974080955942,10653972290.166836,10653972290.166836,1,0,,1.0
600010.SH,包钢股份,CSI,地方国有企业,材料,钢铁Ⅱ,材料--钢铁Ⅱ--钢铁Ⅲ--钢铁Ⅳ,2025,,,,,,,,,,151673460592.94,,0.014627,373622495.09,1844903595.26,target_year,,,,,,,,,,SOE_target,0.015224,0.007188,25.7675,0.13429,0.484294,0.434063,-0.192026,0.428071,0.604798,0.579791,0.011855,True,Pooled_H_plus_CSI_nonSOE,0.08103437537554015,0.014627,0.06640737537554015,10072236432.102562,10072236432.102562,1,0,,1.0
600011.SH,华能国际,CSI,中央国有企业,公用事业,公用事业Ⅱ,公用事业--公用事业Ⅱ--电力--电力公用事业,2019,,,,,,,,,,428250000000.0,,0.026921334,766345000.0,10762718000.0,target_year,,,,,,,,,,SOE_target,0.032111,0.007541,26.76329031,0.285447759,0.148389593,0.415314426,-0.181963664,0.671729097,0.72345617,0.447151161,0.04931611,True,Pooled_H_plus_CSI_nonSOE,0.06605087375635016,0.026921334,0.039129539756350154,16757225400.656954,16757225400.656954,0,1,FirmSize_lag,1.0
600011.SH,华能国际,CSI,中央国有企业,公用事业,公用事业Ⅱ,公用事业--公用事业Ⅱ--电力--电力公用事业,2020,,,,,,,,,,449905000000.0,,0.02573537,2377851000.0,9200612000.0,target_year,,,,,,,,,,SOE_target,0.03116,0.019927999999999998,26.78297312,0.257988212,0.143602423,0.410325317,-0.188765901,0.666953567,0.695553936,0.42918532,0.07328115,True,Pooled_H_plus_CSI_nonSOE,0.06559558912941894,0.02573537,0.03986021912941894,17933311887.42123,17933311887.42123,0,1,FirmSize_lag,1.0
600011.SH,华能国际,CSI,中央国有企业,公用事业,公用事业Ⅱ,公用事业--公用事业Ⅱ--电力--电力公用事业,2021,,,,,,,,,,500771000000.0,,-0.003670327,-10636194000.0,8798200000.0,target_year,,,,,,,,,,SOE_target,-0.013907000000000001,-0.08757899999999999,26.83230153,0.222803186,0.126082379,0.385914541,-0.195397977,0.66718834,0.663003716,0.429331065,0.094593931,True,Pooled_H_plus_CSI_nonSOE,0.0653323872652802,-0.003670327,0.06900271426528021,34554558225.33864,34554558225.33864,0,1,FirmSize_lag,1.0
600011.SH,华能国际,CSI,中央国有企业,公用事业,公用事业Ⅱ,公用事业--公用事业Ⅱ--电力--电力公用事业,2022,,,,,,,,,,512222000000.0,,0.003779402,-8026233000.0,9962125000.0,target_year,,,,,,,,,,SOE_target,-0.002352,-0.070186,26.93941519,0.21921326,0.130392082,0.430441304,-0.187565045,0.640191789,0.733295352,0.496094243,0.085978992,True,Pooled_H_plus_CSI_nonSOE,0.05713055285826328,0.003779402,0.05335115085826328,27327633194.921333,27327633194.921333,0,1,FirmSize_lag,1.0
600011.SH,华能国际,CSI,中央国有企业,公用事业,公用事业Ⅱ,公用事业--公用事业Ⅱ--电力--电力公用事业,2023,,,,,,,,,,550316013000.0,,0.031428,8357460000.0,8938084000.0,target_year,,,,,,,,,,SOE_target,0.039355,0.065696,26.962024,0.225738,0.129341,0.48712,-0.165185,0.656213,0.735825,0.506159,0.079233,True,Pooled_H_plus_CSI_nonSOE,0.06217437571280137,0.031428,0.030746375712801373,16920222896.468885,16920222896.468885,0,1,FirmSize_lag,1.0
600011.SH,华能国际,CSI,中央国有企业,公用事业,公用事业Ⅱ,公用事业--公用事业Ⅱ--电力--电力公用事业,2024,,,,,,,,,,595576880000.0,,0.030174,10184633000.0,7786460000.0,target_year,,,,,,,,,,SOE_target,0.043636999999999995,0.072089,27.033759,0.220813,0.121904,0.478847,-0.133115,0.669935,0.674088,0.55332,0.106634,True,Pooled_H_plus_CSI_nonSOE,0.06990311352335704,0.030174,0.03972911352335704,23661741477.406796,23661741477.406796,0,1,FirmSize_lag,1.0
600011.SH,华能国际,CSI,中央国有企业,公用事业,公用事业Ⅱ,公用事业--公用事业Ⅱ--电力--电力公用事业,2025,,,,,,,,,,619678043000.0,,0.034876,14536770000.0,7075104000.0,target_year,,,,,,,,,,SOE_target,0.04979,0.09944900000000001,27.112796,0.214312,0.118327,0.428576,-0.138418,0.676548,0.646428,0.538775,0.103737,True,Pooled_H_plus_CSI_nonSOE,0.07162167581366535,0.034876,0.036745675813665356,22770488476.92458,22770488476.92458,0,1,FirmSize_lag,1.0
600018.SH,上港集团,CSI,地方国有企业,工业,交通运输,工业--交通运输--交通基础设施--海港与服务,2019,,,,,,,,,,142177000000.0,,0.071946458,9062278384.0,1166874402.0,target_year,,,,,,,,,,SOE_target,0.088708,0.115,25.69562474,0.043247584,0.111099702,0.263775755,0.111980011,0.224977432,0.429576738,1.510355431,0.009939284,True,Pooled_H_plus_CSI_nonSOE,0.03171639497549124,0.071946458,-0.040230063024508766,-5719789670.635583,0.0,1,0,,1.0
600018.SH,上港集团,CSI,地方国有企业,工业,交通运输,工业--交通运输--交通基础设施--海港与服务,2020,,,,,,,,,,155925000000.0,,0.058674426,8307143208.0,841651919.0,target_year,,,,,,,,,,SOE_target,0.07094400000000001,0.097976,25.68034068,0.036949366,0.108646931,0.249586126,0.148127441,0.226792005,0.361439131,2.088994379,0.018116082,True,Pooled_H_plus_CSI_nonSOE,0.03823697260861726,0.058674426,-0.02043745339138274,-3186709920.051354,0.0,1,0,,1.0
600018.SH,上港集团,CSI,地方国有企业,工业,交通运输,工业--交通运输--交通基础设施--海港与服务,2021,,,,,,,,,,170787000000.0,,0.091969319,14682049061.0,1025159017.0,target_year,,,,,,,,,,SOE_target,0.11466,0.156769,25.77263936,0.03221372,0.123286456,0.171935177,0.136270403,0.219397156,0.384449232,1.948323212,0.026470955,True,Pooled_H_plus_CSI_nonSOE,0.028650152231727226,0.091969319,-0.06331916676827276,-10814090534.853,0.0,1,0,,1.0
600018.SH,上港集团,CSI,地方国有企业,工业,交通运输,工业--交通运输--交通基础设施--海港与服务,2022,,,,,,,,,,181802000000.0,,0.100678041,17223915521.0,1079524113.0,target_year,,,,,,,,,,SOE_target,0.11762299999999999,0.162399,25.8636858,0.030346527,0.15352339,0.204515865,0.124531649,0.198931958,0.368773225,1.726333925,0.025329621,True,Pooled_H_plus_CSI_nonSOE,0.031842671417120896,0.100678041,-0.0688353695828791,-12514407860.906586,0.0,1,0,,1.0
600018.SH,上港集团,CSI,地方国有企业,工业,交通运输,工业--交通运输--交通基础设施--海港与服务,2023,,,,,,,,,,203575515172.97,,0.068344,13203137528.87,710060052.85,target_year,,,,,,,,,,SOE_target,0.08431699999999999,0.112127,25.926182,0.03082,0.180808,0.205288,0.113647,0.204329,0.333521,1.798842,0.031603,True,Pooled_H_plus_CSI_nonSOE,0.034944059266753896,0.068344,-0.033399940733246106,-6799410141.5172415,0.0,1,0,,1.0
600018.SH,上港集团,CSI,地方国有企业,工业,交通运输,工业--交通运输--交通基础设施--海港与服务,2024,,,,,,,,,,212055541073.03,,0.0729,14954353821.25,504486954.24,target_year,,,,,,,,,,SOE_target,0.092489,0.11661099999999999,26.039303,0.030003,0.114556,0.18927,0.148418,0.217938,0.331028,2.323133,0.039309,True,Pooled_H_plus_CSI_nonSOE,0.03506152038738218,0.0729,-0.037838479612617826,-8023859267.634487,0.0,1,0,,1.0
600018.SH,上港集团,CSI,地方国有企业,工业,交通运输,工业--交通运输--交通基础设施--海港与服务,2025,,,,,,,,,,221735642992.73,,0.064018,13564589175.03,630411404.37,target_year,,,,,,,,,,SOE_target,0.086867,0.09892200000000001,26.080114,0.026759,0.116886,0.178859,0.12108,0.214478,0.304858,2.113032,0.029471,True,Pooled_H_plus_CSI_nonSOE,0.0399872725508533,0.064018,-0.024030727449146708,-5328468802.519592,0.0,1,0,,1.0
600019.SH,宝钢股份,CSI,中央国有企业,材料,钢铁Ⅱ,材料--钢铁Ⅱ--钢铁Ⅲ--钢铁Ⅳ,2019,,,,,,,,,,339633000000.0,,0.043755661,12423230252.0,2437636362.0,target_year,,,,,,,,,,SOE_target,0.050975,0.070026,26.537816,0.792700029,0.659924097,0.884642307,-0.039430299,0.472887343,0.435326289,0.900867436,0.038072477,True,Pooled_H_plus_CSI_nonSOE,0.1416961011903352,0.043755661,0.09794044019033521,33263805523.16412,33263805523.16412,0,1,MarketShare_lag,1.0
600019.SH,宝钢股份,CSI,中央国有企业,材料,钢铁Ⅱ,材料--钢铁Ⅱ--钢铁Ⅲ--钢铁Ⅳ,2020,,,,,,,,,,356225000000.0,,0.039689294,12676775744.0,1461545060.0,target_year,,,,,,,,,,SOE_target,0.046049,0.069955,26.55113147,0.683043162,0.517023931,0.860518238,-0.005954304,0.459035729,0.436992531,0.98474751,0.051892104,True,Pooled_H_plus_CSI_nonSOE,0.145328916725675,0.039689294,0.105639622725675,37631474605.453575,37631474605.453575,1,0,,1.0
600019.SH,宝钢股份,CSI,中央国有企业,材料,钢铁Ⅱ,材料--钢铁Ⅱ--钢铁Ⅲ--钢铁Ⅳ,2021,,,,,,,,,,380398000000.0,,0.066824544,23631996673.0,1787896717.0,target_year,,,,,,,,,,SOE_target,0.083376,0.12593500000000002,26.59882854,0.679927421,0.51422962,0.811640837,0.048629822,0.44341339,0.439279576,1.134195774,0.054945494,True,Pooled_H_plus_CSI_nonSOE,0.1422899814576224,0.066824544,0.0754654374576224,28706901478.004642,28706901478.004642,1,0,,1.0
600019.SH,宝钢股份,CSI,中央国有企业,材料,钢铁Ⅱ,材料--钢铁Ⅱ--钢铁Ⅲ--钢铁Ⅳ,2022,,,,,,,,,,398249000000.0,,0.034483213,12186850692.0,1546049308.0,target_year,,,,,,,,,,SOE_target,0.038641999999999996,0.063217,26.66448276,0.666046227,0.499605416,0.985353956,0.031417823,0.420460315,0.446051724,1.086979158,0.062887585,True,Pooled_H_plus_CSI_nonSOE,0.1489038187475651,0.034483213,0.11442060574756509,45567891818.362045,45567891818.362045,1,0,,1.0
600019.SH,宝钢股份,CSI,中央国有企业,材料,钢铁Ⅱ,材料--钢铁Ⅱ--钢铁Ⅲ--钢铁Ⅳ,2023,,,,,,,,,,376051483588.01,,0.034404,11944052177.22,993608758.07,target_year,,,,,,,,,,SOE_target,0.038966,0.060484,26.710343,0.684954,0.520062,0.941136,0.077592,0.406806,0.457936,1.214609,0.056304,True,Pooled_H_plus_CSI_nonSOE,0.14454259877599668,0.034404,0.11013859877599669,41417783470.018135,41417783470.018135,1,0,,1.0
600019.SH,宝钢股份,CSI,中央国有企业,材料,钢铁Ⅱ,材料--钢铁Ⅱ--钢铁Ⅲ--钢铁Ⅳ,2024,,,,,,,,,,364873528314.28,,0.023675,7361925588.6,1276380176.69,target_year,,,,,,,,,,SOE_target,0.028655,0.036729,26.652992,0.653022,0.490176,0.886335,0.060295,0.436439,0.414607,1.198963,0.05592,True,Pooled_H_plus_CSI_nonSOE,0.15127905977199105,0.023675,0.12760405977199105,46559343516.23266,46559343516.23266,1,0,,1.0
600019.SH,宝钢股份,CSI,中央国有企业,材料,钢铁Ⅱ,材料--钢铁Ⅱ--钢铁Ⅲ--钢铁Ⅳ,2025,,,,,,,,,,363020038344.87,,0.031204,10345621735.27,982227625.3,target_year,,,,,,,,,,SOE_target,0.038849999999999996,0.050873999999999996,26.622817,0.646787,0.484294,0.865952,0.062198,0.440586,0.396602,1.204451,0.052995,True,Pooled_H_plus_CSI_nonSOE,0.15408377725652178,0.031204,0.12287977725652179,44607821451.47163,44607821451.47163,1,0,,1.0
600023.SH,浙能电力,CSI,地方国有企业,公用事业,公用事业Ⅱ,公用事业--公用事业Ⅱ--电力--电力公用事业,2019,,,,,,,,,,110970000000.0,,0.050534123,4293272329.0,1314488272.0,target_year,,,,,,,,,,SOE_target,0.06282,0.068494,25.42098188,0.094581215,0.148389593,0.504803137,0.064295709,0.496581631,0.369600083,1.42961057,0.0190636,True,Pooled_H_plus_CSI_nonSOE,0.12052887939628848,0.050534123,0.06999475639628848,7767318117.296132,7767318117.296132,1,0,,1.0
600023.SH,浙能电力,CSI,地方国有企业,公用事业,公用事业Ⅱ,公用事业--公用事业Ⅱ--电力--电力公用事业,2020,,,,,,,,,,114512000000.0,,0.061668532,6086298670.0,975514753.9,target_year,,,,,,,,,,SOE_target,0.069368,0.092206,25.43252377,0.07992097,0.143602423,0.488571268,0.111892252,0.462811915,0.346698754,1.869567311,0.015793276,True,Pooled_H_plus_CSI_nonSOE,0.12013473834802302,0.061668532,0.05846620634802302,6695082221.324812,6695082221.324812,1,0,,1.0
600023.SH,浙能电力,CSI,地方国有企业,公用事业,公用事业Ⅱ,公用事业--公用事业Ⅱ--电力--电力公用事业,2021,,,,,,,,,,115629000000.0,,0.000902358,-861139048.7,965477507.3,target_year,,,,,,,,,,SOE_target,-0.024626000000000002,-0.013076,25.46394921,0.067378873,0.126082379,0.454519211,0.114780798,0.432954564,0.333572726,1.787152941,0.027964981,True,Pooled_H_plus_CSI_nonSOE,0.11816409307882733,0.000902358,0.11726173507882733,13558857165.429726,13558857165.429726,1,0,,1.0
600023.SH,浙能电力,CSI,地方国有企业,公用事业,公用事业Ⅱ,公用事业--公用事业Ⅱ--电力--电力公用事业,2022,,,,,,,,,,120921000000.0,,-0.004608855,-1828584556.0,1271279231.0,target_year,,,,,,,,,,SOE_target,-0.026208999999999996,-0.029239,25.47365009,0.075649559,0.130392082,0.613609027,0.03506961,0.416813536,0.379713517,1.175566727,0.040747512,True,Pooled_H_plus_CSI_nonSOE,0.11828132310579595,-0.004608855,0.12289017810579594,14860003226.730951,14860003226.730951,1,0,,1.0
600023.SH,浙能电力,CSI,地方国有企业,公用事业,公用事业Ⅱ,公用事业--公用事业Ⅱ--电力--电力公用事业,2023,,,,,,,,,,147240775217.75,,0.05267,6519770719.89,1235423486.11,target_year,,,,,,,,,,SOE_target,0.06791900000000001,0.101326,25.5184,0.073071,0.129341,0.675243,0.026448,0.388835,0.441894,1.12047,0.046614,True,Pooled_H_plus_CSI_nonSOE,0.10923145261160505,0.05267,0.05656145261160505,8328152129.974758,8328152129.974758,1,0,,1.0
600023.SH,浙能电力,CSI,地方国有企业,公用事业,公用事业Ⅱ,公用事业--公用事业Ⅱ--电力--电力公用事业,2024,,,,,,,,,,154085417032.43,,0.057312,7753383026.78,1077486855.79,target_year,,,,,,,,,,SOE_target,0.073738,0.110196,25.715335,0.082944,0.121904,0.712701,0.070542,0.360131,0.456895,1.324005,0.061328,True,Pooled_H_plus_CSI_nonSOE,0.1079015299615583,0.057312,0.0505895299615583,7795108821.601322,7795108821.601322,1,0,,1.0
600023.SH,浙能电力,CSI,地方国有企业,公用事业,公用事业Ⅱ,公用事业--公用事业Ⅱ--电力--电力公用事业,2025,,,,,,,,,,156337713781.7,,0.054322,7528041660.9,964494281.96,target_year,,,,,,,,,,SOE_target,0.064713,0.100489,25.760773,0.076372,0.118327,0.580798,0.020493,0.379917,0.436542,1.089867,0.062822,True,Pooled_H_plus_CSI_nonSOE,0.10447880291024267,0.054322,0.050156802910242666,7841399897.586657,7841399897.586657,1,0,,1.0
600025.SH,华能水电,CSI,中央国有企业,公用事业,公用事业Ⅱ,公用事业--公用事业Ⅱ--电力--新能源发电业者,2019,,,,,,,,,,167460000000.0,,0.059975261,5544565706.0,4498862232.0,target_year,,,,,,,,,,SOE_target,0.063759,0.11171900000000001,25.84940273,0.02561941,0.148389593,0.090486908,-0.206299429,0.893747433,0.72808843,0.19707849,0.045755398,True,Pooled_H_plus_CSI_nonSOE,0.03450903116133629,0.059975261,-0.025466229838663715,-4264574848.7826257,0.0,0,2,"FixedAssetsRatio_lag, CurrentRatio_lag",1.0
600025.SH,华能水电,CSI,中央国有企业,公用事业,公用事业Ⅱ,公用事业--公用事业Ⅱ--电力--新能源发电业者,2020,,,,,,,,,,164632000000.0,,0.052680692,4834590181.0,3838342905.0,target_year,,,,,,,,,,SOE_target,0.057054,0.082913,25.84400745,0.030372672,0.143602423,0.122003663,-0.120187065,0.890221278,0.661096442,0.272467001,0.025680616,True,Pooled_H_plus_CSI_nonSOE,0.052432545944669916,0.052680692,-0.00024814605533008544,-40852781.38110263,0.0,0,1,FixedAssetsRatio_lag,1.0
600025.SH,华能水电,CSI,中央国有企业,公用事业,公用事业Ⅱ,公用事业--公用事业Ⅱ--电力--新能源发电业者,2021,,,,,,,,,,160654000000.0,,0.057343974,5837544928.0,3375009615.0,target_year,,,,,,,,,,SOE_target,0.04386,0.09267500000000001,25.82697914,0.024891608,0.126082379,0.114008133,-0.098900698,0.898091745,0.614218443,0.28005557,0.026261211,True,Pooled_H_plus_CSI_nonSOE,0.06161902685929439,0.057343974,0.004275052859294394,686804342.0570816,686804342.0570816,0,1,FixedAssetsRatio_lag,1.0
600025.SH,华能水电,CSI,中央国有企业,公用事业,公用事业Ⅱ,公用事业--公用事业Ⅱ--电力--新能源发电业者,2022,,,,,,,,,,162879000000.0,,0.05980324,6801255631.0,2939458221.0,target_year,,,,,,,,,,SOE_target,0.051261,0.102966,25.80252053,0.021238323,0.130392082,0.121880419,-0.118007314,0.90376974,0.587768792,0.162074982,0.037470232,True,Pooled_H_plus_CSI_nonSOE,0.06328364170023541,0.05980324,0.0034804017002354123,566884348.5326437,566884348.5326437,0,2,"FixedAssetsRatio_lag, CurrentRatio_lag",1.0
600025.SH,华能水电,CSI,中央国有企业,公用事业,公用事业Ⅱ,公用事业--公用事业Ⅱ--电力--新能源发电业者,2023,,,,,,,,,,195239265297.35,,0.053107,7638074711.0,2730456864.91,target_year,,,,,,,,,,SOE_target,0.052607999999999995,0.113096,25.816276,0.019028,0.129341,0.128562,-0.108919,0.902161,0.571473,0.169814,0.048581,True,Pooled_H_plus_CSI_nonSOE,0.06491148007668238,0.053107,0.011804480076682375,2304698017.388673,2304698017.388673,0,2,"FixedAssetsRatio_lag, CurrentRatio_lag",1.0
600025.SH,华能水电,CSI,中央国有企业,公用事业,公用事业Ⅱ,公用事业--公用事业Ⅱ--电力--新能源发电业者,2024,,,,,,,,,,214607123371.44,,0.051125,8297028967.06,2674676981.69,target_year,,,,,,,,,,SOE_target,0.06363100000000001,0.11774699999999999,25.997492,0.019985,0.121904,0.128588,-0.126507,0.906214,0.637761,0.149448,0.092856,True,Pooled_H_plus_CSI_nonSOE,0.04779164995927743,0.051125,-0.00333335004072257,-715360663.4295431,0.0,0,2,"FixedAssetsRatio_lag, CurrentRatio_lag",1.0
600025.SH,华能水电,CSI,中央国有企业,公用事业,公用事业Ⅱ,公用事业--公用事业Ⅱ--电力--新能源发电业者,2025,,,,,,,,,,226717001711.92,,0.049089,8504138221.82,2625266463.59,target_year,,,,,,,,,,SOE_target,0.060695,0.109335,26.092075,0.021295,0.118327,0.119065,-0.17103,0.897786,0.6311,0.141749,0.09497,True,Pooled_H_plus_CSI_nonSOE,0.046971965092570137,0.049089,-0.002117034907429864,-479967806.73197097,0.0,0,2,"FixedAssetsRatio_lag, CurrentRatio_lag",1.0
600026.SH,中远海能,CSI,中央国有企业,工业,交通运输,工业--交通运输--海上运输Ⅲ--海上运输Ⅳ,2019,,,,,,,,,,65841861000.0,,0.027846783,413857000.0,1419627000.0,target_year,,,,,,,,,,SOE_target,0.035864,0.014698,24.87298624,0.013892163,0.111099702,0.195469911,-0.062080665,0.777889449,0.53841184,0.638202775,0.054344432,True,Pooled_H_plus_CSI_nonSOE,0.01502700427004311,0.027846783,-0.01281977872995689,-844078089.1885781,0.0,0,1,FixedAssetsRatio_lag,1.0
600026.SH,中远海能,CSI,中央国有企业,工业,交通运输,工业--交通运输--海上运输Ⅲ--海上运输Ⅳ,2020,,,,,,,,,,65959857000.0,,0.051866941,2381415000.0,1039721000.0,target_year,,,,,,,,,,SOE_target,0.059844,0.075906,24.91052166,0.014177998,0.108646931,0.21230603,-0.082326986,0.74665104,0.55700514,0.561023832,0.019372797,True,Pooled_H_plus_CSI_nonSOE,0.01742590918233923,0.051866941,-0.03444103181766077,-2271725533.6253543,0.0,0,1,FixedAssetsRatio_lag,1.0
600026.SH,中远海能,CSI,中央国有企业,工业,交通运输,工业--交通运输--海上运输Ⅲ--海上运输Ⅳ,2021,,,,,,,,,,59388937000.0,,-0.070025062,-4985386000.0,826672000.0,target_year,,,,,,,,,,SOE_target,-0.05904499999999999,-0.157733,24.91231217,0.020449402,0.123286456,0.246858649,-0.030524157,0.735252413,0.46024222,0.796482244,0.083477455,True,Pooled_H_plus_CSI_nonSOE,0.02741288998332049,-0.070025062,0.09743795198332049,5786736391.746446,5786736391.746446,0,1,FixedAssetsRatio_lag,1.0
600026.SH,中远海能,CSI,中央国有企业,工业,交通运输,工业--交通运输--海上运输Ⅲ--海上运输Ⅳ,2022,,,,,,,,,,68250082000.0,,0.035972367,1461118000.0,993999000.0,target_year,,,,,,,,,,SOE_target,0.058710000000000005,0.048573000000000005,24.8073738,0.011485638,0.15352339,0.20175224,-0.115369871,0.728866944,0.496164025,0.486296004,0.049270254,True,Pooled_H_plus_CSI_nonSOE,0.018658301826977496,0.035972367,-0.017314065173022503,-1181686367.81213,0.0,0,1,FixedAssetsRatio_lag,1.0
600026.SH,中远海能,CSI,中央国有企业,工业,交通运输,工业--交通运输--海上运输Ⅲ--海上运输Ⅳ,2023,,,,,,,,,,72083612000.0,,0.066136,3348717000.0,1418587000.0,target_year,,,,,,,,,,SOE_target,0.087773,0.10153499999999999,24.946444,0.015811,0.180808,0.290927,-0.032351,0.691269,0.508127,0.791518,0.065197,True,Pooled_H_plus_CSI_nonSOE,0.02133303481067677,0.066136,-0.04480296518932323,-3229559559.1566825,0.0,1,0,,1.0
600026.SH,中远海能,CSI,中央国有企业,工业,交通运输,工业--交通运输--海上运输Ⅲ--海上运输Ⅳ,2024,,,,,,,,,,81042317000.0,,0.066951,4038089000.0,1387805000.0,target_year,,,,,,,,,,SOE_target,0.086607,0.11495,25.001093,0.018027,0.114556,0.312291,0.010305,0.69434,0.485274,1.085128,0.078267,True,Pooled_H_plus_CSI_nonSOE,0.028054197104290447,0.066951,-0.03889680289570955,-3152287030.5606112,0.0,1,0,,1.0
600026.SH,中远海能,CSI,中央国有企业,工业,交通运输,工业--交通运输--海上运输Ⅲ--海上运输Ⅳ,2025,,,,,,,,,,92078580000.0,,0.058354,4037075000.0,1336121000.0,target_year,,,,,,,,,,SOE_target,0.075335,0.09814,25.118237,0.016654,0.116886,0.30215,-0.008449,0.672639,0.518953,0.933002,0.097176,True,Pooled_H_plus_CSI_nonSOE,0.020292748385765925,0.058354,-0.03806125161423408,-3504626001.6613817,0.0,1,0,,1.0
600027.SH,华电国际,CSI,中央国有企业,公用事业,公用事业Ⅱ,公用事业--公用事业Ⅱ--电力--电力公用事业,2019,,,,,,,,,,232164000000.0,,0.035928784,3385324000.0,4956059000.0,target_year,,,,,,,,,,SOE_target,0.044404000000000006,0.058502,26.15039902,0.147175376,0.148389593,0.391599295,-0.218739097,0.773628096,0.700030648,0.341196999,0.07580338,True,Pooled_H_plus_CSI_nonSOE,0.055818115044527876,0.035928784,0.019889331044527878,4617586652.62177,4617586652.62177,0,1,FixedAssetsRatio_lag,1.0
600027.SH,华电国际,CSI,中央国有企业,公用事业,公用事业Ⅱ,公用事业--公用事业Ⅱ--电力--电力公用事业,2020,,,,,,,,,,236691000000.0,,0.036277765,4166756000.0,4419862000.0,target_year,,,,,,,,,,SOE_target,0.04776,0.06139,26.17071138,0.136033956,0.143602423,0.399220663,-0.175434407,0.759751414,0.652799229,0.395072825,0.064993263,True,Pooled_H_plus_CSI_nonSOE,0.06633476079326736,0.036277765,0.030056995793267365,7114220391.304246,7114220391.304246,0,1,FixedAssetsRatio_lag,1.0
600027.SH,华电国际,CSI,中央国有企业,公用事业,公用事业Ⅱ,公用事业--公用事业Ⅱ--电力--电力公用事业,2021,,,,,,,,,,222386000000.0,,0.004040654,-3341982000.0,4240567000.0,target_year,,,,,,,,,,SOE_target,-0.012641,-0.04884,26.19002106,0.11752776,0.126082379,0.381278595,-0.144868062,0.771747976,0.601196772,0.420261511,0.078810724,True,Pooled_H_plus_CSI_nonSOE,0.07319473830880455,0.004040654,0.06915408430880454,15378900193.097807,15378900193.097807,0,1,FixedAssetsRatio_lag,1.0
600027.SH,华电国际,CSI,中央国有企业,公用事业,公用事业Ⅱ,公用事业--公用事业Ⅱ--电力--电力公用事业,2022,,,,,,,,,,226802000000.0,,0.017901154,-30791000.0,4090816000.0,target_year,,,,,,,,,,SOE_target,0.010929,-0.000492,26.12768062,0.108193469,0.130392082,0.4399417,-0.162191446,0.636210561,0.657044275,0.450692943,0.057896499,True,Pooled_H_plus_CSI_nonSOE,0.06835834584045716,0.017901154,0.05045719184045716,11443792023.799364,11443792023.799364,1,0,,1.0
600027.SH,华电国际,CSI,中央国有企业,公用事业,公用事业Ⅱ,公用事业--公用事业Ⅱ--电力--电力公用事业,2023,,,,,,,,,,226476498000.0,,0.036399,4601094000.0,3642399000.0,target_year,,,,,,,,,,SOE_target,0.041466,0.069153,26.147345,0.096947,0.129341,0.471786,-0.149299,0.630566,0.678006,0.463299,0.045957,True,Pooled_H_plus_CSI_nonSOE,0.06811796519306904,0.036399,0.031718965193069035,7183600157.110168,7183600157.110168,1,0,,1.0
600027.SH,华电国际,CSI,中央国有企业,公用事业,公用事业Ⅱ,公用事业--公用事业Ⅱ--电力--电力公用事业,2024,,,,,,,,,,227138590000.0,,0.039234,5669855000.0,3241716000.0,target_year,,,,,,,,,,SOE_target,0.05258,0.080532,26.145907,0.101013,0.121904,0.513485,-0.152841,0.626863,0.620701,0.452266,0.046311,True,Pooled_H_plus_CSI_nonSOE,0.08043216807794312,0.039234,0.041198168077943124,9357693807.80701,9357693807.80701,1,0,,1.0
600027.SH,华电国际,CSI,中央国有企业,公用事业,公用事业Ⅱ,公用事业--公用事业Ⅱ--电力--电力公用事业,2025,,,,,,,,,,264230768000.0,,0.034895,6070315000.0,3149957000.0,target_year,,,,,,,,,,SOE_target,0.056004,0.08776400000000001,26.148826,0.098093,0.118327,0.495538,-0.158672,0.612499,0.610296,0.446625,0.039921,True,Pooled_H_plus_CSI_nonSOE,0.08173513080549707,0.034895,0.04684013080549707,12376603735.95695,12376603735.95695,1,0,,1.0
600028.SH,中国石化,CSI,中央国有企业,能源,石油石化,能源--石油石化--石油天然气--综合性石油天然气,2019,,,,,,,,,,1755070000000.0,,0.042430192,57465000000.0,17003000000.0,target_year,,,,,,,,,,SOE_target,0.059583000000000004,0.07896600000000001,28.09620565,0.515629105,0.452070271,1.772760125,-0.038295355,0.473981792,0.462079573,0.892093053,0.06469477,True,Pooled_H_plus_CSI_nonSOE,0.1806527978546769,0.042430192,0.13822260585467688,242590348857.36777,242590348857.36777,0,1,FirmSize_lag,1.0
600028.SH,中国石化,CSI,中央国有企业,能源,石油石化,能源--石油石化--石油天然气--综合性石油天然气,2020,,,,,,,,,,1733810000000.0,,0.027852036,33096000000.0,15194000000.0,target_year,,,,,,,,,,SOE_target,0.033555,0.044735,28.19353043,0.502320213,0.44417932,1.732990498,-0.074366222,0.453480799,0.500968907,0.773553283,0.080419539,True,Pooled_H_plus_CSI_nonSOE,0.16844192461264562,0.027852036,0.14058988861264562,243756154775.49112,243756154775.49112,0,1,FirmSize_lag,1.0
600028.SH,中国石化,CSI,中央国有企业,能源,石油石化,能源--石油石化--石油天然气--综合性石油天然气,2021,,,,,,,,,,1889260000000.0,,0.046046193,71975000000.0,15018000000.0,target_year,,,,,,,,,,SOE_target,0.065389,0.094974,28.18133953,0.475113231,0.429200271,1.174851729,-0.038525094,0.411817938,0.490797408,0.872086788,0.075665372,True,Pooled_H_plus_CSI_nonSOE,0.1385785248132501,0.046046193,0.09253233181325009,174817633201.50085,174817633201.50085,0,1,FirmSize_lag,1.0
600028.SH,中国石化,CSI,中央国有企业,能源,石油石化,能源--石油石化--石油天然气--综合性石油天然气,2022,,,,,,,,,,1948640000000.0,,0.042553781,66153000000.0,16769000000.0,target_year,,,,,,,,,,SOE_target,0.054667,0.084872,28.26720369,0.465583372,0.425995256,1.479136421,-0.044068164,0.399556439,0.515642939,0.870172156,0.076708015,True,Pooled_H_plus_CSI_nonSOE,0.15061834987490016,0.042553781,0.10806456887490017,210578941492.38547,210578941492.38547,0,1,FirmSize_lag,1.0
600028.SH,中国石化,CSI,中央国有企业,能源,石油石化,能源--石油石化--石油天然气--综合性石油天然气,2023,,,,,,,,,,2024696000000.0,,0.037724,58310000000.0,18069000000.0,target_year,,,,,,,,,,SOE_target,0.047907000000000005,0.073452,28.298153,0.456404,0.418201,1.69747,-0.074023,0.424268,0.519543,0.783865,0.088537,True,Pooled_H_plus_CSI_nonSOE,0.16184466397570252,0.037724,0.12412066397570251,251306611868.94897,251306611868.94897,0,1,FirmSize_lag,1.0
600028.SH,中国石化,CSI,中央国有企业,能源,石油石化,能源--石油石化--石油天然气--综合性石油天然气,2024,,,,,,,,,,2081440000000.0,,0.032449,48939000000.0,18601000000.0,target_year,,,,,,,,,,SOE_target,0.039847,0.060462999999999996,28.336441,0.460426,0.410755,1.583995,-0.055634,0.430261,0.527925,0.825923,0.084701,True,Pooled_H_plus_CSI_nonSOE,0.15575894797853174,0.032449,0.12330994797853173,256662258120.4351,256662258120.4351,0,1,FirmSize_lag,1.0
600028.SH,中国石化,CSI,中央国有企业,能源,石油石化,能源--石油石化--石油天然气--综合性石油天然气,2025,,,,,,,,,,2153485000000.0,,0.024018,32476000000.0,19247000000.0,target_year,,,,,,,,,,SOE_target,0.027008,0.039526,28.364081,0.453969,0.406814,1.46869,-0.071451,0.444803,0.532945,0.779094,0.06688,True,Pooled_H_plus_CSI_nonSOE,0.1514470652276323,0.024018,0.12742906522763228,274416580531.7277,274416580531.7277,0,1,FirmSize_lag,1.0
600029.SH,南方航空,CSI,中央国有企业,工业,交通运输,工业--交通运输--航空客运Ⅲ--航空客运Ⅳ,2019,,,,,,,,,,306928000000.0,,0.02764492,2640000000.0,5845000000.0,target_year,,,,,,,,,,SOE_target,0.035481,0.040815000000000004,26.23244767,0.158517157,0.111099702,0.59297309,-0.24140612,0.844235044,0.682246132,0.287643242,0.097534309,True,Pooled_H_plus_CSI_nonSOE,0.016949969103447426,0.02764492,-0.010694950896552573,-3282579888.777088,0.0,0,1,FixedAssetsRatio_lag,1.0
600029.SH,南方航空,CSI,中央国有企业,工业,交通运输,工业--交通运输--航空客运Ⅲ--航空客运Ⅳ,2020,,,,,,,,,,326383000000.0,,-0.012656909,-10847000000.0,6716000000.0,target_year,,,,,,,,,,SOE_target,-0.027794,-0.162271,26.44987903,0.153048695,0.108646931,0.534837157,-0.256581348,0.404036126,0.748054918,0.17528537,0.050917479,True,Pooled_H_plus_CSI_nonSOE,-0.00035137808256080483,-0.012656909,0.012305530917439194,4016316097.4265566,4016316097.4265566,0,1,CurrentRatio_lag,1.0
600029.SH,南方航空,CSI,中央国有企业,工业,交通运输,工业--交通运输--航空客运Ⅲ--航空客运Ⅳ,2021,,,,,,,,,,323211000000.0,,-0.018266705,-12106000000.0,6202000000.0,target_year,,,,,,,,,,SOE_target,-0.02581,-0.176171,26.51133738,0.109394427,0.123286456,0.274831797,-0.173710028,0.363232766,0.7391684,0.407447665,0.033889633,True,Pooled_H_plus_CSI_nonSOE,-0.01564367913584555,-0.018266705,0.0026230258641544504,847790812.5792241,847790812.5792241,1,0,,1.0
600029.SH,南方航空,CSI,中央国有企业,工业,交通运输,工业--交通运输--航空客运Ⅲ--航空客运Ⅳ,2022,,,,,,,,,,312246000000.0,,-0.085487084,-32699000000.0,6006000000.0,target_year,,,,,,,,,,SOE_target,-0.081834,-0.599289,26.5015712,0.086545358,0.15352339,0.293349384,-0.2262423,0.380658455,0.738536127,0.341165871,0.053021091,True,Pooled_H_plus_CSI_nonSOE,-0.020183066758791418,-0.085487084,0.06530401724120859,20390918167.498417,20390918167.498417,1,0,,1.0
600029.SH,南方航空,CSI,中央国有企业,工业,交通运输,工业--交通运输--航空客运Ⅲ--航空客运Ⅳ,2023,,,,,,,,,,309596000000.0,,0.005775,-4140000000.0,5928000000.0,target_year,,,,,,,,,,SOE_target,0.013012999999999999,-0.105685,26.467057,0.068893,0.180808,0.254623,-0.345894,0.396537,0.822707,0.236494,0.037458,True,Pooled_H_plus_CSI_nonSOE,-0.03588870365510752,0.005775,-0.04166370365510752,-12898915996.806667,0.0,1,0,,1.0
600029.SH,南方航空,CSI,中央国有企业,工业,交通运输,工业--交通运输--航空客运Ⅲ--航空客运Ⅳ,2024,,,,,,,,,,329979000000.0,,0.012089,-1769000000.0,5758000000.0,target_year,,,,,,,,,,SOE_target,0.021871,-0.049129,26.458534,0.12459,0.114556,0.487085,-0.327837,0.412641,0.830854,0.215852,0.036722,True,Pooled_H_plus_CSI_nonSOE,-0.016533377193063525,0.012089,-0.028622377193063528,-9444783403.78991,0.0,1,0,,1.0
600029.SH,南方航空,CSI,中央国有企业,工业,交通运输,工业--交通运输--航空客运Ⅲ--航空客运Ⅳ,2025,,,,,,,,,,350053000000.0,,0.018306,855000000.0,5553000000.0,target_year,,,,,,,,,,SOE_target,0.029478,0.024175,26.522295,0.118891,0.116886,0.516421,-0.304986,0.411478,0.839881,0.27285,0.049085,True,Pooled_H_plus_CSI_nonSOE,-0.01851993734449045,0.018306,-0.03682593734449045,-12891029845.250917,0.0,1,0,,1.0
600039.SH,四川路桥,CSI,地方国有企业,工业,建筑,工业--建筑--建筑与工程Ⅲ--建筑与工程Ⅳ,2019,,,,,,,,,,97615480976.0,,0.037211172,1701863780.0,1930522630.0,target_year,,,,,,,,,,SOE_target,0.043567,0.115012,25.1787028,0.009802807,0.178025019,0.501353906,0.024012975,0.027128851,0.820162075,1.051384264,0.043630385,True,Pooled_H_plus_CSI_nonSOE,0.004777770143245756,0.037211172,-0.032433401856754245,-3166002121.934957,0.0,1,0,,1.0
600039.SH,四川路桥,CSI,地方国有企业,工业,建筑,工业--建筑--建筑与工程Ⅲ--建筑与工程Ⅳ,2020,,,,,,,,,,113224000000.0,,0.047205214,3025220328.0,2319530755.0,target_year,,,,,,,,,,SOE_target,0.056818999999999995,0.158343,25.30430193,0.011120884,0.179054819,0.571846466,0.014592269,0.025621943,0.823336581,1.030749274,0.051754319,True,Pooled_H_plus_CSI_nonSOE,0.007650940945477941,0.047205214,-0.03955427305452206,-4478493012.325206,0.0,1,0,,1.0
600039.SH,四川路桥,CSI,地方国有企业,工业,建筑,工业--建筑--建筑与工程Ⅲ--建筑与工程Ⅳ,2021,,,,,,,,,,137038000000.0,,0.058043518,5582069265.0,2372125857.0,target_year,,,,,,,,,,SOE_target,0.072688,0.224344,25.45263175,0.011374577,0.179498397,0.577043095,0.041942153,0.028810282,0.781285264,1.091306515,0.043553685,True,Pooled_H_plus_CSI_nonSOE,0.017870819054412818,0.058043518,-0.040172698945587185,-5505186318.105376,0.0,1,0,,1.0
600039.SH,四川路桥,CSI,地方国有企业,工业,建筑,工业--建筑--建筑与工程Ⅲ--建筑与工程Ⅳ,2022,,,,,,,,,,208299000000.0,,0.066383319,11212905939.0,2614655615.0,target_year,,,,,,,,,,SOE_target,0.093207,0.325278,25.64352755,0.013775122,0.17910201,0.676295862,0.075618992,0.026636224,0.777198956,1.166354427,0.018731852,True,Pooled_H_plus_CSI_nonSOE,0.029494485444505773,0.066383319,-0.03688883355549422,-7683907140.775891,0.0,1,0,,1.0
600039.SH,四川路桥,CSI,地方国有企业,工业,建筑,工业--建筑--建筑与工程Ⅲ--建筑与工程Ⅳ,2023,,,,,,,,,,240914762578.04,,0.04862,9003845893.62,2709537928.39,target_year,,,,,,,,,,SOE_target,0.060896,0.20717400000000002,26.062239,0.019707,0.173049,0.779731,0.109348,0.029618,0.779158,1.209964,0.025586,True,Pooled_H_plus_CSI_nonSOE,0.037102609589892296,0.04862,-0.0115173904101077,-2774709376.1696916,0.0,1,0,,1.0
600039.SH,四川路桥,CSI,地方国有企业,工业,建筑,工业--建筑--建筑与工程Ⅲ--建筑与工程Ⅳ,2024,,,,,,,,,,239773354769.84,,0.042016,7209866536.24,2864382037.39,target_year,,,,,,,,,,SOE_target,0.050009,0.155112,26.207709,0.015611,0.176169,0.510636,0.090428,0.07493,0.789344,1.17526,0.032152,True,Pooled_H_plus_CSI_nonSOE,0.021075903591887248,0.042016,-0.02094009640811275,-5020877164.977071,0.0,1,0,,1.0
600039.SH,四川路桥,CSI,地方国有企业,工业,建筑,工业--建筑--建筑与工程Ⅲ--建筑与工程Ⅳ,2025,,,,,,,,,,267673535809.41,,0.035663,7296866124.06,2249190329.58,target_year,,,,,,,,,,SOE_target,0.045757000000000006,0.14499,26.20296,0.015081,0.174423,0.444562,0.109226,0.016385,0.788718,1.199839,0.031514,True,Pooled_H_plus_CSI_nonSOE,0.01488476707415956,0.035663,-0.02077823292584044,-5561783075.131213,0.0,1,0,,1.0
600048.SH,保利发展,CSI,中央国有企业,房地产,房地产Ⅱ,房地产--房地产Ⅱ--房地产管理和开发--房地产开发,2019,,,,,,,,,,1033210000000.0,,0.031517,27959019793.0,4604619675.0,target_year,,,,,,,,,,SOE_target,0.056267,0.201184,27.46436886,0.31565396,0.396279334,0.231234939,0.37990177,0.006463865,0.779686125,1.722829263,0.000713354,True,Pooled_H_plus_CSI_nonSOE,0.06298531198962365,0.031517,0.031468311989623646,32513374630.799046,32513374630.799046,0,1,FirmSize_lag,1.0
600048.SH,保利发展,CSI,中央国有企业,房地产,房地产Ⅱ,房地产--房地产Ⅱ--房地产管理和开发--房地产开发,2020,,,,,,,,,,1251370000000.0,,0.025658366,28948429857.0,3159806207.0,target_year,,,,,,,,,,SOE_target,0.045993000000000006,0.172182,27.66369034,0.314541861,0.408200157,0.227794552,0.326382738,0.007711161,0.777855138,1.562316531,0.000270148,True,Pooled_H_plus_CSI_nonSOE,0.06133308920840676,0.025658366,0.035674723208406756,44642278381.30396,44642278381.30396,0,2,"FirmSize_lag, CapexRatio_lag",1.0
600048.SH,保利发展,CSI,中央国有企业,房地产,房地产Ⅱ,房地产--房地产Ⅱ--房地产管理和开发--房地产开发,2021,,,,,,,,,,1399930000000.0,,0.023551996,27387836594.0,5583381396.0,target_year,,,,,,,,,,SOE_target,0.040119999999999996,0.145761,27.855264,0.291838363,0.406330004,0.196621821,0.307236072,0.006557157,0.786924063,1.51142457,0.000317625,True,Pooled_H_plus_CSI_nonSOE,0.05633629389710154,0.023551996,0.03278429789710154,45895722155.08936,45895722155.08936,0,2,"FirmSize_lag, CapexRatio_lag",1.0
600048.SH,保利发展,CSI,中央国有企业,房地产,房地产Ⅱ,房地产--房地产Ⅱ--房地产管理和开发--房地产开发,2022,,,,,,,,,,1470460000000.0,,0.016221919,18346819483.0,5506935348.0,target_year,,,,,,,,,,SOE_target,0.026187000000000002,0.09364800000000001,27.96744553,0.306902177,0.390202805,0.203106181,0.306103727,0.008462026,0.783622181,1.52334607,0.000194029,True,Pooled_H_plus_CSI_nonSOE,0.058823298084470926,0.016221919,0.042601379084470925,62643623888.55112,62643623888.55112,0,2,"FirmSize_lag, CapexRatio_lag",1.0
600048.SH,保利发展,CSI,中央国有企业,房地产,房地产Ⅱ,房地产--房地产Ⅱ--房地产管理和开发--房地产开发,2023,,,,,,,,,,1436911790321.09,,0.011454,12067156751.87,4391271101.53,target_year,,,,,,,,,,SOE_target,0.01694,0.061128999999999996,28.016599,0.281643,0.393852,0.186661,0.311548,0.007289,0.780891,1.543905,0.000127,True,Pooled_H_plus_CSI_nonSOE,0.05672194623930377,0.011454,0.04526794623930377,65046045674.87683,65046045674.87683,0,2,"FirmSize_lag, CapexRatio_lag",1.0
600048.SH,保利发展,CSI,中央国有企业,房地产,房地产Ⅱ,房地产--房地产Ⅱ--房地产管理和开发--房地产开发,2024,,,,,,,,,,1335108015599.69,,0.007223,5001183340.24,4642572794.51,target_year,,,,,,,,,,SOE_target,0.014591,0.025249999999999998,27.993517,0.344359,0.37554,0.231528,0.316517,0.00623,0.765451,1.558916,0.000125,True,Pooled_H_plus_CSI_nonSOE,0.06598643358638376,0.007223,0.05876343358638376,78455531205.34099,78455531205.34099,0,2,"FirmSize_lag, CapexRatio_lag",1.0
600048.SH,保利发展,CSI,中央国有企业,房地产,房地产Ⅱ,房地产--房地产Ⅱ--房地产管理和开发--房地产开发,2025,,,,,,,,,,1188292419390.15,,0.004163,1034698076.02,3911853774.36,target_year,,,,,,,,,,SOE_target,0.010818000000000001,0.005313,27.920033,0.370621,0.353891,0.220606,0.332909,0.004635,0.743444,1.615099,0.000134,True,Pooled_H_plus_CSI_nonSOE,0.0703967007241397,0.004163,0.0662337007241397,78705004478.6511,78705004478.6511,0,2,"FirmSize_lag, CapexRatio_lag",1.0
600050.SH,中国联通,CSI,中央国有企业,通讯服务,电信服务,通讯服务--电信服务--多元电信服务--综合电信业务,2019,,,,,,,,,,564231000000.0,,0.010101391,4982083711.0,717430307.0,target_year,,,,,,,,,,SOE_target,0.02538,0.03515,27.01809315,0.216004559,0.376451505,0.51908301,-0.254483315,0.707287713,0.414982728,0.355129441,0.104885955,True,Pooled_H_plus_CSI_nonSOE,0.09935291965534361,0.010101391,0.08925152865534361,50358479264.73318,50358479264.73318,0,1,FirmSize_lag,1.0
600050.SH,中国联通,CSI,中央国有企业,通讯服务,电信服务,通讯服务--电信服务--多元电信服务--综合电信业务,2020,,,,,,,,,,582475000000.0,,0.009868284,5521311508.0,226721429.0,target_year,,,,,,,,,,SOE_target,0.027835000000000002,0.037942000000000004,27.0587289,0.215538555,0.377325617,0.523110571,-0.218366135,0.648668624,0.426660113,0.404249093,0.106989431,True,Pooled_H_plus_CSI_nonSOE,0.0972877705792825,0.009868284,0.0874194865792825,50919665445.26758,50919665445.26758,0,1,FirmSize_lag,1.0
600050.SH,中国联通,CSI,中央国有企业,通讯服务,电信服务,通讯服务--电信服务--多元电信服务--综合电信业务,2021,,,,,,,,,,593284000000.0,,0.012700151,6305465753.0,1229336920.0,target_year,,,,,,,,,,SOE_target,0.030314,0.042472,27.09055284,0.216924109,0.375629725,0.52757066,-0.195009677,0.622322545,0.430921996,0.488897939,0.100700722,True,Pooled_H_plus_CSI_nonSOE,0.098221716576271,0.012700151,0.085521565576271,50738576511.35236,50738576511.35236,0,1,FirmSize_lag,1.0
600050.SH,中国联通,CSI,中央国有企业,通讯服务,电信服务,通讯服务--电信服务--多元电信服务--综合电信业务,2022,,,,,,,,,,644687000000.0,,0.010162857,7299489574.0,-747627534.0,target_year,,,,,,,,,,SOE_target,0.032905000000000004,0.048088,27.10893985,0.214754812,0.374126853,0.555261993,-0.183530803,0.593470184,0.433306679,0.536927029,0.121437607,True,Pooled_H_plus_CSI_nonSOE,0.09712917890070225,0.010162857,0.08696632190070225,56066057167.19803,56066057167.19803,0,1,FirmSize_lag,1.0
600050.SH,中国联通,CSI,中央国有企业,通讯服务,电信服务,通讯服务--电信服务--多元电信服务--综合电信业务,2023,,,,,,,,,,662844796563.0,,0.011939,8172679256.0,-258709687.0,target_year,,,,,,,,,,SOE_target,0.034735999999999996,0.05212,27.192031,0.214301,0.373379,0.571171,-0.157774,0.54134,0.461329,0.589832,0.112407,True,Pooled_H_plus_CSI_nonSOE,0.0944390812944341,0.011939,0.08250008129443409,54684749602.04013,54684749602.04013,0,1,FirmSize_lag,1.0
600050.SH,中国联通,CSI,中央国有企业,通讯服务,电信服务,通讯服务--电信服务--多元电信服务--综合电信业务,2024,,,,,,,,,,672836701609.0,,0.013008,9029899018.0,-277552108.0,target_year,,,,,,,,,,SOE_target,0.037571,0.055725,27.219807,0.211944,0.374249,0.567565,-0.15427,0.531136,0.460002,0.607135,0.119744,True,Pooled_H_plus_CSI_nonSOE,0.09276090457575158,0.013008,0.07975290457575157,53660681258.48601,53660681258.48601,0,1,FirmSize_lag,1.0
600050.SH,中国联通,CSI,中央国有企业,通讯服务,电信服务,通讯服务--电信服务--多元电信服务--综合电信业务,2025,,,,,,,,,,671056308815.0,,0.01273,9126662570.0,-584217448.0,target_year,,,,,,,,,,SOE_target,0.036787,0.05474300000000001,27.234768,0.214383,0.373264,0.5808,-0.159284,0.521086,0.45189,0.597066,0.112571,True,Pooled_H_plus_CSI_nonSOE,0.09526706821016681,0.01273,0.0825370682101668,55387020333.52641,55387020333.52641,0,1,FirmSize_lag,1.0
600085.SH,同仁堂,CSI,地方国有企业,医疗保健,医药生物,医疗保健--医药生物--制药--中药,2019,,,,,,,,,,20921822081.0,,0.049259163,985435905.0,45155539.17,target_year,,,,,,,,,,SOE_target,0.092627,0.106557,23.74259659,0.044393641,0.277672488,0.717188255,0.545479466,0.175814588,0.290478372,3.305792709,0.030049137,True,Pooled_H_plus_CSI_nonSOE,0.06350056527453585,0.049259163,0.014241402274535846,297956084.57178766,297956084.57178766,1,0,,1.0
600085.SH,同仁堂,CSI,地方国有企业,医疗保健,医药生物,医疗保健--医药生物--制药--中药,2020,,,,,,,,,,21837512362.0,,0.045586645,1031440915.0,-35941988.89,target_year,,,,,,,,,,SOE_target,0.09274800000000001,0.108193,23.76405857,0.035361667,0.276190471,0.635012754,0.536228996,0.186854042,0.299285654,3.292555198,0.022168669,True,Pooled_H_plus_CSI_nonSOE,0.058430815502457115,0.045586645,0.012844170502457113,280484732.12704295,280484732.12704295,1,0,,1.0
600085.SH,同仁堂,CSI,地方国有企业,医疗保健,医药生物,医疗保健--医药生物--制药--中药,2021,,,,,,,,,,25072835362.0,,0.054031558,1227372820.0,127351544.8,target_year,,,,,,,,,,SOE_target,0.099836,0.11994500000000001,23.80689508,0.031735322,0.256105921,0.593509445,0.500448163,0.19275382,0.28808725,2.95210164,0.052705572,True,Pooled_H_plus_CSI_nonSOE,0.05637774867482952,0.054031558,0.0023461906748295167,58825652.51786015,58825652.51786015,1,0,,1.0
600085.SH,同仁堂,CSI,地方国有企业,医疗保健,医药生物,医疗保健--医药生物--制药--中药,2022,,,,,,,,,,27044491890.0,,0.052549744,1425811705.0,-4630592.51,target_year,,,,,,,,,,SOE_target,0.104262,0.12707100000000002,23.94505084,0.030176801,0.230275265,0.615993482,0.47347069,0.160434637,0.33503726,2.883619323,0.018793541,True,Pooled_H_plus_CSI_nonSOE,0.05376194112191249,0.052549744,0.0012121971219124852,32783255.23264355,32783255.23264355,1,0,,1.0
600085.SH,同仁堂,CSI,地方国有企业,医疗保健,医药生物,医疗保健--医药生物--制药--中药,2023,,,,,,,,,,30089450163.66,,0.051802,1668834509.63,-110139252.35,target_year,,,,,,,,,,SOE_target,0.10784,0.13423,24.020749,0.028082,0.212266,0.583495,0.525941,0.145857,0.31764,3.245059,0.012203,True,Pooled_H_plus_CSI_nonSOE,0.05567970033566063,0.051802,0.003877700335660629,116677870.99946815,116677870.99946815,1,0,,1.0
600085.SH,同仁堂,CSI,地方国有企业,医疗保健,医药生物,医疗保健--医药生物--制药--中药,2024,,,,,,,,,,31197524019.77,,0.049119,1526274925.98,6104419.93,target_year,,,,,,,,,,SOE_target,0.091748,0.116268,24.12744,0.02949,0.216978,0.619334,0.538375,0.130842,0.32677,3.261915,0.010785,True,Pooled_H_plus_CSI_nonSOE,0.05644121458839056,0.049119,0.007322214588390559,228434965.49922478,228434965.49922478,1,0,,1.0
600085.SH,同仁堂,CSI,地方国有企业,医疗保健,医药生物,医疗保健--医药生物--制药--中药,2025,,,,,,,,,,30621119491.71,,0.036822,1189374356.88,-61856885.45,target_year,,,,,,,,,,SOE_target,0.063568,0.088584,24.163605,0.030434,0.230555,0.601836,0.516001,0.132703,0.330043,3.11878,0.016654,True,Pooled_H_plus_CSI_nonSOE,0.053979330426086006,0.036822,0.017157330426086005,525376665.1359312,525376665.1359312,1,0,,1.0
600104.SH,上汽集团,CSI,地方国有企业,可选消费,汽车与零配件,可选消费--汽车与零配件--汽车--汽车制造,2019,,,,,,,,,,849333000000.0,,0.03253059,25603384202.0,2025928206.0,target_year,,,,,,,,,,SOE_target,0.050204000000000006,0.105784,27.38610456,0.591110538,0.376606004,1.168639891,0.049890403,0.115023003,0.636265723,1.094256631,0.040848718,True,Pooled_H_plus_CSI_nonSOE,0.08382244942165462,0.03253059,0.05129185942165462,43563868838.17219,43563868838.17219,0,1,FirmSize_lag,1.0
600104.SH,上汽集团,CSI,地方国有企业,可选消费,汽车与零配件,可选消费--汽车与零配件--汽车--汽车制造,2020,,,,,,,,,,919415000000.0,,0.022784011,20431037480.0,516918858.2,target_year,,,,,,,,,,SOE_target,0.040583999999999995,0.080152,27.4677175,0.584514926,0.369422071,1.004740563,0.056932128,0.116848769,0.645793199,1.104481436,0.031712856,True,Pooled_H_plus_CSI_nonSOE,0.07489761510832552,0.022784011,0.052113604108325516,47914029321.2561,47914029321.2561,0,1,FirmSize_lag,1.0
600104.SH,上汽集团,CSI,地方国有企业,可选消费,汽车与零配件,可选消费--汽车与零配件--汽车--汽车制造,2021,,,,,,,,,,916923000000.0,,0.027371208,24533097944.0,564183662.3,target_year,,,,,,,,,,SOE_target,0.045260999999999996,0.091905,27.54700317,0.537049464,0.324255792,0.811062728,0.060136769,0.104539258,0.662784059,1.108225401,0.016464627,True,Pooled_H_plus_CSI_nonSOE,0.06479073245726481,0.027371208,0.03741952445726481,34310822623.928623,34310822623.928623,0,1,FirmSize_lag,1.0
600104.SH,上汽集团,CSI,地方国有企业,可选消费,汽车与零配件,可选消费--汽车与零配件--汽车--汽车制造,2022,,,,,,,,,,990107000000.0,,0.015506544,16117549650.0,-764406025.7,target_year,,,,,,,,,,SOE_target,0.02944,0.058291,27.544289,0.49624797,0.289774151,0.82160727,0.070374421,0.101621896,0.641441168,1.13429849,0.02044087,True,Pooled_H_plus_CSI_nonSOE,0.07020386849770355,0.015506544,0.05469732449770355,54156203866.44777,54156203866.44777,0,1,FirmSize_lag,1.0
600104.SH,上汽集团,CSI,地方国有企业,可选消费,汽车与零配件,可选消费--汽车与零配件--汽车--汽车制造,2023,,,,,,,,,,1006650278661.54,,0.013857,14106165142.98,-156683993.96,target_year,,,,,,,,,,SOE_target,0.026015,0.049885,27.621079,0.398005,0.236564,0.750589,0.038572,0.095925,0.66034,1.070207,0.023164,True,Pooled_H_plus_CSI_nonSOE,0.06411176895566081,0.013857,0.05025476895566081,50588977173.28727,50588977173.28727,0,1,FirmSize_lag,1.0
600104.SH,上汽集团,CSI,地方国有企业,可选消费,汽车与零配件,可选消费--汽车与零配件--汽车--汽车制造,2024,,,,,,,,,,957143417731.69,,0.004932,1666376761.07,3054077070.48,target_year,,,,,,,,,,SOE_target,0.013815,0.005805,27.637649,0.342769,0.222276,0.722406,0.071692,0.097073,0.659358,1.131829,0.019282,True,Pooled_H_plus_CSI_nonSOE,0.06493055775223963,0.004932,0.05999855775223963,57427224625.95082,57427224625.95082,0,1,FirmSize_lag,1.0
600104.SH,上汽集团,CSI,地方国有企业,可选消费,汽车与零配件,可选消费--汽车与零配件--汽车--汽车制造,2025,,,,,,,,,,960207461450.69,,0.010248,10105800270.34,-265824180.92,target_year,,,,,,,,,,SOE_target,0.025705,0.034451999999999997,27.587219,0.26178,0.204324,0.620374,0.094252,0.100007,0.63774,1.176221,0.021734,True,Pooled_H_plus_CSI_nonSOE,0.05980629731920965,0.010248,0.04955829731920965,47586246862.69683,47586246862.69683,0,1,FirmSize_lag,1.0
600111.SH,北方稀土,CSI,地方国有企业,材料,有色金属,材料--有色金属--其他金属与采矿--金属非金属,2019,,,,,,,,,,23249789494.0,,0.043282698,616294511.7,390019111.1,target_year,,,,,,,,,,SOE_target,0.05133,0.065095,23.8938532,0.017646653,0.167062795,0.622517459,0.470818754,0.163159257,0.47422306,2.82050655,0.007902791,True,Pooled_H_plus_CSI_nonSOE,0.10939734690085652,0.043282698,0.06611464890085653,1537151669.4146328,1537151669.4146328,1,0,,1.0
600111.SH,北方稀土,CSI,地方国有企业,材料,有色金属,材料--有色金属--其他金属与采矿--金属非金属,2020,,,,,,,,,,25529146004.0,,0.048506632,832623455.2,405709442.1,target_year,,,,,,,,,,SOE_target,0.060104,0.082956,23.86956191,0.019452349,0.15478921,0.764815494,0.477193011,0.16554144,0.442861415,2.937880661,0.008883409,True,Pooled_H_plus_CSI_nonSOE,0.12259007978208081,0.048506632,0.07408344778208081,1891287154.908451,1891287154.908451,1,0,,1.0
600111.SH,北方稀土,CSI,地方国有企业,材料,有色金属,材料--有色金属--其他金属与采矿--金属非金属,2021,,,,,,,,,,34707756657.0,,0.159096641,5130043122.0,391844362.9,target_year,,,,,,,,,,SOE_target,0.222313,0.39806600000000003,23.96308662,0.019082992,0.159708925,0.867219831,0.564907722,0.150001984,0.459639851,4.537805877,0.005932262,True,Pooled_H_plus_CSI_nonSOE,0.11729086475087445,0.159096641,-0.041805776249125556,-1450984708.91164,0.0,1,0,,1.0
600111.SH,北方稀土,CSI,地方国有企业,材料,有色金属,材料--有色金属--其他金属与采矿--金属非金属,2022,,,,,,,,,,36645246207.0,,0.16901701,5983647410.0,210022530.5,target_year,,,,,,,,,,SOE_target,0.20846800000000001,0.340184,24.27022903,0.020218983,0.168216562,1.002172561,0.480913141,0.128744205,0.446127904,2.662234864,0.009474372,True,Pooled_H_plus_CSI_nonSOE,0.13734716216620557,0.16901701,-0.03166984783379442,-1160549371.2076223,0.0,1,0,,1.0
600111.SH,北方稀土,CSI,地方国有企业,材料,有色金属,材料--有色金属--其他金属与采矿--金属非金属,2023,,,,,,,,,,40496655048.44,,0.062697,2370740184.54,168287209.07,target_year,,,,,,,,,,SOE_target,0.081204,0.11439,24.32455,0.0216,0.153058,1.037221,0.48697,0.15619,0.316914,2.914617,0.027693,True,Pooled_H_plus_CSI_nonSOE,0.15964567026679616,0.062697,0.09694867026679616,3926096857.1993957,3926096857.1993957,1,0,,1.0
600111.SH,北方稀土,CSI,地方国有企业,材料,有色金属,材料--有色金属--其他金属与采矿--金属非金属,2024,,,,,,,,,,45380919517.66,,0.026432,1004276921.89,195231222.79,target_year,,,,,,,,,,SOE_target,0.047333999999999994,0.045596,24.424485,0.019248,0.159476,0.864691,0.486653,0.170179,0.335716,3.131002,0.027501,True,Pooled_H_plus_CSI_nonSOE,0.14621229110513362,0.026432,0.11978029110513362,5435739750.443955,5435739750.443955,1,0,,1.0
600111.SH,北方稀土,CSI,地方国有企业,材料,有色金属,材料--有色金属--其他金属与采矿--金属非金属,2025,,,,,,,,,,48127817177.89,,0.050843,2251272073.68,195668514.09,target_year,,,,,,,,,,SOE_target,0.076569,0.09561,24.538358,0.018338,0.15747,0.764517,0.457977,0.200181,0.379574,2.910177,0.037205,True,Pooled_H_plus_CSI_nonSOE,0.13490770944776964,0.050843,0.08406470944776964,4045850967.4146996,4045850967.4146996,1,0,,1.0
600115.SH,中国东航,CSI,中央国有企业,工业,交通运输,工业--交通运输--航空客运Ⅲ--航空客运Ⅳ,2019,,,,,,,,,,285185000000.0,,0.029321318,3192000000.0,5170000000.0,target_year,,,,,,,,,,SOE_target,0.035761,0.05026099999999999,26.19980052,0.13235558,0.111099702,0.491859096,-0.239029023,0.753519624,0.742273562,0.218055403,0.045402628,True,Pooled_H_plus_CSI_nonSOE,0.006419694750103178,0.029321318,-0.02290162324989682,-6531199426.521825,0.0,0,1,FixedAssetsRatio_lag,1.0
600115.SH,中国东航,CSI,中央国有企业,工业,交通运输,工业--交通运输--航空客运Ⅲ--航空客运Ⅳ,2020,,,,,,,,,,284650000000.0,,-0.02326717,-11836000000.0,5213000000.0,target_year,,,,,,,,,,SOE_target,-0.040155,-0.18898700000000002,26.37640393,0.125014343,0.108646931,0.461600681,-0.205550783,0.348675421,0.745267107,0.251942881,0.026610797,True,Pooled_H_plus_CSI_nonSOE,-0.0057210817450000645,-0.02326717,0.017546088254999936,4994494021.785731,4994494021.785731,1,0,,1.0
600115.SH,中国东航,CSI,中央国有企业,工业,交通运输,工业--交通运输--航空客运Ⅲ--航空客运Ⅳ,2021,,,,,,,,,,288790000000.0,,-0.022168358,-12214000000.0,5812000000.0,target_year,,,,,,,,,,SOE_target,-0.041992,-0.222348,26.37452619,0.073820843,0.123286456,0.206119315,-0.271596698,0.354972774,0.792186896,0.225412793,0.025459336,True,Pooled_H_plus_CSI_nonSOE,-0.031215531119869744,-0.022168358,-0.009047173119869745,-2612733125.287184,0.0,1,0,,1.0
600115.SH,中国东航,CSI,中央国有企业,工业,交通运输,工业--交通运输--航空客运Ⅲ--航空客运Ⅳ,2022,,,,,,,,,,287984000000.0,,-0.0992069,-37386000000.0,8816000000.0,target_year,,,,,,,,,,SOE_target,-0.110379,-0.8803230000000001,26.38896562,0.06097388,0.15352339,0.234120396,-0.200772187,0.322871291,0.802098411,0.324946735,0.037421656,True,Pooled_H_plus_CSI_nonSOE,-0.03678396063366071,-0.0992069,0.06242293936633929,17976807770.475853,17976807770.475853,1,0,,1.0
600115.SH,中国东航,CSI,中央国有企业,工业,交通运输,工业--交通运输--航空客运Ⅲ--航空客运Ⅳ,2023,,,,,,,,,,284733000000.0,,-0.00733,-8168000000.0,6081000000.0,target_year,,,,,,,,,,SOE_target,-0.009401,-0.22023900000000002,26.386171,0.039267,0.180808,0.159893,-0.274435,0.309767,0.887692,0.25753,0.03479,True,Pooled_H_plus_CSI_nonSOE,-0.058463009945284194,-0.00733,-0.05113300994528419,-14559255320.750603,0.0,1,0,,1.0
600115.SH,中国东航,CSI,中央国有企业,工业,交通运输,工业--交通运输--航空客运Ⅲ--航空客运Ⅳ,2024,,,,,,,,,,278842000000.0,,0.003307,-4226000000.0,5148000000.0,target_year,,,,,,,,,,SOE_target,0.004007,-0.09870799999999999,26.374818,0.093572,0.114556,0.397198,-0.283076,0.337098,0.847355,0.241502,0.065553,True,Pooled_H_plus_CSI_nonSOE,-0.03427026430456466,0.003307,-0.03757726430456466,-10478119533.213419,0.0,1,0,,1.0
600115.SH,中国东航,CSI,中央国有企业,工业,交通运输,工业--交通运输--航空客运Ⅲ--航空客运Ⅳ,2025,,,,,,,,,,294006000000.0,,0.00868,-1633000000.0,4185000000.0,target_year,,,,,,,,,,SOE_target,0.015205,-0.039456000000000005,26.353911,0.095116,0.116886,0.468864,-0.340336,0.370568,0.843456,0.167566,0.058596,True,Pooled_H_plus_CSI_nonSOE,-0.0268022722182861,0.00868,-0.0354822722182861,-10432000925.809423,0.0,0,1,CurrentRatio_lag,1.0
600150.SH,中国船舶,CSI,中央国有企业,工业,机械,工业--机械--机械Ⅲ--建筑机械与重型卡车,2019,,,,,,,,,,44351383662.0,,0.012464128,404757012.2,148044295.7,target_year,,,,,,,,,,SOE_target,0.009106999999999999,0.026532,24.53591577,0.029817025,0.247583643,0.344076768,0.270348175,0.193985661,0.544529807,1.710203397,0.006719063,True,Pooled_H_plus_CSI_nonSOE,0.060022708227059074,0.012464128,0.047558580227059076,2109288838.0703042,2109288838.0703042,1,0,,1.0
600150.SH,中国船舶,CSI,中央国有企业,工业,机械,工业--机械--机械Ⅲ--建筑机械与重型卡车,2020,,,,,,,,,,152510000000.0,,0.001747771,305800985.4,-39249305.42,target_year,,,,,,,,,,SOE_target,0.0031569999999999997,0.009995,24.51540974,0.035511472,0.225950341,0.514956109,0.259465378,0.201965756,0.52498716,1.691017199,0.017188794,True,Pooled_H_plus_CSI_nonSOE,0.07293154538814679,0.001747771,0.0711837743881468,10856237431.936268,10856237431.936268,1,0,,1.0
600150.SH,中国船舶,CSI,中央国有企业,工业,机械,工业--机械--机械Ⅲ--建筑机械与重型卡车,2021,,,,,,,,,,160402000000.0,,-0.003399258,213814622.4,-759063293.3,target_year,,,,,,,,,,SOE_target,0.002098,0.004657,25.75049291,0.072042941,0.195497669,0.559491297,0.129903575,0.174424107,0.6536226,1.219782006,0.013788703,True,Pooled_H_plus_CSI_nonSOE,0.062399744699097655,-0.003399258,0.06579900269909765,10554291630.94066,10554291630.94066,1,0,,1.0
600150.SH,中国船舶,CSI,中央国有企业,工业,机械,工业--机械--机械Ⅲ--建筑机械与重型卡车,2022,,,,,,,,,,162438000000.0,,-0.006994407,171873146.3,-1308027192.0,target_year,,,,,,,,,,SOE_target,0.013464,0.0037359999999999997,25.80095053,0.074553764,0.187780789,0.380590501,0.158124474,0.16421145,0.668931232,1.272382023,0.007356286,True,Pooled_H_plus_CSI_nonSOE,0.05172820652903031,-0.006994407,0.05872261352903031,9538783896.428625,9538783896.428625,1,0,,1.0
600150.SH,中国船舶,CSI,中央国有企业,工业,机械,工业--机械--机械Ⅲ--建筑机械与重型卡车,2023,,,,,,,,,,177832168643.44,,0.009259,2957396962.72,-1310930190.34,target_year,,,,,,,,,,SOE_target,0.017764,0.062717,25.813559,0.080153,0.187488,0.367781,0.150325,0.129527,0.689239,1.259374,0.008802,True,Pooled_H_plus_CSI_nonSOE,0.04561856273641803,0.009259,0.036359562736418036,6465899892.344429,6465899892.344429,1,0,,1.0
600150.SH,中国船舶,CSI,中央国有企业,工业,机械,工业--机械--机械Ⅲ--建筑机械与重型卡车,2024,,,,,,,,,,181976769308.99,,0.011201,3614135616.3,-1575781961.35,target_year,,,,,,,,,,SOE_target,0.014025000000000001,0.07283,25.904106,0.091615,0.188674,0.438522,0.14979,0.122893,0.704932,1.249494,0.013618,True,Pooled_H_plus_CSI_nonSOE,0.046659207460415304,0.011201,0.03545820746041531,6452570039.134304,6452570039.134304,1,0,,1.0
600150.SH,中国船舶,CSI,中央国有企业,工业,机械,工业--机械--机械Ⅲ--建筑机械与重型卡车,2025,,,,,,,,,,420489480242.16,,0.013112,7848378198.33,-2334822741.29,target_year,,,,,,,,,,SOE_target,0.027851,0.080778,25.927145,0.092837,0.187309,0.435525,0.148662,0.119424,0.6963,1.243995,0.009025,True,Pooled_H_plus_CSI_nonSOE,0.048460660169222014,0.013112,0.035348660169222015,14863739741.812908,14863739741.812908,1,0,,1.0
600160.SH,巨化股份,CSI,地方国有企业,材料,化工,材料--化工--基础化工--商品化工,2019,,,,,,,,,,15385300893.0,,0.058389253,895359996.4,2976229.44,target_year,,,,,,,,,,SOE_target,0.068131,0.070288,23.44894781,0.058569237,0.192081294,1.101103205,0.357058844,0.368157629,0.156008094,3.558695124,0.069004854,True,Pooled_H_plus_CSI_nonSOE,0.16087976948936225,0.058389253,0.10249051648936225,1576847434.8678162,1576847434.8678162,1,0,,1.0
600160.SH,巨化股份,CSI,地方国有企业,材料,化工,材料--化工--基础化工--商品化工,2020,,,,,,,,,,15691644389.0,,0.009376308,95375175.24,51754515.63,target_year,,,,,,,,,,SOE_target,0.008813999999999999,0.007516,23.4566784,0.057567958,0.180537484,1.012933043,0.300401662,0.441129176,0.14094665,3.51676239,0.114227752,True,Pooled_H_plus_CSI_nonSOE,0.15519103603237594,0.009376308,0.14581472803237594,2288072858.962793,2288072858.962793,1,0,,1.0
600160.SH,巨化股份,CSI,地方国有企业,材料,化工,材料--化工--基础化工--商品化工,2021,,,,,,,,,,17894390845.0,,0.063603951,1109093339.0,29060612.11,target_year,,,,,,,,,,SOE_target,0.06406200000000001,0.085906,23.4763942,0.053828028,0.203999831,1.030213477,0.203862432,0.490215989,0.179823706,2.293492469,0.120151089,True,Pooled_H_plus_CSI_nonSOE,0.15537271014188225,0.063603951,0.09176875914188225,1642146043.4455078,1642146043.4455078,1,0,,1.0
600160.SH,巨化股份,CSI,地方国有企业,材料,化工,材料--化工--基础化工--商品化工,2022,,,,,,,,,,22626691197.0,,0.10046582,2380732575.0,-107523486.8,target_year,,,,,,,,,,SOE_target,0.134514,0.16531700000000002,23.60775314,0.033818168,0.197245037,1.067433871,0.145556896,0.47974255,0.238189141,1.7330402,0.095100199,True,Pooled_H_plus_CSI_nonSOE,0.15197573622254573,0.10046582,0.051509916222545735,1165498967.9508832,1165498967.9508832,1,0,,1.0
600160.SH,巨化股份,CSI,地方国有企业,材料,化工,材料--化工--基础化工--商品化工,2023,,,,,,,,,,23383806879.39,,0.039421,943505301.47,-21689528.72,target_year,,,,,,,,,,SOE_target,0.046794,0.059823,23.842396,0.029618,0.212868,1.056345,0.129305,0.489276,0.302398,1.596604,0.15415,True,Pooled_H_plus_CSI_nonSOE,0.13433539647530562,0.039421,0.09491439647530563,2219459917.252402,2219459917.252402,1,0,,1.0
600160.SH,巨化股份,CSI,地方国有企业,材料,化工,材料--化工--基础化工--商品化工,2024,,,,,,,,,,27913610331.15,,0.071699,1959534855.24,41838704.69,target_year,,,,,,,,,,SOE_target,0.09899699999999999,0.115721,23.87531,0.025104,0.215825,0.893905,0.081446,0.526715,0.299657,1.421695,0.127952,True,Pooled_H_plus_CSI_nonSOE,0.1302340747339271,0.071699,0.05853507473392709,1633925266.8275847,1633925266.8275847,1,0,,1.0
600160.SH,巨化股份,CSI,地方国有企业,材料,化工,材料--化工--基础化工--商品化工,2025,,,,,,,,,,38208012673.28,,0.101902,3783228877.44,110248162.07,target_year,,,,,,,,,,SOE_target,0.156815,0.19794899999999999,24.05238,0.029335,0.213171,0.949932,0.10628,0.516944,0.312525,1.595459,0.069399,True,Pooled_H_plus_CSI_nonSOE,0.13955863315591402,0.101902,0.03765663315591401,1438785116.8542185,1438785116.8542185,1,0,,1.0
600161.SH,天坛生物,CSI,中央国有企业,医疗保健,医药生物,医疗保健--医药生物--生物科技Ⅲ--生物科技Ⅳ,2019,,,,,,,,,,6314412346.0,,0.096777628,611093849.3,0.0,target_year,,,,,,,,,,SOE_target,0.179251,0.167189,22.34600895,0.009154301,0.277672488,0.663614746,0.58229648,0.194766146,0.142133659,7.116183644,0.058004009,True,Pooled_H_plus_CSI_nonSOE,0.04497346584700734,0.096777628,-0.05180416215299266,-327112841.0730428,0.0,1,0,,1.0
600161.SH,天坛生物,CSI,中央国有企业,医疗保健,医药生物,医疗保健--医药生物--生物科技Ⅲ--生物科技Ⅳ,2020,,,,,,,,,,7541051691.0,,0.080718513,639006857.1,-30304376.4,target_year,,,,,,,,,,SOE_target,0.159485,0.151122,22.56610053,0.008736307,0.276190471,0.570658994,0.537566054,0.247020815,0.18007217,6.206630682,0.083337901,True,Pooled_H_plus_CSI_nonSOE,0.0394051380078632,0.080718513,-0.0413133749921368,-311546296.34537035,0.0,1,0,,1.0
600161.SH,天坛生物,CSI,中央国有企业,医疗保健,医药生物,医疗保健--医药生物--生物科技Ⅲ--生物科技Ⅳ,2021,,,,,,,,,,11577632332.0,,0.060104193,760012025.0,-64147776.17,target_year,,,,,,,,,,SOE_target,0.129822,0.12092499999999999,22.74362749,0.008525476,0.256105921,0.492054521,0.49287932,0.264855123,0.200250169,4.956767402,0.080745481,True,Pooled_H_plus_CSI_nonSOE,0.042429474386113844,0.060104193,-0.017674718613886156,-204631393.6831306,0.0,1,0,,1.0
600161.SH,天坛生物,CSI,中央国有企业,医疗保健,医药生物,医疗保健--医药生物--生物科技Ⅲ--生物科技Ⅳ,2022,,,,,,,,,,12940709340.0,,0.06360082,881029002.2,-57989278.24,target_year,,,,,,,,,,SOE_target,0.116343,0.104587,23.17234083,0.0084904,0.230275265,0.425247477,0.581824335,0.223624264,0.113215656,9.320564621,0.0977486,True,Pooled_H_plus_CSI_nonSOE,0.0288746266457134,0.06360082,-0.0347261933542866,-449381574.6824626,0.0,1,0,,1.0
600161.SH,天坛生物,CSI,中央国有企业,医疗保健,医药生物,医疗保健--医药生物--生物科技Ⅲ--生物科技Ⅳ,2023,,,,,,,,,,14188056936.91,,0.074736,1109888597.22,-49525032.2,target_year,,,,,,,,,,SOE_target,0.132597,0.119225,23.283644,0.007787,0.212266,0.343937,0.472413,0.309779,0.122433,6.282215,0.104633,True,Pooled_H_plus_CSI_nonSOE,0.041444809159557464,0.074736,-0.03329119084044253,-472337311.1417353,0.0,1,0,,1.0
600161.SH,天坛生物,CSI,中央国有企业,医疗保健,医药生物,医疗保健--医药生物--生物科技Ⅲ--生物科技Ⅳ,2024,,,,,,,,,,15869522217.56,,0.095545,1549164832.24,-32913962.1,target_year,,,,,,,,,,SOE_target,0.167299,0.147812,23.375666,0.008554,0.216978,0.378329,0.4433,0.340882,0.101049,5.915182,0.075947,True,Pooled_H_plus_CSI_nonSOE,0.05331483020880731,0.095545,-0.04223016979119269,-670172617.7526636,0.0,1,0,,1.0
600161.SH,天坛生物,CSI,中央国有企业,医疗保健,医药生物,医疗保健--医药生物--生物科技Ⅲ--生物科技Ⅳ,2025,,,,,,,,,,16583015601.51,,0.065656,1090837981.2,-2060925.16,target_year,,,,,,,,,,SOE_target,0.112205,0.095379,23.487666,0.009853,0.230555,0.397298,0.416015,0.36459,0.084207,6.892785,0.067262,True,Pooled_H_plus_CSI_nonSOE,0.04857746926363303,0.065656,-0.017078530736366976,-283213541.6520416,0.0,1,0,,1.0
600176.SH,中国巨石,CSI,中央国有企业,材料,建材Ⅱ,材料--建材Ⅱ--建材Ⅲ--建材Ⅳ,2019,,,,,,,,,,33604242332.0,,0.078703117,2128865280.0,515893338.2,target_year,,,,,,,,,,SOE_target,0.094403,0.142471,24.13673625,0.065989415,0.736746816,0.360641015,-0.166593432,0.677495813,0.51991577,0.589855446,0.199344878,True,Pooled_H_plus_CSI_nonSOE,0.05020755068527603,0.078703117,-0.028495566314723976,-957571915.8275607,0.0,1,0,,1.0
600176.SH,中国巨石,CSI,中央国有企业,材料,建材Ⅱ,材料--建材Ⅱ--建材Ⅲ--建材Ⅳ,2020,,,,,,,,,,36737268363.0,,0.078969139,2416110989.0,484999467.5,target_year,,,,,,,,,,SOE_target,0.08114,0.146063,24.23791816,0.057753522,0.764425084,0.326127262,-0.074864208,0.646960783,0.521473005,0.784352158,0.152040284,True,Pooled_H_plus_CSI_nonSOE,0.05351574949971864,0.078969139,-0.02545338950028135,-935088000.8198024,0.0,1,0,,1.0
600176.SH,中国巨石,CSI,中央国有企业,材料,建材Ⅱ,材料--建材Ⅱ--建材Ⅲ--建材Ⅳ,2021,,,,,,,,,,43828317485.0,,0.147346744,6028473747.0,429486116.3,target_year,,,,,,,,,,SOE_target,0.190828,0.301392,24.32705756,0.05657087,0.753086611,0.328811274,-0.012078152,0.619425523,0.500610691,0.961569222,0.041692723,True,Pooled_H_plus_CSI_nonSOE,0.07387479132974883,0.147346744,-0.07347195267025117,-3220152067.8746614,0.0,1,0,,1.0
600176.SH,中国巨石,CSI,中央国有企业,材料,建材Ⅱ,材料--建材Ⅱ--建材Ⅲ--建材Ⅳ,2022,,,,,,,,,,48633670689.0,,0.141381399,6610015912.0,265880466.9,target_year,,,,,,,,,,SOE_target,0.173891,0.26353000000000004,24.50354596,0.093825706,0.668525521,0.485327071,0.00410086,0.612297252,0.463330844,1.0129454,0.083408369,True,Pooled_H_plus_CSI_nonSOE,0.09135011381757419,0.141381399,-0.050031285182425805,-2433205047.709542,0.0,1,0,,1.0
600176.SH,中国巨石,CSI,中央国有企业,材料,建材Ⅱ,材料--建材Ⅱ--建材Ⅲ--建材Ⅳ,2023,,,,,,,,,,52073958059.2,,0.06291,3044441957.13,231536047.89,target_year,,,,,,,,,,SOE_target,0.073635,0.108267,24.607582,0.116572,0.617588,0.433087,-0.017491,0.687123,0.407869,0.933374,0.114058,True,Pooled_H_plus_CSI_nonSOE,0.09791563959656047,0.06291,0.03500563959656047,1822882208.1867607,1822882208.1867607,1,0,,1.0
600176.SH,中国巨石,CSI,中央国有企业,材料,建材Ⅱ,材料--建材Ⅱ--建材Ⅲ--建材Ⅳ,2024,,,,,,,,,,53378083328.82,,0.04988,2444813278.64,217662066.36,target_year,,,,,,,,,,SOE_target,0.056956,0.083323,24.675931,0.082401,0.650954,0.291024,-0.020449,0.671059,0.42393,0.926322,0.028037,True,Pooled_H_plus_CSI_nonSOE,0.09504158450331965,0.04988,0.04516158450331965,2410638820.879742,2410638820.879742,1,0,,1.0
600176.SH,中国巨石,CSI,中央国有企业,材料,建材Ⅱ,材料--建材Ⅱ--建材Ⅲ--建材Ⅳ,2025,,,,,,,,,,54627103828.07,,0.065924,3285461018.68,315762318.79,target_year,,,,,,,,,,SOE_target,0.08269,0.10748100000000001,24.700666,0.118209,0.525443,0.296385,-0.027947,0.669764,0.410842,0.899525,0.02441,True,Pooled_H_plus_CSI_nonSOE,0.10638101661518401,0.065924,0.04045701661518401,2210049647.2116103,2210049647.2116103,1,0,,1.0
600188.SH,兖矿能源,CSI,地方国有企业,能源,煤炭Ⅱ,能源--煤炭Ⅱ--煤炭Ⅲ--煤炭与消费用燃料,2019,,,,,,,,,,210761000000.0,,0.057600333,9388645000.0,2751234000.0,target_year,,,,,,,,,,SOE_target,0.081058,0.176815,26.05115955,0.129482321,0.3281903,0.334462625,0.025388991,0.267689293,0.577458925,1.087754827,0.049390706,True,Pooled_H_plus_CSI_nonSOE,0.05019328229983697,0.057600333,-0.00740705070016303,-1561117412.6170604,0.0,1,0,,1.0
600188.SH,兖矿能源,CSI,地方国有企业,能源,煤炭Ⅱ,能源--煤炭Ⅱ--煤炭Ⅲ--煤炭与消费用燃料,2020,,,,,,,,,,273009000000.0,,0.033643654,6318000000.0,2867029000.0,target_year,,,,,,,,,,SOE_target,0.042332,0.11280699999999999,26.07398859,0.125485273,0.293470907,0.325386136,-0.019229621,0.285464889,0.595044725,0.939511468,0.05065633,True,Pooled_H_plus_CSI_nonSOE,0.048248982381435226,0.033643654,0.014605328381435224,3987386096.0872493,3987386096.0872493,1,0,,1.0
600188.SH,兖矿能源,CSI,地方国有企业,能源,煤炭Ⅱ,能源--煤炭Ⅱ--煤炭Ⅲ--煤炭与消费用燃料,2021,,,,,,,,,,301959000000.0,,0.073721162,16941435000.0,5319334000.0,target_year,,,,,,,,,,SOE_target,0.102991,0.26773800000000003,26.33277154,0.122009519,0.275297772,0.285768214,-0.164915276,0.309818779,0.662710303,0.561073745,0.025940776,True,Pooled_H_plus_CSI_nonSOE,0.03650470031922237,0.073721162,-0.037216461680777635,-11237845552.665934,0.0,1,0,,1.0
600188.SH,兖矿能源,CSI,地方国有企业,能源,煤炭Ⅱ,能源--煤炭Ⅱ--煤炭Ⅲ--煤炭与消费用燃料,2022,,,,,,,,,,308604000000.0,,0.117920884,30407538000.0,5983260000.0,target_year,,,,,,,,,,SOE_target,0.19546399999999997,0.38366700000000004,26.43355711,0.126076761,0.269530745,0.377814407,-0.024272447,0.283932375,0.642479663,0.923876494,0.059214617,True,Pooled_H_plus_CSI_nonSOE,0.04319850480817378,0.117920884,-0.07472237919182623,-23059625108.11434,0.0,1,0,,1.0
600188.SH,兖矿能源,CSI,地方国有企业,能源,煤炭Ⅱ,能源--煤炭Ⅱ--煤炭Ⅲ--煤炭与消费用燃料,2023,,,,,,,,,,414317629000.0,,0.051511,17778972000.0,3563014000.0,target_year,,,,,,,,,,SOE_target,0.095581,0.20117200000000002,26.455323,0.166306,0.250024,0.506423,0.01511,0.306255,0.548879,1.05571,0.055648,True,Pooled_H_plus_CSI_nonSOE,0.07189014423099477,0.051511,0.020379144230994767,8443438718.83478,8443438718.83478,1,0,,1.0
600188.SH,兖矿能源,CSI,地方国有企业,能源,煤炭Ⅱ,能源--煤炭Ⅱ--煤炭Ⅲ--煤炭与消费用燃料,2024,,,,,,,,,,356350370000.0,,0.051055,14056067000.0,4137324000.0,target_year,,,,,,,,,,SOE_target,0.08046099999999999,0.193195,26.749899,0.137765,0.263234,0.327655,-0.057889,0.316449,0.597567,0.806057,0.064969,True,Pooled_H_plus_CSI_nonSOE,0.04943554268907146,0.051055,-0.0016194573109285446,-577094211.948592,0.0,0,1,FirmSize_lag,1.0
600188.SH,兖矿能源,CSI,地方国有企业,能源,煤炭Ⅱ,能源--煤炭Ⅱ--煤炭Ⅲ--煤炭与消费用燃料,2025,,,,,,,,,,451972364000.0,,0.027923,8524664000.0,4095650000.0,target_year,,,,,,,,,,SOE_target,0.057912,0.131251,26.59918,0.144603,0.263097,0.323185,-0.054503,0.375712,0.629619,0.834785,0.052579,True,Pooled_H_plus_CSI_nonSOE,0.049186238548664066,0.027923,0.021263238548664066,9610396193.135628,9610396193.135628,1,0,,1.0
600309.SH,万华化学,CSI,地方国有企业,材料,化工,材料--化工--基础化工--商品化工,2019,,,,,,,,,,96865322655.0,,0.117008313,10129985098.0,1204062846.0,target_year,,,,,,,,,,SOE_target,0.153052,0.266079,25.06593632,0.226505092,0.192081294,0.841741027,-0.042060662,0.511890882,0.489675535,0.901909063,0.13364523,True,Pooled_H_plus_CSI_nonSOE,0.11361196049223544,0.117008313,-0.003396352507764558,-328988781.5147323,0.0,1,0,,1.0
600309.SH,万华化学,CSI,地方国有企业,材料,化工,材料--化工--基础化工--商品化工,2020,,,,,,,,,,133753000000.0,,0.083122398,10041428015.0,1076414577.0,target_year,,,,,,,,,,SOE_target,0.101746,0.22034099999999998,25.29658742,0.250213206,0.180537484,0.776561667,-0.220057996,0.635362071,0.546470731,0.524192072,0.183913232,True,Pooled_H_plus_CSI_nonSOE,0.09566457072682825,0.083122398,0.012542172726828255,1677553228.7314596,1677553228.7314596,1,0,,1.0
600309.SH,万华化学,CSI,地方国有企业,材料,化工,材料--化工--基础化工--商品化工,2021,,,,,,,,,,190310000000.0,,0.140208439,24648748123.0,2034261425.0,target_year,,,,,,,,,,SOE_target,0.187508,0.420344,25.61925818,0.244652397,0.203999831,0.630976773,-0.206406942,0.595338767,0.613833698,0.594805539,0.173721261,True,Pooled_H_plus_CSI_nonSOE,0.07795278241710571,0.140208439,-0.06225565658289428,-11847874004.290611,0.0,1,0,,1.0
600309.SH,万华化学,CSI,地方国有企业,材料,化工,材料--化工--基础化工--商品化工,2022,,,,,,,,,,200843000000.0,,0.086976163,16233626024.0,1234944691.0,target_year,,,,,,,,,,SOE_target,0.099913,0.223384,25.97191796,0.272912546,0.197245037,0.892780517,-0.135100194,0.497004865,0.623268223,0.737650082,0.141871905,True,Pooled_H_plus_CSI_nonSOE,0.0968274723571608,0.086976163,0.009851309357160803,1978566525.2202473,1978566525.2202473,1,0,,1.0
600309.SH,万华化学,CSI,地方国有企业,材料,化工,材料--化工--基础化工--商品化工,2023,,,,,,,,,,253040390845.31,,0.07308,16815755534.31,1676471684.26,target_year,,,,,,,,,,SOE_target,0.088172,0.203211,26.02579,0.22786,0.212868,0.841883,-0.216511,0.575682,0.595022,0.542349,0.162597,True,Pooled_H_plus_CSI_nonSOE,0.0943277423427853,0.07308,0.0212477423427853,5376537026.998835,5376537026.998835,1,0,,1.0
600309.SH,万华化学,CSI,地方国有企业,材料,化工,材料--化工--基础化工--商品化工,2024,,,,,,,,,,293333349744.25,,0.051571,13033066612.84,2094484339.39,target_year,,,,,,,,,,SOE_target,0.069618,0.14221899999999998,26.256815,0.212902,0.215825,0.768484,-0.184923,0.589702,0.626723,0.569352,0.170322,True,Pooled_H_plus_CSI_nonSOE,0.083701642196742,0.051571,0.032130642196742006,9424988905.00428,9424988905.00428,1,0,,1.0
600309.SH,万华化学,CSI,地方国有企业,材料,化工,材料--化工--基础化工--商品化工,2025,,,,,,,,,,323009018441.98,,0.045222,12527201094.15,2079996797.01,target_year,,,,,,,,,,SOE_target,0.059539,0.123462,26.404576,0.217908,0.213171,0.662497,-0.191224,0.62041,0.647159,0.555115,0.122148,True,Pooled_H_plus_CSI_nonSOE,0.08075141443091785,0.045222,0.03552941443091785,11476321281.149094,11476321281.149094,1,0,,1.0
600362.SH,江西铜业,CSI,地方国有企业,材料,有色金属,材料--有色金属--其他金属与采矿--铜,2019,,,,,,,,,,134914000000.0,,0.032033864,2437988000.0,1883826000.0,target_year,,,,,,,,,,SOE_target,0.033765,0.047564999999999996,25.3566913,0.27307784,0.167062795,2.140373487,0.227714688,0.209602968,0.494227646,1.50769518,0.024828003,True,Pooled_H_plus_CSI_nonSOE,0.20333954589381828,0.032033864,0.17130568189381828,23111534767.0226,23111534767.0226,1,0,,1.0
600362.SH,江西铜业,CSI,地方国有企业,材料,有色金属,材料--有色金属--其他金属与采矿--铜,2020,,,,,,,,,,140882000000.0,,0.02965472,2227704000.0,1950099000.0,target_year,,,,,,,,,,SOE_target,0.037725,0.039549,25.62790275,0.258910733,0.15478921,2.015188426,0.116088129,0.199146181,0.562442458,1.229031729,0.024626941,True,Pooled_H_plus_CSI_nonSOE,0.19013911525384644,0.02965472,0.16048439525384645,22609362572.152393,22609362572.152393,1,0,,1.0
600362.SH,江西铜业,CSI,地方国有企业,材料,有色金属,材料--有色金属--其他金属与采矿--铜,2021,,,,,,,,,,161035000000.0,,0.048382962,5772525000.0,2018808000.0,target_year,,,,,,,,,,SOE_target,0.06250499999999999,0.089007,25.67118532,0.286687902,0.159708925,2.304290845,0.154970935,0.181430297,0.52542187,1.387973092,0.025885937,True,Pooled_H_plus_CSI_nonSOE,0.19735506703611785,0.048382962,0.14897210503611785,23989722934.491238,23989722934.491238,1,0,,1.0
600362.SH,江西铜业,CSI,地方国有企业,材料,有色金属,材料--有色金属--其他金属与采矿--铜,2022,,,,,,,,,,167331000000.0,,0.047622108,6001476000.0,1967157000.0,target_year,,,,,,,,,,SOE_target,0.057654,0.08375099999999999,25.80488535,0.295819925,0.168216562,2.925410719,0.16153585,0.157166138,0.516812504,1.386929611,0.017832629,True,Pooled_H_plus_CSI_nonSOE,0.19972948618640884,0.047622108,0.15210737818640885,25452279699.30998,25452279699.30998,1,0,,1.0
600362.SH,江西铜业,CSI,地方国有企业,材料,有色金属,材料--有色金属--其他金属与采矿--铜,2023,,,,,,,,,,168150906000.0,,0.053938,6745839000.0,2323801000.0,target_year,,,,,,,,,,SOE_target,0.065317,0.09572599999999999,25.843237,0.27925,0.153058,2.913785,0.140327,0.161812,0.51025,1.320747,0.031766,True,Pooled_H_plus_CSI_nonSOE,0.19862860264818846,0.053938,0.14469060264818845,24329855924.978886,24329855924.978886,1,0,,1.0
600362.SH,江西铜业,CSI,地方国有企业,材料,有色金属,材料--有色金属--其他金属与采矿--铜,2024,,,,,,,,,,193127836000.0,,0.04877,6900987000.0,2517793000.0,target_year,,,,,,,,,,SOE_target,0.063979,0.094945,25.848128,0.30029,0.159476,3.10204,0.188639,0.195189,0.543573,1.451231,0.040507,True,Pooled_H_plus_CSI_nonSOE,0.1959197450300167,0.04877,0.14714974503001668,28418711825.598877,28418711825.598877,0,1,AssetTurnover_lag,1.0
600362.SH,江西铜业,CSI,地方国有企业,材料,有色金属,材料--有色金属--其他金属与采矿--铜,2025,,,,,,,,,,218691169000.0,,0.045031,7372829000.0,2475070000.0,target_year,,,,,,,,,,SOE_target,0.053338,0.09261100000000001,25.986618,0.290054,0.15747,2.874502,0.149061,0.19198,0.545368,1.333937,0.034125,True,Pooled_H_plus_CSI_nonSOE,0.1949080214388504,0.045031,0.1498770214388504,32776781024.700256,32776781024.700256,1,0,,1.0
600372.SH,中航机载,CSI,中央国有企业,工业,国防军工,工业--国防军工--航空航天与国防Ⅲ--航空航天,2019,,,,,,,,,,22696700722.0,,0.038537034,556020333.4,318643189.9,target_year,,,,,,,,,,SOE_target,0.041747,0.072201,23.79832538,0.088537078,0.285442207,0.355248156,0.227058738,0.198282525,0.634501425,1.448891967,0.039258305,True,Pooled_H_plus_CSI_nonSOE,0.017936905470128113,0.038537034,-0.020600128529871885,-467554952.077236,0.0,1,0,,1.0
600372.SH,中航机载,CSI,中央国有企业,工业,国防军工,工业--国防军工--航空航天与国防Ⅲ--航空航天,2020,,,,,,,,,,24719896668.0,,0.035788368,630777488.8,253907263.1,target_year,,,,,,,,,,SOE_target,0.030347,0.068315,23.84548541,0.088984862,0.279462147,0.374932205,0.247904795,0.192049706,0.637732538,1.495248109,0.034509268,True,Pooled_H_plus_CSI_nonSOE,0.019937588886328954,0.035788368,-0.015850779113671047,-391829621.7972409,0.0,1,0,,1.0
600372.SH,中航机载,CSI,中央国有企业,工业,国防军工,工业--国防军工--航空航天与国防Ⅲ--航空航天,2021,,,,,,,,,,26262648705.0,,0.035448331,798697071.3,132269986.5,target_year,,,,,,,,,,SOE_target,0.038635,0.073063,23.93087429,0.086942312,0.273615357,0.36796172,0.295766718,0.197663982,0.553869032,1.657799537,0.03562793,True,Pooled_H_plus_CSI_nonSOE,0.03527250180464701,0.035448331,-0.00017582919535298613,-4617740.389638294,0.0,1,0,,1.0
600372.SH,中航机载,CSI,中央国有企业,工业,国防军工,工业--国防军工--航空航天与国防Ⅲ--航空航天,2022,,,,,,,,,,28402468059.0,,0.037133494,871912569.3,182770303.0,target_year,,,,,,,,,,SOE_target,0.039441000000000004,0.074451,23.99141357,0.086550715,0.271325141,0.384612869,0.28014269,0.203234787,0.556326897,1.610303347,0.031237761,True,Pooled_H_plus_CSI_nonSOE,0.036841760796609405,0.037133494,-0.0002917332033905984,-8285942.991051221,0.0,1,0,,1.0
600372.SH,中航机载,CSI,中央国有企业,工业,国防军工,工业--国防军工--航空航天与国防Ⅲ--航空航天,2023,,,,,,,,,,73523417381.93,,0.027009,1886420594.77,99351150.07,target_year,,,,,,,,,,SOE_target,0.044280999999999994,0.078163,24.069742,0.085827,0.272876,0.407307,0.261113,0.182826,0.555523,1.517513,0.017857,True,Pooled_H_plus_CSI_nonSOE,0.03906702108903077,0.027009,0.012058021089030771,886546917.3289235,886546917.3289235,1,0,,1.0
600372.SH,中航机载,CSI,中央国有企业,工业,国防军工,工业--国防军工--航空航天与国防Ⅲ--航空航天,2024,,,,,,,,,,78120456108.96,,0.014631,1040725755.41,102256730.44,target_year,,,,,,,,,,SOE_target,0.018606,0.028304,25.02087,0.178262,0.247277,0.56487,0.34877,0.173278,0.487307,1.859553,0.019524,True,Pooled_H_plus_CSI_nonSOE,0.07273578678174804,0.014631,0.05810478678174804,4539172445.504027,4539172445.504027,1,0,,1.0
600372.SH,中航机载,CSI,中央国有企业,工业,国防军工,工业--国防军工--航空航天与国防Ⅲ--航空航天,2025,,,,,,,,,,83259234737.86,,0.015266,1067323487.88,203724505.25,target_year,,,,,,,,,,SOE_target,0.020488,0.028304999999999997,25.081518,0.14773,0.253215,0.312028,0.312238,0.166134,0.498049,1.694911,0.025577,True,Pooled_H_plus_CSI_nonSOE,0.053444848652189264,0.015266,0.03817884865218926,3178741721.9538555,3178741721.9538555,1,0,,1.0
600377.SH,宁沪高速,CSI,地方国有企业,工业,交通运输,工业--交通运输--交通基础设施--公路与铁路,2019,,,,,,,,,,55625048625.0,,0.083808736,4199704372.0,462160618.9,target_year,,,,,,,,,,SOE_target,0.11512800000000001,0.15359899999999999,24.5978513,0.011445846,0.111099702,0.219835426,-0.019645962,0.247119711,0.390527538,0.861772049,0.073607939,True,Pooled_H_plus_CSI_nonSOE,0.018965866320602147,0.083808736,-0.06484286967939784,-3606887778.901043,0.0,1,0,,1.0
600377.SH,宁沪高速,CSI,地方国有企业,工业,交通运输,工业--交通运输--交通基础设施--公路与铁路,2020,,,,,,,,,,61095560365.0,,0.047471427,2464213676.0,436079760.4,target_year,,,,,,,,,,SOE_target,0.062762,0.08683400000000001,24.74189945,0.010413744,0.108646931,0.194207477,-0.127543892,0.294994748,0.412443891,0.459302808,0.087188599,True,Pooled_H_plus_CSI_nonSOE,0.013369731540594378,0.047471427,-0.03410169545940562,-2083462193.4889624,0.0,1,0,,1.0
600377.SH,宁沪高速,CSI,地方国有企业,工业,交通运输,工业--交通运输--交通基础设施--公路与铁路,2021,,,,,,,,,,67662020722.0,,0.073413497,4178794497.0,788511048.1,target_year,,,,,,,,,,SOE_target,0.096206,0.143011,24.83570504,0.010096948,0.123286456,0.137635792,-0.10632362,0.283636888,0.459056117,0.537101648,0.06948944,True,Pooled_H_plus_CSI_nonSOE,0.005964543489198296,0.073413497,-0.0674489535108017,-4563732490.125079,0.0,1,0,,1.0
600377.SH,宁沪高速,CSI,地方国有企业,工业,交通运输,工业--交通运输--交通基础设施--公路与铁路,2022,,,,,,,,,,78458345074.0,,0.061469015,3724115166.0,1098642030.0,target_year,,,,,,,,,,SOE_target,0.077421,0.119802,24.93779087,0.012528305,0.15352339,0.214241167,-0.066822044,0.043427104,0.477404124,0.651384465,0.049049776,True,Pooled_H_plus_CSI_nonSOE,-0.004615699118045109,0.061469015,-0.06608471411804512,-5184897304.3902235,0.0,1,0,,1.0
600377.SH,宁沪高速,CSI,地方国有企业,工业,交通运输,工业--交通运输--交通基础设施--公路与铁路,2023,,,,,,,,,,78661443944.36,,0.069785,4413271587.29,1076088753.42,target_year,,,,,,,,,,SOE_target,0.085532,0.133881,25.085834,0.011288,0.180808,0.181434,-0.054283,0.104956,0.5163,0.687869,0.051481,True,Pooled_H_plus_CSI_nonSOE,-0.009942754671621014,0.069785,-0.07972775467162102,-6271500304.911403,0.0,1,0,,1.0
600377.SH,宁沪高速,CSI,地方国有企业,工业,交通运输,工业--交通运输--交通基础设施--公路与铁路,2024,,,,,,,,,,89886075247.13,,0.065752,4946691605.41,963483489.08,target_year,,,,,,,,,,SOE_target,0.08614100000000001,0.136302,25.088419,0.012498,0.114556,0.193381,-0.010331,0.097668,0.480196,0.914899,0.048364,True,Pooled_H_plus_CSI_nonSOE,0.0002927521286900103,0.065752,-0.06545924787131,-5883874879.781105,0.0,1,0,,1.0
600377.SH,宁沪高速,CSI,地方国有企业,工业,交通运输,工业--交通运输--交通基础设施--公路与铁路,2025,,,,,,,,,,96388991421.56,,0.056364,4593870605.31,838994863.39,target_year,,,,,,,,,,SOE_target,0.074415,0.11478999999999999,25.221809,0.016701,0.116886,0.275272,-0.086697,0.082371,0.4467,0.518561,0.120178,True,Pooled_H_plus_CSI_nonSOE,0.0005872633041373101,0.056364,-0.05577673669586269,-5376263394.900119,0.0,1,0,,1.0
600406.SH,国电南瑞,CSI,中央国有企业,工业,电气设备,工业--电气设备--电气设备Ⅲ--电气部件与设备,2019,,,,,,,,,,57424875019.0,,0.076932332,4343067281.0,74762257.48,target_year,,,,,,,,,,SOE_target,0.09559799999999999,0.148972,24.68102405,0.080040228,0.075162529,0.57528482,0.358267037,0.151511094,0.438641589,1.831750321,0.032746689,True,Pooled_H_plus_CSI_nonSOE,0.0932351248888358,0.076932332,0.016302792888835793,936185844.1020374,936185844.1020374,1,0,,1.0
600406.SH,国电南瑞,CSI,中央国有企业,工业,电气设备,工业--电气设备--电气设备Ⅲ--电气部件与设备,2020,,,,,,,,,,65962017470.0,,0.074601339,4851540712.0,69314111.2,target_year,,,,,,,,,,SOE_target,0.09493700000000001,0.150043,24.77374341,0.074581189,0.069863037,0.587178263,0.318429201,0.189080259,0.431386914,1.751891674,0.051007372,True,Pooled_H_plus_CSI_nonSOE,0.0940388871535969,0.074601339,0.019437548153596898,1282139890.8815248,1282139890.8815248,1,0,,1.0
600406.SH,国电南瑞,CSI,中央国有企业,工业,电气设备,工业--电气设备--电气设备Ⅲ--电气部件与设备,2021,,,,,,,,,,72732951414.0,,0.07585696,5642448312.0,-125147720.6,target_year,,,,,,,,,,SOE_target,0.097209,0.156425,24.91234492,0.074747547,0.069189957,0.620771318,0.300420686,0.175602059,0.448290308,1.709676587,0.052515301,True,Pooled_H_plus_CSI_nonSOE,0.092577320235225,0.07585696,0.016720360235224996,1216121148.6131973,1216121148.6131973,0,1,HHI_lag,1.0
600406.SH,国电南瑞,CSI,中央国有企业,工业,电气设备,工业--电气设备--电气设备Ⅲ--电气部件与设备,2022,,,,,,,,,,76665557522.0,,0.077997441,6446181151.0,-466463828.2,target_year,,,,,,,,,,SOE_target,0.099314,0.160227,25.01006037,0.057367108,0.081262738,0.608389809,0.291924688,0.171913904,0.442584907,1.696586324,0.027723262,True,Pooled_H_plus_CSI_nonSOE,0.09513416743632196,0.077997441,0.017136726436321956,1313796686.342619,1313796686.342619,1,0,,1.0
600406.SH,国电南瑞,CSI,中央国有企业,工业,电气设备,工业--电气设备--电气设备Ⅲ--电气部件与设备,2023,,,,,,,,,,86087418302.42,,0.077922,7183687344.52,-475609422.41,target_year,,,,,,,,,,SOE_target,0.099833,0.160248,25.062718,0.035944,0.108841,0.622681,0.332505,0.15197,0.408361,1.830446,0.044547,True,Pooled_H_plus_CSI_nonSOE,0.0980820321713276,0.077922,0.0201600321713276,1735525122.5233235,1735525122.5233235,1,0,,1.0
600406.SH,国电南瑞,CSI,中央国有企业,工业,电气设备,工业--电气设备--电气设备Ⅲ--电气部件与设备,2024,,,,,,,,,,92705313123.25,,0.076956,7610121306.96,-475852442.3,target_year,,,,,,,,,,SOE_target,0.096785,0.157861,25.178629,0.034286,0.112299,0.629757,0.372577,0.120765,0.414795,1.912763,0.022668,True,Pooled_H_plus_CSI_nonSOE,0.10003850308958037,0.076956,0.023082503089580375,2139870676.5879343,2139870676.5879343,1,0,,1.0
600406.SH,国电南瑞,CSI,中央国有企业,工业,电气设备,工业--电气设备--电气设备Ⅲ--电气部件与设备,2025,,,,,,,,,,98585657661.02,,0.082259,8278971723.32,-169421300.09,target_year,,,,,,,,,,SOE_target,0.100888,0.16253900000000002,25.252692,0.042088,0.107313,0.637413,0.388622,0.100528,0.431145,1.917368,0.019759,True,Pooled_H_plus_CSI_nonSOE,0.09876641315724005,0.082259,0.016507413157240053,1627394182.3886852,1627394182.3886852,1,0,,1.0
600415.SH,小商品城,CSI,地方国有企业,工业,企业服务,工业--企业服务--商业服务与用品--综合支持服务,2019,,,,,,,,,,31323233994.0,,0.0538665,1255276024.0,431996964.5,target_year,,,,,,,,,,SOE_target,0.06334,0.101303,24.01456867,1.0,1.0,0.132252563,-0.039002537,0.230567379,0.560046211,0.920067909,0.016351929,True,Pooled_H_plus_CSI_nonSOE,0.0025294880541806702,0.0538665,-0.05133701194581933,-1608041237.731672,0.0,0,2,"HHI_lag, MarketShare_lag",1.0
600415.SH,小商品城,CSI,地方国有企业,工业,企业服务,工业--企业服务--商业服务与用品--综合支持服务,2020,,,,,,,,,,28750127147.0,,0.038563878,926626706.4,182089699.3,target_year,,,,,,,,,,SOE_target,0.053391,0.069727,24.16762596,1.0,1.0,0.129631555,0.079354983,0.180363677,0.582281348,1.192794216,0.030387059,True,Pooled_H_plus_CSI_nonSOE,-0.0018210651305917286,0.038563878,-0.04038494313059173,-1161072249.8288765,0.0,0,2,"HHI_lag, MarketShare_lag",1.0
600415.SH,小商品城,CSI,地方国有企业,工业,企业服务,工业--企业服务--商业服务与用品--综合支持服务,2021,,,,,,,,,,31014635513.0,,0.048815906,1334095907.0,179911613.7,target_year,,,,,,,,,,SOE_target,0.061460999999999995,0.094721,24.08190803,1.0,1.0,0.118515097,-0.033032909,0.21624898,0.527838284,0.914368028,0.042161709,True,Pooled_H_plus_CSI_nonSOE,0.004471176956577297,0.048815906,-0.0443447290434227,-1375335608.2045002,0.0,0,2,"HHI_lag, MarketShare_lag",1.0
600415.SH,小商品城,CSI,地方国有企业,工业,企业服务,工业--企业服务--商业服务与用品--综合支持服务,2022,,,,,,,,,,32111004317.0,,0.043093729,1104719092.0,279063831.1,target_year,,,,,,,,,,SOE_target,0.041082,0.073961,24.15772504,1.0,1.0,0.196506553,-0.200120846,0.198911539,0.528260067,0.589122806,0.065860094,True,Pooled_H_plus_CSI_nonSOE,-0.0017665947962582085,0.043093729,-0.044860323796258206,-1440510051.0836651,0.0,0,2,"HHI_lag, MarketShare_lag",1.0
600415.SH,小商品城,CSI,地方国有企业,工业,企业服务,工业--企业服务--商业服务与用品--综合支持服务,2023,,,,,,,,,,36218947000.0,,0.079221,2676182000.0,193111000.0,target_year,,,,,,,,,,SOE_target,0.096951,0.162436,24.192465,1.0,1.0,0.235112,-0.222906,0.251657,0.524117,0.423328,0.128146,True,Pooled_H_plus_CSI_nonSOE,-0.003772348925061675,0.079221,-0.08299334892506167,-3005931706.069316,0.0,0,2,"HHI_lag, MarketShare_lag",1.0
600415.SH,小商品城,CSI,地方国有企业,工业,企业服务,工业--企业服务--商业服务与用品--综合支持服务,2024,,,,,,,,,,39168461000.0,,0.082095,3073677000.0,141845000.0,target_year,,,,,,,,,,SOE_target,0.108774,0.160959,24.312848,1.0,1.0,0.330185,-0.197133,0.203438,0.511197,0.480069,0.072549,True,Pooled_H_plus_CSI_nonSOE,0.009255090028399728,0.082095,-0.07283990997160028,-2853027172.966137,0.0,0,2,"HHI_lag, MarketShare_lag",1.0
600415.SH,小商品城,CSI,地方国有企业,工业,企业服务,工业--企业服务--商业服务与用品--综合支持服务,2025,,,,,,,,,,44405436000.0,,0.096453,4203547000.0,79493000.0,target_year,,,,,,,,,,SOE_target,0.128412,0.193482,24.391138,1.0,1.0,0.410543,-0.200038,0.189302,0.47477,0.554038,0.038303,True,Pooled_H_plus_CSI_nonSOE,0.02384540933784207,0.096453,-0.07260759066215793,-3224171720.2626514,0.0,0,2,"HHI_lag, MarketShare_lag",1.0
600426.SH,华鲁恒升,CSI,地方国有企业,材料,化工,材料--化工--农用化工--化肥与农用药剂,2019,,,,,,,,,,18187250698.0,,0.144365746,2453030877.0,172585138.5,target_year,,,,,,,,,,SOE_target,0.165545,0.18654800000000002,23.64948878,0.053759205,0.192081294,0.822311198,0.018175969,0.706377359,0.353168815,1.085255392,0.069000749,True,Pooled_H_plus_CSI_nonSOE,0.1280289301154552,0.144365746,-0.016336815884544803,-297121766.09928495,0.0,1,0,,1.0
600426.SH,华鲁恒升,CSI,地方国有企业,材料,化工,材料--化工--农用化工--化肥与农用药剂,2020,,,,,,,,,,20549289346.0,,0.092689026,1798376502.0,106317113.0,target_year,,,,,,,,,,SOE_target,0.10961399999999999,0.121104,23.62398667,0.052275357,0.180537484,0.765221932,0.058111226,0.68506024,0.217518294,1.434260146,0.102025627,True,Pooled_H_plus_CSI_nonSOE,0.1426175435590032,0.092689026,0.0499285175590032,1025995553.9367983,1025995553.9367983,1,0,,1.0
600426.SH,华鲁恒升,CSI,地方国有企业,材料,化工,材料--化工--农用化工--化肥与农用药剂,2021,,,,,,,,,,28653178698.0,,0.256996505,7254167061.0,109599732.9,target_year,,,,,,,,,,SOE_target,0.350209,0.384587,23.7460922,0.043768215,0.203999831,0.672039958,-0.021759985,0.716394492,0.238479061,0.879608179,0.127291765,True,Pooled_H_plus_CSI_nonSOE,0.13040521183488862,0.256996505,-0.12659129316511136,-3627242944.6708417,0.0,1,0,,1.0
600426.SH,华鲁恒升,CSI,地方国有企业,材料,化工,材料--化工--农用化工--化肥与农用药剂,2022,,,,,,,,,,35005445704.0,,0.181349031,6289374659.0,58829004.27,target_year,,,,,,,,,,SOE_target,0.232823,0.25577500000000003,24.07853022,0.04999619,0.197245037,1.077208247,0.145599252,0.604131887,0.207575966,1.988796587,0.128166895,True,Pooled_H_plus_CSI_nonSOE,0.1600135689744299,0.181349031,-0.0213354620255701,-746857357.505848,0.0,1,0,,1.0
600426.SH,华鲁恒升,CSI,地方国有企业,材料,化工,材料--化工--农用化工--化肥与农用药剂,2023,,,,,,,,,,44051457552.57,,0.082722,3575898630.37,68124308.2,target_year,,,,,,,,,,SOE_target,0.10829599999999999,0.128136,24.278769,0.041555,0.212868,0.943401,0.143146,0.588965,0.202385,2.403407,0.199116,True,Pooled_H_plus_CSI_nonSOE,0.14288100112936714,0.082722,0.06015900112936713,2650091684.655327,2650091684.655327,1,0,,1.0
600426.SH,华鲁恒升,CSI,地方国有企业,材料,化工,材料--化工--农用化工--化肥与农用药剂,2024,,,,,,,,,,46657911907.48,,0.088364,3902593305.73,220305651.56,target_year,,,,,,,,,,SOE_target,0.115422,0.130283,24.508624,0.033045,0.215825,0.684814,0.048453,0.729643,0.309044,1.368756,0.197735,True,Pooled_H_plus_CSI_nonSOE,0.11497549714726653,0.088364,0.02661149714726653,1241636889.6233172,1241636889.6233172,0,1,FixedAssetsRatio_lag,1.0
600426.SH,华鲁恒升,CSI,地方国有企业,材料,化工,材料--化工--农用化工--化肥与农用药剂,2025,,,,,,,,,,49177377189.73,,0.072767,3315494470.04,262996143.83,target_year,,,,,,,,,,SOE_target,0.09444000000000001,0.10345,24.566108,0.040966,0.213171,0.750189,0.039628,0.747737,0.296416,1.334617,0.108893,True,Pooled_H_plus_CSI_nonSOE,0.1314128135058263,0.072767,0.05864581350582629,2884047291.3745813,2884047291.3745813,0,1,FixedAssetsRatio_lag,1.0
600436.SH,片仔癀,CSI,地方国有企业,医疗保健,医药生物,医疗保健--医药生物--制药--中药,2019,,,,,,,,,,8810796391.0,,0.159521104,1374376824.0,31131145.29,target_year,,,,,,,,,,SOE_target,0.206961,0.235988,22.61904861,0.014921144,0.277672488,0.767580889,0.591842655,0.035469812,0.202792045,4.055176811,0.011150241,True,Pooled_H_plus_CSI_nonSOE,0.06282982145354528,0.159521104,-0.09669128254645472,-851927203.3014646,0.0,1,0,,1.0
600436.SH,片仔癀,CSI,地方国有企业,医疗保健,医药生物,医疗保健--医药生物--制药--中药,2020,,,,,,,,,,10205569714.0,,0.15789427,1671518667.0,-60117690.48,target_year,,,,,,,,,,SOE_target,0.208126,0.230657,22.89924367,0.015270738,0.276190471,0.733929094,0.636185727,0.027324402,0.208952607,4.208536053,0.007426797,True,Pooled_H_plus_CSI_nonSOE,0.06258781138972759,0.15789427,-0.09530645861027241,-972656707.5415907,0.0,1,0,,1.0
600436.SH,片仔癀,CSI,地方国有企业,医疗保健,医药生物,医疗保健--医药生物--制药--中药,2021,,,,,,,,,,12495334742.0,,0.187847669,2431454745.0,-84235237.62,target_year,,,,,,,,,,SOE_target,0.252767,0.276818,23.04619946,0.016150361,0.256105921,0.679157303,0.63648568,0.025648201,0.19097554,4.608033642,0.041057092,True,Pooled_H_plus_CSI_nonSOE,0.05709834128308343,0.187847669,-0.13074932771691655,-1633756617.114331,0.0,1,0,,1.0
600436.SH,片仔癀,CSI,地方国有企业,医疗保健,医药生物,医疗保健--医药生物--制药--中药,2022,,,,,,,,,,14603844518.0,,0.165023006,2472344732.0,-62374415.78,target_year,,,,,,,,,,SOE_target,0.21976600000000002,0.23507,23.24862119,0.016603444,0.230275265,0.700368482,0.679961024,0.022322156,0.188757291,4.975676054,0.007376102,True,Pooled_H_plus_CSI_nonSOE,0.06457036302310556,0.165023006,-0.10045264297689444,-1466994779.456731,0.0,1,0,,1.0
600436.SH,片仔癀,CSI,地方国有企业,医疗保健,医药生物,医疗保健--医药生物--制药--中药,2023,,,,,,,,,,17080413435.81,,0.16331,2797351515.7,-7953890.04,target_year,,,,,,,,,,SOE_target,0.21265499999999998,0.226449,23.404551,0.015924,0.212266,0.636332,0.69808,0.022027,0.190354,5.061318,0.012009,True,Pooled_H_plus_CSI_nonSOE,0.06207949019645968,0.16331,-0.10123050980354033,-1729058959.7622862,0.0,1,0,,1.0
600436.SH,片仔癀,CSI,地方国有企业,医疗保健,医药生物,医疗保健--医药生物--制药--中药,2024,,,,,,,,,,17539661657.5,,0.169484,2977002486.34,-4319056.56,target_year,,,,,,,,,,SOE_target,0.20418299999999998,0.21535,23.561198,0.016631,0.216978,0.629831,0.715259,0.027513,0.185002,5.237409,0.008306,True,Pooled_H_plus_CSI_nonSOE,0.06295369036246666,0.169484,-0.10653030963753334,-1868505587.3110461,0.0,1,0,,1.0
600436.SH,片仔癀,CSI,地方国有企业,医疗保健,医药生物,医疗保健--医药生物--制药--中药,2025,,,,,,,,,,17560037344.69,,0.124081,2158633048.42,20226793.2,target_year,,,,,,,,,,SOE_target,0.145759,0.149847,23.587731,0.017688,0.230555,0.619207,0.510557,0.07495,0.15399,4.772412,0.060907,True,Pooled_H_plus_CSI_nonSOE,0.05834300331407087,0.124081,-0.06573799668592913,-1154361676.7700229,0.0,1,0,,1.0
600482.SH,中国动力,CSI,中央国有企业,工业,机械,工业--机械--机械Ⅲ--建筑机械与重型卡车,2019,,,,,,,,,,56015704188.0,,0.021066248,991122501.3,188918210.8,target_year,,,,,,,,,,SOE_target,0.021861000000000002,0.037224,24.7699628,0.051930912,0.247583643,0.576793352,0.332161962,0.199063948,0.459162622,1.846252165,0.025847307,True,Pooled_H_plus_CSI_nonSOE,0.08963379055224636,0.021066248,0.06856754255224637,3840859180.504735,3840859180.504735,1,0,,1.0
600482.SH,中国动力,CSI,中央国有企业,工业,机械,工业--机械--机械Ⅲ--建筑机械与重型卡车,2020,,,,,,,,,,58744689010.0,,0.009974478,542857007.1,43090612.38,target_year,,,,,,,,,,SOE_target,0.01155,0.017203,24.74889792,0.045077149,0.225950341,0.517407526,0.411757521,0.217079015,0.347135411,2.466997135,0.033752662,True,Pooled_H_plus_CSI_nonSOE,0.1043254089478018,0.009974478,0.09435093094780181,5542616096.332602,5542616096.332602,1,0,,1.0
600482.SH,中国动力,CSI,中央国有企业,工业,机械,工业--机械--机械Ⅲ--建筑机械与重型卡车,2021,,,,,,,,,,62005997289.0,,0.01022811,613048770.5,21155409.87,target_year,,,,,,,,,,SOE_target,0.012637,0.017034,24.79646659,0.034860421,0.195497669,0.464410462,0.42441873,0.214387711,0.377798653,2.605407503,0.020669161,True,Pooled_H_plus_CSI_nonSOE,0.0984761193009016,0.01022811,0.0882480093009016,5471905825.471352,5471905825.471352,1,0,,1.0
600482.SH,中国动力,CSI,中央国有企业,工业,机械,工业--机械--机械Ⅲ--建筑机械与重型卡车,2022,,,,,,,,,,85867792662.0,,0.002736134,332687082.9,-97741320.07,target_year,,,,,,,,,,SOE_target,0.004758,0.009274,24.85049695,0.03483963,0.187780789,0.460886734,0.397369649,0.199766574,0.403258915,2.328060964,0.018590468,True,Pooled_H_plus_CSI_nonSOE,0.09508137623897517,0.002736134,0.09234524223897517,7929482113.898484,7929482113.898484,1,0,,1.0
600482.SH,中国动力,CSI,中央国有企业,工业,机械,工业--机械--机械Ⅲ--建筑机械与重型卡车,2023,,,,,,,,,,99119595878.61,,0.007033,779487252.58,-82406541.23,target_year,,,,,,,,,,SOE_target,0.011656999999999999,0.021549,25.176075,0.051108,0.187488,0.511977,0.349594,0.199063,0.468309,1.976542,0.014988,True,Pooled_H_plus_CSI_nonSOE,0.091167099042449,0.007033,0.084134099042449,8339337896.698494,8339337896.698494,1,0,,1.0
600482.SH,中国动力,CSI,中央国有企业,工业,机械,工业--机械--机械Ⅲ--建筑机械与重型卡车,2024,,,,,,,,,,108947127910.61,,0.010127,1390869974.66,-287585557.51,target_year,,,,,,,,,,SOE_target,0.024444,0.036613,25.319593,0.054734,0.188674,0.481903,0.349827,0.171566,0.522741,1.897556,0.009325,True,Pooled_H_plus_CSI_nonSOE,0.08123757557724562,0.010127,0.07111057557724562,7747292973.211278,7747292973.211278,1,0,,1.0
600482.SH,中国动力,CSI,中央国有企业,工业,机械,工业--机械--机械Ⅲ--建筑机械与重型卡车,2025,,,,,,,,,,116795591158.73,,0.007841,1300885777.44,-385069662.69,target_year,,,,,,,,,,SOE_target,0.031677,0.032863,25.414129,0.060583,0.187309,0.491489,0.33477,0.156553,0.532312,1.790372,0.009973,True,Pooled_H_plus_CSI_nonSOE,0.08041265168009291,0.007841,0.07257165168009291,8476048959.341893,8476048959.341893,1,0,,1.0
600489.SH,中金黄金,CSI,中央国有企业,材料,有色金属,材料--有色金属--贵金属--黄金,2019,,,,,,,,,,40021635913.0,,0.017765359,178768317.4,532230416.5,target_year,,,,,,,,,,SOE_target,0.025233,0.013075000000000002,24.36223375,0.043496677,0.167062795,0.892001272,0.01554923,0.387881826,0.492146907,1.040654121,0.033759896,True,Pooled_H_plus_CSI_nonSOE,0.12923546476579725,0.017765359,0.11147010576579724,4461215988.14234,4461215988.14234,1,0,,1.0
600489.SH,中金黄金,CSI,中央国有企业,材料,有色金属,材料--有色金属--贵金属--黄金,2020,,,,,,,,,,45802747112.0,,0.045389079,1554638623.0,524305866.0,target_year,,,,,,,,,,SOE_target,0.056073000000000005,0.083728,24.41268604,0.041780262,0.15478921,0.990385297,0.011202003,0.36927657,0.502667595,1.027067204,0.039977449,True,Pooled_H_plus_CSI_nonSOE,0.13187300837387028,0.045389079,0.08648392937387028,3961201546.363449,3961201546.363449,1,0,,1.0
600489.SH,中金黄金,CSI,中央国有企业,材料,有色金属,材料--有色金属--贵金属--黄金,2021,,,,,,,,,,47631293984.0,,0.045137813,1697836681.0,452135778.8,target_year,,,,,,,,,,SOE_target,0.054226,0.070368,24.54760991,0.042820805,0.159708925,1.10601035,0.088210639,0.38329592,0.442747709,1.268584014,0.035541924,True,Pooled_H_plus_CSI_nonSOE,0.15194050416990318,0.045137813,0.10680269116990318,5087150381.396019,5087150381.396019,1,0,,1.0
600489.SH,中金黄金,CSI,中央国有企业,材料,有色金属,材料--有色金属--贵金属--黄金,2022,,,,,,,,,,48642313052.0,,0.052378211,2117139779.0,430657534.4,target_year,,,,,,,,,,SOE_target,0.063318,0.08348499999999999,24.58675582,0.037165564,0.168216562,1.187630737,0.117843859,0.353493946,0.43478337,1.364867896,0.026935395,True,Pooled_H_plus_CSI_nonSOE,0.15731088035167545,0.052378211,0.10493266935167544,5104167751.986203,5104167751.986203,1,0,,1.0
600489.SH,中金黄金,CSI,中央国有企业,材料,有色金属,材料--有色金属--贵金属--黄金,2023,,,,,,,,,,52680243371.36,,0.064674,2977855387.68,429181525.57,target_year,,,,,,,,,,SOE_target,0.084982,0.11501099999999999,24.60776,0.032911,0.153058,1.171252,0.116913,0.327818,0.424304,1.329625,0.023062,True,Pooled_H_plus_CSI_nonSOE,0.15801516077433814,0.064674,0.09334116077433814,4917235066.157375,4917235066.157375,1,0,,1.0
600489.SH,中金黄金,CSI,中央国有企业,材料,有色金属,材料--有色金属--贵金属--黄金,2024,,,,,,,,,,55638663702.8,,0.066961,3385988472.81,339639762.12,target_year,,,,,,,,,,SOE_target,0.10135999999999999,0.12705,24.687506,0.034818,0.159476,1.190882,0.10582,0.311803,0.416555,1.365398,0.030848,True,Pooled_H_plus_CSI_nonSOE,0.15805592254951698,0.066961,0.09109492254951697,5068399760.765187,5068399760.765187,1,0,,1.0
600489.SH,中金黄金,CSI,中央国有企业,材料,有色金属,材料--有色金属--贵金属--黄金,2025,,,,,,,,,,62550961213.58,,0.083675,4933582739.46,300387884.18,target_year,,,,,,,,,,SOE_target,0.129625,0.17095,24.742144,0.036012,0.15747,1.190325,0.137993,0.305226,0.414573,1.509469,0.043272,True,Pooled_H_plus_CSI_nonSOE,0.15720718701238112,0.083675,0.07353218701238112,4599508977.761163,4599508977.761163,1,0,,1.0
600515.SH,海南机场,CSI,地方国有企业,房地产,房地产Ⅱ,房地产--房地产Ⅱ--房地产管理和开发--房地产开发,2019,,,,,,,,,,81523299957.0,,0.010411302,-1212912199.0,2061675899.0,target_year,,,,,,,,,,SOE_target,0.006821000000000001,-0.044611,25.26597659,0.017200231,0.396279334,0.104359404,0.160150595,0.0800513,0.608602648,1.37645289,0.007813703,True,Pooled_H_plus_CSI_nonSOE,0.06241001954635074,0.010411302,0.05199871754635074,4239107047.9104705,4239107047.9104705,1,0,,1.0
600515.SH,海南机场,CSI,地方国有企业,房地产,房地产Ⅱ,房地产--房地产Ⅱ--房地产管理和开发--房地产开发,2020,,,,,,,,,,57434499260.0,,-0.087684698,-7736830873.0,2700704149.0,target_year,,,,,,,,,,SOE_target,-0.106265,-0.5050979999999999,25.12415471,0.014972514,0.408200157,0.116158179,0.013623708,0.095212169,0.656139885,1.028301094,0.004837668,True,Pooled_H_plus_CSI_nonSOE,0.05038675873201457,-0.087684698,0.13807145673201457,7930064979.502013,7930064979.502013,1,0,,1.0
600515.SH,海南机场,CSI,地方国有企业,房地产,房地产Ⅱ,房地产--房地产Ⅱ--房地产管理和开发--房地产开发,2021,,,,,,,,,,61168928318.0,,0.01204503,463289691.7,273491895.7,target_year,,,,,,,,,,SOE_target,0.01861,0.034881,24.77391099,0.00691795,0.406330004,0.076628603,-0.277082839,0.131787007,0.858026092,0.632679943,0.007158523,True,Pooled_H_plus_CSI_nonSOE,0.009418569409902565,0.01204503,-0.002626460590097435,-160657779.565722,0.0,1,0,,1.0
600515.SH,海南机场,CSI,地方国有企业,房地产,房地产Ⅱ,房地产--房地产Ⅱ--房地产管理和开发--房地产开发,2022,,,,,,,,,,56125450012.0,,0.043689221,1856312763.0,595764415.3,target_year,,,,,,,,,,SOE_target,0.04491799999999999,0.088987,24.83690519,0.004902934,0.390202805,0.072534082,0.184552862,0.150839679,0.667156035,1.611567449,0.005480548,True,Pooled_H_plus_CSI_nonSOE,0.053102646472203766,0.043689221,0.009413425472203765,528332740.78185993,528332740.78185993,1,0,,1.0
600515.SH,海南机场,CSI,地方国有企业,房地产,房地产Ⅱ,房地产--房地产Ⅱ--房地产管理和开发--房地产开发,2023,,,,,,,,,,55794608066.78,,0.025982,952777304.64,496899788.07,target_year,,,,,,,,,,SOE_target,0.035449,0.041847,24.750855,0.004452,0.393852,0.07221,0.236873,0.172597,0.575791,2.203911,0.008616,True,Pooled_H_plus_CSI_nonSOE,0.06628201480540061,0.025982,0.0403000148054006,2248523531.1527576,2248523531.1527576,1,0,,1.0
600515.SH,海南机场,CSI,地方国有企业,房地产,房地产Ⅱ,房地产--房地产Ⅱ--房地产管理和开发--房地产开发,2024,,,,,,,,,,53691111395.9,,0.016317,458501533.62,417578946.82,target_year,,,,,,,,,,SOE_target,0.015396,0.019660999999999998,24.744943,0.006362,0.37554,0.111115,0.227801,0.194336,0.555888,2.334503,0.029745,True,Pooled_H_plus_CSI_nonSOE,0.06773114239542884,0.016317,0.05141414239542884,2760482446.6776347,2760482446.6776347,1,0,,1.0
600515.SH,海南机场,CSI,地方国有企业,房地产,房地产Ⅱ,房地产--房地产Ⅱ--房地产管理和开发--房地产开发,2025,,,,,,,,,,59718688955.05,,0.011697,218564398.53,479944246.33,target_year,,,,,,,,,,SOE_target,0.012048000000000001,0.009284,24.706513,0.004902,0.353891,0.073869,0.191783,0.205811,0.521749,1.962012,0.01083,True,Pooled_H_plus_CSI_nonSOE,0.0784711275484095,0.011697,0.0667741275484095,3987663353.3083024,3987663353.3083024,1,0,,1.0
600519.SH,贵州茅台,CSI,地方国有企业,日常消费,食品饮料,日常消费--食品饮料--饮料--白酒与葡萄酒,2019,,,,,,,,,,183042000000.0,,0.225160593,41206471014.0,7458015.66,target_year,,,,,,,,,,SOE_target,0.342866,0.331177,25.79748091,0.093352251,0.118716357,0.423491305,0.596969869,0.107621129,0.265493085,3.248532646,0.010051821,True,Pooled_H_plus_CSI_nonSOE,0.15104699457887094,0.225160593,-0.07411359842112905,-13565901282.200304,0.0,1,0,,1.0
600519.SH,贵州茅台,CSI,地方国有企业,日常消费,食品饮料,日常消费--食品饮料--饮料--白酒与葡萄酒,2020,,,,,,,,,,213396000000.0,,0.217730024,46697285430.0,-234610582.4,target_year,,,,,,,,,,SOE_target,0.33395800000000003,0.314108,25.9329835,0.094875943,0.109737598,0.424022183,0.64428346,0.096497444,0.224898702,3.869839489,0.017202928,True,Pooled_H_plus_CSI_nonSOE,0.1543245932920319,0.217730024,-0.06340543070796809,-13530465291.357557,0.0,1,0,,1.0
600519.SH,贵州茅台,CSI,地方国有企业,日常消费,食品饮料,日常消费--食品饮料--饮料--白酒与葡萄酒,2021,,,,,,,,,,255168000000.0,,0.205643475,52460144378.0,13529867.76,target_year,,,,,,,,,,SOE_target,0.314138,0.299036,26.08641454,0.089343891,0.106852675,0.408784356,0.655957044,0.087501848,0.214039476,4.064752303,0.009792927,True,Pooled_H_plus_CSI_nonSOE,0.15452241026888314,0.205643475,-0.051121064731116855,-13044459845.309626,0.0,1,0,,1.0
600519.SH,贵州茅台,CSI,地方国有企业,日常消费,食品饮料,日常消费--食品饮料--饮料--白酒与葡萄酒,2022,,,,,,,,,,254365000000.0,,0.24660828,62716443738.0,12023204.77,target_year,,,,,,,,,,SOE_target,0.338499,0.324077,26.26518875,0.087555949,0.106913309,0.387932853,0.63821226,0.077572997,0.22812674,3.811942633,0.013358971,True,Pooled_H_plus_CSI_nonSOE,0.15097372957804983,0.24660828,-0.09563455042195018,-24326082418.079357,0.0,1,0,,1.0
600519.SH,贵州茅台,CSI,地方国有企业,日常消费,食品饮料,日常消费--食品饮料--饮料--白酒与葡萄酒,2023,,,,,,,,,,272699660092.25,,0.26749,74734071550.75,-1789503701.48,target_year,,,,,,,,,,SOE_target,0.393358,0.361755,26.262035,0.086572,0.105461,0.414513,0.658683,0.086297,0.19421,4.414725,0.020862,True,Pooled_H_plus_CSI_nonSOE,0.15400641889236422,0.26749,-0.11348358110763579,-30946933994.103565,0.0,1,0,,1.0
600519.SH,贵州茅台,CSI,地方国有企业,日常消费,食品饮料,日常消费--食品饮料--饮料--白酒与葡萄酒,2024,,,,,,,,,,298944579918.7,,0.283524,86228146421.62,-1470219863.34,target_year,,,,,,,,,,SOE_target,0.413433,0.384283,26.331637,0.099153,0.100594,0.476069,0.64714,0.080846,0.179843,4.623892,0.009607,True,Pooled_H_plus_CSI_nonSOE,0.1597247861955707,0.283524,-0.12379921380442929,-37009103965.03044,0.0,1,0,,1.0
600519.SH,贵州茅台,CSI,地方国有企业,日常消费,食品饮料,日常消费--食品饮料--饮料--白酒与葡萄酒,2025,,,,,,,,,,303834844021.44,,0.268254,82320067101.68,-815240284.72,target_year,,,,,,,,,,SOE_target,0.378049,0.34462000000000004,26.423524,0.11272,0.097008,0.503715,0.653,0.080353,0.190448,4.454079,0.015651,True,Pooled_H_plus_CSI_nonSOE,0.16103160619712029,0.268254,-0.1072223938028797,-32577899296.70337,0.0,1,0,,1.0
600547.SH,山东黄金,CSI,地方国有企业,材料,有色金属,材料--有色金属--贵金属--黄金,2019,,,,,,,,,,58848726000.0,,0.034295033,1290503000.0,727716000.0,target_year,,,,,,,,,,SOE_target,0.052248,0.057457,24.54342986,0.069783967,0.167062795,1.234748067,-0.168747226,0.506074265,0.481784636,0.460910124,0.079974587,True,Pooled_H_plus_CSI_nonSOE,0.1493237185598499,0.034295033,0.11502868555984991,6769291598.651764,6769291598.651764,1,0,,1.0
600547.SH,山东黄金,CSI,地方国有企业,材料,有色金属,材料--有色金属--贵金属--黄金,2020,,,,,,,,,,64461691000.0,,0.046063033,2231533000.0,737768000.0,target_year,,,,,,,,,,SOE_target,0.062424,0.09291,24.79823602,0.06766359,0.15478921,1.198791734,-0.247137126,0.442311427,0.557028218,0.41604487,0.087074323,True,Pooled_H_plus_CSI_nonSOE,0.1307573284135584,0.046063033,0.08469429541355838,5459537500.411518,5459537500.411518,1,0,,1.0
600547.SH,山东黄金,CSI,地方国有企业,材料,有色金属,材料--有色金属--贵金属--黄金,2021,,,,,,,,,,79036550000.0,,0.006070812,-221301000.0,701117000.0,target_year,,,,,,,,,,SOE_target,0.008607,-0.009239,24.88933695,0.057422438,0.159708925,1.032278579,-0.191698943,0.44392585,0.505781116,0.516050317,0.084631149,True,Pooled_H_plus_CSI_nonSOE,0.13063713354563855,0.006070812,0.12456632154563856,9845292301.15794,9845292301.15794,1,0,,1.0
600547.SH,山东黄金,CSI,地方国有企业,材料,有色金属,材料--有色金属--贵金属--黄金,2022,,,,,,,,,,91216092000.0,,0.024132694,1191359000.0,1009931000.0,target_year,,,,,,,,,,SOE_target,0.033211,0.051716,25.09317624,0.022730128,0.168216562,0.472934661,-0.262458167,0.399789604,0.595619002,0.407525779,0.065528784,True,Pooled_H_plus_CSI_nonSOE,0.08241915940163831,0.024132694,0.058286465401638315,5316663590.430657,5316663590.430657,1,0,,1.0
600547.SH,山东黄金,CSI,地方国有企业,材料,有色金属,材料--有色金属--贵金属--黄金,2023,,,,,,,,,,135018841000.0,,0.02814,2267383000.0,1532106000.0,target_year,,,,,,,,,,SOE_target,0.043099,0.098295,25.236497,0.029365,0.153058,0.590954,-0.144872,0.405942,0.596539,0.619063,0.05267,True,Pooled_H_plus_CSI_nonSOE,0.09516659804075861,0.02814,0.06702659804075861,9049853583.636099,9049853583.636099,1,0,,1.0
600547.SH,山东黄金,CSI,地方国有企业,材料,有色金属,材料--有色金属--贵金属--黄金,2024,,,,,,,,,,161010475000.0,,0.030549,2898680000.0,2020016000.0,target_year,,,,,,,,,,SOE_target,0.050286,0.12102299999999999,25.62868,0.034208,0.159476,0.524015,-0.154502,0.37297,0.605257,0.578511,0.079842,True,Pooled_H_plus_CSI_nonSOE,0.08692892139942394,0.030549,0.056379921399423945,9077757924.983913,9077757924.983913,1,0,,1.0
600547.SH,山东黄金,CSI,地方国有企业,材料,有色金属,材料--有色金属--贵金属--黄金,2025,,,,,,,,,,170374158329.33,,0.03915,4739393120.72,1930825091.04,target_year,,,,,,,,,,SOE_target,0.065581,0.136069,25.804735,0.046095,0.15747,0.557499,-0.209441,0.382655,0.636317,0.459784,0.173847,True,Pooled_H_plus_CSI_nonSOE,0.07188416424031327,0.03915,0.03273416424031327,5577055681.0574255,5577055681.0574255,1,0,,1.0
600584.SH,长电科技,CSI,中央国有企业,信息技术,半导体,信息技术--半导体--半导体产品--集成电路,2019,,,,,,,,,,33581893568.0,,0.025835091,88663437.59,778927828.0,target_year,,,,,,,,,,SOE_target,0.024489999999999998,0.007116,24.26211863,0.425302714,0.214515912,0.731214167,-0.217835094,0.570274559,0.642866911,0.592526697,0.125223737,True,Pooled_H_plus_CSI_nonSOE,0.05737824636741787,0.025835091,0.03154315536741786,1059278886.3475146,1059278886.3475146,1,0,,1.0
600584.SH,长电科技,CSI,中央国有企业,信息技术,半导体,信息技术--半导体--半导体产品--集成电路,2020,,,,,,,,,,32328196228.0,,0.059969666,1304390209.0,634320913.2,target_year,,,,,,,,,,SOE_target,0.06268,0.100233,24.23725288,0.333118905,0.169245785,0.690776587,-0.240903638,0.579565316,0.623655665,0.541626438,0.083485094,True,Pooled_H_plus_CSI_nonSOE,0.0659256614107737,0.059969666,0.005955995410773705,192546588.37255982,192546588.37255982,1,0,,1.0
600584.SH,长电科技,CSI,中央国有企业,信息技术,半导体,信息技术--半导体--半导体产品--集成电路,2021,,,,,,,,,,37098618886.0,,0.08818834,2958712533.0,312953065.0,target_year,,,,,,,,,,SOE_target,0.09927899999999999,0.172064,24.19920563,0.292587408,0.155238897,0.801570564,-0.136611898,0.577067125,0.585201037,0.681027474,0.10301753,True,Pooled_H_plus_CSI_nonSOE,0.07609888383112964,0.08818834,-0.01208945616887036,-448502126.9479232,0.0,1,0,,1.0
600584.SH,长电科技,CSI,中央国有企业,信息技术,半导体,信息技术--半导体--半导体产品--集成电路,2022,,,,,,,,,,39407731739.0,,0.087256409,3230988206.0,207588936.5,target_year,,,,,,,,,,SOE_target,0.09065200000000001,0.141605,24.33684558,0.247136762,0.127200785,0.876472393,0.055951263,0.51445276,0.433948862,1.183022294,0.117475684,True,Pooled_H_plus_CSI_nonSOE,0.10514039002688441,0.087256409,0.01788398102688442,704767126.732827,704767126.732827,1,0,,1.0
600584.SH,长电科技,CSI,中央国有企业,信息技术,半导体,信息技术--半导体--半导体产品--集成电路,2023,,,,,,,,,,42579471835.65,,0.03904,1470705571.95,191582595.95,target_year,,,,,,,,,,SOE_target,0.041807,0.058006,24.397228,0.241875,0.113252,0.880251,0.078921,0.51575,0.374673,1.281888,0.099579,True,Pooled_H_plus_CSI_nonSOE,0.11863807492388455,0.03904,0.07959807492388454,3389243989.3935003,3389243989.3935003,1,0,,1.0
600584.SH,长电科技,CSI,中央国有企业,信息技术,半导体,信息技术--半导体--半导体产品--集成电路,2024,,,,,,,,,,54059828326.1,,0.032423,1609575410.92,143202493.72,target_year,,,,,,,,,,SOE_target,0.037089,0.059965000000000004,24.474638,0.20667,0.109637,0.720973,0.186402,0.464953,0.385827,1.819745,0.07347,True,Pooled_H_plus_CSI_nonSOE,0.10747810113234198,0.032423,0.07505510113234198,4057465882.212481,4057465882.212481,1,0,,1.0
600584.SH,长电科技,CSI,中央国有企业,信息技术,半导体,信息技术--半导体--半导体产品--集成电路,2025,,,,,,,,,,55516503601.44,,0.034768,1565238036.45,364966704.33,target_year,,,,,,,,,,SOE_target,0.038389,0.055614,24.713357,0.203175,0.111057,0.742623,0.127708,0.453394,0.453519,1.451593,0.084921,True,Pooled_H_plus_CSI_nonSOE,0.09671232231395116,0.034768,0.06194432231395116,3438932192.8312297,3438932192.8312297,1,0,,1.0
600585.SH,海螺水泥,CSI,地方国有企业,材料,建材Ⅱ,材料--建材Ⅱ--建材Ⅲ--建材Ⅳ,2019,,,,,,,,,,178777000000.0,,0.190604923,33629803000.0,446008000.0,target_year,,,,,,,,,,SOE_target,0.264696,0.26940200000000003,25.73087892,0.851845731,0.736746816,0.945214441,0.307864936,0.42602985,0.223060914,2.760494595,0.031752625,True,Pooled_H_plus_CSI_nonSOE,0.17550890724078766,0.190604923,-0.01509601575921235,-2698820409.3847065,0.0,0,1,MarketShare_lag,1.0
600585.SH,海螺水泥,CSI,地方国有企业,材料,建材Ⅱ,材料--建材Ⅱ--建材Ⅲ--建材Ⅳ,2020,,,,,,,,,,200973000000.0,,0.177189761,35163538000.0,446777000.0,target_year,,,,,,,,,,SOE_target,0.250641,0.235312,25.90940607,0.869353952,0.764425084,0.956555552,0.390378958,0.392942982,0.204983699,3.545143008,0.049637873,True,Pooled_H_plus_CSI_nonSOE,0.17182590810830045,0.177189761,-0.00536385289169955,-1077989607.2035336,0.0,0,1,MarketShare_lag,1.0
600585.SH,海螺水泥,CSI,地方国有企业,材料,建材Ⅱ,材料--建材Ⅱ--建材Ⅲ--建材Ⅳ,2021,,,,,,,,,,230515000000.0,,0.145909871,33300694000.0,333671000.0,target_year,,,,,,,,,,SOE_target,0.206196,0.192903,26.0264352,0.862135547,0.753086611,0.92820387,0.442261239,0.335339415,0.163752786,4.669323247,0.049609649,True,Pooled_H_plus_CSI_nonSOE,0.16828299438422603,0.145909871,0.022373123384226035,5157340536.914865,5157340536.914865,0,1,MarketShare_lag,1.0
600585.SH,海螺水泥,CSI,地方国有企业,材料,建材Ⅱ,材料--建材Ⅱ--建材Ⅲ--建材Ⅳ,2022,,,,,,,,,,243976000000.0,,0.067158879,15860553000.0,524630000.0,target_year,,,,,,,,,,SOE_target,0.087491,0.086401,26.16358032,0.806036387,0.668525521,0.778482317,0.396284433,0.32075031,0.168348631,3.796208792,0.065949423,True,Pooled_H_plus_CSI_nonSOE,0.16480986644446063,0.067158879,0.09765098744446063,23824497312.749725,23824497312.749725,0,1,MarketShare_lag,1.0
600585.SH,海螺水泥,CSI,地方国有企业,材料,建材Ⅱ,材料--建材Ⅱ--建材Ⅲ--建材Ⅳ,2023,,,,,,,,,,246189200000.0,,0.047198,10689181000.0,930404000.0,target_year,,,,,,,,,,SOE_target,0.060389,0.057962,26.220337,0.768652,0.617588,0.556476,0.290341,0.368056,0.197017,2.991394,0.109217,True,Pooled_H_plus_CSI_nonSOE,0.14857941276046976,0.047198,0.10138141276046977,24959008902.369846,24959008902.369846,1,0,,1.0
600585.SH,海螺水泥,CSI,地方国有企业,材料,建材Ⅱ,材料--建材Ⅱ--建材Ⅲ--建材Ⅳ,2024,,,,,,,,,,254635244000.0,,0.03468,8051954000.0,778705000.0,target_year,,,,,,,,,,SOE_target,0.044611,0.043154000000000005,26.229366,0.792843,0.650954,0.575313,0.291186,0.392783,0.196105,3.41697,0.057547,True,Pooled_H_plus_CSI_nonSOE,0.15313637620870071,0.03468,0.11845637620870071,30163168259.2583,30163168259.2583,0,1,MarketShare_lag,1.0
600585.SH,海螺水泥,CSI,地方国有企业,材料,建材Ⅱ,材料--建材Ⅱ--建材Ⅲ--建材Ⅳ,2025,,,,,,,,,,256000730000.0,,0.035606,8464457000.0,650683000.0,target_year,,,,,,,,,,SOE_target,0.044752,0.044513,26.263098,0.688576,0.525443,0.363519,0.254756,0.389179,0.21324,3.245249,0.044433,True,Pooled_H_plus_CSI_nonSOE,0.14575870447316686,0.035606,0.11015270447316686,28199172756.60498,28199172756.60498,1,0,,1.0
600600.SH,青岛啤酒,CSI,地方国有企业,日常消费,食品饮料,日常消费--食品饮料--饮料--啤酒,2019,,,,,,,,,,37312383547.0,,0.050066542,1852103376.0,15998657.0,target_year,,,,,,,,,,SOE_target,0.062422000000000005,0.099731,24.25183759,0.039789287,0.118716357,0.817071935,0.166497166,0.314204026,0.451509728,1.46938827,0.022356278,True,Pooled_H_plus_CSI_nonSOE,0.13386280378140386,0.050066542,0.08379626178140387,3126638259.3925586,3126638259.3925586,1,0,,1.0
600600.SH,青岛啤酒,CSI,地方国有企业,日常消费,食品饮料,日常消费--食品饮料--饮料--啤酒,2020,,,,,,,,,,41514185835.0,,0.053486635,2201323556.0,19130553.0,target_year,,,,,,,,,,SOE_target,0.069384,0.11063700000000001,24.34259111,0.036521616,0.109737598,0.783994456,0.204973157,0.278755397,0.466306653,1.572724464,0.030961465,True,Pooled_H_plus_CSI_nonSOE,0.12810883919665564,0.053486635,0.07462220419665563,3097880052.4372787,3097880052.4372787,1,0,,1.0
600600.SH,青岛啤酒,CSI,地方国有企业,日常消费,食品饮料,日常消费--食品饮料--饮料--啤酒,2021,,,,,,,,,,46563004491.0,,0.068392254,3155455810.0,29093000.0,target_year,,,,,,,,,,SOE_target,0.09519899999999999,0.144667,24.44930103,0.030608359,0.106852675,0.704323711,0.219639959,0.256356563,0.485283121,1.587892074,0.031198181,True,Pooled_H_plus_CSI_nonSOE,0.12007626771936886,0.068392254,0.05168401371936886,2406562962.927878,2406562962.927878,1,0,,1.0
600600.SH,青岛啤酒,CSI,地方国有企业,日常消费,食品饮料,日常消费--食品饮料--饮料--啤酒,2022,,,,,,,,,,50311699796.0,,0.07408436,3710628593.0,16681483.0,target_year,,,,,,,,,,SOE_target,0.094207,0.153026,24.56407217,0.029061598,0.106913309,0.685008349,0.22979565,0.234330308,0.489000085,1.586022499,0.035113023,True,Pooled_H_plus_CSI_nonSOE,0.1176970370839424,0.07408436,0.0436126770839424,2194227916.7471986,2194227916.7471986,1,0,,1.0
600600.SH,青岛啤酒,CSI,地方国有企业,日常消费,食品饮料,日常消费--食品饮料--饮料--啤酒,2023,,,,,,,,,,49256011349.0,,0.08698,4267851406.0,16430590.0,target_year,,,,,,,,,,SOE_target,0.105586,0.16122,24.641503,0.026374,0.105461,0.664189,0.245086,0.227891,0.477809,1.626821,0.035382,True,Pooled_H_plus_CSI_nonSOE,0.11867900315348148,0.08698,0.03169900315348148,1561366459.0798707,1561366459.0798707,1,0,,1.0
600600.SH,青岛啤酒,CSI,地方国有企业,日常消费,食品饮料,日常消费--食品饮料--饮料--啤酒,2024,,,,,,,,,,51420385832.0,,0.084924,4344983858.0,21837054.0,target_year,,,,,,,,,,SOE_target,0.105021,0.153778,24.620297,0.026821,0.100594,0.681677,0.257703,0.236404,0.42637,1.750271,0.032844,True,Pooled_H_plus_CSI_nonSOE,0.1285747641722113,0.084924,0.04365076417221131,2244539135.5967474,2244539135.5967474,1,0,,1.0
600600.SH,青岛啤酒,CSI,地方国有企业,日常消费,食品饮料,日常消费--食品饮料--饮料--啤酒,2025,,,,,,,,,,52131585698.0,,0.088233,4588101137.0,11645392.0,target_year,,,,,,,,,,SOE_target,0.11355,0.153681,24.663301,0.025162,0.097008,0.638438,0.149096,0.242093,0.419305,1.437532,0.041638,True,Pooled_H_plus_CSI_nonSOE,0.12433698748986981,0.088233,0.0361039874898698,1882158117.8676674,1882158117.8676674,1,0,,1.0
600674.SH,川投能源,CSI,地方国有企业,公用事业,公用事业Ⅱ,公用事业--公用事业Ⅱ--电力--电力公用事业,2019,,,,,,,,,,37455297271.0,,0.08663757,2947152991.0,297882959.1,target_year,,,,,,,,,,SOE_target,0.09496600000000001,0.113437,24.19037321,0.001407933,0.148389593,0.027388009,-0.126162172,0.096642724,0.211156314,0.238375654,0.000112629,True,Pooled_H_plus_CSI_nonSOE,0.09127266836268806,0.08663757,0.004635098362688064,173608987.05480683,173608987.05480683,0,1,CapexRatio_lag,1.0
600674.SH,川投能源,CSI,地方国有企业,公用事业,公用事业Ⅱ,公用事业--公用事业Ⅱ--电力--电力公用事业,2020,,,,,,,,,,41329132241.0,,0.085105621,3161648053.0,355693399.7,target_year,,,,,,,,,,SOE_target,0.08250199999999999,0.113068,24.34641399,0.001205579,0.143602423,0.023400148,-0.003795965,0.089266117,0.261609643,0.974542199,0.005644483,True,Pooled_H_plus_CSI_nonSOE,0.08562225610988516,0.085105621,0.0005166351098851579,21352080.77678726,21352080.77678726,0,1,AssetTurnover_lag,1.0
600674.SH,川投能源,CSI,地方国有企业,公用事业,公用事业Ⅱ,公用事业--公用事业Ⅱ--电力--电力公用事业,2021,,,,,,,,,,48467289300.0,,0.072029473,3087390564.0,403682721.0,target_year,,,,,,,,,,SOE_target,0.070829,0.10283899999999999,24.44483347,0.001311827,0.126082379,0.025326604,-0.020587501,0.149878777,0.279982539,0.842265433,0.011127501,True,Pooled_H_plus_CSI_nonSOE,0.08707050349203502,0.072029473,0.01504103049203502,728997976.2275827,728997976.2275827,1,0,,1.0
600674.SH,川投能源,CSI,地方国有企业,公用事业,公用事业Ⅱ,公用事业--公用事业Ⅱ--电力--电力公用事业,2022,,,,,,,,,,54713816868.0,,0.073686954,3515265709.0,516428791.4,target_year,,,,,,,,,,SOE_target,0.070057,0.108055,24.60415496,0.001311755,0.130392082,0.027269246,-0.076929215,0.15739761,0.333789881,0.523491198,0.018682481,True,Pooled_H_plus_CSI_nonSOE,0.07796548433424554,0.073686954,0.004278530334245537,234094725.17209312,234094725.17209312,1,0,,1.0
600674.SH,川投能源,CSI,地方国有企业,公用事业,公用事业Ⅱ,公用事业--公用事业Ⅱ--电力--电力公用事业,2023,,,,,,,,,,60353345396.81,,0.083092,4400136762.78,614743511.5,target_year,,,,,,,,,,SOE_target,0.079343,0.12410700000000001,24.725382,0.001264,0.129341,0.026783,-0.063429,0.159617,0.356674,0.562795,0.011853,True,Pooled_H_plus_CSI_nonSOE,0.07656531495056661,0.083092,-0.006526685049433392,-393907277.08464944,0.0,1,0,,1.0
600674.SH,川投能源,CSI,地方国有企业,公用事业,公用事业Ⅱ,公用事业--公用事业Ⅱ--电力--电力公用事业,2024,,,,,,,,,,65049216986.43,,0.076308,4507725742.38,456048265.85,target_year,,,,,,,,,,SOE_target,0.082261,0.113788,24.823482,0.001247,0.121904,0.024977,-0.093234,0.155371,0.36055,0.376089,0.01185,True,Pooled_H_plus_CSI_nonSOE,0.07538955149094147,0.076308,-0.0009184485090585337,-59744356.35661168,0.0,1,0,,1.0
600674.SH,川投能源,CSI,地方国有企业,公用事业,公用事业Ⅱ,公用事业--公用事业Ⅱ--电力--电力公用事业,2025,,,,,,,,,,70280844646.92,,0.074284,4754148319.5,466574820.23,target_year,,,,,,,,,,SOE_target,0.079641,0.10925800000000001,24.89841,0.001364,0.118327,0.024926,-0.030629,0.163193,0.325335,0.646079,0.014149,True,Pooled_H_plus_CSI_nonSOE,0.08418866464207131,0.074284,0.009904664642071306,696108196.989255,696108196.989255,1,0,,1.0
600741.SH,华域汽车,CSI,地方国有企业,可选消费,汽车与零配件,可选消费--汽车与零配件--汽车零配件--汽车零配件与设备,2019,,,,,,,,,,139127000000.0,,0.046042526,6463163299.0,-57384823.34,target_year,,,,,,,,,,SOE_target,0.06916699999999999,0.136372,25.61876601,0.105173849,0.376606004,1.218424095,0.095917985,0.187971562,0.591375165,1.188356392,0.056289775,True,Pooled_H_plus_CSI_nonSOE,0.08244388259468424,0.046042526,0.03640135659468424,5064411538.948634,5064411538.948634,1,0,,1.0
600741.SH,华域汽车,CSI,地方国有企业,可选消费,汽车与零配件,可选消费--汽车与零配件--汽车零配件--汽车零配件与设备,2020,,,,,,,,,,150436000000.0,,0.036173167,5403276870.0,38468287.51,target_year,,,,,,,,,,SOE_target,0.05484,0.105986,25.65865613,0.102321962,0.369422071,1.052222715,0.098096971,0.185580865,0.578073616,1.195337752,0.041014965,True,Pooled_H_plus_CSI_nonSOE,0.07764846931341177,0.036173167,0.04147530231341177,6239378578.820413,6239378578.820413,1,0,,1.0
600741.SH,华域汽车,CSI,地方国有企业,可选消费,汽车与零配件,可选消费--汽车与零配件--汽车零配件--汽车零配件与设备,2021,,,,,,,,,,153847000000.0,,0.041668248,6468939920.0,-58414795.01,target_year,,,,,,,,,,SOE_target,0.058917000000000004,0.12674,25.73680331,0.099651359,0.324255792,0.919275528,0.061256394,0.179405617,0.613203253,1.108781534,0.026615808,True,Pooled_H_plus_CSI_nonSOE,0.06745400998775287,0.041668248,0.025785761987752877,3967062124.5298166,3967062124.5298166,1,0,,1.0
600741.SH,华域汽车,CSI,地方国有企业,可选消费,汽车与零配件,可选消费--汽车与零配件--汽车零配件--汽车零配件与设备,2022,,,,,,,,,,162797000000.0,,0.042880326,7203125199.0,-222339441.1,target_year,,,,,,,,,,SOE_target,0.057724000000000004,0.140533,25.7592229,0.091719109,0.289774151,0.916432657,0.04330837,0.164489571,0.651116923,1.075429526,0.032901711,True,Pooled_H_plus_CSI_nonSOE,0.06013790940615184,0.042880326,0.017257583406151834,2809482805.7713003,2809482805.7713003,1,0,,1.0
600741.SH,华域汽车,CSI,地方国有企业,可选消费,汽车与零配件,可选消费--汽车与零配件--汽车零配件--汽车零配件与设备,2023,,,,,,,,,,176096527061.77,,0.041438,7214175836.76,82967479.37,target_year,,,,,,,,,,SOE_target,0.053342,0.130295,25.815769,0.087651,0.236564,0.995539,0.051679,0.160689,0.649534,1.087895,0.031948,True,Pooled_H_plus_CSI_nonSOE,0.06770569213907547,0.041438,0.02626769213907547,4625649359.618946,4625649359.618946,1,0,,1.0
600741.SH,华域汽车,CSI,地方国有企业,可选消费,汽车与零配件,可选消费--汽车与零配件--汽车零配件--汽车零配件与设备,2024,,,,,,,,,,185005958123.93,,0.038573,6690703044.68,445450880.84,target_year,,,,,,,,,,SOE_target,0.048373,0.111687,25.894298,0.079829,0.222276,0.9913,0.071113,0.146473,0.650302,1.120299,0.027814,True,Pooled_H_plus_CSI_nonSOE,0.06788425905444151,0.038573,0.029311259054441506,5422757565.185669,5422757565.185669,1,0,,1.0
600741.SH,华域汽车,CSI,地方国有企业,可选消费,汽车与零配件,可选消费--汽车与零配件--汽车零配件--汽车零配件与设备,2025,,,,,,,,,,199186450932.39,,0.037691,7207268139.61,300363531.54,target_year,,,,,,,,,,SOE_target,0.05118,0.111577,25.943654,0.072316,0.204324,0.932002,0.047394,0.13775,0.642604,1.080251,0.024096,True,Pooled_H_plus_CSI_nonSOE,0.06552522068260573,0.037691,0.02783422068260573,5544199632.237162,5544199632.237162,1,0,,1.0
600760.SH,中航沈飞,CSI,中央国有企业,工业,国防军工,工业--国防军工--航空航天与国防Ⅲ--航空航天,2019,,,,,,,,,,29223855418.0,,0.030645756,877785950.4,17801204.6,target_year,,,,,,,,,,SOE_target,0.032455,0.10607100000000001,24.07103611,0.234061146,0.285442207,0.73382927,0.094811604,0.156668572,0.711535713,1.13982081,0.021528326,True,Pooled_H_plus_CSI_nonSOE,0.033464807281667175,0.030645756,0.002819051281667175,82383547.07136913,82383547.07136913,1,0,,1.0
600760.SH,中航沈飞,CSI,中央国有企业,工业,国防军工,工业--国防军工--航空航天与国防Ⅲ--航空航天,2020,,,,,,,,,,32853080760.0,,0.044497289,1480199037.0,-18325999.76,target_year,,,,,,,,,,SOE_target,0.055996,0.157162,24.09825118,0.25391587,0.279462147,0.822813114,0.126611615,0.154215263,0.680994566,1.194178025,0.019204256,True,Pooled_H_plus_CSI_nonSOE,0.04635494395442459,0.044497289,0.0018576549544245882,61029688.24192511,61029688.24192511,1,0,,1.0
600760.SH,中航沈飞,CSI,中央国有企业,工业,国防军工,工业--国防军工--航空航天与国防Ⅲ--航空航天,2021,,,,,,,,,,62780477436.0,,0.023023896,1695718597.0,-250267428.3,target_year,,,,,,,,,,SOE_target,0.038985,0.157295,24.21531136,0.271869554,0.273615357,0.878885182,0.154294154,0.141732989,0.670187379,1.23638641,0.022587022,True,Pooled_H_plus_CSI_nonSOE,0.053160062244461556,0.023023896,0.030136166244461558,1891962904.9179637,1891962904.9179637,1,0,,1.0
600760.SH,中航沈飞,CSI,中央国有企业,工业,国防军工,工业--国防军工--航空航天与国防Ⅲ--航空航天,2022,,,,,,,,,,58792300811.0,,0.034290357,2304914649.0,-288905647.1,target_year,,,,,,,,,,SOE_target,0.042947,0.190097,24.86290999,0.300582293,0.271325141,0.712078293,0.11045987,0.075155929,0.804076801,1.140517772,0.015019361,True,Pooled_H_plus_CSI_nonSOE,0.023470667908776555,0.034290357,-0.010819689091223446,-636114415.732704,0.0,1,0,,1.0
600760.SH,中航沈飞,CSI,中央国有企业,工业,国防军工,工业--国防军工--航空航天与国防Ⅲ--航空航天,2023,,,,,,,,,,55466437662.06,,0.04908,3007151011.69,-284871174.07,target_year,,,,,,,,,,SOE_target,0.05942,0.215317,24.797277,0.31911,0.272876,0.680945,0.127789,0.091034,0.765048,1.170943,0.018031,True,Pooled_H_plus_CSI_nonSOE,0.029898451393304354,0.04908,-0.019181548606695645,-1063932170.0550578,0.0,1,0,,1.0
600760.SH,中航沈飞,CSI,中央国有企业,工业,国防军工,工业--国防军工--航空航天与国防Ⅲ--航空航天,2024,,,,,,,,,,61589834322.62,,0.050531,3393966060.7,-281780980.48,target_year,,,,,,,,,,SOE_target,0.062074,0.21099199999999999,24.739044,0.285535,0.247277,0.80713,0.19824,0.106196,0.706893,1.30884,0.046211,True,Pooled_H_plus_CSI_nonSOE,0.04475194871567906,0.050531,-0.005779051284320942,-355930811.1432512,0.0,1,0,,1.0
600760.SH,中航沈飞,CSI,中央国有企业,工业,国防军工,工业--国防军工--航空航天与国防Ⅲ--航空航天,2025,,,,,,,,,,77486151790.18,,0.044729,3517760109.76,-51895460.66,target_year,,,,,,,,,,SOE_target,0.057051,0.17316600000000001,24.843763,0.26643,0.253215,0.729017,0.191021,0.119894,0.690682,1.30753,0.049573,True,Pooled_H_plus_CSI_nonSOE,0.04233446282529782,0.044729,-0.0023945371747021785,-185543470.98620176,0.0,1,0,,1.0
600795.SH,国电电力,CSI,中央国有企业,公用事业,公用事业Ⅱ,公用事业--公用事业Ⅱ--电力--电力公用事业,2019,,,,,,,,,,364848000000.0,,0.03103471,1868693329.0,9454253879.0,target_year,,,,,,,,,,SOE_target,0.052023,0.035694,26.33094615,0.108567586,0.148389593,0.235939416,-0.20008333,0.824503098,0.738424424,0.254622885,0.046610381,True,Pooled_H_plus_CSI_nonSOE,0.042301164438538486,0.03103471,0.011266454438538485,4110543368.9918895,4110543368.9918895,0,1,FixedAssetsRatio_lag,1.0
600795.SH,国电电力,CSI,中央国有企业,公用事业,公用事业Ⅱ,公用事业--公用事业Ⅱ--电力--电力公用事业,2020,,,,,,,,,,357337000000.0,,0.031801717,2633092717.0,8730848509.0,target_year,,,,,,,,,,SOE_target,0.028807,0.049264,26.62274626,0.17020986,0.143602423,0.360249419,-0.153296874,0.803204859,0.680281684,0.389709423,0.033277747,True,Pooled_H_plus_CSI_nonSOE,0.06669764379300261,0.031801717,0.03489592679300261,12469605792.431173,12469605792.431173,0,1,FixedAssetsRatio_lag,1.0
600795.SH,国电电力,CSI,中央国有企业,公用事业,公用事业Ⅱ,公用事业--公用事业Ⅱ--电力--电力公用事业,2021,,,,,,,,,,397909000000.0,,0.01530631,-1845353429.0,7935869338.0,target_year,,,,,,,,,,SOE_target,-0.004032,-0.037367,26.60194614,0.150635222,0.126082379,0.31726249,-0.175229782,0.798494104,0.668275244,0.366384625,0.039259747,True,Pooled_H_plus_CSI_nonSOE,0.06424158148111464,0.01530631,0.04893527148111464,19471784939.778843,19471784939.778843,0,1,FixedAssetsRatio_lag,1.0
600795.SH,国电电力,CSI,中央国有企业,公用事业,公用事业Ⅱ,公用事业--公用事业Ⅱ--电力--电力公用事业,2022,,,,,,,,,,412852000000.0,,0.025132614,2824661198.0,7551385897.0,target_year,,,,,,,,,,SOE_target,0.025287,0.06217399999999999,26.70948872,0.177715444,0.130392082,0.439254514,-0.182234617,0.784952008,0.720608319,0.420969478,0.053779605,True,Pooled_H_plus_CSI_nonSOE,0.061616599846378795,0.025132614,0.0364839858463788,15062486524.64918,15062486524.64918,0,1,FixedAssetsRatio_lag,1.0
600795.SH,国电电力,CSI,中央国有企业,公用事业,公用事业Ⅱ,公用事业--公用事业Ⅱ--电力--电力公用事业,2023,,,,,,,,,,457899346871.8,,0.026904,5608589563.0,6710634947.41,target_year,,,,,,,,,,SOE_target,0.035992,0.119557,26.746355,0.174129,0.129341,0.469478,-0.148351,0.777889,0.732903,0.489031,0.091215,True,Pooled_H_plus_CSI_nonSOE,0.05770544433615153,0.026904,0.03080144433615153,14103961244.23189,14103961244.23189,0,2,"FirmSize_lag, FixedAssetsRatio_lag",1.0
600795.SH,国电电力,CSI,中央国有企业,公用事业,公用事业Ⅱ,公用事业--公用事业Ⅱ--电力--电力公用事业,2024,,,,,,,,,,493936293815.87,,0.033167,9831015730.47,6551289184.38,target_year,,,,,,,,,,SOE_target,0.056732,0.187621,26.849915,0.155481,0.121904,0.411434,-0.18418,0.786377,0.739186,0.410321,0.10869,True,Pooled_H_plus_CSI_nonSOE,0.04882884381935455,0.033167,0.01566184381935455,7735953090.454977,7735953090.454977,0,2,"FirmSize_lag, FixedAssetsRatio_lag",1.0
600795.SH,国电电力,CSI,中央国有企业,公用事业,公用事业Ⅱ,公用事业--公用事业Ⅱ--电力--电力公用事业,2025,,,,,,,,,,520151776851.06,,0.025088,7161419062.53,5887937095.54,target_year,,,,,,,,,,SOE_target,0.04671,0.124002,26.925672,0.154752,0.118327,0.372564,-0.127761,0.776514,0.734045,0.498768,0.117618,True,Pooled_H_plus_CSI_nonSOE,0.04890295754356408,0.025088,0.02381495754356408,12387392481.917412,12387392481.917412,0,2,"FirmSize_lag, FixedAssetsRatio_lag",1.0
600809.SH,山西汾酒,CSI,地方国有企业,日常消费,食品饮料,日常消费--食品饮料--饮料--白酒与葡萄酒,2019,,,,,,,,,,16067772126.0,,0.120645565,1938505451.0,0.0,target_year,,,,,,,,,,SOE_target,0.19643999999999998,0.28379899999999997,23.19381691,0.011358508,0.118716357,0.730553813,0.313357956,0.160991916,0.452055606,1.698127236,0.006345891,True,Pooled_H_plus_CSI_nonSOE,0.11833427702536928,0.120645565,-0.0023112879746307186,-37137248.49393045,0.0,1,0,,1.0
600809.SH,山西汾酒,CSI,地方国有企业,日常消费,食品饮料,日常消费--食品饮料--饮料--白酒与葡萄酒,2020,,,,,,,,,,19778534913.0,,0.152246337,3079233697.0,-68024211.2,target_year,,,,,,,,,,SOE_target,0.23637699999999998,0.357553,23.50008137,0.012563816,0.109737598,0.690167098,0.264738088,0.132517046,0.525473058,1.507083422,0.010036058,True,Pooled_H_plus_CSI_nonSOE,0.10351917218002979,0.152246337,-0.04872716481997022,-963751930.6032864,0.0,1,0,,1.0
600809.SH,山西汾酒,CSI,地方国有企业,日常消费,食品饮料,日常消费--食品饮料--饮料--白酒与葡萄酒,2021,,,,,,,,,,29954563964.0,,0.176283383,5313612016.0,-33120152.46,target_year,,,,,,,,,,SOE_target,0.285143,0.42509399999999997,23.70786309,0.012665221,0.106852675,0.640874842,0.312390239,0.115668116,0.491118185,1.641645687,0.00990074,True,Pooled_H_plus_CSI_nonSOE,0.10799889614240785,0.176283383,-0.06828448685759214,-2045432029.3246613,0.0,1,0,,1.0
600809.SH,山西汾酒,CSI,地方国有企业,日常消费,食品饮料,日常消费--食品饮料--饮料--白酒与葡萄酒,2022,,,,,,,,,,36686474275.0,,0.219673789,8095851304.0,-36794481.72,target_year,,,,,,,,,,SOE_target,0.32640300000000005,0.44307899999999995,24.12294754,0.015645986,0.106913309,0.653126402,0.367907014,0.083238228,0.479653252,1.772545459,0.005217143,True,Pooled_H_plus_CSI_nonSOE,0.1136076669727594,0.219673789,-0.10606612202724061,-3891192057.2013736,0.0,1,0,,1.0
600809.SH,山西汾酒,CSI,地方国有企业,日常消费,食品饮料,日常消费--食品饮料--饮料--白酒与葡萄酒,2023,,,,,,,,,,44095837995.19,,0.236534,10438114410.47,-7937771.17,target_year,,,,,,,,,,SOE_target,0.35168900000000003,0.42467799999999994,24.325674,0.017717,0.105461,0.648619,0.391304,0.067605,0.407261,1.966935,0.022504,True,Pooled_H_plus_CSI_nonSOE,0.12328713320599485,0.236534,-0.11324686679400514,-4993715491.611313,0.0,1,0,,1.0
600809.SH,山西汾酒,CSI,地方国有企业,日常消费,食品饮料,日常消费--食品饮料--饮料--白酒与葡萄酒,2024,,,,,,,,,,53495197888.51,,0.228677,12242884323.77,-9765157.86,target_year,,,,,,,,,,SOE_target,0.33853700000000003,0.39120399999999994,24.509631,0.020625,0.100594,0.646094,0.441337,0.062488,0.358781,2.284846,0.011,True,Pooled_H_plus_CSI_nonSOE,0.13357867249890426,0.228677,-0.09509832750109573,-5087303848.537449,0.0,1,0,,1.0
600809.SH,山西汾酒,CSI,地方国有企业,日常消费,食品饮料,日常消费--食品饮料--饮料--白酒与葡萄酒,2025,,,,,,,,,,56323475330.54,,0.217073,12246329337.25,-20025507.86,target_year,,,,,,,,,,SOE_target,0.30286,0.32926,24.702858,0.023549,0.097008,0.616411,0.487344,0.09119,0.341913,2.451332,0.01192,True,Pooled_H_plus_CSI_nonSOE,0.13840646060525566,0.217073,-0.07866653939474433,-4430772890.938835,0.0,1,0,,1.0
600845.SH,宝信软件,CSI,中央国有企业,信息技术,软件服务,信息技术--软件服务--软件--应用软件,2019,,,,,,,,,,10267677543.0,,0.081925389,879342167.8,-38158695.38,target_year,,,,,,,,,,SOE_target,0.101713,0.12857100000000002,22.96879561,0.111629061,0.165297342,0.603696254,0.453013002,0.177288325,0.283095215,2.655370712,0.066055153,True,Pooled_H_plus_CSI_nonSOE,0.06638073519029833,0.081925389,-0.015544653809701672,-159607492.83558327,0.0,1,0,,1.0
600845.SH,宝信软件,CSI,中央国有企业,信息技术,软件服务,信息技术--软件服务--软件--应用软件,2020,,,,,,,,,,14070448560.0,,0.088149099,1300621550.0,-60324188.48,target_year,,,,,,,,,,SOE_target,0.12177500000000001,0.181308,23.0522667,0.119813233,0.156571733,0.693114084,0.42081115,0.184828746,0.292041392,2.50922769,0.088434728,True,Pooled_H_plus_CSI_nonSOE,0.06860364429247809,0.088149099,-0.019545454707521906,-275013315.0439968,0.0,1,0,,1.0
600845.SH,宝信软件,CSI,中央国有企业,信息技术,软件服务,信息技术--软件服务--软件--应用软件,2021,,,,,,,,,,17860169154.0,,0.099359437,1818835201.0,-44258849.6,target_year,,,,,,,,,,SOE_target,0.126112,0.223171,23.36734259,0.14363829,0.151169635,0.779807981,0.305796909,0.122237644,0.466077062,1.666951471,0.023677422,True,Pooled_H_plus_CSI_nonSOE,0.05427996324474135,0.099359437,-0.04507947375525864,-805127026.642223,0.0,1,0,,1.0
600845.SH,宝信软件,CSI,中央国有企业,信息技术,软件服务,信息技术--软件服务--软件--应用软件,2022,,,,,,,,,,19581031615.0,,0.112537592,2185886525.0,17715615.56,target_year,,,,,,,,,,SOE_target,0.122726,0.230578,23.60583888,0.14572694,0.153055264,0.733913566,0.320951649,0.115802186,0.462290693,1.724840493,0.042653776,True,Pooled_H_plus_CSI_nonSOE,0.05129429177745914,0.112537592,-0.06124330022254087,-1199206997.8645093,0.0,1,0,,1.0
600845.SH,宝信软件,CSI,中央国有企业,信息技术,软件服务,信息技术--软件服务--软件--应用软件,2023,,,,,,,,,,21882684637.81,,0.114085,2553638969.59,-57147146.8,target_year,,,,,,,,,,SOE_target,0.13603500000000002,0.24034199999999997,23.697827,0.149362,0.14694,0.69877,0.357491,0.102442,0.455595,1.825248,0.015366,True,Pooled_H_plus_CSI_nonSOE,0.05514417069465028,0.114085,-0.058940829305349725,-1289783579.979958,0.0,1,0,,1.0
600845.SH,宝信软件,CSI,中央国有企业,信息技术,软件服务,信息技术--软件服务--软件--应用软件,2024,,,,,,,,,,21636685902.19,,0.10333,2265482898.16,-29759456.65,target_year,,,,,,,,,,SOE_target,0.11368,0.199552,23.808962,0.143091,0.139728,0.619504,0.376569,0.099233,0.447554,1.926631,0.017193,True,Pooled_H_plus_CSI_nonSOE,0.05236881876524305,0.10333,-0.05096118123475696,-1102631071.5810153,0.0,1,0,,1.0
600845.SH,宝信软件,CSI,中央国有企业,信息技术,软件服务,信息技术--软件服务--软件--应用软件,2025,,,,,,,,,,22314945033.04,,0.057715,1305010991.72,-17114725.47,target_year,,,,,,,,,,SOE_target,0.064209,0.11631,23.797656,0.127,0.169431,0.624517,0.381346,0.108447,0.432194,1.981772,0.020184,True,Pooled_H_plus_CSI_nonSOE,0.05263674554597237,0.057715,-0.005078254454027632,-113320969.00541717,0.0,1,0,,1.0
600875.SH,东方电气,CSI,中央国有企业,工业,电气设备,工业--电气设备--电气设备Ⅲ--重型电气设备,2019,,,,,,,,,,89618965556.0,,0.015717674,1277671818.0,130929860.5,target_year,,,,,,,,,,SOE_target,0.006066,0.044028,25.23767212,0.084142144,0.075162529,0.349259169,0.228409844,0.066453384,0.663898493,1.395835175,0.002025643,True,Pooled_H_plus_CSI_nonSOE,0.04337009738920261,0.015717674,0.02765242338920261,2478181579.2568774,2478181579.2568774,1,0,,1.0
600875.SH,东方电气,CSI,中央国有企业,工业,电气设备,工业--电气设备--电气设备Ⅲ--重型电气设备,2020,,,,,,,,,,97795137769.0,,0.020410563,1861998155.0,134055669.1,target_year,,,,,,,,,,SOE_target,0.011969,0.061694000000000006,25.2188328,0.073544025,0.069863037,0.351245526,0.222554195,0.06293563,0.645181879,1.403307137,0.007166305,True,Pooled_H_plus_CSI_nonSOE,0.044848652089866665,0.020410563,0.024438089089866666,2389926289.3546066,2389926289.3546066,1,0,,1.0
600875.SH,东方电气,CSI,中央国有企业,工业,电气设备,工业--电气设备--电气设备Ⅲ--重型电气设备,2021,,,,,,,,,,103105000000.0,,0.023600924,2289036817.0,144326348.8,target_year,,,,,,,,,,SOE_target,0.017065,0.072203,25.3061407,0.070729662,0.069189957,0.386725704,0.148967446,0.055489357,0.655999257,1.259661364,0.00553372,True,Pooled_H_plus_CSI_nonSOE,0.043113365656037204,0.023600924,0.019512441656037206,2011830296.9457161,2011830296.9457161,0,1,HHI_lag,1.0
600875.SH,东方电气,CSI,中央国有企业,工业,电气设备,工业--电气设备--电气设备Ⅲ--重型电气设备,2022,,,,,,,,,,115265000000.0,,0.026347295,2854650575.0,182271979.4,target_year,,,,,,,,,,SOE_target,0.021002,0.084608,25.35900958,0.063575156,0.081262738,0.46546583,0.115208513,0.05076816,0.656815638,1.204886628,0.006960057,True,Pooled_H_plus_CSI_nonSOE,0.04580323165974167,0.026347295,0.01945593665974167,2242588539.0851235,2242588539.0851235,1,0,,1.0
600875.SH,东方电气,CSI,中央国有企业,工业,电气设备,工业--电气设备--电气设备Ⅲ--重型电气设备,2023,,,,,,,,,,121108373341.62,,0.030112,3550393576.32,96404032.6,target_year,,,,,,,,,,SOE_target,0.024314,0.09831300000000001,25.4705,0.041868,0.108841,0.496214,-0.000125,0.045409,0.664904,0.999787,0.006491,True,Pooled_H_plus_CSI_nonSOE,0.04186301924142377,0.030112,0.011751019241423771,1423146825.4349103,1423146825.4349103,1,0,,1.0
600875.SH,东方电气,CSI,中央国有企业,工业,电气设备,工业--电气设备--电气设备Ⅲ--重型电气设备,2024,,,,,,,,,,142009284851.87,,0.021335,2922100908.48,107669363.23,target_year,,,,,,,,,,SOE_target,0.020957,0.076856,25.519952,0.039852,0.112299,0.504004,0.036663,0.047941,0.659645,1.06232,0.009166,True,Pooled_H_plus_CSI_nonSOE,0.04411741231324748,0.021335,0.02278241231324748,3235314079.804712,3235314079.804712,1,0,,1.0
600875.SH,东方电气,CSI,中央国有企业,工业,电气设备,工业--电气设备--电气设备Ⅲ--重型电气设备,2025,,,,,,,,,,162674195217.33,,0.024077,3831301222.13,85345766.36,target_year,,,,,,,,,,SOE_target,0.031003,0.091188,25.679158,0.050664,0.107313,0.521385,0.034271,0.048634,0.696201,1.054737,0.021119,True,Pooled_H_plus_CSI_nonSOE,0.039320504132678714,0.024077,0.015243504132678713,2479724767.0755534,2479724767.0755534,1,0,,1.0
600886.SH,国投电力,CSI,中央国有企业,公用事业,公用事业Ⅱ,公用事业--公用事业Ⅱ--电力--电力公用事业,2019,,,,,,,,,,224722000000.0,,0.042848909,4755460882.0,4873610845.0,target_year,,,,,,,,,,SOE_target,0.067674,0.12181900000000001,26.1201075,0.067425895,0.148389593,0.18671361,-0.080609047,0.838680884,0.682009567,0.494120103,0.046417675,True,Pooled_H_plus_CSI_nonSOE,0.05160232297285215,0.042848909,0.008753413972852155,1967084694.807282,1967084694.807282,0,1,FixedAssetsRatio_lag,1.0
600886.SH,国投电力,CSI,中央国有企业,公用事业,公用事业Ⅱ,公用事业--公用事业Ⅱ--电力--电力公用事业,2020,,,,,,,,,,228909000000.0,,0.042418916,5515627276.0,4194460020.0,target_year,,,,,,,,,,SOE_target,0.051626000000000005,0.125914,26.13812775,0.061507665,0.143602423,0.186274265,-0.04132307,0.810239806,0.668949453,0.728631805,0.044695381,True,Pooled_H_plus_CSI_nonSOE,0.05435461543817262,0.042418916,0.011935699438172617,2732189022.6926556,2732189022.6926556,0,1,FixedAssetsRatio_lag,1.0
600886.SH,国投电力,CSI,中央国有企业,公用事业,公用事业Ⅱ,公用事业--公用事业Ⅱ--电力--电力公用事业,2021,,,,,,,,,,241370000000.0,,0.027875459,2436891837.0,4291394378.0,target_year,,,,,,,,,,SOE_target,0.027852000000000002,0.049387999999999994,26.156592,0.050456318,0.126082379,0.169181835,-0.066500176,0.82814494,0.639222502,0.577776524,0.044517337,True,Pooled_H_plus_CSI_nonSOE,0.05860152740017752,0.027875459,0.03072606840017752,7416351129.750848,7416351129.750848,0,1,FixedAssetsRatio_lag,1.0
600886.SH,国投电力,CSI,中央国有企业,公用事业,公用事业Ⅱ,公用事业--公用事业Ⅱ--电力--电力公用事业,2022,,,,,,,,,,258254000000.0,,0.03381893,4079375650.0,4654513767.0,target_year,,,,,,,,,,SOE_target,0.037759999999999995,0.076989,26.2095949,0.045790834,0.130392082,0.18176182,-0.067490828,0.809947994,0.635164482,0.571163608,0.038436347,True,Pooled_H_plus_CSI_nonSOE,0.060282835296264485,0.03381893,0.026463905296264488,6834409398.381489,6834409398.381489,0,1,FixedAssetsRatio_lag,1.0
600886.SH,国投电力,CSI,中央国有企业,公用事业,公用事业Ⅱ,公用事业--公用事业Ⅱ--电力--电力公用事业,2023,,,,,,,,,,277363021076.32,,0.038506,6704936953.85,3975288601.66,target_year,,,,,,,,,,SOE_target,0.053080999999999996,0.118062,26.277211,0.045306,0.129341,0.198222,-0.08302,0.800705,0.637472,0.521016,0.058878,True,Pooled_H_plus_CSI_nonSOE,0.0575522903629212,0.038506,0.0190462903629212,5282736635.356624,5282736635.356624,0,1,FixedAssetsRatio_lag,1.0
600886.SH,国投电力,CSI,中央国有企业,公用事业,公用事业Ⅱ,公用事业--公用事业Ⅱ--电力--电力公用事业,2024,,,,,,,,,,296536685805.74,,0.033908,6643033266.19,3412049732.32,target_year,,,,,,,,,,SOE_target,0.06662499999999999,0.109754,26.348593,0.04841,0.121904,0.208256,-0.061429,0.776516,0.631828,0.628079,0.073018,True,Pooled_H_plus_CSI_nonSOE,0.05826534768383183,0.033908,0.024357347683831826,7222847157.181607,7222847157.181607,0,1,FixedAssetsRatio_lag,1.0
600886.SH,国投电力,CSI,中央国有企业,公用事业,公用事业Ⅱ,公用事业--公用事业Ⅱ--电力--电力公用事业,2025,,,,,,,,,,313579818706.81,,0.032146,7393381322.0,2687092580.25,target_year,,,,,,,,,,SOE_target,0.062301,0.109834,26.415437,0.049531,0.118327,0.197773,-0.090115,0.767208,0.632175,0.527581,0.073402,True,Pooled_H_plus_CSI_nonSOE,0.05702397004842151,0.032146,0.02487797004842151,7801229337.577466,7801229337.577466,0,1,FixedAssetsRatio_lag,1.0
600893.SH,航发动力,CSI,中央国有企业,工业,国防军工,工业--国防军工--航空航天与国防Ⅲ--航空航天,2019,,,,,,,,,,63115020067.0,,0.023695335,1077406923.0,418124589.7,target_year,,,,,,,,,,SOE_target,0.029830000000000002,0.039094000000000004,24.70302304,0.267740082,0.285442207,0.437535611,0.043166966,0.334289968,0.429212935,1.08260805,0.032583643,True,Pooled_H_plus_CSI_nonSOE,0.07694086825089208,0.023695335,0.05324553325089208,3360592899.6081696,3360592899.6081696,1,0,,1.0
600893.SH,航发动力,CSI,中央国有企业,工业,国防军工,工业--国防军工--航空航天与国防Ⅲ--航空航天,2020,,,,,,,,,,64352332318.0,,0.022585258,1145986116.0,307427913.2,target_year,,,,,,,,,,SOE_target,0.022119,0.035375000000000004,24.86822461,0.268981923,0.279462147,0.430985785,0.180032179,0.308221958,0.42097161,1.423587814,0.038841514,True,Pooled_H_plus_CSI_nonSOE,0.08042952923631347,0.022585258,0.05784427123631347,3722413765.2917733,3722413765.2917733,1,0,,1.0
600893.SH,航发动力,CSI,中央国有企业,工业,国防军工,工业--国防军工--航空航天与国防Ⅲ--航空航天,2021,,,,,,,,,,90648498035.0,,0.013911733,1187619447.0,73458273.32,target_year,,,,,,,,,,SOE_target,0.01816,0.032292999999999995,24.88763901,0.284731838,0.273615357,0.448269208,0.168979618,0.311568166,0.417257503,1.394363511,0.040230166,True,Pooled_H_plus_CSI_nonSOE,0.08314211888791113,0.013911733,0.06923038588791114,6275630499.122604,6275630499.122604,1,0,,1.0
600893.SH,航发动力,CSI,中央国有企业,工业,国防军工,工业--国防军工--航空航天与国防Ⅲ--航空航天,2022,,,,,,,,,,89965912662.0,,0.01576586,1267781837.0,150608102.9,target_year,,,,,,,,,,SOE_target,0.017733000000000002,0.033426,25.23025521,0.300423066,0.271325141,0.439110596,0.129696967,0.235812024,0.559425655,1.232595064,0.033230453,True,Pooled_H_plus_CSI_nonSOE,0.058263526808687495,0.01576586,0.042497666808687495,3823341380.4491553,3823341380.4491553,1,0,,1.0
600893.SH,航发动力,CSI,中央国有企业,工业,国防军工,工业--国防军工--航空航天与国防Ⅲ--航空航天,2023,,,,,,,,,,99795552106.78,,0.016727,1421421585.27,247847861.48,target_year,,,,,,,,,,SOE_target,0.018008,0.036513,25.222697,0.285061,0.272876,0.409442,0.123892,0.246077,0.541098,1.22639,0.031555,True,Pooled_H_plus_CSI_nonSOE,0.059196166346645235,0.016727,0.042469166346645236,4238233903.078142,4238233903.078142,1,0,,1.0
600893.SH,航发动力,CSI,中央国有企业,工业,国防军工,工业--国防军工--航空航天与国防Ⅲ--航空航天,2024,,,,,,,,,,115913298911.68,,0.011363,860291114.25,456787611.33,target_year,,,,,,,,,,SOE_target,0.014764999999999999,0.021689,25.326389,0.269155,0.247277,0.458109,0.107993,0.235554,0.560545,1.185283,0.033502,True,Pooled_H_plus_CSI_nonSOE,0.05840982330238617,0.011363,0.04704682330238617,5453352492.29448,5453352492.29448,1,0,,1.0
600893.SH,航发动力,CSI,中央国有企业,工业,国防军工,工业--国防军工--航空航天与国防Ⅲ--航空航天,2025,,,,,,,,,,123071590336.09,,0.010252,634328156.8,627400791.46,target_year,,,,,,,,,,SOE_target,0.012845,0.015845,25.476108,0.297316,0.253215,0.441468,0.114637,0.213589,0.607384,1.188188,0.025182,True,Pooled_H_plus_CSI_nonSOE,0.05212779240967311,0.010252,0.04187579240967311,5153720368.442436,5153720368.442436,1,0,,1.0
600900.SH,长江电力,CSI,中央国有企业,公用事业,公用事业Ⅱ,公用事业--公用事业Ⅱ--电力--电力公用事业,2019,,,,,,,,,,296483000000.0,,0.090205718,21543493636.0,5200957545.0,target_year,,,,,,,,,,SOE_target,0.107289,0.147703,26.41192448,0.084052252,0.148389593,0.167846247,-0.160212281,0.827770041,0.517137032,0.16690857,0.010554722,True,Pooled_H_plus_CSI_nonSOE,0.08027597300209834,0.090205718,-0.009929744997901668,-2944000586.21288,0.0,0,2,"FixedAssetsRatio_lag, CurrentRatio_lag",1.0
600900.SH,长江电力,CSI,中央国有企业,公用事业,公用事业Ⅱ,公用事业--公用事业Ⅱ--电力--电力公用事业,2020,,,,,,,,,,330827000000.0,,0.094562387,26297890223.0,4985909832.0,target_year,,,,,,,,,,SOE_target,0.11937099999999999,0.16353,26.41525532,0.072210962,0.143602423,0.164550436,-0.151521069,0.786457909,0.494014744,0.197202157,0.00916354,True,Pooled_H_plus_CSI_nonSOE,0.08401648750626156,0.094562387,-0.010545899493738436,-3488868291.815006,0.0,0,2,"FixedAssetsRatio_lag, CurrentRatio_lag",1.0
600900.SH,长江电力,CSI,中央国有企业,公用事业,公用事业Ⅱ,公用事业--公用事业Ⅱ--电力--电力公用事业,2021,,,,,,,,,,328563000000.0,,0.094424331,26272998503.0,4751369574.0,target_year,,,,,,,,,,SOE_target,0.112712,0.148779,26.52486171,0.074410164,0.126082379,0.180422565,-0.192822765,0.707604134,0.460982464,0.187030032,0.010966039,True,Pooled_H_plus_CSI_nonSOE,0.08940507698871261,0.094424331,-0.0050192540112873885,-1649141155.7106183,0.0,0,1,CurrentRatio_lag,1.0
600900.SH,长江电力,CSI,中央国有企业,公用事业,公用事业Ⅱ,公用事业--公用事业Ⅱ--电力--电力公用事业,2022,,,,,,,,,,327268000000.0,,0.077615125,21309033981.0,4091934992.0,target_year,,,,,,,,,,SOE_target,0.092723,0.116267,26.51799529,0.058372527,0.130392082,0.165251528,-0.10799369,0.674421881,0.42084757,0.335606159,0.010572933,True,Pooled_H_plus_CSI_nonSOE,0.09775503023873616,0.077615125,0.02013990523873617,6591146507.670709,6591146507.670709,1,0,,1.0
600900.SH,长江电力,CSI,中央国有企业,公用事业,公用事业Ⅱ,公用事业--公用事业Ⅱ--电力--电力公用事业,2023,,,,,,,,,,571942544909.29,,0.069579,27238970860.7,12556406948.81,target_year,,,,,,,,,,SOE_target,0.10002000000000001,0.14083600000000002,26.514046,0.046651,0.129341,0.155493,-0.113534,0.654516,0.401854,0.291705,0.014883,True,Pooled_H_plus_CSI_nonSOE,0.09904563927029614,0.069579,0.029466639270296135,16853224654.177197,16853224654.177197,1,0,,1.0
600900.SH,长江电力,CSI,中央国有企业,公用事业,公用事业Ⅱ,公用事业--公用事业Ⅱ--电力--电力公用事业,2024,,,,,,,,,,566071979792.34,,0.077071,32496172808.65,11131343530.28,target_year,,,,,,,,,,SOE_target,0.087861,0.157895,27.072304,0.06641,0.121904,0.170171,-0.220611,0.786164,0.628811,0.122989,0.021388,True,Pooled_H_plus_CSI_nonSOE,0.05870133354574889,0.077071,-0.01836966645425111,-10398553457.882858,0.0,0,3,"FirmSize_lag, FixedAssetsRatio_lag, CurrentRatio_lag",1.0
600900.SH,长江电力,CSI,中央国有企业,公用事业,公用事业Ⅱ,公用事业--公用事业Ⅱ--电力--电力公用事业,2025,,,,,,,,,,559208340046.84,,0.078458,34502809176.39,9371372984.05,target_year,,,,,,,,,,SOE_target,0.09084199999999999,0.159873,27.061987,0.072025,0.118327,0.145031,-0.251498,0.776353,0.607902,0.107736,0.025474,True,Pooled_H_plus_CSI_nonSOE,0.061480367072349565,0.078458,-0.016977632927650435,-9494033927.395971,0.0,0,3,"FirmSize_lag, FixedAssetsRatio_lag, CurrentRatio_lag",1.0
600905.SH,三峡能源,CSI,中央国有企业,公用事业,公用事业Ⅱ,公用事业--公用事业Ⅱ--电力--电力公用事业,2019,,,,,,,,,,100050000000.0,,0.044637736,2839735774.0,1626271621.0,target_year,,,,,,,,,,SOE_target,0.036157,0.071715,25.16693766,0.012310599,0.148389593,0.095504611,0.032057758,0.624194288,0.492527498,1.235768548,0.12482356,True,Pooled_H_plus_CSI_nonSOE,0.06386160061578737,0.044637736,0.019223864615787373,1923347654.8095267,1923347654.8095267,1,0,,1.0
600905.SH,三峡能源,CSI,中央国有企业,公用事业,公用事业Ⅱ,公用事业--公用事业Ⅱ--电力--电力公用事业,2020,,,,,,,,,,142576000000.0,,0.040053102,3610991284.0,2099634099.0,target_year,,,,,,,,,,SOE_target,0.052405999999999994,0.08984,25.32893633,0.013171647,0.143602423,0.095973224,-0.052296024,0.661347862,0.583253272,0.762889652,0.142675768,True,Pooled_H_plus_CSI_nonSOE,0.04762232156041017,0.040053102,0.007569219560410172,1079189048.0450406,1079189048.0450406,1,0,,1.0
600905.SH,三峡能源,CSI,中央国有企业,公用事业,公用事业Ⅱ,公用事业--公用事业Ⅱ--电力--电力公用事业,2021,,,,,,,,,,217196000000.0,,0.039073376,5642366893.0,2844231671.0,target_year,,,,,,,,,,SOE_target,0.036911,0.10189999999999999,25.68314352,0.014739605,0.126082379,0.092403534,-0.064530566,0.68917574,0.67431158,0.69579096,0.178542795,True,Pooled_H_plus_CSI_nonSOE,0.030989273866207433,0.039073376,-0.008084102133792567,-1755834647.0512104,0.0,1,0,,1.0
600905.SH,三峡能源,CSI,中央国有企业,公用事业,公用事业Ⅱ,公用事业--公用事业Ⅱ--电力--电力公用事业,2022,,,,,,,,,,262127000000.0,,0.042507105,7155475873.0,3986790888.0,target_year,,,,,,,,,,SOE_target,0.037842,0.0981,26.10406807,0.016447582,0.130392082,0.085340136,-0.016042716,0.667788729,0.647345629,0.909165829,0.137691712,True,Pooled_H_plus_CSI_nonSOE,0.041976210307619076,0.042507105,-0.0005308946923809274,-139161833.02973536,0.0,1,0,,1.0
600905.SH,三峡能源,CSI,中央国有企业,公用事业,公用事业Ⅱ,公用事业--公用事业Ⅱ--电力--电力公用事业,2023,,,,,,,,,,311707560904.4,,0.035726,7181086737.34,3954822772.55,target_year,,,,,,,,,,SOE_target,0.031429,0.09,26.292096,0.021631,0.129341,0.098646,-0.016599,0.657012,0.66444,0.907727,0.10579,True,Pooled_H_plus_CSI_nonSOE,0.043609069057467253,0.035726,0.007883069057467253,2457212228.344065,2457212228.344065,1,0,,1.0
600905.SH,三峡能源,CSI,中央国有企业,公用事业,公用事业Ⅱ,公用事业--公用事业Ⅱ--电力--电力公用事业,2024,,,,,,,,,,356871426700.32,,0.029203,6111426749.8,4310318180.69,target_year,,,,,,,,,,SOE_target,0.038501,0.07221899999999999,26.465331,0.022815,0.121904,0.091612,0.00235,0.684482,0.693671,1.015668,0.131892,True,Pooled_H_plus_CSI_nonSOE,0.035806753203947175,0.029203,0.0066037532039471755,2356690827.469438,2356690827.469438,1,0,,1.0
600905.SH,三峡能源,CSI,中央国有企业,公用事业,公用事业Ⅱ,公用事业--公用事业Ⅱ--电力--电力公用事业,2025,,,,,,,,,,387155529975.3,,0.020299,3714396619.2,4144510564.47,target_year,,,,,,,,,,SOE_target,0.024668000000000002,0.042359,26.600641,0.025729,0.118327,0.088185,-0.023704,0.690148,0.709569,0.866542,0.086512,True,Pooled_H_plus_CSI_nonSOE,0.0393688306154953,0.020299,0.0190698306154953,7382990378.481284,7382990378.481284,1,0,,1.0
600930.SH,华电新能,CSI,中央国有企业,公用事业,公用事业Ⅱ,公用事业--公用事业Ⅱ--电力--电力公用事业,2022,,,,,,,,,,271927000000.0,,0.046442641,8522326035.0,4106695099.0,target_year,,,,,,,,,,SOE_target,0.051731,,,,0.130392082,,,,,,,True,Pooled_H_plus_CSI_nonSOE,0.07271233250393158,0.046442641,0.026269691503931582,7143438401.589603,7143438401.589603,1,0,,1.0
600930.SH,华电新能,CSI,中央国有企业,公用事业,公用事业Ⅱ,公用事业--公用事业Ⅱ--电力--电力公用事业,2023,,,,,,,,,,336672867584.0,,0.042015,9619770057.0,4525620297.0,target_year,,,,,,,,,,SOE_target,0.052148,0.122204,26.328801,0.022349,0.129341,,-0.124576,0.705813,0.71125,0.542037,0.214746,True,Pooled_H_plus_CSI_nonSOE,0.05084298541209562,0.042015,0.008827985412095625,2972143163.679954,2972143163.679954,1,0,,1.0
600930.SH,华电新能,CSI,中央国有企业,公用事业,公用事业Ⅱ,公用事业--公用事业Ⅱ--电力--电力公用事业,2024,,,,,,,,,,444090216404.0,,0.032194,8831054314.0,5465860155.0,target_year,,,,,,,,,,SOE_target,0.040872,0.093033,26.542378,0.025418,0.121904,0.096234,-0.106022,0.69146,0.73178,0.567832,0.179024,True,Pooled_H_plus_CSI_nonSOE,0.022164413542057913,0.032194,-0.010029586457942087,-4454041220.550129,0.0,1,0,,1.0
600930.SH,华电新能,CSI,中央国有企业,公用事业,公用事业Ⅱ,公用事业--公用事业Ⅱ--电力--电力公用事业,2025,,,,,,,,,,518120395445.0,,0.025709,7262870120.0,6057531034.0,target_year,,,,,,,,,,SOE_target,0.031789,0.059893999999999996,26.819294,0.029306,0.118327,0.086012,-0.092824,0.653688,0.730639,0.610585,0.1612,True,Pooled_H_plus_CSI_nonSOE,0.025328251523758255,0.025709,-0.00038074847624174415,-197273551.07545367,0.0,0,1,FirmSize_lag,1.0
600938.SH,中国海油,CSI,中央国有企业,能源,石油石化,能源--石油石化--石油天然气--石油天然气勘探与生产,2019,,,,,,,,,,757731000000.0,,0.084581468,61045000000.0,3045000000.0,target_year,,,,,,,,,,SOE_target,0.122,0.14105399999999998,27.24356143,0.039982787,0.452070271,0.338122435,0.176552309,0.600102537,0.385123877,2.706101762,0.07465611,True,Pooled_H_plus_CSI_nonSOE,0.09446561183890767,0.084581468,0.009884143838907664,7489522195.199343,7489522195.199343,0,1,FirmSize_lag,1.0
600938.SH,中国海油,CSI,中央国有企业,能源,石油石化,能源--石油石化--石油天然气--石油天然气勘探与生产,2020,,,,,,,,,,721275000000.0,,0.039516135,24956000000.0,3546000000.0,target_year,,,,,,,,,,SOE_target,0.050007,0.056596,27.35359428,0.039338217,0.44417932,0.316247015,0.151367702,0.581412137,0.408462898,2.256956241,0.095039005,True,Pooled_H_plus_CSI_nonSOE,0.08929865223445499,0.039516135,0.04978251723445499,35906885118.281525,35906885118.281525,0,1,FirmSize_lag,1.0
600938.SH,中国海油,CSI,中央国有企业,能源,石油石化,能源--石油石化--石油天然气--石油天然气勘探与生产,2021,,,,,,,,,,786569000000.0,,0.093450161,70320000000.0,3185000000.0,target_year,,,,,,,,,,SOE_target,0.129543,0.153769,27.30428632,0.035156816,0.429200271,0.205074219,0.122753457,0.619275588,0.398384805,2.182854166,0.10456206,True,Pooled_H_plus_CSI_nonSOE,0.08330627800700137,0.093450161,-0.010143882992998635,-7978863901.919943,0.0,0,1,FirmSize_lag,1.0
600938.SH,中国海油,CSI,中央国有企业,能源,石油石化,能源--石油石化--石油天然气--石油天然气勘探与生产,2022,,,,,,,,,,929031000000.0,,0.155839794,141700000000.0,3080000000.0,target_year,,,,,,,,,,SOE_target,0.22717400000000001,0.26287099999999997,27.39094629,0.041284448,0.425995256,0.315149313,0.14497266,0.591748467,0.387242569,2.213728433,0.104805809,True,Pooled_H_plus_CSI_nonSOE,0.09256997625277125,0.155839794,-0.06326981774722876,-58779622051.52568,0.0,0,1,FirmSize_lag,1.0
600938.SH,中国海油,CSI,中央国有企业,能源,石油石化,能源--石油石化--石油天然气--石油天然气勘探与生产,2023,,,,,,,,,,1005598000000.0,,0.125544,123843000000.0,2404000000.0,target_year,,,,,,,,,,SOE_target,0.17633700000000002,0.19599,27.557408,0.054529,0.418201,0.45369,0.162845,0.573414,0.355906,2.334215,0.101992,True,Pooled_H_plus_CSI_nonSOE,0.10700418640159153,0.125544,-0.018539813598408464,-18643599474.932354,0.0,0,1,FirmSize_lag,1.0
600938.SH,中国海油,CSI,中央国有企业,能源,石油石化,能源--石油石化--石油天然气--石油天然气勘探与生产,2024,,,,,,,,,,1056281000000.0,,0.133222,137936000000.0,2784000000.0,target_year,,,,,,,,,,SOE_target,0.182531,0.19508199999999998,27.636604,0.059575,0.410755,0.420933,0.125633,0.589619,0.335842,2.01934,0.120202,True,Pooled_H_plus_CSI_nonSOE,0.10755972351970923,0.133222,-0.025662276480290777,-27106575062.87802,0.0,0,1,FirmSize_lag,1.0
600938.SH,中国海油,CSI,中央国有企业,能源,石油石化,能源--石油石化--石油天然气--石油天然气勘探与生产,2025,,,,,,,,,,1098559000000.0,,0.113556,122082000000.0,2666000000.0,target_year,,,,,,,,,,SOE_target,0.155225,0.157495,27.685775,0.061841,0.406814,0.39843,0.137969,0.598714,0.290496,2.225943,0.116786,True,Pooled_H_plus_CSI_nonSOE,0.11363318683557778,0.113556,7.71868355777805e-05,84794292.90549096,84794292.90549096,0,1,FirmSize_lag,1.0
600941.SH,中国移动,CSI,中央国有企业,通讯服务,电信服务,通讯服务--电信服务--多元电信服务--综合电信业务,2019,,,,,,,,,,1629240000000.0,,0.067442489,106641000000.0,3239000000.0,target_year,,,,,,,,,,SOE_target,0.08549799999999999,0.098917,28.06014416,0.500605614,0.376451505,0.438784797,0.039532264,0.480937034,0.312584071,1.127989578,0.127067341,True,Pooled_H_plus_CSI_nonSOE,0.11806272260698718,0.067442489,0.05062023360698718,82472509401.8478,82472509401.8478,0,1,FirmSize_lag,1.0
600941.SH,中国移动,CSI,中央国有企业,通讯服务,电信服务,通讯服务--电信服务--多元电信服务--综合电信业务,2020,,,,,,,,,,1727880000000.0,,0.064135745,107843000000.0,2976000000.0,target_year,,,,,,,,,,SOE_target,0.079764,0.095746,28.11913476,0.502483187,0.377325617,0.426135886,0.041613881,0.455924235,0.32036471,1.146729803,0.125804056,True,Pooled_H_plus_CSI_nonSOE,0.11469593013200488,0.064135745,0.05056018513200489,87361932685.88861,87361932685.88861,0,1,FirmSize_lag,1.0
600941.SH,中国移动,CSI,中央国有企业,通讯服务,电信服务,通讯服务--电信服务--多元电信服务--综合电信业务,2021,,,,,,,,,,1841330000000.0,,0.064443741,116148000000.0,2514000000.0,target_year,,,,,,,,,,SOE_target,0.08055799999999999,0.098628,28.1779175,0.498909861,0.375629725,0.414457383,0.03615351,0.449798076,0.332841016,1.120765784,0.110221068,True,Pooled_H_plus_CSI_nonSOE,0.11366773484944948,0.064443741,0.04922399384944948,90637616594.80681,90637616594.80681,0,1,FirmSize_lag,1.0
600941.SH,中国移动,CSI,中央国有企业,通讯服务,电信服务,通讯服务--电信服务--多元电信服务--综合电信业务,2022,,,,,,,,,,1935540000000.0,,0.065937739,125459000000.0,2166000000.0,target_year,,,,,,,,,,SOE_target,0.081688,0.100219,28.24150762,0.494347903,0.374126853,0.421050715,0.007181234,0.431779363,0.342706646,1.022714155,0.112587824,True,Pooled_H_plus_CSI_nonSOE,0.11061135213147821,0.065937739,0.04467361313147822,86467565160.50134,86467565160.50134,0,1,FirmSize_lag,1.0
600941.SH,中国移动,CSI,中央国有企业,通讯服务,电信服务,通讯服务--电信服务--多元电信服务--综合电信业务,2023,,,,,,,,,,1992657000000.0,,0.067908,131766000000.0,3552000000.0,target_year,,,,,,,,,,SOE_target,0.0849,0.09985799999999999,28.291406,0.492227,0.373379,0.430017,-0.039765,0.420615,0.327617,0.85569,0.097951,True,Pooled_H_plus_CSI_nonSOE,0.11414529085049417,0.067908,0.046237290850494175,92135061274.27318,92135061274.27318,0,1,FirmSize_lag,1.0
600941.SH,中国移动,CSI,中央国有企业,通讯服务,电信服务,通讯服务--电信服务--多元电信服务--综合电信业务,2024,,,,,,,,,,2108127000000.0,,0.067097,138373000000.0,3077000000.0,target_year,,,,,,,,,,SOE_target,0.08544299999999999,0.101233,28.32049,0.493234,0.374249,0.439649,-0.030342,0.396034,0.324528,0.891757,0.090965,True,Pooled_H_plus_CSI_nonSOE,0.11479539086169722,0.067097,0.04769839086169722,100554265632.09718,100554265632.09718,0,1,FirmSize_lag,1.0
600941.SH,中国移动,CSI,中央国有企业,通讯服务,电信服务,通讯服务--电信服务--多元电信服务--综合电信业务,2025,,,,,,,,,,2128182000000.0,,0.065914,137095000000.0,3183000000.0,target_year,,,,,,,,,,SOE_target,0.08191000000000001,0.097213,28.376821,0.491611,0.373264,0.433804,-0.030576,0.374154,0.337545,0.898172,0.073989,True,Pooled_H_plus_CSI_nonSOE,0.1132340172433422,0.065914,0.0473200172433422,100705608936.97049,100705608936.97049,0,1,FirmSize_lag,1.0
601006.SH,大秦铁路,CSI,中央国有企业,工业,交通运输,工业--交通运输--铁路公路运输--铁路运输,2019,,,,,,,,,,148044000000.0,,0.095561613,13669294112.0,478008759.0,target_year,,,,,,,,,,SOE_target,0.134944,0.124054,25.70652666,0.089625731,0.111099702,0.570549848,0.084136557,0.57754898,0.215728043,1.670729602,0.046021713,True,Pooled_H_plus_CSI_nonSOE,0.09956522945735116,0.095561613,0.0040036164573511585,592711394.8120949,592711394.8120949,1,0,,1.0
601006.SH,大秦铁路,CSI,中央国有企业,工业,交通运输,工业--交通运输--铁路公路运输--铁路运输,2020,,,,,,,,,,182203000000.0,,0.06014214,10895704612.0,62353169.0,target_year,,,,,,,,,,SOE_target,0.09520899999999999,0.092804,25.72077391,0.082277343,0.108646931,0.541686591,0.100402373,0.552307357,0.174412521,2.048937304,0.035506266,True,Pooled_H_plus_CSI_nonSOE,0.10345249916484206,0.06014214,0.04331035916484206,7891277370.911718,7891277370.911718,1,0,,1.0
601006.SH,大秦铁路,CSI,中央国有企业,工业,交通运输,工业--交通运输--铁路公路运输--铁路运输,2021,,,,,,,,,,198546000000.0,,0.06305714,12181309677.0,338451918.0,target_year,,,,,,,,,,SOE_target,0.096868,0.099306,25.92838541,0.090638906,0.123286456,0.436682029,0.297357989,0.425794186,0.287461936,5.030979552,0.010649474,True,Pooled_H_plus_CSI_nonSOE,0.06141785530449172,0.06305714,-0.0016392846955082807,-325473419.1543871,0.0,1,0,,1.0
601006.SH,大秦铁路,CSI,中央国有企业,工业,交通运输,工业--交通运输--铁路公路运输--铁路运输,2022,,,,,,,,,,202297000000.0,,0.056109512,11196257454.0,154529809.0,target_year,,,,,,,,,,SOE_target,0.084593,0.088618,26.01428814,0.071203937,0.15352339,0.411764299,0.271773036,0.441406619,0.318403373,3.96929373,0.018177959,True,Pooled_H_plus_CSI_nonSOE,0.058869655864713134,0.056109512,0.002760143864713134,558368823.3998729,558368823.3998729,1,0,,1.0
601006.SH,大秦铁路,CSI,中央国有企业,工业,交通运输,工业--交通运输--铁路公路运输--铁路运输,2023,,,,,,,,,,207673222249.0,,0.058222,11930006082.0,161042754.0,target_year,,,,,,,,,,SOE_target,0.087265,0.08968400000000001,26.033003,0.064458,0.180808,0.377665,0.299635,0.437414,0.307013,4.480187,0.035211,True,Pooled_H_plus_CSI_nonSOE,0.05208254408862285,0.058222,-0.006139455911377156,-1275000591.971365,0.0,1,0,,1.0
601006.SH,大秦铁路,CSI,中央国有企业,工业,交通运输,工业--交通运输--铁路公路运输--铁路运输,2024,,,,,,,,,,207017831253.0,,0.043731,9039359180.0,13716097.0,target_year,,,,,,,,,,SOE_target,0.064335,0.061777,26.059232,0.066414,0.114556,0.393827,0.313596,0.43126,0.266118,5.188494,0.035112,True,Pooled_H_plus_CSI_nonSOE,0.05820456214941055,0.043731,0.014473562149410549,2996285446.676481,2996285446.676481,1,0,,1.0
601006.SH,大秦铁路,CSI,中央国有企业,工业,交通运输,工业--交通运输--铁路公路运输--铁路运输,2025,,,,,,,,,,211817901515.0,,0.026457,5900148479.0,-296022107.0,target_year,,,,,,,,,,SOE_target,0.039529999999999996,0.036973,26.056071,0.053537,0.116886,0.358657,0.289553,0.436047,0.178965,4.920361,0.021893,True,Pooled_H_plus_CSI_nonSOE,0.07280610003164048,0.026457,0.04634910003164048,9817569105.810905,9817569105.810905,1,0,,1.0
601018.SH,宁波港,CSI,地方国有企业,工业,交通运输,工业--交通运输--交通基础设施--海港与服务,2019,,,,,,,,,,71778991000.0,,0.054406379,3422218000.0,483017000.0,target_year,,,,,,,,,,SOE_target,0.06641,0.08650600000000001,25.02221389,0.024928256,0.111099702,0.31969526,-0.075756932,0.484900717,0.429334025,0.769098533,0.030742178,True,Pooled_H_plus_CSI_nonSOE,0.039059808886019995,0.054406379,-0.015346570113980003,-1101561318.0922396,0.0,1,0,,1.0
601018.SH,宁波港,CSI,地方国有企业,工业,交通运输,工业--交通运输--交通基础设施--海港与服务,2020,,,,,,,,,,85419000000.0,,0.045359534,3430805000.0,443761000.0,target_year,,,,,,,,,,SOE_target,0.061177,0.074361,24.99685767,0.024966116,0.108646931,0.332344106,-0.073309306,0.515756024,0.380991076,0.727700149,0.038359163,True,Pooled_H_plus_CSI_nonSOE,0.04898307938539735,0.045359534,0.0036235453853973518,309519623.2752564,309519623.2752564,1,0,,1.0
601018.SH,宁波港,CSI,地方国有企业,工业,交通运输,工业--交通运输--交通基础设施--海港与服务,2021,,,,,,,,,,94961585000.0,,0.050877647,4331678000.0,499744000.0,target_year,,,,,,,,,,SOE_target,0.066056,0.081565,25.1708344,0.026568472,0.123286456,0.268910892,-0.037107962,0.512220536,0.351703169,0.848909062,0.045371896,True,Pooled_H_plus_CSI_nonSOE,0.05034549301022273,0.050877647,-0.0005321539897772676,-50534186.33332313,0.0,1,0,,1.0
601018.SH,宁波港,CSI,地方国有企业,工业,交通运输,工业--交通运输--交通基础设施--海港与服务,2022,,,,,,,,,,108880000000.0,,0.044127532,4220128000.0,584461000.0,target_year,,,,,,,,,,SOE_target,0.064013,0.06663000000000001,25.27673828,0.020766758,0.15352339,0.253490862,-0.022773914,0.5203172,0.380029988,0.899107636,0.067032422,True,Pooled_H_plus_CSI_nonSOE,0.041496029450799984,0.044127532,-0.0026315025492000127,-286517997.5568974,0.0,1,0,,1.0
601018.SH,宁波港,CSI,地方国有企业,工业,交通运输,工业--交通运输--交通基础设施--海港与服务,2023,,,,,,,,,,112344177000.0,,0.04463,4668391000.0,345504000.0,target_year,,,,,,,,,,SOE_target,0.05669,0.063583,25.413509,0.021723,0.180808,0.250287,0.082167,0.499505,0.297792,1.472622,0.058357,True,Pooled_H_plus_CSI_nonSOE,0.05481900035451296,0.04463,0.010189000354512957,1144674859.2804663,1144674859.2804663,1,0,,1.0
601018.SH,宁波港,CSI,地方国有企业,工业,交通运输,工业--交通运输--交通基础设施--海港与服务,2024,,,,,,,,,,112898984000.0,,0.045185,4897513000.0,203858000.0,target_year,,,,,,,,,,SOE_target,0.06326,0.063945,25.444833,0.021216,0.114556,0.233152,-0.026377,0.542051,0.281558,0.866527,0.07921,True,Pooled_H_plus_CSI_nonSOE,0.059551444012759885,0.045185,0.014366444012759882,1621956932.7334738,1621956932.7334738,1,0,,1.0
601018.SH,宁波港,CSI,地方国有企业,工业,交通运输,工业--交通运输--交通基础设施--海港与服务,2025,,,,,,,,,,123425080000.0,,0.042734,5168472000.0,105974000.0,target_year,,,,,,,,,,SOE_target,0.061954,0.064993,25.449759,0.020463,0.116886,0.252389,-0.018075,0.559628,0.242247,0.883191,0.046109,True,Pooled_H_plus_CSI_nonSOE,0.07257231490202473,0.042734,0.02983831490202473,3682796403.8475947,3682796403.8475947,1,0,,1.0
601088.SH,中国神华,CSI,中央国有企业,能源,煤炭Ⅱ,能源--煤炭Ⅱ--煤炭Ⅲ--煤炭与消费用燃料,2019,,,,,,,,,,563083000000.0,,0.079515809,41707000000.0,3067000000.0,target_year,,,,,,,,,,SOE_target,0.115733,0.121282,27.10614052,0.507010805,0.3281903,0.454082948,0.1857846,0.496824007,0.308960391,1.890858398,0.035385531,True,Pooled_H_plus_CSI_nonSOE,0.12996574462757404,0.079515809,0.050449935627574036,28407501102.98127,28407501102.98127,0,1,FirmSize_lag,1.0
601088.SH,中国神华,CSI,中央国有企业,能源,煤炭Ⅱ,能源--煤炭Ⅱ--煤炭Ⅲ--煤炭与消费用燃料,2020,,,,,,,,,,562904000000.0,,0.067702486,35849000000.0,2261000000.0,target_year,,,,,,,,,,SOE_target,0.10646499999999999,0.099542,27.05669288,0.447627872,0.293470907,0.418929791,0.115455448,0.49812905,0.253719256,1.680864657,0.033758789,True,Pooled_H_plus_CSI_nonSOE,0.13773239199111026,0.067702486,0.07002990599111025,39420114202.01993,39420114202.01993,0,1,FirmSize_lag,1.0
601088.SH,中国神华,CSI,中央国有企业,能源,煤炭Ⅱ,能源--煤炭Ⅱ--煤炭Ⅲ--煤炭与消费用燃料,2021,,,,,,,,,,610597000000.0,,0.088765585,51607000000.0,2593000000.0,target_year,,,,,,,,,,SOE_target,0.135102,0.138684,27.05637494,0.411734128,0.275297772,0.414326276,0.182510695,0.493943905,0.236837898,2.478364727,0.036727399,True,Pooled_H_plus_CSI_nonSOE,0.1375348725748448,0.088765585,0.04876928757484482,29778380685.33752,29778380685.33752,0,1,FirmSize_lag,1.0
601088.SH,中国神华,CSI,中央国有企业,能源,煤炭Ⅱ,能源--煤炭Ⅱ--煤炭Ⅲ--煤炭与消费用燃料,2022,,,,,,,,,,625178000000.0,,0.121784516,72903000000.0,3234000000.0,target_year,,,,,,,,,,SOE_target,0.161546,0.187659,27.137703,0.389105518,0.269530745,0.57130927,0.190898416,0.474710816,0.26429216,2.270458212,0.039081424,True,Pooled_H_plus_CSI_nonSOE,0.14254982966414245,0.121784516,0.020765313664142457,12982017265.921253,12982017265.921253,0,1,FirmSize_lag,1.0
601088.SH,中国神华,CSI,中央国有企业,能源,煤炭Ⅱ,能源--煤炭Ⅱ--煤炭Ⅲ--煤炭与消费用燃料,2023,,,,,,,,,,633412000000.0,,0.106539,64625000000.0,2858000000.0,target_year,,,,,,,,,,SOE_target,0.147784,0.159881,27.161302,0.370616,0.250024,0.557598,0.180182,0.471779,0.259856,2.14473,0.045881,True,Pooled_H_plus_CSI_nonSOE,0.14290209296832035,0.106539,0.036363092968320354,23032819443.249733,23032819443.249733,0,1,FirmSize_lag,1.0
601088.SH,中国神华,CSI,中央国有企业,能源,煤炭Ⅱ,能源--煤炭Ⅱ--煤炭Ⅲ--煤炭与消费用燃料,2024,,,,,,,,,,661436000000.0,,0.098454,62421000000.0,2700000000.0,target_year,,,,,,,,,,SOE_target,0.139226,0.148422,27.174387,0.39907,0.263234,0.545172,0.169504,0.489088,0.239593,2.17231,0.058546,True,Pooled_H_plus_CSI_nonSOE,0.143621031258514,0.098454,0.045167031258514,29875100487.506466,29875100487.506466,0,1,FirmSize_lag,1.0
601088.SH,中国神华,CSI,中央国有企业,能源,煤炭Ⅱ,能源--煤炭Ⅱ--煤炭Ⅲ--煤炭与消费用燃料,2025,,,,,,,,,,631777000000.0,,0.089593,54218000000.0,2385000000.0,target_year,,,,,,,,,,SOE_target,0.125517,0.128749,27.217679,0.392903,0.263097,0.522648,0.170092,0.483933,0.233002,2.214694,0.055987,True,Pooled_H_plus_CSI_nonSOE,0.14321031170367945,0.089593,0.05361731170367945,33874184336.215492,33874184336.215492,0,1,FirmSize_lag,1.0
601111.SH,中国国航,CSI,中央国有企业,工业,交通运输,工业--交通运输--航空客运Ⅲ--航空客运Ⅳ,2019,,,,,,,,,,294206000000.0,,0.038643697,6420294000.0,4948928000.0,target_year,,,,,,,,,,SOE_target,0.051708,0.068808,26.21902778,0.157036515,0.111099702,0.570723639,-0.200337972,0.704525554,0.587543188,0.327076743,0.037507993,True,Pooled_H_plus_CSI_nonSOE,0.039361123599238046,0.038643697,0.0007174265992380482,211071210.05542922,211071210.05542922,1,0,,1.0
601111.SH,中国国航,CSI,中央国有企业,工业,交通运输,工业--交通运输--航空客运Ⅲ--航空客运Ⅳ,2020,,,,,,,,,,284030000000.0,,-0.032755591,-14403343000.0,5099785000.0,target_year,,,,,,,,,,SOE_target,-0.046895,-0.16846,26.40754731,0.140714954,0.108646931,0.506376413,-0.180675733,0.347233919,0.655583725,0.318275776,0.025430907,True,Pooled_H_plus_CSI_nonSOE,0.013804142368968889,-0.032755591,0.04655973336896889,13224361068.788233,13224361068.788233,1,0,,1.0
601111.SH,中国国航,CSI,中央国有企业,工业,交通运输,工业--交通运输--航空客运Ⅲ--航空客运Ⅳ,2021,,,,,,,,,,298381000000.0,,-0.037335215,-16635178000.0,5495052000.0,target_year,,,,,,,,,,SOE_target,-0.056464,-0.23951,26.37234435,0.087367401,0.123286456,0.24039925,-0.214281471,0.356816629,0.705055278,0.244867819,0.017709488,True,Pooled_H_plus_CSI_nonSOE,-0.012825943954313829,-0.037335215,0.02450927104568617,7313100803.882885,7313100803.882885,1,0,,1.0
601111.SH,中国国航,CSI,中央国有企业,工业,交通运输,工业--交通运输--航空客运Ⅲ--航空客运Ⅳ,2022,,,,,,,,,,294979000000.0,,-0.108973296,-38617495000.0,6472620000.0,target_year,,,,,,,,,,SOE_target,-0.133588,-0.909227,26.42163767,0.067699809,0.15352339,0.25594192,-0.205183842,0.331135843,0.77937245,0.331770559,0.006113086,True,Pooled_H_plus_CSI_nonSOE,-0.026998202206960226,-0.108973296,0.08197509379303977,24180931191.977077,24180931191.977077,1,0,,1.0
601111.SH,中国国航,CSI,中央国有企业,工业,交通运输,工业--交通运输--航空客运Ⅲ--航空客运Ⅳ,2023,,,,,,,,,,335278694000.0,,0.017611,-1038411000.0,6943087000.0,target_year,,,,,,,,,,SOE_target,0.014877,-0.034168,26.410171,0.045046,0.180808,0.178298,-0.23811,0.337563,0.927018,0.240533,0.003352,True,Pooled_H_plus_CSI_nonSOE,-0.055271263215136715,0.017611,-0.07288226321513672,-24435870026.53528,0.0,1,0,,1.0
601111.SH,中国国航,CSI,中央国有企业,工业,交通运输,工业--交通运输--航空客运Ⅲ--航空客运Ⅳ,2024,,,,,,,,,,345750173000.0,,0.017834,-232557000.0,6398748000.0,target_year,,,,,,,,,,SOE_target,0.012565,-0.0056489999999999995,26.538228,0.11608,0.114556,0.447754,-0.23259,0.351136,0.894822,0.293107,0.028784,True,Pooled_H_plus_CSI_nonSOE,-0.03241685227004995,0.017834,-0.05025085227004995,-17374240865.767216,0.0,1,0,,1.0
601111.SH,中国国航,CSI,中央国有企业,工业,交通运输,工业--交通运输--航空客运Ⅲ--航空客运Ⅳ,2025,,,,,,,,,,343010455000.0,,0.010977,-1787943000.0,5553051000.0,target_year,,,,,,,,,,SOE_target,0.009768,-0.040801,26.568982,0.12001,0.116886,0.48955,-0.280326,0.353379,0.881631,0.29567,0.026481,True,Pooled_H_plus_CSI_nonSOE,-0.027319158563313392,0.010977,-0.03829615856331339,-13135982773.554274,0.0,1,0,,1.0
601117.SH,中国化学,CSI,中央国有企业,工业,建筑,工业--建筑--建筑与工程Ⅲ--建筑与工程Ⅳ,2019,,,,,,,,,,115865000000.0,,0.028923341,3061407369.0,289806779.8,target_year,,,,,,,,,,SOE_target,0.038437,0.09006299999999999,25.29821051,0.019913202,0.178025019,0.878292587,0.21952137,0.111219633,0.63906894,1.387030531,0.010159534,True,Pooled_H_plus_CSI_nonSOE,0.07258179689321573,0.028923341,0.04365845589321572,5058486992.06744,5058486992.06744,1,0,,1.0
601117.SH,中国化学,CSI,中央国有企业,工业,建筑,工业--建筑--建筑与工程Ⅲ--建筑与工程Ⅳ,2020,,,,,,,,,,136008000000.0,,0.030814922,3658838010.0,532242625.5,target_year,,,,,,,,,,SOE_target,0.03608,0.10051299999999999,25.47569493,0.021861497,0.179054819,0.970062543,0.153063024,0.082862011,0.675556122,1.25315949,0.006583871,True,Pooled_H_plus_CSI_nonSOE,0.06983240931843515,0.030814922,0.03901748731843515,5306690415.205728,5306690415.205728,1,0,,1.0
601117.SH,中国化学,CSI,中央国有企业,工业,建筑,工业--建筑--建筑与工程Ⅲ--建筑与工程Ⅳ,2021,,,,,,,,,,177896000000.0,,0.02864568,4633424156.0,462528943.3,target_year,,,,,,,,,,SOE_target,0.038491,0.10793,25.63598067,0.020410956,0.179498397,0.866772612,0.13346452,0.087295556,0.700576858,1.206806431,0.006452369,True,Pooled_H_plus_CSI_nonSOE,0.06054829358336908,0.02864568,0.03190261358336908,5675347346.027025,5675347346.027025,1,0,,1.0
601117.SH,中国化学,CSI,中央国有企业,工业,建筑,工业--建筑--建筑与工程Ⅲ--建筑与工程Ⅳ,2022,,,,,,,,,,194566000000.0,,0.025998681,5415214019.0,-356763819.8,target_year,,,,,,,,,,SOE_target,0.036001,0.10713800000000001,25.90446519,0.022285355,0.17910201,0.872286223,0.12086578,0.084982363,0.704877319,1.184472444,0.021539793,True,Pooled_H_plus_CSI_nonSOE,0.05892042494695465,0.025998681,0.03292174394695466,6405452032.78318,6405452032.78318,1,0,,1.0
601117.SH,中国化学,CSI,中央国有企业,工业,建筑,工业--建筑--建筑与工程Ⅲ--建筑与工程Ⅳ,2023,,,,,,,,,,219115319747.0,,0.023994,5426141014.95,-168615955.65,target_year,,,,,,,,,,SOE_target,0.033386,0.09831300000000001,25.994035,0.02301,0.173049,0.844108,0.1213,0.088868,0.700228,1.185803,0.015632,True,Pooled_H_plus_CSI_nonSOE,0.05945128630874487,0.023994,0.03545728630874487,7769234626.901557,7769234626.901557,1,0,,1.0
601117.SH,中国化学,CSI,中央国有企业,工业,建筑,工业--建筑--建筑与工程Ⅲ--建筑与工程Ⅳ,2024,,,,,,,,,,233421377309.4,,0.025317,5687933905.73,221671999.73,target_year,,,,,,,,,,SOE_target,0.033504,0.09498,26.112864,0.024201,0.176169,0.859609,0.11793,0.094952,0.707587,1.180015,0.015217,True,Pooled_H_plus_CSI_nonSOE,0.059312894784782313,0.025317,0.033995894784782314,7935368583.529336,7935368583.529336,1,0,,1.0
601117.SH,中国化学,CSI,中央国有企业,工业,建筑,工业--建筑--建筑与工程Ⅲ--建筑与工程Ⅳ,2025,,,,,,,,,,247353213805.61,,0.026946,6436145919.35,229081690.59,target_year,,,,,,,,,,SOE_target,0.036042,0.099426,26.176111,0.026149,0.174423,0.818796,0.08385,0.099532,0.704835,1.125799,0.012938,True,Pooled_H_plus_CSI_nonSOE,0.057178928478931315,0.026946,0.030232928478931314,7478212022.018812,7478212022.018812,1,0,,1.0
601186.SH,中国铁建,CSI,中央国有企业,工业,建筑,工业--建筑--建筑与工程Ⅲ--建筑与工程Ⅳ,2019,,,,,,,,,,1081240000000.0,,0.024870217,20197378000.0,6693276000.0,target_year,,,,,,,,,,SOE_target,0.030754,0.106344,27.54510432,0.179441198,0.178025019,0.839435107,0.057684202,0.059639027,0.774063963,1.088617697,0.035240302,True,Pooled_H_plus_CSI_nonSOE,0.049916254300834954,0.024870217,0.025046037300834954,27080777371.154785,27080777371.154785,0,1,FirmSize_lag,1.0
601186.SH,中国铁建,CSI,中央国有企业,工业,建筑,工业--建筑--建筑与工程Ⅲ--建筑与工程Ⅳ,2020,,,,,,,,,,1242790000000.0,,0.022541552,22392983000.0,5621495000.0,target_year,,,,,,,,,,SOE_target,0.028767,0.09646800000000001,27.70912892,0.175822099,0.179054819,0.830905085,0.061813243,0.052260934,0.757665491,1.097005706,0.029840757,True,Pooled_H_plus_CSI_nonSOE,0.05229417776867599,0.022541552,0.02975262576867599,36976265779.05283,36976265779.05283,0,1,FirmSize_lag,1.0
601186.SH,中国铁建,CSI,中央国有企业,工业,建筑,工业--建筑--建筑与工程Ⅲ--建筑与工程Ⅳ,2021,,,,,,,,,,1352970000000.0,,0.022695834,24690556000.0,6016226000.0,target_year,,,,,,,,,,SOE_target,0.028597,0.094403,27.84838222,0.170216618,0.179498397,0.783401225,0.073337434,0.051226586,0.747633644,1.118425578,0.025256172,True,Pooled_H_plus_CSI_nonSOE,0.051808220581228484,0.022695834,0.029112386581228483,39388185672.8047,39388185672.8047,0,1,FirmSize_lag,1.0
601186.SH,中国铁建,CSI,中央国有企业,工业,建筑,工业--建筑--建筑与工程Ⅲ--建筑与工程Ⅳ,2022,,,,,,,,,,1523950000000.0,,0.02151334,26642094000.0,6143183000.0,target_year,,,,,,,,,,SOE_target,0.027513,0.095274,27.9333233,0.166034342,0.17910201,0.785903995,0.056408052,0.052064362,0.743901938,1.091719883,0.024298731,True,Pooled_H_plus_CSI_nonSOE,0.05197878922735947,0.02151334,0.03046544922735947,46427821350.03446,46427821350.03446,0,1,FirmSize_lag,1.0
601186.SH,中国铁建,CSI,中央国有企业,工业,建筑,工业--建筑--建筑与工程Ⅲ--建筑与工程Ⅳ,2023,,,,,,,,,,1663019578000.0,,0.020178,26096971000.0,7459090000.0,target_year,,,,,,,,,,SOE_target,0.026402000000000002,0.086943,28.052327,0.16047,0.173049,0.762143,0.049486,0.048347,0.746701,1.080689,0.019856,True,Pooled_H_plus_CSI_nonSOE,0.050284239896232326,0.020178,0.030106239896232324,50067266367.39904,50067266367.39904,0,1,FirmSize_lag,1.0
601186.SH,中国铁建,CSI,中央国有企业,工业,建筑,工业--建筑--建筑与工程Ⅲ--建筑与工程Ⅳ,2024,,,,,,,,,,1862842522000.0,,0.017098,22215074000.0,9635257000.0,target_year,,,,,,,,,,SOE_target,0.021749,0.06963,28.139656,0.154893,0.176169,0.714154,0.040108,0.047552,0.749179,1.06683,0.020998,True,Pooled_H_plus_CSI_nonSOE,0.046190242781672566,0.017098,0.029092242781672568,54194266914.04722,54194266914.04722,0,1,FirmSize_lag,1.0
601186.SH,中国铁建,CSI,中央国有企业,工业,建筑,工业--建筑--建筑与工程Ⅲ--建筑与工程Ⅳ,2025,,,,,,,,,,2083825209000.0,,0.015085,18362618000.0,13072638000.0,target_year,,,,,,,,,,SOE_target,0.018279,0.054934000000000004,28.253125,0.150621,0.174423,0.605339,0.01676,0.04286,0.773144,1.028057,0.020371,True,Pooled_H_plus_CSI_nonSOE,0.03500636599833407,0.015085,0.01992136599833407,41512644665.04399,41512644665.04399,0,1,FirmSize_lag,1.0
601225.SH,陕西煤业,CSI,地方国有企业,能源,煤炭Ⅱ,能源--煤炭Ⅱ--煤炭Ⅲ--煤炭与消费用燃料,2019,,,,,,,,,,126684000000.0,,0.098061525,11643397961.0,779381426.5,target_year,,,,,,,,,,SOE_target,0.161265,0.213801,25.51516149,0.104323389,0.3281903,0.481035865,0.023440984,0.436528856,0.449190309,1.098515116,0.036689981,True,Pooled_H_plus_CSI_nonSOE,0.08753962115064615,0.098061525,-0.01052190384935385,-1332956867.2515433,0.0,1,0,,1.0
601225.SH,陕西煤业,CSI,地方国有企业,能源,煤炭Ⅱ,能源--煤炭Ⅱ--煤炭Ⅲ--煤炭与消费用燃料,2020,,,,,,,,,,148912000000.0,,0.100237638,14882641695.0,43980183.04,target_year,,,,,,,,,,SOE_target,0.174229,0.231661,25.56495786,0.12915651,0.293470907,0.564600682,0.054510991,0.439341317,0.39873896,1.247457596,0.038178355,True,Pooled_H_plus_CSI_nonSOE,0.10438302332146127,0.100237638,0.004145385321461262,617297618.9894394,617297618.9894394,1,0,,1.0
601225.SH,陕西煤业,CSI,地方国有企业,能源,煤炭Ⅱ,能源--煤炭Ⅱ--煤炭Ⅲ--煤炭与消费用燃料,2021,,,,,,,,,,185407000000.0,,0.113549493,21139687861.0,-86779774.34,target_year,,,,,,,,,,SOE_target,0.243413,0.271687,25.72662369,0.16038508,0.275297772,0.659401984,0.107688959,0.403718514,0.39783739,1.411395469,0.055749205,True,Pooled_H_plus_CSI_nonSOE,0.11044373541500828,0.113549493,-0.0031057575849917224,-575829196.5605602,0.0,1,0,,1.0
601225.SH,陕西煤业,CSI,地方国有企业,能源,煤炭Ⅱ,能源--煤炭Ⅱ--煤炭Ⅲ--煤炭与消费用燃料,2022,,,,,,,,,,215260000000.0,,0.16034107,35122944094.0,-607952085.2,target_year,,,,,,,,,,SOE_target,0.319782,0.37351300000000004,25.94582102,0.166631218,0.269530745,0.85877972,0.196678798,0.349646573,0.381809852,1.767717225,0.042977561,True,Pooled_H_plus_CSI_nonSOE,0.12524899141306045,0.16034107,-0.03509207858693955,-7553920836.624608,0.0,1,0,,1.0
601225.SH,陕西煤业,CSI,地方国有企业,能源,煤炭Ⅱ,能源--煤炭Ⅱ--煤炭Ⅲ--煤炭与消费用燃料,2023,,,,,,,,,,193901834023.3,,0.107386,21239015394.53,-416754788.59,target_year,,,,,,,,,,SOE_target,0.20664000000000002,0.221275,26.095112,0.167115,0.250024,0.775475,0.145327,0.384026,0.359299,1.616833,0.047264,True,Pooled_H_plus_CSI_nonSOE,0.12563679823463628,0.107386,0.01825079823463628,3538863250.0851808,3538863250.0851808,1,0,,1.0
601225.SH,陕西煤业,CSI,地方国有企业,能源,煤炭Ⅱ,能源--煤炭Ⅱ--煤炭Ⅲ--煤炭与消费用燃料,2024,,,,,,,,,,228552861117.95,,0.099353,22359786564.16,347711903.42,target_year,,,,,,,,,,SOE_target,0.209174,0.24861799999999998,25.990618,0.185843,0.263234,0.780946,0.047082,0.456536,0.360052,1.221613,0.056212,True,Pooled_H_plus_CSI_nonSOE,0.1280004766672058,0.099353,0.028647476667205796,6547462756.0996,6547462756.0996,1,0,,1.0
601225.SH,陕西煤业,CSI,地方国有企业,能源,煤炭Ⅱ,能源--煤炭Ⅱ--煤炭Ⅲ--煤炭与消费用燃料,2025,,,,,,,,,,236269289914.48,,0.071676,16764763168.36,170032743.71,target_year,,,,,,,,,,SOE_target,0.13987,0.17881,26.155033,0.201894,0.263097,0.823164,-0.024704,0.483405,0.437124,0.902357,0.060788,True,Pooled_H_plus_CSI_nonSOE,0.11872312242644219,0.071676,0.047047122426442184,11115790208.215103,11115790208.215103,1,0,,1.0
601238.SH,广汽集团,CSI,地方国有企业,可选消费,汽车与零配件,可选消费--汽车与零配件--汽车--汽车制造,2019,,,,,,,,,,137464000000.0,,0.051888271,6616265000.0,516481000.0,target_year,,,,,,,,,,SOE_target,0.04707,0.08439500000000001,25.60738325,0.048609696,0.376606004,0.574830016,0.196102639,0.12346167,0.410059095,1.643304855,0.074538305,True,Pooled_H_plus_CSI_nonSOE,0.06791849042409195,0.051888271,0.016030219424091954,2203578082.9133763,2203578082.9133763,1,0,,1.0
601238.SH,广汽集团,CSI,地方国有企业,可选消费,汽车与零配件,可选消费--汽车与零配件--汽车--汽车制造,2020,,,,,,,,,,142861000000.0,,0.044824242,5964055000.0,439567000.0,target_year,,,,,,,,,,SOE_target,0.04066499999999999,0.072483,25.64662464,0.042562766,0.369422071,0.442849115,0.109771804,0.141097817,0.399780921,1.361212832,0.073478685,True,Pooled_H_plus_CSI_nonSOE,0.06198496513377871,0.044824242,0.017160723133778713,2451598067.614761,2451598067.614761,1,0,,1.0
601238.SH,广汽集团,CSI,地方国有企业,可选消费,汽车与零配件,可选消费--汽车与零配件--汽车--汽车制造,2021,,,,,,,,,,154251000000.0,,0.051450993,7511030000.0,425316000.0,target_year,,,,,,,,,,SOE_target,0.050627000000000005,0.085993,25.68513578,0.047287381,0.324255792,0.450599529,0.098695612,0.140508983,0.393019667,1.331421417,0.046097755,True,Pooled_H_plus_CSI_nonSOE,0.06955989410299523,0.051450993,0.018108901102995234,2793316104.038118,2793316104.038118,1,0,,1.0
601238.SH,广汽集团,CSI,地方国有企业,可选消费,汽车与零配件,可选消费--汽车与零配件--汽车--汽车制造,2022,,,,,,,,,,190075000000.0,,0.043845671,7982930000.0,351026000.0,target_year,,,,,,,,,,SOE_target,0.042034,0.078417,25.76184432,0.049781593,0.289774151,0.50941025,0.078178567,0.126259291,0.399361872,1.245439908,0.04047274,True,Pooled_H_plus_CSI_nonSOE,0.07381272179798065,0.043845671,0.02996705079798065,5695987180.426172,5695987180.426172,1,0,,1.0
601238.SH,广汽集团,CSI,地方国有企业,可选消费,汽车与零配件,可选消费--汽车与零配件--汽车--汽车制造,2023,,,,,,,,,,218448770000.0,,0.022413,4428845000.0,467323000.0,target_year,,,,,,,,,,SOE_target,0.015753,0.038668999999999995,25.970683,0.061175,0.236564,0.638968,0.184684,0.109223,0.356557,1.619242,0.04216,True,Pooled_H_plus_CSI_nonSOE,0.09245303496628654,0.022413,0.07004003496628654,15300159489.142286,15300159489.142286,1,0,,1.0
601238.SH,广汽集团,CSI,地方国有企业,可选消费,汽车与零配件,可选消费--汽车与零配件--汽车--汽车制造,2024,,,,,,,,,,232512366000.0,,0.005963,823579000.0,562994000.0,target_year,,,,,,,,,,SOE_target,-0.003319,0.007156,26.109817,0.061643,0.222276,0.635,0.109483,0.114121,0.430284,1.309821,0.052994,True,Pooled_H_plus_CSI_nonSOE,0.07860306934595793,0.005963,0.07264006934595793,16889714390.032751,16889714390.032751,1,0,,1.0
601238.SH,广汽集团,CSI,地方国有企业,可选消费,汽车与零配件,可选消费--汽车与零配件--汽车--汽车制造,2025,,,,,,,,,,214997433000.0,,-0.037883,-8783621000.0,638948000.0,target_year,,,,,,,,,,SOE_target,-0.052878,-0.079962,26.172209,0.04632,0.204324,0.478018,0.087342,0.122127,0.476025,1.22371,0.046704,True,Pooled_H_plus_CSI_nonSOE,0.063069560491874,-0.037883,0.100952560491874,21704541360.53013,21704541360.53013,1,0,,1.0
601298.SH,青岛港,CSI,地方国有企业,工业,交通运输,工业--交通运输--交通基础设施--海港与服务,2019,,,,,,,,,,52785301395.0,,0.076096852,3790143318.0,226651944.0,target_year,,,,,,,,,,SOE_target,0.094567,0.132206,24.61029473,0.013480893,0.111099702,0.242543868,0.108784129,0.330942547,0.396717894,1.406157264,0.060536752,True,Pooled_H_plus_CSI_nonSOE,0.027382435159533994,0.076096852,-0.04871441684046601,-2571405175.2056623,0.0,1,0,,1.0
601298.SH,青岛港,CSI,地方国有企业,工业,交通运输,工业--交通运输--交通基础设施--海港与服务,2020,,,,,,,,,,57177364980.0,,0.070826963,3841863143.0,207835967.0,target_year,,,,,,,,,,SOE_target,0.09688599999999999,0.12128299999999999,24.68949861,0.012569095,0.108646931,0.239565753,0.168973722,0.319254585,0.363509137,1.813336737,0.044035765,True,Pooled_H_plus_CSI_nonSOE,0.034365297492204606,0.070826963,-0.0364616655077954,-2084781956.5178947,0.0,1,0,,1.0
601298.SH,青岛港,CSI,地方国有企业,工业,交通运输,工业--交通运输--交通基础设施--海港与服务,2021,,,,,,,,,,60575556128.0,,0.068009798,3964054012.0,155677343.0,target_year,,,,,,,,,,SOE_target,0.093518,0.116728,24.76942394,0.016617029,0.123286456,0.240434582,0.073048221,0.336444896,0.35742523,1.282351066,0.052256028,True,Pooled_H_plus_CSI_nonSOE,0.03519664576785207,0.068009798,-0.032813152232147924,-1987674944.775085,0.0,1,0,,1.0
601298.SH,青岛港,CSI,地方国有企业,工业,交通运输,工业--交通运输--交通基础设施--海港与服务,2022,,,,,,,,,,57475910361.0,,0.081422004,4525175176.0,154628607.0,target_year,,,,,,,,,,SOE_target,0.107742,0.125138,24.82715728,0.014623468,0.15352339,0.273440036,0.072342317,0.350636445,0.359731403,1.270789891,0.039981503,True,Pooled_H_plus_CSI_nonSOE,0.03788246860451955,0.081422004,-0.04353953539548046,-2502474433.5502214,0.0,1,0,,1.0
601298.SH,青岛港,CSI,地方国有企业,工业,交通运输,工业--交通运输--交通基础设施--海港与服务,2023,,,,,,,,,,60245860643.0,,0.084406,4923321689.0,161761849.0,target_year,,,,,,,,,,SOE_target,0.11590500000000001,0.126764,24.774632,0.016404,0.180808,0.326345,0.090309,0.429321,0.28184,1.597515,0.051444,True,Pooled_H_plus_CSI_nonSOE,0.05364080763013413,0.084406,-0.030765192369865864,-1853475492.1700258,0.0,1,0,,1.0
601298.SH,青岛港,CSI,地方国有企业,工业,交通运输,工业--交通运输--交通基础设施--海港与服务,2024,,,,,,,,,,62749753460.0,,0.0854,5234897470.0,123906331.0,target_year,,,,,,,,,,SOE_target,0.11468600000000001,0.1265,24.8217,0.014951,0.114556,0.308747,0.103533,0.42303,0.260718,1.729182,0.045052,True,Pooled_H_plus_CSI_nonSOE,0.05970887119833288,0.0854,-0.025691128801667122,-1612111998.4137173,0.0,1,0,,1.0
601298.SH,青岛港,CSI,地方国有企业,工业,交通运输,工业--交通运输--交通基础设施--海港与服务,2025,,,,,,,,,,66578767145.0,,0.081146,5271506093.0,131117644.0,target_year,,,,,,,,,,SOE_target,0.110008,0.119534,24.86242,0.013636,0.116886,0.307995,0.131168,0.411668,0.254306,1.979535,0.033242,True,Pooled_H_plus_CSI_nonSOE,0.061015164590753054,0.081146,-0.02013083540924694,-1340286203.1465728,0.0,1,0,,1.0
601390.SH,中国中铁,CSI,中央国有企业,工业,建筑,工业--建筑--建筑与工程Ⅲ--建筑与工程Ⅳ,2019,,,,,,,,,,1056040000000.0,,0.030053757,23678000000.0,8060000000.0,target_year,,,,,,,,,,SOE_target,0.039075,0.114683,27.57181555,0.181962771,0.178025019,0.828894418,0.031368268,0.068632475,0.764479641,1.047495883,0.020089909,True,Pooled_H_plus_CSI_nonSOE,0.052726011107466615,0.030053757,0.022672254107466615,23942807227.649044,23942807227.649044,0,1,FirmSize_lag,1.0
601390.SH,中国中铁,CSI,中央国有企业,工业,建筑,工业--建筑--建筑与工程Ⅲ--建筑与工程Ⅳ,2020,,,,,,,,,,1199980000000.0,,0.02854638,25188000000.0,9067000000.0,target_year,,,,,,,,,,SOE_target,0.035775,0.105719,27.68554813,0.180139218,0.179054819,0.851458605,0.031945729,0.062643401,0.767690838,1.049902816,0.018613861,True,Pooled_H_plus_CSI_nonSOE,0.053151600051668337,0.02854638,0.024605220051668337,29525771957.60097,29525771957.60097,0,1,FirmSize_lag,1.0
601390.SH,中国中铁,CSI,中央国有企业,工业,建筑,工业--建筑--建筑与工程Ⅲ--建筑与工程Ⅳ,2021,,,,,,,,,,1361580000000.0,,0.028494837,27618000000.0,11180000000.0,target_year,,,,,,,,,,SOE_target,0.034908999999999996,0.104156,27.81332351,0.182259773,0.179498397,0.864117219,0.030802257,0.061987855,0.739123333,1.052417588,0.035895688,True,Pooled_H_plus_CSI_nonSOE,0.056391427133459134,0.028494837,0.027896590133459135,37983439193.91529,37983439193.91529,0,1,FirmSize_lag,1.0
601390.SH,中国中铁,CSI,中央国有企业,工业,建筑,工业--建筑--建筑与工程Ⅲ--建筑与工程Ⅳ,2022,,,,,,,,,,1613020000000.0,,0.026974884,31276000000.0,12235000000.0,target_year,,,,,,,,,,SOE_target,0.032713,0.108559,27.93966691,0.174704149,0.17910201,0.837984085,0.009693151,0.056822221,0.736927687,1.016751707,0.040920842,True,Pooled_H_plus_CSI_nonSOE,0.05326177417248983,0.026974884,0.02628689017248983,42401279586.02955,42401279586.02955,0,1,FirmSize_lag,1.0
601390.SH,中国中铁,CSI,中央国有企业,工业,建筑,工业--建筑--建筑与工程Ⅲ--建筑与工程Ⅳ,2023,,,,,,,,,,1829290000000.0,,0.026783,33483000000.0,15511000000.0,target_year,,,,,,,,,,SOE_target,0.031595,0.105713,28.109129,0.168965,0.173049,0.776138,0.015749,0.07331,0.737815,1.029086,0.038164,True,Pooled_H_plus_CSI_nonSOE,0.05105828840421189,0.026783,0.024275288404211892,44406542324.94077,44406542324.94077,0,1,FirmSize_lag,1.0
601390.SH,中国中铁,CSI,中央国有企业,工业,建筑,工业--建筑--建筑与工程Ⅲ--建筑与工程Ⅳ,2024,,,,,,,,,,2256266000000.0,,0.017582,27887000000.0,11783000000.0,target_year,,,,,,,,,,SOE_target,0.021793999999999997,0.08119,28.234949,0.171964,0.176169,0.734049,-0.002704,0.07456,0.748671,0.995106,0.031069,True,Pooled_H_plus_CSI_nonSOE,0.047362151809333224,0.017582,0.029780151809333223,67191944002.23704,67191944002.23704,0,1,FirmSize_lag,1.0
601390.SH,中国中铁,CSI,中央国有企业,工业,建筑,工业--建筑--建筑与工程Ⅲ--建筑与工程Ⅳ,2025,,,,,,,,,,2470432000000.0,,0.014446,22892000000.0,12796000000.0,target_year,,,,,,,,,,SOE_target,0.016576,0.063108,28.444732,0.163766,0.174423,0.568006,-0.005365,0.064425,0.773966,0.990516,0.025456,True,Pooled_H_plus_CSI_nonSOE,0.03347422148833035,0.014446,0.019028221488330346,47007927267.85892,47007927267.85892,0,1,FirmSize_lag,1.0
601600.SH,中国铝业,CSI,中央国有企业,材料,有色金属,材料--有色金属--其他金属与采矿--铝,2019,,,,,,,,,,203071000000.0,,0.028138373,850999000.0,4863079000.0,target_year,,,,,,,,,,SOE_target,0.033251,0.015895,26.02595421,0.229574015,0.167062795,0.898902434,-0.078920896,0.528651052,0.663129674,0.787911317,0.034110686,True,Pooled_H_plus_CSI_nonSOE,0.12750289121854647,0.028138373,0.09936451821854647,20178052079.15845,20178052079.15845,1,0,,1.0
601600.SH,中国铝业,CSI,中央国有企业,材料,有色金属,材料--有色金属--其他金属与采矿--铝,2020,,,,,,,,,,194902000000.0,,0.023620612,741004000.0,3862693000.0,target_year,,,,,,,,,,SOE_target,0.029102000000000003,0.013597,26.03681985,0.205405763,0.15478921,0.941085169,-0.10073329,0.508844823,0.651721925,0.704264039,0.044552565,True,Pooled_H_plus_CSI_nonSOE,0.1281068007251157,0.023620612,0.10448618872511571,20364567154.902504,20364567154.902504,1,0,,1.0
601600.SH,中国铝业,CSI,中央国有企业,材料,有色金属,材料--有色金属--其他金属与采矿--铝,2021,,,,,,,,,,192377000000.0,,0.044704308,5079562000.0,3520514000.0,target_year,,,,,,,,,,SOE_target,0.06932100000000001,0.091034,25.99576108,0.167808698,0.159708925,0.934709429,-0.084265737,0.51635343,0.634832729,0.737757281,0.025853527,True,Pooled_H_plus_CSI_nonSOE,0.13134771295929631,0.044704308,0.08664340495929632,16668198315.854548,16668198315.854548,1,0,,1.0
601600.SH,中国铝业,CSI,中央国有企业,材料,有色金属,材料--有色金属--其他金属与采矿--铝,2022,,,,,,,,,,212348000000.0,,0.03776659,4191927000.0,3827734000.0,target_year,,,,,,,,,,SOE_target,0.081831,0.075079,25.98272229,0.180693598,0.168216562,1.393044931,-0.01802061,0.485645784,0.621661966,0.933562737,0.011100876,True,Pooled_H_plus_CSI_nonSOE,0.16119554633047772,0.03776659,0.12342895633047772,26209892018.864285,26209892018.864285,1,0,,1.0
601600.SH,中国铝业,CSI,中央国有企业,材料,有色金属,材料--有色金属--其他金属与采矿--铝,2023,,,,,,,,,,211755809000.0,,0.047425,6716945000.0,3325573000.0,target_year,,,,,,,,,,SOE_target,0.084984,0.116958,26.081492,0.169857,0.153058,1.437954,-0.036877,0.514612,0.586735,0.874439,0.022375,True,Pooled_H_plus_CSI_nonSOE,0.16945368910405878,0.047425,0.12202868910405879,25840283782.439453,25840283782.439453,1,0,,1.0
601600.SH,中国铝业,CSI,中央国有企业,材料,有色金属,材料--有色金属--其他金属与采矿--铝,2024,,,,,,,,,,215895530000.0,,0.070221,12400160000.0,2760298000.0,target_year,,,,,,,,,,SOE_target,0.115569,0.19128799999999999,26.0787,0.12989,0.159476,1.061395,-0.001253,0.494956,0.533004,0.995482,0.031685,True,Pooled_H_plus_CSI_nonSOE,0.15283036385767207,0.070221,0.08260936385767206,17834992393.014954,17834992393.014954,1,0,,1.0
601600.SH,中国铝业,CSI,中央国有企业,材料,有色金属,材料--有色金属--其他金属与采矿--铝,2025,,,,,,,,,,227021733000.0,,0.066142,12673918000.0,2341729000.0,target_year,,,,,,,,,,SOE_target,0.1257,0.17588499999999999,26.09806,0.132426,0.15747,1.108686,0.059533,0.492976,0.481042,1.278215,0.047985,True,Pooled_H_plus_CSI_nonSOE,0.16269916303725757,0.066142,0.09655716303725756,21920574486.281754,21920574486.281754,1,0,,1.0
601607.SH,上海医药,CSI,地方国有企业,医疗保健,医药生物,医疗保健--医药生物--制药--西药,2019,,,,,,,,,,137026000000.0,,0.040037592,4080994000.0,1405213000.0,target_year,,,,,,,,,,SOE_target,0.056336000000000004,0.101174,25.56650233,0.502594113,0.277672488,1.438221312,0.19363372,0.086756652,0.634035975,1.357563694,0.01531411,True,Pooled_H_plus_CSI_nonSOE,0.0720917689001286,0.040037592,0.0320541769001286,4392255643.917022,4392255643.917022,1,0,,1.0
601607.SH,上海医药,CSI,地方国有企业,医疗保健,医药生物,医疗保健--医药生物--制药--西药,2020,,,,,,,,,,149186000000.0,,0.039602396,4496216959.0,1411892516.0,target_year,,,,,,,,,,SOE_target,0.057992,0.103345,25.64343942,0.501901176,0.276190471,1.413882127,0.171382593,0.086848347,0.639588215,1.314765861,0.020091932,True,Pooled_H_plus_CSI_nonSOE,0.06911265733303837,0.039602396,0.02951026133303837,4402517847.230662,4402517847.230662,1,0,,1.0
601607.SH,上海医药,CSI,地方国有企业,医疗保健,医药生物,医疗保健--医药生物--制药--西药,2021,,,,,,,,,,163436000000.0,,0.040454463,5093467261.0,1518228463.0,target_year,,,,,,,,,,SOE_target,0.05965,0.107555,25.72845738,0.479965502,0.256105921,1.341027781,0.130239979,0.081964446,0.633069751,1.220461562,0.02017601,True,Pooled_H_plus_CSI_nonSOE,0.06628260241773587,0.040454463,0.025828139417735867,4221247793.877079,4221247793.877079,1,0,,1.0
601607.SH,上海医药,CSI,地方国有企业,医疗保健,医药生物,医疗保健--医药生物--制药--西药,2022,,,,,,,,,,198135000000.0,,0.036876042,5617152003.0,1689278923.0,target_year,,,,,,,,,,SOE_target,0.055642,0.096496,25.81968431,0.450773824,0.230275265,1.380739908,0.150947055,0.081978808,0.638596224,1.268666382,0.025201203,True,Pooled_H_plus_CSI_nonSOE,0.0692594521357728,0.036876042,0.0323834101357728,6416286967.251343,6416286967.251343,1,0,,1.0
601607.SH,上海医药,CSI,地方国有企业,医疗保健,医药生物,医疗保健--医药生物--制药--西药,2023,,,,,,,,,,211972533766.8,,0.026668,3767999581.18,1884984092.73,target_year,,,,,,,,,,SOE_target,0.041343,0.05558,26.012214,0.428444,0.212266,1.283187,0.195936,0.072257,0.606316,1.350722,0.013551,True,Pooled_H_plus_CSI_nonSOE,0.07232905773743874,0.026668,0.04566105773743874,9678890103.077038,9678890103.077038,1,0,,1.0
601607.SH,上海医药,CSI,地方国有企业,医疗保健,医药生物,医疗保健--医药生物--制药--西药,2024,,,,,,,,,,221209430148.17,,0.028974,4552528438.69,1856737428.35,target_year,,,,,,,,,,SOE_target,0.043189000000000005,0.064943,26.079723,0.433857,0.216978,1.2694,0.188996,0.074183,0.621054,1.327379,0.014014,True,Pooled_H_plus_CSI_nonSOE,0.06878990705084159,0.028974,0.03981590705084159,8807654109.549173,8807654109.549173,1,0,,1.0
601607.SH,上海医药,CSI,地方国有企业,医疗保健,医药生物,医疗保健--医药生物--制药--西药,2025,,,,,,,,,,233148766767.21,,0.031784,5724557508.41,1685890506.64,target_year,,,,,,,,,,SOE_target,0.048863000000000004,0.077586,26.122376,0.454225,0.230555,1.270833,0.206975,0.07712,0.621434,1.36326,0.010853,True,Pooled_H_plus_CSI_nonSOE,0.06922289971011272,0.031784,0.03743889971011272,8728833296.534037,8728833296.534037,1,0,,1.0
601618.SH,中国中冶,CSI,中央国有企业,工业,建筑,工业--建筑--建筑与工程Ⅲ--建筑与工程Ⅳ,2019,,,,,,,,,,458506000000.0,,0.023484279,6599712000.0,4167976000.0,target_year,,,,,,,,,,SOE_target,0.025755,0.072567,26.80757353,0.071158446,0.178025019,0.678479116,0.096500586,0.070059014,0.766083987,1.142580396,0.012747792,True,Pooled_H_plus_CSI_nonSOE,0.04040222742572907,0.023484279,0.01691794842572907,7756980860.887332,7756980860.887332,0,1,FirmSize_lag,1.0
601618.SH,中国中冶,CSI,中央国有企业,工业,建筑,工业--建筑--建筑与工程Ⅲ--建筑与工程Ⅳ,2020,,,,,,,,,,506393000000.0,,0.020525204,7862185000.0,2531634000.0,target_year,,,,,,,,,,SOE_target,0.026345999999999998,0.080291,26.85123968,0.071695852,0.179054819,0.75468974,0.090538407,0.066624521,0.74502961,1.135695417,0.008963835,True,Pooled_H_plus_CSI_nonSOE,0.04826358712388057,0.020525204,0.02773838312388057,14046523045.251253,14046523045.251253,0,1,FirmSize_lag,1.0
601618.SH,中国中冶,CSI,中央国有企业,工业,建筑,工业--建筑--建筑与工程Ⅲ--建筑与工程Ⅳ,2021,,,,,,,,,,543470000000.0,,0.019399573,8374970000.0,2168119000.0,target_year,,,,,,,,,,SOE_target,0.025741,0.081553,26.95057881,0.074815232,0.179498397,0.829339755,0.113473741,0.058452096,0.72283322,1.173188123,0.007391542,True,Pooled_H_plus_CSI_nonSOE,0.05676908214742547,0.019399573,0.03736950914742547,20309207136.35132,20309207136.35132,0,1,FirmSize_lag,1.0
601618.SH,中国中冶,CSI,中央国有企业,工业,建筑,工业--建筑--建筑与工程Ⅲ--建筑与工程Ⅳ,2022,,,,,,,,,,585384000000.0,,0.022109459,10272357000.0,2670175000.0,target_year,,,,,,,,,,SOE_target,0.027708,0.08987099999999999,27.02124061,0.081481622,0.17910201,0.953594125,0.098305267,0.054275288,0.721442365,1.148864632,0.006534642,True,Pooled_H_plus_CSI_nonSOE,0.0638035576646969,0.022109459,0.04169409866469691,24407058252.734936,24407058252.734936,0,1,FirmSize_lag,1.0
601618.SH,中国中冶,CSI,中央国有企业,工业,建筑,工业--建筑--建筑与工程Ⅲ--建筑与工程Ⅳ,2023,,,,,,,,,,661602236000.0,,0.017156,8670405000.0,2679906000.0,target_year,,,,,,,,,,SOE_target,0.023165,0.065047,27.095535,0.086751,0.173049,1.050036,0.089447,0.050375,0.723414,1.135705,0.007369,True,Pooled_H_plus_CSI_nonSOE,0.06889407504581323,0.017156,0.05173807504581322,34230026136.645832,34230026136.645832,0,1,FirmSize_lag,1.0
601618.SH,中国中冶,CSI,中央国有企业,工业,建筑,工业--建筑--建筑与工程Ⅲ--建筑与工程Ⅳ,2024,,,,,,,,,,808015755000.0,,0.012548,6745954000.0,3392681000.0,target_year,,,,,,,,,,SOE_target,0.013515999999999999,0.045195,27.21793,0.086276,0.176169,1.016643,0.053379,0.047697,0.746084,1.078686,0.006946,True,Pooled_H_plus_CSI_nonSOE,0.061830133308402535,0.012548,0.04928213330840253,39820740153.19952,39820740153.19952,0,1,FirmSize_lag,1.0
601618.SH,中国中冶,CSI,中央国有企业,工业,建筑,工业--建筑--建筑与工程Ⅲ--建筑与工程Ⅳ,2025,,,,,,,,,,839488682000.0,,0.005927,1321768000.0,3654143000.0,target_year,,,,,,,,,,SOE_target,0.006326000000000001,0.008561,27.417847,0.077913,0.174423,0.751249,0.032347,0.040738,0.774341,1.045565,0.008493,True,Pooled_H_plus_CSI_nonSOE,0.04053612927817668,0.005927,0.03460912927817668,29053972322.904152,29053972322.904152,0,1,FirmSize_lag,1.0
601668.SH,中国建筑,CSI,中央国有企业,工业,建筑,工业--建筑--建筑与工程Ⅲ--建筑与工程Ⅳ,2019,,,,,,,,,,2034450000000.0,,0.025735582,41881399000.0,10476405000.0,target_year,,,,,,,,,,SOE_target,0.045323,0.16072399999999998,28.25258652,0.290775892,0.178025019,0.693343498,0.158678508,0.023618232,0.769440883,1.27699336,0.010003014,True,Pooled_H_plus_CSI_nonSOE,0.05340398450235834,0.025735582,0.027668402502358337,56289981470.92292,56289981470.92292,0,1,FirmSize_lag,1.0
601668.SH,中国建筑,CSI,中央国有企业,工业,建筑,工业--建筑--建筑与工程Ⅲ--建筑与工程Ⅳ,2020,,,,,,,,,,2192170000000.0,,0.0240592,44944250000.0,7797699000.0,target_year,,,,,,,,,,SOE_target,0.044617000000000004,0.155619,28.34124758,0.296959904,0.179054819,0.719975045,0.155215417,0.023416778,0.753331444,1.275613753,0.010045355,True,Pooled_H_plus_CSI_nonSOE,0.05775595876727127,0.0240592,0.03369675876727127,73869023666.84906,73869023666.84906,0,1,FirmSize_lag,1.0
601668.SH,中国建筑,CSI,中央国有企业,工业,建筑,工业--建筑--建筑与工程Ⅲ--建筑与工程Ⅳ,2021,,,,,,,,,,2388250000000.0,,0.026183115,51407661000.0,11124140000.0,target_year,,,,,,,,,,SOE_target,0.044051,0.15957100000000002,28.41591479,0.299012106,0.179498397,0.756692397,0.174080774,0.022835803,0.736747565,1.319072419,0.022579294,True,Pooled_H_plus_CSI_nonSOE,0.061519159084355304,0.026183115,0.035336044084355304,84391307284.46156,84391307284.46156,0,1,FirmSize_lag,1.0
601668.SH,中国建筑,CSI,中央国有企业,工业,建筑,工业--建筑--建筑与工程Ⅲ--建筑与工程Ⅳ,2022,,,,,,,,,,2652900000000.0,,0.026621424,50950301000.0,19673762000.0,target_year,,,,,,,,,,SOE_target,0.035244,0.139931,28.50158163,0.305461088,0.17910201,0.81938288,0.183999738,0.019747785,0.732145905,1.344759921,0.013029666,True,Pooled_H_plus_CSI_nonSOE,0.06751409457498855,0.026621424,0.04089267057498855,108484165768.38712,108484165768.38712,0,1,FirmSize_lag,1.0
601668.SH,中国建筑,CSI,中央国有企业,工业,建筑,工业--建筑--建筑与工程Ⅲ--建筑与工程Ⅳ,2023,,,,,,,,,,2903322519000.0,,0.025089,54264173000.0,18577073000.0,target_year,,,,,,,,,,SOE_target,0.033474,0.133667,28.606676,0.299083,0.173049,0.810647,0.167924,0.020296,0.743531,1.31168,0.009781,True,Pooled_H_plus_CSI_nonSOE,0.0650410588486116,0.025089,0.039952058848611596,115993712135.58727,115993712135.58727,0,1,FirmSize_lag,1.0
601668.SH,中国建筑,CSI,中央国有企业,工业,建筑,工业--建筑--建筑与工程Ⅲ--建筑与工程Ⅳ,2024,,,,,,,,,,3189262063000.0,,0.020584,46187099000.0,19462089000.0,target_year,,,,,,,,,,SOE_target,0.032662,0.103815,28.696877,0.306415,0.176169,0.810341,0.157933,0.019567,0.748195,1.288305,0.01173,True,Pooled_H_plus_CSI_nonSOE,0.06398812716913407,0.020584,0.04340412716913407,138427136158.14688,138427136158.14688,0,1,FirmSize_lag,1.0
601668.SH,中国建筑,CSI,中央国有企业,工业,建筑,工业--建筑--建筑与工程Ⅲ--建筑与工程Ⅳ,2025,,,,,,,,,,3560679818000.0,,0.015927,39069002000.0,17641773000.0,target_year,,,,,,,,,,SOE_target,0.026034,0.081928,28.790811,0.307315,0.174423,0.714762,0.162218,0.018002,0.758107,1.293695,0.00621,True,Pooled_H_plus_CSI_nonSOE,0.057878017635937286,0.015927,0.04195101763593728,149374141840.84396,149374141840.84396,0,1,FirmSize_lag,1.0
601669.SH,中国电建,CSI,中央国有企业,工业,建筑,工业--建筑--建筑与工程Ⅲ--建筑与工程Ⅳ,2019,,,,,,,,,,813228000000.0,,0.021953092,7239365377.0,10613495264.0,target_year,,,,,,,,,,SOE_target,0.027473,0.074761,27.29310223,0.071786436,0.178025019,0.453133935,-0.01854785,0.153011793,0.799690811,0.96258388,0.081485557,True,Pooled_H_plus_CSI_nonSOE,0.014415557259017359,0.021953092,-0.007537534740982642,-6129734302.339832,0.0,0,1,FirmSize_lag,1.0
601669.SH,中国电建,CSI,中央国有企业,工业,建筑,工业--建筑--建筑与工程Ⅲ--建筑与工程Ⅳ,2020,,,,,,,,,,886543000000.0,,0.019807332,7987168431.0,9572891922.0,target_year,,,,,,,,,,SOE_target,0.019069,0.07081900000000001,27.42427689,0.073061092,0.179054819,0.452132758,0.02210958,0.139392719,0.762094823,1.050965733,0.096349335,True,Pooled_H_plus_CSI_nonSOE,0.019045626078664578,0.019807332,-0.0007617059213354226,-675285052.6184695,0.0,0,1,FirmSize_lag,1.0
601669.SH,中国电建,CSI,中央国有企业,工业,建筑,工业--建筑--建筑与工程Ⅲ--建筑与工程Ⅳ,2021,,,,,,,,,,963977000000.0,,0.01708308,8632095909.0,7835606959.0,target_year,,,,,,,,,,SOE_target,0.018102,0.07104,27.51059596,0.074592774,0.179498397,0.469386636,0.038978898,0.129357962,0.747435571,1.090530936,0.080311614,True,Pooled_H_plus_CSI_nonSOE,0.02446511433493679,0.01708308,0.007382034334936789,7116111312.089361,7116111312.089361,0,1,FirmSize_lag,1.0
601669.SH,中国电建,CSI,中央国有企业,工业,建筑,工业--建筑--建筑与工程Ⅲ--建筑与工程Ⅳ,2022,,,,,,,,,,1040080000000.0,,0.01794748,11435443832.0,7231337452.0,target_year,,,,,,,,,,SOE_target,0.019208,0.082608,27.59433366,0.072680712,0.17910201,0.48257162,0.016143212,0.126515766,0.750894566,1.038058291,0.044033759,True,Pooled_H_plus_CSI_nonSOE,0.028473919707311324,0.01794748,0.010526439707311326,10948339410.780365,10948339410.780365,0,1,FirmSize_lag,1.0
601669.SH,中国电建,CSI,中央国有企业,工业,建筑,工业--建筑--建筑与工程Ⅲ--建筑与工程Ⅳ,2023,,,,,,,,,,1153774735013.99,,0.020264,12988385293.6,10391264452.69,target_year,,,,,,,,,,SOE_target,0.019068,0.08314,27.670317,0.083366,0.173049,0.568392,-0.054595,0.145382,0.768917,0.87983,0.055525,True,Pooled_H_plus_CSI_nonSOE,0.028958143817766124,0.020264,0.008694143817766124,10031083479.516628,10031083479.516628,0,1,FirmSize_lag,1.0
601669.SH,中国电建,CSI,中央国有企业,工业,建筑,工业--建筑--建筑与工程Ⅲ--建筑与工程Ⅳ,2024,,,,,,,,,,1289001336534.82,,0.017271,12015017079.83,10246725711.28,target_year,,,,,,,,,,SOE_target,0.024380000000000002,0.073681,27.77406,0.082524,0.176169,0.552729,-0.074919,0.159919,0.774956,0.84115,0.063848,True,Pooled_H_plus_CSI_nonSOE,0.02603364593494555,0.017271,0.008762645934945548,11295062321.72622,11295062321.72622,0,1,FirmSize_lag,1.0
601669.SH,中国电建,CSI,中央国有企业,工业,建筑,工业--建筑--建筑与工程Ⅲ--建筑与工程Ⅳ,2025,,,,,,,,,,1380267054189.34,,0.015796,10007143581.45,11795542225.98,target_year,,,,,,,,,,SOE_target,0.021762,0.060095,27.884889,0.089088,0.174423,0.516793,-0.055059,0.170322,0.789312,0.882455,0.045842,True,Pooled_H_plus_CSI_nonSOE,0.025579634101053652,0.015796,0.009783634101053651,13504027819.927694,13504027819.927694,0,1,FirmSize_lag,1.0
601698.SH,中国卫通,CSI,中央国有企业,通讯服务,电信服务,通讯服务--电信服务--多元电信服务--非传统电信运营商,2019,,,,,,,,,,18157405439.0,,0.024849346,446422541.2,4777116.63,target_year,,,,,,,,,,SOE_target,0.043070000000000004,0.042381,23.56516666,0.001994058,0.376451505,0.157733546,0.037744231,0.655058428,0.210461411,1.262196336,0.065116144,True,Pooled_H_plus_CSI_nonSOE,0.09621040358422855,0.024849346,0.07136105758422856,1295731655.1126637,1295731655.1126637,1,0,,1.0
601698.SH,中国卫通,CSI,中央国有企业,通讯服务,电信服务,通讯服务--电信服务--多元电信服务--非传统电信运营商,2020,,,,,,,,,,18289285775.0,,0.02517721,488789159.5,-28315974.82,target_year,,,,,,,,,,SOE_target,0.040647,0.042714,23.62234433,0.002022361,0.377325617,0.153756745,0.201421555,0.526406664,0.156816488,2.94769589,0.104425995,True,Pooled_H_plus_CSI_nonSOE,0.09305470631948601,0.02517721,0.067877496319486,1241430927.87859,1241430927.87859,1,0,,1.0
601698.SH,中国卫通,CSI,中央国有企业,通讯服务,电信服务,通讯服务--电信服务--多元电信服务--非传统电信运营商,2021,,,,,,,,,,19108303143.0,,0.027076187,572304982.5,-54924998.8,target_year,,,,,,,,,,SOE_target,0.045194,0.048521999999999996,23.62958125,0.001926959,0.375629725,0.14744811,0.236037739,0.504704231,0.15672958,3.423905895,0.074944516,True,Pooled_H_plus_CSI_nonSOE,0.0937301493369212,0.027076187,0.0666539623369212,1273644118.015995,1273644118.015995,1,0,,1.0
601698.SH,中国卫通,CSI,中央国有企业,通讯服务,电信服务,通讯服务--电信服务--多元电信服务--非传统电信运营商,2022,,,,,,,,,,22428111563.0,,0.037206934,920731173.8,-86249910.71,target_year,,,,,,,,,,SOE_target,0.044083,0.06791900000000001,23.6733888,0.001718411,0.374126853,0.139687335,0.232013654,0.484045143,0.174437198,3.049275176,0.070971637,True,Pooled_H_plus_CSI_nonSOE,0.09305319628376776,0.037206934,0.05584626228376777,1252526200.8769026,1252526200.8769026,1,0,,1.0
601698.SH,中国卫通,CSI,中央国有企业,通讯服务,电信服务,通讯服务--电信服务--多元电信服务--非传统电信运营商,2023,,,,,,,,,,22655663962.77,,0.0088,348770555.15,-149399701.62,target_year,,,,,,,,,,SOE_target,0.027014,0.022941,23.833581,0.001644,0.373379,0.130568,0.278289,0.472996,0.143892,4.389044,0.106807,True,Pooled_H_plus_CSI_nonSOE,0.08600196931647971,0.0088,0.07720196931647971,1749061874.0982447,1749061874.0982447,1,0,,1.0
601698.SH,中国卫通,CSI,中央国有企业,通讯服务,电信服务,通讯服务--电信服务--多元电信服务--非传统电信运营商,2024,,,,,,,,,,22412943899.49,,0.010881,454492823.77,-210622634.37,target_year,,,,,,,,,,SOE_target,0.019974000000000002,0.029298,23.843676,0.001484,0.374249,0.11526,0.270497,0.48634,0.140534,4.284335,0.072722,True,Pooled_H_plus_CSI_nonSOE,0.09219081822385436,0.010881,0.08130981822385436,1822392394.3289776,1822392394.3289776,1,0,,1.0
601698.SH,中国卫通,CSI,中央国有企业,通讯服务,电信服务,通讯服务--电信服务--多元电信服务--非传统电信运营商,2025,,,,,,,,,,22406144635.9,,0.01243,441236300.09,-162717818.39,target_year,,,,,,,,,,SOE_target,0.020058,0.027825000000000003,23.832904,0.001396,0.373264,0.112123,0.325021,0.483047,0.105243,5.843483,0.063943,True,Pooled_H_plus_CSI_nonSOE,0.08950395077609932,0.01243,0.07707395077609933,1726930088.7495186,1726930088.7495186,1,0,,1.0
601728.SH,中国电信,CSI,中央国有企业,通讯服务,电信服务,通讯服务--电信服务--多元电信服务--综合电信业务,2019,,,,,,,,,,703131000000.0,,0.034996324,20517000000.0,4090000000.0,target_year,,,,,,,,,,SOE_target,0.044832000000000004,0.058993000000000004,27.22061683,0.281395769,0.376451505,0.56942599,-0.280253308,0.715182203,0.481295845,0.281959679,0.126405299,True,Pooled_H_plus_CSI_nonSOE,0.092308755310005,0.034996324,0.057312431310005,40298147139.43513,40298147139.43513,0,1,FirmSize_lag,1.0
601728.SH,中国电信,CSI,中央国有企业,通讯服务,电信服务,通讯服务--电信服务--多元电信服务--综合电信业务,2020,,,,,,,,,,715096000000.0,,0.033957678,20850000000.0,3433000000.0,target_year,,,,,,,,,,SOE_target,0.042642,0.058243,27.27880906,0.279955898,0.377325617,0.549916466,-0.272323365,0.667320883,0.495058531,0.276512218,0.118275257,True,Pooled_H_plus_CSI_nonSOE,0.08983992058849141,0.033957678,0.055882242588491414,39961168146.05985,39961168146.05985,0,1,FirmSize_lag,1.0
601728.SH,中国电信,CSI,中央国有企业,通讯服务,电信服务,通讯服务--电信服务--多元电信服务--综合电信业务,2021,,,,,,,,,,762234000000.0,,0.037195927,25948000000.0,2404000000.0,target_year,,,,,,,,,,SOE_target,0.047605,0.065514,27.29568264,0.282239071,0.375629725,0.555004241,-0.261679551,0.653101122,0.487935886,0.309859778,0.124414065,True,Pooled_H_plus_CSI_nonSOE,0.09074098659302068,0.037195927,0.05354505959302069,40813864953.82653,40813864953.82653,0,1,FirmSize_lag,1.0
601728.SH,中国电信,CSI,中央国有企业,通讯服务,电信服务,通讯服务--电信服务--多元电信服务--综合电信业务,2022,,,,,,,,,,807698000000.0,,0.036491362,27593000000.0,1881000000.0,target_year,,,,,,,,,,SOE_target,0.045591,0.064113,27.35951943,0.289178875,0.374126853,0.595062714,-0.180668928,0.613246064,0.434336437,0.48047323,0.111313586,True,Pooled_H_plus_CSI_nonSOE,0.10515044749411845,0.036491362,0.06865908549411845,55455806035.42848,55455806035.42848,0,1,FirmSize_lag,1.0
601728.SH,中国电信,CSI,中央国有企业,通讯服务,电信服务,通讯服务--电信服务--多元电信服务--综合电信业务,2023,,,,,,,,,,835814000000.0,,0.039472,30446000000.0,2545000000.0,target_year,,,,,,,,,,SOE_target,0.047923,0.06959,27.417454,0.291828,0.373379,0.613336,-0.174155,0.584879,0.459666,0.500722,0.111063,True,Pooled_H_plus_CSI_nonSOE,0.10246198243746862,0.039472,0.06298998243746862,52647909180.990395,52647909180.990395,0,1,FirmSize_lag,1.0
601728.SH,中国电信,CSI,中央国有企业,通讯服务,电信服务,通讯服务--电信服务--多元电信服务--综合电信业务,2024,,,,,,,,,,866625000000.0,,0.040852,33012000000.0,2391000000.0,target_year,,,,,,,,,,SOE_target,0.049718,0.07374399999999999,27.451672,0.293337,0.374249,0.624943,-0.162205,0.5769,0.464992,0.553207,0.107519,True,Pooled_H_plus_CSI_nonSOE,0.10324654369707371,0.040852,0.062394543697073715,54072671431.47651,54072671431.47651,0,1,FirmSize_lag,1.0
601728.SH,中国电信,CSI,中央国有企业,通讯服务,电信服务,通讯服务--电信服务--多元电信服务--综合电信业务,2025,,,,,,,,,,870644000000.0,,0.040475,33185000000.0,2054000000.0,target_year,,,,,,,,,,SOE_target,0.049398,0.07267699999999999,27.487872,0.29261,0.373264,0.621951,-0.158375,0.560658,0.473184,0.578175,0.103768,True,Pooled_H_plus_CSI_nonSOE,0.10229320515479474,0.040475,0.06181820515479475,53821649408.791115,53821649408.791115,0,1,FirmSize_lag,1.0
601766.SH,中国中车,CSI,中央国有企业,工业,机械,工业--机械--机械Ⅲ--建筑机械与重型卡车,2019,,,,,,,,,,383572000000.0,,0.03370097,11794929000.0,1131836000.0,target_year,,,,,,,,,,SOE_target,0.04577200000000001,0.089237,26.60246567,0.380955658,0.247583643,0.585569598,0.110528546,0.182542147,0.581328737,1.209801974,0.025459091,True,Pooled_H_plus_CSI_nonSOE,0.08783730772695031,0.03370097,0.05413633772695031,20765183334.601784,20765183334.601784,1,0,,1.0
601766.SH,中国中车,CSI,中央国有企业,工业,机械,工业--机械--机械Ⅲ--建筑机械与重型卡车,2020,,,,,,,,,,392380000000.0,,0.031464678,11331053000.0,1015069000.0,target_year,,,,,,,,,,SOE_target,0.041803999999999994,0.081251,26.67279445,0.352429015,0.225950341,0.618033228,0.133092456,0.172195044,0.585923161,1.255043233,0.021025562,True,Pooled_H_plus_CSI_nonSOE,0.09057480259465664,0.031464678,0.059110124594656636,23193630688.45137,23193630688.45137,1,0,,1.0
601766.SH,中国中车,CSI,中央国有企业,工业,机械,工业--机械--机械Ⅲ--建筑机械与重型卡车,2021,,,,,,,,,,426826000000.0,,0.026980396,10302605000.0,1213343000.0,target_year,,,,,,,,,,SOE_target,0.034282,0.070664,26.69549753,0.297815831,0.195497669,0.586778024,0.13312163,0.169134836,0.568934692,1.264487033,0.019816213,True,Pooled_H_plus_CSI_nonSOE,0.09088055434960224,0.026980396,0.06390015834960223,27274248987.72732,27274248987.72732,1,0,,1.0
601766.SH,中国中车,CSI,中央国有企业,工业,机械,工业--机械--机械Ⅲ--建筑机械与重型卡车,2022,,,,,,,,,,442140000000.0,,0.028952752,11653448000.0,1147726000.0,target_year,,,,,,,,,,SOE_target,0.037285,0.076764,26.77964344,0.282626173,0.187780789,0.551098298,0.15070834,0.152206293,0.572914272,1.298419986,0.013838832,True,Pooled_H_plus_CSI_nonSOE,0.0879797924312195,0.028952752,0.05902704043121951,26098215656.25939,26098215656.25939,0,1,FirmSize_lag,1.0
601766.SH,中国中车,CSI,中央国有企业,工业,机械,工业--机械--机械Ⅲ--建筑机械与重型卡车,2023,,,,,,,,,,471791735000.0,,0.027342,11711576000.0,1188098000.0,target_year,,,,,,,,,,SOE_target,0.035874,0.07412,26.814893,0.300995,0.187488,0.513112,0.142605,0.146244,0.568042,1.277266,0.016776,True,Pooled_H_plus_CSI_nonSOE,0.08687792333920422,0.027342,0.05953592333920421,28088556567.030148,28088556567.030148,0,1,FirmSize_lag,1.0
601766.SH,中国中车,CSI,中央国有企业,工业,机械,工业--机械--机械Ⅲ--建筑机械与重型卡车,2024,,,,,,,,,,512823630000.0,,0.02649,12387514000.0,1196993000.0,target_year,,,,,,,,,,SOE_target,0.03497,0.075133,26.879803,0.287662,0.188674,0.512645,0.136035,0.136917,0.583453,1.256302,0.017177,True,Pooled_H_plus_CSI_nonSOE,0.08270031012808671,0.02649,0.05621031012808671,28825975283.31119,28825975283.31119,0,1,FirmSize_lag,1.0
601766.SH,中国中车,CSI,中央国有企业,工业,机械,工业--机械--机械Ⅲ--建筑机械与重型卡车,2025,,,,,,,,,,550774434000.0,,0.025916,13181015000.0,1092976000.0,target_year,,,,,,,,,,SOE_target,0.036116,0.077332,26.963198,0.292016,0.187309,0.500615,0.131796,0.135321,0.590123,1.242508,0.01986,True,Pooled_H_plus_CSI_nonSOE,0.08072561137235527,0.025916,0.05480961137235527,30187732681.36894,30187732681.36894,0,1,FirmSize_lag,1.0
601800.SH,中国交建,CSI,中央国有企业,工业,建筑,工业--建筑--建筑与工程Ⅲ--建筑与工程Ⅳ,2019,,,,,,,,,,1120400000000.0,,0.030282042,20094000000.0,13834000000.0,target_year,,,,,,,,,,SOE_target,0.031488,0.094044,27.59069483,0.120098678,0.178025019,0.539853864,0.001700199,0.058684444,0.750454983,1.003403012,0.04009158,True,Pooled_H_plus_CSI_nonSOE,0.030967879008970724,0.030282042,0.0006858370089707251,768411784.8508004,768411784.8508004,0,1,FirmSize_lag,1.0
601800.SH,中国交建,CSI,中央国有企业,工业,建筑,工业--建筑--建筑与工程Ⅲ--建筑与工程Ⅳ,2020,,,,,,,,,,1304170000000.0,,0.02487101,16475000000.0,15961000000.0,target_year,,,,,,,,,,SOE_target,0.026902,0.06933600000000001,27.74470688,0.116983373,0.179054819,0.531066724,0.002457158,0.051295073,0.735470368,1.005233681,0.05686005,True,Pooled_H_plus_CSI_nonSOE,0.030159092234129138,0.02487101,0.005288082234129139,6896558207.2842,6896558207.2842,0,1,FirmSize_lag,1.0
601800.SH,中国交建,CSI,中央国有企业,工业,建筑,工业--建筑--建筑与工程Ⅲ--建筑与工程Ⅳ,2021,,,,,,,,,,1390840000000.0,,0.026442351,18348000000.0,18429000000.0,target_year,,,,,,,,,,SOE_target,0.024939,0.072605,27.89658717,0.116770883,0.179498397,0.515138979,0.001371755,0.04680375,0.725645986,1.003070148,0.032097834,True,Pooled_H_plus_CSI_nonSOE,0.03378720350673771,0.026442351,0.00734485250673771,10215514660.471077,10215514660.471077,0,1,FirmSize_lag,1.0
601800.SH,中国交建,CSI,中央国有企业,工业,建筑,工业--建筑--建筑与工程Ⅲ--建筑与工程Ⅳ,2022,,,,,,,,,,1511350000000.0,,0.02673967,20065000000.0,20348000000.0,target_year,,,,,,,,,,SOE_target,0.021932,0.073996,27.96092684,0.111111515,0.17910201,0.506565848,-0.022871839,0.044015222,0.718619795,0.946906982,0.026560985,True,Pooled_H_plus_CSI_nonSOE,0.034085044783170086,0.02673967,0.007345374783170086,11101432178.54411,11101432178.54411,0,1,FirmSize_lag,1.0
601800.SH,中国交建,CSI,中央国有企业,工业,建筑,工业--建筑--建筑与工程Ⅲ--建筑与工程Ⅳ,2023,,,,,,,,,,1684262000000.0,,0.027634,24734000000.0,21809000000.0,target_year,,,,,,,,,,SOE_target,0.022187000000000002,0.084747,28.044024,0.105018,0.173049,0.494436,-0.029834,0.039797,0.718016,0.931822,0.022517,True,Pooled_H_plus_CSI_nonSOE,0.033527016701266045,0.027634,0.005893016701266046,9925384095.307753,9925384095.307753,0,1,FirmSize_lag,1.0
601800.SH,中国交建,CSI,中央国有企业,工业,建筑,工业--建筑--建筑与工程Ⅲ--建筑与工程Ⅳ,2024,,,,,,,,,,1858272000000.0,,0.024677,23854000000.0,22002000000.0,target_year,,,,,,,,,,SOE_target,0.019717,0.077554,28.152349,0.102851,0.176169,0.472927,-0.045148,0.04459,0.727403,0.900232,0.023113,True,Pooled_H_plus_CSI_nonSOE,0.030241362041562414,0.024677,0.005564362041562413,10340098179.698269,10340098179.698269,0,1,FirmSize_lag,1.0
601800.SH,中国交建,CSI,中央国有企业,工业,建筑,工业--建筑--建筑与工程Ⅲ--建筑与工程Ⅳ,2025,,,,,,,,,,2019132000000.0,,0.017665,14995000000.0,20673000000.0,target_year,,,,,,,,,,SOE_target,0.013065,0.048034,28.250668,0.10843,0.174423,0.433725,-0.042988,0.043066,0.748253,0.908054,0.014673,True,Pooled_H_plus_CSI_nonSOE,0.026028149500092093,0.017665,0.008363149500092093,16886302776.419949,16886302776.419949,0,1,FirmSize_lag,1.0
601808.SH,中海油服,CSI,中央国有企业,能源,石油石化,能源--石油石化--能源设备与服务--石油天然气钻井,2019,,,,,,,,,,76101838000.0,,0.046964858,2502238000.0,1071874000.0,target_year,,,,,,,,,,SOE_target,0.059375,0.07022400000000001,25.03657194,0.003993959,0.452070271,0.29468154,0.062900957,0.689987886,0.53569692,1.276166723,0.032541029,True,Pooled_H_plus_CSI_nonSOE,0.07093567663197417,0.046964858,0.023970818631974172,1824223356.25788,1824223356.25788,1,0,,1.0
601808.SH,中海油服,CSI,中央国有企业,能源,石油石化,能源--石油石化--能源设备与服务--石油天然气钻井,2020,,,,,,,,,,75942308000.0,,0.04729003,2703187000.0,888127000.0,target_year,,,,,,,,,,SOE_target,0.055210999999999996,0.071851,25.05533825,0.00538186,0.44417932,0.41217689,0.042059878,0.659880817,0.514988363,1.161423314,0.038244503,True,Pooled_H_plus_CSI_nonSOE,0.08079587140908656,0.04729003,0.033505841409086565,2544510928.088006,2544510928.088006,1,0,,1.0
601808.SH,中海油服,CSI,中央国有企业,能源,石油石化,能源--石油石化--能源设备与服务--石油天然气钻井,2021,,,,,,,,,,73311708000.0,,0.015423798,313176000.0,817569000.0,target_year,,,,,,,,,,SOE_target,0.023895,0.008183000000000001,25.05323978,0.006705584,0.429200271,0.380485744,0.124394771,0.617823335,0.490550011,1.55978126,0.054926774,True,Pooled_H_plus_CSI_nonSOE,0.08232335204474087,0.015423798,0.06689955404474086,4904520571.4582615,4904520571.4582615,1,0,,1.0
601808.SH,中海油服,CSI,中央国有企业,能源,石油石化,能源--石油石化--能源设备与服务--石油天然气钻井,2022,,,,,,,,,,77184090000.0,,0.040373955,2352625000.0,763602000.0,target_year,,,,,,,,,,SOE_target,0.04813,0.06082,25.01798616,0.005068244,0.425995256,0.390856873,0.04464467,0.590030695,0.478714505,1.14871269,0.050342709,True,Pooled_H_plus_CSI_nonSOE,0.08492360907064787,0.040373955,0.04454965407064787,3438524509.2577515,3438524509.2577515,1,0,,1.0
601808.SH,中海油服,CSI,中央国有企业,能源,石油石化,能源--石油石化--能源设备与服务--石油天然气钻井,2023,,,,,,,,,,83245834000.0,,0.047842,3013255000.0,969394000.0,target_year,,,,,,,,,,SOE_target,0.062721,0.074425,25.069459,0.00499,0.418201,0.473238,0.088332,0.571986,0.483079,1.320206,0.053665,True,Pooled_H_plus_CSI_nonSOE,0.08970656768309244,0.047842,0.04186456768309244,3485050851.828478,3485050851.828478,1,0,,1.0
601808.SH,中海油服,CSI,中央国有企业,能源,石油石化,能源--石油石化--能源设备与服务--石油天然气钻井,2024,,,,,,,,,,82947663000.0,,0.04698,3136992000.0,759921000.0,target_year,,,,,,,,,,SOE_target,0.063888,0.073431,25.145064,0.006444,0.410755,0.549053,0.082953,0.587758,0.492394,1.295552,0.113805,True,Pooled_H_plus_CSI_nonSOE,0.08551420952338173,0.04698,0.038534209523381734,3196322625.5168586,3196322625.5168586,1,0,,1.0
601808.SH,中海油服,CSI,中央国有企业,能源,石油石化,能源--石油石化--能源设备与服务--石油天然气钻井,2025,,,,,,,,,,84462835000.0,,0.053019,3841741000.0,636403000.0,target_year,,,,,,,,,,SOE_target,0.067563,0.085022,25.141476,0.007259,0.406814,0.580265,-0.011293,0.608334,0.464427,0.968357,0.072709,True,Pooled_H_plus_CSI_nonSOE,0.09584693297138644,0.053019,0.04282793297138644,3617368635.953273,3617368635.953273,1,0,,1.0
601816.SH,京沪高铁,CSI,中央国有企业,工业,交通运输,工业--交通运输--铁路公路运输--铁路运输,2019,,,,,,,,,,185151000000.0,,0.070411296,11937249779.0,1099497717.0,target_year,,,,,,,,,,SOE_target,0.09175599999999999,0.07778,25.89209933,0.035751168,0.111099702,0.176202692,0.03661226,0.756071535,0.15671601,2.260657774,0.003739369,True,Pooled_H_plus_CSI_nonSOE,0.08370968661531661,0.070411296,0.01329839061531661,2462210320.816486,2462210320.816486,0,1,FixedAssetsRatio_lag,1.0
601816.SH,京沪高铁,CSI,中央国有企业,工业,交通运输,工业--交通运输--铁路公路运输--铁路运输,2020,,,,,,,,,,300863000000.0,,0.020521067,3228866109.0,2945170117.0,target_year,,,,,,,,,,SOE_target,0.016576,0.01886,25.94443952,0.03393513,0.108646931,0.182018151,0.028729308,0.705225269,0.142462742,1.968147265,0.002679892,True,Pooled_H_plus_CSI_nonSOE,0.08828911563335601,0.020521067,0.067768048633356,20388898415.977386,20388898415.977386,1,0,,1.0
601816.SH,京沪高铁,CSI,中央国有企业,工业,交通运输,工业--交通运输--铁路公路运输--铁路运输,2021,,,,,,,,,,295252000000.0,,0.027510617,4815710298.0,3306861251.0,target_year,,,,,,,,,,SOE_target,0.020964,0.025997,26.42992188,0.031568495,0.123286456,0.103345912,-0.013321118,0.766537866,0.307049247,0.718920146,0.016708567,True,Pooled_H_plus_CSI_nonSOE,0.06433938377573505,0.027510617,0.036828766775735045,10873767048.069323,10873767048.069323,0,1,FixedAssetsRatio_lag,1.0
601816.SH,京沪高铁,CSI,中央国有企业,工业,交通运输,工业--交通运输--铁路公路运输--铁路运输,2022,,,,,,,,,,288545000000.0,,0.008071276,-576160740.5,2905087457.0,target_year,,,,,,,,,,SOE_target,-0.00358,-0.003107,26.41109593,0.026490794,0.15352339,0.097847091,0.000961479,0.767963413,0.285003369,1.031638177,0.011694701,True,Pooled_H_plus_CSI_nonSOE,0.065167257072278,0.008071276,0.05709598107227799,16474759858.500454,16474759858.500454,0,1,FixedAssetsRatio_lag,1.0
601816.SH,京沪高铁,CSI,中央国有企业,工业,交通运输,工业--交通运输--铁路公路运输--铁路运输,2023,,,,,,,,,,292219725586.82,,0.047604,11545536011.72,2365430963.91,target_year,,,,,,,,,,SOE_target,0.05272,0.060931,26.388117,0.016464,0.180808,0.066234,-0.011277,0.775856,0.281638,0.650237,0.003807,True,Pooled_H_plus_CSI_nonSOE,0.06709655848522766,0.047604,0.019492558485227664,5696110091.538268,5696110091.538268,0,1,FixedAssetsRatio_lag,1.0
601816.SH,京沪高铁,CSI,中央国有企业,工业,交通运输,工业--交通运输--铁路公路运输--铁路运输,2024,,,,,,,,,,284662650232.54,,0.051136,12768289200.79,1788199149.18,target_year,,,,,,,,,,SOE_target,0.065529,0.064263,26.400772,0.033355,0.114556,0.139624,-0.001078,0.749455,0.254289,0.978628,0.0051,True,Pooled_H_plus_CSI_nonSOE,0.07378295958983748,0.051136,0.02264695958983748,6446743536.552373,6446743536.552373,0,1,FixedAssetsRatio_lag,1.0
601816.SH,京沪高铁,CSI,中央国有企业,工业,交通运输,工业--交通运输--铁路公路运输--铁路运输,2025,,,,,,,,,,287938421202.66,,0.050637,13171912357.24,1408303112.44,target_year,,,,,,,,,,SOE_target,0.066649,0.064329,26.374571,0.030185,0.116886,0.145363,0.01349,0.753939,0.208718,1.470092,0.004145,True,Pooled_H_plus_CSI_nonSOE,0.07818644686848028,0.050637,0.02754944686848028,7932544236.316776,7932544236.316776,0,1,FixedAssetsRatio_lag,1.0
601857.SH,中国石油,CSI,中央国有企业,能源,石油石化,能源--石油石化--石油天然气--综合性石油天然气,2019,,,,,,,,,,2732910000000.0,,0.027842483,45682000000.0,30409000000.0,target_year,,,,,,,,,,SOE_target,0.050334000000000004,0.037376,28.51984445,0.429492104,0.452070271,0.973184769,-0.063010378,0.701362844,0.420023139,0.738639736,0.113369179,True,Pooled_H_plus_CSI_nonSOE,0.141428385980324,0.027842483,0.113585902980324,310420050113.9573,310420050113.9573,0,1,FirmSize_lag,1.0
601857.SH,中国石油,CSI,中央国有企业,能源,石油石化,能源--石油石化--石油天然气--综合性石油天然气,2020,,,,,,,,,,2488130000000.0,,0.01830052,19006000000.0,26528000000.0,target_year,,,,,,,,,,SOE_target,0.030484,0.015545,28.63638809,0.435873044,0.44417932,0.9745302,-0.071171755,0.652500082,0.471513881,0.705926198,0.119565591,True,Pooled_H_plus_CSI_nonSOE,0.13239354082962723,0.01830052,0.11409302082962723,283878267916.8204,283878267916.8204,0,1,FirmSize_lag,1.0
601857.SH,中国石油,CSI,中央国有企业,能源,石油石化,能源--石油石化--石油天然气--综合性石油天然气,2021,,,,,,,,,,2502260000000.0,,0.044723135,92170000000.0,19739000000.0,target_year,,,,,,,,,,SOE_target,0.070118,0.07436899999999999,28.54255093,0.448309732,0.429200271,0.740786311,-0.047686894,0.583608306,0.450742848,0.80401805,0.103180868,True,Pooled_H_plus_CSI_nonSOE,0.1258735169418347,0.044723135,0.08115038194183471,203059354717.77533,203059354717.77533,0,1,FirmSize_lag,1.0
601857.SH,中国石油,CSI,中央国有企业,能源,石油石化,能源--石油石化--石油天然气--综合性石油天然气,2022,,,,,,,,,,2673490000000.0,,0.063936772,149380000000.0,21554000000.0,target_year,,,,,,,,,,SOE_target,0.08891199999999999,0.113472,28.54821624,0.454262894,0.425995256,1.047753802,-0.014914505,0.583190729,0.436961837,0.927975637,0.106129174,True,Pooled_H_plus_CSI_nonSOE,0.14567448126411403,0.063936772,0.08173770926411403,218524948340.5162,218524948340.5162,0,1,FirmSize_lag,1.0
601857.SH,中国石油,CSI,中央国有企业,能源,石油石化,能源--石油石化--石油天然气--综合性石油天然气,2023,,,,,,,,,,2752448000000.0,,0.067289,161146000000.0,24063000000.0,target_year,,,,,,,,,,SOE_target,0.093352,0.114471,28.614404,0.453855,0.418201,1.251671,-0.003889,0.558265,0.424776,0.983347,0.091729,True,Pooled_H_plus_CSI_nonSOE,0.161401504625851,0.067289,0.09411250462585101,259039775132.41437,259039775132.41437,0,1,FirmSize_lag,1.0
601857.SH,中国石油,CSI,中央国有企业,能源,石油石化,能源--石油石化--石油天然气--综合性石油天然气,2024,,,,,,,,,,2752751000000.0,,0.067356,164684000000.0,20731000000.0,target_year,,,,,,,,,,SOE_target,0.092073,0.111224,28.643512,0.440548,0.410755,1.10986,-0.011076,0.552914,0.407664,0.955752,0.10365,True,Pooled_H_plus_CSI_nonSOE,0.15470520012222244,0.067356,0.08734920012222244,240450597985.64795,240450597985.64795,0,1,FirmSize_lag,1.0
601857.SH,中国石油,CSI,中央国有企业,能源,石油石化,能源--石油石化--石油天然气--综合性石油天然气,2025,,,,,,,,,,2827777000000.0,,0.061845,157318000000.0,17567000000.0,target_year,,,,,,,,,,SOE_target,0.08457,0.101464,28.643622,0.442325,0.406814,1.067348,-0.016882,0.570633,0.37894,0.92708,0.109945,True,Pooled_H_plus_CSI_nonSOE,0.15682363130041554,0.061845,0.09497863130041555,268578389082.79517,268578389082.79517,0,1,FirmSize_lag,1.0
601868.SH,中国能建,CSI,中央国有企业,工业,建筑,工业--建筑--建筑与工程Ⅲ--建筑与工程Ⅳ,2019,,,,,,,,,,421670000000.0,,0.022373373,5078524000.0,4355663000.0,target_year,,,,,,,,,,SOE_target,0.040955000000000005,0.093375,26.68783575,0.055060571,0.178025019,0.611053387,0.080332028,0.089422698,0.755605049,1.138216335,0.041483933,True,Pooled_H_plus_CSI_nonSOE,0.034109596778497786,0.022373373,0.011736223778497788,4948813480.679162,4948813480.679162,1,0,,1.0
601868.SH,中国能建,CSI,中央国有企业,工业,建筑,工业--建筑--建筑与工程Ⅲ--建筑与工程Ⅳ,2020,,,,,,,,,,476052000000.0,,0.017142067,4680285000.0,3480229000.0,target_year,,,,,,,,,,SOE_target,0.035304,0.073961,26.76748957,0.052356081,0.179054819,0.609800165,0.094137391,0.091607576,0.731329544,1.17643605,0.034060274,True,Pooled_H_plus_CSI_nonSOE,0.039269070962757995,0.017142067,0.022127003962757994,10533604490.478868,10533604490.478868,0,1,FirmSize_lag,1.0
601868.SH,中国能建,CSI,中央国有企业,工业,建筑,工业--建筑--建筑与工程Ⅲ--建筑与工程Ⅳ,2021,,,,,,,,,,528863000000.0,,0.018656423,6504102000.0,3362582000.0,target_year,,,,,,,,,,SOE_target,0.031996000000000004,0.079994,26.88879274,0.050547082,0.179498397,0.602252363,0.076272281,0.086413832,0.710265092,1.143458048,0.031423462,True,Pooled_H_plus_CSI_nonSOE,0.04174795841873625,0.018656423,0.02309153541873625,12212258696.15911,12212258696.15911,0,1,FirmSize_lag,1.0
601868.SH,中国能建,CSI,中央国有企业,工业,建筑,工业--建筑--建筑与工程Ⅲ--建筑与工程Ⅳ,2022,,,,,,,,,,664351000000.0,,0.020211219,7809343000.0,5618003000.0,target_year,,,,,,,,,,SOE_target,0.031312,0.07965,26.99399448,0.052466095,0.17910201,0.641484554,0.074525801,0.089604705,0.716875416,1.145695808,0.026553177,True,Pooled_H_plus_CSI_nonSOE,0.043705953293232166,0.020211219,0.023494734293232167,15608750222.443083,15608750222.443083,0,1,FirmSize_lag,1.0
601868.SH,中国能建,CSI,中央国有企业,工业,建筑,工业--建筑--建筑与工程Ⅲ--建筑与工程Ⅳ,2023,,,,,,,,,,783156193000.0,,0.017731,7986116000.0,5899961000.0,target_year,,,,,,,,,,SOE_target,0.025701,0.075214,27.222077,0.05363,0.173049,0.614129,0.055987,0.089218,0.747895,1.108897,0.030079,True,Pooled_H_plus_CSI_nonSOE,0.03636229889075229,0.017731,0.018631298890752292,14591217109.92669,14591217109.92669,0,1,FirmSize_lag,1.0
601868.SH,中国能建,CSI,中央国有企业,工业,建筑,工业--建筑--建筑与工程Ⅲ--建筑与工程Ⅳ,2024,,,,,,,,,,869004776000.0,,0.017443,8396167000.0,6761837000.0,target_year,,,,,,,,,,SOE_target,0.024536,0.074146,27.386598,0.055265,0.176169,0.561008,0.01157,0.106064,0.759623,1.02173,0.039749,True,Pooled_H_plus_CSI_nonSOE,0.02981792321482165,0.017443,0.01237492321482165,10753867376.313288,10753867376.313288,0,1,FirmSize_lag,1.0
601868.SH,中国能建,CSI,中央国有企业,工业,建筑,工业--建筑--建筑与工程Ⅲ--建筑与工程Ⅳ,2025,,,,,,,,,,941597382000.0,,0.013588,5840294000.0,6954227000.0,target_year,,,,,,,,,,SOE_target,0.020983,0.049495,27.490614,0.061638,0.174423,0.528656,0.011594,0.127901,0.763144,1.023043,0.05238,True,Pooled_H_plus_CSI_nonSOE,0.027491796344867692,0.013588,0.013903796344867693,13091778238.18859,13091778238.18859,0,1,FirmSize_lag,1.0
601872.SH,招商轮船,CSI,中央国有企业,工业,交通运输,工业--交通运输--海上运输Ⅲ--海上运输Ⅳ,2019,,,,,,,,,,54817643675.0,,0.048220512,1612975362.0,1030359463.0,target_year,,,,,,,,,,SOE_target,0.048766,0.070773,24.63439951,0.012531131,0.111099702,0.248768239,-0.144937503,0.763285164,0.593101964,0.553060102,0.127231869,True,Pooled_H_plus_CSI_nonSOE,-0.00519145596119687,0.048220512,-0.05341196796119687,-2927918227.6774063,0.0,0,1,FixedAssetsRatio_lag,1.0
601872.SH,招商轮船,CSI,中央国有企业,工业,交通运输,工业--交通运输--海上运输Ⅲ--海上运输Ⅳ,2020,,,,,,,,,,58634669141.0,,0.056169586,2777489423.0,515995643.3,target_year,,,,,,,,,,SOE_target,0.06112599999999999,0.10917299999999999,24.72727794,0.015023484,0.108646931,0.277540098,0.025627368,0.720457705,0.530282788,1.131312613,0.07166024,True,Pooled_H_plus_CSI_nonSOE,0.018121258990049696,0.056169586,-0.038048327009950304,-2230951065.59701,0.0,0,1,FixedAssetsRatio_lag,1.0
601872.SH,招商轮船,CSI,中央国有企业,工业,交通运输,工业--交通运输--海上运输Ⅲ--海上运输Ⅳ,2021,,,,,,,,,,60135535611.0,,0.068015247,3609069039.0,481064278.5,target_year,,,,,,,,,,SOE_target,0.08123200000000001,0.138902,24.79459198,0.022698194,0.123286456,0.318322079,0.10278916,0.672902532,0.556505787,1.634599657,0.02325035,True,Pooled_H_plus_CSI_nonSOE,0.022070841809182905,0.068015247,-0.04594440519081709,-2762891414.4785943,0.0,1,0,,1.0
601872.SH,招商轮船,CSI,中央国有企业,工业,交通运输,工业--交通运输--海上运输Ⅲ--海上运输Ⅳ,2022,,,,,,,,,,65469954370.0,,0.084040716,5085887332.0,416254517.4,target_year,,,,,,,,,,SOE_target,0.101114,0.171097,24.81986678,0.022144272,0.15352339,0.41052282,0.037080611,0.637702484,0.552953965,1.153785552,0.040402073,True,Pooled_H_plus_CSI_nonSOE,0.02499838493820189,0.084040716,-0.05904233106179811,-3865498720.514356,0.0,1,0,,1.0
601872.SH,招商轮船,CSI,中央国有企业,工业,交通运输,工业--交通运输--海上运输Ⅲ--海上运输Ⅳ,2023,,,,,,,,,,62394661514.41,,0.09434,4836966617.91,1049349709.81,target_year,,,,,,,,,,SOE_target,0.101106,0.138321,24.904857,0.025269,0.180808,0.472482,0.136669,0.633026,0.488315,1.997692,0.041179,True,Pooled_H_plus_CSI_nonSOE,0.03657903147144755,0.09434,-0.05776096852855244,-3603976080.0835185,0.0,1,0,,1.0
601872.SH,招商轮船,CSI,中央国有企业,工业,交通运输,工业--交通运输--海上运输Ⅲ--海上运输Ⅳ,2024,,,,,,,,,,70619308351.63,,0.087285,5107447941.27,1056539123.01,target_year,,,,,,,,,,SOE_target,0.10538600000000001,0.132773,24.856746,0.021278,0.114556,0.404556,-0.023155,0.703197,0.401566,0.884669,0.071941,True,Pooled_H_plus_CSI_nonSOE,0.047335219023678876,0.087285,-0.039949780976321125,-2821225901.346904,0.0,1,0,,1.0
601872.SH,招商轮船,CSI,中央国有企业,工业,交通运输,工业--交通运输--海上运输Ⅲ--海上运输Ⅳ,2025,,,,,,,,,,82054880078.89,,0.087403,6012096267.97,1159711575.55,target_year,,,,,,,,,,SOE_target,0.10524800000000001,0.144784,24.980569,0.018482,0.116886,0.386011,-0.101025,0.665063,0.421558,0.592028,0.106915,True,Pooled_H_plus_CSI_nonSOE,0.03776208694963611,0.087403,-0.04964091305036388,-4073279167.3542137,0.0,1,0,,1.0
601888.SH,中国中免,CSI,中央国有企业,可选消费,可选消费零售,可选消费--可选消费零售--经销商Ⅲ--经销商Ⅳ,2019,,,,,,,,,,36080230000.0,,0.130492211,4497573000.0,210616000.0,target_year,,,,,,,,,,SOE_target,0.18617,0.249605,24.14778729,1.0,1.0,1.340804305,0.354696241,0.100572764,0.397675149,2.253891129,0.051508655,True,Pooled_H_plus_CSI_nonSOE,0.15495443145302867,0.130492211,0.024462220453028677,882602540.2559788,882602540.2559788,0,2,"HHI_lag, MarketShare_lag",1.0
601888.SH,中国中免,CSI,中央国有企业,可选消费,可选消费零售,可选消费--可选消费零售--经销商Ⅲ--经销商Ⅳ,2020,,,,,,,,,,45863816000.0,,0.13404953,5931348000.0,216675000.0,target_year,,,,,,,,,,SOE_target,0.231043,0.28396699999999997,24.30901091,1.0,1.0,1.437757186,0.377254053,0.075365096,0.369845314,2.431739667,0.042022238,True,Pooled_H_plus_CSI_nonSOE,0.1655122366445392,0.13404953,0.03146270664453921,1442999788.4071236,1442999788.4071236,0,2,"HHI_lag, MarketShare_lag",1.0
601888.SH,中国中免,CSI,中央国有企业,可选消费,可选消费零售,可选消费--可选消费零售--经销商Ⅲ--经销商Ⅳ,2021,,,,,,,,,,55101329000.0,,0.180547587,9726557000.0,221855000.0,target_year,,,,,,,,,,SOE_target,0.29467,0.38020000000000004,24.54894232,1.0,1.0,1.283749328,0.313407218,0.076801765,0.438851403,1.866473287,0.026899681,True,Pooled_H_plus_CSI_nonSOE,0.15037574864206882,0.180547587,-0.03017183835793119,-1662508391.8951864,0.0,0,2,"HHI_lag, MarketShare_lag",1.0
601888.SH,中国中免,CSI,中央国有企业,可选消费,可选消费零售,可选消费--可选消费零售--经销商Ⅲ--经销商Ⅳ,2022,,,,,,,,,,75618784000.0,,0.070196024,5113962000.0,194176000.0,target_year,,,,,,,,,,SOE_target,0.12078799999999999,0.131835,24.73243967,1.0,1.0,1.340571838,0.388476311,0.100419465,0.375350874,2.249147766,0.039106988,True,Pooled_H_plus_CSI_nonSOE,0.16549398867308868,0.070196024,0.09529796467308868,7206316206.253923,7206316206.253923,0,2,"HHI_lag, MarketShare_lag",1.0
601888.SH,中国中免,CSI,中央国有企业,可选消费,可选消费零售,可选消费--可选消费零售--经销商Ⅲ--经销商Ⅳ,2023,,,,,,,,,,78662313000.0,,0.090106,6790027000.0,297894000.0,target_year,,,,,,,,,,SOE_target,0.117281,0.133195,25.048971,1.0,1.0,0.832815,0.525335,0.110924,0.288026,3.272565,0.039612,True,Pooled_H_plus_CSI_nonSOE,0.15241132936150753,0.090106,0.062305329361507525,4901081319.802995,4901081319.802995,0,2,"HHI_lag, MarketShare_lag",1.0
601888.SH,中国中免,CSI,中央国有企业,可选消费,可选消费零售,可选消费--可选消费零售--经销商Ⅲ--经销商Ⅳ,2024,,,,,,,,,,76108344000.0,,0.05947,4323643000.0,202501000.0,target_year,,,,,,,,,,SOE_target,0.083054,0.07961599999999999,25.08843,1.0,1.0,0.875546,0.548259,0.107205,0.250282,3.813539,0.022903,True,Pooled_H_plus_CSI_nonSOE,0.16028835633296004,0.05947,0.10081835633296005,7673118145.303502,7673118145.303502,0,2,"HHI_lag, MarketShare_lag",1.0
601888.SH,中国中免,CSI,中央国有企业,可选消费,可选消费零售,可选消费--可选消费零售--经销商Ⅲ--经销商Ⅳ,2025,,,,,,,,,,74891423000.0,,0.051038,3643905000.0,178416000.0,target_year,,,,,,,,,,SOE_target,0.061806,0.066036,25.055424,1.0,1.0,0.729775,0.591149,0.107038,0.201187,5.101675,0.014702,True,Pooled_H_plus_CSI_nonSOE,0.15343614082432364,0.051038,0.10239814082432364,7668742478.88799,7668742478.88799,0,2,"HHI_lag, MarketShare_lag",1.0
601898.SH,中煤能源,CSI,中央国有企业,能源,煤炭Ⅱ,能源--煤炭Ⅱ--煤炭Ⅲ--煤炭与消费用燃料,2019,,,,,,,,,,272469000000.0,,0.040662582,6197168000.0,4882121000.0,target_year,,,,,,,,,,SOE_target,0.066093,0.065577,26.30135748,0.199924039,0.3281903,0.40562245,-0.051643698,0.498581841,0.582205584,0.802290686,0.035635828,True,Pooled_H_plus_CSI_nonSOE,0.07146602223411247,0.040662582,0.030803440234112467,8392982557.14839,8392982557.14839,1,0,,1.0
601898.SH,中煤能源,CSI,中央国有企业,能源,煤炭Ⅱ,能源--煤炭Ⅱ--煤炭Ⅲ--煤炭与消费用燃料,2020,,,,,,,,,,281574000000.0,,0.035577161,5350726000.0,4666871000.0,target_year,,,,,,,,,,SOE_target,0.058464999999999996,0.054136,26.33079033,0.239282422,0.293470907,0.481509395,-0.105136963,0.477110854,0.569782391,0.657633162,0.040171693,True,Pooled_H_plus_CSI_nonSOE,0.07885832018450933,0.035577161,0.04328115918450933,12186849116.21903,12186849116.21903,1,0,,1.0
601898.SH,中煤能源,CSI,中央国有企业,能源,煤炭Ⅱ,能源--煤炭Ⅱ--煤炭Ⅲ--煤炭与消费用燃料,2021,,,,,,,,,,321329000000.0,,0.058533792,14714915000.0,4093691000.0,target_year,,,,,,,,,,SOE_target,0.104012,0.13738799999999998,26.36366047,0.248811769,0.275297772,0.508846338,-0.02459337,0.474754771,0.560805759,0.899856996,0.036606113,True,Pooled_H_plus_CSI_nonSOE,0.08535696208659144,0.058533792,0.026823170086591436,8619062420.75434,8619062420.75434,1,0,,1.0
601898.SH,中煤能源,CSI,中央国有企业,能源,煤炭Ⅱ,能源--煤炭Ⅱ--煤炭Ⅲ--煤炭与消费用燃料,2022,,,,,,,,,,339616000000.0,,0.069420696,19719469000.0,3856932000.0,target_year,,,,,,,,,,SOE_target,0.11591,0.16159300000000001,26.49573143,0.26828346,0.269530745,0.766714926,0.053652331,0.400720788,0.557575067,1.196478782,0.032450595,True,Pooled_H_plus_CSI_nonSOE,0.09931292311339364,0.069420696,0.029892227113393635,10151878603.342293,10151878603.342293,1,0,,1.0
601898.SH,中煤能源,CSI,中央国有企业,能源,煤炭Ⅱ,能源--煤炭Ⅱ--煤炭Ⅲ--煤炭与消费用燃料,2023,,,,,,,,,,349155327000.0,,0.066585,20183598000.0,3064810000.0,target_year,,,,,,,,,,SOE_target,0.10643599999999999,0.147113,26.551082,0.229487,0.250024,0.645549,0.055689,0.37232,0.514808,1.180126,0.028727,True,Pooled_H_plus_CSI_nonSOE,0.09731024698386698,0.066585,0.03072524698386697,10727883657.807837,10727883657.807837,1,0,,1.0
601898.SH,中煤能源,CSI,中央国有企业,能源,煤炭Ⅱ,能源--煤炭Ⅱ--煤炭Ⅲ--煤炭与消费用燃料,2024,,,,,,,,,,357794496000.0,,0.057829,18155988000.0,2534892000.0,target_year,,,,,,,,,,SOE_target,0.092524,0.122846,26.578783,0.216143,0.263234,0.539553,0.061607,0.365746,0.477243,1.219139,0.050336,True,Pooled_H_plus_CSI_nonSOE,0.09295441632066175,0.057829,0.03512541632066175,12567680629.241344,12567680629.241344,1,0,,1.0
601898.SH,中煤能源,CSI,中央国有企业,能源,煤炭Ⅱ,能源--煤炭Ⅱ--煤炭Ⅲ--煤炭与消费用燃料,2025,,,,,,,,,,370517742000.0,,0.044927,14497092000.0,2149057000.0,target_year,,,,,,,,,,SOE_target,0.066686,0.092908,26.603225,0.211221,0.263097,0.514626,0.030435,0.393,0.463299,1.106577,0.050505,True,Pooled_H_plus_CSI_nonSOE,0.09461869247281024,0.044927,0.04969169247281024,18411653691.184044,18411653691.184044,1,0,,1.0
601899.SH,紫金矿业,CSI,地方国有企业,材料,有色金属,材料--有色金属--贵金属--黄金,2019,,,,,,,,,,123831000000.0,,0.050163348,4283957365.0,1927817536.0,target_year,,,,,,,,,,SOE_target,0.07092999999999999,0.093494,25.44958498,0.135006124,0.167062795,1.048438121,-0.060014627,0.349933684,0.581201238,0.818005224,0.069178863,True,Pooled_H_plus_CSI_nonSOE,0.12734415612028693,0.050163348,0.07718080812028694,9557376650.343252,9557376650.343252,1,0,,1.0
601899.SH,紫金矿业,CSI,地方国有企业,材料,有色金属,材料--有色金属--贵金属--黄金,2020,,,,,,,,,,182313000000.0,,0.046235297,6508553913.0,1920753386.0,target_year,,,,,,,,,,SOE_target,0.079348,0.120837,25.54218314,0.147075799,0.15478921,1.149911991,-0.038506206,0.359373782,0.539052237,0.857077928,0.096066464,True,Pooled_H_plus_CSI_nonSOE,0.13969587793550636,0.046235297,0.09346058093550635,17039078892.09497,17039078892.09497,1,0,,1.0
601899.SH,紫金矿业,CSI,地方国有企业,材料,有色金属,材料--有色金属--贵金属--黄金,2021,,,,,,,,,,208595000000.0,,0.0852602,15672870591.0,2111953389.0,target_year,,,,,,,,,,SOE_target,0.133764,0.24570799999999998,25.9289922,0.154732825,0.159708925,1.120395812,-0.042637039,0.349846763,0.590833682,0.834736234,0.076167844,True,Pooled_H_plus_CSI_nonSOE,0.13335398209506594,0.0852602,0.04809378209506594,10032122476.120281,10032122476.120281,1,0,,1.0
601899.SH,紫金矿业,CSI,地方国有企业,材料,有色金属,材料--有色金属--贵金属--黄金,2022,,,,,,,,,,306044000000.0,,0.075917288,20042045977.0,3191995016.0,target_year,,,,,,,,,,SOE_target,0.123702,0.25056100000000003,26.06365887,0.150787193,0.168216562,1.151690576,-0.015523729,0.355451102,0.55465225,0.935626067,0.096591957,True,Pooled_H_plus_CSI_nonSOE,0.13858108737216238,0.075917288,0.06266379937216238,19177879815.05406,19177879815.05406,1,0,,1.0
601899.SH,紫金矿业,CSI,地方国有企业,材料,有色金属,材料--有色金属--贵金属--黄金,2023,,,,,,,,,,343005706012.0,,0.075169,21119419571.0,4663911436.0,target_year,,,,,,,,,,SOE_target,0.104795,0.215012,26.446995,0.157798,0.153058,1.050558,0.027691,0.309148,0.593342,1.119075,0.081016,True,Pooled_H_plus_CSI_nonSOE,0.12748863894271822,0.075169,0.052319638942718225,17945934693.839993,17945934693.839993,1,0,,1.0
601899.SH,紫金矿业,CSI,地方国有企业,材料,有色金属,材料--有色金属--贵金属--黄金,2024,,,,,,,,,,396610730026.0,,0.09228,32050602437.0,4548705755.0,target_year,,,,,,,,,,SOE_target,0.135342,0.25921299999999997,26.561013,0.169325,0.159476,0.904101,-0.019107,0.342247,0.596617,0.922147,0.088712,True,Pooled_H_plus_CSI_nonSOE,0.1194475804907624,0.09228,0.0271675804907624,10774953931.48139,10774953931.48139,1,0,,1.0
601899.SH,紫金矿业,CSI,地方国有企业,材料,有色金属,材料--有色金属--贵金属--黄金,2025,,,,,,,,,,512005142450.0,,0.108807,51777327785.0,3932640491.0,target_year,,,,,,,,,,SOE_target,0.18064699999999997,0.318309,26.706221,0.169614,0.15747,0.821074,-0.002131,0.333734,0.551876,0.991529,0.062524,True,Pooled_H_plus_CSI_nonSOE,0.12548331996330464,0.108807,0.01667631996330464,8538361578.353571,8538361578.353571,1,0,,1.0
601919.SH,中远海控,CSI,中央国有企业,工业,交通运输,工业--交通运输--海上运输Ⅲ--海上运输Ⅳ,2019,,,,,,,,,,262224000000.0,,0.046345211,6690106000.0,5462722000.0,target_year,,,,,,,,,,SOE_target,0.034775,0.229719,26.15324199,0.1381701,0.111099702,0.666100324,-0.126402542,0.505757923,0.752993999,0.675445454,0.08717098,True,Pooled_H_plus_CSI_nonSOE,0.0088579871665855,0.046345211,-0.0374872238334145,-9830049782.493282,0.0,1,0,,1.0
601919.SH,中远海控,CSI,中央国有企业,工业,交通运输,工业--交通运输--海上运输Ⅲ--海上运输Ⅳ,2020,,,,,,,,,,271926000000.0,,0.051028303,9927098000.0,3948828000.0,target_year,,,,,,,,,,SOE_target,0.064635,0.250452,26.29246505,0.155552982,0.108646931,0.613990479,0.006206761,0.397290073,0.736388625,1.023095445,0.042264429,True,Pooled_H_plus_CSI_nonSOE,0.012613794962154264,0.051028303,-0.038414508037845733,-10445903512.69924,0.0,1,0,,1.0
601919.SH,中远海控,CSI,中央国有企业,工业,交通运输,工业--交通运输--海上运输Ⅲ--海上运输Ⅳ,2021,,,,,,,,,,413668000000.0,,0.224550922,89296138000.0,3593411000.0,target_year,,,,,,,,,,SOE_target,0.380517,1.008949,26.32879608,0.215275282,0.123286456,0.641238606,-0.007594321,0.378170712,0.710593928,0.972104244,0.024524221,True,Pooled_H_plus_CSI_nonSOE,0.022345051772320046,0.224550922,-0.20220587022767994,-83646097925.3439,0.0,1,0,,1.0
601919.SH,中远海控,CSI,中央国有企业,工业,交通运输,工业--交通运输--海上运输Ⅲ--海上运输Ⅳ,2022,,,,,,,,,,511780000000.0,,0.221511332,109684000000.0,3680840000.0,target_year,,,,,,,,,,SOE_target,0.357707,0.657821,26.74832975,0.303105964,0.15352339,0.97344357,0.196168556,0.257317874,0.567623053,1.668671798,0.023085939,True,Pooled_H_plus_CSI_nonSOE,0.06556812382603194,0.221511332,-0.15594320817396806,-79808615079.27338,0.0,0,1,FirmSize_lag,1.0
601919.SH,中远海控,CSI,中央国有企业,工业,交通运输,工业--交通运输--海上运输Ⅲ--海上运输Ⅳ,2023,,,,,,,,,,462429381000.0,,0.059367,23860258000.0,3592746000.0,target_year,,,,,,,,,,SOE_target,0.059946,0.120355,26.96116,0.333016,0.180808,0.845123,0.198677,0.233535,0.504624,1.63763,0.0205,True,Pooled_H_plus_CSI_nonSOE,0.06865894710838527,0.059367,0.009291947108385268,4296869349.615339,4296869349.615339,0,1,FirmSize_lag,1.0
601919.SH,中远海控,CSI,中央国有企业,工业,交通运输,工业--交通运输--海上运输Ⅲ--海上运输Ⅳ,2024,,,,,,,,,,497472214000.0,,0.104992,49172465000.0,3058232000.0,target_year,,,,,,,,,,SOE_target,0.13303,0.228293,26.85976,0.144337,0.114556,0.360185,0.162486,0.280678,0.47404,1.590121,0.033131,True,Pooled_H_plus_CSI_nonSOE,0.038175898429544664,0.104992,-0.06681610157045534,-33239153979.103294,0.0,0,1,FirmSize_lag,1.0
601919.SH,中远海控,CSI,中央国有企业,工业,交通运输,工业--交通运输--海上运输Ⅲ--海上运输Ⅳ,2025,,,,,,,,,,483758024000.0,,0.07002,30859651000.0,3013024000.0,target_year,,,,,,,,,,SOE_target,0.080724,0.13218,26.932806,0.16836,0.116886,0.487256,0.167499,0.303861,0.426986,1.678604,0.052262,True,Pooled_H_plus_CSI_nonSOE,0.05291351133315951,0.07002,-0.01710648866684049,-8275401155.0491495,0.0,0,1,FirmSize_lag,1.0
601985.SH,中国核电,CSI,中央国有企业,公用事业,公用事业Ⅱ,公用事业--公用事业Ⅱ--电力--电力公用事业,2019,,,,,,,,,,347639000000.0,,0.033423197,4612558850.0,7006645806.0,target_year,,,,,,,,,,SOE_target,0.051093,0.095614,26.50240634,0.065305579,0.148389593,0.123797436,-0.015956505,0.849558327,0.741652254,0.86858063,0.071637094,True,Pooled_H_plus_CSI_nonSOE,0.03718848182661891,0.033423197,0.003765284826618906,1308959851.8409698,1308959851.8409698,0,1,FixedAssetsRatio_lag,1.0
601985.SH,中国核电,CSI,中央国有企业,公用事业,公用事业Ⅱ,公用事业--公用事业Ⅱ--电力--电力公用事业,2020,,,,,,,,,,381746000000.0,,0.033938319,5995452045.0,6960364749.0,target_year,,,,,,,,,,SOE_target,0.036137999999999997,0.099496,26.57443023,0.067481903,0.143602423,0.135640693,-0.019129801,0.828426352,0.740297102,0.863979538,0.070616627,True,Pooled_H_plus_CSI_nonSOE,0.037812180546356544,0.033938319,0.0038738615463565426,1478831149.8754246,1478831149.8754246,0,1,FixedAssetsRatio_lag,1.0
601985.SH,中国核电,CSI,中央国有企业,公用事业,公用事业Ⅱ,公用事业--公用事业Ⅱ--电力--电力公用事业,2021,,,,,,,,,,409621000000.0,,0.036396898,8038084942.0,6870862905.0,target_year,,,,,,,,,,SOE_target,0.04185,0.109671,26.66802123,0.067942863,0.126082379,0.141686299,-0.007015087,0.817627022,0.694850283,0.950978047,0.062692714,True,Pooled_H_plus_CSI_nonSOE,0.04718409399156949,0.036396898,0.010787195991569493,4418662009.262687,4418662009.262687,0,1,FixedAssetsRatio_lag,1.0
601985.SH,中国核电,CSI,中央国有企业,公用事业,公用事业Ⅱ,公用事业--公用事业Ⅱ--电力--电力公用事业,2022,,,,,,,,,,464620000000.0,,0.036921229,9009829595.0,8144511017.0,target_year,,,,,,,,,,SOE_target,0.044770000000000004,0.109367,26.73849912,0.066112516,0.130392082,0.155949917,-0.018961189,0.805403382,0.694160724,0.88155248,0.061331462,True,Pooled_H_plus_CSI_nonSOE,0.04715299950191623,0.036921229,0.010231770501916232,4753885210.60032,4753885210.60032,0,1,FixedAssetsRatio_lag,1.0
601985.SH,中国核电,CSI,中央国有企业,公用事业,公用事业Ⅱ,公用事业--公用事业Ⅱ--电力--电力公用事业,2023,,,,,,,,,,539267250476.02,,0.033241,10623826706.6,7301743750.68,target_year,,,,,,,,,,SOE_target,0.045784000000000005,0.11831200000000001,26.864486,0.064424,0.129341,0.161085,-0.017598,0.79749,0.681741,0.889415,0.108712,True,Pooled_H_plus_CSI_nonSOE,0.04322576443499507,0.033241,0.009984764434995068,5384456463.510542,5384456463.510542,0,2,"FirmSize_lag, FixedAssetsRatio_lag",1.0
601985.SH,中国核电,CSI,中央国有企业,公用事业,公用事业Ⅱ,公用事业--公用事业Ⅱ--电力--电力公用事业,2024,,,,,,,,,,659739168841.27,,0.023677,8777342050.34,6843597272.48,target_year,,,,,,,,,,SOE_target,0.049053000000000006,0.087264,27.013477,0.064166,0.121904,0.147279,-0.05444,0.798297,0.698113,0.699198,0.124429,True,Pooled_H_plus_CSI_nonSOE,0.038449916219553536,0.023677,0.014772916219553536,9746271468.049967,9746271468.049967,0,2,"FirmSize_lag, FixedAssetsRatio_lag",1.0
601985.SH,中国核电,CSI,中央国有企业,公用事业,公用事业Ⅱ,公用事业--公用事业Ⅱ--电力--电力公用事业,2025,,,,,,,,,,749261994107.31,,0.021539,9304211536.74,6834483614.48,target_year,,,,,,,,,,SOE_target,0.042759,0.081283,27.21511,0.066502,0.118327,0.127097,-0.026619,0.780601,0.68265,0.827394,0.137491,True,Pooled_H_plus_CSI_nonSOE,0.039901550387667455,0.021539,0.018362550387667455,13758361120.359676,13758361120.359676,0,2,"FirmSize_lag, FixedAssetsRatio_lag",1.0
603019.SH,中科曙光,CSI,中央国有企业,信息技术,硬件设备,信息技术--硬件设备--电脑与外围设备--电脑硬件、储存设备及电脑周边,2019,,,,,,,,,,16769281027.0,,0.046053914,593633044.8,178657973.6,target_year,,,,,,,,,,SOE_target,0.058621999999999994,0.145814,23.30100268,0.0077991,0.161142974,0.775761243,0.22087728,0.104489626,0.692376064,1.556652795,0.048115164,True,Pooled_H_plus_CSI_nonSOE,0.050619086135659346,0.046053914,0.004565172135659344,76554654.4795013,76554654.4795013,1,0,,1.0
603019.SH,中科曙光,CSI,中央国有企业,信息技术,硬件设备,信息技术--硬件设备--电脑与外围设备--电脑硬件、储存设备及电脑周边,2020,,,,,,,,,,20963979137.0,,0.039996011,822381760.3,16093782.61,target_year,,,,,,,,,,SOE_target,0.055788000000000004,0.103103,23.54281454,0.007820415,0.145048886,0.634093523,0.239751642,0.097377554,0.724420087,1.686252249,0.044994331,True,Pooled_H_plus_CSI_nonSOE,0.03951068337085075,0.039996011,-0.00048532762914924726,-10174398.292094493,0.0,1,0,,1.0
603019.SH,中科曙光,CSI,中央国有企业,信息技术,硬件设备,信息技术--硬件设备--电脑与外围设备--电脑硬件、储存设备及电脑周边,2021,,,,,,,,,,26121984763.0,,0.038917893,1157781112.0,-141168510.7,target_year,,,,,,,,,,SOE_target,0.06096599999999999,0.095297,23.76607152,0.0072491,0.129289002,0.536679608,0.5056888,0.074705179,0.429743553,3.876764347,0.026434258,True,Pooled_H_plus_CSI_nonSOE,0.08166981311035629,0.038917893,0.042751920110356285,1116765005.7117202,1116765005.7117202,1,0,,1.0
603019.SH,中科曙光,CSI,中央国有企业,信息技术,硬件设备,信息技术--硬件设备--电脑与外围设备--电脑硬件、储存设备及电脑周边,2022,,,,,,,,,,31810174007.0,,0.045421863,1544219003.0,-99341626.16,target_year,,,,,,,,,,SOE_target,0.06579,0.104033,23.98604312,0.006334817,0.108896372,0.47400165,0.420008992,0.077714723,0.499409101,2.965212884,0.062330355,True,Pooled_H_plus_CSI_nonSOE,0.0674820904237241,0.045421863,0.022060227423724106,701739672.9826572,701739672.9826572,1,0,,1.0
603019.SH,中科曙光,CSI,中央国有企业,信息技术,硬件设备,信息技术--硬件设备--电脑与外围设备--电脑硬件、储存设备及电脑周边,2023,,,,,,,,,,31615458539.32,,0.05553,1835900702.06,-80304736.43,target_year,,,,,,,,,,SOE_target,0.068714,0.10294600000000001,24.183052,0.006852,0.117158,0.447215,0.330217,0.078245,0.442298,2.663063,0.084412,True,Pooled_H_plus_CSI_nonSOE,0.07194230481635935,0.05553,0.01641230481635935,518882542.456291,518882542.456291,1,0,,1.0
603019.SH,中科曙光,CSI,中央国有企业,信息技术,硬件设备,信息技术--硬件设备--电脑与外围设备--电脑硬件、储存设备及电脑周边,2024,,,,,,,,,,36617491563.87,,0.050742,1911152257.13,-53100633.56,target_year,,,,,,,,,,SOE_target,0.06714,0.09787699999999999,24.176912,0.007472,0.108206,0.45091,0.314399,0.090495,0.383821,2.992228,0.068542,True,Pooled_H_plus_CSI_nonSOE,0.08197985271323424,0.050742,0.03123785271323424,1143851808.2002685,1143851808.2002685,1,0,,1.0
603019.SH,中科曙光,CSI,中央国有企业,信息技术,硬件设备,信息技术--硬件设备--电脑与外围设备--电脑硬件、储存设备及电脑周边,2025,,,,,,,,,,40953741117.01,,0.051483,2176292865.25,-67880099.25,target_year,,,,,,,,,,SOE_target,0.062329999999999997,0.102089,24.323792,0.005798,0.114376,0.383723,0.229408,0.098389,0.417578,2.503729,0.023476,True,Pooled_H_plus_CSI_nonSOE,0.07936534431952386,0.051483,0.027882344319523855,1141886310.9971144,1141886310.9971144,1,0,,1.0
603369.SH,今世缘,CSI,地方国有企业,日常消费,食品饮料,日常消费--食品饮料--饮料--白酒与葡萄酒,2019,,,,,,,,,,10062294426.0,,0.144971709,1458097936.0,650083.33,target_year,,,,,,,,,,SOE_target,0.20241399999999998,0.21924700000000003,22.87359084,0.004647124,0.118716357,0.39261743,0.437826307,0.123350825,0.288617426,2.527404298,0.02385493,True,Pooled_H_plus_CSI_nonSOE,0.11894515568717448,0.144971709,-0.026026553312825523,-261886842.3276361,0.0,1,0,,1.0
603369.SH,今世缘,CSI,地方国有企业,日常消费,食品饮料,日常消费--食品饮料--饮料--白酒与葡萄酒,2020,,,,,,,,,,11851101844.0,,0.132767611,1566907818.0,6534659.97,target_year,,,,,,,,,,SOE_target,0.187577,0.202526,23.03206105,0.005205694,0.109737598,0.427747232,0.369028646,0.111611,0.283834551,2.336807766,0.014921261,True,Pooled_H_plus_CSI_nonSOE,0.12214801694074436,0.132767611,-0.010619594059255652,-125853890.7381761,0.0,1,0,,1.0
603369.SH,今世缘,CSI,地方国有企业,日常消费,食品饮料,日常消费--食品饮料--饮料--白酒与葡萄酒,2021,,,,,,,,,,14433697119.0,,0.136075632,2029127929.0,-65053472.68,target_year,,,,,,,,,,SOE_target,0.205399,0.23105,23.19568668,0.004661291,0.106852675,0.385834782,0.417382351,0.126780398,0.302399008,2.425192333,0.033352504,True,Pooled_H_plus_CSI_nonSOE,0.11769249357572727,0.136075632,-0.018383138424272735,-265336652.11260357,0.0,1,0,,1.0
603369.SH,今世缘,CSI,地方国有企业,日常消费,食品饮料,日常消费--食品饮料--饮料--白酒与葡萄酒,2022,,,,,,,,,,18183711058.0,,0.132137809,2502789291.0,-100033561.7,target_year,,,,,,,,,,SOE_target,0.204044,0.24583200000000002,23.39283139,0.005106391,0.106913309,0.403319474,0.343201835,0.13995768,0.355876741,1.99477757,0.039951176,True,Pooled_H_plus_CSI_nonSOE,0.11094485527048596,0.132137809,-0.021192953729514033,-385366547.0830467,0.0,1,0,,1.0
603369.SH,今世缘,CSI,地方国有企业,日常消费,食品饮料,日常消费--食品饮料--饮料--白酒与葡萄酒,2023,,,,,,,,,,21630647731.29,,0.136515,3136042999.78,-183138913.29,target_year,,,,,,,,,,SOE_target,0.20906400000000003,0.257564,23.623792,0.005416,0.105461,0.405134,0.259668,0.163857,0.391503,1.680295,0.063079,True,Pooled_H_plus_CSI_nonSOE,0.10371582119516692,0.136515,-0.03279917880483307,-709467482.6029376,0.0,1,0,,1.0
603369.SH,今世缘,CSI,地方国有企业,日常消费,食品饮料,日常消费--食品饮料--饮料--白酒与葡萄酒,2024,,,,,,,,,,24221898385.69,,0.13537,3411925268.61,-133006465.89,target_year,,,,,,,,,,SOE_target,0.19253599999999998,0.23742999999999997,23.797377,0.006797,0.100594,0.432038,0.220588,0.229512,0.385741,1.585996,0.101447,True,Pooled_H_plus_CSI_nonSOE,0.10518932966707525,0.13537,-0.030180670332924736,-731033130.0161117,0.0,1,0,,1.0
603369.SH,今世缘,CSI,地方国有企业,日常消费,食品饮料,日常消费--食品饮料--饮料--白酒与葡萄酒,2025,,,,,,,,,,25899040538.78,,0.097322,2603690665.79,-83151223.46,target_year,,,,,,,,,,SOE_target,0.134739,0.16264800000000001,23.910523,0.007719,0.097008,0.430028,0.229316,0.272964,0.361997,1.663303,0.074998,True,Pooled_H_plus_CSI_nonSOE,0.11552881559786507,0.097322,0.018206815597865064,471539055.2511993,471539055.2511993,1,0,,1.0
688009.SH,中国通号,CSI,中央国有企业,工业,电气设备,工业--电气设备--电气设备Ⅲ--电气部件与设备,2019,,,,,,,,,,97512591304.0,,0.040378019,3815874901.0,121490364.0,target_year,,,,,,,,,,SOE_target,0.054669999999999996,0.108981,25.10126608,0.112768212,0.075162529,0.565471287,0.222678652,0.057931624,0.620072312,1.372498386,0.013432789,True,Pooled_H_plus_CSI_nonSOE,0.06183295892051643,0.040378019,0.021454939920516426,2092126787.9211924,2092126787.9211924,1,0,,1.0
688009.SH,中国通号,CSI,中央国有企业,工业,电气设备,工业--电气设备--电气设备Ⅲ--电气部件与设备,2020,,,,,,,,,,105328000000.0,,0.036664884,3819046319.0,42795594.41,target_year,,,,,,,,,,SOE_target,0.045983,0.091274,25.30324735,0.09638352,0.069863037,0.470071921,0.294788513,0.046045731,0.561854761,1.555377083,0.008409159,True,Pooled_H_plus_CSI_nonSOE,0.06819842127395784,0.036664884,0.031533537273957836,3321364413.9914308,3321364413.9914308,1,0,,1.0
688009.SH,中国通号,CSI,中央国有企业,工业,电气设备,工业--电气设备--电气设备Ⅲ--电气部件与设备,2021,,,,,,,,,,108943000000.0,,0.030924685,3274672689.0,94342569.44,target_year,,,,,,,,,,SOE_target,0.036272,0.07605100000000001,25.38034591,0.078313323,0.069189957,0.395625552,0.256343946,0.05340966,0.579434691,1.46497188,0.016604732,True,Pooled_H_plus_CSI_nonSOE,0.05885944416019181,0.030924685,0.027934759160191808,3043296467.188776,3043296467.188776,0,1,HHI_lag,1.0
688009.SH,中国通号,CSI,中央国有企业,工业,电气设备,工业--电气设备--电气设备Ⅲ--电气部件与设备,2022,,,,,,,,,,116807000000.0,,0.03205844,3633640259.0,110995320.5,target_year,,,,,,,,,,SOE_target,0.039245999999999996,0.081766,25.41408687,0.052156644,0.081262738,0.358035908,0.261945955,0.050393267,0.583529486,1.479651178,0.007981433,True,Pooled_H_plus_CSI_nonSOE,0.05576780405237545,0.03205844,0.023709364052375448,2769419686.865819,2769419686.865819,1,0,,1.0
688009.SH,中国通号,CSI,中央国有企业,工业,电气设备,工业--电气设备--电气设备Ⅲ--电气部件与设备,2023,,,,,,,,,,118990487731.74,,0.029868,3477326647.54,76697247.11,target_year,,,,,,,,,,SOE_target,0.036031,0.07548300000000001,25.483785,0.031068,0.108841,0.356176,0.232672,0.046851,0.595248,1.416564,0.006061,True,Pooled_H_plus_CSI_nonSOE,0.05209796705289751,0.029868,0.02222996705289751,2645154621.8847857,2645154621.8847857,1,0,,1.0
688009.SH,中国通号,CSI,中央国有企业,工业,电气设备,工业--电气设备--电气设备Ⅲ--电气部件与设备,2024,,,,,,,,,,117890875515.13,,0.030092,3494725837.36,52849365.13,target_year,,,,,,,,,,SOE_target,0.036261999999999996,0.0737,25.502309,0.024756,0.112299,0.313848,0.220738,0.046415,0.589254,1.396501,0.00572,True,Pooled_H_plus_CSI_nonSOE,0.04994091617843836,0.030092,0.019848916178438362,2340006106.302527,2340006106.302527,1,0,,1.0
688009.SH,中国通号,CSI,中央国有企业,工业,电气设备,工业--电气设备--电气设备Ⅲ--电气部件与设备,2025,,,,,,,,,,118321690651.9,,0.031924,3686410571.89,90856906.74,target_year,,,,,,,,,,SOE_target,0.039783,0.075334,25.493025,0.023985,0.107313,0.274171,0.236504,0.048914,0.572182,1.440999,0.007286,True,Pooled_H_plus_CSI_nonSOE,0.05094323131231714,0.031924,0.019019231312317142,2250387603.7729187,2250387603.7729187,1,0,,1.0
688187.SH,时代电气,CSI,中央国有企业,工业,电气设备,工业--电气设备--电气设备Ⅲ--电气部件与设备,2019,,,,,,,,,,32985615356.0,,0.081390133,2659163867.0,25539769.0,target_year,,,,,,,,,,SOE_target,0.094467,0.127431,24.09175139,0.044315661,0.075162529,0.562382467,0.542306516,0.103897947,0.306910795,3.009164305,0.023124896,True,Pooled_H_plus_CSI_nonSOE,0.10624466969687651,0.081390133,0.02485453669687651,819842187.3347554,819842187.3347554,1,0,,1.0
688187.SH,时代电气,CSI,中央国有企业,工业,电气设备,工业--电气设备--电气设备Ⅲ--电气部件与设备,2020,,,,,,,,,,33865721258.0,,0.073569155,2475454606.0,16017904.0,target_year,,,,,,,,,,SOE_target,0.08407999999999999,0.108186,24.21933741,0.03773342,0.069863037,0.525771381,0.527282997,0.093215346,0.327092161,2.853868965,0.022752527,True,Pooled_H_plus_CSI_nonSOE,0.10118232623025358,0.073569155,0.027613171230253586,935139959.9331928,935139959.9331928,1,0,,1.0
688187.SH,时代电气,CSI,中央国有企业,工业,电气设备,工业--电气设备--电气设备Ⅲ--电气部件与设备,2021,,,,,,,,,,44150745227.0,,0.046177335,2017694796.0,21068951.0,target_year,,,,,,,,,,SOE_target,0.052518,0.071456,24.24566917,0.031294312,0.069189957,0.479688199,0.547696637,0.129781827,0.283653514,3.354619665,0.054779891,True,Pooled_H_plus_CSI_nonSOE,0.10072975917259691,0.046177335,0.05455242417259691,2408530181.1595626,2408530181.1595626,0,1,HHI_lag,1.0
688187.SH,时代电气,CSI,中央国有企业,工业,电气设备,工业--电气设备--电气设备Ⅲ--电气部件与设备,2022,,,,,,,,,,48509554784.0,,0.053119178,2555823375.0,20964320.0,target_year,,,,,,,,,,SOE_target,0.059538,0.076121,24.51087564,0.020560593,0.081262738,0.387640407,0.577379598,0.110659814,0.245932447,3.785604226,0.022060856,True,Pooled_H_plus_CSI_nonSOE,0.10412590746133758,0.053119178,0.05100672946133758,2474313737.157422,2474313737.157422,1,0,,1.0
688187.SH,时代电气,CSI,中央国有企业,工业,电气设备,工业--电气设备--电气设备Ⅲ--电气部件与设备,2023,,,,,,,,,,53404847387.0,,0.059038,3105703645.0,47187001.0,target_year,,,,,,,,,,SOE_target,0.061758,0.08699899999999999,24.605027,0.013936,0.108841,0.389245,0.510029,0.108352,0.272396,3.114295,0.019655,True,Pooled_H_plus_CSI_nonSOE,0.10222894249733819,0.059038,0.04319094249733819,2306605692.5710387,2306605692.5710387,1,0,,1.0
688187.SH,时代电气,CSI,中央国有企业,工业,电气设备,工业--电气设备--电气设备Ⅲ--电气部件与设备,2024,,,,,,,,,,64802246319.0,,0.057745,3702585914.0,39387935.0,target_year,,,,,,,,,,SOE_target,0.06887800000000001,0.09446099999999999,24.701167,0.014584,0.112299,0.427789,0.450948,0.1216,0.293762,2.792924,0.05581,True,Pooled_H_plus_CSI_nonSOE,0.09723313922881888,0.057745,0.03948813922881888,2558920124.9848876,2558920124.9848876,1,0,,1.0
688187.SH,时代电气,CSI,中央国有企业,工业,电气设备,工业--电气设备--电气设备Ⅲ--电气部件与设备,2025,,,,,,,,,,72084237098.0,,0.057194,4096540421.0,26238709.0,target_year,,,,,,,,,,SOE_target,0.06713,0.09752000000000001,24.894606,0.018398,0.107313,0.421446,0.427513,0.168321,0.309246,2.479153,0.053247,True,Pooled_H_plus_CSI_nonSOE,0.1002868575244377,0.057194,0.04309285752443769,3106315759.0219,3106315759.0219,1,0,,1.0
688396.SH,华润微,CSI,中央国有企业,信息技术,半导体,信息技术--半导体--半导体产品--集成电路,2019,,,,,,,,,,10095287650.0,,0.044152013,400755536.4,44971740.09,target_year,,,,,,,,,,SOE_target,0.051093,,23.02505596,0.11049825,0.214515912,0.626810524,0.045280859,0.425249338,0.497621112,1.097219995,0.054485693,True,Pooled_H_plus_CSI_nonSOE,0.06272726648279092,0.044152013,0.018575253482790925,187522527.0804387,187522527.0804387,1,0,,1.0
688396.SH,华润微,CSI,中央国有企业,信息技术,半导体,信息技术--半导体--半导体产品--集成电路,2020,,,,,,,,,,16532495767.0,,0.051034764,963661634.4,-119929609.6,target_year,,,,,,,,,,SOE_target,0.08154299999999999,0.12041299999999999,23.03533458,0.08050321,0.169245785,0.565193741,0.308438292,0.426422857,0.366949986,2.573627749,0.060653362,True,Pooled_H_plus_CSI_nonSOE,0.08117109201370071,0.051034764,0.030136328013700704,498228715.3194304,498228715.3194304,1,0,,1.0
688396.SH,华润微,CSI,中央国有企业,信息技术,半导体,信息技术--半导体--半导体产品--集成电路,2021,,,,,,,,,,22191209564.0,,0.095861013,2267920400.0,-140648576.5,target_year,,,,,,,,,,SOE_target,0.121587,0.162735,23.52859372,0.076520316,0.155238897,0.518895343,0.476678499,0.288458562,0.286207979,3.597830673,0.034637275,True,Pooled_H_plus_CSI_nonSOE,0.09076895149677487,0.095861013,-0.005092061503225123,-112999003.93084557,0.0,1,0,,1.0
688396.SH,华润微,CSI,中央国有企业,信息技术,半导体,信息技术--半导体--半导体产品--集成电路,2022,,,,,,,,,,26457799587.0,,0.087533745,2617079980.0,-301129708.7,target_year,,,,,,,,,,SOE_target,0.10905300000000001,0.140437,23.82296208,0.074435868,0.127200785,0.473296709,0.467761071,0.225283176,0.211380859,3.407609318,0.057039825,True,Pooled_H_plus_CSI_nonSOE,0.09834048298478061,0.087533745,0.010806737984780615,285922507.79054576,285922507.79054576,1,0,,1.0
688396.SH,华润微,CSI,中央国有企业,信息技术,半导体,信息技术--半导体--半导体产品--集成电路,2023,,,,,,,,,,29215259820.18,,0.042254,1479265748.53,-244794478.16,target_year,,,,,,,,,,SOE_target,0.060594999999999996,0.071223,23.998817,0.071578,0.113252,0.409656,0.460362,0.239196,0.217785,3.725747,0.080692,True,Pooled_H_plus_CSI_nonSOE,0.09039757094956306,0.042254,0.048143570949563064,1406526933.962755,1406526933.962755,1,0,,1.0
688396.SH,华润微,CSI,中央国有企业,信息技术,半导体,信息技术--半导体--半导体产品--集成电路,2024,,,,,,,,,,29106829546.42,,0.021943,762459866.87,-123759891.25,target_year,,,,,,,,,,SOE_target,0.023006000000000002,0.034765000000000004,24.097957,0.068644,0.109637,0.35265,0.405247,0.250068,0.191161,3.774064,0.178145,True,Pooled_H_plus_CSI_nonSOE,0.07755060813281978,0.021943,0.05560760813281977,1618561171.4061036,1618561171.4061036,1,0,,1.0
688396.SH,华润微,CSI,中央国有企业,信息技术,半导体,信息技术--半导体--半导体产品--集成电路,2025,,,,,,,,,,30589736143.75,,0.016086,660543164.52,-168487952.9,target_year,,,,,,,,,,SOE_target,0.018557,0.029171999999999997,24.094239,0.056819,0.111057,0.344124,0.316661,0.278279,0.165283,3.230072,0.053891,True,Pooled_H_plus_CSI_nonSOE,0.098498651201555,0.016086,0.082412651201555,2520981255.162469,2520981255.162469,1,0,,1.0
