市场,证券代码,证券简称,一级行业,二级行业,行业全路径,企业所有制性质,资产总计_2021,营业收入_2021,归母净利润_2022,利息支出_2022,资产总计_2022,EBI_A_2022,FirmSize_2021,MarketShare_2021_二级行业,HHI_2021_二级行业,AssetTurnover_2021,WorkingCapitalRatio_2021,FixedAssetsRatio_2021,FinancialLeverage_2021,CurrentRatio_2021,CapexRatio_2021,Revenue Growth Rate
H,0038.HK,第一拖拉机股份,工业,机械,工业--机械--机械Ⅲ--农用农业机械,中央国有企业,12339594557,9209135834,681050957.2,33319647.39,12986142323,0.055010225,23.236079,0.010270756,0.17114703,0.74621667,0.146257123,0.206265096,0.515200996,1.3063501,0.005498207,23.1048
H,0042.HK,东北电气,工业,电气设备,工业--电气设备--电气设备Ⅲ--电气部件与设备,公众企业,197239000,119485000,-25142000,848000,181481000,-0.133865253,19.09992675,0.000241627,0.169895245,0.672899038,-0.866476711,0.21384209,1.849411121,0.419459485,0.002428526,49.7362
H,0107.HK,四川成渝高速公路,工业,交通运输,工业--交通运输--交通基础设施--公路与铁路,地方国有企业,40647497000,8830296000,764821000,425603000,40068636000,0.029709621,24.4282031,0.008299333,0.168489905,0.217892447,0.094888869,0.017471605,0.546135375,2.123624818,0.001582951,7.7048
H,0168.HK,青岛啤酒股份,日常消费,食品饮料,日常消费--食品饮料--饮料--啤酒,地方国有企业,46563004491,30166805377,3710628593,16681483,50311699796,0.07408436,24.56407217,0.157577544,0.241400594,0.685008349,0.22979565,0.234330308,0.489000085,1.586022499,0.035113023,8.6712
H,0177.HK,江苏宁沪高速公路,工业,交通运输,工业--交通运输--交通基础设施--公路与铁路,地方国有企业,67662020722,13792587243,3724115166,1098642030,78458345074,0.061469015,24.93779087,0.012963244,0.168489905,0.214241167,-0.066822044,0.043427104,0.477404124,0.651384465,0.049049776,71.7105
H,0187.HK,京城机电股份,工业,机械,工业--机械--机械Ⅲ--工业机械,地方国有企业,1568448758,1182664494,18302413.93,12931363.31,2434589100,0.012829178,21.17335292,0.001319001,0.17114703,0.722485022,0.108642476,0.418827812,0.387029992,1.317478552,0.026668304,8.6712
H,0300.HK,美的集团,可选消费,家电Ⅱ,可选消费--家电Ⅱ--家电Ⅲ--家用电器,民营企业,3.87939E+11,3.43361E+11,29553342000,1973929000,4.22551E+11,0.074611769,26.68411421,0.536178928,0.42486522,0.914687803,0.067054414,0.063595134,0.652471565,1.116728098,0.017593888,20.8268
H,0317.HK,中船防务,工业,机械,工业--机械--机械Ⅲ--建筑机械与重型卡车,中央国有企业,44265408873,11671593523,688391028,153074603.4,46479786645,0.018103905,24.51346937,0.013017084,0.17114703,0.280557285,0.069282195,0.112273168,0.578207477,1.145934633,0.0066342,0.5439
H,0323.HK,马鞍山钢铁股份,材料,钢铁Ⅱ,材料--钢铁Ⅱ--钢铁Ⅲ--钢铁Ⅳ,中央国有企业,91207743018,1.13851E+11,-858225310,472856092,96887310222,-0.003977499,25.23640563,0.392083834,0.394104263,1.324475662,-0.038990984,0.434112713,0.589824479,0.924035656,0.083176351,39.4993
H,0338.HK,上海石油化工股份,能源,石油石化,能源--石油石化--石油天然气--石油天然气炼制和销售,中央国有企业,46920589000,89198492000,-2846156000,98502000,41136717000,-0.066793225,24.57172241,0.016091391,0.456643498,1.948847844,0.109472901,0.311232431,0.352578502,1.32518464,0.06871184,19.5313
H,0347.HK,鞍钢股份,材料,钢铁Ⅱ,材料--钢铁Ⅱ--钢铁Ⅲ--钢铁Ⅳ,中央国有企业,97526000000,1.36674E+11,156000000,391000000,96935000000,0.005642957,25.30338485,0.470681652,0.394104263,1.473002393,0.019205135,0.53871788,0.382810738,1.061309329,0.046326108,35.4509
H,0357.HK,美兰空港,工业,交通运输,工业--交通运输--交通基础设施--机场服务,地方国有企业,11135347327,1605712250,-155298891,88901726,10639551304,-0.006240598,23.13339033,0.001509161,0.168489905,0.144575175,-0.508559821,0.675673649,0.589948231,0.099048681,0.028471348,17.2453
H,0358.HK,江西铜业股份,材料,有色金属,材料--有色金属--其他金属与采矿--铜,地方国有企业,1.61035E+11,4.41614E+11,6001476000,1967157000,1.67331E+11,0.047622108,25.80488535,0.368308181,0.243645828,2.925410719,0.16153585,0.157166138,0.516812504,1.386929611,0.017832629,38.9789
H,0386.HK,中国石油化工股份,能源,石油石化,能源--石油石化--石油天然气--综合性石油天然气,中央国有企业,1.88926E+12,2.6795E+12,66153000000,16769000000,1.94864E+12,0.042553781,28.26720369,0.483381292,0.456643498,1.479136421,-0.044068164,0.399556439,0.515642939,0.870172156,0.076708015,30.7932
H,0390.HK,中国中铁,工业,建筑,工业--建筑--建筑与工程Ⅲ--建筑与工程Ⅳ,中央国有企业,1.36158E+12,1.07327E+12,31276000000,12235000000,1.61302E+12,0.026974884,27.93966691,0.288655062,0.218192106,0.837984085,0.009693151,0.056822221,0.736927687,1.016751707,0.040920842,10.1094
H,0438.HK,彩虹新能源,信息技术,硬件设备,信息技术--硬件设备--电子设备、仪器和元件--电子元件,中央国有企业,5129131959,2067062702,89232396.74,84870967.76,6378244133,0.027296441,22.35820227,0.002583686,0.410768763,0.408793701,-0.095000189,0.46854505,0.625726573,0.81682589,0.019087223,-17.9251
H,0470.HK,先导智能,工业,机械,工业--机械--机械Ⅲ--工业机械,民营企业,24000151927,9997933894,2318133000,19533000,32906180000,0.071040333,23.901326,0.011150486,0.17114703,0.545406259,0.270661264,0.044368981,0.605466412,1.458939032,0.021106334,71.9579
H,0501.HK,豪威集团,信息技术,半导体,信息技术--半导体--半导体产品--集成电路,民营企业,32079927550,24080233763,982730000,493888000,35191024000,0.041960075,24.19149636,0.573595805,0.3795219,0.879998137,0.361470054,0.063733893,0.491757744,2.332907187,0.034984357,21.5851
H,0525.HK,广深铁路股份,工业,交通运输,工业--交通运输--铁路公路运输--铁路运输,中央国有企业,37403422000,18975842000,-1994665000,81388000,37041376000,-0.051652428,24.34502803,0.017834831,0.168489905,0.511589399,-0.034880632,0.684405186,0.272675211,0.837732868,0.028346658,23.5729
H,0548.HK,深圳高速公路股份,工业,交通运输,工业--交通运输--交通基础设施--公路与铁路,地方国有企业,60613494756,10871924009,2014112457,1185072647,69201468264,0.046230018,24.82778339,0.010218199,0.168489905,0.187838095,-0.058590531,0.123536137,0.541821892,0.715096946,0.062665959,35.4464
H,0552.HK,中国通信服务,通讯服务,电信服务,通讯服务--电信服务--多元电信服务--综合电信业务,中央国有企业,1.00028E+11,1.33991E+11,3358149000,90986000,1.10264E+11,0.031280669,25.32871567,0.202977684,0.501771346,1.377684102,0.209563597,0.067872927,0.604009555,1.35947444,0.017687183,9.2478
H,0553.HK,南京熊猫电子股份,信息技术,硬件设备,信息技术--硬件设备--通信设备Ⅲ--通信设备Ⅳ,中央国有企业,6057982752,4531842431,40485761.62,416197.62,5863034745,0.006976244,22.5246427,0.005664492,0.410768763,0.751553659,0.299842386,0.152353986,0.37233871,1.827579562,0.008274303,14.6644
H,0564.HK,中创智领,工业,机械,工业--机械--机械Ⅲ--工业机械,公众企业,37330314000,29293527000,2538235000,265410000,44469589000,0.063046344,24.34307154,0.032670457,0.17114703,0.816124494,0.344068282,0.129753476,0.580743494,1.85182778,0.030124017,10.4608
H,0568.HK,山东墨龙,能源,石油石化,能源--石油石化--能源设备与服务--石油天然气设备与服务,地方国有企业,4457611299,3734462841,-424969725.6,117884825.3,4038605560,-0.076037359,22.21787888,0.000673696,0.456643498,0.775327944,-0.260974598,0.49160649,0.694960446,0.613525696,0.011658495,24.0801
H,0576.HK,浙江沪杭甬,工业,交通运输,工业--交通运输--交通基础设施--公路与铁路,地方国有企业,1.76297E+11,16262601000,5378866000,1770008000,1.86406E+11,0.038351192,25.89543411,0.015284736,0.168489905,0.106166585,0.187996187,0.028472566,0.748021208,1.339232665,0.005422836,30.6072
H,0579.HK,京能清洁能源,公用事业,公用事业Ⅱ,公用事业--公用事业Ⅱ--电力--独立电力生产商与能源贸易商,地方国有企业,82035846000,18358832000,2846890000,1500967000,87994566000,0.049410517,25.13042214,0.029694919,0.187487726,0.240654548,-0.119807017,0.621264112,0.638409653,0.653044722,0.109056582,7.9721
H,0588.HK,北京北辰实业股份,房地产,房地产Ⅱ,房地产--房地产Ⅱ--房地产管理和开发--房地产开发,地方国有企业,88367267000,22094296000,-1471352000,903850000,76112736000,-0.007456071,25.20476746,0.036334082,0.573906114,0.241076743,0.305710756,0.030257674,0.707967748,1.706771855,0.011200437,22.7744
H,0598.HK,中国外运,工业,交通运输,工业--交通运输--航空运输--航空货运与物流,中央国有企业,74302892215,1.24346E+11,4068260121,478993295,77825770522,0.058428633,25.03141571,0.116868675,0.168489905,1.774823281,0.162643193,0.20374894,0.528308224,1.497879845,0.019472961,47.0903
H,0600.HK,爱芯元智,信息技术,半导体,信息技术--半导体--半导体材料与设备--半导体材料与设备Ⅳ,公众企业,,,-611574000,133092000,1074552000,-0.445285105,,,0.3795219,,,,,,,
H,0638.HK,广和通,信息技术,硬件设备,信息技术--硬件设备--通信设备Ⅲ--通信设备Ⅳ,民营企业,4208511955,4098069202,364833000,24183000,6397731000,0.060805307,22.16037497,0.005122305,0.410768763,1.149692424,0.255691646,0.030663685,0.5359196,1.486548141,0.046747685,49.7893
H,0664.HK,铜师傅,可选消费,耐用消费品,可选消费--耐用消费品--休闲用品Ⅲ--休闲用品Ⅳ,公众企业,,,56938000,896000,360001000,0.160649554,,,,,,,,,,
H,0666.HK,瑞浦兰钧,工业,电气设备,工业--电气设备--电气设备Ⅲ--电气部件与设备,民营企业,9024639000,2109144000,-354121000,188925000,26441403000,-0.006247626,22.92322434,0.004265181,0.169895245,0.361159556,-0.283265403,0.469857243,0.751471499,0.602433825,0.279638886,132.5443
H,0670.HK,中国东方航空股份,工业,交通运输,工业--交通运输--航空客运Ⅲ--航空客运Ⅳ,中央国有企业,2.8879E+11,67127000000,-37386000000,8816000000,2.87984E+11,-0.0992069,26.38896562,0.063090676,0.168489905,0.234120396,-0.200772187,0.322871291,0.802098411,0.324946735,0.037421656,14.3035
H,0694.HK,北京首都机场股份,工业,交通运输,工业--交通运输--交通基础设施--机场服务,中央国有企业,35147336000,1342969000,-3526635000,245449000,33483400000,-0.097994409,24.28281466,0.001262217,0.168489905,0.038060485,-0.150429381,0.696593107,0.425993253,0.406376833,0.018248638,3.6079
H,0696.HK,中国民航信息网络,工业,企业服务,工业--企业服务--专业服务--数据处理与外包服务,中央国有企业,24111138979,5476177412,626498840.2,12415189.01,25236451849,0.02531711,23.90593977,0.23965059,0.521438326,0.233623248,0.450669753,0.160335366,0.202439878,3.276841387,0.019963913,-0.1713
H,0699.HK,均胜电子,可选消费,汽车与零配件,可选消费--汽车与零配件--汽车零配件--汽车零配件与设备,民营企业,51326681448,45547825678,394184000,477528000,54112094000,0.016109375,24.66147656,0.065459189,0.2124545,0.846678149,0.137229153,0.248520781,0.671618787,1.409298464,0.054653636,-4.6238
H,0719.HK,山东新华制药股份,医疗保健,医药生物,医疗保健--医药生物--制药--西药,地方国有企业,7332033658,6560077586,411193683.5,49706941.36,8265131332,0.055764465,22.71551876,0.014814196,0.277693145,0.909543712,0.034380357,0.512555083,0.502028359,1.100755391,0.033991538,9.2329
H,0728.HK,中国电信,通讯服务,电信服务,通讯服务--电信服务--多元电信服务--综合电信业务,中央国有企业,7.62234E+11,4.39552E+11,27593000000,1881000000,8.07698E+11,0.036491362,27.35951943,0.665858423,0.501771346,0.595062714,-0.180668928,0.613246064,0.434336437,0.48047323,0.111313586,11.6859
H,0747.HK,沈阳公用发展股份,房地产,房地产Ⅱ,房地产--房地产Ⅱ--房地产管理和开发--多元化房地产业务,公众企业,883277000,47022000,-73521000,478000,748981000,-0.097523168,20.59914941,7.73277E-05,0.573906114,0.052791978,0.254253196,0.000675892,0.260855881,1.976582986,0.000781182,570.976
H,0753.HK,中国国航,工业,交通运输,工业--交通运输--航空客运Ⅲ--航空客运Ⅳ,中央国有企业,2.98381E+11,74531670000,-38617495000,6472620000,2.94979E+11,-0.108973296,26.42163767,0.070050105,0.168489905,0.25594192,-0.205183842,0.331135843,0.77937245,0.331770559,0.006113086,7.234
H,0763.HK,中兴通讯,信息技术,硬件设备,信息技术--硬件设备--通信设备Ⅲ--通信设备Ⅳ,公众企业,1.68763E+11,1.14522E+11,8080295000,1945963000,1.80954E+11,0.055407903,25.85176372,0.143144184,0.410768763,0.717108575,0.291448393,0.075746353,0.684246394,1.625095876,0.033694321,12.8841
H,0788.HK,中国铁塔,通讯服务,电信服务,通讯服务--电信服务--多元电信服务--综合电信业务,中央国有企业,3.23259E+11,86585000000,8787000000,3003000000,3.0556E+11,0.038584893,26.5017197,0.131163893,0.501771346,0.262125003,-0.086116705,0.730460714,0.414234406,0.634585598,0.101079939,6.7646
H,0811.HK,新华文轩,通讯服务,传媒,通讯服务--传媒--媒体--出版,地方国有企业,18773945791,10460363984,1396673063,20978186.49,20651387559,0.06864678,23.65573588,0.976996122,0.954858381,0.585313367,0.207911726,0.115030544,0.40823902,1.531741306,0.014581372,16.1223
H,0814.HK,北京京客隆,日常消费,日常消费零售,日常消费--日常消费零售--日常消费品经销与零售--大卖场与超市,地方国有企业,7842092472,11056555323,-96070695,126652752,7487090042,0.004084639,22.78277153,0.186523306,0.250800466,1.389824293,0.053973179,0.119723907,0.736451266,1.095680249,0.013218134,-7.7055
H,0840.HK,天业节水,工业,机械,工业--机械--机械Ⅲ--农用农业机械,地方国有企业,964976441.7,1111618029,-78176019.58,2994011.91,1029410168,-0.073034064,20.68761425,0.001239764,0.17114703,1.162959914,0.354969963,0.132401013,0.451704895,1.904083963,0.016825864,57.3286
H,0857.HK,中国石油股份,能源,石油石化,能源--石油石化--石油天然气--综合性石油天然气,中央国有企业,2.50226E+12,2.61435E+12,1.4938E+11,21554000000,2.67349E+12,0.063936772,28.54821624,0.471628064,0.456643498,1.047753802,-0.014914505,0.583190729,0.436961837,0.927975637,0.106129174,35.1898
H,0874.HK,白云山,医疗保健,医药生物,医疗保健--医药生物--制药--中药,地方国有企业,66117789764,69014052347,3966522219,434408023.6,74665298777,0.05894211,24.91470368,0.155849944,0.277693145,1.096524145,0.310910624,0.074286862,0.526199096,1.637341666,0.018980024,11.9019
H,0895.HK,东江环保,工业,环保Ⅱ,工业--环保Ⅱ--环保Ⅲ--环境与设施服务,地方国有企业,11813210000,4015230000,-501792000,176741000,11705962000,-0.027767987,23.19248423,0.263048464,0.301565589,0.361124637,-0.070107194,0.455662094,0.538838724,0.782371192,0.084120489,21.3686
H,0901.HK,华曦达,信息技术,硬件设备,信息技术--硬件设备--通信设备Ⅲ--通信设备Ⅳ,民营企业,1020047637,1305905192,250856000,8886000,1483957000,0.175033374,20.74311517,0.001632292,0.410768763,1.646045196,0.22288708,0.010649863,0.736713686,1.304787742,0.002276139,88.6331
H,0902.HK,华能国际电力股份,公用事业,公用事业Ⅱ,公用事业--公用事业Ⅱ--电力--电力公用事业,中央国有企业,5.00771E+11,2.04605E+11,-8026233000,9962125000,5.12222E+11,0.003779402,26.93941519,0.330943241,0.187487726,0.430441304,-0.187565045,0.640191789,0.733295352,0.496094243,0.085978992,20.7492
H,0914.HK,海螺水泥,材料,建材Ⅱ,材料--建材Ⅱ--建材Ⅲ--建材Ⅳ,地方国有企业,2.30515E+11,1.67953E+11,15860553000,524630000,2.43976E+11,0.067158879,26.16358032,0.279109375,0.329903347,0.778482317,0.396284433,0.32075031,0.168348631,3.796208792,0.065949423,-4.7319
H,0916.HK,龙源电力,公用事业,公用事业Ⅱ,公用事业--公用事业Ⅱ--电力--新能源发电业者,中央国有企业,1.89855E+11,37195458000,5131802000,3502679000,2.23219E+11,0.038681599,25.96952536,0.060162657,0.187487726,0.203732214,-0.119462062,0.708567045,0.619073771,0.612603546,0.093105087,29.7493
H,0921.HK,海信家电,可选消费,家电Ⅱ,可选消费--家电Ⅱ--家电Ⅲ--家用电器,公众企业,55948549487,67562603667,1434904375,88136778.11,55375550869,0.027503856,24.74769835,0.105503138,0.42486522,1.382211039,0.030158805,0.099067888,0.721328768,1.044389141,0.019789339,39.6127
H,0939.HK,建设银行,金融,银行,金融--银行--商业银行--多元化银行,中央国有企业,3.0254E+13,,3.23861E+11,5.26836E+11,3.46019E+13,0.024585256,31.04064883,,,,,0.005563764,0.913594109,,0.000701891,
H,0954.HK,常茂生物,日常消费,食品饮料,日常消费--食品饮料--食品--食品加工与肉类,民营企业,956515000,547976000,81423000,2669000,1206755000,0.069684402,20.67880703,0.002862375,0.241400594,0.607564734,0.06305599,0.524135011,0.270763135,1.234948113,0.263670721,23.3886
H,0956.HK,新天绿色能源,公用事业,公用事业Ⅱ,公用事业--公用事业Ⅱ--燃气Ⅲ--燃气Ⅳ,地方国有企业,71917756791,15985268252,2294116322,1235261193,77408666608,0.045594087,24.99878904,0.025855743,0.187487726,0.24749696,-0.014683233,0.638710838,0.669562774,0.938108625,0.110487732,27.7709
H,0980.HK,联华超市,日常消费,日常消费零售,日常消费--日常消费零售--日常消费品经销与零售--大卖场与超市,地方国有企业,22829926000,24759659000,-211747000,276866000,22927846000,0.002840171,23.85133806,0.417693696,0.250800466,1.075322189,-0.356787315,0.146812916,0.945054706,0.4816347,0.020078252,-5.9682
H,0991.HK,大唐发电,公用事业,公用事业Ⅱ,公用事业--公用事业Ⅱ--电力--电力公用事业,中央国有企业,2.961E+11,1.03412E+11,-329502000,6661822000,3.05105E+11,0.020754527,26.41396279,0.167266072,0.187487726,0.358713462,-0.170162108,0.709900773,0.742402704,0.475277131,0.047359625,8.1552
H,0995.HK,安徽皖通高速公路,工业,交通运输,工业--交通运输--交通基础设施--公路与铁路,地方国有企业,19965469000,4029476000,1445457000,226521000,21345566000,0.078329054,23.71727007,0.003787185,0.168489905,0.222304805,0.084515671,0.0617418,0.399972873,1.603312256,0.00334763,33.6231
H,0998.HK,中信银行,金融,银行,金融--银行--商业银行--多元化银行,中央国有企业,8.04288E+12,,62103000000,1.62962E+11,8.54754E+12,0.026330958,29.71580884,,,,,0.004250217,0.920100054,,0.000557138,
H,1000.HK,北青传媒,通讯服务,传媒,通讯服务--传媒--媒体--广告,地方国有企业,727560000,187552000,-23500000,5000,705109000,-0.033321089,20.40520703,0.017517323,0.954858381,0.254651879,0.354010666,0.000641871,0.11270823,4.324393046,0.000988235,-13.6863
H,1021.HK,华沿机器人,工业,机械,工业--机械--机械Ⅲ--工业机械,民营企业,,,-79528000,644000,491419000,-0.160522894,,,0.17114703,,,,,,,
H,1033.HK,中石化油服,能源,石油石化,能源--石油石化--能源设备与服务--石油天然气设备与服务,中央国有企业,64052447000,69533053000,571615000,704304000,71200517000,0.017920081,24.88296807,0.01254375,0.456643498,1.111251868,-0.363267136,0.386659717,0.892876583,0.5771033,0.052155416,2.1442
H,1053.HK,重庆钢铁股份,材料,钢铁Ⅱ,材料--钢铁Ⅱ--钢铁Ⅲ--钢铁Ⅳ,中央国有企业,42995956000,39849418000,-1019409354,297357722.6,39364800403,-0.018342571,24.4843719,0.137234514,0.394104263,0.96085425,-0.047929135,0.606243783,0.47959736,0.866283648,0.113762443,62.7175
H,1055.HK,中国南方航空股份,工业,交通运输,工业--交通运输--航空客运Ⅲ--航空客运Ⅳ,中央国有企业,3.23211E+11,95279000000,-32699000000,6006000000,3.12246E+11,-0.085487084,26.5015712,0.089549905,0.168489905,0.293349384,-0.2262423,0.380658455,0.738536127,0.341165871,0.053021091,9.4821
H,1057.HK,浙江世宝,可选消费,汽车与零配件,可选消费--汽车与零配件--汽车零配件--汽车零配件与设备,民营企业,2075458857,1177915846,15823592.47,5346190.55,2389483168,0.008859566,21.4534481,0.001692845,0.2124545,0.581442031,0.210356119,0.332265957,0.347212224,1.657446678,0.03761234,6.8766
H,1065.HK,天津创业环保股份,公用事业,公用事业Ⅱ,公用事业--公用事业Ⅱ--水务Ⅲ--水务Ⅳ,地方国有企业,21065292000,4535579000,751254000,403067000,22969674000,0.050254131,23.77089259,0.007336178,0.187487726,0.227528309,0.077205339,0.047610686,0.615288029,1.506530205,0.039812835,34.832
H,1066.HK,威高股份,医疗保健,医疗设备与服务,医疗保健--医疗设备与服务--医疗保健设备与用品--医疗保健用品,民营企业,30367058000,13151719000,2723309000,191401000,33195926000,0.087803244,24.13662424,0.023718149,0.88373741,0.455772845,0.362246847,0.188085326,0.311508873,3.151461918,0.036779394,13.159
H,1071.HK,华电国际电力股份,公用事业,公用事业Ⅱ,公用事业--公用事业Ⅱ--电力--电力公用事业,中央国有企业,2.22386E+11,1.00984E+11,-30791000,4090816000,2.26802E+11,0.017901154,26.12768062,0.16333819,0.187487726,0.4399417,-0.162191446,0.636210561,0.657044275,0.450692943,0.057896499,12.9794
H,1072.HK,东方电气,工业,电气设备,工业--电气设备--电气设备Ⅲ--重型电气设备,中央国有企业,1.03105E+11,46755975362,2854650575,182271979.4,1.15265E+11,0.026347295,25.35900958,0.094551478,0.169895245,0.46546583,0.115208513,0.05076816,0.656815638,1.204886628,0.006960057,29.0214
H,1075.HK,首都信息,信息技术,软件服务,信息技术--软件服务--信息技术服务--互联网服务与基础架构,地方国有企业,2378501522,1426774386,128492464.5,2365032.94,2540643383,0.051505653,21.58973651,0.018549833,0.732863764,0.584548913,0.298149146,0.033315603,0.50020928,1.612113218,0.032201928,1.1491
H,1081.HK,大金重工,工业,电气设备,工业--电气设备--电气设备Ⅲ--重型电气设备,民营企业,6650087927,4406078143,450277000,24878000,11259101000,0.04220186,22.61789591,0.008910117,0.169895245,0.779146144,0.339189227,0.157606004,0.549033093,1.742877924,0.033052857,33.1737
H,1088.HK,中国神华,能源,煤炭Ⅱ,能源--煤炭Ⅱ--煤炭Ⅲ--煤炭与消费用燃料,中央国有企业,6.10597E+11,3.35216E+11,72903000000,3234000000,6.25178E+11,0.121784516,27.137703,0.491261755,0.381523529,0.57130927,0.190898416,0.474710816,0.26429216,2.270458212,0.039081424,43.7073
H,1099.HK,国药控股,医疗保健,医疗设备与服务,医疗保健--医疗设备与服务--医疗保健提供商与服务--保健护理产品经销商,中央国有企业,3.35412E+11,5.21051E+11,8525655000,3520326000,3.64775E+11,0.033023032,26.53862642,0.939677237,0.88373741,1.611542624,0.21351509,0.037041996,0.702891251,1.326554735,0.006724983,14.1618
H,1108.HK,凯盛新能,工业,电气设备,工业--电气设备--电气设备Ⅲ--光伏设备,中央国有企业,9267756778,3605601993,409038651.7,87180142.81,10565902910,0.046964164,22.9498072,0.007291367,0.169895245,0.484873771,-0.059946107,0.55815849,0.530337605,0.850822798,0.18223177,6.6397
H,1122.HK,庆铃汽车股份,可选消费,汽车与零配件,可选消费--汽车与零配件--汽车--汽车制造,地方国有企业,10905911000,4828237000,-14575000,4717000,10349176000,-0.00095254,23.11257077,0.006938915,0.2124545,0.441494273,0.283130038,0.096054149,0.26028903,2.091241067,0.012708429,-5.1196
H,1133.HK,哈尔滨电气,工业,电气设备,工业--电气设备--电气设备Ⅲ--重型电气设备,中央国有企业,60610193221,21569761575,98638427.66,258816601.3,63283530532,0.005648469,24.82772892,0.043619084,0.169895245,0.363827239,0.116301721,0.101678232,0.798801401,1.158576869,0.006202676,-10.1249
H,1138.HK,中远海能,工业,交通运输,工业--交通运输--海上运输Ⅲ--海上运输Ⅳ,中央国有企业,59388937000,12644700000,1461118000,993999000,68250082000,0.035972367,24.8073738,0.011884378,0.168489905,0.20175224,-0.115369871,0.728866944,0.496164025,0.486296004,0.049270254,-22.2735
H,1157.HK,中联重科,工业,机械,工业--机械--机械Ⅲ--建筑机械与重型卡车,公众企业,1.21982E+11,67131000000,2347000000,937000000,1.23517E+11,0.026587433,25.52713933,0.074869797,0.17114703,0.563593242,0.188872129,0.079847846,0.522388549,1.463794665,0.014108639,3.1056
H,1171.HK,兖矿能源,能源,煤炭Ⅱ,能源--煤炭Ⅱ--煤炭Ⅲ--煤炭与消费用燃料,地方国有企业,3.01959E+11,1.08616E+11,30407538000,5983260000,3.08604E+11,0.117920884,26.43355711,0.159177108,0.381523529,0.377814407,-0.024272447,0.283932375,0.642479663,0.923876494,0.059214617,57.1338
H,1186.HK,中国铁建,工业,建筑,工业--建筑--建筑与工程Ⅲ--建筑与工程Ⅳ,中央国有企业,1.35297E+12,1.02001E+12,26642094000,6143183000,1.52395E+12,0.02151334,27.9333233,0.274330367,0.218192106,0.785903995,0.056408052,0.052064362,0.743901938,1.091719883,0.024298731,12.049
H,1187.HK,可孚医疗,医疗保健,医疗设备与服务,医疗保健--医疗设备与服务--医疗保健设备与用品--医疗保健设备,民营企业,5807122187,2256673687,301683000,10850000,6410838000,0.048750725,22.48235096,0.004069744,0.88373741,0.593729561,0.660616592,0.124431272,0.144989982,6.62024222,0.088381253,-4.1766
H,1202.HK,四威科技,信息技术,硬件设备,信息技术--硬件设备--通信设备Ⅲ--通信设备Ⅳ,中央国有企业,1004554108,300424372.3,-2224261.22,73722.8,1017995408,-0.002112523,20.72780961,0.00037551,0.410768763,0.291032171,0.640916341,0.137466625,0.164997261,10.18708299,0.000935327,25.4991
H,1211.HK,比亚迪股份,可选消费,汽车与零配件,可选消费--汽车与零配件--汽车--汽车制造,民营企业,2.9578E+11,2.113E+11,16622448000,1316350000,4.93861E+11,0.036323603,26.41288227,0.303670288,0.2124545,0.850648128,-0.017559512,0.255409732,0.647561846,0.969681054,0.053869288,37.6823
H,1216.HK,中原银行,金融,银行,金融--银行--商业银行--区域性银行,公众企业,7.68233E+11,,3650171000,22337759000,1.32674E+12,0.019587861,27.36735936,,,,,0.005524746,0.918801192,,0.000810394,
H,1236.HK,乐动机器人,信息技术,硬件设备,信息技术--硬件设备--电子设备、仪器和元件--电子制造服务,民营企业,,,-73132000,661000,607862000,-0.119222784,,,0.410768763,,,,,,,
H,1265.HK,天津津燃公用,公用事业,公用事业Ⅱ,公用事业--公用事业Ⅱ--燃气Ⅲ--燃气Ⅳ,地方国有企业,2345374239,1579769605,-68345251.96,,2503305612,,21.57571082,0.002555235,0.187487726,0.657719561,0.340669621,0.36719827,0.294927724,2.353660785,0.045507799,17.4868
H,1272.HK,大唐环境,工业,环保Ⅱ,工业--环保Ⅱ--环保Ⅲ--环境与设施服务,中央国有企业,18428386000,5288416000,272425000,199335000,18348257000,0.025711434,23.63715803,0.346458287,0.301565589,0.273945587,0.059284736,0.37051579,0.633414668,1.115266835,0.021899151,-22.4694
H,1274.HK,知行科技,信息技术,软件服务,信息技术--软件服务--信息技术服务--互联网服务与基础架构,民营企业,516504000,178258000,-342376000,280169000,1251401000,-0.049709885,20.06259359,0.002317575,0.732863764,0.57159348,0.56072557,0.028547698,2.080986788,2.849193579,0.078651859,274.0594
H,1276.HK,恒瑞医药,医疗保健,医药生物,医疗保健--医药生物--制药--西药,民营企业,39266221700,25703721005,3906374000,6491000,42370875000,0.092347987,24.39363049,0.058045041,0.277693145,0.694734484,0.682169443,0.155907342,0.094086307,8.874749673,0.042393568,-6.4559
H,1288.HK,农业银行,金融,银行,金融--银行--商业银行--多元化银行,中央国有企业,2.90692E+13,,2.5914E+11,5.18581E+11,3.39275E+13,0.022923005,31.00069876,,,,,0.005273597,0.916703496,,0.000895554,
H,1289.HK,盛力达科技,工业,机械,工业--机械--机械Ⅲ--工业机械,民营企业,732955000,167045000,22604000,,945732000,,20.41259487,0.000186302,0.17114703,0.225605391,0.665416021,0.100060713,0.137721961,5.831589792,0.002390324,37.3499
H,1292.HK,长安民生物流,工业,交通运输,工业--交通运输--航空运输--航空货运与物流,国有企业,4176276000,6020899000,38482000,5800000,4916259000,0.009007255,22.15268578,0.005658864,0.168489905,1.404962745,0.227080059,0.145655603,0.498099982,1.481675635,0.014874017,28.4964
H,1304.HK,峰岹科技,信息技术,半导体,信息技术--半导体--半导体产品--集成电路,民营企业,521774327.7,327401184,142001000,275000,2372931000,0.059957917,20.07274573,0.007798759,0.3795219,0.771781595,0.781822074,0.008768009,0.19227283,5.149978402,0.018465593,40.9417
H,1318.HK,毛戈平,日常消费,家庭用品,日常消费--家庭用品--美容护理Ⅲ--美容护理Ⅳ,民营企业,1130944000,1577347000,352082000,3115000,1555910000,0.228288911,20.84631852,0.289498278,0.527103954,,0.536053951,0.110902043,0.308169989,3.09190631,0.036736567,
H,1330.HK,绿色动力环保,工业,环保Ⅱ,工业--环保Ⅱ--环保Ⅲ--环境与设施服务,地方国有企业,20214466019,5056889426,744767290.3,495623895.4,22677440153,0.054697143,23.72966432,0.331290361,0.301565589,0.268551103,-0.026791722,0.016470507,0.657790539,0.856192552,0.078692572,122.0253
H,1333.HK,博雷顿,工业,电气设备,工业--电气设备--电气设备Ⅲ--电气部件与设备,民营企业,486682422,200573538,-178100753,13732638,927817356,-0.17715568,20.00312236,0.000405606,0.169895245,,0.26115154,0.017994733,1.787430447,1.431465419,0.012729293,
H,1336.HK,新华保险,金融,非银金融,金融--非银金融--保险--人寿与健康保险,中央国有企业,1.12772E+12,,9822000000,1171000000,1.25504E+12,0.008759055,27.7512199,,0.465484786,,,0.015935679,0.903775845,,0.002889012,
H,1339.HK,中国人民保险集团,金融,非银金融,金融--非银金融--保险--财产与意外伤害保险,中央国有企业,1.37686E+12,,24477000000,6518000000,1.50914E+12,0.020538146,27.95082448,,0.465484786,,,0.024226917,0.784369038,,0.002654597,
H,1349.HK,复旦张江,医疗保健,医药生物,医疗保健--医药生物--制药--西药,公众企业,2781172268,1140313088,137997098,1538255,2976007272,0.046886765,21.74613835,0.002575095,0.277693145,0.431783582,0.50329494,0.097724149,0.212709693,3.650058556,0.043188972,36.7605
H,1354.HK,经发物业,房地产,房地产Ⅱ,房地产--房地产Ⅱ--房地产管理和开发--房地产经营公司,地方国有企业,474058000,593660000,37501000,745000,539084000,0.070946272,19.97684024,0.000976274,0.573906114,1.226448617,0.107147227,0.116009012,0.788006953,1.147381493,0.045348881,24.4474
H,1359.HK,中国信达,金融,非银金融,金融--非银金融--资本市场--资产管理与托管银行,中央国有企业,1.56428E+12,,6313402000,,1.61599E+12,,28.07844631,,0.465484786,,,0.00994141,0.871010578,,0.000541706,
H,1375.HK,中州证券,金融,非银金融,金融--非银金融--资本市场--投资银行业与经纪业,地方国有企业,53748323525,,106577985.9,723328184.4,50182639547,0.016537715,24.70757831,,0.465484786,,,0.004592567,0.736846119,,0.00410498,
H,1379.HK,温岭工量刃具,房地产,房地产Ⅱ,房地产--房地产Ⅱ--房地产管理和开发--房地产经营公司,地方国有企业,1239111000,57205000,57509000,8000,1169938000,0.049162434,20.93766002,9.40737E-05,0.573906114,0.048200679,-0.009016141,0.005387734,0.385026846,0.950359022,0.016222114,22.382
H,1384.HK,滴普科技,信息技术,软件服务,信息技术--软件服务--信息技术服务--信息科技咨询与其它服务,民营企业,,,-655226000,1035000,661468000,-0.988998712,,,0.732863764,,,,,,,
H,1385.HK,上海复旦,信息技术,半导体,信息技术--半导体--半导体产品--集成电路,公众企业,4165014183,2577262347,1076843341,4354699.62,6110888054,0.176929774,22.14998552,0.061390885,0.3795219,0.753238025,0.559065143,0.1494751,0.19162279,4.265118218,0.135533009,52.4198
H,1398.HK,工商银行,金融,银行,金融--银行--商业银行--多元化银行,中央国有企业,3.51714E+13,,3.60483E+11,5.86689E+11,3.96097E+13,0.023912653,31.19125388,,,,,0.008253756,0.90687719,,0.000784274,
H,1456.HK,国联民生,金融,非银金融,金融--非银金融--资本市场--投资银行业与经纪业,地方国有企业,65939239000,,767285000,1087854000,74381997000,0.024940699,24.91199953,,0.465484786,,,0.001453505,0.751573278,,0.00161852,
H,1459.HK,巨匠建设,工业,建筑,工业--建筑--建筑与工程Ⅲ--建筑与工程Ⅳ,民营企业,6162696000,10047929000,54865000,38264000,6496196000,0.014335928,22.54178018,0.002702377,0.218192106,1.681831348,0.210223577,0.02833273,0.739079779,1.295601314,0.00756909,25.4782
H,1461.HK,中泰期货,金融,非银金融,金融--非银金融--资本市场--投资银行业与经纪业,地方国有企业,20500658000,,166059657.4,,28859079352,,23.74372282,,0.465484786,,,0.002014423,0.881974715,,0.000855582,
H,1471.HK,众淼控股,金融,非银金融,金融--非银金融--保险--保险经纪商,集体企业,284834000,119974000,37776000,53000,327100000,0.115649648,19.46741711,0.006140317,0.465484786,0.577845422,0.868976316,0.00133411,0.098850559,9.842312089,0.000614393,28.6543
H,1476.HK,金融街证券,金融,非银金融,金融--非银金融--资本市场--投资银行业与经纪业,地方国有企业,37243056000,,-1286372000,468558000,31021248000,-0.026363027,24.34073135,,0.465484786,,,0.011338087,0.738913477,,0.004196031,
H,1497.HK,燕之屋,日常消费,日常消费零售,日常消费--日常消费零售--日常消费品经销与零售--食品零售,民营企业,796726000,1506997000,191840000,1636000,978354000,0.19775664,20.49602139,0.025422933,0.250800466,2.083646042,0.227583887,0.115389732,0.55676481,1.427387173,0.03113492,15.8198
H,1501.HK,瑛泰医疗,医疗保健,医疗设备与服务,医疗保健--医疗设备与服务--医疗保健设备与用品--医疗保健设备,公众企业,1621545000,464675000,131713000,818000,1827334000,0.072526971,21.20664524,0.000838007,0.88373741,0.305282553,0.434903133,0.282541033,0.113240767,5.602600166,0.186926049,29.6425
H,1502.HK,金融街物业,房地产,房地产Ⅱ,房地产--房地产Ⅱ--房地产管理和开发--房地产经营公司,地方国有企业,1879565000,1320480000,121051000,3597000,2001344000,0.062282146,21.3543062,0.00217153,0.573906114,0.732710164,0.573911517,0.01596646,0.380601363,2.600707532,0.012127274,11.8526
H,1508.HK,中国再保险,金融,非银金融,金融--非银金融--保险--再保险,中央国有企业,5.00439E+11,,1871319000,2937840000,5.20695E+11,0.00923604,26.9387511,,0.465484786,,,0.008047694,0.795005906,,0.000884618,
H,1511.HK,驭势科技,信息技术,软件服务,信息技术--软件服务--信息技术服务--信息科技咨询与其它服务,公众企业,,,-249717000,1926000,647638000,-0.382607259,,,0.732863764,,,,,,,
H,1513.HK,丽珠医药,医疗保健,医药生物,医疗保健--医药生物--制药--西药,民营企业,22371915591,12063863273,1909391665,97545933.93,24864825366,0.080713923,23.83107224,0.027243037,0.277693145,0.561596662,0.346328346,0.188821724,0.360312945,2.118837888,0.058515402,14.671
H,1527.HK,天洁环境,工业,环保Ⅱ,工业--环保Ⅱ--环保Ⅲ--环境与设施服务,民营企业,1588341000,763165000,53605000,7668000,1535726000,0.039898393,21.18595591,0.049996982,0.301565589,0.494131914,0.287213514,0.05109734,0.508533747,1.564787521,0.012455134,25.7112
H,1528.HK,红星美凯龙,工业,企业服务,工业--企业服务--商业服务与用品--综合支持服务,地方国有企业,1.35188E+11,15512792216,678566000,2503313000,1.29482E+11,0.024573823,25.62992885,0.678876801,0.521438326,0.116315935,-0.121894727,0.020297085,0.574434025,0.487150345,0.017665665,8.9652
H,1541.HK,宜明昂科-B,医疗保健,医药生物,医疗保健--医药生物--生物科技Ⅲ--生物科技Ⅳ,民营企业,892835000,5067000,-402894000,787000,839978000,-0.478711347,20.60991235,1.14425E-05,0.277693145,0.00882101,-1.986630228,0.058270565,2.790296079,0.284159008,0.121898223,325.4408
H,1542.HK,台州水务,公用事业,公用事业Ⅱ,公用事业--公用事业Ⅱ--水务Ⅲ--水务Ⅳ,地方国有企业,4855907000,520279000,55925000,48733000,5737648000,0.018240575,22.30346174,0.000841537,0.187487726,0.124484102,-0.129856894,0.737754862,0.767217947,0.348358115,0.159201154,7.541
H,1543.HK,中盈盛达融资担保,金融,非银金融,金融--非银金融--金融服务--特殊金融服务,公众企业,3445065000,,42582000,24555000,3671138000,0.01828779,21.96020861,,0.465484786,,,0.00605678,0.312411812,,0.00136369,
H,1551.HK,广州农商银行,金融,银行,金融--银行--商业银行--区域性银行,公众企业,1.16163E+12,,3492159000,25236383000,1.23345E+12,0.023291125,27.78084412,,,,,0.00236814,0.925203921,,0.000388171,
H,1576.HK,齐鲁高速,工业,交通运输,工业--交通运输--交通基础设施--公路与铁路,地方国有企业,6632886000,1995309000,781691000,95739000,10412562000,0.084266485,22.61530584,0.001875332,0.168489905,0.299125856,-0.010874452,0.046590579,0.488570435,0.919881503,0.020390822,18.098
H,1577.HK,汇鑫小贷,金融,非银金融,金融--非银金融--消费信贷Ⅲ--消费信贷Ⅳ,民营企业,1368685874,,60700176,2904204,1325953714,0.047968778,21.0371169,,0.465484786,,,0.008214669,0.117734485,,0.003327541,
H,1578.HK,天津银行,金融,银行,金融--银行--商业银行--区域性银行,公众企业,7.19904E+11,,3564965000,18912719000,7.61083E+11,0.02953382,27.30238361,,,,,0.003549176,0.920071505,,0.000983599,
H,1588.HK,畅捷通,信息技术,软件服务,信息技术--软件服务--软件--应用软件,民营企业,1624344000,590324000,-212095000,666000,1518777000,-0.139210035,21.20836988,0.007674943,0.732863764,0.365032169,0.544072561,0.004665268,0.431531129,2.567585833,0.00593655,15.882
H,1596.HK,翼辰实业,工业,机械,工业--机械--机械Ⅲ--工业机械,民营企业,3221981327,1363645231,161032059.3,21118456.52,3595427878,0.050661708,21.89326233,0.001520845,0.17114703,0.445635019,0.400359978,0.22739289,0.267257758,3.029394759,0.049850254,19.4025
H,1599.HK,城建设计,工业,建筑,工业--建筑--建筑与工程Ⅲ--建筑与工程Ⅳ,地方国有企业,24227932000,9501471000,972251000,320405000,23944194000,0.053986198,23.91077202,0.002555408,0.218192106,0.419607307,0.057933298,0.03423371,0.737816624,1.111872619,0.011521949,0.5068
H,1601.HK,中关村科技租赁,金融,非银金融,金融--非银金融--消费信贷Ⅲ--消费信贷Ⅳ,地方国有企业,9428623000,656943000,226104000,272493000,10914895000,0.045680421,22.9670159,0.033622604,0.465484786,0.074679443,0.154886774,0.004482627,0.782144116,1.370916285,0.000590436,11.8077
H,1606.HK,国银金租,金融,非银金融,金融--非银金融--金融服务--特殊金融服务,中央国有企业,3.41838E+11,,3351073000,8206689000,3.54717E+11,0.032583028,26.55760169,,0.465484786,,,0.271560861,0.911926741,,0.071818758,
H,1609.HK,天星医疗,医疗保健,医疗设备与服务,医疗保健--医疗设备与服务--医疗保健设备与用品--医疗保健用品,民营企业,,,40342000,553000,346923000,0.117879184,,,0.88373741,,,,,,,
H,1618.HK,中国中冶,工业,建筑,工业--建筑--建筑与工程Ⅲ--建筑与工程Ⅳ,中央国有企业,5.4347E+11,5.00572E+11,10272357000,2670175000,5.85384E+11,0.022109459,27.02124061,0.134628072,0.218192106,0.953594125,0.098305267,0.054275288,0.721442365,1.148864632,0.006534642,25.1071
H,1635.HK,大众公用,公用事业,公用事业Ⅱ,公用事业--公用事业Ⅱ--燃气Ⅲ--燃气Ⅳ,其他企业,23674116000,5587531000,-332591000,326499000,23245923000,-0.000262067,23.88764814,0.009037682,0.187487726,0.23808477,0.037502773,0.221767225,0.579286002,1.109072953,0.023446324,12.8222
H,1641.HK,红星冷链,工业,企业服务,工业--企业服务--商业服务与用品--综合支持服务,其他企业,,,79112000,3023000,934607000,0.087881858,,,0.521438326,,,,,,,
H,1658.HK,邮储银行,金融,银行,金融--银行--商业银行--多元化银行,中央国有企业,1.25879E+13,,85224000000,2.00647E+11,1.40673E+13,0.020321694,30.16375501,,,,,0.004342989,0.936800363,,0.001100504,
H,1666.HK,同仁堂科技,医疗保健,医药生物,医疗保健--医药生物--制药--中药,地方国有企业,11593866000,5400487000,582888000,53798000,12484768000,0.050997023,23.173742,0.012195568,0.277693145,0.479304861,0.489238016,0.225527102,0.29631738,3.307510181,0.013519822,17.2141
H,1671.HK,天保能源,公用事业,公用事业Ⅱ,公用事业--公用事业Ⅱ--电力--电力公用事业,地方国有企业,873552000,617368000,7885000,12315000,1064408000,0.018977685,20.58807822,0.000998576,0.187487726,0.733274936,-0.045411149,0.591352318,0.528107085,0.875436079,0.00453665,28.0655
H,1697.HK,山东国信,金融,非银金融,金融--非银金融--资本市场--资产管理与托管银行,地方国有企业,19062547000,,280429000,139362000,14458132000,0.02903494,23.67099136,,0.465484786,,,0.006396469,0.441248958,,0.001129125,
H,1708.HK,三宝科技,信息技术,硬件设备,信息技术--硬件设备--电子设备、仪器和元件--电子设备和仪器,民营企业,3551256968,914013755.6,-273526467.2,42758466.41,2998295005,-0.076966409,21.99056745,0.001142454,0.410768763,0.236470449,0.366878124,0.058800091,0.471325429,1.838749998,0.004747345,-3.3769
H,1713.HK,四川能投发展,公用事业,公用事业Ⅱ,公用事业--公用事业Ⅱ--电力--电力公用事业,地方国有企业,4631453207,3171673616,301441634.7,10386241.73,5148010911,0.060572497,22.25613652,0.005130097,0.187487726,0.695308387,-0.056777515,0.626194221,0.353140516,0.816466168,0.069974493,4.8382
H,1727.HK,河北建设,工业,建筑,工业--建筑--建筑与工程Ⅲ--建筑与工程Ⅳ,民营企业,66947253000,47828266000,326725000,343031000,67631850000,0.009902967,24.92717088,0.012863348,0.218192106,0.737287615,0.022350163,0.016705704,0.912280314,1.0252193,0.003795779,19.1242
H,1749.HK,杉杉品牌,可选消费,纺织服装Ⅱ,可选消费--纺织服装Ⅱ--纺织服装Ⅲ--服装、服饰与奢侈品,公众企业,825429526,993032379,16006327,7795763,758577169,0.031377282,20.53141445,0.051913394,0.784947506,1.158701828,0.149367989,0.043030193,0.743770717,1.208179776,0.039112841,11.8944
H,1763.HK,中国同辐,医疗保健,医疗设备与服务,医疗保健--医疗设备与服务--医疗保健设备与用品--医疗保健用品,中央国有企业,10473968000,5143694000,391605000,34399000,11685540000,0.036455654,23.07215878,0.00927627,0.88373741,0.5232846,0.256361199,0.217306182,0.424154437,1.676069363,0.040836768,20.3433
H,1766.HK,中国中车,工业,机械,工业--机械--机械Ⅲ--建筑机械与重型卡车,中央国有企业,4.26826E+11,2.25732E+11,11653448000,1147726000,4.4214E+11,0.028952752,26.77964344,0.251753895,0.17114703,0.551098298,0.15070834,0.152206293,0.572914272,1.298419986,0.013838832,-0.8453
H,1768.HK,鸣鸣很忙,可选消费,可选消费零售,可选消费--可选消费零售--多品类零售Ⅲ--多品类零售Ⅳ,民营企业,,,71651000,2159000,933014000,0.07910921,,,0.532595589,,,,,,,
H,1772.HK,赣锋锂业,材料,有色金属,材料--有色金属--其他金属与采矿--金属非金属,民营企业,39056651000,11043007000,20503915000,407329000,79159910000,0.264164575,24.38827902,0.009209911,0.243645828,0.361609198,0.164315983,0.227946861,0.330032163,1.781769808,0.087395204,101.1981
H,1776.HK,广发证券,金融,非银金融,金融--非银金融--资本市场--投资银行业与经纪业,公众企业,5.35855E+11,,7929282000,8754030000,6.17256E+11,0.027028177,27.00713004,,0.465484786,,,0.005749186,0.793225264,,0.001252105,
H,1779.HK,天辰生物-B,医疗保健,医药生物,医疗保健--医药生物--生物科技Ⅲ--生物科技Ⅳ,民营企业,,,,,,,,,0.277693145,,,,,,,
H,1785.HK,成都高速,工业,交通运输,工业--交通运输--交通基础设施--公路与铁路,地方国有企业,9157738358,2702370887,506727585,123693974,9127126495,0.069071198,22.93786508,0.002539878,0.168489905,0.296554127,0.084018154,0.040997993,0.497536173,1.544495969,0.007365328,32.5763
H,1786.HK,铁建装备,工业,机械,工业--机械--机械Ⅲ--建筑机械与重型卡车,中央国有企业,8273340444,2185945979,115635117.6,,8577712308,,22.83630419,0.00243794,0.17114703,0.280287261,0.431139693,0.153193219,0.289099759,2.519203495,0.016443373,40.2998
H,1787.HK,山东黄金,材料,有色金属,材料--有色金属--贵金属--黄金,地方国有企业,79036550000,33932646000,1191359000,1009931000,91216092000,0.024132694,25.09317624,0.02829996,0.243645828,0.472934661,-0.262458167,0.399789604,0.595619002,0.407525779,0.065528784,-46.7218
H,1798.HK,大唐新能源,公用事业,公用事业Ⅱ,公用事业--公用事业Ⅱ--电力--新能源发电业者,中央国有企业,99096579000,11625086000,3485167000,1915146000,97548274000,0.055360416,25.31936076,0.018803265,0.187487726,0.123013316,-0.009502831,0.70914998,0.685762038,0.957845203,0.082867593,24.0402
H,1799.HK,新特能源,工业,电气设备,工业--电气设备--电气设备Ⅲ--光伏设备,民营企业,58198873145,22523039943,13395473299,786816577.3,79261044062,0.178931404,24.78713183,0.045546835,0.169895245,0.434021132,0.079212112,0.511793705,0.598125559,1.239132238,0.144518364,58.8111
H,1800.HK,中国交通建设,工业,建筑,工业--建筑--建筑与工程Ⅲ--建筑与工程Ⅳ,中央国有企业,1.39084E+12,6.82599E+11,20065000000,20348000000,1.51135E+12,0.02673967,27.96092684,0.183584084,0.218192106,0.506565848,-0.022871839,0.044015222,0.718619795,0.946906982,0.026560985,9.3042
H,1812.HK,晨鸣纸业,材料,造纸与包装,材料--造纸与包装--纸与林业产品--纸制品,地方国有企业,82841454602,33019812294,189290120.8,2081067896,84301017410,0.026931561,25.14019443,0.973760572,0.948561161,0.378630854,-0.213232149,0.432769347,0.727831564,0.650450613,0.007636355,7.4286
H,1816.HK,中广核电力,公用事业,公用事业Ⅱ,公用事业--公用事业Ⅱ--电力--独立电力生产商与能源贸易商,中央国有企业,3.99993E+11,80678744758,9964854412,6465851165,4.09016E+11,0.040171345,26.7147129,0.130495708,0.187487726,0.203762149,-0.023385318,0.743371583,0.622717326,0.879022892,0.036102671,14.3006
H,1818.HK,招金矿业,材料,有色金属,材料--有色金属--贵金属--黄金,地方国有企业,43022606000,6859446000,401952000,533191000,45887495000,0.020379038,24.48499154,0.005720805,0.243645828,0.165862934,-0.09641673,0.359306942,0.541430057,0.737014231,0.055426791,-10.3175
H,1835.HK,瑞威资管,金融,非银金融,金融--非银金融--资本市场--资产管理与托管银行,民营企业,391556000,,-34493000,506000,362385000,-0.093786994,19.7856391,,0.465484786,,,0.00210187,0.064338179,,0.001330589,
H,1847.HK,云南建投混凝土,材料,建材Ⅱ,材料--建材Ⅱ--建材Ⅲ--建材Ⅳ,地方国有企业,4761532000,2102526000,27173000,15015000,4830837000,0.008733062,22.2838353,0.003494048,0.329903347,0.449177359,0.231592689,0.031535649,0.717014188,1.326080278,0.004741751,-47.4897
H,1853.HK,春城热力,公用事业,公用事业Ⅱ,公用事业--公用事业Ⅱ--复合型公用事业Ⅲ--复合型公用事业Ⅳ,地方国有企业,2894441069,1649598271,114667977.5,9941875.67,3038974957,0.041003909,21.78605786,0.002668181,0.187487726,0.538661177,-0.082034184,0.36628711,0.675141998,0.869641915,0.026998168,-13.0412
H,1858.HK,春立医疗,医疗保健,医疗设备与服务,医疗保健--医疗设备与服务--医疗保健设备与用品--医疗保健设备,民营企业,2999657361,1108139521,307719145.7,,3409766691,,21.82176391,0.001998447,0.88373741,0.488204564,0.669458125,0.130997904,0.176880194,5.567922459,0.066477319,18.1781
H,1877.HK,君实生物,医疗保健,医药生物,医疗保健--医药生物--制药--西药,民营企业,11050720000,4024841000,-2386067000,29370000,12576286000,-0.187392128,23.12576142,0.009089037,0.277693145,0.422298692,0.345235786,0.246844459,0.246005509,2.891816814,0.080196403,152.3574
H,1879.HK,曦智科技-P,信息技术,硬件设备,信息技术--硬件设备--电子设备、仪器和元件--电子元件,公众企业,,,,,,,,,0.410768763,,,,,,,
H,1880.HK,中国中免,可选消费,可选消费零售,可选消费--可选消费零售--经销商Ⅲ--经销商Ⅳ,中央国有企业,55101329000,67675515000,5113962000,194176000,75618784000,0.070196024,24.73243967,0.712738832,0.532595589,1.340571838,0.388476311,0.100419465,0.375350874,2.249147766,0.039106988,31.3742
H,1898.HK,中煤能源,能源,煤炭Ⅱ,能源--煤炭Ⅱ--煤炭Ⅲ--煤炭与消费用燃料,中央国有企业,3.21329E+11,2.31127E+11,19719469000,3856932000,3.39616E+11,0.069420696,26.49573143,0.338718927,0.381523529,0.766714926,0.053652331,0.400720788,0.557575067,1.196478782,0.032450595,63.9611
H,1905.HK,海通恒信,金融,非银金融,金融--非银金融--金融服务--特殊金融服务,地方国有企业,1.14741E+11,8177605000,1531456000,3541869000,1.24514E+11,0.0407451,25.46594595,0.418533072,0.465484786,0.073380321,0.037518528,0.047613288,0.846440284,1.074787177,0.00570139,3.3175
H,1915.HK,泰和小贷,金融,非银金融,金融--非银金融--消费信贷Ⅲ--消费信贷Ⅳ,民营企业,904476398,,-9621937,108023,897808664,-0.010596817,20.62286677,,0.465484786,,,0.00332017,0.018519611,,0.000951873,
H,1916.HK,江西银行,金融,银行,金融--银行--商业银行--区域性银行,公众企业,5.0856E+11,,1549551000,11366399000,5.15573E+11,0.025051659,26.95484866,,,,,0.004625096,0.918134632,,0.000765106,
H,1919.HK,中远海控,工业,交通运输,工业--交通运输--海上运输Ⅲ--海上运输Ⅳ,中央国有企业,4.13668E+11,3.33694E+11,1.09684E+11,3680840000,5.1178E+11,0.221511332,26.74832975,0.313628724,0.168489905,0.97344357,0.196168556,0.257317874,0.567623053,1.668671798,0.023085939,94.8475
H,1958.HK,北京汽车,可选消费,汽车与零配件,可选消费--汽车与零配件--汽车--汽车制造,地方国有企业,1.80844E+11,1.75916E+11,4196597000,658459000,1.73375E+11,0.028003136,25.9209027,0.252817739,0.2124545,0.939350588,-0.029540697,0.279649828,0.585903216,0.941918031,0.046700285,-0.5974
H,1963.HK,重庆银行,金融,银行,金融--银行--商业银行--区域性银行,地方国有企业,6.18954E+11,,4867857000,16725725000,6.84713E+11,0.031536711,27.15129618,,,,,0.005275878,0.920435565,,0.00056492,
H,1973.HK,天图投资,金融,非银金融,金融--非银金融--资本市场--资产管理与托管银行,民营企业,17339091000,34823000,559285000,118674000,17552960000,0.038623628,23.57622938,0.001782255,0.465484786,0.002104427,-0.029158853,0.012286573,0.618670148,0.808714589,0.007286945,-98.5968
H,1983.HK,泸州银行,金融,银行,金融--银行--商业银行--区域性银行,地方国有企业,1.3451E+11,,807529000,4236963000,1.4863E+11,0.033939971,25.62490533,,,,,0.006319836,0.927870435,,0.001797292,
H,1988.HK,民生银行,金融,银行,金融--银行--商业银行--多元化银行,公众企业,6.95279E+12,,35269000000,1.55474E+11,7.25567E+12,0.026288809,29.57016356,,,,,0.007689867,0.915639716,,0.001361325,
H,1989.HK,广合科技,信息技术,硬件设备,信息技术--硬件设备--电子设备、仪器和元件--电子元件,民营企业,3081417605,2065175217,279651000,11666000,3244856000,0.089778098,21.84865559,0.002581327,0.410768763,0.829910977,-0.12378951,0.463056615,0.635871727,0.792165406,0.158529324,28.9762
H,2009.HK,金隅集团,材料,建材Ⅱ,材料--建材Ⅱ--建材Ⅲ--建材Ⅳ,地方国有企业,2.86357E+11,1.23634E+11,1212673550,2736355259,2.8152E+11,0.014027522,26.38050446,0.205459876,0.329903347,0.428016204,0.175392843,0.161590035,0.66638193,1.419471668,0.017478333,14.4712
H,2016.HK,浙商银行,金融,银行,金融--银行--商业银行--多元化银行,公众企业,2.28672E+12,,13618000000,54921000000,2.62193E+12,0.026140667,28.4581409,,,,,0.006413107,0.927020894,,0.001116445,
H,2039.HK,中集集团,工业,机械,工业--机械--机械Ⅲ--建筑机械与重型卡车,中央国有企业,1.54323E+11,1.63696E+11,3219226000,1335402000,1.459E+11,0.031217475,25.76231041,0.182566696,0.17114703,1.089367416,0.07798459,0.285552384,0.630772638,1.173355314,0.043306465,73.8504
H,2050.HK,三花智控,工业,机械,工业--机械--机械Ⅲ--工业机械,民营企业,23619966760,15937246276,2573344000,235671000,27961214000,0.100461124,23.88535824,0.017774477,0.17114703,0.784072185,0.34801648,0.236081436,0.523598372,1.984335297,0.082642177,32.4587
H,2068.HK,中铝国际,工业,建筑,工业--建筑--建筑与工程Ⅲ--建筑与工程Ⅳ,中央国有企业,58828035316,23348196308,112506304.8,511290128.9,47391288592,0.013162681,24.79788437,0.006279466,0.218192106,0.411995271,0.131494385,0.044269454,0.71926341,1.260969184,0.079473902,1.3995
H,2097.HK,蜜雪集团,可选消费,消费者服务,可选消费--消费者服务--酒店、餐馆与休闲--餐馆,民营企业,7316383000,10350986000,1996715000,9190000,9945356000,0.201692629,22.71338192,0.662012427,0.503589957,,0.460280442,0.141257914,0.242424843,2.973761237,0.130169921,
H,2120.HK,康宁医院,医疗保健,医疗设备与服务,医疗保健--医疗设备与服务--医疗保健提供商与服务--保健护理设施,民营企业,2377967867,1297430370,-24220782.31,45149998.3,2637787407,0.007934383,21.58951212,0.002339819,0.88373741,0.560818723,0.027181665,0.321973438,0.465472904,1.118604935,0.07507949,31.1845
H,2121.HK,创新奇智,信息技术,软件服务,信息技术--软件服务--软件--应用软件,公众企业,2264907000,861168000,-363042000,8089000,3268447000,-0.108599895,21.54079954,0.01119625,0.732863764,0.470491951,0.757828026,0.034973621,0.20733699,5.70596138,0.022959,86.2694
H,2139.HK,甘肃银行,金融,银行,金融--银行--商业银行--区域性银行,地方国有企业,3.58505E+11,,600710000,8720713000,3.77202E+11,0.024711989,26.60520733,,,,,0.008489096,0.910583042,,0.00089957,
H,2145.HK,上美股份,日常消费,家庭用品,日常消费--家庭用品--美容护理Ⅲ--美容护理Ⅳ,民营企业,2274563000,3618882000,147104000,20474000,3145667000,0.053272645,21.54505378,0.66419127,0.527103954,1.608802781,0.098032457,0.279802318,0.580122424,1.20268623,0.028898298,7.0158
H,2146.HK,荣万家,房地产,房地产Ⅱ,房地产--房地产Ⅱ--房地产管理和开发--房地产经营公司,民营企业,3721175390,2484971829,235572449.6,28510.36,3953587965,0.059591683,22.03730542,0.004086538,0.573906114,0.890422707,0.466352348,0.005183018,0.468834513,2.002182986,0.005709514,36.4739
H,2149.HK,贝克微,信息技术,硬件设备,信息技术--硬件设备--电子设备、仪器和元件--电子元件,民营企业,356052000,212711000,95262000,1651000,595528000,0.162734582,19.69058735,0.000265874,0.410768763,0.806175432,0.729090133,0.020665521,0.155817128,6.058142707,0.101718288,139.7554
H,2152.HK,苏新服务,房地产,房地产Ⅱ,房地产--房地产Ⅱ--房地产管理和开发--房地产经营公司,地方国有企业,1315660000,461981000,64763000,11343000,1436246000,0.05298953,20.99760428,0.000759728,0.573906114,0.366625545,0.030764027,0.273486311,0.579278081,1.089894902,0.046372923,5.7721
H,2157.HK,乐普生物,医疗保健,医药生物,医疗保健--医药生物--生物科技Ⅲ--生物科技Ⅳ,民营企业,2082061000,,-689052000,7467000,2529172000,-0.269489382,21.45662411,,0.277693145,,-0.112832909,0.401867669,0.59315169,0.572130034,0.105424865,
H,2163.HK,远大住工,工业,机械,工业--机械--机械Ⅲ--建筑机械与重型卡车,民营企业,9863036000,3058573000,-808110000,122050000,9423406000,-0.072803825,23.01205987,0.003411162,0.17114703,0.321039179,0.033642075,0.231933048,0.569815116,1.088230469,0.063935283,21.8076
H,2170.HK,贝康医疗-B,医疗保健,医药生物,医疗保健--医药生物--生物科技Ⅲ--生物科技Ⅳ,外资企业,1800888000,107299000,-122664000,496000,1779858000,-0.068639184,21.31154571,0.000242306,0.277693145,0.099757994,0.911972871,0.023121927,0.047670372,28.22205463,0.02046768,32.2899
H,2176.HK,赛迪顾问,工业,企业服务,工业--企业服务--商业服务与用品--综合支持服务,中央国有企业,440758000,235759000,30098000,,309591000,,19.90400653,0.010317376,0.521438326,0.561967849,0.553562272,0.033601205,0.335723912,2.667192817,0.001599517,11.2312
H,2179.HK,瑞科生物-B,医疗保健,医药生物,医疗保健--医药生物--生物科技Ⅲ--生物科技Ⅳ,公众企业,1919220000,,-722703000,3534000,2309607000,-0.311381547,21.37518469,,0.277693145,,0.601951835,0.216928752,0.128137473,9.293869757,0.123939413,
H,2185.HK,百心安-B,医疗保健,医疗设备与服务,医疗保健--医疗设备与服务--医疗保健设备与用品--医疗保健设备,外资企业,1114919000,,-204236000,959000,981519000,-0.207104498,20.83204759,,0.88373741,,0.645532097,0.04521315,0.071793556,20.55112463,0.031126925,
H,2190.HK,归创通桥,医疗保健,医疗设备与服务,医疗保健--医疗设备与服务--医疗保健设备与用品--医疗保健设备,外资企业,3248286000,177912000,-113555000,722000,3253696000,-0.034678409,21.90139331,0.000320851,0.88373741,0.094829325,0.901122931,0.054881251,0.031897438,31.14433128,0.027582239,543.8855
H,2196.HK,复星医药,医疗保健,医药生物,医疗保健--医药生物--制药--西药,民营企业,93236902000,38858085000,3736975000,963807000,1.07113E+11,0.043886117,25.25840942,0.087750685,0.277693145,0.439407003,0.011955438,0.137371928,0.481764441,1.038031051,0.053332821,28.8259
H,2202.HK,万科企业,房地产,房地产Ⅱ,房地产--房地产Ⅱ--房地产管理和开发--房地产开发,公众企业,1.93869E+12,4.52798E+11,22617779000,4905644000,1.75716E+12,0.015663553,28.29303504,0.744626184,0.573906114,0.237818095,0.149005809,0.013931713,0.797403291,1.220273182,0.004940395,8.0375
H,2208.HK,金风科技,工业,电气设备,工业--电气设备--电气设备Ⅲ--重型电气设备,公众企业,1.1936E+11,50416079000,2383433000,1333909000,1.36822E+11,0.027169108,25.50541158,0.101953061,0.169895245,0.441281733,-0.016338295,0.309632411,0.694843018,0.960908088,0.088934718,-10.2051
H,2210.HK,京城佳业,房地产,房地产Ⅱ,房地产--房地产Ⅱ--房地产管理和开发--房地产经营公司,地方国有企业,1831140000,1224584000,114200000,2194000,2179456000,0.05340507,21.32820456,0.002013829,0.573906114,0.71752177,0.292537436,0.018369431,0.615427002,1.522213806,0.002334611,12.2901
H,2218.HK,安德利果汁,日常消费,食品饮料,日常消费--食品饮料--食品--食品加工与肉类,民营企业,2464111599,871587320.4,194348828.9,1354041.17,2609813360,0.074987305,21.62509717,0.004552772,0.241400594,0.371800228,0.585032391,0.273448036,0.096806858,7.084579887,0.03031773,3.5115
H,2235.HK,微泰医疗-B,医疗保健,医疗设备与服务,医疗保健--医疗设备与服务--医疗保健设备与用品--医疗保健设备,公众企业,2329139000,151404000,-35043000,147000,2294097000,-0.015211214,21.56876451,0.000273046,0.88373741,0.097478346,0.923485889,0.031421053,0.035411369,27.12313877,0.008037734,101.1292
H,2238.HK,广汽集团,可选消费,汽车与零配件,可选消费--汽车与零配件--汽车--汽车制造,地方国有企业,1.54251E+11,75675765000,7982930000,351026000,1.90075E+11,0.043845671,25.76184432,0.108757645,0.2124545,0.50941025,0.078178567,0.126259291,0.399361872,1.245439908,0.04047274,19.8217
H,2245.HK,力勤资源,材料,有色金属,材料--有色金属--其他金属与采矿--金属非金属,民营企业,12281400000,12449318000,1735238000,254425000,20840394000,0.095471468,23.23135176,0.01038278,0.243645828,1.540581575,0.09342347,0.470228068,0.578740453,1.328178469,0.03122771,60.5292
H,2251.HK,鹰瞳科技-B,医疗保健,医疗设备与服务,医疗保健--医疗设备与服务--医疗保健技术Ⅲ--医疗保健技术Ⅳ,公众企业,1894177000,115181000,-180003000,439000,1739955000,-0.10320037,21.36205028,0.00020772,0.88373741,0.098870782,0.936997968,0.019049962,0.039167934,26.0786339,0.014789009,141.6114
H,2252.HK,微创机器人-B,医疗保健,医疗设备与服务,医疗保健--医疗设备与服务--医疗保健设备与用品--医疗保健设备,民营企业,2791884000,2150000,-1139806000,11126000,1930125000,-0.584770416,21.74998247,3.87737E-06,0.88373741,0.000956355,0.666129753,0.057305748,0.143892798,8.931782027,0.047988742,
H,2276.HK,康耐特光学,医疗保健,医疗设备与服务,医疗保健--医疗设备与服务--医疗保健设备与用品--医疗保健用品,民营企业,1811349000,1356082000,248566000,25741000,1788632000,0.15336134,21.31733771,0.002445593,0.88373741,0.833089596,0.481438972,0.184046807,0.482486257,2.657670433,0.020846342,24.0511
H,2281.HK,兴泸水务,公用事业,公用事业Ⅱ,公用事业--公用事业Ⅱ--水务Ⅲ--水务Ⅳ,地方国有企业,7073316263,1370097934,203224562.2,131343044.2,7140567820,0.046854482,22.67959527,0.002216097,0.187487726,0.19165791,-0.070623475,0.515012293,0.623794405,0.7683147,0.106648373,13.6559
H,2289.HK,创美药业,医疗保健,医疗设备与服务,医疗保健--医疗设备与服务--医疗保健提供商与服务--保健护理产品经销商,地方国有企业,2763091522,3793617720,90380338.77,35073142.27,2865885144,0.043774776,21.73961601,0.006841508,0.88373741,1.363998801,0.028698835,0.121213917,0.817558711,1.036730093,0.009062215,-4.9626
H,2291.HK,心泰医疗,医疗保健,医疗设备与服务,医疗保健--医疗设备与服务--医疗保健设备与用品--医疗保健设备,民营企业,1119690000,222583000,-19813000,18971000,1809621000,-0.000465291,20.8363177,0.000401412,0.88373741,0.30654593,0.055857425,0.06810903,0.655984246,1.085678511,0.082022703,50.1433
H,2315.HK,百奥赛图-B,医疗保健,医药生物,医疗保健--医药生物--生物科技Ⅲ--生物科技Ⅳ,民营企业,2302783000,354555000,-601945000,56139000,2799832000,-0.194942411,21.55738423,0.000800668,0.277693145,0.153178633,0.185722667,0.550759234,0.456322632,1.957721152,0.086273001,39.8407
H,2318.HK,中国平安,金融,非银金融,金融--非银金融--保险--多元化保险,公众企业,1.0142E+13,,83774000000,1.47715E+11,1.11372E+13,0.020785266,29.9477089,,0.465484786,,,0.00490612,0.893736912,,0.001201535,
H,2328.HK,中国财险,金融,非银金融,金融--非银金融--保险--财产与意外伤害保险,中央国有企业,6.82622E+11,,26708000000,984000000,7.51887E+11,0.036830002,27.2492071,,0.465484786,,,0.034782061,0.698736636,,0.003540759,
H,2333.HK,长城汽车,可选消费,汽车与零配件,可选消费--汽车与零配件--汽车--汽车制造,民营企业,1.75408E+11,1.36405E+11,8266041808,716283675.8,1.85357E+11,0.048459518,25.89038064,0.196034356,0.2124545,0.828151693,0.072793836,0.181910905,0.645805918,1.133567212,0.07463194,32.0374
H,2338.HK,潍柴动力,工业,机械,工业--机械--机械Ⅲ--建筑机械与重型卡车,地方国有企业,2.77044E+11,2.03548E+11,4905013042,1401308298,2.93666E+11,0.021474462,26.34744371,0.227012488,0.17114703,0.743153385,0.163353204,0.141573837,0.628356843,1.392227376,0.021697149,3.1727
H,2352.HK,东原仁知服务,房地产,房地产Ⅱ,房地产--房地产Ⅱ--房地产管理和开发--房地产经营公司,公众企业,964007000,1193423000,90722000,536000,1261449000,0.072343789,20.68660911,0.001962585,0.573906114,1.364610681,0.092733766,0.020310018,0.732313147,1.130240256,0.016570419,55.6364
H,2355.HK,宝业集团,工业,建筑,工业--建筑--建筑与工程Ⅲ--建筑与工程Ⅳ,民营企业,48915671000,26781555000,704777000,43665000,48820484000,0.015330491,24.61336365,0.007202863,0.218192106,0.588020027,0.122839284,0.060916593,0.767984927,1.165161891,0.017598021,5.9588
H,2357.HK,中航科工,工业,国防军工,工业--国防军工--航空航天与国防Ⅲ--航空航天,中央国有企业,1.33889E+11,60296284748,2216401745,440359857,1.44006E+11,0.018448979,25.62027794,1,1,0.482492107,0.265362207,0.135554489,0.59095633,1.510599388,0.021344686,18.3907
H,2359.HK,药明康德,医疗保健,医药生物,医疗保健--医药生物--生命科学工具和服务Ⅲ--生命科学工具和服务Ⅳ,民营企业,55127388000,22902385000,8813713000,159837000,64690327000,0.138715484,24.73291249,0.051718966,0.277693145,0.45164093,0.163277353,0.287492362,0.296947245,1.693210277,0.125819239,38.5049
H,2376.HK,鲁商服务,房地产,房地产Ⅱ,房地产--房地产Ⅱ--房地产管理和开发--房地产经营公司,地方国有企业,634396000,582803000,76742000,280000,856625000,0.089913323,20.26818392,0.00095842,0.573906114,0.778759016,0.368954092,0.090476611,0.526409372,1.70604684,0.062164642,44.6721
H,2386.HK,中石化炼化工程,能源,石油石化,能源--石油石化--能源设备与服务--石油天然气设备与服务,中央国有企业,72917243000,57759590000,2281800000,73491000,78681739000,0.029934404,25.01259098,0.010419819,0.456643498,0.800090897,0.323206652,0.060318888,0.600597406,1.569667524,0.009360461,10.3281
H,2396.HK,华芢生物-B,医疗保健,医药生物,医疗保健--医药生物--生物科技Ⅲ--生物科技Ⅳ,民营企业,,,-85926000,7855000,35711000,-2.186189129,,,0.277693145,,,,,,,
H,2402.HK,亿华通,工业,电气设备,工业--电气设备--电气设备Ⅲ--电气部件与设备,民营企业,3605692000,629369000,-166454260.7,7335912.04,3778976564,-0.042106201,22.00577954,0.001272731,0.169895245,0.188794605,0.486629751,0.124628781,0.197690208,4.122029899,0.075737196,10.4593
H,2408.HK,遇见小面,可选消费,消费者服务,可选消费--消费者服务--酒店、餐馆与休闲--餐馆,民营企业,,,-35973000,16808000,613404000,-0.031243683,,,0.503589957,,,,,,,
H,2410.HK,同源康医药-B,医疗保健,医药生物,医疗保健--医药生物--生物科技Ⅲ--生物科技Ⅳ,外资企业,,,-310993000,15506000,558361000,-0.529204225,,,0.277693145,,,,,,,
H,2411.HK,百果园集团,日常消费,日常消费零售,日常消费--日常消费零售--日常消费品经销与零售--食品零售,民营企业,6419866000,10289375000,323297000,83739000,6809741000,0.059772611,22.58266308,0.173581028,0.250800466,1.764201744,0.210019493,0.047980285,0.577411585,1.441092018,0.006847651,16.2156
H,2418.HK,德银天下,工业,交通运输,工业--交通运输--铁路公路运输--地面货运,地方国有企业,10188027000,3126850000,226412000,31219000,9172653000,0.028086858,23.04447904,0.002938834,0.168489905,0.29012579,0.147622302,0.009145834,0.759546475,1.244740133,0.002440708,-4.1336
H,2419.HK,德康农牧,日常消费,食品饮料,日常消费--食品饮料--食品--食品加工与肉类,民营企业,15771408000,9901566000,992866000,405272000,19300457000,0.072440668,23.48146452,0.051721236,0.241400594,0.64275582,-0.016370764,0.41594441,0.737958336,0.959166877,0.141453889,21.561
H,2429.HK,友宝在线,日常消费,日常消费零售,日常消费--日常消费零售--日常消费品经销与零售--食品零售,公众企业,1936610000,2676237000,-284529000,13331000,1518869000,-0.178552594,21.38420486,0.045147929,0.250800466,1.294326891,0.090833467,0.20592427,0.336900047,1.288618133,0.115587031,40.7057
H,2431.HK,佑驾创新,信息技术,软件服务,信息技术--软件服务--软件--应用软件,公众企业,745685000,175174000,-214864000,1521000,817007000,-0.261127506,20.42981382,0.002277479,0.732863764,,0.518956396,0.018978523,0.440702173,2.216269392,0.01916627,
H,2432.HK,越疆,信息技术,硬件设备,信息技术--硬件设备--电子设备、仪器和元件--电子制造服务,民营企业,665085000,174314000,-52477000,2030000,925420000,-0.054512546,20.31542541,0.000217881,0.410768763,,0.518741214,0.161477104,0.525397506,2.901954839,0.067057594,
H,2450.HK,淮北绿金股份,材料,建材Ⅱ,材料--建材Ⅱ--建材Ⅲ--建材Ⅳ,地方国有企业,2340339000,370327000,67410000,71007000,2292652000,0.060374187,21.57356163,0.000615422,0.329903347,0.243447672,0.058426578,0.678678174,0.8045202,1.278547798,0.309948687,-26.8681
H,2453.HK,美中嘉和,医疗保健,医疗设备与服务,医疗保健--医疗设备与服务--医疗保健提供商与服务--保健护理设施,民营企业,5446953000,470505000,-541404000,274475000,5411525000,-0.049326022,22.41832221,0.000848521,0.88373741,0.090256272,-0.630419062,0.534960004,1.212403155,0.202041823,0.095984856,182.8897
H,2465.HK,龙蟠科技,材料,化工,材料--化工--多元化工Ⅲ--特种化工,民营企业,6105090000,4053505000,752897000,202143000,14690672000,0.06500996,22.53238869,0.080710603,0.275235897,0.89471481,0.201953124,0.263067539,0.588005582,1.539543436,0.109106663,113.9599
H,2476.HK,胜宏科技,信息技术,硬件设备,信息技术--硬件设备--电子设备、仪器和元件--电子元件,民营企业,13461210039,7403889462,790646000,92649000,14303773000,0.061752588,23.32307806,0.009254353,0.410768763,0.639644535,-0.021954124,0.454788675,0.53423894,0.952324473,0.114216948,32.8285
H,2479.HK,天聚地合,信息技术,软件服务,信息技术--软件服务--信息技术服务--互联网服务与基础架构,民营企业,721207000,260011000,41249000,1000,744172000,0.055430734,20.39643676,0.003380465,0.732863764,0.36953117,0.422315646,0.287014685,0.174823594,3.649647673,0.100984877,45.7526
H,2480.HK,绿竹生物-B,医疗保健,医药生物,医疗保健--医药生物--生物科技Ⅲ--生物科技Ⅳ,民营企业,725895000,,-725180000,722000,1070170000,-0.676955998,20.40291593,,0.277693145,,0.758885238,0.104738289,1.805247315,24.51938349,0.108147873,
H,2481.HK,双良睿能,公用事业,公用事业Ⅱ,公用事业--公用事业Ⅱ--复合型公用事业Ⅲ--复合型公用事业Ⅳ,民营企业,4983631000,1290635000,96431000,84065000,5244229000,0.034418024,22.32942458,0.002087568,0.187487726,0.257661123,-0.19401316,0.03140702,0.843006836,0.459329336,0.061217213,-6.2257
H,2482.HK,维天运通,工业,交通运输,工业--交通运输--航空运输--航空货运与物流,民营企业,2663102000,6297250000,1393000,3913000,2172985000,0.002441802,21.70275745,0.005918598,0.168489905,2.534148988,0.162275797,0.026739119,0.798943112,1.203181551,0.002845178,35.0012
H,2488.HK,元征科技,可选消费,汽车与零配件,可选消费--汽车与零配件--汽车零配件--汽车零配件与设备,民营企业,1555573317,1344814374,328032623.7,23268331.62,1986614468,0.176833986,21.16511001,0.001932704,0.2124545,0.909714791,0.089861442,0.267726088,0.520721562,1.174420307,0.031539899,25.8419
H,2493.HK,迈威生物-B,医疗保健,医药生物,医疗保健--医药生物--制药--西药,外资企业,1595272932,15422178.37,-955234572.3,10296133.65,4619475226,-0.204555365,21.19031068,3.48269E-05,0.277693145,0.009537024,-0.016095508,0.389871959,0.367744165,0.90504629,0.136346481,252.3825
H,2495.HK,声通科技,信息技术,软件服务,信息技术--软件服务--软件--系统软件,民营企业,614215000,459935000,-87155000,9065000,895274000,-0.087224693,20.23585559,0.005979724,0.732863764,0.996557059,-0.054629079,0.008096513,0.821300359,0.932183727,0.113432593,32.4808
H,2496.HK,友芝友生物-B,医疗保健,医药生物,医疗保健--医药生物--生物科技Ⅲ--生物科技Ⅳ,公众企业,200155000,,-188866000,2468000,302842000,-0.615495869,19.11460262,,0.277693145,,0.343383877,0.254707602,0.284734331,2.207738806,0.009507632,
H,2499.HK,佛朗斯股份,工业,企业服务,工业--企业服务--商业服务与用品--综合支持服务,民营企业,2559133000,1172182000,35401000,83609000,2662490000,0.044698759,21.66293437,0.051297481,0.521438326,0.495194884,-0.058099755,0.316001161,0.662362214,0.818365392,0.111459232,19.532
H,2500.HK,启明医疗-B,医疗保健,医疗设备与服务,医疗保健--医疗设备与服务--医疗保健设备与用品--医疗保健设备,公众企业,5109457000,415862000,-1057699000,44623000,5282835000,-0.191767488,22.35435897,0.000749976,0.88373741,0.088221455,0.632374047,0.027837987,0.093476274,16.49429829,0.028410847,50.649
H,2502.HK,金源氢化,材料,化工,材料--化工--基础化工--商品化工,民营企业,973695000,1479594000,138229000,8022000,1075437000,0.135992159,20.69660867,0.029460658,0.275235897,1.520657844,-0.065325384,0.49039689,0.429853291,0.83270737,0.052846117,37.0968
H,2506.HK,讯飞医疗科技,信息技术,软件服务,信息技术--软件服务--信息技术服务--互联网服务与基础架构,民营企业,1013813000,372452000,-189400000,590000,1029584000,-0.183384746,20.73698431,0.004842337,0.732863764,,0.236293084,0.008285552,0.509740948,1.491379823,0.02818863,
H,2509.HK,荃信生物-B,医疗保健,医药生物,医疗保健--医药生物--生物科技Ⅲ--生物科技Ⅳ,民营企业,1067493000,,-298191000,18692000,1035100000,-0.270021254,20.78857875,,0.277693145,,0.542006364,0.354414502,0.340355393,9.304335969,0.05521254,
H,2513.HK,智谱,信息技术,软件服务,信息技术--软件服务--软件--应用软件,民营企业,,,-143374000,5694000,361976000,-0.380356709,,,0.732863764,,,,,,,
H,2515.HK,天津建发,工业,建筑,工业--建筑--建筑与工程Ⅲ--建筑与工程Ⅳ,民营企业,305680000,274944000,35090000,,432119000,,19.53804936,7.39458E-05,0.218192106,1.170315603,0.224725203,0.148704528,0.601514656,1.373598882,0.011443339,197.5198
H,2517.HK,锅圈,日常消费,日常消费零售,日常消费--日常消费零售--日常消费品经销与零售--食品零售,民营企业,2719748000,3957804000,229907000,2564000,4080670000,0.056968831,21.72380507,0.066767874,0.250800466,2.032240697,0.505132828,0.028303725,0.222455169,3.355044415,0.027666534,33.4957
H,2519.HK,傲基股份,可选消费,可选消费零售,可选消费--可选消费零售--多品类零售Ⅲ--多品类零售Ⅳ,民营企业,4459018000,9071193000,219054000,72353000,4957944000,0.058775775,22.2181944,0.095535165,0.532595589,,0.120585968,0.010615342,0.659375898,1.21736081,0.014002186,
H,2520.HK,山西安装,公用事业,公用事业Ⅱ,公用事业--公用事业Ⅱ--复合型公用事业Ⅲ--复合型公用事业Ⅳ,地方国有企业,17574961000,13278369000,150882000,397208000,21447024000,0.025555527,23.58974106,0.021477406,0.187487726,0.85794099,0.015157928,0.046833674,0.885400997,1.020762299,0.04152857,30.8392
H,2522.HK,一脉阳光,医疗保健,医疗设备与服务,医疗保健--医疗设备与服务--医疗保健提供商与服务--保健护理服务,公众企业,2055732000,592013000,364000,37338000,1989418000,0.018951271,21.44389783,0.001067652,0.88373741,0.322636603,0.233557195,0.400003502,0.366038472,2.306048893,0.069405448,18.0555
H,2526.HK,德适-B,医疗保健,医药生物,医疗保健--医药生物--生物科技Ⅲ--生物科技Ⅳ,民营企业,,,,,,,,,0.277693145,,,,,,,
H,2529.HK,泓盈城市服务,房地产,房地产Ⅱ,房地产--房地产Ⅱ--房地产管理和开发--房地产经营公司,地方国有企业,456573000,431653000,53095000,8000,539465000,0.098436414,19.93925916,0.000709854,0.573906114,1.103146623,0.177476548,0.05146165,0.684793012,1.259168165,0.049610906,55.0896
H,2539.HK,乐摩科技,可选消费,消费者服务,可选消费--消费者服务--酒店、餐馆与休闲--休闲设施,民营企业,,,6481000,1329000,257489000,0.030331393,,,0.503589957,,,,,,,
H,2543.HK,大行科工,可选消费,耐用消费品,可选消费--耐用消费品--休闲用品Ⅲ--休闲用品Ⅳ,外资企业,,,31434000,1301000,185749000,0.176232443,,,,,,,,,,
H,2546.HK,智汇矿业,材料,有色金属,材料--有色金属--其他金属与采矿--铜,民营企业,,,117890000,1786000,1169620000,0.102320412,,,0.243645828,,,,,,,
H,2551.HK,晶科电子股份,信息技术,半导体,信息技术--半导体--半导体材料与设备--半导体材料与设备Ⅳ,外资企业,1979856000,1388380000,40791000,6445000,2077669000,0.022735094,21.40628995,0.033071479,0.3795219,,0.047385264,0.412586067,0.54044183,1.102004071,0.114280028,
H,2553.HK,首钢朗泽,材料,化工,材料--化工--多元化工Ⅲ--工业气体,地方国有企业,1513750000,258270000,-20455000,9589000,2795887000,-0.003886423,21.13785585,0.005142495,0.275235897,,-0.087778035,0.697747977,0.414750784,0.681043712,0.258685384,
H,2555.HK,茶百道,可选消费,消费者服务,可选消费--消费者服务--酒店、餐馆与休闲--餐馆,民营企业,1048340000,3644209000,954316000,4569000,1682904000,0.569779976,20.7704738,0.233070709,0.503589957,4.222969015,0.301521453,0.022368697,0.712855562,1.594229844,0.068611328,237.3971
H,2558.HK,晋商银行,金融,银行,金融--银行--商业银行--区域性银行,公众企业,3.03292E+11,,1838397000,7135847000,3.3642E+11,0.026675753,26.43796027,,,,,0.004598431,0.926942977,,0.000641894,
H,2560.HK,海螺材料科技,材料,建材Ⅱ,材料--建材Ⅱ--建材Ⅲ--建材Ⅳ,地方国有企业,1660468000,1537525000,75881000,23746000,2139062000,0.046575088,21.23036533,0.002555111,0.329903347,1.154677306,-0.004622793,0.46229015,0.66249997,0.987907107,0.371569943,18.0532
H,2563.HK,华昊中天医药-B,医疗保健,医药生物,医疗保健--医药生物--制药--西药,外资企业,,,-160511000,71000,926338000,-0.17319812,,,0.277693145,,,,,,,
H,2565.HK,派格生物医药-B,医疗保健,医药生物,医疗保健--医药生物--制药--西药,公众企业,,,-306416000,159000,437454000,-0.700089609,,,0.277693145,,,,,,,
H,2566.HK,九源基因,医疗保健,医药生物,医疗保健--医药生物--制药--西药,公众企业,1183200000,1307251000,59867000,9042000,1213580000,0.056781588,20.89148847,0.00295208,0.277693145,,0.29359787,0.335491041,0.393055274,1.867332799,0.053170216,
H,2570.HK,重塑能源,可选消费,汽车与零配件,可选消费--汽车与零配件--汽车零配件--汽车零配件与设备,公众企业,2494243000,524109000,-505966000,49019000,4141134000,-0.110343447,21.63725111,0.000753225,0.2124545,,0.074920527,0.168982733,0.78492272,1.136037832,0.06678379,
H,2571.HK,赛目科技,信息技术,硬件设备,信息技术--硬件设备--电子设备、仪器和元件--电子制造服务,民营企业,315964000,106906000,50330000,1586000,544759000,0.095300858,19.57113884,0.000133625,0.410768763,0.501982697,0.740644504,0.023084908,0.161227228,6.602111412,0.035035637,50.1426
H,2573.HK,新琪安,材料,化工,材料--化工--基础化工--商品化工,民营企业,686975000,661067000,122021000,4957000,726661000,0.17474173,20.34780846,0.013162711,0.275235897,,-0.095560974,0.440241639,0.582650024,0.834432526,0.035879035,
H,2575.HK,轩竹生物-B,医疗保健,医药生物,医疗保健--医药生物--生物科技Ⅲ--生物科技Ⅳ,民营企业,,,-512265000,1517000,1454997000,-0.351030277,,,0.277693145,,,,,,,
H,2576.HK,太美医疗科技,医疗保健,医药生物,医疗保健--医药生物--生命科学工具和服务Ⅲ--生命科学工具和服务Ⅳ,民营企业,1804770000,466181000,-412907000,2681000,1825301000,-0.224744302,21.313699,0.001052746,0.277693145,,0.688158602,0.017893139,0.218170182,4.552316502,0.017954088,
H,2577.HK,英诺赛科,信息技术,半导体,信息技术--半导体--半导体产品--分立器件,外资企业,6621764000,68215000,-2205476000,131628000,5695076000,-0.364147555,22.61362764,0.001624894,0.3795219,,0.156730744,0.509120228,1.623001967,1.662932868,0.169332522,
H,2579.HK,中伟新材,材料,化工,材料--化工--多元化工Ⅲ--特种化工,民营企业,28199762284,20012839691,1548644000,527772000,53702915000,0.038664866,24.06257939,0.398481898,0.275235897,1.051539842,0.188360274,0.237698973,0.623310268,1.370982275,0.177152608,169.9861
H,2582.HK,国富氢能,工业,机械,工业--机械--机械Ⅲ--工业机械,公众企业,1109297000,329278000,-93857000,11970000,1665321000,-0.049171901,20.82699232,0.000367237,0.17114703,,0.38969185,0.24452153,0.375379182,2.52497266,0.109514404,
H,2583.HK,西普尼,可选消费,家电Ⅱ,可选消费--家电Ⅱ--家电Ⅲ--消费电子产品,民营企业,574665000,449994000,24541000,3715000,640256000,0.044132347,20.16929782,0.000702693,0.42486522,0.829006372,0.783091018,0.029965284,0.162997572,6.212186845,0.005686791,17.7532
H,2585.HK,梦金园,可选消费,纺织服装Ⅱ,可选消费--纺织服装Ⅱ--纺织服装Ⅲ--服装、服饰与奢侈品,民营企业,3695282000,16871000000,180825000,56868000,3260393000,0.072903175,22.03032271,0.88197614,0.784947506,4.79583654,0.291064119,0.079756836,0.58328566,1.517305745,0.019928384,55.716
H,2589.HK,沪上阿姨,可选消费,消费者服务,可选消费--消费者服务--酒店、餐馆与休闲--餐馆,民营企业,602494000,1640442000,149470000,6356000,925195000,0.168425035,20.21658826,0.104916864,0.503589957,,0.194931402,0.059730055,0.651013952,1.374688544,0.085405,
H,2590.HK,极智嘉-W,信息技术,软件服务,信息技术--软件服务--信息技术服务--信息科技咨询与其它服务,民营企业,2113454000,789666000,-1567108000,12487000,3433798000,-0.452740959,21.47158941,0.010266636,0.732863764,,-1.419694017,0.064429602,2.307141296,0.375763299,0.03982249,
H,2591.HK,银诺医药-B,医疗保健,医疗设备与服务,医疗保健--医疗设备与服务--医疗保健技术Ⅲ--医疗保健技术Ⅳ,外资企业,,,-300644000,2572000,678294000,-0.439443663,,,0.88373741,,,,,,,
H,2595.HK,劲方医药-B,医疗保健,医药生物,医疗保健--医药生物--生物科技Ⅲ--生物科技Ⅳ,外资企业,,,-275244000,10038000,758360000,-0.3497099,,,0.277693145,,,,,,,
H,2596.HK,宜宾银行,金融,银行,金融--银行--商业银行--区域性银行,地方国有企业,68490372000,,437710000,1449279000,80413277000,0.023466137,24.94995902,,,,,0.005538311,0.880512622,,0.000888461,
H,2597.HK,讯众通信,信息技术,软件服务,信息技术--软件服务--信息技术服务--互联网服务与基础架构,民营企业,782570000,993515000,75972000,5802000,992282000,0.082410041,20.47809393,0.012916925,0.732863764,1.396559191,0.653678265,0.010175448,0.308300855,3.141124914,0.001078498,3.009
H,2598.HK,连连数字,信息技术,软件服务,信息技术--软件服务--信息技术服务--信息科技咨询与其它服务,民营企业,8475081000,643644000,-916540000,4181000,10146014000,-0.0899229,22.86039605,0.008368169,0.732863764,0.072730913,0.124491318,0.015189117,0.773653019,1.16127767,0.00261968,9.3699
H,2600.HK,中国铝业,材料,有色金属,材料--有色金属--其他金属与采矿--铝,中央国有企业,1.92377E+11,2.69748E+11,4191927000,3827734000,2.12348E+11,0.03776659,25.98272229,0.224971088,0.243645828,1.393044931,-0.01802061,0.485645784,0.621661966,0.933562737,0.011100876,45.0333
H,2601.HK,中国太保,金融,非银金融,金融--非银金融--保险--多元化保险,公众企业,1.94616E+12,,24609000000,3322000000,2.1763E+12,0.012834174,28.29688137,,0.465484786,,,0.01034959,0.880583034,,0.00189501,
H,2602.HK,万物云,房地产,房地产Ⅱ,房地产--房地产Ⅱ--房地产管理和开发--房地产经营公司,其他企业,28724266000,23704539000,1510490000,11228000,36909822000,0.041227996,24.08100811,0.038982127,0.573906114,0.993317448,-0.089593412,0.017429131,0.640980278,0.841940628,0.009571907,30.6362
H,2603.HK,吉宏股份,可选消费,可选消费零售,可选消费--可选消费零售--多品类零售Ⅲ--多品类零售Ⅳ,民营企业,2944510000,5177657000,183980000,18096000,3242386000,0.06232324,21.80320826,0.054529577,0.532595589,1.79928079,0.327648743,0.251407195,0.349768213,2.014304654,0.076357696,17.7485
H,2607.HK,上海医药,医疗保健,医药生物,医疗保健--医药生物--制药--西药,地方国有企业,1.63436E+11,2.15824E+11,5617152003,1689278923,1.98135E+11,0.036876042,25.81968431,0.487381881,0.277693145,1.380739908,0.150947055,0.081978808,0.638596224,1.268666382,0.025201203,12.4617
H,2611.HK,国泰海通,金融,非银金融,金融--非银金融--资本市场--投资银行业与经纪业,地方国有企业,7.91273E+11,,11507150000,10822099000,8.60689E+11,0.025943472,27.39690864,,0.465484786,,,0.003716526,0.80962749,,0.00107907,
H,2613.HK,汇舸环保,工业,环保Ⅱ,工业--环保Ⅱ--环保Ⅲ--环境与设施服务,民营企业,358405000,140521000,36735000,176000,376716000,0.097980972,19.69717419,0.009205907,0.301565589,,0.138081221,0.150963296,0.683040136,1.203442436,0.058096288,
H,2617.HK,药捷安康-B,医疗保健,医药生物,医疗保健--医药生物--制药--西药,外资企业,,,-251944000,181000,1189641000,-0.211629391,,,0.277693145,,,,,,,
H,2619.HK,香江电器,可选消费,家电Ⅱ,可选消费--家电Ⅱ--家电Ⅲ--家用电器,民营企业,1248901000,1480358000,80261000,14467000,1220774000,0.077596672,20.9455298,0.00231167,0.42486522,,0.184007379,0.184035404,0.534460297,1.34805373,0.044563981,
H,2625.HK,江苏宏信,日常消费,日常消费零售,日常消费--日常消费零售--日常消费品经销与零售--大卖场与超市,民营企业,1177000000,1432193000,50029000,21611000,1331539000,0.053802405,20.88623467,0.024160995,0.250800466,,0.068639762,0.191077315,0.66226763,1.118134162,0.043013594,
H,2627.HK,中慧生物-B,医疗保健,医药生物,医疗保健--医药生物--生物科技Ⅲ--生物科技Ⅳ,民营企业,,,,,,,,,0.277693145,,,,,,,
H,2628.HK,中国人寿,金融,非银金融,金融--非银金融--保险--人寿与健康保险,中央国有企业,4.89109E+12,,32082000000,18203000000,5.25199E+12,0.00957447,29.21843528,,0.465484786,,,0.011121868,0.900501014,,0.001119384,
H,2630.HK,旺山旺水-B,医疗保健,医药生物,医疗保健--医药生物--生物科技Ⅲ--生物科技Ⅳ,民营企业,,,,,,,,,0.277693145,,,,,,,
H,2631.HK,天岳先进,信息技术,半导体,信息技术--半导体--半导体材料与设备--半导体材料与设备Ⅳ,民营企业,2618436152,489595294.9,-175682000,127000,5853226000,-0.029992862,21.68584309,0.011662254,0.3795219,0.192512466,0.330913218,0.493142926,0.151224583,8.014267674,0.128463925,26.7493
H,2632.HK,泽景股份,可选消费,汽车与零配件,可选消费--汽车与零配件--汽车零配件--汽车零配件与设备,民营企业,,,-252372000,1888000,333325000,-0.751470787,,,0.2124545,,,,,,,
H,2635.HK,诺比侃,信息技术,软件服务,信息技术--软件服务--信息技术服务--信息科技咨询与其它服务,民营企业,114061000,100920000,63161000,1437000,465777000,0.138688686,18.55224395,0.001312085,0.732863764,,0.465715714,0.00914423,0.79575841,2.027883666,0.006408851,
H,2637.HK,海西新药,医疗保健,医药生物,医疗保健--医药生物--制药--西药,民营企业,,,68981000,24733000,420960000,0.222619726,,,0.277693145,,,,,,,
H,2648.HK,安井食品,日常消费,食品饮料,日常消费--食品饮料--食品--食品加工与肉类,民营企业,8771470048,9213517668,1101030000,12376000,16142715000,0.06897266,22.89477025,0.048127187,0.241400594,1.161275472,0.13798611,0.36649533,0.413577295,1.38418541,0.103961651,33.1373
H,2649.HK,优乐赛共享,材料,造纸与包装,材料--造纸与包装--容器与包装Ⅲ--金属及玻璃容器,民营企业,608170000,509473000,23703000,6841000,782190000,0.039049336,20.22596501,0.015024456,0.948561161,,0.025261029,0.353152901,0.580702764,1.044387238,0.196505911,
H,2650.HK,挚达科技,公用事业,公用事业Ⅱ,公用事业--公用事业Ⅱ--电力--电力公用事业,民营企业,521143000,357607000,-26306000,14338000,989197000,-0.012098702,20.07153503,0.00057842,0.187487726,,0.286769658,0.034432008,1.474424486,1.457909734,0.014251367,
H,2651.HK,大众口腔,医疗保健,医疗设备与服务,医疗保健--医疗设备与服务--医疗保健提供商与服务--保健护理服务,民营企业,524464000,380750000,43342000,6679000,459494000,0.108861052,20.07788735,0.000686654,0.88373741,,0.061193905,0.189465817,0.748585222,1.207847886,0.074891699,
H,2652.HK,长风药业,医疗保健,医药生物,医疗保健--医药生物--制药--西药,外资企业,992970000,41986000,-49399000,164000,1015218000,-0.048496973,20.71621101,9.48143E-05,0.277693145,,0.389416599,0.276395057,0.098908326,6.247374135,0.091902072,
H,2655.HK,果下科技,信息技术,软件服务,信息技术--软件服务--信息技术服务--信息科技咨询与其它服务,民营企业,,,24280000,246000,111721000,0.219529005,,,0.732863764,,,,,,,
H,2657.HK,林清轩,日常消费,家庭用品,日常消费--家庭用品--美容护理Ⅲ--美容护理Ⅳ,民营企业,,,-5871000,2011000,544427000,-0.007090023,,,0.527103954,,,,,,,
H,2658.HK,天域半导体,信息技术,半导体,信息技术--半导体--半导体产品--分立器件,民营企业,514983000,154642000,6951000,7516000,1758547000,0.008226678,20.05964445,0.003683602,0.3795219,,-0.59354969,0.380171773,1.12428954,0.437147029,0.251371404,
H,2659.HK,宝济药业-B,医疗保健,医药生物,医疗保健--医药生物--生物科技Ⅲ--生物科技Ⅳ,民营企业,,,,,,,,,0.277693145,,,,,,,
H,2670.HK,云迹,工业,机械,工业--机械--机械Ⅲ--工业机械,民营企业,,,-365420000,1081000,647362000,-0.562805664,,,0.17114703,,,,,,,
H,2671.HK,美联股份,工业,建筑,工业--建筑--建筑产品Ⅲ--建筑产品Ⅳ,外资企业,906772376.8,1032868491,88907000,7061000,1174323000,0.081721979,20.62540201,0.000277789,0.218192106,1.289993237,0.079227541,0.110378907,0.743280502,1.109816521,0.007741842,79.072
H,2675.HK,精锋医疗-B,医疗保健,医疗设备与服务,医疗保健--医疗设备与服务--医疗保健设备与用品--医疗保健设备,民营企业,1910230000,,,,,,21.37048949,,0.88373741,,0.963025395,0.005807154,0.024287128,53.01164862,0.003912094,
H,2676.HK,纳芯微,信息技术,半导体,信息技术--半导体--半导体产品--集成电路,民营企业,840804310.9,858266983.9,250574000,7454000,6850453000,0.03766583,20.5498695,0.020444085,0.3795219,1.343323065,0.301130393,0.254023106,0.339074229,1.950590845,0.222724667,255.6281
H,2687.HK,卓越睿新,信息技术,软件服务,信息技术--软件服务--软件--应用软件,民营企业,599909000,416854000,-59110000,960000,565461000,-0.102836447,20.21228854,0.005419618,0.732863764,,0.504768223,0.038317478,0.402904441,2.336471326,0.023856952,
H,2691.HK,南华期货股份,金融,非银金融,金融--非银金融--资本市场--投资银行业与经纪业,其他企业,30065138382,10506290564,246060000,39414000,34189185000,0.008349833,24.12663214,0.537716124,0.465484786,0.40116384,,0.008033721,0.898373301,,0.001961464,6.0024
H,2692.HK,兆威机电,工业,电气设备,工业--电气设备--电气设备Ⅲ--电气部件与设备,民营企业,3262905872,1132478231,150496000,3132000,3558473000,0.043172451,21.90588401,0.002290135,0.169895245,0.355160145,0.678225168,0.173513719,0.133592174,7.065232885,0.072189044,-4.4565
H,2693.HK,金岩高岭新材,材料,有色金属,材料--有色金属--其他金属与采矿--金属非金属,地方国有企业,464898521.2,248563022.7,24423000,1039000,580140000,0.043889406,19.95732971,0.000207303,0.243645828,0.700047366,-0.181211438,0.317911103,0.604350864,0.655607941,0.054159134,31.3982
H,2695.HK,印象大红袍,通讯服务,传媒,通讯服务--传媒--娱乐--电影和娱乐,地方国有企业,254500867.8,58742670.03,-2599000,1950000,243894000,-0.002660992,19.3548148,0.005486555,0.954858381,0.245764832,0.107877006,0.316684149,0.263221877,2.518591661,0.062058701,18.019
H,2696.HK,复宏汉霖,医疗保健,医药生物,医疗保健--医药生物--生物科技Ⅲ--生物科技Ⅳ,民营企业,7172844000,1682472000,-695259000,105672000,8924308000,-0.06606529,22.69356807,0.003799417,0.277693145,0.247203868,-0.182991014,0.171324652,0.679798417,0.556524339,0.157704949,186.3363
H,2701.HK,国民技术,信息技术,半导体,信息技术--半导体--半导体产品--集成电路,公众企业,2667945585,1011378035,-32485000,37377000,3713734000,0.001317273,21.70457457,0.02409122,0.3795219,0.429146257,0.235659281,0.175572708,0.418441117,1.835295525,0.042045312,166.9931
H,2706.HK,海致科技集团,信息技术,软件服务,信息技术--软件服务--信息技术服务--互联网服务与基础架构,民营企业,,,-175780000,70000,365700000,-0.4804758,,,0.732863764,,,,,,,
H,2714.HK,牧原股份,日常消费,食品饮料,日常消费--食品饮料--食品--食品加工与肉类,民营企业,1.77266E+11,78797699301,13266156512,2889858126,1.92948E+11,0.083732649,25.90091591,0.411603011,0.241400594,0.525505397,-0.166297861,0.624228479,0.612987204,0.623183881,0.202251887,40.1435
H,2715.HK,埃斯顿,工业,机械,工业--机械--机械Ⅲ--工业机械,民营企业,6990104397,3005676465,166780000,93990000,8250643000,0.031606021,22.66776133,0.003352168,0.17114703,0.474271245,0.143616535,0.108777248,0.587798254,1.392401442,0.016675105,20.4986
H,2722.HK,重庆机电,工业,机械,工业--机械--机械Ⅲ--工业机械,地方国有企业,16735385232,7410613530,310203161,130371854.9,17217824908,0.025588309,23.54079119,0.008264902,0.17114703,0.444286561,0.254555385,0.161548605,0.533101718,1.646482721,0.007299639,16.3916
H,2723.HK,深演智能,通讯服务,传媒,通讯服务--传媒--媒体--广告,民营企业,,,59362000,398000,554997000,0.107676258,,,0.954858381,,,,,,,
H,2726.HK,瀚天天成,信息技术,半导体,信息技术--半导体--半导体产品--分立器件,民营企业,,,127543000,20281000,1453598000,0.101695242,,,0.3795219,,,,,,,
H,2727.HK,上海电气,工业,电气设备,工业--电气设备--电气设备Ⅲ--重型电气设备,地方国有企业,3.00802E+11,1.30681E+11,-3566484000,1844744000,2.88021E+11,-0.005977831,26.42971871,0.264268345,0.169895245,0.424149321,0.135958129,0.082823469,0.673724606,1.242164037,0.014324796,-4.2909
H,2729.HK,凯乐士科技,工业,机械,工业--机械--机械Ⅲ--工业机械,公众企业,,,-209338000,1688000,1931901000,-0.107484804,,,0.17114703,,,,,,,
H,2768.HK,国恩科技,材料,化工,材料--化工--基础化工--商品化工,民营企业,9908877185,9738640418,663412000,100876000,12760852000,0.05989318,23.01669688,0.193909109,0.275235897,1.267198709,0.252908842,0.238380078,0.476561551,1.671237676,0.02737942,35.9698
H,2777.HK,富力地产,房地产,房地产Ⅱ,房地产--房地产Ⅱ--房地产管理和开发--房地产开发,外资企业,3.98542E+11,76230335000,-15736650000,5832759000,3.68921E+11,-0.026845565,26.71107956,0.125360827,0.573906114,0.18134373,0.09543326,0.118129135,0.79209576,1.160372569,0.004630565,-11.2484
H,2799.HK,中信金融资产,金融,非银金融,金融--非银金融--资本市场--资产管理与托管银行,中央国有企业,1.56842E+12,,-27581088000,37064535000,9.55326E+11,0.009926922,28.081091,,0.465484786,,,0.006134324,0.933701235,,0.000625894,
H,2865.HK,钧达股份,工业,电气设备,工业--电气设备--电气设备Ⅲ--光伏设备,民营企业,5979025000,1639380000,716945000,146042000,8839676000,0.097626542,22.51152335,0.003315208,0.169895245,0.418391554,-0.223483595,0.496185749,0.731684012,0.557288788,0.038790605,93.0133
H,2866.HK,中远海发,工业,机械,工业--机械--机械Ⅲ--工业机械,中央国有企业,1.32616E+11,34914585000,3923130000,2477715000,1.28091E+11,0.049971219,25.61072601,0.038939505,0.17114703,0.250593532,-0.153201088,0.289799937,0.753507741,0.622954461,0.099532717,171.6423
H,2880.HK,辽港股份,工业,交通运输,工业--交通运输--交通基础设施--海港与服务,中央国有企业,57813249660,12347554608,1279734789,542904055.9,57609391070,0.031637877,24.78048382,0.0116051,0.168489905,0.267439378,0.017198832,0.593564162,0.289890434,1.129306179,0.066150033,1.8361
H,2883.HK,中海油田服务,能源,石油石化,能源--石油石化--能源设备与服务--石油天然气钻井,中央国有企业,73311708000,29168479000,2352625000,763602000,77184090000,0.040373955,25.01798616,0.005261988,0.456643498,0.390856873,0.04464467,0.590030695,0.478714505,1.14871269,0.050342709,0.8407
H,2889.HK,博泰车联,信息技术,硬件设备,信息技术--硬件设备--电子设备、仪器和元件--电子设备和仪器,民营企业,1061768000,863781000,-452095000,27113000,2286901000,-0.185833143,20.78320128,0.001079667,0.410768763,,-0.135193376,0.053235735,1.09986174,0.856955226,0.026568893,
H,2899.HK,紫金矿业,材料,有色金属,材料--有色金属--贵金属--黄金,地方国有企业,2.08595E+11,2.25102E+11,20042045977,3191995016,3.06044E+11,0.075917288,26.06365887,0.187736362,0.243645828,1.151690576,-0.015523729,0.355451102,0.55465225,0.935626067,0.096591957,31.2541
H,3200.HK,大族数控,信息技术,硬件设备,信息技术--硬件设备--电子设备、仪器和元件--电子设备和仪器,外资企业,4845078543,4059886185,434687000,16976000,7151808000,0.063153681,22.30122929,0.005074579,0.410768763,1.035361486,0.347685568,0.011045826,0.505939444,1.731809222,0.021593758,84.6315
H,3268.HK,美格智能,信息技术,硬件设备,信息技术--硬件设备--电子设备、仪器和元件--电子元件,民营企业,1502593646,1964446675,127836000,13886000,1726703000,0.082076651,21.13045855,0.002455423,0.410768763,1.583492955,0.28800478,0.017166005,0.53991889,1.559112728,0.012047202,75.9964
H,3277.HK,长光辰芯,信息技术,硬件设备,信息技术--硬件设备--电子设备、仪器和元件--电子设备和仪器,民营企业,,,-83148000,634000,1045498000,-0.078923154,,,0.410768763,,,,,,,
H,3288.HK,海天味业,日常消费,食品饮料,日常消费--食品饮料--食品--食品加工与肉类,民营企业,33337724550,24785771078,6197717000,14496000,34059175000,0.1823947,24.22995546,0.129469491,0.241400594,0.788460029,0.5429941,0.136103669,0.295097404,2.910181327,0.030918011,9.7661
H,3296.HK,华勤技术,信息技术,硬件设备,信息技术--硬件设备--电脑与外围设备--电脑硬件、储存设备及电脑周边,民营企业,45239975342,83605626286,2585146000,222083000,43852342000,0.064015486,24.53524694,0.10450129,0.410768763,2.160934538,0.023360908,0.12833395,0.786471078,1.031520536,0.079677473,39.8835
H,3310.HK,云英谷科技,信息技术,硬件设备,信息技术--硬件设备--电子设备、仪器和元件--电子设备和仪器,公众企业,,,-123503000,1064000,1439421000,-0.085061285,,,0.410768763,,,,,,,
H,3317.HK,迅策,信息技术,软件服务,信息技术--软件服务--信息技术服务--信息科技咨询与其它服务,公众企业,1142405000,120045000,-75141000,940000,1864516000,-0.039796387,20.85640153,0.001560734,0.732863764,,0.330013437,0.002971801,0.180606703,2.888746944,0.001242116,
H,3319.HK,雅生活服务,房地产,房地产Ⅱ,房地产--房地产Ⅱ--房地产管理和开发--房地产经营公司,民营企业,20181377000,14080089000,1839601000,12676000,22701714000,0.081591945,23.72802609,0.023154714,0.573906114,0.824449758,0.329716798,0.025113797,0.360255348,1.984803354,0.00433018,40.4337
H,3323.HK,中国建材,材料,建材Ⅱ,材料--建材Ⅱ--建材Ⅲ--建材Ⅳ,中央国有企业,4.62542E+11,2.73683E+11,7961585000,6788236000,4.82467E+11,0.030571647,26.86000348,0.454816266,0.329903347,0.595662911,-0.071687221,0.391836719,0.61382021,0.818683991,0.079848391,7.3931
H,3328.HK,交通银行,金融,银行,金融--银行--商业银行--多元化银行,中央国有企业,1.16658E+13,,92149000000,2.48185E+11,1.29924E+13,0.026194814,30.08767891,,,,,0.014674916,0.916230383,,0.001967039,
H,3330.HK,灵宝黄金,材料,有色金属,材料--有色金属--贵金属--黄金,民营企业,7003901000,5330611000,240222000,40378000,6903903000,0.040643676,22.66973312,0.004445751,0.243645828,0.777703704,-0.217625292,0.310874183,0.750396815,0.679790643,0.056389575,-4.8096
H,3332.HK,中生联合,日常消费,家庭用品,日常消费--家庭用品--美容护理Ⅲ--美容护理Ⅳ,民营企业,390112000,252325000,-14246000,472000,436987000,-0.031520388,19.78194444,0.046310452,0.527103954,0.600886118,0.327800734,0.229634054,0.153463621,3.572655763,0.025882311,-14.906
H,3347.HK,泰格医药,医疗保健,医药生物,医疗保健--医药生物--生命科学工具和服务Ⅲ--生命科学工具和服务Ⅳ,民营企业,23741173000,5213538000,2016086000,83179000,27446510000,0.076485681,23.89047664,0.011773394,0.277693145,0.241103893,0.35538143,0.029071436,0.132090188,4.496960272,0.015141417,63.3171
H,3355.HK,飞速创新,信息技术,硬件设备,信息技术--硬件设备--通信设备Ⅲ--通信设备Ⅳ,民营企业,,,364507000,4511000,2153815000,0.171332264,,,0.410768763,,,,,,,
H,3369.HK,秦港股份,工业,交通运输,工业--交通运输--交通基础设施--海港与服务,地方国有企业,27776977885,6594861850,1308419060,234358723.9,27940699083,0.055216148,24.04747338,0.006198315,0.168489905,0.244162154,0.024102723,0.537333158,0.391233485,1.171750635,0.047785086,2.1532
H,3378.HK,翰思艾泰-B,医疗保健,医药生物,医疗保健--医药生物--生物科技Ⅲ--生物科技Ⅳ,外资企业,,,-28400000,596000,555679000,-0.050036082,,,0.277693145,,,,,,,
H,3388.HK,创想三维,工业,企业服务,工业--企业服务--商业服务与用品--商业印刷,公众企业,,,104065000,46522000,1646730000,0.091446078,,,0.521438326,,,,,,,
H,3396.HK,联想控股,信息技术,硬件设备,信息技术--硬件设备--电脑与外围设备--电脑硬件、储存设备及电脑周边,中央国有企业,6.80686E+11,4.89872E+11,1167063000,5311828000,6.81074E+11,0.009512754,27.24636721,0.612305946,0.410768763,0.735311786,-0.100504537,0.039098298,0.863651228,0.839382537,0.014480445,17.3157
H,3399.HK,粤运交通,工业,交通运输,工业--交通运输--铁路公路运输--地面货运,地方国有企业,10543632763,6270529867,-150423379.3,218270251.8,9215602097,0.007362175,23.07878799,0.005893485,0.168489905,0.580702395,-0.108234782,0.338110483,0.73987054,0.686005815,0.048085153,12.2636
H,3606.HK,福耀玻璃,可选消费,汽车与零配件,可选消费--汽车与零配件--汽车零配件--汽车零配件与设备,外资企业,44796085000,23603063000,4755033000,288122000,50778126000,0.09931747,24.52538658,0.03392121,0.2124545,0.567167155,0.222437318,0.379296316,0.412776898,1.676980043,0.051980257,18.5691
H,3618.HK,重庆农村商业银行,金融,银行,金融--银行--商业银行--区域性银行,地方国有企业,1.26629E+12,,10275574000,25853557000,1.3523E+12,0.026716777,27.86711343,,,,,0.003913919,0.915908644,,0.000695476,
H,3625.HK,傅里叶,信息技术,半导体,信息技术--半导体--半导体产品--集成电路,民营企业,,,-65902000,209000,357809000,-0.183597953,,,0.3795219,,,,,,,
H,3636.HK,金浔资源,材料,有色金属,材料--有色金属--其他金属与采矿--铜,民营企业,356121549.9,1000801887,83504000,6811000,636996000,0.14178268,19.69078266,0.000834673,0.243645828,3.347642406,0.390179966,0.223482335,0.348144053,2.2581633,0.184026141,14.2537
H,3677.HK,正力新能,工业,电气设备,工业--电气设备--电气设备Ⅲ--电气部件与设备,民营企业,5815000000,1499296000,-1719981000,32892000,10450817000,-0.161431302,22.48370662,0.003031926,0.169895245,,-0.073757868,0.243030095,0.659405847,0.873775022,0.154206191,
H,3678.HK,弘业期货,金融,非银金融,金融--非银金融--资本市场--综合性资本市场,地方国有企业,8083101075,,12381909.1,8052535.9,10483928700,0.001949121,22.81304143,,0.465484786,,,0.001843279,0.791890886,,0.030104944,
H,3689.HK,康华医疗,医疗保健,医疗设备与服务,医疗保健--医疗设备与服务--医疗保健提供商与服务--保健护理设施,民营企业,2704602000,1953944000,61032000,15043000,2719334000,0.0279756,21.7182206,0.003523793,0.88373741,0.757562417,0.128460306,0.38133633,0.454845112,1.446775405,0.063290643,11.9724
H,3698.HK,徽商银行,金融,银行,金融--银行--商业银行--区域性银行,公众企业,1.38366E+12,,13397600000,32257565000,1.58024E+12,0.028891364,27.9557546,,,,,0.003398654,0.919405415,,0.000593244,
H,3750.HK,宁德时代,工业,电气设备,工业--电气设备--电气设备Ⅲ--电气部件与设备,民营企业,3.07667E+11,1.29869E+11,30729164000,2132375000,6.00952E+11,0.054682437,26.45228341,0.262625912,0.169895245,0.559437336,0.092275476,0.234908279,0.698953036,1.190097679,0.14225702,159.6121
H,3759.HK,康龙化成,医疗保健,医药生物,医疗保健--医药生物--生命科学工具和服务Ⅲ--生命科学工具和服务Ⅳ,民营企业,18389124000,7443770000,1374604000,167312000,20492557000,0.075242733,23.63502524,0.016809781,0.277693145,0.49137175,0.307872523,0.297342984,0.440141521,2.898562574,0.113807596,45.0011
H,3768.HK,滇池水务,公用事业,公用事业Ⅱ,公用事业--公用事业Ⅱ--水务Ⅲ--水务Ⅳ,地方国有企业,12067938000,2317738000,322250000,252922000,11702204000,0.049150741,23.21381802,0.003748879,0.187487726,0.205432887,-0.027385457,0.218520347,0.63243008,0.935292016,0.004932409,20.7518
H,3833.HK,新疆新鑫矿业,材料,有色金属,材料--有色金属--其他金属与采矿--金属非金属,地方国有企业,7393499869,2382408359,744654444.3,63119534.36,7829460147,0.103171095,22.72386706,0.001986938,0.243645828,0.325093371,0.042579584,0.535354599,0.330975928,1.168270526,0.018583875,28.5073
H,3866.HK,青岛银行,金融,银行,金融--银行--商业银行--区域性银行,公众企业,5.2225E+11,,3082775000,11541848000,5.29614E+11,0.02761374,26.98141149,,,,,0.006491518,0.936184293,,0.001201395,
H,3880.HK,泰德医药,医疗保健,医疗设备与服务,医疗保健--医疗设备与服务--医疗保健设备与用品--医疗保健用品,外资企业,1140452000,282135000,53980000,1281000,1239152000,0.04459582,20.85469051,0.00050881,0.88373741,,0.435025762,0.160773097,0.907810237,2.989541519,0.043830867,
H,3881.HK,希迪智驾,信息技术,软件服务,信息技术--软件服务--软件--应用软件,外资企业,1071270000,77385000,-262997000,105642000,1343805000,-0.117096603,20.7921107,0.001006101,0.732863764,,0.464404865,0.170725401,1.316372156,4.553136025,0.151334397,
H,3898.HK,时代电气,工业,电气设备,工业--电气设备--电气设备Ⅲ--电气部件与设备,中央国有企业,44150745227,15121167406,2555823375,20964320,48509554784,0.053119178,24.51087564,0.030578524,0.169895245,0.387640407,0.577379598,0.110659814,0.245932447,3.785604226,0.022060856,-5.6925
H,3903.HK,瀚华金控,金融,非银金融,金融--非银金融--金融服务--特殊金融服务,公众企业,12357105000,,12279000,182478000,11483605000,0.01695957,23.23749704,,0.465484786,,,0.084415565,0.34958188,,0.001136836,
H,3908.HK,中金公司,金融,非银金融,金融--非银金融--资本市场--投资银行业与经纪业,中央国有企业,6.49795E+11,,7597501992,9176520147,6.48764E+11,0.025855351,27.19992352,,0.465484786,,,0.001741883,0.86960384,,0.001628842,
H,3931.HK,中创新航,工业,电气设备,工业--电气设备--电气设备Ⅲ--电气部件与设备,公众企业,38699448000,6817115000,691626000,65217000,90460618000,0.008366547,24.37909117,0.013785795,0.169895245,0.239199762,0.224699019,0.39410128,0.354354512,1.879213375,0.282127745,141.278
H,3958.HK,东方证券,金融,非银金融,金融--非银金融--资本市场--投资银行业与经纪业,地方国有企业,3.266E+11,,3010558000,4045617000,3.68067E+11,0.0191709,26.51200086,,0.465484786,,,0.006842831,0.803603245,,0.001364845,
H,3968.HK,招商银行,金融,银行,金融--银行--商业银行--多元化银行,公众企业,9.24902E+12,,1.38012E+11,1.35145E+11,1.01389E+13,0.026941451,29.85553882,,,,,0.008694434,0.906402959,,0.002612168,
H,3969.HK,中国通号,工业,电气设备,工业--电气设备--电气设备Ⅲ--电气部件与设备,中央国有企业,1.08943E+11,38358297109,3633640259,110995320.5,1.16807E+11,0.03205844,25.41408687,0.077569416,0.169895245,0.358035908,0.261945955,0.050393267,0.583529486,1.479651178,0.007981433,-4.4018
H,3983.HK,中海石油化学,材料,化工,材料--化工--农用化工--化肥与农用药剂,中央国有企业,21431578000,13398008000,1642578000,29394000,23497659000,0.071154833,23.78813128,0.26677192,0.275235897,0.635287612,0.467514431,0.314606325,0.210759282,3.91094087,0.050491289,28.6107
H,3986.HK,兆易创新,信息技术,半导体,信息技术--半导体--半导体产品--集成电路,民营企业,15418370840,8473504131,2052882000,7889000,16646687000,0.123794663,23.45882555,0.2018405,0.3795219,0.624680115,0.61132922,0.052672587,0.125520559,6.884544124,0.040331353,89.2085
H,3988.HK,中国银行,金融,银行,金融--银行--商业银行--多元化银行,中央国有企业,2.67224E+13,,2.27439E+11,4.21595E+11,2.89139E+13,0.022447161,30.91652358,,,,,0.009209163,0.912038129,,0.001129127,
H,3993.HK,洛阳钼业,材料,有色金属,材料--有色金属--其他金属与采矿--金属非金属,民营企业,1.3745E+11,1.73863E+11,6066946564,2795047622,1.65019E+11,0.0537028,25.6465244,0.145002082,0.243645828,1.337965309,0.147659847,0.209831982,0.648859278,1.400627413,0.031150838,53.8865
H,3996.HK,中国能源建设,工业,建筑,工业--建筑--建筑与工程Ⅲ--建筑与工程Ⅳ,中央国有企业,5.28863E+11,3.22319E+11,7809343000,5618003000,6.64351E+11,0.020211219,26.99399448,0.086687145,0.218192106,0.641484554,0.074525801,0.089604705,0.716875416,1.145695808,0.026553177,19.2326
H,6030.HK,中信证券,金融,非银金融,金融--非银金融--资本市场--投资银行业与经纪业,中央国有企业,1.27866E+12,,21317422000,15218022000,1.30829E+12,0.02792612,27.8768375,,0.465484786,,,0.006100395,0.832788241,,0.000562882,
H,6031.HK,三一重工,工业,机械,工业--机械--机械Ⅲ--建筑机械与重型卡车,民营企业,1.38557E+11,1.05691E+11,4301041000,624875000,1.58922E+11,0.030995732,25.65454433,0.117875039,0.17114703,0.79823751,0.233021071,0.149485023,0.530190848,1.525563268,0.07433768,6.0653
H,6049.HK,保利物业,房地产,房地产Ⅱ,房地产--房地产Ⅱ--房地产管理和开发--房地产经营公司,中央国有企业,11137923000,10782549000,1112933000,4629000,13109537000,0.085248014,23.13362161,0.017731908,0.573906114,1.047759595,0.525628162,0.012468124,0.381503894,2.415419899,0.007028599,34.1588
H,6060.HK,众安在线,金融,非银金融,金融--非银金融--保险--多元化保险,公众企业,51772329000,,-1356095000,428360000,54557388000,-0.017004755,24.67012165,,0.465484786,,,0.001190597,0.630493791,,0.005036609,
H,6066.HK,中信建投证券,金融,非银金融,金融--非银金融--资本市场--投资银行业与经纪业,地方国有企业,4.52791E+11,,7507304000,7141940000,5.09955E+11,0.028726514,26.83869743,,0.465484786,,,0.001548192,0.823304331,,0.001370081,
H,6082.HK,壁仞科技,信息技术,半导体,信息技术--半导体--半导体材料与设备--半导体材料与设备Ⅳ,公众企业,,,-1474312000,4099000,3546573000,-0.414544689,,,0.3795219,,,,,,,
H,6099.HK,招商证券,金融,非银金融,金融--非银金融--资本市场--投资银行业与经纪业,中央国有企业,5.97221E+11,,8072319000,9326511000,6.11662E+11,0.028445176,27.11555328,,0.465484786,,,0.002478991,0.811476109,,0.000691133,
H,6117.HK,日照港裕廊,工业,交通运输,工业--交通运输--海上运输Ⅲ--海上运输Ⅳ,地方国有企业,2732604000,758421000,199873000,21700000,2904246000,0.07629278,21.72852084,0.000712817,0.168489905,0.289740845,0.201340187,0.564577231,0.124056029,7.506652317,0.004442649,23.2568
H,6127.HK,昭衍新药,医疗保健,医药生物,医疗保健--医药生物--生命科学工具和服务Ⅲ--生命科学工具和服务Ⅳ,民营企业,8537077000,1516680000,1074257000,3582000,10364216000,0.103996192,22.86768451,0.00342502,0.277693145,0.283227446,0.538854458,0.076151709,0.163128551,4.788570977,0.02778984,40.9678
H,6138.HK,哈尔滨银行,金融,银行,金融--银行--商业银行--区域性银行,地方国有企业,6.45046E+11,,554769000,17057830000,7.12733E+11,0.024711354,27.19258774,,,,,0.013453108,0.902673895,,0.000828939,
H,6166.HK,剑桥科技,信息技术,硬件设备,信息技术--硬件设备--通信设备Ⅲ--通信设备Ⅳ,外资企业,3847734062,2916559720,171106000,57903000,5237170000,0.043727624,22.07075026,0.003645499,0.410768763,0.789428993,0.126639065,0.132407413,0.547124295,1.252828525,0.024248868,7.8206
H,6168.HK,周六福,可选消费,可选消费零售,可选消费--可选消费零售--专营零售--其他专卖店,民营企业,2026343000,2783056000,575241000,2144000,2584835000,0.223374026,21.42949853,0.029310336,0.532595589,,0.606814838,0.026672681,0.347377517,2.795585274,0.01148917,
H,6178.HK,光大证券,金融,非银金融,金融--非银金融--资本市场--投资银行业与经纪业,中央国有企业,2.39108E+11,,3189073000,3248434000,2.58354E+11,0.024917342,26.2001795,,0.465484786,,,0.003500073,0.754941868,,0.001264757,
H,6181.HK,老铺黄金,可选消费,纺织服装Ⅱ,可选消费--纺织服装Ⅱ--纺织服装Ⅲ--服装、服饰与奢侈品,民营企业,1168970000,1264603000,94529000,16885000,1291212000,0.086286373,20.87938886,0.066110466,0.784947506,1.205680778,0.560846728,0.040617809,0.341033559,3.453026374,0.026679898,41.2125
H,6185.HK,康希诺生物,医疗保健,医药生物,医疗保健--医药生物--生物科技Ⅲ--生物科技Ⅳ,民营企业,11874187000,4299702000,-909431000,41341000,11468960000,-0.075690385,23.19763272,0.009709737,0.277693145,0.461780901,0.54023926,0.166220138,0.280128905,3.231315275,0.101323653,23086.4862
H,6188.HK,迪信通,可选消费,可选消费零售,可选消费--可选消费零售--专营零售--电脑与电子产品零售,地方国有企业,7374734000,10243930000,-275579000,177790000,7064491000,-0.013842328,22.72132567,0.10788609,0.532595589,1.2253688,0.039825572,0.00904575,0.902641099,1.04577163,0.00255399,-24.3999
H,6189.HK,爱得威建设集团,工业,建筑,工业--建筑--建筑与工程Ⅲ--建筑与工程Ⅳ,民营企业,1293414914,555405954.2,-975004000,19097000,126870000,-7.534539292,20.98055178,0.000149376,0.218192106,0.322332476,0.229181324,0.038010556,0.734295499,1.317861909,4.78779E-05,-39.0041
H,6190.HK,九江银行,金融,银行,金融--银行--商业银行--区域性银行,公众企业,4.61503E+11,,1615116000,11354064000,4.79704E+11,0.027035823,26.85775435,,,,,0.006398732,0.923265447,,0.001617335,
H,6196.HK,郑州银行,金融,银行,金融--银行--商业银行--区域性银行,地方国有企业,5.7498E+11,,2422304000,12803324000,5.91514E+11,0.025740114,27.07760051,,,,,0.004999194,0.896671928,,0.001212728,
H,6198.HK,青岛港,工业,交通运输,工业--交通运输--交通基础设施--海港与服务,地方国有企业,60575556128,16099181504,4525175176,154628607,57475910361,0.081422004,24.82715728,0.015131143,0.168489905,0.273440036,0.072342317,0.350636445,0.359731403,1.270789891,0.039981503,21.7844
H,6199.HK,贵州银行,金融,银行,金融--银行--商业银行--区域性银行,地方国有企业,5.0388E+11,,3829455000,12372848000,5.33781E+11,0.030353821,26.94560431,,,,,0.007797927,0.922624797,,0.001026333,
H,6600.HK,卧安机器人,信息技术,软件服务,信息技术--软件服务--信息技术服务--信息科技咨询与其它服务,民营企业,,,-86983000,2422000,341168000,-0.247857361,,,0.732863764,,,,,,,
H,6609.HK,心玮医疗-B,医疗保健,医疗设备与服务,医疗保健--医疗设备与服务--医疗保健设备与用品--医疗保健设备,民营企业,1504648000,90089000,-200384000,2149000,1312559000,-0.151029401,21.13182482,0.000162469,0.88373741,0.079085134,0.848660949,0.051218624,0.087792627,24.05438001,0.036207139,518.6582
H,6613.HK,蓝思科技,信息技术,硬件设备,信息技术--硬件设备--电子设备、仪器和元件--电子元件,民营企业,76611178699,44896825044,2448037000,616216000,78345772000,0.039111913,25.06200884,0.056117947,0.410768763,0.574912011,0.119337172,0.45291106,0.441342289,1.455432046,0.089326711,22.5017
H,6636.HK,极视角,信息技术,软件服务,信息技术--软件服务--信息技术服务--互联网服务与基础架构,民营企业,,,-60855000,377000,357713000,-0.169068499,,,0.732863764,,,,,,,
H,6651.HK,五一视界,信息技术,软件服务,信息技术--软件服务--信息技术服务--信息科技咨询与其它服务,公众企业,486717000,126107000,-189840000,3949000,504342000,-0.368581241,20.0031934,0.001639547,0.732863764,,-1.696324558,0.021938827,2.378211569,0.256894136,0.027276631,
H,6655.HK,华新建材,材料,建材Ⅱ,材料--建材Ⅱ--建材Ⅲ--建材Ⅳ,外资企业,52549618050,32464083379,2698868510,406554646,64241676265,0.048339697,24.68502367,0.053949903,0.329903347,0.672983283,0.064951519,0.485734671,0.440950507,1.26846793,0.118544235,10.5856
H,6656.HK,思格新能,信息技术,硬件设备,信息技术--硬件设备--电子设备、仪器和元件--电子设备和仪器,民营企业,,,,,,,,,0.410768763,,,,,,,
H,6657.HK,百望股份,工业,企业服务,工业--企业服务--专业服务--数据处理与外包服务,民营企业,1325859000,453763000,-153501000,1567000,1260717000,-0.120513961,21.00532639,0.019857752,0.521438326,0.414562963,0.385206119,0.006065502,1.820375319,1.997365636,0.00365348,55.8707
H,6660.HK,艾美疫苗,医疗保健,医药生物,医疗保健--医药生物--生物科技Ⅲ--生物科技Ⅳ,民营企业,8072353000,1570129000,-319601000,25693000,8875786000,-0.033113462,22.81171085,0.00354572,0.277693145,0.246095822,0.097696669,0.32891686,0.293974136,1.502306308,0.141436828,-4.1418
H,6661.HK,湖州燃气,公用事业,公用事业Ⅱ,公用事业--公用事业Ⅱ--燃气Ⅲ--燃气Ⅳ,地方国有企业,1892899000,1858737000,104091000,2468000,2298843000,0.046353318,21.36137535,0.003006457,0.187487726,1.064508065,0.087365464,0.441465709,0.462333173,1.226778309,0.060936162,30.7094
H,6680.HK,金力永磁,材料,有色金属,材料--有色金属--其他金属与采矿--金属非金属,民营企业,6050784000,4080072000,702687000,66588000,11220454000,0.06856006,22.52345369,0.003402796,0.243645828,0.852420246,0.330029299,0.171568511,0.509757579,1.777615786,0.108306957,68.7831
H,6682.HK,范式智能,信息技术,软件服务,信息技术--软件服务--软件--应用软件,民营企业,6448684000,2018399000,-1644897000,673740000,6718984000,-0.144539264,22.58714192,0.026241686,0.732863764,0.476898335,0.672816655,0.007723591,1.038459475,6.732055545,0.003279274,114.2133
H,6690.HK,海尔智家,可选消费,家电Ⅱ,可选消费--家电Ⅱ--家电Ⅲ--家用电器,集体企业,2.1746E+11,2.27531E+11,14711000000,706000000,2.35843E+11,0.065369759,26.10528076,0.355303572,0.42486522,1.081115369,-0.006033293,0.124073393,0.627131426,0.989497783,0.033900487,8.5026
H,6693.HK,赤峰黄金,材料,有色金属,材料--有色金属--贵金属--黄金,民营企业,8053606000,3782624000,450976000,176485000,17544294000,0.035764392,22.80938578,0.003154723,0.243645828,0.495450637,0.300058756,0.392333447,0.379032076,2.801232398,0.166678752,-14.3196
H,6806.HK,申万宏源,金融,非银金融,金融--非银金融--资本市场--投资银行业与经纪业,中央国有企业,6.01011E+11,,2789068000,9750535000,6.13117E+11,0.020452218,27.12187985,,0.465484786,,,0.002252123,0.821875954,,0.000768416,
H,6809.HK,澜起科技,信息技术,半导体,信息技术--半导体--半导体产品--集成电路,公众企业,8958562225,2552310028,1299378000,1032000,10686045000,0.121692357,22.91587559,0.060796516,0.3795219,0.293740296,0.779785642,0.114602174,0.063387722,16.97484222,0.017130841,40.1035
H,6810.HK,商米科技-W,信息技术,软件服务,信息技术--软件服务--信息技术服务--互联网服务与基础架构,民营企业,,,159516000,11173000,2893608000,0.058988294,,,0.732863764,,,,,,,
H,6818.HK,中国光大银行,金融,银行,金融--银行--商业银行--多元化银行,中央国有企业,5.90207E+12,,44807000000,1.27654E+11,6.30051E+12,0.027372546,29.40632408,,,,,0.004262065,0.917932847,,0.000906801,
H,6821.HK,凯莱英,医疗保健,医药生物,医疗保健--医药生物--制药--西药,外资企业,15156297000,4632121000,3301635000,10529000,18239273000,0.181595177,23.44168193,0.010460417,0.277693145,0.414712565,0.534800354,0.22016288,0.168001788,4.676331013,0.109508081,47.6738
H,6826.HK,昊海生物科技,医疗保健,医药生物,医疗保健--医药生物--生物科技Ⅲ--生物科技Ⅳ,民营企业,6950356000,1750116000,180470000,7603000,6892399000,0.027287016,22.66205872,0.003952173,0.277693145,0.264187175,0.464050187,0.172226718,0.128061066,7.619124432,0.039148642,32.1414
H,6839.HK,云南水务,公用事业,公用事业Ⅱ,公用事业--公用事业Ⅱ--水务Ⅲ--水务Ⅳ,地方国有企业,48425620000,5280743000,-1060342000,1323008000,46668504000,0.005628336,24.60329485,0.00854146,0.187487726,0.110385231,-0.399780426,0.087783368,0.843096733,0.291449492,0.004110882,-37.1088
H,6865.HK,福莱特玻璃,工业,电气设备,工业--电气设备--电气设备Ⅲ--光伏设备,民营企业,20082917101,8713228066,2122780428,338235144.2,32381722606,0.076000144,23.7231354,0.017620178,0.169895245,0.538706245,0.136127631,0.467237271,0.411929601,1.443483909,0.187657088,39.1797
H,6866.HK,佐力科创,金融,非银金融,金融--非银金融--消费信贷Ⅲ--消费信贷Ⅳ,民营企业,2651212000,,93340000,52123000,2787638000,0.052181453,21.69828273,,0.465484786,,,0.015103281,0.27254931,,0.000439044,
H,6869.HK,长飞光纤光缆,信息技术,硬件设备,信息技术--硬件设备--通信设备Ⅲ--通信设备Ⅳ,公众企业,19478649093,9536075578,1166998457,192265504,28203306647,0.048195198,23.69258478,0.011919439,0.410768763,0.539763913,0.29524029,0.224451993,0.456583079,1.876267338,0.055116527,15.9889
H,6871.HK,翼菲科技,工业,机械,工业--机械--机械Ⅲ--工业机械,公众企业,,,-57553000,1689000,363670000,-0.153611791,,,0.17114703,,,,,,,
H,6872.HK,丹诺医药-B,医疗保健,医药生物,医疗保健--医药生物--制药--西药,公众企业,,,,,,,,,0.277693145,,,,,,,
H,6881.HK,中国银河,金融,非银金融,金融--非银金融--资本市场--投资银行业与经纪业,中央国有企业,5.60135E+11,,7760544000,9126572000,6.25216E+11,0.027010063,27.05144372,,0.465484786,,,0.00097675,0.823296089,,0.001069505,
H,6885.HK,金马能源,能源,煤炭Ⅱ,能源--煤炭Ⅱ--煤炭Ⅲ--煤炭与消费用燃料,民营企业,8525341000,7398260000,421950000,94182000,11231082000,0.045955679,22.86630886,0.01084221,0.381523529,0.991965203,0.001518532,0.510530312,0.495118494,1.003891985,0.301907924,15.7362
H,6886.HK,华泰证券,金融,非银金融,金融--非银金融--资本市场--投资银行业与经纪业,地方国有企业,8.06651E+11,,11052696000,11111339000,8.46567E+11,0.026181076,27.41615674,,0.465484786,,,0.005015529,0.811522188,,0.003661033,
H,6887.HK,东阳光药,医疗保健,医药生物,医疗保健--医药生物--制药--西药,民营企业,9843853000,1058149000,-1209205000,686884000,10688983000,-0.04886536,23.01011304,0.002389549,0.277693145,,-0.889812455,0.331600137,1.723438272,0.29948252,0.040397495,
H,6911.HK,澜沧古茶,日常消费,食品饮料,日常消费--食品饮料--食品--农产品,民营企业,1194485000,558677000,72205000,13500000,1410901000,0.060744872,20.90098097,0.002918272,0.241400594,0.532247708,0.548170132,0.11628861,0.365947668,4.801363143,0.034782354,37.7867
H,6922.HK,康沣生物-B,医疗保健,医疗设备与服务,医疗保健--医疗设备与服务--医疗保健设备与用品--医疗保健设备,民营企业,231693000,22426000,-112222000,587000,313863000,-0.355680663,19.26092378,4.04436E-05,0.88373741,0.146550738,0.695308015,0.125666291,0.149745568,6.69472233,0.054261458,147.6916
H,6936.HK,顺丰控股,工业,交通运输,工业--交通运输--航空运输--航空货运与物流,民营企业,2.09847E+11,2.07187E+11,6227058000,2054360000,2.16843E+11,0.038190899,26.06964304,0.194728582,0.168489905,1.251177449,0.086208151,0.227072009,0.533650238,1.237965106,0.09147421,34.5483
H,6938.HK,瑞博生物-B,医疗保健,医药生物,医疗保健--医药生物--生物科技Ⅲ--生物科技Ⅳ,公众企业,,,,,,,,,0.277693145,,,,,,,
H,6955.HK,博安生物,医疗保健,医药生物,医疗保健--医药生物--生物科技Ⅲ--生物科技Ⅳ,民营企业,2106604000,158704000,-331749000,13407000,2202559000,-0.144532791,21.46834301,0.000358391,0.277693145,0.105289067,0.322494403,0.239647319,0.263417804,3.608118795,0.161988205,
H,6960.HK,双登股份,工业,电气设备,工业--电气设备--电气设备Ⅲ--电气部件与设备,民营企业,3208541000,2440203000,281019000,49372000,4037353000,0.081833568,21.88908215,0.004934659,0.169895245,,0.034925843,0.249765859,0.672408737,1.05420252,0.068532707,
H,6963.HK,阳光保险,金融,非银金融,金融--非银金融--保险--多元化保险,公众企业,4.41623E+11,,4881000000,4830000000,4.85357E+11,0.020007953,26.81372241,,0.465484786,,,0.041451645,0.865912781,,0.003844908,
H,6980.HK,八马茶业,可选消费,可选消费零售,可选消费--可选消费零售--多品类零售Ⅲ--多品类零售Ⅳ,民营企业,,,166095000,11197000,1462243000,0.121246605,,,0.532595589,,,,,,,
H,6990.HK,科伦博泰生物,医疗保健,医药生物,医疗保健--医药生物--生物科技Ⅲ--生物科技Ⅳ,民营企业,812958000,32322000,-616099000,148814000,993145000,-0.470510348,20.51619001,7.29907E-05,0.277693145,,-3.870523446,0.531612949,4.252180309,0.086603323,0.116541076,
H,7489.HK,岚图汽车,可选消费,汽车与零配件,可选消费--汽车与零配件--汽车--汽车制造,国有企业,,,-1538115000,49235000,12831962000,-0.116029022,,,0.2124545,,,,,,,
H,7630.HK,英派药业-B,医疗保健,医药生物,医疗保健--医药生物--生物科技Ⅲ--生物科技Ⅳ,公众企业,,,,,,,,,0.277693145,,,,,,,
H,7666.HK,剂泰科技-P,医疗保健,医药生物,医疗保健--医药生物--生物科技Ⅲ--生物科技Ⅳ,公众企业,,,-512534000,5010000,616975000,-0.822600592,,,0.277693145,,,,,,,
H,7688.HK,拓璞数控,工业,机械,工业--机械--机械Ⅲ--工业机械,民营企业,,,-191572000,6249000,1179792000,-0.157081079,,,0.17114703,,,,,,,
H,8049.HK,吉林长龙药业,医疗保健,医药生物,医疗保健--医药生物--制药--中药,公众企业,2072313000,705456000,193565000,477000,2372841000,0.081776234,21.45193121,0.001593085,0.277693145,0.363935766,0.153489844,0.167180826,0.298489659,1.556282507,0.044797769,13.3718
H,8095.HK,北大青鸟环宇,工业,工业贸易与综合,工业--工业贸易与综合--工业集团Ⅲ--工业集团Ⅳ,公众企业,4276863000,394627000,333383000,38590000,5020879000,0.074085235,22.17648563,1,1,0.099410092,-0.063622099,0.043788637,0.217056286,0.641926862,0.009761594,-15.7525
H,8106.HK,芯化兰德,信息技术,软件服务,信息技术--软件服务--软件--应用软件,民营企业,175470000,218368000,-16168000,301000,124318000,-0.127632362,18.98297865,0.002839054,0.732863764,1.372749075,0.529269961,0.031304496,0.398894398,2.422590874,0.033059782,-8.1059
H,8115.HK,清大东方,工业,电气设备,工业--电气设备--电气设备Ⅲ--电气部件与设备,民营企业,171895000,72830000,5586000,426000,181349000,0.033151548,18.96239438,0.000147279,0.169895245,0.517902222,0.757095902,0.119218127,0.18542715,11.35989492,0.010622764,0.4316
H,8139.HK,长安仁恒,材料,化工,材料--化工--多元化工Ⅲ--其他多元化工,民营企业,248597593,144398348,1420207,6487506,278152459,0.02842942,19.33134605,0.002875161,0.275235897,0.603069757,0.04029708,0.33095635,0.542606979,1.075351795,0.025214528,28.1055
H,8189.HK,泰达生物,材料,化工,材料--化工--农用化工--化肥与农用药剂,公众企业,347595412,476384723,-28106065,6401517,337196239,-0.064367705,19.66654975,0.009485445,0.275235897,1.286632731,0.048115888,0.228922901,0.682506822,1.087097821,0.096942166,28.9774
H,8205.HK,交大慧谷,信息技术,软件服务,信息技术--软件服务--信息技术服务--信息科技咨询与其它服务,公众企业,65381154.5,50527661.11,-21838255.21,302960.81,47548526.62,-0.452911918,17.99574462,0.000656922,0.732863764,0.750714657,0.360095098,0.001061984,0.276079343,2.641939988,0.000290682,7.7321
H,8227.HK,海天天线,信息技术,硬件设备,信息技术--硬件设备--通信设备Ⅲ--通信设备Ⅳ,公众企业,117517885.2,39067769.85,-30124592.36,789815.33,92244165.94,-0.318012275,18.58210109,4.8832E-05,0.410768763,0.34922257,-0.438236457,0.05546024,0.810512308,0.438890288,0.009319654,220.8203
H,8247.HK,中生北控生物科技,医疗保健,医药生物,医疗保健--医药生物--生物科技Ⅲ--生物科技Ⅳ,公众企业,607761000,348225000,8106000,6817000,603244000,0.024737917,20.22529227,0.000786374,0.277693145,0.565128309,0.031336331,0.155995531,0.67189076,1.048954968,0.010775617,7.0618
H,8249.HK,瑞远智控,信息技术,硬件设备,信息技术--硬件设备--电子设备、仪器和元件--电子元件,民营企业,18596000,36540000,-4632000,6451000,17829000,0.102024791,16.73845706,4.56725E-05,0.410768763,2.136904588,-0.69853732,0.013873951,3.366154012,0.585354954,0.009625726,1.9019
H,8286.HK,长城微光,信息技术,硬件设备,信息技术--硬件设备--电子设备、仪器和元件--电子设备和仪器,公众企业,148505000,18417000,12430000,8293000,150648000,0.137559078,18.81612919,2.302E-05,0.410768763,0.114300077,-1.455445945,0.769078482,1.770479108,0.102315015,6.0604E-05,128.4704
H,8329.HK,海王英特龙,医疗保健,医药生物,医疗保健--医药生物--制药--西药,民营企业,1307570000,838805000,54346000,7032000,1448230000,0.04238139,20.99143629,0.001894219,0.277693145,0.69081456,0.30934405,0.164729231,0.277744213,2.205666339,0.009729498,-18.6707
H,8348.HK,滨海泰达物流,工业,交通运输,工业--交通运输--航空运输--航空货运与物流,地方国有企业,2076183000,3069814000,29550000,20702000,2235400000,0.022480093,21.45379695,0.002885227,0.168489905,1.424382403,0.015285261,0.107973141,0.526034073,1.032440483,0.007613972,6.5605
H,8452.HK,富银融资股份,金融,非银金融,金融--非银金融--金融服务--特殊金融服务,公众企业,553155843,43095195,-29383024,,511629620,,20.13115033,0.002205629,0.465484786,0.058744388,0.710558816,0.001150831,0.140229686,8.601936577,,-58.5001
H,8629.HK,集信国控,工业,建筑,工业--建筑--建筑与工程Ⅲ--建筑与工程Ⅳ,地方国有企业,85734000,39781000,2912000,281000,84410000,0.037827272,18.26676004,1.0699E-05,0.218192106,,0.694170341,0.046061073,0.218653043,5.327976147,0.014311708,
H,9609.HK,海伟股份,信息技术,硬件设备,信息技术--硬件设备--电子设备、仪器和元件--电子设备和仪器,民营企业,,,102007000,22700000,563396000,0.221348749,,,0.410768763,,,,,,,
H,9611.HK,龙旗科技,信息技术,硬件设备,信息技术--硬件设备--通信设备Ⅲ--通信设备Ⅳ,民营企业,14885950242,24533108974,561301000,37948000,14530475000,0.04124084,23.42368367,0.030664701,0.410768763,1.760994035,0.053262202,0.077945255,0.802043065,1.067144916,0.036961734,49.6358
H,9633.HK,农夫山泉,日常消费,食品饮料,日常消费--食品饮料--饮料--软饮料,民营企业,32896096000,29696406000,8495250000,76028000,39254841000,0.218349579,24.21661983,0.155120394,0.241400594,1.010846711,0.189893141,0.389108179,0.369480378,1.53902761,0.075637,29.8073
H,9663.HK,国鸿氢能,工业,电气设备,工业--电气设备--电气设备Ⅲ--电气部件与设备,公众企业,2387843000,457138000,-273416000,17111000,3419912000,-0.074944911,21.59365628,0.00092444,0.169895245,0.243364659,0.559819888,0.100031283,0.363929706,3.72236874,0.089505885,101.4862
H,9668.HK,渤海银行,金融,银行,金融--银行--商业银行--多元化银行,地方国有企业,1.58271E+12,,6107475000,38933892000,1.65946E+12,0.027142185,28.09015817,,,,,0.002265677,0.932669763,,0.000359912,
H,9676.HK,十月稻田,日常消费,日常消费零售,日常消费--日常消费零售--日常消费品经销与零售--食品零售,民营企业,2384152000,3598251000,-564219000,3909000,3062552000,-0.182955261,21.59210934,0.06070224,0.250800466,2.044615303,0.623133508,0.225097645,0.908316248,6.902513737,0.14990655,54.6299
H,9677.HK,威海银行,金融,银行,金融--银行--商业银行--区域性银行,地方国有企业,3.04521E+11,,1906427000,8050618000,3.43703E+11,0.028969906,26.44200528,,,,,0.003347275,0.920628717,,0.000436417,
H,9678.HK,云知声,信息技术,软件服务,信息技术--软件服务--信息技术服务--信息科技咨询与其它服务,民营企业,634281000,455821000,-366012000,177675000,568844000,-0.331087258,20.26800263,0.005926237,0.732863764,0.868860193,0.584714031,0.040193542,3.426350466,2.899769491,0.55636855,74.7545
H,9696.HK,天齐锂业,材料,有色金属,材料--有色金属--其他金属与采矿--金属非金属,民营企业,45800308000,7597863000,23944590000,1075050000,72558017000,0.344822544,24.54755665,0.006336648,0.243645828,0.172505801,-0.13407995,0.289077095,0.567842382,0.512371902,0.021853827,136.5149
H,9699.HK,顺丰同城,工业,交通运输,工业--交通运输--航空运输--航空货运与物流,民营企业,4208915000,8173953000,-286903000,2606000,4102673000,-0.069295554,22.16047073,0.007682456,0.168489905,2.907620275,0.70193696,0.003971332,0.213706383,4.361210375,0.021405517,68.766
H,9863.HK,零跑汽车,可选消费,汽车与零配件,可选消费--汽车与零配件--汽车--汽车制造,公众企业,12526476000,3132059000,-5108886000,37012000,19267848000,-0.263229915,23.25111032,0.004501248,0.2124545,0.396507157,0.369244391,0.153996064,0.422805265,2.068323709,0.121781737,396.1277
H,9877.HK,健世科技-B,医疗保健,医疗设备与服务,医疗保健--医疗设备与服务--医疗保健设备与用品--医疗保健设备,民营企业,1341359000,,-439311000,113000,1431329000,-0.306846295,21.01694912,,0.88373741,,0.580832574,0.013194827,0.037848182,16.67615694,0.011447346,
H,9878.HK,汇通达网络,信息技术,软件服务,信息技术--软件服务--信息技术服务--信息科技咨询与其它服务,民营企业,25598011000,65763174000,287245000,285501000,28775181000,0.019904167,23.96578049,0.855002678,0.732863764,2.781075357,-0.151505521,0.001665559,1.067092947,0.857580267,0.000878662,32.5092
H,9880.HK,优必选,信息技术,软件服务,信息技术--软件服务--信息技术服务--信息科技咨询与其它服务,民营企业,2667245000,817230000,-974809000,24435000,2788002000,-0.340879956,21.70431194,0.010625002,0.732863764,0.320016509,-0.031226603,0.136513894,0.715062546,0.950237315,0.089407235,10.4028
H,9881.HK,容大科技,材料,造纸与包装,材料--造纸与包装--纸与林业产品--纸制品,民营企业,352957000,380295000,37447000,1831000,405039000,0.096973378,19.68185679,0.011214972,0.948561161,,0.212960786,0.273690563,0.576441323,1.467415367,0.207297206,
H,9887.HK,维立志博-B,医疗保健,医药生物,医疗保健--医药生物--生物科技Ⅲ--生物科技Ⅳ,公众企业,,,-280789000,297000,624094000,-0.449438706,,,0.277693145,,,,,,,
H,9889.HK,东莞农商银行,金融,银行,金融--银行--商业银行--区域性银行,公众企业,5.93361E+11,,5931681000,11846916000,6.5769E+11,0.027031881,27.10906898,,,,,0.004292374,0.915764425,,0.000641955,
H,9903.HK,天数智芯,信息技术,半导体,信息技术--半导体--半导体产品--集成电路,公众企业,,,-523839000,6503000,1046680000,-0.494263767,,,0.3795219,,,,,,,
H,9908.HK,嘉兴燃气,公用事业,公用事业Ⅱ,公用事业--公用事业Ⅱ--燃气Ⅲ--燃气Ⅳ,公众企业,1972615000,1988553000,69344000,10763000,2076827000,0.038571821,21.40262591,0.003216431,0.187487726,1.078498029,0.078221042,0.250570943,0.581888508,1.354609114,0.032955747,56.1225
H,9927.HK,赛力斯,可选消费,汽车与零配件,可选消费--汽车与零配件--汽车--汽车制造,民营企业,32023863653,16366133628,-3831866000,330171000,47160127000,-0.074251178,24.1897472,0.023520636,0.2124545,0.561527679,-0.132911371,0.291401018,0.758638018,0.775081023,0.066606095,17.3352
H,9973.HK,奇瑞汽车,可选消费,汽车与零配件,可选消费--汽车与零配件--汽车--汽车制造,公众企业,,,6266000000,1405000000,1.2196E+11,0.062897671,,,0.2124545,,,,,,,
H,9980.HK,东鹏饮料,日常消费,食品饮料,日常消费--食品饮料--饮料--软饮料,民营企业,7790491159,6901011956,1440521000,52682000,11869958000,0.125796823,22.77616974,0.036047719,0.241400594,1.135802873,-0.072339608,0.269079215,0.455987376,0.83497904,0.078234347,40.6033
H,9981.HK,沃尔核材,工业,电气设备,工业--电气设备--电气设备Ⅲ--电气部件与设备,公众企业,7760132146,5365897403,614623000,89595000,8318736000,0.084654448,22.7722652,0.010851095,0.169895245,0.732499934,0.134981518,0.315306739,0.466882049,1.3763055,0.040997981,32.2381
H,9989.HK,海普瑞,医疗保健,医药生物,医疗保健--医药生物--制药--西药,外资企业,19108177000,6359786000,727077000,235242000,20814204000,0.046233764,23.6733822,0.014361891,0.277693145,0.333548749,0.312925037,0.13062816,0.396943256,2.247931637,0.010145395,19.6419
H,9995.HK,荣昌生物,医疗保健,医药生物,医疗保健--医药生物--生物科技Ⅲ--生物科技Ⅳ,民营企业,4159209000,1423902000,-998830000,6757000,6021191000,-0.164763582,22.14859075,0.003215505,0.277693145,0.344066498,0.404776726,0.379323809,0.171375615,3.731254928,0.148427261,