一级行业,二级行业,企业所有制性质,资产总计,actual_EBI_A,implied_gap_amount__CSI_nonSOE,implied_gap_amount__H_nonSOE,implied_gap_amount__Pooled_H_plus_CSI_nonSOE,positive_gap_amount__CSI_nonSOE,positive_gap_amount__H_nonSOE,positive_gap_amount__Pooled_H_plus_CSI_nonSOE,predicted_EBI_A__CSI_nonSOE,predicted_EBI_A__H_nonSOE,predicted_EBI_A__Pooled_H_plus_CSI_nonSOE,return_gap_pred_minus_actual__CSI_nonSOE,return_gap_pred_minus_actual__H_nonSOE,return_gap_pred_minus_actual__Pooled_H_plus_CSI_nonSOE
信息技术,半导体,中央国有企业,10095287650.0,0.051093,10231870.5143918,175050910.4979214,261313974.19235024,10231870.5143918,175050910.4979214,261313974.19235024,0.05210652936826835,0.06843286356475156,0.07697774774092744,0.0010135293682683524,0.017339863564751562,0.025884747740927444
信息技术,半导体,中央国有企业,16532495767.0,0.08154299999999999,-83660283.08003451,-17530979.978843775,321056814.34308344,0.0,0.0,321056814.34308344,0.07648264587929753,0.0804826047501892,0.10096274272172111,-0.005060354120702465,-0.0010603952498107888,0.019419742721721117
信息技术,半导体,中央国有企业,22191209564.0,0.121587,-1011633899.3523135,-738627151.4498782,-199417601.31426015,0.0,0.0,0.0,0.07599985449381494,0.08830232710645361,0.11260066688737111,-0.04558714550618506,-0.03328467289354639,-0.008986333112628891
信息技术,半导体,中央国有企业,26457799587.0,0.10905300000000001,-950392999.1207111,-290265563.5710545,384590007.657683,0.0,0.0,384590007.657683,0.07313191003953008,0.09808211171367116,0.12358897856439471,-0.03592108996046993,-0.010970888286328848,0.014535978564394703
信息技术,半导体,中央国有企业,29106829546.42,0.023006000000000002,984199719.300067,1484426175.672863,2285218389.7833815,984199719.300067,1484426175.672863,2285218389.7833815,0.05681936045997215,0.0740052396562971,0.10151741554729901,0.033813360459972144,0.0509992396562971,0.07851141554729901
信息技术,半导体,中央国有企业,29215259820.18,0.060594999999999996,78498216.23612516,808891029.8874294,1556961438.6408696,78498216.23612516,808891029.8874294,1556961438.6408696,0.06328189091657174,0.08828227832188232,0.11388774660653272,0.0026868909165717464,0.027687278321882322,0.05329274660653273
信息技术,半导体,中央国有企业,30589736143.75,0.018557,1128371239.115396,2542183186.3928504,3186595688.9715815,1128371239.115396,2542183186.3928504,3186595688.9715815,0.055444249821732815,0.10166275725290333,0.12272905542397779,0.03688724982173282,0.08310575725290333,0.10417205542397778
信息技术,半导体,中央国有企业,32328196228.0,0.06268,-1494931861.7848125,387721474.7248973,470195333.7660224,0.0,387721474.7248973,470195333.7660224,0.016437647001349656,0.0746732913049162,0.07722443453788425,-0.04624235299865034,0.011993291304916207,0.014544434537884246
信息技术,半导体,中央国有企业,33581893568.0,0.024489999999999998,-307426059.9307146,1527104335.207088,1468173546.9701457,0.0,1527104335.207088,1468173546.9701457,0.015335481678744309,0.06996403892263708,0.06820920076505632,-0.009154518321255689,0.045474038922637086,0.043719200765056324
信息技术,半导体,中央国有企业,37098618886.0,0.09927899999999999,-2654797493.7990146,-381043097.26345664,-277807488.3958216,0.0,0.0,0.0,0.02771845210044295,0.08900791421013918,0.09179064876920368,-0.07156054789955704,-0.010271085789860815,-0.007488351230796317
信息技术,半导体,中央国有企业,39407731739.0,0.09065200000000001,-1463454857.6681292,1365184267.589714,1561446630.7592726,0.0,1365184267.589714,1561446630.7592726,0.05351576319853458,0.12529454874224732,0.13027484967581582,-0.03713623680146543,0.034642548742247314,0.03962284967581581
信息技术,半导体,中央国有企业,42579471835.65,0.041807,795042794.695344,4200141771.664221,4468250757.1731825,795042794.695344,4200141771.664221,4468250757.1731825,0.06047897408563645,0.14044941125103902,0.1467460836603122,0.01867197408563645,0.09864241125103902,0.1049390836603122
信息技术,半导体,中央国有企业,54059828326.1,0.037089,738824659.7958627,4714142388.2507515,5121897880.230151,738824659.7958627,4714142388.2507515,5121897880.230151,0.050755796263930404,0.12429131887926234,0.13183398974236119,0.013666796263930407,0.08720231887926234,0.09474498974236119
信息技术,半导体,中央国有企业,55516503601.44,0.038389,-240648826.63946605,4353546089.6227045,4427153026.1088915,0.0,4353546089.6227045,4427153026.1088915,0.0340542740891769,0.1168079530536246,0.11813380990179033,-0.004334725910823102,0.07841895305362459,0.07974480990179034
信息技术,半导体,地方国有企业,13734762795.0,0.043356000000000006,-370934691.3693962,-470933321.32905567,-345355251.5583481,0.0,0.0,0.0,0.016349003453657668,0.009068307641709399,0.018211390172149816,-0.027006996546342338,-0.03428769235829061,-0.02514460982785019
信息技术,半导体,地方国有企业,17518033653.0,0.043783,-355447244.30916613,-314588412.7584185,-87637511.22054876,0.0,0.0,0.0,0.023492638002191243,0.025825024864785863,0.038780297473193254,-0.02029036199780876,-0.01795797513521414,-0.005002702526806749
信息技术,半导体,地方国有企业,31054473365.0,0.051574999999999996,-1304516835.138562,-939314889.81125,-655116581.1617947,0.0,0.0,0.0,0.009567627348534585,0.021327670451983687,0.030479276576779915,-0.04200737265146541,-0.03024732954801631,-0.02109572342322008
信息技术,半导体,地方国有企业,42551398848.0,0.077561,-2263561082.41493,-679339544.9043998,-166652115.34147492,0.0,0.0,0.0,0.024365073574626528,0.061595848129644276,0.07364451029923173,-0.05319592642537348,-0.01596515187035573,-0.003916489700768272
信息技术,半导体,地方国有企业,53624552279.13,0.092863,-4514906238.864175,-2299676724.147314,-1830775059.2229068,0.0,0.0,0.0,0.008668241312544817,0.049978227514126596,0.05872238751165254,-0.08419475868745518,-0.042884772485873406,-0.03414061248834746
信息技术,半导体,地方国有企业,65708880828.22,0.110118,-6650727447.153354,-3371848541.542522,-2845105451.238672,0.0,0.0,0.0,0.008902953215988038,0.058803040757924245,0.06681935580795367,-0.10121504678401196,-0.05131495924207575,-0.04329864419204632
信息技术,半导体,地方国有企业,89800578023.69,0.078116,-6137979102.023558,-554206476.7311497,15042775.37033801,0.0,0.0,15042775.37033801,0.009764779583531003,0.07194447539594961,0.0782835131240956,-0.068351220416469,-0.006171524604050391,0.00016751312409558905
信息技术,硬件设备,中央国有企业,12219367752.0,0.141637,-288129046.09936666,-802300948.5027757,-481434182.35270035,0.0,0.0,0.0,0.11805729833726814,0.07597886082406274,0.10223772893101186,-0.023579701662731878,-0.06565813917593727,-0.03939927106898815
信息技术,硬件设备,中央国有企业,14007819588.0,0.12245900000000001,-164572232.07428056,-639422358.0571023,-311698687.1552367,0.0,0.0,0.0,0.11071040265118323,0.076811470486922,0.10020723660477054,-0.01174859734881678,-0.04564752951307802,-0.022251763395229468
信息技术,硬件设备,中央国有企业,15131869545.0,0.091645,287481769.40498817,-302149706.71737456,182891198.56745243,287481769.40498817,0.0,182891198.56745243,0.11064343033605721,0.07167722894442588,0.10373149057035289,0.018998430336057207,-0.019967771055574124,0.012086490570352881
信息技术,硬件设备,中央国有企业,16769281027.0,0.058621999999999994,376079417.2885048,-418596848.8041247,5292115.598093487,376079417.2885048,0.0,5292115.598093487,0.08104868702867965,0.03365987740630338,0.058937583929303386,0.022426687028679657,-0.024962122593696616,0.0003155839293033924
信息技术,硬件设备,中央国有企业,16792291128.0,0.110082,94913832.73710191,-199437622.46908638,223529684.3855076,94913832.73710191,0.0,223529684.3855076,0.11573422648973966,0.09820526317184093,0.12339344646562178,0.005652226489739662,-0.011876736828159068,0.013311446465621782
信息技术,硬件设备,中央国有企业,19218418866.0,0.09787900000000001,370382729.80177593,-190678118.323726,463741524.61406803,370382729.80177593,0.0,463741524.61406803,0.11715127897280528,0.08795736598560866,0.12200905605963194,0.01927227897280527,-0.009921634014391348,0.024130056059631935
信息技术,硬件设备,中央国有企业,20726545629.0,0.095471,280443338.8876326,98387800.53538169,568504703.6692612,280443338.8876326,98387800.53538169,568504703.6692612,0.10900163573194967,0.10021794636995951,0.12289982069426106,0.013530635731949667,0.004746946369959509,0.027428820694261058
信息技术,硬件设备,中央国有企业,20963979137.0,0.055788000000000004,180998029.51830646,-745558162.6082402,-241828715.4581091,180998029.51830646,0.0,0.0,0.06442176310076828,0.020224228554893923,0.044252560383419876,0.008633763100768271,-0.035563771445106085,-0.011535439616580129
信息技术,硬件设备,中央国有企业,22606867760.88,0.064536,954536245.4210858,985500921.2182122,1503563461.605705,954536245.4210858,985500921.2182122,1503563461.605705,0.10675928610568779,0.10812898827427875,0.1310451456945461,0.04222328610568779,0.04359298827427875,0.06650914569454609
信息技术,硬件设备,中央国有企业,25302247864.46,0.084467,371223613.0641166,428890862.783663,1070996506.564484,371223613.0641166,428890862.783663,1070996506.564484,0.09913856653640818,0.10141770197245562,0.12679511694445636,0.014671566536408179,0.016950701972455615,0.04232811694445636
信息技术,硬件设备,中央国有企业,26121984763.0,0.06096599999999999,1053216016.4412773,-84094509.30185936,956357755.4836675,1053216016.4412773,0.0,956357755.4836675,0.10128514213245715,0.05774669985627686,0.09757722093747954,0.04031914213245716,-0.003219300143723132,0.03661122093747955
信息技术,硬件设备,中央国有企业,26987332213.0,0.097951,158109262.0504316,-407945185.3868986,434225468.3574436,158109262.0504316,0.0,434225468.3574436,0.10380964733877879,0.08283482689451652,0.11404097380438641,0.005858647338778791,-0.01511617310548348,0.016089973804386412
信息技术,硬件设备,中央国有企业,30582928717.03,0.131432,-853870864.2545923,-384382202.88610303,232923052.3724061,0.0,0.0,232923052.3724061,0.10351214732156383,0.11886347831122984,0.13904811337251372,-0.027919852678436163,-0.012568521688770151,0.007616113372513722
信息技术,硬件设备,中央国有企业,31615458539.32,0.068714,226730087.05163676,-411730122.3206718,586299040.8021134,226730087.05163676,0.0,586299040.8021134,0.0758854945006935,0.05569093655751964,0.08725869515515443,0.007171494500693501,-0.01302306344248036,0.01854469515515443
信息技术,硬件设备,中央国有企业,31810174007.0,0.06579,471543767.95863104,-609769329.6450335,474522637.016616,471543767.95863104,0.0,474522637.016616,0.08061367772822825,0.04662099672730962,0.08070732289525341,0.014823677728228249,-0.01916900327269038,0.01491732289525341
信息技术,硬件设备,中央国有企业,31810733160.0,0.101354,19711050.259661626,-408687314.02123827,620550948.7793859,19711050.259661626,0.0,620550948.7793859,0.10197363520804503,0.08850653395872256,0.12086159656051215,0.0006196352080450329,-0.012847466041277442,0.019507596560512153
信息技术,硬件设备,中央国有企业,35569904322.27,0.110826,-587642115.3801352,-747257388.9963346,273269847.16901636,0.0,0.0,273269847.16901636,0.09430523261035544,0.08981786395819222,0.1185086140630894,-0.01652076738964456,-0.021008136041807776,0.007682614063089413
信息技术,硬件设备,中央国有企业,36617491563.87,0.06714,532655526.2191401,-66468578.28465469,1173804051.3051515,532655526.2191401,0.0,1173804051.3051515,0.08168647774793794,0.06532478613782933,0.09919582909079792,0.014546477747937936,-0.0018152138621706781,0.03205582909079792
信息技术,硬件设备,中央国有企业,40953741117.01,0.062329999999999997,157238198.7061969,157282544.15833673,1281348695.257145,157238198.7061969,157282544.15833673,1281348695.257145,0.06616940989070931,0.0661704927088092,0.09361770804103513,0.003839409890709314,0.0038404927088092067,0.03128770804103513
信息技术,硬件设备,中央国有企业,41246813453.82,0.095501,177197318.6083202,260983098.49533522,1447647657.670776,177197318.6083202,260983098.49533522,1447647657.670776,0.09979702443851113,0.10182835177924793,0.13059819991561444,0.004296024438511126,0.006327351779247925,0.03509719991561444
信息技术,硬件设备,中央国有企业,42527397016.91,0.063355,1195832880.110005,1792157201.1708052,2848285312.6564,1195832880.110005,1792157201.1708052,2848285312.6564,0.09147411765101707,0.10549623898667479,0.1303303032738836,0.028119117651017073,0.042141238986674795,0.0669753032738836
信息技术,硬件设备,中央国有企业,75358000240.0,0.191563,-6963418406.17545,-4668930589.876396,-3229614111.969524,0.0,0.0,0.0,0.09915849903131228,0.1296063321610606,0.1487060491562428,-0.09240450096868773,-0.06195666783893941,-0.04285695084375721
信息技术,硬件设备,中央国有企业,88701682384.0,0.186188,-7805946879.07571,-5091813276.813161,-3231052235.1272516,0.0,0.0,0.0,0.09818575844968926,0.12878420404075197,0.149761946420321,-0.08800224155031074,-0.05740379595924802,-0.036426053579678985
信息技术,硬件设备,中央国有企业,103865000000.0,0.191812,-10576767368.20484,-6222892060.762244,-4260693442.2355094,0.0,0.0,0.0,0.08998012816439764,0.13189872737917255,0.15079054482033882,-0.10183187183560237,-0.05991327262082746,-0.04102145517966119
信息技术,硬件设备,中央国有企业,119233000000.0,0.13317,-4858456216.874641,722364310.2668663,3183798639.633137,0.0,722364310.2668663,3183798639.633137,0.09242241990996922,0.1392284260252352,0.15987232770821114,-0.040747580090030794,0.006058426025235181,0.026702327708211127
信息技术,硬件设备,中央国有企业,132016200156.14,0.105061,-4267645531.452968,2301034408.9886107,5186482584.557391,0.0,2301034408.9886107,5186482584.557391,0.07273431943802745,0.12249093970639285,0.14434771313386663,-0.03232668056197255,0.017429939706392852,0.03928671313386663
信息技术,硬件设备,中央国有企业,138049655334.62,0.122102,-5523155398.141544,1753148633.1669455,4891687775.875881,0.0,1753148633.1669455,4891687775.875881,0.08209353069412662,0.1348014060862917,0.1575362628673637,-0.04000846930587339,0.012699406086291706,0.03543426286736369
信息技术,硬件设备,中央国有企业,138848007548.55,0.124759,-5794553079.366865,307151491.2715626,3359916995.199354,0.0,307151491.2715626,3359916995.199354,0.08302593388206722,0.12697114187149328,0.14895752509604443,-0.041733066117932774,0.002212141871493281,0.024198525096044435
信息技术,硬件设备,地方国有企业,29409085017.0,0.04292,2300785596.28705,3342347812.9014945,3466130698.8479986,2300785596.28705,3342347812.9014945,3466130698.8479986,0.12115383811353106,0.15657018024088276,0.16077918184276704,0.07823383811353106,0.11365018024088276,0.11785918184276704
信息技术,硬件设备,地方国有企业,38322865651.0,0.049766000000000005,2525087372.7289286,3668944321.562862,4181606626.5879107,2525087372.7289286,3668944321.562862,4181606626.5879107,0.11565583704205426,0.14550373409784464,0.15888118633990242,0.06588983704205426,0.09573773409784464,0.10911518633990241
信息技术,硬件设备,地方国有企业,41013425652.0,0.054576,2006665203.080552,3120846990.6874223,3600672597.623403,2006665203.080552,3120846990.6874223,3600672597.623403,0.10350303233587849,0.1306693021583686,0.14236853477081396,0.04892703233587849,0.07609330215836861,0.08779253477081396
信息技术,硬件设备,地方国有企业,46208162563.0,0.051094999999999995,3047104176.8450494,4907413780.260957,5515211987.539217,3047104176.8450494,4907413780.260957,5515211987.539217,0.1170379851314828,0.157297313791859,0.1704507952021962,0.0659429851314828,0.10620231379185899,0.11935579520219619
信息技术,硬件设备,地方国有企业,48119624861.79,0.040993,4138523898.589359,5023474231.240532,5886505465.77315,4138523898.589359,5023474231.240532,5886505465.77315,0.12699790777881367,0.14538854019111827,0.16332365994758835,0.08600490777881367,0.10439554019111827,0.12233065994758835
信息技术,硬件设备,地方国有企业,71191039667.42,0.033993999999999996,5533090393.33796,7013843973.309106,8141650884.689036,5533090393.33796,7013843973.309106,8141650884.689036,0.11171572480113581,0.1325154432332407,0.14835742161491142,0.07772172480113582,0.09852144323324069,0.11436342161491142
信息技术,硬件设备,地方国有企业,83793847851.87,0.031889,4706376987.533841,10418085473.920187,10474195251.316175,4706376987.533841,10418085473.920187,10474195251.316175,0.08805513997549953,0.1562189566853307,0.15688857359438085,0.05616613997549953,0.1243299566853307,0.12499957359438085
信息技术,硬件设备,地方国有企业,340412000000.0,0.006793,3416950998.9861283,20049221258.851307,23901740573.945686,3416950998.9861283,20049221258.851307,23901740573.945686,0.016830692557800925,0.0656899286007876,0.0770071539485849,0.010037692557800924,0.058896928600787594,0.0702141539485849
信息技术,硬件设备,地方国有企业,419187099795.0,0.004366,11415705097.071093,41305349479.38929,46952990529.96668,11415705097.071093,41305349479.38929,46952990529.96668,0.03159895898813167,0.10290278583999682,0.11637562661524807,0.02723295898813167,0.09853678583999682,0.11200962661524808
信息技术,硬件设备,地方国有企业,420562000000.0,0.004916,13976869861.994616,44526070879.11899,50766507245.199326,13976869861.994616,44526070879.11899,50766507245.199326,0.038149791597896665,0.11078878660249616,0.1256271133321587,0.03323379159789666,0.10587278660249616,0.1207111133321587
信息技术,硬件设备,地方国有企业,424257000000.0,0.015936,1216232084.4531698,25892773565.538452,30545182778.03742,1216232084.4531698,25892773565.538452,30545182778.03742,0.018802734277697644,0.07696686941532715,0.08793288579808328,0.0028667342776976454,0.061030869415327156,0.07199688579808328
信息技术,硬件设备,地方国有企业,429978221541.0,0.014862,6363100377.347014,38251267161.4285,43832702155.99534,6363100377.347014,38251267161.4285,43832702155.99534,0.02966065737046468,0.10382294091542518,0.11680367974113481,0.01479865737046468,0.08896094091542518,0.10194167974113481
信息技术,硬件设备,地方国有企业,436378322803.0,0.020478999999999997,3462505134.543404,37800265198.188385,42275073250.23146,3462505134.543404,37800265198.188385,42275073250.23146,0.02841364054837235,0.10710169233582681,0.1173561156612109,0.007934640548372354,0.08662269233582681,0.0968771156612109
信息技术,硬件设备,地方国有企业,450233000000.0,0.087905,-31978278098.17478,-2676543810.5944886,1918010153.321789,0.0,0.0,1918010153.321789,0.01687893549967509,0.0819602029491519,0.09216503903161649,-0.0710260645003249,-0.005944797050848091,0.004260039031616494
信息技术,软件服务,中央国有企业,690535054.8,0.094655,44693980.38085416,-106082771.00944592,-25393062.48103043,44693980.38085416,0.0,0.0,0.15937869515519948,-0.05896901991332754,0.0578819755104829,0.06472369515519948,-0.15362401991332755,-0.0367730244895171
信息技术,软件服务,中央国有企业,1340618263.0,0.10196999999999999,39726054.20878364,-205164050.33467543,-71235989.30247213,39726054.20878364,0.0,0.0,0.13160263689984777,-0.051066890513161274,0.048833330697090366,0.029632636899847783,-0.15303689051316127,-0.053136669302909625
信息技术,软件服务,中央国有企业,1801574166.0,0.088668,50003455.90581582,-299310307.38778394,-130736072.56817976,50003455.90581582,0.0,0.0,0.11642342458895129,-0.07747021014781577,0.016100311677486746,0.02775542458895129,-0.16613821014781577,-0.07256768832251326
信息技术,软件服务,中央国有企业,5395667291.0,0.051550000000000006,267413915.03204107,-710410126.3739586,-262513405.33044723,267413915.03204107,0.0,0.0,0.1011108607072732,-0.08011307113837915,0.0028973698112704505,0.04956086070727319,-0.13166307113837916,-0.048652630188729555
信息技术,软件服务,中央国有企业,5535537490.15,0.036657,405106555.9977288,-551823244.7677529,-26212516.295866728,405106555.9977288,0.0,0.0,0.10983987640876432,-0.06303038279700457,0.03192168453289142,0.07318287640876431,-0.09968738279700456,-0.004735315467108585
信息技术,软件服务,中央国有企业,5628841870.04,0.009101,541705311.4833145,-346538857.4519751,192358278.77844438,541705311.4833145,0.0,192358278.77844438,0.10533843640172023,-0.05246385924688315,0.04327468674047996,0.09623743640172024,-0.061564859246883145,0.034173686740479964
信息技术,软件服务,中央国有企业,6327842567.91,0.003333,646726835.4503942,-368316745.0928704,255517028.0452302,646726835.4503942,0.0,255517028.0452302,0.1055363700285308,-0.054872737759768635,0.043712801694343356,0.10220337002853079,-0.05820573775976864,0.040379801694343354
信息技术,软件服务,中央国有企业,10267677543.0,0.101713,103151999.05062462,-842757657.0371695,-116781350.74119195,103151999.05062462,0.0,0.0,0.11175928345783498,0.019634296855322413,0.09033931298537343,0.010046283457834981,-0.08207870314467758,-0.011373687014626571
信息技术,软件服务,中央国有企业,14070448560.0,0.12177500000000001,-134762830.22688058,-1371997463.3535185,-393976452.61537963,0.0,0.0,0.0,0.11219727903025144,0.02426585112653165,0.0937747233254247,-0.009577720969748571,-0.09750914887346836,-0.028000276674575303
信息技术,软件服务,中央国有企业,17860169154.0,0.126112,-786592057.5816187,-1998880702.538508,-964828873.2830575,0.0,0.0,0.0,0.08207030863643014,0.014193647754672321,0.07209073822113424,-0.04404169136356986,-0.11191835224532767,-0.054021261778865765
信息技术,软件服务,中央国有企业,19581031615.0,0.122726,-933387448.852482,-2158259228.0169096,-1054485702.644029,0.0,0.0,0.0,0.07505805955617462,0.012504063257730492,0.06887359204840654,-0.047667940443825385,-0.11022193674226952,-0.05385240795159346
信息技术,软件服务,中央国有企业,21636685902.19,0.11368,-977090947.0665792,-2186532095.813398,-964691204.7802646,0.0,0.0,0.0,0.06852100700617551,0.012623299094059313,0.06909409580278551,-0.04515899299382449,-0.10105670090594068,-0.04458590419721449
信息技术,软件服务,中央国有企业,21882684637.81,0.13603500000000002,-1358058837.1642466,-2621740227.8695664,-1387758467.9944818,0.0,0.0,0.0,0.07397411214999078,0.016226106746583025,0.07261689152912972,-0.06206088785000924,-0.119808893253417,-0.0634181084708703
信息技术,软件服务,中央国有企业,22314945033.04,0.064209,136729098.99372274,-1094705353.051202,122711977.69175754,136729098.99372274,0.0,122711977.69175754,0.07033624336946735,0.015151950949224516,0.06970809388125615,0.00612724336946735,-0.049057049050775486,0.005499093881256148
公用事业,公用事业Ⅱ,中央国有企业,100050000000.0,0.036157,3047111694.70017,6531746718.025142,6378118591.979953,3047111694.70017,6531746718.025142,6378118591.979953,0.06661288900250045,0.10144182476786748,0.09990631126416744,0.03045588900250045,0.06528482476786748,0.06374931126416744
公用事业,公用事业Ⅱ,中央国有企业,142576000000.0,0.052405999999999994,-766749529.6463282,4767832830.786121,3852395252.8781285,0.0,4767832830.786121,3852395252.8781285,0.047028169722489556,0.08584664099698491,0.07942594201603445,-0.005377830277510438,0.03344064099698492,0.027019942016034457
公用事业,公用事业Ⅱ,中央国有企业,160654000000.0,0.04386,-2359526214.426931,8824594742.045675,7574693856.820819,0.0,8824594742.045675,7574693856.820819,0.029172994295648222,0.09878919405707717,0.09100911459920587,-0.014687005704351781,0.05492919405707717,0.047149114599205864
公用事业,公用事业Ⅱ,中央国有企业,162879000000.0,0.051261,-3242052408.350445,8132776063.059466,6920295894.02917,0.0,8132776063.059466,6920295894.02917,0.03135633206643923,0.10119239731370813,0.09374834271470951,-0.01990466793356077,0.04993139731370813,0.04248734271470951
公用事业,公用事业Ⅱ,中央国有企业,164632000000.0,0.057054,-5776052618.435713,5266294845.675488,3632909134.222405,0.0,5266294845.675488,3632909134.222405,0.021969371140266092,0.08904228202096487,0.07912084687194716,-0.03508462885973391,0.03198828202096487,0.02206684687194716
公用事业,公用事业Ⅱ,中央国有企业,167460000000.0,0.063759,-8784514062.04742,889645281.3695983,-1166933871.8936646,0.0,889645281.3695983,0.0,0.011301612790831111,0.06907158378938014,0.056790566512040695,-0.052457387209168885,0.00531258378938014,-0.006968433487959301
公用事业,公用事业Ⅱ,中央国有企业,195239265297.35,0.052607999999999995,-3738828272.254373,9845942257.979956,8538631529.776809,0.0,9845942257.979956,8538631529.776809,0.03345801873695782,0.10303813372840015,0.09634219207848609,-0.019149981263042175,0.050430133728400155,0.04373419207848609
公用事业,公用事业Ⅱ,中央国有企业,214607123371.44,0.06363100000000001,-9460704676.311401,4157317159.6787233,2684367672.093565,0.0,4157317159.6787233,2684367672.093565,0.019547166585314593,0.0830027575370659,0.07613928784209315,-0.044083833414685414,0.019371757537065895,0.012508287842093138
公用事业,公用事业Ⅱ,中央国有企业,217196000000.0,0.036911,-2268264673.7385974,5769513957.897936,4760314980.200872,0.0,5769513957.897936,4760314980.200872,0.02646760015037755,0.06347462897059769,0.05882813926684134,-0.010443399849622448,0.02656362897059769,0.021917139266841343
公用事业,公用事业Ⅱ,中央国有企业,222386000000.0,-0.012641,11500090465.249784,27801790907.658974,26725704020.448925,11500090465.249784,27801790907.658974,26725704020.448925,0.03907129513211166,0.11237492234969368,0.10753609757111025,0.05171229513211166,0.12501592234969366,0.12017709757111025
公用事业,公用事业Ⅱ,中央国有企业,224722000000.0,0.067674,-10475239439.313747,4697927659.5009165,2514442978.300407,0.0,4697927659.5009165,2514442978.300407,0.021059785818416762,0.08857950840372067,0.07886312691369962,-0.046614214181583236,0.02090550840372067,0.011189126913699624
公用事业,公用事业Ⅱ,中央国有企业,226476498000.0,0.041466,-1944814009.6471307,15244042874.195652,13093956742.851921,0.0,15244042874.195652,13093956742.851921,0.03287873365306483,0.10877560169737194,0.09928196262077454,-0.008587266346935171,0.06730960169737193,0.05781596262077454
公用事业,公用事业Ⅱ,中央国有企业,226717001711.92,0.060695,-9477904043.100924,4805366833.090769,3259932601.908716,0.0,4805366833.090769,3259932601.908716,0.0188900009415522,0.0818904409982748,0.07507386253476031,-0.0418049990584478,0.021195440998274806,0.014378862534760312
公用事业,公用事业Ⅱ,中央国有企业,226802000000.0,0.010929,5356316922.119743,22070980045.461464,20241308212.468697,5356316922.119743,22070980045.461464,20241308212.468697,0.034545709385806755,0.1082428686848505,0.10017560370044662,0.023616709385806754,0.09731386868485051,0.08924660370044663
公用事业,公用事业Ⅱ,中央国有企业,227138590000.0,0.05258,-2325751436.6049027,15952652412.53878,14202360126.422157,0.0,15952652412.53878,14202360126.422157,0.04234065037383167,0.12281312248499376,0.1151072884119874,-0.010239349626168334,0.07023312248499376,0.0625272884119874
公用事业,公用事业Ⅱ,中央国有企业,228909000000.0,0.051626000000000005,-6137522120.814251,8765315403.7589,7041048451.363698,0.0,8765315403.7589,7041048451.363698,0.024813938784345527,0.08991770283282396,0.08238515954096912,-0.02681206121565448,0.03829170283282396,0.03075915954096911
公用事业,公用事业Ⅱ,中央国有企业,232164000000.0,0.044404000000000006,-3441308903.9975657,11040985954.570305,9390838249.192371,0.0,11040985954.570305,9390838249.192371,0.029581250116307592,0.09196083893527983,0.08485315770400395,-0.014822749883692414,0.04755683893527982,0.040449157704003945
公用事业,公用事业Ⅱ,中央国有企业,236691000000.0,0.04776,-3028298315.6070166,13535531466.14909,11879191913.249704,0.0,13535531466.14909,11879191913.249704,0.03496568878577125,0.10494650673726119,0.0979486084103312,-0.012794311214228749,0.057186506737261195,0.05018860841033121
公用事业,公用事业Ⅱ,中央国有企业,241370000000.0,0.027852000000000002,-449060662.56178766,16169541647.502115,14486876553.905857,0.0,16169541647.502115,14486876553.905857,0.025991534065700844,0.09484268503750307,0.08787137504207589,-0.0018604659342991575,0.06699068503750306,0.060019375042075884
公用事业,公用事业Ⅱ,中央国有企业,258254000000.0,0.037759999999999995,-3007437014.622154,15404408586.80357,13430714775.42544,0.0,15404408586.80357,13430714775.42544,0.026114732106290103,0.0974082865194869,0.08976583447081338,-0.011645267893709892,0.0596482865194869,0.05200583447081338
公用事业,公用事业Ⅱ,中央国有企业,262127000000.0,0.037842,-3345546960.738955,9528927036.404001,8652063791.696772,0.0,9528927036.404001,8652063791.696772,0.025078923473205908,0.074194329353344,0.07084914459669081,-0.012763076526794093,0.036352329353343996,0.03300714459669081
公用事业,公用事业Ⅱ,中央国有企业,264230768000.0,0.056004,-3690041206.670817,17972620049.53943,15989298379.943346,0.0,17972620049.53943,15989298379.943346,0.04203877848321276,0.12402264970372953,0.116516628794022,-0.013965221516787238,0.06801864970372953,0.060512628794022
公用事业,公用事业Ⅱ,中央国有企业,271927000000.0,0.051731,18179836295.490265,3464253733.804061,17069416040.835915,18179836295.490265,3464253733.804061,17069416040.835915,0.11858657629617606,0.0644706460586998,0.11450305294375297,0.06685557629617606,0.012739646058699802,0.06277205294375297
公用事业,公用事业Ⅱ,中央国有企业,277363021076.32,0.053080999999999996,-7894712772.817062,11660150547.440289,9431387557.56132,0.0,11660150547.440289,9431387557.56132,0.024617534530878463,0.09512031188156422,0.08708476705215563,-0.028463465469121534,0.04203931188156423,0.03400376705215564
公用事业,公用事业Ⅱ,中央国有企业,296483000000.0,0.107289,-20616126955.556454,3950115529.4110875,2054903326.8022668,0.0,3950115529.4110875,2054903326.8022668,0.03775338765272729,0.12061224460225742,0.11421993137482508,-0.06953561234727271,0.013323244602257422,0.006930931374825089
公用事业,公用事业Ⅱ,中央国有企业,296536685805.74,0.06662499999999999,-11695682411.325594,8283916776.746621,6530914546.205949,0.0,8283916776.746621,6530914546.205949,0.027184070863200405,0.09456055459837229,0.08864896822659683,-0.039440929136799585,0.027935554598372297,0.022023968226596843
公用事业,公用事业Ⅱ,中央国有企业,311707560904.4,0.031429,-2492701135.4841094,13821422471.614067,12475279292.436861,0.0,13821422471.614067,12475279292.436861,0.02343207773012726,0.07576999202313885,0.07145138269819512,-0.007996922269872739,0.04434099202313885,0.04002238269819512
公用事业,公用事业Ⅱ,中央国有企业,313579818706.81,0.062301,-11704309108.307184,9824686736.659271,7742145728.838388,0.0,9824686736.659271,7742145728.838388,0.02497618376477395,0.09363173670740632,0.0869905535585379,-0.03732481623522605,0.03133073670740632,0.024689553558537893
公用事业,公用事业Ⅱ,中央国有企业,327268000000.0,0.092723,-13844461573.430082,15684988368.194527,14474495335.100155,0.0,15684988368.194527,14474495335.100155,0.050419867480382796,0.140650045626809,0.13695126348772307,-0.042303132519617204,0.047927045626808995,0.044228263487723074
公用事业,公用事业Ⅱ,中央国有企业,328563000000.0,0.112712,-22629938049.957752,5834738744.779758,4329380101.755653,0.0,5834738744.779758,4329380101.755653,0.04383650869404726,0.13047035606802884,0.12588871223404843,-0.06887549130595275,0.017758356068028835,0.013176712234048427
公用事业,公用事业Ⅱ,中央国有企业,330827000000.0,0.11937099999999999,-26355994406.107544,1896003404.94751,-111228925.36406627,0.0,1896003404.94751,0.0,0.03970400061328867,0.12510210237358954,0.11903478522501468,-0.07966699938671132,0.00573110237358955,-0.0003362147749853134
公用事业,公用事业Ⅱ,中央国有企业,336672867584.0,0.052148,-6022342361.873982,13518293739.127848,10427928846.281157,0.0,13518293739.127848,10427928846.281157,0.034260183838599925,0.09230060818650623,0.08312147559104799,-0.017887816161400075,0.04015260818650623,0.03097347559104799
公用事业,公用事业Ⅱ,中央国有企业,347639000000.0,0.051093,-11675004397.769346,5772702972.346735,3626965506.537634,0.0,5772702972.346735,3626965506.537634,0.01750929852298118,0.06769845270336969,0.06152613755515818,-0.03358370147701882,0.01660545270336969,0.010433137555158178
公用事业,公用事业Ⅱ,中央国有企业,356871426700.32,0.038501,-6299071147.432802,9748443889.920624,8563509806.562868,0.0,9748443889.920624,8563509806.562868,0.020850186076131566,0.06581740350155241,0.06249706459318473,-0.017650813923868434,0.027316403501552407,0.023996064593184728
公用事业,公用事业Ⅱ,中央国有企业,357337000000.0,0.028807,1190867611.880479,26617122966.99136,24353457897.836597,1190867611.880479,26617122966.99136,24353457897.836597,0.03213961770228238,0.10329445292816405,0.09695963434191421,0.003332617702282381,0.07448745292816406,0.06815263434191421
公用事业,公用事业Ⅱ,中央国有企业,364848000000.0,0.052023,-13870289518.665102,9082557516.753311,5234428327.067547,0.0,9082557516.753311,5234428327.067547,0.014006375217446437,0.07691708607626549,0.06636987411488496,-0.03801662478255356,0.02489408607626549,0.014346874114884958
公用事业,公用事业Ⅱ,中央国有企业,381746000000.0,0.036137999999999997,-7074423598.187786,12191257664.062721,9967672370.70447,0.0,12191257664.062721,9967672370.70447,0.017606244334746696,0.06807352169259853,0.06224874476406948,-0.0185317556652533,0.031935521692598536,0.026110744764069486
公用事业,公用事业Ⅱ,中央国有企业,387155529975.3,0.024668000000000002,-2636771990.692146,17668740862.674637,15606560839.472055,0.0,17668740862.674637,15606560839.472055,0.017857372780338776,0.07030532013282073,0.06497883022491693,-0.006810627219661226,0.04563732013282073,0.04031083022491693
公用事业,公用事业Ⅱ,中央国有企业,387975000000.0,0.06401,-15138644229.199474,6631830288.000061,4819167720.192396,0.0,6631830288.000061,4819167720.192396,0.024990361545977252,0.08110344748501852,0.07643133570511604,-0.039019638454022745,0.017093447485018523,0.01242133570511604
公用事业,公用事业Ⅱ,中央国有企业,391898000000.0,0.06333899999999999,-12877924930.02713,11022011057.56474,9189519127.677555,0.0,11022011057.56474,9189519127.677555,0.0304786002785747,0.09146369330684193,0.08678775229696899,-0.03286039972142529,0.028124693306841933,0.023448752296968994
公用事业,公用事业Ⅱ,中央国有企业,397909000000.0,-0.004032,13480119195.540821,41347905216.63004,39036367254.74422,13480119195.540821,41347905216.63004,39036367254.74422,0.02984539205582387,0.09988096808222494,0.09407175551883526,0.03387739205582387,0.10391296808222493,0.09810375551883525
公用事业,公用事业Ⅱ,中央国有企业,399993000000.0,0.063404,-13003200827.931952,13311824598.910208,11688967145.850489,0.0,13311824598.910208,11688967145.850489,0.030895429030178154,0.09668414389979377,0.09262692926588838,-0.03250857096982185,0.033280143899793765,0.029222929265888375
公用事业,公用事业Ⅱ,中央国有企业,409016000000.0,0.061731,-11724313613.720968,16001810308.033857,14358383616.230946,0.0,16001810308.033857,14358383616.230946,0.033066317900226475,0.10085370010961395,0.09683569912235938,-0.028664682099773527,0.039122700109613946,0.03510469912235938
公用事业,公用事业Ⅱ,中央国有企业,409621000000.0,0.04185,-7413248346.971568,14695542868.881964,13132497061.957212,0.0,14695542868.881964,13132497061.957212,0.023752177019802284,0.0777259508640474,0.07391011669801405,-0.018097822980197714,0.03587595086404741,0.03206011669801405
公用事业,公用事业Ⅱ,中央国有企业,412852000000.0,0.025287,2685311036.198393,29784636732.327812,27129418986.436813,2685311036.198393,29784636732.327812,27129418986.436813,0.031791294604842396,0.09743061740364056,0.09099921402932967,0.006504294604842396,0.07214361740364056,0.06571221402932967
公用事业,公用事业Ⅱ,中央国有企业,415250356776.35,0.063124,-12120128098.705393,16660983329.795416,14904769056.175406,0.0,16660983329.795416,14904769056.175406,0.033936479987264206,0.10324674296194974,0.09901745273989247,-0.029187520012735793,0.040122742961949745,0.03589345273989247
公用事业,公用事业Ⅱ,中央国有企业,425400654520.48,0.063887,-12203341166.762756,17162456422.50303,15689111793.472244,0.0,17162456422.50303,15689111793.472244,0.03520029950463145,0.10423121724585471,0.10076778903206512,-0.028686700495368547,0.04034421724585471,0.036880789032065125
公用事业,公用事业Ⅱ,中央国有企业,428250000000.0,0.032111,2552117267.8727293,28391007978.580765,27521811848.93235,2552117267.8727293,28391007978.580765,27521811848.93235,0.038070409849089853,0.09840640683848398,0.09637676030106795,0.005959409849089853,0.06629540683848398,0.06426576030106795
公用事业,公用事业Ⅱ,中央国有企业,444090216404.0,0.040872,-13895336381.575415,5123865002.932114,2704357623.735406,0.0,5123865002.932114,2704357623.735406,0.00958255504421543,0.0524098921076496,0.04696165819070237,-0.03128944495578457,0.011537892107649599,0.006089658190702368
公用事业,公用事业Ⅱ,中央国有企业,449905000000.0,0.03116,3586571294.0030785,30433888538.954586,29604701044.117928,3586571294.0030785,30433888538.954586,29604701044.117928,0.039131841375408316,0.09880514406142316,0.09696211610032768,0.007971841375408316,0.06764514406142316,0.06580211610032768
公用事业,公用事业Ⅱ,中央国有企业,457899346871.8,0.035992,-2061766089.9516811,26273815246.011944,23664743237.690132,0.0,26273815246.011944,23664743237.690132,0.031489337779499124,0.09337101882914879,0.08767310284358115,-0.004502662220500879,0.05737901882914879,0.05168110284358115
公用事业,公用事业Ⅱ,中央国有企业,464620000000.0,0.044770000000000004,-10074778427.581799,16117816101.745947,13508823130.116272,0.0,16117816101.745947,13508823130.116272,0.02308608964835393,0.0794603191893288,0.07384499274701105,-0.021683910351646074,0.0346903191893288,0.029074992747011044
公用事业,公用事业Ⅱ,中央国有企业,493936293815.87,0.056732,-15064020809.418972,12959899466.589884,10043415764.123854,0.0,12959899466.589884,10043415764.123854,0.026234097744138332,0.08296999795408654,0.07706542333792513,-0.030497902255861666,0.026237997954086538,0.02033342333792513
公用事业,公用事业Ⅱ,中央国有企业,500771000000.0,-0.013907000000000001,26565922957.349277,56445590595.75025,55872298806.10434,26565922957.349277,56445590595.75025,55872298806.10434,0.03914304274877993,0.09881037100541015,0.09766555273588994,0.05305004274877993,0.11271737100541016,0.11157255273588994
公用事业,公用事业Ⅱ,中央国有企业,505656118063.91,0.049821,-7011324769.782459,27646856665.2959,26239380182.933414,0.0,27646856665.2959,26239380182.933414,0.03595520362315027,0.10449621439501619,0.10171274865202959,-0.013865796376849725,0.05467521439501619,0.05189174865202959
公用事业,公用事业Ⅱ,中央国有企业,512222000000.0,-0.002352,17942583405.507286,47471328580.0417,45550517968.177864,17942583405.507286,47471328580.0417,45550517968.177864,0.0326769198931465,0.0903252543546386,0.08657529708637635,0.0350289198931465,0.09267725435463861,0.08892729708637634
公用事业,公用事业Ⅱ,中央国有企业,518120395445.0,0.031789,-10775472576.89217,12245089309.102713,9561950926.022625,0.0,12245089309.102713,9561950926.022625,0.010991763157707002,0.05542267552552284,0.050244075326286115,-0.020797236842292996,0.02363367552552284,0.018455075326286118
公用事业,公用事业Ⅱ,中央国有企业,520151776851.06,0.04671,-10700995489.308573,18483280544.518757,16143748249.96478,0.0,18483280544.518757,16143748249.96478,0.02613716728934161,0.08224439854885135,0.07774661079021436,-0.020572832710658392,0.03553439854885135,0.03103661079021436
公用事业,公用事业Ⅱ,中央国有企业,539267250476.02,0.045784000000000005,-11535225868.015549,15827556497.873089,13539204332.887371,0.0,15827556497.873089,13539204332.887371,0.024393444838652426,0.07513411626220923,0.07089066894927533,-0.02139055516134758,0.029350116262209222,0.025106668949275324
公用事业,公用事业Ⅱ,中央国有企业,550316013000.0,0.039355,-1935259199.164904,31325351166.983295,29346666089.866367,0.0,31325351166.983295,29346666089.866367,0.035838367458971426,0.09627747804350788,0.09268193470045613,-0.003516632541028575,0.056922478043507876,0.05332693470045613
公用事业,公用事业Ⅱ,中央国有企业,559208340046.84,0.09084199999999999,-36466312193.3611,2147820096.8213086,-193605572.57580787,0.0,2147820096.8213086,0.0,0.02563139854454488,0.09468282271849057,0.09049578632843781,-0.06521060145545511,0.00384082271849058,-0.00034621367156217886
公用事业,公用事业Ⅱ,中央国有企业,566071979792.34,0.087861,-36888214523.2491,3780775676.034658,-690546085.3044413,0.0,3780775676.034658,0.0,0.02269576335150643,0.09453996629934167,0.08664110904981065,-0.06516523664849357,0.006678966299341671,-0.0012198909501893451
公用事业,公用事业Ⅱ,中央国有企业,571942544909.29,0.10002000000000001,-27761904126.83488,24204972861.976997,22255903423.877636,0.0,24204972861.976997,22255903423.877636,0.051480326961272124,0.1423406370594723,0.13893283070646095,-0.04853967303872789,0.042320637059472296,0.03891283070646094
公用事业,公用事业Ⅱ,中央国有企业,595576880000.0,0.043636999999999995,-78428891.89481722,36046904459.275154,35968885072.007515,0.0,36046904459.275154,35968885072.007515,0.04350531441157551,0.10416135154849387,0.10403035353650315,-0.0001316855884244822,0.06052435154849388,0.06039335353650316
公用事业,公用事业Ⅱ,中央国有企业,619678043000.0,0.04979,-3965647443.2167983,34708364980.10695,34973351743.15169,0.0,34708364980.10695,34973351743.15169,0.043390471264048325,0.10580031918458171,0.10622793924638328,-0.006399528735951676,0.056010319184581714,0.05643793924638328
公用事业,公用事业Ⅱ,中央国有企业,659739168841.27,0.049053000000000006,-19000552225.317265,13411740993.27782,10839341993.033995,0.0,13411740993.27782,10839341993.033995,0.020252902745370116,0.06938185362382451,0.0654827384556864,-0.02880009725462989,0.020328853623824507,0.016429738455686398
公用事业,公用事业Ⅱ,中央国有企业,749261994107.31,0.042759,-14171596174.886242,19886928207.041374,18869562065.489998,0.0,19886928207.041374,18869562065.489998,0.023844926836886146,0.06930102183407844,0.06794319753556521,-0.018914073163113852,0.026542021834078437,0.025184197535565216
公用事业,公用事业Ⅱ,地方国有企业,37455297271.0,0.09496600000000001,127118147.17991509,1027912958.0139871,1536945053.3012755,127118147.17991509,1027912958.0139871,1536945053.3012755,0.09835986298979764,0.12240972713362111,0.13600011707511037,0.0033938629897976302,0.0274437271336211,0.04103411707511036
公用事业,公用事业Ⅱ,地方国有企业,41329132241.0,0.08250199999999999,552813924.156628,1301929468.5309606,1906772607.1369474,552813924.156628,1301929468.5309606,1906772607.1369474,0.09587788993964447,0.11400349538439616,0.1286382845950431,0.013375889939644475,0.03150149538439617,0.0461362845950431
公用事业,公用事业Ⅱ,地方国有企业,48467289300.0,0.070829,1040335741.7726008,2261843459.8936014,2864518943.2222733,1040335741.7726008,2261843459.8936014,2864518943.2222733,0.09229369829028794,0.11749642234939889,0.12993110751609485,0.021464698290287937,0.046667422349398885,0.05910210751609485
公用事业,公用事业Ⅱ,地方国有企业,54713816868.0,0.070057,465864507.50469714,2252777504.071615,2630318013.0929236,465864507.50469714,2252777504.071615,2630318013.0929236,0.07857156787649489,0.11123083200493142,0.11813110931389974,0.008514567876494891,0.041173832004931424,0.04807410931389974
公用事业,公用事业Ⅱ,地方国有企业,60353345396.81,0.079343,-331430564.63310874,1876138379.8027263,2199295494.417149,0.0,1876138379.8027263,2199295494.417149,0.07385149720998851,0.11042890530429636,0.11578332455793898,-0.005491502790011482,0.031085905304296363,0.03644032455793898
公用事业,公用事业Ⅱ,地方国有企业,65049216986.43,0.082261,-883452269.3500357,1847024557.383927,2066997836.912805,0.0,1847024557.383927,2066997836.912805,0.0686797101662679,0.11065526272831597,0.11403690650082697,-0.013581289833732108,0.028394262728315967,0.03177590650082697
公用事业,公用事业Ⅱ,地方国有企业,70280844646.92,0.079641,-267089778.96540084,2840475675.948784,3219074043.8630276,0.0,2840475675.948784,3219074043.8630276,0.07584067886972307,0.12005707197834475,0.12544400734908856,-0.0038003211302769374,0.04041607197834475,0.045803007349088556
公用事业,公用事业Ⅱ,地方国有企业,110970000000.0,0.06282,3584389589.8493733,11928885605.735859,11616028155.921452,3584389589.8493733,11928885605.735859,11616028155.921452,0.09512052797917792,0.17031649099518661,0.16749719343896055,0.032300527979177915,0.10749649099518661,0.10467719343896055
公用事业,公用事业Ⅱ,地方国有企业,114512000000.0,0.069368,3127028514.3908863,11203788678.805206,11191361061.817184,3127028514.3908863,11203788678.805206,11191361061.817184,0.09667543078796009,0.1672074288703822,0.167098902104733,0.027307430787960094,0.0978394288703822,0.097730902104733
公用事业,公用事业Ⅱ,地方国有企业,115629000000.0,-0.024626000000000002,13741427861.891054,21780465637.56163,21972944254.260582,13741427861.891054,21780465637.56163,21972944254.260582,0.09421467026343783,0.1637390782897165,0.1654037006309886,0.11884067026343784,0.18836507828971652,0.19002970063098862
公用事业,公用事业Ⅱ,地方国有企业,120921000000.0,-0.026208999999999996,14409945915.489752,23533461521.88805,23247512001.656357,14409945915.489752,23533461521.88805,23247512001.656357,0.09295926618610292,0.16840948249591098,0.16604471938419593,0.11916826618610292,0.19461848249591096,0.19225371938419594
公用事业,公用事业Ⅱ,地方国有企业,147240775217.75,0.06791900000000001,2655513309.0519,13310397156.833454,12770413713.107313,2655513309.0519,13310397156.833454,12770413713.107313,0.08595417609252425,0.15831785274407925,0.15465050283419474,0.018035176092524238,0.09039885274407924,0.08673150283419473
公用事业,公用事业Ⅱ,地方国有企业,154085417032.43,0.073738,1503781232.7577085,12276072161.548782,12273309364.69872,1503781232.7577085,12276072161.548782,12273309364.69872,0.08349740008937517,0.15340856453476753,0.15339063424062763,0.009759400089375175,0.07967056453476754,0.07965263424062763
公用事业,公用事业Ⅱ,地方国有企业,156337713781.7,0.064713,1643224371.9013238,13202233862.021835,13186977774.99752,1643224371.9013238,13202233862.021835,13186977774.99752,0.07522373558742082,0.14915989091754656,0.14906230674124463,0.010510735587420814,0.08444689091754655,0.08434930674124462
医疗保健,医药生物,中央国有企业,6314412346.0,0.179251,68364608.26176856,-1340332439.8824313,-715575836.3272797,68364608.26176856,0.0,0.0,0.1900777570306959,-0.03301458647717926,0.0659267827780163,0.01082675703069591,-0.21226558647717925,-0.1133242172219837
医疗保健,医药生物,中央国有企业,7541051691.0,0.159485,126915250.30973914,-1450158751.0807219,-753958231.2683636,126915250.30973914,0.0,0.0,0.1763149138515664,-0.032816924254337,0.05950448505827266,0.016829913851566403,-0.19230192425433698,-0.09998051494172733
医疗保健,医药生物,中央国有企业,11577632332.0,0.129822,424877681.9365163,-1769589788.7787316,-769889564.6409962,424877681.9365163,0.0,0.0,0.16652014947933486,-0.023023567904905166,0.06332398533139977,0.03669814947933486,-0.15284556790490517,-0.06649801466860022
医疗保健,医药生物,中央国有企业,12940709340.0,0.116343,505939550.19257724,-2125640806.6881144,-909320273.0058286,505939550.19257724,0.0,0.0,0.1554397401322204,-0.047916991538308855,0.04607480610779189,0.03909674013222039,-0.16425999153830886,-0.07026819389220812
医疗保健,医药生物,中央国有企业,14188056936.91,0.132597,254978017.0290387,-2283131032.042644,-1011537754.286334,254978017.0290387,0.0,0.0,0.15056831334916745,-0.028322218339413043,0.06130198343893482,0.01797131334916746,-0.16091921833941303,-0.07129501656106517
医疗保健,医药生物,中央国有企业,15869522217.56,0.167299,-227774447.0680649,-2872041788.347944,-1466937061.904516,0.0,0.0,0.0,0.15294605074636544,-0.013679466079461557,0.07486161960543994,-0.014352949253634562,-0.18097846607946155,-0.09243738039456006
医疗保健,医药生物,中央国有企业,16583015601.51,0.112205,593430943.783337,-2211194338.6285543,-741804230.3427325,593430943.783337,0.0,0.0,0.14799046616872874,-0.021135906850935436,0.0674722295456813,0.03578546616872874,-0.13334090685093544,-0.0447327704543187
医疗保健,医药生物,中央国有企业,20103525732.0,0.133755,-213782348.08404848,-2440355769.6821733,-1336032782.0268872,0.0,0.0,0.0,0.12312092760225347,0.012365558057599271,0.06729736466590322,-0.010634072397746538,-0.12138944194240074,-0.06645763533409679
医疗保健,医药生物,中央国有企业,22010147281.0,0.097803,599270074.3822234,-1770993936.1550999,-551572421.7277825,599270074.3822234,0.0,0.0,0.12502999065714732,0.017340388208033956,0.0727430849214707,0.027226990657147315,-0.08046261179196604,-0.025059915078529296
医疗保健,医药生物,中央国有企业,24307980617.0,0.102566,292049460.31428814,-2292014632.6417584,-937759070.8639705,292049460.31428814,0.0,0.0,0.11458055048512096,0.008275377148391432,0.0639877616165063,0.012014550485120956,-0.09429062285160858,-0.03857823838349371
医疗保健,医药生物,中央国有企业,27122781699.0,0.11524,-2459604.794842395,-2817655408.265127,-1278858238.5619419,0.0,0.0,0.0,0.11514931590932898,0.011354807119174921,0.06808929647872022,-9.06840906710199e-05,-0.10388519288082507,-0.04715070352127977
医疗保健,医药生物,中央国有企业,40081972320.77,0.11451,-389973998.2121519,-3770748087.9091387,-1726921127.94418,0.0,0.0,0.0,0.10478058860548956,0.02043408832249049,0.07142526569291825,-0.009729411394510445,-0.0940759116775095,-0.04308473430708175
医疗保健,医药生物,中央国有企业,40148455933.08,0.11162100000000001,-47659524.33848488,-3809460375.535182,-1615386115.7785995,0.0,0.0,0.0,0.11043391762707079,0.01673664425080649,0.07138567641816296,-0.0011870823729292213,-0.09488435574919352,-0.040235323581837054
医疗保健,医药生物,中央国有企业,58804678665.86,0.099085,291805600.3004395,-4513167912.362967,-1534332118.6896713,291805600.3004395,0.0,0.0,0.10404728543239795,0.022336550475980106,0.07299299246760527,0.004962285432397948,-0.07674844952401991,-0.02609200753239474
医疗保健,医药生物,地方国有企业,8810796391.0,0.206961,-175296788.9246126,-1795207393.854336,-1039351873.3111396,0.0,0.0,0.0,0.18706531961591194,0.0032101341091375427,0.08899755751563951,-0.019895680384088066,-0.20375086589086247,-0.1179634424843605
医疗保健,医药生物,地方国有企业,10205569714.0,0.208126,-285862367.7690724,-2076703187.3506446,-1224024365.6002724,0.0,0.0,0.0,0.18011557277446977,0.004638762584745944,0.08818910280540675,-0.028010427225530238,-0.20348723741525407,-0.11993689719459326
医疗保健,医药生物,地方国有企业,12495334742.0,0.252767,-978597549.1867254,-3203710683.8572354,-2130661194.4128351,0.0,0.0,0.0,0.17444996653170805,-0.0036255456985756426,0.08225046415633505,-0.07831703346829197,-0.25639254569857567,-0.17051653584366497
医疗保健,医药生物,地方国有企业,12721347980.0,0.25021,-1256156135.1580584,-3278805446.671679,-2382678443.3271146,0.0,0.0,0.0,0.15146605107784666,-0.007530410200749758,0.0629123608604161,-0.09874394892215332,-0.2577404102007497,-0.1872976391395839
医疗保健,医药生物,地方国有企业,14603844518.0,0.21976600000000002,-686397207.2292335,-3146998258.9241233,-1898451833.923628,0.0,0.0,0.0,0.1727648691413954,0.004274917836992596,0.08976928361592135,-0.047001130858604606,-0.2154910821630074,-0.12999671638407867
医疗保健,医药生物,地方国有企业,16844623212.0,0.264716,-1930587961.79821,-4441627177.984141,-3276180720.23437,0.0,0.0,0.0,0.15010447455947418,0.0010338076420281436,0.07022184723673487,-0.11461152544052583,-0.26368219235797186,-0.19449415276326515
医疗保健,医药生物,地方国有企业,17080413435.81,0.21265499999999998,-794582017.1481351,-3613982656.471091,-2154258350.659932,0.0,0.0,0.0,0.16613493067414564,0.0010686312008593782,0.08653051485472743,-0.04652006932585434,-0.2115863687991406,-0.12612448514527255
医疗保健,医药生物,地方国有企业,17539661657.5,0.20418299999999998,-734554519.0773114,-3523992949.9176316,-2053013248.65152,0.0,0.0,0.0,0.1623033712237394,0.00326732564257793,0.08713323651304886,-0.041879628776260586,-0.20091567435742205,-0.11704976348695112
医疗保健,医药生物,地方国有企业,17560037344.69,0.145759,154392589.76898736,-2521669070.141056,-1100672530.4676328,154392589.76898736,0.0,0.0,0.15455127001277844,0.00215628318097303,0.08307846528004016,0.008792270012778436,-0.14360271681902698,-0.06268053471995984
医疗保健,医药生物,地方国有企业,20921822081.0,0.092627,1235209210.2871766,-1502581412.4967508,-103058519.47576994,1235209210.2871766,0.0,0.0,0.1516662751408073,0.020808139927515727,0.08770111357018652,0.0590392751408073,-0.07181886007248428,-0.004925886429813481
医疗保健,医药生物,地方国有企业,21837512362.0,0.09274800000000001,1137607933.3079515,-1701716556.036052,-260685092.31097218,1137607933.3079515,0.0,0.0,0.14484220901290623,0.014821699246199353,0.08081050968564549,0.05209420901290622,-0.07792630075380066,-0.011937490314354524
医疗保健,医药生物,地方国有企业,22515769521.0,0.229995,-1961204506.7284884,-5167184769.304379,-3578782701.621013,0.0,0.0,0.0,0.1428914033452504,0.0005031869626951416,0.07104939086666988,-0.0871035966547496,-0.22949181303730487,-0.1589456091333301
医疗保健,医药生物,地方国有企业,25072835362.0,0.099836,1037778184.1453669,-2167701774.8979588,-509576853.2473125,1037778184.1453669,0.0,0.0,0.1412265395685008,0.013379811714917013,0.07951213770480783,0.04139053956850079,-0.08645618828508297,-0.02032386229519216
医疗保健,医药生物,地方国有企业,26027589000.0,0.19917300000000002,-1603065790.1623719,-5168749995.632312,-3304881607.3988667,0.0,0.0,0.0,0.13758197863561733,0.0005856473400086618,0.07219690523383221,-0.061591021364382686,-0.19858735265999136,-0.1269760947661678
医疗保健,医药生物,地方国有企业,27044491890.0,0.104262,707978967.3788536,-2527962582.986287,-807710877.095039,707978967.3788536,0.0,0.0,0.13044030537391743,0.010787787459108099,0.0743959969565596,0.026178305373917438,-0.09347421254089189,-0.029866003043440392
医疗保健,医药生物,地方国有企业,30080522676.54,-0.000103,3935124826.2504907,315407348.94776046,2432766945.7438993,3935124826.2504907,315407348.94776046,2432766945.7438993,0.1307166958066663,0.01038243445668744,0.08077215539220435,0.1308196958066663,0.010485434456687441,0.08087515539220436
医疗保健,医药生物,地方国有企业,30089450163.66,0.10784,695891041.7639663,-2927090880.500007,-942889661.9307503,695891041.7639663,0.0,0.0,0.13096740970602436,0.010560359974036725,0.07650377893905458,0.02312740970602435,-0.09727964002596329,-0.03133622106094543
医疗保健,医药生物,地方国有企业,30621119491.71,0.063568,1923757173.382607,-1589541013.080362,334273328.00312054,1923757173.382607,0.0,334273328.00312054,0.1263925212884337,0.011658042445682117,0.07448443067111304,0.0628245212884337,-0.05190995755431788,0.010916430671113045
医疗保健,医药生物,地方国有企业,30743650000.0,0.190234,-1663559605.6659365,-5578503168.340051,-3376319766.3742704,0.0,0.0,0.0,0.13612332655472148,0.008781792199688367,0.08041230458080706,-0.05411067344527851,-0.18145220780031163,-0.10982169541919293
医疗保健,医药生物,地方国有企业,31051118000.0,0.098578,1099611990.1606112,-2468327108.954425,-337337874.12875915,1099611990.1606112,0.0,0.0,0.1339909596931296,0.01908562523415664,0.08771404740000797,0.0354129596931296,-0.07949237476584337,-0.010863952599992024
医疗保健,医药生物,地方国有企业,31197524019.77,0.091748,1180755917.2984383,-2460132098.4334235,-449351333.1302646,1180755917.2984383,0.0,0.0,0.12959574447325334,0.01289135429714141,0.07734457064946856,0.03784774447325334,-0.07885664570285858,-0.014403429350531433
医疗保健,医药生物,地方国有企业,137026000000.0,0.056336000000000004,5929308576.050894,-650779036.220762,5016026719.371915,5929308576.050894,0.0,5016026719.371915,0.09960741254981459,0.051586689385804435,0.09294238652060131,0.043271412549814585,-0.004749310614195569,0.03660638652060131
医疗保健,医药生物,地方国有企业,149186000000.0,0.057992,5414614798.513419,-1568294215.3419213,4655307608.470867,5414614798.513419,0.0,4655307608.470867,0.09428638954401498,0.04747965825652594,0.08919672167945294,0.03629438954401498,-0.010512341743474062,0.031204721679452943
医疗保健,医药生物,地方国有企业,163436000000.0,0.05965,4354269914.929208,-2862198364.8936214,4216661910.5446243,4354269914.929208,0.0,4216661910.5446243,0.08629204896674667,0.04213734449635563,0.08545008021821768,0.026642048966746663,-0.01751265550364437,0.025800080218217676
医疗保健,医药生物,地方国有企业,198135000000.0,0.055642,6150241812.494515,-2330135358.791115,6622434885.215832,6150241812.494515,0.0,6622434885.215832,0.08668266324725321,0.043881658017053446,0.08906585184452939,0.031040663247253214,-0.011760341982946551,0.033423851844529395
医疗保健,医药生物,地方国有企业,211972533766.8,0.041343,8981051134.335606,698169035.601387,10898491554.424994,8981051134.335606,698169035.601387,10898491554.424994,0.08371193796918068,0.0446366768891458,0.09275764019303033,0.04236893796918068,0.003293676889145801,0.05141464019303033
医疗保健,医药生物,地方国有企业,221209430148.17,0.043189000000000005,8328719358.127675,-527540967.8790811,9963187770.622534,8328719358.127675,0.0,9963187770.622534,0.0808398332061113,0.04080419675031158,0.08822861591487766,0.03765083320611129,-0.0023848032496884275,0.04503961591487765
医疗保健,医药生物,地方国有企业,233148766767.21,0.048863000000000004,7771014307.28929,-1635423534.1124823,9289395648.823383,7771014307.28929,0.0,9289395648.823383,0.08219371160976094,0.04184849352506167,0.08870621160102247,0.033330711609760935,-0.007014506474938335,0.03984321160102247
可选消费,可选消费零售,中央国有企业,36080230000.0,0.18617,-933887496.3977079,193869409.74956557,659315470.7442504,0.0,193869409.74956557,659315470.7442504,0.16028636521170436,0.19154328641612223,0.2044435938973851,-0.02588363478829564,0.005373286416122225,0.018273593897385088
可选消费,可选消费零售,中央国有企业,45863816000.0,0.231043,-3023733261.1577106,-1178773683.599679,-625602724.7524005,0.0,0.0,0.0,0.16511448543510399,0.20534139497874143,0.21740255794100516,-0.06592851456489601,-0.025701605021258567,-0.01364044205899484
可选消费,可选消费零售,中央国有企业,55101329000.0,0.29467,-8523577499.319787,-5678839738.473554,-5375196863.612479,0.0,0.0,0.0,0.1399808544928238,0.1916082437495554,0.1971188708137606,-0.1546891455071762,-0.10306175625044459,-0.0975511291862394
可选消费,可选消费零售,中央国有企业,74891423000.0,0.061806,5728808482.215851,8754004947.042448,10332425437.82012,5728808482.215851,8754004947.042448,10332425437.82012,0.13830085418665167,0.17869528580035723,0.19977140410001448,0.07649485418665167,0.11688928580035723,0.13796540410001448
可选消费,可选消费零售,中央国有企业,75618784000.0,0.12078799999999999,2292954133.7450147,6759546515.3023,7244222138.218322,2292954133.7450147,6759546515.3023,7244222138.218322,0.15111054702409674,0.2101777806569106,0.21658724133953702,0.030322547024096744,0.0893897806569106,0.09579924133953703
可选消费,可选消费零售,中央国有企业,76108344000.0,0.083054,4337933659.57573,8512156916.254807,9593293995.526075,4337933659.57573,8512156916.254807,9593293995.526075,0.14005082100001717,0.19489662419708945,0.20910186139514578,0.05699682100001717,0.11184262419708944,0.1260478613951458
可选消费,可选消费零售,中央国有企业,78662313000.0,0.117281,1335545703.0486279,5528483476.694907,6505484108.763386,1335545703.0486279,5528483476.694907,6505484108.763386,0.1342592155153336,0.18756222192001787,0.1999824088533525,0.0169782155153336,0.07028122192001787,0.0827014088533525
可选消费,汽车与零配件,中央国有企业,97617053590.0,-0.025617,7037092390.340409,8559840418.651241,9460689505.09511,7037092390.340409,8559840418.651241,9460689505.09511,0.04647176043213516,0.06207096131261352,0.07129935997159695,0.07208876043213516,0.08768796131261353,0.09691635997159695
可选消费,汽车与零配件,中央国有企业,120916000000.0,0.021840000000000002,2736754910.3215003,4950360815.815291,5892711644.252216,2736754910.3215003,4950360815.815291,5892711644.252216,0.044473521703674454,0.06278049435819322,0.07057392805131013,0.022633521703674452,0.04094049435819322,0.04873392805131013
可选消费,汽车与零配件,中央国有企业,135405000000.0,0.023718,2739032823.9619465,5480944668.247656,7334152350.096933,2739032823.9619465,5480944668.247656,7334152350.096933,0.04394644668927991,0.06419615566816333,0.07788256076287385,0.02022844668927991,0.04047815566816333,0.05416456076287385
可选消费,汽车与零配件,中央国有企业,146049000000.0,0.047546,-1090060100.7608101,1765595165.6682835,4203488332.809371,0.0,1765595165.6682835,4203488332.809371,0.040082339853331345,0.05963506028571427,0.0763273564817929,-0.007463660146668653,0.01208906028571427,0.028781356481792898
可选消费,汽车与零配件,中央国有企业,190171127138.27,0.057652,-2546261571.8574386,1626296013.10565,5636803851.071466,0.0,1626296013.10565,5636803851.071466,0.04426268265107301,0.0662037504028001,0.08729269223280697,-0.01338931734892699,0.008551750402800103,0.02964069223280697
可选消费,汽车与零配件,中央国有企业,202961073175.76,0.007078999999999999,3517808184.6081753,8139485770.414901,12750847893.812235,3517808184.6081753,8139485770.414901,12750847893.812235,0.024411427985152737,0.04718267920830946,0.06990310559964999,0.017332427985152738,0.040103679208309456,0.06282410559964999
可选消费,汽车与零配件,中央国有企业,208168160960.86,0.029237000000000003,1028524883.2364049,6180856556.3727045,10753233144.14509,1028524883.2364049,6180856556.3727045,10753233144.14509,0.034177836670165856,0.05892865182534728,0.08089347375905351,0.004940836670165854,0.02969165182534728,0.05165647375905351
可选消费,汽车与零配件,地方国有企业,137464000000.0,0.04707,836779116.749992,2010686729.3429182,4982603480.452616,836779116.749992,2010686729.3429182,4982603480.452616,0.05315726005899721,0.06169700582947476,0.08331660624201694,0.006087260058997207,0.014627005829474758,0.036246606242016935
可选消费,汽车与零配件,地方国有企业,139127000000.0,0.06916699999999999,-577198225.8468302,2501836124.2676497,4152023202.330925,0.0,2501836124.2676497,4152023202.330925,0.06501828533033249,0.0871493910834536,0.09901040352577806,-0.0041487146696675,0.017982391083453605,0.029843403525778064
可选消费,汽车与零配件,地方国有企业,142861000000.0,0.04066499999999999,94137737.38111821,2003517971.8561423,4987945035.766462,94137737.38111821,2003517971.8561423,4987945035.766462,0.04132394637011583,0.054689247148319985,0.07557967255420626,0.0006589463701158343,0.014024247148319992,0.03491467255420627
可选消费,汽车与零配件,地方国有企业,150436000000.0,0.05484,295432421.78616685,3632142047.2644286,5647617387.856168,295432421.78616685,3632142047.2644286,5647617387.856168,0.056803841246684084,0.07898410146018525,0.09238166148964455,0.0019638412466840838,0.024144101460185252,0.03754166148964455
可选消费,汽车与零配件,地方国有企业,153847000000.0,0.058917000000000004,-2797375222.6909328,672496041.7846142,3002858092.491035,0.0,672496041.7846142,3002858092.491035,0.04073416105812312,0.06328820022999873,0.07843547024960536,-0.018182838941876882,0.004371200229998727,0.019518470249605353
可选消费,汽车与零配件,地方国有企业,154251000000.0,0.050627000000000005,-1459784385.0403352,1574894991.5868537,5109995071.156106,0.0,1574894991.5868537,5109995071.156106,0.04116330521007751,0.06083694996198958,0.08375479217739987,-0.009463694789922497,0.010209949961989574,0.03312779217739986
可选消费,汽车与零配件,地方国有企业,162797000000.0,0.057724000000000004,-4020772933.2926173,-727846478.6460994,1861966247.6839895,0.0,0.0,1861966247.6839895,0.033025922435348215,0.05325311614682028,0.06916134987551362,-0.02469807756465179,-0.004470883853179723,0.011437349875513612
可选消费,汽车与零配件,地方国有企业,176096527061.77,0.053342,-3064209495.189912,1154582330.27574,4393983107.2523365,0.0,1154582330.27574,4393983107.2523365,0.03594126219831088,0.05989853095231539,0.07829412813431036,-0.017400737801689117,0.006556530952315391,0.02495212813431036
可选消费,汽车与零配件,地方国有企业,185005958123.93,0.048373,-2672900447.114845,2010573598.7315762,5562727721.512149,0.0,2010573598.7315762,5562727721.512149,0.03392535477700481,0.05924061539530934,0.07844083012785914,-0.014447645222995187,0.010867615395309338,0.030067830127859144
可选消费,汽车与零配件,地方国有企业,190075000000.0,0.042034,-383348419.1047439,4217185745.4198008,8863984273.282408,0.0,4217185745.4198008,8863984273.282408,0.04001717285753127,0.06422095644045667,0.0886681405933574,-0.00201682714246873,0.022186956440456665,0.046634140593357395
可选消费,汽车与零配件,地方国有企业,199186450932.39,0.05118,-4598630344.449475,823831022.2601367,4808830409.470913,0.0,823831022.2601367,4808830409.470913,0.028092935980718936,0.055315979221497204,0.07532235700752145,-0.023087064019281067,0.0041359792214972005,0.024142357007521445
可选消费,汽车与零配件,地方国有企业,214997433000.0,-0.052878,16351143777.553568,21480408570.08623,27381661645.70368,16351143777.553568,21480408570.08623,27381661645.70368,0.02317473955784191,0.047032069949933926,0.07448008639028578,0.07605273955784192,0.09991006994993393,0.12735808639028579
可选消费,汽车与零配件,地方国有企业,218448770000.0,0.015753,8237139351.97188,14336987070.530449,21084755812.037056,8237139351.97188,14336987070.530449,21084755812.037056,0.05346041923596952,0.08138388943247632,0.11227336865227969,0.037707419235969514,0.06563088943247632,0.09652036865227968
可选消费,汽车与零配件,地方国有企业,232512366000.0,-0.003319,9893344322.559828,16213615198.032393,22789609665.327644,9893344322.559828,16213615198.032393,22789609665.327644,0.03923075549369201,0.06641327048935708,0.09469561340480981,0.04254975549369201,0.06973227048935708,0.09801461340480981
可选消费,汽车与零配件,地方国有企业,849333000000.0,0.050204000000000006,5423374118.805278,22849386763.698265,41544213145.788506,5423374118.805278,22849386763.698265,41544213145.788506,0.05658945084060702,0.07710674222678063,0.09911792792436949,0.006385450840607015,0.026902742226780622,0.04891392792436949
可选消费,汽车与零配件,地方国有企业,916923000000.0,0.045260999999999996,-9595523325.41688,2464575241.404436,26285062155.88902,0.0,2464575241.404436,26285062155.88902,0.034796082743679804,0.04794887590823268,0.0739275970380163,-0.010464917256320191,0.002687875908232683,0.0286665970380163
可选消费,汽车与零配件,地方国有企业,919415000000.0,0.040583999999999995,6214157298.70666,21945052529.952885,43082388613.77221,6214157298.70666,21945052529.952885,43082388613.77221,0.047342816528669486,0.06445249521701613,0.08744247915660741,0.006758816528669491,0.02386849521701613,0.046858479156607416
可选消费,汽车与零配件,地方国有企业,957143417731.69,0.013815,16148504795.824564,25509754192.89815,57535509991.64064,16148504795.824564,25509754192.89815,57535509991.64064,0.03068656229323971,0.04046696638279462,0.0739266916501318,0.01687156229323971,0.02665196638279462,0.0601116916501318
可选消费,汽车与零配件,地方国有企业,960207461450.69,0.025705,783489450.2992079,9137005623.59272,40950605747.53037,783489450.2992079,9137005623.59272,40950605747.53037,0.02652095851079464,0.035220657803563045,0.06835266458454908,0.0008159585107946413,0.009515657803563046,0.042647664584549085
可选消费,汽车与零配件,地方国有企业,990107000000.0,0.02944,8848428713.401247,22686351712.50461,50990939778.71821,8848428713.401247,22686351712.50461,50990939778.71821,0.03837684088022936,0.05235303032147496,0.0809404335680065,0.008936840880229356,0.02291303032147496,0.051500433568006494
可选消费,汽车与零配件,地方国有企业,1006650278661.54,0.026015,3888087508.9128017,16165454636.217094,47343591614.26858,3888087508.9128017,16165454636.217094,47343591614.26858,0.029877401462881897,0.04207366007180862,0.0730458235320984,0.0038624014628818974,0.01605866007180862,0.047030823532098406
工业,交通运输,中央国有企业,15534419800.0,0.045141,415954113.8188803,-1453730981.8301983,-216677083.8626759,415954113.8188803,0.0,0.0,0.0719172889875604,-0.04844028597955092,0.031192807106263737,0.026776288987560404,-0.09358128597955093,-0.013948192893736264
工业,交通运输,中央国有企业,21243507964.0,0.17939699999999997,-1504813763.4507356,-3189959135.5916085,-2060985314.922764,0.0,0.0,0.0,0.10856059360229738,0.029235400465806936,0.0823798162836673,-0.0708364063977026,-0.15016159953419303,-0.09701718371633267
工业,交通运输,中央国有企业,22822973085.0,0.068141,1885165099.9948232,177272104.42936635,1440589330.0601537,1885165099.9948232,177272104.42936635,1440589330.0601537,0.15074045332161018,0.07590826606867337,0.13126114323002272,0.08259945332161019,0.007767266068673381,0.06312014323002273
工业,交通运输,中央国有企业,24788731227.0,0.23220600000000002,-3972250426.150084,-6956865353.002867,-5000350222.395887,0.0,0.0,0.0,0.07196179912603633,-0.04844028597955092,0.030487316756160482,-0.16024420087396368,-0.28064628597955094,-0.20171868324383954
工业,交通运输,中央国有企业,27618399131.0,0.10135899999999999,749473603.9103189,-1041713689.7695336,502630250.10815364,749473603.9103189,0.0,502630250.10815364,0.12849575040886346,0.06364089458670424,0.11955810877976925,0.027136750408863472,-0.03771810541329575,0.018199108779769255
工业,交通运输,中央国有企业,29952962908.0,0.118423,474292093.7113605,-1637269010.8847895,160104443.05505183,474292093.7113605,0.0,160104443.05505183,0.13425756351774415,0.06376166262534252,0.12376819551694468,0.01583456351774415,-0.054661337374657476,0.0053451955169446785
工业,交通运输,中央国有企业,54817643675.0,0.048766,-2005693378.850299,-4414172662.789686,-2951214977.249268,0.0,0.0,0.0,0.012177536060514568,-0.03175866992124295,-0.005070954297895003,-0.03658846393948543,-0.08052466992124295,-0.053836954297895
工业,交通运输,中央国有企业,58634669141.0,0.06112599999999999,-1815280312.1406162,-3999966245.64655,-2269966388.9939027,0.0,0.0,0.0,0.030166836441399975,-0.0070924500099718985,0.022412276152846224,-0.03095916355860002,-0.0682184500099719,-0.03871372384715377
工业,交通运输,中央国有企业,59388937000.0,-0.05904499999999999,5288653920.392099,3954865585.142776,5577899627.159105,5288653920.392099,3954865585.142776,5577899627.159105,0.03000616318872823,0.007547631303415583,0.034876526616297324,0.08905116318872822,0.06659263130341558,0.09392152661629732
工业,交通运输,中央国有企业,60135535611.0,0.08123200000000001,-2950079752.2138805,-5087191950.535276,-3378654017.674235,0.0,0.0,0.0,0.0321748207092538,-0.0033634376035311594,0.025048015217195303,-0.04905717929074621,-0.08459543760353117,-0.05618398478280471
工业,交通运输,中央国有企业,62394661514.41,0.101106,-3342358520.3638387,-5200716084.882943,-3538435480.203464,0.0,0.0,0.0,0.047537979287331764,0.0177540599677291,0.04439545146394833,-0.05356802071266824,-0.0833519400322709,-0.056710548536051675
工业,交通运输,中央国有企业,65469954370.0,0.101114,-4417211318.693611,-6256371513.282809,-4678372218.266956,0.0,0.0,0.0,0.03364471028994499,0.005553042710718034,0.0296556911729099,-0.067469289710055,-0.09556095728928196,-0.07145830882709009
工业,交通运输,中央国有企业,65841861000.0,0.035864,-1245747980.1121006,-2843784726.5318365,-1202673694.480979,0.0,0.0,0.0,0.01694369669763586,-0.007327135295094961,0.01759790490160995,-0.01892030330236414,-0.04319113529509496,-0.01826609509839005
工业,交通运输,中央国有企业,65959857000.0,0.059844,-3100996972.2365274,-4187697345.4775,-2700281020.4216857,0.0,0.0,0.0,0.012830602559848983,-0.003644575262943643,0.018905751446464086,-0.04701339744015102,-0.06348857526294364,-0.040938248553535915
工业,交通运输,中央国有企业,68250082000.0,0.058710000000000005,-2647948015.9526496,-4001769521.5164857,-2483634230.7049375,0.0,0.0,0.0,0.019912273486606957,7.608478336355168e-05,0.022319798583026802,-0.03879772651339305,-0.058633915216636454,-0.0363902014169732
工业,交通运输,中央国有企业,70619308351.63,0.10538600000000001,-4112515383.9879665,-5271227003.808173,-3217563362.032745,0.0,0.0,0.0,0.04715100053624438,0.030743142021817833,0.05982390887880484,-0.05823499946375563,-0.07464285797818218,-0.045562091121195164
工业,交通运输,中央国有企业,72083612000.0,0.087773,-4492325257.677813,-5969608360.799141,-4429030995.825446,0.0,0.0,0.0,0.025451965675612753,0.004957944050817814,0.026330032965753078,-0.06232103432438725,-0.08281505594918219,-0.061442967034246926
工业,交通运输,中央国有企业,81042317000.0,0.086607,-4584449536.724734,-6348839452.226856,-4176754472.1912527,0.0,0.0,0.0,0.0300384108180701,0.008267193251547143,0.035069055049693945,-0.056568589181929904,-0.07833980674845287,-0.05153794495030606
工业,交通运输,中央国有企业,82054880078.89,0.10524800000000001,-5722131364.530335,-6769958129.197699,-4624750151.146069,0.0,0.0,0.0,0.035512581959916245,0.02274275323480019,0.048886329046368776,-0.06973541804008376,-0.08250524676519982,-0.05636167095363123
工业,交通运输,中央国有企业,90913208562.0,0.071666,-5379804159.176917,-8551935529.775641,-5301873306.861411,0.0,0.0,0.0,0.01249083453976814,-0.022401030138348772,0.013348035089041019,-0.059175165460231854,-0.09406703013834877,-0.058317964910958975
工业,交通运输,中央国有企业,92078580000.0,0.075335,-4957875644.064984,-6796470272.162809,-4564743147.795248,0.0,0.0,0.0,0.0214910371145495,0.0015233678900911651,0.02576056968411928,-0.0538439628854505,-0.07381163210990883,-0.04957443031588072
工业,交通运输,中央国有企业,94009174839.0,0.03342,-2311573004.982851,-4424371600.8261595,-1415898278.9058084,0.0,0.0,0.0,0.008831197801260904,-0.01364318940043175,0.018358722403098694,-0.024588802198739095,-0.04706318940043175,-0.015061277596901304
工业,交通运输,中央国有企业,98320774958.0,0.06995599999999999,-5664648665.897866,-7720992497.7111635,-4512063025.884721,0.0,0.0,0.0,0.012342045387481404,-0.008572596840386644,0.024064752419698132,-0.057613954612518586,-0.07852859684038663,-0.04589124758030186
工业,交通运输,中央国有企业,114930000000.0,0.061221,-5520409878.654812,-7935806566.591507,-4272436005.738522,0.0,0.0,0.0,0.01318819848033749,-0.007828043475084902,0.024046754757343407,-0.04803280151966251,-0.06904904347508489,-0.03717424524265659
工业,交通运输,中央国有企业,148044000000.0,0.134944,-10141732900.617252,-7077013030.044022,-1601226819.4773333,0.0,0.0,0.0,0.06643914400707053,0.0871405562262299,0.12412811540165537,-0.06850485599292948,-0.047803443773770105,-0.010815884598344636
工业,交通运输,中央国有企业,157482240634.0,0.055831,-8370845639.559372,-11626851953.486633,-6923112023.283706,0.0,0.0,0.0,0.002676780159974884,-0.017998607114292138,0.011869776211131555,-0.053154219840025115,-0.07382960711429214,-0.04396122378886844
工业,交通运输,中央国有企业,159169493582.77,0.051401,-10568512215.098173,-12530152099.17715,-7360568815.148355,0.0,0.0,0.0,-0.014996850349397656,-0.0273210705245338,0.005157409915818617,-0.06639785034939766,-0.07872207052453381,-0.046243590084181385
工业,交通运输,中央国有企业,162418433553.48,0.044155,-8845961579.012445,-10684300835.063473,-5187001990.739511,0.0,0.0,0.0,-0.010309024713670872,-0.021627562984425162,0.012218957536989969,-0.05446402471367087,-0.06578256298442517,-0.03193604246301003
工业,交通运输,中央国有企业,182203000000.0,0.09520899999999999,-4902345783.534182,-954223184.9527004,6100575622.093911,0.0,0.0,6100575622.093911,0.0683030446450707,0.08997185689613946,0.1286913006322284,-0.02690595535492929,-0.005237143103860531,0.0334823006322284
工业,交通运输,中央国有企业,185151000000.0,0.09175599999999999,-9137490611.550306,-5316965010.650605,1905249864.6513119,0.0,0.0,1905249864.6513119,0.04240444039972613,0.06303908780049469,0.10204624884905461,-0.04935155960027386,-0.0287169121995053,0.01029024884905462
工业,交通运输,中央国有企业,198546000000.0,0.096868,-10214941210.262926,-13949279930.588076,-4655839274.464161,0.0,0.0,0.0,0.04541926162066762,0.026610830726440847,0.07341832448669748,-0.05144873837933238,-0.07025716927355916,-0.023449675513302515
工业,交通运输,中央国有企业,202297000000.0,0.084593,-9178872200.38785,-10782437531.397015,-2749951396.8866787,0.0,0.0,0.0,0.03921975076551877,0.03129296326491735,0.07099936590316872,-0.04537324923448123,-0.05330003673508265,-0.013593634096831286
工业,交通运输,中央国有企业,207017831253.0,0.064335,-4413599627.194913,-8698023618.951801,1260985716.3057013,0.0,0.0,1260985716.3057013,0.04301509919492888,0.022319181525301567,0.07042619373279797,-0.021319900805071124,-0.04201581847469844,0.00609119373279797
工业,交通运输,中央国有企业,207673222249.0,0.087265,-10094768561.119394,-13474703136.43873,-5011593029.431175,0.0,0.0,0.0,0.03865609196747678,0.022380837321180617,0.0631328900671061,-0.04860890803252321,-0.06488416267881938,-0.0241321099328939
工业,交通运输,中央国有企业,211817901515.0,0.039529999999999996,2260709004.788992,252272887.21545836,10456439775.23607,2260709004.788992,252272887.21545836,10456439775.23607,0.05020288925355017,0.04072098945561781,0.08889523164684261,0.010672889253550172,0.0011909894556178177,0.04936523164684262
工业,交通运输,中央国有企业,262224000000.0,0.034775,-12151205515.659714,-11953572895.306927,-6920546909.453463,0.0,0.0,0.0,-0.011564028905285989,-0.010810350293287141,0.00838326274691309,-0.04633902890528599,-0.04558535029328714,-0.02639173725308691
工业,交通运输,中央国有企业,271926000000.0,0.064635,-19376706057.29211,-20803651381.29966,-14216684105.00702,0.0,0.0,0.0,-0.006622276087215315,-0.01186982624427109,0.012353555397398477,-0.07125727608721531,-0.07650482624427109,-0.05228144460260152
工业,交通运输,中央国有企业,278842000000.0,0.004007,-11068882464.348253,-19633875362.349113,-13994719149.721052,0.0,0.0,0.0,-0.035688893962703805,-0.06640518812929586,-0.04618170596868855,-0.0396958939627038,-0.07041218812929585,-0.050188705968688546
工业,交通运输,中央国有企业,284030000000.0,-0.046895,9094237809.674103,10886774779.634077,17215334965.571926,9094237809.674103,10886774779.634077,17215334965.571926,-0.014876418125993371,-0.008565334895489642,0.01371597407165414,0.03201858187400663,0.03832966510451036,0.06061097407165414
工业,交通运输,中央国有企业,284650000000.0,-0.040155,3093703418.8516283,2671239289.170695,8191421359.107974,3093703418.8516283,2671239289.170695,8191421359.107974,-0.02928655306920208,-0.030770705992725474,-0.01137783028593721,0.010868446930797922,0.00938429400727453,0.028777169714062793
工业,交通运输,中央国有企业,284662650232.54,0.065529,-10409864221.875591,-2579405938.40725,6920440369.232927,0.0,0.0,6920440369.232927,0.02895987435822084,0.056467727169510505,0.08984002346436964,-0.036569125641779165,-0.009061272830489499,0.02431102346436964
工业,交通运输,中央国有企业,284733000000.0,-0.009401,-11635819230.108171,-23235765436.9819,-19424933333.525856,0.0,0.0,0.0,-0.05026672062285781,-0.09100645295761958,-0.07762257366208292,-0.04086572062285781,-0.08160545295761959,-0.06822157366208292
工业,交通运输,中央国有企业,285185000000.0,0.035761,-15337287947.401957,-15377972522.032269,-9321194936.967018,0.0,0.0,0.0,-0.018019135516952,-0.018161795806344194,0.0030762692569138717,-0.053780135516952,-0.053922795806344195,-0.03268473074308613
工业,交通运输,中央国有企业,287938421202.66,0.066649,-9450091513.407358,-1948898470.1702473,8264546756.916964,0.0,0.0,8264546756.916964,0.03382916486325008,0.05988054422383058,0.09535147993441667,-0.03281983513674992,-0.00676845577616942,0.028702479934416672
工业,交通运输,中央国有企业,287984000000.0,-0.110379,18298117840.9888,13298233617.450813,17393519687.653545,18298117840.9888,13298233617.450813,17393519687.653545,-0.04684033868204901,-0.06420201232898073,-0.049981479000036313,0.063538661317951,0.04617698767101927,0.06039752099996369
工业,交通运输,中央国有企业,288545000000.0,-0.00358,8197816004.774153,15069990376.575344,23888496596.24238,8197816004.774153,15069990376.575344,23888496596.24238,0.024830875269972283,0.048647522142387996,0.07920950110465397,0.028410875269972283,0.052227522142387996,0.08278950110465397
工业,交通运输,中央国有企业,288790000000.0,-0.041992,-1281471351.4914565,-6082001137.738033,-499758135.2993074,0.0,0.0,0.0,-0.046429381320306995,-0.06305228996065665,-0.04372252437861182,-0.004437381320306993,-0.021060289960656647,-0.0017305243786118196
工业,交通运输,中央国有企业,292219725586.82,0.05272,-8133755634.93029,562763342.8341266,8459332611.006278,0.0,562763342.8341266,8459332611.006278,0.02488561743531681,0.054645822569657186,0.08166853382679318,-0.027834382564683194,0.0019258225696571832,0.028948533826793174
工业,交通运输,中央国有企业,294006000000.0,0.015205,-13499830128.399534,-21231468472.775215,-15439119795.25277,0.0,0.0,0.0,-0.03071185247375746,-0.057009405395723946,-0.03730794121634515,-0.04591685247375746,-0.07221440539572395,-0.052512941216345144
工业,交通运输,中央国有企业,294206000000.0,0.051708,-13196990225.74493,-9009025002.034481,-1944654311.3976545,0.0,0.0,0.0,0.006851708062565243,0.021086513687571015,0.045098160936902526,-0.044856291937434754,-0.030621486312428982,-0.006609839063097471
工业,交通运输,中央国有企业,294979000000.0,-0.133588,26174269436.759724,23800136201.321568,27947622659.96983,26174269436.759724,23800136201.321568,27947622659.96983,-0.04485534636445401,-0.052903828579927516,-0.03884355154783958,0.088732653635546,0.0806841714200725,0.09474444845216043
工业,交通运输,中央国有企业,295252000000.0,0.020964,401652065.5318922,7767516804.283125,16922966142.606407,401652065.5318922,7767516804.283125,16922966142.606407,0.02232437034645622,0.04727209208500916,0.0782810245844445,0.001360370346456221,0.02630809208500916,0.0573170245844445
工业,交通运输,中央国有企业,298381000000.0,-0.056464,5394581287.563854,5087164511.220848,10767166953.67451,5394581287.563854,5087164511.220848,10767166953.67451,-0.03838449330364918,-0.039414775983655635,-0.020378703169188023,0.01807950669635082,0.017049224016344365,0.03608529683081198
工业,交通运输,中央国有企业,300863000000.0,0.016576,7968760649.518383,16017051198.018934,27522582076.399483,7968760649.518383,16017051198.018934,27522582076.399483,0.04306234311802509,0.06981302548342247,0.10805478627946767,0.026486343118025092,0.05323702548342247,0.09147878627946768
工业,交通运输,中央国有企业,306928000000.0,0.035481,-12008974077.99966,-12763341796.354383,-5101991194.822306,0.0,0.0,0.0,-0.0036453556208611154,-0.006103155881361046,0.018858237675212733,-0.039126355620861114,-0.041584155881361044,-0.016622762324787266
工业,交通运输,中央国有企业,309596000000.0,0.013012999999999999,-17261601503.22911,-24113923266.54927,-19318332322.623608,0.0,0.0,0.0,-0.04274224717124611,-0.06487535536166253,-0.04938552040279463,-0.05575524717124611,-0.07788835536166253,-0.06239852040279463
工业,交通运输,中央国有企业,312246000000.0,-0.081834,13374770027.7357,11317440506.676445,16671927177.838793,13374770027.7357,11317440506.676445,16671927177.838793,-0.038999920371323576,-0.04558873022336093,-0.02844043474107341,0.04283407962867643,0.036245269776639076,0.05339356525892659
工业,交通运输,中央国有企业,323211000000.0,-0.02581,-4262278846.822035,-5455875175.397386,745635272.3401002,0.0,0.0,745635272.3401002,-0.03899729513173139,-0.042690227391386386,-0.02350303868884382,-0.013187295131731391,-0.016880227391386386,0.0023069613111561804
工业,交通运输,中央国有企业,326383000000.0,-0.027794,1895942609.1895223,453112764.1423625,7741912523.774549,1895942609.1895223,453112764.1423625,7741912523.774549,-0.021985049750785052,-0.026405714568030925,-0.004073669824180337,0.0058089502492149475,0.0013882854319690746,0.023720330175819662
工业,交通运输,中央国有企业,329979000000.0,0.021871,-15867056547.028801,-22310431784.698734,-15655777407.899208,0.0,0.0,0.0,-0.02621404949414599,-0.04574067160546196,-0.025573768933475183,-0.04808504949414599,-0.06761167160546197,-0.047444768933475184
工业,交通运输,中央国有企业,335278694000.0,0.014877,-21377647745.762383,-34590552886.87406,-30084823245.67638,0.0,0.0,0.0,-0.048883829806150414,-0.08829255269121294,-0.07485379346842236,-0.06376082980615042,-0.10316955269121295,-0.08973079346842236
工业,交通运输,中央国有企业,343010455000.0,0.009768,-13044666827.825073,-23227774260.996452,-16877080745.357037,0.0,0.0,0.0,-0.028261939430928057,-0.05794939438961547,-0.03943481728834486,-0.038029939430928056,-0.06771739438961548,-0.04920281728834486
工业,交通运输,中央国有企业,345750173000.0,0.012565,-15004282636.038637,-25796762386.706463,-20186855936.214275,0.0,0.0,0.0,-0.03083131273601311,-0.06204598909329096,-0.04582067125233015,-0.04339631273601311,-0.07461098909329096,-0.05838567125233015
工业,交通运输,中央国有企业,350053000000.0,0.029478,-19124265686.599445,-26870711788.88147,-19978967651.687794,0.0,0.0,0.0,-0.02515448618523322,-0.04728383831843027,-0.027596122066337936,-0.054632486185233226,-0.07676183831843027,-0.05707412206633794
工业,交通运输,中央国有企业,413668000000.0,0.380517,-157008407518.00787,-158358333404.07617,-147409537600.11133,0.0,0.0,0.0,0.0009652640233040188,-0.0022980434746612266,0.024169548420203295,-0.379551735976696,-0.3828150434746612,-0.3563474515797967
工业,交通运输,中央国有企业,462429381000.0,0.059946,-3932534699.6155396,-6817232572.641169,11347184021.987185,0.0,0.0,11347184021.987185,0.05144192378600282,0.045203786696210876,0.08448419867035478,-0.00850407621399718,-0.014742213303789123,0.024538198670354783
工业,交通运输,中央国有企业,483758024000.0,0.080724,-23588003753.85021,-25688988317.305046,-6977896931.96259,0.0,0.0,0.0,0.03196407751063121,0.027621029004515192,0.06629964611690536,-0.04875992248936879,-0.05310297099548481,-0.01442435388309464
工业,交通运输,中央国有企业,497472214000.0,0.13303,-57709115023.97593,-61146207110.69232,-42846731259.74579,0.0,0.0,0.0,0.01702529983804095,0.01011618614286603,0.0469011066589424,-0.11600470016195906,-0.12291381385713399,-0.08612889334105761
工业,交通运输,中央国有企业,511780000000.0,0.357707,-157037118123.2525,-160884975336.2755,-141845618232.56998,0.0,0.0,0.0,0.05086203121799894,0.04334345446036279,0.08054568413660174,-0.30684496878200107,-0.3143635455396372,-0.27716131586339826
工业,交通运输,地方国有企业,33202181016.0,-0.043074,4645014190.201759,3293585348.1832533,4930887870.233028,4645014190.201759,3293585348.1832533,4930887870.233028,0.09682687542632651,0.0561238613271245,0.10543696281466729,0.1399008754263265,0.09919786132712449,0.1485109628146673
工业,交通运输,地方国有企业,37171229056.0,0.18968,-3223242420.9681416,-6272329404.459989,-3903715613.652858,0.0,0.0,0.0,0.10296663316157253,0.020938487713428468,0.08466018459998327,-0.08671336683842745,-0.16874151228657153,-0.10501981540001672
工业,交通运输,地方国有企业,51426088634.0,-0.053886,7651023298.430586,4884778589.308134,7777918540.19899,7651023298.430586,4884778589.308134,7777918540.19899,0.09489107991527408,0.04110039151954863,0.09735860651780298,0.14877707991527409,0.09498639151954863,0.15124460651780297
工业,交通运输,地方国有企业,52785301395.0,0.094567,-2714302954.7530584,-4985378050.382991,-3065397335.953851,0.0,0.0,0.0,0.043145432195706546,0.00012066894513510645,0.03649406577509064,-0.05142156780429345,-0.09444633105486488,-0.05807293422490936
工业,交通运输,地方国有企业,55625048625.0,0.11512800000000001,-4586800482.314891,-6876256822.224402,-4896714568.890865,0.0,0.0,0.0,0.03266873756884037,-0.008489992113250085,0.027097253242322636,-0.08245926243115964,-0.12361799211325009,-0.08803074675767737
工业,交通运输,地方国有企业,57177364980.0,0.09688599999999999,-2809595376.1312256,-5160214518.935312,-2984657429.2678375,0.0,0.0,0.0,0.04774775487250958,0.0066367462832486665,0.04468601788624156,-0.049138245127490404,-0.09024925371675133,-0.052199982113758425
工业,交通运输,地方国有企业,57475910361.0,0.107742,-3737385721.431007,-5136424173.722624,-3390631412.2261915,0.0,0.0,0.0,0.04271674510700414,0.018375443794777728,0.04874978237473751,-0.06502525489299586,-0.08936655620522227,-0.058992217625262494
工业,交通运输,地方国有企业,60245860643.0,0.11590500000000001,-3411592831.213952,-4709551180.754026,-2827778800.408935,0.0,0.0,0.0,0.059277162090436555,0.037732804757218096,0.0689676872912389,-0.05662783790956345,-0.0781721952427819,-0.046937312708761114
工业,交通运输,地方国有企业,60575556128.0,0.093518,-3106388349.045758,-4929289710.76469,-2880365678.637668,0.0,0.0,0.0,0.04223678117830629,0.012143762174617302,0.045968033268348835,-0.051281218821693716,-0.0813742378253827,-0.04754996673165117
工业,交通运输,地方国有企业,61095560365.0,0.062762,-2614242557.7433496,-4462564076.631339,-2630847296.088746,0.0,0.0,0.0,0.019972596938219123,-0.010280362652390407,0.019700813878268518,-0.042789403061780876,-0.0730423626523904,-0.04306118612173148
工业,交通运输,地方国有企业,62749753460.0,0.11468600000000001,-3444806962.933104,-4649200782.633807,-2418728311.797761,0.0,0.0,0.0,0.05978846219327372,0.04059485977588021,0.07614037745282003,-0.05489753780672629,-0.0740911402241198,-0.038545622547179983
工业,交通运输,地方国有企业,66578767145.0,0.110008,-3308039454.20399,-4574796282.017899,-2178513359.231429,0.0,0.0,0.0,0.06032189741718249,0.04129545877714167,0.07728715741535275,-0.049686102582817505,-0.06871254122285833,-0.03272084258464725
工业,交通运输,地方国有企业,67662020722.0,0.096206,-5615367320.206775,-7840493181.749764,-5866810791.921125,0.0,0.0,0.0,0.013214577924706233,-0.019671313418759058,0.009498409400159127,-0.08299142207529377,-0.11587731341875906,-0.08670759059984087
工业,交通运输,地方国有企业,67775098796.0,-0.064178,6383722305.286767,3417935950.2425375,5548734751.43043,6383722305.286767,3417935950.2425375,5548734751.43043,0.030011789741236444,-0.013747443483507545,0.01769181428285148,0.09418978974123644,0.050430556516492454,0.08186981428285148
工业,交通运输,地方国有企业,69480530979.72,0.020225,902880115.844033,-1198097512.4520586,831674402.2475166,902880115.844033,0.0,831674402.2475166,0.03321972101195608,0.0029813564129675466,0.032194891284945217,0.012994721011956083,-0.017243643587032453,0.011969891284945217
工业,交通运输,地方国有企业,70046212107.27,0.045598,-876931028.8842139,-2844682126.433975,-615263605.2740214,0.0,0.0,0.0,0.03307867879043529,0.00498649452590557,0.03681431867356659,-0.012519321209564713,-0.04061150547409443,-0.00878368132643341
工业,交通运输,地方国有企业,71678547661.74,0.048545,-907909376.5846684,-3136167134.8569226,-732152745.1065189,0.0,0.0,0.0,0.03587859692401685,0.004791781817387174,0.03833060853992691,-0.01266640307598315,-0.043753218182612824,-0.010214391460073087
工业,交通运输,地方国有企业,71778991000.0,0.06641,-2776160282.7686462,-2998510913.0568748,-1338928892.11794,0.0,0.0,0.0,0.027733498086387892,0.024635786246328333,0.04775650719570661,-0.038676501913612105,-0.041774213753671664,-0.01865349280429339
工业,交通运输,地方国有企业,78458345074.0,0.077421,-5722385014.734793,-8575016768.239448,-6305690569.988857,0.0,0.0,0.0,0.004485673498560563,-0.03187287766402288,-0.002948915578024028,-0.07293532650143944,-0.10929387766402288,-0.08036991557802403
工业,交通运输,地方国有企业,78661443944.36,0.085532,-6855875384.8323765,-9423485306.646048,-7542484921.604629,0.0,0.0,0.0,-0.0016247446649184094,-0.03426602091240035,-0.010353411497654341,-0.0871567446649184,-0.11979802091240035,-0.09588541149765434
工业,交通运输,地方国有企业,85419000000.0,0.061177,-2134915882.412256,-2110339114.439229,-40914067.447825074,0.0,0.0,0.0,0.0361835455880746,0.03647126574369603,0.06069801912399086,-0.024993454411925402,-0.02470573425630397,-0.0004789808760091441
工业,交通运输,地方国有企业,89886075247.13,0.08614100000000001,-7312916213.260511,-10206591459.730623,-7527150935.756121,0.0,0.0,0.0,0.004783390457536341,-0.027409307226886177,0.002399987667876219,-0.08135760954246367,-0.1135503072268862,-0.08374101233212379
工业,交通运输,地方国有企业,94961585000.0,0.066056,-3006100432.298711,-2543951199.067295,-312211561.396556,0.0,0.0,0.0,0.034400036882927865,0.03926673359224896,0.0627682330424818,-0.03165596311707214,-0.02678926640775104,-0.003287766957518201
工业,交通运输,地方国有企业,96388991421.56,0.074415,-6765253288.2743225,-9332299230.415934,-6609331909.560994,0.0,0.0,0.0,0.004228008845727049,-0.02240413974595768,0.005845635261501045,-0.07018699115427295,-0.09681913974595768,-0.06856936473849895
工业,交通运输,地方国有企业,108880000000.0,0.064013,-3891551646.4535832,-3524728555.024539,-1277337450.4947042,0.0,0.0,0.0,0.028271342703402064,0.03164040122130291,0.05228139226217208,-0.03574165729659794,-0.03237259877869709,-0.011731607737827922
工业,交通运输,地方国有企业,112344177000.0,0.05669,-1869653261.3058999,-1372834164.627807,1408747498.2455108,0.0,0.0,1408747498.2455108,0.04004780891157447,0.04447010395120161,0.06922956845707731,-0.016642191088425524,-0.01221989604879839,0.012539568457077314
工业,交通运输,地方国有企业,112898984000.0,0.06326,-3134501454.330018,-1785711012.0655248,1391270016.5374727,0.0,0.0,1391270016.5374727,0.035496229740295815,0.04744310821941918,0.07558314027323286,-0.027763770259704182,-0.015816891780580815,0.012323140273232863
工业,交通运输,地方国有企业,123425080000.0,0.061954,-2418886077.009631,-57432074.102101475,3547317081.456148,0.0,0.0,3547317081.456148,0.04235598898789751,0.061488680681575404,0.09069465045334504,-0.01959801101210249,-0.00046531931842459795,0.02874065045334504
工业,交通运输,地方国有企业,142177000000.0,0.088708,-10842140940.343096,-11733634602.161516,-7103431742.606965,0.0,0.0,0.0,0.012449948836006558,0.00617964026416707,0.038746109239842126,-0.07625805116399344,-0.08252835973583292,-0.04996189076015787
工业,交通运输,地方国有企业,155925000000.0,0.07094400000000001,-7823713980.536383,-9351812855.26033,-3662762244.114688,0.0,0.0,0.0,0.02076786416202417,0.010967646911910663,0.04745346131720579,-0.05017613583797584,-0.059976353088089344,-0.023490538682794215
工业,交通运输,地方国有企业,170787000000.0,0.11466,-17470227642.18336,-19592840683.837234,-13494841502.872093,0.0,0.0,0.0,0.012367509106762445,-6.091367514645535e-05,0.035644375257647874,-0.10229249089323755,-0.11472091367514645,-0.07901562474235213
工业,交通运输,地方国有企业,181802000000.0,0.11762299999999999,-19343677453.8847,-20249876990.3008,-14123731830.489185,0.0,0.0,0.0,0.01122330443072847,0.006238763356284295,0.039935560750216245,-0.10639969556927152,-0.11138423664371569,-0.07768743924978375
工业,交通运输,地方国有企业,203575515172.97,0.08431699999999999,-14455158767.133978,-14910444440.566814,-8145139306.916404,0.0,0.0,0.0,0.013310627967233646,0.011074181835457934,0.044306592559813465,-0.07100637203276634,-0.07324281816454206,-0.040010407440186524
工业,交通运输,地方国有企业,212055541073.03,0.092489,-16906866510.665083,-18546107174.000137,-10244340735.878809,0.0,0.0,0.0,0.012760517428339627,0.005030275365150556,0.04417929451415867,-0.07972848257166038,-0.08745872463484944,-0.048309705485841334
工业,交通运输,地方国有企业,221735642992.73,0.086867,-16078905497.419344,-16643756013.841564,-8124538418.96435,0.0,0.0,0.0,0.014353148458565501,0.01180574331973206,0.050226348504783566,-0.0725138515414345,-0.07506125668026795,-0.036640651495216434
工业,企业服务,地方国有企业,28750127147.0,0.053391,111910194.01913169,-1615466822.3357196,-1494980442.4250195,111910194.01913169,0.0,0.0,0.057283511272973944,-0.002798901842026781,0.0013919102296781755,0.0038925112729739433,-0.05618990184202678,-0.051999089770321825
工业,企业服务,地方国有企业,31014635513.0,0.061460999999999995,-45757563.74181323,-1732270136.6460495,-1601693456.9415834,0.0,0.0,0.0,0.05998564609095168,0.005607687265760174,0.009817850549792125,-0.0014753539090483145,-0.055853312734239824,-0.05164314945020787
工业,企业服务,地方国有企业,31323233994.0,0.06334,-173506758.66378847,-1894917303.9470255,-1794347608.842417,0.0,0.0,0.0,0.05780076485279189,0.0028444169350457515,0.006055122928043555,-0.005539235147208103,-0.06049558306495424,-0.05728487707195644
工业,企业服务,地方国有企业,32111004317.0,0.041082,287867363.8987787,-1224417743.1249082,-1236772960.1145425,287867363.8987787,0.0,0.0,0.05004675741016851,0.0029512168255639154,0.002566451002992201,0.008964757410168507,-0.038130783174436085,-0.0385155489970078
工业,企业服务,地方国有企业,36218947000.0,0.096951,-1600167239.2204669,-3414466489.4422083,-3430096284.4469724,0.0,0.0,0.0,0.05277060902340791,0.002678063532735829,0.0022465271049991464,-0.044180390976592085,-0.09427293646726417,-0.09470447289500085
工业,企业服务,地方国有企业,39168461000.0,0.108774,-2104676326.734748,-3471730088.8947277,-3613268804.332589,0.0,0.0,0.0,0.05504004484830925,0.020138143490480064,0.016524554602270702,-0.05373395515169074,-0.08863585650951994,-0.0922494453977293
工业,企业服务,地方国有企业,44405436000.0,0.128412,-2973147191.6489944,-4027924951.6029515,-4207738562.123305,0.0,0.0,0.0,0.06145742282505696,0.037704075150372315,0.033654714830605316,-0.06695457717494305,-0.09070792484962768,-0.09475728516939469
工业,国防军工,中央国有企业,2488073274.0,0.10238699999999999,99476718.48590606,-109771783.29699439,13547521.311851112,99476718.48590606,0.0,13547521.311851112,0.14236842640147424,0.058267807673916434,0.10783198486174853,0.03998142640147424,-0.04411919232608356,0.005444984861748534
工业,国防军工,中央国有企业,2933073285.0,0.11345599999999999,50733991.228182,-175417344.67494947,-42846274.88759962,50733991.228182,0.0,0.0,0.13075321227479728,0.053649330466016804,0.09884802034033062,0.01729721227479729,-0.059806669533983184,-0.014607979659669368
工业,国防军工,中央国有企业,3299177131.0,0.109764,48338061.17944469,-205219818.693278,-55867982.517833486,48338061.17944469,0.0,0.0,0.12441555075344292,0.047560665488198664,0.09283008578457878,0.014651550753442918,-0.062203334511801336,-0.016933914215421217
工业,国防军工,中央国有企业,3653386274.0,0.061519000000000004,204423464.8811124,-57949919.673545904,98997895.73120534,204423464.8811124,0.0,98997895.73120534,0.11747351713823141,0.045657025566593595,0.0886165714875107,0.05595451713823141,-0.01586197443340641,0.0270975714875107
工业,国防军工,中央国有企业,3974910728.94,0.024353,327439145.5851492,78893743.20437203,233068413.69031125,327439145.5851492,78893743.20437203,233068413.69031125,0.10672947784167175,0.04420092831445823,0.08298788002218964,0.08237647784167175,0.01984792831445823,0.05863488002218964
工业,国防军工,中央国有企业,4240904107.27,0.030506000000000002,277036518.2333977,3352232.5588352615,169721986.7466588,277036518.2333977,3352232.5588352615,169721986.7466588,0.09583087206171106,0.03129645233611594,0.07052623683009283,0.06532487206171106,0.0007904523361159412,0.04002023683009283
工业,国防军工,中央国有企业,22696700722.0,0.041747,-483930824.48963046,-638207327.2470244,-338650907.27845424,0.0,0.0,0.0,0.02042536253308154,0.013628052886756902,0.026826289213599287,-0.02132163746691846,-0.028118947113243097,-0.014920710786400712
工业,国防军工,中央国有企业,24719896668.0,0.030347,-229088697.02673054,-354497479.09167,-30496297.79871747,0.0,0.0,0.0,0.021079619148716477,0.016006427146774107,0.029113325838319742,-0.009267380851283522,-0.014340572853225892,-0.0012336741616802566
工业,国防军工,中央国有企业,26262648705.0,0.038635,-179876810.53289378,-134913039.3717273,268288464.43682036,0.0,0.0,268288464.43682036,0.03178585037486535,0.03349793096758204,0.048850590493191286,-0.006849149625134651,-0.005137069032417965,0.010215590493191283
工业,国防军工,中央国有企业,28402468059.0,0.039441000000000004,-266401632.14641663,-85272869.00301059,313063385.44401735,0.0,0.0,313063385.44401735,0.030061475953250802,0.036438695100796364,0.05046340075734601,-0.009379524046749202,-0.0030023048992036394,0.011022400757346007
工业,国防军工,中央国有企业,29223855418.0,0.032455,-217628294.0759094,35289060.130248874,356733274.06614906,0.0,35289060.130248874,356733274.06614906,0.025008060129709492,0.03366254293454768,0.044661920304102806,-0.007446939870290506,0.0012075429345476812,0.012206920304102808
工业,国防军工,中央国有企业,32853080760.0,0.055996,-650432269.7099643,-253028838.73675525,163636780.35053763,0.0,0.0,163636780.35053763,0.03619778763563955,0.048294170129456214,0.06097686561640734,-0.019798212364360447,-0.007701829870543783,0.004980865616407343
工业,国防军工,中央国有企业,48762673248.0,0.013455,1303002497.8071802,2808267473.5267415,3466441699.6562433,1303002497.8071802,2808267473.5267415,3466441699.6562433,0.04017630978505414,0.07104551517221572,0.08454301607381973,0.02672130978505414,0.057590515172215716,0.07108801607381973
工业,国防军工,中央国有企业,55466437662.06,0.05942,-3013477183.085153,-1558006581.478283,-1126745956.9406,0.0,0.0,0.0,0.00509025916743841,0.03133082306437743,0.03910598661760978,-0.05432974083256159,-0.028089176935622573,-0.020314013382390222
工业,国防军工,中央国有企业,58460327428.0,0.018278000000000003,518300672.6515877,2077786442.8211825,2812279341.090977,518300672.6515877,2077786442.8211825,2812279341.090977,0.027143853057185308,0.053819820140850114,0.06638377471627392,0.008865853057185305,0.03554182014085011,0.04810577471627392
工业,国防军工,中央国有企业,58792300811.0,0.042947,-2328277527.32578,-1011599021.6093705,-724044968.2703598,0.0,0.0,0.0,0.003345258016631991,0.025740682035656937,0.03063169751510573,-0.03960174198336801,-0.017206317964343062,-0.01231530248489427
工业,国防军工,中央国有企业,61589834322.62,0.062074,-2481260118.4125614,-807744503.262305,-167154921.46399763,0.0,0.0,0.0,0.021787154846054313,0.04895910024184874,0.059359998195929436,-0.040286845153945684,-0.013114899758151256,-0.0027140018040705607
工业,国防军工,中央国有企业,62780477436.0,0.038985,83044772.98005803,1102339189.0889604,1927868123.07954,83044772.98005803,1102339189.0889604,1927868123.07954,0.04030778020766433,0.05654363023202894,0.06969308317832335,0.0013227802076643327,0.017558630232028943,0.030708083178323346
工业,国防军工,中央国有企业,63115020067.0,0.029830000000000002,198557329.0452403,3730297801.4676495,4380642666.180567,198557329.0452403,3730297801.4676495,4380642666.180567,0.03297596000816384,0.08893317064793352,0.09923729261482099,0.003145960008163841,0.059103170647933516,0.06940729261482098
工业,国防军工,中央国有企业,64352332318.0,0.022119,990701506.6864301,4499160010.803277,5275464319.082315,990701506.6864301,4499160010.803277,5275464319.082315,0.03751395883056473,0.09203348248636073,0.10409682627385386,0.015394958830564728,0.06991448248636073,0.08197782627385386
工业,国防军工,中央国有企业,71989049045.0,0.012112000000000001,-670608515.9386117,1800658311.9788368,2303038693.8578987,0.0,1800658311.9788368,2303038693.8578987,0.0027965759898923304,0.03712494760614568,0.04410351432627316,-0.009315424010107671,0.02501294760614568,0.03199151432627316
工业,国防军工,中央国有企业,73523417381.93,0.044280999999999994,-1218675174.5168684,-286743662.9280112,622879526.231782,0.0,0.0,622879526.231782,0.027705666345604535,0.04038096823952738,0.052752852212692006,-0.01657533365439546,-0.0039000317604726137,0.008471852212692012
工业,国防军工,中央国有企业,73810707203.02,0.01374,-2670317381.403796,591851417.5266829,676430082.3824079,0.0,591851417.5266829,676430082.3824079,-0.022437913511368424,0.021758503547171907,0.022904389666689597,-0.036177913511368426,0.008018503547171906,0.009164389666689596
工业,国防军工,中央国有企业,77486151790.18,0.057051,-3208539209.223814,-715288407.791445,-55965240.94268756,0.0,0.0,0.0,0.015643095037678204,0.04781982267003876,0.05632873880042162,-0.041407904962321794,-0.009231177329961239,-0.0007222611995783765
工业,国防军工,中央国有企业,77846648435.6,0.016361,-2107290395.3376493,1402968141.7475348,1679209875.2390494,0.0,1402968141.7475348,1679209875.2390494,-0.010708763922861006,0.03438320352374148,0.03793174079596638,-0.027069763922861007,0.01802220352374148,0.02157074079596638
工业,国防军工,中央国有企业,78120456108.96,0.018606,1082788206.0523903,5131425333.256077,5902759322.043868,1082788206.0523903,5131425333.256077,5902759322.043868,0.0324664951888933,0.08429206468578374,0.09416571401153727,0.0138604951888933,0.06568606468578374,0.07555971401153727
工业,国防军工,中央国有企业,80920781039.43,0.012524,-2636677321.2694373,128417334.42665108,172493994.6193127,0.0,128417334.42665108,172493994.6193127,-0.020059438857129575,0.014110951247592107,0.014655640258579093,-0.032583438857129575,0.0015869512475921062,0.002131640258579093
工业,国防军工,中央国有企业,82173551967.0,0.007887,-1822576467.1069074,969040519.288372,1171559900.5504432,0.0,969040519.288372,1171559900.5504432,-0.014292599438987794,0.019679608401271594,0.022144140801470147,-0.022179599438987792,0.011792608401271594,0.014257140801470147
工业,国防军工,中央国有企业,83259234737.86,0.020488,-720239969.8165361,3467045514.316427,4131870649.0832586,0.0,3467045514.316427,4131870649.0832586,0.01183742841975191,0.06212957315680776,0.07011457490298066,-0.008650571580248088,0.04164157315680776,0.04962657490298066
工业,国防军工,中央国有企业,89965912662.0,0.017733000000000002,-777696333.0751159,4588486733.729794,5153232604.495552,0.0,4588486733.729794,5153232604.495552,0.009088655602618026,0.06873550303655163,0.07501283468423353,-0.008644344397381976,0.05100250303655163,0.05727983468423353
工业,国防军工,中央国有企业,90648498035.0,0.01816,1882131902.6019518,6946781332.537205,8097106227.187941,1882131902.6019518,6946781332.537205,8097106227.187941,0.03892296842640733,0.09479426844485614,0.10748421830157177,0.02076296842640733,0.07663426844485614,0.08932421830157178
工业,国防军工,中央国有企业,99795552106.78,0.018008,-920427205.9937245,5222180134.264066,5804522711.243969,0.0,5222180134.264066,5804522711.243969,0.00878487144804932,0.07033678644407315,0.07617214247634205,-0.00922312855195068,0.052328786444073155,0.05816414247634205
工业,国防军工,中央国有企业,114547703019.42,0.069925,2719342094.9917445,-4019757567.2287216,244487373.30098954,2719342094.9917445,0.0,244487373.30098954,0.09366482212921998,0.034832567229460494,0.07205937167971443,0.023739822129219976,-0.03509243277053951,0.0021343716797144335
工业,国防军工,中央国有企业,115913298911.68,0.014764999999999999,-1268061131.5646572,6381005246.560608,6975511971.333648,0.0,6381005246.560608,6975511971.333648,0.0038252619072134675,0.0698148114234727,0.0749437028479677,-0.010939738092786531,0.055049811423472705,0.0601787028479677
工业,国防军工,中央国有企业,123071590336.09,0.012845,-2146362967.634388,5795399506.88668,6586916770.195174,0.0,5795399506.88668,6586916770.195174,-0.004594954759445241,0.05993466131875208,0.06636601774428441,-0.017439954759445243,0.04708966131875208,0.05352101774428441
工业,建筑,中央国有企业,115865000000.0,0.038437,649097217.440178,5444886135.881274,7373438568.283727,649097217.440178,5444886135.881274,7373438568.283727,0.04403918545238146,0.08543036413827536,0.10207518727211605,0.005602185452381461,0.04699336413827536,0.06363818727211605
工业,建筑,中央国有企业,136008000000.0,0.03608,-152561516.49655542,6291978583.992488,8427954992.308906,0.0,6291978583.992488,8427954992.308906,0.034958290126341426,0.08234182712776078,0.09804661220155363,-0.0011217098736585746,0.04626182712776078,0.061966612201553625
工业,建筑,中央国有企业,177896000000.0,0.038491,-3055022159.1968675,5545857109.613375,8436269331.513756,0.0,5545857109.613375,8436269331.513756,0.02131792045241676,0.06966571505606295,0.08591347904120247,-0.017173079547583237,0.03117471505606295,0.047422479041202475
工业,建筑,中央国有企业,194566000000.0,0.036001,-4341646101.9412,5951529689.179267,9356124448.080051,0.0,5951529689.179267,9356124448.080051,0.01368648409310362,0.06658974463770272,0.08408815010885792,-0.022314515906896377,0.030588744637702718,0.048087150108857925
工业,建筑,中央国有企业,219115319747.0,0.033386,-4954378368.722551,7265859719.316022,11197444494.33609,0.0,7265859719.316022,11197444494.33609,0.01077517400005125,0.06654598045095841,0.08448897402876779,-0.02261082599994875,0.033159980450958415,0.05110297402876779
工业,建筑,中央国有企业,233421377309.4,0.033504,-5338604435.352312,7781614890.972458,11834985218.37946,0.0,7781614890.972458,11834985218.37946,0.010632896689372229,0.06684119893468853,0.0842062336805604,-0.02287110331062777,0.033337198934688526,0.050702233680560406
工业,建筑,中央国有企业,247353213805.61,0.036042,-7221370928.832489,6941628967.354385,11201890353.812426,0.0,6941628967.354385,11201890353.812426,0.006847429136216429,0.0641056295787516,0.08132902167021679,-0.02919457086378357,0.028063629578751602,0.04528702167021679
工业,建筑,中央国有企业,421670000000.0,0.040955000000000005,-20590241532.69028,-3026361152.5462894,5185307965.186899,0.0,0.0,5185307965.186899,-0.007875226320796541,0.03377791566261226,0.053252075829883325,-0.048830226320796546,-0.007177084337387743,0.01229707582988332
工业,建筑,中央国有企业,458506000000.0,0.025755,-12976061298.88753,6854325893.006355,15737789731.367542,0.0,6854325893.006355,15737789731.367542,-0.002545744807892436,0.040704261063118814,0.060079064966145575,-0.028300744807892436,0.014949261063118814,0.034324064966145575
工业,建筑,中央国有企业,476052000000.0,0.035304,-19284879244.463306,2082075557.2062993,11565311357.45844,0.0,2082075557.2062993,11565311357.45844,-0.005206026729145774,0.039677630521888996,0.05959821860943435,-0.040510026729145776,0.004373630521888994,0.02429421860943435
工业,建筑,中央国有企业,506393000000.0,0.026345999999999998,-12690154226.59408,12317191315.312914,22081166695.190132,0.0,12317191315.312914,22081166695.190132,0.001286107334433767,0.050669383844786385,0.06995080238705932,-0.02505989266556623,0.024323383844786387,0.04360480238705933
工业,建筑,中央国有企业,528863000000.0,0.031996000000000004,-19294809078.554054,5623103394.686341,16263678040.028593,0.0,5623103394.686341,16263678040.028593,-0.004487567726526628,0.04262843863663433,0.06274815706152367,-0.03648356772652663,0.01063243863663433,0.03075215706152367
工业,建筑,中央国有企业,543470000000.0,0.025741,-8874772118.944778,19086694955.81183,29940019278.01772,0.0,19086694955.81183,29940019278.01772,0.009411171087742143,0.060861052543492423,0.08083147284673987,-0.016329828912257857,0.035120052543492424,0.055090472846739874
工业,建筑,中央国有企业,585384000000.0,0.027708,-7173472552.71488,24882727368.86169,36247822844.45303,0.0,24882727368.86169,36247822844.45303,0.015453697605819633,0.07021467488155073,0.0896294444611623,-0.012254302394180367,0.04250667488155073,0.06192144446116231
工业,建筑,中央国有企业,661602236000.0,0.023165,-2142876711.578799,35411902910.139114,48203871711.55483,0.0,35411902910.139114,48203871711.55483,0.01992608000399987,0.07668946074583569,0.09602429383037157,-0.003238919996000133,0.05352446074583568,0.07285929383037157
工业,建筑,中央国有企业,664351000000.0,0.031312,-22867859261.900444,9292058150.215416,22331219840.310665,0.0,9292058150.215416,22331219840.310665,-0.003109351457137033,0.04529866992330171,0.06492558655335909,-0.03442135145713703,0.013986669923301713,0.03361358655335909
工业,建筑,中央国有企业,783156193000.0,0.025701,-27529415820.263817,8351618527.323785,23399464915.90818,0.0,8351618527.323785,23399464915.90818,-0.009450884217129363,0.03636505220564193,0.05557941394227241,-0.035151884217129364,0.010664052205641927,0.029878413942272405
工业,建筑,中央国有企业,808015755000.0,0.013515999999999999,-502756871.475284,44564336242.87646,59319297454.67624,0.0,44564336242.87646,59319297454.67624,0.012893788281522697,0.0686688060772484,0.08692954062418776,-0.0006222117184773012,0.0551528060772484,0.07341354062418776
工业,建筑,中央国有企业,813228000000.0,0.027473,-38269363881.74872,-13686278752.799887,1387542178.6808546,0.0,0.0,1387542178.6808546,-0.019585591049187584,0.01064342852336628,0.02917921545087092,-0.04705859104918758,-0.01682957147663372,0.0017062154508709175
工业,建筑,中央国有企业,839488682000.0,0.006326000000000001,-8208499619.51042,29384858617.199554,45110805229.331924,0.0,29384858617.199554,45110805229.331924,-0.0034519753265457587,0.04132928145841465,0.060062049331671544,-0.00977797532654576,0.03500328145841465,0.053736049331671545
工业,建筑,中央国有企业,869004776000.0,0.024536,-33930608137.88996,3969277731.9433284,19935063220.286728,0.0,3969277731.9433284,19935063220.286728,-0.014509364392669297,0.02910361325319037,0.04747610777713692,-0.0390453643926693,0.00456761325319037,0.022940107777136922
工业,建筑,中央国有企业,886543000000.0,0.019069,-32328558125.175495,-3424656298.02611,15054197744.143415,0.0,0.0,15054197744.143415,-0.017396865869084177,0.0152060669014068,0.03604978688133956,-0.03646586586908418,-0.0038629330985931985,0.016980786881339558
工业,建筑,中央国有企业,941597382000.0,0.020983,-33978640812.377632,4753771277.613417,22502490696.803425,0.0,4753771277.613417,22502490696.803425,-0.015103167465977119,0.026031624144978154,0.04488120864731698,-0.03608616746597712,0.005048624144978153,0.023898208647316975
工业,建筑,中央国有企业,963977000000.0,0.018102,-32451413074.44561,2972199644.9507008,23418691187.653347,0.0,2972199644.9507008,23418691187.653347,-0.015562094759984532,0.02118526821589177,0.04239582774449323,-0.03366409475998453,0.00308326821589177,0.024293827744493228
工业,建筑,中央国有企业,1040080000000.0,0.019208,-37083677093.42511,7311579101.448792,27740460978.530308,0.0,7311579101.448792,27740460978.530308,-0.016446639156050602,0.02623782376494961,0.04587946852023912,-0.035654639156050605,0.007029823764949612,0.026671468520239123
工业,建筑,中央国有企业,1056040000000.0,0.039075,-31798340911.734165,13949650293.658424,38638955991.558205,0.0,13949650293.658424,38638955991.558205,0.00896407530800522,0.05228439575551913,0.07566353451721355,-0.030110924691994778,0.013209395755519132,0.036588534517213556
工业,建筑,中央国有企业,1081240000000.0,0.030754,-21629496496.62496,19632002414.386944,45493430905.03783,0.0,19632002414.386944,45493430905.03783,0.010749656379134179,0.048910933164132794,0.07282923852709651,-0.02000434362086582,0.018156933164132794,0.042075238527096506
工业,建筑,中央国有企业,1120400000000.0,0.031488,-49929447210.468544,-5433521985.20781,19959451684.303093,0.0,0.0,19959451684.303093,-0.013075947885102232,0.026638373094245084,0.04930257665503668,-0.044563947885102234,-0.004849626905754918,0.017814576655036676
工业,建筑,中央国有企业,1153774735013.99,0.019068,-39514497552.19476,10610119238.913101,31694701105.90215,0.0,10610119238.913101,31694701105.90215,-0.015180017704873414,0.02826400587265802,0.0465384412777056,-0.034248017704873415,0.009196005872658019,0.0274704412777056
工业,建筑,中央国有企业,1199980000000.0,0.035775,-31085871007.79759,20750924558.929256,48466923132.26702,0.0,20750924558.929256,48466923132.26702,0.009869675738097647,0.05306772534453012,0.07616477577315207,-0.025905324261902354,0.01729272534453012,0.04038977577315207
工业,建筑,中央国有企业,1242790000000.0,0.028767,-23206049276.968704,28335892280.56193,58417828478.07683,0.0,28335892280.56193,58417828478.07683,0.010094457352433875,0.051567225525279356,0.07577238987123877,-0.018672542647566126,0.022800225525279355,0.04700538987123877
工业,建筑,中央国有企业,1289001336534.82,0.024380000000000002,-53272363535.862045,1327403697.1415606,24041484395.81812,0.0,1327403697.1415606,24041484395.81812,-0.01694840054229299,0.025409792335755042,0.043031248617358346,-0.04132840054229299,0.00102979233575504,0.018651248617358344
工业,建筑,中央国有企业,1304170000000.0,0.026902,-51442761259.4093,-1617140149.4191244,29011512062.47333,0.0,0.0,29011512062.47333,-0.012542827943756801,0.025662023501982774,0.04914719200907346,-0.0394448279437568,-0.001239976498017225,0.022245192009073458
工业,建筑,中央国有企业,1352970000000.0,0.028597,-27959861907.394115,29705241386.653793,62886749239.99339,0.0,29705241386.653793,62886749239.99339,0.007931455377876734,0.05055258023212177,0.07507752007065448,-0.020665544622123267,0.021955580232121772,0.04648052007065448
工业,建筑,中央国有企业,1361580000000.0,0.034908999999999996,-31824309086.471245,29876392707.629,62953749547.335884,0.0,29876392707.629,62953749547.335884,0.011535926742114858,0.05685144385759852,0.08114480659772902,-0.023373073257885138,0.021942443857598526,0.04623580659772902
工业,建筑,中央国有企业,1380267054189.34,0.021762,-53070177369.636566,3078743615.9809794,27337054589.196857,0.0,3078743615.9809794,27337054589.196857,-0.016687209671823827,0.023992541985796503,0.041567627111234996,-0.03844920967182383,0.0022305419857965025,0.019805627111234996
工业,建筑,中央国有企业,1390840000000.0,0.024939,-51827912240.54773,6455367159.293085,38716323092.41029,0.0,6455367159.293085,38716323092.41029,-0.012324748699021976,0.029580344194366774,0.05277564770384106,-0.03726374869902198,0.004641344194366775,0.027836647703841057
工业,建筑,中央国有企业,1511350000000.0,0.021932,-54238201050.11714,12663400626.29241,46872857981.931946,0.0,12663400626.29241,46872857981.931946,-0.013955253812893864,0.030310866990632488,0.052945900143535216,-0.035887253812893864,0.008378866990632488,0.031013900143535215
工业,建筑,中央国有企业,1523950000000.0,0.027513,-31120626817.666885,35975295315.34768,72721453887.40695,0.0,35975295315.34768,72721453887.40695,0.00709197121449727,0.0511196113162162,0.07523205501322677,-0.02042102878550273,0.023606611316216202,0.04771905501322678
工业,建筑,中央国有企业,1613020000000.0,0.032713,-39371975840.41183,33337281505.544605,72131819420.38464,0.0,33337281505.544605,72131819420.38464,0.008304142180250815,0.05338061819788013,0.07743149042193193,-0.024408857819749184,0.020667618197880128,0.044718490421931927
工业,建筑,中央国有企业,1663019578000.0,0.026402000000000002,-36403470874.07284,37251794479.14938,77313371946.61725,0.0,37251794479.14938,77313371946.61725,0.004512016649441494,0.04880209376434977,0.07289175452207049,-0.021889983350558508,0.022400093764349767,0.046489754522070485
工业,建筑,中央国有企业,1684262000000.0,0.022187000000000002,-63565516801.924904,12273887189.546112,50346417177.639755,0.0,12273887189.546112,50346417177.639755,-0.01555387214573796,0.029474397797697813,0.05207927161667232,-0.03774087214573796,0.007287397797697812,0.02989227161667232
工业,建筑,中央国有企业,1829290000000.0,0.031595,-47853504364.89454,34094069559.14375,78326030041.66454,0.0,34094069559.14375,78326030041.66454,0.005435394707840449,0.05023287018960566,0.07441272165247967,-0.02615960529215955,0.018637870189605665,0.04281772165247967
工业,建筑,中央国有企业,1858272000000.0,0.019717,-71615866781.5329,11633635598.586498,52299048484.868965,0.0,11633635598.586498,52299048484.868965,-0.018821958118904497,0.02597745896326614,0.04786091460715598,-0.038538958118904496,0.0062604589632661405,0.028143914607155984
工业,建筑,中央国有企业,1862842522000.0,0.021749,-38923954197.64839,41471466937.16332,85747859899.23268,0.0,41471466937.16332,85747859899.23268,0.000854075314762226,0.04401146526337524,0.06777965416778836,-0.020894924685237775,0.022262465263375237,0.04603065416778836
工业,建筑,中央国有企业,2019132000000.0,0.013065,-72458709548.84831,14494545654.859638,58588092583.36613,0.0,14494545654.859638,58588092583.36613,-0.022821068641796727,0.020243602317659093,0.042081474694753054,-0.03588606864179673,0.007178602317659093,0.029016474694753054
工业,建筑,中央国有企业,2034450000000.0,0.045323,-58243401627.12174,-1889302463.6038432,63672263620.23695,0.0,0.0,63672263620.23695,0.016694426367263024,0.044394344853103375,0.07662004029110421,-0.02862857363273698,-0.0009286551468966273,0.03129704029110421
工业,建筑,中央国有企业,2083825209000.0,0.018279,-52417837467.85357,24601052000.436893,73443384584.99965,0.0,24601052000.436893,73443384584.99965,-0.006875622970037007,0.030084717626500262,0.053523503362277756,-0.025154622970037007,0.011805717626500262,0.03524450336227776
工业,建筑,中央国有企业,2192170000000.0,0.044617000000000004,-57698363267.70644,10698601441.230202,82361345595.63351,0.0,10698601441.230202,82361345595.63351,0.018296795240466554,0.049497370336803355,0.08218769278187071,-0.02632020475953345,0.004880370336803351,0.03757069278187071
工业,建筑,中央国有企业,2256266000000.0,0.021793999999999997,-46623711689.28489,54011109628.79538,107331205547.28297,0.0,54011109628.79538,107331205547.28297,0.0011298975895196323,0.04573227218457193,0.06936428007658803,-0.020664102410480365,0.023938272184571934,0.047570280076588034
工业,建筑,中央国有企业,2388250000000.0,0.044051,-50665885192.56535,23638392826.890568,103972379173.93692,0.0,23638392826.890568,103972379173.93692,0.022836351117946047,0.05394878826625796,0.0875859645865956,-0.021214648882053953,0.009897788266257958,0.043534964586595594
工业,建筑,中央国有企业,2470432000000.0,0.016576,-62389612221.139854,27914435050.8449,86491984611.35095,0.0,27914435050.8449,86491984611.35095,-0.008678535328695489,0.0278754144549799,0.05158687445894117,-0.02525453532869549,0.011299414454979898,0.03501087445894117
工业,建筑,中央国有企业,2652900000000.0,0.035244,-20534573630.104893,68565558793.17799,157951652582.79077,0.0,68565558793.17799,157951652582.79077,0.027503574944360926,0.06108951200315805,0.09478324105046959,-0.007740425055639072,0.02584551200315805,0.059539241050469593
工业,建筑,中央国有企业,2903322519000.0,0.033474,-26444735179.375504,72073385636.95624,168203577002.3362,0.0,72073385636.95624,168203577002.3362,0.024365561303880234,0.05829845032038007,0.09140885770236476,-0.009108438696119762,0.024824450320380075,0.05793485770236476
工业,建筑,中央国有企业,3189262063000.0,0.032662,-29315830660.03647,77790001737.90147,183284953629.34006,0.0,77790001737.90147,183284953629.34006,0.023469958053951717,0.057053222860101935,0.09013139260831136,-0.00919204194604828,0.024391222860101938,0.05746939260831137
工业,建筑,中央国有企业,3560679818000.0,0.026034,-26005161462.04788,80581334713.2465,199909652971.3978,0.0,80581334713.2465,199909652971.3978,0.018730574027637586,0.04866488478382431,0.08217767569945819,-0.007303425972362415,0.022630884783824308,0.05614367569945819
工业,建筑,地方国有企业,97615480976.0,0.043567,-4498627870.913316,-3960553293.115973,-2549034736.215209,0.0,0.0,0.0,-0.002518188803396465,0.0029939960715583136,0.01745398277436218,-0.04608518880339647,-0.04057300392844169,-0.026113017225637823
工业,建筑,地方国有企业,113224000000.0,0.056818999999999995,-6714142233.424085,-5502767846.180137,-4033928906.877137,0.0,0.0,0.0,-0.002480638181163758,0.008218280663285726,0.02119113923834931,-0.05929963818116375,-0.04860071933671427,-0.035627860761650684
工业,建筑,地方国有企业,137038000000.0,0.072688,-10500334894.587069,-7407666764.879546,-5331229247.144172,0.0,0.0,0.0,-0.003935527011391493,0.018632433187294437,0.033784708598022656,-0.0766235270113915,-0.05405556681270557,-0.03890329140197735
工业,建筑,地方国有企业,208299000000.0,0.093207,-19633172869.068283,-12918621476.922256,-9587854963.06214,0.0,0.0,0.0,-0.001047762956462986,0.031187396080047163,0.04717771055040044,-0.09425476295646298,-0.062019603919952836,-0.04602928944959956
工业,建筑,地方国有企业,239773354769.84,0.050009,-15789615641.99495,-7480224554.795055,-3263401608.488284,0.0,0.0,0.0,-0.015843253087719042,0.018811936581609026,0.03639864028500646,-0.06585225308771904,-0.031197063418390972,-0.013610359714993539
工业,建筑,地方国有企业,240914762578.04,0.060896,-15054196652.654196,-5236151326.308271,-1014321668.0056018,0.0,0.0,0.0,-0.0015916470481034117,0.039161543919866204,0.05668570729252413,-0.06248764704810341,-0.021734456080133795,-0.004210292707475867
工业,建筑,地方国有企业,267673535809.41,0.045757000000000006,-17559182700.0896,-9664381310.747143,-4463792204.168918,0.0,0.0,0.0,-0.019842248155006847,0.009651894272893632,0.029080744759933073,-0.06559924815500685,-0.036105105727106374,-0.016676255240066933
工业,机械,中央国有企业,44351383662.0,0.009106999999999999,2765959961.7435856,1775079773.8548236,2735255342.1920543,2765959961.7435856,1775079773.8548236,2735255342.1920543,0.07147168252767147,0.04913009798004569,0.07077937899582386,0.062364682527671474,0.04002309798004569,0.06167237899582386
工业,机械,中央国有企业,56015704188.0,0.021861000000000002,4046410579.956913,3645459099.5463443,4884853380.471038,4046410579.956913,3645459099.5463443,4884853380.471038,0.0940980742029118,0.0869402336254749,0.10906606956542911,0.0722370742029118,0.0650792336254749,0.0872050695654291
工业,机械,中央国有企业,58744689010.0,0.01155,5719960901.750326,5152245263.782814,6855868931.07634,5719960901.750326,5152245263.782814,6855868931.07634,0.10891983884239524,0.09925572030614985,0.12825619159987856,0.09736983884239524,0.08770572030614984,0.11670619159987855
工业,机械,中央国有企业,62005997289.0,0.012637,5466677568.82572,4835653281.095284,6653579874.639643,5466677568.82572,4835653281.095284,6653579874.639643,0.10080069073698489,0.09062386405376371,0.11994242472574668,0.08816369073698489,0.07798686405376372,0.10730542472574668
工业,机械,中央国有企业,85867792662.0,0.004758,7715846134.174338,7149345233.053555,9511249218.293285,7715846134.174338,7149345233.053555,9511249218.293285,0.09461527820611505,0.08801791633668057,0.11552420142935618,0.08985727820611505,0.08325991633668058,0.11076620142935618
工业,机械,中央国有企业,99119595878.61,0.011656999999999999,6794051188.24948,7650099816.927397,9710294166.10442,6794051188.24948,7650099816.927397,9710294166.10442,0.0802009758710279,0.08883749845861294,0.10962243337400653,0.0685439758710279,0.07718049845861294,0.09796543337400652
工业,机械,中央国有企业,108947127910.61,0.024444,4757117144.217525,5808943819.108849,7861623200.257974,4757117144.217525,5808943819.108849,7861623200.257974,0.06810845665387977,0.07776292570747736,0.09660398577501149,0.04366445665387977,0.053318925707477365,0.07215998577501148
工业,机械,中央国有企业,116795591158.73,0.031677,3812407251.542925,5198368836.623731,7456591332.879749,3812407251.542925,5198368836.623731,7456591332.879749,0.06431870516814892,0.07618526255555258,0.09552008910039195,0.03264170516814892,0.04450826255555258,0.06384308910039195
工业,机械,中央国有企业,152510000000.0,0.0031569999999999997,12206783967.026146,9388701124.3239,12850343232.72709,12206783967.026146,9388701124.3239,12850343232.72709,0.08319623655515143,0.06471821647317487,0.08741602060669523,0.08003923655515144,0.06156121647317487,0.08425902060669524
工业,机械,中央国有企业,160402000000.0,0.002098,5016366570.709495,8840436048.100077,11104950166.669323,5016366570.709495,8840436048.100077,11104950166.669323,0.03337171585584653,0.057212250745627094,0.0713299931588716,0.031273715855846526,0.05511425074562709,0.0692319931588716
工业,机械,中央国有企业,162438000000.0,0.013464,1475362258.8877974,4539594100.580692,7157886531.080404,1475362258.8877974,4539594100.580692,7157886531.080404,0.022546617730382038,0.04141062640872636,0.05752934512294171,0.009082617730382037,0.027946626408726357,0.044065345122941704
工业,机械,中央国有企业,177832168643.44,0.017764,17922054.610561047,2780384842.2907467,5724108266.354162,17922054.610561047,2780384842.2907467,5724108266.354162,0.017864780723461204,0.03339888126754794,0.049952261044216406,0.00010078072346120584,0.015634881267547942,0.032188261044216404
工业,机械,中央国有企业,181976769308.99,0.014025000000000001,732412974.1361752,3807425862.6594634,6802312967.232098,732412974.1361752,3807425862.6594634,6802312967.232098,0.018049760835777695,0.03494759290632087,0.05140511721530244,0.004024760835777694,0.02092259290632087,0.03738011721530244
工业,机械,中央国有企业,383572000000.0,0.04577200000000001,2853923327.313053,12585216336.134844,22095470969.009842,2853923327.313053,12585216336.134844,22095470969.009842,0.053212384927244574,0.07858257099093481,0.10337649399072363,0.007440384927244567,0.032810570990934804,0.05760449399072362
工业,机械,中央国有企业,392380000000.0,0.041803999999999994,5348106386.332349,14940666263.523943,25439613230.760456,5348106386.332349,14940666263.523943,25439613230.760456,0.055433915863021425,0.07988103314012931,0.10663812312238252,0.013629915863021431,0.03807703314012932,0.06483412312238253
工业,机械,中央国有企业,420489480242.16,0.027851,-4016368748.831576,3770542757.807442,10808460911.530785,0.0,3770542757.807442,10808460911.530785,0.018299349037130375,0.036818032315852435,0.053555473998508095,-0.009551650962869626,0.008967032315852434,0.025704473998508094
工业,机械,中央国有企业,426826000000.0,0.034282,8974942743.002136,19237558359.298794,31303842198.43496,8974942743.002136,19237558359.298794,31303842198.43496,0.05530916972021886,0.07935319612980182,0.10762299187592828,0.021027169720218862,0.04507119612980182,0.07334099187592827
工业,机械,中央国有企业,442140000000.0,0.037285,6704780730.013095,16846116223.463512,29429584819.99806,6704780730.013095,16846116223.463512,29429584819.99806,0.052449383973431705,0.07538631683055935,0.10384668819830384,0.015164383973431707,0.038101316830559354,0.06656168819830384
工业,机械,中央国有企业,471791735000.0,0.035874,7450132841.060091,17435190776.151432,31499094435.797775,7450132841.060091,17435190776.151432,31499094435.797775,0.05166514742453064,0.07282926963004435,0.10263882884083965,0.015791147424530638,0.03695526963004435,0.06676482884083965
工业,机械,中央国有企业,512823630000.0,0.03497,6729707638.830797,17267355104.07234,32004243730.96244,6729707638.830797,17267355104.07234,32004243730.96244,0.04809285012847555,0.06864113778293005,0.09737789592898136,0.013122850128475548,0.033671137782930044,0.062407895928981355
工业,机械,中央国有企业,550774434000.0,0.036116,5794188901.799795,16465715919.92563,32411712009.736404,5794188901.799795,16465715919.92563,32411712009.736404,0.04663607599503029,0.06601157049760525,0.09496352451987705,0.010520075995030291,0.029895570497605252,0.05884752451987705
工业,机械,地方国有企业,77291657089.0,0.05873300000000001,2925578881.2617493,2530095012.5156136,4134701630.103886,2925578881.2617493,2530095012.5156136,4134701630.103886,0.09658416002743991,0.09146738696756435,0.11222779860863702,0.037851160027439906,0.03273438696756434,0.05349479860863701
工业,机械,地方国有企业,91797176722.0,0.060702,2383713566.332434,2477299191.846518,4139743607.0215096,2383713566.332434,2477299191.846518,4139743607.0215096,0.08666917732998815,0.08768865994215497,0.10579863319557609,0.02596717732998815,0.02698665994215497,0.04509663319557609
工业,机械,地方国有企业,110029000000.0,0.059959,1096202154.3660605,2209900930.122232,3794843777.5529757,1096202154.3660605,2209900930.122232,3794843777.5529757,0.06992184756169792,0.08004371339485256,0.09444848711296999,0.009962847561697921,0.020084713394852557,0.034489487112969994
工业,机械,地方国有企业,160969811609.42,0.052740999999999996,-2680729337.6054254,264495242.2995241,3245577457.0710955,0.0,264495242.2995241,3245577457.0710955,0.036087384574829504,0.054384135688953276,0.07290364680079406,-0.016653615425170493,0.0016431356889532803,0.020162646800794062
工业,机械,地方国有企业,161994607612.63,0.037995,-213508991.65061924,2218274003.4009604,5268316934.095442,0.0,2218274003.4009604,5268316934.095442,0.03667699938999715,0.05168850521040437,0.07051655742549973,-0.0013180006100028535,0.01369350521040437,0.032521557425499725
工业,机械,地方国有企业,172078712755.41,0.047889,-1183169370.5095282,2611169285.681001,5803599847.130323,0.0,2611169285.681001,5803599847.130323,0.04101325487403973,0.06306327253998859,0.08161542527480706,-0.0068757451259602725,0.015174272539988584,0.033726425274807056
工业,机械,地方国有企业,175086000000.0,0.033686,4411289093.358214,6262186228.789887,8944213127.162306,4411289093.358214,6262186228.789887,8944213127.162306,0.05888098471241684,0.06945234470368783,0.0847706848243852,0.025194984712416837,0.03576634470368783,0.0510846848243852
工业,机械,地方国有企业,236832000000.0,0.065675,-4330078276.057479,831886596.19937,5537633885.449025,0.0,831886596.19937,5537633885.449025,0.04739166719000186,0.06918755994206598,0.08905711848672909,-0.018283332809998137,0.003512559942065979,0.023382118486729095
工业,机械,地方国有企业,270750000000.0,0.049421999999999994,-1755365680.328955,3734442912.3326483,9293349348.06553,0.0,3734442912.3326483,9293349348.06553,0.04293865492029933,0.06321495627823692,0.0837464666595218,-0.006483345079700664,0.013792956278236929,0.03432446665952181
工业,机械,地方国有企业,277044000000.0,0.048954000000000004,-1578330958.231646,4060192435.158484,10154932176.327698,0.0,4060192435.158484,10154932176.327698,0.04325695924751431,0.06360940648835017,0.08560858258012337,-0.005697040752485692,0.014655406488350169,0.036654582580123364
工业,机械,地方国有企业,293666000000.0,0.017967999999999998,10582576578.826506,17084833955.941587,24514172196.111362,10582576578.826506,17084833955.941587,24514172196.111362,0.05400409739917629,0.07614577323878688,0.10144437178328905,0.03603609739917629,0.05817777323878688,0.08347637178328905
工业,机械,地方国有企业,334247213024.91,0.0436,262834367.80209318,6652027578.300481,14868125379.903204,262834367.80209318,6652027578.300481,14868125379.903204,0.04438634722313303,0.06350151995015957,0.08808242139507427,0.0007863472231330326,0.01990151995015957,0.04448242139507427
工业,机械,地方国有企业,343879412547.54,0.051303999999999995,-1472250093.4115067,5113592972.507772,13615345847.049875,0.0,5113592972.507772,13615345847.049875,0.04702270242971299,0.06617430856143747,0.09089737299719158,-0.0042812975702870085,0.014870308561437472,0.03959337299719159
工业,机械,地方国有企业,367475596673.66,0.045776000000000004,-1390547100.7990344,7065043044.217248,15849657684.219284,0.0,7065043044.217248,15849657684.219284,0.04199194709040252,0.0650018835910985,0.08890718429546961,-0.0037840529095974837,0.019225883591098496,0.0431311842954696
工业,电气设备,中央国有企业,32985615356.0,0.094467,1575282949.815144,-150876958.7149038,1453502677.1506763,1575282949.815144,0.0,1453502677.1506763,0.14222366401289688,0.08989297713923018,0.13853174341811203,0.04775666401289688,-0.004574022860769814,0.044064743418112035
工业,电气设备,中央国有企业,33865721258.0,0.08407999999999999,1666599605.097249,63327664.87956096,1622101066.85035,1666599605.097249,63327664.87956096,1622101066.85035,0.13329199204353437,0.08594996356572801,0.13197802214731114,0.04921199204353438,0.0018699635657280222,0.04789802214731115
工业,电气设备,中央国有企业,44150745227.0,0.052518,3687277413.9941244,1376354945.1569538,3528649258.9986887,3687277413.9941244,1376354945.1569538,3528649258.9986887,0.13603363252298634,0.08369199124477872,0.13244075647571119,0.08351563252298633,0.031173991244778716,0.07992275647571118
工业,电气设备,中央国有企业,48509554784.0,0.059538,3361068990.409669,1355756238.764878,3668546874.375268,3361068990.409669,1355756238.764878,3668546874.375268,0.12882474166101102,0.08748623091660387,0.13516324312396436,0.06928674166101101,0.027948230916603874,0.07562524312396435
工业,电气设备,中央国有企业,53404847387.0,0.061758,3120361010.681168,1507570592.7214334,3785011462.7322717,3120361010.681168,1507570592.7214334,3785011462.7322717,0.1201864229495006,0.08998709654243131,0.13263193088691108,0.058428422949500604,0.02822909654243131,0.07087393088691107
工业,电气设备,中央国有企业,57424875019.0,0.09559799999999999,649701233.4191283,-496766827.07001406,1439464204.837681,649701233.4191283,0.0,1439464204.837681,0.10691193378225312,0.08694727456253669,0.12066491053940316,0.011313933782253136,-0.0086507254374633,0.025066910539403173
工业,电气设备,中央国有企业,64802246319.0,0.06887800000000001,2948570504.8244147,1230486879.9369128,3799579792.027781,2948570504.8244147,1230486879.9369128,3799579792.027781,0.11437905393429695,0.08786633682214709,0.12751145806445827,0.045501053934296945,0.01898833682214708,0.05863345806445826
工业,电气设备,中央国有企业,65962017470.0,0.09493700000000001,617066249.4413371,-297743393.7576917,1784296485.0734646,617066249.4413371,0.0,1784296485.0734646,0.10429187229028408,0.0904231387632192,0.12198736251938437,0.009354872290284075,-0.004513861236780811,0.027050362519384363
工业,电气设备,中央国有企业,72084237098.0,0.06713,2978986481.6304636,2038617293.058344,4577218375.666981,2978986481.6304636,2038617293.058344,4577218375.666981,0.10845646195007197,0.09541104139170956,0.13062818712021823,0.041326461950071974,0.02828104139170956,0.06349818712021824
工业,电气设备,中央国有企业,72732951414.0,0.097209,131122038.55414034,-471776352.0483959,1655170205.2749822,131122038.55414034,0.0,1655170205.2749822,0.09901178726498787,0.09072258163148064,0.11996581342633357,0.0018027872649878651,-0.006486418368519362,0.022756813426333566
工业,电气设备,中央国有企业,76665557522.0,0.099314,-344437500.0975867,-301045340.904889,1743907685.5915794,0.0,0.0,1743907685.5915794,0.09482127195848349,0.09538726483188359,0.12206095106849182,-0.004492728041516514,-0.00392673516811641,0.022746951068491825
工业,电气设备,中央国有企业,86087418302.42,0.099833,-88729346.97929956,-30202075.713867426,2323744429.0440526,0.0,0.0,2323744429.0440526,0.09880231109412994,0.09948216968925971,0.12682584604959202,-0.0010306889058700613,-0.00035083031074029103,0.026992846049592012
工业,电气设备,中央国有企业,89618965556.0,0.006066,3361259143.654082,2511661318.306176,4383610401.4830065,3361259143.654082,2511661318.306176,4383610401.4830065,0.04357211405521903,0.03409200211599988,0.05497986967353278,0.03750611405521903,0.028026002115999878,0.04891386967353278
工业,电气设备,中央国有企业,92705313123.25,0.096785,30928062.94651321,518079725.4167717,2939229307.7729306,30928062.94651321,518079725.4167717,2939229307.7729306,0.0971186169406536,0.10237345774813353,0.12849007933957657,0.0003336169406536055,0.005588457748133532,0.03170507933957657
工业,电气设备,中央国有企业,97512591304.0,0.054669999999999996,1017110733.9264596,23344755.828748774,2384245230.366435,1017110733.9264596,23344755.828748774,2384245230.366435,0.0651005579446204,0.054909402476301446,0.07912063964030491,0.010430557944620403,0.00023940247630144934,0.024450639640304916
工业,电气设备,中央国有企业,97795137769.0,0.011969,3240605546.8445144,2331952486.2272,4418659026.579491,3240605546.8445144,2331952486.2272,4418659026.579491,0.045105673466313695,0.035814280444672615,0.057151808955356445,0.033136673466313694,0.023845280444672615,0.045182808955356445
工业,电气设备,中央国有企业,98585657661.02,0.100888,-605389780.4199035,-2702297.8991409964,2548276073.679433,0.0,0.0,2548276073.679433,0.0947472509825162,0.10086058934044512,0.1267363448215308,-0.006140749017483807,-2.7410659554888417e-05,0.025848344821530783
工业,电气设备,中央国有企业,103105000000.0,0.017065,2184905400.8718896,1909761797.956876,3870880528.837902,2184905400.8718896,1909761797.956876,3870880528.837902,0.03825607124651462,0.035587494524580536,0.05460809227329326,0.021191071246514617,0.018522494524580536,0.03754309227329326
工业,电气设备,中央国有企业,105328000000.0,0.045983,2030975753.7196689,1729515040.4886844,4344060240.210923,2030975753.7196689,1729515040.4886844,4344060240.210923,0.06526539170704532,0.06240327799339857,0.08722616649144505,0.019282391707045314,0.01642027799339857,0.04124316649144504
工业,电气设备,中央国有企业,108943000000.0,0.036272,1904493314.5072215,1675630423.774355,4272804398.197566,1904493314.5072215,1675630423.774355,4272804398.197566,0.053753557461307486,0.05165279935171929,0.0754925501794293,0.017481557461307487,0.015380799351719293,0.0392205501794293
工业,电气设备,中央国有企业,115265000000.0,0.021002,1972042058.542743,2169031150.835922,4255731500.194068,1972042058.542743,2169031150.835922,4255731500.194068,0.038110767262766174,0.03981977773683184,0.057923281396729864,0.017108767262766174,0.01881777773683184,0.036921281396729864
工业,电气设备,中央国有企业,116807000000.0,0.039245999999999996,1122116619.8094664,1072884944.2523574,3734879973.009659,1122116619.8094664,1072884944.2523574,3734879973.009659,0.04885258710359367,0.04843110829190337,0.07122079579999194,0.009606587103593675,0.009185108291903374,0.03197479579999194
工业,电气设备,中央国有企业,117890875515.13,0.036261999999999996,320627386.14584863,725683798.4012839,3225121258.984546,320627386.14584863,725683798.4012839,3225121258.984546,0.03898169636958629,0.04241755525591249,0.06361883525032976,0.0027196963695862927,0.006155555255912493,0.02735683525032976
工业,电气设备,中央国有企业,118321690651.9,0.039783,49783798.81746301,351175513.14386094,2990970460.8180485,49783798.81746301,351175513.14386094,2990970460.8180485,0.0402037495560888,0.04275097240817841,0.0650612938135783,0.00042074955608879805,0.002967972408178414,0.025278293813578295
工业,电气设备,中央国有企业,118990487731.74,0.036031,731335047.5436877,1062697558.4916797,3605867692.0649333,731335047.5436877,1062697558.4916797,3605867692.0649333,0.042177163962219044,0.04496194547933525,0.06633483151461854,0.006146163962219044,0.008930945479335248,0.03030383151461854
工业,电气设备,中央国有企业,121108373341.62,0.024314,296377877.2021865,1532981651.553499,3418178515.3448157,296377877.2021865,1532981651.553499,3418178515.3448157,0.026761212104535248,0.036971932802295146,0.052538130347312056,0.002447212104535249,0.012657932802295147,0.028224130347312058
工业,电气设备,中央国有企业,142009284851.87,0.020957,1139179129.249599,2598166622.3938656,4908655663.035505,1139179129.249599,2598166622.3938656,4908655663.035505,0.028978863714318945,0.03925275175386606,0.055522737501993116,0.008021863714318945,0.018295751753866062,0.03456573750199311
工业,电气设备,中央国有企业,162674195217.33,0.031003,-1444594130.6244,185257643.52712417,3006479228.3053675,0.0,185257643.52712417,3006479228.3053675,0.022122709375574617,0.03214182624886893,0.049484598905645494,-0.008880290624425382,0.0011388262488689314,0.018481598905645494
房地产,房地产Ⅱ,中央国有企业,617688000000.0,0.055381,-34135668349.041603,-3933568639.6255937,12601712548.959541,0.0,0.0,12601712548.959541,0.0001173906227066035,0.04901278718118922,0.0757824203755934,-0.055263609377293396,-0.006368212818810781,0.020401420375593407
房地产,房地产Ⅱ,中央国有企业,737157000000.0,0.035590000000000004,-17096977949.336351,21400712828.438835,42844975270.85952,0.0,21400712828.438835,42844975270.85952,0.012396870246994401,0.06462141776913037,0.09371191333848762,-0.023193129753005602,0.029031417769130367,0.05812191333848762
房地产,房地产Ⅱ,中央国有企业,835411599109.07,0.00907,2161662838.3728533,44624541818.2487,73205349257.39272,2161662838.3728533,44624541818.2487,73205349257.39272,0.011657542285357508,0.06248623442365277,0.09669788227439388,0.0025875422853575084,0.053416234423652766,0.08762788227439389
房地产,房地产Ⅱ,中央国有企业,856203000000.0,0.028672,-15927003931.091146,28742064739.60437,53859421599.051765,0.0,28742064739.60437,53859421599.051765,0.010070098428654015,0.062241217509871334,0.09157696716205359,-0.018601901571345985,0.03356921750987134,0.06290496716205358
房地产,房地产Ⅱ,中央国有企业,860308816014.37,0.010278,-1779600733.3958395,42637948923.77158,69335698842.9109,0.0,42637948923.77158,69335698842.9109,0.008209439617647585,0.05983921352016854,0.09087196527415425,-0.002068560382352416,0.04956121352016854,0.08059396527415426
房地产,房地产Ⅱ,中央国有企业,886471000000.0,0.018153,-9044999411.266565,36042246581.08928,62826354763.99656,0.0,36042246581.08928,62826354763.99656,0.0079496211965574,0.058811122579406745,0.08902543098081783,-0.0102033788034426,0.04065812257940675,0.07087243098081783
房地产,房地产Ⅱ,中央国有企业,908508499680.74,0.015586,-6577442368.033427,40397183363.76188,68007188291.777306,0.0,40397183363.76188,68007188291.777306,0.008346175198861855,0.060051388466874994,0.09044186355623067,-0.007239824801138144,0.04446538846687499,0.07485586355623067
房地产,房地产Ⅱ,中央国有企业,1033210000000.0,0.056267,-39645151464.699745,-6599776848.099578,30544473933.91249,0.0,0.0,30544473933.91249,0.01789614464174781,0.049879356783132586,0.08582969677404641,-0.03837085535825219,-0.006387643216867411,0.02956269677404641
房地产,房地产Ⅱ,中央国有企业,1188292419390.15,0.010818000000000001,4597815778.73002,54658043005.37815,99444213332.49817,4597815778.73002,54658043005.37815,99444213332.49817,0.01468726290507659,0.056815131777908257,0.09450465129037387,0.0038692629050765884,0.045997131777908255,0.08368665129037386
房地产,房地产Ⅱ,中央国有企业,1251370000000.0,0.045993000000000006,-39544848621.23067,4367705112.562797,47239034383.00114,0.0,4367705112.562797,47239034383.00114,0.014391756066366737,0.049483338678858214,0.08374285366678212,-0.03160124393363327,0.0034903386788582083,0.037749853666782116
房地产,房地产Ⅱ,中央国有企业,1335108015599.69,0.014591,-977298035.8468993,50785568158.640755,99188740469.4343,0.0,50785568158.640755,99188740469.4343,0.013859000772650648,0.05262954636872165,0.08888367093785048,-0.0007319992273493517,0.03803854636872165,0.07429267093785047
房地产,房地产Ⅱ,中央国有企业,1399930000000.0,0.040119999999999996,-40470444630.16082,6190900182.249106,52162707656.16066,0.0,6190900182.249106,52162707656.16066,0.011211094104590355,0.04454229267338303,0.07738093994425482,-0.02890890589540964,0.004422292673383031,0.03726093994425483
房地产,房地产Ⅱ,中央国有企业,1436911790321.09,0.01694,-8995337230.236368,39639427302.31228,87529640252.3045,0.0,39639427302.31228,87529640252.3045,0.010679812498701619,0.0445265418944433,0.0778551103372499,-0.006260187501298382,0.0275865418944433,0.0609151103372499
房地产,房地产Ⅱ,中央国有企业,1470460000000.0,0.026187000000000002,-21077876814.968834,29165062499.274097,79781924395.94485,0.0,29165062499.274097,79781924395.94485,0.011852793823042565,0.046020972021866696,0.08044343975078877,-0.014334206176957437,0.019833972021866694,0.05425643975078877
房地产,房地产Ⅱ,地方国有企业,53691111395.9,0.015396,1427026085.9328918,2611700011.6330214,4213046610.8165298,1427026085.9328918,2611700011.6330214,4213046610.8165298,0.041974441921428796,0.06403906109022839,0.09386423247429088,0.026578441921428796,0.04864306109022839,0.07846823247429088
房地产,房地产Ⅱ,地方国有企业,55794608066.78,0.035449,237967233.35749692,1574371498.2265925,3120789943.4618397,237967233.35749692,1574371498.2265925,3120789943.4618397,0.03971405789005053,0.0636662696032248,0.09138254002463102,0.004265057890050529,0.0282172696032248,0.055933540024631016
房地产,房地产Ⅱ,地方国有企业,56125450012.0,0.04491799999999999,-1181274195.0565135,388786564.10558593,1651514857.308498,0.0,388786564.10558593,1651514857.308498,0.02387096706210909,0.051845099275328044,0.07434341853927928,-0.021047032937890904,0.006927099275328051,0.02942541853927929
房地产,房地产Ⅱ,地方国有企业,57434499260.0,-0.106265,6489565143.962679,9236549466.702116,10173417076.467186,6489565143.962679,9236549466.702116,10173417076.467186,0.006725715120281514,0.05455383860237413,0.07086576996481134,0.11299071512028151,0.16081883860237411,0.17713076996481134
房地产,房地产Ⅱ,地方国有企业,59718688955.05,0.012048000000000001,2022409026.528424,3873497086.5117593,5660016787.280967,2022409026.528424,3873497086.5117593,5660016787.280967,0.04591359654802005,0.07691039323551332,0.10682598133748779,0.033865596548020044,0.06486239323551332,0.09477798133748778
房地产,房地产Ⅱ,地方国有企业,61168928318.0,0.01861,-1482220227.2816432,-930251508.0060736,-39109106.14391719,0.0,0.0,0.0,-0.005621587311387871,0.0034020907953469723,0.017970637709057123,-0.024231587311387873,-0.01520790920465303,-0.0006393622909428784
房地产,房地产Ⅱ,地方国有企业,81523299957.0,0.006821000000000001,920615165.0516732,4909765761.787703,6498268518.256909,920615165.0516732,4909765761.787703,6498268518.256909,0.01811366314706664,0.06704630692915266,0.08653156767432703,0.011292663147066638,0.06022530692915266,0.07971056767432702
日常消费,食品饮料,地方国有企业,10062294426.0,0.20241399999999998,-367029216.8204676,-802372654.6541401,-466662720.6972844,0.0,0.0,0.0,0.16593830158750875,0.12267347356689479,0.15603663307546706,-0.036475698412491236,-0.0797405264331052,-0.046377366924532926
日常消费,食品饮料,地方国有企业,11851101844.0,0.187577,-328937314.04490316,-695800303.9686065,-333462921.77836186,0.0,0.0,0.0,0.15982115768467653,0.12886513395347896,0.15943928536655533,-0.027755842315323465,-0.05871186604652104,-0.028137714633444666
日常消费,食品饮料,地方国有企业,13871297363.0,0.210201,-692942386.3293393,-954470272.0792903,-630350815.7761105,0.0,0.0,0.0,0.160245875529979,0.14139198761264943,0.16475818385379765,-0.04995512447002101,-0.06880901238735057,-0.04544281614620235
日常消费,食品饮料,地方国有企业,14433697119.0,0.205399,-729149678.1080816,-1163546862.8210855,-738548615.9513512,0.0,0.0,0.0,0.15488181981417948,0.12478577573541194,0.15423063960956668,-0.05051718018582052,-0.08061322426458806,-0.05116836039043332
日常消费,食品饮料,地方国有企业,15186625709.0,0.170269,-50268683.46507226,-328524075.72331405,63804214.26467436,0.0,0.0,63804214.26467436,0.16695893728901334,0.14863653983285294,0.17447034238423104,-0.003310062710986661,-0.021632460167147066,0.004201342384231033
日常消费,食品饮料,地方国有企业,16067772126.0,0.19643999999999998,-725742059.47584,-998836424.6892725,-700609181.1839832,0.0,0.0,0.0,0.15127244013017313,0.13427603496137402,0.15283661953816885,-0.045167559869826845,-0.06216396503862595,-0.043603380461831126
日常消费,食品饮料,地方国有企业,18183711058.0,0.204044,-1148352212.5648963,-1493990831.6996355,-1067630950.1397984,0.0,0.0,0.0,0.14089120303231645,0.12188305788349249,0.14533041030786234,-0.06315279696768356,-0.08216094211650751,-0.05871358969213766
日常消费,食品饮料,地方国有企业,19778534913.0,0.23637699999999998,-2125241228.2410958,-2297870397.5344267,-2033085879.556486,0.0,0.0,0.0,0.1289250963281956,0.1201969893145732,0.13358445805999092,-0.10745190367180438,-0.11618001068542677,-0.10279254194000906
日常消费,食品饮料,地方国有企业,21630647731.29,0.20906400000000003,-1782149493.4945168,-1963568435.643939,-1572008316.7318537,0.0,0.0,0.0,0.12667398026348825,0.11828685545783627,0.13638895409937027,-0.08239001973651178,-0.09077714454216376,-0.07267504590062976
日常消费,食品饮料,地方国有企业,24221898385.69,0.19253599999999998,-1658140739.776525,-1662816628.8424044,-1295325591.1215384,0.0,0.0,0.0,0.12407973313876444,0.12388668926617344,0.1390585404509664,-0.06845626686123554,-0.06864931073382655,-0.053477459549033574
日常消费,食品饮料,地方国有企业,25418086448.0,0.156203,151914970.9713222,-298834778.7213669,361541645.0723209,151914970.9713222,0.0,361541645.0723209,0.162179648607365,0.14444622281959663,0.1704267947696007,0.005976648607364993,-0.011756777180403383,0.0142237947696007
日常消费,食品饮料,地方国有企业,25899040538.78,0.134739,-226119977.96369275,66709023.21217662,410574238.84364784,0.0,66709023.21217662,410574238.84364784,0.12600817548836948,0.1373147333794775,0.1505918744811559,-0.008730824511630514,0.0025757333794775017,0.01585287448115591
日常消费,食品饮料,地方国有企业,28919969078.0,0.228967,-2062278974.8786063,-2120309083.3125792,-1431931484.1952515,0.0,0.0,0.0,0.15765713900684206,0.15565056326405824,0.17945341026091033,-0.07130986099315795,-0.07331643673594176,-0.049513589739089675
日常消费,食品饮料,地方国有企业,29789822299.0,0.161951,-419341256.933482,-347272696.8824784,259758062.64903343,0.0,0.0,259758062.64903343,0.14787433808760053,0.1502935723927821,0.17067069157928658,-0.01407666191239948,-0.011657427607217913,0.008719691579286565
日常消费,食品饮料,地方国有企业,29954563964.0,0.285143,-4710847328.402024,-4768304714.686339,-4367896755.476102,0.0,0.0,0.0,0.12787657028118932,0.12595841896530408,0.13932559599019606,-0.15726642971881066,-0.1591845810346959,-0.14581740400980392
日常消费,食品饮料,地方国有企业,35009203823.0,0.248369,-3853479909.9101157,-3744491749.193486,-3151062546.4397726,0.0,0.0,0.0,0.1382985188376008,0.1414116476384628,0.15836231026289668,-0.1100704811623992,-0.1069573523615372,-0.09000668973710332
日常消费,食品饮料,地方国有企业,35420907274.99,0.194206,-2106391789.314538,-1733435165.6390238,-1176935763.7067752,0.0,0.0,0.0,0.13473852862888072,0.1452678078700946,0.16097885100097403,-0.05946747137111927,-0.048938192129905383,-0.03322714899902596
日常消费,食品饮料,地方国有企业,36686474275.0,0.32640300000000005,-7481525375.555948,-6992386931.234269,-6618761698.861195,0.0,0.0,0.0,0.12247156413961174,0.135804500977726,0.14598877841939017,-0.2039314358603883,-0.19059849902227405,-0.18041422158060988
日常消费,食品饮料,地方国有企业,37312383547.0,0.062422000000000005,2411090390.482316,3934383888.847645,4012436422.259347,2411090390.482316,3934383888.847645,4012436422.259347,0.12704103961308774,0.16786645341830697,0.16995832013899997,0.06461903961308774,0.10544445341830697,0.10753632013899997
日常消费,食品饮料,地方国有企业,38197033001.78,0.11585100000000001,341440040.8316943,1410608057.445379,1784508375.9366066,341440040.8316943,1410608057.445379,1784508375.9366066,0.1247899152507155,0.15278078083872756,0.1625695075828651,0.008938915250715496,0.036929780838727555,0.04671850758286508
日常消费,食品饮料,地方国有企业,40522413702.09,0.196114,-2739593902.0026903,-1925660085.8957865,-1445062943.7133448,0.0,0.0,0.0,0.12850712144277843,0.14859313660689794,0.16045316907474805,-0.06760687855722158,-0.047520863393102075,-0.03566083092525196
日常消费,食品饮料,地方国有企业,41514185835.0,0.069384,2195304034.0077167,3776422749.9138103,3892568406.0334907,2195304034.0077167,3776422749.9138103,3892568406.0334907,0.12226481627646635,0.16035104352876803,0.16314877769562142,0.05288081627646635,0.09096704352876803,0.09376477769562142
日常消费,食品饮料,地方国有企业,43211782006.0,0.269773,-6181974465.488225,-5402817833.044404,-4807130366.015328,0.0,0.0,0.0,0.12671075682220528,0.14474187232527883,0.15852717437429786,-0.1430622431777947,-0.12503112767472116,-0.11124582562570212
日常消费,食品饮料,地方国有企业,44095837995.19,0.35168900000000003,-9917414903.392632,-8990018182.08081,-8491582770.889142,0.0,0.0,0.0,0.12678308247385098,0.1478144714546655,0.15911792851213288,-0.22490591752614905,-0.20387452854533453,-0.19257107148786715
日常消费,食品饮料,地方国有企业,46563004491.0,0.09519899999999999,828134605.961736,2600696421.2816544,2691013972.194571,828134605.961736,2600696421.2816544,2691013972.194571,0.11298424850392338,0.15105227771931756,0.15299196249482155,0.017785248503923393,0.05585327771931757,0.05779296249482156
日常消费,食品饮料,地方国有企业,49256011349.0,0.105586,95866790.91528414,2216664027.987803,2259466690.982507,95866790.91528414,2216664027.987803,2259466690.982507,0.10753229626495793,0.15058891370086355,0.15145789723855663,0.0019462962649579307,0.04500291370086355,0.04587189723855663
日常消费,食品饮料,地方国有企业,50311699796.0,0.094207,724178158.0836124,2759733786.7085295,2815917385.577891,724178158.0836124,2759733786.7085295,2815917385.577891,0.1086008320712668,0.14905972407607943,0.15017643448533155,0.014393832071266807,0.054852724076079426,0.05596943448533155
日常消费,食品饮料,地方国有企业,51385481355.0,0.292921,-8845252047.00694,-7419921516.065285,-6854362133.416608,0.0,0.0,0.0,0.12078576230710127,0.14852376326294842,0.15952997294971719,-0.17213523769289873,-0.14439723673705157,-0.1333910270502828
日常消费,食品饮料,地方国有企业,51420385832.0,0.105021,568258124.2279652,2900524209.9964743,3035420722.390631,568258124.2279652,2900524209.9964743,3035420722.390631,0.1160722224876058,0.16142906001481647,0.1640524653084852,0.011051222487605802,0.056408060014816463,0.05903146530848519
日常消费,食品饮料,地方国有企业,52131585698.0,0.11355,-349744899.6485683,2337431338.587105,2363420116.6608677,0.0,2337431338.587105,2363420116.6608677,0.10684111334393985,0.15838714253634872,0.1588856652213159,-0.006708886656060148,0.044837142536348726,0.04533566522131589
日常消费,食品饮料,地方国有企业,53455037841.0,0.188196,-3481147074.4289618,-1495514584.3519874,-944679699.8017747,0.0,0.0,0.0,0.12307310017559986,0.16021894405252618,0.17052358336806928,-0.06512289982440014,-0.027977055947473822,-0.017672416631930726
日常消费,食品饮料,地方国有企业,53495197888.51,0.33853700000000003,-11117472902.42108,-9559568348.62326,-8929762308.881668,0.0,0.0,0.0,0.13071511427502072,0.1598374395544723,0.1716105718093371,-0.2078218857249793,-0.17869956044552773,-0.16692642819066295
日常消费,食品饮料,地方国有企业,53866259307.0,0.1841,-3601754343.908859,-1473293071.4484258,-920378591.8310958,0.0,0.0,0.0,0.11723524291001204,0.15674905544950346,0.16701363455209353,-0.06686475708998797,-0.027350944550496553,-0.017086365447906482
日常消费,食品饮料,地方国有企业,56323475330.54,0.30286,-9716248498.730894,-7670078328.147019,-7068021764.507928,0.0,0.0,0.0,0.13035202811598348,0.16668093286796687,0.1773701980474655,-0.17250797188401654,-0.13617906713203315,-0.1254898019525345
日常消费,食品饮料,地方国有企业,58595944446.8,0.050498,4315204666.222891,6534648859.746252,7413996518.797615,4315204666.222891,6534648859.746252,7413996518.797615,0.1241414015521453,0.1620184972193791,0.1770254685610516,0.0736434015521453,0.11152049721937911,0.12652746856105163
日常消费,食品饮料,地方国有企业,63294455201.6,0.310533,-11952503302.093143,-10094369776.560488,-9312537388.370863,0.0,0.0,0.0,0.12169334154930209,0.15105031317682127,0.16340261774598774,-0.18883965845069792,-0.15948268682317873,-0.14713038225401226
日常消费,食品饮料,地方国有企业,64794994851.27,0.212454,-6049420587.851528,-3846485676.640912,-3001858478.1460986,0.0,0.0,0.0,0.11909153270237419,0.15309006787113558,0.1661254450701548,-0.09336246729762582,-0.05936393212886443,-0.046328554929845195
日常消费,食品饮料,地方国有企业,67345265219.62,0.124433,-98598438.38088195,2723380074.2114058,3603063048.82212,0.0,2723380074.2114058,3603063048.82212,0.12296892619972107,0.1648720726702193,0.1779343565849381,-0.0014640738002789366,0.0404390726702193,0.05350135658493811
日常消费,食品饮料,地方国有企业,67798704194.0,0.163505,-3094443553.421863,-563631903.2390478,269253317.48910683,0.0,0.0,269253317.48910683,0.11786336731381494,0.15519168619939602,0.1674763637700016,-0.04564163268618507,-0.008313313800603989,0.003971363770001596
日常消费,食品饮料,地方国有企业,67964247134.0,0.174776,-5107091832.503904,-1938483199.4317732,-1555913370.4807036,0.0,0.0,0.0,0.09963219943034701,0.14625389784811693,0.15188288433856956,-0.07514380056965297,-0.028522102151883055,-0.02289311566143043
日常消费,食品饮料,地方国有企业,68334595564.58,0.269193,-10315686480.60747,-9003440422.833187,-7929258316.289164,0.0,0.0,0.0,0.11823452288633111,0.1374377690156528,0.15315721679564093,-0.1509584771136689,-0.13175523098434722,-0.11603578320435909
日常消费,食品饮料,地方国有企业,69792287455.91,0.19190100000000002,-5366282958.9913645,-2302343784.1601567,-1591670057.5136864,0.0,0.0,0.0,0.1150116594352361,0.15891248696960794,0.169095184120714,-0.07688934056476392,-0.032988513030392075,-0.022805815879286012
日常消费,食品饮料,地方国有企业,106397000000.0,0.235747,-11134473458.521566,-6881045216.815026,-5214605265.479902,0.0,0.0,0.0,0.13109674239384977,0.17107369890302335,0.18673617013186555,-0.10465025760615024,-0.06467330109697667,-0.04901082986813446
日常消费,食品饮料,地方国有企业,113893000000.0,0.251291,-14873247835.24723,-9264882491.666727,-7789131999.394631,0.0,0.0,0.0,0.12070134273179886,0.16994374870565593,0.18290109017766998,-0.13058965726820113,-0.08134725129434406,-0.06838990982233001
日常消费,食品饮料,地方国有企业,135621000000.0,0.260109,-18114293454.147038,-11703433039.357038,-9340612161.154844,0.0,0.0,0.0,0.1265434500177182,0.17381386105133392,0.19123609564776217,-0.1335655499822818,-0.08629513894866606,-0.06887290435223781
日常消费,食品饮料,地方国有企业,152715000000.0,0.257363,-21087739408.19482,-12958146254.906225,-10378887424.84824,0.0,0.0,0.0,0.11927741961696743,0.17251117630942459,0.18940053773468069,-0.1380855803830326,-0.08485182369057542,-0.06796246226531932
日常消费,食品饮料,地方国有企业,165432981684.75,0.263479,-24107826720.714413,-15097581114.123379,-11971063854.595352,0.0,0.0,0.0,0.11775336249287695,0.17221798928513898,0.19111698528755605,-0.14572563750712308,-0.09126101071486103,-0.07236201471244397
日常消费,食品饮料,地方国有企业,183042000000.0,0.342866,-41947090022.331696,-30673832029.2093,-27660633903.50694,0.0,0.0,0.0,0.11369952442427587,0.17528789208373324,0.19174967749747632,-0.22916647557572412,-0.16757810791626676,-0.1511163225025237
日常消费,食品饮料,地方国有企业,188252218704.17,0.233709,-21266236862.564037,-11660178257.963657,-7396932802.1854105,0.0,0.0,0.0,0.12074227371677365,0.17176987206713293,0.19441632736590286,-0.11296672628322635,-0.06193912793286707,-0.03929267263409714
日常消费,食品饮料,地方国有企业,189984270815.47,0.05043,10553689285.146996,22695337008.923748,25737106765.353268,10553689285.146996,22695337008.923748,25737106765.353268,0.10598033182403663,0.16988903158987054,0.1858996715411324,0.055550331824036625,0.11945903158987053,0.1354696715411324
日常消费,食品饮料,地方国有企业,213396000000.0,0.33395800000000003,-46400047722.2951,-33883091449.939785,-29414936118.42471,0.0,0.0,0.0,0.11652164823007419,0.17517765055605644,0.1961159780388353,-0.21743635176992585,-0.1587803494439436,-0.13784202196116474
日常消费,食品饮料,地方国有企业,254365000000.0,0.338499,-57812324642.535225,-42584003096.93769,-37293164694.624306,0.0,0.0,0.0,0.11121802721469058,0.17108601827319916,0.19188620069732742,-0.2272809727853094,-0.16741298172680083,-0.14661279930267257
日常消费,食品饮料,地方国有企业,255168000000.0,0.314138,-50820281725.52011,-35688546786.98204,-30120378958.98327,0.0,0.0,0.0,0.11497399148200353,0.17427505955691133,0.19609663525605375,-0.19916400851799643,-0.13986294044308864,-0.11804136474394622
日常消费,食品饮料,地方国有企业,272699660092.25,0.393358,-75489543461.29561,-60308458032.30882,-53870300838.33941,0.0,0.0,0.0,0.11653497999418594,0.17220459624472056,0.19581356294380442,-0.27682302000581405,-0.22115340375527942,-0.19754443705619557
日常消费,食品饮料,地方国有企业,298944579918.7,0.413433,-87478449182.44716,-70413211700.78946,-63066283359.15039,0.0,0.0,0.0,0.12080869750808826,0.1778936511349401,0.20246987306757094,-0.29262430249191174,-0.2355393488650599,-0.21096312693242905
日常消费,食品饮料,地方国有企业,303834844021.44,0.378049,-77538978631.5473,-60201484155.63679,-52752300430.61765,0.0,0.0,0.0,0.12284792560948084,0.17991015799348978,0.20442737144545806,-0.2552010743905192,-0.19813884200651025,-0.17362162855454197
材料,化工,中央国有企业,20109814551.0,0.153226,-1964042544.2530408,-5443205778.1861725,-3147168800.124735,0.0,0.0,0.0,0.0555601294733434,-0.11744809121957808,-0.0032731458346509784,-0.0976658705266566,-0.2706740912195781,-0.15649914583465097
材料,化工,中央国有企业,22531500339.0,-0.967884,22426840114.37917,22895069849.17676,22773371569.35831,22426840114.37917,22895069849.17676,22773371569.35831,0.027470937618615993,0.04825205417777946,0.04285080357362852,0.9953549376186159,1.0161360541777795,1.0107348035736285
材料,化工,中央国有企业,25267358712.0,0.24559799999999998,-3933533188.2673965,-4870720353.351789,-4642112563.497311,0.0,0.0,0.0,0.08992153088020716,0.05283070647839491,0.06187826037827712,-0.15567646911979283,-0.19276729352160507,-0.18371973962172286
材料,化工,中央国有企业,41982836045.0,0.638701,-22086097298.17489,-23339026943.658703,-22637042085.468163,0.0,0.0,0.0,0.11262655199221082,0.08278269760989036,0.09950345600358507,-0.5260744480077891,-0.5559183023901096,-0.539197543996415
材料,化工,中央国有企业,45782850934.85,0.121684,422712573.4048145,26636026.49617962,1132911610.5728586,422712573.4048145,26636026.49617962,1132911610.5728586,0.13091698931310206,0.12226579047290181,0.1464293268514234,0.009232989313102055,0.0005817904729018136,0.024745326851423402
材料,化工,中央国有企业,46407287224.03,0.236788,-4035367087.420477,-4552947891.728535,-3484171481.6427007,0.0,0.0,0.0,0.1498325382868461,0.13867953117808213,0.16170988856411814,-0.08695546171315391,-0.09810846882191787,-0.07507811143588186
材料,化工,中央国有企业,55781587198.78,0.137464,-412294081.0358676,-3034758830.0385127,-727154058.7542993,0.0,0.0,0.0,0.1300727782413462,0.08305968878483103,0.12442826374238769,-0.00739122175865381,-0.05440431121516898,-0.013035736257612313
材料,化工,地方国有企业,8677638571.0,0.033561,1013107866.9344019,663591416.692569,963796171.3394592,1013107866.9344019,663591416.692569,963796171.3394592,0.15031025829708217,0.11003242840337238,0.1446276413971644,0.11674925829708216,0.07647142840337237,0.1110666413971644
材料,化工,地方国有企业,9643558999.0,0.042816,1159429090.051857,678121176.2742933,1024011566.6981896,1159429090.051857,678121176.2742933,1024011566.6981896,0.16304433999066997,0.11313455939748093,0.14900206334076202,0.12022833999066998,0.07031855939748094,0.10618606334076203
材料,化工,地方国有企业,10624520306.0,0.17562,-118143894.41278264,-777552426.3979064,-293369410.095305,0.0,0.0,0.0,0.1645000726046838,0.10243529104341792,0.14800751476340723,-0.011119927395316198,-0.07318470895658208,-0.027612485236592765
材料,化工,地方国有企业,13536459913.0,0.5457569999999999,-5199860754.964468,-5788360312.248807,-5232014619.63835,0.0,0.0,0.0,0.1616195823602017,0.1181444373764558,0.1592442298026987,-0.38413741763979825,-0.42761256262354413,-0.38651277019730124
材料,化工,地方国有企业,14091584562.19,0.279883,-1484028722.5645938,-2136187238.3813927,-1531937292.502195,0.0,0.0,0.0,0.17456988095258763,0.12828988221017185,0.17117008089985633,-0.10531311904741236,-0.15159311778982815,-0.10871291910014366
材料,化工,地方国有企业,15083281912.76,0.18587800000000002,-516280147.2738058,-1285195156.9830084,-639131817.1442006,0.0,0.0,0.0,0.1516493652599009,0.10067140077203146,0.14350447540231187,-0.03422863474009913,-0.08520659922796855,-0.042373524597688145
材料,化工,地方国有企业,15385300893.0,0.068131,2083829919.6227598,1542576162.7080407,2113913166.2202716,2083829919.6227598,1542576162.7080407,2113913166.2202716,0.20357390970421385,0.16839398305351191,0.20552923360764164,0.13544290970421385,0.10026298305351192,0.13739823360764164
材料,化工,地方国有企业,15691644389.0,0.008813999999999999,2980192775.175653,2402602073.7327657,2993709267.037661,2980192775.175653,2402602073.7327657,2993709267.037661,0.19873627336382907,0.16192746689815463,0.19959765484348352,0.18992227336382908,0.15311346689815464,0.19078365484348353
材料,化工,地方国有企业,17692154203.25,0.247846,-1942155805.9162586,-2681530680.2043266,-1975278926.3606987,0.0,0.0,0.0,0.13807102383799652,0.096279907516376,0.13619883122290188,-0.10977497616200349,-0.15156609248362402,-0.11164716877709813
材料,化工,地方国有企业,17894390845.0,0.06406200000000001,2301160947.4913116,1908971662.0552156,2433266769.508279,2301160947.4913116,1908971662.0552156,2433266769.508279,0.19265877467782008,0.17074189084348268,0.20004130159149147,0.12859677467782007,0.10667989084348267,0.13597930159149146
材料,化工,地方国有企业,18187250698.0,0.165545,-260519568.01304895,-430929352.6293809,-68490325.77869648,0.0,0.0,0.0,0.15122070369271384,0.14185096510792206,0.1617791572722573,-0.014324296307286155,-0.023694034892077942,-0.003765842727742691
材料,化工,地方国有企业,20549289346.0,0.10961399999999999,1177949064.4643815,939882010.7961473,1493169885.5002797,1177949064.4643815,939882010.7961473,1493169885.5002797,0.16693710468895478,0.15535193258593144,0.18227684786587672,0.057323104688954796,0.04573793258593145,0.07266284786587673
材料,化工,地方国有企业,22626691197.0,0.134514,1031527341.610457,846263299.6945714,1355173019.956624,1031527341.610457,846263299.6945714,1355173019.956624,0.1801029609589591,0.17191510705213384,0.19440667313359108,0.04558896095895912,0.03740110705213384,0.05989267313359109
材料,化工,地方国有企业,23383806879.39,0.046794,2764899568.333543,2554793452.0661216,2973604157.90766,2764899568.333543,2554793452.0661216,2973604157.90766,0.16503392485887608,0.15604881318090527,0.17395910075733362,0.11823992485887608,0.10925481318090527,0.12716510075733362
材料,化工,地方国有企业,27913610331.15,0.09899699999999999,1538421783.7078001,1444704442.4867585,1908966509.4476812,1538421783.7078001,1444704442.4867585,1908966509.4476812,0.15411067986644883,0.1507532732067858,0.16738537709636517,0.05511367986644884,0.051756273206785816,0.06838837709636518
材料,化工,地方国有企业,28653178698.0,0.350209,-5682796727.759205,-5853291630.366806,-5224212539.499954,0.0,0.0,0.0,0.15187858829751527,0.14592829201783927,0.16788324150170794,-0.19833041170248472,-0.20428070798216072,-0.18232575849829205
材料,化工,地方国有企业,35005445704.0,0.232823,-1952771505.738876,-1763135433.7285726,-988412299.7138399,0.0,0.0,0.0,0.17703820804930825,0.18245553864449146,0.20458704185589627,-0.05578479195069175,-0.05036746135550854,-0.028235958144103734
材料,化工,地方国有企业,38208012673.28,0.156815,-162912875.28374264,257763928.17274672,746085553.226534,0.0,257763928.17274672,746085553.226534,0.15255115941041414,0.1635613317282924,0.17634193953507543,-0.004263840589585871,0.006746331728292393,0.01952693953507542
材料,化工,地方国有企业,44051457552.57,0.10829599999999999,2412421638.6553674,2384423991.782614,3377729347.106109,2412421638.6553674,2384423991.782614,3377729347.106109,0.163059718902523,0.16242415203531227,0.1849729032120039,0.054763718902523004,0.05412815203531228,0.07667690321200392
材料,化工,地方国有企业,46657911907.48,0.115422,577456430.1272314,933683181.4187112,1580432144.929001,577456430.1272314,933683181.4187112,1580432144.929001,0.12779838819483166,0.1354332508950283,0.14929475770212153,0.012376388194831667,0.02001125089502831,0.03387275770212153
材料,化工,地方国有企业,49177377189.73,0.09444000000000001,1829388725.8799484,3009131174.5065346,3554671670.115543,1829388725.8799484,3009131174.5065346,3554671670.115543,0.13163980264140623,0.1556293384004007,0.16672266071208625,0.037199802641406224,0.06118933840040068,0.07228266071208624
材料,化工,地方国有企业,96865322655.0,0.153052,-4584959077.16855,-1496861786.0417929,-918006885.4605942,0.0,0.0,0.0,0.10571866179909861,0.1375989798167804,0.1435748531707863,-0.04733333820090138,-0.01545302018321959,-0.00947714682921369
材料,化工,地方国有企业,133753000000.0,0.101746,-1831048026.8268635,1891560853.6045816,2664895453.8906217,0.0,1891560853.6045816,2664895453.8906217,0.088056228355051,0.11588819384690124,0.12167000509813329,-0.013689771644949,0.014142193846901241,0.019924005098133288
材料,化工,地方国有企业,190310000000.0,0.187508,-23699781304.900715,-18027577639.866398,-16997340420.05424,0.0,0.0,0.0,0.06297549353738262,0.09278056770602493,0.09819403636144061,-0.12453250646261739,-0.09472743229397508,-0.0893139636385594
材料,化工,地方国有企业,200843000000.0,0.099913,-6695097803.456679,3314246442.069084,4161870690.6852784,0.0,3314246442.069084,4161870690.6852784,0.06657801793213267,0.11641467763909663,0.12063501018051552,-0.033334982067867336,0.01650167763909663,0.020722010180515518
材料,化工,地方国有企业,253040390845.31,0.088172,-5798086140.22271,6523393381.2930975,7561421152.145288,0.0,6523393381.2930975,7561421152.145288,0.06525832159137303,0.1139520478394021,0.11805426949415272,-0.022913678408626972,0.025780047839402104,0.02988226949415272
材料,化工,地方国有企业,293333349744.25,0.069618,-3738309598.512245,9458278578.820744,10331962997.317854,0.0,9458278578.820744,10331962997.317854,0.05687376344533759,0.1018621297147671,0.10484059915664562,-0.012744236554662412,0.0322441297147671,0.03522259915664562
材料,化工,地方国有企业,323009018441.98,0.059539,-2985488791.638419,12094819820.159632,12730899722.192993,0.0,12094819820.159632,12730899722.192993,0.05029625871048804,0.09698321712588234,0.0989524497655822,-0.009242741289511962,0.03744421712588234,0.039413449765582205
材料,建材Ⅱ,中央国有企业,21463592266.0,0.034527999999999996,2926194079.515635,2861777286.834736,3119820610.2220664,2926194079.515635,2861777286.834736,3119820610.2220664,0.1708609140458447,0.16785970195224095,0.17988207547617763,0.1363329140458447,0.13333170195224095,0.14535407547617762
材料,建材Ⅱ,中央国有企业,22915217102.0,0.15058,-275584712.4059923,-6355129.048110656,-21004833.377309192,0.0,0.0,0.0,0.13855372457003953,0.1503026677356002,0.14966336747219924,-0.012026275429960459,-0.00027733226439979886,-0.0009166325278007481
材料,建材Ⅱ,中央国有企业,26573872663.0,0.153334,88599167.63858481,668925107.1720792,724866586.6467605,88599167.63858481,668925107.1720792,724866586.6467605,0.15666807060243595,0.1785062854118833,0.18061141627421978,0.0033340706024359568,0.025172285411883294,0.027277416274219785
材料,建材Ⅱ,中央国有企业,28604536226.0,0.12256700000000001,1002786540.1824763,1710570664.6968718,1809105051.0139437,1002786540.1824763,1710570664.6968718,1809105051.0139437,0.15762390608858734,0.18236767815754532,0.1858123900570345,0.03505690608858733,0.059800678157545306,0.0632453900570345
材料,建材Ⅱ,中央国有企业,30660627191.82,0.127174,822179318.4040878,1462963517.576158,1741180104.3572187,822179318.4040878,1462963517.576158,1741180104.3572187,0.1539894761890663,0.17488872900484126,0.18396279604986526,0.026815476189066295,0.04771472900484125,0.05678879604986525
材料,建材Ⅱ,中央国有企业,33604242332.0,0.094403,-442328674.41426873,-487453757.61484075,-730067234.3017187,0.0,0.0,0.0,0.08124011806252937,0.07989727918061829,0.07267755155545928,-0.01316288193747063,-0.014505720819381715,-0.021725448444540718
材料,建材Ⅱ,中央国有企业,35139481982.58,0.12231,1262278300.1318476,2120909171.5661714,2403772005.5777426,1262278300.1318476,2120909171.5661714,2403772005.5777426,0.15823193819924858,0.18266687073069512,0.19071658626582444,0.035921938199248576,0.06035687073069512,0.06840658626582444
材料,建材Ⅱ,中央国有企业,36088073943.54,0.092774,2225065507.578838,3507024242.9422393,3985886403.087752,2225065507.578838,3507024242.9422393,3985886403.087752,0.15443053260021483,0.18995359036630768,0.20322285380482466,0.061656532600214836,0.09717959036630769,0.11044885380482466
材料,建材Ⅱ,中央国有企业,36737268363.0,0.08114,-3099779.952786271,152698813.83271483,-204925962.84330168,0.0,152698813.83271483,0.0,0.08105562301469567,0.08529650974165803,0.07556185083500402,-8.437698530433524e-05,0.004156509741658029,-0.00557814916499598
材料,建材Ⅱ,中央国有企业,43828317485.0,0.190828,-4613452464.596109,-3623486043.7615094,-4129470042.280989,0.0,0.0,0.0,0.08556608876703883,0.10815345870596954,0.0966087764650268,-0.10526191123296116,-0.08267454129403046,-0.0942192235349732
材料,建材Ⅱ,中央国有企业,48633670689.0,0.173891,-3722664800.5299416,-2332758618.1848307,-2623200983.1061316,0.0,0.0,0.0,0.09734599017881171,0.1259250828661231,0.11995304002406404,-0.07654500982118828,-0.04796591713387688,-0.05393795997593595
材料,建材Ⅱ,中央国有企业,52073958059.2,0.073635,1347335630.4384117,2977997847.6108356,2907461030.5354967,1347335630.4384117,2977997847.6108356,2907461030.5354967,0.09950850147086382,0.13082285278863026,0.12946830207452573,0.025873501470863813,0.057187852788630256,0.05583330207452572
材料,建材Ⅱ,中央国有企业,53378083328.82,0.056956,1551417457.6193795,3886219674.081385,3483825689.106268,1551417457.6193795,3886219674.081385,3483825689.106268,0.08602069024116749,0.129761530504748,0.12222296861041607,0.029064690241167486,0.072805530504748,0.06526696861041606
材料,建材Ⅱ,中央国有企业,54627103828.07,0.08269,369213369.99485886,2874556806.952833,2904074137.453023,369213369.99485886,2874556806.952833,2904074137.453023,0.08944879451996757,0.13531143891061911,0.13585178112962254,0.0067587945199675675,0.052621438910619114,0.05316178112962254
材料,建材Ⅱ,地方国有企业,178777000000.0,0.264696,-21153306682.274487,-7987323412.482877,-7330883328.976131,0.0,0.0,0.0,0.1463736952165296,0.22001842171821387,0.22369025916658108,-0.11832230478347039,-0.04467757828178612,-0.0410057408334189
材料,建材Ⅱ,地方国有企业,200973000000.0,0.250641,-20799594081.696293,-7700111067.127444,-6201073600.391771,0.0,0.0,0.0,0.147146530187158,0.212326843037983,0.2197857428242014,-0.103494469812842,-0.03831415696201701,-0.030855257175798595
材料,建材Ⅱ,地方国有企业,230515000000.0,0.206196,-13672556945.626587,-1213133986.6213508,2117396621.4707897,0.0,0.0,2117396621.4707897,0.14688290998144768,0.2009332883039223,0.21538150472407777,-0.05931309001855231,-0.005262711696077699,0.009185504724077781
材料,建材Ⅱ,地方国有企业,243976000000.0,0.087491,12164157086.284523,26180510037.639645,30355444855.046967,12164157086.284523,26180510037.639645,30355444855.046967,0.13734900687889187,0.19479872714381596,0.21191079889434603,0.04985800687889187,0.10730772714381596,0.12441979889434603
材料,建材Ⅱ,地方国有企业,246189200000.0,0.060389,14297697626.260387,28394118324.8663,32594444045.369205,14297697626.260387,28394118324.8663,32594444045.369205,0.11846505543322122,0.17572354077135105,0.19278491357122574,0.058076055433221224,0.11533454077135105,0.13239591357122574
材料,建材Ⅱ,地方国有企业,254635244000.0,0.044611,19011120624.97912,34796226923.90065,38552374193.369286,19011120624.97912,34796226923.90065,38552374193.369286,0.11927120935019944,0.18126225996423592,0.19601334944605422,0.07466020935019944,0.13665125996423594,0.15140234944605424
材料,建材Ⅱ,地方国有企业,256000730000.0,0.044752,15142803230.23766,30698647545.236267,36063254610.968994,15142803230.23766,30698647545.236267,36063254610.968994,0.10390340644418342,0.16466825002489746,0.18562368661967876,0.059151406444183416,0.11991625002489746,0.14087168661967875
材料,有色金属,中央国有企业,37837121415.0,0.118904,-1336138604.2325609,-377417096.6790914,-25599681.706813782,0.0,0.0,0.0,0.08359109684392461,0.10892921643918002,0.11822742417315432,-0.03531290315607538,-0.009974783560819975,-0.000676575826845674
材料,有色金属,中央国有企业,39059473292.0,0.159689,-1098936830.696952,1360748339.332263,1705751662.3505023,0.0,1360748339.332263,1705751662.3505023,0.13155403713243793,0.194526856853819,0.2033596263189644,-0.028134962867562063,0.034837856853819016,0.0436706263189644
材料,有色金属,中央国有企业,39309705821.93,0.141472,696045484.2953495,3474229287.545732,3971407543.746584,696045484.2953495,3474229287.545732,3971407543.746584,0.15917870804427747,0.22985295363225886,0.2425006762698444,0.017706708044277486,0.08838095363225887,0.10102867626984441
材料,有色金属,中央国有企业,39579456610.0,0.038792,1170469147.7387002,1746710429.0388083,2096265035.3685508,1170469147.7387002,1746710429.0388083,2096265035.3685508,0.06836464318386255,0.0829237435519691,0.09175546172774177,0.029572643183862553,0.0441317435519691,0.052963461727741766
材料,有色金属,中央国有企业,40021635913.0,0.025233,3778805717.276607,5536714662.389644,6030489233.263653,3778805717.276607,5536714662.389644,6030489233.263653,0.11965207186130689,0.1635760371118634,0.17591372795357182,0.09441907186130688,0.13834303711186338,0.15068072795357182
材料,有色金属,中央国有企业,41018597713.0,0.033660999999999996,1772658664.6193078,2804029166.3864045,3205190343.2461286,1772658664.6193078,2804029166.3864045,3205190343.2461286,0.0768769743007865,0.10202094701734343,0.11180092973802488,0.0432159743007865,0.06835994701734344,0.07813992973802489
材料,有色金属,中央国有企业,41901504028.87,0.147651,809129651.526551,3546899028.78967,4334375106.982133,809129651.526551,3546899028.78967,4334375106.982133,0.16696127704802824,0.23229948961855565,0.2510929934901564,0.019310277048028235,0.08464848961855564,0.1034419934901564
材料,有色金属,中央国有企业,44175520008.47,0.200353,-718389939.053887,2464625576.4845366,3252125171.570272,0.0,2464625576.4845366,3252125171.570272,0.1840908272193254,0.2561446596343853,0.2739712657486935,-0.0162621727806746,0.055791659634385316,0.07361826574869351
材料,有色金属,中央国有企业,45802747112.0,0.056073000000000005,2985207413.5516005,5104706999.22537,5649877915.670577,2985207413.5516005,5104706999.22537,5649877915.670577,0.12124829191539468,0.16752279987211233,0.17942538106690656,0.06517529191539467,0.11144979987211232,0.12335238106690655
材料,有色金属,中央国有企业,47631293984.0,0.054226,3925551215.800946,6593987067.605071,7165455064.6247,3925551215.800946,6593987067.605071,7165455064.6247,0.13664138046645535,0.19266412577966244,0.20466186821369314,0.08241538046645536,0.13843812577966244,0.15043586821369315
材料,有色金属,中央国有企业,48642313052.0,0.063318,3801097729.174785,6647130334.340391,7200065592.780793,3801097729.174785,6647130334.340391,7200065592.780793,0.14146185235157926,0.19997125345927572,0.21133862527503,0.07814385235157927,0.1366532534592757,0.14802062527503002
材料,有色金属,中央国有企业,52680243371.36,0.084982,2910987704.3832526,6052286909.023955,6705050505.912371,2910987704.3832526,6052286909.023955,6705050505.912371,0.14023967380880842,0.1998692237806389,0.2122602750574311,0.055257673808808416,0.1148872237806389,0.1272782750574311
材料,有色金属,中央国有企业,55638663702.8,0.10135999999999999,2093347244.6753836,5539039290.299738,6192074721.125254,2093347244.6753836,5539039290.299738,6192074721.125254,0.1389839669568131,0.20091378008154762,0.21265085979132958,0.037623966956813096,0.09955378008154762,0.11129085979132959
材料,有色金属,中央国有企业,62550961213.58,0.129625,619864929.0855296,4372781376.732101,5157916434.639388,619864929.0855296,4372781376.732101,5157916434.639388,0.1395347586521333,0.1995325008903741,0.2120844272345025,0.00990975865213331,0.06990750089037412,0.0824594272345025
材料,有色金属,中央国有企业,192377000000.0,0.06932100000000001,373885782.83847827,19538510783.4511,20111362801.136196,373885782.83847827,19538510783.4511,20111362801.136196,0.07126450563133056,0.17088465253357263,0.17386240984180124,0.0019435056313305554,0.10156365253357262,0.10454140984180123
材料,有色金属,中央国有企业,194902000000.0,0.029102000000000003,8123641421.404872,26557555345.374214,27546544473.64248,8123641421.404872,26557555345.374214,27546544473.64248,0.07078264679379828,0.1653630714378211,0.1704373607127812,0.04168064679379828,0.13626107143782112,0.1413353607127812
材料,有色金属,中央国有企业,203071000000.0,0.033251,7651672965.601503,26273839505.39947,27581103133.597477,7651672965.601503,26273839505.39947,27581103133.597477,0.07093079162756624,0.1626335287973146,0.16907099957452063,0.03767979162756624,0.1293825287973146,0.13581999957452062
材料,有色金属,中央国有企业,211755809000.0,0.084984,4566831394.107763,28498004195.77697,29003234896.203808,4566831394.107763,28498004195.77697,29003234896.203808,0.1065504987689087,0.21956356280092873,0.22194947468128162,0.02156649876890869,0.13457956280092873,0.13696547468128162
材料,有色金属,中央国有企业,212348000000.0,0.081831,4164939115.4824805,27022574461.517334,27464111430.106174,4164939115.4824805,27022574461.517334,27464111430.106174,0.10144474307967337,0.20908708181625132,0.21116639016193314,0.019613743079673368,0.1272560818162513,0.12933539016193313
材料,有色金属,中央国有企业,215895530000.0,0.115569,-5096534060.746657,17585506069.572277,18672695533.97647,0.0,17585506069.572277,18672695533.97647,0.09196251745380436,0.1970227756736894,0.20205849579445426,-0.023606482546195642,0.08145377567368939,0.08648949579445425
材料,有色金属,中央国有企业,227021733000.0,0.1257,-4853100305.684538,18505166414.84053,20385848504.491623,0.0,18505166414.84053,20385848504.491623,0.1043227501589703,0.2072127528554305,0.2154969028563958,-0.021377249841029705,0.0815127528554305,0.0897969028563958
材料,有色金属,地方国有企业,11885793700.0,0.106521,792049140.1799701,467948586.4841707,1053031398.9653244,792049140.1799701,467948586.4841707,1053031398.9653244,0.17315930453156614,0.14589141129059566,0.19511679978788665,0.06663830453156613,0.03937041129059565,0.08859579978788665
材料,有色金属,地方国有企业,12906755770.0,0.142065,257022142.97637248,87697847.43260202,648595281.9100258,257022142.97637248,87697847.43260202,648595281.9100258,0.16197876822778234,0.14885972432851358,0.19231738669330037,0.019913768227782347,0.0067947243285135794,0.05025238669330037
材料,有色金属,地方国有企业,15933256367.0,0.127921,734823760.0327568,391280466.2290379,1141253026.062158,734823760.0327568,391280466.2290379,1141253026.062158,0.17403986880541755,0.15247847006239318,0.19954810495425485,0.046118868805417546,0.024557470062393172,0.07162710495425484
材料,有色金属,地方国有企业,16163564000.0,0.10418,829033011.4968566,846916872.1782665,1423024076.8298028,829033011.4968566,846916872.1782665,1423024076.8298028,0.15547023595890463,0.15657666648879334,0.19221900407297565,0.05129023595890464,0.05239666648879335,0.08803900407297566
材料,有色金属,地方国有企业,16298949000.0,0.13109400000000002,376973833.6743945,314557566.7794692,945680235.0430727,376973833.6743945,314557566.7794692,945680235.0430727,0.15422272036561344,0.15039325461939107,0.18911493343828936,0.02312872036561342,0.019299254619391054,0.058020933438289346
材料,有色金属,地方国有企业,18189090000.0,0.187452,-516999426.60150176,-681683643.9189497,78415213.03120576,0.0,0.0,78415213.03120576,0.15902839955591502,0.14997438875507518,0.19176311248727704,-0.028423600444084984,-0.037477611244924824,0.00431111248727703
材料,有色金属,地方国有企业,20625469000.0,0.223768,-1148633385.2645767,-1198291924.4725835,-369707194.26837534,0.0,0.0,0.0,0.16807795070877773,0.16567031870739116,0.20584321030099362,-0.05569004929122226,-0.05809768129260884,-0.017924789699006377
材料,有色金属,地方国有企业,23249789494.0,0.05133,1996699864.4092257,1600254766.920332,2357714629.5235405,1996699864.4092257,1600254766.920332,2357714629.5235405,0.1372103416230718,0.12015878519538015,0.15273799898992585,0.0858803416230718,0.06882878519538015,0.10140799898992585
材料,有色金属,地方国有企业,25529146004.0,0.060104,2278980013.930504,1924026688.351308,2791924300.89543,2278980013.930504,1924026688.351308,2791924300.89543,0.14937373168524418,0.1354698852532648,0.16946622858602403,0.08926973168524419,0.07536588525326482,0.10936222858602404
材料,有色金属,地方国有企业,34707756657.0,0.222313,-2467428477.7251005,-3411611101.0534816,-2102429810.6387956,0.0,0.0,0.0,0.1512214425101425,0.1240176496329686,0.1617377853177002,-0.07109155748985752,-0.09829535036703141,-0.060575214682299816
材料,有色金属,地方国有企业,36645246207.0,0.20846800000000001,-2081595696.829204,-1731162904.4359465,-751801664.9673829,0.0,0.0,0.0,0.15166402370602777,0.1612268682401796,0.18795233309137455,-0.05680397629397224,-0.04724113175982042,-0.02051566690862547
材料,有色金属,地方国有企业,40496655048.44,0.081204,3534447177.911549,4251999858.7763033,5502832032.450022,3534447177.911549,4251999858.7763033,5502832032.450022,0.16848150906053416,0.18620032262690045,0.21708761868079768,0.08727750906053416,0.10499632262690045,0.13588361868079768
材料,有色金属,地方国有企业,45380919517.66,0.047333999999999994,4852805430.764378,5543376281.955842,6914681033.852867,4852805430.764378,5543376281.955842,6914681033.852867,0.15426892953301455,0.1694861366440941,0.19970378684757623,0.10693492953301456,0.1221521366440941,0.15236978684757624
材料,有色金属,地方国有企业,47911462040.0,0.044438000000000005,4979803346.442681,8508559816.073123,8759326788.495173,4979803346.442681,8508559816.073123,8759326788.495173,0.14837562023553313,0.22202723342747407,0.22726119961729083,0.10393762023553313,0.17758923342747407,0.18282319961729082
材料,有色金属,地方国有企业,48127817177.89,0.076569,3068849027.395334,3925191001.4221954,5231679509.967645,3068849027.395334,3925191001.4221954,5231679509.967645,0.14033355878005555,0.1581266361361644,0.18527286019441344,0.06376455878005555,0.0815576361361644,0.10870386019441344
材料,有色金属,地方国有企业,50840423322.0,0.087515,2784777854.481576,7499370432.2088,7290857150.045927,2784777854.481576,7499370432.2088,7290857150.045927,0.14228987543414157,0.23502302495705465,0.23092169635791526,0.05477487543414157,0.14750802495705467,0.14340669635791525
材料,有色金属,地方国有企业,52183190515.0,0.040757,4956963028.016353,8565279834.876559,8917176091.870216,4956963028.016353,8565279834.876559,8917176091.870216,0.13574856680715947,0.20489567665708328,0.2116391558027768,0.09499156680715946,0.16413867665708326,0.17088215580277683
材料,有色金属,地方国有企业,58848726000.0,0.052248,4548038359.487951,8538989761.149226,8790458328.879549,4548038359.487951,8538989761.149226,8790458328.879549,0.12953154832164,0.19734867322696548,0.2016218085150654,0.07728354832163999,0.14510067322696546,0.14937380851506538
材料,有色金属,地方国有企业,61435721001.0,0.071308,4987905464.744095,10739219903.887424,10492123030.56361,4987905464.744095,10739219903.887424,10492123030.56361,0.15249701159576048,0.24611216488825155,0.24209012576674777,0.08118901159576049,0.17480416488825157,0.17078212576674778
材料,有色金属,地方国有企业,64461691000.0,0.062424,3062697952.43525,7247540715.985459,7456429662.166093,3062697952.43525,7247540715.985459,7456429662.166093,0.10993590831210509,0.1748557498277459,0.17809626280437002,0.04751190831210509,0.1124317498277459,0.11567226280437001
材料,有色金属,地方国有企业,78245124732.45,0.07719999999999999,6201316148.768213,13870129162.527758,13631544159.564886,6201316148.768213,13870129162.527758,13631544159.564886,0.15645498451146808,0.2544650910833746,0.251415891484311,0.07925498451146809,0.17726509108337463,0.174215891484311
材料,有色金属,地方国有企业,79036550000.0,0.008607,7582637729.058714,13242369842.047783,13391844012.744953,7582637729.058714,13242369842.047783,13391844012.744953,0.10454536938807063,0.1761544175181961,0.17804562064759852,0.09593836938807063,0.1675474175181961,0.16943862064759851
材料,有色金属,地方国有企业,80944491696.95,0.076154,6235298845.037296,14650670324.995874,14604720033.714527,6235298845.037296,14650670324.995874,14604720033.714527,0.15318578702241753,0.2571505078272017,0.25658283125875303,0.07703178702241753,0.18099650782720172,0.18042883125875303
材料,有色金属,地方国有企业,91216092000.0,0.033211,2017947149.9549978,7469222244.096534,7570349154.324636,2017947149.9549978,7469222244.096534,7570349154.324636,0.05533370999238816,0.11509591833323152,0.11620457041435887,0.022122709992388162,0.08188491833323153,0.08299357041435887
材料,有色金属,地方国有企业,100206269994.18,0.082262,7276350449.388923,16569739339.085613,17134595063.075935,7276350449.388923,16569739339.085613,17134595063.075935,0.1548757241692714,0.24761831293379136,0.25325524287862544,0.07261372416927139,0.16535631293379136,0.17099324287862544
材料,有色金属,地方国有企业,123831000000.0,0.07092999999999999,2472107289.549313,12135449597.725187,12633328464.278685,2472107289.549313,12135449597.725187,12633328464.278685,0.09089355750619241,0.16893009365768819,0.17295072553947463,0.019963557506192414,0.09800009365768819,0.10202072553947464
材料,有色金属,地方国有企业,134914000000.0,0.033765,16640846625.286318,30981902115.601032,31461158339.84154,16640846625.286318,30981902115.601032,31461158339.84154,0.15710910532106614,0.2634068615977662,0.26695917065568836,0.12334410532106614,0.22964186159776623,0.23319417065568837
材料,有色金属,地方国有企业,135018841000.0,0.043099,2114891777.040589,12157930998.128246,11935172999.34471,2114891777.040589,12157930998.128246,11935172999.34471,0.058762678945670915,0.13314518102245632,0.13149535202723084,0.015663678945670917,0.09004618102245632,0.08839635202723084
材料,有色金属,地方国有企业,140882000000.0,0.037725,13507655918.929173,29451753806.676113,29816105256.1551,13507655918.929173,29451753806.676113,29816105256.1551,0.13360421749357032,0.2467776384256052,0.24936385561076008,0.09587921749357031,0.2090526384256052,0.21163885561076007
材料,有色金属,地方国有企业,161010475000.0,0.050286,-1077937759.3313556,11321975370.271427,11532677719.814882,0.0,11321975370.271427,11532677719.814882,0.043591169993869305,0.12060425333271904,0.12191287843641777,-0.006694830006130692,0.07031825333271904,0.07162687843641777
材料,有色金属,地方国有企业,161035000000.0,0.06250499999999999,12610129269.78206,30745632633.878803,31614443079.72767,12610129269.78206,30745632633.878803,31614443079.72767,0.14081176107543117,0.2534301568533474,0.2588253221642976,0.07830676107543118,0.19092515685334743,0.19632032216429762
材料,有色金属,地方国有企业,167331000000.0,0.057654,13611639100.982037,32989950947.135166,34106896281.920208,13611639100.982037,32989950947.135166,34106896281.920208,0.13899959107984794,0.25480785043497717,0.2614829156338049,0.08134559107984794,0.19715385043497718,0.2038289156338049
材料,有色金属,地方国有企业,168150906000.0,0.065317,11952144028.716436,31700950499.14593,32833663388.03536,11952144028.716436,31700950499.14593,32833663388.03536,0.13639686696614312,0.2538437897346086,0.2605800774884755,0.07107986696614312,0.18852678973460857,0.1952630774884755
材料,有色金属,地方国有企业,170374158329.33,0.065581,-4684952033.797955,6363155652.564877,6911183033.772607,0.0,6363155652.564877,6911183033.772607,0.03808297987923713,0.10292912670513693,0.10614573764297883,-0.02749802012076287,0.03734812670513693,0.040564737642978826
材料,有色金属,地方国有企业,182313000000.0,0.079348,4049707257.678928,18784084160.72236,20109820855.442528,4049707257.678928,18784084160.72236,20109820855.442528,0.10156093740807802,0.18238006112960875,0.1896518228510448,0.022212937408078018,0.10303206112960875,0.11030382285104479
材料,有色金属,地方国有企业,193127836000.0,0.063979,14262872358.925293,35932020141.82168,37307333463.212,14262872358.925293,35932020141.82168,37307333463.212,0.13783097625745308,0.25003203557495296,0.2571532944772187,0.07385197625745309,0.18605303557495295,0.19317429447721868
材料,有色金属,地方国有企业,208595000000.0,0.133764,-10319271778.601265,8113667120.403626,9664578911.880144,0.0,8113667120.403626,9664578911.880144,0.08429363024712354,0.17266074786262195,0.18009578605374119,-0.049470369752876456,0.038896747862621955,0.04633178605374119
材料,有色金属,地方国有企业,218691169000.0,0.053338,16966367703.357592,42962324416.76023,44227116851.87578,16966367703.357592,42962324416.76023,44227116851.87578,0.13091940294799737,0.24979003147988216,0.25557349516933525,0.07758140294799737,0.19645203147988216,0.20223549516933526
材料,有色金属,地方国有企业,306044000000.0,0.123702,-10279082651.658136,17007063641.148247,19607429208.25162,0.0,17007063641.148247,19607429208.25162,0.09011505612376608,0.17927264879934993,0.18776935374080728,-0.03358694387623393,0.05557064879934992,0.06406735374080727
材料,有色金属,地方国有企业,343005706012.0,0.104795,-7950318256.322348,19750555676.291218,23474558327.232277,0.0,19750555676.291218,23474558327.232277,0.08161661515982417,0.16237583708263514,0.17323280705622146,-0.023178384840175828,0.057580837082635145,0.06843780705622146
材料,有色金属,地方国有企业,396610730026.0,0.135342,-24854792666.06248,6920835827.0680485,11041669484.248734,0.0,6920835827.0680485,11041669484.248734,0.0726740215909612,0.15279194601284324,0.16318206747251868,-0.06266797840903879,0.017449946012843248,0.027840067472518687
材料,有色金属,地方国有企业,512005142450.0,0.18064699999999997,-54294372963.63189,-11575472760.469542,-5428377273.450479,0.0,0.0,0.0,0.0746043678814485,0.15803888183720252,0.17004480712460207,-0.10604263211855147,-0.022608118162797453,-0.010602192875397903
材料,钢铁Ⅱ,中央国有企业,72585012817.0,0.176222,2177883104.4064517,1294995724.2926104,1968453001.6671197,2177883104.4064517,1294995724.2926104,1968453001.6671197,0.20622658386495418,0.1940630896965401,0.20334127607741762,0.030004583864954193,0.017841089696540108,0.027119276077417626
材料,钢铁Ⅱ,中央国有企业,77440955872.0,0.100046,1163560379.1153538,8228792870.838499,6755969914.749346,1163560379.1153538,8228792870.838499,6755969914.749346,0.11507112935194873,0.20630492692285,0.18728627019909336,0.015025129351948732,0.10625892692285,0.08724027019909336
材料,钢铁Ⅱ,中央国有企业,84876296225.0,0.117103,-2580455291.774913,2724734223.445418,1634740627.3086262,0.0,2724734223.445418,1634740627.3086262,0.08670045645669622,0.14920541663022588,0.13636327289144504,-0.03040254354330378,0.03210241663022588,0.019260272891445038
材料,钢铁Ⅱ,中央国有企业,90774617316.0,0.10000999999999999,-128891400.06645527,6662659454.6834135,5362529629.283108,0.0,6662659454.6834135,5362529629.283108,0.09859009426117693,0.17340782476294778,0.15908521053617158,-0.0014199057388230574,0.07339782476294779,0.059075210536171596
材料,钢铁Ⅱ,中央国有企业,110322568610.71,0.071372,1983051720.5143206,9983671047.696669,9090112880.451649,1983051720.5143206,9983671047.696669,9090112880.451649,0.08934703217598043,0.16186727375423585,0.15376776901556288,0.017975032175980427,0.09049527375423584,0.08239576901556288
材料,钢铁Ⅱ,中央国有企业,111043379345.44,0.052064000000000006,4034318255.403356,12274374059.979588,11137711529.358583,4034318255.403356,12274374059.979588,11137711529.358583,0.08839501117044693,0.16260074818194944,0.15236454556166526,0.036331011170446924,0.11053674818194945,0.10030054556166526
材料,钢铁Ⅱ,中央国有企业,116506605547.44,0.063282,4107813366.8349094,12684684268.414215,11071549083.471203,4107813366.8349094,12684684268.414215,11071549083.471203,0.09854020143444366,0.17215723680577213,0.15831136791822512,0.03525820143444365,0.10887523680577213,0.09502936791822511
材料,钢铁Ⅱ,中央国有企业,339633000000.0,0.050975,14304030695.676912,45972292221.47412,43580102585.9026,14304030695.676912,45972292221.47412,43580102585.9026,0.09309113917280391,0.18633373198857037,0.17929027733142128,0.042116139172803914,0.13535873198857037,0.12831527733142128
材料,钢铁Ⅱ,中央国有企业,356225000000.0,0.046049,16818480519.5761,48534229789.34795,49148510130.798065,16818480519.5761,48534229789.34795,49148510130.798065,0.09326208307832437,0.18229499561891488,0.18401941232591218,0.04721308307832437,0.13624599561891487,0.13797041232591217
材料,钢铁Ⅱ,中央国有企业,363020038344.87,0.038849999999999996,22952912469.44616,54600677627.74481,56839906359.34314,22952912469.44616,54600677627.74481,56839906359.34314,0.10207767353035435,0.18925678712031324,0.19542512080736732,0.06322767353035436,0.15040678712031325,0.15657512080736732
材料,钢铁Ⅱ,中央国有企业,364873528314.28,0.028655,26282884848.318012,57611384905.91006,59583074201.209496,26282884848.318012,57611384905.91006,59583074201.209496,0.10068786292032543,0.18654912066168608,0.19195288153304516,0.07203286292032543,0.15789412066168607,0.16329788153304514
材料,钢铁Ⅱ,中央国有企业,376051483588.01,0.038966,22392952705.54955,53182507502.95118,54390022401.88299,22392952705.54955,53182507502.95118,54390022401.88299,0.09851357176302634,0.18038947477404513,0.18360051089976542,0.059547571763026344,0.14142347477404513,0.14463451089976542
材料,钢铁Ⅱ,中央国有企业,380398000000.0,0.083376,3789965978.7859917,35608102017.309265,36947073851.240265,3789965978.7859917,35608102017.309265,36947073851.240265,0.09333915958229537,0.17698349009539815,0.1805034135280424,0.009963159582295364,0.09360749009539815,0.09712741352804238
材料,钢铁Ⅱ,中央国有企业,398249000000.0,0.038641999999999996,24357146530.868237,58620067156.52946,59951766019.48112,24357146530.868237,58620067156.52946,59951766019.48112,0.09980259683983697,0.18583651186702152,0.1891803968810496,0.061160596839836975,0.14719451186702154,0.15053839688104959
材料,钢铁Ⅱ,地方国有企业,144222000000.0,0.021772,2518189073.32126,13808523239.287306,12152773819.582613,2518189073.32126,13808523239.287306,12152773819.582613,0.03923250584044917,0.11751691574993625,0.10603635508856217,0.01746050584044917,0.09574491574993625,0.08426435508856217
材料,钢铁Ⅱ,地方国有企业,146722000000.0,0.004838,6408405364.720688,18371163689.07208,16988008909.284101,6408405364.720688,18371163689.07208,16988008909.284101,0.04851519472690318,0.13004869566303676,0.12062165145843227,0.04367719472690318,0.12521069566303675,0.11578365145843228
材料,钢铁Ⅱ,地方国有企业,147087000000.0,0.024859,1505298613.873233,11903175087.101562,9245338415.146616,1505298613.873233,11903175087.101562,9245338415.146616,0.03509306972657837,0.10578508515437504,0.08771525796397109,0.010234069726578372,0.08092608515437505,0.0628562579639711
材料,钢铁Ⅱ,地方国有企业,147968000000.0,0.039842,179281992.2679744,11909828626.593985,10340476067.924126,179281992.2679744,11909828626.593985,10340476067.924126,0.04105362678598058,0.12033121811874178,0.10972519141925366,0.0012116267859805796,0.08048921811874178,0.06988319141925366
材料,钢铁Ⅱ,地方国有企业,151673460592.94,0.015224,2830978878.929159,14565685354.255276,13028365948.706121,2830978878.929159,14565685354.255276,13028365948.706121,0.03388895870709324,0.11125718403439441,0.10112146616035579,0.01866495870709324,0.09603318403439441,0.08589746616035579
材料,钢铁Ⅱ,地方国有企业,151775636822.69,0.016189,3651284161.3973594,15628766129.593811,13739614901.617104,3651284161.3973594,15628766129.593811,13739614901.617104,0.040246116397824286,0.11916182526214614,0.10671482607621167,0.024057116397824287,0.10297282526214614,0.09052582607621168
材料,钢铁Ⅱ,地方国有企业,155125400366.74,0.014527000000000002,3555460038.476501,15792756421.161606,14047269683.7148,3555460038.476501,15792756421.161606,14047269683.7148,0.037446908861288056,0.11633338621286476,0.10508128479478487,0.022919908861288054,0.10180638621286477,0.09055428479478488
能源,煤炭Ⅱ,中央国有企业,272469000000.0,0.066093,-6863000715.545692,-629880279.5767919,5791350098.732726,0.0,0.0,5791350098.732726,0.040904810827853105,0.06378124974739588,0.0873480789217589,-0.025188189172146894,-0.0023117502526041195,0.021255078921758902
能源,煤炭Ⅱ,中央国有企业,281574000000.0,0.058464999999999996,-3776508878.9431868,3274955942.666419,10801400385.469255,0.0,3274955942.666419,10801400385.469255,0.045052863655937025,0.07009588901200543,0.0968257875211108,-0.01341213634406297,0.011630889012005437,0.03836078752111081
能源,煤炭Ⅱ,中央国有企业,321329000000.0,0.104012,-16339714562.345142,-9258992397.878086,300957285.02068806,0.0,0.0,300957285.02068806,0.05316158014264152,0.0751973197256454,0.10494860169178843,-0.05085041985735848,-0.02881468027435459,0.0009366016917884412
能源,煤炭Ⅱ,中央国有企业,339616000000.0,0.11591,-15312055567.929277,-8670298376.835285,2375094214.2207036,0.0,0.0,2375094214.2207036,0.07082362136080374,0.09038028886496724,0.12290346972528003,-0.04508637863919626,-0.02552971113503276,0.006993469725280033
能源,煤炭Ⅱ,中央国有企业,349155327000.0,0.10643599999999999,-14082549175.280285,-6815157966.474712,4980873964.520542,0.0,0.0,4980873964.520542,0.06610280704464724,0.08691701392285298,0.12070149612551247,-0.040333192955352745,-0.019518986077147013,0.014265496125512478
能源,煤炭Ⅱ,中央国有企业,357794496000.0,0.092524,-10125484067.227375,-3917436361.694129,8573092342.008155,0.0,0.0,8573092342.008155,0.0642242799639842,0.08157515532662042,0.1164849396954171,-0.028299720036015802,-0.010948844673379574,0.0239609396954171
能源,煤炭Ⅱ,中央国有企业,370517742000.0,0.066686,-1272336465.8652835,6583462697.058926,19178511309.11073,0.0,6583462697.058926,19178511309.11073,0.063252057919393,0.08445427922334398,0.11844738450371622,-0.0034339420806069887,0.01776827922334398,0.05176138450371623
能源,煤炭Ⅱ,中央国有企业,562904000000.0,0.10646499999999999,-4626832138.264902,12712215793.54718,36808819394.694016,0.0,12712215793.54718,36808819394.694016,0.09824542412513518,0.1290482749341756,0.171855935922811,-0.008219575874864812,0.0225832749341756,0.06539093592281102
能源,煤炭Ⅱ,中央国有企业,563083000000.0,0.115733,-10102314871.125875,3067511930.4012613,26070793062.23216,0.0,3067511930.4012613,26070793062.23216,0.09779192404649781,0.1211807082959373,0.16203308908497,-0.017941075953502195,0.005447708295937298,0.04630008908496999
能源,煤炭Ⅱ,中央国有企业,610597000000.0,0.135102,-20103271931.55123,-6851376327.719385,22206841698.625793,0.0,0.0,22206841698.625793,0.10217803880865574,0.12388121717971201,0.17147106453622568,-0.03292396119134426,-0.011220782820287989,0.03636906453622568
能源,煤炭Ⅱ,中央国有企业,625178000000.0,0.161546,-33679597049.067764,-18526326865.65456,10272640764.750021,0.0,0.0,10272640764.750021,0.10767398747065993,0.13191231668795997,0.1779775455194361,-0.05387201252934007,-0.029633683312040027,0.016431545519436097
能源,煤炭Ⅱ,中央国有企业,631777000000.0,0.125517,-11166712521.207289,4230972872.4038105,34165560747.024235,0.0,4230972872.4038105,34165560747.024235,0.10784191445366435,0.13221394033243344,0.17959551306240054,-0.017675085546335637,0.006696940332433454,0.05407851306240055
能源,煤炭Ⅱ,中央国有企业,633412000000.0,0.147784,-25876188506.954285,-10451616465.874598,19602164322.719696,0.0,0.0,19602164322.719696,0.1069319345087332,0.13128349722159574,0.1787309418367819,-0.0408520654912668,-0.016500502778404258,0.0309469418367819
能源,煤炭Ⅱ,中央国有企业,661436000000.0,0.139226,-20346019124.116535,-3944714689.7900934,27077014543.911663,0.0,0.0,27077014543.911663,0.10846562541482994,0.13326213548432486,0.18016271125235345,-0.030760374585170044,-0.005963864515675127,0.04093671125235346
能源,煤炭Ⅱ,地方国有企业,65113270693.0,0.058545999999999994,-343793682.37198186,-682491448.9029882,334289184.83272856,0.0,0.0,334289184.83272856,0.05326606737316389,0.048064397069610576,0.06367996395657738,-0.005279932626836105,-0.010481602930389418,0.005133963956577385
能源,煤炭Ⅱ,地方国有企业,70497875041.0,0.099619,-4184157557.1517873,-4538033273.907882,-3442488518.7347884,0.0,0.0,0.0,0.04026745848589941,0.03524779347400667,0.05078790378989844,-0.05935154151410059,-0.06437120652599333,-0.04883109621010156
能源,煤炭Ⅱ,地方国有企业,70610618879.0,0.045820999999999994,394815548.2976558,189999757.90151754,1466106838.8038898,394815548.2976558,189999757.90151754,1466106838.8038898,0.05141244721524422,0.048511809978979296,0.06658426283609331,0.005591447215244225,0.0026908099789793027,0.020763262836093317
能源,煤炭Ⅱ,地方国有企业,93603512358.87,0.123025,-5008819767.199771,-3147761900.2937274,-1492800044.3774483,0.0,0.0,0.0,0.06951397631109962,0.0893963270905326,0.10707688003358093,-0.05351102368890037,-0.03362867290946739,-0.015948119966419066
能源,煤炭Ⅱ,地方国有企业,95737794132.0,0.216608,-15567799558.062946,-14776302143.701862,-13422063793.496658,0.0,0.0,0.0,0.05399928628137601,0.06226663170683877,0.0764119163614865,-0.16260871371862398,-0.15434136829316122,-0.1401960836385135
能源,煤炭Ⅱ,地方国有企业,108847567597.08,0.037017,346281817.6099049,-936338240.3200474,1675316445.9207647,346281817.6099049,0.0,1675316445.9207647,0.04019834640262916,0.028414710936581683,0.05240839994494197,0.0031813464026291607,-0.008602289063418318,0.015391399944941972
能源,煤炭Ⅱ,地方国有企业,109949187629.7,0.061924,931970187.2091024,2641546343.457328,4940788395.163816,931970187.2091024,2641546343.457328,4940788395.163816,0.07040037174317197,0.08594915562328521,0.10686101592233672,0.008476371743171972,0.024025155623285215,0.044937015922336725
能源,煤炭Ⅱ,地方国有企业,126684000000.0,0.161265,-11745848809.279776,-9413983147.5266,-6546773570.814262,0.0,0.0,0.0,0.06854730234852249,0.08695424925383946,0.10958701721753131,-0.0927176976514775,-0.07431075074616053,-0.051677982782468684
能源,煤炭Ⅱ,地方国有企业,148912000000.0,0.174229,-13823712002.967663,-10554324153.243736,-6451648303.056182,0.0,0.0,0.0,0.08139758276722048,0.10335274991106333,0.13090375889749528,-0.09283141723277952,-0.07087625008893667,-0.043325241102504713
能源,煤炭Ⅱ,地方国有企业,185407000000.0,0.243413,-29034680195.692543,-25388267026.07483,-19310457015.39402,0.0,0.0,0.0,0.08681330206145105,0.10648037595627549,0.13926128504105012,-0.15659969793854894,-0.1369326240437245,-0.10415171495894987
能源,煤炭Ⅱ,地方国有企业,193901834023.3,0.20664000000000002,-22077869287.602047,-16457809229.446737,-9422307165.819778,0.0,0.0,0.0,0.09277893520497035,0.12176298317163364,0.15804681771639378,-0.11386106479502967,-0.08487701682836638,-0.048593182283606234
能源,煤炭Ⅱ,地方国有企业,210761000000.0,0.081058,-10791754835.611065,-9462267259.891571,-3792302303.0991983,0.0,0.0,0.0,0.02985424391793992,0.03616227802159048,0.06306462217820566,-0.051203756082060084,-0.04489572197840953,-0.017993377821794346
能源,煤炭Ⅱ,地方国有企业,215260000000.0,0.319782,-47768349615.86943,-42586940655.82328,-34904410062.98086,0.0,0.0,0.0,0.0978719859896431,0.12194245407496387,0.1576319950618747,-0.22191001401035693,-0.19783954592503614,-0.16215000493812531
能源,煤炭Ⅱ,地方国有企业,228552861117.95,0.209174,-26990324666.703327,-18623475177.05606,-11051116605.873262,0.0,0.0,0.0,0.09108173664052123,0.1276896769162256,0.16082143704446528,-0.11809226335947877,-0.0814843230837744,-0.04835256295553472
能源,煤炭Ⅱ,地方国有企业,236269289914.48,0.13987,-13782520076.8736,-4938636135.4011135,2063704267.9436376,0.0,0.0,2063704267.9436376,0.08153605367179831,0.11896742676592162,0.1486045429814032,-0.058333946328201686,-0.020902573234078375,0.008734542981403193
能源,煤炭Ⅱ,地方国有企业,273009000000.0,0.042332,-4828071597.595319,-2453452622.7875934,4889310853.313023,0.0,0.0,4889310853.313023,0.024647339063564505,0.03334529032087736,0.06024097315954061,-0.017684660936435496,-0.008986709679122643,0.01790897315954061
能源,煤炭Ⅱ,地方国有企业,301959000000.0,0.102991,-29126539154.839375,-24704584629.88436,-17972105254.409927,0.0,0.0,0.0,0.006532410738413583,0.021176632387561355,0.04347263739312315,-0.09645858926158642,-0.08181436761243864,-0.05951836260687685
能源,煤炭Ⅱ,地方国有企业,308604000000.0,0.19546399999999997,-53787089787.729515,-51979238410.097046,-43704975237.23073,0.0,0.0,0.0,0.02117238424735414,0.027030543498797632,0.05384245511648994,-0.17429161575264585,-0.16843345650120234,-0.14162154488351003
能源,煤炭Ⅱ,地方国有企业,356350370000.0,0.08046099999999999,-20180279163.749596,-16589057127.891449,-6609490552.393827,0.0,0.0,0.0,0.023830557428130075,0.033908341368295895,0.0619132697074965,-0.056630442571869916,-0.046552658631704096,-0.018547730292503492
能源,煤炭Ⅱ,地方国有企业,414317629000.0,0.095581,-20814836443.140583,-15399063308.950098,-2254113877.2238593,0.0,0.0,0.0,0.045342161519051405,0.05841371038667269,0.09014045458400019,-0.050238838480948594,-0.03716728961332731,-0.005440545415999809
能源,煤炭Ⅱ,地方国有企业,451972364000.0,0.057912,-16115810766.42078,-10745382152.955408,1129894200.5250638,0.0,0.0,1129894200.5250638,0.022255371298646964,0.034137577028963195,0.06041191877938153,-0.035656628701353034,-0.023774422971036803,0.0024999187793815283
能源,石油石化,中央国有企业,73311708000.0,0.023895,4717571797.076603,4387315656.174475,5527547903.189858,4717571797.076603,4387315656.174475,5527547903.189858,0.08824450058831808,0.08373967932699747,0.09929288737686835,0.06434950058831808,0.05984467932699747,0.07539788737686835
能源,石油石化,中央国有企业,75942308000.0,0.055210999999999996,2068108703.399942,2281507993.371878,3140874492.4123673,2068108703.399942,2281507993.371878,3140874492.4123673,0.08244362905572927,0.08525364754992537,0.09656969155322968,0.027232629055729277,0.030042647549925375,0.04135869155322969
能源,石油石化,中央国有企业,76101838000.0,0.059375,1207993227.4350991,973031520.9886675,1863311251.9775703,1207993227.4350991,973031520.9886675,1863311251.9775703,0.07524837782084973,0.07216091354112456,0.08385944480378477,0.01587337782084973,0.012785913541124558,0.02448444480378477
能源,石油石化,中央国有企业,77184090000.0,0.04813,2899151224.8144946,3112540142.0510607,4196836872.049939,2899151224.8144946,3112540142.0510607,4196836872.049939,0.08569151332242816,0.08845618823453202,0.10250437782903107,0.037561513322428165,0.040326188234532025,0.054374377829031074
能源,石油石化,中央国有企业,82947663000.0,0.063888,2274759790.8904977,2244959923.3797903,3457409849.910508,2274759790.8904977,2244959923.3797903,3457409849.910508,0.09131203714123323,0.09095277605499012,0.10556982351214052,0.027424037141233232,0.027064776054990122,0.04168182351214052
能源,石油石化,中央国有企业,83245834000.0,0.062721,2289265559.3807707,2625201719.312949,3814479224.575666,2289265559.3807707,2625201719.312949,3814479224.575666,0.09022106155720382,0.09425653268879436,0.1085428632847821,0.027500061557203817,0.03153553268879436,0.045821863284782105
能源,石油石化,中央国有企业,84462835000.0,0.067563,2029809197.2460198,3129921714.337865,4169297543.3852158,2029809197.2460198,3129921714.337865,4169297543.3852158,0.09159498042365047,0.10461979207118569,0.11692551007185842,0.02403198042365047,0.03705679207118569,0.04936251007185842
能源,石油石化,中央国有企业,721275000000.0,0.050007,16235175928.060614,25666931115.043293,42334541604.25951,16235175928.060614,25666931115.043293,42334541604.25951,0.07251599577562041,0.08559249944895261,0.10870103709300823,0.022508995775620412,0.03558549944895261,0.058694037093008224
能源,石油石化,中央国有企业,757731000000.0,0.122,-33614794652.58261,-24264154025.471123,-5834530283.153611,0.0,0.0,0.0,0.07763756180942497,0.08997787865948322,0.11429999791066538,-0.04436243819057503,-0.03202212134051678,-0.0077000020893346205
能源,石油石化,中央国有企业,786569000000.0,0.129543,-49223852292.689026,-41179826651.79046,-22028049386.782475,0.0,0.0,0.0,0.06696253688399996,0.07718926288120881,0.10153776538386018,-0.06258046311600003,-0.05235373711879118,-0.02800523461613981
能源,石油石化,中央国有企业,929031000000.0,0.22717400000000001,-141219310810.52347,-128790668428.0287,-105796266763.69838,0.0,0.0,0.0,0.07516689710405416,0.08854496778468243,0.1132959197597299,-0.15200710289594585,-0.13862903221531758,-0.11387808024027012
能源,石油石化,中央国有企业,1005598000000.0,0.17633700000000002,-89266767978.1137,-71521186487.91464,-45131231435.06303,0.0,0.0,0.0,0.08756716555510884,0.10521396028839097,0.13145700676705502,-0.08876983444489119,-0.07112303971160905,-0.044879993232945004
能源,石油石化,中央国有企业,1056281000000.0,0.182531,-100446803071.72354,-80404866344.38368,-52201536293.228134,0.0,0.0,0.0,0.08743622590889778,0.1064102836902456,0.13311087761473686,-0.09509477409110222,-0.0761207163097544,-0.04942012238526314
能源,石油石化,中央国有企业,1098559000000.0,0.155225,-68904178927.80098,-47712379146.55825,-15864362096.510754,0.0,0.0,0.0,0.09250267108748736,0.11179321422740313,0.14078393484418156,-0.06272232891251264,-0.043431785772596876,-0.014441065155818444
能源,石油石化,中央国有企业,1733810000000.0,0.033555,171412131597.16626,273322552626.05603,300996259222.4026,171412131597.16626,273322552626.05603,300996259222.4026,0.1324194266656475,0.19119773630101108,0.2071589469275195,0.09886442666564749,0.15764273630101108,0.1736039469275195
能源,石油石化,中央国有企业,1755070000000.0,0.059583000000000004,141288163933.10114,256631073239.54672,285094076192.921,141288163933.10114,256631073239.54672,285094076192.921,0.14008586537465806,0.20580569951600033,0.22202328796168871,0.08050286537465806,0.14622269951600034,0.16244028796168872
能源,石油石化,中央国有企业,1889260000000.0,0.065389,88111372045.55257,156156953498.85358,197332439470.18243,88111372045.55257,156156953498.85358,197332439470.18243,0.11202703396332563,0.14804408902896032,0.16983859374050286,0.04663803396332562,0.08265508902896032,0.10444959374050286
能源,石油石化,中央国有企业,1948640000000.0,0.054667,135497667954.22008,215495491727.28476,253761939194.00955,135497667954.22008,215495491727.28476,253761939194.00955,0.1242014794083156,0.16525463636550863,0.18489215148719595,0.06953447940831559,0.11058763636550864,0.13022515148719596
能源,石油石化,中央国有企业,2024696000000.0,0.047907000000000005,164561658914.54697,270143550737.90155,306314335685.1676,164561658914.54697,270143550737.90155,306314335685.1676,0.12918421836490365,0.1813312526966525,0.19919605064521667,0.08127721836490365,0.1334242526966525,0.15128905064521667
能源,石油石化,中央国有企业,2081440000000.0,0.039847,184474633700.33585,275993098034.8345,315236241302.60406,184474633700.33585,275993098034.8345,315236241302.60406,0.12847536963848866,0.17244419138425054,0.19129803452542665,0.08862836963848866,0.13259719138425055,0.15145103452542666
能源,石油石化,中央国有企业,2153485000000.0,0.027008,203140782109.2945,300122856861.72144,340156568891.16455,203140782109.2945,300122856861.72144,340156568891.16455,0.12133918043974976,0.1663741236840384,0.18496432144694044,0.09433118043974975,0.1393661236840384,0.15795632144694044
能源,石油石化,中央国有企业,2488130000000.0,0.030484,194642362861.28897,270208185095.99802,329625249035.6565,194642362861.28897,270208185095.99802,329625249035.6565,0.1087123734617118,0.13908290162330667,0.16296311043058703,0.0782283734617118,0.10859890162330667,0.13247911043058702
能源,石油石化,中央国有企业,2502260000000.0,0.070118,72380921535.72249,143451619275.13437,210372778452.71094,72380921535.72249,143451619275.13437,210372778452.71094,0.09904421931203092,0.12744682245455483,0.15419110929028595,0.028926219312030918,0.057328822454554826,0.08407310929028596
能源,石油石化,中央国有企业,2673490000000.0,0.08891199999999999,79897645216.75711,171692712361.33414,241610614059.80316,79897645216.75711,171692712361.33414,241610614059.80316,0.11879714833298688,0.1531324430767776,0.17928473902644226,0.02988514833298689,0.0642204430767776,0.09037273902644227
能源,石油石化,中央国有企业,2732910000000.0,0.050334000000000004,177919939131.25818,271417375919.7978,339165075996.9876,177919939131.25818,271417375919.7978,339165075996.9876,0.11543674364368317,0.14964842159449004,0.17443800488745975,0.06510274364368317,0.09931442159449004,0.12410400488745975
能源,石油石化,中央国有企业,2752448000000.0,0.093352,103279839655.64938,219441997171.41266,289466780172.0121,103279839655.64938,219441997171.41266,289466780172.0121,0.13087490312320138,0.17307811913882212,0.19851902955769268,0.037522903123201376,0.07972611913882212,0.10516702955769268
能源,石油石化,中央国有企业,2752751000000.0,0.092073,90293580731.5925,197369671383.3985,271571564025.08206,90293580731.5925,197369671383.3985,271571564025.08206,0.12487421621301473,0.1637720644571189,0.19072760552918955,0.032801216213014725,0.07169906445711889,0.09865460552918955
能源,石油石化,中央国有企业,2827777000000.0,0.08457,118195579423.69206,227996474158.7898,308760187655.5168,118195579423.69206,227996474158.7898,308760187655.5168,0.1263680553005743,0.16519745901066096,0.19375830857437373,0.04179805530057429,0.08062745901066096,0.10918830857437373
通讯服务,传媒,地方国有企业,17078206150.0,0.077256,767866762.2373465,667189329.2439585,829568053.6001818,767866762.2373465,667189329.2439585,829568053.6001818,0.12221779256141294,0.11632271013243148,0.1258306597923683,0.04496179256141293,0.03906671013243147,0.04857465979236829
通讯服务,传媒,地方国有企业,19265699803.0,0.103658,-161728580.69401094,-166923109.56285015,42371257.285911255,0.0,0.0,42371257.285911255,0.0952633617388543,0.0949937359831353,0.1058573105736711,-0.008394638261145698,-0.008664264016864695,0.0021993105736711066
通讯服务,传媒,地方国有企业,26110751405.0,0.09319699999999999,-13964946.64776615,123518877.88964109,328022168.95145553,0.0,123518877.88964109,328022168.95145553,0.09266216488816587,0.09792757538535593,0.10575972421515382,-0.0005348351118341227,0.004730575385355942,0.012562724215153837
通讯服务,传媒,地方国有企业,29049673557.0,0.064042,1095750374.4907117,1454481368.8731287,1812284904.7722025,1095750374.4907117,1454481368.8731287,1812284904.7722025,0.10176188598566102,0.11411076810574855,0.1264277235853689,0.03771988598566102,0.05006876810574855,0.06238572358536891
通讯服务,传媒,地方国有企业,31422386654.49,0.061204,895156555.6521269,1279607521.5921261,1662552255.581423,895156555.6521269,1279607521.5921261,1662552255.581423,0.08969186012007832,0.10192679854685324,0.11411380197851578,0.02848786012007832,0.04072279854685324,0.05290980197851578
通讯服务,传媒,地方国有企业,32530165142.43,0.049221,1267449967.9345696,1885464590.2213502,2290246781.9621673,1267449967.9345696,1885464590.2213502,2290246781.9621673,0.08818329737491862,0.10718149857005141,0.1196247858994738,0.03896229737491862,0.05796049857005141,0.0704037858994738
通讯服务,传媒,地方国有企业,33171867484.43,0.027166000000000003,1756877946.738669,2616944122.1208363,2988923896.239635,1756877946.738669,2616944122.1208363,2988923896.239635,0.08012888933878387,0.10605646715109304,0.11727017932130464,0.05296288933878387,0.07889046715109305,0.09010417932130463
通讯服务,电信服务,中央国有企业,18157405439.0,0.043070000000000004,997804424.5923661,1216395202.6961665,1438123190.6832209,997804424.5923661,1216395202.6961665,1438123190.6832209,0.09802302883137687,0.11006168594228175,0.12227312158665021,0.054953028831376864,0.06699168594228175,0.07920312158665022
通讯服务,电信服务,中央国有企业,18289285775.0,0.040647,1201676735.603316,1098924740.4815593,1448818701.1499128,1201676735.603316,1098924740.4815593,1448818701.1499128,0.10635086347431416,0.10073271105514148,0.11986380042477836,0.06570386347431416,0.060085711055141475,0.07921680042477836
通讯服务,电信服务,中央国有企业,19108303143.0,0.045194,1173036778.9158835,1031219112.463409,1418232834.733138,1173036778.9158835,1031219112.463409,1418232834.733138,0.10658285123065496,0.09916106890957915,0.11941476278147614,0.06138885123065496,0.053967068909579155,0.07422076278147614
通讯服务,电信服务,中央国有企业,22406144635.9,0.020058,1927743098.212993,1342120681.5835555,2068083740.8772683,1927743098.212993,1342120681.5835555,2068083740.8772683,0.10609435875510181,0.07995767053203598,0.11235784785350816,0.08603635875510182,0.05989967053203598,0.09229984785350817
通讯服务,电信服务,中央国有企业,22412943899.49,0.019974000000000002,1850173601.8922553,1670784974.8840106,2170751028.838383,1850173601.8922553,1670784974.8840106,2170751028.838383,0.1025233344466166,0.09451953861271338,0.11682656156322142,0.08254933444661659,0.07454553861271337,0.09685256156322142
通讯服务,电信服务,中央国有企业,22428111563.0,0.044083,1334029109.004059,1245894325.9286125,1671660960.861803,1334029109.004059,1245894325.9286125,1671660960.861803,0.10356322441643404,0.09963356752901048,0.11861718252206163,0.05948022441643404,0.05555056752901048,0.07453418252206163
通讯服务,电信服务,中央国有企业,22655663962.77,0.027014,1700029001.7935724,1348418330.2696438,1891656591.0066023,1700029001.7935724,1348418330.2696438,1891656591.0066023,0.10205170379836256,0.0865319347859986,0.11050996790079325,0.07503770379836257,0.05951793478599861,0.08349596790079325
通讯服务,电信服务,中央国有企业,564231000000.0,0.02538,4701403138.054017,57015934329.127495,54853626388.8056,4701403138.054017,57015934329.127495,54853626388.8056,0.0337124084250139,0.12643069435945117,0.12259838464885056,0.008332408425013899,0.10105069435945117,0.09721838464885056
通讯服务,电信服务,中央国有企业,582475000000.0,0.027835000000000002,2693577503.880131,57112837049.03967,53693378267.796394,2693577503.880131,57112837049.03967,53693378267.796394,0.03245936585927316,0.1258869971656117,0.12001642970564641,0.0046243658592731544,0.09805199716561169,0.09218142970564641
通讯服务,电信服务,中央国有企业,593284000000.0,0.030314,1103639017.013585,57655604883.44556,53715066993.15455,1103639017.013585,57655604883.44556,53715066993.15455,0.03217422042902486,0.12749444795316503,0.12085253970974197,0.00186022042902486,0.09718044795316502,0.09053853970974196
通讯服务,电信服务,中央国有企业,644687000000.0,0.032905000000000004,-462525670.68204266,60038688736.971855,56381158626.11903,0.0,60038688736.971855,56381158626.11903,0.03218755778279686,0.1260334309082886,0.12036008847877969,-0.000717442217203143,0.09312843090828861,0.08745508847877968
通讯服务,电信服务,中央国有企业,662844796563.0,0.034735999999999996,-4509727098.872919,58999618641.032135,54321040662.99189,0.0,58999618641.032135,54321040662.99189,0.027932405671045657,0.12374570324721335,0.11668737224378732,-0.006803594328954339,0.08900970324721336,0.08195137224378732
通讯服务,电信服务,中央国有企业,671056308815.0,0.036787,-5257837135.041228,59934558342.06526,54457332402.2608,0.0,59934558342.06526,54457332402.2608,0.028951834655491282,0.12610075438210552,0.1179386584926018,-0.007835165344508718,0.08931375438210552,0.0811516584926018
通讯服务,电信服务,中央国有企业,672836701609.0,0.037571,-6851517560.301307,57150027902.97534,52079750964.65803,0.0,57150027902.97534,52079750964.65803,0.02738796815302018,0.12250992762732563,0.11497425526255657,-0.010183031846979822,0.08493892762732563,0.07740325526255656
通讯服务,电信服务,中央国有企业,703131000000.0,0.044832000000000004,-8375695471.13943,49224976187.50131,48746074105.35053,0.0,49224976187.50131,48746074105.35053,0.032920001423434,0.11484025761842576,0.11415915824697039,-0.011911998576566003,0.07000825761842575,0.06932715824697039
通讯服务,电信服务,中央国有企业,715096000000.0,0.042642,-8941347771.260296,49775839548.72344,48619317528.01476,0.0,49775839548.72344,48619317528.01476,0.030138297320555146,0.11224921294584705,0.11063191677762813,-0.012503702679444853,0.06960721294584706,0.06798991677762813
通讯服务,电信服务,中央国有企业,762234000000.0,0.047605,-12340502595.200203,50351716743.235794,49128982554.58177,0.0,50351716743.235794,49128982554.58177,0.03141508641020972,0.11366308287643401,0.11205893744517009,-0.01618991358979028,0.066058082876434,0.06445393744517008
通讯服务,电信服务,中央国有企业,807698000000.0,0.045591,-4346649382.726864,70549164176.6717,68157642387.75482,0.0,70549164176.6717,68157642387.75482,0.04020947202453533,0.13293696863762408,0.12997605776633694,-0.005381527975464671,0.08734596863762409,0.08438505776633695
通讯服务,电信服务,中央国有企业,835814000000.0,0.047923,-8828308800.678207,68460633137.60252,65621668016.484566,0.0,68460633137.60252,65621668016.484566,0.03736047197261806,0.12983193325261663,0.12643528624608413,-0.010562528027381939,0.08190893325261664,0.07851228624608414
通讯服务,电信服务,中央国有企业,866625000000.0,0.049718,-10857326823.87774,69689813854.09909,67218191952.16801,0.0,69689813854.09909,67218191952.16801,0.03718971288172192,0.13013318979270053,0.12728118125160018,-0.01252828711827808,0.08041518979270053,0.07756318125160018
通讯服务,电信服务,中央国有企业,870644000000.0,0.049398,-12126401533.043245,69071364163.52914,66620814895.144485,0.0,69071364163.52914,66620814895.144485,0.03546991741625366,0.12873164746501342,0.1259170076485274,-0.013928082583746337,0.07933364746501342,0.0765190076485274
通讯服务,电信服务,中央国有企业,1629240000000.0,0.08549799999999999,-48904476537.4661,94451552511.6255,101925935594.67928,0.0,94451552511.6255,101925935594.67928,0.055481258121905845,0.14347076798484293,0.1480584181057912,-0.030016741878094146,0.05797276798484294,0.06256041810579122
通讯服务,电信服务,中央国有企业,1727880000000.0,0.079764,-45957271482.57214,102302553849.33499,110835366400.76717,0.0,102302553849.33499,110835366400.76717,0.05316650973298369,0.13897097840668043,0.14390929157161791,-0.026597490267016313,0.05920697840668043,0.06414529157161791
通讯服务,电信服务,中央国有企业,1841330000000.0,0.08055799999999999,-55220187445.01161,105001560094.66553,112997159884.50781,0.0,105001560094.66553,112997159884.50781,0.050568705606810496,0.13758284622238573,0.14192514216599295,-0.029989294393189495,0.05702484622238574,0.061367142165992955
通讯服务,电信服务,中央国有企业,1935540000000.0,0.081688,-66448310658.62536,101817024605.42525,109412492187.54495,0.0,101817024605.42525,109412492187.54495,0.04735736841469287,0.13429193719862428,0.13821614831393045,-0.03433063158530713,0.05260393719862429,0.05652814831393045
通讯服务,电信服务,中央国有企业,1992657000000.0,0.0849,-76460683905.4675,107994540447.82022,114150918907.39664,0.0,107994540447.82022,114150918907.39664,0.04652877810608274,0.13909625176225524,0.1421857842104269,-0.038371221893917264,0.05419625176225523,0.057285784210426904
通讯服务,电信服务,中央国有企业,2108127000000.0,0.08544299999999999,-80585549862.04279,113717967576.09302,121184175968.66664,0.0,113717967576.09302,121184175968.66664,0.04721686378427732,0.13938565505640457,0.1429272862733918,-0.03822613621572267,0.05394265505640458,0.057484286273391805
通讯服务,电信服务,中央国有企业,2128182000000.0,0.08191000000000001,-79321955908.10648,117362421366.74515,124323321218.8291,0.0,117362421366.74515,124323321218.8291,0.04463783253119026,0.13705679729776174,0.14032761711114422,-0.03727216746880975,0.05514679729776173,0.05841761711114421
