firm_id,firm_name,市场,企业所有制性质,一级行业,二级行业,行业全路径,year,FirmSize,MarketShare,HHI,AssetTurnover,WorkingCapitalRatio,FixedAssetsRatio,FinancialLeverage,CurrentRatio,CapexRatio,资产总计,营业收入,EBI_A,归母净利润,利息支出,_row_type,"('FirmSize', 'FirmSize', '')","('MarketShare', 'MarketShare', '二级行业')","('HHI', 'HHI', '二级行业')","('AssetTurnover', 'AssetTurnover', '')","('WorkingCapitalRatio', 'WorkingCapitalRatio', '')","('FixedAssetsRatio', 'FixedAssetsRatio', '')","('FinancialLeverage', 'FinancialLeverage', '')","('CurrentRatio', 'CurrentRatio', '')","('CapexRatio', 'CapexRatio', '')",benchmark_group,ROA,ROE,FirmSize_lag,MarketShare_lag,HHI_lag,AssetTurnover_lag,WorkingCapitalRatio_lag,FixedAssetsRatio_lag,FinancialLeverage_lag,CurrentRatio_lag,CapexRatio_lag,is_soe,benchmark,predicted_EBI_A,actual_EBI_A,return_gap_pred_minus_actual,implied_gap_amount,positive_gap_amount,_support_flag,_support_violations,_support_detail,market_A
000338.SZ,潍柴动力,CSI,地方国有企业,工业,机械,工业--机械--机械Ⅲ--建筑机械与重型卡车,2019,,,,,,,,,,236832000000.0,,0.043652595,9104955354.0,1233361936.0,target_year,,,,,,,,,,SOE_target,0.065675,0.21540600000000001,26.04762303,0.282812533,0.247583643,0.806533158,0.094937857,0.157359438,0.696704841,1.219918367,0.017944605,True,H_nonSOE,0.06918755994206598,0.065675,0.003512559942065979,831886596.19937,831886596.19937,1,0,,
000338.SZ,潍柴动力,CSI,地方国有企业,工业,机械,工业--机械--机械Ⅲ--建筑机械与重型卡车,2020,,,,,,,,,,270750000000.0,,0.03821291,9207129174.0,1139022760.0,target_year,,,,,,,,,,SOE_target,0.049421999999999994,0.190967,26.19061549,0.268327209,0.225950341,0.788770512,0.085749984,0.133965754,0.705382629,1.191810837,0.022775325,True,H_nonSOE,0.06321495627823692,0.049421999999999994,0.013792956278236929,3734442912.3326483,3734442912.3326483,1,0,,
000338.SZ,潍柴动力,CSI,地方国有企业,工业,机械,工业--机械--机械Ⅲ--建筑机械与重型卡车,2021,,,,,,,,,,277044000000.0,,0.037294307,9254488226.0,1077691525.0,target_year,,,,,,,,,,SOE_target,0.048954000000000004,0.151577,26.32446235,0.25835455,0.195497669,0.778164528,0.106379349,0.135804241,0.70292418,1.232815663,0.021294992,True,H_nonSOE,0.06360940648835017,0.048954000000000004,0.014655406488350169,4060192435.158484,4060192435.158484,1,0,,
000338.SZ,潍柴动力,CSI,地方国有企业,工业,机械,工业--机械--机械Ⅲ--建筑机械与重型卡车,2022,,,,,,,,,,293666000000.0,,0.021474462,4905013042.0,1401308298.0,target_year,,,,,,,,,,SOE_target,0.017967999999999998,0.068082,26.34744371,0.254850756,0.187780789,0.743153385,0.163353204,0.141573837,0.628356843,1.392227376,0.021697149,True,H_nonSOE,0.07614577323878688,0.017967999999999998,0.05817777323878688,17084833955.941587,17084833955.941587,1,0,,
000338.SZ,潍柴动力,CSI,地方国有企业,工业,机械,工业--机械--机械Ⅲ--建筑机械与重型卡车,2023,,,,,,,,,,334247213024.91,,0.037006,9013894024.19,3355408336.47,target_year,,,,,,,,,,SOE_target,0.0436,0.1182,26.405709,0.236485,0.187488,0.613823,0.165976,0.156214,0.645479,1.407052,0.022594,True,H_nonSOE,0.06350151995015957,0.0436,0.01990151995015957,6652027578.300481,6652027578.300481,1,0,,
000338.SZ,潍柴动力,CSI,地方国有企业,工业,机械,工业--机械--机械Ⅲ--建筑机械与重型卡车,2024,,,,,,,,,,343879412547.54,,0.044369,11403288984.59,3854441561.78,target_year,,,,,,,,,,SOE_target,0.051303999999999995,0.137363,26.535147,0.262731,0.188674,0.681491,0.154706,0.154158,0.662867,1.353656,0.02154,True,H_nonSOE,0.06617430856143747,0.051303999999999995,0.014870308561437472,5113592972.507772,5113592972.507772,0,1,FirmSize_lag,
000338.SZ,潍柴动力,CSI,地方国有企业,工业,机械,工业--机械--机械Ⅲ--建筑机械与重型卡车,2025,,,,,,,,,,367475596673.66,,0.039619,10930504451.02,3628593475.52,target_year,,,,,,,,,,SOE_target,0.045776000000000004,0.121527,26.563557,0.255562,0.187309,0.636136,0.086979,0.156461,0.645345,1.193169,0.021402,True,H_nonSOE,0.0650018835910985,0.045776000000000004,0.019225883591098496,7065043044.217248,7065043044.217248,0,1,FirmSize_lag,
000408.SZ,藏格矿业,CSI,地方国有企业,材料,化工,材料--化工--农用化工--化肥与农用药剂,2019,,,,,,,,,,9643558999.0,,0.028576293,308259358.9,-32682195.98,target_year,,,,,,,,,,SOE_target,0.042816,0.040185000000000005,22.96242767,0.009303695,0.192081294,0.288100092,0.251399299,0.47683991,0.207795813,2.229038205,0.030171161,True,H_nonSOE,0.11313455939748093,0.042816,0.07031855939748094,678121176.2742933,678121176.2742933,1,0,,
000408.SZ,藏格矿业,CSI,地方国有企业,材料,化工,材料--化工--农用化工--化肥与农用药剂,2020,,,,,,,,,,8677638571.0,,0.02458924,228887517.0,-15510979.86,target_year,,,,,,,,,,SOE_target,0.033561,0.028929999999999997,22.98955607,0.006921733,0.180537484,0.196181882,0.103305111,0.403406845,0.18011321,1.583993588,0.011820166,True,H_nonSOE,0.11003242840337238,0.033561,0.07647142840337237,663591416.692569,663591416.692569,1,0,,
000408.SZ,藏格矿业,CSI,地方国有企业,材料,化工,材料--化工--农用化工--化肥与农用药剂,2021,,,,,,,,,,10624520306.0,,0.133385912,1427339931.0,-10178605.37,target_year,,,,,,,,,,SOE_target,0.17562,0.164337,22.88401527,0.005915643,0.203999831,0.192045977,0.179732617,0.415528525,0.087639638,3.123556858,0.009274747,True,H_nonSOE,0.10243529104341792,0.17562,-0.07318470895658208,-777552426.3979064,0.0,1,0,,
000408.SZ,藏格矿业,CSI,地方国有企业,材料,化工,材料--化工--农用化工--化肥与农用药剂,2022,,,,,,,,,,13536459913.0,,0.415613537,5654872861.0,-28936882.64,target_year,,,,,,,,,,SOE_target,0.5457569999999999,0.524145,23.0864304,0.006422482,0.197245037,0.352733449,0.144177782,0.304820178,0.110191234,2.373728083,0.005833331,True,H_nonSOE,0.1181444373764558,0.5457569999999999,-0.42761256262354413,-5788360312.248807,0.0,1,0,,
000408.SZ,藏格矿业,CSI,地方国有企业,材料,化工,材料--化工--农用化工--化肥与农用药剂,2023,,,,,,,,,,14091584562.19,,0.241369,3419880869.14,-18613040.56,target_year,,,,,,,,,,SOE_target,0.279883,0.271619,23.328653,0.010818,0.212868,0.647059,0.261908,0.230172,0.104367,3.56622,0.009877,True,H_nonSOE,0.12828988221017185,0.279883,-0.15159311778982815,-2136187238.3813927,0.0,1,0,,
000408.SZ,藏格矿业,CSI,地方国有企业,材料,化工,材料--化工--农用化工--化肥与农用药剂,2024,,,,,,,,,,15083281912.76,,0.171245,2579985938.8,2947153.55,target_year,,,,,,,,,,SOE_target,0.18587800000000002,0.191658,23.368844,0.006021,0.215825,0.357037,0.156713,0.208682,0.073898,3.360255,0.022977,True,H_nonSOE,0.10067140077203146,0.18587800000000002,-0.08520659922796855,-1285195156.9830084,0.0,1,0,,
000408.SZ,藏格矿业,CSI,地方国有企业,材料,化工,材料--化工--农用化工--化肥与农用药剂,2025,,,,,,,,,,17692154203.25,,0.2181,3852353240.98,6312248.81,target_year,,,,,,,,,,SOE_target,0.247846,0.255897,23.436853,0.003488,0.213171,0.19862,0.083802,0.174457,0.081966,2.536757,0.009784,True,H_nonSOE,0.096279907516376,0.247846,-0.15156609248362402,-2681530680.2043266,0.0,1,0,,
000425.SZ,徐工机械,CSI,地方国有企业,工业,机械,工业--机械--机械Ⅲ--建筑机械与重型卡车,2019,,,,,,,,,,77291657089.0,,0.051322633,3620572465.0,346238850.7,target_year,,,,,,,,,,SOE_target,0.05873300000000001,0.114355,24.83822776,0.078480399,0.247583643,0.796135572,0.30446409,0.129199699,0.504643767,1.690507246,0.029202569,True,H_nonSOE,0.09146738696756435,0.05873300000000001,0.03273438696756434,2530095012.5156136,2530095012.5156136,1,0,,
000425.SZ,徐工机械,CSI,地方国有企业,工业,机械,工业--机械--机械Ⅲ--建筑机械与重型卡车,2020,,,,,,,,,,91797176722.0,,0.049729124,3728859646.0,836133538.3,target_year,,,,,,,,,,SOE_target,0.060702,0.11150700000000001,25.07085186,0.090656285,0.225950341,0.850417672,0.304295183,0.108165675,0.564685381,1.637343394,0.030445106,True,H_nonSOE,0.08768865994215497,0.060702,0.02698665994215497,2477299191.846518,2477299191.846518,1,0,,
000425.SZ,徐工机械,CSI,地方国有企业,工业,机械,工业--机械--机械Ⅲ--建筑机械与重型卡车,2021,,,,,,,,,,110029000000.0,,0.056573361,5614606146.0,610110237.7,target_year,,,,,,,,,,SOE_target,0.059959,0.160106,25.24284738,0.096405963,0.195497669,0.871666513,0.21018586,0.097334006,0.627759186,1.379569973,0.022362833,True,H_nonSOE,0.08004371339485256,0.059959,0.020084713394852557,2209900930.122232,2209900930.122232,1,0,,
000425.SZ,徐工机械,CSI,地方国有企业,工业,机械,工业--机械--机械Ⅲ--建筑机械与重型卡车,2022,,,,,,,,,,175086000000.0,,0.023397377,4307097070.0,-210553267.2,target_year,,,,,,,,,,SOE_target,0.033686,0.096036,25.42401078,0.105236552,0.187780789,0.832912081,0.200299799,0.087174384,0.662187887,1.349125606,0.029744056,True,H_nonSOE,0.06945234470368783,0.033686,0.03576634470368783,6262186228.789887,6262186228.789887,1,0,,
000425.SZ,徐工机械,CSI,地方国有企业,工业,机械,工业--机械--机械Ⅲ--建筑机械与重型卡车,2023,,,,,,,,,,161994607612.63,,0.037362,5326470288.96,726008158.72,target_year,,,,,,,,,,SOE_target,0.037995,0.097377,25.888541,0.126116,0.187488,0.655251,0.186019,0.124798,0.687841,1.337335,0.045609,True,H_nonSOE,0.05168850521040437,0.037995,0.01369350521040437,2218274003.4009604,2218274003.4009604,1,0,,
000425.SZ,徐工机械,CSI,地方国有企业,工业,机械,工业--机械--机械Ⅲ--建筑机械与重型卡车,2024,,,,,,,,,,160969811609.42,,0.049144,5976118332.51,1934545872.81,target_year,,,,,,,,,,SOE_target,0.052740999999999996,0.10352399999999999,25.810829,0.113471,0.188674,0.548277,0.152436,0.157001,0.64513,1.285921,0.036833,True,H_nonSOE,0.054384135688953276,0.052740999999999996,0.0016431356889532803,264495242.2995241,264495242.2995241,1,0,,
000425.SZ,徐工机械,CSI,地方国有企业,工业,机械,工业--机械--机械Ⅲ--建筑机械与重型卡车,2025,,,,,,,,,,172078712755.41,,0.042356,6572221644.27,716429463.03,target_year,,,,,,,,,,SOE_target,0.047889,0.109748,25.804483,0.108112,0.187309,0.565044,0.175762,0.164311,0.624391,1.354563,0.018254,True,H_nonSOE,0.06306327253998859,0.047889,0.015174272539988584,2611169285.681001,2611169285.681001,1,0,,
000568.SZ,泸州老窖,CSI,地方国有企业,日常消费,食品饮料,日常消费--食品饮料--饮料--白酒与葡萄酒,2019,,,,,,,,,,28919969078.0,,0.165338765,4641988857.0,139603113.8,target_year,,,,,,,,,,SOE_target,0.228967,0.25525400000000004,23.84143384,0.017142738,0.118716357,0.540578094,0.44587553,0.178256904,0.242456715,2.861142238,0.064962944,True,H_nonSOE,0.15565056326405824,0.228967,-0.07331643673594176,-2120309083.3125792,0.0,0,1,HHI_lag,
000568.SZ,泸州老窖,CSI,地方国有企业,日常消费,食品饮料,日常消费--食品饮料--饮料--白酒与葡萄酒,2020,,,,,,,,,,35009203823.0,,0.167763823,6005723069.0,-132445202.7,target_year,,,,,,,,,,SOE_target,0.248369,0.282744,24.08779817,0.018063993,0.109737598,0.537257752,0.329414591,0.303398139,0.323832921,2.403646532,0.159240357,True,H_nonSOE,0.1414116476384628,0.248369,-0.1069573523615372,-3744491749.193486,0.0,0,1,HHI_lag,
000568.SZ,泸州老窖,CSI,地方国有企业,日常消费,食品饮料,日常消费--食品饮料--饮料--白酒与葡萄酒,2021,,,,,,,,,,43211782006.0,,0.179086999,7955554352.0,-216885999.2,target_year,,,,,,,,,,SOE_target,0.269773,0.31128,24.27887683,0.015909988,0.106852675,0.45141465,0.346826668,0.254154299,0.337834988,2.56721691,0.061238482,True,H_nonSOE,0.14474187232527883,0.269773,-0.12503112767472116,-5402817833.044404,0.0,0,1,HHI_lag,
000568.SZ,泸州老窖,CSI,地方国有企业,日常消费,食品饮料,日常消费--食品饮料--饮料--白酒与葡萄酒,2022,,,,,,,,,,51385481355.0,,0.196145022,10365383282.0,-286376927.5,target_year,,,,,,,,,,SOE_target,0.292921,0.33303400000000005,24.48937903,0.017126059,0.106913309,0.454541962,0.36166986,0.216331324,0.3488521,2.42764762,0.04580695,True,H_nonSOE,0.14852376326294842,0.292921,-0.14439723673705157,-7419921516.065285,0.0,0,1,HHI_lag,
000568.SZ,泸州老窖,CSI,地方国有企业,日常消费,食品饮料,日常消费--食品饮料--饮料--白酒与葡萄酒,2023,,,,,,,,,,63294455201.6,,0.203418,13246394700.59,-371152206.41,target_year,,,,,,,,,,SOE_target,0.310533,0.350437,24.662622,0.017707,0.105461,0.456665,0.445643,0.188035,0.331936,3.149763,0.020145,True,H_nonSOE,0.15105031317682127,0.310533,-0.15948268682317873,-10094369776.560488,0.0,0,1,HHI_lag,
000568.SZ,泸州老窖,CSI,地方国有企业,日常消费,食品饮料,日常消费--食品饮料--饮料--白酒与葡萄酒,2024,,,,,,,,,,68334595564.58,,0.190013,13472986476.01,-488521059.32,target_year,,,,,,,,,,SOE_target,0.269193,0.303514,24.871064,0.020627,0.100594,0.455183,0.557514,0.163232,0.343833,4.503939,0.023724,True,H_nonSOE,0.1374377690156528,0.269193,-0.13175523098434722,-9003440422.833187,0.0,0,1,HHI_lag,
000568.SZ,泸州老窖,CSI,地方国有企业,日常消费,食品饮料,日常消费--食品饮料--饮料--白酒与葡萄酒,2025,,,,,,,,,,64794994851.27,,0.159252,10830713936.14,-511995793.73,target_year,,,,,,,,,,SOE_target,0.212454,0.222926,24.947682,0.020702,0.097008,0.401773,0.535297,0.145444,0.304774,3.562096,0.01739,True,H_nonSOE,0.15309006787113558,0.212454,-0.05936393212886443,-3846485676.640912,0.0,0,1,HHI_lag,
000596.SZ,古井贡酒,CSI,地方国有企业,日常消费,食品饮料,日常消费--食品饮料--饮料--白酒与葡萄酒,2019,,,,,,,,,,13871297363.0,,0.1536396,2097527740.0,33652843.25,target_year,,,,,,,,,,SOE_target,0.210201,0.253537,23.24978844,0.011090336,0.118716357,0.65369115,0.377977266,0.148466803,0.358129813,2.099445101,0.024566017,True,H_nonSOE,0.14139198761264943,0.210201,-0.06880901238735057,-954470272.0792903,0.0,0,1,HHI_lag,
000596.SZ,古井贡酒,CSI,地方国有企业,日常消费,食品饮料,日常消费--食品饮料--饮料--白酒与葡萄酒,2020,,,,,,,,,,15186625709.0,,0.104943641,1854576249.0,-260836456.1,target_year,,,,,,,,,,SOE_target,0.170269,0.195348,23.3530876,0.011516279,0.109737598,0.668964823,0.452659503,0.137446251,0.32002361,2.478278192,0.029725347,True,H_nonSOE,0.14863653983285294,0.170269,-0.021632460167147066,-328524075.72331405,0.0,0,1,HHI_lag,
000596.SZ,古井贡酒,CSI,地方国有企业,日常消费,食品饮料,日常消费--食品饮料--饮料--白酒与葡萄酒,2021,,,,,,,,,,25418086448.0,,0.08237594,2297894413.0,-204055657.1,target_year,,,,,,,,,,SOE_target,0.156203,0.1729,23.44368099,0.009556143,0.106852675,0.596517194,0.463047649,0.13676234,0.311970217,2.566970606,0.03698101,True,H_nonSOE,0.14444622281959663,0.156203,-0.011756777180403383,-298834778.7213669,0.0,0,1,HHI_lag,
000596.SZ,古井贡酒,CSI,地方国有企业,日常消费,食品饮料,日常消费--食品饮料--饮料--白酒与葡萄酒,2022,,,,,,,,,,29789822299.0,,0.098249854,3143144732.0,-216299053.1,target_year,,,,,,,,,,SOE_target,0.161951,0.17931,23.95872682,0.010826289,0.106913309,0.553532359,0.496127525,0.119922437,0.321236832,2.642086497,0.022745779,True,H_nonSOE,0.1502935723927821,0.161951,-0.011657427607217913,-347272696.8824784,0.0,0,1,HHI_lag,
000596.SZ,古井贡酒,CSI,地方国有企业,日常消费,食品饮料,日常消费--食品饮料--饮料--白酒与葡萄酒,2023,,,,,,,,,,35420907274.99,,0.12498,4589164052.8,-162244024.88,target_year,,,,,,,,,,SOE_target,0.194206,0.229194,24.117433,0.011386,0.105461,0.503159,0.413555,0.17444,0.351025,2.230925,0.053046,True,H_nonSOE,0.1452678078700946,0.194206,-0.048938192129905383,-1733435165.6390238,0.0,0,1,HHI_lag,
000596.SZ,古井贡酒,CSI,地方国有企业,日常消费,食品饮料,日常消费--食品饮料--饮料--白酒与葡萄酒,2024,,,,,,,,,,40522413702.09,,0.127545,5517251073.1,-348824206.45,target_year,,,,,,,,,,SOE_target,0.196114,0.238933,24.290568,0.013596,0.100594,0.527626,0.369823,0.211931,0.367202,2.055674,0.067221,True,H_nonSOE,0.14859313660689794,0.196114,-0.047520863393102075,-1925660085.8957865,0.0,0,1,HHI_lag,
000596.SZ,古井贡酒,CSI,地方国有企业,日常消费,食品饮料,日常消费--食品饮料--饮料--白酒与葡萄酒,2025,,,,,,,,,,38197033001.78,,0.07919,3549108530.34,-524281825.11,target_year,,,,,,,,,,SOE_target,0.11585100000000001,0.14279999999999998,24.425121,0.015531,0.097008,0.522432,0.357908,0.220514,0.365936,2.013605,0.059903,True,H_nonSOE,0.15278078083872756,0.11585100000000001,0.036929780838727555,1410608057.445379,1410608057.445379,0,1,HHI_lag,
000625.SZ,长安汽车,CSI,中央国有企业,可选消费,汽车与零配件,可选消费--汽车与零配件--汽车--汽车制造,2019,,,,,,,,,,97617053590.0,,-0.0267024,-2646719357.0,40109729.93,target_year,,,,,,,,,,SOE_target,-0.025617,-0.058638,25.26110806,0.042976766,0.376606004,0.641161065,0.000570269,0.294632963,0.506327012,1.001235261,0.069402175,True,H_nonSOE,0.06207096131261352,-0.025617,0.08768796131261353,8559840418.651241,8559840418.651241,1,0,,
000625.SZ,长安汽车,CSI,中央国有企业,可选消费,汽车与零配件,可选消费--汽车与零配件--汽车--汽车制造,2020,,,,,,,,,,120916000000.0,,0.025753678,3324251164.0,-210224449.6,target_year,,,,,,,,,,SOE_target,0.021840000000000002,0.068233,25.30431804,0.048553106,0.369422071,0.712769049,0.003824706,0.293691446,0.54993447,1.007583405,0.049004987,True,H_nonSOE,0.06278049435819322,0.021840000000000002,0.04094049435819322,4950360815.815291,4950360815.815291,1,0,,
000625.SZ,长安汽车,CSI,中央国有企业,可选消费,汽车与零配件,可选消费--汽车与零配件--汽车--汽车制造,2021,,,,,,,,,,135405000000.0,,0.020468578,3552463320.0,-780923197.2,target_year,,,,,,,,,,SOE_target,0.023718,0.065097,25.51836032,0.060899463,0.324255792,0.744393964,0.085155696,0.227305221,0.557706229,1.164501984,0.02448023,True,H_nonSOE,0.06419615566816333,0.023718,0.04047815566816333,5480944668.247656,5480944668.247656,1,0,,
000625.SZ,长安汽车,CSI,中央国有企业,可选消费,汽车与零配件,可选消费--汽车与零配件--汽车--汽车制造,2022,,,,,,,,,,146049000000.0,,0.046430759,7798451094.0,-1017305743.0,target_year,,,,,,,,,,SOE_target,0.047546,0.131518,25.63153334,0.066552035,0.289774151,0.789398213,0.111028195,0.168281819,0.587412612,1.197534901,0.014842728,True,H_nonSOE,0.05963506028571427,0.047546,0.01208906028571427,1765595165.6682835,1765595165.6682835,1,0,,
000625.SZ,长安汽车,CSI,中央国有企业,可选消费,汽车与零配件,可选消费--汽车与零配件--汽车--汽车制造,2023,,,,,,,,,,190171127138.27,,0.054846,11327463013.15,-897343739.8,target_year,,,,,,,,,,SOE_target,0.057652,0.168174,25.707205,0.065149,0.236564,0.832473,0.151505,0.141971,0.568987,1.276767,0.00962,True,H_nonSOE,0.0662037504028001,0.057652,0.008551750402800103,1626296013.10565,1626296013.10565,1,0,,
000625.SZ,长安汽车,CSI,中央国有企业,可选消费,汽车与零配件,可选消费--汽车与零配件--汽车--汽车制造,2024,,,,,,,,,,208168160960.86,,0.030682,7321363897.24,-934377313.05,target_year,,,,,,,,,,SOE_target,0.029237000000000003,0.098651,25.97119,0.069643,0.222276,0.871688,0.145635,0.115204,0.607284,1.268265,0.01485,True,H_nonSOE,0.05892865182534728,0.029237000000000003,0.02969165182534728,6180856556.3727045,6180856556.3727045,1,0,,
000625.SZ,长安汽车,CSI,中央国有企业,可选消费,汽车与零配件,可选消费--汽车与零配件--汽车--汽车制造,2025,,,,,,,,,,202961073175.76,,0.008243,4075223181.54,-2402254178.2,target_year,,,,,,,,,,SOE_target,0.007078999999999999,0.052954999999999995,26.061612,0.066776,0.204324,0.780152,0.110542,0.112265,0.620112,1.202997,0.023385,True,H_nonSOE,0.04718267920830946,0.007078999999999999,0.040103679208309456,8139485770.414901,8139485770.414901,1,0,,
000630.SZ,铜陵有色,CSI,地方国有企业,材料,有色金属,材料--有色金属--其他金属与采矿--铜,2019,,,,,,,,,,47911462040.0,,0.034936129,830519538.9,843321498.5,target_year,,,,,,,,,,SOE_target,0.044438000000000005,0.045825,24.57311927,0.107375707,0.167062795,1.778891139,0.047947434,0.423232636,0.585335866,1.105669994,0.039954446,True,H_nonSOE,0.22202723342747407,0.044438000000000005,0.17758923342747407,8508559816.073123,8508559816.073123,1,0,,
000630.SZ,铜陵有色,CSI,地方国有企业,材料,有色金属,材料--有色金属--其他金属与采矿--铜,2020,,,,,,,,,,52183190515.0,,0.0300009,865617570.2,699925112.8,target_year,,,,,,,,,,SOE_target,0.040757,0.046484,24.5926206,0.100133945,0.15478921,1.952838717,0.040641048,0.064143716,0.582373514,1.089014302,0.048908307,True,H_nonSOE,0.20489567665708328,0.040757,0.16413867665708326,8565279834.876559,8565279834.876559,1,0,,
000630.SZ,铜陵有色,CSI,地方国有企业,材料,有色金属,材料--有色金属--其他金属与采矿--铜,2021,,,,,,,,,,50840423322.0,,0.073934839,3101437394.0,657441101.1,target_year,,,,,,,,,,SOE_target,0.087515,0.152663,24.67802626,0.089422838,0.159708925,1.980398677,0.062694728,0.395146684,0.604078218,1.133379498,0.029110604,True,H_nonSOE,0.23502302495705465,0.087515,0.14750802495705467,7499370432.2088,7499370432.2088,1,0,,
000630.SZ,铜陵有色,CSI,地方国有企业,材料,有色金属,材料--有色金属--其他金属与采矿--铜,2022,,,,,,,,,,61435721001.0,,0.048847359,2730365503.0,270607202.3,target_year,,,,,,,,,,SOE_target,0.071308,0.116014,24.65195761,0.087482568,0.168216562,2.535307153,0.122679783,0.331032316,0.539754531,1.271506553,0.028018459,True,H_nonSOE,0.24611216488825155,0.071308,0.17480416488825157,10739219903.887424,10739219903.887424,1,0,,
000630.SZ,铜陵有色,CSI,地方国有企业,材料,有色金属,材料--有色金属--其他金属与采矿--铜,2023,,,,,,,,,,78245124732.45,,0.044503,2699176213.13,782997513.28,target_year,,,,,,,,,,SOE_target,0.07719999999999999,0.09441000000000001,24.841257,0.070913,0.153058,2.163998,0.238003,0.307224,0.511933,1.604722,0.022351,True,H_nonSOE,0.2544650910833746,0.07719999999999999,0.17726509108337463,13870129162.527758,13870129162.527758,1,0,,
000630.SZ,铜陵有色,CSI,地方国有企业,材料,有色金属,材料--有色金属--其他金属与采矿--铜,2024,,,,,,,,,,80944491696.95,,0.041541,2808595667.89,553908195.56,target_year,,,,,,,,,,SOE_target,0.076154,0.08549,25.083112,0.078795,0.159476,1.954958,0.220046,0.360623,0.495217,1.716717,0.035157,True,H_nonSOE,0.2571505078272017,0.076154,0.18099650782720172,14650670324.995874,14650670324.995874,1,0,,
000630.SZ,铜陵有色,CSI,地方国有企业,材料,有色金属,材料--有色金属--其他金属与采矿--铜,2025,,,,,,,,,,100206269994.18,,0.026554,2415007111.01,245854206.4,target_year,,,,,,,,,,SOE_target,0.082262,0.068151,25.117029,0.0806,0.15747,1.812794,0.223788,0.367705,0.477954,1.762476,0.053808,True,H_nonSOE,0.24761831293379136,0.082262,0.16535631293379136,16569739339.085613,16569739339.085613,1,0,,
000661.SZ,长春高新,CSI,地方国有企业,医疗保健,医药生物,医疗保健--医药生物--生物科技Ⅲ--生物科技Ⅳ,2019,,,,,,,,,,12721347980.0,,0.140094925,1775009197.0,7187092.75,target_year,,,,,,,,,,SOE_target,0.25021,0.265335,22.96536241,0.01666701,0.277672488,0.629372512,0.384823425,0.183556495,0.327952407,2.243198051,0.072832591,True,H_nonSOE,-0.007530410200749758,0.25021,-0.2577404102007497,-3278805446.671679,0.0,1,0,,
000661.SZ,长春高新,CSI,地方国有企业,医疗保健,医药生物,医疗保健--医药生物--生物科技Ⅲ--生物科技Ⅳ,2020,,,,,,,,,,16844623212.0,,0.177002842,3046586145.0,-65039965.52,target_year,,,,,,,,,,SOE_target,0.264716,0.320434,23.26654736,0.019412895,0.276190471,0.652028363,0.434200445,0.186278313,0.307653964,2.717054693,0.066412897,True,H_nonSOE,0.0010338076420281436,0.264716,-0.26368219235797186,-4441627177.984141,0.0,1,0,,
000661.SZ,长春高新,CSI,地方国有企业,医疗保健,医药生物,医疗保健--医药生物--生物科技Ⅲ--生物科技Ⅳ,2021,,,,,,,,,,22515769521.0,,0.168378138,3757472953.0,33690395.89,target_year,,,,,,,,,,SOE_target,0.229995,0.294649,23.54729735,0.021158132,0.256105921,0.572269824,0.452061369,0.161954607,0.268417314,3.196037951,0.065130959,True,H_nonSOE,0.0005031869626951416,0.229995,-0.22949181303730487,-5167184769.304379,0.0,1,0,,
000661.SZ,长春高新,CSI,地方国有企业,医疗保健,医药生物,医疗保健--医药生物--生物科技Ⅲ--生物科技Ⅳ,2022,,,,,,,,,,26027589000.0,,0.160762835,4140524000.0,43745000.0,target_year,,,,,,,,,,SOE_target,0.19917300000000002,0.253845,23.83748177,0.022164402,0.230275265,0.539222704,0.455923984,0.189456247,0.234455712,3.719092909,0.099033871,True,H_nonSOE,0.0005856473400086618,0.19917300000000002,-0.19858735265999136,-5168749995.632312,0.0,1,0,,
000661.SZ,长春高新,CSI,地方国有企业,医疗保健,医药生物,医疗保健--医药生物--生物科技Ⅲ--生物科技Ⅳ,2023,,,,,,,,,,30743650000.0,,0.148622,4532484000.0,36691000.0,target_year,,,,,,,,,,SOE_target,0.190234,0.22592600000000002,23.982423,0.023321,0.212266,0.520244,0.441385,0.215704,0.200643,4.014785,0.080347,True,H_nonSOE,0.008781792199688367,0.190234,-0.18145220780031163,-5578503168.340051,0.0,1,0,,
000661.SZ,长春高新,CSI,地方国有企业,医疗保健,医药生物,医疗保健--医药生物--生物科技Ⅲ--生物科技Ⅳ,2024,,,,,,,,,,31051118000.0,,0.084386,2583059000.0,37225000.0,target_year,,,,,,,,,,SOE_target,0.098578,0.11461299999999999,24.148949,0.024278,0.216978,0.513149,0.434749,0.220367,0.185775,3.785057,0.068203,True,H_nonSOE,0.01908562523415664,0.098578,-0.07949237476584337,-2468327108.954425,0.0,1,0,,
000661.SZ,长春高新,CSI,地方国有企业,医疗保健,医药生物,医疗保健--医药生物--生物科技Ⅲ--生物科技Ⅳ,2025,,,,,,,,,,30080522676.54,,0.005032,154971452.8,-3597720.1,target_year,,,,,,,,,,SOE_target,-0.000103,0.006886,24.158901,0.022221,0.230555,0.435818,0.413877,0.296122,0.159372,4.758913,0.070244,True,H_nonSOE,0.01038243445668744,-0.000103,0.010485434456687441,315407348.94776046,315407348.94776046,1,0,,
000708.SZ,中信特钢,CSI,中央国有企业,材料,钢铁Ⅱ,材料--钢铁Ⅱ--钢铁Ⅲ--钢铁Ⅳ,2019,,,,,,,,,,72585012817.0,,0.083513444,5386471751.0,675352668.3,target_year,,,,,,,,,,SOE_target,0.176222,0.363352,22.76161251,0.032712966,0.659924097,1.755051415,0.268473152,0.301352839,0.426450625,1.656608326,0.006238616,True,H_nonSOE,0.1940630896965401,0.176222,0.017841089696540108,1294995724.2926104,1294995724.2926104,1,0,,
000708.SZ,中信特钢,CSI,中央国有企业,材料,钢铁Ⅱ,材料--钢铁Ⅱ--钢铁Ⅲ--钢铁Ⅳ,2020,,,,,,,,,,77440955872.0,,0.081567321,6024490435.0,292160864.1,target_year,,,,,,,,,,SOE_target,0.100046,0.224814,25.0080243,0.169549802,0.517023931,1.795776839,-0.115890571,0.502585806,0.651765819,0.777849873,0.033710624,True,H_nonSOE,0.20630492692285,0.100046,0.10625892692285,8228792870.838499,8228792870.838499,1,0,,
000708.SZ,中信特钢,CSI,中央国有企业,材料,钢铁Ⅱ,材料--钢铁Ⅱ--钢铁Ⅲ--钢铁Ⅳ,2021,,,,,,,,,,84876296225.0,,0.099292685,7952600073.0,474995237.4,target_year,,,,,,,,,,SOE_target,0.117103,0.260083,25.07278162,0.17881253,0.51422962,0.990041735,-0.075179664,0.500365298,0.633460502,0.845073368,0.040993194,True,H_nonSOE,0.14920541663022588,0.117103,0.03210241663022588,2724734223.445418,2724734223.445418,1,0,,
000708.SZ,中信特钢,CSI,中央国有企业,材料,钢铁Ⅱ,材料--钢铁Ⅱ--钢铁Ⅲ--钢铁Ⅳ,2022,,,,,,,,,,90774617316.0,,0.084181709,7105382184.0,536180238.7,target_year,,,,,,,,,,SOE_target,0.10000999999999999,0.205711,25.16446069,0.177590042,0.499605416,1.192303635,-0.066566956,0.509734388,0.611580087,0.854053661,0.029734147,True,H_nonSOE,0.17340782476294778,0.10000999999999999,0.07339782476294779,6662659454.6834135,6662659454.6834135,1,0,,
000708.SZ,中信特钢,CSI,中央国有企业,材料,钢铁Ⅱ,材料--钢铁Ⅱ--钢铁Ⅲ--钢铁Ⅳ,2023,,,,,,,,,,116506605547.44,,0.05531,5721189483.5,722748724.28,target_year,,,,,,,,,,SOE_target,0.063282,0.152797,25.231646,0.182756,0.520062,1.113146,0.001558,0.489854,0.598595,1.00377,0.019696,True,H_nonSOE,0.17215723680577213,0.063282,0.10887523680577213,12684684268.414215,12684684268.414215,1,0,,
000708.SZ,中信特钢,CSI,中央国有企业,材料,钢铁Ⅱ,材料--钢铁Ⅱ--钢铁Ⅲ--钢铁Ⅳ,2024,,,,,,,,,,111043379345.44,,0.053478,5125627037.63,812782921.61,target_year,,,,,,,,,,SOE_target,0.052064000000000006,0.128882,25.481214,0.215568,0.490176,1.092959,0.014667,0.464756,0.642643,1.034493,0.017144,True,H_nonSOE,0.16260074818194944,0.052064000000000006,0.11053674818194945,12274374059.979588,12274374059.979588,1,0,,
000708.SZ,中信特钢,CSI,中央国有企业,材料,钢铁Ⅱ,材料--钢铁Ⅱ--钢铁Ⅲ--钢铁Ⅳ,2025,,,,,,,,,,110322568610.71,,0.060174,5928668055.97,709860550.13,target_year,,,,,,,,,,SOE_target,0.071372,0.140293,25.433187,0.218923,0.484294,0.954379,0.047169,0.470685,0.605304,1.124346,0.004975,True,H_nonSOE,0.16186727375423585,0.071372,0.09049527375423584,9983671047.696669,9983671047.696669,1,0,,
000725.SZ,京东方A,CSI,地方国有企业,信息技术,硬件设备,信息技术--硬件设备--电子设备、仪器和元件--电子元件,2019,,,,,,,,,,340412000000.0,,0.013054115,1918643871.0,2525136209.0,target_year,,,,,,,,,,SOE_target,0.006793,0.02121,26.44038726,0.083290852,0.161142974,0.34395235,0.123225909,0.607117725,0.604124939,1.602046183,0.179327091,True,H_nonSOE,0.0656899286007876,0.006793,0.058896928600787594,20049221258.851307,20049221258.851307,1,0,,
000725.SZ,京东方A,CSI,地方国有企业,信息技术,硬件设备,信息技术--硬件设备--电子设备、仪器和元件--电子元件,2020,,,,,,,,,,424257000000.0,,0.018115872,5035627952.0,2650153972.0,target_year,,,,,,,,,,SOE_target,0.015936,0.050779,26.55342308,0.094918529,0.145048886,0.357514634,0.076584666,0.626190901,0.585626791,1.33262216,0.145164883,True,H_nonSOE,0.07696686941532715,0.015936,0.061030869415327156,25892773565.538452,25892773565.538452,0,1,FirmSize_lag,
000725.SZ,京东方A,CSI,地方国有企业,信息技术,硬件设备,信息技术--硬件设备--电子设备、仪器和元件--电子元件,2021,,,,,,,,,,450233000000.0,,0.068181899,25830935500.0,4866778333.0,target_year,,,,,,,,,,SOE_target,0.087905,0.209698,26.77360478,0.096274649,0.129289002,0.351717326,0.056631111,0.630378658,0.591290624,1.228909006,0.104218327,True,H_nonSOE,0.0819602029491519,0.087905,-0.005944797050848091,-2676543810.5944886,0.0,0,3,"FirmSize_lag, FixedAssetsRatio_lag, HHI_lag",
000725.SZ,京东方A,CSI,地方国有企业,信息技术,硬件设备,信息技术--硬件设备--电子设备、仪器和元件--电子元件,2022,,,,,,,,,,420562000000.0,,0.026448149,7550877790.0,3572211438.0,target_year,,,,,,,,,,SOE_target,0.004916,0.054093999999999996,26.83303018,0.123686202,0.108896372,0.498314997,0.128549125,0.57579366,0.517185639,1.559942897,0.079225595,True,H_nonSOE,0.11078878660249616,0.004916,0.10587278660249616,44526070879.11899,44526070879.11899,0,2,"FirmSize_lag, HHI_lag",
000725.SZ,京东方A,CSI,地方国有企业,信息技术,硬件设备,信息技术--硬件设备--电子设备、仪器和元件--电子元件,2023,,,,,,,,,,419187099795.0,,0.008821,2547435360.0,1150310546.0,target_year,,,,,,,,,,SOE_target,0.004366,0.019188,26.764858,0.093694,0.117158,0.406843,0.134489,0.592952,0.519571,1.660217,0.069902,True,H_nonSOE,0.10290278583999682,0.004366,0.09853678583999682,41305349479.38929,41305349479.38929,0,2,"FirmSize_lag, HHI_lag",
000725.SZ,京东方A,CSI,地方国有企业,信息技术,硬件设备,信息技术--硬件设备--电子设备、仪器和元件--电子元件,2024,,,,,,,,,,429978221541.0,,0.015228,5323248974.0,1224387370.0,target_year,,,,,,,,,,SOE_target,0.014862,0.040579000000000004,26.761583,0.090613,0.108206,0.413005,0.126493,0.572636,0.528137,1.588068,0.059181,True,H_nonSOE,0.10382294091542518,0.014862,0.08896094091542518,38251267161.4285,38251267161.4285,0,2,"FirmSize_lag, HHI_lag",
000725.SZ,京东方A,CSI,地方国有企业,信息技术,硬件设备,信息技术--硬件设备--电子设备、仪器和元件--电子元件,2025,,,,,,,,,,436378322803.0,,0.017631,5856966754.0,1836646802.0,target_year,,,,,,,,,,SOE_target,0.020478999999999997,0.043803999999999996,26.787,0.087283,0.114376,0.464184,0.065413,0.546687,0.524287,1.244021,0.079162,True,H_nonSOE,0.10710169233582681,0.020478999999999997,0.08662269233582681,37800265198.188385,37800265198.188385,0,2,"FirmSize_lag, HHI_lag",
000768.SZ,中航西飞,CSI,中央国有企业,工业,国防军工,工业--国防军工--航空航天与国防Ⅲ--航空航天,2019,,,,,,,,,,48762673248.0,,0.012683797,568852605.8,49643225.99,target_year,,,,,,,,,,SOE_target,0.013455,0.034902,24.59232877,0.388396049,0.285442207,0.753242655,0.236234078,0.115521522,0.596783173,1.405193657,0.017350223,True,H_nonSOE,0.07104551517221572,0.013455,0.057590515172215716,2808267473.5267415,2808267473.5267415,1,0,,
000768.SZ,中航西飞,CSI,中央国有企业,工业,国防军工,工业--国防军工--航空航天与国防Ⅲ--航空航天,2020,,,,,,,,,,58460327428.0,,0.012833044,777376665.7,-27152717.86,target_year,,,,,,,,,,SOE_target,0.018278000000000003,0.048807,24.61023096,0.366640164,0.279462147,0.708764482,0.205304523,0.096630721,0.659529328,1.32864265,0.014818499,True,H_nonSOE,0.053819820140850114,0.018278000000000003,0.03554182014085011,2077786442.8211825,2077786442.8211825,1,0,,
000768.SZ,中航西飞,CSI,中央国有企业,工业,国防军工,工业--国防军工--航空航天与国防Ⅲ--航空航天,2021,,,,,,,,,,71989049045.0,,0.009441759,652910969.4,26792284.69,target_year,,,,,,,,,,SOE_target,0.012112000000000001,0.042059,24.7916142,0.332759455,0.273615357,0.622793812,0.084209641,0.168720078,0.738183945,1.129117964,0.018325985,True,H_nonSOE,0.03712494760614568,0.012112000000000001,0.02501294760614568,1800658311.9788368,1800658311.9788368,1,0,,
000768.SZ,中航西飞,CSI,中央国有企业,工业,国防军工,工业--国防军工--航空航天与国防Ⅲ--航空航天,2022,,,,,,,,,,82173551967.0,,0.004895149,523352485.0,-121100735.1,target_year,,,,,,,,,,SOE_target,0.007887,0.032837,24.99977985,0.287896095,0.271325141,0.499998192,0.051283057,0.131025938,0.781332402,1.06932487,0.009251516,True,H_nonSOE,0.019679608401271594,0.007887,0.011792608401271594,969040519.288372,969040519.288372,1,0,,
000768.SZ,中航西飞,CSI,中央国有企业,工业,国防军工,工业--国防军工--航空航天与国防Ⅲ--航空航天,2023,,,,,,,,,,80920781039.43,,0.007502,860970264.62,-253872238.01,target_year,,,,,,,,,,SOE_target,0.012524,0.048262,25.132099,0.286581,0.272876,0.482254,0.039442,0.108782,0.803657,1.050589,0.010648,True,H_nonSOE,0.014110951247592107,0.012524,0.0015869512475921062,128417334.42665108,128417334.42665108,1,0,,
000768.SZ,中航西飞,CSI,中央国有企业,工业,国防军工,工业--国防军工--航空航天与国防Ⅲ--航空航天,2024,,,,,,,,,,73810707203.02,,0.012074,1023435524.55,-132241221.51,target_year,,,,,,,,,,SOE_target,0.01374,0.050454,25.116737,0.247662,0.247277,0.490449,0.034391,0.111253,0.75847,1.044253,0.014477,True,H_nonSOE,0.021758503547171907,0.01374,0.008018503547171906,591851417.5266829,591851417.5266829,1,0,,
000768.SZ,中航西飞,CSI,中央国有企业,工业,国防军工,工业--国防军工--航空航天与国防Ⅲ--航空航天,2025,,,,,,,,,,77846648435.6,,0.013604,1151240411.01,-92184233.18,target_year,,,,,,,,,,SOE_target,0.016361,0.053258,25.02477,0.267949,0.253215,0.554655,0.03727,0.126676,0.71516,1.050416,0.019016,True,H_nonSOE,0.03438320352374148,0.016361,0.01802220352374148,1402968141.7475348,1402968141.7475348,1,0,,
000786.SZ,北新建材,CSI,中央国有企业,材料,建材Ⅱ,材料--建材Ⅱ--建材Ⅲ--建材Ⅳ,2019,,,,,,,,,,21463592266.0,,0.021954556,441144299.5,30079335.77,target_year,,,,,,,,,,SOE_target,0.034527999999999996,0.031249,23.60851566,0.082164854,0.736746816,0.728133542,0.186426406,0.552409337,0.193719088,2.443171724,0.087405108,True,H_nonSOE,0.16785970195224095,0.034527999999999996,0.13333170195224095,2861777286.834736,2861777286.834736,1,0,,
000786.SZ,北新建材,CSI,中央国有企业,材料,建材Ⅱ,材料--建材Ⅱ--建材Ⅲ--建材Ⅳ,2020,,,,,,,,,,22915217102.0,,0.128089923,2859866559.0,75341830.31,target_year,,,,,,,,,,SOE_target,0.15058,0.186805,23.78962395,0.072892526,0.764425084,0.668831118,0.005969725,0.558113567,0.322457519,1.020643679,0.098415159,True,H_nonSOE,0.1503026677356002,0.15058,-0.00027733226439979886,-6355129.048110656,0.0,1,0,,
000786.SZ,北新建材,CSI,中央国有企业,材料,建材Ⅱ,材料--建材Ⅱ--建材Ⅲ--建材Ⅳ,2021,,,,,,,,,,26573872663.0,,0.135197922,3510191056.0,82541300.71,target_year,,,,,,,,,,SOE_target,0.153334,0.197136,23.85506703,0.081293583,0.753086611,0.748938503,0.085974085,0.556825824,0.238293646,1.403259242,0.059647758,True,H_nonSOE,0.1785062854118833,0.153334,0.025172285411883294,668925107.1720792,668925107.1720792,1,0,,
000786.SZ,北新建材,CSI,中央国有企业,材料,建材Ⅱ,材料--建材Ⅱ--建材Ⅲ--建材Ⅳ,2022,,,,,,,,,,28604536226.0,,0.113485144,3136397898.0,109792022.4,target_year,,,,,,,,,,SOE_target,0.12256700000000001,0.157211,24.00319434,0.100137906,0.668525521,0.843240168,0.141342424,0.510095168,0.265218624,1.693275559,0.061260434,True,H_nonSOE,0.18236767815754532,0.12256700000000001,0.059800678157545306,1710570664.6968718,1710570664.6968718,1,0,,
000786.SZ,北新建材,CSI,中央国有企业,材料,建材Ⅱ,材料--建材Ⅱ--建材Ⅲ--建材Ⅳ,2023,,,,,,,,,,30660627191.82,,0.117717,3524001193.59,85282127.5,target_year,,,,,,,,,,SOE_target,0.127174,0.159022,24.076831,0.114777,0.617588,0.714546,0.199399,0.480786,0.250342,2.082374,0.045478,True,H_nonSOE,0.17488872900484126,0.127174,0.04771472900484125,1462963517.576158,1462963517.576158,1,0,,
000786.SZ,北新建材,CSI,中央国有企业,材料,建材Ⅱ,材料--建材Ⅱ--建材Ⅲ--建材Ⅳ,2024,,,,,,,,,,35139481982.58,,0.105885,3646942470.4,73810131.21,target_year,,,,,,,,,,SOE_target,0.12231,0.148739,24.146245,0.124756,0.650954,0.748723,0.217618,0.463646,0.225985,2.188839,0.037909,True,H_nonSOE,0.18266687073069512,0.12231,0.06035687073069512,2120909171.5661714,2120909171.5661714,1,0,,
000786.SZ,北新建材,CSI,中央国有企业,材料,建材Ⅱ,材料--建材Ⅱ--建材Ⅲ--建材Ⅳ,2025,,,,,,,,,,36088073943.54,,0.08132,2906380291.66,28292119.13,target_year,,,,,,,,,,SOE_target,0.092774,0.110011,24.282591,0.193215,0.525443,0.776379,0.126703,0.443899,0.239609,1.573315,0.03398,True,H_nonSOE,0.18995359036630768,0.092774,0.09717959036630769,3507024242.9422393,3507024242.9422393,1,0,,
000792.SZ,盐湖股份,CSI,中央国有企业,材料,化工,材料--化工--农用化工--化肥与农用药剂,2019,,,,,,,,,,22531500339.0,,-1.970434396,-45859976778.0,1463133525.0,target_year,,,,,,,,,,SOE_target,-0.967884,,25.04071871,0.064266966,0.192081294,0.216564189,-0.278582226,0.806404587,0.749488816,0.36481008,0.010298963,True,H_nonSOE,0.04825205417777946,-0.967884,1.0161360541777795,22895069849.17676,22895069849.17676,0,1,FixedAssetsRatio_lag,
000792.SZ,盐湖股份,CSI,中央国有企业,材料,化工,材料--化工--农用化工--化肥与农用药剂,2020,,,,,,,,,,20109814551.0,,0.12072931,2039507351.0,388336689.4,target_year,,,,,,,,,,SOE_target,0.153226,-0.154504,23.83818018,0.063309446,0.180537484,0.350103012,-0.888553207,0.365084577,2.290134477,0.314471187,0.020977312,True,H_nonSOE,-0.11744809121957808,0.153226,-0.2706740912195781,-5443205778.1861725,0.0,1,0,,
000792.SZ,盐湖股份,CSI,中央国有企业,材料,化工,材料--化工--农用化工--化肥与农用药剂,2021,,,,,,,,,,25267358712.0,,0.186473385,4478386640.0,233303260.0,target_year,,,,,,,,,,SOE_target,0.24559799999999998,0.6657129999999999,23.72447382,0.044384921,0.203999831,0.619101631,0.10089712,0.432346651,0.738152668,1.397826148,0.026706701,True,H_nonSOE,0.05283070647839491,0.24559799999999998,-0.19276729352160507,-4870720353.351789,0.0,1,0,,
000792.SZ,盐湖股份,CSI,中央国有企业,材料,化工,材料--化工--农用化工--化肥与农用药剂,2022,,,,,,,,,,41982836045.0,,0.377563052,15564592332.0,286575396.1,target_year,,,,,,,,,,SOE_target,0.638701,0.9016689999999999,23.95277923,0.026196976,0.197245037,0.612016847,0.258214762,0.32793301,0.538918822,2.112423225,0.03199102,True,H_nonSOE,0.08278269760989036,0.638701,-0.5559183023901096,-23339026943.658703,0.0,1,0,,
000792.SZ,盐湖股份,CSI,中央国有企业,材料,化工,材料--化工--农用化工--化肥与农用药剂,2023,,,,,,,,,,46407287224.03,,0.166608,7913614646.24,-181785870.71,target_year,,,,,,,,,,SOE_target,0.236788,0.277208,24.460527,0.040375,0.212868,0.867661,0.494585,0.195432,0.32174,3.437173,0.016199,True,H_nonSOE,0.13867953117808213,0.236788,-0.09810846882191787,-4552947891.728535,0.0,1,0,,
000792.SZ,盐湖股份,CSI,中央国有企业,材料,化工,材料--化工--农用化工--化肥与农用药剂,2024,,,,,,,,,,45782850934.85,,0.098615,4663116528.38,-148225180.31,target_year,,,,,,,,,,SOE_target,0.121684,0.136187,24.560722,0.024829,0.215825,0.460211,0.452081,0.196388,0.252473,3.23378,0.020319,True,H_nonSOE,0.12226579047290181,0.121684,0.0005817904729018136,26636026.49617962,26636026.49617962,1,0,,
000792.SZ,盐湖股份,CSI,中央国有企业,材料,化工,材料--化工--农用化工--化肥与农用药剂,2025,,,,,,,,,,55781587198.78,,0.148146,8475535262.69,-211737505.69,target_year,,,,,,,,,,SOE_target,0.137464,0.20790199999999998,24.547175,0.016693,0.213171,0.300786,0.523648,0.229043,0.135178,7.330134,0.026687,True,H_nonSOE,0.08305968878483103,0.137464,-0.05440431121516898,-3034758830.0385127,0.0,1,0,,
000807.SZ,云铝股份,CSI,中央国有企业,材料,有色金属,材料--有色金属--其他金属与采矿--铝,2019,,,,,,,,,,39579456610.0,,0.036408062,495225700.7,945785611.3,target_year,,,,,,,,,,SOE_target,0.038792,0.051628999999999994,24.34817655,0.027430628,0.167062795,0.58682112,-0.302984394,0.62190244,0.754381207,0.463725714,0.097778035,True,H_nonSOE,0.0829237435519691,0.038792,0.0441317435519691,1746710429.0388083,1746710429.0388083,1,0,,
000807.SZ,云铝股份,CSI,中央国有企业,材料,有色金属,材料--有色金属--其他金属与采矿--铝,2020,,,,,,,,,,41018597713.0,,0.037772411,902555209.2,646816135.0,target_year,,,,,,,,,,SOE_target,0.033660999999999996,0.079432,24.40157605,0.025926514,0.15478921,0.622336875,-0.289221224,0.663335078,0.682322746,0.441998275,0.089439243,True,H_nonSOE,0.10202094701734343,0.033660999999999996,0.06835994701734344,2804029166.3864045,2804029166.3864045,0,1,FixedAssetsRatio_lag,
000807.SZ,云铝股份,CSI,中央国有企业,材料,有色金属,材料--有色金属--其他金属与采矿--铝,2021,,,,,,,,,,37837121415.0,,0.103262874,3319026415.0,588143490.6,target_year,,,,,,,,,,SOE_target,0.118904,0.22129000000000001,24.4372914,0.026430521,0.159708925,0.726936071,-0.275514356,0.73416272,0.664574167,0.348730522,0.128882093,True,H_nonSOE,0.10892921643918002,0.118904,-0.009974783560819975,-377417096.6790914,0.0,0,1,FixedAssetsRatio_lag,
000807.SZ,云铝股份,CSI,中央国有企业,材料,有色金属,材料--有色金属--其他金属与采矿--铝,2022,,,,,,,,,,39059473292.0,,0.123982697,4568644918.0,274053905.3,target_year,,,,,,,,,,SOE_target,0.159689,0.22537600000000002,24.35655651,0.027692993,0.168216562,1.048534058,-0.118291959,0.73601922,0.447359166,0.544969442,0.033677016,True,H_nonSOE,0.194526856853819,0.159689,0.034837856853819016,1360748339.332263,1360748339.332263,0,1,FixedAssetsRatio_lag,
000807.SZ,云铝股份,CSI,中央国有企业,材料,有色金属,材料--有色金属--其他金属与采矿--铝,2023,,,,,,,,,,39309705821.93,,0.103436,3955771178.74,110284499.19,target_year,,,,,,,,,,SOE_target,0.141472,0.16454899999999997,24.388351,0.028078,0.153058,1.251062,-0.020505,0.639861,0.352871,0.911469,0.024668,True,H_nonSOE,0.22985295363225886,0.141472,0.08838095363225887,3474229287.545732,3474229287.545732,0,1,FixedAssetsRatio_lag,
000807.SZ,云铝股份,CSI,中央国有企业,材料,有色金属,材料--有色金属--其他金属与采矿--铝,2024,,,,,,,,,,41901504028.87,,0.105837,4411670800.53,23060223.52,target_year,,,,,,,,,,SOE_target,0.147651,0.163245,24.394737,0.024418,0.159476,1.079805,0.096094,0.600554,0.255987,1.620727,0.018647,True,H_nonSOE,0.23229948961855565,0.147651,0.08464848961855564,3546899028.78967,3546899028.78967,1,0,,
000807.SZ,云铝股份,CSI,中央国有企业,材料,有色金属,材料--有色金属--其他金属与采矿--铝,2025,,,,,,,,,,44175520008.47,,0.136401,6054686552.59,-29118803.1,target_year,,,,,,,,,,SOE_target,0.200353,0.200643,24.458588,0.030201,0.15747,1.33148,0.174647,0.533549,0.232785,2.02867,0.015705,True,H_nonSOE,0.2561446596343853,0.200353,0.055791659634385316,2464625576.4845366,2464625576.4845366,1,0,,
000858.SZ,五粮液,CSI,地方国有企业,日常消费,食品饮料,日常消费--食品饮料--饮料--白酒与葡萄酒,2019,,,,,,,,,,106397000000.0,,0.163558829,17402164190.0,0.0,target_year,,,,,,,,,,SOE_target,0.235747,0.252612,25.17870865,0.051088045,0.118716357,0.434624476,0.66673842,0.065199925,0.243626288,3.772013974,0.004429813,True,H_nonSOE,0.17107369890302335,0.235747,-0.06467330109697667,-6881045216.815026,0.0,0,1,HHI_lag,
000858.SZ,五粮液,CSI,地方国有企业,日常消费,食品饮料,日常消费--食品饮料--饮料--白酒与葡萄酒,2020,,,,,,,,,,113893000000.0,,0.162163327,19954809595.0,-1485519200.0,target_year,,,,,,,,,,SOE_target,0.251291,0.24944,25.39044296,0.056293889,0.109737598,0.448163389,0.625884029,0.065045193,0.284791231,3.217181758,0.015965258,True,H_nonSOE,0.16994374870565593,0.251291,-0.08134725129434406,-9264882491.666727,0.0,0,1,HHI_lag,
000858.SZ,五粮液,CSI,地方国有企业,日常消费,食品饮料,日常消费--食品饮料--饮料--白酒与葡萄酒,2021,,,,,,,,,,135621000000.0,,0.159602143,23377074353.0,-1731702085.0,target_year,,,,,,,,,,SOE_target,0.260109,0.253034,25.45852647,0.054280467,0.106852675,0.446944355,0.671477934,0.064523911,0.22946854,3.955172532,0.008725373,True,H_nonSOE,0.17381386105133392,0.260109,-0.08629513894866606,-11703433039.357038,0.0,0,1,HHI_lag,
000858.SZ,五粮液,CSI,地方国有企业,日常消费,食品饮料,日常消费--食品饮料--饮料--白酒与葡萄酒,2022,,,,,,,,,,152715000000.0,,0.161505774,26690661397.0,-2026351048.0,target_year,,,,,,,,,,SOE_target,0.257363,0.250507,25.63312868,0.054352346,0.106913309,0.452234076,0.652717866,0.060860503,0.25238699,3.633364619,0.011348768,True,H_nonSOE,0.17251117630942459,0.257363,-0.08485182369057542,-12958146254.906225,0.0,0,1,HHI_lag,
000858.SZ,五粮液,CSI,地方国有企业,日常消费,食品饮料,日常消费--食品饮料--饮料--白酒与葡萄酒,2023,,,,,,,,,,165432981684.75,,0.167666,30210585269.3,-2473170676.27,target_year,,,,,,,,,,SOE_target,0.263479,0.248051,25.751837,0.051826,0.105461,0.438516,0.666646,0.059486,0.235934,3.84701,0.011659,True,H_nonSOE,0.17221798928513898,0.263479,-0.09126101071486103,-15097581114.123379,0.0,0,1,HHI_lag,
000858.SZ,五粮液,CSI,地方国有企业,日常消费,食品饮料,日常消费--食品饮料--饮料--白酒与葡萄酒,2024,,,,,,,,,,188252218704.17,,0.154153,31853172533.98,-2833530840.46,target_year,,,,,,,,,,SOE_target,0.233709,0.242374,25.831832,0.055907,0.100594,0.444701,0.692118,0.065353,0.199982,4.503309,0.017876,True,H_nonSOE,0.17176987206713293,0.233709,-0.06193912793286707,-11660178257.963657,0.0,0,1,HHI_lag,
000858.SZ,五粮液,CSI,地方国有企业,日常消费,食品饮料,日常消费--食品饮料--饮料--白酒与葡萄酒,2025,,,,,,,,,,189984270815.47,,0.033122,8954257202.51,-2661630589.09,target_year,,,,,,,,,,SOE_target,0.05043,0.070724,25.961048,0.059607,0.097008,0.43052,0.609591,0.06936,0.275468,3.248964,0.014164,True,H_nonSOE,0.16988903158987054,0.05043,0.11945903158987053,22695337008.923748,22695337008.923748,0,1,HHI_lag,
000975.SZ,山金国际,CSI,地方国有企业,材料,有色金属,材料--有色金属--贵金属--黄金,2019,,,,,,,,,,11885793700.0,,0.07517066,864165428.9,29297524.57,target_year,,,,,,,,,,SOE_target,0.106521,0.099397,23.09193917,0.006000051,0.167062795,0.585413213,0.108609477,0.260657273,0.120655521,3.221219308,0.063739343,True,H_nonSOE,0.14589141129059566,0.106521,0.03937041129059565,467948586.4841707,467948586.4841707,1,0,,
000975.SZ,山金国际,CSI,地方国有企业,材料,有色金属,材料--有色金属--贵金属--黄金,2020,,,,,,,,,,12906755770.0,,0.09964649,1242446761.0,43666152.27,target_year,,,,,,,,,,SOE_target,0.142065,0.131214,23.19860972,0.005455011,0.15478921,0.447325565,0.091789189,0.252350115,0.1493012,2.019578707,0.053587837,True,H_nonSOE,0.14885972432851358,0.142065,0.0067947243285135794,87697847.43260202,87697847.43260202,1,0,,
000975.SZ,山金国际,CSI,地方国有企业,材料,有色金属,材料--有色金属--贵金属--黄金,2021,,,,,,,,,,15933256367.0,,0.084137949,1273338699.0,67252814.69,target_year,,,,,,,,,,SOE_target,0.127921,0.125104,23.28101671,0.006961481,0.159708925,0.622437169,0.214098407,0.231175705,0.142596114,3.360518547,0.046767807,True,H_nonSOE,0.15247847006239318,0.127921,0.024557470062393172,391280466.2290379,391280466.2290379,1,0,,
000975.SZ,山金国际,CSI,地方国有企业,材料,有色金属,材料--有色金属--贵金属--黄金,2022,,,,,,,,,,16163564000.0,,0.073385486,1125812000.0,60359000.0,target_year,,,,,,,,,,SOE_target,0.10418,0.10532,23.49167436,0.005936039,0.168216562,0.614535754,0.10977772,0.202924251,0.225597952,1.566330908,0.045088538,True,H_nonSOE,0.15657666648879334,0.10418,0.05239666648879335,846916872.1782665,846916872.1782665,1,0,,
000975.SZ,山金国际,CSI,地方国有企业,材料,有色金属,材料--有色金属--贵金属--黄金,2023,,,,,,,,,,16298949000.0,,0.089989,1421924000.0,44806000.0,target_year,,,,,,,,,,SOE_target,0.13109400000000002,0.12654400000000002,23.506025,0.004888,0.153058,0.521745,0.167537,0.196757,0.215565,1.910269,0.037655,True,H_nonSOE,0.15039325461939107,0.13109400000000002,0.019299254619391054,314557566.7794692,314557566.7794692,1,0,,
000975.SZ,山金国际,CSI,地方国有企业,材料,有色金属,材料--有色金属--贵金属--黄金,2024,,,,,,,,,,18189090000.0,,0.122639,2179961000.0,50737000.0,target_year,,,,,,,,,,SOE_target,0.187452,0.177654,23.514366,0.004672,0.159476,0.498719,0.220944,0.191747,0.179785,2.49648,0.037722,True,H_nonSOE,0.14997438875507518,0.187452,-0.037477611244924824,-681683643.9189497,0.0,1,0,,
000975.SZ,山金国际,CSI,地方国有企业,材料,有色金属,材料--有色金属--贵金属--黄金,2025,,,,,,,,,,20625469000.0,,0.147424,2983616000.0,57075000.0,target_year,,,,,,,,,,SOE_target,0.223768,0.213887,23.624088,0.007586,0.15747,0.787544,0.201765,0.189844,0.185674,2.979621,0.037812,True,H_nonSOE,0.16567031870739116,0.223768,-0.05809768129260884,-1198291924.4725835,0.0,1,0,,
000977.SZ,浪潮信息,CSI,地方国有企业,信息技术,硬件设备,信息技术--硬件设备--电脑与外围设备--电脑硬件、储存设备及电脑周边,2019,,,,,,,,,,29409085017.0,,0.037688036,928747236.9,179623428.5,target_year,,,,,,,,,,SOE_target,0.04292,0.098164,23.96582976,0.040540726,0.161142974,2.156699725,0.301689676,0.028343674,0.636328198,1.491094523,0.016350809,True,H_nonSOE,0.15657018024088276,0.04292,0.11365018024088276,3342347812.9014945,3342347812.9014945,1,0,,
000977.SZ,浪潮信息,CSI,地方国有企业,信息技术,硬件设备,信息技术--硬件设备--电脑与外围设备--电脑硬件、储存设备及电脑周边,2020,,,,,,,,,,38322865651.0,,0.041773216,1466448648.0,134420695.4,target_year,,,,,,,,,,SOE_target,0.049766000000000005,0.120228,24.10456948,0.042483394,0.145048886,1.874633229,0.290731222,0.032415912,0.649488665,1.464589021,0.014801985,True,H_nonSOE,0.14550373409784464,0.049766000000000005,0.09573773409784464,3668944321.562862,3668944321.562862,1,0,,
000977.SZ,浪潮信息,CSI,地方国有企业,信息技术,硬件设备,信息技术--硬件设备--电脑与外围设备--电脑硬件、储存设备及电脑周边,2021,,,,,,,,,,46208162563.0,,0.04202014,2002738392.0,-61064951.14,target_year,,,,,,,,,,SOE_target,0.051094999999999995,0.13527799999999998,24.36931257,0.045065608,0.129289002,1.858689999,0.343874087,0.028221106,0.613086076,1.583032018,0.011722936,True,H_nonSOE,0.157297313791859,0.051094999999999995,0.10620231379185899,4907413780.260957,4907413780.260957,0,1,HHI_lag,
000977.SZ,浪潮信息,CSI,地方国有企业,信息技术,硬件设备,信息技术--硬件设备--电脑与外围设备--电脑硬件、储存设备及电脑周边,2022,,,,,,,,,,41013425652.0,,0.05949463,2080350926.0,359727643.5,target_year,,,,,,,,,,SOE_target,0.054576,0.128312,24.5564223,0.038013817,0.108896372,1.584391783,0.326724134,0.023823108,0.663142179,1.526799066,0.004217095,True,H_nonSOE,0.1306693021583686,0.054576,0.07609330215836861,3120846990.6874223,3120846990.6874223,0,1,HHI_lag,
000977.SZ,浪潮信息,CSI,地方国有企业,信息技术,硬件设备,信息技术--硬件设备--电脑与外围设备--电脑硬件、储存设备及电脑周边,2023,,,,,,,,,,48119624861.79,,0.032838,1782784322.91,-202647157.47,target_year,,,,,,,,,,SOE_target,0.040993,0.101262,24.437165,0.036718,0.117158,1.591817,0.461711,0.050139,0.570415,2.015704,0.0274,True,H_nonSOE,0.14538854019111827,0.040993,0.10439554019111827,5023474231.240532,5023474231.240532,0,1,HHI_lag,
000977.SZ,浪潮信息,CSI,地方国有企业,信息技术,硬件设备,信息技术--硬件设备--电脑与外围设备--电脑硬件、储存设备及电脑周边,2024,,,,,,,,,,71191039667.42,,0.027486,2291764648.21,-335008121.3,target_year,,,,,,,,,,SOE_target,0.033993999999999996,0.120797,24.596956,0.034337,0.108206,1.474483,0.481204,0.045664,0.620018,2.088979,0.006379,True,H_nonSOE,0.1325154432332407,0.033993999999999996,0.09852144323324069,7013843973.309106,7013843973.309106,0,1,HHI_lag,
000977.SZ,浪潮信息,CSI,地方国有企业,信息技术,硬件设备,信息技术--硬件设备--电脑与外围设备--电脑硬件、储存设备及电脑周边,2025,,,,,,,,,,83793847851.87,,0.028827,2412866308.76,2667767.42,target_year,,,,,,,,,,SOE_target,0.031889,0.115566,24.988633,0.050763,0.114376,1.921439,0.310051,0.04049,0.714421,1.495676,0.003481,True,H_nonSOE,0.1562189566853307,0.031889,0.1243299566853307,10418085473.920187,10418085473.920187,0,1,HHI_lag,
000983.SZ,山西焦煤,CSI,地方国有企业,能源,煤炭Ⅱ,能源--煤炭Ⅱ--煤炭Ⅲ--煤炭与消费用燃料,2019,,,,,,,,,,65113270693.0,,0.03869515,1710215168.0,809352580.3,target_year,,,,,,,,,,SOE_target,0.058545999999999994,0.08498599999999999,24.8985198,0.059259446,0.3281903,0.502277248,-0.103609553,0.529823201,0.640113458,0.713464277,0.046575521,True,H_nonSOE,0.048064397069610576,0.058545999999999994,-0.010481602930389418,-682491448.9029882,0.0,1,0,,
000983.SZ,山西焦煤,CSI,地方国有企业,能源,煤炭Ⅱ,能源--煤炭Ⅱ--煤炭Ⅲ--煤炭与消费用燃料,2020,,,,,,,,,,70610618879.0,,0.040261809,1956303613.0,886607623.1,target_year,,,,,,,,,,SOE_target,0.045820999999999994,0.09989,24.89939422,0.058447923,0.293470907,0.48523943,-0.119586599,0.553156077,0.644768604,0.661625678,0.02959785,True,H_nonSOE,0.048511809978979296,0.045820999999999994,0.0026908099789793027,189999757.90151754,189999757.90151754,1,0,,
000983.SZ,山西焦煤,CSI,地方国有企业,能源,煤炭Ⅱ,能源--煤炭Ⅱ--煤炭Ⅲ--煤炭与消费用燃料,2021,,,,,,,,,,70497875041.0,,0.072416902,4165827696.0,939410007.2,target_year,,,,,,,,,,SOE_target,0.099619,0.201847,24.98044638,0.057059504,0.275297772,0.476354949,-0.24679589,0.530942252,0.692119478,0.464785942,0.038402857,True,H_nonSOE,0.03524779347400667,0.099619,-0.06437120652599333,-4538033273.907882,0.0,1,0,,
000983.SZ,山西焦煤,CSI,地方国有企业,能源,煤炭Ⅱ,能源--煤炭Ⅱ--煤炭Ⅲ--煤炭与消费用燃料,2022,,,,,,,,,,95737794132.0,,0.124064922,10721933349.0,1155768633.0,target_year,,,,,,,,,,SOE_target,0.216608,0.38567599999999996,24.97884841,0.049903043,0.269530745,0.609342145,-0.177627946,0.523040164,0.631336619,0.553832026,0.018967371,True,H_nonSOE,0.06226663170683877,0.216608,-0.15434136829316122,-14776302143.701862,0.0,1,0,,
000983.SZ,山西焦煤,CSI,地方国有企业,能源,煤炭Ⅱ,能源--煤炭Ⅱ--煤炭Ⅲ--煤炭与消费用燃料,2023,,,,,,,,,,93603512358.87,,0.080743,6771368105.86,786470973.18,target_year,,,,,,,,,,SOE_target,0.123025,0.191651,25.284879,0.066477,0.250024,0.743502,-0.025689,0.428424,0.549948,0.916079,0.018929,True,H_nonSOE,0.0893963270905326,0.123025,-0.03362867290946739,-3147761900.2937274,0.0,1,0,,
000983.SZ,山西焦煤,CSI,地方国有企业,能源,煤炭Ⅱ,能源--煤炭Ⅱ--煤炭Ⅲ--煤炭与消费用燃料,2024,,,,,,,,,,109949187629.7,,0.034092,3108028389.69,640396035.42,target_year,,,,,,,,,,SOE_target,0.061924,0.084156,25.262334,0.061179,0.263234,0.555554,0.020376,0.421542,0.484602,1.076753,0.022016,True,H_nonSOE,0.08594915562328521,0.061924,0.024025155623285215,2641546343.457328,2641546343.457328,1,0,,
000983.SZ,山西焦煤,CSI,地方国有企业,能源,煤炭Ⅱ,能源--煤炭Ⅱ--煤炭Ⅲ--煤炭与消费用燃料,2025,,,,,,,,,,108847567597.08,,0.018728,1200774988.79,837775063.92,target_year,,,,,,,,,,SOE_target,0.037017,0.033287,25.423284,0.049378,0.263097,0.417832,-0.053984,0.346475,0.573686,0.768558,0.241579,True,H_nonSOE,0.028414710936581683,0.037017,-0.008602289063418318,-936338240.3200474,0.0,1,0,,
000999.SZ,华润三九,CSI,中央国有企业,医疗保健,医药生物,医疗保健--医药生物--制药--中药,2019,,,,,,,,,,20103525732.0,,0.105300023,2112494768.0,4406951.57,target_year,,,,,,,,,,SOE_target,0.133755,0.18062,23.61529911,0.04173358,0.277672488,0.771928981,0.125343609,0.195562013,0.380558016,1.35777995,0.033297761,True,H_nonSOE,0.012365558057599271,0.133755,-0.12138944194240074,-2440355769.6821733,0.0,1,0,,
000999.SZ,华润三九,CSI,中央国有企业,医疗保健,医药生物,医疗保健--医药生物--制药--中药,2020,,,,,,,,,,22010147281.0,,0.069982153,1597489175.0,-57171685.38,target_year,,,,,,,,,,SOE_target,0.097803,0.12152400000000001,23.72416105,0.038998338,0.276190471,0.760297773,0.179053709,0.179562889,0.359222949,1.537802175,0.026660352,True,H_nonSOE,0.017340388208033956,0.097803,-0.08046261179196604,-1770993936.1550999,0.0,1,0,,
000999.SZ,华润三九,CSI,中央国有企业,医疗保健,医药生物,医疗保健--医药生物--制药--中药,2021,,,,,,,,,,24307980617.0,,0.084751379,2046867983.0,13266897.53,target_year,,,,,,,,,,SOE_target,0.102566,0.14111700000000002,23.81476942,0.03366772,0.256105921,0.639302281,0.164913637,0.171159093,0.361247168,1.497537633,0.028251688,True,H_nonSOE,0.008275377148391432,0.102566,-0.09429062285160858,-2292014632.6417584,0.0,1,0,,
000999.SZ,华润三九,CSI,中央国有企业,医疗保健,医药生物,医疗保健--医药生物--制药--中药,2022,,,,,,,,,,27122781699.0,,0.09048886,2448802103.0,5507490.71,target_year,,,,,,,,,,SOE_target,0.11524,0.151666,23.91407055,0.031571534,0.230275265,0.652703975,0.193473943,0.169028884,0.353598528,1.604848529,0.035823623,True,H_nonSOE,0.011354807119174921,0.11524,-0.10388519288082507,-2817655408.265127,0.0,1,0,,
000999.SZ,华润三九,CSI,中央国有企业,医疗保健,医药生物,医疗保健--医药生物--制药--中药,2023,,,,,,,,,,40148455933.08,,0.070457,2852931664.85,-24191715.87,target_year,,,,,,,,,,SOE_target,0.11162100000000001,0.158599,24.02364,0.033008,0.212266,0.695008,0.122251,0.172172,0.353554,1.382325,0.035084,True,H_nonSOE,0.01673664425080649,0.11162100000000001,-0.09488435574919352,-3809460375.535182,0.0,1,0,,
000999.SZ,华润三九,CSI,中央国有企业,医疗保健,医药生物,医疗保健--医药生物--制药--中药,2024,,,,,,,,,,40081972320.77,,0.083421,3367888968.2,-24191376.44,target_year,,,,,,,,,,SOE_target,0.11451,0.173289,24.41585,0.040776,0.216978,0.727326,0.238491,0.159934,0.395696,1.739557,0.021351,True,H_nonSOE,0.02043408832249049,0.11451,-0.0940759116775095,-3770748087.9091387,0.0,1,0,,
000999.SZ,华润三九,CSI,中央国有企业,医疗保健,医药生物,医疗保健--医药生物--制药--中药,2025,,,,,,,,,,58804678665.86,,0.058771,3421001213.82,34997438.73,target_year,,,,,,,,,,SOE_target,0.099085,0.162615,24.414193,0.045087,0.230555,0.681084,0.206336,0.160639,0.369883,1.607876,0.019711,True,H_nonSOE,0.022336550475980106,0.099085,-0.07674844952401991,-4513167912.362967,0.0,1,0,,
001391.SZ,国货航,CSI,中央国有企业,工业,交通运输,工业--交通运输--航空运输--航空货运与物流,2019,,,,,,,,,,15534419800.0,,0.042836418,472448900.0,192990000.0,target_year,,,,,,,,,,SOE_target,0.045141,,,,0.111099702,,,,,,,True,H_nonSOE,-0.04844028597955092,0.045141,-0.09358128597955093,-1453730981.8301983,0.0,0,1,HHI_lag,
001391.SZ,国货航,CSI,中央国有企业,工业,交通运输,工业--交通运输--航空运输--航空货运与物流,2021,,,,,,,,,,24788731227.0,,0.173336656,4342337250.0,-45541466.0,target_year,,,,,,,,,,SOE_target,0.23220600000000002,,,,0.123286456,,,,,,,True,H_nonSOE,-0.04844028597955092,0.23220600000000002,-0.28064628597955094,-6956865353.002867,0.0,0,1,HHI_lag,
001391.SZ,国货航,CSI,中央国有企业,工业,交通运输,工业--交通运输--航空运输--航空货运与物流,2022,,,,,,,,,,21243507964.0,,0.143764567,3108357541.0,-54293807.0,target_year,,,,,,,,,,SOE_target,0.17939699999999997,0.16931100000000002,23.933655,0.02197836,0.15352339,,0.379038722,0.215196887,0.271153714,2.935428866,0.026891053,True,H_nonSOE,0.029235400465806936,0.17939699999999997,-0.15016159953419303,-3189959135.5916085,0.0,1,0,,
001391.SZ,国货航,CSI,中央国有企业,工业,交通运输,工业--交通运输--航空运输--航空货运与物流,2023,,,,,,,,,,22822973085.0,,0.047164,1153435927.0,-77014538.0,target_year,,,,,,,,,,SOE_target,0.068141,0.060203,23.779317,0.019592,0.180808,0.999573,0.297946,0.538575,0.121361,3.59115,0.155102,True,H_nonSOE,0.07590826606867337,0.068141,0.007767266068673381,177272104.42936635,177272104.42936635,1,0,,
001391.SZ,国货航,CSI,中央国有企业,工业,交通运输,工业--交通运输--航空运输--航空货运与物流,2024,,,,,,,,,,27618399131.0,,0.069199,1953257457.0,-42086328.0,target_year,,,,,,,,,,SOE_target,0.10135899999999999,0.088254,23.851033,0.012225,0.114556,0.674444,0.251862,0.558371,0.138159,2.969242,0.103475,True,H_nonSOE,0.06364089458670424,0.10135899999999999,-0.03771810541329575,-1041713689.7695336,0.0,0,1,HHI_lag,
001391.SZ,国货航,CSI,中央国有企业,工业,交通运输,工业--交通运输--航空运输--航空货运与物流,2025,,,,,,,,,,29952962908.0,,0.08515,2584694178.0,-34187709.0,target_year,,,,,,,,,,SOE_target,0.118423,0.100481,24.041748,0.014765,0.116886,0.813211,0.233523,0.611545,0.108932,3.211667,0.198638,True,H_nonSOE,0.06376166262534252,0.118423,-0.054661337374657476,-1637269010.8847895,0.0,0,1,HHI_lag,
001965.SZ,招商公路,CSI,中央国有企业,工业,交通运输,工业--交通运输--交通基础设施--公路与铁路,2019,,,,,,,,,,90913208562.0,,0.059938124,4326608089.0,1122559092.0,target_year,,,,,,,,,,SOE_target,0.071666,0.09117800000000001,25.15508515,0.007713308,0.111099702,0.090021592,0.056932892,0.045612335,0.407746891,1.696921213,0.009043163,True,H_nonSOE,-0.022401030138348772,0.071666,-0.09406703013834877,-8551935529.775641,0.0,0,1,HHI_lag,
001965.SZ,招商公路,CSI,中央国有企业,工业,交通运输,工业--交通运输--交通基础设施--公路与铁路,2020,,,,,,,,,,94009174839.0,,0.033919866,2222601822.0,966176753.5,target_year,,,,,,,,,,SOE_target,0.03342,0.04258,25.23317114,0.008400459,0.108646931,0.09291301,-0.003307272,0.050382008,0.406707967,0.97310803,0.009187505,True,H_nonSOE,-0.01364318940043175,0.03342,-0.04706318940043175,-4424371600.8261595,0.0,0,1,HHI_lag,
001965.SZ,招商公路,CSI,中央国有企业,工业,交通运输,工业--交通运输--交通基础设施--公路与铁路,2021,,,,,,,,,,98320774958.0,,0.061230895,4972822293.0,1047446772.0,target_year,,,,,,,,,,SOE_target,0.06995599999999999,0.08779400000000001,25.26665822,0.008809883,0.123286456,0.075800048,-0.00149945,0.019860883,0.36459679,0.987251125,0.015828155,True,H_nonSOE,-0.008572596840386644,0.06995599999999999,-0.07852859684038663,-7720992497.7111635,0.0,0,1,HHI_lag,
001965.SZ,招商公路,CSI,中央国有企业,工业,交通运输,工业--交通运输--交通基础设施--公路与铁路,2022,,,,,,,,,,114930000000.0,,0.052447643,4860696357.0,1167125891.0,target_year,,,,,,,,,,SOE_target,0.061221,0.081785,25.31150118,0.007791528,0.15352339,0.089198821,0.019274683,0.013068903,0.355978857,1.194678539,0.007807129,True,H_nonSOE,-0.007828043475084902,0.061221,-0.06904904347508489,-7935806566.591507,0.0,1,0,,
001965.SZ,招商公路,CSI,中央国有企业,工业,交通运输,工业--交通运输--交通基础设施--公路与铁路,2023,,,,,,,,,,157482240634.0,,0.04975,6766648808.34,1068097868.94,target_year,,,,,,,,,,SOE_target,0.055831,0.107759,25.467592,0.007022,0.180808,0.077335,0.020497,0.022904,0.411244,1.242257,0.00651,True,H_nonSOE,-0.017998607114292138,0.055831,-0.07382960711429214,-11626851953.486633,0.0,1,0,,
001965.SZ,招商公路,CSI,中央国有企业,工业,交通运输,工业--交通运输--交通基础设施--公路与铁路,2024,,,,,,,,,,159169493582.77,,0.044243,5322235002.26,1719972397.54,target_year,,,,,,,,,,SOE_target,0.051401,0.078106,25.782579,0.007952,0.114556,0.070969,-0.017386,0.017005,0.478429,0.840921,0.003422,True,H_nonSOE,-0.0273210705245338,0.051401,-0.07872207052453381,-12530152099.17715,0.0,0,1,HHI_lag,
001965.SZ,招商公路,CSI,中央国有企业,工业,交通运输,工业--交通运输--交通基础设施--公路与铁路,2025,,,,,,,,,,162418433553.48,,0.037371,4610171908.56,1459611131.01,target_year,,,,,,,,,,SOE_target,0.044155,0.063367,25.793235,0.009094,0.116886,0.079781,-0.007712,0.017504,0.442218,0.924368,0.007846,True,H_nonSOE,-0.021627562984425162,0.044155,-0.06578256298442517,-10684300835.063473,0.0,0,1,HHI_lag,
001979.SZ,招商蛇口,CSI,中央国有企业,房地产,房地产Ⅱ,房地产--房地产Ⅱ--房地产管理和开发--房地产开发,2019,,,,,,,,,,617688000000.0,,0.034086554,16033175796.0,5021682731.0,target_year,,,,,,,,,,SOE_target,0.055381,0.187792,26.77116139,0.141473583,0.396279334,0.211561663,0.292567645,0.010202086,0.742776076,1.536916159,0.006545233,True,H_nonSOE,0.04901278718118922,0.055381,-0.006368212818810781,-3933568639.6255937,0.0,0,1,FirmSize_lag,
001979.SZ,招商蛇口,CSI,中央国有企业,房地产,房地产Ⅱ,房地产--房地产Ⅱ--房地产管理和开发--房地产开发,2020,,,,,,,,,,737157000000.0,,0.019638475,12252864765.0,2223781385.0,target_year,,,,,,,,,,SOE_target,0.035590000000000004,0.124892,27.14924946,0.12998211,0.408200157,0.169990492,0.295036879,0.008785172,0.631900839,1.617747812,0.013126974,True,H_nonSOE,0.06462141776913037,0.035590000000000004,0.029031417769130367,21400712828.438835,21400712828.438835,0,1,FirmSize_lag,
001979.SZ,招商蛇口,CSI,中央国有企业,房地产,房地产Ⅱ,房地产--房地产Ⅱ--房地产管理和开发--房地产开发,2021,,,,,,,,,,856203000000.0,,0.014457167,10372254169.0,2006020943.0,target_year,,,,,,,,,,SOE_target,0.028672,0.098764,27.32606719,0.156661588,0.406330004,0.177979167,0.273672431,0.007235794,0.656305197,1.539718382,0.00574289,True,H_nonSOE,0.062241217509871334,0.028672,0.03356921750987134,28742064739.60437,28742064739.60437,0,1,FirmSize_lag,
001979.SZ,招商蛇口,CSI,中央国有企业,房地产,房地产Ⅱ,房地产--房地产Ⅱ--房地产管理和开发--房地产开发,2022,,,,,,,,,,886471000000.0,,0.007021038,4264079663.0,1959869316.0,target_year,,,,,,,,,,SOE_target,0.018153,0.040536,27.47577374,0.172074602,0.390202805,0.189489882,0.262764191,0.011327641,0.676764653,1.52555683,0.0116882,True,H_nonSOE,0.058811122579406745,0.018153,0.04065812257940675,36042246581.08928,36042246581.08928,0,1,FirmSize_lag,
001979.SZ,招商蛇口,CSI,中央国有企业,房地产,房地产Ⅱ,房地产--房地产Ⅱ--房地产管理和开发--房地产开发,2023,,,,,,,,,,908508499680.74,,0.00796,6319420453.25,912224693.84,target_year,,,,,,,,,,SOE_target,0.015586,0.057077,27.510515,0.18421,0.393852,0.201091,0.260897,0.01312,0.679132,1.545582,0.006782,True,H_nonSOE,0.060051388466874994,0.015586,0.04446538846687499,40397183363.76188,40397183363.76188,0,1,FirmSize_lag,
001979.SZ,招商蛇口,CSI,中央国有企业,房地产,房地产Ⅱ,房地产--房地产Ⅱ--房地产管理和开发--房地产开发,2024,,,,,,,,,,860308816014.37,,0.006952,4038571564.37,1942659762.13,target_year,,,,,,,,,,SOE_target,0.010278,0.035007,27.53507,0.17276,0.37554,0.188138,0.261897,0.01386,0.673431,1.558504,0.007254,True,H_nonSOE,0.05983921352016854,0.010278,0.04956121352016854,42637948923.77158,42637948923.77158,0,1,FirmSize_lag,
001979.SZ,招商蛇口,CSI,中央国有企业,房地产,房地产Ⅱ,房地产--房地产Ⅱ--房地产管理和开发--房地产开发,2025,,,,,,,,,,835411599109.07,,0.004229,1023784320.62,2509145230.18,target_year,,,,,,,,,,SOE_target,0.00907,0.009812999999999999,27.480557,0.208506,0.353891,0.1945,0.264855,0.014261,0.666696,1.589833,0.006629,True,H_nonSOE,0.06248623442365277,0.00907,0.053416234423652766,44624541818.2487,44624541818.2487,0,1,FirmSize_lag,
002179.SZ,中航光电,CSI,中央国有企业,信息技术,硬件设备,信息技术--硬件设备--电子设备、仪器和元件--电子元件,2019,,,,,,,,,,15131869545.0,,0.077037356,1071086932.0,94632283.43,target_year,,,,,,,,,,SOE_target,0.091645,0.150748,23.30997577,0.006730782,0.161142974,0.667734363,0.397305769,0.144004702,0.505436967,1.950453535,0.021050843,True,H_nonSOE,0.07167722894442588,0.091645,-0.019967771055574124,-302149706.71737456,0.0,1,0,,
002179.SZ,中航光电,CSI,中央国有企业,信息技术,硬件设备,信息技术--硬件设备--电子设备、仪器和元件--电子元件,2020,,,,,,,,,,19218418866.0,,0.079804927,1439082432.0,94642079.01,target_year,,,,,,,,,,SOE_target,0.09787900000000001,0.160768,23.44006892,0.00751972,0.145048886,0.642297355,0.413336206,0.146526993,0.422841836,2.042361086,0.019416101,True,H_nonSOE,0.08795736598560866,0.09787900000000001,-0.009921634014391348,-190678118.323726,0.0,1,0,,
002179.SZ,中航光电,CSI,中央国有企业,信息技术,硬件设备,信息技术--硬件设备--电子设备、仪器和元件--电子元件,2021,,,,,,,,,,26987332213.0,,0.075344647,1990997442.0,42353578.97,target_year,,,,,,,,,,SOE_target,0.097951,0.16145299999999999,23.67913497,0.007357687,0.129289002,0.598365046,0.394876789,0.134251397,0.453928313,1.90719652,0.020467462,True,H_nonSOE,0.08283482689451652,0.097951,-0.01511617310548348,-407945185.3868986,0.0,0,1,HHI_lag,
002179.SZ,中航光电,CSI,中央国有企业,信息技术,硬件设备,信息技术--硬件设备--电子设备、仪器和元件--电子元件,2022,,,,,,,,,,31810733160.0,,0.086607258,2717129034.0,37911325.55,target_year,,,,,,,,,,SOE_target,0.101354,0.168109,24.01863342,0.007278296,0.108896372,0.554971795,0.468324176,0.119732833,0.410962753,2.26328147,0.04145821,True,H_nonSOE,0.08850653395872256,0.101354,-0.012847466041277442,-408687314.02123827,0.0,0,1,HHI_lag,
002179.SZ,中航光电,CSI,中央国有企业,信息技术,硬件设备,信息技术--硬件设备--电子设备、仪器和元件--电子元件,2023,,,,,,,,,,35569904322.27,,0.089639,3339290323.66,-150842656.92,target_year,,,,,,,,,,SOE_target,0.110826,0.176227,24.18307,0.008341,0.117158,0.536391,0.426579,0.137277,0.418385,2.073528,0.047696,True,H_nonSOE,0.08981786395819222,0.110826,-0.021008136041807776,-747257388.9963346,0.0,0,1,HHI_lag,
002179.SZ,中航光电,CSI,中央国有企业,信息技术,硬件设备,信息技术--硬件设备--电子设备、仪器和元件--电子元件,2024,,,,,,,,,,41246813453.82,,0.078991,3354288683.06,-96169299.72,target_year,,,,,,,,,,SOE_target,0.095501,0.152143,24.294766,0.010429,0.108206,0.592388,0.42457,0.176172,0.381093,2.20832,0.067295,True,H_nonSOE,0.10182835177924793,0.095501,0.006327351779247925,260983098.49533522,260983098.49533522,0,1,HHI_lag,
002179.SZ,中航光电,CSI,中央国有企业,信息技术,硬件设备,信息技术--硬件设备--电子设备、仪器和元件--电子元件,2025,,,,,,,,,,42527397016.91,,0.049956,2161521950.25,-37031845.91,target_year,,,,,,,,,,SOE_target,0.063355,0.090316,24.44284,0.009101,0.114376,0.535031,0.39583,0.203244,0.387763,2.10942,0.037404,True,H_nonSOE,0.10549623898667479,0.063355,0.042141238986674795,1792157201.1708052,1792157201.1708052,0,1,HHI_lag,
002304.SZ,洋河股份,CSI,地方国有企业,日常消费,食品饮料,日常消费--食品饮料--饮料--白酒与葡萄酒,2019,,,,,,,,,,53455037841.0,,0.138124655,7382822727.0,635922.85,target_year,,,,,,,,,,SOE_target,0.188196,0.210477,24.62652592,0.030528342,0.118716357,0.439333178,0.408495938,0.16117016,0.32159075,2.295516674,0.009503821,True,H_nonSOE,0.16021894405252618,0.188196,-0.027977055947473822,-1495514584.3519874,0.0,0,1,HHI_lag,
002304.SZ,洋河股份,CSI,地方国有企业,日常消费,食品饮料,日常消费--食品饮料--饮料--白酒与葡萄酒,2020,,,,,,,,,,53866259307.0,,0.13728434,7482228634.0,-87234764.39,target_year,,,,,,,,,,SOE_target,0.1841,0.199544,24.70210672,0.026004121,0.109737598,0.386822521,0.39789491,0.14067357,0.317341189,2.286193333,0.005933199,True,H_nonSOE,0.15674905544950346,0.1841,-0.027350944550496553,-1473293071.4484258,0.0,0,1,HHI_lag,
002304.SZ,洋河股份,CSI,地方国有企业,日常消费,食品饮料,日常消费--食品饮料--饮料--白酒与葡萄酒,2021,,,,,,,,,,67798704194.0,,0.104847687,7507682797.0,-399145510.0,target_year,,,,,,,,,,SOE_target,0.163505,0.185442,24.70977013,0.019500248,0.106852675,0.329578673,0.41920331,0.131927151,0.285830248,2.540604109,0.006555206,True,H_nonSOE,0.15519168619939602,0.163505,-0.008313313800603989,-563631903.2390478,0.0,0,1,HHI_lag,
002304.SZ,洋河股份,CSI,地方国有企业,日常消费,食品饮料,日常消费--食品饮料--饮料--白酒与葡萄酒,2022,,,,,,,,,,67964247134.0,,0.138078691,9377832429.0,6581838.28,target_year,,,,,,,,,,SOE_target,0.174776,0.208486,24.93980892,0.020425421,0.106913309,0.34853413,0.369200779,0.10032586,0.373420027,2.012049571,0.00624679,True,H_nonSOE,0.14625389784811693,0.174776,-0.028522102151883055,-1938483199.4317732,0.0,0,1,HHI_lag,
002304.SZ,洋河股份,CSI,地方国有企业,日常消费,食品饮料,日常消费--食品饮料--饮料--白酒与葡萄酒,2023,,,,,,,,,,69792287455.91,,0.1327,10015930040.27,-754525568.63,target_year,,,,,,,,,,SOE_target,0.19190100000000002,0.20149999999999998,24.942248,0.021082,0.105461,0.378845,0.464713,0.096402,0.300743,2.584875,0.007933,True,H_nonSOE,0.15891248696960794,0.19190100000000002,-0.032988513030392075,-2302343784.1601567,0.0,0,1,HHI_lag,
002304.SZ,洋河股份,CSI,地方国有企业,日常消费,食品饮料,日常消费--食品饮料--饮料--白酒与葡萄酒,2024,,,,,,,,,,67345265219.62,,0.090021,6673388602.12,-610889994.14,target_year,,,,,,,,,,SOE_target,0.124433,0.12892099999999998,24.968789,0.022016,0.100594,0.404439,0.506631,0.096901,0.254218,3.05865,0.015928,True,H_nonSOE,0.1648720726702193,0.124433,0.0404390726702193,2723380074.2114058,2723380074.2114058,0,1,HHI_lag,
002304.SZ,洋河股份,CSI,地方国有企业,日常消费,食品饮料,日常消费--食品饮料--饮料--白酒与葡萄酒,2025,,,,,,,,,,58595944446.8,,0.032801,2206058926.68,-284050446.25,target_year,,,,,,,,,,SOE_target,0.050498,0.044844999999999996,24.933098,0.01883,0.097008,0.350746,0.520695,0.111132,0.232418,3.298148,0.021591,True,H_nonSOE,0.1620184972193791,0.050498,0.11152049721937911,6534648859.746252,6534648859.746252,0,1,HHI_lag,
002371.SZ,北方华创,CSI,地方国有企业,信息技术,半导体,信息技术--半导体--半导体材料与设备--半导体材料与设备Ⅳ,2019,,,,,,,,,,13734762795.0,,0.028332703,309032271.0,80110684.27,target_year,,,,,,,,,,SOE_target,0.043356000000000006,0.065726,23.02599999,0.059004655,0.214515912,0.364070797,0.117906968,0.193151197,0.624914258,1.266499342,0.024431591,True,H_nonSOE,0.009068307641709399,0.043356000000000006,-0.03428769235829061,-470933321.32905567,0.0,1,0,,
002371.SZ,北方华创,CSI,地方国有企业,信息技术,半导体,信息技术--半导体--半导体材料与设备--半导体材料与设备Ⅳ,2020,,,,,,,,,,17518033653.0,,0.028180177,536930435.4,-43269154.89,target_year,,,,,,,,,,SOE_target,0.043783,0.084979,23.34319589,0.057149218,0.169245785,0.339550768,0.267859651,0.158238824,0.555856401,1.767952175,0.012461754,True,H_nonSOE,0.025825024864785863,0.043783,-0.01795797513521414,-314588412.7584185,0.0,1,0,,
002371.SZ,北方华创,CSI,地方国有企业,信息技术,半导体,信息技术--半导体--半导体材料与设备--半导体材料与设备Ⅳ,2021,,,,,,,,,,31054473365.0,,0.03320992,1077409991.0,-46093407.42,target_year,,,,,,,,,,SOE_target,0.051574999999999996,0.091003,23.58649668,0.066364914,0.155238897,0.383431407,0.177738006,0.131644265,0.594030449,1.394110555,0.03815127,True,H_nonSOE,0.021327670451983687,0.051574999999999996,-0.03024732954801631,-939314889.81125,0.0,1,0,,
002371.SZ,北方华创,CSI,地方国有企业,信息技术,半导体,信息技术--半导体--半导体材料与设备--半导体材料与设备Ⅳ,2022,,,,,,,,,,42551398848.0,,0.053340261,2352726658.0,-83023921.98,target_year,,,,,,,,,,SOE_target,0.077561,0.128411,24.1590087,0.077971816,0.127200785,0.395253079,0.35596625,0.082648728,0.446186353,1.981018974,0.014388261,True,H_nonSOE,0.061595848129644276,0.077561,-0.01596515187035573,-679339544.9043998,0.0,0,1,HHI_lag,
002371.SZ,北方华创,CSI,地方国有企业,信息技术,半导体,信息技术--半导体--半导体材料与设备--半导体材料与设备Ⅳ,2023,,,,,,,,,,53624552279.13,,0.072372,3899069987.91,-18133193.65,target_year,,,,,,,,,,SOE_target,0.092863,0.17677600000000002,24.473979,0.104536,0.113252,0.395427,0.360672,0.087128,0.530358,1.973161,0.033103,True,H_nonSOE,0.049978227514126596,0.092863,-0.042884772485873406,-2299676724.147314,0.0,0,1,HHI_lag,
002371.SZ,北方华创,CSI,地方国有企业,信息技术,半导体,信息技术--半导体--半导体材料与设备--半导体材料与设备Ⅳ,2024,,,,,,,,,,65708880828.22,,0.086456,5621189109.03,59708499.95,target_year,,,,,,,,,,SOE_target,0.110118,0.20275400000000002,24.705273,0.153225,0.109637,0.455672,0.356981,0.100324,0.537063,2.003141,0.036923,True,H_nonSOE,0.058803040757924245,0.110118,-0.05131495924207575,-3371848541.542522,0.0,0,1,HHI_lag,
002371.SZ,北方华创,CSI,地方国有企业,信息技术,半导体,信息技术--半导体--半导体材料与设备--半导体材料与设备Ⅳ,2025,,,,,,,,,,89800578023.69,,0.064039,5521993004.86,228775158.4,target_year,,,,,,,,,,SOE_target,0.078116,0.16050599999999998,24.9085,0.167941,0.111057,0.497102,0.345901,0.097356,0.509576,1.96792,0.03114,True,H_nonSOE,0.07194447539594961,0.078116,-0.006171524604050391,-554206476.7311497,0.0,0,1,HHI_lag,
002415.SZ,海康威视,CSI,中央国有企业,信息技术,硬件设备,信息技术--硬件设备--电子设备、仪器和元件--电子设备和仪器,2019,,,,,,,,,,75358000240.0,,0.168244221,12414587690.0,263960347.9,target_year,,,,,,,,,,SOE_target,0.191563,0.300981,24.87405929,0.042729406,0.161142974,0.85904435,0.455503934,0.086612014,0.401992223,2.17029789,0.032383717,True,H_nonSOE,0.1296063321610606,0.191563,-0.06195666783893941,-4668930589.876396,0.0,1,0,,
002415.SZ,海康威视,CSI,中央国有企业,信息技术,硬件设备,信息技术--硬件设备--电子设备、仪器和元件--电子设备和仪器,2020,,,,,,,,,,88701682384.0,,0.155372267,13385526714.0,396254772.6,target_year,,,,,,,,,,SOE_target,0.186188,0.271241,25.04551593,0.047163914,0.145048886,0.824543671,0.537508164,0.085230157,0.396575563,2.722115508,0.025574974,True,H_nonSOE,0.12878420404075197,0.186188,-0.05740379595924802,-5091813276.813161,0.0,1,0,,
002415.SZ,海康威视,CSI,中央国有企业,信息技术,硬件设备,信息技术--硬件设备--电子设备、仪器和元件--电子设备和仪器,2021,,,,,,,,,,103865000000.0,,0.160469273,16800411032.0,-133343257.8,target_year,,,,,,,,,,SOE_target,0.191812,0.286561,25.20854469,0.045166439,0.129289002,0.769076065,0.490836144,0.082312337,0.385809356,2.394335055,0.022588391,True,H_nonSOE,0.13189872737917255,0.191812,-0.05991327262082746,-6222892060.762244,0.0,0,1,HHI_lag,
002415.SZ,海康威视,CSI,中央国有企业,信息技术,硬件设备,信息技术--硬件设备--电子设备、仪器和元件--电子设备和仪器,2022,,,,,,,,,,119233000000.0,,0.099359342,12837342061.0,-990401533.3,target_year,,,,,,,,,,SOE_target,0.13317,0.194726,25.36635342,0.045900932,0.108896372,0.839805353,0.507657056,0.086833548,0.370385309,2.583807297,0.029830304,True,H_nonSOE,0.1392284260252352,0.13317,0.006058426025235181,722364310.2668663,722364310.2668663,0,1,HHI_lag,
002415.SZ,海康威视,CSI,中央国有企业,信息技术,硬件设备,信息技术--硬件设备--电子设备、仪器和元件--电子设备和仪器,2023,,,,,,,,,,138848007548.55,,0.096205,14107621359.66,-749780213.12,target_year,,,,,,,,,,SOE_target,0.124759,0.19493300000000002,25.504348,0.043681,0.117158,0.740343,0.532996,0.103248,0.388005,2.849789,0.031499,True,H_nonSOE,0.12697114187149328,0.124759,0.002212141871493281,307151491.2715626,307151491.2715626,0,1,HHI_lag,
002415.SZ,海康威视,CSI,中央国有企业,信息技术,硬件设备,信息技术--硬件设备--电子设备、仪器和元件--电子设备和仪器,2024,,,,,,,,,,132016200156.14,,0.089856,11977327023.54,-114817493.16,target_year,,,,,,,,,,SOE_target,0.105061,0.152555,25.656646,0.046315,0.108206,0.686878,0.495065,0.113908,0.408248,2.54774,0.029153,True,H_nonSOE,0.12249093970639285,0.105061,0.017429939706392852,2301034408.9886107,2301034408.9886107,0,1,HHI_lag,
002415.SZ,海康威视,CSI,中央国有企业,信息技术,硬件设备,信息技术--硬件设备--电子设备、仪器和元件--电子设备和仪器,2025,,,,,,,,,,138049655334.62,,0.09902,14195371894.42,-525631319.14,target_year,,,,,,,,,,SOE_target,0.122102,0.173097,25.60619,0.040657,0.114376,0.677854,0.491118,0.149703,0.3372,2.722287,0.035342,True,H_nonSOE,0.1348014060862917,0.122102,0.012699406086291706,1753148633.1669455,1753148633.1669455,0,1,HHI_lag,
002916.SZ,深南电路,CSI,中央国有企业,信息技术,硬件设备,信息技术--硬件设备--电子设备、仪器和元件--电子元件,2019,,,,,,,,,,12219367752.0,,0.106777221,1232775470.0,71974663.41,target_year,,,,,,,,,,SOE_target,0.141637,0.282642,22.86631694,0.006511296,0.161142974,0.943171377,0.08392133,0.44465338,0.563211503,1.206723487,0.138914307,True,H_nonSOE,0.07597886082406274,0.141637,-0.06565813917593727,-802300948.5027757,0.0,1,0,,
002916.SZ,深南电路,CSI,中央国有企业,信息技术,硬件设备,信息技术--硬件设备--电子设备、仪器和元件--电子元件,2020,,,,,,,,,,14007819588.0,,0.112944465,1430111325.0,151994362.1,target_year,,,,,,,,,,SOE_target,0.12245900000000001,0.229887,23.22628805,0.008620163,0.145048886,1.008631414,0.106987996,0.445034903,0.59057465,1.279956481,0.178626968,True,H_nonSOE,0.076811470486922,0.12245900000000001,-0.04564752951307802,-639422358.0571023,0.0,1,0,,
002916.SZ,深南电路,CSI,中央国有企业,信息技术,硬件设备,信息技术--硬件设备--电子设备、仪器和元件--电子元件,2021,,,,,,,,,,16792291128.0,,0.093566268,1480637000.0,90555003.5,target_year,,,,,,,,,,SOE_target,0.110082,0.18556699999999998,23.36288155,0.008259297,0.129289002,0.879724453,0.072009507,0.526130613,0.468558656,1.204513334,0.17747026,True,H_nonSOE,0.09820526317184093,0.110082,-0.011876736828159068,-199437622.46908638,0.0,0,1,HHI_lag,
002916.SZ,深南电路,CSI,中央国有企业,信息技术,硬件设备,信息技术--硬件设备--电子设备、仪器和元件--电子元件,2022,,,,,,,,,,20726545629.0,,0.0835519,1639730778.0,92011499.06,target_year,,,,,,,,,,SOE_target,0.095471,0.157922,23.54418576,0.007865785,0.108896372,0.899760732,0.078770102,0.501596784,0.492620274,1.222400459,0.15830631,True,H_nonSOE,0.10021794636995951,0.095471,0.004746946369959509,98387800.53538169,98387800.53538169,0,1,HHI_lag,
002916.SZ,深南电路,CSI,中央国有企业,信息技术,硬件设备,信息技术--硬件设备--电子设备、仪器和元件--电子元件,2023,,,,,,,,,,22606867760.88,,0.063229,1398114737.36,31298099.48,target_year,,,,,,,,,,SOE_target,0.064536,0.109944,23.754681,0.007355,0.117158,0.741247,0.090198,0.514089,0.408832,1.278677,0.162967,True,H_nonSOE,0.10812898827427875,0.064536,0.04359298827427875,985500921.2182122,985500921.2182122,0,1,HHI_lag,
002916.SZ,深南电路,CSI,中央国有企业,信息技术,硬件设备,信息技术--硬件设备--电子设备、仪器和元件--电子元件,2024,,,,,,,,,,25302247864.46,,0.076054,1877565481.01,46765939.29,target_year,,,,,,,,,,SOE_target,0.084467,0.135073,23.84152,0.007014,0.108206,0.619557,0.096065,0.565125,0.416686,1.338012,0.143748,True,H_nonSOE,0.10141770197245562,0.084467,0.016950701972455615,428890862.783663,428890862.783663,0,1,HHI_lag,
002916.SZ,深南电路,CSI,中央国有企业,信息技术,硬件设备,信息技术--硬件设备--电子设备、仪器和元件--电子元件,2025,,,,,,,,,,30582928717.03,,0.108703,3275738151.27,48731905.76,target_year,,,,,,,,,,SOE_target,0.131432,0.20623899999999998,23.954159,0.007873,0.114376,0.742132,0.132985,0.524988,0.421162,1.449279,0.099851,True,H_nonSOE,0.11886347831122984,0.131432,-0.012568521688770151,-384382202.88610303,0.0,0,1,HHI_lag,
003816.SZ,中国广核,CSI,中央国有企业,公用事业,公用事业Ⅱ,公用事业--公用事业Ⅱ--电力--独立电力生产商与能源贸易商,2019,,,,,,,,,,387975000000.0,,0.045009464,9465700356.0,7996857032.0,target_year,,,,,,,,,,SOE_target,0.06401,0.117647,26.63285761,0.085571585,0.148389593,0.139621345,-0.014209997,0.774577497,0.693056818,0.913613736,0.045123692,True,H_nonSOE,0.08110344748501852,0.06401,0.017093447485018523,6631830288.000061,6631830288.000061,0,2,"FirmSize_lag, FixedAssetsRatio_lag",
003816.SZ,中国广核,CSI,中央国有企业,公用事业,公用事业Ⅱ,公用事业--公用事业Ⅱ--电力--独立电力生产商与能源贸易商,2020,,,,,,,,,,391898000000.0,,0.044930235,9562307621.0,8045778572.0,target_year,,,,,,,,,,SOE_target,0.06333899999999999,0.103334,26.68420735,0.090254192,0.143602423,0.160932424,-0.013131035,0.763438583,0.651282207,0.92398275,0.04034608,True,H_nonSOE,0.09146369330684193,0.06333899999999999,0.028124693306841933,11022011057.56474,11022011057.56474,0,2,"FirmSize_lag, FixedAssetsRatio_lag",
003816.SZ,中国广核,CSI,中央国有企业,公用事业,公用事业Ⅱ,公用事业--公用事业Ⅱ--电力--独立电力生产商与能源贸易商,2021,,,,,,,,,,399993000000.0,,0.04216241,9732589251.0,7132079812.0,target_year,,,,,,,,,,SOE_target,0.063404,0.099219,26.69426839,0.092811085,0.126082379,0.181015769,-0.035490015,0.754839381,0.638603741,0.819728027,0.034455814,True,H_nonSOE,0.09668414389979377,0.063404,0.033280143899793765,13311824598.910208,13311824598.910208,0,3,"FirmSize_lag, FixedAssetsRatio_lag, HHI_lag",
003816.SZ,中国广核,CSI,中央国有企业,公用事业,公用事业Ⅱ,公用事业--公用事业Ⅱ--电力--独立电力生产商与能源贸易商,2022,,,,,,,,,,409016000000.0,,0.040171345,9964854412.0,6465851165.0,target_year,,,,,,,,,,SOE_target,0.061731,0.095844,26.7147129,0.08643896,0.130392082,0.203762149,-0.023385318,0.743371583,0.622717326,0.879022892,0.036102671,True,H_nonSOE,0.10085370010961395,0.061731,0.039122700109613946,16001810308.033857,16001810308.033857,0,3,"FirmSize_lag, FixedAssetsRatio_lag, HHI_lag",
003816.SZ,中国广核,CSI,中央国有企业,公用事业,公用事业Ⅱ,公用事业--公用事业Ⅱ--电力--独立电力生产商与能源贸易商,2023,,,,,,,,,,415250356776.35,,0.039698,10724570116.68,5759954182.21,target_year,,,,,,,,,,SOE_target,0.063124,0.097379,26.737019,0.075777,0.129341,0.20475,-0.013759,0.736067,0.613878,0.926082,0.028947,True,H_nonSOE,0.10324674296194974,0.063124,0.040122742961949745,16660983329.795416,16660983329.795416,0,3,"FirmSize_lag, FixedAssetsRatio_lag, HHI_lag",
003816.SZ,中国广核,CSI,中央国有企业,公用事业,公用事业Ⅱ,公用事业--公用事业Ⅱ--电力--独立电力生产商与能源贸易商,2024,,,,,,,,,,425400654520.48,,0.038407,10813873224.82,5524691866.4,target_year,,,,,,,,,,SOE_target,0.063887,0.09295199999999999,26.752147,0.071651,0.121904,0.200296,-0.011078,0.729698,0.601917,0.940557,0.034307,True,H_nonSOE,0.10423121724585471,0.063887,0.04034421724585471,17162456422.50303,17162456422.50303,0,3,"FirmSize_lag, FixedAssetsRatio_lag, HHI_lag",
003816.SZ,中国广核,CSI,中央国有企业,公用事业,公用事业Ⅱ,公用事业--公用事业Ⅱ--电力--独立电力生产商与能源贸易商,2025,,,,,,,,,,505656118063.91,,0.028808,9765358959.88,4801744225.58,target_year,,,,,,,,,,SOE_target,0.049821,0.080496,26.776297,0.075761,0.118327,0.206517,-0.018778,0.721087,0.594932,0.904312,0.04623,True,H_nonSOE,0.10449621439501619,0.049821,0.05467521439501619,27646856665.2959,27646856665.2959,0,3,"FirmSize_lag, FixedAssetsRatio_lag, HHI_lag",
300413.SZ,芒果超媒,CSI,地方国有企业,通讯服务,传媒,通讯服务--传媒--娱乐--电影和娱乐,2019,,,,,,,,,,17078206150.0,,0.068641107,1156285254.0,15981713.9,target_year,,,,,,,,,,SOE_target,0.077256,0.160336,23.21741108,0.332789181,0.370261017,1.329485085,0.205253854,0.017091947,0.531493876,1.402285603,0.002639844,True,H_nonSOE,0.11632271013243148,0.077256,0.03906671013243147,667189329.2439585,667189329.2439585,1,0,,
300413.SZ,芒果超媒,CSI,地方国有企业,通讯服务,传媒,通讯服务--传媒--娱乐--电影和娱乐,2020,,,,,,,,,,19265699803.0,,0.103587808,1982159477.0,13532130.1,target_year,,,,,,,,,,SOE_target,0.103658,0.20464300000000002,23.56106899,0.4032528,0.333824483,0.849908238,0.222062882,0.010575241,0.483554812,1.477902145,0.009132519,True,H_nonSOE,0.0949937359831353,0.103658,-0.008664264016864695,-166923109.56285015,0.0,1,0,,
300413.SZ,芒果超媒,CSI,地方国有企业,通讯服务,传媒,通讯服务--传媒--娱乐--电影和娱乐,2021,,,,,,,,,,26110751405.0,,0.077090077,2114090172.0,-101210337.2,target_year,,,,,,,,,,SOE_target,0.09319699999999999,0.153449,23.68159214,0.467603506,0.39041121,0.769513174,0.225144904,0.00970244,0.448697875,1.50511888,0.003631273,True,H_nonSOE,0.09792757538535593,0.09319699999999999,0.004730575385355942,123518877.88964109,123518877.88964109,1,0,,
300413.SZ,芒果超媒,CSI,地方国有企业,通讯服务,传媒,通讯服务--传媒--娱乐--电影和娱乐,2022,,,,,,,,,,29049673557.0,,0.05829542,1824925936.0,-131463023.7,target_year,,,,,,,,,,SOE_target,0.064042,0.101902,23.985613,0.424702545,0.366576045,0.675635515,0.383604379,0.007064153,0.349035806,2.127365039,0.007414667,True,H_nonSOE,0.11411076810574855,0.064042,0.05006876810574855,1454481368.8731287,1454481368.8731287,1,0,,
300413.SZ,芒果超媒,CSI,地方国有企业,通讯服务,传媒,通讯服务--传媒--娱乐--电影和娱乐,2023,,,,,,,,,,31422386654.49,,0.108459,3555705558.9,-147667394.09,target_year,,,,,,,,,,SOE_target,0.061204,0.176273,24.092273,0.480307,0.365677,0.493612,0.391559,0.005689,0.352615,2.130679,0.006457,True,H_nonSOE,0.10192679854685324,0.061204,0.04072279854685324,1279607521.5921261,1279607521.5921261,1,0,,
300413.SZ,芒果超媒,CSI,地方国有企业,通讯服务,传媒,通讯服务--传媒--娱乐--电影和娱乐,2024,,,,,,,,,,32530165142.43,,0.036125,1364348174.2,-189180203.0,target_year,,,,,,,,,,SOE_target,0.049221,0.062042,24.170786,0.444981,0.35057,0.480483,0.3518,0.004532,0.320114,2.12108,0.004782,True,H_nonSOE,0.10718149857005141,0.049221,0.05796049857005141,1885464590.2213502,1885464590.2213502,1,0,,
300413.SZ,芒果超媒,CSI,地方国有企业,通讯服务,传媒,通讯服务--传媒--娱乐--电影和娱乐,2025,,,,,,,,,,33171867484.43,,0.036738,1227146306.33,-8478642.08,target_year,,,,,,,,,,SOE_target,0.027166000000000003,0.053520000000000005,24.205434,0.421076,0.338999,0.438059,0.248058,0.004037,0.307417,1.823166,0.005059,True,H_nonSOE,0.10605646715109304,0.027166000000000003,0.07889046715109305,2616944122.1208363,2616944122.1208363,1,0,,
301269.SZ,华大九天,CSI,中央国有企业,信息技术,软件服务,信息技术--软件服务--软件--应用软件,2019,,,,,,,,,,690535054.8,,0.082216111,57157732.35,-384625.72,target_year,,,,,,,,,,SOE_target,0.094655,,20.06388712,0.003029881,0.165297342,,0.640156447,0.020557283,0.185418018,4.669399695,0.14372221,True,H_nonSOE,-0.05896901991332754,0.094655,-0.15362401991332755,-106082771.00944592,0.0,1,0,,
301269.SZ,华大九天,CSI,中央国有企业,信息技术,软件服务,信息技术--软件服务--软件--应用软件,2020,,,,,,,,,,1340618263.0,,0.076569311,103558656.1,-908439.35,target_year,,,,,,,,,,SOE_target,0.10196999999999999,0.153531,20.3529773,0.004452496,0.156571733,0.420432719,0.475532197,0.109044942,0.287859574,2.845732996,0.046978305,True,H_nonSOE,-0.051066890513161274,0.10196999999999999,-0.15303689051316127,-205164050.33467543,0.0,1,0,,
301269.SZ,华大九天,CSI,中央国有企业,信息技术,软件服务,信息技术--软件服务--软件--应用软件,2021,,,,,,,,,,1801574166.0,,0.077496324,139305915.6,309460.2,target_year,,,,,,,,,,SOE_target,0.088668,0.150455,21.01639674,0.006199286,0.151169635,0.403277081,0.390839565,0.168835429,0.360539946,3.144446132,0.272559931,True,H_nonSOE,-0.07747021014781577,0.088668,-0.16613821014781577,-299310307.38778394,0.0,1,0,,
301269.SZ,华大九天,CSI,中央国有企业,信息技术,软件服务,信息技术--软件服务--软件--应用软件,2022,,,,,,,,,,5395667291.0,,0.02931664,185508367.6,-27325534.6,target_year,,,,,,,,,,SOE_target,0.051550000000000006,0.065706,21.31192666,0.007100149,0.153055264,0.363368354,0.283224088,0.263035157,0.447970087,2.472137664,0.209888857,True,H_nonSOE,-0.08011307113837915,0.051550000000000006,-0.13166307113837916,-710410126.3739586,0.0,1,0,,
301269.SZ,华大九天,CSI,中央国有企业,信息技术,软件服务,信息技术--软件服务--软件--应用软件,2023,,,,,,,,,,5535537490.15,,0.025511,200722810.92,-59506122.71,target_year,,,,,,,,,,SOE_target,0.036657,0.042546999999999995,22.408862,0.00896,0.14694,0.218057,0.684761,0.099677,0.13781,9.389767,0.07788,True,H_nonSOE,-0.06303038279700457,0.036657,-0.09968738279700456,-551823244.7677529,0.0,1,0,,
301269.SZ,华大九天,CSI,中央国有企业,信息技术,软件服务,信息技术--软件服务--软件--应用软件,2024,,,,,,,,,,5628841870.04,,0.00873,109478790.34,-60339408.44,target_year,,,,,,,,,,SOE_target,0.009101,0.022371,22.434455,0.011111,0.139728,0.182471,0.555102,0.101333,0.135884,7.250245,0.020717,True,H_nonSOE,-0.05246385924688315,0.009101,-0.061564859246883145,-346538857.4519751,0.0,1,0,,
301269.SZ,华大九天,CSI,中央国有企业,信息技术,软件服务,信息技术--软件服务--软件--应用软件,2025,,,,,,,,,,6327842567.91,,0.002881,60983525.27,-42752826.3,target_year,,,,,,,,,,SOE_target,0.003333,0.011892,22.45117,0.011267,0.169431,0.215974,0.534887,0.095337,0.110967,7.747215,0.014054,True,H_nonSOE,-0.054872737759768635,0.003333,-0.05820573775976864,-368316745.0928704,0.0,1,0,,
302132.SZ,中航成飞,CSI,中央国有企业,工业,国防军工,工业--国防军工--航空航天与国防Ⅲ--航空航天,2019,,,,,,,,,,2488073274.0,,0.085373876,212416459.5,0.0,target_year,,,,,,,,,,SOE_target,0.10238699999999999,0.138862,21.44747873,0.015943973,0.285442207,0.641176276,0.39772466,0.226683045,0.267876613,2.581204273,0.020522082,True,H_nonSOE,0.058267807673916434,0.10238699999999999,-0.04411919232608356,-109771783.29699439,0.0,1,0,,
302132.SZ,中航成飞,CSI,中央国有企业,工业,国防军工,工业--国防军工--航空航天与国防Ⅲ--航空航天,2020,,,,,,,,,,2933073285.0,,0.085369507,262505398.2,-12110378.84,target_year,,,,,,,,,,SOE_target,0.11345599999999999,0.149552,21.63477446,0.016380091,0.279462147,0.672514606,0.383429525,0.190144896,0.330304191,2.213912023,0.018979576,True,H_nonSOE,0.053649330466016804,0.11345599999999999,-0.059806669533983184,-175417344.67494947,0.0,1,0,,
302132.SZ,中航成飞,CSI,中央国有企业,工业,国防军工,工业--国防军工--航空航天与国防Ⅲ--航空航天,2021,,,,,,,,,,3299177131.0,,0.093446643,307007852.7,1289174.33,target_year,,,,,,,,,,SOE_target,0.109764,0.15221500000000002,21.79931661,0.017393366,0.273615357,0.643864279,0.380180108,0.15930884,0.326786323,2.195231823,0.054289079,True,H_nonSOE,0.047560665488198664,0.109764,-0.062203334511801336,-205219818.693278,0.0,1,0,,
302132.SZ,中航成飞,CSI,中央国有企业,工业,国防军工,工业--国防军工--航空航天与国防Ⅲ--航空航天,2022,,,,,,,,,,3653386274.0,,0.053896446,192869415.8,4035120.0,target_year,,,,,,,,,,SOE_target,0.061519000000000004,0.087141,21.91693892,0.017013231,0.271325141,0.618467046,0.331618995,0.194091611,0.333050818,2.025433447,0.079859872,True,H_nonSOE,0.045657025566593595,0.061519000000000004,-0.01586197443340641,-57949919.673545904,0.0,1,0,,
302132.SZ,中航成飞,CSI,中央国有企业,工业,国防军工,工业--国防军工--航空航天与国防Ⅲ--航空航天,2023,,,,,,,,,,3974910728.94,,0.023927,98167133.37,-3060194.8,target_year,,,,,,,,,,SOE_target,0.024353,0.041905,22.01892,0.014535,0.272876,0.542331,0.285757,0.253218,0.359161,1.879366,0.060375,True,H_nonSOE,0.04420092831445823,0.024353,0.01984792831445823,78893743.20437203,78893743.20437203,1,0,,
302132.SZ,中航成飞,CSI,中央国有企业,工业,国防军工,工业--国防军工--航空航天与国防Ⅲ--航空航天,2024,,,,,,,,,,4240904107.27,,0.028572,112308792.39,8862120.9,target_year,,,,,,,,,,SOE_target,0.030506000000000002,0.045963000000000004,22.103268,0.01023,0.247277,0.433118,0.301447,0.267885,0.389709,2.05273,0.060168,True,H_nonSOE,0.03129645233611594,0.030506000000000002,0.0007904523361159412,3352232.5588352615,3352232.5588352615,1,0,,
302132.SZ,中航成飞,CSI,中央国有企业,工业,国防军工,工业--国防军工--航空航天与国防Ⅲ--航空航天,2025,,,,,,,,,,114547703019.42,,0.030012,3432289851.96,5548186.19,target_year,,,,,,,,,,SOE_target,0.069925,0.289526,22.168042,0.010955,0.253215,0.427063,0.310679,0.281781,0.400591,2.116237,0.032194,True,H_nonSOE,0.034832567229460494,0.069925,-0.03509243277053951,-4019757567.2287216,0.0,1,0,,
600009.SH,上海机场,CSI,地方国有企业,工业,交通运输,工业--交通运输--交通基础设施--机场服务,2019,,,,,,,,,,37171229056.0,,0.135325363,5030210053.0,0.0,target_year,,,,,,,,,,SOE_target,0.18968,0.16697700000000001,24.15495134,0.010667317,0.111099702,0.317768449,0.26997457,0.538896291,0.074177692,4.651502557,0.115411128,True,H_nonSOE,0.020938487713428468,0.18968,-0.16874151228657153,-6272329404.459989,0.0,0,1,HHI_lag,
600009.SH,上海机场,CSI,地方国有企业,工业,交通运输,工业--交通运输--交通基础设施--机场服务,2020,,,,,,,,,,33202181016.0,,-0.046464322,-1266651388.0,-276065448.4,target_year,,,,,,,,,,SOE_target,-0.043074,-0.04138,24.33880089,0.01129868,0.108646931,0.321133894,0.208572246,0.544341853,0.127020399,2.644322879,0.061933017,True,H_nonSOE,0.0561238613271245,-0.043074,0.09919786132712449,3293585348.1832533,3293585348.1832533,0,1,HHI_lag,
600009.SH,上海机场,CSI,地方国有企业,工业,交通运输,工业--交通运输--交通基础设施--机场服务,2021,,,,,,,,,,51426088634.0,,-0.024815916,-1710938710.0,434753220.5,target_year,,,,,,,,,,SOE_target,-0.053886,-0.060328999999999994,24.2258814,0.005403886,0.123286456,0.122176142,0.186864173,0.587093421,0.109730278,2.713927985,0.039917988,True,H_nonSOE,0.04110039151954863,-0.053886,0.09498639151954863,4884778589.308134,4884778589.308134,0,1,HHI_lag,
600009.SH,上海机场,CSI,地方国有企业,工业,交通运输,工业--交通运输--交通基础设施--机场服务,2022,,,,,,,,,,67775098796.0,,-0.037307282,-2994949875.0,466445182.7,target_year,,,,,,,,,,SOE_target,-0.064178,-0.089252,24.66341144,0.003380414,0.15352339,0.087950406,0.070495039,0.374915455,0.461247466,1.455015779,0.029224342,True,H_nonSOE,-0.013747443483507545,-0.064178,0.050430556516492454,3417935950.2425375,3417935950.2425375,1,0,,
600009.SH,上海机场,CSI,地方国有企业,工业,交通运输,工业--交通运输--交通基础设施--机场服务,2023,,,,,,,,,,69480530979.72,,0.019528,934049713.44,422770066.22,target_year,,,,,,,,,,SOE_target,0.020225,0.023308,24.939461,0.004577,0.180808,0.090186,0.110696,0.392449,0.399433,1.849756,0.018317,True,H_nonSOE,0.0029813564129675466,0.020225,-0.017243643587032453,-1198097512.4520586,0.0,1,0,,
600009.SH,上海机场,CSI,地方国有企业,工业,交通运输,工业--交通运输--交通基础设施--机场服务,2024,,,,,,,,,,70046212107.27,,0.03427,1933948719.51,466522580.65,target_year,,,,,,,,,,SOE_target,0.045598,0.047057,24.964312,0.008884,0.114556,0.157351,0.116209,0.374799,0.395132,1.836529,0.017904,True,H_nonSOE,0.00498649452590557,0.045598,-0.04061150547409443,-2844682126.433975,0.0,0,1,HHI_lag,
600009.SH,上海机场,CSI,地方国有企业,工业,交通运输,工业--交通运输--交通基础设施--机场服务,2025,,,,,,,,,,71678547661.74,,0.035391,2116775136.25,419999345.8,target_year,,,,,,,,,,SOE_target,0.048545,0.050284,24.972421,0.008704,0.116886,0.173305,0.148691,0.359696,0.378552,2.103956,0.027949,True,H_nonSOE,0.004791781817387174,0.048545,-0.043753218182612824,-3136167134.8569226,0.0,0,1,HHI_lag,
600010.SH,包钢股份,CSI,地方国有企业,材料,钢铁Ⅱ,材料--钢铁Ⅱ--钢铁Ⅲ--钢铁Ⅳ,2019,,,,,,,,,,147087000000.0,,0.020683039,667930745.0,2374267551.0,target_year,,,,,,,,,,SOE_target,0.024859,0.012701,25.72587357,0.174587004,0.659924097,0.451986254,-0.235444349,0.471268423,0.646037382,0.561392251,0.016541917,True,H_nonSOE,0.10578508515437504,0.024859,0.08092608515437505,11903175087.101562,11903175087.101562,1,0,,
600010.SH,包钢股份,CSI,地方国有企业,材料,钢铁Ⅱ,材料--钢铁Ⅱ--钢铁Ⅲ--钢铁Ⅳ,2020,,,,,,,,,,144222000000.0,,0.02008244,405957990.0,2490377141.0,target_year,,,,,,,,,,SOE_target,0.021772,0.007696,25.71428751,0.147407036,0.517023931,0.423508272,-0.181707264,0.468132667,0.585405843,0.607224895,0.013326807,True,H_nonSOE,0.11751691574993625,0.021772,0.09574491574993625,13808523239.287306,13808523239.287306,1,0,,
600010.SH,包钢股份,CSI,地方国有企业,材料,钢铁Ⅱ,材料--钢铁Ⅱ--钢铁Ⅲ--钢铁Ⅳ,2021,,,,,,,,,,147968000000.0,,0.033773765,2866448328.0,2130985927.0,target_year,,,,,,,,,,SOE_target,0.039842,0.053052999999999996,25.69462152,0.141260049,0.51422962,0.402798272,-0.126304511,0.463882778,0.57276154,0.682397053,0.007599126,True,H_nonSOE,0.12033121811874178,0.039842,0.08048921811874178,11909828626.593985,11909828626.593985,1,0,,
600010.SH,包钢股份,CSI,地方国有企业,材料,钢铁Ⅱ,材料--钢铁Ⅱ--钢铁Ⅲ--钢铁Ⅳ,2022,,,,,,,,,,146722000000.0,,0.008217907,-729956771.6,1935705241.0,target_year,,,,,,,,,,SOE_target,0.004838,-0.013555999999999999,25.72026144,0.15636373,0.499605416,0.583180909,-0.168313007,0.406013773,0.566103529,0.625593506,0.00641977,True,H_nonSOE,0.13004869566303676,0.004838,0.12521069566303675,18371163689.07208,18371163689.07208,1,0,,
600010.SH,包钢股份,CSI,地方国有企业,材料,钢铁Ⅱ,材料--钢铁Ⅱ--钢铁Ⅲ--钢铁Ⅳ,2023,,,,,,,,,,151775636822.69,,0.016546,515270562.53,1995948456.05,target_year,,,,,,,,,,SOE_target,0.016189,0.009885,25.711806,0.13229,0.520062,0.480279,-0.201207,0.42375,0.581556,0.564601,0.00666,True,H_nonSOE,0.11916182526214614,0.016189,0.10297282526214614,15628766129.593811,15628766129.593811,1,0,,
600010.SH,包钢股份,CSI,地方国有企业,材料,钢铁Ⅱ,材料--钢铁Ⅱ--钢铁Ⅲ--钢铁Ⅳ,2024,,,,,,,,,,155125400366.74,,0.015523,264629175.96,2143386028.83,target_year,,,,,,,,,,SOE_target,0.014527000000000002,0.005102,25.745669,0.131409,0.490176,0.462663,-0.205062,0.44482,0.595039,0.556477,0.011571,True,H_nonSOE,0.11633338621286476,0.014527000000000002,0.10180638621286477,15792756421.161606,15792756421.161606,1,0,,
600010.SH,包钢股份,CSI,地方国有企业,材料,钢铁Ⅱ,材料--钢铁Ⅱ--钢铁Ⅲ--钢铁Ⅳ,2025,,,,,,,,,,151673460592.94,,0.014627,373622495.09,1844903595.26,target_year,,,,,,,,,,SOE_target,0.015224,0.007188,25.7675,0.13429,0.484294,0.434063,-0.192026,0.428071,0.604798,0.579791,0.011855,True,H_nonSOE,0.11125718403439441,0.015224,0.09603318403439441,14565685354.255276,14565685354.255276,1,0,,
600011.SH,华能国际,CSI,中央国有企业,公用事业,公用事业Ⅱ,公用事业--公用事业Ⅱ--电力--电力公用事业,2019,,,,,,,,,,428250000000.0,,0.026921334,766345000.0,10762718000.0,target_year,,,,,,,,,,SOE_target,0.032111,0.007541,26.76329031,0.285447759,0.148389593,0.415314426,-0.181963664,0.671729097,0.72345617,0.447151161,0.04931611,True,H_nonSOE,0.09840640683848398,0.032111,0.06629540683848398,28391007978.580765,28391007978.580765,0,2,"FirmSize_lag, FixedAssetsRatio_lag",
600011.SH,华能国际,CSI,中央国有企业,公用事业,公用事业Ⅱ,公用事业--公用事业Ⅱ--电力--电力公用事业,2020,,,,,,,,,,449905000000.0,,0.02573537,2377851000.0,9200612000.0,target_year,,,,,,,,,,SOE_target,0.03116,0.019927999999999998,26.78297312,0.257988212,0.143602423,0.410325317,-0.188765901,0.666953567,0.695553936,0.42918532,0.07328115,True,H_nonSOE,0.09880514406142316,0.03116,0.06764514406142316,30433888538.954586,30433888538.954586,0,2,"FirmSize_lag, FixedAssetsRatio_lag",
600011.SH,华能国际,CSI,中央国有企业,公用事业,公用事业Ⅱ,公用事业--公用事业Ⅱ--电力--电力公用事业,2021,,,,,,,,,,500771000000.0,,-0.003670327,-10636194000.0,8798200000.0,target_year,,,,,,,,,,SOE_target,-0.013907000000000001,-0.08757899999999999,26.83230153,0.222803186,0.126082379,0.385914541,-0.195397977,0.66718834,0.663003716,0.429331065,0.094593931,True,H_nonSOE,0.09881037100541015,-0.013907000000000001,0.11271737100541016,56445590595.75025,56445590595.75025,0,3,"FirmSize_lag, FixedAssetsRatio_lag, HHI_lag",
600011.SH,华能国际,CSI,中央国有企业,公用事业,公用事业Ⅱ,公用事业--公用事业Ⅱ--电力--电力公用事业,2022,,,,,,,,,,512222000000.0,,0.003779402,-8026233000.0,9962125000.0,target_year,,,,,,,,,,SOE_target,-0.002352,-0.070186,26.93941519,0.21921326,0.130392082,0.430441304,-0.187565045,0.640191789,0.733295352,0.496094243,0.085978992,True,H_nonSOE,0.0903252543546386,-0.002352,0.09267725435463861,47471328580.0417,47471328580.0417,0,3,"FirmSize_lag, FixedAssetsRatio_lag, HHI_lag",
600011.SH,华能国际,CSI,中央国有企业,公用事业,公用事业Ⅱ,公用事业--公用事业Ⅱ--电力--电力公用事业,2023,,,,,,,,,,550316013000.0,,0.031428,8357460000.0,8938084000.0,target_year,,,,,,,,,,SOE_target,0.039355,0.065696,26.962024,0.225738,0.129341,0.48712,-0.165185,0.656213,0.735825,0.506159,0.079233,True,H_nonSOE,0.09627747804350788,0.039355,0.056922478043507876,31325351166.983295,31325351166.983295,0,3,"FirmSize_lag, FixedAssetsRatio_lag, HHI_lag",
600011.SH,华能国际,CSI,中央国有企业,公用事业,公用事业Ⅱ,公用事业--公用事业Ⅱ--电力--电力公用事业,2024,,,,,,,,,,595576880000.0,,0.030174,10184633000.0,7786460000.0,target_year,,,,,,,,,,SOE_target,0.043636999999999995,0.072089,27.033759,0.220813,0.121904,0.478847,-0.133115,0.669935,0.674088,0.55332,0.106634,True,H_nonSOE,0.10416135154849387,0.043636999999999995,0.06052435154849388,36046904459.275154,36046904459.275154,0,3,"FirmSize_lag, FixedAssetsRatio_lag, HHI_lag",
600011.SH,华能国际,CSI,中央国有企业,公用事业,公用事业Ⅱ,公用事业--公用事业Ⅱ--电力--电力公用事业,2025,,,,,,,,,,619678043000.0,,0.034876,14536770000.0,7075104000.0,target_year,,,,,,,,,,SOE_target,0.04979,0.09944900000000001,27.112796,0.214312,0.118327,0.428576,-0.138418,0.676548,0.646428,0.538775,0.103737,True,H_nonSOE,0.10580031918458171,0.04979,0.056010319184581714,34708364980.10695,34708364980.10695,0,3,"FirmSize_lag, FixedAssetsRatio_lag, HHI_lag",
600018.SH,上港集团,CSI,地方国有企业,工业,交通运输,工业--交通运输--交通基础设施--海港与服务,2019,,,,,,,,,,142177000000.0,,0.071946458,9062278384.0,1166874402.0,target_year,,,,,,,,,,SOE_target,0.088708,0.115,25.69562474,0.043247584,0.111099702,0.263775755,0.111980011,0.224977432,0.429576738,1.510355431,0.009939284,True,H_nonSOE,0.00617964026416707,0.088708,-0.08252835973583292,-11733634602.161516,0.0,0,1,HHI_lag,
600018.SH,上港集团,CSI,地方国有企业,工业,交通运输,工业--交通运输--交通基础设施--海港与服务,2020,,,,,,,,,,155925000000.0,,0.058674426,8307143208.0,841651919.0,target_year,,,,,,,,,,SOE_target,0.07094400000000001,0.097976,25.68034068,0.036949366,0.108646931,0.249586126,0.148127441,0.226792005,0.361439131,2.088994379,0.018116082,True,H_nonSOE,0.010967646911910663,0.07094400000000001,-0.059976353088089344,-9351812855.26033,0.0,0,1,HHI_lag,
600018.SH,上港集团,CSI,地方国有企业,工业,交通运输,工业--交通运输--交通基础设施--海港与服务,2021,,,,,,,,,,170787000000.0,,0.091969319,14682049061.0,1025159017.0,target_year,,,,,,,,,,SOE_target,0.11466,0.156769,25.77263936,0.03221372,0.123286456,0.171935177,0.136270403,0.219397156,0.384449232,1.948323212,0.026470955,True,H_nonSOE,-6.091367514645535e-05,0.11466,-0.11472091367514645,-19592840683.837234,0.0,0,1,HHI_lag,
600018.SH,上港集团,CSI,地方国有企业,工业,交通运输,工业--交通运输--交通基础设施--海港与服务,2022,,,,,,,,,,181802000000.0,,0.100678041,17223915521.0,1079524113.0,target_year,,,,,,,,,,SOE_target,0.11762299999999999,0.162399,25.8636858,0.030346527,0.15352339,0.204515865,0.124531649,0.198931958,0.368773225,1.726333925,0.025329621,True,H_nonSOE,0.006238763356284295,0.11762299999999999,-0.11138423664371569,-20249876990.3008,0.0,1,0,,
600018.SH,上港集团,CSI,地方国有企业,工业,交通运输,工业--交通运输--交通基础设施--海港与服务,2023,,,,,,,,,,203575515172.97,,0.068344,13203137528.87,710060052.85,target_year,,,,,,,,,,SOE_target,0.08431699999999999,0.112127,25.926182,0.03082,0.180808,0.205288,0.113647,0.204329,0.333521,1.798842,0.031603,True,H_nonSOE,0.011074181835457934,0.08431699999999999,-0.07324281816454206,-14910444440.566814,0.0,1,0,,
600018.SH,上港集团,CSI,地方国有企业,工业,交通运输,工业--交通运输--交通基础设施--海港与服务,2024,,,,,,,,,,212055541073.03,,0.0729,14954353821.25,504486954.24,target_year,,,,,,,,,,SOE_target,0.092489,0.11661099999999999,26.039303,0.030003,0.114556,0.18927,0.148418,0.217938,0.331028,2.323133,0.039309,True,H_nonSOE,0.005030275365150556,0.092489,-0.08745872463484944,-18546107174.000137,0.0,0,1,HHI_lag,
600018.SH,上港集团,CSI,地方国有企业,工业,交通运输,工业--交通运输--交通基础设施--海港与服务,2025,,,,,,,,,,221735642992.73,,0.064018,13564589175.03,630411404.37,target_year,,,,,,,,,,SOE_target,0.086867,0.09892200000000001,26.080114,0.026759,0.116886,0.178859,0.12108,0.214478,0.304858,2.113032,0.029471,True,H_nonSOE,0.01180574331973206,0.086867,-0.07506125668026795,-16643756013.841564,0.0,0,1,HHI_lag,
600019.SH,宝钢股份,CSI,中央国有企业,材料,钢铁Ⅱ,材料--钢铁Ⅱ--钢铁Ⅲ--钢铁Ⅳ,2019,,,,,,,,,,339633000000.0,,0.043755661,12423230252.0,2437636362.0,target_year,,,,,,,,,,SOE_target,0.050975,0.070026,26.537816,0.792700029,0.659924097,0.884642307,-0.039430299,0.472887343,0.435326289,0.900867436,0.038072477,True,H_nonSOE,0.18633373198857037,0.050975,0.13535873198857037,45972292221.47412,45972292221.47412,0,1,FirmSize_lag,
600019.SH,宝钢股份,CSI,中央国有企业,材料,钢铁Ⅱ,材料--钢铁Ⅱ--钢铁Ⅲ--钢铁Ⅳ,2020,,,,,,,,,,356225000000.0,,0.039689294,12676775744.0,1461545060.0,target_year,,,,,,,,,,SOE_target,0.046049,0.069955,26.55113147,0.683043162,0.517023931,0.860518238,-0.005954304,0.459035729,0.436992531,0.98474751,0.051892104,True,H_nonSOE,0.18229499561891488,0.046049,0.13624599561891487,48534229789.34795,48534229789.34795,0,1,FirmSize_lag,
600019.SH,宝钢股份,CSI,中央国有企业,材料,钢铁Ⅱ,材料--钢铁Ⅱ--钢铁Ⅲ--钢铁Ⅳ,2021,,,,,,,,,,380398000000.0,,0.066824544,23631996673.0,1787896717.0,target_year,,,,,,,,,,SOE_target,0.083376,0.12593500000000002,26.59882854,0.679927421,0.51422962,0.811640837,0.048629822,0.44341339,0.439279576,1.134195774,0.054945494,True,H_nonSOE,0.17698349009539815,0.083376,0.09360749009539815,35608102017.309265,35608102017.309265,0,1,FirmSize_lag,
600019.SH,宝钢股份,CSI,中央国有企业,材料,钢铁Ⅱ,材料--钢铁Ⅱ--钢铁Ⅲ--钢铁Ⅳ,2022,,,,,,,,,,398249000000.0,,0.034483213,12186850692.0,1546049308.0,target_year,,,,,,,,,,SOE_target,0.038641999999999996,0.063217,26.66448276,0.666046227,0.499605416,0.985353956,0.031417823,0.420460315,0.446051724,1.086979158,0.062887585,True,H_nonSOE,0.18583651186702152,0.038641999999999996,0.14719451186702154,58620067156.52946,58620067156.52946,0,1,FirmSize_lag,
600019.SH,宝钢股份,CSI,中央国有企业,材料,钢铁Ⅱ,材料--钢铁Ⅱ--钢铁Ⅲ--钢铁Ⅳ,2023,,,,,,,,,,376051483588.01,,0.034404,11944052177.22,993608758.07,target_year,,,,,,,,,,SOE_target,0.038966,0.060484,26.710343,0.684954,0.520062,0.941136,0.077592,0.406806,0.457936,1.214609,0.056304,True,H_nonSOE,0.18038947477404513,0.038966,0.14142347477404513,53182507502.95118,53182507502.95118,0,1,FirmSize_lag,
600019.SH,宝钢股份,CSI,中央国有企业,材料,钢铁Ⅱ,材料--钢铁Ⅱ--钢铁Ⅲ--钢铁Ⅳ,2024,,,,,,,,,,364873528314.28,,0.023675,7361925588.6,1276380176.69,target_year,,,,,,,,,,SOE_target,0.028655,0.036729,26.652992,0.653022,0.490176,0.886335,0.060295,0.436439,0.414607,1.198963,0.05592,True,H_nonSOE,0.18654912066168608,0.028655,0.15789412066168607,57611384905.91006,57611384905.91006,0,1,FirmSize_lag,
600019.SH,宝钢股份,CSI,中央国有企业,材料,钢铁Ⅱ,材料--钢铁Ⅱ--钢铁Ⅲ--钢铁Ⅳ,2025,,,,,,,,,,363020038344.87,,0.031204,10345621735.27,982227625.3,target_year,,,,,,,,,,SOE_target,0.038849999999999996,0.050873999999999996,26.622817,0.646787,0.484294,0.865952,0.062198,0.440586,0.396602,1.204451,0.052995,True,H_nonSOE,0.18925678712031324,0.038849999999999996,0.15040678712031325,54600677627.74481,54600677627.74481,0,1,FirmSize_lag,
600023.SH,浙能电力,CSI,地方国有企业,公用事业,公用事业Ⅱ,公用事业--公用事业Ⅱ--电力--电力公用事业,2019,,,,,,,,,,110970000000.0,,0.050534123,4293272329.0,1314488272.0,target_year,,,,,,,,,,SOE_target,0.06282,0.068494,25.42098188,0.094581215,0.148389593,0.504803137,0.064295709,0.496581631,0.369600083,1.42961057,0.0190636,True,H_nonSOE,0.17031649099518661,0.06282,0.10749649099518661,11928885605.735859,11928885605.735859,1,0,,
600023.SH,浙能电力,CSI,地方国有企业,公用事业,公用事业Ⅱ,公用事业--公用事业Ⅱ--电力--电力公用事业,2020,,,,,,,,,,114512000000.0,,0.061668532,6086298670.0,975514753.9,target_year,,,,,,,,,,SOE_target,0.069368,0.092206,25.43252377,0.07992097,0.143602423,0.488571268,0.111892252,0.462811915,0.346698754,1.869567311,0.015793276,True,H_nonSOE,0.1672074288703822,0.069368,0.0978394288703822,11203788678.805206,11203788678.805206,1,0,,
600023.SH,浙能电力,CSI,地方国有企业,公用事业,公用事业Ⅱ,公用事业--公用事业Ⅱ--电力--电力公用事业,2021,,,,,,,,,,115629000000.0,,0.000902358,-861139048.7,965477507.3,target_year,,,,,,,,,,SOE_target,-0.024626000000000002,-0.013076,25.46394921,0.067378873,0.126082379,0.454519211,0.114780798,0.432954564,0.333572726,1.787152941,0.027964981,True,H_nonSOE,0.1637390782897165,-0.024626000000000002,0.18836507828971652,21780465637.56163,21780465637.56163,0,1,HHI_lag,
600023.SH,浙能电力,CSI,地方国有企业,公用事业,公用事业Ⅱ,公用事业--公用事业Ⅱ--电力--电力公用事业,2022,,,,,,,,,,120921000000.0,,-0.004608855,-1828584556.0,1271279231.0,target_year,,,,,,,,,,SOE_target,-0.026208999999999996,-0.029239,25.47365009,0.075649559,0.130392082,0.613609027,0.03506961,0.416813536,0.379713517,1.175566727,0.040747512,True,H_nonSOE,0.16840948249591098,-0.026208999999999996,0.19461848249591096,23533461521.88805,23533461521.88805,0,1,HHI_lag,
600023.SH,浙能电力,CSI,地方国有企业,公用事业,公用事业Ⅱ,公用事业--公用事业Ⅱ--电力--电力公用事业,2023,,,,,,,,,,147240775217.75,,0.05267,6519770719.89,1235423486.11,target_year,,,,,,,,,,SOE_target,0.06791900000000001,0.101326,25.5184,0.073071,0.129341,0.675243,0.026448,0.388835,0.441894,1.12047,0.046614,True,H_nonSOE,0.15831785274407925,0.06791900000000001,0.09039885274407924,13310397156.833454,13310397156.833454,0,1,HHI_lag,
600023.SH,浙能电力,CSI,地方国有企业,公用事业,公用事业Ⅱ,公用事业--公用事业Ⅱ--电力--电力公用事业,2024,,,,,,,,,,154085417032.43,,0.057312,7753383026.78,1077486855.79,target_year,,,,,,,,,,SOE_target,0.073738,0.110196,25.715335,0.082944,0.121904,0.712701,0.070542,0.360131,0.456895,1.324005,0.061328,True,H_nonSOE,0.15340856453476753,0.073738,0.07967056453476754,12276072161.548782,12276072161.548782,0,1,HHI_lag,
600023.SH,浙能电力,CSI,地方国有企业,公用事业,公用事业Ⅱ,公用事业--公用事业Ⅱ--电力--电力公用事业,2025,,,,,,,,,,156337713781.7,,0.054322,7528041660.9,964494281.96,target_year,,,,,,,,,,SOE_target,0.064713,0.100489,25.760773,0.076372,0.118327,0.580798,0.020493,0.379917,0.436542,1.089867,0.062822,True,H_nonSOE,0.14915989091754656,0.064713,0.08444689091754655,13202233862.021835,13202233862.021835,0,1,HHI_lag,
600025.SH,华能水电,CSI,中央国有企业,公用事业,公用事业Ⅱ,公用事业--公用事业Ⅱ--电力--新能源发电业者,2019,,,,,,,,,,167460000000.0,,0.059975261,5544565706.0,4498862232.0,target_year,,,,,,,,,,SOE_target,0.063759,0.11171900000000001,25.84940273,0.02561941,0.148389593,0.090486908,-0.206299429,0.893747433,0.72808843,0.19707849,0.045755398,True,H_nonSOE,0.06907158378938014,0.063759,0.00531258378938014,889645281.3695983,889645281.3695983,0,1,FixedAssetsRatio_lag,
600025.SH,华能水电,CSI,中央国有企业,公用事业,公用事业Ⅱ,公用事业--公用事业Ⅱ--电力--新能源发电业者,2020,,,,,,,,,,164632000000.0,,0.052680692,4834590181.0,3838342905.0,target_year,,,,,,,,,,SOE_target,0.057054,0.082913,25.84400745,0.030372672,0.143602423,0.122003663,-0.120187065,0.890221278,0.661096442,0.272467001,0.025680616,True,H_nonSOE,0.08904228202096487,0.057054,0.03198828202096487,5266294845.675488,5266294845.675488,0,1,FixedAssetsRatio_lag,
600025.SH,华能水电,CSI,中央国有企业,公用事业,公用事业Ⅱ,公用事业--公用事业Ⅱ--电力--新能源发电业者,2021,,,,,,,,,,160654000000.0,,0.057343974,5837544928.0,3375009615.0,target_year,,,,,,,,,,SOE_target,0.04386,0.09267500000000001,25.82697914,0.024891608,0.126082379,0.114008133,-0.098900698,0.898091745,0.614218443,0.28005557,0.026261211,True,H_nonSOE,0.09878919405707717,0.04386,0.05492919405707717,8824594742.045675,8824594742.045675,0,2,"FixedAssetsRatio_lag, HHI_lag",
600025.SH,华能水电,CSI,中央国有企业,公用事业,公用事业Ⅱ,公用事业--公用事业Ⅱ--电力--新能源发电业者,2022,,,,,,,,,,162879000000.0,,0.05980324,6801255631.0,2939458221.0,target_year,,,,,,,,,,SOE_target,0.051261,0.102966,25.80252053,0.021238323,0.130392082,0.121880419,-0.118007314,0.90376974,0.587768792,0.162074982,0.037470232,True,H_nonSOE,0.10119239731370813,0.051261,0.04993139731370813,8132776063.059466,8132776063.059466,0,3,"FixedAssetsRatio_lag, HHI_lag, CurrentRatio_lag",
600025.SH,华能水电,CSI,中央国有企业,公用事业,公用事业Ⅱ,公用事业--公用事业Ⅱ--电力--新能源发电业者,2023,,,,,,,,,,195239265297.35,,0.053107,7638074711.0,2730456864.91,target_year,,,,,,,,,,SOE_target,0.052607999999999995,0.113096,25.816276,0.019028,0.129341,0.128562,-0.108919,0.902161,0.571473,0.169814,0.048581,True,H_nonSOE,0.10303813372840015,0.052607999999999995,0.050430133728400155,9845942257.979956,9845942257.979956,0,3,"FixedAssetsRatio_lag, HHI_lag, CurrentRatio_lag",
600025.SH,华能水电,CSI,中央国有企业,公用事业,公用事业Ⅱ,公用事业--公用事业Ⅱ--电力--新能源发电业者,2024,,,,,,,,,,214607123371.44,,0.051125,8297028967.06,2674676981.69,target_year,,,,,,,,,,SOE_target,0.06363100000000001,0.11774699999999999,25.997492,0.019985,0.121904,0.128588,-0.126507,0.906214,0.637761,0.149448,0.092856,True,H_nonSOE,0.0830027575370659,0.06363100000000001,0.019371757537065895,4157317159.6787233,4157317159.6787233,0,3,"FixedAssetsRatio_lag, HHI_lag, CurrentRatio_lag",
600025.SH,华能水电,CSI,中央国有企业,公用事业,公用事业Ⅱ,公用事业--公用事业Ⅱ--电力--新能源发电业者,2025,,,,,,,,,,226717001711.92,,0.049089,8504138221.82,2625266463.59,target_year,,,,,,,,,,SOE_target,0.060695,0.109335,26.092075,0.021295,0.118327,0.119065,-0.17103,0.897786,0.6311,0.141749,0.09497,True,H_nonSOE,0.0818904409982748,0.060695,0.021195440998274806,4805366833.090769,4805366833.090769,0,3,"FixedAssetsRatio_lag, HHI_lag, CurrentRatio_lag",
600026.SH,中远海能,CSI,中央国有企业,工业,交通运输,工业--交通运输--海上运输Ⅲ--海上运输Ⅳ,2019,,,,,,,,,,65841861000.0,,0.027846783,413857000.0,1419627000.0,target_year,,,,,,,,,,SOE_target,0.035864,0.014698,24.87298624,0.013892163,0.111099702,0.195469911,-0.062080665,0.777889449,0.53841184,0.638202775,0.054344432,True,H_nonSOE,-0.007327135295094961,0.035864,-0.04319113529509496,-2843784726.5318365,0.0,0,2,"FixedAssetsRatio_lag, HHI_lag",
600026.SH,中远海能,CSI,中央国有企业,工业,交通运输,工业--交通运输--海上运输Ⅲ--海上运输Ⅳ,2020,,,,,,,,,,65959857000.0,,0.051866941,2381415000.0,1039721000.0,target_year,,,,,,,,,,SOE_target,0.059844,0.075906,24.91052166,0.014177998,0.108646931,0.21230603,-0.082326986,0.74665104,0.55700514,0.561023832,0.019372797,True,H_nonSOE,-0.003644575262943643,0.059844,-0.06348857526294364,-4187697345.4775,0.0,0,2,"FixedAssetsRatio_lag, HHI_lag",
600026.SH,中远海能,CSI,中央国有企业,工业,交通运输,工业--交通运输--海上运输Ⅲ--海上运输Ⅳ,2021,,,,,,,,,,59388937000.0,,-0.070025062,-4985386000.0,826672000.0,target_year,,,,,,,,,,SOE_target,-0.05904499999999999,-0.157733,24.91231217,0.020449402,0.123286456,0.246858649,-0.030524157,0.735252413,0.46024222,0.796482244,0.083477455,True,H_nonSOE,0.007547631303415583,-0.05904499999999999,0.06659263130341558,3954865585.142776,3954865585.142776,0,2,"FixedAssetsRatio_lag, HHI_lag",
600026.SH,中远海能,CSI,中央国有企业,工业,交通运输,工业--交通运输--海上运输Ⅲ--海上运输Ⅳ,2022,,,,,,,,,,68250082000.0,,0.035972367,1461118000.0,993999000.0,target_year,,,,,,,,,,SOE_target,0.058710000000000005,0.048573000000000005,24.8073738,0.011485638,0.15352339,0.20175224,-0.115369871,0.728866944,0.496164025,0.486296004,0.049270254,True,H_nonSOE,7.608478336355168e-05,0.058710000000000005,-0.058633915216636454,-4001769521.5164857,0.0,0,1,FixedAssetsRatio_lag,
600026.SH,中远海能,CSI,中央国有企业,工业,交通运输,工业--交通运输--海上运输Ⅲ--海上运输Ⅳ,2023,,,,,,,,,,72083612000.0,,0.066136,3348717000.0,1418587000.0,target_year,,,,,,,,,,SOE_target,0.087773,0.10153499999999999,24.946444,0.015811,0.180808,0.290927,-0.032351,0.691269,0.508127,0.791518,0.065197,True,H_nonSOE,0.004957944050817814,0.087773,-0.08281505594918219,-5969608360.799141,0.0,0,1,FixedAssetsRatio_lag,
600026.SH,中远海能,CSI,中央国有企业,工业,交通运输,工业--交通运输--海上运输Ⅲ--海上运输Ⅳ,2024,,,,,,,,,,81042317000.0,,0.066951,4038089000.0,1387805000.0,target_year,,,,,,,,,,SOE_target,0.086607,0.11495,25.001093,0.018027,0.114556,0.312291,0.010305,0.69434,0.485274,1.085128,0.078267,True,H_nonSOE,0.008267193251547143,0.086607,-0.07833980674845287,-6348839452.226856,0.0,0,2,"FixedAssetsRatio_lag, HHI_lag",
600026.SH,中远海能,CSI,中央国有企业,工业,交通运输,工业--交通运输--海上运输Ⅲ--海上运输Ⅳ,2025,,,,,,,,,,92078580000.0,,0.058354,4037075000.0,1336121000.0,target_year,,,,,,,,,,SOE_target,0.075335,0.09814,25.118237,0.016654,0.116886,0.30215,-0.008449,0.672639,0.518953,0.933002,0.097176,True,H_nonSOE,0.0015233678900911651,0.075335,-0.07381163210990883,-6796470272.162809,0.0,0,2,"FixedAssetsRatio_lag, HHI_lag",
600027.SH,华电国际,CSI,中央国有企业,公用事业,公用事业Ⅱ,公用事业--公用事业Ⅱ--电力--电力公用事业,2019,,,,,,,,,,232164000000.0,,0.035928784,3385324000.0,4956059000.0,target_year,,,,,,,,,,SOE_target,0.044404000000000006,0.058502,26.15039902,0.147175376,0.148389593,0.391599295,-0.218739097,0.773628096,0.700030648,0.341196999,0.07580338,True,H_nonSOE,0.09196083893527983,0.044404000000000006,0.04755683893527982,11040985954.570305,11040985954.570305,0,1,FixedAssetsRatio_lag,
600027.SH,华电国际,CSI,中央国有企业,公用事业,公用事业Ⅱ,公用事业--公用事业Ⅱ--电力--电力公用事业,2020,,,,,,,,,,236691000000.0,,0.036277765,4166756000.0,4419862000.0,target_year,,,,,,,,,,SOE_target,0.04776,0.06139,26.17071138,0.136033956,0.143602423,0.399220663,-0.175434407,0.759751414,0.652799229,0.395072825,0.064993263,True,H_nonSOE,0.10494650673726119,0.04776,0.057186506737261195,13535531466.14909,13535531466.14909,0,1,FixedAssetsRatio_lag,
600027.SH,华电国际,CSI,中央国有企业,公用事业,公用事业Ⅱ,公用事业--公用事业Ⅱ--电力--电力公用事业,2021,,,,,,,,,,222386000000.0,,0.004040654,-3341982000.0,4240567000.0,target_year,,,,,,,,,,SOE_target,-0.012641,-0.04884,26.19002106,0.11752776,0.126082379,0.381278595,-0.144868062,0.771747976,0.601196772,0.420261511,0.078810724,True,H_nonSOE,0.11237492234969368,-0.012641,0.12501592234969366,27801790907.658974,27801790907.658974,0,2,"FixedAssetsRatio_lag, HHI_lag",
600027.SH,华电国际,CSI,中央国有企业,公用事业,公用事业Ⅱ,公用事业--公用事业Ⅱ--电力--电力公用事业,2022,,,,,,,,,,226802000000.0,,0.017901154,-30791000.0,4090816000.0,target_year,,,,,,,,,,SOE_target,0.010929,-0.000492,26.12768062,0.108193469,0.130392082,0.4399417,-0.162191446,0.636210561,0.657044275,0.450692943,0.057896499,True,H_nonSOE,0.1082428686848505,0.010929,0.09731386868485051,22070980045.461464,22070980045.461464,0,2,"FixedAssetsRatio_lag, HHI_lag",
600027.SH,华电国际,CSI,中央国有企业,公用事业,公用事业Ⅱ,公用事业--公用事业Ⅱ--电力--电力公用事业,2023,,,,,,,,,,226476498000.0,,0.036399,4601094000.0,3642399000.0,target_year,,,,,,,,,,SOE_target,0.041466,0.069153,26.147345,0.096947,0.129341,0.471786,-0.149299,0.630566,0.678006,0.463299,0.045957,True,H_nonSOE,0.10877560169737194,0.041466,0.06730960169737193,15244042874.195652,15244042874.195652,0,2,"FixedAssetsRatio_lag, HHI_lag",
600027.SH,华电国际,CSI,中央国有企业,公用事业,公用事业Ⅱ,公用事业--公用事业Ⅱ--电力--电力公用事业,2024,,,,,,,,,,227138590000.0,,0.039234,5669855000.0,3241716000.0,target_year,,,,,,,,,,SOE_target,0.05258,0.080532,26.145907,0.101013,0.121904,0.513485,-0.152841,0.626863,0.620701,0.452266,0.046311,True,H_nonSOE,0.12281312248499376,0.05258,0.07023312248499376,15952652412.53878,15952652412.53878,0,1,HHI_lag,
600027.SH,华电国际,CSI,中央国有企业,公用事业,公用事业Ⅱ,公用事业--公用事业Ⅱ--电力--电力公用事业,2025,,,,,,,,,,264230768000.0,,0.034895,6070315000.0,3149957000.0,target_year,,,,,,,,,,SOE_target,0.056004,0.08776400000000001,26.148826,0.098093,0.118327,0.495538,-0.158672,0.612499,0.610296,0.446625,0.039921,True,H_nonSOE,0.12402264970372953,0.056004,0.06801864970372953,17972620049.53943,17972620049.53943,0,1,HHI_lag,
600028.SH,中国石化,CSI,中央国有企业,能源,石油石化,能源--石油石化--石油天然气--综合性石油天然气,2019,,,,,,,,,,1755070000000.0,,0.042430192,57465000000.0,17003000000.0,target_year,,,,,,,,,,SOE_target,0.059583000000000004,0.07896600000000001,28.09620565,0.515629105,0.452070271,1.772760125,-0.038295355,0.473981792,0.462079573,0.892093053,0.06469477,True,H_nonSOE,0.20580569951600033,0.059583000000000004,0.14622269951600034,256631073239.54672,256631073239.54672,0,1,FirmSize_lag,
600028.SH,中国石化,CSI,中央国有企业,能源,石油石化,能源--石油石化--石油天然气--综合性石油天然气,2020,,,,,,,,,,1733810000000.0,,0.027852036,33096000000.0,15194000000.0,target_year,,,,,,,,,,SOE_target,0.033555,0.044735,28.19353043,0.502320213,0.44417932,1.732990498,-0.074366222,0.453480799,0.500968907,0.773553283,0.080419539,True,H_nonSOE,0.19119773630101108,0.033555,0.15764273630101108,273322552626.05603,273322552626.05603,0,1,FirmSize_lag,
600028.SH,中国石化,CSI,中央国有企业,能源,石油石化,能源--石油石化--石油天然气--综合性石油天然气,2021,,,,,,,,,,1889260000000.0,,0.046046193,71975000000.0,15018000000.0,target_year,,,,,,,,,,SOE_target,0.065389,0.094974,28.18133953,0.475113231,0.429200271,1.174851729,-0.038525094,0.411817938,0.490797408,0.872086788,0.075665372,True,H_nonSOE,0.14804408902896032,0.065389,0.08265508902896032,156156953498.85358,156156953498.85358,0,1,FirmSize_lag,
600028.SH,中国石化,CSI,中央国有企业,能源,石油石化,能源--石油石化--石油天然气--综合性石油天然气,2022,,,,,,,,,,1948640000000.0,,0.042553781,66153000000.0,16769000000.0,target_year,,,,,,,,,,SOE_target,0.054667,0.084872,28.26720369,0.465583372,0.425995256,1.479136421,-0.044068164,0.399556439,0.515642939,0.870172156,0.076708015,True,H_nonSOE,0.16525463636550863,0.054667,0.11058763636550864,215495491727.28476,215495491727.28476,0,1,FirmSize_lag,
600028.SH,中国石化,CSI,中央国有企业,能源,石油石化,能源--石油石化--石油天然气--综合性石油天然气,2023,,,,,,,,,,2024696000000.0,,0.037724,58310000000.0,18069000000.0,target_year,,,,,,,,,,SOE_target,0.047907000000000005,0.073452,28.298153,0.456404,0.418201,1.69747,-0.074023,0.424268,0.519543,0.783865,0.088537,True,H_nonSOE,0.1813312526966525,0.047907000000000005,0.1334242526966525,270143550737.90155,270143550737.90155,0,1,FirmSize_lag,
600028.SH,中国石化,CSI,中央国有企业,能源,石油石化,能源--石油石化--石油天然气--综合性石油天然气,2024,,,,,,,,,,2081440000000.0,,0.032449,48939000000.0,18601000000.0,target_year,,,,,,,,,,SOE_target,0.039847,0.060462999999999996,28.336441,0.460426,0.410755,1.583995,-0.055634,0.430261,0.527925,0.825923,0.084701,True,H_nonSOE,0.17244419138425054,0.039847,0.13259719138425055,275993098034.8345,275993098034.8345,0,1,FirmSize_lag,
600028.SH,中国石化,CSI,中央国有企业,能源,石油石化,能源--石油石化--石油天然气--综合性石油天然气,2025,,,,,,,,,,2153485000000.0,,0.024018,32476000000.0,19247000000.0,target_year,,,,,,,,,,SOE_target,0.027008,0.039526,28.364081,0.453969,0.406814,1.46869,-0.071451,0.444803,0.532945,0.779094,0.06688,True,H_nonSOE,0.1663741236840384,0.027008,0.1393661236840384,300122856861.72144,300122856861.72144,0,1,FirmSize_lag,
600029.SH,南方航空,CSI,中央国有企业,工业,交通运输,工业--交通运输--航空客运Ⅲ--航空客运Ⅳ,2019,,,,,,,,,,306928000000.0,,0.02764492,2640000000.0,5845000000.0,target_year,,,,,,,,,,SOE_target,0.035481,0.040815000000000004,26.23244767,0.158517157,0.111099702,0.59297309,-0.24140612,0.844235044,0.682246132,0.287643242,0.097534309,True,H_nonSOE,-0.006103155881361046,0.035481,-0.041584155881361044,-12763341796.354383,0.0,0,2,"FixedAssetsRatio_lag, HHI_lag",
600029.SH,南方航空,CSI,中央国有企业,工业,交通运输,工业--交通运输--航空客运Ⅲ--航空客运Ⅳ,2020,,,,,,,,,,326383000000.0,,-0.012656909,-10847000000.0,6716000000.0,target_year,,,,,,,,,,SOE_target,-0.027794,-0.162271,26.44987903,0.153048695,0.108646931,0.534837157,-0.256581348,0.404036126,0.748054918,0.17528537,0.050917479,True,H_nonSOE,-0.026405714568030925,-0.027794,0.0013882854319690746,453112764.1423625,453112764.1423625,0,2,"HHI_lag, CurrentRatio_lag",
600029.SH,南方航空,CSI,中央国有企业,工业,交通运输,工业--交通运输--航空客运Ⅲ--航空客运Ⅳ,2021,,,,,,,,,,323211000000.0,,-0.018266705,-12106000000.0,6202000000.0,target_year,,,,,,,,,,SOE_target,-0.02581,-0.176171,26.51133738,0.109394427,0.123286456,0.274831797,-0.173710028,0.363232766,0.7391684,0.407447665,0.033889633,True,H_nonSOE,-0.042690227391386386,-0.02581,-0.016880227391386386,-5455875175.397386,0.0,0,1,HHI_lag,
600029.SH,南方航空,CSI,中央国有企业,工业,交通运输,工业--交通运输--航空客运Ⅲ--航空客运Ⅳ,2022,,,,,,,,,,312246000000.0,,-0.085487084,-32699000000.0,6006000000.0,target_year,,,,,,,,,,SOE_target,-0.081834,-0.599289,26.5015712,0.086545358,0.15352339,0.293349384,-0.2262423,0.380658455,0.738536127,0.341165871,0.053021091,True,H_nonSOE,-0.04558873022336093,-0.081834,0.036245269776639076,11317440506.676445,11317440506.676445,1,0,,
600029.SH,南方航空,CSI,中央国有企业,工业,交通运输,工业--交通运输--航空客运Ⅲ--航空客运Ⅳ,2023,,,,,,,,,,309596000000.0,,0.005775,-4140000000.0,5928000000.0,target_year,,,,,,,,,,SOE_target,0.013012999999999999,-0.105685,26.467057,0.068893,0.180808,0.254623,-0.345894,0.396537,0.822707,0.236494,0.037458,True,H_nonSOE,-0.06487535536166253,0.013012999999999999,-0.07788835536166253,-24113923266.54927,0.0,1,0,,
600029.SH,南方航空,CSI,中央国有企业,工业,交通运输,工业--交通运输--航空客运Ⅲ--航空客运Ⅳ,2024,,,,,,,,,,329979000000.0,,0.012089,-1769000000.0,5758000000.0,target_year,,,,,,,,,,SOE_target,0.021871,-0.049129,26.458534,0.12459,0.114556,0.487085,-0.327837,0.412641,0.830854,0.215852,0.036722,True,H_nonSOE,-0.04574067160546196,0.021871,-0.06761167160546197,-22310431784.698734,0.0,0,1,HHI_lag,
600029.SH,南方航空,CSI,中央国有企业,工业,交通运输,工业--交通运输--航空客运Ⅲ--航空客运Ⅳ,2025,,,,,,,,,,350053000000.0,,0.018306,855000000.0,5553000000.0,target_year,,,,,,,,,,SOE_target,0.029478,0.024175,26.522295,0.118891,0.116886,0.516421,-0.304986,0.411478,0.839881,0.27285,0.049085,True,H_nonSOE,-0.04728383831843027,0.029478,-0.07676183831843027,-26870711788.88147,0.0,0,1,HHI_lag,
600039.SH,四川路桥,CSI,地方国有企业,工业,建筑,工业--建筑--建筑与工程Ⅲ--建筑与工程Ⅳ,2019,,,,,,,,,,97615480976.0,,0.037211172,1701863780.0,1930522630.0,target_year,,,,,,,,,,SOE_target,0.043567,0.115012,25.1787028,0.009802807,0.178025019,0.501353906,0.024012975,0.027128851,0.820162075,1.051384264,0.043630385,True,H_nonSOE,0.0029939960715583136,0.043567,-0.04057300392844169,-3960553293.115973,0.0,1,0,,
600039.SH,四川路桥,CSI,地方国有企业,工业,建筑,工业--建筑--建筑与工程Ⅲ--建筑与工程Ⅳ,2020,,,,,,,,,,113224000000.0,,0.047205214,3025220328.0,2319530755.0,target_year,,,,,,,,,,SOE_target,0.056818999999999995,0.158343,25.30430193,0.011120884,0.179054819,0.571846466,0.014592269,0.025621943,0.823336581,1.030749274,0.051754319,True,H_nonSOE,0.008218280663285726,0.056818999999999995,-0.04860071933671427,-5502767846.180137,0.0,1,0,,
600039.SH,四川路桥,CSI,地方国有企业,工业,建筑,工业--建筑--建筑与工程Ⅲ--建筑与工程Ⅳ,2021,,,,,,,,,,137038000000.0,,0.058043518,5582069265.0,2372125857.0,target_year,,,,,,,,,,SOE_target,0.072688,0.224344,25.45263175,0.011374577,0.179498397,0.577043095,0.041942153,0.028810282,0.781285264,1.091306515,0.043553685,True,H_nonSOE,0.018632433187294437,0.072688,-0.05405556681270557,-7407666764.879546,0.0,1,0,,
600039.SH,四川路桥,CSI,地方国有企业,工业,建筑,工业--建筑--建筑与工程Ⅲ--建筑与工程Ⅳ,2022,,,,,,,,,,208299000000.0,,0.066383319,11212905939.0,2614655615.0,target_year,,,,,,,,,,SOE_target,0.093207,0.325278,25.64352755,0.013775122,0.17910201,0.676295862,0.075618992,0.026636224,0.777198956,1.166354427,0.018731852,True,H_nonSOE,0.031187396080047163,0.093207,-0.062019603919952836,-12918621476.922256,0.0,1,0,,
600039.SH,四川路桥,CSI,地方国有企业,工业,建筑,工业--建筑--建筑与工程Ⅲ--建筑与工程Ⅳ,2023,,,,,,,,,,240914762578.04,,0.04862,9003845893.62,2709537928.39,target_year,,,,,,,,,,SOE_target,0.060896,0.20717400000000002,26.062239,0.019707,0.173049,0.779731,0.109348,0.029618,0.779158,1.209964,0.025586,True,H_nonSOE,0.039161543919866204,0.060896,-0.021734456080133795,-5236151326.308271,0.0,1,0,,
600039.SH,四川路桥,CSI,地方国有企业,工业,建筑,工业--建筑--建筑与工程Ⅲ--建筑与工程Ⅳ,2024,,,,,,,,,,239773354769.84,,0.042016,7209866536.24,2864382037.39,target_year,,,,,,,,,,SOE_target,0.050009,0.155112,26.207709,0.015611,0.176169,0.510636,0.090428,0.07493,0.789344,1.17526,0.032152,True,H_nonSOE,0.018811936581609026,0.050009,-0.031197063418390972,-7480224554.795055,0.0,1,0,,
600039.SH,四川路桥,CSI,地方国有企业,工业,建筑,工业--建筑--建筑与工程Ⅲ--建筑与工程Ⅳ,2025,,,,,,,,,,267673535809.41,,0.035663,7296866124.06,2249190329.58,target_year,,,,,,,,,,SOE_target,0.045757000000000006,0.14499,26.20296,0.015081,0.174423,0.444562,0.109226,0.016385,0.788718,1.199839,0.031514,True,H_nonSOE,0.009651894272893632,0.045757000000000006,-0.036105105727106374,-9664381310.747143,0.0,1,0,,
600048.SH,保利发展,CSI,中央国有企业,房地产,房地产Ⅱ,房地产--房地产Ⅱ--房地产管理和开发--房地产开发,2019,,,,,,,,,,1033210000000.0,,0.031517,27959019793.0,4604619675.0,target_year,,,,,,,,,,SOE_target,0.056267,0.201184,27.46436886,0.31565396,0.396279334,0.231234939,0.37990177,0.006463865,0.779686125,1.722829263,0.000713354,True,H_nonSOE,0.049879356783132586,0.056267,-0.006387643216867411,-6599776848.099578,0.0,0,1,FirmSize_lag,
600048.SH,保利发展,CSI,中央国有企业,房地产,房地产Ⅱ,房地产--房地产Ⅱ--房地产管理和开发--房地产开发,2020,,,,,,,,,,1251370000000.0,,0.025658366,28948429857.0,3159806207.0,target_year,,,,,,,,,,SOE_target,0.045993000000000006,0.172182,27.66369034,0.314541861,0.408200157,0.227794552,0.326382738,0.007711161,0.777855138,1.562316531,0.000270148,True,H_nonSOE,0.049483338678858214,0.045993000000000006,0.0034903386788582083,4367705112.562797,4367705112.562797,0,2,"FirmSize_lag, CapexRatio_lag",
600048.SH,保利发展,CSI,中央国有企业,房地产,房地产Ⅱ,房地产--房地产Ⅱ--房地产管理和开发--房地产开发,2021,,,,,,,,,,1399930000000.0,,0.023551996,27387836594.0,5583381396.0,target_year,,,,,,,,,,SOE_target,0.040119999999999996,0.145761,27.855264,0.291838363,0.406330004,0.196621821,0.307236072,0.006557157,0.786924063,1.51142457,0.000317625,True,H_nonSOE,0.04454229267338303,0.040119999999999996,0.004422292673383031,6190900182.249106,6190900182.249106,0,2,"FirmSize_lag, CapexRatio_lag",
600048.SH,保利发展,CSI,中央国有企业,房地产,房地产Ⅱ,房地产--房地产Ⅱ--房地产管理和开发--房地产开发,2022,,,,,,,,,,1470460000000.0,,0.016221919,18346819483.0,5506935348.0,target_year,,,,,,,,,,SOE_target,0.026187000000000002,0.09364800000000001,27.96744553,0.306902177,0.390202805,0.203106181,0.306103727,0.008462026,0.783622181,1.52334607,0.000194029,True,H_nonSOE,0.046020972021866696,0.026187000000000002,0.019833972021866694,29165062499.274097,29165062499.274097,0,2,"FirmSize_lag, CapexRatio_lag",
600048.SH,保利发展,CSI,中央国有企业,房地产,房地产Ⅱ,房地产--房地产Ⅱ--房地产管理和开发--房地产开发,2023,,,,,,,,,,1436911790321.09,,0.011454,12067156751.87,4391271101.53,target_year,,,,,,,,,,SOE_target,0.01694,0.061128999999999996,28.016599,0.281643,0.393852,0.186661,0.311548,0.007289,0.780891,1.543905,0.000127,True,H_nonSOE,0.0445265418944433,0.01694,0.0275865418944433,39639427302.31228,39639427302.31228,0,2,"FirmSize_lag, CapexRatio_lag",
600048.SH,保利发展,CSI,中央国有企业,房地产,房地产Ⅱ,房地产--房地产Ⅱ--房地产管理和开发--房地产开发,2024,,,,,,,,,,1335108015599.69,,0.007223,5001183340.24,4642572794.51,target_year,,,,,,,,,,SOE_target,0.014591,0.025249999999999998,27.993517,0.344359,0.37554,0.231528,0.316517,0.00623,0.765451,1.558916,0.000125,True,H_nonSOE,0.05262954636872165,0.014591,0.03803854636872165,50785568158.640755,50785568158.640755,0,2,"FirmSize_lag, CapexRatio_lag",
600048.SH,保利发展,CSI,中央国有企业,房地产,房地产Ⅱ,房地产--房地产Ⅱ--房地产管理和开发--房地产开发,2025,,,,,,,,,,1188292419390.15,,0.004163,1034698076.02,3911853774.36,target_year,,,,,,,,,,SOE_target,0.010818000000000001,0.005313,27.920033,0.370621,0.353891,0.220606,0.332909,0.004635,0.743444,1.615099,0.000134,True,H_nonSOE,0.056815131777908257,0.010818000000000001,0.045997131777908255,54658043005.37815,54658043005.37815,0,2,"FirmSize_lag, CapexRatio_lag",
600050.SH,中国联通,CSI,中央国有企业,通讯服务,电信服务,通讯服务--电信服务--多元电信服务--综合电信业务,2019,,,,,,,,,,564231000000.0,,0.010101391,4982083711.0,717430307.0,target_year,,,,,,,,,,SOE_target,0.02538,0.03515,27.01809315,0.216004559,0.376451505,0.51908301,-0.254483315,0.707287713,0.414982728,0.355129441,0.104885955,True,H_nonSOE,0.12643069435945117,0.02538,0.10105069435945117,57015934329.127495,57015934329.127495,0,2,"FirmSize_lag, FixedAssetsRatio_lag",
600050.SH,中国联通,CSI,中央国有企业,通讯服务,电信服务,通讯服务--电信服务--多元电信服务--综合电信业务,2020,,,,,,,,,,582475000000.0,,0.009868284,5521311508.0,226721429.0,target_year,,,,,,,,,,SOE_target,0.027835000000000002,0.037942000000000004,27.0587289,0.215538555,0.377325617,0.523110571,-0.218366135,0.648668624,0.426660113,0.404249093,0.106989431,True,H_nonSOE,0.1258869971656117,0.027835000000000002,0.09805199716561169,57112837049.03967,57112837049.03967,0,2,"FirmSize_lag, FixedAssetsRatio_lag",
600050.SH,中国联通,CSI,中央国有企业,通讯服务,电信服务,通讯服务--电信服务--多元电信服务--综合电信业务,2021,,,,,,,,,,593284000000.0,,0.012700151,6305465753.0,1229336920.0,target_year,,,,,,,,,,SOE_target,0.030314,0.042472,27.09055284,0.216924109,0.375629725,0.52757066,-0.195009677,0.622322545,0.430921996,0.488897939,0.100700722,True,H_nonSOE,0.12749444795316503,0.030314,0.09718044795316502,57655604883.44556,57655604883.44556,0,1,FirmSize_lag,
600050.SH,中国联通,CSI,中央国有企业,通讯服务,电信服务,通讯服务--电信服务--多元电信服务--综合电信业务,2022,,,,,,,,,,644687000000.0,,0.010162857,7299489574.0,-747627534.0,target_year,,,,,,,,,,SOE_target,0.032905000000000004,0.048088,27.10893985,0.214754812,0.374126853,0.555261993,-0.183530803,0.593470184,0.433306679,0.536927029,0.121437607,True,H_nonSOE,0.1260334309082886,0.032905000000000004,0.09312843090828861,60038688736.971855,60038688736.971855,0,1,FirmSize_lag,
600050.SH,中国联通,CSI,中央国有企业,通讯服务,电信服务,通讯服务--电信服务--多元电信服务--综合电信业务,2023,,,,,,,,,,662844796563.0,,0.011939,8172679256.0,-258709687.0,target_year,,,,,,,,,,SOE_target,0.034735999999999996,0.05212,27.192031,0.214301,0.373379,0.571171,-0.157774,0.54134,0.461329,0.589832,0.112407,True,H_nonSOE,0.12374570324721335,0.034735999999999996,0.08900970324721336,58999618641.032135,58999618641.032135,0,1,FirmSize_lag,
600050.SH,中国联通,CSI,中央国有企业,通讯服务,电信服务,通讯服务--电信服务--多元电信服务--综合电信业务,2024,,,,,,,,,,672836701609.0,,0.013008,9029899018.0,-277552108.0,target_year,,,,,,,,,,SOE_target,0.037571,0.055725,27.219807,0.211944,0.374249,0.567565,-0.15427,0.531136,0.460002,0.607135,0.119744,True,H_nonSOE,0.12250992762732563,0.037571,0.08493892762732563,57150027902.97534,57150027902.97534,0,1,FirmSize_lag,
600050.SH,中国联通,CSI,中央国有企业,通讯服务,电信服务,通讯服务--电信服务--多元电信服务--综合电信业务,2025,,,,,,,,,,671056308815.0,,0.01273,9126662570.0,-584217448.0,target_year,,,,,,,,,,SOE_target,0.036787,0.05474300000000001,27.234768,0.214383,0.373264,0.5808,-0.159284,0.521086,0.45189,0.597066,0.112571,True,H_nonSOE,0.12610075438210552,0.036787,0.08931375438210552,59934558342.06526,59934558342.06526,0,1,FirmSize_lag,
600085.SH,同仁堂,CSI,地方国有企业,医疗保健,医药生物,医疗保健--医药生物--制药--中药,2019,,,,,,,,,,20921822081.0,,0.049259163,985435905.0,45155539.17,target_year,,,,,,,,,,SOE_target,0.092627,0.106557,23.74259659,0.044393641,0.277672488,0.717188255,0.545479466,0.175814588,0.290478372,3.305792709,0.030049137,True,H_nonSOE,0.020808139927515727,0.092627,-0.07181886007248428,-1502581412.4967508,0.0,1,0,,
600085.SH,同仁堂,CSI,地方国有企业,医疗保健,医药生物,医疗保健--医药生物--制药--中药,2020,,,,,,,,,,21837512362.0,,0.045586645,1031440915.0,-35941988.89,target_year,,,,,,,,,,SOE_target,0.09274800000000001,0.108193,23.76405857,0.035361667,0.276190471,0.635012754,0.536228996,0.186854042,0.299285654,3.292555198,0.022168669,True,H_nonSOE,0.014821699246199353,0.09274800000000001,-0.07792630075380066,-1701716556.036052,0.0,1,0,,
600085.SH,同仁堂,CSI,地方国有企业,医疗保健,医药生物,医疗保健--医药生物--制药--中药,2021,,,,,,,,,,25072835362.0,,0.054031558,1227372820.0,127351544.8,target_year,,,,,,,,,,SOE_target,0.099836,0.11994500000000001,23.80689508,0.031735322,0.256105921,0.593509445,0.500448163,0.19275382,0.28808725,2.95210164,0.052705572,True,H_nonSOE,0.013379811714917013,0.099836,-0.08645618828508297,-2167701774.8979588,0.0,1,0,,
600085.SH,同仁堂,CSI,地方国有企业,医疗保健,医药生物,医疗保健--医药生物--制药--中药,2022,,,,,,,,,,27044491890.0,,0.052549744,1425811705.0,-4630592.51,target_year,,,,,,,,,,SOE_target,0.104262,0.12707100000000002,23.94505084,0.030176801,0.230275265,0.615993482,0.47347069,0.160434637,0.33503726,2.883619323,0.018793541,True,H_nonSOE,0.010787787459108099,0.104262,-0.09347421254089189,-2527962582.986287,0.0,1,0,,
600085.SH,同仁堂,CSI,地方国有企业,医疗保健,医药生物,医疗保健--医药生物--制药--中药,2023,,,,,,,,,,30089450163.66,,0.051802,1668834509.63,-110139252.35,target_year,,,,,,,,,,SOE_target,0.10784,0.13423,24.020749,0.028082,0.212266,0.583495,0.525941,0.145857,0.31764,3.245059,0.012203,True,H_nonSOE,0.010560359974036725,0.10784,-0.09727964002596329,-2927090880.500007,0.0,1,0,,
600085.SH,同仁堂,CSI,地方国有企业,医疗保健,医药生物,医疗保健--医药生物--制药--中药,2024,,,,,,,,,,31197524019.77,,0.049119,1526274925.98,6104419.93,target_year,,,,,,,,,,SOE_target,0.091748,0.116268,24.12744,0.02949,0.216978,0.619334,0.538375,0.130842,0.32677,3.261915,0.010785,True,H_nonSOE,0.01289135429714141,0.091748,-0.07885664570285858,-2460132098.4334235,0.0,1,0,,
600085.SH,同仁堂,CSI,地方国有企业,医疗保健,医药生物,医疗保健--医药生物--制药--中药,2025,,,,,,,,,,30621119491.71,,0.036822,1189374356.88,-61856885.45,target_year,,,,,,,,,,SOE_target,0.063568,0.088584,24.163605,0.030434,0.230555,0.601836,0.516001,0.132703,0.330043,3.11878,0.016654,True,H_nonSOE,0.011658042445682117,0.063568,-0.05190995755431788,-1589541013.080362,0.0,1,0,,
600104.SH,上汽集团,CSI,地方国有企业,可选消费,汽车与零配件,可选消费--汽车与零配件--汽车--汽车制造,2019,,,,,,,,,,849333000000.0,,0.03253059,25603384202.0,2025928206.0,target_year,,,,,,,,,,SOE_target,0.050204000000000006,0.105784,27.38610456,0.591110538,0.376606004,1.168639891,0.049890403,0.115023003,0.636265723,1.094256631,0.040848718,True,H_nonSOE,0.07710674222678063,0.050204000000000006,0.026902742226780622,22849386763.698265,22849386763.698265,0,1,FirmSize_lag,
600104.SH,上汽集团,CSI,地方国有企业,可选消费,汽车与零配件,可选消费--汽车与零配件--汽车--汽车制造,2020,,,,,,,,,,919415000000.0,,0.022784011,20431037480.0,516918858.2,target_year,,,,,,,,,,SOE_target,0.040583999999999995,0.080152,27.4677175,0.584514926,0.369422071,1.004740563,0.056932128,0.116848769,0.645793199,1.104481436,0.031712856,True,H_nonSOE,0.06445249521701613,0.040583999999999995,0.02386849521701613,21945052529.952885,21945052529.952885,0,1,FirmSize_lag,
600104.SH,上汽集团,CSI,地方国有企业,可选消费,汽车与零配件,可选消费--汽车与零配件--汽车--汽车制造,2021,,,,,,,,,,916923000000.0,,0.027371208,24533097944.0,564183662.3,target_year,,,,,,,,,,SOE_target,0.045260999999999996,0.091905,27.54700317,0.537049464,0.324255792,0.811062728,0.060136769,0.104539258,0.662784059,1.108225401,0.016464627,True,H_nonSOE,0.04794887590823268,0.045260999999999996,0.002687875908232683,2464575241.404436,2464575241.404436,0,1,FirmSize_lag,
600104.SH,上汽集团,CSI,地方国有企业,可选消费,汽车与零配件,可选消费--汽车与零配件--汽车--汽车制造,2022,,,,,,,,,,990107000000.0,,0.015506544,16117549650.0,-764406025.7,target_year,,,,,,,,,,SOE_target,0.02944,0.058291,27.544289,0.49624797,0.289774151,0.82160727,0.070374421,0.101621896,0.641441168,1.13429849,0.02044087,True,H_nonSOE,0.05235303032147496,0.02944,0.02291303032147496,22686351712.50461,22686351712.50461,0,1,FirmSize_lag,
600104.SH,上汽集团,CSI,地方国有企业,可选消费,汽车与零配件,可选消费--汽车与零配件--汽车--汽车制造,2023,,,,,,,,,,1006650278661.54,,0.013857,14106165142.98,-156683993.96,target_year,,,,,,,,,,SOE_target,0.026015,0.049885,27.621079,0.398005,0.236564,0.750589,0.038572,0.095925,0.66034,1.070207,0.023164,True,H_nonSOE,0.04207366007180862,0.026015,0.01605866007180862,16165454636.217094,16165454636.217094,0,1,FirmSize_lag,
600104.SH,上汽集团,CSI,地方国有企业,可选消费,汽车与零配件,可选消费--汽车与零配件--汽车--汽车制造,2024,,,,,,,,,,957143417731.69,,0.004932,1666376761.07,3054077070.48,target_year,,,,,,,,,,SOE_target,0.013815,0.005805,27.637649,0.342769,0.222276,0.722406,0.071692,0.097073,0.659358,1.131829,0.019282,True,H_nonSOE,0.04046696638279462,0.013815,0.02665196638279462,25509754192.89815,25509754192.89815,0,1,FirmSize_lag,
600104.SH,上汽集团,CSI,地方国有企业,可选消费,汽车与零配件,可选消费--汽车与零配件--汽车--汽车制造,2025,,,,,,,,,,960207461450.69,,0.010248,10105800270.34,-265824180.92,target_year,,,,,,,,,,SOE_target,0.025705,0.034451999999999997,27.587219,0.26178,0.204324,0.620374,0.094252,0.100007,0.63774,1.176221,0.021734,True,H_nonSOE,0.035220657803563045,0.025705,0.009515657803563046,9137005623.59272,9137005623.59272,0,1,FirmSize_lag,
600111.SH,北方稀土,CSI,地方国有企业,材料,有色金属,材料--有色金属--其他金属与采矿--金属非金属,2019,,,,,,,,,,23249789494.0,,0.043282698,616294511.7,390019111.1,target_year,,,,,,,,,,SOE_target,0.05133,0.065095,23.8938532,0.017646653,0.167062795,0.622517459,0.470818754,0.163159257,0.47422306,2.82050655,0.007902791,True,H_nonSOE,0.12015878519538015,0.05133,0.06882878519538015,1600254766.920332,1600254766.920332,1,0,,
600111.SH,北方稀土,CSI,地方国有企业,材料,有色金属,材料--有色金属--其他金属与采矿--金属非金属,2020,,,,,,,,,,25529146004.0,,0.048506632,832623455.2,405709442.1,target_year,,,,,,,,,,SOE_target,0.060104,0.082956,23.86956191,0.019452349,0.15478921,0.764815494,0.477193011,0.16554144,0.442861415,2.937880661,0.008883409,True,H_nonSOE,0.1354698852532648,0.060104,0.07536588525326482,1924026688.351308,1924026688.351308,1,0,,
600111.SH,北方稀土,CSI,地方国有企业,材料,有色金属,材料--有色金属--其他金属与采矿--金属非金属,2021,,,,,,,,,,34707756657.0,,0.159096641,5130043122.0,391844362.9,target_year,,,,,,,,,,SOE_target,0.222313,0.39806600000000003,23.96308662,0.019082992,0.159708925,0.867219831,0.564907722,0.150001984,0.459639851,4.537805877,0.005932262,True,H_nonSOE,0.1240176496329686,0.222313,-0.09829535036703141,-3411611101.0534816,0.0,1,0,,
600111.SH,北方稀土,CSI,地方国有企业,材料,有色金属,材料--有色金属--其他金属与采矿--金属非金属,2022,,,,,,,,,,36645246207.0,,0.16901701,5983647410.0,210022530.5,target_year,,,,,,,,,,SOE_target,0.20846800000000001,0.340184,24.27022903,0.020218983,0.168216562,1.002172561,0.480913141,0.128744205,0.446127904,2.662234864,0.009474372,True,H_nonSOE,0.1612268682401796,0.20846800000000001,-0.04724113175982042,-1731162904.4359465,0.0,1,0,,
600111.SH,北方稀土,CSI,地方国有企业,材料,有色金属,材料--有色金属--其他金属与采矿--金属非金属,2023,,,,,,,,,,40496655048.44,,0.062697,2370740184.54,168287209.07,target_year,,,,,,,,,,SOE_target,0.081204,0.11439,24.32455,0.0216,0.153058,1.037221,0.48697,0.15619,0.316914,2.914617,0.027693,True,H_nonSOE,0.18620032262690045,0.081204,0.10499632262690045,4251999858.7763033,4251999858.7763033,1,0,,
600111.SH,北方稀土,CSI,地方国有企业,材料,有色金属,材料--有色金属--其他金属与采矿--金属非金属,2024,,,,,,,,,,45380919517.66,,0.026432,1004276921.89,195231222.79,target_year,,,,,,,,,,SOE_target,0.047333999999999994,0.045596,24.424485,0.019248,0.159476,0.864691,0.486653,0.170179,0.335716,3.131002,0.027501,True,H_nonSOE,0.1694861366440941,0.047333999999999994,0.1221521366440941,5543376281.955842,5543376281.955842,1,0,,
600111.SH,北方稀土,CSI,地方国有企业,材料,有色金属,材料--有色金属--其他金属与采矿--金属非金属,2025,,,,,,,,,,48127817177.89,,0.050843,2251272073.68,195668514.09,target_year,,,,,,,,,,SOE_target,0.076569,0.09561,24.538358,0.018338,0.15747,0.764517,0.457977,0.200181,0.379574,2.910177,0.037205,True,H_nonSOE,0.1581266361361644,0.076569,0.0815576361361644,3925191001.4221954,3925191001.4221954,1,0,,
600115.SH,中国东航,CSI,中央国有企业,工业,交通运输,工业--交通运输--航空客运Ⅲ--航空客运Ⅳ,2019,,,,,,,,,,285185000000.0,,0.029321318,3192000000.0,5170000000.0,target_year,,,,,,,,,,SOE_target,0.035761,0.05026099999999999,26.19980052,0.13235558,0.111099702,0.491859096,-0.239029023,0.753519624,0.742273562,0.218055403,0.045402628,True,H_nonSOE,-0.018161795806344194,0.035761,-0.053922795806344195,-15377972522.032269,0.0,0,2,"FixedAssetsRatio_lag, HHI_lag",
600115.SH,中国东航,CSI,中央国有企业,工业,交通运输,工业--交通运输--航空客运Ⅲ--航空客运Ⅳ,2020,,,,,,,,,,284650000000.0,,-0.02326717,-11836000000.0,5213000000.0,target_year,,,,,,,,,,SOE_target,-0.040155,-0.18898700000000002,26.37640393,0.125014343,0.108646931,0.461600681,-0.205550783,0.348675421,0.745267107,0.251942881,0.026610797,True,H_nonSOE,-0.030770705992725474,-0.040155,0.00938429400727453,2671239289.170695,2671239289.170695,0,1,HHI_lag,
600115.SH,中国东航,CSI,中央国有企业,工业,交通运输,工业--交通运输--航空客运Ⅲ--航空客运Ⅳ,2021,,,,,,,,,,288790000000.0,,-0.022168358,-12214000000.0,5812000000.0,target_year,,,,,,,,,,SOE_target,-0.041992,-0.222348,26.37452619,0.073820843,0.123286456,0.206119315,-0.271596698,0.354972774,0.792186896,0.225412793,0.025459336,True,H_nonSOE,-0.06305228996065665,-0.041992,-0.021060289960656647,-6082001137.738033,0.0,0,1,HHI_lag,
600115.SH,中国东航,CSI,中央国有企业,工业,交通运输,工业--交通运输--航空客运Ⅲ--航空客运Ⅳ,2022,,,,,,,,,,287984000000.0,,-0.0992069,-37386000000.0,8816000000.0,target_year,,,,,,,,,,SOE_target,-0.110379,-0.8803230000000001,26.38896562,0.06097388,0.15352339,0.234120396,-0.200772187,0.322871291,0.802098411,0.324946735,0.037421656,True,H_nonSOE,-0.06420201232898073,-0.110379,0.04617698767101927,13298233617.450813,13298233617.450813,1,0,,
600115.SH,中国东航,CSI,中央国有企业,工业,交通运输,工业--交通运输--航空客运Ⅲ--航空客运Ⅳ,2023,,,,,,,,,,284733000000.0,,-0.00733,-8168000000.0,6081000000.0,target_year,,,,,,,,,,SOE_target,-0.009401,-0.22023900000000002,26.386171,0.039267,0.180808,0.159893,-0.274435,0.309767,0.887692,0.25753,0.03479,True,H_nonSOE,-0.09100645295761958,-0.009401,-0.08160545295761959,-23235765436.9819,0.0,1,0,,
600115.SH,中国东航,CSI,中央国有企业,工业,交通运输,工业--交通运输--航空客运Ⅲ--航空客运Ⅳ,2024,,,,,,,,,,278842000000.0,,0.003307,-4226000000.0,5148000000.0,target_year,,,,,,,,,,SOE_target,0.004007,-0.09870799999999999,26.374818,0.093572,0.114556,0.397198,-0.283076,0.337098,0.847355,0.241502,0.065553,True,H_nonSOE,-0.06640518812929586,0.004007,-0.07041218812929585,-19633875362.349113,0.0,0,1,HHI_lag,
600115.SH,中国东航,CSI,中央国有企业,工业,交通运输,工业--交通运输--航空客运Ⅲ--航空客运Ⅳ,2025,,,,,,,,,,294006000000.0,,0.00868,-1633000000.0,4185000000.0,target_year,,,,,,,,,,SOE_target,0.015205,-0.039456000000000005,26.353911,0.095116,0.116886,0.468864,-0.340336,0.370568,0.843456,0.167566,0.058596,True,H_nonSOE,-0.057009405395723946,0.015205,-0.07221440539572395,-21231468472.775215,0.0,0,2,"HHI_lag, CurrentRatio_lag",
600150.SH,中国船舶,CSI,中央国有企业,工业,机械,工业--机械--机械Ⅲ--建筑机械与重型卡车,2019,,,,,,,,,,44351383662.0,,0.012464128,404757012.2,148044295.7,target_year,,,,,,,,,,SOE_target,0.009106999999999999,0.026532,24.53591577,0.029817025,0.247583643,0.344076768,0.270348175,0.193985661,0.544529807,1.710203397,0.006719063,True,H_nonSOE,0.04913009798004569,0.009106999999999999,0.04002309798004569,1775079773.8548236,1775079773.8548236,1,0,,
600150.SH,中国船舶,CSI,中央国有企业,工业,机械,工业--机械--机械Ⅲ--建筑机械与重型卡车,2020,,,,,,,,,,152510000000.0,,0.001747771,305800985.4,-39249305.42,target_year,,,,,,,,,,SOE_target,0.0031569999999999997,0.009995,24.51540974,0.035511472,0.225950341,0.514956109,0.259465378,0.201965756,0.52498716,1.691017199,0.017188794,True,H_nonSOE,0.06471821647317487,0.0031569999999999997,0.06156121647317487,9388701124.3239,9388701124.3239,1,0,,
600150.SH,中国船舶,CSI,中央国有企业,工业,机械,工业--机械--机械Ⅲ--建筑机械与重型卡车,2021,,,,,,,,,,160402000000.0,,-0.003399258,213814622.4,-759063293.3,target_year,,,,,,,,,,SOE_target,0.002098,0.004657,25.75049291,0.072042941,0.195497669,0.559491297,0.129903575,0.174424107,0.6536226,1.219782006,0.013788703,True,H_nonSOE,0.057212250745627094,0.002098,0.05511425074562709,8840436048.100077,8840436048.100077,1,0,,
600150.SH,中国船舶,CSI,中央国有企业,工业,机械,工业--机械--机械Ⅲ--建筑机械与重型卡车,2022,,,,,,,,,,162438000000.0,,-0.006994407,171873146.3,-1308027192.0,target_year,,,,,,,,,,SOE_target,0.013464,0.0037359999999999997,25.80095053,0.074553764,0.187780789,0.380590501,0.158124474,0.16421145,0.668931232,1.272382023,0.007356286,True,H_nonSOE,0.04141062640872636,0.013464,0.027946626408726357,4539594100.580692,4539594100.580692,1,0,,
600150.SH,中国船舶,CSI,中央国有企业,工业,机械,工业--机械--机械Ⅲ--建筑机械与重型卡车,2023,,,,,,,,,,177832168643.44,,0.009259,2957396962.72,-1310930190.34,target_year,,,,,,,,,,SOE_target,0.017764,0.062717,25.813559,0.080153,0.187488,0.367781,0.150325,0.129527,0.689239,1.259374,0.008802,True,H_nonSOE,0.03339888126754794,0.017764,0.015634881267547942,2780384842.2907467,2780384842.2907467,1,0,,
600150.SH,中国船舶,CSI,中央国有企业,工业,机械,工业--机械--机械Ⅲ--建筑机械与重型卡车,2024,,,,,,,,,,181976769308.99,,0.011201,3614135616.3,-1575781961.35,target_year,,,,,,,,,,SOE_target,0.014025000000000001,0.07283,25.904106,0.091615,0.188674,0.438522,0.14979,0.122893,0.704932,1.249494,0.013618,True,H_nonSOE,0.03494759290632087,0.014025000000000001,0.02092259290632087,3807425862.6594634,3807425862.6594634,1,0,,
600150.SH,中国船舶,CSI,中央国有企业,工业,机械,工业--机械--机械Ⅲ--建筑机械与重型卡车,2025,,,,,,,,,,420489480242.16,,0.013112,7848378198.33,-2334822741.29,target_year,,,,,,,,,,SOE_target,0.027851,0.080778,25.927145,0.092837,0.187309,0.435525,0.148662,0.119424,0.6963,1.243995,0.009025,True,H_nonSOE,0.036818032315852435,0.027851,0.008967032315852434,3770542757.807442,3770542757.807442,1,0,,
600160.SH,巨化股份,CSI,地方国有企业,材料,化工,材料--化工--基础化工--商品化工,2019,,,,,,,,,,15385300893.0,,0.058389253,895359996.4,2976229.44,target_year,,,,,,,,,,SOE_target,0.068131,0.070288,23.44894781,0.058569237,0.192081294,1.101103205,0.357058844,0.368157629,0.156008094,3.558695124,0.069004854,True,H_nonSOE,0.16839398305351191,0.068131,0.10026298305351192,1542576162.7080407,1542576162.7080407,1,0,,
600160.SH,巨化股份,CSI,地方国有企业,材料,化工,材料--化工--基础化工--商品化工,2020,,,,,,,,,,15691644389.0,,0.009376308,95375175.24,51754515.63,target_year,,,,,,,,,,SOE_target,0.008813999999999999,0.007516,23.4566784,0.057567958,0.180537484,1.012933043,0.300401662,0.441129176,0.14094665,3.51676239,0.114227752,True,H_nonSOE,0.16192746689815463,0.008813999999999999,0.15311346689815464,2402602073.7327657,2402602073.7327657,1,0,,
600160.SH,巨化股份,CSI,地方国有企业,材料,化工,材料--化工--基础化工--商品化工,2021,,,,,,,,,,17894390845.0,,0.063603951,1109093339.0,29060612.11,target_year,,,,,,,,,,SOE_target,0.06406200000000001,0.085906,23.4763942,0.053828028,0.203999831,1.030213477,0.203862432,0.490215989,0.179823706,2.293492469,0.120151089,True,H_nonSOE,0.17074189084348268,0.06406200000000001,0.10667989084348267,1908971662.0552156,1908971662.0552156,1,0,,
600160.SH,巨化股份,CSI,地方国有企业,材料,化工,材料--化工--基础化工--商品化工,2022,,,,,,,,,,22626691197.0,,0.10046582,2380732575.0,-107523486.8,target_year,,,,,,,,,,SOE_target,0.134514,0.16531700000000002,23.60775314,0.033818168,0.197245037,1.067433871,0.145556896,0.47974255,0.238189141,1.7330402,0.095100199,True,H_nonSOE,0.17191510705213384,0.134514,0.03740110705213384,846263299.6945714,846263299.6945714,1,0,,
600160.SH,巨化股份,CSI,地方国有企业,材料,化工,材料--化工--基础化工--商品化工,2023,,,,,,,,,,23383806879.39,,0.039421,943505301.47,-21689528.72,target_year,,,,,,,,,,SOE_target,0.046794,0.059823,23.842396,0.029618,0.212868,1.056345,0.129305,0.489276,0.302398,1.596604,0.15415,True,H_nonSOE,0.15604881318090527,0.046794,0.10925481318090527,2554793452.0661216,2554793452.0661216,1,0,,
600160.SH,巨化股份,CSI,地方国有企业,材料,化工,材料--化工--基础化工--商品化工,2024,,,,,,,,,,27913610331.15,,0.071699,1959534855.24,41838704.69,target_year,,,,,,,,,,SOE_target,0.09899699999999999,0.115721,23.87531,0.025104,0.215825,0.893905,0.081446,0.526715,0.299657,1.421695,0.127952,True,H_nonSOE,0.1507532732067858,0.09899699999999999,0.051756273206785816,1444704442.4867585,1444704442.4867585,1,0,,
600160.SH,巨化股份,CSI,地方国有企业,材料,化工,材料--化工--基础化工--商品化工,2025,,,,,,,,,,38208012673.28,,0.101902,3783228877.44,110248162.07,target_year,,,,,,,,,,SOE_target,0.156815,0.19794899999999999,24.05238,0.029335,0.213171,0.949932,0.10628,0.516944,0.312525,1.595459,0.069399,True,H_nonSOE,0.1635613317282924,0.156815,0.006746331728292393,257763928.17274672,257763928.17274672,1,0,,
600161.SH,天坛生物,CSI,中央国有企业,医疗保健,医药生物,医疗保健--医药生物--生物科技Ⅲ--生物科技Ⅳ,2019,,,,,,,,,,6314412346.0,,0.096777628,611093849.3,0.0,target_year,,,,,,,,,,SOE_target,0.179251,0.167189,22.34600895,0.009154301,0.277672488,0.663614746,0.58229648,0.194766146,0.142133659,7.116183644,0.058004009,True,H_nonSOE,-0.03301458647717926,0.179251,-0.21226558647717925,-1340332439.8824313,0.0,1,0,,
600161.SH,天坛生物,CSI,中央国有企业,医疗保健,医药生物,医疗保健--医药生物--生物科技Ⅲ--生物科技Ⅳ,2020,,,,,,,,,,7541051691.0,,0.080718513,639006857.1,-30304376.4,target_year,,,,,,,,,,SOE_target,0.159485,0.151122,22.56610053,0.008736307,0.276190471,0.570658994,0.537566054,0.247020815,0.18007217,6.206630682,0.083337901,True,H_nonSOE,-0.032816924254337,0.159485,-0.19230192425433698,-1450158751.0807219,0.0,1,0,,
600161.SH,天坛生物,CSI,中央国有企业,医疗保健,医药生物,医疗保健--医药生物--生物科技Ⅲ--生物科技Ⅳ,2021,,,,,,,,,,11577632332.0,,0.060104193,760012025.0,-64147776.17,target_year,,,,,,,,,,SOE_target,0.129822,0.12092499999999999,22.74362749,0.008525476,0.256105921,0.492054521,0.49287932,0.264855123,0.200250169,4.956767402,0.080745481,True,H_nonSOE,-0.023023567904905166,0.129822,-0.15284556790490517,-1769589788.7787316,0.0,1,0,,
600161.SH,天坛生物,CSI,中央国有企业,医疗保健,医药生物,医疗保健--医药生物--生物科技Ⅲ--生物科技Ⅳ,2022,,,,,,,,,,12940709340.0,,0.06360082,881029002.2,-57989278.24,target_year,,,,,,,,,,SOE_target,0.116343,0.104587,23.17234083,0.0084904,0.230275265,0.425247477,0.581824335,0.223624264,0.113215656,9.320564621,0.0977486,True,H_nonSOE,-0.047916991538308855,0.116343,-0.16425999153830886,-2125640806.6881144,0.0,1,0,,
600161.SH,天坛生物,CSI,中央国有企业,医疗保健,医药生物,医疗保健--医药生物--生物科技Ⅲ--生物科技Ⅳ,2023,,,,,,,,,,14188056936.91,,0.074736,1109888597.22,-49525032.2,target_year,,,,,,,,,,SOE_target,0.132597,0.119225,23.283644,0.007787,0.212266,0.343937,0.472413,0.309779,0.122433,6.282215,0.104633,True,H_nonSOE,-0.028322218339413043,0.132597,-0.16091921833941303,-2283131032.042644,0.0,1,0,,
600161.SH,天坛生物,CSI,中央国有企业,医疗保健,医药生物,医疗保健--医药生物--生物科技Ⅲ--生物科技Ⅳ,2024,,,,,,,,,,15869522217.56,,0.095545,1549164832.24,-32913962.1,target_year,,,,,,,,,,SOE_target,0.167299,0.147812,23.375666,0.008554,0.216978,0.378329,0.4433,0.340882,0.101049,5.915182,0.075947,True,H_nonSOE,-0.013679466079461557,0.167299,-0.18097846607946155,-2872041788.347944,0.0,1,0,,
600161.SH,天坛生物,CSI,中央国有企业,医疗保健,医药生物,医疗保健--医药生物--生物科技Ⅲ--生物科技Ⅳ,2025,,,,,,,,,,16583015601.51,,0.065656,1090837981.2,-2060925.16,target_year,,,,,,,,,,SOE_target,0.112205,0.095379,23.487666,0.009853,0.230555,0.397298,0.416015,0.36459,0.084207,6.892785,0.067262,True,H_nonSOE,-0.021135906850935436,0.112205,-0.13334090685093544,-2211194338.6285543,0.0,1,0,,
600176.SH,中国巨石,CSI,中央国有企业,材料,建材Ⅱ,材料--建材Ⅱ--建材Ⅲ--建材Ⅳ,2019,,,,,,,,,,33604242332.0,,0.078703117,2128865280.0,515893338.2,target_year,,,,,,,,,,SOE_target,0.094403,0.142471,24.13673625,0.065989415,0.736746816,0.360641015,-0.166593432,0.677495813,0.51991577,0.589855446,0.199344878,True,H_nonSOE,0.07989727918061829,0.094403,-0.014505720819381715,-487453757.61484075,0.0,0,1,FixedAssetsRatio_lag,
600176.SH,中国巨石,CSI,中央国有企业,材料,建材Ⅱ,材料--建材Ⅱ--建材Ⅲ--建材Ⅳ,2020,,,,,,,,,,36737268363.0,,0.078969139,2416110989.0,484999467.5,target_year,,,,,,,,,,SOE_target,0.08114,0.146063,24.23791816,0.057753522,0.764425084,0.326127262,-0.074864208,0.646960783,0.521473005,0.784352158,0.152040284,True,H_nonSOE,0.08529650974165803,0.08114,0.004156509741658029,152698813.83271483,152698813.83271483,0,1,FixedAssetsRatio_lag,
600176.SH,中国巨石,CSI,中央国有企业,材料,建材Ⅱ,材料--建材Ⅱ--建材Ⅲ--建材Ⅳ,2021,,,,,,,,,,43828317485.0,,0.147346744,6028473747.0,429486116.3,target_year,,,,,,,,,,SOE_target,0.190828,0.301392,24.32705756,0.05657087,0.753086611,0.328811274,-0.012078152,0.619425523,0.500610691,0.961569222,0.041692723,True,H_nonSOE,0.10815345870596954,0.190828,-0.08267454129403046,-3623486043.7615094,0.0,1,0,,
600176.SH,中国巨石,CSI,中央国有企业,材料,建材Ⅱ,材料--建材Ⅱ--建材Ⅲ--建材Ⅳ,2022,,,,,,,,,,48633670689.0,,0.141381399,6610015912.0,265880466.9,target_year,,,,,,,,,,SOE_target,0.173891,0.26353000000000004,24.50354596,0.093825706,0.668525521,0.485327071,0.00410086,0.612297252,0.463330844,1.0129454,0.083408369,True,H_nonSOE,0.1259250828661231,0.173891,-0.04796591713387688,-2332758618.1848307,0.0,1,0,,
600176.SH,中国巨石,CSI,中央国有企业,材料,建材Ⅱ,材料--建材Ⅱ--建材Ⅲ--建材Ⅳ,2023,,,,,,,,,,52073958059.2,,0.06291,3044441957.13,231536047.89,target_year,,,,,,,,,,SOE_target,0.073635,0.108267,24.607582,0.116572,0.617588,0.433087,-0.017491,0.687123,0.407869,0.933374,0.114058,True,H_nonSOE,0.13082285278863026,0.073635,0.057187852788630256,2977997847.6108356,2977997847.6108356,0,1,FixedAssetsRatio_lag,
600176.SH,中国巨石,CSI,中央国有企业,材料,建材Ⅱ,材料--建材Ⅱ--建材Ⅲ--建材Ⅳ,2024,,,,,,,,,,53378083328.82,,0.04988,2444813278.64,217662066.36,target_year,,,,,,,,,,SOE_target,0.056956,0.083323,24.675931,0.082401,0.650954,0.291024,-0.020449,0.671059,0.42393,0.926322,0.028037,True,H_nonSOE,0.129761530504748,0.056956,0.072805530504748,3886219674.081385,3886219674.081385,0,1,FixedAssetsRatio_lag,
600176.SH,中国巨石,CSI,中央国有企业,材料,建材Ⅱ,材料--建材Ⅱ--建材Ⅲ--建材Ⅳ,2025,,,,,,,,,,54627103828.07,,0.065924,3285461018.68,315762318.79,target_year,,,,,,,,,,SOE_target,0.08269,0.10748100000000001,24.700666,0.118209,0.525443,0.296385,-0.027947,0.669764,0.410842,0.899525,0.02441,True,H_nonSOE,0.13531143891061911,0.08269,0.052621438910619114,2874556806.952833,2874556806.952833,0,1,FixedAssetsRatio_lag,
600188.SH,兖矿能源,CSI,地方国有企业,能源,煤炭Ⅱ,能源--煤炭Ⅱ--煤炭Ⅲ--煤炭与消费用燃料,2019,,,,,,,,,,210761000000.0,,0.057600333,9388645000.0,2751234000.0,target_year,,,,,,,,,,SOE_target,0.081058,0.176815,26.05115955,0.129482321,0.3281903,0.334462625,0.025388991,0.267689293,0.577458925,1.087754827,0.049390706,True,H_nonSOE,0.03616227802159048,0.081058,-0.04489572197840953,-9462267259.891571,0.0,1,0,,
600188.SH,兖矿能源,CSI,地方国有企业,能源,煤炭Ⅱ,能源--煤炭Ⅱ--煤炭Ⅲ--煤炭与消费用燃料,2020,,,,,,,,,,273009000000.0,,0.033643654,6318000000.0,2867029000.0,target_year,,,,,,,,,,SOE_target,0.042332,0.11280699999999999,26.07398859,0.125485273,0.293470907,0.325386136,-0.019229621,0.285464889,0.595044725,0.939511468,0.05065633,True,H_nonSOE,0.03334529032087736,0.042332,-0.008986709679122643,-2453452622.7875934,0.0,1,0,,
600188.SH,兖矿能源,CSI,地方国有企业,能源,煤炭Ⅱ,能源--煤炭Ⅱ--煤炭Ⅲ--煤炭与消费用燃料,2021,,,,,,,,,,301959000000.0,,0.073721162,16941435000.0,5319334000.0,target_year,,,,,,,,,,SOE_target,0.102991,0.26773800000000003,26.33277154,0.122009519,0.275297772,0.285768214,-0.164915276,0.309818779,0.662710303,0.561073745,0.025940776,True,H_nonSOE,0.021176632387561355,0.102991,-0.08181436761243864,-24704584629.88436,0.0,1,0,,
600188.SH,兖矿能源,CSI,地方国有企业,能源,煤炭Ⅱ,能源--煤炭Ⅱ--煤炭Ⅲ--煤炭与消费用燃料,2022,,,,,,,,,,308604000000.0,,0.117920884,30407538000.0,5983260000.0,target_year,,,,,,,,,,SOE_target,0.19546399999999997,0.38366700000000004,26.43355711,0.126076761,0.269530745,0.377814407,-0.024272447,0.283932375,0.642479663,0.923876494,0.059214617,True,H_nonSOE,0.027030543498797632,0.19546399999999997,-0.16843345650120234,-51979238410.097046,0.0,1,0,,
600188.SH,兖矿能源,CSI,地方国有企业,能源,煤炭Ⅱ,能源--煤炭Ⅱ--煤炭Ⅲ--煤炭与消费用燃料,2023,,,,,,,,,,414317629000.0,,0.051511,17778972000.0,3563014000.0,target_year,,,,,,,,,,SOE_target,0.095581,0.20117200000000002,26.455323,0.166306,0.250024,0.506423,0.01511,0.306255,0.548879,1.05571,0.055648,True,H_nonSOE,0.05841371038667269,0.095581,-0.03716728961332731,-15399063308.950098,0.0,1,0,,
600188.SH,兖矿能源,CSI,地方国有企业,能源,煤炭Ⅱ,能源--煤炭Ⅱ--煤炭Ⅲ--煤炭与消费用燃料,2024,,,,,,,,,,356350370000.0,,0.051055,14056067000.0,4137324000.0,target_year,,,,,,,,,,SOE_target,0.08046099999999999,0.193195,26.749899,0.137765,0.263234,0.327655,-0.057889,0.316449,0.597567,0.806057,0.064969,True,H_nonSOE,0.033908341368295895,0.08046099999999999,-0.046552658631704096,-16589057127.891449,0.0,0,1,FirmSize_lag,
600188.SH,兖矿能源,CSI,地方国有企业,能源,煤炭Ⅱ,能源--煤炭Ⅱ--煤炭Ⅲ--煤炭与消费用燃料,2025,,,,,,,,,,451972364000.0,,0.027923,8524664000.0,4095650000.0,target_year,,,,,,,,,,SOE_target,0.057912,0.131251,26.59918,0.144603,0.263097,0.323185,-0.054503,0.375712,0.629619,0.834785,0.052579,True,H_nonSOE,0.034137577028963195,0.057912,-0.023774422971036803,-10745382152.955408,0.0,0,1,FirmSize_lag,
600309.SH,万华化学,CSI,地方国有企业,材料,化工,材料--化工--基础化工--商品化工,2019,,,,,,,,,,96865322655.0,,0.117008313,10129985098.0,1204062846.0,target_year,,,,,,,,,,SOE_target,0.153052,0.266079,25.06593632,0.226505092,0.192081294,0.841741027,-0.042060662,0.511890882,0.489675535,0.901909063,0.13364523,True,H_nonSOE,0.1375989798167804,0.153052,-0.01545302018321959,-1496861786.0417929,0.0,1,0,,
600309.SH,万华化学,CSI,地方国有企业,材料,化工,材料--化工--基础化工--商品化工,2020,,,,,,,,,,133753000000.0,,0.083122398,10041428015.0,1076414577.0,target_year,,,,,,,,,,SOE_target,0.101746,0.22034099999999998,25.29658742,0.250213206,0.180537484,0.776561667,-0.220057996,0.635362071,0.546470731,0.524192072,0.183913232,True,H_nonSOE,0.11588819384690124,0.101746,0.014142193846901241,1891560853.6045816,1891560853.6045816,0,1,FixedAssetsRatio_lag,
600309.SH,万华化学,CSI,地方国有企业,材料,化工,材料--化工--基础化工--商品化工,2021,,,,,,,,,,190310000000.0,,0.140208439,24648748123.0,2034261425.0,target_year,,,,,,,,,,SOE_target,0.187508,0.420344,25.61925818,0.244652397,0.203999831,0.630976773,-0.206406942,0.595338767,0.613833698,0.594805539,0.173721261,True,H_nonSOE,0.09278056770602493,0.187508,-0.09472743229397508,-18027577639.866398,0.0,1,0,,
600309.SH,万华化学,CSI,地方国有企业,材料,化工,材料--化工--基础化工--商品化工,2022,,,,,,,,,,200843000000.0,,0.086976163,16233626024.0,1234944691.0,target_year,,,,,,,,,,SOE_target,0.099913,0.223384,25.97191796,0.272912546,0.197245037,0.892780517,-0.135100194,0.497004865,0.623268223,0.737650082,0.141871905,True,H_nonSOE,0.11641467763909663,0.099913,0.01650167763909663,3314246442.069084,3314246442.069084,1,0,,
600309.SH,万华化学,CSI,地方国有企业,材料,化工,材料--化工--基础化工--商品化工,2023,,,,,,,,,,253040390845.31,,0.07308,16815755534.31,1676471684.26,target_year,,,,,,,,,,SOE_target,0.088172,0.203211,26.02579,0.22786,0.212868,0.841883,-0.216511,0.575682,0.595022,0.542349,0.162597,True,H_nonSOE,0.1139520478394021,0.088172,0.025780047839402104,6523393381.2930975,6523393381.2930975,1,0,,
600309.SH,万华化学,CSI,地方国有企业,材料,化工,材料--化工--基础化工--商品化工,2024,,,,,,,,,,293333349744.25,,0.051571,13033066612.84,2094484339.39,target_year,,,,,,,,,,SOE_target,0.069618,0.14221899999999998,26.256815,0.212902,0.215825,0.768484,-0.184923,0.589702,0.626723,0.569352,0.170322,True,H_nonSOE,0.1018621297147671,0.069618,0.0322441297147671,9458278578.820744,9458278578.820744,1,0,,
600309.SH,万华化学,CSI,地方国有企业,材料,化工,材料--化工--基础化工--商品化工,2025,,,,,,,,,,323009018441.98,,0.045222,12527201094.15,2079996797.01,target_year,,,,,,,,,,SOE_target,0.059539,0.123462,26.404576,0.217908,0.213171,0.662497,-0.191224,0.62041,0.647159,0.555115,0.122148,True,H_nonSOE,0.09698321712588234,0.059539,0.03744421712588234,12094819820.159632,12094819820.159632,1,0,,
600362.SH,江西铜业,CSI,地方国有企业,材料,有色金属,材料--有色金属--其他金属与采矿--铜,2019,,,,,,,,,,134914000000.0,,0.032033864,2437988000.0,1883826000.0,target_year,,,,,,,,,,SOE_target,0.033765,0.047564999999999996,25.3566913,0.27307784,0.167062795,2.140373487,0.227714688,0.209602968,0.494227646,1.50769518,0.024828003,True,H_nonSOE,0.2634068615977662,0.033765,0.22964186159776623,30981902115.601032,30981902115.601032,1,0,,
600362.SH,江西铜业,CSI,地方国有企业,材料,有色金属,材料--有色金属--其他金属与采矿--铜,2020,,,,,,,,,,140882000000.0,,0.02965472,2227704000.0,1950099000.0,target_year,,,,,,,,,,SOE_target,0.037725,0.039549,25.62790275,0.258910733,0.15478921,2.015188426,0.116088129,0.199146181,0.562442458,1.229031729,0.024626941,True,H_nonSOE,0.2467776384256052,0.037725,0.2090526384256052,29451753806.676113,29451753806.676113,1,0,,
600362.SH,江西铜业,CSI,地方国有企业,材料,有色金属,材料--有色金属--其他金属与采矿--铜,2021,,,,,,,,,,161035000000.0,,0.048382962,5772525000.0,2018808000.0,target_year,,,,,,,,,,SOE_target,0.06250499999999999,0.089007,25.67118532,0.286687902,0.159708925,2.304290845,0.154970935,0.181430297,0.52542187,1.387973092,0.025885937,True,H_nonSOE,0.2534301568533474,0.06250499999999999,0.19092515685334743,30745632633.878803,30745632633.878803,1,0,,
600362.SH,江西铜业,CSI,地方国有企业,材料,有色金属,材料--有色金属--其他金属与采矿--铜,2022,,,,,,,,,,167331000000.0,,0.047622108,6001476000.0,1967157000.0,target_year,,,,,,,,,,SOE_target,0.057654,0.08375099999999999,25.80488535,0.295819925,0.168216562,2.925410719,0.16153585,0.157166138,0.516812504,1.386929611,0.017832629,True,H_nonSOE,0.25480785043497717,0.057654,0.19715385043497718,32989950947.135166,32989950947.135166,1,0,,
600362.SH,江西铜业,CSI,地方国有企业,材料,有色金属,材料--有色金属--其他金属与采矿--铜,2023,,,,,,,,,,168150906000.0,,0.053938,6745839000.0,2323801000.0,target_year,,,,,,,,,,SOE_target,0.065317,0.09572599999999999,25.843237,0.27925,0.153058,2.913785,0.140327,0.161812,0.51025,1.320747,0.031766,True,H_nonSOE,0.2538437897346086,0.065317,0.18852678973460857,31700950499.14593,31700950499.14593,1,0,,
600362.SH,江西铜业,CSI,地方国有企业,材料,有色金属,材料--有色金属--其他金属与采矿--铜,2024,,,,,,,,,,193127836000.0,,0.04877,6900987000.0,2517793000.0,target_year,,,,,,,,,,SOE_target,0.063979,0.094945,25.848128,0.30029,0.159476,3.10204,0.188639,0.195189,0.543573,1.451231,0.040507,True,H_nonSOE,0.25003203557495296,0.063979,0.18605303557495295,35932020141.82168,35932020141.82168,1,0,,
600362.SH,江西铜业,CSI,地方国有企业,材料,有色金属,材料--有色金属--其他金属与采矿--铜,2025,,,,,,,,,,218691169000.0,,0.045031,7372829000.0,2475070000.0,target_year,,,,,,,,,,SOE_target,0.053338,0.09261100000000001,25.986618,0.290054,0.15747,2.874502,0.149061,0.19198,0.545368,1.333937,0.034125,True,H_nonSOE,0.24979003147988216,0.053338,0.19645203147988216,42962324416.76023,42962324416.76023,1,0,,
600372.SH,中航机载,CSI,中央国有企业,工业,国防军工,工业--国防军工--航空航天与国防Ⅲ--航空航天,2019,,,,,,,,,,22696700722.0,,0.038537034,556020333.4,318643189.9,target_year,,,,,,,,,,SOE_target,0.041747,0.072201,23.79832538,0.088537078,0.285442207,0.355248156,0.227058738,0.198282525,0.634501425,1.448891967,0.039258305,True,H_nonSOE,0.013628052886756902,0.041747,-0.028118947113243097,-638207327.2470244,0.0,1,0,,
600372.SH,中航机载,CSI,中央国有企业,工业,国防军工,工业--国防军工--航空航天与国防Ⅲ--航空航天,2020,,,,,,,,,,24719896668.0,,0.035788368,630777488.8,253907263.1,target_year,,,,,,,,,,SOE_target,0.030347,0.068315,23.84548541,0.088984862,0.279462147,0.374932205,0.247904795,0.192049706,0.637732538,1.495248109,0.034509268,True,H_nonSOE,0.016006427146774107,0.030347,-0.014340572853225892,-354497479.09167,0.0,1,0,,
600372.SH,中航机载,CSI,中央国有企业,工业,国防军工,工业--国防军工--航空航天与国防Ⅲ--航空航天,2021,,,,,,,,,,26262648705.0,,0.035448331,798697071.3,132269986.5,target_year,,,,,,,,,,SOE_target,0.038635,0.073063,23.93087429,0.086942312,0.273615357,0.36796172,0.295766718,0.197663982,0.553869032,1.657799537,0.03562793,True,H_nonSOE,0.03349793096758204,0.038635,-0.005137069032417965,-134913039.3717273,0.0,1,0,,
600372.SH,中航机载,CSI,中央国有企业,工业,国防军工,工业--国防军工--航空航天与国防Ⅲ--航空航天,2022,,,,,,,,,,28402468059.0,,0.037133494,871912569.3,182770303.0,target_year,,,,,,,,,,SOE_target,0.039441000000000004,0.074451,23.99141357,0.086550715,0.271325141,0.384612869,0.28014269,0.203234787,0.556326897,1.610303347,0.031237761,True,H_nonSOE,0.036438695100796364,0.039441000000000004,-0.0030023048992036394,-85272869.00301059,0.0,1,0,,
600372.SH,中航机载,CSI,中央国有企业,工业,国防军工,工业--国防军工--航空航天与国防Ⅲ--航空航天,2023,,,,,,,,,,73523417381.93,,0.027009,1886420594.77,99351150.07,target_year,,,,,,,,,,SOE_target,0.044280999999999994,0.078163,24.069742,0.085827,0.272876,0.407307,0.261113,0.182826,0.555523,1.517513,0.017857,True,H_nonSOE,0.04038096823952738,0.044280999999999994,-0.0039000317604726137,-286743662.9280112,0.0,1,0,,
600372.SH,中航机载,CSI,中央国有企业,工业,国防军工,工业--国防军工--航空航天与国防Ⅲ--航空航天,2024,,,,,,,,,,78120456108.96,,0.014631,1040725755.41,102256730.44,target_year,,,,,,,,,,SOE_target,0.018606,0.028304,25.02087,0.178262,0.247277,0.56487,0.34877,0.173278,0.487307,1.859553,0.019524,True,H_nonSOE,0.08429206468578374,0.018606,0.06568606468578374,5131425333.256077,5131425333.256077,1,0,,
600372.SH,中航机载,CSI,中央国有企业,工业,国防军工,工业--国防军工--航空航天与国防Ⅲ--航空航天,2025,,,,,,,,,,83259234737.86,,0.015266,1067323487.88,203724505.25,target_year,,,,,,,,,,SOE_target,0.020488,0.028304999999999997,25.081518,0.14773,0.253215,0.312028,0.312238,0.166134,0.498049,1.694911,0.025577,True,H_nonSOE,0.06212957315680776,0.020488,0.04164157315680776,3467045514.316427,3467045514.316427,1,0,,
600377.SH,宁沪高速,CSI,地方国有企业,工业,交通运输,工业--交通运输--交通基础设施--公路与铁路,2019,,,,,,,,,,55625048625.0,,0.083808736,4199704372.0,462160618.9,target_year,,,,,,,,,,SOE_target,0.11512800000000001,0.15359899999999999,24.5978513,0.011445846,0.111099702,0.219835426,-0.019645962,0.247119711,0.390527538,0.861772049,0.073607939,True,H_nonSOE,-0.008489992113250085,0.11512800000000001,-0.12361799211325009,-6876256822.224402,0.0,0,1,HHI_lag,
600377.SH,宁沪高速,CSI,地方国有企业,工业,交通运输,工业--交通运输--交通基础设施--公路与铁路,2020,,,,,,,,,,61095560365.0,,0.047471427,2464213676.0,436079760.4,target_year,,,,,,,,,,SOE_target,0.062762,0.08683400000000001,24.74189945,0.010413744,0.108646931,0.194207477,-0.127543892,0.294994748,0.412443891,0.459302808,0.087188599,True,H_nonSOE,-0.010280362652390407,0.062762,-0.0730423626523904,-4462564076.631339,0.0,0,1,HHI_lag,
600377.SH,宁沪高速,CSI,地方国有企业,工业,交通运输,工业--交通运输--交通基础设施--公路与铁路,2021,,,,,,,,,,67662020722.0,,0.073413497,4178794497.0,788511048.1,target_year,,,,,,,,,,SOE_target,0.096206,0.143011,24.83570504,0.010096948,0.123286456,0.137635792,-0.10632362,0.283636888,0.459056117,0.537101648,0.06948944,True,H_nonSOE,-0.019671313418759058,0.096206,-0.11587731341875906,-7840493181.749764,0.0,0,1,HHI_lag,
600377.SH,宁沪高速,CSI,地方国有企业,工业,交通运输,工业--交通运输--交通基础设施--公路与铁路,2022,,,,,,,,,,78458345074.0,,0.061469015,3724115166.0,1098642030.0,target_year,,,,,,,,,,SOE_target,0.077421,0.119802,24.93779087,0.012528305,0.15352339,0.214241167,-0.066822044,0.043427104,0.477404124,0.651384465,0.049049776,True,H_nonSOE,-0.03187287766402288,0.077421,-0.10929387766402288,-8575016768.239448,0.0,1,0,,
600377.SH,宁沪高速,CSI,地方国有企业,工业,交通运输,工业--交通运输--交通基础设施--公路与铁路,2023,,,,,,,,,,78661443944.36,,0.069785,4413271587.29,1076088753.42,target_year,,,,,,,,,,SOE_target,0.085532,0.133881,25.085834,0.011288,0.180808,0.181434,-0.054283,0.104956,0.5163,0.687869,0.051481,True,H_nonSOE,-0.03426602091240035,0.085532,-0.11979802091240035,-9423485306.646048,0.0,1,0,,
600377.SH,宁沪高速,CSI,地方国有企业,工业,交通运输,工业--交通运输--交通基础设施--公路与铁路,2024,,,,,,,,,,89886075247.13,,0.065752,4946691605.41,963483489.08,target_year,,,,,,,,,,SOE_target,0.08614100000000001,0.136302,25.088419,0.012498,0.114556,0.193381,-0.010331,0.097668,0.480196,0.914899,0.048364,True,H_nonSOE,-0.027409307226886177,0.08614100000000001,-0.1135503072268862,-10206591459.730623,0.0,0,1,HHI_lag,
600377.SH,宁沪高速,CSI,地方国有企业,工业,交通运输,工业--交通运输--交通基础设施--公路与铁路,2025,,,,,,,,,,96388991421.56,,0.056364,4593870605.31,838994863.39,target_year,,,,,,,,,,SOE_target,0.074415,0.11478999999999999,25.221809,0.016701,0.116886,0.275272,-0.086697,0.082371,0.4467,0.518561,0.120178,True,H_nonSOE,-0.02240413974595768,0.074415,-0.09681913974595768,-9332299230.415934,0.0,0,1,HHI_lag,
600406.SH,国电南瑞,CSI,中央国有企业,工业,电气设备,工业--电气设备--电气设备Ⅲ--电气部件与设备,2019,,,,,,,,,,57424875019.0,,0.076932332,4343067281.0,74762257.48,target_year,,,,,,,,,,SOE_target,0.09559799999999999,0.148972,24.68102405,0.080040228,0.075162529,0.57528482,0.358267037,0.151511094,0.438641589,1.831750321,0.032746689,True,H_nonSOE,0.08694727456253669,0.09559799999999999,-0.0086507254374633,-496766827.07001406,0.0,0,1,HHI_lag,
600406.SH,国电南瑞,CSI,中央国有企业,工业,电气设备,工业--电气设备--电气设备Ⅲ--电气部件与设备,2020,,,,,,,,,,65962017470.0,,0.074601339,4851540712.0,69314111.2,target_year,,,,,,,,,,SOE_target,0.09493700000000001,0.150043,24.77374341,0.074581189,0.069863037,0.587178263,0.318429201,0.189080259,0.431386914,1.751891674,0.051007372,True,H_nonSOE,0.0904231387632192,0.09493700000000001,-0.004513861236780811,-297743393.7576917,0.0,0,1,HHI_lag,
600406.SH,国电南瑞,CSI,中央国有企业,工业,电气设备,工业--电气设备--电气设备Ⅲ--电气部件与设备,2021,,,,,,,,,,72732951414.0,,0.07585696,5642448312.0,-125147720.6,target_year,,,,,,,,,,SOE_target,0.097209,0.156425,24.91234492,0.074747547,0.069189957,0.620771318,0.300420686,0.175602059,0.448290308,1.709676587,0.052515301,True,H_nonSOE,0.09072258163148064,0.097209,-0.006486418368519362,-471776352.0483959,0.0,0,1,HHI_lag,
600406.SH,国电南瑞,CSI,中央国有企业,工业,电气设备,工业--电气设备--电气设备Ⅲ--电气部件与设备,2022,,,,,,,,,,76665557522.0,,0.077997441,6446181151.0,-466463828.2,target_year,,,,,,,,,,SOE_target,0.099314,0.160227,25.01006037,0.057367108,0.081262738,0.608389809,0.291924688,0.171913904,0.442584907,1.696586324,0.027723262,True,H_nonSOE,0.09538726483188359,0.099314,-0.00392673516811641,-301045340.904889,0.0,0,1,HHI_lag,
600406.SH,国电南瑞,CSI,中央国有企业,工业,电气设备,工业--电气设备--电气设备Ⅲ--电气部件与设备,2023,,,,,,,,,,86087418302.42,,0.077922,7183687344.52,-475609422.41,target_year,,,,,,,,,,SOE_target,0.099833,0.160248,25.062718,0.035944,0.108841,0.622681,0.332505,0.15197,0.408361,1.830446,0.044547,True,H_nonSOE,0.09948216968925971,0.099833,-0.00035083031074029103,-30202075.713867426,0.0,0,1,HHI_lag,
600406.SH,国电南瑞,CSI,中央国有企业,工业,电气设备,工业--电气设备--电气设备Ⅲ--电气部件与设备,2024,,,,,,,,,,92705313123.25,,0.076956,7610121306.96,-475852442.3,target_year,,,,,,,,,,SOE_target,0.096785,0.157861,25.178629,0.034286,0.112299,0.629757,0.372577,0.120765,0.414795,1.912763,0.022668,True,H_nonSOE,0.10237345774813353,0.096785,0.005588457748133532,518079725.4167717,518079725.4167717,0,1,HHI_lag,
600406.SH,国电南瑞,CSI,中央国有企业,工业,电气设备,工业--电气设备--电气设备Ⅲ--电气部件与设备,2025,,,,,,,,,,98585657661.02,,0.082259,8278971723.32,-169421300.09,target_year,,,,,,,,,,SOE_target,0.100888,0.16253900000000002,25.252692,0.042088,0.107313,0.637413,0.388622,0.100528,0.431145,1.917368,0.019759,True,H_nonSOE,0.10086058934044512,0.100888,-2.7410659554888417e-05,-2702297.8991409964,0.0,0,1,HHI_lag,
600415.SH,小商品城,CSI,地方国有企业,工业,企业服务,工业--企业服务--商业服务与用品--综合支持服务,2019,,,,,,,,,,31323233994.0,,0.0538665,1255276024.0,431996964.5,target_year,,,,,,,,,,SOE_target,0.06334,0.101303,24.01456867,1.0,1.0,0.132252563,-0.039002537,0.230567379,0.560046211,0.920067909,0.016351929,True,H_nonSOE,0.0028444169350457515,0.06334,-0.06049558306495424,-1894917303.9470255,0.0,0,2,"HHI_lag, MarketShare_lag",
600415.SH,小商品城,CSI,地方国有企业,工业,企业服务,工业--企业服务--商业服务与用品--综合支持服务,2020,,,,,,,,,,28750127147.0,,0.038563878,926626706.4,182089699.3,target_year,,,,,,,,,,SOE_target,0.053391,0.069727,24.16762596,1.0,1.0,0.129631555,0.079354983,0.180363677,0.582281348,1.192794216,0.030387059,True,H_nonSOE,-0.002798901842026781,0.053391,-0.05618990184202678,-1615466822.3357196,0.0,0,2,"HHI_lag, MarketShare_lag",
600415.SH,小商品城,CSI,地方国有企业,工业,企业服务,工业--企业服务--商业服务与用品--综合支持服务,2021,,,,,,,,,,31014635513.0,,0.048815906,1334095907.0,179911613.7,target_year,,,,,,,,,,SOE_target,0.061460999999999995,0.094721,24.08190803,1.0,1.0,0.118515097,-0.033032909,0.21624898,0.527838284,0.914368028,0.042161709,True,H_nonSOE,0.005607687265760174,0.061460999999999995,-0.055853312734239824,-1732270136.6460495,0.0,0,2,"HHI_lag, MarketShare_lag",
600415.SH,小商品城,CSI,地方国有企业,工业,企业服务,工业--企业服务--商业服务与用品--综合支持服务,2022,,,,,,,,,,32111004317.0,,0.043093729,1104719092.0,279063831.1,target_year,,,,,,,,,,SOE_target,0.041082,0.073961,24.15772504,1.0,1.0,0.196506553,-0.200120846,0.198911539,0.528260067,0.589122806,0.065860094,True,H_nonSOE,0.0029512168255639154,0.041082,-0.038130783174436085,-1224417743.1249082,0.0,0,2,"HHI_lag, MarketShare_lag",
600415.SH,小商品城,CSI,地方国有企业,工业,企业服务,工业--企业服务--商业服务与用品--综合支持服务,2023,,,,,,,,,,36218947000.0,,0.079221,2676182000.0,193111000.0,target_year,,,,,,,,,,SOE_target,0.096951,0.162436,24.192465,1.0,1.0,0.235112,-0.222906,0.251657,0.524117,0.423328,0.128146,True,H_nonSOE,0.002678063532735829,0.096951,-0.09427293646726417,-3414466489.4422083,0.0,0,2,"HHI_lag, MarketShare_lag",
600415.SH,小商品城,CSI,地方国有企业,工业,企业服务,工业--企业服务--商业服务与用品--综合支持服务,2024,,,,,,,,,,39168461000.0,,0.082095,3073677000.0,141845000.0,target_year,,,,,,,,,,SOE_target,0.108774,0.160959,24.312848,1.0,1.0,0.330185,-0.197133,0.203438,0.511197,0.480069,0.072549,True,H_nonSOE,0.020138143490480064,0.108774,-0.08863585650951994,-3471730088.8947277,0.0,0,2,"HHI_lag, MarketShare_lag",
600415.SH,小商品城,CSI,地方国有企业,工业,企业服务,工业--企业服务--商业服务与用品--综合支持服务,2025,,,,,,,,,,44405436000.0,,0.096453,4203547000.0,79493000.0,target_year,,,,,,,,,,SOE_target,0.128412,0.193482,24.391138,1.0,1.0,0.410543,-0.200038,0.189302,0.47477,0.554038,0.038303,True,H_nonSOE,0.037704075150372315,0.128412,-0.09070792484962768,-4027924951.6029515,0.0,0,2,"HHI_lag, MarketShare_lag",
600426.SH,华鲁恒升,CSI,地方国有企业,材料,化工,材料--化工--农用化工--化肥与农用药剂,2019,,,,,,,,,,18187250698.0,,0.144365746,2453030877.0,172585138.5,target_year,,,,,,,,,,SOE_target,0.165545,0.18654800000000002,23.64948878,0.053759205,0.192081294,0.822311198,0.018175969,0.706377359,0.353168815,1.085255392,0.069000749,True,H_nonSOE,0.14185096510792206,0.165545,-0.023694034892077942,-430929352.6293809,0.0,0,1,FixedAssetsRatio_lag,
600426.SH,华鲁恒升,CSI,地方国有企业,材料,化工,材料--化工--农用化工--化肥与农用药剂,2020,,,,,,,,,,20549289346.0,,0.092689026,1798376502.0,106317113.0,target_year,,,,,,,,,,SOE_target,0.10961399999999999,0.121104,23.62398667,0.052275357,0.180537484,0.765221932,0.058111226,0.68506024,0.217518294,1.434260146,0.102025627,True,H_nonSOE,0.15535193258593144,0.10961399999999999,0.04573793258593145,939882010.7961473,939882010.7961473,0,1,FixedAssetsRatio_lag,
600426.SH,华鲁恒升,CSI,地方国有企业,材料,化工,材料--化工--农用化工--化肥与农用药剂,2021,,,,,,,,,,28653178698.0,,0.256996505,7254167061.0,109599732.9,target_year,,,,,,,,,,SOE_target,0.350209,0.384587,23.7460922,0.043768215,0.203999831,0.672039958,-0.021759985,0.716394492,0.238479061,0.879608179,0.127291765,True,H_nonSOE,0.14592829201783927,0.350209,-0.20428070798216072,-5853291630.366806,0.0,0,1,FixedAssetsRatio_lag,
600426.SH,华鲁恒升,CSI,地方国有企业,材料,化工,材料--化工--农用化工--化肥与农用药剂,2022,,,,,,,,,,35005445704.0,,0.181349031,6289374659.0,58829004.27,target_year,,,,,,,,,,SOE_target,0.232823,0.25577500000000003,24.07853022,0.04999619,0.197245037,1.077208247,0.145599252,0.604131887,0.207575966,1.988796587,0.128166895,True,H_nonSOE,0.18245553864449146,0.232823,-0.05036746135550854,-1763135433.7285726,0.0,1,0,,
600426.SH,华鲁恒升,CSI,地方国有企业,材料,化工,材料--化工--农用化工--化肥与农用药剂,2023,,,,,,,,,,44051457552.57,,0.082722,3575898630.37,68124308.2,target_year,,,,,,,,,,SOE_target,0.10829599999999999,0.128136,24.278769,0.041555,0.212868,0.943401,0.143146,0.588965,0.202385,2.403407,0.199116,True,H_nonSOE,0.16242415203531227,0.10829599999999999,0.05412815203531228,2384423991.782614,2384423991.782614,1,0,,
600426.SH,华鲁恒升,CSI,地方国有企业,材料,化工,材料--化工--农用化工--化肥与农用药剂,2024,,,,,,,,,,46657911907.48,,0.088364,3902593305.73,220305651.56,target_year,,,,,,,,,,SOE_target,0.115422,0.130283,24.508624,0.033045,0.215825,0.684814,0.048453,0.729643,0.309044,1.368756,0.197735,True,H_nonSOE,0.1354332508950283,0.115422,0.02001125089502831,933683181.4187112,933683181.4187112,0,1,FixedAssetsRatio_lag,
600426.SH,华鲁恒升,CSI,地方国有企业,材料,化工,材料--化工--农用化工--化肥与农用药剂,2025,,,,,,,,,,49177377189.73,,0.072767,3315494470.04,262996143.83,target_year,,,,,,,,,,SOE_target,0.09444000000000001,0.10345,24.566108,0.040966,0.213171,0.750189,0.039628,0.747737,0.296416,1.334617,0.108893,True,H_nonSOE,0.1556293384004007,0.09444000000000001,0.06118933840040068,3009131174.5065346,3009131174.5065346,0,1,FixedAssetsRatio_lag,
600436.SH,片仔癀,CSI,地方国有企业,医疗保健,医药生物,医疗保健--医药生物--制药--中药,2019,,,,,,,,,,8810796391.0,,0.159521104,1374376824.0,31131145.29,target_year,,,,,,,,,,SOE_target,0.206961,0.235988,22.61904861,0.014921144,0.277672488,0.767580889,0.591842655,0.035469812,0.202792045,4.055176811,0.011150241,True,H_nonSOE,0.0032101341091375427,0.206961,-0.20375086589086247,-1795207393.854336,0.0,1,0,,
600436.SH,片仔癀,CSI,地方国有企业,医疗保健,医药生物,医疗保健--医药生物--制药--中药,2020,,,,,,,,,,10205569714.0,,0.15789427,1671518667.0,-60117690.48,target_year,,,,,,,,,,SOE_target,0.208126,0.230657,22.89924367,0.015270738,0.276190471,0.733929094,0.636185727,0.027324402,0.208952607,4.208536053,0.007426797,True,H_nonSOE,0.004638762584745944,0.208126,-0.20348723741525407,-2076703187.3506446,0.0,1,0,,
600436.SH,片仔癀,CSI,地方国有企业,医疗保健,医药生物,医疗保健--医药生物--制药--中药,2021,,,,,,,,,,12495334742.0,,0.187847669,2431454745.0,-84235237.62,target_year,,,,,,,,,,SOE_target,0.252767,0.276818,23.04619946,0.016150361,0.256105921,0.679157303,0.63648568,0.025648201,0.19097554,4.608033642,0.041057092,True,H_nonSOE,-0.0036255456985756426,0.252767,-0.25639254569857567,-3203710683.8572354,0.0,1,0,,
600436.SH,片仔癀,CSI,地方国有企业,医疗保健,医药生物,医疗保健--医药生物--制药--中药,2022,,,,,,,,,,14603844518.0,,0.165023006,2472344732.0,-62374415.78,target_year,,,,,,,,,,SOE_target,0.21976600000000002,0.23507,23.24862119,0.016603444,0.230275265,0.700368482,0.679961024,0.022322156,0.188757291,4.975676054,0.007376102,True,H_nonSOE,0.004274917836992596,0.21976600000000002,-0.2154910821630074,-3146998258.9241233,0.0,1,0,,
600436.SH,片仔癀,CSI,地方国有企业,医疗保健,医药生物,医疗保健--医药生物--制药--中药,2023,,,,,,,,,,17080413435.81,,0.16331,2797351515.7,-7953890.04,target_year,,,,,,,,,,SOE_target,0.21265499999999998,0.226449,23.404551,0.015924,0.212266,0.636332,0.69808,0.022027,0.190354,5.061318,0.012009,True,H_nonSOE,0.0010686312008593782,0.21265499999999998,-0.2115863687991406,-3613982656.471091,0.0,1,0,,
600436.SH,片仔癀,CSI,地方国有企业,医疗保健,医药生物,医疗保健--医药生物--制药--中药,2024,,,,,,,,,,17539661657.5,,0.169484,2977002486.34,-4319056.56,target_year,,,,,,,,,,SOE_target,0.20418299999999998,0.21535,23.561198,0.016631,0.216978,0.629831,0.715259,0.027513,0.185002,5.237409,0.008306,True,H_nonSOE,0.00326732564257793,0.20418299999999998,-0.20091567435742205,-3523992949.9176316,0.0,1,0,,
600436.SH,片仔癀,CSI,地方国有企业,医疗保健,医药生物,医疗保健--医药生物--制药--中药,2025,,,,,,,,,,17560037344.69,,0.124081,2158633048.42,20226793.2,target_year,,,,,,,,,,SOE_target,0.145759,0.149847,23.587731,0.017688,0.230555,0.619207,0.510557,0.07495,0.15399,4.772412,0.060907,True,H_nonSOE,0.00215628318097303,0.145759,-0.14360271681902698,-2521669070.141056,0.0,1,0,,
600482.SH,中国动力,CSI,中央国有企业,工业,机械,工业--机械--机械Ⅲ--建筑机械与重型卡车,2019,,,,,,,,,,56015704188.0,,0.021066248,991122501.3,188918210.8,target_year,,,,,,,,,,SOE_target,0.021861000000000002,0.037224,24.7699628,0.051930912,0.247583643,0.576793352,0.332161962,0.199063948,0.459162622,1.846252165,0.025847307,True,H_nonSOE,0.0869402336254749,0.021861000000000002,0.0650792336254749,3645459099.5463443,3645459099.5463443,1,0,,
600482.SH,中国动力,CSI,中央国有企业,工业,机械,工业--机械--机械Ⅲ--建筑机械与重型卡车,2020,,,,,,,,,,58744689010.0,,0.009974478,542857007.1,43090612.38,target_year,,,,,,,,,,SOE_target,0.01155,0.017203,24.74889792,0.045077149,0.225950341,0.517407526,0.411757521,0.217079015,0.347135411,2.466997135,0.033752662,True,H_nonSOE,0.09925572030614985,0.01155,0.08770572030614984,5152245263.782814,5152245263.782814,1,0,,
600482.SH,中国动力,CSI,中央国有企业,工业,机械,工业--机械--机械Ⅲ--建筑机械与重型卡车,2021,,,,,,,,,,62005997289.0,,0.01022811,613048770.5,21155409.87,target_year,,,,,,,,,,SOE_target,0.012637,0.017034,24.79646659,0.034860421,0.195497669,0.464410462,0.42441873,0.214387711,0.377798653,2.605407503,0.020669161,True,H_nonSOE,0.09062386405376371,0.012637,0.07798686405376372,4835653281.095284,4835653281.095284,1,0,,
600482.SH,中国动力,CSI,中央国有企业,工业,机械,工业--机械--机械Ⅲ--建筑机械与重型卡车,2022,,,,,,,,,,85867792662.0,,0.002736134,332687082.9,-97741320.07,target_year,,,,,,,,,,SOE_target,0.004758,0.009274,24.85049695,0.03483963,0.187780789,0.460886734,0.397369649,0.199766574,0.403258915,2.328060964,0.018590468,True,H_nonSOE,0.08801791633668057,0.004758,0.08325991633668058,7149345233.053555,7149345233.053555,1,0,,
600482.SH,中国动力,CSI,中央国有企业,工业,机械,工业--机械--机械Ⅲ--建筑机械与重型卡车,2023,,,,,,,,,,99119595878.61,,0.007033,779487252.58,-82406541.23,target_year,,,,,,,,,,SOE_target,0.011656999999999999,0.021549,25.176075,0.051108,0.187488,0.511977,0.349594,0.199063,0.468309,1.976542,0.014988,True,H_nonSOE,0.08883749845861294,0.011656999999999999,0.07718049845861294,7650099816.927397,7650099816.927397,1,0,,
600482.SH,中国动力,CSI,中央国有企业,工业,机械,工业--机械--机械Ⅲ--建筑机械与重型卡车,2024,,,,,,,,,,108947127910.61,,0.010127,1390869974.66,-287585557.51,target_year,,,,,,,,,,SOE_target,0.024444,0.036613,25.319593,0.054734,0.188674,0.481903,0.349827,0.171566,0.522741,1.897556,0.009325,True,H_nonSOE,0.07776292570747736,0.024444,0.053318925707477365,5808943819.108849,5808943819.108849,1,0,,
600482.SH,中国动力,CSI,中央国有企业,工业,机械,工业--机械--机械Ⅲ--建筑机械与重型卡车,2025,,,,,,,,,,116795591158.73,,0.007841,1300885777.44,-385069662.69,target_year,,,,,,,,,,SOE_target,0.031677,0.032863,25.414129,0.060583,0.187309,0.491489,0.33477,0.156553,0.532312,1.790372,0.009973,True,H_nonSOE,0.07618526255555258,0.031677,0.04450826255555258,5198368836.623731,5198368836.623731,1,0,,
600489.SH,中金黄金,CSI,中央国有企业,材料,有色金属,材料--有色金属--贵金属--黄金,2019,,,,,,,,,,40021635913.0,,0.017765359,178768317.4,532230416.5,target_year,,,,,,,,,,SOE_target,0.025233,0.013075000000000002,24.36223375,0.043496677,0.167062795,0.892001272,0.01554923,0.387881826,0.492146907,1.040654121,0.033759896,True,H_nonSOE,0.1635760371118634,0.025233,0.13834303711186338,5536714662.389644,5536714662.389644,1,0,,
600489.SH,中金黄金,CSI,中央国有企业,材料,有色金属,材料--有色金属--贵金属--黄金,2020,,,,,,,,,,45802747112.0,,0.045389079,1554638623.0,524305866.0,target_year,,,,,,,,,,SOE_target,0.056073000000000005,0.083728,24.41268604,0.041780262,0.15478921,0.990385297,0.011202003,0.36927657,0.502667595,1.027067204,0.039977449,True,H_nonSOE,0.16752279987211233,0.056073000000000005,0.11144979987211232,5104706999.22537,5104706999.22537,1,0,,
600489.SH,中金黄金,CSI,中央国有企业,材料,有色金属,材料--有色金属--贵金属--黄金,2021,,,,,,,,,,47631293984.0,,0.045137813,1697836681.0,452135778.8,target_year,,,,,,,,,,SOE_target,0.054226,0.070368,24.54760991,0.042820805,0.159708925,1.10601035,0.088210639,0.38329592,0.442747709,1.268584014,0.035541924,True,H_nonSOE,0.19266412577966244,0.054226,0.13843812577966244,6593987067.605071,6593987067.605071,1,0,,
600489.SH,中金黄金,CSI,中央国有企业,材料,有色金属,材料--有色金属--贵金属--黄金,2022,,,,,,,,,,48642313052.0,,0.052378211,2117139779.0,430657534.4,target_year,,,,,,,,,,SOE_target,0.063318,0.08348499999999999,24.58675582,0.037165564,0.168216562,1.187630737,0.117843859,0.353493946,0.43478337,1.364867896,0.026935395,True,H_nonSOE,0.19997125345927572,0.063318,0.1366532534592757,6647130334.340391,6647130334.340391,1,0,,
600489.SH,中金黄金,CSI,中央国有企业,材料,有色金属,材料--有色金属--贵金属--黄金,2023,,,,,,,,,,52680243371.36,,0.064674,2977855387.68,429181525.57,target_year,,,,,,,,,,SOE_target,0.084982,0.11501099999999999,24.60776,0.032911,0.153058,1.171252,0.116913,0.327818,0.424304,1.329625,0.023062,True,H_nonSOE,0.1998692237806389,0.084982,0.1148872237806389,6052286909.023955,6052286909.023955,1,0,,
600489.SH,中金黄金,CSI,中央国有企业,材料,有色金属,材料--有色金属--贵金属--黄金,2024,,,,,,,,,,55638663702.8,,0.066961,3385988472.81,339639762.12,target_year,,,,,,,,,,SOE_target,0.10135999999999999,0.12705,24.687506,0.034818,0.159476,1.190882,0.10582,0.311803,0.416555,1.365398,0.030848,True,H_nonSOE,0.20091378008154762,0.10135999999999999,0.09955378008154762,5539039290.299738,5539039290.299738,1,0,,
600489.SH,中金黄金,CSI,中央国有企业,材料,有色金属,材料--有色金属--贵金属--黄金,2025,,,,,,,,,,62550961213.58,,0.083675,4933582739.46,300387884.18,target_year,,,,,,,,,,SOE_target,0.129625,0.17095,24.742144,0.036012,0.15747,1.190325,0.137993,0.305226,0.414573,1.509469,0.043272,True,H_nonSOE,0.1995325008903741,0.129625,0.06990750089037412,4372781376.732101,4372781376.732101,1,0,,
600515.SH,海南机场,CSI,地方国有企业,房地产,房地产Ⅱ,房地产--房地产Ⅱ--房地产管理和开发--房地产开发,2019,,,,,,,,,,81523299957.0,,0.010411302,-1212912199.0,2061675899.0,target_year,,,,,,,,,,SOE_target,0.006821000000000001,-0.044611,25.26597659,0.017200231,0.396279334,0.104359404,0.160150595,0.0800513,0.608602648,1.37645289,0.007813703,True,H_nonSOE,0.06704630692915266,0.006821000000000001,0.06022530692915266,4909765761.787703,4909765761.787703,1,0,,
600515.SH,海南机场,CSI,地方国有企业,房地产,房地产Ⅱ,房地产--房地产Ⅱ--房地产管理和开发--房地产开发,2020,,,,,,,,,,57434499260.0,,-0.087684698,-7736830873.0,2700704149.0,target_year,,,,,,,,,,SOE_target,-0.106265,-0.5050979999999999,25.12415471,0.014972514,0.408200157,0.116158179,0.013623708,0.095212169,0.656139885,1.028301094,0.004837668,True,H_nonSOE,0.05455383860237413,-0.106265,0.16081883860237411,9236549466.702116,9236549466.702116,1,0,,
600515.SH,海南机场,CSI,地方国有企业,房地产,房地产Ⅱ,房地产--房地产Ⅱ--房地产管理和开发--房地产开发,2021,,,,,,,,,,61168928318.0,,0.01204503,463289691.7,273491895.7,target_year,,,,,,,,,,SOE_target,0.01861,0.034881,24.77391099,0.00691795,0.406330004,0.076628603,-0.277082839,0.131787007,0.858026092,0.632679943,0.007158523,True,H_nonSOE,0.0034020907953469723,0.01861,-0.01520790920465303,-930251508.0060736,0.0,1,0,,
600515.SH,海南机场,CSI,地方国有企业,房地产,房地产Ⅱ,房地产--房地产Ⅱ--房地产管理和开发--房地产开发,2022,,,,,,,,,,56125450012.0,,0.043689221,1856312763.0,595764415.3,target_year,,,,,,,,,,SOE_target,0.04491799999999999,0.088987,24.83690519,0.004902934,0.390202805,0.072534082,0.184552862,0.150839679,0.667156035,1.611567449,0.005480548,True,H_nonSOE,0.051845099275328044,0.04491799999999999,0.006927099275328051,388786564.10558593,388786564.10558593,1,0,,
600515.SH,海南机场,CSI,地方国有企业,房地产,房地产Ⅱ,房地产--房地产Ⅱ--房地产管理和开发--房地产开发,2023,,,,,,,,,,55794608066.78,,0.025982,952777304.64,496899788.07,target_year,,,,,,,,,,SOE_target,0.035449,0.041847,24.750855,0.004452,0.393852,0.07221,0.236873,0.172597,0.575791,2.203911,0.008616,True,H_nonSOE,0.0636662696032248,0.035449,0.0282172696032248,1574371498.2265925,1574371498.2265925,1,0,,
600515.SH,海南机场,CSI,地方国有企业,房地产,房地产Ⅱ,房地产--房地产Ⅱ--房地产管理和开发--房地产开发,2024,,,,,,,,,,53691111395.9,,0.016317,458501533.62,417578946.82,target_year,,,,,,,,,,SOE_target,0.015396,0.019660999999999998,24.744943,0.006362,0.37554,0.111115,0.227801,0.194336,0.555888,2.334503,0.029745,True,H_nonSOE,0.06403906109022839,0.015396,0.04864306109022839,2611700011.6330214,2611700011.6330214,1,0,,
600515.SH,海南机场,CSI,地方国有企业,房地产,房地产Ⅱ,房地产--房地产Ⅱ--房地产管理和开发--房地产开发,2025,,,,,,,,,,59718688955.05,,0.011697,218564398.53,479944246.33,target_year,,,,,,,,,,SOE_target,0.012048000000000001,0.009284,24.706513,0.004902,0.353891,0.073869,0.191783,0.205811,0.521749,1.962012,0.01083,True,H_nonSOE,0.07691039323551332,0.012048000000000001,0.06486239323551332,3873497086.5117593,3873497086.5117593,1,0,,
600519.SH,贵州茅台,CSI,地方国有企业,日常消费,食品饮料,日常消费--食品饮料--饮料--白酒与葡萄酒,2019,,,,,,,,,,183042000000.0,,0.225160593,41206471014.0,7458015.66,target_year,,,,,,,,,,SOE_target,0.342866,0.331177,25.79748091,0.093352251,0.118716357,0.423491305,0.596969869,0.107621129,0.265493085,3.248532646,0.010051821,True,H_nonSOE,0.17528789208373324,0.342866,-0.16757810791626676,-30673832029.2093,0.0,0,1,HHI_lag,
600519.SH,贵州茅台,CSI,地方国有企业,日常消费,食品饮料,日常消费--食品饮料--饮料--白酒与葡萄酒,2020,,,,,,,,,,213396000000.0,,0.217730024,46697285430.0,-234610582.4,target_year,,,,,,,,,,SOE_target,0.33395800000000003,0.314108,25.9329835,0.094875943,0.109737598,0.424022183,0.64428346,0.096497444,0.224898702,3.869839489,0.017202928,True,H_nonSOE,0.17517765055605644,0.33395800000000003,-0.1587803494439436,-33883091449.939785,0.0,0,1,HHI_lag,
600519.SH,贵州茅台,CSI,地方国有企业,日常消费,食品饮料,日常消费--食品饮料--饮料--白酒与葡萄酒,2021,,,,,,,,,,255168000000.0,,0.205643475,52460144378.0,13529867.76,target_year,,,,,,,,,,SOE_target,0.314138,0.299036,26.08641454,0.089343891,0.106852675,0.408784356,0.655957044,0.087501848,0.214039476,4.064752303,0.009792927,True,H_nonSOE,0.17427505955691133,0.314138,-0.13986294044308864,-35688546786.98204,0.0,0,1,HHI_lag,
600519.SH,贵州茅台,CSI,地方国有企业,日常消费,食品饮料,日常消费--食品饮料--饮料--白酒与葡萄酒,2022,,,,,,,,,,254365000000.0,,0.24660828,62716443738.0,12023204.77,target_year,,,,,,,,,,SOE_target,0.338499,0.324077,26.26518875,0.087555949,0.106913309,0.387932853,0.63821226,0.077572997,0.22812674,3.811942633,0.013358971,True,H_nonSOE,0.17108601827319916,0.338499,-0.16741298172680083,-42584003096.93769,0.0,0,1,HHI_lag,
600519.SH,贵州茅台,CSI,地方国有企业,日常消费,食品饮料,日常消费--食品饮料--饮料--白酒与葡萄酒,2023,,,,,,,,,,272699660092.25,,0.26749,74734071550.75,-1789503701.48,target_year,,,,,,,,,,SOE_target,0.393358,0.361755,26.262035,0.086572,0.105461,0.414513,0.658683,0.086297,0.19421,4.414725,0.020862,True,H_nonSOE,0.17220459624472056,0.393358,-0.22115340375527942,-60308458032.30882,0.0,0,1,HHI_lag,
600519.SH,贵州茅台,CSI,地方国有企业,日常消费,食品饮料,日常消费--食品饮料--饮料--白酒与葡萄酒,2024,,,,,,,,,,298944579918.7,,0.283524,86228146421.62,-1470219863.34,target_year,,,,,,,,,,SOE_target,0.413433,0.384283,26.331637,0.099153,0.100594,0.476069,0.64714,0.080846,0.179843,4.623892,0.009607,True,H_nonSOE,0.1778936511349401,0.413433,-0.2355393488650599,-70413211700.78946,0.0,0,1,HHI_lag,
600519.SH,贵州茅台,CSI,地方国有企业,日常消费,食品饮料,日常消费--食品饮料--饮料--白酒与葡萄酒,2025,,,,,,,,,,303834844021.44,,0.268254,82320067101.68,-815240284.72,target_year,,,,,,,,,,SOE_target,0.378049,0.34462000000000004,26.423524,0.11272,0.097008,0.503715,0.653,0.080353,0.190448,4.454079,0.015651,True,H_nonSOE,0.17991015799348978,0.378049,-0.19813884200651025,-60201484155.63679,0.0,0,1,HHI_lag,
600547.SH,山东黄金,CSI,地方国有企业,材料,有色金属,材料--有色金属--贵金属--黄金,2019,,,,,,,,,,58848726000.0,,0.034295033,1290503000.0,727716000.0,target_year,,,,,,,,,,SOE_target,0.052248,0.057457,24.54342986,0.069783967,0.167062795,1.234748067,-0.168747226,0.506074265,0.481784636,0.460910124,0.079974587,True,H_nonSOE,0.19734867322696548,0.052248,0.14510067322696546,8538989761.149226,8538989761.149226,1,0,,
600547.SH,山东黄金,CSI,地方国有企业,材料,有色金属,材料--有色金属--贵金属--黄金,2020,,,,,,,,,,64461691000.0,,0.046063033,2231533000.0,737768000.0,target_year,,,,,,,,,,SOE_target,0.062424,0.09291,24.79823602,0.06766359,0.15478921,1.198791734,-0.247137126,0.442311427,0.557028218,0.41604487,0.087074323,True,H_nonSOE,0.1748557498277459,0.062424,0.1124317498277459,7247540715.985459,7247540715.985459,1,0,,
600547.SH,山东黄金,CSI,地方国有企业,材料,有色金属,材料--有色金属--贵金属--黄金,2021,,,,,,,,,,79036550000.0,,0.006070812,-221301000.0,701117000.0,target_year,,,,,,,,,,SOE_target,0.008607,-0.009239,24.88933695,0.057422438,0.159708925,1.032278579,-0.191698943,0.44392585,0.505781116,0.516050317,0.084631149,True,H_nonSOE,0.1761544175181961,0.008607,0.1675474175181961,13242369842.047783,13242369842.047783,1,0,,
600547.SH,山东黄金,CSI,地方国有企业,材料,有色金属,材料--有色金属--贵金属--黄金,2022,,,,,,,,,,91216092000.0,,0.024132694,1191359000.0,1009931000.0,target_year,,,,,,,,,,SOE_target,0.033211,0.051716,25.09317624,0.022730128,0.168216562,0.472934661,-0.262458167,0.399789604,0.595619002,0.407525779,0.065528784,True,H_nonSOE,0.11509591833323152,0.033211,0.08188491833323153,7469222244.096534,7469222244.096534,1,0,,
600547.SH,山东黄金,CSI,地方国有企业,材料,有色金属,材料--有色金属--贵金属--黄金,2023,,,,,,,,,,135018841000.0,,0.02814,2267383000.0,1532106000.0,target_year,,,,,,,,,,SOE_target,0.043099,0.098295,25.236497,0.029365,0.153058,0.590954,-0.144872,0.405942,0.596539,0.619063,0.05267,True,H_nonSOE,0.13314518102245632,0.043099,0.09004618102245632,12157930998.128246,12157930998.128246,1,0,,
600547.SH,山东黄金,CSI,地方国有企业,材料,有色金属,材料--有色金属--贵金属--黄金,2024,,,,,,,,,,161010475000.0,,0.030549,2898680000.0,2020016000.0,target_year,,,,,,,,,,SOE_target,0.050286,0.12102299999999999,25.62868,0.034208,0.159476,0.524015,-0.154502,0.37297,0.605257,0.578511,0.079842,True,H_nonSOE,0.12060425333271904,0.050286,0.07031825333271904,11321975370.271427,11321975370.271427,1,0,,
600547.SH,山东黄金,CSI,地方国有企业,材料,有色金属,材料--有色金属--贵金属--黄金,2025,,,,,,,,,,170374158329.33,,0.03915,4739393120.72,1930825091.04,target_year,,,,,,,,,,SOE_target,0.065581,0.136069,25.804735,0.046095,0.15747,0.557499,-0.209441,0.382655,0.636317,0.459784,0.173847,True,H_nonSOE,0.10292912670513693,0.065581,0.03734812670513693,6363155652.564877,6363155652.564877,1,0,,
600584.SH,长电科技,CSI,中央国有企业,信息技术,半导体,信息技术--半导体--半导体产品--集成电路,2019,,,,,,,,,,33581893568.0,,0.025835091,88663437.59,778927828.0,target_year,,,,,,,,,,SOE_target,0.024489999999999998,0.007116,24.26211863,0.425302714,0.214515912,0.731214167,-0.217835094,0.570274559,0.642866911,0.592526697,0.125223737,True,H_nonSOE,0.06996403892263708,0.024489999999999998,0.045474038922637086,1527104335.207088,1527104335.207088,1,0,,
600584.SH,长电科技,CSI,中央国有企业,信息技术,半导体,信息技术--半导体--半导体产品--集成电路,2020,,,,,,,,,,32328196228.0,,0.059969666,1304390209.0,634320913.2,target_year,,,,,,,,,,SOE_target,0.06268,0.100233,24.23725288,0.333118905,0.169245785,0.690776587,-0.240903638,0.579565316,0.623655665,0.541626438,0.083485094,True,H_nonSOE,0.0746732913049162,0.06268,0.011993291304916207,387721474.7248973,387721474.7248973,1,0,,
600584.SH,长电科技,CSI,中央国有企业,信息技术,半导体,信息技术--半导体--半导体产品--集成电路,2021,,,,,,,,,,37098618886.0,,0.08818834,2958712533.0,312953065.0,target_year,,,,,,,,,,SOE_target,0.09927899999999999,0.172064,24.19920563,0.292587408,0.155238897,0.801570564,-0.136611898,0.577067125,0.585201037,0.681027474,0.10301753,True,H_nonSOE,0.08900791421013918,0.09927899999999999,-0.010271085789860815,-381043097.26345664,0.0,1,0,,
600584.SH,长电科技,CSI,中央国有企业,信息技术,半导体,信息技术--半导体--半导体产品--集成电路,2022,,,,,,,,,,39407731739.0,,0.087256409,3230988206.0,207588936.5,target_year,,,,,,,,,,SOE_target,0.09065200000000001,0.141605,24.33684558,0.247136762,0.127200785,0.876472393,0.055951263,0.51445276,0.433948862,1.183022294,0.117475684,True,H_nonSOE,0.12529454874224732,0.09065200000000001,0.034642548742247314,1365184267.589714,1365184267.589714,0,1,HHI_lag,
600584.SH,长电科技,CSI,中央国有企业,信息技术,半导体,信息技术--半导体--半导体产品--集成电路,2023,,,,,,,,,,42579471835.65,,0.03904,1470705571.95,191582595.95,target_year,,,,,,,,,,SOE_target,0.041807,0.058006,24.397228,0.241875,0.113252,0.880251,0.078921,0.51575,0.374673,1.281888,0.099579,True,H_nonSOE,0.14044941125103902,0.041807,0.09864241125103902,4200141771.664221,4200141771.664221,0,1,HHI_lag,
600584.SH,长电科技,CSI,中央国有企业,信息技术,半导体,信息技术--半导体--半导体产品--集成电路,2024,,,,,,,,,,54059828326.1,,0.032423,1609575410.92,143202493.72,target_year,,,,,,,,,,SOE_target,0.037089,0.059965000000000004,24.474638,0.20667,0.109637,0.720973,0.186402,0.464953,0.385827,1.819745,0.07347,True,H_nonSOE,0.12429131887926234,0.037089,0.08720231887926234,4714142388.2507515,4714142388.2507515,0,1,HHI_lag,
600584.SH,长电科技,CSI,中央国有企业,信息技术,半导体,信息技术--半导体--半导体产品--集成电路,2025,,,,,,,,,,55516503601.44,,0.034768,1565238036.45,364966704.33,target_year,,,,,,,,,,SOE_target,0.038389,0.055614,24.713357,0.203175,0.111057,0.742623,0.127708,0.453394,0.453519,1.451593,0.084921,True,H_nonSOE,0.1168079530536246,0.038389,0.07841895305362459,4353546089.6227045,4353546089.6227045,0,1,HHI_lag,
600585.SH,海螺水泥,CSI,地方国有企业,材料,建材Ⅱ,材料--建材Ⅱ--建材Ⅲ--建材Ⅳ,2019,,,,,,,,,,178777000000.0,,0.190604923,33629803000.0,446008000.0,target_year,,,,,,,,,,SOE_target,0.264696,0.26940200000000003,25.73087892,0.851845731,0.736746816,0.945214441,0.307864936,0.42602985,0.223060914,2.760494595,0.031752625,True,H_nonSOE,0.22001842171821387,0.264696,-0.04467757828178612,-7987323412.482877,0.0,0,1,MarketShare_lag,
600585.SH,海螺水泥,CSI,地方国有企业,材料,建材Ⅱ,材料--建材Ⅱ--建材Ⅲ--建材Ⅳ,2020,,,,,,,,,,200973000000.0,,0.177189761,35163538000.0,446777000.0,target_year,,,,,,,,,,SOE_target,0.250641,0.235312,25.90940607,0.869353952,0.764425084,0.956555552,0.390378958,0.392942982,0.204983699,3.545143008,0.049637873,True,H_nonSOE,0.212326843037983,0.250641,-0.03831415696201701,-7700111067.127444,0.0,0,1,MarketShare_lag,
600585.SH,海螺水泥,CSI,地方国有企业,材料,建材Ⅱ,材料--建材Ⅱ--建材Ⅲ--建材Ⅳ,2021,,,,,,,,,,230515000000.0,,0.145909871,33300694000.0,333671000.0,target_year,,,,,,,,,,SOE_target,0.206196,0.192903,26.0264352,0.862135547,0.753086611,0.92820387,0.442261239,0.335339415,0.163752786,4.669323247,0.049609649,True,H_nonSOE,0.2009332883039223,0.206196,-0.005262711696077699,-1213133986.6213508,0.0,0,1,MarketShare_lag,
600585.SH,海螺水泥,CSI,地方国有企业,材料,建材Ⅱ,材料--建材Ⅱ--建材Ⅲ--建材Ⅳ,2022,,,,,,,,,,243976000000.0,,0.067158879,15860553000.0,524630000.0,target_year,,,,,,,,,,SOE_target,0.087491,0.086401,26.16358032,0.806036387,0.668525521,0.778482317,0.396284433,0.32075031,0.168348631,3.796208792,0.065949423,True,H_nonSOE,0.19479872714381596,0.087491,0.10730772714381596,26180510037.639645,26180510037.639645,1,0,,
600585.SH,海螺水泥,CSI,地方国有企业,材料,建材Ⅱ,材料--建材Ⅱ--建材Ⅲ--建材Ⅳ,2023,,,,,,,,,,246189200000.0,,0.047198,10689181000.0,930404000.0,target_year,,,,,,,,,,SOE_target,0.060389,0.057962,26.220337,0.768652,0.617588,0.556476,0.290341,0.368056,0.197017,2.991394,0.109217,True,H_nonSOE,0.17572354077135105,0.060389,0.11533454077135105,28394118324.8663,28394118324.8663,1,0,,
600585.SH,海螺水泥,CSI,地方国有企业,材料,建材Ⅱ,材料--建材Ⅱ--建材Ⅲ--建材Ⅳ,2024,,,,,,,,,,254635244000.0,,0.03468,8051954000.0,778705000.0,target_year,,,,,,,,,,SOE_target,0.044611,0.043154000000000005,26.229366,0.792843,0.650954,0.575313,0.291186,0.392783,0.196105,3.41697,0.057547,True,H_nonSOE,0.18126225996423592,0.044611,0.13665125996423594,34796226923.90065,34796226923.90065,1,0,,
600585.SH,海螺水泥,CSI,地方国有企业,材料,建材Ⅱ,材料--建材Ⅱ--建材Ⅲ--建材Ⅳ,2025,,,,,,,,,,256000730000.0,,0.035606,8464457000.0,650683000.0,target_year,,,,,,,,,,SOE_target,0.044752,0.044513,26.263098,0.688576,0.525443,0.363519,0.254756,0.389179,0.21324,3.245249,0.044433,True,H_nonSOE,0.16466825002489746,0.044752,0.11991625002489746,30698647545.236267,30698647545.236267,1,0,,
600600.SH,青岛啤酒,CSI,地方国有企业,日常消费,食品饮料,日常消费--食品饮料--饮料--啤酒,2019,,,,,,,,,,37312383547.0,,0.050066542,1852103376.0,15998657.0,target_year,,,,,,,,,,SOE_target,0.062422000000000005,0.099731,24.25183759,0.039789287,0.118716357,0.817071935,0.166497166,0.314204026,0.451509728,1.46938827,0.022356278,True,H_nonSOE,0.16786645341830697,0.062422000000000005,0.10544445341830697,3934383888.847645,3934383888.847645,0,1,HHI_lag,
600600.SH,青岛啤酒,CSI,地方国有企业,日常消费,食品饮料,日常消费--食品饮料--饮料--啤酒,2020,,,,,,,,,,41514185835.0,,0.053486635,2201323556.0,19130553.0,target_year,,,,,,,,,,SOE_target,0.069384,0.11063700000000001,24.34259111,0.036521616,0.109737598,0.783994456,0.204973157,0.278755397,0.466306653,1.572724464,0.030961465,True,H_nonSOE,0.16035104352876803,0.069384,0.09096704352876803,3776422749.9138103,3776422749.9138103,0,1,HHI_lag,
600600.SH,青岛啤酒,CSI,地方国有企业,日常消费,食品饮料,日常消费--食品饮料--饮料--啤酒,2021,,,,,,,,,,46563004491.0,,0.068392254,3155455810.0,29093000.0,target_year,,,,,,,,,,SOE_target,0.09519899999999999,0.144667,24.44930103,0.030608359,0.106852675,0.704323711,0.219639959,0.256356563,0.485283121,1.587892074,0.031198181,True,H_nonSOE,0.15105227771931756,0.09519899999999999,0.05585327771931757,2600696421.2816544,2600696421.2816544,0,1,HHI_lag,
600600.SH,青岛啤酒,CSI,地方国有企业,日常消费,食品饮料,日常消费--食品饮料--饮料--啤酒,2022,,,,,,,,,,50311699796.0,,0.07408436,3710628593.0,16681483.0,target_year,,,,,,,,,,SOE_target,0.094207,0.153026,24.56407217,0.029061598,0.106913309,0.685008349,0.22979565,0.234330308,0.489000085,1.586022499,0.035113023,True,H_nonSOE,0.14905972407607943,0.094207,0.054852724076079426,2759733786.7085295,2759733786.7085295,0,1,HHI_lag,
600600.SH,青岛啤酒,CSI,地方国有企业,日常消费,食品饮料,日常消费--食品饮料--饮料--啤酒,2023,,,,,,,,,,49256011349.0,,0.08698,4267851406.0,16430590.0,target_year,,,,,,,,,,SOE_target,0.105586,0.16122,24.641503,0.026374,0.105461,0.664189,0.245086,0.227891,0.477809,1.626821,0.035382,True,H_nonSOE,0.15058891370086355,0.105586,0.04500291370086355,2216664027.987803,2216664027.987803,0,1,HHI_lag,
600600.SH,青岛啤酒,CSI,地方国有企业,日常消费,食品饮料,日常消费--食品饮料--饮料--啤酒,2024,,,,,,,,,,51420385832.0,,0.084924,4344983858.0,21837054.0,target_year,,,,,,,,,,SOE_target,0.105021,0.153778,24.620297,0.026821,0.100594,0.681677,0.257703,0.236404,0.42637,1.750271,0.032844,True,H_nonSOE,0.16142906001481647,0.105021,0.056408060014816463,2900524209.9964743,2900524209.9964743,0,1,HHI_lag,
600600.SH,青岛啤酒,CSI,地方国有企业,日常消费,食品饮料,日常消费--食品饮料--饮料--啤酒,2025,,,,,,,,,,52131585698.0,,0.088233,4588101137.0,11645392.0,target_year,,,,,,,,,,SOE_target,0.11355,0.153681,24.663301,0.025162,0.097008,0.638438,0.149096,0.242093,0.419305,1.437532,0.041638,True,H_nonSOE,0.15838714253634872,0.11355,0.044837142536348726,2337431338.587105,2337431338.587105,0,1,HHI_lag,
600674.SH,川投能源,CSI,地方国有企业,公用事业,公用事业Ⅱ,公用事业--公用事业Ⅱ--电力--电力公用事业,2019,,,,,,,,,,37455297271.0,,0.08663757,2947152991.0,297882959.1,target_year,,,,,,,,,,SOE_target,0.09496600000000001,0.113437,24.19037321,0.001407933,0.148389593,0.027388009,-0.126162172,0.096642724,0.211156314,0.238375654,0.000112629,True,H_nonSOE,0.12240972713362111,0.09496600000000001,0.0274437271336211,1027912958.0139871,1027912958.0139871,0,1,CapexRatio_lag,
600674.SH,川投能源,CSI,地方国有企业,公用事业,公用事业Ⅱ,公用事业--公用事业Ⅱ--电力--电力公用事业,2020,,,,,,,,,,41329132241.0,,0.085105621,3161648053.0,355693399.7,target_year,,,,,,,,,,SOE_target,0.08250199999999999,0.113068,24.34641399,0.001205579,0.143602423,0.023400148,-0.003795965,0.089266117,0.261609643,0.974542199,0.005644483,True,H_nonSOE,0.11400349538439616,0.08250199999999999,0.03150149538439617,1301929468.5309606,1301929468.5309606,1,0,,
600674.SH,川投能源,CSI,地方国有企业,公用事业,公用事业Ⅱ,公用事业--公用事业Ⅱ--电力--电力公用事业,2021,,,,,,,,,,48467289300.0,,0.072029473,3087390564.0,403682721.0,target_year,,,,,,,,,,SOE_target,0.070829,0.10283899999999999,24.44483347,0.001311827,0.126082379,0.025326604,-0.020587501,0.149878777,0.279982539,0.842265433,0.011127501,True,H_nonSOE,0.11749642234939889,0.070829,0.046667422349398885,2261843459.8936014,2261843459.8936014,0,1,HHI_lag,
600674.SH,川投能源,CSI,地方国有企业,公用事业,公用事业Ⅱ,公用事业--公用事业Ⅱ--电力--电力公用事业,2022,,,,,,,,,,54713816868.0,,0.073686954,3515265709.0,516428791.4,target_year,,,,,,,,,,SOE_target,0.070057,0.108055,24.60415496,0.001311755,0.130392082,0.027269246,-0.076929215,0.15739761,0.333789881,0.523491198,0.018682481,True,H_nonSOE,0.11123083200493142,0.070057,0.041173832004931424,2252777504.071615,2252777504.071615,0,1,HHI_lag,
600674.SH,川投能源,CSI,地方国有企业,公用事业,公用事业Ⅱ,公用事业--公用事业Ⅱ--电力--电力公用事业,2023,,,,,,,,,,60353345396.81,,0.083092,4400136762.78,614743511.5,target_year,,,,,,,,,,SOE_target,0.079343,0.12410700000000001,24.725382,0.001264,0.129341,0.026783,-0.063429,0.159617,0.356674,0.562795,0.011853,True,H_nonSOE,0.11042890530429636,0.079343,0.031085905304296363,1876138379.8027263,1876138379.8027263,0,1,HHI_lag,
600674.SH,川投能源,CSI,地方国有企业,公用事业,公用事业Ⅱ,公用事业--公用事业Ⅱ--电力--电力公用事业,2024,,,,,,,,,,65049216986.43,,0.076308,4507725742.38,456048265.85,target_year,,,,,,,,,,SOE_target,0.082261,0.113788,24.823482,0.001247,0.121904,0.024977,-0.093234,0.155371,0.36055,0.376089,0.01185,True,H_nonSOE,0.11065526272831597,0.082261,0.028394262728315967,1847024557.383927,1847024557.383927,0,1,HHI_lag,
600674.SH,川投能源,CSI,地方国有企业,公用事业,公用事业Ⅱ,公用事业--公用事业Ⅱ--电力--电力公用事业,2025,,,,,,,,,,70280844646.92,,0.074284,4754148319.5,466574820.23,target_year,,,,,,,,,,SOE_target,0.079641,0.10925800000000001,24.89841,0.001364,0.118327,0.024926,-0.030629,0.163193,0.325335,0.646079,0.014149,True,H_nonSOE,0.12005707197834475,0.079641,0.04041607197834475,2840475675.948784,2840475675.948784,0,1,HHI_lag,
600741.SH,华域汽车,CSI,地方国有企业,可选消费,汽车与零配件,可选消费--汽车与零配件--汽车零配件--汽车零配件与设备,2019,,,,,,,,,,139127000000.0,,0.046042526,6463163299.0,-57384823.34,target_year,,,,,,,,,,SOE_target,0.06916699999999999,0.136372,25.61876601,0.105173849,0.376606004,1.218424095,0.095917985,0.187971562,0.591375165,1.188356392,0.056289775,True,H_nonSOE,0.0871493910834536,0.06916699999999999,0.017982391083453605,2501836124.2676497,2501836124.2676497,1,0,,
600741.SH,华域汽车,CSI,地方国有企业,可选消费,汽车与零配件,可选消费--汽车与零配件--汽车零配件--汽车零配件与设备,2020,,,,,,,,,,150436000000.0,,0.036173167,5403276870.0,38468287.51,target_year,,,,,,,,,,SOE_target,0.05484,0.105986,25.65865613,0.102321962,0.369422071,1.052222715,0.098096971,0.185580865,0.578073616,1.195337752,0.041014965,True,H_nonSOE,0.07898410146018525,0.05484,0.024144101460185252,3632142047.2644286,3632142047.2644286,1,0,,
600741.SH,华域汽车,CSI,地方国有企业,可选消费,汽车与零配件,可选消费--汽车与零配件--汽车零配件--汽车零配件与设备,2021,,,,,,,,,,153847000000.0,,0.041668248,6468939920.0,-58414795.01,target_year,,,,,,,,,,SOE_target,0.058917000000000004,0.12674,25.73680331,0.099651359,0.324255792,0.919275528,0.061256394,0.179405617,0.613203253,1.108781534,0.026615808,True,H_nonSOE,0.06328820022999873,0.058917000000000004,0.004371200229998727,672496041.7846142,672496041.7846142,1,0,,
600741.SH,华域汽车,CSI,地方国有企业,可选消费,汽车与零配件,可选消费--汽车与零配件--汽车零配件--汽车零配件与设备,2022,,,,,,,,,,162797000000.0,,0.042880326,7203125199.0,-222339441.1,target_year,,,,,,,,,,SOE_target,0.057724000000000004,0.140533,25.7592229,0.091719109,0.289774151,0.916432657,0.04330837,0.164489571,0.651116923,1.075429526,0.032901711,True,H_nonSOE,0.05325311614682028,0.057724000000000004,-0.004470883853179723,-727846478.6460994,0.0,1,0,,
600741.SH,华域汽车,CSI,地方国有企业,可选消费,汽车与零配件,可选消费--汽车与零配件--汽车零配件--汽车零配件与设备,2023,,,,,,,,,,176096527061.77,,0.041438,7214175836.76,82967479.37,target_year,,,,,,,,,,SOE_target,0.053342,0.130295,25.815769,0.087651,0.236564,0.995539,0.051679,0.160689,0.649534,1.087895,0.031948,True,H_nonSOE,0.05989853095231539,0.053342,0.006556530952315391,1154582330.27574,1154582330.27574,1,0,,
600741.SH,华域汽车,CSI,地方国有企业,可选消费,汽车与零配件,可选消费--汽车与零配件--汽车零配件--汽车零配件与设备,2024,,,,,,,,,,185005958123.93,,0.038573,6690703044.68,445450880.84,target_year,,,,,,,,,,SOE_target,0.048373,0.111687,25.894298,0.079829,0.222276,0.9913,0.071113,0.146473,0.650302,1.120299,0.027814,True,H_nonSOE,0.05924061539530934,0.048373,0.010867615395309338,2010573598.7315762,2010573598.7315762,1,0,,
600741.SH,华域汽车,CSI,地方国有企业,可选消费,汽车与零配件,可选消费--汽车与零配件--汽车零配件--汽车零配件与设备,2025,,,,,,,,,,199186450932.39,,0.037691,7207268139.61,300363531.54,target_year,,,,,,,,,,SOE_target,0.05118,0.111577,25.943654,0.072316,0.204324,0.932002,0.047394,0.13775,0.642604,1.080251,0.024096,True,H_nonSOE,0.055315979221497204,0.05118,0.0041359792214972005,823831022.2601367,823831022.2601367,1,0,,
600760.SH,中航沈飞,CSI,中央国有企业,工业,国防军工,工业--国防军工--航空航天与国防Ⅲ--航空航天,2019,,,,,,,,,,29223855418.0,,0.030645756,877785950.4,17801204.6,target_year,,,,,,,,,,SOE_target,0.032455,0.10607100000000001,24.07103611,0.234061146,0.285442207,0.73382927,0.094811604,0.156668572,0.711535713,1.13982081,0.021528326,True,H_nonSOE,0.03366254293454768,0.032455,0.0012075429345476812,35289060.130248874,35289060.130248874,1,0,,
600760.SH,中航沈飞,CSI,中央国有企业,工业,国防军工,工业--国防军工--航空航天与国防Ⅲ--航空航天,2020,,,,,,,,,,32853080760.0,,0.044497289,1480199037.0,-18325999.76,target_year,,,,,,,,,,SOE_target,0.055996,0.157162,24.09825118,0.25391587,0.279462147,0.822813114,0.126611615,0.154215263,0.680994566,1.194178025,0.019204256,True,H_nonSOE,0.048294170129456214,0.055996,-0.007701829870543783,-253028838.73675525,0.0,1,0,,
600760.SH,中航沈飞,CSI,中央国有企业,工业,国防军工,工业--国防军工--航空航天与国防Ⅲ--航空航天,2021,,,,,,,,,,62780477436.0,,0.023023896,1695718597.0,-250267428.3,target_year,,,,,,,,,,SOE_target,0.038985,0.157295,24.21531136,0.271869554,0.273615357,0.878885182,0.154294154,0.141732989,0.670187379,1.23638641,0.022587022,True,H_nonSOE,0.05654363023202894,0.038985,0.017558630232028943,1102339189.0889604,1102339189.0889604,1,0,,
600760.SH,中航沈飞,CSI,中央国有企业,工业,国防军工,工业--国防军工--航空航天与国防Ⅲ--航空航天,2022,,,,,,,,,,58792300811.0,,0.034290357,2304914649.0,-288905647.1,target_year,,,,,,,,,,SOE_target,0.042947,0.190097,24.86290999,0.300582293,0.271325141,0.712078293,0.11045987,0.075155929,0.804076801,1.140517772,0.015019361,True,H_nonSOE,0.025740682035656937,0.042947,-0.017206317964343062,-1011599021.6093705,0.0,1,0,,
600760.SH,中航沈飞,CSI,中央国有企业,工业,国防军工,工业--国防军工--航空航天与国防Ⅲ--航空航天,2023,,,,,,,,,,55466437662.06,,0.04908,3007151011.69,-284871174.07,target_year,,,,,,,,,,SOE_target,0.05942,0.215317,24.797277,0.31911,0.272876,0.680945,0.127789,0.091034,0.765048,1.170943,0.018031,True,H_nonSOE,0.03133082306437743,0.05942,-0.028089176935622573,-1558006581.478283,0.0,1,0,,
600760.SH,中航沈飞,CSI,中央国有企业,工业,国防军工,工业--国防军工--航空航天与国防Ⅲ--航空航天,2024,,,,,,,,,,61589834322.62,,0.050531,3393966060.7,-281780980.48,target_year,,,,,,,,,,SOE_target,0.062074,0.21099199999999999,24.739044,0.285535,0.247277,0.80713,0.19824,0.106196,0.706893,1.30884,0.046211,True,H_nonSOE,0.04895910024184874,0.062074,-0.013114899758151256,-807744503.262305,0.0,1,0,,
600760.SH,中航沈飞,CSI,中央国有企业,工业,国防军工,工业--国防军工--航空航天与国防Ⅲ--航空航天,2025,,,,,,,,,,77486151790.18,,0.044729,3517760109.76,-51895460.66,target_year,,,,,,,,,,SOE_target,0.057051,0.17316600000000001,24.843763,0.26643,0.253215,0.729017,0.191021,0.119894,0.690682,1.30753,0.049573,True,H_nonSOE,0.04781982267003876,0.057051,-0.009231177329961239,-715288407.791445,0.0,1,0,,
600795.SH,国电电力,CSI,中央国有企业,公用事业,公用事业Ⅱ,公用事业--公用事业Ⅱ--电力--电力公用事业,2019,,,,,,,,,,364848000000.0,,0.03103471,1868693329.0,9454253879.0,target_year,,,,,,,,,,SOE_target,0.052023,0.035694,26.33094615,0.108567586,0.148389593,0.235939416,-0.20008333,0.824503098,0.738424424,0.254622885,0.046610381,True,H_nonSOE,0.07691708607626549,0.052023,0.02489408607626549,9082557516.753311,9082557516.753311,0,1,FixedAssetsRatio_lag,
600795.SH,国电电力,CSI,中央国有企业,公用事业,公用事业Ⅱ,公用事业--公用事业Ⅱ--电力--电力公用事业,2020,,,,,,,,,,357337000000.0,,0.031801717,2633092717.0,8730848509.0,target_year,,,,,,,,,,SOE_target,0.028807,0.049264,26.62274626,0.17020986,0.143602423,0.360249419,-0.153296874,0.803204859,0.680281684,0.389709423,0.033277747,True,H_nonSOE,0.10329445292816405,0.028807,0.07448745292816406,26617122966.99136,26617122966.99136,0,2,"FirmSize_lag, FixedAssetsRatio_lag",
600795.SH,国电电力,CSI,中央国有企业,公用事业,公用事业Ⅱ,公用事业--公用事业Ⅱ--电力--电力公用事业,2021,,,,,,,,,,397909000000.0,,0.01530631,-1845353429.0,7935869338.0,target_year,,,,,,,,,,SOE_target,-0.004032,-0.037367,26.60194614,0.150635222,0.126082379,0.31726249,-0.175229782,0.798494104,0.668275244,0.366384625,0.039259747,True,H_nonSOE,0.09988096808222494,-0.004032,0.10391296808222493,41347905216.63004,41347905216.63004,0,3,"FirmSize_lag, FixedAssetsRatio_lag, HHI_lag",
600795.SH,国电电力,CSI,中央国有企业,公用事业,公用事业Ⅱ,公用事业--公用事业Ⅱ--电力--电力公用事业,2022,,,,,,,,,,412852000000.0,,0.025132614,2824661198.0,7551385897.0,target_year,,,,,,,,,,SOE_target,0.025287,0.06217399999999999,26.70948872,0.177715444,0.130392082,0.439254514,-0.182234617,0.784952008,0.720608319,0.420969478,0.053779605,True,H_nonSOE,0.09743061740364056,0.025287,0.07214361740364056,29784636732.327812,29784636732.327812,0,3,"FirmSize_lag, FixedAssetsRatio_lag, HHI_lag",
600795.SH,国电电力,CSI,中央国有企业,公用事业,公用事业Ⅱ,公用事业--公用事业Ⅱ--电力--电力公用事业,2023,,,,,,,,,,457899346871.8,,0.026904,5608589563.0,6710634947.41,target_year,,,,,,,,,,SOE_target,0.035992,0.119557,26.746355,0.174129,0.129341,0.469478,-0.148351,0.777889,0.732903,0.489031,0.091215,True,H_nonSOE,0.09337101882914879,0.035992,0.05737901882914879,26273815246.011944,26273815246.011944,0,3,"FirmSize_lag, FixedAssetsRatio_lag, HHI_lag",
600795.SH,国电电力,CSI,中央国有企业,公用事业,公用事业Ⅱ,公用事业--公用事业Ⅱ--电力--电力公用事业,2024,,,,,,,,,,493936293815.87,,0.033167,9831015730.47,6551289184.38,target_year,,,,,,,,,,SOE_target,0.056732,0.187621,26.849915,0.155481,0.121904,0.411434,-0.18418,0.786377,0.739186,0.410321,0.10869,True,H_nonSOE,0.08296999795408654,0.056732,0.026237997954086538,12959899466.589884,12959899466.589884,0,3,"FirmSize_lag, FixedAssetsRatio_lag, HHI_lag",
600795.SH,国电电力,CSI,中央国有企业,公用事业,公用事业Ⅱ,公用事业--公用事业Ⅱ--电力--电力公用事业,2025,,,,,,,,,,520151776851.06,,0.025088,7161419062.53,5887937095.54,target_year,,,,,,,,,,SOE_target,0.04671,0.124002,26.925672,0.154752,0.118327,0.372564,-0.127761,0.776514,0.734045,0.498768,0.117618,True,H_nonSOE,0.08224439854885135,0.04671,0.03553439854885135,18483280544.518757,18483280544.518757,0,3,"FirmSize_lag, FixedAssetsRatio_lag, HHI_lag",
600809.SH,山西汾酒,CSI,地方国有企业,日常消费,食品饮料,日常消费--食品饮料--饮料--白酒与葡萄酒,2019,,,,,,,,,,16067772126.0,,0.120645565,1938505451.0,0.0,target_year,,,,,,,,,,SOE_target,0.19643999999999998,0.28379899999999997,23.19381691,0.011358508,0.118716357,0.730553813,0.313357956,0.160991916,0.452055606,1.698127236,0.006345891,True,H_nonSOE,0.13427603496137402,0.19643999999999998,-0.06216396503862595,-998836424.6892725,0.0,0,1,HHI_lag,
600809.SH,山西汾酒,CSI,地方国有企业,日常消费,食品饮料,日常消费--食品饮料--饮料--白酒与葡萄酒,2020,,,,,,,,,,19778534913.0,,0.152246337,3079233697.0,-68024211.2,target_year,,,,,,,,,,SOE_target,0.23637699999999998,0.357553,23.50008137,0.012563816,0.109737598,0.690167098,0.264738088,0.132517046,0.525473058,1.507083422,0.010036058,True,H_nonSOE,0.1201969893145732,0.23637699999999998,-0.11618001068542677,-2297870397.5344267,0.0,0,1,HHI_lag,
600809.SH,山西汾酒,CSI,地方国有企业,日常消费,食品饮料,日常消费--食品饮料--饮料--白酒与葡萄酒,2021,,,,,,,,,,29954563964.0,,0.176283383,5313612016.0,-33120152.46,target_year,,,,,,,,,,SOE_target,0.285143,0.42509399999999997,23.70786309,0.012665221,0.106852675,0.640874842,0.312390239,0.115668116,0.491118185,1.641645687,0.00990074,True,H_nonSOE,0.12595841896530408,0.285143,-0.1591845810346959,-4768304714.686339,0.0,0,1,HHI_lag,
600809.SH,山西汾酒,CSI,地方国有企业,日常消费,食品饮料,日常消费--食品饮料--饮料--白酒与葡萄酒,2022,,,,,,,,,,36686474275.0,,0.219673789,8095851304.0,-36794481.72,target_year,,,,,,,,,,SOE_target,0.32640300000000005,0.44307899999999995,24.12294754,0.015645986,0.106913309,0.653126402,0.367907014,0.083238228,0.479653252,1.772545459,0.005217143,True,H_nonSOE,0.135804500977726,0.32640300000000005,-0.19059849902227405,-6992386931.234269,0.0,0,1,HHI_lag,
600809.SH,山西汾酒,CSI,地方国有企业,日常消费,食品饮料,日常消费--食品饮料--饮料--白酒与葡萄酒,2023,,,,,,,,,,44095837995.19,,0.236534,10438114410.47,-7937771.17,target_year,,,,,,,,,,SOE_target,0.35168900000000003,0.42467799999999994,24.325674,0.017717,0.105461,0.648619,0.391304,0.067605,0.407261,1.966935,0.022504,True,H_nonSOE,0.1478144714546655,0.35168900000000003,-0.20387452854533453,-8990018182.08081,0.0,0,1,HHI_lag,
600809.SH,山西汾酒,CSI,地方国有企业,日常消费,食品饮料,日常消费--食品饮料--饮料--白酒与葡萄酒,2024,,,,,,,,,,53495197888.51,,0.228677,12242884323.77,-9765157.86,target_year,,,,,,,,,,SOE_target,0.33853700000000003,0.39120399999999994,24.509631,0.020625,0.100594,0.646094,0.441337,0.062488,0.358781,2.284846,0.011,True,H_nonSOE,0.1598374395544723,0.33853700000000003,-0.17869956044552773,-9559568348.62326,0.0,0,1,HHI_lag,
600809.SH,山西汾酒,CSI,地方国有企业,日常消费,食品饮料,日常消费--食品饮料--饮料--白酒与葡萄酒,2025,,,,,,,,,,56323475330.54,,0.217073,12246329337.25,-20025507.86,target_year,,,,,,,,,,SOE_target,0.30286,0.32926,24.702858,0.023549,0.097008,0.616411,0.487344,0.09119,0.341913,2.451332,0.01192,True,H_nonSOE,0.16668093286796687,0.30286,-0.13617906713203315,-7670078328.147019,0.0,0,1,HHI_lag,
600845.SH,宝信软件,CSI,中央国有企业,信息技术,软件服务,信息技术--软件服务--软件--应用软件,2019,,,,,,,,,,10267677543.0,,0.081925389,879342167.8,-38158695.38,target_year,,,,,,,,,,SOE_target,0.101713,0.12857100000000002,22.96879561,0.111629061,0.165297342,0.603696254,0.453013002,0.177288325,0.283095215,2.655370712,0.066055153,True,H_nonSOE,0.019634296855322413,0.101713,-0.08207870314467758,-842757657.0371695,0.0,1,0,,
600845.SH,宝信软件,CSI,中央国有企业,信息技术,软件服务,信息技术--软件服务--软件--应用软件,2020,,,,,,,,,,14070448560.0,,0.088149099,1300621550.0,-60324188.48,target_year,,,,,,,,,,SOE_target,0.12177500000000001,0.181308,23.0522667,0.119813233,0.156571733,0.693114084,0.42081115,0.184828746,0.292041392,2.50922769,0.088434728,True,H_nonSOE,0.02426585112653165,0.12177500000000001,-0.09750914887346836,-1371997463.3535185,0.0,1,0,,
600845.SH,宝信软件,CSI,中央国有企业,信息技术,软件服务,信息技术--软件服务--软件--应用软件,2021,,,,,,,,,,17860169154.0,,0.099359437,1818835201.0,-44258849.6,target_year,,,,,,,,,,SOE_target,0.126112,0.223171,23.36734259,0.14363829,0.151169635,0.779807981,0.305796909,0.122237644,0.466077062,1.666951471,0.023677422,True,H_nonSOE,0.014193647754672321,0.126112,-0.11191835224532767,-1998880702.538508,0.0,1,0,,
600845.SH,宝信软件,CSI,中央国有企业,信息技术,软件服务,信息技术--软件服务--软件--应用软件,2022,,,,,,,,,,19581031615.0,,0.112537592,2185886525.0,17715615.56,target_year,,,,,,,,,,SOE_target,0.122726,0.230578,23.60583888,0.14572694,0.153055264,0.733913566,0.320951649,0.115802186,0.462290693,1.724840493,0.042653776,True,H_nonSOE,0.012504063257730492,0.122726,-0.11022193674226952,-2158259228.0169096,0.0,1,0,,
600845.SH,宝信软件,CSI,中央国有企业,信息技术,软件服务,信息技术--软件服务--软件--应用软件,2023,,,,,,,,,,21882684637.81,,0.114085,2553638969.59,-57147146.8,target_year,,,,,,,,,,SOE_target,0.13603500000000002,0.24034199999999997,23.697827,0.149362,0.14694,0.69877,0.357491,0.102442,0.455595,1.825248,0.015366,True,H_nonSOE,0.016226106746583025,0.13603500000000002,-0.119808893253417,-2621740227.8695664,0.0,1,0,,
600845.SH,宝信软件,CSI,中央国有企业,信息技术,软件服务,信息技术--软件服务--软件--应用软件,2024,,,,,,,,,,21636685902.19,,0.10333,2265482898.16,-29759456.65,target_year,,,,,,,,,,SOE_target,0.11368,0.199552,23.808962,0.143091,0.139728,0.619504,0.376569,0.099233,0.447554,1.926631,0.017193,True,H_nonSOE,0.012623299094059313,0.11368,-0.10105670090594068,-2186532095.813398,0.0,1,0,,
600845.SH,宝信软件,CSI,中央国有企业,信息技术,软件服务,信息技术--软件服务--软件--应用软件,2025,,,,,,,,,,22314945033.04,,0.057715,1305010991.72,-17114725.47,target_year,,,,,,,,,,SOE_target,0.064209,0.11631,23.797656,0.127,0.169431,0.624517,0.381346,0.108447,0.432194,1.981772,0.020184,True,H_nonSOE,0.015151950949224516,0.064209,-0.049057049050775486,-1094705353.051202,0.0,1,0,,
600875.SH,东方电气,CSI,中央国有企业,工业,电气设备,工业--电气设备--电气设备Ⅲ--重型电气设备,2019,,,,,,,,,,89618965556.0,,0.015717674,1277671818.0,130929860.5,target_year,,,,,,,,,,SOE_target,0.006066,0.044028,25.23767212,0.084142144,0.075162529,0.349259169,0.228409844,0.066453384,0.663898493,1.395835175,0.002025643,True,H_nonSOE,0.03409200211599988,0.006066,0.028026002115999878,2511661318.306176,2511661318.306176,0,1,HHI_lag,
600875.SH,东方电气,CSI,中央国有企业,工业,电气设备,工业--电气设备--电气设备Ⅲ--重型电气设备,2020,,,,,,,,,,97795137769.0,,0.020410563,1861998155.0,134055669.1,target_year,,,,,,,,,,SOE_target,0.011969,0.061694000000000006,25.2188328,0.073544025,0.069863037,0.351245526,0.222554195,0.06293563,0.645181879,1.403307137,0.007166305,True,H_nonSOE,0.035814280444672615,0.011969,0.023845280444672615,2331952486.2272,2331952486.2272,0,1,HHI_lag,
600875.SH,东方电气,CSI,中央国有企业,工业,电气设备,工业--电气设备--电气设备Ⅲ--重型电气设备,2021,,,,,,,,,,103105000000.0,,0.023600924,2289036817.0,144326348.8,target_year,,,,,,,,,,SOE_target,0.017065,0.072203,25.3061407,0.070729662,0.069189957,0.386725704,0.148967446,0.055489357,0.655999257,1.259661364,0.00553372,True,H_nonSOE,0.035587494524580536,0.017065,0.018522494524580536,1909761797.956876,1909761797.956876,0,1,HHI_lag,
600875.SH,东方电气,CSI,中央国有企业,工业,电气设备,工业--电气设备--电气设备Ⅲ--重型电气设备,2022,,,,,,,,,,115265000000.0,,0.026347295,2854650575.0,182271979.4,target_year,,,,,,,,,,SOE_target,0.021002,0.084608,25.35900958,0.063575156,0.081262738,0.46546583,0.115208513,0.05076816,0.656815638,1.204886628,0.006960057,True,H_nonSOE,0.03981977773683184,0.021002,0.01881777773683184,2169031150.835922,2169031150.835922,0,1,HHI_lag,
600875.SH,东方电气,CSI,中央国有企业,工业,电气设备,工业--电气设备--电气设备Ⅲ--重型电气设备,2023,,,,,,,,,,121108373341.62,,0.030112,3550393576.32,96404032.6,target_year,,,,,,,,,,SOE_target,0.024314,0.09831300000000001,25.4705,0.041868,0.108841,0.496214,-0.000125,0.045409,0.664904,0.999787,0.006491,True,H_nonSOE,0.036971932802295146,0.024314,0.012657932802295147,1532981651.553499,1532981651.553499,0,1,HHI_lag,
600875.SH,东方电气,CSI,中央国有企业,工业,电气设备,工业--电气设备--电气设备Ⅲ--重型电气设备,2024,,,,,,,,,,142009284851.87,,0.021335,2922100908.48,107669363.23,target_year,,,,,,,,,,SOE_target,0.020957,0.076856,25.519952,0.039852,0.112299,0.504004,0.036663,0.047941,0.659645,1.06232,0.009166,True,H_nonSOE,0.03925275175386606,0.020957,0.018295751753866062,2598166622.3938656,2598166622.3938656,0,1,HHI_lag,
600875.SH,东方电气,CSI,中央国有企业,工业,电气设备,工业--电气设备--电气设备Ⅲ--重型电气设备,2025,,,,,,,,,,162674195217.33,,0.024077,3831301222.13,85345766.36,target_year,,,,,,,,,,SOE_target,0.031003,0.091188,25.679158,0.050664,0.107313,0.521385,0.034271,0.048634,0.696201,1.054737,0.021119,True,H_nonSOE,0.03214182624886893,0.031003,0.0011388262488689314,185257643.52712417,185257643.52712417,0,1,HHI_lag,
600886.SH,国投电力,CSI,中央国有企业,公用事业,公用事业Ⅱ,公用事业--公用事业Ⅱ--电力--电力公用事业,2019,,,,,,,,,,224722000000.0,,0.042848909,4755460882.0,4873610845.0,target_year,,,,,,,,,,SOE_target,0.067674,0.12181900000000001,26.1201075,0.067425895,0.148389593,0.18671361,-0.080609047,0.838680884,0.682009567,0.494120103,0.046417675,True,H_nonSOE,0.08857950840372067,0.067674,0.02090550840372067,4697927659.5009165,4697927659.5009165,0,1,FixedAssetsRatio_lag,
600886.SH,国投电力,CSI,中央国有企业,公用事业,公用事业Ⅱ,公用事业--公用事业Ⅱ--电力--电力公用事业,2020,,,,,,,,,,228909000000.0,,0.042418916,5515627276.0,4194460020.0,target_year,,,,,,,,,,SOE_target,0.051626000000000005,0.125914,26.13812775,0.061507665,0.143602423,0.186274265,-0.04132307,0.810239806,0.668949453,0.728631805,0.044695381,True,H_nonSOE,0.08991770283282396,0.051626000000000005,0.03829170283282396,8765315403.7589,8765315403.7589,0,1,FixedAssetsRatio_lag,
600886.SH,国投电力,CSI,中央国有企业,公用事业,公用事业Ⅱ,公用事业--公用事业Ⅱ--电力--电力公用事业,2021,,,,,,,,,,241370000000.0,,0.027875459,2436891837.0,4291394378.0,target_year,,,,,,,,,,SOE_target,0.027852000000000002,0.049387999999999994,26.156592,0.050456318,0.126082379,0.169181835,-0.066500176,0.82814494,0.639222502,0.577776524,0.044517337,True,H_nonSOE,0.09484268503750307,0.027852000000000002,0.06699068503750306,16169541647.502115,16169541647.502115,0,2,"FixedAssetsRatio_lag, HHI_lag",
600886.SH,国投电力,CSI,中央国有企业,公用事业,公用事业Ⅱ,公用事业--公用事业Ⅱ--电力--电力公用事业,2022,,,,,,,,,,258254000000.0,,0.03381893,4079375650.0,4654513767.0,target_year,,,,,,,,,,SOE_target,0.037759999999999995,0.076989,26.2095949,0.045790834,0.130392082,0.18176182,-0.067490828,0.809947994,0.635164482,0.571163608,0.038436347,True,H_nonSOE,0.0974082865194869,0.037759999999999995,0.0596482865194869,15404408586.80357,15404408586.80357,0,2,"FixedAssetsRatio_lag, HHI_lag",
600886.SH,国投电力,CSI,中央国有企业,公用事业,公用事业Ⅱ,公用事业--公用事业Ⅱ--电力--电力公用事业,2023,,,,,,,,,,277363021076.32,,0.038506,6704936953.85,3975288601.66,target_year,,,,,,,,,,SOE_target,0.053080999999999996,0.118062,26.277211,0.045306,0.129341,0.198222,-0.08302,0.800705,0.637472,0.521016,0.058878,True,H_nonSOE,0.09512031188156422,0.053080999999999996,0.04203931188156423,11660150547.440289,11660150547.440289,0,2,"FixedAssetsRatio_lag, HHI_lag",
600886.SH,国投电力,CSI,中央国有企业,公用事业,公用事业Ⅱ,公用事业--公用事业Ⅱ--电力--电力公用事业,2024,,,,,,,,,,296536685805.74,,0.033908,6643033266.19,3412049732.32,target_year,,,,,,,,,,SOE_target,0.06662499999999999,0.109754,26.348593,0.04841,0.121904,0.208256,-0.061429,0.776516,0.631828,0.628079,0.073018,True,H_nonSOE,0.09456055459837229,0.06662499999999999,0.027935554598372297,8283916776.746621,8283916776.746621,0,2,"FixedAssetsRatio_lag, HHI_lag",
600886.SH,国投电力,CSI,中央国有企业,公用事业,公用事业Ⅱ,公用事业--公用事业Ⅱ--电力--电力公用事业,2025,,,,,,,,,,313579818706.81,,0.032146,7393381322.0,2687092580.25,target_year,,,,,,,,,,SOE_target,0.062301,0.109834,26.415437,0.049531,0.118327,0.197773,-0.090115,0.767208,0.632175,0.527581,0.073402,True,H_nonSOE,0.09363173670740632,0.062301,0.03133073670740632,9824686736.659271,9824686736.659271,0,2,"FixedAssetsRatio_lag, HHI_lag",
600893.SH,航发动力,CSI,中央国有企业,工业,国防军工,工业--国防军工--航空航天与国防Ⅲ--航空航天,2019,,,,,,,,,,63115020067.0,,0.023695335,1077406923.0,418124589.7,target_year,,,,,,,,,,SOE_target,0.029830000000000002,0.039094000000000004,24.70302304,0.267740082,0.285442207,0.437535611,0.043166966,0.334289968,0.429212935,1.08260805,0.032583643,True,H_nonSOE,0.08893317064793352,0.029830000000000002,0.059103170647933516,3730297801.4676495,3730297801.4676495,1,0,,
600893.SH,航发动力,CSI,中央国有企业,工业,国防军工,工业--国防军工--航空航天与国防Ⅲ--航空航天,2020,,,,,,,,,,64352332318.0,,0.022585258,1145986116.0,307427913.2,target_year,,,,,,,,,,SOE_target,0.022119,0.035375000000000004,24.86822461,0.268981923,0.279462147,0.430985785,0.180032179,0.308221958,0.42097161,1.423587814,0.038841514,True,H_nonSOE,0.09203348248636073,0.022119,0.06991448248636073,4499160010.803277,4499160010.803277,1,0,,
600893.SH,航发动力,CSI,中央国有企业,工业,国防军工,工业--国防军工--航空航天与国防Ⅲ--航空航天,2021,,,,,,,,,,90648498035.0,,0.013911733,1187619447.0,73458273.32,target_year,,,,,,,,,,SOE_target,0.01816,0.032292999999999995,24.88763901,0.284731838,0.273615357,0.448269208,0.168979618,0.311568166,0.417257503,1.394363511,0.040230166,True,H_nonSOE,0.09479426844485614,0.01816,0.07663426844485614,6946781332.537205,6946781332.537205,1,0,,
600893.SH,航发动力,CSI,中央国有企业,工业,国防军工,工业--国防军工--航空航天与国防Ⅲ--航空航天,2022,,,,,,,,,,89965912662.0,,0.01576586,1267781837.0,150608102.9,target_year,,,,,,,,,,SOE_target,0.017733000000000002,0.033426,25.23025521,0.300423066,0.271325141,0.439110596,0.129696967,0.235812024,0.559425655,1.232595064,0.033230453,True,H_nonSOE,0.06873550303655163,0.017733000000000002,0.05100250303655163,4588486733.729794,4588486733.729794,1,0,,
600893.SH,航发动力,CSI,中央国有企业,工业,国防军工,工业--国防军工--航空航天与国防Ⅲ--航空航天,2023,,,,,,,,,,99795552106.78,,0.016727,1421421585.27,247847861.48,target_year,,,,,,,,,,SOE_target,0.018008,0.036513,25.222697,0.285061,0.272876,0.409442,0.123892,0.246077,0.541098,1.22639,0.031555,True,H_nonSOE,0.07033678644407315,0.018008,0.052328786444073155,5222180134.264066,5222180134.264066,1,0,,
600893.SH,航发动力,CSI,中央国有企业,工业,国防军工,工业--国防军工--航空航天与国防Ⅲ--航空航天,2024,,,,,,,,,,115913298911.68,,0.011363,860291114.25,456787611.33,target_year,,,,,,,,,,SOE_target,0.014764999999999999,0.021689,25.326389,0.269155,0.247277,0.458109,0.107993,0.235554,0.560545,1.185283,0.033502,True,H_nonSOE,0.0698148114234727,0.014764999999999999,0.055049811423472705,6381005246.560608,6381005246.560608,1,0,,
600893.SH,航发动力,CSI,中央国有企业,工业,国防军工,工业--国防军工--航空航天与国防Ⅲ--航空航天,2025,,,,,,,,,,123071590336.09,,0.010252,634328156.8,627400791.46,target_year,,,,,,,,,,SOE_target,0.012845,0.015845,25.476108,0.297316,0.253215,0.441468,0.114637,0.213589,0.607384,1.188188,0.025182,True,H_nonSOE,0.05993466131875208,0.012845,0.04708966131875208,5795399506.88668,5795399506.88668,1,0,,
600900.SH,长江电力,CSI,中央国有企业,公用事业,公用事业Ⅱ,公用事业--公用事业Ⅱ--电力--电力公用事业,2019,,,,,,,,,,296483000000.0,,0.090205718,21543493636.0,5200957545.0,target_year,,,,,,,,,,SOE_target,0.107289,0.147703,26.41192448,0.084052252,0.148389593,0.167846247,-0.160212281,0.827770041,0.517137032,0.16690857,0.010554722,True,H_nonSOE,0.12061224460225742,0.107289,0.013323244602257422,3950115529.4110875,3950115529.4110875,0,2,"FixedAssetsRatio_lag, CurrentRatio_lag",
600900.SH,长江电力,CSI,中央国有企业,公用事业,公用事业Ⅱ,公用事业--公用事业Ⅱ--电力--电力公用事业,2020,,,,,,,,,,330827000000.0,,0.094562387,26297890223.0,4985909832.0,target_year,,,,,,,,,,SOE_target,0.11937099999999999,0.16353,26.41525532,0.072210962,0.143602423,0.164550436,-0.151521069,0.786457909,0.494014744,0.197202157,0.00916354,True,H_nonSOE,0.12510210237358954,0.11937099999999999,0.00573110237358955,1896003404.94751,1896003404.94751,0,1,FixedAssetsRatio_lag,
600900.SH,长江电力,CSI,中央国有企业,公用事业,公用事业Ⅱ,公用事业--公用事业Ⅱ--电力--电力公用事业,2021,,,,,,,,,,328563000000.0,,0.094424331,26272998503.0,4751369574.0,target_year,,,,,,,,,,SOE_target,0.112712,0.148779,26.52486171,0.074410164,0.126082379,0.180422565,-0.192822765,0.707604134,0.460982464,0.187030032,0.010966039,True,H_nonSOE,0.13047035606802884,0.112712,0.017758356068028835,5834738744.779758,5834738744.779758,0,3,"FirmSize_lag, FixedAssetsRatio_lag, HHI_lag",
600900.SH,长江电力,CSI,中央国有企业,公用事业,公用事业Ⅱ,公用事业--公用事业Ⅱ--电力--电力公用事业,2022,,,,,,,,,,327268000000.0,,0.077615125,21309033981.0,4091934992.0,target_year,,,,,,,,,,SOE_target,0.092723,0.116267,26.51799529,0.058372527,0.130392082,0.165251528,-0.10799369,0.674421881,0.42084757,0.335606159,0.010572933,True,H_nonSOE,0.140650045626809,0.092723,0.047927045626808995,15684988368.194527,15684988368.194527,0,2,"FixedAssetsRatio_lag, HHI_lag",
600900.SH,长江电力,CSI,中央国有企业,公用事业,公用事业Ⅱ,公用事业--公用事业Ⅱ--电力--电力公用事业,2023,,,,,,,,,,571942544909.29,,0.069579,27238970860.7,12556406948.81,target_year,,,,,,,,,,SOE_target,0.10002000000000001,0.14083600000000002,26.514046,0.046651,0.129341,0.155493,-0.113534,0.654516,0.401854,0.291705,0.014883,True,H_nonSOE,0.1423406370594723,0.10002000000000001,0.042320637059472296,24204972861.976997,24204972861.976997,0,2,"FixedAssetsRatio_lag, HHI_lag",
600900.SH,长江电力,CSI,中央国有企业,公用事业,公用事业Ⅱ,公用事业--公用事业Ⅱ--电力--电力公用事业,2024,,,,,,,,,,566071979792.34,,0.077071,32496172808.65,11131343530.28,target_year,,,,,,,,,,SOE_target,0.087861,0.157895,27.072304,0.06641,0.121904,0.170171,-0.220611,0.786164,0.628811,0.122989,0.021388,True,H_nonSOE,0.09453996629934167,0.087861,0.006678966299341671,3780775676.034658,3780775676.034658,0,4,"FirmSize_lag, FixedAssetsRatio_lag, HHI_lag, CurrentRatio_lag",
600900.SH,长江电力,CSI,中央国有企业,公用事业,公用事业Ⅱ,公用事业--公用事业Ⅱ--电力--电力公用事业,2025,,,,,,,,,,559208340046.84,,0.078458,34502809176.39,9371372984.05,target_year,,,,,,,,,,SOE_target,0.09084199999999999,0.159873,27.061987,0.072025,0.118327,0.145031,-0.251498,0.776353,0.607902,0.107736,0.025474,True,H_nonSOE,0.09468282271849057,0.09084199999999999,0.00384082271849058,2147820096.8213086,2147820096.8213086,0,4,"FirmSize_lag, FixedAssetsRatio_lag, HHI_lag, CurrentRatio_lag",
600905.SH,三峡能源,CSI,中央国有企业,公用事业,公用事业Ⅱ,公用事业--公用事业Ⅱ--电力--电力公用事业,2019,,,,,,,,,,100050000000.0,,0.044637736,2839735774.0,1626271621.0,target_year,,,,,,,,,,SOE_target,0.036157,0.071715,25.16693766,0.012310599,0.148389593,0.095504611,0.032057758,0.624194288,0.492527498,1.235768548,0.12482356,True,H_nonSOE,0.10144182476786748,0.036157,0.06528482476786748,6531746718.025142,6531746718.025142,1,0,,
600905.SH,三峡能源,CSI,中央国有企业,公用事业,公用事业Ⅱ,公用事业--公用事业Ⅱ--电力--电力公用事业,2020,,,,,,,,,,142576000000.0,,0.040053102,3610991284.0,2099634099.0,target_year,,,,,,,,,,SOE_target,0.052405999999999994,0.08984,25.32893633,0.013171647,0.143602423,0.095973224,-0.052296024,0.661347862,0.583253272,0.762889652,0.142675768,True,H_nonSOE,0.08584664099698491,0.052405999999999994,0.03344064099698492,4767832830.786121,4767832830.786121,0,1,FixedAssetsRatio_lag,
600905.SH,三峡能源,CSI,中央国有企业,公用事业,公用事业Ⅱ,公用事业--公用事业Ⅱ--电力--电力公用事业,2021,,,,,,,,,,217196000000.0,,0.039073376,5642366893.0,2844231671.0,target_year,,,,,,,,,,SOE_target,0.036911,0.10189999999999999,25.68314352,0.014739605,0.126082379,0.092403534,-0.064530566,0.68917574,0.67431158,0.69579096,0.178542795,True,H_nonSOE,0.06347462897059769,0.036911,0.02656362897059769,5769513957.897936,5769513957.897936,0,2,"FixedAssetsRatio_lag, HHI_lag",
600905.SH,三峡能源,CSI,中央国有企业,公用事业,公用事业Ⅱ,公用事业--公用事业Ⅱ--电力--电力公用事业,2022,,,,,,,,,,262127000000.0,,0.042507105,7155475873.0,3986790888.0,target_year,,,,,,,,,,SOE_target,0.037842,0.0981,26.10406807,0.016447582,0.130392082,0.085340136,-0.016042716,0.667788729,0.647345629,0.909165829,0.137691712,True,H_nonSOE,0.074194329353344,0.037842,0.036352329353343996,9528927036.404001,9528927036.404001,0,2,"FixedAssetsRatio_lag, HHI_lag",
600905.SH,三峡能源,CSI,中央国有企业,公用事业,公用事业Ⅱ,公用事业--公用事业Ⅱ--电力--电力公用事业,2023,,,,,,,,,,311707560904.4,,0.035726,7181086737.34,3954822772.55,target_year,,,,,,,,,,SOE_target,0.031429,0.09,26.292096,0.021631,0.129341,0.098646,-0.016599,0.657012,0.66444,0.907727,0.10579,True,H_nonSOE,0.07576999202313885,0.031429,0.04434099202313885,13821422471.614067,13821422471.614067,0,2,"FixedAssetsRatio_lag, HHI_lag",
600905.SH,三峡能源,CSI,中央国有企业,公用事业,公用事业Ⅱ,公用事业--公用事业Ⅱ--电力--电力公用事业,2024,,,,,,,,,,356871426700.32,,0.029203,6111426749.8,4310318180.69,target_year,,,,,,,,,,SOE_target,0.038501,0.07221899999999999,26.465331,0.022815,0.121904,0.091612,0.00235,0.684482,0.693671,1.015668,0.131892,True,H_nonSOE,0.06581740350155241,0.038501,0.027316403501552407,9748443889.920624,9748443889.920624,0,2,"FixedAssetsRatio_lag, HHI_lag",
600905.SH,三峡能源,CSI,中央国有企业,公用事业,公用事业Ⅱ,公用事业--公用事业Ⅱ--电力--电力公用事业,2025,,,,,,,,,,387155529975.3,,0.020299,3714396619.2,4144510564.47,target_year,,,,,,,,,,SOE_target,0.024668000000000002,0.042359,26.600641,0.025729,0.118327,0.088185,-0.023704,0.690148,0.709569,0.866542,0.086512,True,H_nonSOE,0.07030532013282073,0.024668000000000002,0.04563732013282073,17668740862.674637,17668740862.674637,0,3,"FirmSize_lag, FixedAssetsRatio_lag, HHI_lag",
600930.SH,华电新能,CSI,中央国有企业,公用事业,公用事业Ⅱ,公用事业--公用事业Ⅱ--电力--电力公用事业,2022,,,,,,,,,,271927000000.0,,0.046442641,8522326035.0,4106695099.0,target_year,,,,,,,,,,SOE_target,0.051731,,,,0.130392082,,,,,,,True,H_nonSOE,0.0644706460586998,0.051731,0.012739646058699802,3464253733.804061,3464253733.804061,0,1,HHI_lag,
600930.SH,华电新能,CSI,中央国有企业,公用事业,公用事业Ⅱ,公用事业--公用事业Ⅱ--电力--电力公用事业,2023,,,,,,,,,,336672867584.0,,0.042015,9619770057.0,4525620297.0,target_year,,,,,,,,,,SOE_target,0.052148,0.122204,26.328801,0.022349,0.129341,,-0.124576,0.705813,0.71125,0.542037,0.214746,True,H_nonSOE,0.09230060818650623,0.052148,0.04015260818650623,13518293739.127848,13518293739.127848,0,2,"FixedAssetsRatio_lag, HHI_lag",
600930.SH,华电新能,CSI,中央国有企业,公用事业,公用事业Ⅱ,公用事业--公用事业Ⅱ--电力--电力公用事业,2024,,,,,,,,,,444090216404.0,,0.032194,8831054314.0,5465860155.0,target_year,,,,,,,,,,SOE_target,0.040872,0.093033,26.542378,0.025418,0.121904,0.096234,-0.106022,0.69146,0.73178,0.567832,0.179024,True,H_nonSOE,0.0524098921076496,0.040872,0.011537892107649599,5123865002.932114,5123865002.932114,0,3,"FirmSize_lag, FixedAssetsRatio_lag, HHI_lag",
600930.SH,华电新能,CSI,中央国有企业,公用事业,公用事业Ⅱ,公用事业--公用事业Ⅱ--电力--电力公用事业,2025,,,,,,,,,,518120395445.0,,0.025709,7262870120.0,6057531034.0,target_year,,,,,,,,,,SOE_target,0.031789,0.059893999999999996,26.819294,0.029306,0.118327,0.086012,-0.092824,0.653688,0.730639,0.610585,0.1612,True,H_nonSOE,0.05542267552552284,0.031789,0.02363367552552284,12245089309.102713,12245089309.102713,0,3,"FirmSize_lag, FixedAssetsRatio_lag, HHI_lag",
600938.SH,中国海油,CSI,中央国有企业,能源,石油石化,能源--石油石化--石油天然气--石油天然气勘探与生产,2019,,,,,,,,,,757731000000.0,,0.084581468,61045000000.0,3045000000.0,target_year,,,,,,,,,,SOE_target,0.122,0.14105399999999998,27.24356143,0.039982787,0.452070271,0.338122435,0.176552309,0.600102537,0.385123877,2.706101762,0.07465611,True,H_nonSOE,0.08997787865948322,0.122,-0.03202212134051678,-24264154025.471123,0.0,0,1,FirmSize_lag,
600938.SH,中国海油,CSI,中央国有企业,能源,石油石化,能源--石油石化--石油天然气--石油天然气勘探与生产,2020,,,,,,,,,,721275000000.0,,0.039516135,24956000000.0,3546000000.0,target_year,,,,,,,,,,SOE_target,0.050007,0.056596,27.35359428,0.039338217,0.44417932,0.316247015,0.151367702,0.581412137,0.408462898,2.256956241,0.095039005,True,H_nonSOE,0.08559249944895261,0.050007,0.03558549944895261,25666931115.043293,25666931115.043293,0,1,FirmSize_lag,
600938.SH,中国海油,CSI,中央国有企业,能源,石油石化,能源--石油石化--石油天然气--石油天然气勘探与生产,2021,,,,,,,,,,786569000000.0,,0.093450161,70320000000.0,3185000000.0,target_year,,,,,,,,,,SOE_target,0.129543,0.153769,27.30428632,0.035156816,0.429200271,0.205074219,0.122753457,0.619275588,0.398384805,2.182854166,0.10456206,True,H_nonSOE,0.07718926288120881,0.129543,-0.05235373711879118,-41179826651.79046,0.0,0,1,FirmSize_lag,
600938.SH,中国海油,CSI,中央国有企业,能源,石油石化,能源--石油石化--石油天然气--石油天然气勘探与生产,2022,,,,,,,,,,929031000000.0,,0.155839794,141700000000.0,3080000000.0,target_year,,,,,,,,,,SOE_target,0.22717400000000001,0.26287099999999997,27.39094629,0.041284448,0.425995256,0.315149313,0.14497266,0.591748467,0.387242569,2.213728433,0.104805809,True,H_nonSOE,0.08854496778468243,0.22717400000000001,-0.13862903221531758,-128790668428.0287,0.0,0,1,FirmSize_lag,
600938.SH,中国海油,CSI,中央国有企业,能源,石油石化,能源--石油石化--石油天然气--石油天然气勘探与生产,2023,,,,,,,,,,1005598000000.0,,0.125544,123843000000.0,2404000000.0,target_year,,,,,,,,,,SOE_target,0.17633700000000002,0.19599,27.557408,0.054529,0.418201,0.45369,0.162845,0.573414,0.355906,2.334215,0.101992,True,H_nonSOE,0.10521396028839097,0.17633700000000002,-0.07112303971160905,-71521186487.91464,0.0,0,1,FirmSize_lag,
600938.SH,中国海油,CSI,中央国有企业,能源,石油石化,能源--石油石化--石油天然气--石油天然气勘探与生产,2024,,,,,,,,,,1056281000000.0,,0.133222,137936000000.0,2784000000.0,target_year,,,,,,,,,,SOE_target,0.182531,0.19508199999999998,27.636604,0.059575,0.410755,0.420933,0.125633,0.589619,0.335842,2.01934,0.120202,True,H_nonSOE,0.1064102836902456,0.182531,-0.0761207163097544,-80404866344.38368,0.0,0,1,FirmSize_lag,
600938.SH,中国海油,CSI,中央国有企业,能源,石油石化,能源--石油石化--石油天然气--石油天然气勘探与生产,2025,,,,,,,,,,1098559000000.0,,0.113556,122082000000.0,2666000000.0,target_year,,,,,,,,,,SOE_target,0.155225,0.157495,27.685775,0.061841,0.406814,0.39843,0.137969,0.598714,0.290496,2.225943,0.116786,True,H_nonSOE,0.11179321422740313,0.155225,-0.043431785772596876,-47712379146.55825,0.0,0,1,FirmSize_lag,
600941.SH,中国移动,CSI,中央国有企业,通讯服务,电信服务,通讯服务--电信服务--多元电信服务--综合电信业务,2019,,,,,,,,,,1629240000000.0,,0.067442489,106641000000.0,3239000000.0,target_year,,,,,,,,,,SOE_target,0.08549799999999999,0.098917,28.06014416,0.500605614,0.376451505,0.438784797,0.039532264,0.480937034,0.312584071,1.127989578,0.127067341,True,H_nonSOE,0.14347076798484293,0.08549799999999999,0.05797276798484294,94451552511.6255,94451552511.6255,0,1,FirmSize_lag,
600941.SH,中国移动,CSI,中央国有企业,通讯服务,电信服务,通讯服务--电信服务--多元电信服务--综合电信业务,2020,,,,,,,,,,1727880000000.0,,0.064135745,107843000000.0,2976000000.0,target_year,,,,,,,,,,SOE_target,0.079764,0.095746,28.11913476,0.502483187,0.377325617,0.426135886,0.041613881,0.455924235,0.32036471,1.146729803,0.125804056,True,H_nonSOE,0.13897097840668043,0.079764,0.05920697840668043,102302553849.33499,102302553849.33499,0,1,FirmSize_lag,
600941.SH,中国移动,CSI,中央国有企业,通讯服务,电信服务,通讯服务--电信服务--多元电信服务--综合电信业务,2021,,,,,,,,,,1841330000000.0,,0.064443741,116148000000.0,2514000000.0,target_year,,,,,,,,,,SOE_target,0.08055799999999999,0.098628,28.1779175,0.498909861,0.375629725,0.414457383,0.03615351,0.449798076,0.332841016,1.120765784,0.110221068,True,H_nonSOE,0.13758284622238573,0.08055799999999999,0.05702484622238574,105001560094.66553,105001560094.66553,0,1,FirmSize_lag,
600941.SH,中国移动,CSI,中央国有企业,通讯服务,电信服务,通讯服务--电信服务--多元电信服务--综合电信业务,2022,,,,,,,,,,1935540000000.0,,0.065937739,125459000000.0,2166000000.0,target_year,,,,,,,,,,SOE_target,0.081688,0.100219,28.24150762,0.494347903,0.374126853,0.421050715,0.007181234,0.431779363,0.342706646,1.022714155,0.112587824,True,H_nonSOE,0.13429193719862428,0.081688,0.05260393719862429,101817024605.42525,101817024605.42525,0,1,FirmSize_lag,
600941.SH,中国移动,CSI,中央国有企业,通讯服务,电信服务,通讯服务--电信服务--多元电信服务--综合电信业务,2023,,,,,,,,,,1992657000000.0,,0.067908,131766000000.0,3552000000.0,target_year,,,,,,,,,,SOE_target,0.0849,0.09985799999999999,28.291406,0.492227,0.373379,0.430017,-0.039765,0.420615,0.327617,0.85569,0.097951,True,H_nonSOE,0.13909625176225524,0.0849,0.05419625176225523,107994540447.82022,107994540447.82022,0,1,FirmSize_lag,
600941.SH,中国移动,CSI,中央国有企业,通讯服务,电信服务,通讯服务--电信服务--多元电信服务--综合电信业务,2024,,,,,,,,,,2108127000000.0,,0.067097,138373000000.0,3077000000.0,target_year,,,,,,,,,,SOE_target,0.08544299999999999,0.101233,28.32049,0.493234,0.374249,0.439649,-0.030342,0.396034,0.324528,0.891757,0.090965,True,H_nonSOE,0.13938565505640457,0.08544299999999999,0.05394265505640458,113717967576.09302,113717967576.09302,0,1,FirmSize_lag,
600941.SH,中国移动,CSI,中央国有企业,通讯服务,电信服务,通讯服务--电信服务--多元电信服务--综合电信业务,2025,,,,,,,,,,2128182000000.0,,0.065914,137095000000.0,3183000000.0,target_year,,,,,,,,,,SOE_target,0.08191000000000001,0.097213,28.376821,0.491611,0.373264,0.433804,-0.030576,0.374154,0.337545,0.898172,0.073989,True,H_nonSOE,0.13705679729776174,0.08191000000000001,0.05514679729776173,117362421366.74515,117362421366.74515,0,1,FirmSize_lag,
601006.SH,大秦铁路,CSI,中央国有企业,工业,交通运输,工业--交通运输--铁路公路运输--铁路运输,2019,,,,,,,,,,148044000000.0,,0.095561613,13669294112.0,478008759.0,target_year,,,,,,,,,,SOE_target,0.134944,0.124054,25.70652666,0.089625731,0.111099702,0.570549848,0.084136557,0.57754898,0.215728043,1.670729602,0.046021713,True,H_nonSOE,0.0871405562262299,0.134944,-0.047803443773770105,-7077013030.044022,0.0,0,1,HHI_lag,
601006.SH,大秦铁路,CSI,中央国有企业,工业,交通运输,工业--交通运输--铁路公路运输--铁路运输,2020,,,,,,,,,,182203000000.0,,0.06014214,10895704612.0,62353169.0,target_year,,,,,,,,,,SOE_target,0.09520899999999999,0.092804,25.72077391,0.082277343,0.108646931,0.541686591,0.100402373,0.552307357,0.174412521,2.048937304,0.035506266,True,H_nonSOE,0.08997185689613946,0.09520899999999999,-0.005237143103860531,-954223184.9527004,0.0,0,1,HHI_lag,
601006.SH,大秦铁路,CSI,中央国有企业,工业,交通运输,工业--交通运输--铁路公路运输--铁路运输,2021,,,,,,,,,,198546000000.0,,0.06305714,12181309677.0,338451918.0,target_year,,,,,,,,,,SOE_target,0.096868,0.099306,25.92838541,0.090638906,0.123286456,0.436682029,0.297357989,0.425794186,0.287461936,5.030979552,0.010649474,True,H_nonSOE,0.026610830726440847,0.096868,-0.07025716927355916,-13949279930.588076,0.0,0,1,HHI_lag,
601006.SH,大秦铁路,CSI,中央国有企业,工业,交通运输,工业--交通运输--铁路公路运输--铁路运输,2022,,,,,,,,,,202297000000.0,,0.056109512,11196257454.0,154529809.0,target_year,,,,,,,,,,SOE_target,0.084593,0.088618,26.01428814,0.071203937,0.15352339,0.411764299,0.271773036,0.441406619,0.318403373,3.96929373,0.018177959,True,H_nonSOE,0.03129296326491735,0.084593,-0.05330003673508265,-10782437531.397015,0.0,1,0,,
601006.SH,大秦铁路,CSI,中央国有企业,工业,交通运输,工业--交通运输--铁路公路运输--铁路运输,2023,,,,,,,,,,207673222249.0,,0.058222,11930006082.0,161042754.0,target_year,,,,,,,,,,SOE_target,0.087265,0.08968400000000001,26.033003,0.064458,0.180808,0.377665,0.299635,0.437414,0.307013,4.480187,0.035211,True,H_nonSOE,0.022380837321180617,0.087265,-0.06488416267881938,-13474703136.43873,0.0,1,0,,
601006.SH,大秦铁路,CSI,中央国有企业,工业,交通运输,工业--交通运输--铁路公路运输--铁路运输,2024,,,,,,,,,,207017831253.0,,0.043731,9039359180.0,13716097.0,target_year,,,,,,,,,,SOE_target,0.064335,0.061777,26.059232,0.066414,0.114556,0.393827,0.313596,0.43126,0.266118,5.188494,0.035112,True,H_nonSOE,0.022319181525301567,0.064335,-0.04201581847469844,-8698023618.951801,0.0,0,1,HHI_lag,
601006.SH,大秦铁路,CSI,中央国有企业,工业,交通运输,工业--交通运输--铁路公路运输--铁路运输,2025,,,,,,,,,,211817901515.0,,0.026457,5900148479.0,-296022107.0,target_year,,,,,,,,,,SOE_target,0.039529999999999996,0.036973,26.056071,0.053537,0.116886,0.358657,0.289553,0.436047,0.178965,4.920361,0.021893,True,H_nonSOE,0.04072098945561781,0.039529999999999996,0.0011909894556178177,252272887.21545836,252272887.21545836,0,1,HHI_lag,
601018.SH,宁波港,CSI,地方国有企业,工业,交通运输,工业--交通运输--交通基础设施--海港与服务,2019,,,,,,,,,,71778991000.0,,0.054406379,3422218000.0,483017000.0,target_year,,,,,,,,,,SOE_target,0.06641,0.08650600000000001,25.02221389,0.024928256,0.111099702,0.31969526,-0.075756932,0.484900717,0.429334025,0.769098533,0.030742178,True,H_nonSOE,0.024635786246328333,0.06641,-0.041774213753671664,-2998510913.0568748,0.0,0,1,HHI_lag,
601018.SH,宁波港,CSI,地方国有企业,工业,交通运输,工业--交通运输--交通基础设施--海港与服务,2020,,,,,,,,,,85419000000.0,,0.045359534,3430805000.0,443761000.0,target_year,,,,,,,,,,SOE_target,0.061177,0.074361,24.99685767,0.024966116,0.108646931,0.332344106,-0.073309306,0.515756024,0.380991076,0.727700149,0.038359163,True,H_nonSOE,0.03647126574369603,0.061177,-0.02470573425630397,-2110339114.439229,0.0,0,1,HHI_lag,
601018.SH,宁波港,CSI,地方国有企业,工业,交通运输,工业--交通运输--交通基础设施--海港与服务,2021,,,,,,,,,,94961585000.0,,0.050877647,4331678000.0,499744000.0,target_year,,,,,,,,,,SOE_target,0.066056,0.081565,25.1708344,0.026568472,0.123286456,0.268910892,-0.037107962,0.512220536,0.351703169,0.848909062,0.045371896,True,H_nonSOE,0.03926673359224896,0.066056,-0.02678926640775104,-2543951199.067295,0.0,0,1,HHI_lag,
601018.SH,宁波港,CSI,地方国有企业,工业,交通运输,工业--交通运输--交通基础设施--海港与服务,2022,,,,,,,,,,108880000000.0,,0.044127532,4220128000.0,584461000.0,target_year,,,,,,,,,,SOE_target,0.064013,0.06663000000000001,25.27673828,0.020766758,0.15352339,0.253490862,-0.022773914,0.5203172,0.380029988,0.899107636,0.067032422,True,H_nonSOE,0.03164040122130291,0.064013,-0.03237259877869709,-3524728555.024539,0.0,1,0,,
601018.SH,宁波港,CSI,地方国有企业,工业,交通运输,工业--交通运输--交通基础设施--海港与服务,2023,,,,,,,,,,112344177000.0,,0.04463,4668391000.0,345504000.0,target_year,,,,,,,,,,SOE_target,0.05669,0.063583,25.413509,0.021723,0.180808,0.250287,0.082167,0.499505,0.297792,1.472622,0.058357,True,H_nonSOE,0.04447010395120161,0.05669,-0.01221989604879839,-1372834164.627807,0.0,1,0,,
601018.SH,宁波港,CSI,地方国有企业,工业,交通运输,工业--交通运输--交通基础设施--海港与服务,2024,,,,,,,,,,112898984000.0,,0.045185,4897513000.0,203858000.0,target_year,,,,,,,,,,SOE_target,0.06326,0.063945,25.444833,0.021216,0.114556,0.233152,-0.026377,0.542051,0.281558,0.866527,0.07921,True,H_nonSOE,0.04744310821941918,0.06326,-0.015816891780580815,-1785711012.0655248,0.0,0,1,HHI_lag,
601018.SH,宁波港,CSI,地方国有企业,工业,交通运输,工业--交通运输--交通基础设施--海港与服务,2025,,,,,,,,,,123425080000.0,,0.042734,5168472000.0,105974000.0,target_year,,,,,,,,,,SOE_target,0.061954,0.064993,25.449759,0.020463,0.116886,0.252389,-0.018075,0.559628,0.242247,0.883191,0.046109,True,H_nonSOE,0.061488680681575404,0.061954,-0.00046531931842459795,-57432074.102101475,0.0,0,1,HHI_lag,
601088.SH,中国神华,CSI,中央国有企业,能源,煤炭Ⅱ,能源--煤炭Ⅱ--煤炭Ⅲ--煤炭与消费用燃料,2019,,,,,,,,,,563083000000.0,,0.079515809,41707000000.0,3067000000.0,target_year,,,,,,,,,,SOE_target,0.115733,0.121282,27.10614052,0.507010805,0.3281903,0.454082948,0.1857846,0.496824007,0.308960391,1.890858398,0.035385531,True,H_nonSOE,0.1211807082959373,0.115733,0.005447708295937298,3067511930.4012613,3067511930.4012613,0,1,FirmSize_lag,
601088.SH,中国神华,CSI,中央国有企业,能源,煤炭Ⅱ,能源--煤炭Ⅱ--煤炭Ⅲ--煤炭与消费用燃料,2020,,,,,,,,,,562904000000.0,,0.067702486,35849000000.0,2261000000.0,target_year,,,,,,,,,,SOE_target,0.10646499999999999,0.099542,27.05669288,0.447627872,0.293470907,0.418929791,0.115455448,0.49812905,0.253719256,1.680864657,0.033758789,True,H_nonSOE,0.1290482749341756,0.10646499999999999,0.0225832749341756,12712215793.54718,12712215793.54718,0,1,FirmSize_lag,
601088.SH,中国神华,CSI,中央国有企业,能源,煤炭Ⅱ,能源--煤炭Ⅱ--煤炭Ⅲ--煤炭与消费用燃料,2021,,,,,,,,,,610597000000.0,,0.088765585,51607000000.0,2593000000.0,target_year,,,,,,,,,,SOE_target,0.135102,0.138684,27.05637494,0.411734128,0.275297772,0.414326276,0.182510695,0.493943905,0.236837898,2.478364727,0.036727399,True,H_nonSOE,0.12388121717971201,0.135102,-0.011220782820287989,-6851376327.719385,0.0,0,1,FirmSize_lag,
601088.SH,中国神华,CSI,中央国有企业,能源,煤炭Ⅱ,能源--煤炭Ⅱ--煤炭Ⅲ--煤炭与消费用燃料,2022,,,,,,,,,,625178000000.0,,0.121784516,72903000000.0,3234000000.0,target_year,,,,,,,,,,SOE_target,0.161546,0.187659,27.137703,0.389105518,0.269530745,0.57130927,0.190898416,0.474710816,0.26429216,2.270458212,0.039081424,True,H_nonSOE,0.13191231668795997,0.161546,-0.029633683312040027,-18526326865.65456,0.0,0,1,FirmSize_lag,
601088.SH,中国神华,CSI,中央国有企业,能源,煤炭Ⅱ,能源--煤炭Ⅱ--煤炭Ⅲ--煤炭与消费用燃料,2023,,,,,,,,,,633412000000.0,,0.106539,64625000000.0,2858000000.0,target_year,,,,,,,,,,SOE_target,0.147784,0.159881,27.161302,0.370616,0.250024,0.557598,0.180182,0.471779,0.259856,2.14473,0.045881,True,H_nonSOE,0.13128349722159574,0.147784,-0.016500502778404258,-10451616465.874598,0.0,0,1,FirmSize_lag,
601088.SH,中国神华,CSI,中央国有企业,能源,煤炭Ⅱ,能源--煤炭Ⅱ--煤炭Ⅲ--煤炭与消费用燃料,2024,,,,,,,,,,661436000000.0,,0.098454,62421000000.0,2700000000.0,target_year,,,,,,,,,,SOE_target,0.139226,0.148422,27.174387,0.39907,0.263234,0.545172,0.169504,0.489088,0.239593,2.17231,0.058546,True,H_nonSOE,0.13326213548432486,0.139226,-0.005963864515675127,-3944714689.7900934,0.0,0,1,FirmSize_lag,
601088.SH,中国神华,CSI,中央国有企业,能源,煤炭Ⅱ,能源--煤炭Ⅱ--煤炭Ⅲ--煤炭与消费用燃料,2025,,,,,,,,,,631777000000.0,,0.089593,54218000000.0,2385000000.0,target_year,,,,,,,,,,SOE_target,0.125517,0.128749,27.217679,0.392903,0.263097,0.522648,0.170092,0.483933,0.233002,2.214694,0.055987,True,H_nonSOE,0.13221394033243344,0.125517,0.006696940332433454,4230972872.4038105,4230972872.4038105,0,1,FirmSize_lag,
601111.SH,中国国航,CSI,中央国有企业,工业,交通运输,工业--交通运输--航空客运Ⅲ--航空客运Ⅳ,2019,,,,,,,,,,294206000000.0,,0.038643697,6420294000.0,4948928000.0,target_year,,,,,,,,,,SOE_target,0.051708,0.068808,26.21902778,0.157036515,0.111099702,0.570723639,-0.200337972,0.704525554,0.587543188,0.327076743,0.037507993,True,H_nonSOE,0.021086513687571015,0.051708,-0.030621486312428982,-9009025002.034481,0.0,0,2,"FixedAssetsRatio_lag, HHI_lag",
601111.SH,中国国航,CSI,中央国有企业,工业,交通运输,工业--交通运输--航空客运Ⅲ--航空客运Ⅳ,2020,,,,,,,,,,284030000000.0,,-0.032755591,-14403343000.0,5099785000.0,target_year,,,,,,,,,,SOE_target,-0.046895,-0.16846,26.40754731,0.140714954,0.108646931,0.506376413,-0.180675733,0.347233919,0.655583725,0.318275776,0.025430907,True,H_nonSOE,-0.008565334895489642,-0.046895,0.03832966510451036,10886774779.634077,10886774779.634077,0,1,HHI_lag,
601111.SH,中国国航,CSI,中央国有企业,工业,交通运输,工业--交通运输--航空客运Ⅲ--航空客运Ⅳ,2021,,,,,,,,,,298381000000.0,,-0.037335215,-16635178000.0,5495052000.0,target_year,,,,,,,,,,SOE_target,-0.056464,-0.23951,26.37234435,0.087367401,0.123286456,0.24039925,-0.214281471,0.356816629,0.705055278,0.244867819,0.017709488,True,H_nonSOE,-0.039414775983655635,-0.056464,0.017049224016344365,5087164511.220848,5087164511.220848,0,1,HHI_lag,
601111.SH,中国国航,CSI,中央国有企业,工业,交通运输,工业--交通运输--航空客运Ⅲ--航空客运Ⅳ,2022,,,,,,,,,,294979000000.0,,-0.108973296,-38617495000.0,6472620000.0,target_year,,,,,,,,,,SOE_target,-0.133588,-0.909227,26.42163767,0.067699809,0.15352339,0.25594192,-0.205183842,0.331135843,0.77937245,0.331770559,0.006113086,True,H_nonSOE,-0.052903828579927516,-0.133588,0.0806841714200725,23800136201.321568,23800136201.321568,1,0,,
601111.SH,中国国航,CSI,中央国有企业,工业,交通运输,工业--交通运输--航空客运Ⅲ--航空客运Ⅳ,2023,,,,,,,,,,335278694000.0,,0.017611,-1038411000.0,6943087000.0,target_year,,,,,,,,,,SOE_target,0.014877,-0.034168,26.410171,0.045046,0.180808,0.178298,-0.23811,0.337563,0.927018,0.240533,0.003352,True,H_nonSOE,-0.08829255269121294,0.014877,-0.10316955269121295,-34590552886.87406,0.0,1,0,,
601111.SH,中国国航,CSI,中央国有企业,工业,交通运输,工业--交通运输--航空客运Ⅲ--航空客运Ⅳ,2024,,,,,,,,,,345750173000.0,,0.017834,-232557000.0,6398748000.0,target_year,,,,,,,,,,SOE_target,0.012565,-0.0056489999999999995,26.538228,0.11608,0.114556,0.447754,-0.23259,0.351136,0.894822,0.293107,0.028784,True,H_nonSOE,-0.06204598909329096,0.012565,-0.07461098909329096,-25796762386.706463,0.0,0,2,"FirmSize_lag, HHI_lag",
601111.SH,中国国航,CSI,中央国有企业,工业,交通运输,工业--交通运输--航空客运Ⅲ--航空客运Ⅳ,2025,,,,,,,,,,343010455000.0,,0.010977,-1787943000.0,5553051000.0,target_year,,,,,,,,,,SOE_target,0.009768,-0.040801,26.568982,0.12001,0.116886,0.48955,-0.280326,0.353379,0.881631,0.29567,0.026481,True,H_nonSOE,-0.05794939438961547,0.009768,-0.06771739438961548,-23227774260.996452,0.0,0,2,"FirmSize_lag, HHI_lag",
601117.SH,中国化学,CSI,中央国有企业,工业,建筑,工业--建筑--建筑与工程Ⅲ--建筑与工程Ⅳ,2019,,,,,,,,,,115865000000.0,,0.028923341,3061407369.0,289806779.8,target_year,,,,,,,,,,SOE_target,0.038437,0.09006299999999999,25.29821051,0.019913202,0.178025019,0.878292587,0.21952137,0.111219633,0.63906894,1.387030531,0.010159534,True,H_nonSOE,0.08543036413827536,0.038437,0.04699336413827536,5444886135.881274,5444886135.881274,1,0,,
601117.SH,中国化学,CSI,中央国有企业,工业,建筑,工业--建筑--建筑与工程Ⅲ--建筑与工程Ⅳ,2020,,,,,,,,,,136008000000.0,,0.030814922,3658838010.0,532242625.5,target_year,,,,,,,,,,SOE_target,0.03608,0.10051299999999999,25.47569493,0.021861497,0.179054819,0.970062543,0.153063024,0.082862011,0.675556122,1.25315949,0.006583871,True,H_nonSOE,0.08234182712776078,0.03608,0.04626182712776078,6291978583.992488,6291978583.992488,1,0,,
601117.SH,中国化学,CSI,中央国有企业,工业,建筑,工业--建筑--建筑与工程Ⅲ--建筑与工程Ⅳ,2021,,,,,,,,,,177896000000.0,,0.02864568,4633424156.0,462528943.3,target_year,,,,,,,,,,SOE_target,0.038491,0.10793,25.63598067,0.020410956,0.179498397,0.866772612,0.13346452,0.087295556,0.700576858,1.206806431,0.006452369,True,H_nonSOE,0.06966571505606295,0.038491,0.03117471505606295,5545857109.613375,5545857109.613375,1,0,,
601117.SH,中国化学,CSI,中央国有企业,工业,建筑,工业--建筑--建筑与工程Ⅲ--建筑与工程Ⅳ,2022,,,,,,,,,,194566000000.0,,0.025998681,5415214019.0,-356763819.8,target_year,,,,,,,,,,SOE_target,0.036001,0.10713800000000001,25.90446519,0.022285355,0.17910201,0.872286223,0.12086578,0.084982363,0.704877319,1.184472444,0.021539793,True,H_nonSOE,0.06658974463770272,0.036001,0.030588744637702718,5951529689.179267,5951529689.179267,1,0,,
601117.SH,中国化学,CSI,中央国有企业,工业,建筑,工业--建筑--建筑与工程Ⅲ--建筑与工程Ⅳ,2023,,,,,,,,,,219115319747.0,,0.023994,5426141014.95,-168615955.65,target_year,,,,,,,,,,SOE_target,0.033386,0.09831300000000001,25.994035,0.02301,0.173049,0.844108,0.1213,0.088868,0.700228,1.185803,0.015632,True,H_nonSOE,0.06654598045095841,0.033386,0.033159980450958415,7265859719.316022,7265859719.316022,1,0,,
601117.SH,中国化学,CSI,中央国有企业,工业,建筑,工业--建筑--建筑与工程Ⅲ--建筑与工程Ⅳ,2024,,,,,,,,,,233421377309.4,,0.025317,5687933905.73,221671999.73,target_year,,,,,,,,,,SOE_target,0.033504,0.09498,26.112864,0.024201,0.176169,0.859609,0.11793,0.094952,0.707587,1.180015,0.015217,True,H_nonSOE,0.06684119893468853,0.033504,0.033337198934688526,7781614890.972458,7781614890.972458,1,0,,
601117.SH,中国化学,CSI,中央国有企业,工业,建筑,工业--建筑--建筑与工程Ⅲ--建筑与工程Ⅳ,2025,,,,,,,,,,247353213805.61,,0.026946,6436145919.35,229081690.59,target_year,,,,,,,,,,SOE_target,0.036042,0.099426,26.176111,0.026149,0.174423,0.818796,0.08385,0.099532,0.704835,1.125799,0.012938,True,H_nonSOE,0.0641056295787516,0.036042,0.028063629578751602,6941628967.354385,6941628967.354385,1,0,,
601186.SH,中国铁建,CSI,中央国有企业,工业,建筑,工业--建筑--建筑与工程Ⅲ--建筑与工程Ⅳ,2019,,,,,,,,,,1081240000000.0,,0.024870217,20197378000.0,6693276000.0,target_year,,,,,,,,,,SOE_target,0.030754,0.106344,27.54510432,0.179441198,0.178025019,0.839435107,0.057684202,0.059639027,0.774063963,1.088617697,0.035240302,True,H_nonSOE,0.048910933164132794,0.030754,0.018156933164132794,19632002414.386944,19632002414.386944,0,1,FirmSize_lag,
601186.SH,中国铁建,CSI,中央国有企业,工业,建筑,工业--建筑--建筑与工程Ⅲ--建筑与工程Ⅳ,2020,,,,,,,,,,1242790000000.0,,0.022541552,22392983000.0,5621495000.0,target_year,,,,,,,,,,SOE_target,0.028767,0.09646800000000001,27.70912892,0.175822099,0.179054819,0.830905085,0.061813243,0.052260934,0.757665491,1.097005706,0.029840757,True,H_nonSOE,0.051567225525279356,0.028767,0.022800225525279355,28335892280.56193,28335892280.56193,0,1,FirmSize_lag,
601186.SH,中国铁建,CSI,中央国有企业,工业,建筑,工业--建筑--建筑与工程Ⅲ--建筑与工程Ⅳ,2021,,,,,,,,,,1352970000000.0,,0.022695834,24690556000.0,6016226000.0,target_year,,,,,,,,,,SOE_target,0.028597,0.094403,27.84838222,0.170216618,0.179498397,0.783401225,0.073337434,0.051226586,0.747633644,1.118425578,0.025256172,True,H_nonSOE,0.05055258023212177,0.028597,0.021955580232121772,29705241386.653793,29705241386.653793,0,1,FirmSize_lag,
601186.SH,中国铁建,CSI,中央国有企业,工业,建筑,工业--建筑--建筑与工程Ⅲ--建筑与工程Ⅳ,2022,,,,,,,,,,1523950000000.0,,0.02151334,26642094000.0,6143183000.0,target_year,,,,,,,,,,SOE_target,0.027513,0.095274,27.9333233,0.166034342,0.17910201,0.785903995,0.056408052,0.052064362,0.743901938,1.091719883,0.024298731,True,H_nonSOE,0.0511196113162162,0.027513,0.023606611316216202,35975295315.34768,35975295315.34768,0,1,FirmSize_lag,
601186.SH,中国铁建,CSI,中央国有企业,工业,建筑,工业--建筑--建筑与工程Ⅲ--建筑与工程Ⅳ,2023,,,,,,,,,,1663019578000.0,,0.020178,26096971000.0,7459090000.0,target_year,,,,,,,,,,SOE_target,0.026402000000000002,0.086943,28.052327,0.16047,0.173049,0.762143,0.049486,0.048347,0.746701,1.080689,0.019856,True,H_nonSOE,0.04880209376434977,0.026402000000000002,0.022400093764349767,37251794479.14938,37251794479.14938,0,1,FirmSize_lag,
601186.SH,中国铁建,CSI,中央国有企业,工业,建筑,工业--建筑--建筑与工程Ⅲ--建筑与工程Ⅳ,2024,,,,,,,,,,1862842522000.0,,0.017098,22215074000.0,9635257000.0,target_year,,,,,,,,,,SOE_target,0.021749,0.06963,28.139656,0.154893,0.176169,0.714154,0.040108,0.047552,0.749179,1.06683,0.020998,True,H_nonSOE,0.04401146526337524,0.021749,0.022262465263375237,41471466937.16332,41471466937.16332,0,1,FirmSize_lag,
601186.SH,中国铁建,CSI,中央国有企业,工业,建筑,工业--建筑--建筑与工程Ⅲ--建筑与工程Ⅳ,2025,,,,,,,,,,2083825209000.0,,0.015085,18362618000.0,13072638000.0,target_year,,,,,,,,,,SOE_target,0.018279,0.054934000000000004,28.253125,0.150621,0.174423,0.605339,0.01676,0.04286,0.773144,1.028057,0.020371,True,H_nonSOE,0.030084717626500262,0.018279,0.011805717626500262,24601052000.436893,24601052000.436893,0,1,FirmSize_lag,
601225.SH,陕西煤业,CSI,地方国有企业,能源,煤炭Ⅱ,能源--煤炭Ⅱ--煤炭Ⅲ--煤炭与消费用燃料,2019,,,,,,,,,,126684000000.0,,0.098061525,11643397961.0,779381426.5,target_year,,,,,,,,,,SOE_target,0.161265,0.213801,25.51516149,0.104323389,0.3281903,0.481035865,0.023440984,0.436528856,0.449190309,1.098515116,0.036689981,True,H_nonSOE,0.08695424925383946,0.161265,-0.07431075074616053,-9413983147.5266,0.0,1,0,,
601225.SH,陕西煤业,CSI,地方国有企业,能源,煤炭Ⅱ,能源--煤炭Ⅱ--煤炭Ⅲ--煤炭与消费用燃料,2020,,,,,,,,,,148912000000.0,,0.100237638,14882641695.0,43980183.04,target_year,,,,,,,,,,SOE_target,0.174229,0.231661,25.56495786,0.12915651,0.293470907,0.564600682,0.054510991,0.439341317,0.39873896,1.247457596,0.038178355,True,H_nonSOE,0.10335274991106333,0.174229,-0.07087625008893667,-10554324153.243736,0.0,1,0,,
601225.SH,陕西煤业,CSI,地方国有企业,能源,煤炭Ⅱ,能源--煤炭Ⅱ--煤炭Ⅲ--煤炭与消费用燃料,2021,,,,,,,,,,185407000000.0,,0.113549493,21139687861.0,-86779774.34,target_year,,,,,,,,,,SOE_target,0.243413,0.271687,25.72662369,0.16038508,0.275297772,0.659401984,0.107688959,0.403718514,0.39783739,1.411395469,0.055749205,True,H_nonSOE,0.10648037595627549,0.243413,-0.1369326240437245,-25388267026.07483,0.0,1,0,,
601225.SH,陕西煤业,CSI,地方国有企业,能源,煤炭Ⅱ,能源--煤炭Ⅱ--煤炭Ⅲ--煤炭与消费用燃料,2022,,,,,,,,,,215260000000.0,,0.16034107,35122944094.0,-607952085.2,target_year,,,,,,,,,,SOE_target,0.319782,0.37351300000000004,25.94582102,0.166631218,0.269530745,0.85877972,0.196678798,0.349646573,0.381809852,1.767717225,0.042977561,True,H_nonSOE,0.12194245407496387,0.319782,-0.19783954592503614,-42586940655.82328,0.0,1,0,,
601225.SH,陕西煤业,CSI,地方国有企业,能源,煤炭Ⅱ,能源--煤炭Ⅱ--煤炭Ⅲ--煤炭与消费用燃料,2023,,,,,,,,,,193901834023.3,,0.107386,21239015394.53,-416754788.59,target_year,,,,,,,,,,SOE_target,0.20664000000000002,0.221275,26.095112,0.167115,0.250024,0.775475,0.145327,0.384026,0.359299,1.616833,0.047264,True,H_nonSOE,0.12176298317163364,0.20664000000000002,-0.08487701682836638,-16457809229.446737,0.0,1,0,,
601225.SH,陕西煤业,CSI,地方国有企业,能源,煤炭Ⅱ,能源--煤炭Ⅱ--煤炭Ⅲ--煤炭与消费用燃料,2024,,,,,,,,,,228552861117.95,,0.099353,22359786564.16,347711903.42,target_year,,,,,,,,,,SOE_target,0.209174,0.24861799999999998,25.990618,0.185843,0.263234,0.780946,0.047082,0.456536,0.360052,1.221613,0.056212,True,H_nonSOE,0.1276896769162256,0.209174,-0.0814843230837744,-18623475177.05606,0.0,1,0,,
601225.SH,陕西煤业,CSI,地方国有企业,能源,煤炭Ⅱ,能源--煤炭Ⅱ--煤炭Ⅲ--煤炭与消费用燃料,2025,,,,,,,,,,236269289914.48,,0.071676,16764763168.36,170032743.71,target_year,,,,,,,,,,SOE_target,0.13987,0.17881,26.155033,0.201894,0.263097,0.823164,-0.024704,0.483405,0.437124,0.902357,0.060788,True,H_nonSOE,0.11896742676592162,0.13987,-0.020902573234078375,-4938636135.4011135,0.0,1,0,,
601238.SH,广汽集团,CSI,地方国有企业,可选消费,汽车与零配件,可选消费--汽车与零配件--汽车--汽车制造,2019,,,,,,,,,,137464000000.0,,0.051888271,6616265000.0,516481000.0,target_year,,,,,,,,,,SOE_target,0.04707,0.08439500000000001,25.60738325,0.048609696,0.376606004,0.574830016,0.196102639,0.12346167,0.410059095,1.643304855,0.074538305,True,H_nonSOE,0.06169700582947476,0.04707,0.014627005829474758,2010686729.3429182,2010686729.3429182,1,0,,
601238.SH,广汽集团,CSI,地方国有企业,可选消费,汽车与零配件,可选消费--汽车与零配件--汽车--汽车制造,2020,,,,,,,,,,142861000000.0,,0.044824242,5964055000.0,439567000.0,target_year,,,,,,,,,,SOE_target,0.04066499999999999,0.072483,25.64662464,0.042562766,0.369422071,0.442849115,0.109771804,0.141097817,0.399780921,1.361212832,0.073478685,True,H_nonSOE,0.054689247148319985,0.04066499999999999,0.014024247148319992,2003517971.8561423,2003517971.8561423,1,0,,
601238.SH,广汽集团,CSI,地方国有企业,可选消费,汽车与零配件,可选消费--汽车与零配件--汽车--汽车制造,2021,,,,,,,,,,154251000000.0,,0.051450993,7511030000.0,425316000.0,target_year,,,,,,,,,,SOE_target,0.050627000000000005,0.085993,25.68513578,0.047287381,0.324255792,0.450599529,0.098695612,0.140508983,0.393019667,1.331421417,0.046097755,True,H_nonSOE,0.06083694996198958,0.050627000000000005,0.010209949961989574,1574894991.5868537,1574894991.5868537,1,0,,
601238.SH,广汽集团,CSI,地方国有企业,可选消费,汽车与零配件,可选消费--汽车与零配件--汽车--汽车制造,2022,,,,,,,,,,190075000000.0,,0.043845671,7982930000.0,351026000.0,target_year,,,,,,,,,,SOE_target,0.042034,0.078417,25.76184432,0.049781593,0.289774151,0.50941025,0.078178567,0.126259291,0.399361872,1.245439908,0.04047274,True,H_nonSOE,0.06422095644045667,0.042034,0.022186956440456665,4217185745.4198008,4217185745.4198008,1,0,,
601238.SH,广汽集团,CSI,地方国有企业,可选消费,汽车与零配件,可选消费--汽车与零配件--汽车--汽车制造,2023,,,,,,,,,,218448770000.0,,0.022413,4428845000.0,467323000.0,target_year,,,,,,,,,,SOE_target,0.015753,0.038668999999999995,25.970683,0.061175,0.236564,0.638968,0.184684,0.109223,0.356557,1.619242,0.04216,True,H_nonSOE,0.08138388943247632,0.015753,0.06563088943247632,14336987070.530449,14336987070.530449,1,0,,
601238.SH,广汽集团,CSI,地方国有企业,可选消费,汽车与零配件,可选消费--汽车与零配件--汽车--汽车制造,2024,,,,,,,,,,232512366000.0,,0.005963,823579000.0,562994000.0,target_year,,,,,,,,,,SOE_target,-0.003319,0.007156,26.109817,0.061643,0.222276,0.635,0.109483,0.114121,0.430284,1.309821,0.052994,True,H_nonSOE,0.06641327048935708,-0.003319,0.06973227048935708,16213615198.032393,16213615198.032393,1,0,,
601238.SH,广汽集团,CSI,地方国有企业,可选消费,汽车与零配件,可选消费--汽车与零配件--汽车--汽车制造,2025,,,,,,,,,,214997433000.0,,-0.037883,-8783621000.0,638948000.0,target_year,,,,,,,,,,SOE_target,-0.052878,-0.079962,26.172209,0.04632,0.204324,0.478018,0.087342,0.122127,0.476025,1.22371,0.046704,True,H_nonSOE,0.047032069949933926,-0.052878,0.09991006994993393,21480408570.08623,21480408570.08623,1,0,,
601298.SH,青岛港,CSI,地方国有企业,工业,交通运输,工业--交通运输--交通基础设施--海港与服务,2019,,,,,,,,,,52785301395.0,,0.076096852,3790143318.0,226651944.0,target_year,,,,,,,,,,SOE_target,0.094567,0.132206,24.61029473,0.013480893,0.111099702,0.242543868,0.108784129,0.330942547,0.396717894,1.406157264,0.060536752,True,H_nonSOE,0.00012066894513510645,0.094567,-0.09444633105486488,-4985378050.382991,0.0,0,1,HHI_lag,
601298.SH,青岛港,CSI,地方国有企业,工业,交通运输,工业--交通运输--交通基础设施--海港与服务,2020,,,,,,,,,,57177364980.0,,0.070826963,3841863143.0,207835967.0,target_year,,,,,,,,,,SOE_target,0.09688599999999999,0.12128299999999999,24.68949861,0.012569095,0.108646931,0.239565753,0.168973722,0.319254585,0.363509137,1.813336737,0.044035765,True,H_nonSOE,0.0066367462832486665,0.09688599999999999,-0.09024925371675133,-5160214518.935312,0.0,0,1,HHI_lag,
601298.SH,青岛港,CSI,地方国有企业,工业,交通运输,工业--交通运输--交通基础设施--海港与服务,2021,,,,,,,,,,60575556128.0,,0.068009798,3964054012.0,155677343.0,target_year,,,,,,,,,,SOE_target,0.093518,0.116728,24.76942394,0.016617029,0.123286456,0.240434582,0.073048221,0.336444896,0.35742523,1.282351066,0.052256028,True,H_nonSOE,0.012143762174617302,0.093518,-0.0813742378253827,-4929289710.76469,0.0,0,1,HHI_lag,
601298.SH,青岛港,CSI,地方国有企业,工业,交通运输,工业--交通运输--交通基础设施--海港与服务,2022,,,,,,,,,,57475910361.0,,0.081422004,4525175176.0,154628607.0,target_year,,,,,,,,,,SOE_target,0.107742,0.125138,24.82715728,0.014623468,0.15352339,0.273440036,0.072342317,0.350636445,0.359731403,1.270789891,0.039981503,True,H_nonSOE,0.018375443794777728,0.107742,-0.08936655620522227,-5136424173.722624,0.0,1,0,,
601298.SH,青岛港,CSI,地方国有企业,工业,交通运输,工业--交通运输--交通基础设施--海港与服务,2023,,,,,,,,,,60245860643.0,,0.084406,4923321689.0,161761849.0,target_year,,,,,,,,,,SOE_target,0.11590500000000001,0.126764,24.774632,0.016404,0.180808,0.326345,0.090309,0.429321,0.28184,1.597515,0.051444,True,H_nonSOE,0.037732804757218096,0.11590500000000001,-0.0781721952427819,-4709551180.754026,0.0,1,0,,
601298.SH,青岛港,CSI,地方国有企业,工业,交通运输,工业--交通运输--交通基础设施--海港与服务,2024,,,,,,,,,,62749753460.0,,0.0854,5234897470.0,123906331.0,target_year,,,,,,,,,,SOE_target,0.11468600000000001,0.1265,24.8217,0.014951,0.114556,0.308747,0.103533,0.42303,0.260718,1.729182,0.045052,True,H_nonSOE,0.04059485977588021,0.11468600000000001,-0.0740911402241198,-4649200782.633807,0.0,0,1,HHI_lag,
601298.SH,青岛港,CSI,地方国有企业,工业,交通运输,工业--交通运输--交通基础设施--海港与服务,2025,,,,,,,,,,66578767145.0,,0.081146,5271506093.0,131117644.0,target_year,,,,,,,,,,SOE_target,0.110008,0.119534,24.86242,0.013636,0.116886,0.307995,0.131168,0.411668,0.254306,1.979535,0.033242,True,H_nonSOE,0.04129545877714167,0.110008,-0.06871254122285833,-4574796282.017899,0.0,0,1,HHI_lag,
601390.SH,中国中铁,CSI,中央国有企业,工业,建筑,工业--建筑--建筑与工程Ⅲ--建筑与工程Ⅳ,2019,,,,,,,,,,1056040000000.0,,0.030053757,23678000000.0,8060000000.0,target_year,,,,,,,,,,SOE_target,0.039075,0.114683,27.57181555,0.181962771,0.178025019,0.828894418,0.031368268,0.068632475,0.764479641,1.047495883,0.020089909,True,H_nonSOE,0.05228439575551913,0.039075,0.013209395755519132,13949650293.658424,13949650293.658424,0,1,FirmSize_lag,
601390.SH,中国中铁,CSI,中央国有企业,工业,建筑,工业--建筑--建筑与工程Ⅲ--建筑与工程Ⅳ,2020,,,,,,,,,,1199980000000.0,,0.02854638,25188000000.0,9067000000.0,target_year,,,,,,,,,,SOE_target,0.035775,0.105719,27.68554813,0.180139218,0.179054819,0.851458605,0.031945729,0.062643401,0.767690838,1.049902816,0.018613861,True,H_nonSOE,0.05306772534453012,0.035775,0.01729272534453012,20750924558.929256,20750924558.929256,0,1,FirmSize_lag,
601390.SH,中国中铁,CSI,中央国有企业,工业,建筑,工业--建筑--建筑与工程Ⅲ--建筑与工程Ⅳ,2021,,,,,,,,,,1361580000000.0,,0.028494837,27618000000.0,11180000000.0,target_year,,,,,,,,,,SOE_target,0.034908999999999996,0.104156,27.81332351,0.182259773,0.179498397,0.864117219,0.030802257,0.061987855,0.739123333,1.052417588,0.035895688,True,H_nonSOE,0.05685144385759852,0.034908999999999996,0.021942443857598526,29876392707.629,29876392707.629,0,1,FirmSize_lag,
601390.SH,中国中铁,CSI,中央国有企业,工业,建筑,工业--建筑--建筑与工程Ⅲ--建筑与工程Ⅳ,2022,,,,,,,,,,1613020000000.0,,0.026974884,31276000000.0,12235000000.0,target_year,,,,,,,,,,SOE_target,0.032713,0.108559,27.93966691,0.174704149,0.17910201,0.837984085,0.009693151,0.056822221,0.736927687,1.016751707,0.040920842,True,H_nonSOE,0.05338061819788013,0.032713,0.020667618197880128,33337281505.544605,33337281505.544605,0,1,FirmSize_lag,
601390.SH,中国中铁,CSI,中央国有企业,工业,建筑,工业--建筑--建筑与工程Ⅲ--建筑与工程Ⅳ,2023,,,,,,,,,,1829290000000.0,,0.026783,33483000000.0,15511000000.0,target_year,,,,,,,,,,SOE_target,0.031595,0.105713,28.109129,0.168965,0.173049,0.776138,0.015749,0.07331,0.737815,1.029086,0.038164,True,H_nonSOE,0.05023287018960566,0.031595,0.018637870189605665,34094069559.14375,34094069559.14375,0,1,FirmSize_lag,
601390.SH,中国中铁,CSI,中央国有企业,工业,建筑,工业--建筑--建筑与工程Ⅲ--建筑与工程Ⅳ,2024,,,,,,,,,,2256266000000.0,,0.017582,27887000000.0,11783000000.0,target_year,,,,,,,,,,SOE_target,0.021793999999999997,0.08119,28.234949,0.171964,0.176169,0.734049,-0.002704,0.07456,0.748671,0.995106,0.031069,True,H_nonSOE,0.04573227218457193,0.021793999999999997,0.023938272184571934,54011109628.79538,54011109628.79538,0,1,FirmSize_lag,
601390.SH,中国中铁,CSI,中央国有企业,工业,建筑,工业--建筑--建筑与工程Ⅲ--建筑与工程Ⅳ,2025,,,,,,,,,,2470432000000.0,,0.014446,22892000000.0,12796000000.0,target_year,,,,,,,,,,SOE_target,0.016576,0.063108,28.444732,0.163766,0.174423,0.568006,-0.005365,0.064425,0.773966,0.990516,0.025456,True,H_nonSOE,0.0278754144549799,0.016576,0.011299414454979898,27914435050.8449,27914435050.8449,0,1,FirmSize_lag,
601600.SH,中国铝业,CSI,中央国有企业,材料,有色金属,材料--有色金属--其他金属与采矿--铝,2019,,,,,,,,,,203071000000.0,,0.028138373,850999000.0,4863079000.0,target_year,,,,,,,,,,SOE_target,0.033251,0.015895,26.02595421,0.229574015,0.167062795,0.898902434,-0.078920896,0.528651052,0.663129674,0.787911317,0.034110686,True,H_nonSOE,0.1626335287973146,0.033251,0.1293825287973146,26273839505.39947,26273839505.39947,1,0,,
601600.SH,中国铝业,CSI,中央国有企业,材料,有色金属,材料--有色金属--其他金属与采矿--铝,2020,,,,,,,,,,194902000000.0,,0.023620612,741004000.0,3862693000.0,target_year,,,,,,,,,,SOE_target,0.029102000000000003,0.013597,26.03681985,0.205405763,0.15478921,0.941085169,-0.10073329,0.508844823,0.651721925,0.704264039,0.044552565,True,H_nonSOE,0.1653630714378211,0.029102000000000003,0.13626107143782112,26557555345.374214,26557555345.374214,1,0,,
601600.SH,中国铝业,CSI,中央国有企业,材料,有色金属,材料--有色金属--其他金属与采矿--铝,2021,,,,,,,,,,192377000000.0,,0.044704308,5079562000.0,3520514000.0,target_year,,,,,,,,,,SOE_target,0.06932100000000001,0.091034,25.99576108,0.167808698,0.159708925,0.934709429,-0.084265737,0.51635343,0.634832729,0.737757281,0.025853527,True,H_nonSOE,0.17088465253357263,0.06932100000000001,0.10156365253357262,19538510783.4511,19538510783.4511,1,0,,
601600.SH,中国铝业,CSI,中央国有企业,材料,有色金属,材料--有色金属--其他金属与采矿--铝,2022,,,,,,,,,,212348000000.0,,0.03776659,4191927000.0,3827734000.0,target_year,,,,,,,,,,SOE_target,0.081831,0.075079,25.98272229,0.180693598,0.168216562,1.393044931,-0.01802061,0.485645784,0.621661966,0.933562737,0.011100876,True,H_nonSOE,0.20908708181625132,0.081831,0.1272560818162513,27022574461.517334,27022574461.517334,1,0,,
601600.SH,中国铝业,CSI,中央国有企业,材料,有色金属,材料--有色金属--其他金属与采矿--铝,2023,,,,,,,,,,211755809000.0,,0.047425,6716945000.0,3325573000.0,target_year,,,,,,,,,,SOE_target,0.084984,0.116958,26.081492,0.169857,0.153058,1.437954,-0.036877,0.514612,0.586735,0.874439,0.022375,True,H_nonSOE,0.21956356280092873,0.084984,0.13457956280092873,28498004195.77697,28498004195.77697,1,0,,
601600.SH,中国铝业,CSI,中央国有企业,材料,有色金属,材料--有色金属--其他金属与采矿--铝,2024,,,,,,,,,,215895530000.0,,0.070221,12400160000.0,2760298000.0,target_year,,,,,,,,,,SOE_target,0.115569,0.19128799999999999,26.0787,0.12989,0.159476,1.061395,-0.001253,0.494956,0.533004,0.995482,0.031685,True,H_nonSOE,0.1970227756736894,0.115569,0.08145377567368939,17585506069.572277,17585506069.572277,1,0,,
601600.SH,中国铝业,CSI,中央国有企业,材料,有色金属,材料--有色金属--其他金属与采矿--铝,2025,,,,,,,,,,227021733000.0,,0.066142,12673918000.0,2341729000.0,target_year,,,,,,,,,,SOE_target,0.1257,0.17588499999999999,26.09806,0.132426,0.15747,1.108686,0.059533,0.492976,0.481042,1.278215,0.047985,True,H_nonSOE,0.2072127528554305,0.1257,0.0815127528554305,18505166414.84053,18505166414.84053,1,0,,
601607.SH,上海医药,CSI,地方国有企业,医疗保健,医药生物,医疗保健--医药生物--制药--西药,2019,,,,,,,,,,137026000000.0,,0.040037592,4080994000.0,1405213000.0,target_year,,,,,,,,,,SOE_target,0.056336000000000004,0.101174,25.56650233,0.502594113,0.277672488,1.438221312,0.19363372,0.086756652,0.634035975,1.357563694,0.01531411,True,H_nonSOE,0.051586689385804435,0.056336000000000004,-0.004749310614195569,-650779036.220762,0.0,1,0,,
601607.SH,上海医药,CSI,地方国有企业,医疗保健,医药生物,医疗保健--医药生物--制药--西药,2020,,,,,,,,,,149186000000.0,,0.039602396,4496216959.0,1411892516.0,target_year,,,,,,,,,,SOE_target,0.057992,0.103345,25.64343942,0.501901176,0.276190471,1.413882127,0.171382593,0.086848347,0.639588215,1.314765861,0.020091932,True,H_nonSOE,0.04747965825652594,0.057992,-0.010512341743474062,-1568294215.3419213,0.0,1,0,,
601607.SH,上海医药,CSI,地方国有企业,医疗保健,医药生物,医疗保健--医药生物--制药--西药,2021,,,,,,,,,,163436000000.0,,0.040454463,5093467261.0,1518228463.0,target_year,,,,,,,,,,SOE_target,0.05965,0.107555,25.72845738,0.479965502,0.256105921,1.341027781,0.130239979,0.081964446,0.633069751,1.220461562,0.02017601,True,H_nonSOE,0.04213734449635563,0.05965,-0.01751265550364437,-2862198364.8936214,0.0,1,0,,
601607.SH,上海医药,CSI,地方国有企业,医疗保健,医药生物,医疗保健--医药生物--制药--西药,2022,,,,,,,,,,198135000000.0,,0.036876042,5617152003.0,1689278923.0,target_year,,,,,,,,,,SOE_target,0.055642,0.096496,25.81968431,0.450773824,0.230275265,1.380739908,0.150947055,0.081978808,0.638596224,1.268666382,0.025201203,True,H_nonSOE,0.043881658017053446,0.055642,-0.011760341982946551,-2330135358.791115,0.0,1,0,,
601607.SH,上海医药,CSI,地方国有企业,医疗保健,医药生物,医疗保健--医药生物--制药--西药,2023,,,,,,,,,,211972533766.8,,0.026668,3767999581.18,1884984092.73,target_year,,,,,,,,,,SOE_target,0.041343,0.05558,26.012214,0.428444,0.212266,1.283187,0.195936,0.072257,0.606316,1.350722,0.013551,True,H_nonSOE,0.0446366768891458,0.041343,0.003293676889145801,698169035.601387,698169035.601387,1,0,,
601607.SH,上海医药,CSI,地方国有企业,医疗保健,医药生物,医疗保健--医药生物--制药--西药,2024,,,,,,,,,,221209430148.17,,0.028974,4552528438.69,1856737428.35,target_year,,,,,,,,,,SOE_target,0.043189000000000005,0.064943,26.079723,0.433857,0.216978,1.2694,0.188996,0.074183,0.621054,1.327379,0.014014,True,H_nonSOE,0.04080419675031158,0.043189000000000005,-0.0023848032496884275,-527540967.8790811,0.0,1,0,,
601607.SH,上海医药,CSI,地方国有企业,医疗保健,医药生物,医疗保健--医药生物--制药--西药,2025,,,,,,,,,,233148766767.21,,0.031784,5724557508.41,1685890506.64,target_year,,,,,,,,,,SOE_target,0.048863000000000004,0.077586,26.122376,0.454225,0.230555,1.270833,0.206975,0.07712,0.621434,1.36326,0.010853,True,H_nonSOE,0.04184849352506167,0.048863000000000004,-0.007014506474938335,-1635423534.1124823,0.0,1,0,,
601618.SH,中国中冶,CSI,中央国有企业,工业,建筑,工业--建筑--建筑与工程Ⅲ--建筑与工程Ⅳ,2019,,,,,,,,,,458506000000.0,,0.023484279,6599712000.0,4167976000.0,target_year,,,,,,,,,,SOE_target,0.025755,0.072567,26.80757353,0.071158446,0.178025019,0.678479116,0.096500586,0.070059014,0.766083987,1.142580396,0.012747792,True,H_nonSOE,0.040704261063118814,0.025755,0.014949261063118814,6854325893.006355,6854325893.006355,0,1,FirmSize_lag,
601618.SH,中国中冶,CSI,中央国有企业,工业,建筑,工业--建筑--建筑与工程Ⅲ--建筑与工程Ⅳ,2020,,,,,,,,,,506393000000.0,,0.020525204,7862185000.0,2531634000.0,target_year,,,,,,,,,,SOE_target,0.026345999999999998,0.080291,26.85123968,0.071695852,0.179054819,0.75468974,0.090538407,0.066624521,0.74502961,1.135695417,0.008963835,True,H_nonSOE,0.050669383844786385,0.026345999999999998,0.024323383844786387,12317191315.312914,12317191315.312914,0,1,FirmSize_lag,
601618.SH,中国中冶,CSI,中央国有企业,工业,建筑,工业--建筑--建筑与工程Ⅲ--建筑与工程Ⅳ,2021,,,,,,,,,,543470000000.0,,0.019399573,8374970000.0,2168119000.0,target_year,,,,,,,,,,SOE_target,0.025741,0.081553,26.95057881,0.074815232,0.179498397,0.829339755,0.113473741,0.058452096,0.72283322,1.173188123,0.007391542,True,H_nonSOE,0.060861052543492423,0.025741,0.035120052543492424,19086694955.81183,19086694955.81183,0,1,FirmSize_lag,
601618.SH,中国中冶,CSI,中央国有企业,工业,建筑,工业--建筑--建筑与工程Ⅲ--建筑与工程Ⅳ,2022,,,,,,,,,,585384000000.0,,0.022109459,10272357000.0,2670175000.0,target_year,,,,,,,,,,SOE_target,0.027708,0.08987099999999999,27.02124061,0.081481622,0.17910201,0.953594125,0.098305267,0.054275288,0.721442365,1.148864632,0.006534642,True,H_nonSOE,0.07021467488155073,0.027708,0.04250667488155073,24882727368.86169,24882727368.86169,0,1,FirmSize_lag,
601618.SH,中国中冶,CSI,中央国有企业,工业,建筑,工业--建筑--建筑与工程Ⅲ--建筑与工程Ⅳ,2023,,,,,,,,,,661602236000.0,,0.017156,8670405000.0,2679906000.0,target_year,,,,,,,,,,SOE_target,0.023165,0.065047,27.095535,0.086751,0.173049,1.050036,0.089447,0.050375,0.723414,1.135705,0.007369,True,H_nonSOE,0.07668946074583569,0.023165,0.05352446074583568,35411902910.139114,35411902910.139114,0,1,FirmSize_lag,
601618.SH,中国中冶,CSI,中央国有企业,工业,建筑,工业--建筑--建筑与工程Ⅲ--建筑与工程Ⅳ,2024,,,,,,,,,,808015755000.0,,0.012548,6745954000.0,3392681000.0,target_year,,,,,,,,,,SOE_target,0.013515999999999999,0.045195,27.21793,0.086276,0.176169,1.016643,0.053379,0.047697,0.746084,1.078686,0.006946,True,H_nonSOE,0.0686688060772484,0.013515999999999999,0.0551528060772484,44564336242.87646,44564336242.87646,0,1,FirmSize_lag,
601618.SH,中国中冶,CSI,中央国有企业,工业,建筑,工业--建筑--建筑与工程Ⅲ--建筑与工程Ⅳ,2025,,,,,,,,,,839488682000.0,,0.005927,1321768000.0,3654143000.0,target_year,,,,,,,,,,SOE_target,0.006326000000000001,0.008561,27.417847,0.077913,0.174423,0.751249,0.032347,0.040738,0.774341,1.045565,0.008493,True,H_nonSOE,0.04132928145841465,0.006326000000000001,0.03500328145841465,29384858617.199554,29384858617.199554,0,1,FirmSize_lag,
601668.SH,中国建筑,CSI,中央国有企业,工业,建筑,工业--建筑--建筑与工程Ⅲ--建筑与工程Ⅳ,2019,,,,,,,,,,2034450000000.0,,0.025735582,41881399000.0,10476405000.0,target_year,,,,,,,,,,SOE_target,0.045323,0.16072399999999998,28.25258652,0.290775892,0.178025019,0.693343498,0.158678508,0.023618232,0.769440883,1.27699336,0.010003014,True,H_nonSOE,0.044394344853103375,0.045323,-0.0009286551468966273,-1889302463.6038432,0.0,0,1,FirmSize_lag,
601668.SH,中国建筑,CSI,中央国有企业,工业,建筑,工业--建筑--建筑与工程Ⅲ--建筑与工程Ⅳ,2020,,,,,,,,,,2192170000000.0,,0.0240592,44944250000.0,7797699000.0,target_year,,,,,,,,,,SOE_target,0.044617000000000004,0.155619,28.34124758,0.296959904,0.179054819,0.719975045,0.155215417,0.023416778,0.753331444,1.275613753,0.010045355,True,H_nonSOE,0.049497370336803355,0.044617000000000004,0.004880370336803351,10698601441.230202,10698601441.230202,0,1,FirmSize_lag,
601668.SH,中国建筑,CSI,中央国有企业,工业,建筑,工业--建筑--建筑与工程Ⅲ--建筑与工程Ⅳ,2021,,,,,,,,,,2388250000000.0,,0.026183115,51407661000.0,11124140000.0,target_year,,,,,,,,,,SOE_target,0.044051,0.15957100000000002,28.41591479,0.299012106,0.179498397,0.756692397,0.174080774,0.022835803,0.736747565,1.319072419,0.022579294,True,H_nonSOE,0.05394878826625796,0.044051,0.009897788266257958,23638392826.890568,23638392826.890568,0,1,FirmSize_lag,
601668.SH,中国建筑,CSI,中央国有企业,工业,建筑,工业--建筑--建筑与工程Ⅲ--建筑与工程Ⅳ,2022,,,,,,,,,,2652900000000.0,,0.026621424,50950301000.0,19673762000.0,target_year,,,,,,,,,,SOE_target,0.035244,0.139931,28.50158163,0.305461088,0.17910201,0.81938288,0.183999738,0.019747785,0.732145905,1.344759921,0.013029666,True,H_nonSOE,0.06108951200315805,0.035244,0.02584551200315805,68565558793.17799,68565558793.17799,0,1,FirmSize_lag,
601668.SH,中国建筑,CSI,中央国有企业,工业,建筑,工业--建筑--建筑与工程Ⅲ--建筑与工程Ⅳ,2023,,,,,,,,,,2903322519000.0,,0.025089,54264173000.0,18577073000.0,target_year,,,,,,,,,,SOE_target,0.033474,0.133667,28.606676,0.299083,0.173049,0.810647,0.167924,0.020296,0.743531,1.31168,0.009781,True,H_nonSOE,0.05829845032038007,0.033474,0.024824450320380075,72073385636.95624,72073385636.95624,0,1,FirmSize_lag,
601668.SH,中国建筑,CSI,中央国有企业,工业,建筑,工业--建筑--建筑与工程Ⅲ--建筑与工程Ⅳ,2024,,,,,,,,,,3189262063000.0,,0.020584,46187099000.0,19462089000.0,target_year,,,,,,,,,,SOE_target,0.032662,0.103815,28.696877,0.306415,0.176169,0.810341,0.157933,0.019567,0.748195,1.288305,0.01173,True,H_nonSOE,0.057053222860101935,0.032662,0.024391222860101938,77790001737.90147,77790001737.90147,0,1,FirmSize_lag,
601668.SH,中国建筑,CSI,中央国有企业,工业,建筑,工业--建筑--建筑与工程Ⅲ--建筑与工程Ⅳ,2025,,,,,,,,,,3560679818000.0,,0.015927,39069002000.0,17641773000.0,target_year,,,,,,,,,,SOE_target,0.026034,0.081928,28.790811,0.307315,0.174423,0.714762,0.162218,0.018002,0.758107,1.293695,0.00621,True,H_nonSOE,0.04866488478382431,0.026034,0.022630884783824308,80581334713.2465,80581334713.2465,0,1,FirmSize_lag,
601669.SH,中国电建,CSI,中央国有企业,工业,建筑,工业--建筑--建筑与工程Ⅲ--建筑与工程Ⅳ,2019,,,,,,,,,,813228000000.0,,0.021953092,7239365377.0,10613495264.0,target_year,,,,,,,,,,SOE_target,0.027473,0.074761,27.29310223,0.071786436,0.178025019,0.453133935,-0.01854785,0.153011793,0.799690811,0.96258388,0.081485557,True,H_nonSOE,0.01064342852336628,0.027473,-0.01682957147663372,-13686278752.799887,0.0,0,1,FirmSize_lag,
601669.SH,中国电建,CSI,中央国有企业,工业,建筑,工业--建筑--建筑与工程Ⅲ--建筑与工程Ⅳ,2020,,,,,,,,,,886543000000.0,,0.019807332,7987168431.0,9572891922.0,target_year,,,,,,,,,,SOE_target,0.019069,0.07081900000000001,27.42427689,0.073061092,0.179054819,0.452132758,0.02210958,0.139392719,0.762094823,1.050965733,0.096349335,True,H_nonSOE,0.0152060669014068,0.019069,-0.0038629330985931985,-3424656298.02611,0.0,0,1,FirmSize_lag,
601669.SH,中国电建,CSI,中央国有企业,工业,建筑,工业--建筑--建筑与工程Ⅲ--建筑与工程Ⅳ,2021,,,,,,,,,,963977000000.0,,0.01708308,8632095909.0,7835606959.0,target_year,,,,,,,,,,SOE_target,0.018102,0.07104,27.51059596,0.074592774,0.179498397,0.469386636,0.038978898,0.129357962,0.747435571,1.090530936,0.080311614,True,H_nonSOE,0.02118526821589177,0.018102,0.00308326821589177,2972199644.9507008,2972199644.9507008,0,1,FirmSize_lag,
601669.SH,中国电建,CSI,中央国有企业,工业,建筑,工业--建筑--建筑与工程Ⅲ--建筑与工程Ⅳ,2022,,,,,,,,,,1040080000000.0,,0.01794748,11435443832.0,7231337452.0,target_year,,,,,,,,,,SOE_target,0.019208,0.082608,27.59433366,0.072680712,0.17910201,0.48257162,0.016143212,0.126515766,0.750894566,1.038058291,0.044033759,True,H_nonSOE,0.02623782376494961,0.019208,0.007029823764949612,7311579101.448792,7311579101.448792,0,1,FirmSize_lag,
601669.SH,中国电建,CSI,中央国有企业,工业,建筑,工业--建筑--建筑与工程Ⅲ--建筑与工程Ⅳ,2023,,,,,,,,,,1153774735013.99,,0.020264,12988385293.6,10391264452.69,target_year,,,,,,,,,,SOE_target,0.019068,0.08314,27.670317,0.083366,0.173049,0.568392,-0.054595,0.145382,0.768917,0.87983,0.055525,True,H_nonSOE,0.02826400587265802,0.019068,0.009196005872658019,10610119238.913101,10610119238.913101,0,1,FirmSize_lag,
601669.SH,中国电建,CSI,中央国有企业,工业,建筑,工业--建筑--建筑与工程Ⅲ--建筑与工程Ⅳ,2024,,,,,,,,,,1289001336534.82,,0.017271,12015017079.83,10246725711.28,target_year,,,,,,,,,,SOE_target,0.024380000000000002,0.073681,27.77406,0.082524,0.176169,0.552729,-0.074919,0.159919,0.774956,0.84115,0.063848,True,H_nonSOE,0.025409792335755042,0.024380000000000002,0.00102979233575504,1327403697.1415606,1327403697.1415606,0,1,FirmSize_lag,
601669.SH,中国电建,CSI,中央国有企业,工业,建筑,工业--建筑--建筑与工程Ⅲ--建筑与工程Ⅳ,2025,,,,,,,,,,1380267054189.34,,0.015796,10007143581.45,11795542225.98,target_year,,,,,,,,,,SOE_target,0.021762,0.060095,27.884889,0.089088,0.174423,0.516793,-0.055059,0.170322,0.789312,0.882455,0.045842,True,H_nonSOE,0.023992541985796503,0.021762,0.0022305419857965025,3078743615.9809794,3078743615.9809794,0,1,FirmSize_lag,
601698.SH,中国卫通,CSI,中央国有企业,通讯服务,电信服务,通讯服务--电信服务--多元电信服务--非传统电信运营商,2019,,,,,,,,,,18157405439.0,,0.024849346,446422541.2,4777116.63,target_year,,,,,,,,,,SOE_target,0.043070000000000004,0.042381,23.56516666,0.001994058,0.376451505,0.157733546,0.037744231,0.655058428,0.210461411,1.262196336,0.065116144,True,H_nonSOE,0.11006168594228175,0.043070000000000004,0.06699168594228175,1216395202.6961665,1216395202.6961665,0,1,FixedAssetsRatio_lag,
601698.SH,中国卫通,CSI,中央国有企业,通讯服务,电信服务,通讯服务--电信服务--多元电信服务--非传统电信运营商,2020,,,,,,,,,,18289285775.0,,0.02517721,488789159.5,-28315974.82,target_year,,,,,,,,,,SOE_target,0.040647,0.042714,23.62234433,0.002022361,0.377325617,0.153756745,0.201421555,0.526406664,0.156816488,2.94769589,0.104425995,True,H_nonSOE,0.10073271105514148,0.040647,0.060085711055141475,1098924740.4815593,1098924740.4815593,1,0,,
601698.SH,中国卫通,CSI,中央国有企业,通讯服务,电信服务,通讯服务--电信服务--多元电信服务--非传统电信运营商,2021,,,,,,,,,,19108303143.0,,0.027076187,572304982.5,-54924998.8,target_year,,,,,,,,,,SOE_target,0.045194,0.048521999999999996,23.62958125,0.001926959,0.375629725,0.14744811,0.236037739,0.504704231,0.15672958,3.423905895,0.074944516,True,H_nonSOE,0.09916106890957915,0.045194,0.053967068909579155,1031219112.463409,1031219112.463409,1,0,,
601698.SH,中国卫通,CSI,中央国有企业,通讯服务,电信服务,通讯服务--电信服务--多元电信服务--非传统电信运营商,2022,,,,,,,,,,22428111563.0,,0.037206934,920731173.8,-86249910.71,target_year,,,,,,,,,,SOE_target,0.044083,0.06791900000000001,23.6733888,0.001718411,0.374126853,0.139687335,0.232013654,0.484045143,0.174437198,3.049275176,0.070971637,True,H_nonSOE,0.09963356752901048,0.044083,0.05555056752901048,1245894325.9286125,1245894325.9286125,1,0,,
601698.SH,中国卫通,CSI,中央国有企业,通讯服务,电信服务,通讯服务--电信服务--多元电信服务--非传统电信运营商,2023,,,,,,,,,,22655663962.77,,0.0088,348770555.15,-149399701.62,target_year,,,,,,,,,,SOE_target,0.027014,0.022941,23.833581,0.001644,0.373379,0.130568,0.278289,0.472996,0.143892,4.389044,0.106807,True,H_nonSOE,0.0865319347859986,0.027014,0.05951793478599861,1348418330.2696438,1348418330.2696438,1,0,,
601698.SH,中国卫通,CSI,中央国有企业,通讯服务,电信服务,通讯服务--电信服务--多元电信服务--非传统电信运营商,2024,,,,,,,,,,22412943899.49,,0.010881,454492823.77,-210622634.37,target_year,,,,,,,,,,SOE_target,0.019974000000000002,0.029298,23.843676,0.001484,0.374249,0.11526,0.270497,0.48634,0.140534,4.284335,0.072722,True,H_nonSOE,0.09451953861271338,0.019974000000000002,0.07454553861271337,1670784974.8840106,1670784974.8840106,1,0,,
601698.SH,中国卫通,CSI,中央国有企业,通讯服务,电信服务,通讯服务--电信服务--多元电信服务--非传统电信运营商,2025,,,,,,,,,,22406144635.9,,0.01243,441236300.09,-162717818.39,target_year,,,,,,,,,,SOE_target,0.020058,0.027825000000000003,23.832904,0.001396,0.373264,0.112123,0.325021,0.483047,0.105243,5.843483,0.063943,True,H_nonSOE,0.07995767053203598,0.020058,0.05989967053203598,1342120681.5835555,1342120681.5835555,1,0,,
601728.SH,中国电信,CSI,中央国有企业,通讯服务,电信服务,通讯服务--电信服务--多元电信服务--综合电信业务,2019,,,,,,,,,,703131000000.0,,0.034996324,20517000000.0,4090000000.0,target_year,,,,,,,,,,SOE_target,0.044832000000000004,0.058993000000000004,27.22061683,0.281395769,0.376451505,0.56942599,-0.280253308,0.715182203,0.481295845,0.281959679,0.126405299,True,H_nonSOE,0.11484025761842576,0.044832000000000004,0.07000825761842575,49224976187.50131,49224976187.50131,0,2,"FirmSize_lag, FixedAssetsRatio_lag",
601728.SH,中国电信,CSI,中央国有企业,通讯服务,电信服务,通讯服务--电信服务--多元电信服务--综合电信业务,2020,,,,,,,,,,715096000000.0,,0.033957678,20850000000.0,3433000000.0,target_year,,,,,,,,,,SOE_target,0.042642,0.058243,27.27880906,0.279955898,0.377325617,0.549916466,-0.272323365,0.667320883,0.495058531,0.276512218,0.118275257,True,H_nonSOE,0.11224921294584705,0.042642,0.06960721294584706,49775839548.72344,49775839548.72344,0,2,"FirmSize_lag, FixedAssetsRatio_lag",
601728.SH,中国电信,CSI,中央国有企业,通讯服务,电信服务,通讯服务--电信服务--多元电信服务--综合电信业务,2021,,,,,,,,,,762234000000.0,,0.037195927,25948000000.0,2404000000.0,target_year,,,,,,,,,,SOE_target,0.047605,0.065514,27.29568264,0.282239071,0.375629725,0.555004241,-0.261679551,0.653101122,0.487935886,0.309859778,0.124414065,True,H_nonSOE,0.11366308287643401,0.047605,0.066058082876434,50351716743.235794,50351716743.235794,0,2,"FirmSize_lag, FixedAssetsRatio_lag",
601728.SH,中国电信,CSI,中央国有企业,通讯服务,电信服务,通讯服务--电信服务--多元电信服务--综合电信业务,2022,,,,,,,,,,807698000000.0,,0.036491362,27593000000.0,1881000000.0,target_year,,,,,,,,,,SOE_target,0.045591,0.064113,27.35951943,0.289178875,0.374126853,0.595062714,-0.180668928,0.613246064,0.434336437,0.48047323,0.111313586,True,H_nonSOE,0.13293696863762408,0.045591,0.08734596863762409,70549164176.6717,70549164176.6717,0,1,FirmSize_lag,
601728.SH,中国电信,CSI,中央国有企业,通讯服务,电信服务,通讯服务--电信服务--多元电信服务--综合电信业务,2023,,,,,,,,,,835814000000.0,,0.039472,30446000000.0,2545000000.0,target_year,,,,,,,,,,SOE_target,0.047923,0.06959,27.417454,0.291828,0.373379,0.613336,-0.174155,0.584879,0.459666,0.500722,0.111063,True,H_nonSOE,0.12983193325261663,0.047923,0.08190893325261664,68460633137.60252,68460633137.60252,0,1,FirmSize_lag,
601728.SH,中国电信,CSI,中央国有企业,通讯服务,电信服务,通讯服务--电信服务--多元电信服务--综合电信业务,2024,,,,,,,,,,866625000000.0,,0.040852,33012000000.0,2391000000.0,target_year,,,,,,,,,,SOE_target,0.049718,0.07374399999999999,27.451672,0.293337,0.374249,0.624943,-0.162205,0.5769,0.464992,0.553207,0.107519,True,H_nonSOE,0.13013318979270053,0.049718,0.08041518979270053,69689813854.09909,69689813854.09909,0,1,FirmSize_lag,
601728.SH,中国电信,CSI,中央国有企业,通讯服务,电信服务,通讯服务--电信服务--多元电信服务--综合电信业务,2025,,,,,,,,,,870644000000.0,,0.040475,33185000000.0,2054000000.0,target_year,,,,,,,,,,SOE_target,0.049398,0.07267699999999999,27.487872,0.29261,0.373264,0.621951,-0.158375,0.560658,0.473184,0.578175,0.103768,True,H_nonSOE,0.12873164746501342,0.049398,0.07933364746501342,69071364163.52914,69071364163.52914,0,1,FirmSize_lag,
601766.SH,中国中车,CSI,中央国有企业,工业,机械,工业--机械--机械Ⅲ--建筑机械与重型卡车,2019,,,,,,,,,,383572000000.0,,0.03370097,11794929000.0,1131836000.0,target_year,,,,,,,,,,SOE_target,0.04577200000000001,0.089237,26.60246567,0.380955658,0.247583643,0.585569598,0.110528546,0.182542147,0.581328737,1.209801974,0.025459091,True,H_nonSOE,0.07858257099093481,0.04577200000000001,0.032810570990934804,12585216336.134844,12585216336.134844,0,1,FirmSize_lag,
601766.SH,中国中车,CSI,中央国有企业,工业,机械,工业--机械--机械Ⅲ--建筑机械与重型卡车,2020,,,,,,,,,,392380000000.0,,0.031464678,11331053000.0,1015069000.0,target_year,,,,,,,,,,SOE_target,0.041803999999999994,0.081251,26.67279445,0.352429015,0.225950341,0.618033228,0.133092456,0.172195044,0.585923161,1.255043233,0.021025562,True,H_nonSOE,0.07988103314012931,0.041803999999999994,0.03807703314012932,14940666263.523943,14940666263.523943,0,1,FirmSize_lag,
601766.SH,中国中车,CSI,中央国有企业,工业,机械,工业--机械--机械Ⅲ--建筑机械与重型卡车,2021,,,,,,,,,,426826000000.0,,0.026980396,10302605000.0,1213343000.0,target_year,,,,,,,,,,SOE_target,0.034282,0.070664,26.69549753,0.297815831,0.195497669,0.586778024,0.13312163,0.169134836,0.568934692,1.264487033,0.019816213,True,H_nonSOE,0.07935319612980182,0.034282,0.04507119612980182,19237558359.298794,19237558359.298794,0,1,FirmSize_lag,
601766.SH,中国中车,CSI,中央国有企业,工业,机械,工业--机械--机械Ⅲ--建筑机械与重型卡车,2022,,,,,,,,,,442140000000.0,,0.028952752,11653448000.0,1147726000.0,target_year,,,,,,,,,,SOE_target,0.037285,0.076764,26.77964344,0.282626173,0.187780789,0.551098298,0.15070834,0.152206293,0.572914272,1.298419986,0.013838832,True,H_nonSOE,0.07538631683055935,0.037285,0.038101316830559354,16846116223.463512,16846116223.463512,0,1,FirmSize_lag,
601766.SH,中国中车,CSI,中央国有企业,工业,机械,工业--机械--机械Ⅲ--建筑机械与重型卡车,2023,,,,,,,,,,471791735000.0,,0.027342,11711576000.0,1188098000.0,target_year,,,,,,,,,,SOE_target,0.035874,0.07412,26.814893,0.300995,0.187488,0.513112,0.142605,0.146244,0.568042,1.277266,0.016776,True,H_nonSOE,0.07282926963004435,0.035874,0.03695526963004435,17435190776.151432,17435190776.151432,0,1,FirmSize_lag,
601766.SH,中国中车,CSI,中央国有企业,工业,机械,工业--机械--机械Ⅲ--建筑机械与重型卡车,2024,,,,,,,,,,512823630000.0,,0.02649,12387514000.0,1196993000.0,target_year,,,,,,,,,,SOE_target,0.03497,0.075133,26.879803,0.287662,0.188674,0.512645,0.136035,0.136917,0.583453,1.256302,0.017177,True,H_nonSOE,0.06864113778293005,0.03497,0.033671137782930044,17267355104.07234,17267355104.07234,0,1,FirmSize_lag,
601766.SH,中国中车,CSI,中央国有企业,工业,机械,工业--机械--机械Ⅲ--建筑机械与重型卡车,2025,,,,,,,,,,550774434000.0,,0.025916,13181015000.0,1092976000.0,target_year,,,,,,,,,,SOE_target,0.036116,0.077332,26.963198,0.292016,0.187309,0.500615,0.131796,0.135321,0.590123,1.242508,0.01986,True,H_nonSOE,0.06601157049760525,0.036116,0.029895570497605252,16465715919.92563,16465715919.92563,0,1,FirmSize_lag,
601800.SH,中国交建,CSI,中央国有企业,工业,建筑,工业--建筑--建筑与工程Ⅲ--建筑与工程Ⅳ,2019,,,,,,,,,,1120400000000.0,,0.030282042,20094000000.0,13834000000.0,target_year,,,,,,,,,,SOE_target,0.031488,0.094044,27.59069483,0.120098678,0.178025019,0.539853864,0.001700199,0.058684444,0.750454983,1.003403012,0.04009158,True,H_nonSOE,0.026638373094245084,0.031488,-0.004849626905754918,-5433521985.20781,0.0,0,1,FirmSize_lag,
601800.SH,中国交建,CSI,中央国有企业,工业,建筑,工业--建筑--建筑与工程Ⅲ--建筑与工程Ⅳ,2020,,,,,,,,,,1304170000000.0,,0.02487101,16475000000.0,15961000000.0,target_year,,,,,,,,,,SOE_target,0.026902,0.06933600000000001,27.74470688,0.116983373,0.179054819,0.531066724,0.002457158,0.051295073,0.735470368,1.005233681,0.05686005,True,H_nonSOE,0.025662023501982774,0.026902,-0.001239976498017225,-1617140149.4191244,0.0,0,1,FirmSize_lag,
601800.SH,中国交建,CSI,中央国有企业,工业,建筑,工业--建筑--建筑与工程Ⅲ--建筑与工程Ⅳ,2021,,,,,,,,,,1390840000000.0,,0.026442351,18348000000.0,18429000000.0,target_year,,,,,,,,,,SOE_target,0.024939,0.072605,27.89658717,0.116770883,0.179498397,0.515138979,0.001371755,0.04680375,0.725645986,1.003070148,0.032097834,True,H_nonSOE,0.029580344194366774,0.024939,0.004641344194366775,6455367159.293085,6455367159.293085,0,1,FirmSize_lag,
601800.SH,中国交建,CSI,中央国有企业,工业,建筑,工业--建筑--建筑与工程Ⅲ--建筑与工程Ⅳ,2022,,,,,,,,,,1511350000000.0,,0.02673967,20065000000.0,20348000000.0,target_year,,,,,,,,,,SOE_target,0.021932,0.073996,27.96092684,0.111111515,0.17910201,0.506565848,-0.022871839,0.044015222,0.718619795,0.946906982,0.026560985,True,H_nonSOE,0.030310866990632488,0.021932,0.008378866990632488,12663400626.29241,12663400626.29241,0,1,FirmSize_lag,
601800.SH,中国交建,CSI,中央国有企业,工业,建筑,工业--建筑--建筑与工程Ⅲ--建筑与工程Ⅳ,2023,,,,,,,,,,1684262000000.0,,0.027634,24734000000.0,21809000000.0,target_year,,,,,,,,,,SOE_target,0.022187000000000002,0.084747,28.044024,0.105018,0.173049,0.494436,-0.029834,0.039797,0.718016,0.931822,0.022517,True,H_nonSOE,0.029474397797697813,0.022187000000000002,0.007287397797697812,12273887189.546112,12273887189.546112,0,1,FirmSize_lag,
601800.SH,中国交建,CSI,中央国有企业,工业,建筑,工业--建筑--建筑与工程Ⅲ--建筑与工程Ⅳ,2024,,,,,,,,,,1858272000000.0,,0.024677,23854000000.0,22002000000.0,target_year,,,,,,,,,,SOE_target,0.019717,0.077554,28.152349,0.102851,0.176169,0.472927,-0.045148,0.04459,0.727403,0.900232,0.023113,True,H_nonSOE,0.02597745896326614,0.019717,0.0062604589632661405,11633635598.586498,11633635598.586498,0,1,FirmSize_lag,
601800.SH,中国交建,CSI,中央国有企业,工业,建筑,工业--建筑--建筑与工程Ⅲ--建筑与工程Ⅳ,2025,,,,,,,,,,2019132000000.0,,0.017665,14995000000.0,20673000000.0,target_year,,,,,,,,,,SOE_target,0.013065,0.048034,28.250668,0.10843,0.174423,0.433725,-0.042988,0.043066,0.748253,0.908054,0.014673,True,H_nonSOE,0.020243602317659093,0.013065,0.007178602317659093,14494545654.859638,14494545654.859638,0,1,FirmSize_lag,
601808.SH,中海油服,CSI,中央国有企业,能源,石油石化,能源--石油石化--能源设备与服务--石油天然气钻井,2019,,,,,,,,,,76101838000.0,,0.046964858,2502238000.0,1071874000.0,target_year,,,,,,,,,,SOE_target,0.059375,0.07022400000000001,25.03657194,0.003993959,0.452070271,0.29468154,0.062900957,0.689987886,0.53569692,1.276166723,0.032541029,True,H_nonSOE,0.07216091354112456,0.059375,0.012785913541124558,973031520.9886675,973031520.9886675,0,1,FixedAssetsRatio_lag,
601808.SH,中海油服,CSI,中央国有企业,能源,石油石化,能源--石油石化--能源设备与服务--石油天然气钻井,2020,,,,,,,,,,75942308000.0,,0.04729003,2703187000.0,888127000.0,target_year,,,,,,,,,,SOE_target,0.055210999999999996,0.071851,25.05533825,0.00538186,0.44417932,0.41217689,0.042059878,0.659880817,0.514988363,1.161423314,0.038244503,True,H_nonSOE,0.08525364754992537,0.055210999999999996,0.030042647549925375,2281507993.371878,2281507993.371878,0,1,FixedAssetsRatio_lag,
601808.SH,中海油服,CSI,中央国有企业,能源,石油石化,能源--石油石化--能源设备与服务--石油天然气钻井,2021,,,,,,,,,,73311708000.0,,0.015423798,313176000.0,817569000.0,target_year,,,,,,,,,,SOE_target,0.023895,0.008183000000000001,25.05323978,0.006705584,0.429200271,0.380485744,0.124394771,0.617823335,0.490550011,1.55978126,0.054926774,True,H_nonSOE,0.08373967932699747,0.023895,0.05984467932699747,4387315656.174475,4387315656.174475,1,0,,
601808.SH,中海油服,CSI,中央国有企业,能源,石油石化,能源--石油石化--能源设备与服务--石油天然气钻井,2022,,,,,,,,,,77184090000.0,,0.040373955,2352625000.0,763602000.0,target_year,,,,,,,,,,SOE_target,0.04813,0.06082,25.01798616,0.005068244,0.425995256,0.390856873,0.04464467,0.590030695,0.478714505,1.14871269,0.050342709,True,H_nonSOE,0.08845618823453202,0.04813,0.040326188234532025,3112540142.0510607,3112540142.0510607,1,0,,
601808.SH,中海油服,CSI,中央国有企业,能源,石油石化,能源--石油石化--能源设备与服务--石油天然气钻井,2023,,,,,,,,,,83245834000.0,,0.047842,3013255000.0,969394000.0,target_year,,,,,,,,,,SOE_target,0.062721,0.074425,25.069459,0.00499,0.418201,0.473238,0.088332,0.571986,0.483079,1.320206,0.053665,True,H_nonSOE,0.09425653268879436,0.062721,0.03153553268879436,2625201719.312949,2625201719.312949,1,0,,
601808.SH,中海油服,CSI,中央国有企业,能源,石油石化,能源--石油石化--能源设备与服务--石油天然气钻井,2024,,,,,,,,,,82947663000.0,,0.04698,3136992000.0,759921000.0,target_year,,,,,,,,,,SOE_target,0.063888,0.073431,25.145064,0.006444,0.410755,0.549053,0.082953,0.587758,0.492394,1.295552,0.113805,True,H_nonSOE,0.09095277605499012,0.063888,0.027064776054990122,2244959923.3797903,2244959923.3797903,1,0,,
601808.SH,中海油服,CSI,中央国有企业,能源,石油石化,能源--石油石化--能源设备与服务--石油天然气钻井,2025,,,,,,,,,,84462835000.0,,0.053019,3841741000.0,636403000.0,target_year,,,,,,,,,,SOE_target,0.067563,0.085022,25.141476,0.007259,0.406814,0.580265,-0.011293,0.608334,0.464427,0.968357,0.072709,True,H_nonSOE,0.10461979207118569,0.067563,0.03705679207118569,3129921714.337865,3129921714.337865,1,0,,
601816.SH,京沪高铁,CSI,中央国有企业,工业,交通运输,工业--交通运输--铁路公路运输--铁路运输,2019,,,,,,,,,,185151000000.0,,0.070411296,11937249779.0,1099497717.0,target_year,,,,,,,,,,SOE_target,0.09175599999999999,0.07778,25.89209933,0.035751168,0.111099702,0.176202692,0.03661226,0.756071535,0.15671601,2.260657774,0.003739369,True,H_nonSOE,0.06303908780049469,0.09175599999999999,-0.0287169121995053,-5316965010.650605,0.0,0,2,"FixedAssetsRatio_lag, HHI_lag",
601816.SH,京沪高铁,CSI,中央国有企业,工业,交通运输,工业--交通运输--铁路公路运输--铁路运输,2020,,,,,,,,,,300863000000.0,,0.020521067,3228866109.0,2945170117.0,target_year,,,,,,,,,,SOE_target,0.016576,0.01886,25.94443952,0.03393513,0.108646931,0.182018151,0.028729308,0.705225269,0.142462742,1.968147265,0.002679892,True,H_nonSOE,0.06981302548342247,0.016576,0.05323702548342247,16017051198.018934,16017051198.018934,0,2,"FixedAssetsRatio_lag, HHI_lag",
601816.SH,京沪高铁,CSI,中央国有企业,工业,交通运输,工业--交通运输--铁路公路运输--铁路运输,2021,,,,,,,,,,295252000000.0,,0.027510617,4815710298.0,3306861251.0,target_year,,,,,,,,,,SOE_target,0.020964,0.025997,26.42992188,0.031568495,0.123286456,0.103345912,-0.013321118,0.766537866,0.307049247,0.718920146,0.016708567,True,H_nonSOE,0.04727209208500916,0.020964,0.02630809208500916,7767516804.283125,7767516804.283125,0,2,"FixedAssetsRatio_lag, HHI_lag",
601816.SH,京沪高铁,CSI,中央国有企业,工业,交通运输,工业--交通运输--铁路公路运输--铁路运输,2022,,,,,,,,,,288545000000.0,,0.008071276,-576160740.5,2905087457.0,target_year,,,,,,,,,,SOE_target,-0.00358,-0.003107,26.41109593,0.026490794,0.15352339,0.097847091,0.000961479,0.767963413,0.285003369,1.031638177,0.011694701,True,H_nonSOE,0.048647522142387996,-0.00358,0.052227522142387996,15069990376.575344,15069990376.575344,0,1,FixedAssetsRatio_lag,
601816.SH,京沪高铁,CSI,中央国有企业,工业,交通运输,工业--交通运输--铁路公路运输--铁路运输,2023,,,,,,,,,,292219725586.82,,0.047604,11545536011.72,2365430963.91,target_year,,,,,,,,,,SOE_target,0.05272,0.060931,26.388117,0.016464,0.180808,0.066234,-0.011277,0.775856,0.281638,0.650237,0.003807,True,H_nonSOE,0.054645822569657186,0.05272,0.0019258225696571832,562763342.8341266,562763342.8341266,0,1,FixedAssetsRatio_lag,
601816.SH,京沪高铁,CSI,中央国有企业,工业,交通运输,工业--交通运输--铁路公路运输--铁路运输,2024,,,,,,,,,,284662650232.54,,0.051136,12768289200.79,1788199149.18,target_year,,,,,,,,,,SOE_target,0.065529,0.064263,26.400772,0.033355,0.114556,0.139624,-0.001078,0.749455,0.254289,0.978628,0.0051,True,H_nonSOE,0.056467727169510505,0.065529,-0.009061272830489499,-2579405938.40725,0.0,0,2,"FixedAssetsRatio_lag, HHI_lag",
601816.SH,京沪高铁,CSI,中央国有企业,工业,交通运输,工业--交通运输--铁路公路运输--铁路运输,2025,,,,,,,,,,287938421202.66,,0.050637,13171912357.24,1408303112.44,target_year,,,,,,,,,,SOE_target,0.066649,0.064329,26.374571,0.030185,0.116886,0.145363,0.01349,0.753939,0.208718,1.470092,0.004145,True,H_nonSOE,0.05988054422383058,0.066649,-0.00676845577616942,-1948898470.1702473,0.0,0,2,"FixedAssetsRatio_lag, HHI_lag",
601857.SH,中国石油,CSI,中央国有企业,能源,石油石化,能源--石油石化--石油天然气--综合性石油天然气,2019,,,,,,,,,,2732910000000.0,,0.027842483,45682000000.0,30409000000.0,target_year,,,,,,,,,,SOE_target,0.050334000000000004,0.037376,28.51984445,0.429492104,0.452070271,0.973184769,-0.063010378,0.701362844,0.420023139,0.738639736,0.113369179,True,H_nonSOE,0.14964842159449004,0.050334000000000004,0.09931442159449004,271417375919.7978,271417375919.7978,0,2,"FirmSize_lag, FixedAssetsRatio_lag",
601857.SH,中国石油,CSI,中央国有企业,能源,石油石化,能源--石油石化--石油天然气--综合性石油天然气,2020,,,,,,,,,,2488130000000.0,,0.01830052,19006000000.0,26528000000.0,target_year,,,,,,,,,,SOE_target,0.030484,0.015545,28.63638809,0.435873044,0.44417932,0.9745302,-0.071171755,0.652500082,0.471513881,0.705926198,0.119565591,True,H_nonSOE,0.13908290162330667,0.030484,0.10859890162330667,270208185095.99802,270208185095.99802,0,2,"FirmSize_lag, FixedAssetsRatio_lag",
601857.SH,中国石油,CSI,中央国有企业,能源,石油石化,能源--石油石化--石油天然气--综合性石油天然气,2021,,,,,,,,,,2502260000000.0,,0.044723135,92170000000.0,19739000000.0,target_year,,,,,,,,,,SOE_target,0.070118,0.07436899999999999,28.54255093,0.448309732,0.429200271,0.740786311,-0.047686894,0.583608306,0.450742848,0.80401805,0.103180868,True,H_nonSOE,0.12744682245455483,0.070118,0.057328822454554826,143451619275.13437,143451619275.13437,0,1,FirmSize_lag,
601857.SH,中国石油,CSI,中央国有企业,能源,石油石化,能源--石油石化--石油天然气--综合性石油天然气,2022,,,,,,,,,,2673490000000.0,,0.063936772,149380000000.0,21554000000.0,target_year,,,,,,,,,,SOE_target,0.08891199999999999,0.113472,28.54821624,0.454262894,0.425995256,1.047753802,-0.014914505,0.583190729,0.436961837,0.927975637,0.106129174,True,H_nonSOE,0.1531324430767776,0.08891199999999999,0.0642204430767776,171692712361.33414,171692712361.33414,0,1,FirmSize_lag,
601857.SH,中国石油,CSI,中央国有企业,能源,石油石化,能源--石油石化--石油天然气--综合性石油天然气,2023,,,,,,,,,,2752448000000.0,,0.067289,161146000000.0,24063000000.0,target_year,,,,,,,,,,SOE_target,0.093352,0.114471,28.614404,0.453855,0.418201,1.251671,-0.003889,0.558265,0.424776,0.983347,0.091729,True,H_nonSOE,0.17307811913882212,0.093352,0.07972611913882212,219441997171.41266,219441997171.41266,0,1,FirmSize_lag,
601857.SH,中国石油,CSI,中央国有企业,能源,石油石化,能源--石油石化--石油天然气--综合性石油天然气,2024,,,,,,,,,,2752751000000.0,,0.067356,164684000000.0,20731000000.0,target_year,,,,,,,,,,SOE_target,0.092073,0.111224,28.643512,0.440548,0.410755,1.10986,-0.011076,0.552914,0.407664,0.955752,0.10365,True,H_nonSOE,0.1637720644571189,0.092073,0.07169906445711889,197369671383.3985,197369671383.3985,0,1,FirmSize_lag,
601857.SH,中国石油,CSI,中央国有企业,能源,石油石化,能源--石油石化--石油天然气--综合性石油天然气,2025,,,,,,,,,,2827777000000.0,,0.061845,157318000000.0,17567000000.0,target_year,,,,,,,,,,SOE_target,0.08457,0.101464,28.643622,0.442325,0.406814,1.067348,-0.016882,0.570633,0.37894,0.92708,0.109945,True,H_nonSOE,0.16519745901066096,0.08457,0.08062745901066096,227996474158.7898,227996474158.7898,0,1,FirmSize_lag,
601868.SH,中国能建,CSI,中央国有企业,工业,建筑,工业--建筑--建筑与工程Ⅲ--建筑与工程Ⅳ,2019,,,,,,,,,,421670000000.0,,0.022373373,5078524000.0,4355663000.0,target_year,,,,,,,,,,SOE_target,0.040955000000000005,0.093375,26.68783575,0.055060571,0.178025019,0.611053387,0.080332028,0.089422698,0.755605049,1.138216335,0.041483933,True,H_nonSOE,0.03377791566261226,0.040955000000000005,-0.007177084337387743,-3026361152.5462894,0.0,0,1,FirmSize_lag,
601868.SH,中国能建,CSI,中央国有企业,工业,建筑,工业--建筑--建筑与工程Ⅲ--建筑与工程Ⅳ,2020,,,,,,,,,,476052000000.0,,0.017142067,4680285000.0,3480229000.0,target_year,,,,,,,,,,SOE_target,0.035304,0.073961,26.76748957,0.052356081,0.179054819,0.609800165,0.094137391,0.091607576,0.731329544,1.17643605,0.034060274,True,H_nonSOE,0.039677630521888996,0.035304,0.004373630521888994,2082075557.2062993,2082075557.2062993,0,1,FirmSize_lag,
601868.SH,中国能建,CSI,中央国有企业,工业,建筑,工业--建筑--建筑与工程Ⅲ--建筑与工程Ⅳ,2021,,,,,,,,,,528863000000.0,,0.018656423,6504102000.0,3362582000.0,target_year,,,,,,,,,,SOE_target,0.031996000000000004,0.079994,26.88879274,0.050547082,0.179498397,0.602252363,0.076272281,0.086413832,0.710265092,1.143458048,0.031423462,True,H_nonSOE,0.04262843863663433,0.031996000000000004,0.01063243863663433,5623103394.686341,5623103394.686341,0,1,FirmSize_lag,
601868.SH,中国能建,CSI,中央国有企业,工业,建筑,工业--建筑--建筑与工程Ⅲ--建筑与工程Ⅳ,2022,,,,,,,,,,664351000000.0,,0.020211219,7809343000.0,5618003000.0,target_year,,,,,,,,,,SOE_target,0.031312,0.07965,26.99399448,0.052466095,0.17910201,0.641484554,0.074525801,0.089604705,0.716875416,1.145695808,0.026553177,True,H_nonSOE,0.04529866992330171,0.031312,0.013986669923301713,9292058150.215416,9292058150.215416,0,1,FirmSize_lag,
601868.SH,中国能建,CSI,中央国有企业,工业,建筑,工业--建筑--建筑与工程Ⅲ--建筑与工程Ⅳ,2023,,,,,,,,,,783156193000.0,,0.017731,7986116000.0,5899961000.0,target_year,,,,,,,,,,SOE_target,0.025701,0.075214,27.222077,0.05363,0.173049,0.614129,0.055987,0.089218,0.747895,1.108897,0.030079,True,H_nonSOE,0.03636505220564193,0.025701,0.010664052205641927,8351618527.323785,8351618527.323785,0,1,FirmSize_lag,
601868.SH,中国能建,CSI,中央国有企业,工业,建筑,工业--建筑--建筑与工程Ⅲ--建筑与工程Ⅳ,2024,,,,,,,,,,869004776000.0,,0.017443,8396167000.0,6761837000.0,target_year,,,,,,,,,,SOE_target,0.024536,0.074146,27.386598,0.055265,0.176169,0.561008,0.01157,0.106064,0.759623,1.02173,0.039749,True,H_nonSOE,0.02910361325319037,0.024536,0.00456761325319037,3969277731.9433284,3969277731.9433284,0,1,FirmSize_lag,
601868.SH,中国能建,CSI,中央国有企业,工业,建筑,工业--建筑--建筑与工程Ⅲ--建筑与工程Ⅳ,2025,,,,,,,,,,941597382000.0,,0.013588,5840294000.0,6954227000.0,target_year,,,,,,,,,,SOE_target,0.020983,0.049495,27.490614,0.061638,0.174423,0.528656,0.011594,0.127901,0.763144,1.023043,0.05238,True,H_nonSOE,0.026031624144978154,0.020983,0.005048624144978153,4753771277.613417,4753771277.613417,0,1,FirmSize_lag,
601872.SH,招商轮船,CSI,中央国有企业,工业,交通运输,工业--交通运输--海上运输Ⅲ--海上运输Ⅳ,2019,,,,,,,,,,54817643675.0,,0.048220512,1612975362.0,1030359463.0,target_year,,,,,,,,,,SOE_target,0.048766,0.070773,24.63439951,0.012531131,0.111099702,0.248768239,-0.144937503,0.763285164,0.593101964,0.553060102,0.127231869,True,H_nonSOE,-0.03175866992124295,0.048766,-0.08052466992124295,-4414172662.789686,0.0,0,2,"FixedAssetsRatio_lag, HHI_lag",
601872.SH,招商轮船,CSI,中央国有企业,工业,交通运输,工业--交通运输--海上运输Ⅲ--海上运输Ⅳ,2020,,,,,,,,,,58634669141.0,,0.056169586,2777489423.0,515995643.3,target_year,,,,,,,,,,SOE_target,0.06112599999999999,0.10917299999999999,24.72727794,0.015023484,0.108646931,0.277540098,0.025627368,0.720457705,0.530282788,1.131312613,0.07166024,True,H_nonSOE,-0.0070924500099718985,0.06112599999999999,-0.0682184500099719,-3999966245.64655,0.0,0,2,"FixedAssetsRatio_lag, HHI_lag",
601872.SH,招商轮船,CSI,中央国有企业,工业,交通运输,工业--交通运输--海上运输Ⅲ--海上运输Ⅳ,2021,,,,,,,,,,60135535611.0,,0.068015247,3609069039.0,481064278.5,target_year,,,,,,,,,,SOE_target,0.08123200000000001,0.138902,24.79459198,0.022698194,0.123286456,0.318322079,0.10278916,0.672902532,0.556505787,1.634599657,0.02325035,True,H_nonSOE,-0.0033634376035311594,0.08123200000000001,-0.08459543760353117,-5087191950.535276,0.0,0,2,"FixedAssetsRatio_lag, HHI_lag",
601872.SH,招商轮船,CSI,中央国有企业,工业,交通运输,工业--交通运输--海上运输Ⅲ--海上运输Ⅳ,2022,,,,,,,,,,65469954370.0,,0.084040716,5085887332.0,416254517.4,target_year,,,,,,,,,,SOE_target,0.101114,0.171097,24.81986678,0.022144272,0.15352339,0.41052282,0.037080611,0.637702484,0.552953965,1.153785552,0.040402073,True,H_nonSOE,0.005553042710718034,0.101114,-0.09556095728928196,-6256371513.282809,0.0,0,1,FixedAssetsRatio_lag,
601872.SH,招商轮船,CSI,中央国有企业,工业,交通运输,工业--交通运输--海上运输Ⅲ--海上运输Ⅳ,2023,,,,,,,,,,62394661514.41,,0.09434,4836966617.91,1049349709.81,target_year,,,,,,,,,,SOE_target,0.101106,0.138321,24.904857,0.025269,0.180808,0.472482,0.136669,0.633026,0.488315,1.997692,0.041179,True,H_nonSOE,0.0177540599677291,0.101106,-0.0833519400322709,-5200716084.882943,0.0,0,1,FixedAssetsRatio_lag,
601872.SH,招商轮船,CSI,中央国有企业,工业,交通运输,工业--交通运输--海上运输Ⅲ--海上运输Ⅳ,2024,,,,,,,,,,70619308351.63,,0.087285,5107447941.27,1056539123.01,target_year,,,,,,,,,,SOE_target,0.10538600000000001,0.132773,24.856746,0.021278,0.114556,0.404556,-0.023155,0.703197,0.401566,0.884669,0.071941,True,H_nonSOE,0.030743142021817833,0.10538600000000001,-0.07464285797818218,-5271227003.808173,0.0,0,2,"FixedAssetsRatio_lag, HHI_lag",
601872.SH,招商轮船,CSI,中央国有企业,工业,交通运输,工业--交通运输--海上运输Ⅲ--海上运输Ⅳ,2025,,,,,,,,,,82054880078.89,,0.087403,6012096267.97,1159711575.55,target_year,,,,,,,,,,SOE_target,0.10524800000000001,0.144784,24.980569,0.018482,0.116886,0.386011,-0.101025,0.665063,0.421558,0.592028,0.106915,True,H_nonSOE,0.02274275323480019,0.10524800000000001,-0.08250524676519982,-6769958129.197699,0.0,0,2,"FixedAssetsRatio_lag, HHI_lag",
601888.SH,中国中免,CSI,中央国有企业,可选消费,可选消费零售,可选消费--可选消费零售--经销商Ⅲ--经销商Ⅳ,2019,,,,,,,,,,36080230000.0,,0.130492211,4497573000.0,210616000.0,target_year,,,,,,,,,,SOE_target,0.18617,0.249605,24.14778729,1.0,1.0,1.340804305,0.354696241,0.100572764,0.397675149,2.253891129,0.051508655,True,H_nonSOE,0.19154328641612223,0.18617,0.005373286416122225,193869409.74956557,193869409.74956557,0,2,"HHI_lag, MarketShare_lag",
601888.SH,中国中免,CSI,中央国有企业,可选消费,可选消费零售,可选消费--可选消费零售--经销商Ⅲ--经销商Ⅳ,2020,,,,,,,,,,45863816000.0,,0.13404953,5931348000.0,216675000.0,target_year,,,,,,,,,,SOE_target,0.231043,0.28396699999999997,24.30901091,1.0,1.0,1.437757186,0.377254053,0.075365096,0.369845314,2.431739667,0.042022238,True,H_nonSOE,0.20534139497874143,0.231043,-0.025701605021258567,-1178773683.599679,0.0,0,2,"HHI_lag, MarketShare_lag",
601888.SH,中国中免,CSI,中央国有企业,可选消费,可选消费零售,可选消费--可选消费零售--经销商Ⅲ--经销商Ⅳ,2021,,,,,,,,,,55101329000.0,,0.180547587,9726557000.0,221855000.0,target_year,,,,,,,,,,SOE_target,0.29467,0.38020000000000004,24.54894232,1.0,1.0,1.283749328,0.313407218,0.076801765,0.438851403,1.866473287,0.026899681,True,H_nonSOE,0.1916082437495554,0.29467,-0.10306175625044459,-5678839738.473554,0.0,0,2,"HHI_lag, MarketShare_lag",
601888.SH,中国中免,CSI,中央国有企业,可选消费,可选消费零售,可选消费--可选消费零售--经销商Ⅲ--经销商Ⅳ,2022,,,,,,,,,,75618784000.0,,0.070196024,5113962000.0,194176000.0,target_year,,,,,,,,,,SOE_target,0.12078799999999999,0.131835,24.73243967,1.0,1.0,1.340571838,0.388476311,0.100419465,0.375350874,2.249147766,0.039106988,True,H_nonSOE,0.2101777806569106,0.12078799999999999,0.0893897806569106,6759546515.3023,6759546515.3023,0,2,"HHI_lag, MarketShare_lag",
601888.SH,中国中免,CSI,中央国有企业,可选消费,可选消费零售,可选消费--可选消费零售--经销商Ⅲ--经销商Ⅳ,2023,,,,,,,,,,78662313000.0,,0.090106,6790027000.0,297894000.0,target_year,,,,,,,,,,SOE_target,0.117281,0.133195,25.048971,1.0,1.0,0.832815,0.525335,0.110924,0.288026,3.272565,0.039612,True,H_nonSOE,0.18756222192001787,0.117281,0.07028122192001787,5528483476.694907,5528483476.694907,0,2,"HHI_lag, MarketShare_lag",
601888.SH,中国中免,CSI,中央国有企业,可选消费,可选消费零售,可选消费--可选消费零售--经销商Ⅲ--经销商Ⅳ,2024,,,,,,,,,,76108344000.0,,0.05947,4323643000.0,202501000.0,target_year,,,,,,,,,,SOE_target,0.083054,0.07961599999999999,25.08843,1.0,1.0,0.875546,0.548259,0.107205,0.250282,3.813539,0.022903,True,H_nonSOE,0.19489662419708945,0.083054,0.11184262419708944,8512156916.254807,8512156916.254807,0,2,"HHI_lag, MarketShare_lag",
601888.SH,中国中免,CSI,中央国有企业,可选消费,可选消费零售,可选消费--可选消费零售--经销商Ⅲ--经销商Ⅳ,2025,,,,,,,,,,74891423000.0,,0.051038,3643905000.0,178416000.0,target_year,,,,,,,,,,SOE_target,0.061806,0.066036,25.055424,1.0,1.0,0.729775,0.591149,0.107038,0.201187,5.101675,0.014702,True,H_nonSOE,0.17869528580035723,0.061806,0.11688928580035723,8754004947.042448,8754004947.042448,0,2,"HHI_lag, MarketShare_lag",
601898.SH,中煤能源,CSI,中央国有企业,能源,煤炭Ⅱ,能源--煤炭Ⅱ--煤炭Ⅲ--煤炭与消费用燃料,2019,,,,,,,,,,272469000000.0,,0.040662582,6197168000.0,4882121000.0,target_year,,,,,,,,,,SOE_target,0.066093,0.065577,26.30135748,0.199924039,0.3281903,0.40562245,-0.051643698,0.498581841,0.582205584,0.802290686,0.035635828,True,H_nonSOE,0.06378124974739588,0.066093,-0.0023117502526041195,-629880279.5767919,0.0,1,0,,
601898.SH,中煤能源,CSI,中央国有企业,能源,煤炭Ⅱ,能源--煤炭Ⅱ--煤炭Ⅲ--煤炭与消费用燃料,2020,,,,,,,,,,281574000000.0,,0.035577161,5350726000.0,4666871000.0,target_year,,,,,,,,,,SOE_target,0.058464999999999996,0.054136,26.33079033,0.239282422,0.293470907,0.481509395,-0.105136963,0.477110854,0.569782391,0.657633162,0.040171693,True,H_nonSOE,0.07009588901200543,0.058464999999999996,0.011630889012005437,3274955942.666419,3274955942.666419,1,0,,
601898.SH,中煤能源,CSI,中央国有企业,能源,煤炭Ⅱ,能源--煤炭Ⅱ--煤炭Ⅲ--煤炭与消费用燃料,2021,,,,,,,,,,321329000000.0,,0.058533792,14714915000.0,4093691000.0,target_year,,,,,,,,,,SOE_target,0.104012,0.13738799999999998,26.36366047,0.248811769,0.275297772,0.508846338,-0.02459337,0.474754771,0.560805759,0.899856996,0.036606113,True,H_nonSOE,0.0751973197256454,0.104012,-0.02881468027435459,-9258992397.878086,0.0,1,0,,
601898.SH,中煤能源,CSI,中央国有企业,能源,煤炭Ⅱ,能源--煤炭Ⅱ--煤炭Ⅲ--煤炭与消费用燃料,2022,,,,,,,,,,339616000000.0,,0.069420696,19719469000.0,3856932000.0,target_year,,,,,,,,,,SOE_target,0.11591,0.16159300000000001,26.49573143,0.26828346,0.269530745,0.766714926,0.053652331,0.400720788,0.557575067,1.196478782,0.032450595,True,H_nonSOE,0.09038028886496724,0.11591,-0.02552971113503276,-8670298376.835285,0.0,1,0,,
601898.SH,中煤能源,CSI,中央国有企业,能源,煤炭Ⅱ,能源--煤炭Ⅱ--煤炭Ⅲ--煤炭与消费用燃料,2023,,,,,,,,,,349155327000.0,,0.066585,20183598000.0,3064810000.0,target_year,,,,,,,,,,SOE_target,0.10643599999999999,0.147113,26.551082,0.229487,0.250024,0.645549,0.055689,0.37232,0.514808,1.180126,0.028727,True,H_nonSOE,0.08691701392285298,0.10643599999999999,-0.019518986077147013,-6815157966.474712,0.0,0,1,FirmSize_lag,
601898.SH,中煤能源,CSI,中央国有企业,能源,煤炭Ⅱ,能源--煤炭Ⅱ--煤炭Ⅲ--煤炭与消费用燃料,2024,,,,,,,,,,357794496000.0,,0.057829,18155988000.0,2534892000.0,target_year,,,,,,,,,,SOE_target,0.092524,0.122846,26.578783,0.216143,0.263234,0.539553,0.061607,0.365746,0.477243,1.219139,0.050336,True,H_nonSOE,0.08157515532662042,0.092524,-0.010948844673379574,-3917436361.694129,0.0,0,1,FirmSize_lag,
601898.SH,中煤能源,CSI,中央国有企业,能源,煤炭Ⅱ,能源--煤炭Ⅱ--煤炭Ⅲ--煤炭与消费用燃料,2025,,,,,,,,,,370517742000.0,,0.044927,14497092000.0,2149057000.0,target_year,,,,,,,,,,SOE_target,0.066686,0.092908,26.603225,0.211221,0.263097,0.514626,0.030435,0.393,0.463299,1.106577,0.050505,True,H_nonSOE,0.08445427922334398,0.066686,0.01776827922334398,6583462697.058926,6583462697.058926,0,1,FirmSize_lag,
601899.SH,紫金矿业,CSI,地方国有企业,材料,有色金属,材料--有色金属--贵金属--黄金,2019,,,,,,,,,,123831000000.0,,0.050163348,4283957365.0,1927817536.0,target_year,,,,,,,,,,SOE_target,0.07092999999999999,0.093494,25.44958498,0.135006124,0.167062795,1.048438121,-0.060014627,0.349933684,0.581201238,0.818005224,0.069178863,True,H_nonSOE,0.16893009365768819,0.07092999999999999,0.09800009365768819,12135449597.725187,12135449597.725187,1,0,,
601899.SH,紫金矿业,CSI,地方国有企业,材料,有色金属,材料--有色金属--贵金属--黄金,2020,,,,,,,,,,182313000000.0,,0.046235297,6508553913.0,1920753386.0,target_year,,,,,,,,,,SOE_target,0.079348,0.120837,25.54218314,0.147075799,0.15478921,1.149911991,-0.038506206,0.359373782,0.539052237,0.857077928,0.096066464,True,H_nonSOE,0.18238006112960875,0.079348,0.10303206112960875,18784084160.72236,18784084160.72236,1,0,,
601899.SH,紫金矿业,CSI,地方国有企业,材料,有色金属,材料--有色金属--贵金属--黄金,2021,,,,,,,,,,208595000000.0,,0.0852602,15672870591.0,2111953389.0,target_year,,,,,,,,,,SOE_target,0.133764,0.24570799999999998,25.9289922,0.154732825,0.159708925,1.120395812,-0.042637039,0.349846763,0.590833682,0.834736234,0.076167844,True,H_nonSOE,0.17266074786262195,0.133764,0.038896747862621955,8113667120.403626,8113667120.403626,1,0,,
601899.SH,紫金矿业,CSI,地方国有企业,材料,有色金属,材料--有色金属--贵金属--黄金,2022,,,,,,,,,,306044000000.0,,0.075917288,20042045977.0,3191995016.0,target_year,,,,,,,,,,SOE_target,0.123702,0.25056100000000003,26.06365887,0.150787193,0.168216562,1.151690576,-0.015523729,0.355451102,0.55465225,0.935626067,0.096591957,True,H_nonSOE,0.17927264879934993,0.123702,0.05557064879934992,17007063641.148247,17007063641.148247,1,0,,
601899.SH,紫金矿业,CSI,地方国有企业,材料,有色金属,材料--有色金属--贵金属--黄金,2023,,,,,,,,,,343005706012.0,,0.075169,21119419571.0,4663911436.0,target_year,,,,,,,,,,SOE_target,0.104795,0.215012,26.446995,0.157798,0.153058,1.050558,0.027691,0.309148,0.593342,1.119075,0.081016,True,H_nonSOE,0.16237583708263514,0.104795,0.057580837082635145,19750555676.291218,19750555676.291218,1,0,,
601899.SH,紫金矿业,CSI,地方国有企业,材料,有色金属,材料--有色金属--贵金属--黄金,2024,,,,,,,,,,396610730026.0,,0.09228,32050602437.0,4548705755.0,target_year,,,,,,,,,,SOE_target,0.135342,0.25921299999999997,26.561013,0.169325,0.159476,0.904101,-0.019107,0.342247,0.596617,0.922147,0.088712,True,H_nonSOE,0.15279194601284324,0.135342,0.017449946012843248,6920835827.0680485,6920835827.0680485,0,1,FirmSize_lag,
601899.SH,紫金矿业,CSI,地方国有企业,材料,有色金属,材料--有色金属--贵金属--黄金,2025,,,,,,,,,,512005142450.0,,0.108807,51777327785.0,3932640491.0,target_year,,,,,,,,,,SOE_target,0.18064699999999997,0.318309,26.706221,0.169614,0.15747,0.821074,-0.002131,0.333734,0.551876,0.991529,0.062524,True,H_nonSOE,0.15803888183720252,0.18064699999999997,-0.022608118162797453,-11575472760.469542,0.0,0,1,FirmSize_lag,
601919.SH,中远海控,CSI,中央国有企业,工业,交通运输,工业--交通运输--海上运输Ⅲ--海上运输Ⅳ,2019,,,,,,,,,,262224000000.0,,0.046345211,6690106000.0,5462722000.0,target_year,,,,,,,,,,SOE_target,0.034775,0.229719,26.15324199,0.1381701,0.111099702,0.666100324,-0.126402542,0.505757923,0.752993999,0.675445454,0.08717098,True,H_nonSOE,-0.010810350293287141,0.034775,-0.04558535029328714,-11953572895.306927,0.0,0,1,HHI_lag,
601919.SH,中远海控,CSI,中央国有企业,工业,交通运输,工业--交通运输--海上运输Ⅲ--海上运输Ⅳ,2020,,,,,,,,,,271926000000.0,,0.051028303,9927098000.0,3948828000.0,target_year,,,,,,,,,,SOE_target,0.064635,0.250452,26.29246505,0.155552982,0.108646931,0.613990479,0.006206761,0.397290073,0.736388625,1.023095445,0.042264429,True,H_nonSOE,-0.01186982624427109,0.064635,-0.07650482624427109,-20803651381.29966,0.0,0,1,HHI_lag,
601919.SH,中远海控,CSI,中央国有企业,工业,交通运输,工业--交通运输--海上运输Ⅲ--海上运输Ⅳ,2021,,,,,,,,,,413668000000.0,,0.224550922,89296138000.0,3593411000.0,target_year,,,,,,,,,,SOE_target,0.380517,1.008949,26.32879608,0.215275282,0.123286456,0.641238606,-0.007594321,0.378170712,0.710593928,0.972104244,0.024524221,True,H_nonSOE,-0.0022980434746612266,0.380517,-0.3828150434746612,-158358333404.07617,0.0,0,1,HHI_lag,
601919.SH,中远海控,CSI,中央国有企业,工业,交通运输,工业--交通运输--海上运输Ⅲ--海上运输Ⅳ,2022,,,,,,,,,,511780000000.0,,0.221511332,109684000000.0,3680840000.0,target_year,,,,,,,,,,SOE_target,0.357707,0.657821,26.74832975,0.303105964,0.15352339,0.97344357,0.196168556,0.257317874,0.567623053,1.668671798,0.023085939,True,H_nonSOE,0.04334345446036279,0.357707,-0.3143635455396372,-160884975336.2755,0.0,0,1,FirmSize_lag,
601919.SH,中远海控,CSI,中央国有企业,工业,交通运输,工业--交通运输--海上运输Ⅲ--海上运输Ⅳ,2023,,,,,,,,,,462429381000.0,,0.059367,23860258000.0,3592746000.0,target_year,,,,,,,,,,SOE_target,0.059946,0.120355,26.96116,0.333016,0.180808,0.845123,0.198677,0.233535,0.504624,1.63763,0.0205,True,H_nonSOE,0.045203786696210876,0.059946,-0.014742213303789123,-6817232572.641169,0.0,0,1,FirmSize_lag,
601919.SH,中远海控,CSI,中央国有企业,工业,交通运输,工业--交通运输--海上运输Ⅲ--海上运输Ⅳ,2024,,,,,,,,,,497472214000.0,,0.104992,49172465000.0,3058232000.0,target_year,,,,,,,,,,SOE_target,0.13303,0.228293,26.85976,0.144337,0.114556,0.360185,0.162486,0.280678,0.47404,1.590121,0.033131,True,H_nonSOE,0.01011618614286603,0.13303,-0.12291381385713399,-61146207110.69232,0.0,0,2,"FirmSize_lag, HHI_lag",
601919.SH,中远海控,CSI,中央国有企业,工业,交通运输,工业--交通运输--海上运输Ⅲ--海上运输Ⅳ,2025,,,,,,,,,,483758024000.0,,0.07002,30859651000.0,3013024000.0,target_year,,,,,,,,,,SOE_target,0.080724,0.13218,26.932806,0.16836,0.116886,0.487256,0.167499,0.303861,0.426986,1.678604,0.052262,True,H_nonSOE,0.027621029004515192,0.080724,-0.05310297099548481,-25688988317.305046,0.0,0,2,"FirmSize_lag, HHI_lag",
601985.SH,中国核电,CSI,中央国有企业,公用事业,公用事业Ⅱ,公用事业--公用事业Ⅱ--电力--电力公用事业,2019,,,,,,,,,,347639000000.0,,0.033423197,4612558850.0,7006645806.0,target_year,,,,,,,,,,SOE_target,0.051093,0.095614,26.50240634,0.065305579,0.148389593,0.123797436,-0.015956505,0.849558327,0.741652254,0.86858063,0.071637094,True,H_nonSOE,0.06769845270336969,0.051093,0.01660545270336969,5772702972.346735,5772702972.346735,0,1,FixedAssetsRatio_lag,
601985.SH,中国核电,CSI,中央国有企业,公用事业,公用事业Ⅱ,公用事业--公用事业Ⅱ--电力--电力公用事业,2020,,,,,,,,,,381746000000.0,,0.033938319,5995452045.0,6960364749.0,target_year,,,,,,,,,,SOE_target,0.036137999999999997,0.099496,26.57443023,0.067481903,0.143602423,0.135640693,-0.019129801,0.828426352,0.740297102,0.863979538,0.070616627,True,H_nonSOE,0.06807352169259853,0.036137999999999997,0.031935521692598536,12191257664.062721,12191257664.062721,0,2,"FirmSize_lag, FixedAssetsRatio_lag",
601985.SH,中国核电,CSI,中央国有企业,公用事业,公用事业Ⅱ,公用事业--公用事业Ⅱ--电力--电力公用事业,2021,,,,,,,,,,409621000000.0,,0.036396898,8038084942.0,6870862905.0,target_year,,,,,,,,,,SOE_target,0.04185,0.109671,26.66802123,0.067942863,0.126082379,0.141686299,-0.007015087,0.817627022,0.694850283,0.950978047,0.062692714,True,H_nonSOE,0.0777259508640474,0.04185,0.03587595086404741,14695542868.881964,14695542868.881964,0,3,"FirmSize_lag, FixedAssetsRatio_lag, HHI_lag",
601985.SH,中国核电,CSI,中央国有企业,公用事业,公用事业Ⅱ,公用事业--公用事业Ⅱ--电力--电力公用事业,2022,,,,,,,,,,464620000000.0,,0.036921229,9009829595.0,8144511017.0,target_year,,,,,,,,,,SOE_target,0.044770000000000004,0.109367,26.73849912,0.066112516,0.130392082,0.155949917,-0.018961189,0.805403382,0.694160724,0.88155248,0.061331462,True,H_nonSOE,0.0794603191893288,0.044770000000000004,0.0346903191893288,16117816101.745947,16117816101.745947,0,3,"FirmSize_lag, FixedAssetsRatio_lag, HHI_lag",
601985.SH,中国核电,CSI,中央国有企业,公用事业,公用事业Ⅱ,公用事业--公用事业Ⅱ--电力--电力公用事业,2023,,,,,,,,,,539267250476.02,,0.033241,10623826706.6,7301743750.68,target_year,,,,,,,,,,SOE_target,0.045784000000000005,0.11831200000000001,26.864486,0.064424,0.129341,0.161085,-0.017598,0.79749,0.681741,0.889415,0.108712,True,H_nonSOE,0.07513411626220923,0.045784000000000005,0.029350116262209222,15827556497.873089,15827556497.873089,0,3,"FirmSize_lag, FixedAssetsRatio_lag, HHI_lag",
601985.SH,中国核电,CSI,中央国有企业,公用事业,公用事业Ⅱ,公用事业--公用事业Ⅱ--电力--电力公用事业,2024,,,,,,,,,,659739168841.27,,0.023677,8777342050.34,6843597272.48,target_year,,,,,,,,,,SOE_target,0.049053000000000006,0.087264,27.013477,0.064166,0.121904,0.147279,-0.05444,0.798297,0.698113,0.699198,0.124429,True,H_nonSOE,0.06938185362382451,0.049053000000000006,0.020328853623824507,13411740993.27782,13411740993.27782,0,3,"FirmSize_lag, FixedAssetsRatio_lag, HHI_lag",
601985.SH,中国核电,CSI,中央国有企业,公用事业,公用事业Ⅱ,公用事业--公用事业Ⅱ--电力--电力公用事业,2025,,,,,,,,,,749261994107.31,,0.021539,9304211536.74,6834483614.48,target_year,,,,,,,,,,SOE_target,0.042759,0.081283,27.21511,0.066502,0.118327,0.127097,-0.026619,0.780601,0.68265,0.827394,0.137491,True,H_nonSOE,0.06930102183407844,0.042759,0.026542021834078437,19886928207.041374,19886928207.041374,0,3,"FirmSize_lag, FixedAssetsRatio_lag, HHI_lag",
603019.SH,中科曙光,CSI,中央国有企业,信息技术,硬件设备,信息技术--硬件设备--电脑与外围设备--电脑硬件、储存设备及电脑周边,2019,,,,,,,,,,16769281027.0,,0.046053914,593633044.8,178657973.6,target_year,,,,,,,,,,SOE_target,0.058621999999999994,0.145814,23.30100268,0.0077991,0.161142974,0.775761243,0.22087728,0.104489626,0.692376064,1.556652795,0.048115164,True,H_nonSOE,0.03365987740630338,0.058621999999999994,-0.024962122593696616,-418596848.8041247,0.0,1,0,,
603019.SH,中科曙光,CSI,中央国有企业,信息技术,硬件设备,信息技术--硬件设备--电脑与外围设备--电脑硬件、储存设备及电脑周边,2020,,,,,,,,,,20963979137.0,,0.039996011,822381760.3,16093782.61,target_year,,,,,,,,,,SOE_target,0.055788000000000004,0.103103,23.54281454,0.007820415,0.145048886,0.634093523,0.239751642,0.097377554,0.724420087,1.686252249,0.044994331,True,H_nonSOE,0.020224228554893923,0.055788000000000004,-0.035563771445106085,-745558162.6082402,0.0,1,0,,
603019.SH,中科曙光,CSI,中央国有企业,信息技术,硬件设备,信息技术--硬件设备--电脑与外围设备--电脑硬件、储存设备及电脑周边,2021,,,,,,,,,,26121984763.0,,0.038917893,1157781112.0,-141168510.7,target_year,,,,,,,,,,SOE_target,0.06096599999999999,0.095297,23.76607152,0.0072491,0.129289002,0.536679608,0.5056888,0.074705179,0.429743553,3.876764347,0.026434258,True,H_nonSOE,0.05774669985627686,0.06096599999999999,-0.003219300143723132,-84094509.30185936,0.0,0,1,HHI_lag,
603019.SH,中科曙光,CSI,中央国有企业,信息技术,硬件设备,信息技术--硬件设备--电脑与外围设备--电脑硬件、储存设备及电脑周边,2022,,,,,,,,,,31810174007.0,,0.045421863,1544219003.0,-99341626.16,target_year,,,,,,,,,,SOE_target,0.06579,0.104033,23.98604312,0.006334817,0.108896372,0.47400165,0.420008992,0.077714723,0.499409101,2.965212884,0.062330355,True,H_nonSOE,0.04662099672730962,0.06579,-0.01916900327269038,-609769329.6450335,0.0,0,1,HHI_lag,
603019.SH,中科曙光,CSI,中央国有企业,信息技术,硬件设备,信息技术--硬件设备--电脑与外围设备--电脑硬件、储存设备及电脑周边,2023,,,,,,,,,,31615458539.32,,0.05553,1835900702.06,-80304736.43,target_year,,,,,,,,,,SOE_target,0.068714,0.10294600000000001,24.183052,0.006852,0.117158,0.447215,0.330217,0.078245,0.442298,2.663063,0.084412,True,H_nonSOE,0.05569093655751964,0.068714,-0.01302306344248036,-411730122.3206718,0.0,0,1,HHI_lag,
603019.SH,中科曙光,CSI,中央国有企业,信息技术,硬件设备,信息技术--硬件设备--电脑与外围设备--电脑硬件、储存设备及电脑周边,2024,,,,,,,,,,36617491563.87,,0.050742,1911152257.13,-53100633.56,target_year,,,,,,,,,,SOE_target,0.06714,0.09787699999999999,24.176912,0.007472,0.108206,0.45091,0.314399,0.090495,0.383821,2.992228,0.068542,True,H_nonSOE,0.06532478613782933,0.06714,-0.0018152138621706781,-66468578.28465469,0.0,0,1,HHI_lag,
603019.SH,中科曙光,CSI,中央国有企业,信息技术,硬件设备,信息技术--硬件设备--电脑与外围设备--电脑硬件、储存设备及电脑周边,2025,,,,,,,,,,40953741117.01,,0.051483,2176292865.25,-67880099.25,target_year,,,,,,,,,,SOE_target,0.062329999999999997,0.102089,24.323792,0.005798,0.114376,0.383723,0.229408,0.098389,0.417578,2.503729,0.023476,True,H_nonSOE,0.0661704927088092,0.062329999999999997,0.0038404927088092067,157282544.15833673,157282544.15833673,0,1,HHI_lag,
603369.SH,今世缘,CSI,地方国有企业,日常消费,食品饮料,日常消费--食品饮料--饮料--白酒与葡萄酒,2019,,,,,,,,,,10062294426.0,,0.144971709,1458097936.0,650083.33,target_year,,,,,,,,,,SOE_target,0.20241399999999998,0.21924700000000003,22.87359084,0.004647124,0.118716357,0.39261743,0.437826307,0.123350825,0.288617426,2.527404298,0.02385493,True,H_nonSOE,0.12267347356689479,0.20241399999999998,-0.0797405264331052,-802372654.6541401,0.0,0,1,HHI_lag,
603369.SH,今世缘,CSI,地方国有企业,日常消费,食品饮料,日常消费--食品饮料--饮料--白酒与葡萄酒,2020,,,,,,,,,,11851101844.0,,0.132767611,1566907818.0,6534659.97,target_year,,,,,,,,,,SOE_target,0.187577,0.202526,23.03206105,0.005205694,0.109737598,0.427747232,0.369028646,0.111611,0.283834551,2.336807766,0.014921261,True,H_nonSOE,0.12886513395347896,0.187577,-0.05871186604652104,-695800303.9686065,0.0,0,1,HHI_lag,
603369.SH,今世缘,CSI,地方国有企业,日常消费,食品饮料,日常消费--食品饮料--饮料--白酒与葡萄酒,2021,,,,,,,,,,14433697119.0,,0.136075632,2029127929.0,-65053472.68,target_year,,,,,,,,,,SOE_target,0.205399,0.23105,23.19568668,0.004661291,0.106852675,0.385834782,0.417382351,0.126780398,0.302399008,2.425192333,0.033352504,True,H_nonSOE,0.12478577573541194,0.205399,-0.08061322426458806,-1163546862.8210855,0.0,0,1,HHI_lag,
603369.SH,今世缘,CSI,地方国有企业,日常消费,食品饮料,日常消费--食品饮料--饮料--白酒与葡萄酒,2022,,,,,,,,,,18183711058.0,,0.132137809,2502789291.0,-100033561.7,target_year,,,,,,,,,,SOE_target,0.204044,0.24583200000000002,23.39283139,0.005106391,0.106913309,0.403319474,0.343201835,0.13995768,0.355876741,1.99477757,0.039951176,True,H_nonSOE,0.12188305788349249,0.204044,-0.08216094211650751,-1493990831.6996355,0.0,0,1,HHI_lag,
603369.SH,今世缘,CSI,地方国有企业,日常消费,食品饮料,日常消费--食品饮料--饮料--白酒与葡萄酒,2023,,,,,,,,,,21630647731.29,,0.136515,3136042999.78,-183138913.29,target_year,,,,,,,,,,SOE_target,0.20906400000000003,0.257564,23.623792,0.005416,0.105461,0.405134,0.259668,0.163857,0.391503,1.680295,0.063079,True,H_nonSOE,0.11828685545783627,0.20906400000000003,-0.09077714454216376,-1963568435.643939,0.0,0,1,HHI_lag,
603369.SH,今世缘,CSI,地方国有企业,日常消费,食品饮料,日常消费--食品饮料--饮料--白酒与葡萄酒,2024,,,,,,,,,,24221898385.69,,0.13537,3411925268.61,-133006465.89,target_year,,,,,,,,,,SOE_target,0.19253599999999998,0.23742999999999997,23.797377,0.006797,0.100594,0.432038,0.220588,0.229512,0.385741,1.585996,0.101447,True,H_nonSOE,0.12388668926617344,0.19253599999999998,-0.06864931073382655,-1662816628.8424044,0.0,0,1,HHI_lag,
603369.SH,今世缘,CSI,地方国有企业,日常消费,食品饮料,日常消费--食品饮料--饮料--白酒与葡萄酒,2025,,,,,,,,,,25899040538.78,,0.097322,2603690665.79,-83151223.46,target_year,,,,,,,,,,SOE_target,0.134739,0.16264800000000001,23.910523,0.007719,0.097008,0.430028,0.229316,0.272964,0.361997,1.663303,0.074998,True,H_nonSOE,0.1373147333794775,0.134739,0.0025757333794775017,66709023.21217662,66709023.21217662,0,1,HHI_lag,
688009.SH,中国通号,CSI,中央国有企业,工业,电气设备,工业--电气设备--电气设备Ⅲ--电气部件与设备,2019,,,,,,,,,,97512591304.0,,0.040378019,3815874901.0,121490364.0,target_year,,,,,,,,,,SOE_target,0.054669999999999996,0.108981,25.10126608,0.112768212,0.075162529,0.565471287,0.222678652,0.057931624,0.620072312,1.372498386,0.013432789,True,H_nonSOE,0.054909402476301446,0.054669999999999996,0.00023940247630144934,23344755.828748774,23344755.828748774,0,1,HHI_lag,
688009.SH,中国通号,CSI,中央国有企业,工业,电气设备,工业--电气设备--电气设备Ⅲ--电气部件与设备,2020,,,,,,,,,,105328000000.0,,0.036664884,3819046319.0,42795594.41,target_year,,,,,,,,,,SOE_target,0.045983,0.091274,25.30324735,0.09638352,0.069863037,0.470071921,0.294788513,0.046045731,0.561854761,1.555377083,0.008409159,True,H_nonSOE,0.06240327799339857,0.045983,0.01642027799339857,1729515040.4886844,1729515040.4886844,0,1,HHI_lag,
688009.SH,中国通号,CSI,中央国有企业,工业,电气设备,工业--电气设备--电气设备Ⅲ--电气部件与设备,2021,,,,,,,,,,108943000000.0,,0.030924685,3274672689.0,94342569.44,target_year,,,,,,,,,,SOE_target,0.036272,0.07605100000000001,25.38034591,0.078313323,0.069189957,0.395625552,0.256343946,0.05340966,0.579434691,1.46497188,0.016604732,True,H_nonSOE,0.05165279935171929,0.036272,0.015380799351719293,1675630423.774355,1675630423.774355,0,1,HHI_lag,
688009.SH,中国通号,CSI,中央国有企业,工业,电气设备,工业--电气设备--电气设备Ⅲ--电气部件与设备,2022,,,,,,,,,,116807000000.0,,0.03205844,3633640259.0,110995320.5,target_year,,,,,,,,,,SOE_target,0.039245999999999996,0.081766,25.41408687,0.052156644,0.081262738,0.358035908,0.261945955,0.050393267,0.583529486,1.479651178,0.007981433,True,H_nonSOE,0.04843110829190337,0.039245999999999996,0.009185108291903374,1072884944.2523574,1072884944.2523574,0,1,HHI_lag,
688009.SH,中国通号,CSI,中央国有企业,工业,电气设备,工业--电气设备--电气设备Ⅲ--电气部件与设备,2023,,,,,,,,,,118990487731.74,,0.029868,3477326647.54,76697247.11,target_year,,,,,,,,,,SOE_target,0.036031,0.07548300000000001,25.483785,0.031068,0.108841,0.356176,0.232672,0.046851,0.595248,1.416564,0.006061,True,H_nonSOE,0.04496194547933525,0.036031,0.008930945479335248,1062697558.4916797,1062697558.4916797,0,1,HHI_lag,
688009.SH,中国通号,CSI,中央国有企业,工业,电气设备,工业--电气设备--电气设备Ⅲ--电气部件与设备,2024,,,,,,,,,,117890875515.13,,0.030092,3494725837.36,52849365.13,target_year,,,,,,,,,,SOE_target,0.036261999999999996,0.0737,25.502309,0.024756,0.112299,0.313848,0.220738,0.046415,0.589254,1.396501,0.00572,True,H_nonSOE,0.04241755525591249,0.036261999999999996,0.006155555255912493,725683798.4012839,725683798.4012839,0,1,HHI_lag,
688009.SH,中国通号,CSI,中央国有企业,工业,电气设备,工业--电气设备--电气设备Ⅲ--电气部件与设备,2025,,,,,,,,,,118321690651.9,,0.031924,3686410571.89,90856906.74,target_year,,,,,,,,,,SOE_target,0.039783,0.075334,25.493025,0.023985,0.107313,0.274171,0.236504,0.048914,0.572182,1.440999,0.007286,True,H_nonSOE,0.04275097240817841,0.039783,0.002967972408178414,351175513.14386094,351175513.14386094,0,1,HHI_lag,
688187.SH,时代电气,CSI,中央国有企业,工业,电气设备,工业--电气设备--电气设备Ⅲ--电气部件与设备,2019,,,,,,,,,,32985615356.0,,0.081390133,2659163867.0,25539769.0,target_year,,,,,,,,,,SOE_target,0.094467,0.127431,24.09175139,0.044315661,0.075162529,0.562382467,0.542306516,0.103897947,0.306910795,3.009164305,0.023124896,True,H_nonSOE,0.08989297713923018,0.094467,-0.004574022860769814,-150876958.7149038,0.0,0,1,HHI_lag,
688187.SH,时代电气,CSI,中央国有企业,工业,电气设备,工业--电气设备--电气设备Ⅲ--电气部件与设备,2020,,,,,,,,,,33865721258.0,,0.073569155,2475454606.0,16017904.0,target_year,,,,,,,,,,SOE_target,0.08407999999999999,0.108186,24.21933741,0.03773342,0.069863037,0.525771381,0.527282997,0.093215346,0.327092161,2.853868965,0.022752527,True,H_nonSOE,0.08594996356572801,0.08407999999999999,0.0018699635657280222,63327664.87956096,63327664.87956096,0,1,HHI_lag,
688187.SH,时代电气,CSI,中央国有企业,工业,电气设备,工业--电气设备--电气设备Ⅲ--电气部件与设备,2021,,,,,,,,,,44150745227.0,,0.046177335,2017694796.0,21068951.0,target_year,,,,,,,,,,SOE_target,0.052518,0.071456,24.24566917,0.031294312,0.069189957,0.479688199,0.547696637,0.129781827,0.283653514,3.354619665,0.054779891,True,H_nonSOE,0.08369199124477872,0.052518,0.031173991244778716,1376354945.1569538,1376354945.1569538,0,1,HHI_lag,
688187.SH,时代电气,CSI,中央国有企业,工业,电气设备,工业--电气设备--电气设备Ⅲ--电气部件与设备,2022,,,,,,,,,,48509554784.0,,0.053119178,2555823375.0,20964320.0,target_year,,,,,,,,,,SOE_target,0.059538,0.076121,24.51087564,0.020560593,0.081262738,0.387640407,0.577379598,0.110659814,0.245932447,3.785604226,0.022060856,True,H_nonSOE,0.08748623091660387,0.059538,0.027948230916603874,1355756238.764878,1355756238.764878,0,1,HHI_lag,
688187.SH,时代电气,CSI,中央国有企业,工业,电气设备,工业--电气设备--电气设备Ⅲ--电气部件与设备,2023,,,,,,,,,,53404847387.0,,0.059038,3105703645.0,47187001.0,target_year,,,,,,,,,,SOE_target,0.061758,0.08699899999999999,24.605027,0.013936,0.108841,0.389245,0.510029,0.108352,0.272396,3.114295,0.019655,True,H_nonSOE,0.08998709654243131,0.061758,0.02822909654243131,1507570592.7214334,1507570592.7214334,0,1,HHI_lag,
688187.SH,时代电气,CSI,中央国有企业,工业,电气设备,工业--电气设备--电气设备Ⅲ--电气部件与设备,2024,,,,,,,,,,64802246319.0,,0.057745,3702585914.0,39387935.0,target_year,,,,,,,,,,SOE_target,0.06887800000000001,0.09446099999999999,24.701167,0.014584,0.112299,0.427789,0.450948,0.1216,0.293762,2.792924,0.05581,True,H_nonSOE,0.08786633682214709,0.06887800000000001,0.01898833682214708,1230486879.9369128,1230486879.9369128,0,1,HHI_lag,
688187.SH,时代电气,CSI,中央国有企业,工业,电气设备,工业--电气设备--电气设备Ⅲ--电气部件与设备,2025,,,,,,,,,,72084237098.0,,0.057194,4096540421.0,26238709.0,target_year,,,,,,,,,,SOE_target,0.06713,0.09752000000000001,24.894606,0.018398,0.107313,0.421446,0.427513,0.168321,0.309246,2.479153,0.053247,True,H_nonSOE,0.09541104139170956,0.06713,0.02828104139170956,2038617293.058344,2038617293.058344,0,1,HHI_lag,
688396.SH,华润微,CSI,中央国有企业,信息技术,半导体,信息技术--半导体--半导体产品--集成电路,2019,,,,,,,,,,10095287650.0,,0.044152013,400755536.4,44971740.09,target_year,,,,,,,,,,SOE_target,0.051093,,23.02505596,0.11049825,0.214515912,0.626810524,0.045280859,0.425249338,0.497621112,1.097219995,0.054485693,True,H_nonSOE,0.06843286356475156,0.051093,0.017339863564751562,175050910.4979214,175050910.4979214,1,0,,
688396.SH,华润微,CSI,中央国有企业,信息技术,半导体,信息技术--半导体--半导体产品--集成电路,2020,,,,,,,,,,16532495767.0,,0.051034764,963661634.4,-119929609.6,target_year,,,,,,,,,,SOE_target,0.08154299999999999,0.12041299999999999,23.03533458,0.08050321,0.169245785,0.565193741,0.308438292,0.426422857,0.366949986,2.573627749,0.060653362,True,H_nonSOE,0.0804826047501892,0.08154299999999999,-0.0010603952498107888,-17530979.978843775,0.0,1,0,,
688396.SH,华润微,CSI,中央国有企业,信息技术,半导体,信息技术--半导体--半导体产品--集成电路,2021,,,,,,,,,,22191209564.0,,0.095861013,2267920400.0,-140648576.5,target_year,,,,,,,,,,SOE_target,0.121587,0.162735,23.52859372,0.076520316,0.155238897,0.518895343,0.476678499,0.288458562,0.286207979,3.597830673,0.034637275,True,H_nonSOE,0.08830232710645361,0.121587,-0.03328467289354639,-738627151.4498782,0.0,1,0,,
688396.SH,华润微,CSI,中央国有企业,信息技术,半导体,信息技术--半导体--半导体产品--集成电路,2022,,,,,,,,,,26457799587.0,,0.087533745,2617079980.0,-301129708.7,target_year,,,,,,,,,,SOE_target,0.10905300000000001,0.140437,23.82296208,0.074435868,0.127200785,0.473296709,0.467761071,0.225283176,0.211380859,3.407609318,0.057039825,True,H_nonSOE,0.09808211171367116,0.10905300000000001,-0.010970888286328848,-290265563.5710545,0.0,0,1,HHI_lag,
688396.SH,华润微,CSI,中央国有企业,信息技术,半导体,信息技术--半导体--半导体产品--集成电路,2023,,,,,,,,,,29215259820.18,,0.042254,1479265748.53,-244794478.16,target_year,,,,,,,,,,SOE_target,0.060594999999999996,0.071223,23.998817,0.071578,0.113252,0.409656,0.460362,0.239196,0.217785,3.725747,0.080692,True,H_nonSOE,0.08828227832188232,0.060594999999999996,0.027687278321882322,808891029.8874294,808891029.8874294,0,1,HHI_lag,
688396.SH,华润微,CSI,中央国有企业,信息技术,半导体,信息技术--半导体--半导体产品--集成电路,2024,,,,,,,,,,29106829546.42,,0.021943,762459866.87,-123759891.25,target_year,,,,,,,,,,SOE_target,0.023006000000000002,0.034765000000000004,24.097957,0.068644,0.109637,0.35265,0.405247,0.250068,0.191161,3.774064,0.178145,True,H_nonSOE,0.0740052396562971,0.023006000000000002,0.0509992396562971,1484426175.672863,1484426175.672863,0,1,HHI_lag,
688396.SH,华润微,CSI,中央国有企业,信息技术,半导体,信息技术--半导体--半导体产品--集成电路,2025,,,,,,,,,,30589736143.75,,0.016086,660543164.52,-168487952.9,target_year,,,,,,,,,,SOE_target,0.018557,0.029171999999999997,24.094239,0.056819,0.111057,0.344124,0.316661,0.278279,0.165283,3.230072,0.053891,True,H_nonSOE,0.10166275725290333,0.018557,0.08310575725290333,2542183186.3928504,2542183186.3928504,0,1,HHI_lag,
000338.SZ,潍柴动力,CSI,地方国有企业,工业,机械,工业--机械--机械Ⅲ--建筑机械与重型卡车,2019,,,,,,,,,,236832000000.0,,0.043652595,9104955354.0,1233361936.0,target_year,,,,,,,,,,SOE_target,0.065675,0.21540600000000001,26.04762303,0.282812533,0.247583643,0.806533158,0.094937857,0.157359438,0.696704841,1.219918367,0.017944605,True,CSI_nonSOE,0.04739166719000186,0.065675,-0.018283332809998137,-4330078276.057479,0.0,1,0,,
000338.SZ,潍柴动力,CSI,地方国有企业,工业,机械,工业--机械--机械Ⅲ--建筑机械与重型卡车,2020,,,,,,,,,,270750000000.0,,0.03821291,9207129174.0,1139022760.0,target_year,,,,,,,,,,SOE_target,0.049421999999999994,0.190967,26.19061549,0.268327209,0.225950341,0.788770512,0.085749984,0.133965754,0.705382629,1.191810837,0.022775325,True,CSI_nonSOE,0.04293865492029933,0.049421999999999994,-0.006483345079700664,-1755365680.328955,0.0,1,0,,
000338.SZ,潍柴动力,CSI,地方国有企业,工业,机械,工业--机械--机械Ⅲ--建筑机械与重型卡车,2021,,,,,,,,,,277044000000.0,,0.037294307,9254488226.0,1077691525.0,target_year,,,,,,,,,,SOE_target,0.048954000000000004,0.151577,26.32446235,0.25835455,0.195497669,0.778164528,0.106379349,0.135804241,0.70292418,1.232815663,0.021294992,True,CSI_nonSOE,0.04325695924751431,0.048954000000000004,-0.005697040752485692,-1578330958.231646,0.0,1,0,,
000338.SZ,潍柴动力,CSI,地方国有企业,工业,机械,工业--机械--机械Ⅲ--建筑机械与重型卡车,2022,,,,,,,,,,293666000000.0,,0.021474462,4905013042.0,1401308298.0,target_year,,,,,,,,,,SOE_target,0.017967999999999998,0.068082,26.34744371,0.254850756,0.187780789,0.743153385,0.163353204,0.141573837,0.628356843,1.392227376,0.021697149,True,CSI_nonSOE,0.05400409739917629,0.017967999999999998,0.03603609739917629,10582576578.826506,10582576578.826506,1,0,,
000338.SZ,潍柴动力,CSI,地方国有企业,工业,机械,工业--机械--机械Ⅲ--建筑机械与重型卡车,2023,,,,,,,,,,334247213024.91,,0.037006,9013894024.19,3355408336.47,target_year,,,,,,,,,,SOE_target,0.0436,0.1182,26.405709,0.236485,0.187488,0.613823,0.165976,0.156214,0.645479,1.407052,0.022594,True,CSI_nonSOE,0.04438634722313303,0.0436,0.0007863472231330326,262834367.80209318,262834367.80209318,1,0,,
000338.SZ,潍柴动力,CSI,地方国有企业,工业,机械,工业--机械--机械Ⅲ--建筑机械与重型卡车,2024,,,,,,,,,,343879412547.54,,0.044369,11403288984.59,3854441561.78,target_year,,,,,,,,,,SOE_target,0.051303999999999995,0.137363,26.535147,0.262731,0.188674,0.681491,0.154706,0.154158,0.662867,1.353656,0.02154,True,CSI_nonSOE,0.04702270242971299,0.051303999999999995,-0.0042812975702870085,-1472250093.4115067,0.0,1,0,,
000338.SZ,潍柴动力,CSI,地方国有企业,工业,机械,工业--机械--机械Ⅲ--建筑机械与重型卡车,2025,,,,,,,,,,367475596673.66,,0.039619,10930504451.02,3628593475.52,target_year,,,,,,,,,,SOE_target,0.045776000000000004,0.121527,26.563557,0.255562,0.187309,0.636136,0.086979,0.156461,0.645345,1.193169,0.021402,True,CSI_nonSOE,0.04199194709040252,0.045776000000000004,-0.0037840529095974837,-1390547100.7990344,0.0,1,0,,
000408.SZ,藏格矿业,CSI,地方国有企业,材料,化工,材料--化工--农用化工--化肥与农用药剂,2019,,,,,,,,,,9643558999.0,,0.028576293,308259358.9,-32682195.98,target_year,,,,,,,,,,SOE_target,0.042816,0.040185000000000005,22.96242767,0.009303695,0.192081294,0.288100092,0.251399299,0.47683991,0.207795813,2.229038205,0.030171161,True,CSI_nonSOE,0.16304433999066997,0.042816,0.12022833999066998,1159429090.051857,1159429090.051857,1,0,,
000408.SZ,藏格矿业,CSI,地方国有企业,材料,化工,材料--化工--农用化工--化肥与农用药剂,2020,,,,,,,,,,8677638571.0,,0.02458924,228887517.0,-15510979.86,target_year,,,,,,,,,,SOE_target,0.033561,0.028929999999999997,22.98955607,0.006921733,0.180537484,0.196181882,0.103305111,0.403406845,0.18011321,1.583993588,0.011820166,True,CSI_nonSOE,0.15031025829708217,0.033561,0.11674925829708216,1013107866.9344019,1013107866.9344019,1,0,,
000408.SZ,藏格矿业,CSI,地方国有企业,材料,化工,材料--化工--农用化工--化肥与农用药剂,2021,,,,,,,,,,10624520306.0,,0.133385912,1427339931.0,-10178605.37,target_year,,,,,,,,,,SOE_target,0.17562,0.164337,22.88401527,0.005915643,0.203999831,0.192045977,0.179732617,0.415528525,0.087639638,3.123556858,0.009274747,True,CSI_nonSOE,0.1645000726046838,0.17562,-0.011119927395316198,-118143894.41278264,0.0,1,0,,
000408.SZ,藏格矿业,CSI,地方国有企业,材料,化工,材料--化工--农用化工--化肥与农用药剂,2022,,,,,,,,,,13536459913.0,,0.415613537,5654872861.0,-28936882.64,target_year,,,,,,,,,,SOE_target,0.5457569999999999,0.524145,23.0864304,0.006422482,0.197245037,0.352733449,0.144177782,0.304820178,0.110191234,2.373728083,0.005833331,True,CSI_nonSOE,0.1616195823602017,0.5457569999999999,-0.38413741763979825,-5199860754.964468,0.0,1,0,,
000408.SZ,藏格矿业,CSI,地方国有企业,材料,化工,材料--化工--农用化工--化肥与农用药剂,2023,,,,,,,,,,14091584562.19,,0.241369,3419880869.14,-18613040.56,target_year,,,,,,,,,,SOE_target,0.279883,0.271619,23.328653,0.010818,0.212868,0.647059,0.261908,0.230172,0.104367,3.56622,0.009877,True,CSI_nonSOE,0.17456988095258763,0.279883,-0.10531311904741236,-1484028722.5645938,0.0,1,0,,
000408.SZ,藏格矿业,CSI,地方国有企业,材料,化工,材料--化工--农用化工--化肥与农用药剂,2024,,,,,,,,,,15083281912.76,,0.171245,2579985938.8,2947153.55,target_year,,,,,,,,,,SOE_target,0.18587800000000002,0.191658,23.368844,0.006021,0.215825,0.357037,0.156713,0.208682,0.073898,3.360255,0.022977,True,CSI_nonSOE,0.1516493652599009,0.18587800000000002,-0.03422863474009913,-516280147.2738058,0.0,1,0,,
000408.SZ,藏格矿业,CSI,地方国有企业,材料,化工,材料--化工--农用化工--化肥与农用药剂,2025,,,,,,,,,,17692154203.25,,0.2181,3852353240.98,6312248.81,target_year,,,,,,,,,,SOE_target,0.247846,0.255897,23.436853,0.003488,0.213171,0.19862,0.083802,0.174457,0.081966,2.536757,0.009784,True,CSI_nonSOE,0.13807102383799652,0.247846,-0.10977497616200349,-1942155805.9162586,0.0,1,0,,
000425.SZ,徐工机械,CSI,地方国有企业,工业,机械,工业--机械--机械Ⅲ--建筑机械与重型卡车,2019,,,,,,,,,,77291657089.0,,0.051322633,3620572465.0,346238850.7,target_year,,,,,,,,,,SOE_target,0.05873300000000001,0.114355,24.83822776,0.078480399,0.247583643,0.796135572,0.30446409,0.129199699,0.504643767,1.690507246,0.029202569,True,CSI_nonSOE,0.09658416002743991,0.05873300000000001,0.037851160027439906,2925578881.2617493,2925578881.2617493,1,0,,
000425.SZ,徐工机械,CSI,地方国有企业,工业,机械,工业--机械--机械Ⅲ--建筑机械与重型卡车,2020,,,,,,,,,,91797176722.0,,0.049729124,3728859646.0,836133538.3,target_year,,,,,,,,,,SOE_target,0.060702,0.11150700000000001,25.07085186,0.090656285,0.225950341,0.850417672,0.304295183,0.108165675,0.564685381,1.637343394,0.030445106,True,CSI_nonSOE,0.08666917732998815,0.060702,0.02596717732998815,2383713566.332434,2383713566.332434,1,0,,
000425.SZ,徐工机械,CSI,地方国有企业,工业,机械,工业--机械--机械Ⅲ--建筑机械与重型卡车,2021,,,,,,,,,,110029000000.0,,0.056573361,5614606146.0,610110237.7,target_year,,,,,,,,,,SOE_target,0.059959,0.160106,25.24284738,0.096405963,0.195497669,0.871666513,0.21018586,0.097334006,0.627759186,1.379569973,0.022362833,True,CSI_nonSOE,0.06992184756169792,0.059959,0.009962847561697921,1096202154.3660605,1096202154.3660605,1,0,,
000425.SZ,徐工机械,CSI,地方国有企业,工业,机械,工业--机械--机械Ⅲ--建筑机械与重型卡车,2022,,,,,,,,,,175086000000.0,,0.023397377,4307097070.0,-210553267.2,target_year,,,,,,,,,,SOE_target,0.033686,0.096036,25.42401078,0.105236552,0.187780789,0.832912081,0.200299799,0.087174384,0.662187887,1.349125606,0.029744056,True,CSI_nonSOE,0.05888098471241684,0.033686,0.025194984712416837,4411289093.358214,4411289093.358214,1,0,,
000425.SZ,徐工机械,CSI,地方国有企业,工业,机械,工业--机械--机械Ⅲ--建筑机械与重型卡车,2023,,,,,,,,,,161994607612.63,,0.037362,5326470288.96,726008158.72,target_year,,,,,,,,,,SOE_target,0.037995,0.097377,25.888541,0.126116,0.187488,0.655251,0.186019,0.124798,0.687841,1.337335,0.045609,True,CSI_nonSOE,0.03667699938999715,0.037995,-0.0013180006100028535,-213508991.65061924,0.0,1,0,,
000425.SZ,徐工机械,CSI,地方国有企业,工业,机械,工业--机械--机械Ⅲ--建筑机械与重型卡车,2024,,,,,,,,,,160969811609.42,,0.049144,5976118332.51,1934545872.81,target_year,,,,,,,,,,SOE_target,0.052740999999999996,0.10352399999999999,25.810829,0.113471,0.188674,0.548277,0.152436,0.157001,0.64513,1.285921,0.036833,True,CSI_nonSOE,0.036087384574829504,0.052740999999999996,-0.016653615425170493,-2680729337.6054254,0.0,1,0,,
000425.SZ,徐工机械,CSI,地方国有企业,工业,机械,工业--机械--机械Ⅲ--建筑机械与重型卡车,2025,,,,,,,,,,172078712755.41,,0.042356,6572221644.27,716429463.03,target_year,,,,,,,,,,SOE_target,0.047889,0.109748,25.804483,0.108112,0.187309,0.565044,0.175762,0.164311,0.624391,1.354563,0.018254,True,CSI_nonSOE,0.04101325487403973,0.047889,-0.0068757451259602725,-1183169370.5095282,0.0,1,0,,
000568.SZ,泸州老窖,CSI,地方国有企业,日常消费,食品饮料,日常消费--食品饮料--饮料--白酒与葡萄酒,2019,,,,,,,,,,28919969078.0,,0.165338765,4641988857.0,139603113.8,target_year,,,,,,,,,,SOE_target,0.228967,0.25525400000000004,23.84143384,0.017142738,0.118716357,0.540578094,0.44587553,0.178256904,0.242456715,2.861142238,0.064962944,True,CSI_nonSOE,0.15765713900684206,0.228967,-0.07130986099315795,-2062278974.8786063,0.0,1,0,,
000568.SZ,泸州老窖,CSI,地方国有企业,日常消费,食品饮料,日常消费--食品饮料--饮料--白酒与葡萄酒,2020,,,,,,,,,,35009203823.0,,0.167763823,6005723069.0,-132445202.7,target_year,,,,,,,,,,SOE_target,0.248369,0.282744,24.08779817,0.018063993,0.109737598,0.537257752,0.329414591,0.303398139,0.323832921,2.403646532,0.159240357,True,CSI_nonSOE,0.1382985188376008,0.248369,-0.1100704811623992,-3853479909.9101157,0.0,1,0,,
000568.SZ,泸州老窖,CSI,地方国有企业,日常消费,食品饮料,日常消费--食品饮料--饮料--白酒与葡萄酒,2021,,,,,,,,,,43211782006.0,,0.179086999,7955554352.0,-216885999.2,target_year,,,,,,,,,,SOE_target,0.269773,0.31128,24.27887683,0.015909988,0.106852675,0.45141465,0.346826668,0.254154299,0.337834988,2.56721691,0.061238482,True,CSI_nonSOE,0.12671075682220528,0.269773,-0.1430622431777947,-6181974465.488225,0.0,1,0,,
000568.SZ,泸州老窖,CSI,地方国有企业,日常消费,食品饮料,日常消费--食品饮料--饮料--白酒与葡萄酒,2022,,,,,,,,,,51385481355.0,,0.196145022,10365383282.0,-286376927.5,target_year,,,,,,,,,,SOE_target,0.292921,0.33303400000000005,24.48937903,0.017126059,0.106913309,0.454541962,0.36166986,0.216331324,0.3488521,2.42764762,0.04580695,True,CSI_nonSOE,0.12078576230710127,0.292921,-0.17213523769289873,-8845252047.00694,0.0,1,0,,
000568.SZ,泸州老窖,CSI,地方国有企业,日常消费,食品饮料,日常消费--食品饮料--饮料--白酒与葡萄酒,2023,,,,,,,,,,63294455201.6,,0.203418,13246394700.59,-371152206.41,target_year,,,,,,,,,,SOE_target,0.310533,0.350437,24.662622,0.017707,0.105461,0.456665,0.445643,0.188035,0.331936,3.149763,0.020145,True,CSI_nonSOE,0.12169334154930209,0.310533,-0.18883965845069792,-11952503302.093143,0.0,1,0,,
000568.SZ,泸州老窖,CSI,地方国有企业,日常消费,食品饮料,日常消费--食品饮料--饮料--白酒与葡萄酒,2024,,,,,,,,,,68334595564.58,,0.190013,13472986476.01,-488521059.32,target_year,,,,,,,,,,SOE_target,0.269193,0.303514,24.871064,0.020627,0.100594,0.455183,0.557514,0.163232,0.343833,4.503939,0.023724,True,CSI_nonSOE,0.11823452288633111,0.269193,-0.1509584771136689,-10315686480.60747,0.0,1,0,,
000568.SZ,泸州老窖,CSI,地方国有企业,日常消费,食品饮料,日常消费--食品饮料--饮料--白酒与葡萄酒,2025,,,,,,,,,,64794994851.27,,0.159252,10830713936.14,-511995793.73,target_year,,,,,,,,,,SOE_target,0.212454,0.222926,24.947682,0.020702,0.097008,0.401773,0.535297,0.145444,0.304774,3.562096,0.01739,True,CSI_nonSOE,0.11909153270237419,0.212454,-0.09336246729762582,-6049420587.851528,0.0,1,0,,
000596.SZ,古井贡酒,CSI,地方国有企业,日常消费,食品饮料,日常消费--食品饮料--饮料--白酒与葡萄酒,2019,,,,,,,,,,13871297363.0,,0.1536396,2097527740.0,33652843.25,target_year,,,,,,,,,,SOE_target,0.210201,0.253537,23.24978844,0.011090336,0.118716357,0.65369115,0.377977266,0.148466803,0.358129813,2.099445101,0.024566017,True,CSI_nonSOE,0.160245875529979,0.210201,-0.04995512447002101,-692942386.3293393,0.0,1,0,,
000596.SZ,古井贡酒,CSI,地方国有企业,日常消费,食品饮料,日常消费--食品饮料--饮料--白酒与葡萄酒,2020,,,,,,,,,,15186625709.0,,0.104943641,1854576249.0,-260836456.1,target_year,,,,,,,,,,SOE_target,0.170269,0.195348,23.3530876,0.011516279,0.109737598,0.668964823,0.452659503,0.137446251,0.32002361,2.478278192,0.029725347,True,CSI_nonSOE,0.16695893728901334,0.170269,-0.003310062710986661,-50268683.46507226,0.0,1,0,,
000596.SZ,古井贡酒,CSI,地方国有企业,日常消费,食品饮料,日常消费--食品饮料--饮料--白酒与葡萄酒,2021,,,,,,,,,,25418086448.0,,0.08237594,2297894413.0,-204055657.1,target_year,,,,,,,,,,SOE_target,0.156203,0.1729,23.44368099,0.009556143,0.106852675,0.596517194,0.463047649,0.13676234,0.311970217,2.566970606,0.03698101,True,CSI_nonSOE,0.162179648607365,0.156203,0.005976648607364993,151914970.9713222,151914970.9713222,1,0,,
000596.SZ,古井贡酒,CSI,地方国有企业,日常消费,食品饮料,日常消费--食品饮料--饮料--白酒与葡萄酒,2022,,,,,,,,,,29789822299.0,,0.098249854,3143144732.0,-216299053.1,target_year,,,,,,,,,,SOE_target,0.161951,0.17931,23.95872682,0.010826289,0.106913309,0.553532359,0.496127525,0.119922437,0.321236832,2.642086497,0.022745779,True,CSI_nonSOE,0.14787433808760053,0.161951,-0.01407666191239948,-419341256.933482,0.0,1,0,,
000596.SZ,古井贡酒,CSI,地方国有企业,日常消费,食品饮料,日常消费--食品饮料--饮料--白酒与葡萄酒,2023,,,,,,,,,,35420907274.99,,0.12498,4589164052.8,-162244024.88,target_year,,,,,,,,,,SOE_target,0.194206,0.229194,24.117433,0.011386,0.105461,0.503159,0.413555,0.17444,0.351025,2.230925,0.053046,True,CSI_nonSOE,0.13473852862888072,0.194206,-0.05946747137111927,-2106391789.314538,0.0,1,0,,
000596.SZ,古井贡酒,CSI,地方国有企业,日常消费,食品饮料,日常消费--食品饮料--饮料--白酒与葡萄酒,2024,,,,,,,,,,40522413702.09,,0.127545,5517251073.1,-348824206.45,target_year,,,,,,,,,,SOE_target,0.196114,0.238933,24.290568,0.013596,0.100594,0.527626,0.369823,0.211931,0.367202,2.055674,0.067221,True,CSI_nonSOE,0.12850712144277843,0.196114,-0.06760687855722158,-2739593902.0026903,0.0,1,0,,
000596.SZ,古井贡酒,CSI,地方国有企业,日常消费,食品饮料,日常消费--食品饮料--饮料--白酒与葡萄酒,2025,,,,,,,,,,38197033001.78,,0.07919,3549108530.34,-524281825.11,target_year,,,,,,,,,,SOE_target,0.11585100000000001,0.14279999999999998,24.425121,0.015531,0.097008,0.522432,0.357908,0.220514,0.365936,2.013605,0.059903,True,CSI_nonSOE,0.1247899152507155,0.11585100000000001,0.008938915250715496,341440040.8316943,341440040.8316943,1,0,,
000625.SZ,长安汽车,CSI,中央国有企业,可选消费,汽车与零配件,可选消费--汽车与零配件--汽车--汽车制造,2019,,,,,,,,,,97617053590.0,,-0.0267024,-2646719357.0,40109729.93,target_year,,,,,,,,,,SOE_target,-0.025617,-0.058638,25.26110806,0.042976766,0.376606004,0.641161065,0.000570269,0.294632963,0.506327012,1.001235261,0.069402175,True,CSI_nonSOE,0.04647176043213516,-0.025617,0.07208876043213516,7037092390.340409,7037092390.340409,1,0,,
000625.SZ,长安汽车,CSI,中央国有企业,可选消费,汽车与零配件,可选消费--汽车与零配件--汽车--汽车制造,2020,,,,,,,,,,120916000000.0,,0.025753678,3324251164.0,-210224449.6,target_year,,,,,,,,,,SOE_target,0.021840000000000002,0.068233,25.30431804,0.048553106,0.369422071,0.712769049,0.003824706,0.293691446,0.54993447,1.007583405,0.049004987,True,CSI_nonSOE,0.044473521703674454,0.021840000000000002,0.022633521703674452,2736754910.3215003,2736754910.3215003,1,0,,
000625.SZ,长安汽车,CSI,中央国有企业,可选消费,汽车与零配件,可选消费--汽车与零配件--汽车--汽车制造,2021,,,,,,,,,,135405000000.0,,0.020468578,3552463320.0,-780923197.2,target_year,,,,,,,,,,SOE_target,0.023718,0.065097,25.51836032,0.060899463,0.324255792,0.744393964,0.085155696,0.227305221,0.557706229,1.164501984,0.02448023,True,CSI_nonSOE,0.04394644668927991,0.023718,0.02022844668927991,2739032823.9619465,2739032823.9619465,1,0,,
000625.SZ,长安汽车,CSI,中央国有企业,可选消费,汽车与零配件,可选消费--汽车与零配件--汽车--汽车制造,2022,,,,,,,,,,146049000000.0,,0.046430759,7798451094.0,-1017305743.0,target_year,,,,,,,,,,SOE_target,0.047546,0.131518,25.63153334,0.066552035,0.289774151,0.789398213,0.111028195,0.168281819,0.587412612,1.197534901,0.014842728,True,CSI_nonSOE,0.040082339853331345,0.047546,-0.007463660146668653,-1090060100.7608101,0.0,1,0,,
000625.SZ,长安汽车,CSI,中央国有企业,可选消费,汽车与零配件,可选消费--汽车与零配件--汽车--汽车制造,2023,,,,,,,,,,190171127138.27,,0.054846,11327463013.15,-897343739.8,target_year,,,,,,,,,,SOE_target,0.057652,0.168174,25.707205,0.065149,0.236564,0.832473,0.151505,0.141971,0.568987,1.276767,0.00962,True,CSI_nonSOE,0.04426268265107301,0.057652,-0.01338931734892699,-2546261571.8574386,0.0,1,0,,
000625.SZ,长安汽车,CSI,中央国有企业,可选消费,汽车与零配件,可选消费--汽车与零配件--汽车--汽车制造,2024,,,,,,,,,,208168160960.86,,0.030682,7321363897.24,-934377313.05,target_year,,,,,,,,,,SOE_target,0.029237000000000003,0.098651,25.97119,0.069643,0.222276,0.871688,0.145635,0.115204,0.607284,1.268265,0.01485,True,CSI_nonSOE,0.034177836670165856,0.029237000000000003,0.004940836670165854,1028524883.2364049,1028524883.2364049,1,0,,
000625.SZ,长安汽车,CSI,中央国有企业,可选消费,汽车与零配件,可选消费--汽车与零配件--汽车--汽车制造,2025,,,,,,,,,,202961073175.76,,0.008243,4075223181.54,-2402254178.2,target_year,,,,,,,,,,SOE_target,0.007078999999999999,0.052954999999999995,26.061612,0.066776,0.204324,0.780152,0.110542,0.112265,0.620112,1.202997,0.023385,True,CSI_nonSOE,0.024411427985152737,0.007078999999999999,0.017332427985152738,3517808184.6081753,3517808184.6081753,1,0,,
000630.SZ,铜陵有色,CSI,地方国有企业,材料,有色金属,材料--有色金属--其他金属与采矿--铜,2019,,,,,,,,,,47911462040.0,,0.034936129,830519538.9,843321498.5,target_year,,,,,,,,,,SOE_target,0.044438000000000005,0.045825,24.57311927,0.107375707,0.167062795,1.778891139,0.047947434,0.423232636,0.585335866,1.105669994,0.039954446,True,CSI_nonSOE,0.14837562023553313,0.044438000000000005,0.10393762023553313,4979803346.442681,4979803346.442681,1,0,,
000630.SZ,铜陵有色,CSI,地方国有企业,材料,有色金属,材料--有色金属--其他金属与采矿--铜,2020,,,,,,,,,,52183190515.0,,0.0300009,865617570.2,699925112.8,target_year,,,,,,,,,,SOE_target,0.040757,0.046484,24.5926206,0.100133945,0.15478921,1.952838717,0.040641048,0.064143716,0.582373514,1.089014302,0.048908307,True,CSI_nonSOE,0.13574856680715947,0.040757,0.09499156680715946,4956963028.016353,4956963028.016353,1,0,,
000630.SZ,铜陵有色,CSI,地方国有企业,材料,有色金属,材料--有色金属--其他金属与采矿--铜,2021,,,,,,,,,,50840423322.0,,0.073934839,3101437394.0,657441101.1,target_year,,,,,,,,,,SOE_target,0.087515,0.152663,24.67802626,0.089422838,0.159708925,1.980398677,0.062694728,0.395146684,0.604078218,1.133379498,0.029110604,True,CSI_nonSOE,0.14228987543414157,0.087515,0.05477487543414157,2784777854.481576,2784777854.481576,1,0,,
000630.SZ,铜陵有色,CSI,地方国有企业,材料,有色金属,材料--有色金属--其他金属与采矿--铜,2022,,,,,,,,,,61435721001.0,,0.048847359,2730365503.0,270607202.3,target_year,,,,,,,,,,SOE_target,0.071308,0.116014,24.65195761,0.087482568,0.168216562,2.535307153,0.122679783,0.331032316,0.539754531,1.271506553,0.028018459,True,CSI_nonSOE,0.15249701159576048,0.071308,0.08118901159576049,4987905464.744095,4987905464.744095,1,0,,
000630.SZ,铜陵有色,CSI,地方国有企业,材料,有色金属,材料--有色金属--其他金属与采矿--铜,2023,,,,,,,,,,78245124732.45,,0.044503,2699176213.13,782997513.28,target_year,,,,,,,,,,SOE_target,0.07719999999999999,0.09441000000000001,24.841257,0.070913,0.153058,2.163998,0.238003,0.307224,0.511933,1.604722,0.022351,True,CSI_nonSOE,0.15645498451146808,0.07719999999999999,0.07925498451146809,6201316148.768213,6201316148.768213,1,0,,
000630.SZ,铜陵有色,CSI,地方国有企业,材料,有色金属,材料--有色金属--其他金属与采矿--铜,2024,,,,,,,,,,80944491696.95,,0.041541,2808595667.89,553908195.56,target_year,,,,,,,,,,SOE_target,0.076154,0.08549,25.083112,0.078795,0.159476,1.954958,0.220046,0.360623,0.495217,1.716717,0.035157,True,CSI_nonSOE,0.15318578702241753,0.076154,0.07703178702241753,6235298845.037296,6235298845.037296,1,0,,
000630.SZ,铜陵有色,CSI,地方国有企业,材料,有色金属,材料--有色金属--其他金属与采矿--铜,2025,,,,,,,,,,100206269994.18,,0.026554,2415007111.01,245854206.4,target_year,,,,,,,,,,SOE_target,0.082262,0.068151,25.117029,0.0806,0.15747,1.812794,0.223788,0.367705,0.477954,1.762476,0.053808,True,CSI_nonSOE,0.1548757241692714,0.082262,0.07261372416927139,7276350449.388923,7276350449.388923,1,0,,
000661.SZ,长春高新,CSI,地方国有企业,医疗保健,医药生物,医疗保健--医药生物--生物科技Ⅲ--生物科技Ⅳ,2019,,,,,,,,,,12721347980.0,,0.140094925,1775009197.0,7187092.75,target_year,,,,,,,,,,SOE_target,0.25021,0.265335,22.96536241,0.01666701,0.277672488,0.629372512,0.384823425,0.183556495,0.327952407,2.243198051,0.072832591,True,CSI_nonSOE,0.15146605107784666,0.25021,-0.09874394892215332,-1256156135.1580584,0.0,1,0,,
000661.SZ,长春高新,CSI,地方国有企业,医疗保健,医药生物,医疗保健--医药生物--生物科技Ⅲ--生物科技Ⅳ,2020,,,,,,,,,,16844623212.0,,0.177002842,3046586145.0,-65039965.52,target_year,,,,,,,,,,SOE_target,0.264716,0.320434,23.26654736,0.019412895,0.276190471,0.652028363,0.434200445,0.186278313,0.307653964,2.717054693,0.066412897,True,CSI_nonSOE,0.15010447455947418,0.264716,-0.11461152544052583,-1930587961.79821,0.0,1,0,,
000661.SZ,长春高新,CSI,地方国有企业,医疗保健,医药生物,医疗保健--医药生物--生物科技Ⅲ--生物科技Ⅳ,2021,,,,,,,,,,22515769521.0,,0.168378138,3757472953.0,33690395.89,target_year,,,,,,,,,,SOE_target,0.229995,0.294649,23.54729735,0.021158132,0.256105921,0.572269824,0.452061369,0.161954607,0.268417314,3.196037951,0.065130959,True,CSI_nonSOE,0.1428914033452504,0.229995,-0.0871035966547496,-1961204506.7284884,0.0,1,0,,
000661.SZ,长春高新,CSI,地方国有企业,医疗保健,医药生物,医疗保健--医药生物--生物科技Ⅲ--生物科技Ⅳ,2022,,,,,,,,,,26027589000.0,,0.160762835,4140524000.0,43745000.0,target_year,,,,,,,,,,SOE_target,0.19917300000000002,0.253845,23.83748177,0.022164402,0.230275265,0.539222704,0.455923984,0.189456247,0.234455712,3.719092909,0.099033871,True,CSI_nonSOE,0.13758197863561733,0.19917300000000002,-0.061591021364382686,-1603065790.1623719,0.0,1,0,,
000661.SZ,长春高新,CSI,地方国有企业,医疗保健,医药生物,医疗保健--医药生物--生物科技Ⅲ--生物科技Ⅳ,2023,,,,,,,,,,30743650000.0,,0.148622,4532484000.0,36691000.0,target_year,,,,,,,,,,SOE_target,0.190234,0.22592600000000002,23.982423,0.023321,0.212266,0.520244,0.441385,0.215704,0.200643,4.014785,0.080347,True,CSI_nonSOE,0.13612332655472148,0.190234,-0.05411067344527851,-1663559605.6659365,0.0,1,0,,
000661.SZ,长春高新,CSI,地方国有企业,医疗保健,医药生物,医疗保健--医药生物--生物科技Ⅲ--生物科技Ⅳ,2024,,,,,,,,,,31051118000.0,,0.084386,2583059000.0,37225000.0,target_year,,,,,,,,,,SOE_target,0.098578,0.11461299999999999,24.148949,0.024278,0.216978,0.513149,0.434749,0.220367,0.185775,3.785057,0.068203,True,CSI_nonSOE,0.1339909596931296,0.098578,0.0354129596931296,1099611990.1606112,1099611990.1606112,1,0,,
000661.SZ,长春高新,CSI,地方国有企业,医疗保健,医药生物,医疗保健--医药生物--生物科技Ⅲ--生物科技Ⅳ,2025,,,,,,,,,,30080522676.54,,0.005032,154971452.8,-3597720.1,target_year,,,,,,,,,,SOE_target,-0.000103,0.006886,24.158901,0.022221,0.230555,0.435818,0.413877,0.296122,0.159372,4.758913,0.070244,True,CSI_nonSOE,0.1307166958066663,-0.000103,0.1308196958066663,3935124826.2504907,3935124826.2504907,1,0,,
000708.SZ,中信特钢,CSI,中央国有企业,材料,钢铁Ⅱ,材料--钢铁Ⅱ--钢铁Ⅲ--钢铁Ⅳ,2019,,,,,,,,,,72585012817.0,,0.083513444,5386471751.0,675352668.3,target_year,,,,,,,,,,SOE_target,0.176222,0.363352,22.76161251,0.032712966,0.659924097,1.755051415,0.268473152,0.301352839,0.426450625,1.656608326,0.006238616,True,CSI_nonSOE,0.20622658386495418,0.176222,0.030004583864954193,2177883104.4064517,2177883104.4064517,0,1,HHI_lag,
000708.SZ,中信特钢,CSI,中央国有企业,材料,钢铁Ⅱ,材料--钢铁Ⅱ--钢铁Ⅲ--钢铁Ⅳ,2020,,,,,,,,,,77440955872.0,,0.081567321,6024490435.0,292160864.1,target_year,,,,,,,,,,SOE_target,0.100046,0.224814,25.0080243,0.169549802,0.517023931,1.795776839,-0.115890571,0.502585806,0.651765819,0.777849873,0.033710624,True,CSI_nonSOE,0.11507112935194873,0.100046,0.015025129351948732,1163560379.1153538,1163560379.1153538,1,0,,
000708.SZ,中信特钢,CSI,中央国有企业,材料,钢铁Ⅱ,材料--钢铁Ⅱ--钢铁Ⅲ--钢铁Ⅳ,2021,,,,,,,,,,84876296225.0,,0.099292685,7952600073.0,474995237.4,target_year,,,,,,,,,,SOE_target,0.117103,0.260083,25.07278162,0.17881253,0.51422962,0.990041735,-0.075179664,0.500365298,0.633460502,0.845073368,0.040993194,True,CSI_nonSOE,0.08670045645669622,0.117103,-0.03040254354330378,-2580455291.774913,0.0,1,0,,
000708.SZ,中信特钢,CSI,中央国有企业,材料,钢铁Ⅱ,材料--钢铁Ⅱ--钢铁Ⅲ--钢铁Ⅳ,2022,,,,,,,,,,90774617316.0,,0.084181709,7105382184.0,536180238.7,target_year,,,,,,,,,,SOE_target,0.10000999999999999,0.205711,25.16446069,0.177590042,0.499605416,1.192303635,-0.066566956,0.509734388,0.611580087,0.854053661,0.029734147,True,CSI_nonSOE,0.09859009426117693,0.10000999999999999,-0.0014199057388230574,-128891400.06645527,0.0,1,0,,
000708.SZ,中信特钢,CSI,中央国有企业,材料,钢铁Ⅱ,材料--钢铁Ⅱ--钢铁Ⅲ--钢铁Ⅳ,2023,,,,,,,,,,116506605547.44,,0.05531,5721189483.5,722748724.28,target_year,,,,,,,,,,SOE_target,0.063282,0.152797,25.231646,0.182756,0.520062,1.113146,0.001558,0.489854,0.598595,1.00377,0.019696,True,CSI_nonSOE,0.09854020143444366,0.063282,0.03525820143444365,4107813366.8349094,4107813366.8349094,1,0,,
000708.SZ,中信特钢,CSI,中央国有企业,材料,钢铁Ⅱ,材料--钢铁Ⅱ--钢铁Ⅲ--钢铁Ⅳ,2024,,,,,,,,,,111043379345.44,,0.053478,5125627037.63,812782921.61,target_year,,,,,,,,,,SOE_target,0.052064000000000006,0.128882,25.481214,0.215568,0.490176,1.092959,0.014667,0.464756,0.642643,1.034493,0.017144,True,CSI_nonSOE,0.08839501117044693,0.052064000000000006,0.036331011170446924,4034318255.403356,4034318255.403356,1,0,,
000708.SZ,中信特钢,CSI,中央国有企业,材料,钢铁Ⅱ,材料--钢铁Ⅱ--钢铁Ⅲ--钢铁Ⅳ,2025,,,,,,,,,,110322568610.71,,0.060174,5928668055.97,709860550.13,target_year,,,,,,,,,,SOE_target,0.071372,0.140293,25.433187,0.218923,0.484294,0.954379,0.047169,0.470685,0.605304,1.124346,0.004975,True,CSI_nonSOE,0.08934703217598043,0.071372,0.017975032175980427,1983051720.5143206,1983051720.5143206,1,0,,
000725.SZ,京东方A,CSI,地方国有企业,信息技术,硬件设备,信息技术--硬件设备--电子设备、仪器和元件--电子元件,2019,,,,,,,,,,340412000000.0,,0.013054115,1918643871.0,2525136209.0,target_year,,,,,,,,,,SOE_target,0.006793,0.02121,26.44038726,0.083290852,0.161142974,0.34395235,0.123225909,0.607117725,0.604124939,1.602046183,0.179327091,True,CSI_nonSOE,0.016830692557800925,0.006793,0.010037692557800924,3416950998.9861283,3416950998.9861283,1,0,,
000725.SZ,京东方A,CSI,地方国有企业,信息技术,硬件设备,信息技术--硬件设备--电子设备、仪器和元件--电子元件,2020,,,,,,,,,,424257000000.0,,0.018115872,5035627952.0,2650153972.0,target_year,,,,,,,,,,SOE_target,0.015936,0.050779,26.55342308,0.094918529,0.145048886,0.357514634,0.076584666,0.626190901,0.585626791,1.33262216,0.145164883,True,CSI_nonSOE,0.018802734277697644,0.015936,0.0028667342776976454,1216232084.4531698,1216232084.4531698,1,0,,
000725.SZ,京东方A,CSI,地方国有企业,信息技术,硬件设备,信息技术--硬件设备--电子设备、仪器和元件--电子元件,2021,,,,,,,,,,450233000000.0,,0.068181899,25830935500.0,4866778333.0,target_year,,,,,,,,,,SOE_target,0.087905,0.209698,26.77360478,0.096274649,0.129289002,0.351717326,0.056631111,0.630378658,0.591290624,1.228909006,0.104218327,True,CSI_nonSOE,0.01687893549967509,0.087905,-0.0710260645003249,-31978278098.17478,0.0,1,0,,
000725.SZ,京东方A,CSI,地方国有企业,信息技术,硬件设备,信息技术--硬件设备--电子设备、仪器和元件--电子元件,2022,,,,,,,,,,420562000000.0,,0.026448149,7550877790.0,3572211438.0,target_year,,,,,,,,,,SOE_target,0.004916,0.054093999999999996,26.83303018,0.123686202,0.108896372,0.498314997,0.128549125,0.57579366,0.517185639,1.559942897,0.079225595,True,CSI_nonSOE,0.038149791597896665,0.004916,0.03323379159789666,13976869861.994616,13976869861.994616,1,0,,
000725.SZ,京东方A,CSI,地方国有企业,信息技术,硬件设备,信息技术--硬件设备--电子设备、仪器和元件--电子元件,2023,,,,,,,,,,419187099795.0,,0.008821,2547435360.0,1150310546.0,target_year,,,,,,,,,,SOE_target,0.004366,0.019188,26.764858,0.093694,0.117158,0.406843,0.134489,0.592952,0.519571,1.660217,0.069902,True,CSI_nonSOE,0.03159895898813167,0.004366,0.02723295898813167,11415705097.071093,11415705097.071093,1,0,,
000725.SZ,京东方A,CSI,地方国有企业,信息技术,硬件设备,信息技术--硬件设备--电子设备、仪器和元件--电子元件,2024,,,,,,,,,,429978221541.0,,0.015228,5323248974.0,1224387370.0,target_year,,,,,,,,,,SOE_target,0.014862,0.040579000000000004,26.761583,0.090613,0.108206,0.413005,0.126493,0.572636,0.528137,1.588068,0.059181,True,CSI_nonSOE,0.02966065737046468,0.014862,0.01479865737046468,6363100377.347014,6363100377.347014,1,0,,
000725.SZ,京东方A,CSI,地方国有企业,信息技术,硬件设备,信息技术--硬件设备--电子设备、仪器和元件--电子元件,2025,,,,,,,,,,436378322803.0,,0.017631,5856966754.0,1836646802.0,target_year,,,,,,,,,,SOE_target,0.020478999999999997,0.043803999999999996,26.787,0.087283,0.114376,0.464184,0.065413,0.546687,0.524287,1.244021,0.079162,True,CSI_nonSOE,0.02841364054837235,0.020478999999999997,0.007934640548372354,3462505134.543404,3462505134.543404,1,0,,
000768.SZ,中航西飞,CSI,中央国有企业,工业,国防军工,工业--国防军工--航空航天与国防Ⅲ--航空航天,2019,,,,,,,,,,48762673248.0,,0.012683797,568852605.8,49643225.99,target_year,,,,,,,,,,SOE_target,0.013455,0.034902,24.59232877,0.388396049,0.285442207,0.753242655,0.236234078,0.115521522,0.596783173,1.405193657,0.017350223,True,CSI_nonSOE,0.04017630978505414,0.013455,0.02672130978505414,1303002497.8071802,1303002497.8071802,1,0,,
000768.SZ,中航西飞,CSI,中央国有企业,工业,国防军工,工业--国防军工--航空航天与国防Ⅲ--航空航天,2020,,,,,,,,,,58460327428.0,,0.012833044,777376665.7,-27152717.86,target_year,,,,,,,,,,SOE_target,0.018278000000000003,0.048807,24.61023096,0.366640164,0.279462147,0.708764482,0.205304523,0.096630721,0.659529328,1.32864265,0.014818499,True,CSI_nonSOE,0.027143853057185308,0.018278000000000003,0.008865853057185305,518300672.6515877,518300672.6515877,1,0,,
000768.SZ,中航西飞,CSI,中央国有企业,工业,国防军工,工业--国防军工--航空航天与国防Ⅲ--航空航天,2021,,,,,,,,,,71989049045.0,,0.009441759,652910969.4,26792284.69,target_year,,,,,,,,,,SOE_target,0.012112000000000001,0.042059,24.7916142,0.332759455,0.273615357,0.622793812,0.084209641,0.168720078,0.738183945,1.129117964,0.018325985,True,CSI_nonSOE,0.0027965759898923304,0.012112000000000001,-0.009315424010107671,-670608515.9386117,0.0,1,0,,
000768.SZ,中航西飞,CSI,中央国有企业,工业,国防军工,工业--国防军工--航空航天与国防Ⅲ--航空航天,2022,,,,,,,,,,82173551967.0,,0.004895149,523352485.0,-121100735.1,target_year,,,,,,,,,,SOE_target,0.007887,0.032837,24.99977985,0.287896095,0.271325141,0.499998192,0.051283057,0.131025938,0.781332402,1.06932487,0.009251516,True,CSI_nonSOE,-0.014292599438987794,0.007887,-0.022179599438987792,-1822576467.1069074,0.0,1,0,,
000768.SZ,中航西飞,CSI,中央国有企业,工业,国防军工,工业--国防军工--航空航天与国防Ⅲ--航空航天,2023,,,,,,,,,,80920781039.43,,0.007502,860970264.62,-253872238.01,target_year,,,,,,,,,,SOE_target,0.012524,0.048262,25.132099,0.286581,0.272876,0.482254,0.039442,0.108782,0.803657,1.050589,0.010648,True,CSI_nonSOE,-0.020059438857129575,0.012524,-0.032583438857129575,-2636677321.2694373,0.0,1,0,,
000768.SZ,中航西飞,CSI,中央国有企业,工业,国防军工,工业--国防军工--航空航天与国防Ⅲ--航空航天,2024,,,,,,,,,,73810707203.02,,0.012074,1023435524.55,-132241221.51,target_year,,,,,,,,,,SOE_target,0.01374,0.050454,25.116737,0.247662,0.247277,0.490449,0.034391,0.111253,0.75847,1.044253,0.014477,True,CSI_nonSOE,-0.022437913511368424,0.01374,-0.036177913511368426,-2670317381.403796,0.0,1,0,,
000768.SZ,中航西飞,CSI,中央国有企业,工业,国防军工,工业--国防军工--航空航天与国防Ⅲ--航空航天,2025,,,,,,,,,,77846648435.6,,0.013604,1151240411.01,-92184233.18,target_year,,,,,,,,,,SOE_target,0.016361,0.053258,25.02477,0.267949,0.253215,0.554655,0.03727,0.126676,0.71516,1.050416,0.019016,True,CSI_nonSOE,-0.010708763922861006,0.016361,-0.027069763922861007,-2107290395.3376493,0.0,1,0,,
000786.SZ,北新建材,CSI,中央国有企业,材料,建材Ⅱ,材料--建材Ⅱ--建材Ⅲ--建材Ⅳ,2019,,,,,,,,,,21463592266.0,,0.021954556,441144299.5,30079335.77,target_year,,,,,,,,,,SOE_target,0.034527999999999996,0.031249,23.60851566,0.082164854,0.736746816,0.728133542,0.186426406,0.552409337,0.193719088,2.443171724,0.087405108,True,CSI_nonSOE,0.1708609140458447,0.034527999999999996,0.1363329140458447,2926194079.515635,2926194079.515635,0,1,HHI_lag,
000786.SZ,北新建材,CSI,中央国有企业,材料,建材Ⅱ,材料--建材Ⅱ--建材Ⅲ--建材Ⅳ,2020,,,,,,,,,,22915217102.0,,0.128089923,2859866559.0,75341830.31,target_year,,,,,,,,,,SOE_target,0.15058,0.186805,23.78962395,0.072892526,0.764425084,0.668831118,0.005969725,0.558113567,0.322457519,1.020643679,0.098415159,True,CSI_nonSOE,0.13855372457003953,0.15058,-0.012026275429960459,-275584712.4059923,0.0,0,1,HHI_lag,
000786.SZ,北新建材,CSI,中央国有企业,材料,建材Ⅱ,材料--建材Ⅱ--建材Ⅲ--建材Ⅳ,2021,,,,,,,,,,26573872663.0,,0.135197922,3510191056.0,82541300.71,target_year,,,,,,,,,,SOE_target,0.153334,0.197136,23.85506703,0.081293583,0.753086611,0.748938503,0.085974085,0.556825824,0.238293646,1.403259242,0.059647758,True,CSI_nonSOE,0.15666807060243595,0.153334,0.0033340706024359568,88599167.63858481,88599167.63858481,0,1,HHI_lag,
000786.SZ,北新建材,CSI,中央国有企业,材料,建材Ⅱ,材料--建材Ⅱ--建材Ⅲ--建材Ⅳ,2022,,,,,,,,,,28604536226.0,,0.113485144,3136397898.0,109792022.4,target_year,,,,,,,,,,SOE_target,0.12256700000000001,0.157211,24.00319434,0.100137906,0.668525521,0.843240168,0.141342424,0.510095168,0.265218624,1.693275559,0.061260434,True,CSI_nonSOE,0.15762390608858734,0.12256700000000001,0.03505690608858733,1002786540.1824763,1002786540.1824763,0,1,HHI_lag,
000786.SZ,北新建材,CSI,中央国有企业,材料,建材Ⅱ,材料--建材Ⅱ--建材Ⅲ--建材Ⅳ,2023,,,,,,,,,,30660627191.82,,0.117717,3524001193.59,85282127.5,target_year,,,,,,,,,,SOE_target,0.127174,0.159022,24.076831,0.114777,0.617588,0.714546,0.199399,0.480786,0.250342,2.082374,0.045478,True,CSI_nonSOE,0.1539894761890663,0.127174,0.026815476189066295,822179318.4040878,822179318.4040878,1,0,,
000786.SZ,北新建材,CSI,中央国有企业,材料,建材Ⅱ,材料--建材Ⅱ--建材Ⅲ--建材Ⅳ,2024,,,,,,,,,,35139481982.58,,0.105885,3646942470.4,73810131.21,target_year,,,,,,,,,,SOE_target,0.12231,0.148739,24.146245,0.124756,0.650954,0.748723,0.217618,0.463646,0.225985,2.188839,0.037909,True,CSI_nonSOE,0.15823193819924858,0.12231,0.035921938199248576,1262278300.1318476,1262278300.1318476,1,0,,
000786.SZ,北新建材,CSI,中央国有企业,材料,建材Ⅱ,材料--建材Ⅱ--建材Ⅲ--建材Ⅳ,2025,,,,,,,,,,36088073943.54,,0.08132,2906380291.66,28292119.13,target_year,,,,,,,,,,SOE_target,0.092774,0.110011,24.282591,0.193215,0.525443,0.776379,0.126703,0.443899,0.239609,1.573315,0.03398,True,CSI_nonSOE,0.15443053260021483,0.092774,0.061656532600214836,2225065507.578838,2225065507.578838,1,0,,
000792.SZ,盐湖股份,CSI,中央国有企业,材料,化工,材料--化工--农用化工--化肥与农用药剂,2019,,,,,,,,,,22531500339.0,,-1.970434396,-45859976778.0,1463133525.0,target_year,,,,,,,,,,SOE_target,-0.967884,,25.04071871,0.064266966,0.192081294,0.216564189,-0.278582226,0.806404587,0.749488816,0.36481008,0.010298963,True,CSI_nonSOE,0.027470937618615993,-0.967884,0.9953549376186159,22426840114.37917,22426840114.37917,0,2,"FixedAssetsRatio_lag, CurrentRatio_lag",
000792.SZ,盐湖股份,CSI,中央国有企业,材料,化工,材料--化工--农用化工--化肥与农用药剂,2020,,,,,,,,,,20109814551.0,,0.12072931,2039507351.0,388336689.4,target_year,,,,,,,,,,SOE_target,0.153226,-0.154504,23.83818018,0.063309446,0.180537484,0.350103012,-0.888553207,0.365084577,2.290134477,0.314471187,0.020977312,True,CSI_nonSOE,0.0555601294733434,0.153226,-0.0976658705266566,-1964042544.2530408,0.0,0,2,"FinancialLeverage_lag, CurrentRatio_lag",
000792.SZ,盐湖股份,CSI,中央国有企业,材料,化工,材料--化工--农用化工--化肥与农用药剂,2021,,,,,,,,,,25267358712.0,,0.186473385,4478386640.0,233303260.0,target_year,,,,,,,,,,SOE_target,0.24559799999999998,0.6657129999999999,23.72447382,0.044384921,0.203999831,0.619101631,0.10089712,0.432346651,0.738152668,1.397826148,0.026706701,True,CSI_nonSOE,0.08992153088020716,0.24559799999999998,-0.15567646911979283,-3933533188.2673965,0.0,1,0,,
000792.SZ,盐湖股份,CSI,中央国有企业,材料,化工,材料--化工--农用化工--化肥与农用药剂,2022,,,,,,,,,,41982836045.0,,0.377563052,15564592332.0,286575396.1,target_year,,,,,,,,,,SOE_target,0.638701,0.9016689999999999,23.95277923,0.026196976,0.197245037,0.612016847,0.258214762,0.32793301,0.538918822,2.112423225,0.03199102,True,CSI_nonSOE,0.11262655199221082,0.638701,-0.5260744480077891,-22086097298.17489,0.0,1,0,,
000792.SZ,盐湖股份,CSI,中央国有企业,材料,化工,材料--化工--农用化工--化肥与农用药剂,2023,,,,,,,,,,46407287224.03,,0.166608,7913614646.24,-181785870.71,target_year,,,,,,,,,,SOE_target,0.236788,0.277208,24.460527,0.040375,0.212868,0.867661,0.494585,0.195432,0.32174,3.437173,0.016199,True,CSI_nonSOE,0.1498325382868461,0.236788,-0.08695546171315391,-4035367087.420477,0.0,1,0,,
000792.SZ,盐湖股份,CSI,中央国有企业,材料,化工,材料--化工--农用化工--化肥与农用药剂,2024,,,,,,,,,,45782850934.85,,0.098615,4663116528.38,-148225180.31,target_year,,,,,,,,,,SOE_target,0.121684,0.136187,24.560722,0.024829,0.215825,0.460211,0.452081,0.196388,0.252473,3.23378,0.020319,True,CSI_nonSOE,0.13091698931310206,0.121684,0.009232989313102055,422712573.4048145,422712573.4048145,1,0,,
000792.SZ,盐湖股份,CSI,中央国有企业,材料,化工,材料--化工--农用化工--化肥与农用药剂,2025,,,,,,,,,,55781587198.78,,0.148146,8475535262.69,-211737505.69,target_year,,,,,,,,,,SOE_target,0.137464,0.20790199999999998,24.547175,0.016693,0.213171,0.300786,0.523648,0.229043,0.135178,7.330134,0.026687,True,CSI_nonSOE,0.1300727782413462,0.137464,-0.00739122175865381,-412294081.0358676,0.0,1,0,,
000807.SZ,云铝股份,CSI,中央国有企业,材料,有色金属,材料--有色金属--其他金属与采矿--铝,2019,,,,,,,,,,39579456610.0,,0.036408062,495225700.7,945785611.3,target_year,,,,,,,,,,SOE_target,0.038792,0.051628999999999994,24.34817655,0.027430628,0.167062795,0.58682112,-0.302984394,0.62190244,0.754381207,0.463725714,0.097778035,True,CSI_nonSOE,0.06836464318386255,0.038792,0.029572643183862553,1170469147.7387002,1170469147.7387002,1,0,,
000807.SZ,云铝股份,CSI,中央国有企业,材料,有色金属,材料--有色金属--其他金属与采矿--铝,2020,,,,,,,,,,41018597713.0,,0.037772411,902555209.2,646816135.0,target_year,,,,,,,,,,SOE_target,0.033660999999999996,0.079432,24.40157605,0.025926514,0.15478921,0.622336875,-0.289221224,0.663335078,0.682322746,0.441998275,0.089439243,True,CSI_nonSOE,0.0768769743007865,0.033660999999999996,0.0432159743007865,1772658664.6193078,1772658664.6193078,1,0,,
000807.SZ,云铝股份,CSI,中央国有企业,材料,有色金属,材料--有色金属--其他金属与采矿--铝,2021,,,,,,,,,,37837121415.0,,0.103262874,3319026415.0,588143490.6,target_year,,,,,,,,,,SOE_target,0.118904,0.22129000000000001,24.4372914,0.026430521,0.159708925,0.726936071,-0.275514356,0.73416272,0.664574167,0.348730522,0.128882093,True,CSI_nonSOE,0.08359109684392461,0.118904,-0.03531290315607538,-1336138604.2325609,0.0,0,1,CurrentRatio_lag,
000807.SZ,云铝股份,CSI,中央国有企业,材料,有色金属,材料--有色金属--其他金属与采矿--铝,2022,,,,,,,,,,39059473292.0,,0.123982697,4568644918.0,274053905.3,target_year,,,,,,,,,,SOE_target,0.159689,0.22537600000000002,24.35655651,0.027692993,0.168216562,1.048534058,-0.118291959,0.73601922,0.447359166,0.544969442,0.033677016,True,CSI_nonSOE,0.13155403713243793,0.159689,-0.028134962867562063,-1098936830.696952,0.0,1,0,,
000807.SZ,云铝股份,CSI,中央国有企业,材料,有色金属,材料--有色金属--其他金属与采矿--铝,2023,,,,,,,,,,39309705821.93,,0.103436,3955771178.74,110284499.19,target_year,,,,,,,,,,SOE_target,0.141472,0.16454899999999997,24.388351,0.028078,0.153058,1.251062,-0.020505,0.639861,0.352871,0.911469,0.024668,True,CSI_nonSOE,0.15917870804427747,0.141472,0.017706708044277486,696045484.2953495,696045484.2953495,1,0,,
000807.SZ,云铝股份,CSI,中央国有企业,材料,有色金属,材料--有色金属--其他金属与采矿--铝,2024,,,,,,,,,,41901504028.87,,0.105837,4411670800.53,23060223.52,target_year,,,,,,,,,,SOE_target,0.147651,0.163245,24.394737,0.024418,0.159476,1.079805,0.096094,0.600554,0.255987,1.620727,0.018647,True,CSI_nonSOE,0.16696127704802824,0.147651,0.019310277048028235,809129651.526551,809129651.526551,1,0,,
000807.SZ,云铝股份,CSI,中央国有企业,材料,有色金属,材料--有色金属--其他金属与采矿--铝,2025,,,,,,,,,,44175520008.47,,0.136401,6054686552.59,-29118803.1,target_year,,,,,,,,,,SOE_target,0.200353,0.200643,24.458588,0.030201,0.15747,1.33148,0.174647,0.533549,0.232785,2.02867,0.015705,True,CSI_nonSOE,0.1840908272193254,0.200353,-0.0162621727806746,-718389939.053887,0.0,1,0,,
000858.SZ,五粮液,CSI,地方国有企业,日常消费,食品饮料,日常消费--食品饮料--饮料--白酒与葡萄酒,2019,,,,,,,,,,106397000000.0,,0.163558829,17402164190.0,0.0,target_year,,,,,,,,,,SOE_target,0.235747,0.252612,25.17870865,0.051088045,0.118716357,0.434624476,0.66673842,0.065199925,0.243626288,3.772013974,0.004429813,True,CSI_nonSOE,0.13109674239384977,0.235747,-0.10465025760615024,-11134473458.521566,0.0,1,0,,
000858.SZ,五粮液,CSI,地方国有企业,日常消费,食品饮料,日常消费--食品饮料--饮料--白酒与葡萄酒,2020,,,,,,,,,,113893000000.0,,0.162163327,19954809595.0,-1485519200.0,target_year,,,,,,,,,,SOE_target,0.251291,0.24944,25.39044296,0.056293889,0.109737598,0.448163389,0.625884029,0.065045193,0.284791231,3.217181758,0.015965258,True,CSI_nonSOE,0.12070134273179886,0.251291,-0.13058965726820113,-14873247835.24723,0.0,1,0,,
000858.SZ,五粮液,CSI,地方国有企业,日常消费,食品饮料,日常消费--食品饮料--饮料--白酒与葡萄酒,2021,,,,,,,,,,135621000000.0,,0.159602143,23377074353.0,-1731702085.0,target_year,,,,,,,,,,SOE_target,0.260109,0.253034,25.45852647,0.054280467,0.106852675,0.446944355,0.671477934,0.064523911,0.22946854,3.955172532,0.008725373,True,CSI_nonSOE,0.1265434500177182,0.260109,-0.1335655499822818,-18114293454.147038,0.0,1,0,,
000858.SZ,五粮液,CSI,地方国有企业,日常消费,食品饮料,日常消费--食品饮料--饮料--白酒与葡萄酒,2022,,,,,,,,,,152715000000.0,,0.161505774,26690661397.0,-2026351048.0,target_year,,,,,,,,,,SOE_target,0.257363,0.250507,25.63312868,0.054352346,0.106913309,0.452234076,0.652717866,0.060860503,0.25238699,3.633364619,0.011348768,True,CSI_nonSOE,0.11927741961696743,0.257363,-0.1380855803830326,-21087739408.19482,0.0,1,0,,
000858.SZ,五粮液,CSI,地方国有企业,日常消费,食品饮料,日常消费--食品饮料--饮料--白酒与葡萄酒,2023,,,,,,,,,,165432981684.75,,0.167666,30210585269.3,-2473170676.27,target_year,,,,,,,,,,SOE_target,0.263479,0.248051,25.751837,0.051826,0.105461,0.438516,0.666646,0.059486,0.235934,3.84701,0.011659,True,CSI_nonSOE,0.11775336249287695,0.263479,-0.14572563750712308,-24107826720.714413,0.0,1,0,,
000858.SZ,五粮液,CSI,地方国有企业,日常消费,食品饮料,日常消费--食品饮料--饮料--白酒与葡萄酒,2024,,,,,,,,,,188252218704.17,,0.154153,31853172533.98,-2833530840.46,target_year,,,,,,,,,,SOE_target,0.233709,0.242374,25.831832,0.055907,0.100594,0.444701,0.692118,0.065353,0.199982,4.503309,0.017876,True,CSI_nonSOE,0.12074227371677365,0.233709,-0.11296672628322635,-21266236862.564037,0.0,1,0,,
000858.SZ,五粮液,CSI,地方国有企业,日常消费,食品饮料,日常消费--食品饮料--饮料--白酒与葡萄酒,2025,,,,,,,,,,189984270815.47,,0.033122,8954257202.51,-2661630589.09,target_year,,,,,,,,,,SOE_target,0.05043,0.070724,25.961048,0.059607,0.097008,0.43052,0.609591,0.06936,0.275468,3.248964,0.014164,True,CSI_nonSOE,0.10598033182403663,0.05043,0.055550331824036625,10553689285.146996,10553689285.146996,1,0,,
000975.SZ,山金国际,CSI,地方国有企业,材料,有色金属,材料--有色金属--贵金属--黄金,2019,,,,,,,,,,11885793700.0,,0.07517066,864165428.9,29297524.57,target_year,,,,,,,,,,SOE_target,0.106521,0.099397,23.09193917,0.006000051,0.167062795,0.585413213,0.108609477,0.260657273,0.120655521,3.221219308,0.063739343,True,CSI_nonSOE,0.17315930453156614,0.106521,0.06663830453156613,792049140.1799701,792049140.1799701,1,0,,
000975.SZ,山金国际,CSI,地方国有企业,材料,有色金属,材料--有色金属--贵金属--黄金,2020,,,,,,,,,,12906755770.0,,0.09964649,1242446761.0,43666152.27,target_year,,,,,,,,,,SOE_target,0.142065,0.131214,23.19860972,0.005455011,0.15478921,0.447325565,0.091789189,0.252350115,0.1493012,2.019578707,0.053587837,True,CSI_nonSOE,0.16197876822778234,0.142065,0.019913768227782347,257022142.97637248,257022142.97637248,1,0,,
000975.SZ,山金国际,CSI,地方国有企业,材料,有色金属,材料--有色金属--贵金属--黄金,2021,,,,,,,,,,15933256367.0,,0.084137949,1273338699.0,67252814.69,target_year,,,,,,,,,,SOE_target,0.127921,0.125104,23.28101671,0.006961481,0.159708925,0.622437169,0.214098407,0.231175705,0.142596114,3.360518547,0.046767807,True,CSI_nonSOE,0.17403986880541755,0.127921,0.046118868805417546,734823760.0327568,734823760.0327568,1,0,,
000975.SZ,山金国际,CSI,地方国有企业,材料,有色金属,材料--有色金属--贵金属--黄金,2022,,,,,,,,,,16163564000.0,,0.073385486,1125812000.0,60359000.0,target_year,,,,,,,,,,SOE_target,0.10418,0.10532,23.49167436,0.005936039,0.168216562,0.614535754,0.10977772,0.202924251,0.225597952,1.566330908,0.045088538,True,CSI_nonSOE,0.15547023595890463,0.10418,0.05129023595890464,829033011.4968566,829033011.4968566,1,0,,
000975.SZ,山金国际,CSI,地方国有企业,材料,有色金属,材料--有色金属--贵金属--黄金,2023,,,,,,,,,,16298949000.0,,0.089989,1421924000.0,44806000.0,target_year,,,,,,,,,,SOE_target,0.13109400000000002,0.12654400000000002,23.506025,0.004888,0.153058,0.521745,0.167537,0.196757,0.215565,1.910269,0.037655,True,CSI_nonSOE,0.15422272036561344,0.13109400000000002,0.02312872036561342,376973833.6743945,376973833.6743945,1,0,,
000975.SZ,山金国际,CSI,地方国有企业,材料,有色金属,材料--有色金属--贵金属--黄金,2024,,,,,,,,,,18189090000.0,,0.122639,2179961000.0,50737000.0,target_year,,,,,,,,,,SOE_target,0.187452,0.177654,23.514366,0.004672,0.159476,0.498719,0.220944,0.191747,0.179785,2.49648,0.037722,True,CSI_nonSOE,0.15902839955591502,0.187452,-0.028423600444084984,-516999426.60150176,0.0,1,0,,
000975.SZ,山金国际,CSI,地方国有企业,材料,有色金属,材料--有色金属--贵金属--黄金,2025,,,,,,,,,,20625469000.0,,0.147424,2983616000.0,57075000.0,target_year,,,,,,,,,,SOE_target,0.223768,0.213887,23.624088,0.007586,0.15747,0.787544,0.201765,0.189844,0.185674,2.979621,0.037812,True,CSI_nonSOE,0.16807795070877773,0.223768,-0.05569004929122226,-1148633385.2645767,0.0,1,0,,
000977.SZ,浪潮信息,CSI,地方国有企业,信息技术,硬件设备,信息技术--硬件设备--电脑与外围设备--电脑硬件、储存设备及电脑周边,2019,,,,,,,,,,29409085017.0,,0.037688036,928747236.9,179623428.5,target_year,,,,,,,,,,SOE_target,0.04292,0.098164,23.96582976,0.040540726,0.161142974,2.156699725,0.301689676,0.028343674,0.636328198,1.491094523,0.016350809,True,CSI_nonSOE,0.12115383811353106,0.04292,0.07823383811353106,2300785596.28705,2300785596.28705,1,0,,
000977.SZ,浪潮信息,CSI,地方国有企业,信息技术,硬件设备,信息技术--硬件设备--电脑与外围设备--电脑硬件、储存设备及电脑周边,2020,,,,,,,,,,38322865651.0,,0.041773216,1466448648.0,134420695.4,target_year,,,,,,,,,,SOE_target,0.049766000000000005,0.120228,24.10456948,0.042483394,0.145048886,1.874633229,0.290731222,0.032415912,0.649488665,1.464589021,0.014801985,True,CSI_nonSOE,0.11565583704205426,0.049766000000000005,0.06588983704205426,2525087372.7289286,2525087372.7289286,1,0,,
000977.SZ,浪潮信息,CSI,地方国有企业,信息技术,硬件设备,信息技术--硬件设备--电脑与外围设备--电脑硬件、储存设备及电脑周边,2021,,,,,,,,,,46208162563.0,,0.04202014,2002738392.0,-61064951.14,target_year,,,,,,,,,,SOE_target,0.051094999999999995,0.13527799999999998,24.36931257,0.045065608,0.129289002,1.858689999,0.343874087,0.028221106,0.613086076,1.583032018,0.011722936,True,CSI_nonSOE,0.1170379851314828,0.051094999999999995,0.0659429851314828,3047104176.8450494,3047104176.8450494,1,0,,
000977.SZ,浪潮信息,CSI,地方国有企业,信息技术,硬件设备,信息技术--硬件设备--电脑与外围设备--电脑硬件、储存设备及电脑周边,2022,,,,,,,,,,41013425652.0,,0.05949463,2080350926.0,359727643.5,target_year,,,,,,,,,,SOE_target,0.054576,0.128312,24.5564223,0.038013817,0.108896372,1.584391783,0.326724134,0.023823108,0.663142179,1.526799066,0.004217095,True,CSI_nonSOE,0.10350303233587849,0.054576,0.04892703233587849,2006665203.080552,2006665203.080552,1,0,,
000977.SZ,浪潮信息,CSI,地方国有企业,信息技术,硬件设备,信息技术--硬件设备--电脑与外围设备--电脑硬件、储存设备及电脑周边,2023,,,,,,,,,,48119624861.79,,0.032838,1782784322.91,-202647157.47,target_year,,,,,,,,,,SOE_target,0.040993,0.101262,24.437165,0.036718,0.117158,1.591817,0.461711,0.050139,0.570415,2.015704,0.0274,True,CSI_nonSOE,0.12699790777881367,0.040993,0.08600490777881367,4138523898.589359,4138523898.589359,1,0,,
000977.SZ,浪潮信息,CSI,地方国有企业,信息技术,硬件设备,信息技术--硬件设备--电脑与外围设备--电脑硬件、储存设备及电脑周边,2024,,,,,,,,,,71191039667.42,,0.027486,2291764648.21,-335008121.3,target_year,,,,,,,,,,SOE_target,0.033993999999999996,0.120797,24.596956,0.034337,0.108206,1.474483,0.481204,0.045664,0.620018,2.088979,0.006379,True,CSI_nonSOE,0.11171572480113581,0.033993999999999996,0.07772172480113582,5533090393.33796,5533090393.33796,1,0,,
000977.SZ,浪潮信息,CSI,地方国有企业,信息技术,硬件设备,信息技术--硬件设备--电脑与外围设备--电脑硬件、储存设备及电脑周边,2025,,,,,,,,,,83793847851.87,,0.028827,2412866308.76,2667767.42,target_year,,,,,,,,,,SOE_target,0.031889,0.115566,24.988633,0.050763,0.114376,1.921439,0.310051,0.04049,0.714421,1.495676,0.003481,True,CSI_nonSOE,0.08805513997549953,0.031889,0.05616613997549953,4706376987.533841,4706376987.533841,1,0,,
000983.SZ,山西焦煤,CSI,地方国有企业,能源,煤炭Ⅱ,能源--煤炭Ⅱ--煤炭Ⅲ--煤炭与消费用燃料,2019,,,,,,,,,,65113270693.0,,0.03869515,1710215168.0,809352580.3,target_year,,,,,,,,,,SOE_target,0.058545999999999994,0.08498599999999999,24.8985198,0.059259446,0.3281903,0.502277248,-0.103609553,0.529823201,0.640113458,0.713464277,0.046575521,True,CSI_nonSOE,0.05326606737316389,0.058545999999999994,-0.005279932626836105,-343793682.37198186,0.0,1,0,,
000983.SZ,山西焦煤,CSI,地方国有企业,能源,煤炭Ⅱ,能源--煤炭Ⅱ--煤炭Ⅲ--煤炭与消费用燃料,2020,,,,,,,,,,70610618879.0,,0.040261809,1956303613.0,886607623.1,target_year,,,,,,,,,,SOE_target,0.045820999999999994,0.09989,24.89939422,0.058447923,0.293470907,0.48523943,-0.119586599,0.553156077,0.644768604,0.661625678,0.02959785,True,CSI_nonSOE,0.05141244721524422,0.045820999999999994,0.005591447215244225,394815548.2976558,394815548.2976558,1,0,,
000983.SZ,山西焦煤,CSI,地方国有企业,能源,煤炭Ⅱ,能源--煤炭Ⅱ--煤炭Ⅲ--煤炭与消费用燃料,2021,,,,,,,,,,70497875041.0,,0.072416902,4165827696.0,939410007.2,target_year,,,,,,,,,,SOE_target,0.099619,0.201847,24.98044638,0.057059504,0.275297772,0.476354949,-0.24679589,0.530942252,0.692119478,0.464785942,0.038402857,True,CSI_nonSOE,0.04026745848589941,0.099619,-0.05935154151410059,-4184157557.1517873,0.0,1,0,,
000983.SZ,山西焦煤,CSI,地方国有企业,能源,煤炭Ⅱ,能源--煤炭Ⅱ--煤炭Ⅲ--煤炭与消费用燃料,2022,,,,,,,,,,95737794132.0,,0.124064922,10721933349.0,1155768633.0,target_year,,,,,,,,,,SOE_target,0.216608,0.38567599999999996,24.97884841,0.049903043,0.269530745,0.609342145,-0.177627946,0.523040164,0.631336619,0.553832026,0.018967371,True,CSI_nonSOE,0.05399928628137601,0.216608,-0.16260871371862398,-15567799558.062946,0.0,1,0,,
000983.SZ,山西焦煤,CSI,地方国有企业,能源,煤炭Ⅱ,能源--煤炭Ⅱ--煤炭Ⅲ--煤炭与消费用燃料,2023,,,,,,,,,,93603512358.87,,0.080743,6771368105.86,786470973.18,target_year,,,,,,,,,,SOE_target,0.123025,0.191651,25.284879,0.066477,0.250024,0.743502,-0.025689,0.428424,0.549948,0.916079,0.018929,True,CSI_nonSOE,0.06951397631109962,0.123025,-0.05351102368890037,-5008819767.199771,0.0,1,0,,
000983.SZ,山西焦煤,CSI,地方国有企业,能源,煤炭Ⅱ,能源--煤炭Ⅱ--煤炭Ⅲ--煤炭与消费用燃料,2024,,,,,,,,,,109949187629.7,,0.034092,3108028389.69,640396035.42,target_year,,,,,,,,,,SOE_target,0.061924,0.084156,25.262334,0.061179,0.263234,0.555554,0.020376,0.421542,0.484602,1.076753,0.022016,True,CSI_nonSOE,0.07040037174317197,0.061924,0.008476371743171972,931970187.2091024,931970187.2091024,1,0,,
000983.SZ,山西焦煤,CSI,地方国有企业,能源,煤炭Ⅱ,能源--煤炭Ⅱ--煤炭Ⅲ--煤炭与消费用燃料,2025,,,,,,,,,,108847567597.08,,0.018728,1200774988.79,837775063.92,target_year,,,,,,,,,,SOE_target,0.037017,0.033287,25.423284,0.049378,0.263097,0.417832,-0.053984,0.346475,0.573686,0.768558,0.241579,True,CSI_nonSOE,0.04019834640262916,0.037017,0.0031813464026291607,346281817.6099049,346281817.6099049,1,0,,
000999.SZ,华润三九,CSI,中央国有企业,医疗保健,医药生物,医疗保健--医药生物--制药--中药,2019,,,,,,,,,,20103525732.0,,0.105300023,2112494768.0,4406951.57,target_year,,,,,,,,,,SOE_target,0.133755,0.18062,23.61529911,0.04173358,0.277672488,0.771928981,0.125343609,0.195562013,0.380558016,1.35777995,0.033297761,True,CSI_nonSOE,0.12312092760225347,0.133755,-0.010634072397746538,-213782348.08404848,0.0,1,0,,
000999.SZ,华润三九,CSI,中央国有企业,医疗保健,医药生物,医疗保健--医药生物--制药--中药,2020,,,,,,,,,,22010147281.0,,0.069982153,1597489175.0,-57171685.38,target_year,,,,,,,,,,SOE_target,0.097803,0.12152400000000001,23.72416105,0.038998338,0.276190471,0.760297773,0.179053709,0.179562889,0.359222949,1.537802175,0.026660352,True,CSI_nonSOE,0.12502999065714732,0.097803,0.027226990657147315,599270074.3822234,599270074.3822234,1,0,,
000999.SZ,华润三九,CSI,中央国有企业,医疗保健,医药生物,医疗保健--医药生物--制药--中药,2021,,,,,,,,,,24307980617.0,,0.084751379,2046867983.0,13266897.53,target_year,,,,,,,,,,SOE_target,0.102566,0.14111700000000002,23.81476942,0.03366772,0.256105921,0.639302281,0.164913637,0.171159093,0.361247168,1.497537633,0.028251688,True,CSI_nonSOE,0.11458055048512096,0.102566,0.012014550485120956,292049460.31428814,292049460.31428814,1,0,,
000999.SZ,华润三九,CSI,中央国有企业,医疗保健,医药生物,医疗保健--医药生物--制药--中药,2022,,,,,,,,,,27122781699.0,,0.09048886,2448802103.0,5507490.71,target_year,,,,,,,,,,SOE_target,0.11524,0.151666,23.91407055,0.031571534,0.230275265,0.652703975,0.193473943,0.169028884,0.353598528,1.604848529,0.035823623,True,CSI_nonSOE,0.11514931590932898,0.11524,-9.06840906710199e-05,-2459604.794842395,0.0,1,0,,
000999.SZ,华润三九,CSI,中央国有企业,医疗保健,医药生物,医疗保健--医药生物--制药--中药,2023,,,,,,,,,,40148455933.08,,0.070457,2852931664.85,-24191715.87,target_year,,,,,,,,,,SOE_target,0.11162100000000001,0.158599,24.02364,0.033008,0.212266,0.695008,0.122251,0.172172,0.353554,1.382325,0.035084,True,CSI_nonSOE,0.11043391762707079,0.11162100000000001,-0.0011870823729292213,-47659524.33848488,0.0,1,0,,
000999.SZ,华润三九,CSI,中央国有企业,医疗保健,医药生物,医疗保健--医药生物--制药--中药,2024,,,,,,,,,,40081972320.77,,0.083421,3367888968.2,-24191376.44,target_year,,,,,,,,,,SOE_target,0.11451,0.173289,24.41585,0.040776,0.216978,0.727326,0.238491,0.159934,0.395696,1.739557,0.021351,True,CSI_nonSOE,0.10478058860548956,0.11451,-0.009729411394510445,-389973998.2121519,0.0,1,0,,
000999.SZ,华润三九,CSI,中央国有企业,医疗保健,医药生物,医疗保健--医药生物--制药--中药,2025,,,,,,,,,,58804678665.86,,0.058771,3421001213.82,34997438.73,target_year,,,,,,,,,,SOE_target,0.099085,0.162615,24.414193,0.045087,0.230555,0.681084,0.206336,0.160639,0.369883,1.607876,0.019711,True,CSI_nonSOE,0.10404728543239795,0.099085,0.004962285432397948,291805600.3004395,291805600.3004395,1,0,,
001391.SZ,国货航,CSI,中央国有企业,工业,交通运输,工业--交通运输--航空运输--航空货运与物流,2019,,,,,,,,,,15534419800.0,,0.042836418,472448900.0,192990000.0,target_year,,,,,,,,,,SOE_target,0.045141,,,,0.111099702,,,,,,,True,CSI_nonSOE,0.0719172889875604,0.045141,0.026776288987560404,415954113.8188803,415954113.8188803,1,0,,
001391.SZ,国货航,CSI,中央国有企业,工业,交通运输,工业--交通运输--航空运输--航空货运与物流,2021,,,,,,,,,,24788731227.0,,0.173336656,4342337250.0,-45541466.0,target_year,,,,,,,,,,SOE_target,0.23220600000000002,,,,0.123286456,,,,,,,True,CSI_nonSOE,0.07196179912603633,0.23220600000000002,-0.16024420087396368,-3972250426.150084,0.0,1,0,,
001391.SZ,国货航,CSI,中央国有企业,工业,交通运输,工业--交通运输--航空运输--航空货运与物流,2022,,,,,,,,,,21243507964.0,,0.143764567,3108357541.0,-54293807.0,target_year,,,,,,,,,,SOE_target,0.17939699999999997,0.16931100000000002,23.933655,0.02197836,0.15352339,,0.379038722,0.215196887,0.271153714,2.935428866,0.026891053,True,CSI_nonSOE,0.10856059360229738,0.17939699999999997,-0.0708364063977026,-1504813763.4507356,0.0,1,0,,
001391.SZ,国货航,CSI,中央国有企业,工业,交通运输,工业--交通运输--航空运输--航空货运与物流,2023,,,,,,,,,,22822973085.0,,0.047164,1153435927.0,-77014538.0,target_year,,,,,,,,,,SOE_target,0.068141,0.060203,23.779317,0.019592,0.180808,0.999573,0.297946,0.538575,0.121361,3.59115,0.155102,True,CSI_nonSOE,0.15074045332161018,0.068141,0.08259945332161019,1885165099.9948232,1885165099.9948232,1,0,,
001391.SZ,国货航,CSI,中央国有企业,工业,交通运输,工业--交通运输--航空运输--航空货运与物流,2024,,,,,,,,,,27618399131.0,,0.069199,1953257457.0,-42086328.0,target_year,,,,,,,,,,SOE_target,0.10135899999999999,0.088254,23.851033,0.012225,0.114556,0.674444,0.251862,0.558371,0.138159,2.969242,0.103475,True,CSI_nonSOE,0.12849575040886346,0.10135899999999999,0.027136750408863472,749473603.9103189,749473603.9103189,1,0,,
001391.SZ,国货航,CSI,中央国有企业,工业,交通运输,工业--交通运输--航空运输--航空货运与物流,2025,,,,,,,,,,29952962908.0,,0.08515,2584694178.0,-34187709.0,target_year,,,,,,,,,,SOE_target,0.118423,0.100481,24.041748,0.014765,0.116886,0.813211,0.233523,0.611545,0.108932,3.211667,0.198638,True,CSI_nonSOE,0.13425756351774415,0.118423,0.01583456351774415,474292093.7113605,474292093.7113605,1,0,,
001965.SZ,招商公路,CSI,中央国有企业,工业,交通运输,工业--交通运输--交通基础设施--公路与铁路,2019,,,,,,,,,,90913208562.0,,0.059938124,4326608089.0,1122559092.0,target_year,,,,,,,,,,SOE_target,0.071666,0.09117800000000001,25.15508515,0.007713308,0.111099702,0.090021592,0.056932892,0.045612335,0.407746891,1.696921213,0.009043163,True,CSI_nonSOE,0.01249083453976814,0.071666,-0.059175165460231854,-5379804159.176917,0.0,0,1,AssetTurnover_lag,
001965.SZ,招商公路,CSI,中央国有企业,工业,交通运输,工业--交通运输--交通基础设施--公路与铁路,2020,,,,,,,,,,94009174839.0,,0.033919866,2222601822.0,966176753.5,target_year,,,,,,,,,,SOE_target,0.03342,0.04258,25.23317114,0.008400459,0.108646931,0.09291301,-0.003307272,0.050382008,0.406707967,0.97310803,0.009187505,True,CSI_nonSOE,0.008831197801260904,0.03342,-0.024588802198739095,-2311573004.982851,0.0,0,1,AssetTurnover_lag,
001965.SZ,招商公路,CSI,中央国有企业,工业,交通运输,工业--交通运输--交通基础设施--公路与铁路,2021,,,,,,,,,,98320774958.0,,0.061230895,4972822293.0,1047446772.0,target_year,,,,,,,,,,SOE_target,0.06995599999999999,0.08779400000000001,25.26665822,0.008809883,0.123286456,0.075800048,-0.00149945,0.019860883,0.36459679,0.987251125,0.015828155,True,CSI_nonSOE,0.012342045387481404,0.06995599999999999,-0.057613954612518586,-5664648665.897866,0.0,0,1,AssetTurnover_lag,
001965.SZ,招商公路,CSI,中央国有企业,工业,交通运输,工业--交通运输--交通基础设施--公路与铁路,2022,,,,,,,,,,114930000000.0,,0.052447643,4860696357.0,1167125891.0,target_year,,,,,,,,,,SOE_target,0.061221,0.081785,25.31150118,0.007791528,0.15352339,0.089198821,0.019274683,0.013068903,0.355978857,1.194678539,0.007807129,True,CSI_nonSOE,0.01318819848033749,0.061221,-0.04803280151966251,-5520409878.654812,0.0,0,1,AssetTurnover_lag,
001965.SZ,招商公路,CSI,中央国有企业,工业,交通运输,工业--交通运输--交通基础设施--公路与铁路,2023,,,,,,,,,,157482240634.0,,0.04975,6766648808.34,1068097868.94,target_year,,,,,,,,,,SOE_target,0.055831,0.107759,25.467592,0.007022,0.180808,0.077335,0.020497,0.022904,0.411244,1.242257,0.00651,True,CSI_nonSOE,0.002676780159974884,0.055831,-0.053154219840025115,-8370845639.559372,0.0,0,1,AssetTurnover_lag,
001965.SZ,招商公路,CSI,中央国有企业,工业,交通运输,工业--交通运输--交通基础设施--公路与铁路,2024,,,,,,,,,,159169493582.77,,0.044243,5322235002.26,1719972397.54,target_year,,,,,,,,,,SOE_target,0.051401,0.078106,25.782579,0.007952,0.114556,0.070969,-0.017386,0.017005,0.478429,0.840921,0.003422,True,CSI_nonSOE,-0.014996850349397656,0.051401,-0.06639785034939766,-10568512215.098173,0.0,0,1,AssetTurnover_lag,
001965.SZ,招商公路,CSI,中央国有企业,工业,交通运输,工业--交通运输--交通基础设施--公路与铁路,2025,,,,,,,,,,162418433553.48,,0.037371,4610171908.56,1459611131.01,target_year,,,,,,,,,,SOE_target,0.044155,0.063367,25.793235,0.009094,0.116886,0.079781,-0.007712,0.017504,0.442218,0.924368,0.007846,True,CSI_nonSOE,-0.010309024713670872,0.044155,-0.05446402471367087,-8845961579.012445,0.0,0,1,AssetTurnover_lag,
001979.SZ,招商蛇口,CSI,中央国有企业,房地产,房地产Ⅱ,房地产--房地产Ⅱ--房地产管理和开发--房地产开发,2019,,,,,,,,,,617688000000.0,,0.034086554,16033175796.0,5021682731.0,target_year,,,,,,,,,,SOE_target,0.055381,0.187792,26.77116139,0.141473583,0.396279334,0.211561663,0.292567645,0.010202086,0.742776076,1.536916159,0.006545233,True,CSI_nonSOE,0.0001173906227066035,0.055381,-0.055263609377293396,-34135668349.041603,0.0,1,0,,
001979.SZ,招商蛇口,CSI,中央国有企业,房地产,房地产Ⅱ,房地产--房地产Ⅱ--房地产管理和开发--房地产开发,2020,,,,,,,,,,737157000000.0,,0.019638475,12252864765.0,2223781385.0,target_year,,,,,,,,,,SOE_target,0.035590000000000004,0.124892,27.14924946,0.12998211,0.408200157,0.169990492,0.295036879,0.008785172,0.631900839,1.617747812,0.013126974,True,CSI_nonSOE,0.012396870246994401,0.035590000000000004,-0.023193129753005602,-17096977949.336351,0.0,0,1,FirmSize_lag,
001979.SZ,招商蛇口,CSI,中央国有企业,房地产,房地产Ⅱ,房地产--房地产Ⅱ--房地产管理和开发--房地产开发,2021,,,,,,,,,,856203000000.0,,0.014457167,10372254169.0,2006020943.0,target_year,,,,,,,,,,SOE_target,0.028672,0.098764,27.32606719,0.156661588,0.406330004,0.177979167,0.273672431,0.007235794,0.656305197,1.539718382,0.00574289,True,CSI_nonSOE,0.010070098428654015,0.028672,-0.018601901571345985,-15927003931.091146,0.0,0,1,FirmSize_lag,
001979.SZ,招商蛇口,CSI,中央国有企业,房地产,房地产Ⅱ,房地产--房地产Ⅱ--房地产管理和开发--房地产开发,2022,,,,,,,,,,886471000000.0,,0.007021038,4264079663.0,1959869316.0,target_year,,,,,,,,,,SOE_target,0.018153,0.040536,27.47577374,0.172074602,0.390202805,0.189489882,0.262764191,0.011327641,0.676764653,1.52555683,0.0116882,True,CSI_nonSOE,0.0079496211965574,0.018153,-0.0102033788034426,-9044999411.266565,0.0,0,1,FirmSize_lag,
001979.SZ,招商蛇口,CSI,中央国有企业,房地产,房地产Ⅱ,房地产--房地产Ⅱ--房地产管理和开发--房地产开发,2023,,,,,,,,,,908508499680.74,,0.00796,6319420453.25,912224693.84,target_year,,,,,,,,,,SOE_target,0.015586,0.057077,27.510515,0.18421,0.393852,0.201091,0.260897,0.01312,0.679132,1.545582,0.006782,True,CSI_nonSOE,0.008346175198861855,0.015586,-0.007239824801138144,-6577442368.033427,0.0,0,1,FirmSize_lag,
001979.SZ,招商蛇口,CSI,中央国有企业,房地产,房地产Ⅱ,房地产--房地产Ⅱ--房地产管理和开发--房地产开发,2024,,,,,,,,,,860308816014.37,,0.006952,4038571564.37,1942659762.13,target_year,,,,,,,,,,SOE_target,0.010278,0.035007,27.53507,0.17276,0.37554,0.188138,0.261897,0.01386,0.673431,1.558504,0.007254,True,CSI_nonSOE,0.008209439617647585,0.010278,-0.002068560382352416,-1779600733.3958395,0.0,0,1,FirmSize_lag,
001979.SZ,招商蛇口,CSI,中央国有企业,房地产,房地产Ⅱ,房地产--房地产Ⅱ--房地产管理和开发--房地产开发,2025,,,,,,,,,,835411599109.07,,0.004229,1023784320.62,2509145230.18,target_year,,,,,,,,,,SOE_target,0.00907,0.009812999999999999,27.480557,0.208506,0.353891,0.1945,0.264855,0.014261,0.666696,1.589833,0.006629,True,CSI_nonSOE,0.011657542285357508,0.00907,0.0025875422853575084,2161662838.3728533,2161662838.3728533,0,1,FirmSize_lag,
002179.SZ,中航光电,CSI,中央国有企业,信息技术,硬件设备,信息技术--硬件设备--电子设备、仪器和元件--电子元件,2019,,,,,,,,,,15131869545.0,,0.077037356,1071086932.0,94632283.43,target_year,,,,,,,,,,SOE_target,0.091645,0.150748,23.30997577,0.006730782,0.161142974,0.667734363,0.397305769,0.144004702,0.505436967,1.950453535,0.021050843,True,CSI_nonSOE,0.11064343033605721,0.091645,0.018998430336057207,287481769.40498817,287481769.40498817,1,0,,
002179.SZ,中航光电,CSI,中央国有企业,信息技术,硬件设备,信息技术--硬件设备--电子设备、仪器和元件--电子元件,2020,,,,,,,,,,19218418866.0,,0.079804927,1439082432.0,94642079.01,target_year,,,,,,,,,,SOE_target,0.09787900000000001,0.160768,23.44006892,0.00751972,0.145048886,0.642297355,0.413336206,0.146526993,0.422841836,2.042361086,0.019416101,True,CSI_nonSOE,0.11715127897280528,0.09787900000000001,0.01927227897280527,370382729.80177593,370382729.80177593,1,0,,
002179.SZ,中航光电,CSI,中央国有企业,信息技术,硬件设备,信息技术--硬件设备--电子设备、仪器和元件--电子元件,2021,,,,,,,,,,26987332213.0,,0.075344647,1990997442.0,42353578.97,target_year,,,,,,,,,,SOE_target,0.097951,0.16145299999999999,23.67913497,0.007357687,0.129289002,0.598365046,0.394876789,0.134251397,0.453928313,1.90719652,0.020467462,True,CSI_nonSOE,0.10380964733877879,0.097951,0.005858647338778791,158109262.0504316,158109262.0504316,1,0,,
002179.SZ,中航光电,CSI,中央国有企业,信息技术,硬件设备,信息技术--硬件设备--电子设备、仪器和元件--电子元件,2022,,,,,,,,,,31810733160.0,,0.086607258,2717129034.0,37911325.55,target_year,,,,,,,,,,SOE_target,0.101354,0.168109,24.01863342,0.007278296,0.108896372,0.554971795,0.468324176,0.119732833,0.410962753,2.26328147,0.04145821,True,CSI_nonSOE,0.10197363520804503,0.101354,0.0006196352080450329,19711050.259661626,19711050.259661626,1,0,,
002179.SZ,中航光电,CSI,中央国有企业,信息技术,硬件设备,信息技术--硬件设备--电子设备、仪器和元件--电子元件,2023,,,,,,,,,,35569904322.27,,0.089639,3339290323.66,-150842656.92,target_year,,,,,,,,,,SOE_target,0.110826,0.176227,24.18307,0.008341,0.117158,0.536391,0.426579,0.137277,0.418385,2.073528,0.047696,True,CSI_nonSOE,0.09430523261035544,0.110826,-0.01652076738964456,-587642115.3801352,0.0,1,0,,
002179.SZ,中航光电,CSI,中央国有企业,信息技术,硬件设备,信息技术--硬件设备--电子设备、仪器和元件--电子元件,2024,,,,,,,,,,41246813453.82,,0.078991,3354288683.06,-96169299.72,target_year,,,,,,,,,,SOE_target,0.095501,0.152143,24.294766,0.010429,0.108206,0.592388,0.42457,0.176172,0.381093,2.20832,0.067295,True,CSI_nonSOE,0.09979702443851113,0.095501,0.004296024438511126,177197318.6083202,177197318.6083202,1,0,,
002179.SZ,中航光电,CSI,中央国有企业,信息技术,硬件设备,信息技术--硬件设备--电子设备、仪器和元件--电子元件,2025,,,,,,,,,,42527397016.91,,0.049956,2161521950.25,-37031845.91,target_year,,,,,,,,,,SOE_target,0.063355,0.090316,24.44284,0.009101,0.114376,0.535031,0.39583,0.203244,0.387763,2.10942,0.037404,True,CSI_nonSOE,0.09147411765101707,0.063355,0.028119117651017073,1195832880.110005,1195832880.110005,1,0,,
002304.SZ,洋河股份,CSI,地方国有企业,日常消费,食品饮料,日常消费--食品饮料--饮料--白酒与葡萄酒,2019,,,,,,,,,,53455037841.0,,0.138124655,7382822727.0,635922.85,target_year,,,,,,,,,,SOE_target,0.188196,0.210477,24.62652592,0.030528342,0.118716357,0.439333178,0.408495938,0.16117016,0.32159075,2.295516674,0.009503821,True,CSI_nonSOE,0.12307310017559986,0.188196,-0.06512289982440014,-3481147074.4289618,0.0,1,0,,
002304.SZ,洋河股份,CSI,地方国有企业,日常消费,食品饮料,日常消费--食品饮料--饮料--白酒与葡萄酒,2020,,,,,,,,,,53866259307.0,,0.13728434,7482228634.0,-87234764.39,target_year,,,,,,,,,,SOE_target,0.1841,0.199544,24.70210672,0.026004121,0.109737598,0.386822521,0.39789491,0.14067357,0.317341189,2.286193333,0.005933199,True,CSI_nonSOE,0.11723524291001204,0.1841,-0.06686475708998797,-3601754343.908859,0.0,1,0,,
002304.SZ,洋河股份,CSI,地方国有企业,日常消费,食品饮料,日常消费--食品饮料--饮料--白酒与葡萄酒,2021,,,,,,,,,,67798704194.0,,0.104847687,7507682797.0,-399145510.0,target_year,,,,,,,,,,SOE_target,0.163505,0.185442,24.70977013,0.019500248,0.106852675,0.329578673,0.41920331,0.131927151,0.285830248,2.540604109,0.006555206,True,CSI_nonSOE,0.11786336731381494,0.163505,-0.04564163268618507,-3094443553.421863,0.0,1,0,,
002304.SZ,洋河股份,CSI,地方国有企业,日常消费,食品饮料,日常消费--食品饮料--饮料--白酒与葡萄酒,2022,,,,,,,,,,67964247134.0,,0.138078691,9377832429.0,6581838.28,target_year,,,,,,,,,,SOE_target,0.174776,0.208486,24.93980892,0.020425421,0.106913309,0.34853413,0.369200779,0.10032586,0.373420027,2.012049571,0.00624679,True,CSI_nonSOE,0.09963219943034701,0.174776,-0.07514380056965297,-5107091832.503904,0.0,1,0,,
002304.SZ,洋河股份,CSI,地方国有企业,日常消费,食品饮料,日常消费--食品饮料--饮料--白酒与葡萄酒,2023,,,,,,,,,,69792287455.91,,0.1327,10015930040.27,-754525568.63,target_year,,,,,,,,,,SOE_target,0.19190100000000002,0.20149999999999998,24.942248,0.021082,0.105461,0.378845,0.464713,0.096402,0.300743,2.584875,0.007933,True,CSI_nonSOE,0.1150116594352361,0.19190100000000002,-0.07688934056476392,-5366282958.9913645,0.0,1,0,,
002304.SZ,洋河股份,CSI,地方国有企业,日常消费,食品饮料,日常消费--食品饮料--饮料--白酒与葡萄酒,2024,,,,,,,,,,67345265219.62,,0.090021,6673388602.12,-610889994.14,target_year,,,,,,,,,,SOE_target,0.124433,0.12892099999999998,24.968789,0.022016,0.100594,0.404439,0.506631,0.096901,0.254218,3.05865,0.015928,True,CSI_nonSOE,0.12296892619972107,0.124433,-0.0014640738002789366,-98598438.38088195,0.0,1,0,,
002304.SZ,洋河股份,CSI,地方国有企业,日常消费,食品饮料,日常消费--食品饮料--饮料--白酒与葡萄酒,2025,,,,,,,,,,58595944446.8,,0.032801,2206058926.68,-284050446.25,target_year,,,,,,,,,,SOE_target,0.050498,0.044844999999999996,24.933098,0.01883,0.097008,0.350746,0.520695,0.111132,0.232418,3.298148,0.021591,True,CSI_nonSOE,0.1241414015521453,0.050498,0.0736434015521453,4315204666.222891,4315204666.222891,1,0,,
002371.SZ,北方华创,CSI,地方国有企业,信息技术,半导体,信息技术--半导体--半导体材料与设备--半导体材料与设备Ⅳ,2019,,,,,,,,,,13734762795.0,,0.028332703,309032271.0,80110684.27,target_year,,,,,,,,,,SOE_target,0.043356000000000006,0.065726,23.02599999,0.059004655,0.214515912,0.364070797,0.117906968,0.193151197,0.624914258,1.266499342,0.024431591,True,CSI_nonSOE,0.016349003453657668,0.043356000000000006,-0.027006996546342338,-370934691.3693962,0.0,1,0,,
002371.SZ,北方华创,CSI,地方国有企业,信息技术,半导体,信息技术--半导体--半导体材料与设备--半导体材料与设备Ⅳ,2020,,,,,,,,,,17518033653.0,,0.028180177,536930435.4,-43269154.89,target_year,,,,,,,,,,SOE_target,0.043783,0.084979,23.34319589,0.057149218,0.169245785,0.339550768,0.267859651,0.158238824,0.555856401,1.767952175,0.012461754,True,CSI_nonSOE,0.023492638002191243,0.043783,-0.02029036199780876,-355447244.30916613,0.0,1,0,,
002371.SZ,北方华创,CSI,地方国有企业,信息技术,半导体,信息技术--半导体--半导体材料与设备--半导体材料与设备Ⅳ,2021,,,,,,,,,,31054473365.0,,0.03320992,1077409991.0,-46093407.42,target_year,,,,,,,,,,SOE_target,0.051574999999999996,0.091003,23.58649668,0.066364914,0.155238897,0.383431407,0.177738006,0.131644265,0.594030449,1.394110555,0.03815127,True,CSI_nonSOE,0.009567627348534585,0.051574999999999996,-0.04200737265146541,-1304516835.138562,0.0,1,0,,
002371.SZ,北方华创,CSI,地方国有企业,信息技术,半导体,信息技术--半导体--半导体材料与设备--半导体材料与设备Ⅳ,2022,,,,,,,,,,42551398848.0,,0.053340261,2352726658.0,-83023921.98,target_year,,,,,,,,,,SOE_target,0.077561,0.128411,24.1590087,0.077971816,0.127200785,0.395253079,0.35596625,0.082648728,0.446186353,1.981018974,0.014388261,True,CSI_nonSOE,0.024365073574626528,0.077561,-0.05319592642537348,-2263561082.41493,0.0,1,0,,
002371.SZ,北方华创,CSI,地方国有企业,信息技术,半导体,信息技术--半导体--半导体材料与设备--半导体材料与设备Ⅳ,2023,,,,,,,,,,53624552279.13,,0.072372,3899069987.91,-18133193.65,target_year,,,,,,,,,,SOE_target,0.092863,0.17677600000000002,24.473979,0.104536,0.113252,0.395427,0.360672,0.087128,0.530358,1.973161,0.033103,True,CSI_nonSOE,0.008668241312544817,0.092863,-0.08419475868745518,-4514906238.864175,0.0,1,0,,
002371.SZ,北方华创,CSI,地方国有企业,信息技术,半导体,信息技术--半导体--半导体材料与设备--半导体材料与设备Ⅳ,2024,,,,,,,,,,65708880828.22,,0.086456,5621189109.03,59708499.95,target_year,,,,,,,,,,SOE_target,0.110118,0.20275400000000002,24.705273,0.153225,0.109637,0.455672,0.356981,0.100324,0.537063,2.003141,0.036923,True,CSI_nonSOE,0.008902953215988038,0.110118,-0.10121504678401196,-6650727447.153354,0.0,1,0,,
002371.SZ,北方华创,CSI,地方国有企业,信息技术,半导体,信息技术--半导体--半导体材料与设备--半导体材料与设备Ⅳ,2025,,,,,,,,,,89800578023.69,,0.064039,5521993004.86,228775158.4,target_year,,,,,,,,,,SOE_target,0.078116,0.16050599999999998,24.9085,0.167941,0.111057,0.497102,0.345901,0.097356,0.509576,1.96792,0.03114,True,CSI_nonSOE,0.009764779583531003,0.078116,-0.068351220416469,-6137979102.023558,0.0,1,0,,
002415.SZ,海康威视,CSI,中央国有企业,信息技术,硬件设备,信息技术--硬件设备--电子设备、仪器和元件--电子设备和仪器,2019,,,,,,,,,,75358000240.0,,0.168244221,12414587690.0,263960347.9,target_year,,,,,,,,,,SOE_target,0.191563,0.300981,24.87405929,0.042729406,0.161142974,0.85904435,0.455503934,0.086612014,0.401992223,2.17029789,0.032383717,True,CSI_nonSOE,0.09915849903131228,0.191563,-0.09240450096868773,-6963418406.17545,0.0,1,0,,
002415.SZ,海康威视,CSI,中央国有企业,信息技术,硬件设备,信息技术--硬件设备--电子设备、仪器和元件--电子设备和仪器,2020,,,,,,,,,,88701682384.0,,0.155372267,13385526714.0,396254772.6,target_year,,,,,,,,,,SOE_target,0.186188,0.271241,25.04551593,0.047163914,0.145048886,0.824543671,0.537508164,0.085230157,0.396575563,2.722115508,0.025574974,True,CSI_nonSOE,0.09818575844968926,0.186188,-0.08800224155031074,-7805946879.07571,0.0,1,0,,
002415.SZ,海康威视,CSI,中央国有企业,信息技术,硬件设备,信息技术--硬件设备--电子设备、仪器和元件--电子设备和仪器,2021,,,,,,,,,,103865000000.0,,0.160469273,16800411032.0,-133343257.8,target_year,,,,,,,,,,SOE_target,0.191812,0.286561,25.20854469,0.045166439,0.129289002,0.769076065,0.490836144,0.082312337,0.385809356,2.394335055,0.022588391,True,CSI_nonSOE,0.08998012816439764,0.191812,-0.10183187183560237,-10576767368.20484,0.0,1,0,,
002415.SZ,海康威视,CSI,中央国有企业,信息技术,硬件设备,信息技术--硬件设备--电子设备、仪器和元件--电子设备和仪器,2022,,,,,,,,,,119233000000.0,,0.099359342,12837342061.0,-990401533.3,target_year,,,,,,,,,,SOE_target,0.13317,0.194726,25.36635342,0.045900932,0.108896372,0.839805353,0.507657056,0.086833548,0.370385309,2.583807297,0.029830304,True,CSI_nonSOE,0.09242241990996922,0.13317,-0.040747580090030794,-4858456216.874641,0.0,1,0,,
002415.SZ,海康威视,CSI,中央国有企业,信息技术,硬件设备,信息技术--硬件设备--电子设备、仪器和元件--电子设备和仪器,2023,,,,,,,,,,138848007548.55,,0.096205,14107621359.66,-749780213.12,target_year,,,,,,,,,,SOE_target,0.124759,0.19493300000000002,25.504348,0.043681,0.117158,0.740343,0.532996,0.103248,0.388005,2.849789,0.031499,True,CSI_nonSOE,0.08302593388206722,0.124759,-0.041733066117932774,-5794553079.366865,0.0,1,0,,
002415.SZ,海康威视,CSI,中央国有企业,信息技术,硬件设备,信息技术--硬件设备--电子设备、仪器和元件--电子设备和仪器,2024,,,,,,,,,,132016200156.14,,0.089856,11977327023.54,-114817493.16,target_year,,,,,,,,,,SOE_target,0.105061,0.152555,25.656646,0.046315,0.108206,0.686878,0.495065,0.113908,0.408248,2.54774,0.029153,True,CSI_nonSOE,0.07273431943802745,0.105061,-0.03232668056197255,-4267645531.452968,0.0,1,0,,
002415.SZ,海康威视,CSI,中央国有企业,信息技术,硬件设备,信息技术--硬件设备--电子设备、仪器和元件--电子设备和仪器,2025,,,,,,,,,,138049655334.62,,0.09902,14195371894.42,-525631319.14,target_year,,,,,,,,,,SOE_target,0.122102,0.173097,25.60619,0.040657,0.114376,0.677854,0.491118,0.149703,0.3372,2.722287,0.035342,True,CSI_nonSOE,0.08209353069412662,0.122102,-0.04000846930587339,-5523155398.141544,0.0,1,0,,
002916.SZ,深南电路,CSI,中央国有企业,信息技术,硬件设备,信息技术--硬件设备--电子设备、仪器和元件--电子元件,2019,,,,,,,,,,12219367752.0,,0.106777221,1232775470.0,71974663.41,target_year,,,,,,,,,,SOE_target,0.141637,0.282642,22.86631694,0.006511296,0.161142974,0.943171377,0.08392133,0.44465338,0.563211503,1.206723487,0.138914307,True,CSI_nonSOE,0.11805729833726814,0.141637,-0.023579701662731878,-288129046.09936666,0.0,1,0,,
002916.SZ,深南电路,CSI,中央国有企业,信息技术,硬件设备,信息技术--硬件设备--电子设备、仪器和元件--电子元件,2020,,,,,,,,,,14007819588.0,,0.112944465,1430111325.0,151994362.1,target_year,,,,,,,,,,SOE_target,0.12245900000000001,0.229887,23.22628805,0.008620163,0.145048886,1.008631414,0.106987996,0.445034903,0.59057465,1.279956481,0.178626968,True,CSI_nonSOE,0.11071040265118323,0.12245900000000001,-0.01174859734881678,-164572232.07428056,0.0,1,0,,
002916.SZ,深南电路,CSI,中央国有企业,信息技术,硬件设备,信息技术--硬件设备--电子设备、仪器和元件--电子元件,2021,,,,,,,,,,16792291128.0,,0.093566268,1480637000.0,90555003.5,target_year,,,,,,,,,,SOE_target,0.110082,0.18556699999999998,23.36288155,0.008259297,0.129289002,0.879724453,0.072009507,0.526130613,0.468558656,1.204513334,0.17747026,True,CSI_nonSOE,0.11573422648973966,0.110082,0.005652226489739662,94913832.73710191,94913832.73710191,1,0,,
002916.SZ,深南电路,CSI,中央国有企业,信息技术,硬件设备,信息技术--硬件设备--电子设备、仪器和元件--电子元件,2022,,,,,,,,,,20726545629.0,,0.0835519,1639730778.0,92011499.06,target_year,,,,,,,,,,SOE_target,0.095471,0.157922,23.54418576,0.007865785,0.108896372,0.899760732,0.078770102,0.501596784,0.492620274,1.222400459,0.15830631,True,CSI_nonSOE,0.10900163573194967,0.095471,0.013530635731949667,280443338.8876326,280443338.8876326,1,0,,
002916.SZ,深南电路,CSI,中央国有企业,信息技术,硬件设备,信息技术--硬件设备--电子设备、仪器和元件--电子元件,2023,,,,,,,,,,22606867760.88,,0.063229,1398114737.36,31298099.48,target_year,,,,,,,,,,SOE_target,0.064536,0.109944,23.754681,0.007355,0.117158,0.741247,0.090198,0.514089,0.408832,1.278677,0.162967,True,CSI_nonSOE,0.10675928610568779,0.064536,0.04222328610568779,954536245.4210858,954536245.4210858,1,0,,
002916.SZ,深南电路,CSI,中央国有企业,信息技术,硬件设备,信息技术--硬件设备--电子设备、仪器和元件--电子元件,2024,,,,,,,,,,25302247864.46,,0.076054,1877565481.01,46765939.29,target_year,,,,,,,,,,SOE_target,0.084467,0.135073,23.84152,0.007014,0.108206,0.619557,0.096065,0.565125,0.416686,1.338012,0.143748,True,CSI_nonSOE,0.09913856653640818,0.084467,0.014671566536408179,371223613.0641166,371223613.0641166,1,0,,
002916.SZ,深南电路,CSI,中央国有企业,信息技术,硬件设备,信息技术--硬件设备--电子设备、仪器和元件--电子元件,2025,,,,,,,,,,30582928717.03,,0.108703,3275738151.27,48731905.76,target_year,,,,,,,,,,SOE_target,0.131432,0.20623899999999998,23.954159,0.007873,0.114376,0.742132,0.132985,0.524988,0.421162,1.449279,0.099851,True,CSI_nonSOE,0.10351214732156383,0.131432,-0.027919852678436163,-853870864.2545923,0.0,1,0,,
003816.SZ,中国广核,CSI,中央国有企业,公用事业,公用事业Ⅱ,公用事业--公用事业Ⅱ--电力--独立电力生产商与能源贸易商,2019,,,,,,,,,,387975000000.0,,0.045009464,9465700356.0,7996857032.0,target_year,,,,,,,,,,SOE_target,0.06401,0.117647,26.63285761,0.085571585,0.148389593,0.139621345,-0.014209997,0.774577497,0.693056818,0.913613736,0.045123692,True,CSI_nonSOE,0.024990361545977252,0.06401,-0.039019638454022745,-15138644229.199474,0.0,0,1,FixedAssetsRatio_lag,
003816.SZ,中国广核,CSI,中央国有企业,公用事业,公用事业Ⅱ,公用事业--公用事业Ⅱ--电力--独立电力生产商与能源贸易商,2020,,,,,,,,,,391898000000.0,,0.044930235,9562307621.0,8045778572.0,target_year,,,,,,,,,,SOE_target,0.06333899999999999,0.103334,26.68420735,0.090254192,0.143602423,0.160932424,-0.013131035,0.763438583,0.651282207,0.92398275,0.04034608,True,CSI_nonSOE,0.0304786002785747,0.06333899999999999,-0.03286039972142529,-12877924930.02713,0.0,0,1,FixedAssetsRatio_lag,
003816.SZ,中国广核,CSI,中央国有企业,公用事业,公用事业Ⅱ,公用事业--公用事业Ⅱ--电力--独立电力生产商与能源贸易商,2021,,,,,,,,,,399993000000.0,,0.04216241,9732589251.0,7132079812.0,target_year,,,,,,,,,,SOE_target,0.063404,0.099219,26.69426839,0.092811085,0.126082379,0.181015769,-0.035490015,0.754839381,0.638603741,0.819728027,0.034455814,True,CSI_nonSOE,0.030895429030178154,0.063404,-0.03250857096982185,-13003200827.931952,0.0,0,1,FixedAssetsRatio_lag,
003816.SZ,中国广核,CSI,中央国有企业,公用事业,公用事业Ⅱ,公用事业--公用事业Ⅱ--电力--独立电力生产商与能源贸易商,2022,,,,,,,,,,409016000000.0,,0.040171345,9964854412.0,6465851165.0,target_year,,,,,,,,,,SOE_target,0.061731,0.095844,26.7147129,0.08643896,0.130392082,0.203762149,-0.023385318,0.743371583,0.622717326,0.879022892,0.036102671,True,CSI_nonSOE,0.033066317900226475,0.061731,-0.028664682099773527,-11724313613.720968,0.0,1,0,,
003816.SZ,中国广核,CSI,中央国有企业,公用事业,公用事业Ⅱ,公用事业--公用事业Ⅱ--电力--独立电力生产商与能源贸易商,2023,,,,,,,,,,415250356776.35,,0.039698,10724570116.68,5759954182.21,target_year,,,,,,,,,,SOE_target,0.063124,0.097379,26.737019,0.075777,0.129341,0.20475,-0.013759,0.736067,0.613878,0.926082,0.028947,True,CSI_nonSOE,0.033936479987264206,0.063124,-0.029187520012735793,-12120128098.705393,0.0,1,0,,
003816.SZ,中国广核,CSI,中央国有企业,公用事业,公用事业Ⅱ,公用事业--公用事业Ⅱ--电力--独立电力生产商与能源贸易商,2024,,,,,,,,,,425400654520.48,,0.038407,10813873224.82,5524691866.4,target_year,,,,,,,,,,SOE_target,0.063887,0.09295199999999999,26.752147,0.071651,0.121904,0.200296,-0.011078,0.729698,0.601917,0.940557,0.034307,True,CSI_nonSOE,0.03520029950463145,0.063887,-0.028686700495368547,-12203341166.762756,0.0,1,0,,
003816.SZ,中国广核,CSI,中央国有企业,公用事业,公用事业Ⅱ,公用事业--公用事业Ⅱ--电力--独立电力生产商与能源贸易商,2025,,,,,,,,,,505656118063.91,,0.028808,9765358959.88,4801744225.58,target_year,,,,,,,,,,SOE_target,0.049821,0.080496,26.776297,0.075761,0.118327,0.206517,-0.018778,0.721087,0.594932,0.904312,0.04623,True,CSI_nonSOE,0.03595520362315027,0.049821,-0.013865796376849725,-7011324769.782459,0.0,1,0,,
300413.SZ,芒果超媒,CSI,地方国有企业,通讯服务,传媒,通讯服务--传媒--娱乐--电影和娱乐,2019,,,,,,,,,,17078206150.0,,0.068641107,1156285254.0,15981713.9,target_year,,,,,,,,,,SOE_target,0.077256,0.160336,23.21741108,0.332789181,0.370261017,1.329485085,0.205253854,0.017091947,0.531493876,1.402285603,0.002639844,True,CSI_nonSOE,0.12221779256141294,0.077256,0.04496179256141293,767866762.2373465,767866762.2373465,1,0,,
300413.SZ,芒果超媒,CSI,地方国有企业,通讯服务,传媒,通讯服务--传媒--娱乐--电影和娱乐,2020,,,,,,,,,,19265699803.0,,0.103587808,1982159477.0,13532130.1,target_year,,,,,,,,,,SOE_target,0.103658,0.20464300000000002,23.56106899,0.4032528,0.333824483,0.849908238,0.222062882,0.010575241,0.483554812,1.477902145,0.009132519,True,CSI_nonSOE,0.0952633617388543,0.103658,-0.008394638261145698,-161728580.69401094,0.0,1,0,,
300413.SZ,芒果超媒,CSI,地方国有企业,通讯服务,传媒,通讯服务--传媒--娱乐--电影和娱乐,2021,,,,,,,,,,26110751405.0,,0.077090077,2114090172.0,-101210337.2,target_year,,,,,,,,,,SOE_target,0.09319699999999999,0.153449,23.68159214,0.467603506,0.39041121,0.769513174,0.225144904,0.00970244,0.448697875,1.50511888,0.003631273,True,CSI_nonSOE,0.09266216488816587,0.09319699999999999,-0.0005348351118341227,-13964946.64776615,0.0,1,0,,
300413.SZ,芒果超媒,CSI,地方国有企业,通讯服务,传媒,通讯服务--传媒--娱乐--电影和娱乐,2022,,,,,,,,,,29049673557.0,,0.05829542,1824925936.0,-131463023.7,target_year,,,,,,,,,,SOE_target,0.064042,0.101902,23.985613,0.424702545,0.366576045,0.675635515,0.383604379,0.007064153,0.349035806,2.127365039,0.007414667,True,CSI_nonSOE,0.10176188598566102,0.064042,0.03771988598566102,1095750374.4907117,1095750374.4907117,1,0,,
300413.SZ,芒果超媒,CSI,地方国有企业,通讯服务,传媒,通讯服务--传媒--娱乐--电影和娱乐,2023,,,,,,,,,,31422386654.49,,0.108459,3555705558.9,-147667394.09,target_year,,,,,,,,,,SOE_target,0.061204,0.176273,24.092273,0.480307,0.365677,0.493612,0.391559,0.005689,0.352615,2.130679,0.006457,True,CSI_nonSOE,0.08969186012007832,0.061204,0.02848786012007832,895156555.6521269,895156555.6521269,1,0,,
300413.SZ,芒果超媒,CSI,地方国有企业,通讯服务,传媒,通讯服务--传媒--娱乐--电影和娱乐,2024,,,,,,,,,,32530165142.43,,0.036125,1364348174.2,-189180203.0,target_year,,,,,,,,,,SOE_target,0.049221,0.062042,24.170786,0.444981,0.35057,0.480483,0.3518,0.004532,0.320114,2.12108,0.004782,True,CSI_nonSOE,0.08818329737491862,0.049221,0.03896229737491862,1267449967.9345696,1267449967.9345696,1,0,,
300413.SZ,芒果超媒,CSI,地方国有企业,通讯服务,传媒,通讯服务--传媒--娱乐--电影和娱乐,2025,,,,,,,,,,33171867484.43,,0.036738,1227146306.33,-8478642.08,target_year,,,,,,,,,,SOE_target,0.027166000000000003,0.053520000000000005,24.205434,0.421076,0.338999,0.438059,0.248058,0.004037,0.307417,1.823166,0.005059,True,CSI_nonSOE,0.08012888933878387,0.027166000000000003,0.05296288933878387,1756877946.738669,1756877946.738669,1,0,,
301269.SZ,华大九天,CSI,中央国有企业,信息技术,软件服务,信息技术--软件服务--软件--应用软件,2019,,,,,,,,,,690535054.8,,0.082216111,57157732.35,-384625.72,target_year,,,,,,,,,,SOE_target,0.094655,,20.06388712,0.003029881,0.165297342,,0.640156447,0.020557283,0.185418018,4.669399695,0.14372221,True,CSI_nonSOE,0.15937869515519948,0.094655,0.06472369515519948,44693980.38085416,44693980.38085416,0,1,FirmSize_lag,
301269.SZ,华大九天,CSI,中央国有企业,信息技术,软件服务,信息技术--软件服务--软件--应用软件,2020,,,,,,,,,,1340618263.0,,0.076569311,103558656.1,-908439.35,target_year,,,,,,,,,,SOE_target,0.10196999999999999,0.153531,20.3529773,0.004452496,0.156571733,0.420432719,0.475532197,0.109044942,0.287859574,2.845732996,0.046978305,True,CSI_nonSOE,0.13160263689984777,0.10196999999999999,0.029632636899847783,39726054.20878364,39726054.20878364,0,1,FirmSize_lag,
301269.SZ,华大九天,CSI,中央国有企业,信息技术,软件服务,信息技术--软件服务--软件--应用软件,2021,,,,,,,,,,1801574166.0,,0.077496324,139305915.6,309460.2,target_year,,,,,,,,,,SOE_target,0.088668,0.150455,21.01639674,0.006199286,0.151169635,0.403277081,0.390839565,0.168835429,0.360539946,3.144446132,0.272559931,True,CSI_nonSOE,0.11642342458895129,0.088668,0.02775542458895129,50003455.90581582,50003455.90581582,1,0,,
301269.SZ,华大九天,CSI,中央国有企业,信息技术,软件服务,信息技术--软件服务--软件--应用软件,2022,,,,,,,,,,5395667291.0,,0.02931664,185508367.6,-27325534.6,target_year,,,,,,,,,,SOE_target,0.051550000000000006,0.065706,21.31192666,0.007100149,0.153055264,0.363368354,0.283224088,0.263035157,0.447970087,2.472137664,0.209888857,True,CSI_nonSOE,0.1011108607072732,0.051550000000000006,0.04956086070727319,267413915.03204107,267413915.03204107,1,0,,
301269.SZ,华大九天,CSI,中央国有企业,信息技术,软件服务,信息技术--软件服务--软件--应用软件,2023,,,,,,,,,,5535537490.15,,0.025511,200722810.92,-59506122.71,target_year,,,,,,,,,,SOE_target,0.036657,0.042546999999999995,22.408862,0.00896,0.14694,0.218057,0.684761,0.099677,0.13781,9.389767,0.07788,True,CSI_nonSOE,0.10983987640876432,0.036657,0.07318287640876431,405106555.9977288,405106555.9977288,1,0,,
301269.SZ,华大九天,CSI,中央国有企业,信息技术,软件服务,信息技术--软件服务--软件--应用软件,2024,,,,,,,,,,5628841870.04,,0.00873,109478790.34,-60339408.44,target_year,,,,,,,,,,SOE_target,0.009101,0.022371,22.434455,0.011111,0.139728,0.182471,0.555102,0.101333,0.135884,7.250245,0.020717,True,CSI_nonSOE,0.10533843640172023,0.009101,0.09623743640172024,541705311.4833145,541705311.4833145,1,0,,
301269.SZ,华大九天,CSI,中央国有企业,信息技术,软件服务,信息技术--软件服务--软件--应用软件,2025,,,,,,,,,,6327842567.91,,0.002881,60983525.27,-42752826.3,target_year,,,,,,,,,,SOE_target,0.003333,0.011892,22.45117,0.011267,0.169431,0.215974,0.534887,0.095337,0.110967,7.747215,0.014054,True,CSI_nonSOE,0.1055363700285308,0.003333,0.10220337002853079,646726835.4503942,646726835.4503942,1,0,,
302132.SZ,中航成飞,CSI,中央国有企业,工业,国防军工,工业--国防军工--航空航天与国防Ⅲ--航空航天,2019,,,,,,,,,,2488073274.0,,0.085373876,212416459.5,0.0,target_year,,,,,,,,,,SOE_target,0.10238699999999999,0.138862,21.44747873,0.015943973,0.285442207,0.641176276,0.39772466,0.226683045,0.267876613,2.581204273,0.020522082,True,CSI_nonSOE,0.14236842640147424,0.10238699999999999,0.03998142640147424,99476718.48590606,99476718.48590606,1,0,,
302132.SZ,中航成飞,CSI,中央国有企业,工业,国防军工,工业--国防军工--航空航天与国防Ⅲ--航空航天,2020,,,,,,,,,,2933073285.0,,0.085369507,262505398.2,-12110378.84,target_year,,,,,,,,,,SOE_target,0.11345599999999999,0.149552,21.63477446,0.016380091,0.279462147,0.672514606,0.383429525,0.190144896,0.330304191,2.213912023,0.018979576,True,CSI_nonSOE,0.13075321227479728,0.11345599999999999,0.01729721227479729,50733991.228182,50733991.228182,1,0,,
302132.SZ,中航成飞,CSI,中央国有企业,工业,国防军工,工业--国防军工--航空航天与国防Ⅲ--航空航天,2021,,,,,,,,,,3299177131.0,,0.093446643,307007852.7,1289174.33,target_year,,,,,,,,,,SOE_target,0.109764,0.15221500000000002,21.79931661,0.017393366,0.273615357,0.643864279,0.380180108,0.15930884,0.326786323,2.195231823,0.054289079,True,CSI_nonSOE,0.12441555075344292,0.109764,0.014651550753442918,48338061.17944469,48338061.17944469,1,0,,
302132.SZ,中航成飞,CSI,中央国有企业,工业,国防军工,工业--国防军工--航空航天与国防Ⅲ--航空航天,2022,,,,,,,,,,3653386274.0,,0.053896446,192869415.8,4035120.0,target_year,,,,,,,,,,SOE_target,0.061519000000000004,0.087141,21.91693892,0.017013231,0.271325141,0.618467046,0.331618995,0.194091611,0.333050818,2.025433447,0.079859872,True,CSI_nonSOE,0.11747351713823141,0.061519000000000004,0.05595451713823141,204423464.8811124,204423464.8811124,1,0,,
302132.SZ,中航成飞,CSI,中央国有企业,工业,国防军工,工业--国防军工--航空航天与国防Ⅲ--航空航天,2023,,,,,,,,,,3974910728.94,,0.023927,98167133.37,-3060194.8,target_year,,,,,,,,,,SOE_target,0.024353,0.041905,22.01892,0.014535,0.272876,0.542331,0.285757,0.253218,0.359161,1.879366,0.060375,True,CSI_nonSOE,0.10672947784167175,0.024353,0.08237647784167175,327439145.5851492,327439145.5851492,1,0,,
302132.SZ,中航成飞,CSI,中央国有企业,工业,国防军工,工业--国防军工--航空航天与国防Ⅲ--航空航天,2024,,,,,,,,,,4240904107.27,,0.028572,112308792.39,8862120.9,target_year,,,,,,,,,,SOE_target,0.030506000000000002,0.045963000000000004,22.103268,0.01023,0.247277,0.433118,0.301447,0.267885,0.389709,2.05273,0.060168,True,CSI_nonSOE,0.09583087206171106,0.030506000000000002,0.06532487206171106,277036518.2333977,277036518.2333977,1,0,,
302132.SZ,中航成飞,CSI,中央国有企业,工业,国防军工,工业--国防军工--航空航天与国防Ⅲ--航空航天,2025,,,,,,,,,,114547703019.42,,0.030012,3432289851.96,5548186.19,target_year,,,,,,,,,,SOE_target,0.069925,0.289526,22.168042,0.010955,0.253215,0.427063,0.310679,0.281781,0.400591,2.116237,0.032194,True,CSI_nonSOE,0.09366482212921998,0.069925,0.023739822129219976,2719342094.9917445,2719342094.9917445,1,0,,
600009.SH,上海机场,CSI,地方国有企业,工业,交通运输,工业--交通运输--交通基础设施--机场服务,2019,,,,,,,,,,37171229056.0,,0.135325363,5030210053.0,0.0,target_year,,,,,,,,,,SOE_target,0.18968,0.16697700000000001,24.15495134,0.010667317,0.111099702,0.317768449,0.26997457,0.538896291,0.074177692,4.651502557,0.115411128,True,CSI_nonSOE,0.10296663316157253,0.18968,-0.08671336683842745,-3223242420.9681416,0.0,1,0,,
600009.SH,上海机场,CSI,地方国有企业,工业,交通运输,工业--交通运输--交通基础设施--机场服务,2020,,,,,,,,,,33202181016.0,,-0.046464322,-1266651388.0,-276065448.4,target_year,,,,,,,,,,SOE_target,-0.043074,-0.04138,24.33880089,0.01129868,0.108646931,0.321133894,0.208572246,0.544341853,0.127020399,2.644322879,0.061933017,True,CSI_nonSOE,0.09682687542632651,-0.043074,0.1399008754263265,4645014190.201759,4645014190.201759,1,0,,
600009.SH,上海机场,CSI,地方国有企业,工业,交通运输,工业--交通运输--交通基础设施--机场服务,2021,,,,,,,,,,51426088634.0,,-0.024815916,-1710938710.0,434753220.5,target_year,,,,,,,,,,SOE_target,-0.053886,-0.060328999999999994,24.2258814,0.005403886,0.123286456,0.122176142,0.186864173,0.587093421,0.109730278,2.713927985,0.039917988,True,CSI_nonSOE,0.09489107991527408,-0.053886,0.14877707991527409,7651023298.430586,7651023298.430586,1,0,,
600009.SH,上海机场,CSI,地方国有企业,工业,交通运输,工业--交通运输--交通基础设施--机场服务,2022,,,,,,,,,,67775098796.0,,-0.037307282,-2994949875.0,466445182.7,target_year,,,,,,,,,,SOE_target,-0.064178,-0.089252,24.66341144,0.003380414,0.15352339,0.087950406,0.070495039,0.374915455,0.461247466,1.455015779,0.029224342,True,CSI_nonSOE,0.030011789741236444,-0.064178,0.09418978974123644,6383722305.286767,6383722305.286767,0,1,AssetTurnover_lag,
600009.SH,上海机场,CSI,地方国有企业,工业,交通运输,工业--交通运输--交通基础设施--机场服务,2023,,,,,,,,,,69480530979.72,,0.019528,934049713.44,422770066.22,target_year,,,,,,,,,,SOE_target,0.020225,0.023308,24.939461,0.004577,0.180808,0.090186,0.110696,0.392449,0.399433,1.849756,0.018317,True,CSI_nonSOE,0.03321972101195608,0.020225,0.012994721011956083,902880115.844033,902880115.844033,0,1,AssetTurnover_lag,
600009.SH,上海机场,CSI,地方国有企业,工业,交通运输,工业--交通运输--交通基础设施--机场服务,2024,,,,,,,,,,70046212107.27,,0.03427,1933948719.51,466522580.65,target_year,,,,,,,,,,SOE_target,0.045598,0.047057,24.964312,0.008884,0.114556,0.157351,0.116209,0.374799,0.395132,1.836529,0.017904,True,CSI_nonSOE,0.03307867879043529,0.045598,-0.012519321209564713,-876931028.8842139,0.0,1,0,,
600009.SH,上海机场,CSI,地方国有企业,工业,交通运输,工业--交通运输--交通基础设施--机场服务,2025,,,,,,,,,,71678547661.74,,0.035391,2116775136.25,419999345.8,target_year,,,,,,,,,,SOE_target,0.048545,0.050284,24.972421,0.008704,0.116886,0.173305,0.148691,0.359696,0.378552,2.103956,0.027949,True,CSI_nonSOE,0.03587859692401685,0.048545,-0.01266640307598315,-907909376.5846684,0.0,1,0,,
600010.SH,包钢股份,CSI,地方国有企业,材料,钢铁Ⅱ,材料--钢铁Ⅱ--钢铁Ⅲ--钢铁Ⅳ,2019,,,,,,,,,,147087000000.0,,0.020683039,667930745.0,2374267551.0,target_year,,,,,,,,,,SOE_target,0.024859,0.012701,25.72587357,0.174587004,0.659924097,0.451986254,-0.235444349,0.471268423,0.646037382,0.561392251,0.016541917,True,CSI_nonSOE,0.03509306972657837,0.024859,0.010234069726578372,1505298613.873233,1505298613.873233,0,1,HHI_lag,
600010.SH,包钢股份,CSI,地方国有企业,材料,钢铁Ⅱ,材料--钢铁Ⅱ--钢铁Ⅲ--钢铁Ⅳ,2020,,,,,,,,,,144222000000.0,,0.02008244,405957990.0,2490377141.0,target_year,,,,,,,,,,SOE_target,0.021772,0.007696,25.71428751,0.147407036,0.517023931,0.423508272,-0.181707264,0.468132667,0.585405843,0.607224895,0.013326807,True,CSI_nonSOE,0.03923250584044917,0.021772,0.01746050584044917,2518189073.32126,2518189073.32126,1,0,,
600010.SH,包钢股份,CSI,地方国有企业,材料,钢铁Ⅱ,材料--钢铁Ⅱ--钢铁Ⅲ--钢铁Ⅳ,2021,,,,,,,,,,147968000000.0,,0.033773765,2866448328.0,2130985927.0,target_year,,,,,,,,,,SOE_target,0.039842,0.053052999999999996,25.69462152,0.141260049,0.51422962,0.402798272,-0.126304511,0.463882778,0.57276154,0.682397053,0.007599126,True,CSI_nonSOE,0.04105362678598058,0.039842,0.0012116267859805796,179281992.2679744,179281992.2679744,1,0,,
600010.SH,包钢股份,CSI,地方国有企业,材料,钢铁Ⅱ,材料--钢铁Ⅱ--钢铁Ⅲ--钢铁Ⅳ,2022,,,,,,,,,,146722000000.0,,0.008217907,-729956771.6,1935705241.0,target_year,,,,,,,,,,SOE_target,0.004838,-0.013555999999999999,25.72026144,0.15636373,0.499605416,0.583180909,-0.168313007,0.406013773,0.566103529,0.625593506,0.00641977,True,CSI_nonSOE,0.04851519472690318,0.004838,0.04367719472690318,6408405364.720688,6408405364.720688,1,0,,
600010.SH,包钢股份,CSI,地方国有企业,材料,钢铁Ⅱ,材料--钢铁Ⅱ--钢铁Ⅲ--钢铁Ⅳ,2023,,,,,,,,,,151775636822.69,,0.016546,515270562.53,1995948456.05,target_year,,,,,,,,,,SOE_target,0.016189,0.009885,25.711806,0.13229,0.520062,0.480279,-0.201207,0.42375,0.581556,0.564601,0.00666,True,CSI_nonSOE,0.040246116397824286,0.016189,0.024057116397824287,3651284161.3973594,3651284161.3973594,1,0,,
600010.SH,包钢股份,CSI,地方国有企业,材料,钢铁Ⅱ,材料--钢铁Ⅱ--钢铁Ⅲ--钢铁Ⅳ,2024,,,,,,,,,,155125400366.74,,0.015523,264629175.96,2143386028.83,target_year,,,,,,,,,,SOE_target,0.014527000000000002,0.005102,25.745669,0.131409,0.490176,0.462663,-0.205062,0.44482,0.595039,0.556477,0.011571,True,CSI_nonSOE,0.037446908861288056,0.014527000000000002,0.022919908861288054,3555460038.476501,3555460038.476501,1,0,,
600010.SH,包钢股份,CSI,地方国有企业,材料,钢铁Ⅱ,材料--钢铁Ⅱ--钢铁Ⅲ--钢铁Ⅳ,2025,,,,,,,,,,151673460592.94,,0.014627,373622495.09,1844903595.26,target_year,,,,,,,,,,SOE_target,0.015224,0.007188,25.7675,0.13429,0.484294,0.434063,-0.192026,0.428071,0.604798,0.579791,0.011855,True,CSI_nonSOE,0.03388895870709324,0.015224,0.01866495870709324,2830978878.929159,2830978878.929159,1,0,,
600011.SH,华能国际,CSI,中央国有企业,公用事业,公用事业Ⅱ,公用事业--公用事业Ⅱ--电力--电力公用事业,2019,,,,,,,,,,428250000000.0,,0.026921334,766345000.0,10762718000.0,target_year,,,,,,,,,,SOE_target,0.032111,0.007541,26.76329031,0.285447759,0.148389593,0.415314426,-0.181963664,0.671729097,0.72345617,0.447151161,0.04931611,True,CSI_nonSOE,0.038070409849089853,0.032111,0.005959409849089853,2552117267.8727293,2552117267.8727293,1,0,,
600011.SH,华能国际,CSI,中央国有企业,公用事业,公用事业Ⅱ,公用事业--公用事业Ⅱ--电力--电力公用事业,2020,,,,,,,,,,449905000000.0,,0.02573537,2377851000.0,9200612000.0,target_year,,,,,,,,,,SOE_target,0.03116,0.019927999999999998,26.78297312,0.257988212,0.143602423,0.410325317,-0.188765901,0.666953567,0.695553936,0.42918532,0.07328115,True,CSI_nonSOE,0.039131841375408316,0.03116,0.007971841375408316,3586571294.0030785,3586571294.0030785,1,0,,
600011.SH,华能国际,CSI,中央国有企业,公用事业,公用事业Ⅱ,公用事业--公用事业Ⅱ--电力--电力公用事业,2021,,,,,,,,,,500771000000.0,,-0.003670327,-10636194000.0,8798200000.0,target_year,,,,,,,,,,SOE_target,-0.013907000000000001,-0.08757899999999999,26.83230153,0.222803186,0.126082379,0.385914541,-0.195397977,0.66718834,0.663003716,0.429331065,0.094593931,True,CSI_nonSOE,0.03914304274877993,-0.013907000000000001,0.05305004274877993,26565922957.349277,26565922957.349277,1,0,,
600011.SH,华能国际,CSI,中央国有企业,公用事业,公用事业Ⅱ,公用事业--公用事业Ⅱ--电力--电力公用事业,2022,,,,,,,,,,512222000000.0,,0.003779402,-8026233000.0,9962125000.0,target_year,,,,,,,,,,SOE_target,-0.002352,-0.070186,26.93941519,0.21921326,0.130392082,0.430441304,-0.187565045,0.640191789,0.733295352,0.496094243,0.085978992,True,CSI_nonSOE,0.0326769198931465,-0.002352,0.0350289198931465,17942583405.507286,17942583405.507286,0,1,FirmSize_lag,
600011.SH,华能国际,CSI,中央国有企业,公用事业,公用事业Ⅱ,公用事业--公用事业Ⅱ--电力--电力公用事业,2023,,,,,,,,,,550316013000.0,,0.031428,8357460000.0,8938084000.0,target_year,,,,,,,,,,SOE_target,0.039355,0.065696,26.962024,0.225738,0.129341,0.48712,-0.165185,0.656213,0.735825,0.506159,0.079233,True,CSI_nonSOE,0.035838367458971426,0.039355,-0.003516632541028575,-1935259199.164904,0.0,0,1,FirmSize_lag,
600011.SH,华能国际,CSI,中央国有企业,公用事业,公用事业Ⅱ,公用事业--公用事业Ⅱ--电力--电力公用事业,2024,,,,,,,,,,595576880000.0,,0.030174,10184633000.0,7786460000.0,target_year,,,,,,,,,,SOE_target,0.043636999999999995,0.072089,27.033759,0.220813,0.121904,0.478847,-0.133115,0.669935,0.674088,0.55332,0.106634,True,CSI_nonSOE,0.04350531441157551,0.043636999999999995,-0.0001316855884244822,-78428891.89481722,0.0,0,1,FirmSize_lag,
600011.SH,华能国际,CSI,中央国有企业,公用事业,公用事业Ⅱ,公用事业--公用事业Ⅱ--电力--电力公用事业,2025,,,,,,,,,,619678043000.0,,0.034876,14536770000.0,7075104000.0,target_year,,,,,,,,,,SOE_target,0.04979,0.09944900000000001,27.112796,0.214312,0.118327,0.428576,-0.138418,0.676548,0.646428,0.538775,0.103737,True,CSI_nonSOE,0.043390471264048325,0.04979,-0.006399528735951676,-3965647443.2167983,0.0,0,1,FirmSize_lag,
600018.SH,上港集团,CSI,地方国有企业,工业,交通运输,工业--交通运输--交通基础设施--海港与服务,2019,,,,,,,,,,142177000000.0,,0.071946458,9062278384.0,1166874402.0,target_year,,,,,,,,,,SOE_target,0.088708,0.115,25.69562474,0.043247584,0.111099702,0.263775755,0.111980011,0.224977432,0.429576738,1.510355431,0.009939284,True,CSI_nonSOE,0.012449948836006558,0.088708,-0.07625805116399344,-10842140940.343096,0.0,1,0,,
600018.SH,上港集团,CSI,地方国有企业,工业,交通运输,工业--交通运输--交通基础设施--海港与服务,2020,,,,,,,,,,155925000000.0,,0.058674426,8307143208.0,841651919.0,target_year,,,,,,,,,,SOE_target,0.07094400000000001,0.097976,25.68034068,0.036949366,0.108646931,0.249586126,0.148127441,0.226792005,0.361439131,2.088994379,0.018116082,True,CSI_nonSOE,0.02076786416202417,0.07094400000000001,-0.05017613583797584,-7823713980.536383,0.0,1,0,,
600018.SH,上港集团,CSI,地方国有企业,工业,交通运输,工业--交通运输--交通基础设施--海港与服务,2021,,,,,,,,,,170787000000.0,,0.091969319,14682049061.0,1025159017.0,target_year,,,,,,,,,,SOE_target,0.11466,0.156769,25.77263936,0.03221372,0.123286456,0.171935177,0.136270403,0.219397156,0.384449232,1.948323212,0.026470955,True,CSI_nonSOE,0.012367509106762445,0.11466,-0.10229249089323755,-17470227642.18336,0.0,1,0,,
600018.SH,上港集团,CSI,地方国有企业,工业,交通运输,工业--交通运输--交通基础设施--海港与服务,2022,,,,,,,,,,181802000000.0,,0.100678041,17223915521.0,1079524113.0,target_year,,,,,,,,,,SOE_target,0.11762299999999999,0.162399,25.8636858,0.030346527,0.15352339,0.204515865,0.124531649,0.198931958,0.368773225,1.726333925,0.025329621,True,CSI_nonSOE,0.01122330443072847,0.11762299999999999,-0.10639969556927152,-19343677453.8847,0.0,1,0,,
600018.SH,上港集团,CSI,地方国有企业,工业,交通运输,工业--交通运输--交通基础设施--海港与服务,2023,,,,,,,,,,203575515172.97,,0.068344,13203137528.87,710060052.85,target_year,,,,,,,,,,SOE_target,0.08431699999999999,0.112127,25.926182,0.03082,0.180808,0.205288,0.113647,0.204329,0.333521,1.798842,0.031603,True,CSI_nonSOE,0.013310627967233646,0.08431699999999999,-0.07100637203276634,-14455158767.133978,0.0,1,0,,
600018.SH,上港集团,CSI,地方国有企业,工业,交通运输,工业--交通运输--交通基础设施--海港与服务,2024,,,,,,,,,,212055541073.03,,0.0729,14954353821.25,504486954.24,target_year,,,,,,,,,,SOE_target,0.092489,0.11661099999999999,26.039303,0.030003,0.114556,0.18927,0.148418,0.217938,0.331028,2.323133,0.039309,True,CSI_nonSOE,0.012760517428339627,0.092489,-0.07972848257166038,-16906866510.665083,0.0,1,0,,
600018.SH,上港集团,CSI,地方国有企业,工业,交通运输,工业--交通运输--交通基础设施--海港与服务,2025,,,,,,,,,,221735642992.73,,0.064018,13564589175.03,630411404.37,target_year,,,,,,,,,,SOE_target,0.086867,0.09892200000000001,26.080114,0.026759,0.116886,0.178859,0.12108,0.214478,0.304858,2.113032,0.029471,True,CSI_nonSOE,0.014353148458565501,0.086867,-0.0725138515414345,-16078905497.419344,0.0,1,0,,
600019.SH,宝钢股份,CSI,中央国有企业,材料,钢铁Ⅱ,材料--钢铁Ⅱ--钢铁Ⅲ--钢铁Ⅳ,2019,,,,,,,,,,339633000000.0,,0.043755661,12423230252.0,2437636362.0,target_year,,,,,,,,,,SOE_target,0.050975,0.070026,26.537816,0.792700029,0.659924097,0.884642307,-0.039430299,0.472887343,0.435326289,0.900867436,0.038072477,True,CSI_nonSOE,0.09309113917280391,0.050975,0.042116139172803914,14304030695.676912,14304030695.676912,0,2,"HHI_lag, MarketShare_lag",
600019.SH,宝钢股份,CSI,中央国有企业,材料,钢铁Ⅱ,材料--钢铁Ⅱ--钢铁Ⅲ--钢铁Ⅳ,2020,,,,,,,,,,356225000000.0,,0.039689294,12676775744.0,1461545060.0,target_year,,,,,,,,,,SOE_target,0.046049,0.069955,26.55113147,0.683043162,0.517023931,0.860518238,-0.005954304,0.459035729,0.436992531,0.98474751,0.051892104,True,CSI_nonSOE,0.09326208307832437,0.046049,0.04721308307832437,16818480519.5761,16818480519.5761,0,1,MarketShare_lag,
600019.SH,宝钢股份,CSI,中央国有企业,材料,钢铁Ⅱ,材料--钢铁Ⅱ--钢铁Ⅲ--钢铁Ⅳ,2021,,,,,,,,,,380398000000.0,,0.066824544,23631996673.0,1787896717.0,target_year,,,,,,,,,,SOE_target,0.083376,0.12593500000000002,26.59882854,0.679927421,0.51422962,0.811640837,0.048629822,0.44341339,0.439279576,1.134195774,0.054945494,True,CSI_nonSOE,0.09333915958229537,0.083376,0.009963159582295364,3789965978.7859917,3789965978.7859917,1,0,,
600019.SH,宝钢股份,CSI,中央国有企业,材料,钢铁Ⅱ,材料--钢铁Ⅱ--钢铁Ⅲ--钢铁Ⅳ,2022,,,,,,,,,,398249000000.0,,0.034483213,12186850692.0,1546049308.0,target_year,,,,,,,,,,SOE_target,0.038641999999999996,0.063217,26.66448276,0.666046227,0.499605416,0.985353956,0.031417823,0.420460315,0.446051724,1.086979158,0.062887585,True,CSI_nonSOE,0.09980259683983697,0.038641999999999996,0.061160596839836975,24357146530.868237,24357146530.868237,1,0,,
600019.SH,宝钢股份,CSI,中央国有企业,材料,钢铁Ⅱ,材料--钢铁Ⅱ--钢铁Ⅲ--钢铁Ⅳ,2023,,,,,,,,,,376051483588.01,,0.034404,11944052177.22,993608758.07,target_year,,,,,,,,,,SOE_target,0.038966,0.060484,26.710343,0.684954,0.520062,0.941136,0.077592,0.406806,0.457936,1.214609,0.056304,True,CSI_nonSOE,0.09851357176302634,0.038966,0.059547571763026344,22392952705.54955,22392952705.54955,0,1,MarketShare_lag,
600019.SH,宝钢股份,CSI,中央国有企业,材料,钢铁Ⅱ,材料--钢铁Ⅱ--钢铁Ⅲ--钢铁Ⅳ,2024,,,,,,,,,,364873528314.28,,0.023675,7361925588.6,1276380176.69,target_year,,,,,,,,,,SOE_target,0.028655,0.036729,26.652992,0.653022,0.490176,0.886335,0.060295,0.436439,0.414607,1.198963,0.05592,True,CSI_nonSOE,0.10068786292032543,0.028655,0.07203286292032543,26282884848.318012,26282884848.318012,1,0,,
600019.SH,宝钢股份,CSI,中央国有企业,材料,钢铁Ⅱ,材料--钢铁Ⅱ--钢铁Ⅲ--钢铁Ⅳ,2025,,,,,,,,,,363020038344.87,,0.031204,10345621735.27,982227625.3,target_year,,,,,,,,,,SOE_target,0.038849999999999996,0.050873999999999996,26.622817,0.646787,0.484294,0.865952,0.062198,0.440586,0.396602,1.204451,0.052995,True,CSI_nonSOE,0.10207767353035435,0.038849999999999996,0.06322767353035436,22952912469.44616,22952912469.44616,1,0,,
600023.SH,浙能电力,CSI,地方国有企业,公用事业,公用事业Ⅱ,公用事业--公用事业Ⅱ--电力--电力公用事业,2019,,,,,,,,,,110970000000.0,,0.050534123,4293272329.0,1314488272.0,target_year,,,,,,,,,,SOE_target,0.06282,0.068494,25.42098188,0.094581215,0.148389593,0.504803137,0.064295709,0.496581631,0.369600083,1.42961057,0.0190636,True,CSI_nonSOE,0.09512052797917792,0.06282,0.032300527979177915,3584389589.8493733,3584389589.8493733,1,0,,
600023.SH,浙能电力,CSI,地方国有企业,公用事业,公用事业Ⅱ,公用事业--公用事业Ⅱ--电力--电力公用事业,2020,,,,,,,,,,114512000000.0,,0.061668532,6086298670.0,975514753.9,target_year,,,,,,,,,,SOE_target,0.069368,0.092206,25.43252377,0.07992097,0.143602423,0.488571268,0.111892252,0.462811915,0.346698754,1.869567311,0.015793276,True,CSI_nonSOE,0.09667543078796009,0.069368,0.027307430787960094,3127028514.3908863,3127028514.3908863,1,0,,
600023.SH,浙能电力,CSI,地方国有企业,公用事业,公用事业Ⅱ,公用事业--公用事业Ⅱ--电力--电力公用事业,2021,,,,,,,,,,115629000000.0,,0.000902358,-861139048.7,965477507.3,target_year,,,,,,,,,,SOE_target,-0.024626000000000002,-0.013076,25.46394921,0.067378873,0.126082379,0.454519211,0.114780798,0.432954564,0.333572726,1.787152941,0.027964981,True,CSI_nonSOE,0.09421467026343783,-0.024626000000000002,0.11884067026343784,13741427861.891054,13741427861.891054,1,0,,
600023.SH,浙能电力,CSI,地方国有企业,公用事业,公用事业Ⅱ,公用事业--公用事业Ⅱ--电力--电力公用事业,2022,,,,,,,,,,120921000000.0,,-0.004608855,-1828584556.0,1271279231.0,target_year,,,,,,,,,,SOE_target,-0.026208999999999996,-0.029239,25.47365009,0.075649559,0.130392082,0.613609027,0.03506961,0.416813536,0.379713517,1.175566727,0.040747512,True,CSI_nonSOE,0.09295926618610292,-0.026208999999999996,0.11916826618610292,14409945915.489752,14409945915.489752,1,0,,
600023.SH,浙能电力,CSI,地方国有企业,公用事业,公用事业Ⅱ,公用事业--公用事业Ⅱ--电力--电力公用事业,2023,,,,,,,,,,147240775217.75,,0.05267,6519770719.89,1235423486.11,target_year,,,,,,,,,,SOE_target,0.06791900000000001,0.101326,25.5184,0.073071,0.129341,0.675243,0.026448,0.388835,0.441894,1.12047,0.046614,True,CSI_nonSOE,0.08595417609252425,0.06791900000000001,0.018035176092524238,2655513309.0519,2655513309.0519,1,0,,
600023.SH,浙能电力,CSI,地方国有企业,公用事业,公用事业Ⅱ,公用事业--公用事业Ⅱ--电力--电力公用事业,2024,,,,,,,,,,154085417032.43,,0.057312,7753383026.78,1077486855.79,target_year,,,,,,,,,,SOE_target,0.073738,0.110196,25.715335,0.082944,0.121904,0.712701,0.070542,0.360131,0.456895,1.324005,0.061328,True,CSI_nonSOE,0.08349740008937517,0.073738,0.009759400089375175,1503781232.7577085,1503781232.7577085,1,0,,
600023.SH,浙能电力,CSI,地方国有企业,公用事业,公用事业Ⅱ,公用事业--公用事业Ⅱ--电力--电力公用事业,2025,,,,,,,,,,156337713781.7,,0.054322,7528041660.9,964494281.96,target_year,,,,,,,,,,SOE_target,0.064713,0.100489,25.760773,0.076372,0.118327,0.580798,0.020493,0.379917,0.436542,1.089867,0.062822,True,CSI_nonSOE,0.07522373558742082,0.064713,0.010510735587420814,1643224371.9013238,1643224371.9013238,1,0,,
600025.SH,华能水电,CSI,中央国有企业,公用事业,公用事业Ⅱ,公用事业--公用事业Ⅱ--电力--新能源发电业者,2019,,,,,,,,,,167460000000.0,,0.059975261,5544565706.0,4498862232.0,target_year,,,,,,,,,,SOE_target,0.063759,0.11171900000000001,25.84940273,0.02561941,0.148389593,0.090486908,-0.206299429,0.893747433,0.72808843,0.19707849,0.045755398,True,CSI_nonSOE,0.011301612790831111,0.063759,-0.052457387209168885,-8784514062.04742,0.0,0,3,"AssetTurnover_lag, FixedAssetsRatio_lag, CurrentRatio_lag",
600025.SH,华能水电,CSI,中央国有企业,公用事业,公用事业Ⅱ,公用事业--公用事业Ⅱ--电力--新能源发电业者,2020,,,,,,,,,,164632000000.0,,0.052680692,4834590181.0,3838342905.0,target_year,,,,,,,,,,SOE_target,0.057054,0.082913,25.84400745,0.030372672,0.143602423,0.122003663,-0.120187065,0.890221278,0.661096442,0.272467001,0.025680616,True,CSI_nonSOE,0.021969371140266092,0.057054,-0.03508462885973391,-5776052618.435713,0.0,0,2,"FixedAssetsRatio_lag, CurrentRatio_lag",
600025.SH,华能水电,CSI,中央国有企业,公用事业,公用事业Ⅱ,公用事业--公用事业Ⅱ--电力--新能源发电业者,2021,,,,,,,,,,160654000000.0,,0.057343974,5837544928.0,3375009615.0,target_year,,,,,,,,,,SOE_target,0.04386,0.09267500000000001,25.82697914,0.024891608,0.126082379,0.114008133,-0.098900698,0.898091745,0.614218443,0.28005557,0.026261211,True,CSI_nonSOE,0.029172994295648222,0.04386,-0.014687005704351781,-2359526214.426931,0.0,0,2,"FixedAssetsRatio_lag, CurrentRatio_lag",
600025.SH,华能水电,CSI,中央国有企业,公用事业,公用事业Ⅱ,公用事业--公用事业Ⅱ--电力--新能源发电业者,2022,,,,,,,,,,162879000000.0,,0.05980324,6801255631.0,2939458221.0,target_year,,,,,,,,,,SOE_target,0.051261,0.102966,25.80252053,0.021238323,0.130392082,0.121880419,-0.118007314,0.90376974,0.587768792,0.162074982,0.037470232,True,CSI_nonSOE,0.03135633206643923,0.051261,-0.01990466793356077,-3242052408.350445,0.0,0,2,"FixedAssetsRatio_lag, CurrentRatio_lag",
600025.SH,华能水电,CSI,中央国有企业,公用事业,公用事业Ⅱ,公用事业--公用事业Ⅱ--电力--新能源发电业者,2023,,,,,,,,,,195239265297.35,,0.053107,7638074711.0,2730456864.91,target_year,,,,,,,,,,SOE_target,0.052607999999999995,0.113096,25.816276,0.019028,0.129341,0.128562,-0.108919,0.902161,0.571473,0.169814,0.048581,True,CSI_nonSOE,0.03345801873695782,0.052607999999999995,-0.019149981263042175,-3738828272.254373,0.0,0,2,"FixedAssetsRatio_lag, CurrentRatio_lag",
600025.SH,华能水电,CSI,中央国有企业,公用事业,公用事业Ⅱ,公用事业--公用事业Ⅱ--电力--新能源发电业者,2024,,,,,,,,,,214607123371.44,,0.051125,8297028967.06,2674676981.69,target_year,,,,,,,,,,SOE_target,0.06363100000000001,0.11774699999999999,25.997492,0.019985,0.121904,0.128588,-0.126507,0.906214,0.637761,0.149448,0.092856,True,CSI_nonSOE,0.019547166585314593,0.06363100000000001,-0.044083833414685414,-9460704676.311401,0.0,0,2,"FixedAssetsRatio_lag, CurrentRatio_lag",
600025.SH,华能水电,CSI,中央国有企业,公用事业,公用事业Ⅱ,公用事业--公用事业Ⅱ--电力--新能源发电业者,2025,,,,,,,,,,226717001711.92,,0.049089,8504138221.82,2625266463.59,target_year,,,,,,,,,,SOE_target,0.060695,0.109335,26.092075,0.021295,0.118327,0.119065,-0.17103,0.897786,0.6311,0.141749,0.09497,True,CSI_nonSOE,0.0188900009415522,0.060695,-0.0418049990584478,-9477904043.100924,0.0,0,2,"FixedAssetsRatio_lag, CurrentRatio_lag",
600026.SH,中远海能,CSI,中央国有企业,工业,交通运输,工业--交通运输--海上运输Ⅲ--海上运输Ⅳ,2019,,,,,,,,,,65841861000.0,,0.027846783,413857000.0,1419627000.0,target_year,,,,,,,,,,SOE_target,0.035864,0.014698,24.87298624,0.013892163,0.111099702,0.195469911,-0.062080665,0.777889449,0.53841184,0.638202775,0.054344432,True,CSI_nonSOE,0.01694369669763586,0.035864,-0.01892030330236414,-1245747980.1121006,0.0,0,1,FixedAssetsRatio_lag,
600026.SH,中远海能,CSI,中央国有企业,工业,交通运输,工业--交通运输--海上运输Ⅲ--海上运输Ⅳ,2020,,,,,,,,,,65959857000.0,,0.051866941,2381415000.0,1039721000.0,target_year,,,,,,,,,,SOE_target,0.059844,0.075906,24.91052166,0.014177998,0.108646931,0.21230603,-0.082326986,0.74665104,0.55700514,0.561023832,0.019372797,True,CSI_nonSOE,0.012830602559848983,0.059844,-0.04701339744015102,-3100996972.2365274,0.0,0,1,FixedAssetsRatio_lag,
600026.SH,中远海能,CSI,中央国有企业,工业,交通运输,工业--交通运输--海上运输Ⅲ--海上运输Ⅳ,2021,,,,,,,,,,59388937000.0,,-0.070025062,-4985386000.0,826672000.0,target_year,,,,,,,,,,SOE_target,-0.05904499999999999,-0.157733,24.91231217,0.020449402,0.123286456,0.246858649,-0.030524157,0.735252413,0.46024222,0.796482244,0.083477455,True,CSI_nonSOE,0.03000616318872823,-0.05904499999999999,0.08905116318872822,5288653920.392099,5288653920.392099,1,0,,
600026.SH,中远海能,CSI,中央国有企业,工业,交通运输,工业--交通运输--海上运输Ⅲ--海上运输Ⅳ,2022,,,,,,,,,,68250082000.0,,0.035972367,1461118000.0,993999000.0,target_year,,,,,,,,,,SOE_target,0.058710000000000005,0.048573000000000005,24.8073738,0.011485638,0.15352339,0.20175224,-0.115369871,0.728866944,0.496164025,0.486296004,0.049270254,True,CSI_nonSOE,0.019912273486606957,0.058710000000000005,-0.03879772651339305,-2647948015.9526496,0.0,1,0,,
600026.SH,中远海能,CSI,中央国有企业,工业,交通运输,工业--交通运输--海上运输Ⅲ--海上运输Ⅳ,2023,,,,,,,,,,72083612000.0,,0.066136,3348717000.0,1418587000.0,target_year,,,,,,,,,,SOE_target,0.087773,0.10153499999999999,24.946444,0.015811,0.180808,0.290927,-0.032351,0.691269,0.508127,0.791518,0.065197,True,CSI_nonSOE,0.025451965675612753,0.087773,-0.06232103432438725,-4492325257.677813,0.0,1,0,,
600026.SH,中远海能,CSI,中央国有企业,工业,交通运输,工业--交通运输--海上运输Ⅲ--海上运输Ⅳ,2024,,,,,,,,,,81042317000.0,,0.066951,4038089000.0,1387805000.0,target_year,,,,,,,,,,SOE_target,0.086607,0.11495,25.001093,0.018027,0.114556,0.312291,0.010305,0.69434,0.485274,1.085128,0.078267,True,CSI_nonSOE,0.0300384108180701,0.086607,-0.056568589181929904,-4584449536.724734,0.0,1,0,,
600026.SH,中远海能,CSI,中央国有企业,工业,交通运输,工业--交通运输--海上运输Ⅲ--海上运输Ⅳ,2025,,,,,,,,,,92078580000.0,,0.058354,4037075000.0,1336121000.0,target_year,,,,,,,,,,SOE_target,0.075335,0.09814,25.118237,0.016654,0.116886,0.30215,-0.008449,0.672639,0.518953,0.933002,0.097176,True,CSI_nonSOE,0.0214910371145495,0.075335,-0.0538439628854505,-4957875644.064984,0.0,1,0,,
600027.SH,华电国际,CSI,中央国有企业,公用事业,公用事业Ⅱ,公用事业--公用事业Ⅱ--电力--电力公用事业,2019,,,,,,,,,,232164000000.0,,0.035928784,3385324000.0,4956059000.0,target_year,,,,,,,,,,SOE_target,0.044404000000000006,0.058502,26.15039902,0.147175376,0.148389593,0.391599295,-0.218739097,0.773628096,0.700030648,0.341196999,0.07580338,True,CSI_nonSOE,0.029581250116307592,0.044404000000000006,-0.014822749883692414,-3441308903.9975657,0.0,0,2,"FixedAssetsRatio_lag, CurrentRatio_lag",
600027.SH,华电国际,CSI,中央国有企业,公用事业,公用事业Ⅱ,公用事业--公用事业Ⅱ--电力--电力公用事业,2020,,,,,,,,,,236691000000.0,,0.036277765,4166756000.0,4419862000.0,target_year,,,,,,,,,,SOE_target,0.04776,0.06139,26.17071138,0.136033956,0.143602423,0.399220663,-0.175434407,0.759751414,0.652799229,0.395072825,0.064993263,True,CSI_nonSOE,0.03496568878577125,0.04776,-0.012794311214228749,-3028298315.6070166,0.0,0,2,"FixedAssetsRatio_lag, CurrentRatio_lag",
600027.SH,华电国际,CSI,中央国有企业,公用事业,公用事业Ⅱ,公用事业--公用事业Ⅱ--电力--电力公用事业,2021,,,,,,,,,,222386000000.0,,0.004040654,-3341982000.0,4240567000.0,target_year,,,,,,,,,,SOE_target,-0.012641,-0.04884,26.19002106,0.11752776,0.126082379,0.381278595,-0.144868062,0.771747976,0.601196772,0.420261511,0.078810724,True,CSI_nonSOE,0.03907129513211166,-0.012641,0.05171229513211166,11500090465.249784,11500090465.249784,0,1,FixedAssetsRatio_lag,
600027.SH,华电国际,CSI,中央国有企业,公用事业,公用事业Ⅱ,公用事业--公用事业Ⅱ--电力--电力公用事业,2022,,,,,,,,,,226802000000.0,,0.017901154,-30791000.0,4090816000.0,target_year,,,,,,,,,,SOE_target,0.010929,-0.000492,26.12768062,0.108193469,0.130392082,0.4399417,-0.162191446,0.636210561,0.657044275,0.450692943,0.057896499,True,CSI_nonSOE,0.034545709385806755,0.010929,0.023616709385806754,5356316922.119743,5356316922.119743,1,0,,
600027.SH,华电国际,CSI,中央国有企业,公用事业,公用事业Ⅱ,公用事业--公用事业Ⅱ--电力--电力公用事业,2023,,,,,,,,,,226476498000.0,,0.036399,4601094000.0,3642399000.0,target_year,,,,,,,,,,SOE_target,0.041466,0.069153,26.147345,0.096947,0.129341,0.471786,-0.149299,0.630566,0.678006,0.463299,0.045957,True,CSI_nonSOE,0.03287873365306483,0.041466,-0.008587266346935171,-1944814009.6471307,0.0,1,0,,
600027.SH,华电国际,CSI,中央国有企业,公用事业,公用事业Ⅱ,公用事业--公用事业Ⅱ--电力--电力公用事业,2024,,,,,,,,,,227138590000.0,,0.039234,5669855000.0,3241716000.0,target_year,,,,,,,,,,SOE_target,0.05258,0.080532,26.145907,0.101013,0.121904,0.513485,-0.152841,0.626863,0.620701,0.452266,0.046311,True,CSI_nonSOE,0.04234065037383167,0.05258,-0.010239349626168334,-2325751436.6049027,0.0,1,0,,
600027.SH,华电国际,CSI,中央国有企业,公用事业,公用事业Ⅱ,公用事业--公用事业Ⅱ--电力--电力公用事业,2025,,,,,,,,,,264230768000.0,,0.034895,6070315000.0,3149957000.0,target_year,,,,,,,,,,SOE_target,0.056004,0.08776400000000001,26.148826,0.098093,0.118327,0.495538,-0.158672,0.612499,0.610296,0.446625,0.039921,True,CSI_nonSOE,0.04203877848321276,0.056004,-0.013965221516787238,-3690041206.670817,0.0,1,0,,
600028.SH,中国石化,CSI,中央国有企业,能源,石油石化,能源--石油石化--石油天然气--综合性石油天然气,2019,,,,,,,,,,1755070000000.0,,0.042430192,57465000000.0,17003000000.0,target_year,,,,,,,,,,SOE_target,0.059583000000000004,0.07896600000000001,28.09620565,0.515629105,0.452070271,1.772760125,-0.038295355,0.473981792,0.462079573,0.892093053,0.06469477,True,CSI_nonSOE,0.14008586537465806,0.059583000000000004,0.08050286537465806,141288163933.10114,141288163933.10114,0,1,FirmSize_lag,
600028.SH,中国石化,CSI,中央国有企业,能源,石油石化,能源--石油石化--石油天然气--综合性石油天然气,2020,,,,,,,,,,1733810000000.0,,0.027852036,33096000000.0,15194000000.0,target_year,,,,,,,,,,SOE_target,0.033555,0.044735,28.19353043,0.502320213,0.44417932,1.732990498,-0.074366222,0.453480799,0.500968907,0.773553283,0.080419539,True,CSI_nonSOE,0.1324194266656475,0.033555,0.09886442666564749,171412131597.16626,171412131597.16626,0,1,FirmSize_lag,
600028.SH,中国石化,CSI,中央国有企业,能源,石油石化,能源--石油石化--石油天然气--综合性石油天然气,2021,,,,,,,,,,1889260000000.0,,0.046046193,71975000000.0,15018000000.0,target_year,,,,,,,,,,SOE_target,0.065389,0.094974,28.18133953,0.475113231,0.429200271,1.174851729,-0.038525094,0.411817938,0.490797408,0.872086788,0.075665372,True,CSI_nonSOE,0.11202703396332563,0.065389,0.04663803396332562,88111372045.55257,88111372045.55257,0,1,FirmSize_lag,
600028.SH,中国石化,CSI,中央国有企业,能源,石油石化,能源--石油石化--石油天然气--综合性石油天然气,2022,,,,,,,,,,1948640000000.0,,0.042553781,66153000000.0,16769000000.0,target_year,,,,,,,,,,SOE_target,0.054667,0.084872,28.26720369,0.465583372,0.425995256,1.479136421,-0.044068164,0.399556439,0.515642939,0.870172156,0.076708015,True,CSI_nonSOE,0.1242014794083156,0.054667,0.06953447940831559,135497667954.22008,135497667954.22008,0,1,FirmSize_lag,
600028.SH,中国石化,CSI,中央国有企业,能源,石油石化,能源--石油石化--石油天然气--综合性石油天然气,2023,,,,,,,,,,2024696000000.0,,0.037724,58310000000.0,18069000000.0,target_year,,,,,,,,,,SOE_target,0.047907000000000005,0.073452,28.298153,0.456404,0.418201,1.69747,-0.074023,0.424268,0.519543,0.783865,0.088537,True,CSI_nonSOE,0.12918421836490365,0.047907000000000005,0.08127721836490365,164561658914.54697,164561658914.54697,0,1,FirmSize_lag,
600028.SH,中国石化,CSI,中央国有企业,能源,石油石化,能源--石油石化--石油天然气--综合性石油天然气,2024,,,,,,,,,,2081440000000.0,,0.032449,48939000000.0,18601000000.0,target_year,,,,,,,,,,SOE_target,0.039847,0.060462999999999996,28.336441,0.460426,0.410755,1.583995,-0.055634,0.430261,0.527925,0.825923,0.084701,True,CSI_nonSOE,0.12847536963848866,0.039847,0.08862836963848866,184474633700.33585,184474633700.33585,0,1,FirmSize_lag,
600028.SH,中国石化,CSI,中央国有企业,能源,石油石化,能源--石油石化--石油天然气--综合性石油天然气,2025,,,,,,,,,,2153485000000.0,,0.024018,32476000000.0,19247000000.0,target_year,,,,,,,,,,SOE_target,0.027008,0.039526,28.364081,0.453969,0.406814,1.46869,-0.071451,0.444803,0.532945,0.779094,0.06688,True,CSI_nonSOE,0.12133918043974976,0.027008,0.09433118043974975,203140782109.2945,203140782109.2945,0,1,FirmSize_lag,
600029.SH,南方航空,CSI,中央国有企业,工业,交通运输,工业--交通运输--航空客运Ⅲ--航空客运Ⅳ,2019,,,,,,,,,,306928000000.0,,0.02764492,2640000000.0,5845000000.0,target_year,,,,,,,,,,SOE_target,0.035481,0.040815000000000004,26.23244767,0.158517157,0.111099702,0.59297309,-0.24140612,0.844235044,0.682246132,0.287643242,0.097534309,True,CSI_nonSOE,-0.0036453556208611154,0.035481,-0.039126355620861114,-12008974077.99966,0.0,0,2,"FixedAssetsRatio_lag, CurrentRatio_lag",
600029.SH,南方航空,CSI,中央国有企业,工业,交通运输,工业--交通运输--航空客运Ⅲ--航空客运Ⅳ,2020,,,,,,,,,,326383000000.0,,-0.012656909,-10847000000.0,6716000000.0,target_year,,,,,,,,,,SOE_target,-0.027794,-0.162271,26.44987903,0.153048695,0.108646931,0.534837157,-0.256581348,0.404036126,0.748054918,0.17528537,0.050917479,True,CSI_nonSOE,-0.021985049750785052,-0.027794,0.0058089502492149475,1895942609.1895223,1895942609.1895223,0,1,CurrentRatio_lag,
600029.SH,南方航空,CSI,中央国有企业,工业,交通运输,工业--交通运输--航空客运Ⅲ--航空客运Ⅳ,2021,,,,,,,,,,323211000000.0,,-0.018266705,-12106000000.0,6202000000.0,target_year,,,,,,,,,,SOE_target,-0.02581,-0.176171,26.51133738,0.109394427,0.123286456,0.274831797,-0.173710028,0.363232766,0.7391684,0.407447665,0.033889633,True,CSI_nonSOE,-0.03899729513173139,-0.02581,-0.013187295131731391,-4262278846.822035,0.0,1,0,,
600029.SH,南方航空,CSI,中央国有企业,工业,交通运输,工业--交通运输--航空客运Ⅲ--航空客运Ⅳ,2022,,,,,,,,,,312246000000.0,,-0.085487084,-32699000000.0,6006000000.0,target_year,,,,,,,,,,SOE_target,-0.081834,-0.599289,26.5015712,0.086545358,0.15352339,0.293349384,-0.2262423,0.380658455,0.738536127,0.341165871,0.053021091,True,CSI_nonSOE,-0.038999920371323576,-0.081834,0.04283407962867643,13374770027.7357,13374770027.7357,0,1,CurrentRatio_lag,
600029.SH,南方航空,CSI,中央国有企业,工业,交通运输,工业--交通运输--航空客运Ⅲ--航空客运Ⅳ,2023,,,,,,,,,,309596000000.0,,0.005775,-4140000000.0,5928000000.0,target_year,,,,,,,,,,SOE_target,0.013012999999999999,-0.105685,26.467057,0.068893,0.180808,0.254623,-0.345894,0.396537,0.822707,0.236494,0.037458,True,CSI_nonSOE,-0.04274224717124611,0.013012999999999999,-0.05575524717124611,-17261601503.22911,0.0,0,2,"FinancialLeverage_lag, CurrentRatio_lag",
600029.SH,南方航空,CSI,中央国有企业,工业,交通运输,工业--交通运输--航空客运Ⅲ--航空客运Ⅳ,2024,,,,,,,,,,329979000000.0,,0.012089,-1769000000.0,5758000000.0,target_year,,,,,,,,,,SOE_target,0.021871,-0.049129,26.458534,0.12459,0.114556,0.487085,-0.327837,0.412641,0.830854,0.215852,0.036722,True,CSI_nonSOE,-0.02621404949414599,0.021871,-0.04808504949414599,-15867056547.028801,0.0,0,2,"FinancialLeverage_lag, CurrentRatio_lag",
600029.SH,南方航空,CSI,中央国有企业,工业,交通运输,工业--交通运输--航空客运Ⅲ--航空客运Ⅳ,2025,,,,,,,,,,350053000000.0,,0.018306,855000000.0,5553000000.0,target_year,,,,,,,,,,SOE_target,0.029478,0.024175,26.522295,0.118891,0.116886,0.516421,-0.304986,0.411478,0.839881,0.27285,0.049085,True,CSI_nonSOE,-0.02515448618523322,0.029478,-0.054632486185233226,-19124265686.599445,0.0,0,2,"FinancialLeverage_lag, CurrentRatio_lag",
600039.SH,四川路桥,CSI,地方国有企业,工业,建筑,工业--建筑--建筑与工程Ⅲ--建筑与工程Ⅳ,2019,,,,,,,,,,97615480976.0,,0.037211172,1701863780.0,1930522630.0,target_year,,,,,,,,,,SOE_target,0.043567,0.115012,25.1787028,0.009802807,0.178025019,0.501353906,0.024012975,0.027128851,0.820162075,1.051384264,0.043630385,True,CSI_nonSOE,-0.002518188803396465,0.043567,-0.04608518880339647,-4498627870.913316,0.0,0,1,FinancialLeverage_lag,
600039.SH,四川路桥,CSI,地方国有企业,工业,建筑,工业--建筑--建筑与工程Ⅲ--建筑与工程Ⅳ,2020,,,,,,,,,,113224000000.0,,0.047205214,3025220328.0,2319530755.0,target_year,,,,,,,,,,SOE_target,0.056818999999999995,0.158343,25.30430193,0.011120884,0.179054819,0.571846466,0.014592269,0.025621943,0.823336581,1.030749274,0.051754319,True,CSI_nonSOE,-0.002480638181163758,0.056818999999999995,-0.05929963818116375,-6714142233.424085,0.0,0,1,FinancialLeverage_lag,
600039.SH,四川路桥,CSI,地方国有企业,工业,建筑,工业--建筑--建筑与工程Ⅲ--建筑与工程Ⅳ,2021,,,,,,,,,,137038000000.0,,0.058043518,5582069265.0,2372125857.0,target_year,,,,,,,,,,SOE_target,0.072688,0.224344,25.45263175,0.011374577,0.179498397,0.577043095,0.041942153,0.028810282,0.781285264,1.091306515,0.043553685,True,CSI_nonSOE,-0.003935527011391493,0.072688,-0.0766235270113915,-10500334894.587069,0.0,1,0,,
600039.SH,四川路桥,CSI,地方国有企业,工业,建筑,工业--建筑--建筑与工程Ⅲ--建筑与工程Ⅳ,2022,,,,,,,,,,208299000000.0,,0.066383319,11212905939.0,2614655615.0,target_year,,,,,,,,,,SOE_target,0.093207,0.325278,25.64352755,0.013775122,0.17910201,0.676295862,0.075618992,0.026636224,0.777198956,1.166354427,0.018731852,True,CSI_nonSOE,-0.001047762956462986,0.093207,-0.09425476295646298,-19633172869.068283,0.0,1,0,,
600039.SH,四川路桥,CSI,地方国有企业,工业,建筑,工业--建筑--建筑与工程Ⅲ--建筑与工程Ⅳ,2023,,,,,,,,,,240914762578.04,,0.04862,9003845893.62,2709537928.39,target_year,,,,,,,,,,SOE_target,0.060896,0.20717400000000002,26.062239,0.019707,0.173049,0.779731,0.109348,0.029618,0.779158,1.209964,0.025586,True,CSI_nonSOE,-0.0015916470481034117,0.060896,-0.06248764704810341,-15054196652.654196,0.0,1,0,,
600039.SH,四川路桥,CSI,地方国有企业,工业,建筑,工业--建筑--建筑与工程Ⅲ--建筑与工程Ⅳ,2024,,,,,,,,,,239773354769.84,,0.042016,7209866536.24,2864382037.39,target_year,,,,,,,,,,SOE_target,0.050009,0.155112,26.207709,0.015611,0.176169,0.510636,0.090428,0.07493,0.789344,1.17526,0.032152,True,CSI_nonSOE,-0.015843253087719042,0.050009,-0.06585225308771904,-15789615641.99495,0.0,1,0,,
600039.SH,四川路桥,CSI,地方国有企业,工业,建筑,工业--建筑--建筑与工程Ⅲ--建筑与工程Ⅳ,2025,,,,,,,,,,267673535809.41,,0.035663,7296866124.06,2249190329.58,target_year,,,,,,,,,,SOE_target,0.045757000000000006,0.14499,26.20296,0.015081,0.174423,0.444562,0.109226,0.016385,0.788718,1.199839,0.031514,True,CSI_nonSOE,-0.019842248155006847,0.045757000000000006,-0.06559924815500685,-17559182700.0896,0.0,1,0,,
600048.SH,保利发展,CSI,中央国有企业,房地产,房地产Ⅱ,房地产--房地产Ⅱ--房地产管理和开发--房地产开发,2019,,,,,,,,,,1033210000000.0,,0.031517,27959019793.0,4604619675.0,target_year,,,,,,,,,,SOE_target,0.056267,0.201184,27.46436886,0.31565396,0.396279334,0.231234939,0.37990177,0.006463865,0.779686125,1.722829263,0.000713354,True,CSI_nonSOE,0.01789614464174781,0.056267,-0.03837085535825219,-39645151464.699745,0.0,0,2,"FirmSize_lag, CapexRatio_lag",
600048.SH,保利发展,CSI,中央国有企业,房地产,房地产Ⅱ,房地产--房地产Ⅱ--房地产管理和开发--房地产开发,2020,,,,,,,,,,1251370000000.0,,0.025658366,28948429857.0,3159806207.0,target_year,,,,,,,,,,SOE_target,0.045993000000000006,0.172182,27.66369034,0.314541861,0.408200157,0.227794552,0.326382738,0.007711161,0.777855138,1.562316531,0.000270148,True,CSI_nonSOE,0.014391756066366737,0.045993000000000006,-0.03160124393363327,-39544848621.23067,0.0,0,2,"FirmSize_lag, CapexRatio_lag",
600048.SH,保利发展,CSI,中央国有企业,房地产,房地产Ⅱ,房地产--房地产Ⅱ--房地产管理和开发--房地产开发,2021,,,,,,,,,,1399930000000.0,,0.023551996,27387836594.0,5583381396.0,target_year,,,,,,,,,,SOE_target,0.040119999999999996,0.145761,27.855264,0.291838363,0.406330004,0.196621821,0.307236072,0.006557157,0.786924063,1.51142457,0.000317625,True,CSI_nonSOE,0.011211094104590355,0.040119999999999996,-0.02890890589540964,-40470444630.16082,0.0,0,2,"FirmSize_lag, CapexRatio_lag",
600048.SH,保利发展,CSI,中央国有企业,房地产,房地产Ⅱ,房地产--房地产Ⅱ--房地产管理和开发--房地产开发,2022,,,,,,,,,,1470460000000.0,,0.016221919,18346819483.0,5506935348.0,target_year,,,,,,,,,,SOE_target,0.026187000000000002,0.09364800000000001,27.96744553,0.306902177,0.390202805,0.203106181,0.306103727,0.008462026,0.783622181,1.52334607,0.000194029,True,CSI_nonSOE,0.011852793823042565,0.026187000000000002,-0.014334206176957437,-21077876814.968834,0.0,0,2,"FirmSize_lag, CapexRatio_lag",
600048.SH,保利发展,CSI,中央国有企业,房地产,房地产Ⅱ,房地产--房地产Ⅱ--房地产管理和开发--房地产开发,2023,,,,,,,,,,1436911790321.09,,0.011454,12067156751.87,4391271101.53,target_year,,,,,,,,,,SOE_target,0.01694,0.061128999999999996,28.016599,0.281643,0.393852,0.186661,0.311548,0.007289,0.780891,1.543905,0.000127,True,CSI_nonSOE,0.010679812498701619,0.01694,-0.006260187501298382,-8995337230.236368,0.0,0,2,"FirmSize_lag, CapexRatio_lag",
600048.SH,保利发展,CSI,中央国有企业,房地产,房地产Ⅱ,房地产--房地产Ⅱ--房地产管理和开发--房地产开发,2024,,,,,,,,,,1335108015599.69,,0.007223,5001183340.24,4642572794.51,target_year,,,,,,,,,,SOE_target,0.014591,0.025249999999999998,27.993517,0.344359,0.37554,0.231528,0.316517,0.00623,0.765451,1.558916,0.000125,True,CSI_nonSOE,0.013859000772650648,0.014591,-0.0007319992273493517,-977298035.8468993,0.0,0,2,"FirmSize_lag, CapexRatio_lag",
600048.SH,保利发展,CSI,中央国有企业,房地产,房地产Ⅱ,房地产--房地产Ⅱ--房地产管理和开发--房地产开发,2025,,,,,,,,,,1188292419390.15,,0.004163,1034698076.02,3911853774.36,target_year,,,,,,,,,,SOE_target,0.010818000000000001,0.005313,27.920033,0.370621,0.353891,0.220606,0.332909,0.004635,0.743444,1.615099,0.000134,True,CSI_nonSOE,0.01468726290507659,0.010818000000000001,0.0038692629050765884,4597815778.73002,4597815778.73002,0,2,"FirmSize_lag, CapexRatio_lag",
600050.SH,中国联通,CSI,中央国有企业,通讯服务,电信服务,通讯服务--电信服务--多元电信服务--综合电信业务,2019,,,,,,,,,,564231000000.0,,0.010101391,4982083711.0,717430307.0,target_year,,,,,,,,,,SOE_target,0.02538,0.03515,27.01809315,0.216004559,0.376451505,0.51908301,-0.254483315,0.707287713,0.414982728,0.355129441,0.104885955,True,CSI_nonSOE,0.0337124084250139,0.02538,0.008332408425013899,4701403138.054017,4701403138.054017,0,2,"FirmSize_lag, CurrentRatio_lag",
600050.SH,中国联通,CSI,中央国有企业,通讯服务,电信服务,通讯服务--电信服务--多元电信服务--综合电信业务,2020,,,,,,,,,,582475000000.0,,0.009868284,5521311508.0,226721429.0,target_year,,,,,,,,,,SOE_target,0.027835000000000002,0.037942000000000004,27.0587289,0.215538555,0.377325617,0.523110571,-0.218366135,0.648668624,0.426660113,0.404249093,0.106989431,True,CSI_nonSOE,0.03245936585927316,0.027835000000000002,0.0046243658592731544,2693577503.880131,2693577503.880131,0,1,FirmSize_lag,
600050.SH,中国联通,CSI,中央国有企业,通讯服务,电信服务,通讯服务--电信服务--多元电信服务--综合电信业务,2021,,,,,,,,,,593284000000.0,,0.012700151,6305465753.0,1229336920.0,target_year,,,,,,,,,,SOE_target,0.030314,0.042472,27.09055284,0.216924109,0.375629725,0.52757066,-0.195009677,0.622322545,0.430921996,0.488897939,0.100700722,True,CSI_nonSOE,0.03217422042902486,0.030314,0.00186022042902486,1103639017.013585,1103639017.013585,0,1,FirmSize_lag,
600050.SH,中国联通,CSI,中央国有企业,通讯服务,电信服务,通讯服务--电信服务--多元电信服务--综合电信业务,2022,,,,,,,,,,644687000000.0,,0.010162857,7299489574.0,-747627534.0,target_year,,,,,,,,,,SOE_target,0.032905000000000004,0.048088,27.10893985,0.214754812,0.374126853,0.555261993,-0.183530803,0.593470184,0.433306679,0.536927029,0.121437607,True,CSI_nonSOE,0.03218755778279686,0.032905000000000004,-0.000717442217203143,-462525670.68204266,0.0,0,1,FirmSize_lag,
600050.SH,中国联通,CSI,中央国有企业,通讯服务,电信服务,通讯服务--电信服务--多元电信服务--综合电信业务,2023,,,,,,,,,,662844796563.0,,0.011939,8172679256.0,-258709687.0,target_year,,,,,,,,,,SOE_target,0.034735999999999996,0.05212,27.192031,0.214301,0.373379,0.571171,-0.157774,0.54134,0.461329,0.589832,0.112407,True,CSI_nonSOE,0.027932405671045657,0.034735999999999996,-0.006803594328954339,-4509727098.872919,0.0,0,1,FirmSize_lag,
600050.SH,中国联通,CSI,中央国有企业,通讯服务,电信服务,通讯服务--电信服务--多元电信服务--综合电信业务,2024,,,,,,,,,,672836701609.0,,0.013008,9029899018.0,-277552108.0,target_year,,,,,,,,,,SOE_target,0.037571,0.055725,27.219807,0.211944,0.374249,0.567565,-0.15427,0.531136,0.460002,0.607135,0.119744,True,CSI_nonSOE,0.02738796815302018,0.037571,-0.010183031846979822,-6851517560.301307,0.0,0,1,FirmSize_lag,
600050.SH,中国联通,CSI,中央国有企业,通讯服务,电信服务,通讯服务--电信服务--多元电信服务--综合电信业务,2025,,,,,,,,,,671056308815.0,,0.01273,9126662570.0,-584217448.0,target_year,,,,,,,,,,SOE_target,0.036787,0.05474300000000001,27.234768,0.214383,0.373264,0.5808,-0.159284,0.521086,0.45189,0.597066,0.112571,True,CSI_nonSOE,0.028951834655491282,0.036787,-0.007835165344508718,-5257837135.041228,0.0,0,1,FirmSize_lag,
600085.SH,同仁堂,CSI,地方国有企业,医疗保健,医药生物,医疗保健--医药生物--制药--中药,2019,,,,,,,,,,20921822081.0,,0.049259163,985435905.0,45155539.17,target_year,,,,,,,,,,SOE_target,0.092627,0.106557,23.74259659,0.044393641,0.277672488,0.717188255,0.545479466,0.175814588,0.290478372,3.305792709,0.030049137,True,CSI_nonSOE,0.1516662751408073,0.092627,0.0590392751408073,1235209210.2871766,1235209210.2871766,1,0,,
600085.SH,同仁堂,CSI,地方国有企业,医疗保健,医药生物,医疗保健--医药生物--制药--中药,2020,,,,,,,,,,21837512362.0,,0.045586645,1031440915.0,-35941988.89,target_year,,,,,,,,,,SOE_target,0.09274800000000001,0.108193,23.76405857,0.035361667,0.276190471,0.635012754,0.536228996,0.186854042,0.299285654,3.292555198,0.022168669,True,CSI_nonSOE,0.14484220901290623,0.09274800000000001,0.05209420901290622,1137607933.3079515,1137607933.3079515,1,0,,
600085.SH,同仁堂,CSI,地方国有企业,医疗保健,医药生物,医疗保健--医药生物--制药--中药,2021,,,,,,,,,,25072835362.0,,0.054031558,1227372820.0,127351544.8,target_year,,,,,,,,,,SOE_target,0.099836,0.11994500000000001,23.80689508,0.031735322,0.256105921,0.593509445,0.500448163,0.19275382,0.28808725,2.95210164,0.052705572,True,CSI_nonSOE,0.1412265395685008,0.099836,0.04139053956850079,1037778184.1453669,1037778184.1453669,1,0,,
600085.SH,同仁堂,CSI,地方国有企业,医疗保健,医药生物,医疗保健--医药生物--制药--中药,2022,,,,,,,,,,27044491890.0,,0.052549744,1425811705.0,-4630592.51,target_year,,,,,,,,,,SOE_target,0.104262,0.12707100000000002,23.94505084,0.030176801,0.230275265,0.615993482,0.47347069,0.160434637,0.33503726,2.883619323,0.018793541,True,CSI_nonSOE,0.13044030537391743,0.104262,0.026178305373917438,707978967.3788536,707978967.3788536,1,0,,
600085.SH,同仁堂,CSI,地方国有企业,医疗保健,医药生物,医疗保健--医药生物--制药--中药,2023,,,,,,,,,,30089450163.66,,0.051802,1668834509.63,-110139252.35,target_year,,,,,,,,,,SOE_target,0.10784,0.13423,24.020749,0.028082,0.212266,0.583495,0.525941,0.145857,0.31764,3.245059,0.012203,True,CSI_nonSOE,0.13096740970602436,0.10784,0.02312740970602435,695891041.7639663,695891041.7639663,1,0,,
600085.SH,同仁堂,CSI,地方国有企业,医疗保健,医药生物,医疗保健--医药生物--制药--中药,2024,,,,,,,,,,31197524019.77,,0.049119,1526274925.98,6104419.93,target_year,,,,,,,,,,SOE_target,0.091748,0.116268,24.12744,0.02949,0.216978,0.619334,0.538375,0.130842,0.32677,3.261915,0.010785,True,CSI_nonSOE,0.12959574447325334,0.091748,0.03784774447325334,1180755917.2984383,1180755917.2984383,1,0,,
600085.SH,同仁堂,CSI,地方国有企业,医疗保健,医药生物,医疗保健--医药生物--制药--中药,2025,,,,,,,,,,30621119491.71,,0.036822,1189374356.88,-61856885.45,target_year,,,,,,,,,,SOE_target,0.063568,0.088584,24.163605,0.030434,0.230555,0.601836,0.516001,0.132703,0.330043,3.11878,0.016654,True,CSI_nonSOE,0.1263925212884337,0.063568,0.0628245212884337,1923757173.382607,1923757173.382607,1,0,,
600104.SH,上汽集团,CSI,地方国有企业,可选消费,汽车与零配件,可选消费--汽车与零配件--汽车--汽车制造,2019,,,,,,,,,,849333000000.0,,0.03253059,25603384202.0,2025928206.0,target_year,,,,,,,,,,SOE_target,0.050204000000000006,0.105784,27.38610456,0.591110538,0.376606004,1.168639891,0.049890403,0.115023003,0.636265723,1.094256631,0.040848718,True,CSI_nonSOE,0.05658945084060702,0.050204000000000006,0.006385450840607015,5423374118.805278,5423374118.805278,0,1,FirmSize_lag,
600104.SH,上汽集团,CSI,地方国有企业,可选消费,汽车与零配件,可选消费--汽车与零配件--汽车--汽车制造,2020,,,,,,,,,,919415000000.0,,0.022784011,20431037480.0,516918858.2,target_year,,,,,,,,,,SOE_target,0.040583999999999995,0.080152,27.4677175,0.584514926,0.369422071,1.004740563,0.056932128,0.116848769,0.645793199,1.104481436,0.031712856,True,CSI_nonSOE,0.047342816528669486,0.040583999999999995,0.006758816528669491,6214157298.70666,6214157298.70666,0,1,FirmSize_lag,
600104.SH,上汽集团,CSI,地方国有企业,可选消费,汽车与零配件,可选消费--汽车与零配件--汽车--汽车制造,2021,,,,,,,,,,916923000000.0,,0.027371208,24533097944.0,564183662.3,target_year,,,,,,,,,,SOE_target,0.045260999999999996,0.091905,27.54700317,0.537049464,0.324255792,0.811062728,0.060136769,0.104539258,0.662784059,1.108225401,0.016464627,True,CSI_nonSOE,0.034796082743679804,0.045260999999999996,-0.010464917256320191,-9595523325.41688,0.0,0,1,FirmSize_lag,
600104.SH,上汽集团,CSI,地方国有企业,可选消费,汽车与零配件,可选消费--汽车与零配件--汽车--汽车制造,2022,,,,,,,,,,990107000000.0,,0.015506544,16117549650.0,-764406025.7,target_year,,,,,,,,,,SOE_target,0.02944,0.058291,27.544289,0.49624797,0.289774151,0.82160727,0.070374421,0.101621896,0.641441168,1.13429849,0.02044087,True,CSI_nonSOE,0.03837684088022936,0.02944,0.008936840880229356,8848428713.401247,8848428713.401247,0,1,FirmSize_lag,
600104.SH,上汽集团,CSI,地方国有企业,可选消费,汽车与零配件,可选消费--汽车与零配件--汽车--汽车制造,2023,,,,,,,,,,1006650278661.54,,0.013857,14106165142.98,-156683993.96,target_year,,,,,,,,,,SOE_target,0.026015,0.049885,27.621079,0.398005,0.236564,0.750589,0.038572,0.095925,0.66034,1.070207,0.023164,True,CSI_nonSOE,0.029877401462881897,0.026015,0.0038624014628818974,3888087508.9128017,3888087508.9128017,0,1,FirmSize_lag,
600104.SH,上汽集团,CSI,地方国有企业,可选消费,汽车与零配件,可选消费--汽车与零配件--汽车--汽车制造,2024,,,,,,,,,,957143417731.69,,0.004932,1666376761.07,3054077070.48,target_year,,,,,,,,,,SOE_target,0.013815,0.005805,27.637649,0.342769,0.222276,0.722406,0.071692,0.097073,0.659358,1.131829,0.019282,True,CSI_nonSOE,0.03068656229323971,0.013815,0.01687156229323971,16148504795.824564,16148504795.824564,0,1,FirmSize_lag,
600104.SH,上汽集团,CSI,地方国有企业,可选消费,汽车与零配件,可选消费--汽车与零配件--汽车--汽车制造,2025,,,,,,,,,,960207461450.69,,0.010248,10105800270.34,-265824180.92,target_year,,,,,,,,,,SOE_target,0.025705,0.034451999999999997,27.587219,0.26178,0.204324,0.620374,0.094252,0.100007,0.63774,1.176221,0.021734,True,CSI_nonSOE,0.02652095851079464,0.025705,0.0008159585107946413,783489450.2992079,783489450.2992079,0,1,FirmSize_lag,
600111.SH,北方稀土,CSI,地方国有企业,材料,有色金属,材料--有色金属--其他金属与采矿--金属非金属,2019,,,,,,,,,,23249789494.0,,0.043282698,616294511.7,390019111.1,target_year,,,,,,,,,,SOE_target,0.05133,0.065095,23.8938532,0.017646653,0.167062795,0.622517459,0.470818754,0.163159257,0.47422306,2.82050655,0.007902791,True,CSI_nonSOE,0.1372103416230718,0.05133,0.0858803416230718,1996699864.4092257,1996699864.4092257,1,0,,
600111.SH,北方稀土,CSI,地方国有企业,材料,有色金属,材料--有色金属--其他金属与采矿--金属非金属,2020,,,,,,,,,,25529146004.0,,0.048506632,832623455.2,405709442.1,target_year,,,,,,,,,,SOE_target,0.060104,0.082956,23.86956191,0.019452349,0.15478921,0.764815494,0.477193011,0.16554144,0.442861415,2.937880661,0.008883409,True,CSI_nonSOE,0.14937373168524418,0.060104,0.08926973168524419,2278980013.930504,2278980013.930504,1,0,,
600111.SH,北方稀土,CSI,地方国有企业,材料,有色金属,材料--有色金属--其他金属与采矿--金属非金属,2021,,,,,,,,,,34707756657.0,,0.159096641,5130043122.0,391844362.9,target_year,,,,,,,,,,SOE_target,0.222313,0.39806600000000003,23.96308662,0.019082992,0.159708925,0.867219831,0.564907722,0.150001984,0.459639851,4.537805877,0.005932262,True,CSI_nonSOE,0.1512214425101425,0.222313,-0.07109155748985752,-2467428477.7251005,0.0,1,0,,
600111.SH,北方稀土,CSI,地方国有企业,材料,有色金属,材料--有色金属--其他金属与采矿--金属非金属,2022,,,,,,,,,,36645246207.0,,0.16901701,5983647410.0,210022530.5,target_year,,,,,,,,,,SOE_target,0.20846800000000001,0.340184,24.27022903,0.020218983,0.168216562,1.002172561,0.480913141,0.128744205,0.446127904,2.662234864,0.009474372,True,CSI_nonSOE,0.15166402370602777,0.20846800000000001,-0.05680397629397224,-2081595696.829204,0.0,1,0,,
600111.SH,北方稀土,CSI,地方国有企业,材料,有色金属,材料--有色金属--其他金属与采矿--金属非金属,2023,,,,,,,,,,40496655048.44,,0.062697,2370740184.54,168287209.07,target_year,,,,,,,,,,SOE_target,0.081204,0.11439,24.32455,0.0216,0.153058,1.037221,0.48697,0.15619,0.316914,2.914617,0.027693,True,CSI_nonSOE,0.16848150906053416,0.081204,0.08727750906053416,3534447177.911549,3534447177.911549,1,0,,
600111.SH,北方稀土,CSI,地方国有企业,材料,有色金属,材料--有色金属--其他金属与采矿--金属非金属,2024,,,,,,,,,,45380919517.66,,0.026432,1004276921.89,195231222.79,target_year,,,,,,,,,,SOE_target,0.047333999999999994,0.045596,24.424485,0.019248,0.159476,0.864691,0.486653,0.170179,0.335716,3.131002,0.027501,True,CSI_nonSOE,0.15426892953301455,0.047333999999999994,0.10693492953301456,4852805430.764378,4852805430.764378,1,0,,
600111.SH,北方稀土,CSI,地方国有企业,材料,有色金属,材料--有色金属--其他金属与采矿--金属非金属,2025,,,,,,,,,,48127817177.89,,0.050843,2251272073.68,195668514.09,target_year,,,,,,,,,,SOE_target,0.076569,0.09561,24.538358,0.018338,0.15747,0.764517,0.457977,0.200181,0.379574,2.910177,0.037205,True,CSI_nonSOE,0.14033355878005555,0.076569,0.06376455878005555,3068849027.395334,3068849027.395334,1,0,,
600115.SH,中国东航,CSI,中央国有企业,工业,交通运输,工业--交通运输--航空客运Ⅲ--航空客运Ⅳ,2019,,,,,,,,,,285185000000.0,,0.029321318,3192000000.0,5170000000.0,target_year,,,,,,,,,,SOE_target,0.035761,0.05026099999999999,26.19980052,0.13235558,0.111099702,0.491859096,-0.239029023,0.753519624,0.742273562,0.218055403,0.045402628,True,CSI_nonSOE,-0.018019135516952,0.035761,-0.053780135516952,-15337287947.401957,0.0,0,2,"FixedAssetsRatio_lag, CurrentRatio_lag",
600115.SH,中国东航,CSI,中央国有企业,工业,交通运输,工业--交通运输--航空客运Ⅲ--航空客运Ⅳ,2020,,,,,,,,,,284650000000.0,,-0.02326717,-11836000000.0,5213000000.0,target_year,,,,,,,,,,SOE_target,-0.040155,-0.18898700000000002,26.37640393,0.125014343,0.108646931,0.461600681,-0.205550783,0.348675421,0.745267107,0.251942881,0.026610797,True,CSI_nonSOE,-0.02928655306920208,-0.040155,0.010868446930797922,3093703418.8516283,3093703418.8516283,0,1,CurrentRatio_lag,
600115.SH,中国东航,CSI,中央国有企业,工业,交通运输,工业--交通运输--航空客运Ⅲ--航空客运Ⅳ,2021,,,,,,,,,,288790000000.0,,-0.022168358,-12214000000.0,5812000000.0,target_year,,,,,,,,,,SOE_target,-0.041992,-0.222348,26.37452619,0.073820843,0.123286456,0.206119315,-0.271596698,0.354972774,0.792186896,0.225412793,0.025459336,True,CSI_nonSOE,-0.046429381320306995,-0.041992,-0.004437381320306993,-1281471351.4914565,0.0,0,1,CurrentRatio_lag,
600115.SH,中国东航,CSI,中央国有企业,工业,交通运输,工业--交通运输--航空客运Ⅲ--航空客运Ⅳ,2022,,,,,,,,,,287984000000.0,,-0.0992069,-37386000000.0,8816000000.0,target_year,,,,,,,,,,SOE_target,-0.110379,-0.8803230000000001,26.38896562,0.06097388,0.15352339,0.234120396,-0.200772187,0.322871291,0.802098411,0.324946735,0.037421656,True,CSI_nonSOE,-0.04684033868204901,-0.110379,0.063538661317951,18298117840.9888,18298117840.9888,0,1,CurrentRatio_lag,
600115.SH,中国东航,CSI,中央国有企业,工业,交通运输,工业--交通运输--航空客运Ⅲ--航空客运Ⅳ,2023,,,,,,,,,,284733000000.0,,-0.00733,-8168000000.0,6081000000.0,target_year,,,,,,,,,,SOE_target,-0.009401,-0.22023900000000002,26.386171,0.039267,0.180808,0.159893,-0.274435,0.309767,0.887692,0.25753,0.03479,True,CSI_nonSOE,-0.05026672062285781,-0.009401,-0.04086572062285781,-11635819230.108171,0.0,0,2,"FinancialLeverage_lag, CurrentRatio_lag",
600115.SH,中国东航,CSI,中央国有企业,工业,交通运输,工业--交通运输--航空客运Ⅲ--航空客运Ⅳ,2024,,,,,,,,,,278842000000.0,,0.003307,-4226000000.0,5148000000.0,target_year,,,,,,,,,,SOE_target,0.004007,-0.09870799999999999,26.374818,0.093572,0.114556,0.397198,-0.283076,0.337098,0.847355,0.241502,0.065553,True,CSI_nonSOE,-0.035688893962703805,0.004007,-0.0396958939627038,-11068882464.348253,0.0,0,2,"FinancialLeverage_lag, CurrentRatio_lag",
600115.SH,中国东航,CSI,中央国有企业,工业,交通运输,工业--交通运输--航空客运Ⅲ--航空客运Ⅳ,2025,,,,,,,,,,294006000000.0,,0.00868,-1633000000.0,4185000000.0,target_year,,,,,,,,,,SOE_target,0.015205,-0.039456000000000005,26.353911,0.095116,0.116886,0.468864,-0.340336,0.370568,0.843456,0.167566,0.058596,True,CSI_nonSOE,-0.03071185247375746,0.015205,-0.04591685247375746,-13499830128.399534,0.0,0,2,"FinancialLeverage_lag, CurrentRatio_lag",
600150.SH,中国船舶,CSI,中央国有企业,工业,机械,工业--机械--机械Ⅲ--建筑机械与重型卡车,2019,,,,,,,,,,44351383662.0,,0.012464128,404757012.2,148044295.7,target_year,,,,,,,,,,SOE_target,0.009106999999999999,0.026532,24.53591577,0.029817025,0.247583643,0.344076768,0.270348175,0.193985661,0.544529807,1.710203397,0.006719063,True,CSI_nonSOE,0.07147168252767147,0.009106999999999999,0.062364682527671474,2765959961.7435856,2765959961.7435856,1,0,,
600150.SH,中国船舶,CSI,中央国有企业,工业,机械,工业--机械--机械Ⅲ--建筑机械与重型卡车,2020,,,,,,,,,,152510000000.0,,0.001747771,305800985.4,-39249305.42,target_year,,,,,,,,,,SOE_target,0.0031569999999999997,0.009995,24.51540974,0.035511472,0.225950341,0.514956109,0.259465378,0.201965756,0.52498716,1.691017199,0.017188794,True,CSI_nonSOE,0.08319623655515143,0.0031569999999999997,0.08003923655515144,12206783967.026146,12206783967.026146,1,0,,
600150.SH,中国船舶,CSI,中央国有企业,工业,机械,工业--机械--机械Ⅲ--建筑机械与重型卡车,2021,,,,,,,,,,160402000000.0,,-0.003399258,213814622.4,-759063293.3,target_year,,,,,,,,,,SOE_target,0.002098,0.004657,25.75049291,0.072042941,0.195497669,0.559491297,0.129903575,0.174424107,0.6536226,1.219782006,0.013788703,True,CSI_nonSOE,0.03337171585584653,0.002098,0.031273715855846526,5016366570.709495,5016366570.709495,1,0,,
600150.SH,中国船舶,CSI,中央国有企业,工业,机械,工业--机械--机械Ⅲ--建筑机械与重型卡车,2022,,,,,,,,,,162438000000.0,,-0.006994407,171873146.3,-1308027192.0,target_year,,,,,,,,,,SOE_target,0.013464,0.0037359999999999997,25.80095053,0.074553764,0.187780789,0.380590501,0.158124474,0.16421145,0.668931232,1.272382023,0.007356286,True,CSI_nonSOE,0.022546617730382038,0.013464,0.009082617730382037,1475362258.8877974,1475362258.8877974,1,0,,
600150.SH,中国船舶,CSI,中央国有企业,工业,机械,工业--机械--机械Ⅲ--建筑机械与重型卡车,2023,,,,,,,,,,177832168643.44,,0.009259,2957396962.72,-1310930190.34,target_year,,,,,,,,,,SOE_target,0.017764,0.062717,25.813559,0.080153,0.187488,0.367781,0.150325,0.129527,0.689239,1.259374,0.008802,True,CSI_nonSOE,0.017864780723461204,0.017764,0.00010078072346120584,17922054.610561047,17922054.610561047,1,0,,
600150.SH,中国船舶,CSI,中央国有企业,工业,机械,工业--机械--机械Ⅲ--建筑机械与重型卡车,2024,,,,,,,,,,181976769308.99,,0.011201,3614135616.3,-1575781961.35,target_year,,,,,,,,,,SOE_target,0.014025000000000001,0.07283,25.904106,0.091615,0.188674,0.438522,0.14979,0.122893,0.704932,1.249494,0.013618,True,CSI_nonSOE,0.018049760835777695,0.014025000000000001,0.004024760835777694,732412974.1361752,732412974.1361752,1,0,,
600150.SH,中国船舶,CSI,中央国有企业,工业,机械,工业--机械--机械Ⅲ--建筑机械与重型卡车,2025,,,,,,,,,,420489480242.16,,0.013112,7848378198.33,-2334822741.29,target_year,,,,,,,,,,SOE_target,0.027851,0.080778,25.927145,0.092837,0.187309,0.435525,0.148662,0.119424,0.6963,1.243995,0.009025,True,CSI_nonSOE,0.018299349037130375,0.027851,-0.009551650962869626,-4016368748.831576,0.0,1,0,,
600160.SH,巨化股份,CSI,地方国有企业,材料,化工,材料--化工--基础化工--商品化工,2019,,,,,,,,,,15385300893.0,,0.058389253,895359996.4,2976229.44,target_year,,,,,,,,,,SOE_target,0.068131,0.070288,23.44894781,0.058569237,0.192081294,1.101103205,0.357058844,0.368157629,0.156008094,3.558695124,0.069004854,True,CSI_nonSOE,0.20357390970421385,0.068131,0.13544290970421385,2083829919.6227598,2083829919.6227598,1,0,,
600160.SH,巨化股份,CSI,地方国有企业,材料,化工,材料--化工--基础化工--商品化工,2020,,,,,,,,,,15691644389.0,,0.009376308,95375175.24,51754515.63,target_year,,,,,,,,,,SOE_target,0.008813999999999999,0.007516,23.4566784,0.057567958,0.180537484,1.012933043,0.300401662,0.441129176,0.14094665,3.51676239,0.114227752,True,CSI_nonSOE,0.19873627336382907,0.008813999999999999,0.18992227336382908,2980192775.175653,2980192775.175653,1,0,,
600160.SH,巨化股份,CSI,地方国有企业,材料,化工,材料--化工--基础化工--商品化工,2021,,,,,,,,,,17894390845.0,,0.063603951,1109093339.0,29060612.11,target_year,,,,,,,,,,SOE_target,0.06406200000000001,0.085906,23.4763942,0.053828028,0.203999831,1.030213477,0.203862432,0.490215989,0.179823706,2.293492469,0.120151089,True,CSI_nonSOE,0.19265877467782008,0.06406200000000001,0.12859677467782007,2301160947.4913116,2301160947.4913116,1,0,,
600160.SH,巨化股份,CSI,地方国有企业,材料,化工,材料--化工--基础化工--商品化工,2022,,,,,,,,,,22626691197.0,,0.10046582,2380732575.0,-107523486.8,target_year,,,,,,,,,,SOE_target,0.134514,0.16531700000000002,23.60775314,0.033818168,0.197245037,1.067433871,0.145556896,0.47974255,0.238189141,1.7330402,0.095100199,True,CSI_nonSOE,0.1801029609589591,0.134514,0.04558896095895912,1031527341.610457,1031527341.610457,1,0,,
600160.SH,巨化股份,CSI,地方国有企业,材料,化工,材料--化工--基础化工--商品化工,2023,,,,,,,,,,23383806879.39,,0.039421,943505301.47,-21689528.72,target_year,,,,,,,,,,SOE_target,0.046794,0.059823,23.842396,0.029618,0.212868,1.056345,0.129305,0.489276,0.302398,1.596604,0.15415,True,CSI_nonSOE,0.16503392485887608,0.046794,0.11823992485887608,2764899568.333543,2764899568.333543,1,0,,
600160.SH,巨化股份,CSI,地方国有企业,材料,化工,材料--化工--基础化工--商品化工,2024,,,,,,,,,,27913610331.15,,0.071699,1959534855.24,41838704.69,target_year,,,,,,,,,,SOE_target,0.09899699999999999,0.115721,23.87531,0.025104,0.215825,0.893905,0.081446,0.526715,0.299657,1.421695,0.127952,True,CSI_nonSOE,0.15411067986644883,0.09899699999999999,0.05511367986644884,1538421783.7078001,1538421783.7078001,1,0,,
600160.SH,巨化股份,CSI,地方国有企业,材料,化工,材料--化工--基础化工--商品化工,2025,,,,,,,,,,38208012673.28,,0.101902,3783228877.44,110248162.07,target_year,,,,,,,,,,SOE_target,0.156815,0.19794899999999999,24.05238,0.029335,0.213171,0.949932,0.10628,0.516944,0.312525,1.595459,0.069399,True,CSI_nonSOE,0.15255115941041414,0.156815,-0.004263840589585871,-162912875.28374264,0.0,1,0,,
600161.SH,天坛生物,CSI,中央国有企业,医疗保健,医药生物,医疗保健--医药生物--生物科技Ⅲ--生物科技Ⅳ,2019,,,,,,,,,,6314412346.0,,0.096777628,611093849.3,0.0,target_year,,,,,,,,,,SOE_target,0.179251,0.167189,22.34600895,0.009154301,0.277672488,0.663614746,0.58229648,0.194766146,0.142133659,7.116183644,0.058004009,True,CSI_nonSOE,0.1900777570306959,0.179251,0.01082675703069591,68364608.26176856,68364608.26176856,1,0,,
600161.SH,天坛生物,CSI,中央国有企业,医疗保健,医药生物,医疗保健--医药生物--生物科技Ⅲ--生物科技Ⅳ,2020,,,,,,,,,,7541051691.0,,0.080718513,639006857.1,-30304376.4,target_year,,,,,,,,,,SOE_target,0.159485,0.151122,22.56610053,0.008736307,0.276190471,0.570658994,0.537566054,0.247020815,0.18007217,6.206630682,0.083337901,True,CSI_nonSOE,0.1763149138515664,0.159485,0.016829913851566403,126915250.30973914,126915250.30973914,1,0,,
600161.SH,天坛生物,CSI,中央国有企业,医疗保健,医药生物,医疗保健--医药生物--生物科技Ⅲ--生物科技Ⅳ,2021,,,,,,,,,,11577632332.0,,0.060104193,760012025.0,-64147776.17,target_year,,,,,,,,,,SOE_target,0.129822,0.12092499999999999,22.74362749,0.008525476,0.256105921,0.492054521,0.49287932,0.264855123,0.200250169,4.956767402,0.080745481,True,CSI_nonSOE,0.16652014947933486,0.129822,0.03669814947933486,424877681.9365163,424877681.9365163,1,0,,
600161.SH,天坛生物,CSI,中央国有企业,医疗保健,医药生物,医疗保健--医药生物--生物科技Ⅲ--生物科技Ⅳ,2022,,,,,,,,,,12940709340.0,,0.06360082,881029002.2,-57989278.24,target_year,,,,,,,,,,SOE_target,0.116343,0.104587,23.17234083,0.0084904,0.230275265,0.425247477,0.581824335,0.223624264,0.113215656,9.320564621,0.0977486,True,CSI_nonSOE,0.1554397401322204,0.116343,0.03909674013222039,505939550.19257724,505939550.19257724,1,0,,
600161.SH,天坛生物,CSI,中央国有企业,医疗保健,医药生物,医疗保健--医药生物--生物科技Ⅲ--生物科技Ⅳ,2023,,,,,,,,,,14188056936.91,,0.074736,1109888597.22,-49525032.2,target_year,,,,,,,,,,SOE_target,0.132597,0.119225,23.283644,0.007787,0.212266,0.343937,0.472413,0.309779,0.122433,6.282215,0.104633,True,CSI_nonSOE,0.15056831334916745,0.132597,0.01797131334916746,254978017.0290387,254978017.0290387,1,0,,
600161.SH,天坛生物,CSI,中央国有企业,医疗保健,医药生物,医疗保健--医药生物--生物科技Ⅲ--生物科技Ⅳ,2024,,,,,,,,,,15869522217.56,,0.095545,1549164832.24,-32913962.1,target_year,,,,,,,,,,SOE_target,0.167299,0.147812,23.375666,0.008554,0.216978,0.378329,0.4433,0.340882,0.101049,5.915182,0.075947,True,CSI_nonSOE,0.15294605074636544,0.167299,-0.014352949253634562,-227774447.0680649,0.0,1,0,,
600161.SH,天坛生物,CSI,中央国有企业,医疗保健,医药生物,医疗保健--医药生物--生物科技Ⅲ--生物科技Ⅳ,2025,,,,,,,,,,16583015601.51,,0.065656,1090837981.2,-2060925.16,target_year,,,,,,,,,,SOE_target,0.112205,0.095379,23.487666,0.009853,0.230555,0.397298,0.416015,0.36459,0.084207,6.892785,0.067262,True,CSI_nonSOE,0.14799046616872874,0.112205,0.03578546616872874,593430943.783337,593430943.783337,1,0,,
600176.SH,中国巨石,CSI,中央国有企业,材料,建材Ⅱ,材料--建材Ⅱ--建材Ⅲ--建材Ⅳ,2019,,,,,,,,,,33604242332.0,,0.078703117,2128865280.0,515893338.2,target_year,,,,,,,,,,SOE_target,0.094403,0.142471,24.13673625,0.065989415,0.736746816,0.360641015,-0.166593432,0.677495813,0.51991577,0.589855446,0.199344878,True,CSI_nonSOE,0.08124011806252937,0.094403,-0.01316288193747063,-442328674.41426873,0.0,0,1,HHI_lag,
600176.SH,中国巨石,CSI,中央国有企业,材料,建材Ⅱ,材料--建材Ⅱ--建材Ⅲ--建材Ⅳ,2020,,,,,,,,,,36737268363.0,,0.078969139,2416110989.0,484999467.5,target_year,,,,,,,,,,SOE_target,0.08114,0.146063,24.23791816,0.057753522,0.764425084,0.326127262,-0.074864208,0.646960783,0.521473005,0.784352158,0.152040284,True,CSI_nonSOE,0.08105562301469567,0.08114,-8.437698530433524e-05,-3099779.952786271,0.0,0,1,HHI_lag,
600176.SH,中国巨石,CSI,中央国有企业,材料,建材Ⅱ,材料--建材Ⅱ--建材Ⅲ--建材Ⅳ,2021,,,,,,,,,,43828317485.0,,0.147346744,6028473747.0,429486116.3,target_year,,,,,,,,,,SOE_target,0.190828,0.301392,24.32705756,0.05657087,0.753086611,0.328811274,-0.012078152,0.619425523,0.500610691,0.961569222,0.041692723,True,CSI_nonSOE,0.08556608876703883,0.190828,-0.10526191123296116,-4613452464.596109,0.0,0,1,HHI_lag,
600176.SH,中国巨石,CSI,中央国有企业,材料,建材Ⅱ,材料--建材Ⅱ--建材Ⅲ--建材Ⅳ,2022,,,,,,,,,,48633670689.0,,0.141381399,6610015912.0,265880466.9,target_year,,,,,,,,,,SOE_target,0.173891,0.26353000000000004,24.50354596,0.093825706,0.668525521,0.485327071,0.00410086,0.612297252,0.463330844,1.0129454,0.083408369,True,CSI_nonSOE,0.09734599017881171,0.173891,-0.07654500982118828,-3722664800.5299416,0.0,0,1,HHI_lag,
600176.SH,中国巨石,CSI,中央国有企业,材料,建材Ⅱ,材料--建材Ⅱ--建材Ⅲ--建材Ⅳ,2023,,,,,,,,,,52073958059.2,,0.06291,3044441957.13,231536047.89,target_year,,,,,,,,,,SOE_target,0.073635,0.108267,24.607582,0.116572,0.617588,0.433087,-0.017491,0.687123,0.407869,0.933374,0.114058,True,CSI_nonSOE,0.09950850147086382,0.073635,0.025873501470863813,1347335630.4384117,1347335630.4384117,1,0,,
600176.SH,中国巨石,CSI,中央国有企业,材料,建材Ⅱ,材料--建材Ⅱ--建材Ⅲ--建材Ⅳ,2024,,,,,,,,,,53378083328.82,,0.04988,2444813278.64,217662066.36,target_year,,,,,,,,,,SOE_target,0.056956,0.083323,24.675931,0.082401,0.650954,0.291024,-0.020449,0.671059,0.42393,0.926322,0.028037,True,CSI_nonSOE,0.08602069024116749,0.056956,0.029064690241167486,1551417457.6193795,1551417457.6193795,1,0,,
600176.SH,中国巨石,CSI,中央国有企业,材料,建材Ⅱ,材料--建材Ⅱ--建材Ⅲ--建材Ⅳ,2025,,,,,,,,,,54627103828.07,,0.065924,3285461018.68,315762318.79,target_year,,,,,,,,,,SOE_target,0.08269,0.10748100000000001,24.700666,0.118209,0.525443,0.296385,-0.027947,0.669764,0.410842,0.899525,0.02441,True,CSI_nonSOE,0.08944879451996757,0.08269,0.0067587945199675675,369213369.99485886,369213369.99485886,1,0,,
600188.SH,兖矿能源,CSI,地方国有企业,能源,煤炭Ⅱ,能源--煤炭Ⅱ--煤炭Ⅲ--煤炭与消费用燃料,2019,,,,,,,,,,210761000000.0,,0.057600333,9388645000.0,2751234000.0,target_year,,,,,,,,,,SOE_target,0.081058,0.176815,26.05115955,0.129482321,0.3281903,0.334462625,0.025388991,0.267689293,0.577458925,1.087754827,0.049390706,True,CSI_nonSOE,0.02985424391793992,0.081058,-0.051203756082060084,-10791754835.611065,0.0,1,0,,
600188.SH,兖矿能源,CSI,地方国有企业,能源,煤炭Ⅱ,能源--煤炭Ⅱ--煤炭Ⅲ--煤炭与消费用燃料,2020,,,,,,,,,,273009000000.0,,0.033643654,6318000000.0,2867029000.0,target_year,,,,,,,,,,SOE_target,0.042332,0.11280699999999999,26.07398859,0.125485273,0.293470907,0.325386136,-0.019229621,0.285464889,0.595044725,0.939511468,0.05065633,True,CSI_nonSOE,0.024647339063564505,0.042332,-0.017684660936435496,-4828071597.595319,0.0,1,0,,
600188.SH,兖矿能源,CSI,地方国有企业,能源,煤炭Ⅱ,能源--煤炭Ⅱ--煤炭Ⅲ--煤炭与消费用燃料,2021,,,,,,,,,,301959000000.0,,0.073721162,16941435000.0,5319334000.0,target_year,,,,,,,,,,SOE_target,0.102991,0.26773800000000003,26.33277154,0.122009519,0.275297772,0.285768214,-0.164915276,0.309818779,0.662710303,0.561073745,0.025940776,True,CSI_nonSOE,0.006532410738413583,0.102991,-0.09645858926158642,-29126539154.839375,0.0,1,0,,
600188.SH,兖矿能源,CSI,地方国有企业,能源,煤炭Ⅱ,能源--煤炭Ⅱ--煤炭Ⅲ--煤炭与消费用燃料,2022,,,,,,,,,,308604000000.0,,0.117920884,30407538000.0,5983260000.0,target_year,,,,,,,,,,SOE_target,0.19546399999999997,0.38366700000000004,26.43355711,0.126076761,0.269530745,0.377814407,-0.024272447,0.283932375,0.642479663,0.923876494,0.059214617,True,CSI_nonSOE,0.02117238424735414,0.19546399999999997,-0.17429161575264585,-53787089787.729515,0.0,1,0,,
600188.SH,兖矿能源,CSI,地方国有企业,能源,煤炭Ⅱ,能源--煤炭Ⅱ--煤炭Ⅲ--煤炭与消费用燃料,2023,,,,,,,,,,414317629000.0,,0.051511,17778972000.0,3563014000.0,target_year,,,,,,,,,,SOE_target,0.095581,0.20117200000000002,26.455323,0.166306,0.250024,0.506423,0.01511,0.306255,0.548879,1.05571,0.055648,True,CSI_nonSOE,0.045342161519051405,0.095581,-0.050238838480948594,-20814836443.140583,0.0,1,0,,
600188.SH,兖矿能源,CSI,地方国有企业,能源,煤炭Ⅱ,能源--煤炭Ⅱ--煤炭Ⅲ--煤炭与消费用燃料,2024,,,,,,,,,,356350370000.0,,0.051055,14056067000.0,4137324000.0,target_year,,,,,,,,,,SOE_target,0.08046099999999999,0.193195,26.749899,0.137765,0.263234,0.327655,-0.057889,0.316449,0.597567,0.806057,0.064969,True,CSI_nonSOE,0.023830557428130075,0.08046099999999999,-0.056630442571869916,-20180279163.749596,0.0,1,0,,
600188.SH,兖矿能源,CSI,地方国有企业,能源,煤炭Ⅱ,能源--煤炭Ⅱ--煤炭Ⅲ--煤炭与消费用燃料,2025,,,,,,,,,,451972364000.0,,0.027923,8524664000.0,4095650000.0,target_year,,,,,,,,,,SOE_target,0.057912,0.131251,26.59918,0.144603,0.263097,0.323185,-0.054503,0.375712,0.629619,0.834785,0.052579,True,CSI_nonSOE,0.022255371298646964,0.057912,-0.035656628701353034,-16115810766.42078,0.0,1,0,,
600309.SH,万华化学,CSI,地方国有企业,材料,化工,材料--化工--基础化工--商品化工,2019,,,,,,,,,,96865322655.0,,0.117008313,10129985098.0,1204062846.0,target_year,,,,,,,,,,SOE_target,0.153052,0.266079,25.06593632,0.226505092,0.192081294,0.841741027,-0.042060662,0.511890882,0.489675535,0.901909063,0.13364523,True,CSI_nonSOE,0.10571866179909861,0.153052,-0.04733333820090138,-4584959077.16855,0.0,1,0,,
600309.SH,万华化学,CSI,地方国有企业,材料,化工,材料--化工--基础化工--商品化工,2020,,,,,,,,,,133753000000.0,,0.083122398,10041428015.0,1076414577.0,target_year,,,,,,,,,,SOE_target,0.101746,0.22034099999999998,25.29658742,0.250213206,0.180537484,0.776561667,-0.220057996,0.635362071,0.546470731,0.524192072,0.183913232,True,CSI_nonSOE,0.088056228355051,0.101746,-0.013689771644949,-1831048026.8268635,0.0,1,0,,
600309.SH,万华化学,CSI,地方国有企业,材料,化工,材料--化工--基础化工--商品化工,2021,,,,,,,,,,190310000000.0,,0.140208439,24648748123.0,2034261425.0,target_year,,,,,,,,,,SOE_target,0.187508,0.420344,25.61925818,0.244652397,0.203999831,0.630976773,-0.206406942,0.595338767,0.613833698,0.594805539,0.173721261,True,CSI_nonSOE,0.06297549353738262,0.187508,-0.12453250646261739,-23699781304.900715,0.0,1,0,,
600309.SH,万华化学,CSI,地方国有企业,材料,化工,材料--化工--基础化工--商品化工,2022,,,,,,,,,,200843000000.0,,0.086976163,16233626024.0,1234944691.0,target_year,,,,,,,,,,SOE_target,0.099913,0.223384,25.97191796,0.272912546,0.197245037,0.892780517,-0.135100194,0.497004865,0.623268223,0.737650082,0.141871905,True,CSI_nonSOE,0.06657801793213267,0.099913,-0.033334982067867336,-6695097803.456679,0.0,1,0,,
600309.SH,万华化学,CSI,地方国有企业,材料,化工,材料--化工--基础化工--商品化工,2023,,,,,,,,,,253040390845.31,,0.07308,16815755534.31,1676471684.26,target_year,,,,,,,,,,SOE_target,0.088172,0.203211,26.02579,0.22786,0.212868,0.841883,-0.216511,0.575682,0.595022,0.542349,0.162597,True,CSI_nonSOE,0.06525832159137303,0.088172,-0.022913678408626972,-5798086140.22271,0.0,1,0,,
600309.SH,万华化学,CSI,地方国有企业,材料,化工,材料--化工--基础化工--商品化工,2024,,,,,,,,,,293333349744.25,,0.051571,13033066612.84,2094484339.39,target_year,,,,,,,,,,SOE_target,0.069618,0.14221899999999998,26.256815,0.212902,0.215825,0.768484,-0.184923,0.589702,0.626723,0.569352,0.170322,True,CSI_nonSOE,0.05687376344533759,0.069618,-0.012744236554662412,-3738309598.512245,0.0,1,0,,
600309.SH,万华化学,CSI,地方国有企业,材料,化工,材料--化工--基础化工--商品化工,2025,,,,,,,,,,323009018441.98,,0.045222,12527201094.15,2079996797.01,target_year,,,,,,,,,,SOE_target,0.059539,0.123462,26.404576,0.217908,0.213171,0.662497,-0.191224,0.62041,0.647159,0.555115,0.122148,True,CSI_nonSOE,0.05029625871048804,0.059539,-0.009242741289511962,-2985488791.638419,0.0,1,0,,
600362.SH,江西铜业,CSI,地方国有企业,材料,有色金属,材料--有色金属--其他金属与采矿--铜,2019,,,,,,,,,,134914000000.0,,0.032033864,2437988000.0,1883826000.0,target_year,,,,,,,,,,SOE_target,0.033765,0.047564999999999996,25.3566913,0.27307784,0.167062795,2.140373487,0.227714688,0.209602968,0.494227646,1.50769518,0.024828003,True,CSI_nonSOE,0.15710910532106614,0.033765,0.12334410532106614,16640846625.286318,16640846625.286318,1,0,,
600362.SH,江西铜业,CSI,地方国有企业,材料,有色金属,材料--有色金属--其他金属与采矿--铜,2020,,,,,,,,,,140882000000.0,,0.02965472,2227704000.0,1950099000.0,target_year,,,,,,,,,,SOE_target,0.037725,0.039549,25.62790275,0.258910733,0.15478921,2.015188426,0.116088129,0.199146181,0.562442458,1.229031729,0.024626941,True,CSI_nonSOE,0.13360421749357032,0.037725,0.09587921749357031,13507655918.929173,13507655918.929173,1,0,,
600362.SH,江西铜业,CSI,地方国有企业,材料,有色金属,材料--有色金属--其他金属与采矿--铜,2021,,,,,,,,,,161035000000.0,,0.048382962,5772525000.0,2018808000.0,target_year,,,,,,,,,,SOE_target,0.06250499999999999,0.089007,25.67118532,0.286687902,0.159708925,2.304290845,0.154970935,0.181430297,0.52542187,1.387973092,0.025885937,True,CSI_nonSOE,0.14081176107543117,0.06250499999999999,0.07830676107543118,12610129269.78206,12610129269.78206,1,0,,
600362.SH,江西铜业,CSI,地方国有企业,材料,有色金属,材料--有色金属--其他金属与采矿--铜,2022,,,,,,,,,,167331000000.0,,0.047622108,6001476000.0,1967157000.0,target_year,,,,,,,,,,SOE_target,0.057654,0.08375099999999999,25.80488535,0.295819925,0.168216562,2.925410719,0.16153585,0.157166138,0.516812504,1.386929611,0.017832629,True,CSI_nonSOE,0.13899959107984794,0.057654,0.08134559107984794,13611639100.982037,13611639100.982037,0,1,AssetTurnover_lag,
600362.SH,江西铜业,CSI,地方国有企业,材料,有色金属,材料--有色金属--其他金属与采矿--铜,2023,,,,,,,,,,168150906000.0,,0.053938,6745839000.0,2323801000.0,target_year,,,,,,,,,,SOE_target,0.065317,0.09572599999999999,25.843237,0.27925,0.153058,2.913785,0.140327,0.161812,0.51025,1.320747,0.031766,True,CSI_nonSOE,0.13639686696614312,0.065317,0.07107986696614312,11952144028.716436,11952144028.716436,0,1,AssetTurnover_lag,
600362.SH,江西铜业,CSI,地方国有企业,材料,有色金属,材料--有色金属--其他金属与采矿--铜,2024,,,,,,,,,,193127836000.0,,0.04877,6900987000.0,2517793000.0,target_year,,,,,,,,,,SOE_target,0.063979,0.094945,25.848128,0.30029,0.159476,3.10204,0.188639,0.195189,0.543573,1.451231,0.040507,True,CSI_nonSOE,0.13783097625745308,0.063979,0.07385197625745309,14262872358.925293,14262872358.925293,0,1,AssetTurnover_lag,
600362.SH,江西铜业,CSI,地方国有企业,材料,有色金属,材料--有色金属--其他金属与采矿--铜,2025,,,,,,,,,,218691169000.0,,0.045031,7372829000.0,2475070000.0,target_year,,,,,,,,,,SOE_target,0.053338,0.09261100000000001,25.986618,0.290054,0.15747,2.874502,0.149061,0.19198,0.545368,1.333937,0.034125,True,CSI_nonSOE,0.13091940294799737,0.053338,0.07758140294799737,16966367703.357592,16966367703.357592,0,1,AssetTurnover_lag,
600372.SH,中航机载,CSI,中央国有企业,工业,国防军工,工业--国防军工--航空航天与国防Ⅲ--航空航天,2019,,,,,,,,,,22696700722.0,,0.038537034,556020333.4,318643189.9,target_year,,,,,,,,,,SOE_target,0.041747,0.072201,23.79832538,0.088537078,0.285442207,0.355248156,0.227058738,0.198282525,0.634501425,1.448891967,0.039258305,True,CSI_nonSOE,0.02042536253308154,0.041747,-0.02132163746691846,-483930824.48963046,0.0,1,0,,
600372.SH,中航机载,CSI,中央国有企业,工业,国防军工,工业--国防军工--航空航天与国防Ⅲ--航空航天,2020,,,,,,,,,,24719896668.0,,0.035788368,630777488.8,253907263.1,target_year,,,,,,,,,,SOE_target,0.030347,0.068315,23.84548541,0.088984862,0.279462147,0.374932205,0.247904795,0.192049706,0.637732538,1.495248109,0.034509268,True,CSI_nonSOE,0.021079619148716477,0.030347,-0.009267380851283522,-229088697.02673054,0.0,1,0,,
600372.SH,中航机载,CSI,中央国有企业,工业,国防军工,工业--国防军工--航空航天与国防Ⅲ--航空航天,2021,,,,,,,,,,26262648705.0,,0.035448331,798697071.3,132269986.5,target_year,,,,,,,,,,SOE_target,0.038635,0.073063,23.93087429,0.086942312,0.273615357,0.36796172,0.295766718,0.197663982,0.553869032,1.657799537,0.03562793,True,CSI_nonSOE,0.03178585037486535,0.038635,-0.006849149625134651,-179876810.53289378,0.0,1,0,,
600372.SH,中航机载,CSI,中央国有企业,工业,国防军工,工业--国防军工--航空航天与国防Ⅲ--航空航天,2022,,,,,,,,,,28402468059.0,,0.037133494,871912569.3,182770303.0,target_year,,,,,,,,,,SOE_target,0.039441000000000004,0.074451,23.99141357,0.086550715,0.271325141,0.384612869,0.28014269,0.203234787,0.556326897,1.610303347,0.031237761,True,CSI_nonSOE,0.030061475953250802,0.039441000000000004,-0.009379524046749202,-266401632.14641663,0.0,1,0,,
600372.SH,中航机载,CSI,中央国有企业,工业,国防军工,工业--国防军工--航空航天与国防Ⅲ--航空航天,2023,,,,,,,,,,73523417381.93,,0.027009,1886420594.77,99351150.07,target_year,,,,,,,,,,SOE_target,0.044280999999999994,0.078163,24.069742,0.085827,0.272876,0.407307,0.261113,0.182826,0.555523,1.517513,0.017857,True,CSI_nonSOE,0.027705666345604535,0.044280999999999994,-0.01657533365439546,-1218675174.5168684,0.0,1,0,,
600372.SH,中航机载,CSI,中央国有企业,工业,国防军工,工业--国防军工--航空航天与国防Ⅲ--航空航天,2024,,,,,,,,,,78120456108.96,,0.014631,1040725755.41,102256730.44,target_year,,,,,,,,,,SOE_target,0.018606,0.028304,25.02087,0.178262,0.247277,0.56487,0.34877,0.173278,0.487307,1.859553,0.019524,True,CSI_nonSOE,0.0324664951888933,0.018606,0.0138604951888933,1082788206.0523903,1082788206.0523903,1,0,,
600372.SH,中航机载,CSI,中央国有企业,工业,国防军工,工业--国防军工--航空航天与国防Ⅲ--航空航天,2025,,,,,,,,,,83259234737.86,,0.015266,1067323487.88,203724505.25,target_year,,,,,,,,,,SOE_target,0.020488,0.028304999999999997,25.081518,0.14773,0.253215,0.312028,0.312238,0.166134,0.498049,1.694911,0.025577,True,CSI_nonSOE,0.01183742841975191,0.020488,-0.008650571580248088,-720239969.8165361,0.0,1,0,,
600377.SH,宁沪高速,CSI,地方国有企业,工业,交通运输,工业--交通运输--交通基础设施--公路与铁路,2019,,,,,,,,,,55625048625.0,,0.083808736,4199704372.0,462160618.9,target_year,,,,,,,,,,SOE_target,0.11512800000000001,0.15359899999999999,24.5978513,0.011445846,0.111099702,0.219835426,-0.019645962,0.247119711,0.390527538,0.861772049,0.073607939,True,CSI_nonSOE,0.03266873756884037,0.11512800000000001,-0.08245926243115964,-4586800482.314891,0.0,1,0,,
600377.SH,宁沪高速,CSI,地方国有企业,工业,交通运输,工业--交通运输--交通基础设施--公路与铁路,2020,,,,,,,,,,61095560365.0,,0.047471427,2464213676.0,436079760.4,target_year,,,,,,,,,,SOE_target,0.062762,0.08683400000000001,24.74189945,0.010413744,0.108646931,0.194207477,-0.127543892,0.294994748,0.412443891,0.459302808,0.087188599,True,CSI_nonSOE,0.019972596938219123,0.062762,-0.042789403061780876,-2614242557.7433496,0.0,1,0,,
600377.SH,宁沪高速,CSI,地方国有企业,工业,交通运输,工业--交通运输--交通基础设施--公路与铁路,2021,,,,,,,,,,67662020722.0,,0.073413497,4178794497.0,788511048.1,target_year,,,,,,,,,,SOE_target,0.096206,0.143011,24.83570504,0.010096948,0.123286456,0.137635792,-0.10632362,0.283636888,0.459056117,0.537101648,0.06948944,True,CSI_nonSOE,0.013214577924706233,0.096206,-0.08299142207529377,-5615367320.206775,0.0,1,0,,
600377.SH,宁沪高速,CSI,地方国有企业,工业,交通运输,工业--交通运输--交通基础设施--公路与铁路,2022,,,,,,,,,,78458345074.0,,0.061469015,3724115166.0,1098642030.0,target_year,,,,,,,,,,SOE_target,0.077421,0.119802,24.93779087,0.012528305,0.15352339,0.214241167,-0.066822044,0.043427104,0.477404124,0.651384465,0.049049776,True,CSI_nonSOE,0.004485673498560563,0.077421,-0.07293532650143944,-5722385014.734793,0.0,1,0,,
600377.SH,宁沪高速,CSI,地方国有企业,工业,交通运输,工业--交通运输--交通基础设施--公路与铁路,2023,,,,,,,,,,78661443944.36,,0.069785,4413271587.29,1076088753.42,target_year,,,,,,,,,,SOE_target,0.085532,0.133881,25.085834,0.011288,0.180808,0.181434,-0.054283,0.104956,0.5163,0.687869,0.051481,True,CSI_nonSOE,-0.0016247446649184094,0.085532,-0.0871567446649184,-6855875384.8323765,0.0,1,0,,
600377.SH,宁沪高速,CSI,地方国有企业,工业,交通运输,工业--交通运输--交通基础设施--公路与铁路,2024,,,,,,,,,,89886075247.13,,0.065752,4946691605.41,963483489.08,target_year,,,,,,,,,,SOE_target,0.08614100000000001,0.136302,25.088419,0.012498,0.114556,0.193381,-0.010331,0.097668,0.480196,0.914899,0.048364,True,CSI_nonSOE,0.004783390457536341,0.08614100000000001,-0.08135760954246367,-7312916213.260511,0.0,1,0,,
600377.SH,宁沪高速,CSI,地方国有企业,工业,交通运输,工业--交通运输--交通基础设施--公路与铁路,2025,,,,,,,,,,96388991421.56,,0.056364,4593870605.31,838994863.39,target_year,,,,,,,,,,SOE_target,0.074415,0.11478999999999999,25.221809,0.016701,0.116886,0.275272,-0.086697,0.082371,0.4467,0.518561,0.120178,True,CSI_nonSOE,0.004228008845727049,0.074415,-0.07018699115427295,-6765253288.2743225,0.0,1,0,,
600406.SH,国电南瑞,CSI,中央国有企业,工业,电气设备,工业--电气设备--电气设备Ⅲ--电气部件与设备,2019,,,,,,,,,,57424875019.0,,0.076932332,4343067281.0,74762257.48,target_year,,,,,,,,,,SOE_target,0.09559799999999999,0.148972,24.68102405,0.080040228,0.075162529,0.57528482,0.358267037,0.151511094,0.438641589,1.831750321,0.032746689,True,CSI_nonSOE,0.10691193378225312,0.09559799999999999,0.011313933782253136,649701233.4191283,649701233.4191283,1,0,,
600406.SH,国电南瑞,CSI,中央国有企业,工业,电气设备,工业--电气设备--电气设备Ⅲ--电气部件与设备,2020,,,,,,,,,,65962017470.0,,0.074601339,4851540712.0,69314111.2,target_year,,,,,,,,,,SOE_target,0.09493700000000001,0.150043,24.77374341,0.074581189,0.069863037,0.587178263,0.318429201,0.189080259,0.431386914,1.751891674,0.051007372,True,CSI_nonSOE,0.10429187229028408,0.09493700000000001,0.009354872290284075,617066249.4413371,617066249.4413371,1,0,,
600406.SH,国电南瑞,CSI,中央国有企业,工业,电气设备,工业--电气设备--电气设备Ⅲ--电气部件与设备,2021,,,,,,,,,,72732951414.0,,0.07585696,5642448312.0,-125147720.6,target_year,,,,,,,,,,SOE_target,0.097209,0.156425,24.91234492,0.074747547,0.069189957,0.620771318,0.300420686,0.175602059,0.448290308,1.709676587,0.052515301,True,CSI_nonSOE,0.09901178726498787,0.097209,0.0018027872649878651,131122038.55414034,131122038.55414034,1,0,,
600406.SH,国电南瑞,CSI,中央国有企业,工业,电气设备,工业--电气设备--电气设备Ⅲ--电气部件与设备,2022,,,,,,,,,,76665557522.0,,0.077997441,6446181151.0,-466463828.2,target_year,,,,,,,,,,SOE_target,0.099314,0.160227,25.01006037,0.057367108,0.081262738,0.608389809,0.291924688,0.171913904,0.442584907,1.696586324,0.027723262,True,CSI_nonSOE,0.09482127195848349,0.099314,-0.004492728041516514,-344437500.0975867,0.0,1,0,,
600406.SH,国电南瑞,CSI,中央国有企业,工业,电气设备,工业--电气设备--电气设备Ⅲ--电气部件与设备,2023,,,,,,,,,,86087418302.42,,0.077922,7183687344.52,-475609422.41,target_year,,,,,,,,,,SOE_target,0.099833,0.160248,25.062718,0.035944,0.108841,0.622681,0.332505,0.15197,0.408361,1.830446,0.044547,True,CSI_nonSOE,0.09880231109412994,0.099833,-0.0010306889058700613,-88729346.97929956,0.0,1,0,,
600406.SH,国电南瑞,CSI,中央国有企业,工业,电气设备,工业--电气设备--电气设备Ⅲ--电气部件与设备,2024,,,,,,,,,,92705313123.25,,0.076956,7610121306.96,-475852442.3,target_year,,,,,,,,,,SOE_target,0.096785,0.157861,25.178629,0.034286,0.112299,0.629757,0.372577,0.120765,0.414795,1.912763,0.022668,True,CSI_nonSOE,0.0971186169406536,0.096785,0.0003336169406536055,30928062.94651321,30928062.94651321,1,0,,
600406.SH,国电南瑞,CSI,中央国有企业,工业,电气设备,工业--电气设备--电气设备Ⅲ--电气部件与设备,2025,,,,,,,,,,98585657661.02,,0.082259,8278971723.32,-169421300.09,target_year,,,,,,,,,,SOE_target,0.100888,0.16253900000000002,25.252692,0.042088,0.107313,0.637413,0.388622,0.100528,0.431145,1.917368,0.019759,True,CSI_nonSOE,0.0947472509825162,0.100888,-0.006140749017483807,-605389780.4199035,0.0,1,0,,
600415.SH,小商品城,CSI,地方国有企业,工业,企业服务,工业--企业服务--商业服务与用品--综合支持服务,2019,,,,,,,,,,31323233994.0,,0.0538665,1255276024.0,431996964.5,target_year,,,,,,,,,,SOE_target,0.06334,0.101303,24.01456867,1.0,1.0,0.132252563,-0.039002537,0.230567379,0.560046211,0.920067909,0.016351929,True,CSI_nonSOE,0.05780076485279189,0.06334,-0.005539235147208103,-173506758.66378847,0.0,0,2,"HHI_lag, MarketShare_lag",
600415.SH,小商品城,CSI,地方国有企业,工业,企业服务,工业--企业服务--商业服务与用品--综合支持服务,2020,,,,,,,,,,28750127147.0,,0.038563878,926626706.4,182089699.3,target_year,,,,,,,,,,SOE_target,0.053391,0.069727,24.16762596,1.0,1.0,0.129631555,0.079354983,0.180363677,0.582281348,1.192794216,0.030387059,True,CSI_nonSOE,0.057283511272973944,0.053391,0.0038925112729739433,111910194.01913169,111910194.01913169,0,2,"HHI_lag, MarketShare_lag",
600415.SH,小商品城,CSI,地方国有企业,工业,企业服务,工业--企业服务--商业服务与用品--综合支持服务,2021,,,,,,,,,,31014635513.0,,0.048815906,1334095907.0,179911613.7,target_year,,,,,,,,,,SOE_target,0.061460999999999995,0.094721,24.08190803,1.0,1.0,0.118515097,-0.033032909,0.21624898,0.527838284,0.914368028,0.042161709,True,CSI_nonSOE,0.05998564609095168,0.061460999999999995,-0.0014753539090483145,-45757563.74181323,0.0,0,2,"HHI_lag, MarketShare_lag",
600415.SH,小商品城,CSI,地方国有企业,工业,企业服务,工业--企业服务--商业服务与用品--综合支持服务,2022,,,,,,,,,,32111004317.0,,0.043093729,1104719092.0,279063831.1,target_year,,,,,,,,,,SOE_target,0.041082,0.073961,24.15772504,1.0,1.0,0.196506553,-0.200120846,0.198911539,0.528260067,0.589122806,0.065860094,True,CSI_nonSOE,0.05004675741016851,0.041082,0.008964757410168507,287867363.8987787,287867363.8987787,0,2,"HHI_lag, MarketShare_lag",
600415.SH,小商品城,CSI,地方国有企业,工业,企业服务,工业--企业服务--商业服务与用品--综合支持服务,2023,,,,,,,,,,36218947000.0,,0.079221,2676182000.0,193111000.0,target_year,,,,,,,,,,SOE_target,0.096951,0.162436,24.192465,1.0,1.0,0.235112,-0.222906,0.251657,0.524117,0.423328,0.128146,True,CSI_nonSOE,0.05277060902340791,0.096951,-0.044180390976592085,-1600167239.2204669,0.0,0,2,"HHI_lag, MarketShare_lag",
600415.SH,小商品城,CSI,地方国有企业,工业,企业服务,工业--企业服务--商业服务与用品--综合支持服务,2024,,,,,,,,,,39168461000.0,,0.082095,3073677000.0,141845000.0,target_year,,,,,,,,,,SOE_target,0.108774,0.160959,24.312848,1.0,1.0,0.330185,-0.197133,0.203438,0.511197,0.480069,0.072549,True,CSI_nonSOE,0.05504004484830925,0.108774,-0.05373395515169074,-2104676326.734748,0.0,0,2,"HHI_lag, MarketShare_lag",
600415.SH,小商品城,CSI,地方国有企业,工业,企业服务,工业--企业服务--商业服务与用品--综合支持服务,2025,,,,,,,,,,44405436000.0,,0.096453,4203547000.0,79493000.0,target_year,,,,,,,,,,SOE_target,0.128412,0.193482,24.391138,1.0,1.0,0.410543,-0.200038,0.189302,0.47477,0.554038,0.038303,True,CSI_nonSOE,0.06145742282505696,0.128412,-0.06695457717494305,-2973147191.6489944,0.0,0,2,"HHI_lag, MarketShare_lag",
600426.SH,华鲁恒升,CSI,地方国有企业,材料,化工,材料--化工--农用化工--化肥与农用药剂,2019,,,,,,,,,,18187250698.0,,0.144365746,2453030877.0,172585138.5,target_year,,,,,,,,,,SOE_target,0.165545,0.18654800000000002,23.64948878,0.053759205,0.192081294,0.822311198,0.018175969,0.706377359,0.353168815,1.085255392,0.069000749,True,CSI_nonSOE,0.15122070369271384,0.165545,-0.014324296307286155,-260519568.01304895,0.0,1,0,,
600426.SH,华鲁恒升,CSI,地方国有企业,材料,化工,材料--化工--农用化工--化肥与农用药剂,2020,,,,,,,,,,20549289346.0,,0.092689026,1798376502.0,106317113.0,target_year,,,,,,,,,,SOE_target,0.10961399999999999,0.121104,23.62398667,0.052275357,0.180537484,0.765221932,0.058111226,0.68506024,0.217518294,1.434260146,0.102025627,True,CSI_nonSOE,0.16693710468895478,0.10961399999999999,0.057323104688954796,1177949064.4643815,1177949064.4643815,1,0,,
600426.SH,华鲁恒升,CSI,地方国有企业,材料,化工,材料--化工--农用化工--化肥与农用药剂,2021,,,,,,,,,,28653178698.0,,0.256996505,7254167061.0,109599732.9,target_year,,,,,,,,,,SOE_target,0.350209,0.384587,23.7460922,0.043768215,0.203999831,0.672039958,-0.021759985,0.716394492,0.238479061,0.879608179,0.127291765,True,CSI_nonSOE,0.15187858829751527,0.350209,-0.19833041170248472,-5682796727.759205,0.0,1,0,,
600426.SH,华鲁恒升,CSI,地方国有企业,材料,化工,材料--化工--农用化工--化肥与农用药剂,2022,,,,,,,,,,35005445704.0,,0.181349031,6289374659.0,58829004.27,target_year,,,,,,,,,,SOE_target,0.232823,0.25577500000000003,24.07853022,0.04999619,0.197245037,1.077208247,0.145599252,0.604131887,0.207575966,1.988796587,0.128166895,True,CSI_nonSOE,0.17703820804930825,0.232823,-0.05578479195069175,-1952771505.738876,0.0,1,0,,
600426.SH,华鲁恒升,CSI,地方国有企业,材料,化工,材料--化工--农用化工--化肥与农用药剂,2023,,,,,,,,,,44051457552.57,,0.082722,3575898630.37,68124308.2,target_year,,,,,,,,,,SOE_target,0.10829599999999999,0.128136,24.278769,0.041555,0.212868,0.943401,0.143146,0.588965,0.202385,2.403407,0.199116,True,CSI_nonSOE,0.163059718902523,0.10829599999999999,0.054763718902523004,2412421638.6553674,2412421638.6553674,1,0,,
600426.SH,华鲁恒升,CSI,地方国有企业,材料,化工,材料--化工--农用化工--化肥与农用药剂,2024,,,,,,,,,,46657911907.48,,0.088364,3902593305.73,220305651.56,target_year,,,,,,,,,,SOE_target,0.115422,0.130283,24.508624,0.033045,0.215825,0.684814,0.048453,0.729643,0.309044,1.368756,0.197735,True,CSI_nonSOE,0.12779838819483166,0.115422,0.012376388194831667,577456430.1272314,577456430.1272314,1,0,,
600426.SH,华鲁恒升,CSI,地方国有企业,材料,化工,材料--化工--农用化工--化肥与农用药剂,2025,,,,,,,,,,49177377189.73,,0.072767,3315494470.04,262996143.83,target_year,,,,,,,,,,SOE_target,0.09444000000000001,0.10345,24.566108,0.040966,0.213171,0.750189,0.039628,0.747737,0.296416,1.334617,0.108893,True,CSI_nonSOE,0.13163980264140623,0.09444000000000001,0.037199802641406224,1829388725.8799484,1829388725.8799484,0,1,FixedAssetsRatio_lag,
600436.SH,片仔癀,CSI,地方国有企业,医疗保健,医药生物,医疗保健--医药生物--制药--中药,2019,,,,,,,,,,8810796391.0,,0.159521104,1374376824.0,31131145.29,target_year,,,,,,,,,,SOE_target,0.206961,0.235988,22.61904861,0.014921144,0.277672488,0.767580889,0.591842655,0.035469812,0.202792045,4.055176811,0.011150241,True,CSI_nonSOE,0.18706531961591194,0.206961,-0.019895680384088066,-175296788.9246126,0.0,1,0,,
600436.SH,片仔癀,CSI,地方国有企业,医疗保健,医药生物,医疗保健--医药生物--制药--中药,2020,,,,,,,,,,10205569714.0,,0.15789427,1671518667.0,-60117690.48,target_year,,,,,,,,,,SOE_target,0.208126,0.230657,22.89924367,0.015270738,0.276190471,0.733929094,0.636185727,0.027324402,0.208952607,4.208536053,0.007426797,True,CSI_nonSOE,0.18011557277446977,0.208126,-0.028010427225530238,-285862367.7690724,0.0,1,0,,
600436.SH,片仔癀,CSI,地方国有企业,医疗保健,医药生物,医疗保健--医药生物--制药--中药,2021,,,,,,,,,,12495334742.0,,0.187847669,2431454745.0,-84235237.62,target_year,,,,,,,,,,SOE_target,0.252767,0.276818,23.04619946,0.016150361,0.256105921,0.679157303,0.63648568,0.025648201,0.19097554,4.608033642,0.041057092,True,CSI_nonSOE,0.17444996653170805,0.252767,-0.07831703346829197,-978597549.1867254,0.0,1,0,,
600436.SH,片仔癀,CSI,地方国有企业,医疗保健,医药生物,医疗保健--医药生物--制药--中药,2022,,,,,,,,,,14603844518.0,,0.165023006,2472344732.0,-62374415.78,target_year,,,,,,,,,,SOE_target,0.21976600000000002,0.23507,23.24862119,0.016603444,0.230275265,0.700368482,0.679961024,0.022322156,0.188757291,4.975676054,0.007376102,True,CSI_nonSOE,0.1727648691413954,0.21976600000000002,-0.047001130858604606,-686397207.2292335,0.0,1,0,,
600436.SH,片仔癀,CSI,地方国有企业,医疗保健,医药生物,医疗保健--医药生物--制药--中药,2023,,,,,,,,,,17080413435.81,,0.16331,2797351515.7,-7953890.04,target_year,,,,,,,,,,SOE_target,0.21265499999999998,0.226449,23.404551,0.015924,0.212266,0.636332,0.69808,0.022027,0.190354,5.061318,0.012009,True,CSI_nonSOE,0.16613493067414564,0.21265499999999998,-0.04652006932585434,-794582017.1481351,0.0,1,0,,
600436.SH,片仔癀,CSI,地方国有企业,医疗保健,医药生物,医疗保健--医药生物--制药--中药,2024,,,,,,,,,,17539661657.5,,0.169484,2977002486.34,-4319056.56,target_year,,,,,,,,,,SOE_target,0.20418299999999998,0.21535,23.561198,0.016631,0.216978,0.629831,0.715259,0.027513,0.185002,5.237409,0.008306,True,CSI_nonSOE,0.1623033712237394,0.20418299999999998,-0.041879628776260586,-734554519.0773114,0.0,1,0,,
600436.SH,片仔癀,CSI,地方国有企业,医疗保健,医药生物,医疗保健--医药生物--制药--中药,2025,,,,,,,,,,17560037344.69,,0.124081,2158633048.42,20226793.2,target_year,,,,,,,,,,SOE_target,0.145759,0.149847,23.587731,0.017688,0.230555,0.619207,0.510557,0.07495,0.15399,4.772412,0.060907,True,CSI_nonSOE,0.15455127001277844,0.145759,0.008792270012778436,154392589.76898736,154392589.76898736,1,0,,
600482.SH,中国动力,CSI,中央国有企业,工业,机械,工业--机械--机械Ⅲ--建筑机械与重型卡车,2019,,,,,,,,,,56015704188.0,,0.021066248,991122501.3,188918210.8,target_year,,,,,,,,,,SOE_target,0.021861000000000002,0.037224,24.7699628,0.051930912,0.247583643,0.576793352,0.332161962,0.199063948,0.459162622,1.846252165,0.025847307,True,CSI_nonSOE,0.0940980742029118,0.021861000000000002,0.0722370742029118,4046410579.956913,4046410579.956913,1,0,,
600482.SH,中国动力,CSI,中央国有企业,工业,机械,工业--机械--机械Ⅲ--建筑机械与重型卡车,2020,,,,,,,,,,58744689010.0,,0.009974478,542857007.1,43090612.38,target_year,,,,,,,,,,SOE_target,0.01155,0.017203,24.74889792,0.045077149,0.225950341,0.517407526,0.411757521,0.217079015,0.347135411,2.466997135,0.033752662,True,CSI_nonSOE,0.10891983884239524,0.01155,0.09736983884239524,5719960901.750326,5719960901.750326,1,0,,
600482.SH,中国动力,CSI,中央国有企业,工业,机械,工业--机械--机械Ⅲ--建筑机械与重型卡车,2021,,,,,,,,,,62005997289.0,,0.01022811,613048770.5,21155409.87,target_year,,,,,,,,,,SOE_target,0.012637,0.017034,24.79646659,0.034860421,0.195497669,0.464410462,0.42441873,0.214387711,0.377798653,2.605407503,0.020669161,True,CSI_nonSOE,0.10080069073698489,0.012637,0.08816369073698489,5466677568.82572,5466677568.82572,1,0,,
600482.SH,中国动力,CSI,中央国有企业,工业,机械,工业--机械--机械Ⅲ--建筑机械与重型卡车,2022,,,,,,,,,,85867792662.0,,0.002736134,332687082.9,-97741320.07,target_year,,,,,,,,,,SOE_target,0.004758,0.009274,24.85049695,0.03483963,0.187780789,0.460886734,0.397369649,0.199766574,0.403258915,2.328060964,0.018590468,True,CSI_nonSOE,0.09461527820611505,0.004758,0.08985727820611505,7715846134.174338,7715846134.174338,1,0,,
600482.SH,中国动力,CSI,中央国有企业,工业,机械,工业--机械--机械Ⅲ--建筑机械与重型卡车,2023,,,,,,,,,,99119595878.61,,0.007033,779487252.58,-82406541.23,target_year,,,,,,,,,,SOE_target,0.011656999999999999,0.021549,25.176075,0.051108,0.187488,0.511977,0.349594,0.199063,0.468309,1.976542,0.014988,True,CSI_nonSOE,0.0802009758710279,0.011656999999999999,0.0685439758710279,6794051188.24948,6794051188.24948,1,0,,
600482.SH,中国动力,CSI,中央国有企业,工业,机械,工业--机械--机械Ⅲ--建筑机械与重型卡车,2024,,,,,,,,,,108947127910.61,,0.010127,1390869974.66,-287585557.51,target_year,,,,,,,,,,SOE_target,0.024444,0.036613,25.319593,0.054734,0.188674,0.481903,0.349827,0.171566,0.522741,1.897556,0.009325,True,CSI_nonSOE,0.06810845665387977,0.024444,0.04366445665387977,4757117144.217525,4757117144.217525,1,0,,
600482.SH,中国动力,CSI,中央国有企业,工业,机械,工业--机械--机械Ⅲ--建筑机械与重型卡车,2025,,,,,,,,,,116795591158.73,,0.007841,1300885777.44,-385069662.69,target_year,,,,,,,,,,SOE_target,0.031677,0.032863,25.414129,0.060583,0.187309,0.491489,0.33477,0.156553,0.532312,1.790372,0.009973,True,CSI_nonSOE,0.06431870516814892,0.031677,0.03264170516814892,3812407251.542925,3812407251.542925,1,0,,
600489.SH,中金黄金,CSI,中央国有企业,材料,有色金属,材料--有色金属--贵金属--黄金,2019,,,,,,,,,,40021635913.0,,0.017765359,178768317.4,532230416.5,target_year,,,,,,,,,,SOE_target,0.025233,0.013075000000000002,24.36223375,0.043496677,0.167062795,0.892001272,0.01554923,0.387881826,0.492146907,1.040654121,0.033759896,True,CSI_nonSOE,0.11965207186130689,0.025233,0.09441907186130688,3778805717.276607,3778805717.276607,1,0,,
600489.SH,中金黄金,CSI,中央国有企业,材料,有色金属,材料--有色金属--贵金属--黄金,2020,,,,,,,,,,45802747112.0,,0.045389079,1554638623.0,524305866.0,target_year,,,,,,,,,,SOE_target,0.056073000000000005,0.083728,24.41268604,0.041780262,0.15478921,0.990385297,0.011202003,0.36927657,0.502667595,1.027067204,0.039977449,True,CSI_nonSOE,0.12124829191539468,0.056073000000000005,0.06517529191539467,2985207413.5516005,2985207413.5516005,1,0,,
600489.SH,中金黄金,CSI,中央国有企业,材料,有色金属,材料--有色金属--贵金属--黄金,2021,,,,,,,,,,47631293984.0,,0.045137813,1697836681.0,452135778.8,target_year,,,,,,,,,,SOE_target,0.054226,0.070368,24.54760991,0.042820805,0.159708925,1.10601035,0.088210639,0.38329592,0.442747709,1.268584014,0.035541924,True,CSI_nonSOE,0.13664138046645535,0.054226,0.08241538046645536,3925551215.800946,3925551215.800946,1,0,,
600489.SH,中金黄金,CSI,中央国有企业,材料,有色金属,材料--有色金属--贵金属--黄金,2022,,,,,,,,,,48642313052.0,,0.052378211,2117139779.0,430657534.4,target_year,,,,,,,,,,SOE_target,0.063318,0.08348499999999999,24.58675582,0.037165564,0.168216562,1.187630737,0.117843859,0.353493946,0.43478337,1.364867896,0.026935395,True,CSI_nonSOE,0.14146185235157926,0.063318,0.07814385235157927,3801097729.174785,3801097729.174785,1,0,,
600489.SH,中金黄金,CSI,中央国有企业,材料,有色金属,材料--有色金属--贵金属--黄金,2023,,,,,,,,,,52680243371.36,,0.064674,2977855387.68,429181525.57,target_year,,,,,,,,,,SOE_target,0.084982,0.11501099999999999,24.60776,0.032911,0.153058,1.171252,0.116913,0.327818,0.424304,1.329625,0.023062,True,CSI_nonSOE,0.14023967380880842,0.084982,0.055257673808808416,2910987704.3832526,2910987704.3832526,1,0,,
600489.SH,中金黄金,CSI,中央国有企业,材料,有色金属,材料--有色金属--贵金属--黄金,2024,,,,,,,,,,55638663702.8,,0.066961,3385988472.81,339639762.12,target_year,,,,,,,,,,SOE_target,0.10135999999999999,0.12705,24.687506,0.034818,0.159476,1.190882,0.10582,0.311803,0.416555,1.365398,0.030848,True,CSI_nonSOE,0.1389839669568131,0.10135999999999999,0.037623966956813096,2093347244.6753836,2093347244.6753836,1,0,,
600489.SH,中金黄金,CSI,中央国有企业,材料,有色金属,材料--有色金属--贵金属--黄金,2025,,,,,,,,,,62550961213.58,,0.083675,4933582739.46,300387884.18,target_year,,,,,,,,,,SOE_target,0.129625,0.17095,24.742144,0.036012,0.15747,1.190325,0.137993,0.305226,0.414573,1.509469,0.043272,True,CSI_nonSOE,0.1395347586521333,0.129625,0.00990975865213331,619864929.0855296,619864929.0855296,1,0,,
600515.SH,海南机场,CSI,地方国有企业,房地产,房地产Ⅱ,房地产--房地产Ⅱ--房地产管理和开发--房地产开发,2019,,,,,,,,,,81523299957.0,,0.010411302,-1212912199.0,2061675899.0,target_year,,,,,,,,,,SOE_target,0.006821000000000001,-0.044611,25.26597659,0.017200231,0.396279334,0.104359404,0.160150595,0.0800513,0.608602648,1.37645289,0.007813703,True,CSI_nonSOE,0.01811366314706664,0.006821000000000001,0.011292663147066638,920615165.0516732,920615165.0516732,1,0,,
600515.SH,海南机场,CSI,地方国有企业,房地产,房地产Ⅱ,房地产--房地产Ⅱ--房地产管理和开发--房地产开发,2020,,,,,,,,,,57434499260.0,,-0.087684698,-7736830873.0,2700704149.0,target_year,,,,,,,,,,SOE_target,-0.106265,-0.5050979999999999,25.12415471,0.014972514,0.408200157,0.116158179,0.013623708,0.095212169,0.656139885,1.028301094,0.004837668,True,CSI_nonSOE,0.006725715120281514,-0.106265,0.11299071512028151,6489565143.962679,6489565143.962679,1,0,,
600515.SH,海南机场,CSI,地方国有企业,房地产,房地产Ⅱ,房地产--房地产Ⅱ--房地产管理和开发--房地产开发,2021,,,,,,,,,,61168928318.0,,0.01204503,463289691.7,273491895.7,target_year,,,,,,,,,,SOE_target,0.01861,0.034881,24.77391099,0.00691795,0.406330004,0.076628603,-0.277082839,0.131787007,0.858026092,0.632679943,0.007158523,True,CSI_nonSOE,-0.005621587311387871,0.01861,-0.024231587311387873,-1482220227.2816432,0.0,0,2,"FinancialLeverage_lag, AssetTurnover_lag",
600515.SH,海南机场,CSI,地方国有企业,房地产,房地产Ⅱ,房地产--房地产Ⅱ--房地产管理和开发--房地产开发,2022,,,,,,,,,,56125450012.0,,0.043689221,1856312763.0,595764415.3,target_year,,,,,,,,,,SOE_target,0.04491799999999999,0.088987,24.83690519,0.004902934,0.390202805,0.072534082,0.184552862,0.150839679,0.667156035,1.611567449,0.005480548,True,CSI_nonSOE,0.02387096706210909,0.04491799999999999,-0.021047032937890904,-1181274195.0565135,0.0,0,1,AssetTurnover_lag,
600515.SH,海南机场,CSI,地方国有企业,房地产,房地产Ⅱ,房地产--房地产Ⅱ--房地产管理和开发--房地产开发,2023,,,,,,,,,,55794608066.78,,0.025982,952777304.64,496899788.07,target_year,,,,,,,,,,SOE_target,0.035449,0.041847,24.750855,0.004452,0.393852,0.07221,0.236873,0.172597,0.575791,2.203911,0.008616,True,CSI_nonSOE,0.03971405789005053,0.035449,0.004265057890050529,237967233.35749692,237967233.35749692,0,1,AssetTurnover_lag,
600515.SH,海南机场,CSI,地方国有企业,房地产,房地产Ⅱ,房地产--房地产Ⅱ--房地产管理和开发--房地产开发,2024,,,,,,,,,,53691111395.9,,0.016317,458501533.62,417578946.82,target_year,,,,,,,,,,SOE_target,0.015396,0.019660999999999998,24.744943,0.006362,0.37554,0.111115,0.227801,0.194336,0.555888,2.334503,0.029745,True,CSI_nonSOE,0.041974441921428796,0.015396,0.026578441921428796,1427026085.9328918,1427026085.9328918,1,0,,
600515.SH,海南机场,CSI,地方国有企业,房地产,房地产Ⅱ,房地产--房地产Ⅱ--房地产管理和开发--房地产开发,2025,,,,,,,,,,59718688955.05,,0.011697,218564398.53,479944246.33,target_year,,,,,,,,,,SOE_target,0.012048000000000001,0.009284,24.706513,0.004902,0.353891,0.073869,0.191783,0.205811,0.521749,1.962012,0.01083,True,CSI_nonSOE,0.04591359654802005,0.012048000000000001,0.033865596548020044,2022409026.528424,2022409026.528424,0,1,AssetTurnover_lag,
600519.SH,贵州茅台,CSI,地方国有企业,日常消费,食品饮料,日常消费--食品饮料--饮料--白酒与葡萄酒,2019,,,,,,,,,,183042000000.0,,0.225160593,41206471014.0,7458015.66,target_year,,,,,,,,,,SOE_target,0.342866,0.331177,25.79748091,0.093352251,0.118716357,0.423491305,0.596969869,0.107621129,0.265493085,3.248532646,0.010051821,True,CSI_nonSOE,0.11369952442427587,0.342866,-0.22916647557572412,-41947090022.331696,0.0,1,0,,
600519.SH,贵州茅台,CSI,地方国有企业,日常消费,食品饮料,日常消费--食品饮料--饮料--白酒与葡萄酒,2020,,,,,,,,,,213396000000.0,,0.217730024,46697285430.0,-234610582.4,target_year,,,,,,,,,,SOE_target,0.33395800000000003,0.314108,25.9329835,0.094875943,0.109737598,0.424022183,0.64428346,0.096497444,0.224898702,3.869839489,0.017202928,True,CSI_nonSOE,0.11652164823007419,0.33395800000000003,-0.21743635176992585,-46400047722.2951,0.0,1,0,,
600519.SH,贵州茅台,CSI,地方国有企业,日常消费,食品饮料,日常消费--食品饮料--饮料--白酒与葡萄酒,2021,,,,,,,,,,255168000000.0,,0.205643475,52460144378.0,13529867.76,target_year,,,,,,,,,,SOE_target,0.314138,0.299036,26.08641454,0.089343891,0.106852675,0.408784356,0.655957044,0.087501848,0.214039476,4.064752303,0.009792927,True,CSI_nonSOE,0.11497399148200353,0.314138,-0.19916400851799643,-50820281725.52011,0.0,1,0,,
600519.SH,贵州茅台,CSI,地方国有企业,日常消费,食品饮料,日常消费--食品饮料--饮料--白酒与葡萄酒,2022,,,,,,,,,,254365000000.0,,0.24660828,62716443738.0,12023204.77,target_year,,,,,,,,,,SOE_target,0.338499,0.324077,26.26518875,0.087555949,0.106913309,0.387932853,0.63821226,0.077572997,0.22812674,3.811942633,0.013358971,True,CSI_nonSOE,0.11121802721469058,0.338499,-0.2272809727853094,-57812324642.535225,0.0,1,0,,
600519.SH,贵州茅台,CSI,地方国有企业,日常消费,食品饮料,日常消费--食品饮料--饮料--白酒与葡萄酒,2023,,,,,,,,,,272699660092.25,,0.26749,74734071550.75,-1789503701.48,target_year,,,,,,,,,,SOE_target,0.393358,0.361755,26.262035,0.086572,0.105461,0.414513,0.658683,0.086297,0.19421,4.414725,0.020862,True,CSI_nonSOE,0.11653497999418594,0.393358,-0.27682302000581405,-75489543461.29561,0.0,1,0,,
600519.SH,贵州茅台,CSI,地方国有企业,日常消费,食品饮料,日常消费--食品饮料--饮料--白酒与葡萄酒,2024,,,,,,,,,,298944579918.7,,0.283524,86228146421.62,-1470219863.34,target_year,,,,,,,,,,SOE_target,0.413433,0.384283,26.331637,0.099153,0.100594,0.476069,0.64714,0.080846,0.179843,4.623892,0.009607,True,CSI_nonSOE,0.12080869750808826,0.413433,-0.29262430249191174,-87478449182.44716,0.0,1,0,,
600519.SH,贵州茅台,CSI,地方国有企业,日常消费,食品饮料,日常消费--食品饮料--饮料--白酒与葡萄酒,2025,,,,,,,,,,303834844021.44,,0.268254,82320067101.68,-815240284.72,target_year,,,,,,,,,,SOE_target,0.378049,0.34462000000000004,26.423524,0.11272,0.097008,0.503715,0.653,0.080353,0.190448,4.454079,0.015651,True,CSI_nonSOE,0.12284792560948084,0.378049,-0.2552010743905192,-77538978631.5473,0.0,1,0,,
600547.SH,山东黄金,CSI,地方国有企业,材料,有色金属,材料--有色金属--贵金属--黄金,2019,,,,,,,,,,58848726000.0,,0.034295033,1290503000.0,727716000.0,target_year,,,,,,,,,,SOE_target,0.052248,0.057457,24.54342986,0.069783967,0.167062795,1.234748067,-0.168747226,0.506074265,0.481784636,0.460910124,0.079974587,True,CSI_nonSOE,0.12953154832164,0.052248,0.07728354832163999,4548038359.487951,4548038359.487951,1,0,,
600547.SH,山东黄金,CSI,地方国有企业,材料,有色金属,材料--有色金属--贵金属--黄金,2020,,,,,,,,,,64461691000.0,,0.046063033,2231533000.0,737768000.0,target_year,,,,,,,,,,SOE_target,0.062424,0.09291,24.79823602,0.06766359,0.15478921,1.198791734,-0.247137126,0.442311427,0.557028218,0.41604487,0.087074323,True,CSI_nonSOE,0.10993590831210509,0.062424,0.04751190831210509,3062697952.43525,3062697952.43525,1,0,,
600547.SH,山东黄金,CSI,地方国有企业,材料,有色金属,材料--有色金属--贵金属--黄金,2021,,,,,,,,,,79036550000.0,,0.006070812,-221301000.0,701117000.0,target_year,,,,,,,,,,SOE_target,0.008607,-0.009239,24.88933695,0.057422438,0.159708925,1.032278579,-0.191698943,0.44392585,0.505781116,0.516050317,0.084631149,True,CSI_nonSOE,0.10454536938807063,0.008607,0.09593836938807063,7582637729.058714,7582637729.058714,1,0,,
600547.SH,山东黄金,CSI,地方国有企业,材料,有色金属,材料--有色金属--贵金属--黄金,2022,,,,,,,,,,91216092000.0,,0.024132694,1191359000.0,1009931000.0,target_year,,,,,,,,,,SOE_target,0.033211,0.051716,25.09317624,0.022730128,0.168216562,0.472934661,-0.262458167,0.399789604,0.595619002,0.407525779,0.065528784,True,CSI_nonSOE,0.05533370999238816,0.033211,0.022122709992388162,2017947149.9549978,2017947149.9549978,1,0,,
600547.SH,山东黄金,CSI,地方国有企业,材料,有色金属,材料--有色金属--贵金属--黄金,2023,,,,,,,,,,135018841000.0,,0.02814,2267383000.0,1532106000.0,target_year,,,,,,,,,,SOE_target,0.043099,0.098295,25.236497,0.029365,0.153058,0.590954,-0.144872,0.405942,0.596539,0.619063,0.05267,True,CSI_nonSOE,0.058762678945670915,0.043099,0.015663678945670917,2114891777.040589,2114891777.040589,1,0,,
600547.SH,山东黄金,CSI,地方国有企业,材料,有色金属,材料--有色金属--贵金属--黄金,2024,,,,,,,,,,161010475000.0,,0.030549,2898680000.0,2020016000.0,target_year,,,,,,,,,,SOE_target,0.050286,0.12102299999999999,25.62868,0.034208,0.159476,0.524015,-0.154502,0.37297,0.605257,0.578511,0.079842,True,CSI_nonSOE,0.043591169993869305,0.050286,-0.006694830006130692,-1077937759.3313556,0.0,1,0,,
600547.SH,山东黄金,CSI,地方国有企业,材料,有色金属,材料--有色金属--贵金属--黄金,2025,,,,,,,,,,170374158329.33,,0.03915,4739393120.72,1930825091.04,target_year,,,,,,,,,,SOE_target,0.065581,0.136069,25.804735,0.046095,0.15747,0.557499,-0.209441,0.382655,0.636317,0.459784,0.173847,True,CSI_nonSOE,0.03808297987923713,0.065581,-0.02749802012076287,-4684952033.797955,0.0,1,0,,
600584.SH,长电科技,CSI,中央国有企业,信息技术,半导体,信息技术--半导体--半导体产品--集成电路,2019,,,,,,,,,,33581893568.0,,0.025835091,88663437.59,778927828.0,target_year,,,,,,,,,,SOE_target,0.024489999999999998,0.007116,24.26211863,0.425302714,0.214515912,0.731214167,-0.217835094,0.570274559,0.642866911,0.592526697,0.125223737,True,CSI_nonSOE,0.015335481678744309,0.024489999999999998,-0.009154518321255689,-307426059.9307146,0.0,1,0,,
600584.SH,长电科技,CSI,中央国有企业,信息技术,半导体,信息技术--半导体--半导体产品--集成电路,2020,,,,,,,,,,32328196228.0,,0.059969666,1304390209.0,634320913.2,target_year,,,,,,,,,,SOE_target,0.06268,0.100233,24.23725288,0.333118905,0.169245785,0.690776587,-0.240903638,0.579565316,0.623655665,0.541626438,0.083485094,True,CSI_nonSOE,0.016437647001349656,0.06268,-0.04624235299865034,-1494931861.7848125,0.0,1,0,,
600584.SH,长电科技,CSI,中央国有企业,信息技术,半导体,信息技术--半导体--半导体产品--集成电路,2021,,,,,,,,,,37098618886.0,,0.08818834,2958712533.0,312953065.0,target_year,,,,,,,,,,SOE_target,0.09927899999999999,0.172064,24.19920563,0.292587408,0.155238897,0.801570564,-0.136611898,0.577067125,0.585201037,0.681027474,0.10301753,True,CSI_nonSOE,0.02771845210044295,0.09927899999999999,-0.07156054789955704,-2654797493.7990146,0.0,1,0,,
600584.SH,长电科技,CSI,中央国有企业,信息技术,半导体,信息技术--半导体--半导体产品--集成电路,2022,,,,,,,,,,39407731739.0,,0.087256409,3230988206.0,207588936.5,target_year,,,,,,,,,,SOE_target,0.09065200000000001,0.141605,24.33684558,0.247136762,0.127200785,0.876472393,0.055951263,0.51445276,0.433948862,1.183022294,0.117475684,True,CSI_nonSOE,0.05351576319853458,0.09065200000000001,-0.03713623680146543,-1463454857.6681292,0.0,1,0,,
600584.SH,长电科技,CSI,中央国有企业,信息技术,半导体,信息技术--半导体--半导体产品--集成电路,2023,,,,,,,,,,42579471835.65,,0.03904,1470705571.95,191582595.95,target_year,,,,,,,,,,SOE_target,0.041807,0.058006,24.397228,0.241875,0.113252,0.880251,0.078921,0.51575,0.374673,1.281888,0.099579,True,CSI_nonSOE,0.06047897408563645,0.041807,0.01867197408563645,795042794.695344,795042794.695344,1,0,,
600584.SH,长电科技,CSI,中央国有企业,信息技术,半导体,信息技术--半导体--半导体产品--集成电路,2024,,,,,,,,,,54059828326.1,,0.032423,1609575410.92,143202493.72,target_year,,,,,,,,,,SOE_target,0.037089,0.059965000000000004,24.474638,0.20667,0.109637,0.720973,0.186402,0.464953,0.385827,1.819745,0.07347,True,CSI_nonSOE,0.050755796263930404,0.037089,0.013666796263930407,738824659.7958627,738824659.7958627,1,0,,
600584.SH,长电科技,CSI,中央国有企业,信息技术,半导体,信息技术--半导体--半导体产品--集成电路,2025,,,,,,,,,,55516503601.44,,0.034768,1565238036.45,364966704.33,target_year,,,,,,,,,,SOE_target,0.038389,0.055614,24.713357,0.203175,0.111057,0.742623,0.127708,0.453394,0.453519,1.451593,0.084921,True,CSI_nonSOE,0.0340542740891769,0.038389,-0.004334725910823102,-240648826.63946605,0.0,1,0,,
600585.SH,海螺水泥,CSI,地方国有企业,材料,建材Ⅱ,材料--建材Ⅱ--建材Ⅲ--建材Ⅳ,2019,,,,,,,,,,178777000000.0,,0.190604923,33629803000.0,446008000.0,target_year,,,,,,,,,,SOE_target,0.264696,0.26940200000000003,25.73087892,0.851845731,0.736746816,0.945214441,0.307864936,0.42602985,0.223060914,2.760494595,0.031752625,True,CSI_nonSOE,0.1463736952165296,0.264696,-0.11832230478347039,-21153306682.274487,0.0,0,2,"HHI_lag, MarketShare_lag",
600585.SH,海螺水泥,CSI,地方国有企业,材料,建材Ⅱ,材料--建材Ⅱ--建材Ⅲ--建材Ⅳ,2020,,,,,,,,,,200973000000.0,,0.177189761,35163538000.0,446777000.0,target_year,,,,,,,,,,SOE_target,0.250641,0.235312,25.90940607,0.869353952,0.764425084,0.956555552,0.390378958,0.392942982,0.204983699,3.545143008,0.049637873,True,CSI_nonSOE,0.147146530187158,0.250641,-0.103494469812842,-20799594081.696293,0.0,0,2,"HHI_lag, MarketShare_lag",
600585.SH,海螺水泥,CSI,地方国有企业,材料,建材Ⅱ,材料--建材Ⅱ--建材Ⅲ--建材Ⅳ,2021,,,,,,,,,,230515000000.0,,0.145909871,33300694000.0,333671000.0,target_year,,,,,,,,,,SOE_target,0.206196,0.192903,26.0264352,0.862135547,0.753086611,0.92820387,0.442261239,0.335339415,0.163752786,4.669323247,0.049609649,True,CSI_nonSOE,0.14688290998144768,0.206196,-0.05931309001855231,-13672556945.626587,0.0,0,2,"HHI_lag, MarketShare_lag",
600585.SH,海螺水泥,CSI,地方国有企业,材料,建材Ⅱ,材料--建材Ⅱ--建材Ⅲ--建材Ⅳ,2022,,,,,,,,,,243976000000.0,,0.067158879,15860553000.0,524630000.0,target_year,,,,,,,,,,SOE_target,0.087491,0.086401,26.16358032,0.806036387,0.668525521,0.778482317,0.396284433,0.32075031,0.168348631,3.796208792,0.065949423,True,CSI_nonSOE,0.13734900687889187,0.087491,0.04985800687889187,12164157086.284523,12164157086.284523,0,2,"HHI_lag, MarketShare_lag",
600585.SH,海螺水泥,CSI,地方国有企业,材料,建材Ⅱ,材料--建材Ⅱ--建材Ⅲ--建材Ⅳ,2023,,,,,,,,,,246189200000.0,,0.047198,10689181000.0,930404000.0,target_year,,,,,,,,,,SOE_target,0.060389,0.057962,26.220337,0.768652,0.617588,0.556476,0.290341,0.368056,0.197017,2.991394,0.109217,True,CSI_nonSOE,0.11846505543322122,0.060389,0.058076055433221224,14297697626.260387,14297697626.260387,0,1,MarketShare_lag,
600585.SH,海螺水泥,CSI,地方国有企业,材料,建材Ⅱ,材料--建材Ⅱ--建材Ⅲ--建材Ⅳ,2024,,,,,,,,,,254635244000.0,,0.03468,8051954000.0,778705000.0,target_year,,,,,,,,,,SOE_target,0.044611,0.043154000000000005,26.229366,0.792843,0.650954,0.575313,0.291186,0.392783,0.196105,3.41697,0.057547,True,CSI_nonSOE,0.11927120935019944,0.044611,0.07466020935019944,19011120624.97912,19011120624.97912,0,1,MarketShare_lag,
600585.SH,海螺水泥,CSI,地方国有企业,材料,建材Ⅱ,材料--建材Ⅱ--建材Ⅲ--建材Ⅳ,2025,,,,,,,,,,256000730000.0,,0.035606,8464457000.0,650683000.0,target_year,,,,,,,,,,SOE_target,0.044752,0.044513,26.263098,0.688576,0.525443,0.363519,0.254756,0.389179,0.21324,3.245249,0.044433,True,CSI_nonSOE,0.10390340644418342,0.044752,0.059151406444183416,15142803230.23766,15142803230.23766,0,1,MarketShare_lag,
600600.SH,青岛啤酒,CSI,地方国有企业,日常消费,食品饮料,日常消费--食品饮料--饮料--啤酒,2019,,,,,,,,,,37312383547.0,,0.050066542,1852103376.0,15998657.0,target_year,,,,,,,,,,SOE_target,0.062422000000000005,0.099731,24.25183759,0.039789287,0.118716357,0.817071935,0.166497166,0.314204026,0.451509728,1.46938827,0.022356278,True,CSI_nonSOE,0.12704103961308774,0.062422000000000005,0.06461903961308774,2411090390.482316,2411090390.482316,1,0,,
600600.SH,青岛啤酒,CSI,地方国有企业,日常消费,食品饮料,日常消费--食品饮料--饮料--啤酒,2020,,,,,,,,,,41514185835.0,,0.053486635,2201323556.0,19130553.0,target_year,,,,,,,,,,SOE_target,0.069384,0.11063700000000001,24.34259111,0.036521616,0.109737598,0.783994456,0.204973157,0.278755397,0.466306653,1.572724464,0.030961465,True,CSI_nonSOE,0.12226481627646635,0.069384,0.05288081627646635,2195304034.0077167,2195304034.0077167,1,0,,
600600.SH,青岛啤酒,CSI,地方国有企业,日常消费,食品饮料,日常消费--食品饮料--饮料--啤酒,2021,,,,,,,,,,46563004491.0,,0.068392254,3155455810.0,29093000.0,target_year,,,,,,,,,,SOE_target,0.09519899999999999,0.144667,24.44930103,0.030608359,0.106852675,0.704323711,0.219639959,0.256356563,0.485283121,1.587892074,0.031198181,True,CSI_nonSOE,0.11298424850392338,0.09519899999999999,0.017785248503923393,828134605.961736,828134605.961736,1,0,,
600600.SH,青岛啤酒,CSI,地方国有企业,日常消费,食品饮料,日常消费--食品饮料--饮料--啤酒,2022,,,,,,,,,,50311699796.0,,0.07408436,3710628593.0,16681483.0,target_year,,,,,,,,,,SOE_target,0.094207,0.153026,24.56407217,0.029061598,0.106913309,0.685008349,0.22979565,0.234330308,0.489000085,1.586022499,0.035113023,True,CSI_nonSOE,0.1086008320712668,0.094207,0.014393832071266807,724178158.0836124,724178158.0836124,1,0,,
600600.SH,青岛啤酒,CSI,地方国有企业,日常消费,食品饮料,日常消费--食品饮料--饮料--啤酒,2023,,,,,,,,,,49256011349.0,,0.08698,4267851406.0,16430590.0,target_year,,,,,,,,,,SOE_target,0.105586,0.16122,24.641503,0.026374,0.105461,0.664189,0.245086,0.227891,0.477809,1.626821,0.035382,True,CSI_nonSOE,0.10753229626495793,0.105586,0.0019462962649579307,95866790.91528414,95866790.91528414,1,0,,
600600.SH,青岛啤酒,CSI,地方国有企业,日常消费,食品饮料,日常消费--食品饮料--饮料--啤酒,2024,,,,,,,,,,51420385832.0,,0.084924,4344983858.0,21837054.0,target_year,,,,,,,,,,SOE_target,0.105021,0.153778,24.620297,0.026821,0.100594,0.681677,0.257703,0.236404,0.42637,1.750271,0.032844,True,CSI_nonSOE,0.1160722224876058,0.105021,0.011051222487605802,568258124.2279652,568258124.2279652,1,0,,
600600.SH,青岛啤酒,CSI,地方国有企业,日常消费,食品饮料,日常消费--食品饮料--饮料--啤酒,2025,,,,,,,,,,52131585698.0,,0.088233,4588101137.0,11645392.0,target_year,,,,,,,,,,SOE_target,0.11355,0.153681,24.663301,0.025162,0.097008,0.638438,0.149096,0.242093,0.419305,1.437532,0.041638,True,CSI_nonSOE,0.10684111334393985,0.11355,-0.006708886656060148,-349744899.6485683,0.0,1,0,,
600674.SH,川投能源,CSI,地方国有企业,公用事业,公用事业Ⅱ,公用事业--公用事业Ⅱ--电力--电力公用事业,2019,,,,,,,,,,37455297271.0,,0.08663757,2947152991.0,297882959.1,target_year,,,,,,,,,,SOE_target,0.09496600000000001,0.113437,24.19037321,0.001407933,0.148389593,0.027388009,-0.126162172,0.096642724,0.211156314,0.238375654,0.000112629,True,CSI_nonSOE,0.09835986298979764,0.09496600000000001,0.0033938629897976302,127118147.17991509,127118147.17991509,0,3,"AssetTurnover_lag, CapexRatio_lag, CurrentRatio_lag",
600674.SH,川投能源,CSI,地方国有企业,公用事业,公用事业Ⅱ,公用事业--公用事业Ⅱ--电力--电力公用事业,2020,,,,,,,,,,41329132241.0,,0.085105621,3161648053.0,355693399.7,target_year,,,,,,,,,,SOE_target,0.08250199999999999,0.113068,24.34641399,0.001205579,0.143602423,0.023400148,-0.003795965,0.089266117,0.261609643,0.974542199,0.005644483,True,CSI_nonSOE,0.09587788993964447,0.08250199999999999,0.013375889939644475,552813924.156628,552813924.156628,0,1,AssetTurnover_lag,
600674.SH,川投能源,CSI,地方国有企业,公用事业,公用事业Ⅱ,公用事业--公用事业Ⅱ--电力--电力公用事业,2021,,,,,,,,,,48467289300.0,,0.072029473,3087390564.0,403682721.0,target_year,,,,,,,,,,SOE_target,0.070829,0.10283899999999999,24.44483347,0.001311827,0.126082379,0.025326604,-0.020587501,0.149878777,0.279982539,0.842265433,0.011127501,True,CSI_nonSOE,0.09229369829028794,0.070829,0.021464698290287937,1040335741.7726008,1040335741.7726008,0,1,AssetTurnover_lag,
600674.SH,川投能源,CSI,地方国有企业,公用事业,公用事业Ⅱ,公用事业--公用事业Ⅱ--电力--电力公用事业,2022,,,,,,,,,,54713816868.0,,0.073686954,3515265709.0,516428791.4,target_year,,,,,,,,,,SOE_target,0.070057,0.108055,24.60415496,0.001311755,0.130392082,0.027269246,-0.076929215,0.15739761,0.333789881,0.523491198,0.018682481,True,CSI_nonSOE,0.07857156787649489,0.070057,0.008514567876494891,465864507.50469714,465864507.50469714,0,1,AssetTurnover_lag,
600674.SH,川投能源,CSI,地方国有企业,公用事业,公用事业Ⅱ,公用事业--公用事业Ⅱ--电力--电力公用事业,2023,,,,,,,,,,60353345396.81,,0.083092,4400136762.78,614743511.5,target_year,,,,,,,,,,SOE_target,0.079343,0.12410700000000001,24.725382,0.001264,0.129341,0.026783,-0.063429,0.159617,0.356674,0.562795,0.011853,True,CSI_nonSOE,0.07385149720998851,0.079343,-0.005491502790011482,-331430564.63310874,0.0,0,1,AssetTurnover_lag,
600674.SH,川投能源,CSI,地方国有企业,公用事业,公用事业Ⅱ,公用事业--公用事业Ⅱ--电力--电力公用事业,2024,,,,,,,,,,65049216986.43,,0.076308,4507725742.38,456048265.85,target_year,,,,,,,,,,SOE_target,0.082261,0.113788,24.823482,0.001247,0.121904,0.024977,-0.093234,0.155371,0.36055,0.376089,0.01185,True,CSI_nonSOE,0.0686797101662679,0.082261,-0.013581289833732108,-883452269.3500357,0.0,0,2,"AssetTurnover_lag, CurrentRatio_lag",
600674.SH,川投能源,CSI,地方国有企业,公用事业,公用事业Ⅱ,公用事业--公用事业Ⅱ--电力--电力公用事业,2025,,,,,,,,,,70280844646.92,,0.074284,4754148319.5,466574820.23,target_year,,,,,,,,,,SOE_target,0.079641,0.10925800000000001,24.89841,0.001364,0.118327,0.024926,-0.030629,0.163193,0.325335,0.646079,0.014149,True,CSI_nonSOE,0.07584067886972307,0.079641,-0.0038003211302769374,-267089778.96540084,0.0,0,1,AssetTurnover_lag,
600741.SH,华域汽车,CSI,地方国有企业,可选消费,汽车与零配件,可选消费--汽车与零配件--汽车零配件--汽车零配件与设备,2019,,,,,,,,,,139127000000.0,,0.046042526,6463163299.0,-57384823.34,target_year,,,,,,,,,,SOE_target,0.06916699999999999,0.136372,25.61876601,0.105173849,0.376606004,1.218424095,0.095917985,0.187971562,0.591375165,1.188356392,0.056289775,True,CSI_nonSOE,0.06501828533033249,0.06916699999999999,-0.0041487146696675,-577198225.8468302,0.0,1,0,,
600741.SH,华域汽车,CSI,地方国有企业,可选消费,汽车与零配件,可选消费--汽车与零配件--汽车零配件--汽车零配件与设备,2020,,,,,,,,,,150436000000.0,,0.036173167,5403276870.0,38468287.51,target_year,,,,,,,,,,SOE_target,0.05484,0.105986,25.65865613,0.102321962,0.369422071,1.052222715,0.098096971,0.185580865,0.578073616,1.195337752,0.041014965,True,CSI_nonSOE,0.056803841246684084,0.05484,0.0019638412466840838,295432421.78616685,295432421.78616685,1,0,,
600741.SH,华域汽车,CSI,地方国有企业,可选消费,汽车与零配件,可选消费--汽车与零配件--汽车零配件--汽车零配件与设备,2021,,,,,,,,,,153847000000.0,,0.041668248,6468939920.0,-58414795.01,target_year,,,,,,,,,,SOE_target,0.058917000000000004,0.12674,25.73680331,0.099651359,0.324255792,0.919275528,0.061256394,0.179405617,0.613203253,1.108781534,0.026615808,True,CSI_nonSOE,0.04073416105812312,0.058917000000000004,-0.018182838941876882,-2797375222.6909328,0.0,1,0,,
600741.SH,华域汽车,CSI,地方国有企业,可选消费,汽车与零配件,可选消费--汽车与零配件--汽车零配件--汽车零配件与设备,2022,,,,,,,,,,162797000000.0,,0.042880326,7203125199.0,-222339441.1,target_year,,,,,,,,,,SOE_target,0.057724000000000004,0.140533,25.7592229,0.091719109,0.289774151,0.916432657,0.04330837,0.164489571,0.651116923,1.075429526,0.032901711,True,CSI_nonSOE,0.033025922435348215,0.057724000000000004,-0.02469807756465179,-4020772933.2926173,0.0,1,0,,
600741.SH,华域汽车,CSI,地方国有企业,可选消费,汽车与零配件,可选消费--汽车与零配件--汽车零配件--汽车零配件与设备,2023,,,,,,,,,,176096527061.77,,0.041438,7214175836.76,82967479.37,target_year,,,,,,,,,,SOE_target,0.053342,0.130295,25.815769,0.087651,0.236564,0.995539,0.051679,0.160689,0.649534,1.087895,0.031948,True,CSI_nonSOE,0.03594126219831088,0.053342,-0.017400737801689117,-3064209495.189912,0.0,1,0,,
600741.SH,华域汽车,CSI,地方国有企业,可选消费,汽车与零配件,可选消费--汽车与零配件--汽车零配件--汽车零配件与设备,2024,,,,,,,,,,185005958123.93,,0.038573,6690703044.68,445450880.84,target_year,,,,,,,,,,SOE_target,0.048373,0.111687,25.894298,0.079829,0.222276,0.9913,0.071113,0.146473,0.650302,1.120299,0.027814,True,CSI_nonSOE,0.03392535477700481,0.048373,-0.014447645222995187,-2672900447.114845,0.0,1,0,,
600741.SH,华域汽车,CSI,地方国有企业,可选消费,汽车与零配件,可选消费--汽车与零配件--汽车零配件--汽车零配件与设备,2025,,,,,,,,,,199186450932.39,,0.037691,7207268139.61,300363531.54,target_year,,,,,,,,,,SOE_target,0.05118,0.111577,25.943654,0.072316,0.204324,0.932002,0.047394,0.13775,0.642604,1.080251,0.024096,True,CSI_nonSOE,0.028092935980718936,0.05118,-0.023087064019281067,-4598630344.449475,0.0,1,0,,
600760.SH,中航沈飞,CSI,中央国有企业,工业,国防军工,工业--国防军工--航空航天与国防Ⅲ--航空航天,2019,,,,,,,,,,29223855418.0,,0.030645756,877785950.4,17801204.6,target_year,,,,,,,,,,SOE_target,0.032455,0.10607100000000001,24.07103611,0.234061146,0.285442207,0.73382927,0.094811604,0.156668572,0.711535713,1.13982081,0.021528326,True,CSI_nonSOE,0.025008060129709492,0.032455,-0.007446939870290506,-217628294.0759094,0.0,1,0,,
600760.SH,中航沈飞,CSI,中央国有企业,工业,国防军工,工业--国防军工--航空航天与国防Ⅲ--航空航天,2020,,,,,,,,,,32853080760.0,,0.044497289,1480199037.0,-18325999.76,target_year,,,,,,,,,,SOE_target,0.055996,0.157162,24.09825118,0.25391587,0.279462147,0.822813114,0.126611615,0.154215263,0.680994566,1.194178025,0.019204256,True,CSI_nonSOE,0.03619778763563955,0.055996,-0.019798212364360447,-650432269.7099643,0.0,1,0,,
600760.SH,中航沈飞,CSI,中央国有企业,工业,国防军工,工业--国防军工--航空航天与国防Ⅲ--航空航天,2021,,,,,,,,,,62780477436.0,,0.023023896,1695718597.0,-250267428.3,target_year,,,,,,,,,,SOE_target,0.038985,0.157295,24.21531136,0.271869554,0.273615357,0.878885182,0.154294154,0.141732989,0.670187379,1.23638641,0.022587022,True,CSI_nonSOE,0.04030778020766433,0.038985,0.0013227802076643327,83044772.98005803,83044772.98005803,1,0,,
600760.SH,中航沈飞,CSI,中央国有企业,工业,国防军工,工业--国防军工--航空航天与国防Ⅲ--航空航天,2022,,,,,,,,,,58792300811.0,,0.034290357,2304914649.0,-288905647.1,target_year,,,,,,,,,,SOE_target,0.042947,0.190097,24.86290999,0.300582293,0.271325141,0.712078293,0.11045987,0.075155929,0.804076801,1.140517772,0.015019361,True,CSI_nonSOE,0.003345258016631991,0.042947,-0.03960174198336801,-2328277527.32578,0.0,1,0,,
600760.SH,中航沈飞,CSI,中央国有企业,工业,国防军工,工业--国防军工--航空航天与国防Ⅲ--航空航天,2023,,,,,,,,,,55466437662.06,,0.04908,3007151011.69,-284871174.07,target_year,,,,,,,,,,SOE_target,0.05942,0.215317,24.797277,0.31911,0.272876,0.680945,0.127789,0.091034,0.765048,1.170943,0.018031,True,CSI_nonSOE,0.00509025916743841,0.05942,-0.05432974083256159,-3013477183.085153,0.0,1,0,,
600760.SH,中航沈飞,CSI,中央国有企业,工业,国防军工,工业--国防军工--航空航天与国防Ⅲ--航空航天,2024,,,,,,,,,,61589834322.62,,0.050531,3393966060.7,-281780980.48,target_year,,,,,,,,,,SOE_target,0.062074,0.21099199999999999,24.739044,0.285535,0.247277,0.80713,0.19824,0.106196,0.706893,1.30884,0.046211,True,CSI_nonSOE,0.021787154846054313,0.062074,-0.040286845153945684,-2481260118.4125614,0.0,1,0,,
600760.SH,中航沈飞,CSI,中央国有企业,工业,国防军工,工业--国防军工--航空航天与国防Ⅲ--航空航天,2025,,,,,,,,,,77486151790.18,,0.044729,3517760109.76,-51895460.66,target_year,,,,,,,,,,SOE_target,0.057051,0.17316600000000001,24.843763,0.26643,0.253215,0.729017,0.191021,0.119894,0.690682,1.30753,0.049573,True,CSI_nonSOE,0.015643095037678204,0.057051,-0.041407904962321794,-3208539209.223814,0.0,1,0,,
600795.SH,国电电力,CSI,中央国有企业,公用事业,公用事业Ⅱ,公用事业--公用事业Ⅱ--电力--电力公用事业,2019,,,,,,,,,,364848000000.0,,0.03103471,1868693329.0,9454253879.0,target_year,,,,,,,,,,SOE_target,0.052023,0.035694,26.33094615,0.108567586,0.148389593,0.235939416,-0.20008333,0.824503098,0.738424424,0.254622885,0.046610381,True,CSI_nonSOE,0.014006375217446437,0.052023,-0.03801662478255356,-13870289518.665102,0.0,0,2,"FixedAssetsRatio_lag, CurrentRatio_lag",
600795.SH,国电电力,CSI,中央国有企业,公用事业,公用事业Ⅱ,公用事业--公用事业Ⅱ--电力--电力公用事业,2020,,,,,,,,,,357337000000.0,,0.031801717,2633092717.0,8730848509.0,target_year,,,,,,,,,,SOE_target,0.028807,0.049264,26.62274626,0.17020986,0.143602423,0.360249419,-0.153296874,0.803204859,0.680281684,0.389709423,0.033277747,True,CSI_nonSOE,0.03213961770228238,0.028807,0.003332617702282381,1190867611.880479,1190867611.880479,0,2,"FixedAssetsRatio_lag, CurrentRatio_lag",
600795.SH,国电电力,CSI,中央国有企业,公用事业,公用事业Ⅱ,公用事业--公用事业Ⅱ--电力--电力公用事业,2021,,,,,,,,,,397909000000.0,,0.01530631,-1845353429.0,7935869338.0,target_year,,,,,,,,,,SOE_target,-0.004032,-0.037367,26.60194614,0.150635222,0.126082379,0.31726249,-0.175229782,0.798494104,0.668275244,0.366384625,0.039259747,True,CSI_nonSOE,0.02984539205582387,-0.004032,0.03387739205582387,13480119195.540821,13480119195.540821,0,2,"FixedAssetsRatio_lag, CurrentRatio_lag",
600795.SH,国电电力,CSI,中央国有企业,公用事业,公用事业Ⅱ,公用事业--公用事业Ⅱ--电力--电力公用事业,2022,,,,,,,,,,412852000000.0,,0.025132614,2824661198.0,7551385897.0,target_year,,,,,,,,,,SOE_target,0.025287,0.06217399999999999,26.70948872,0.177715444,0.130392082,0.439254514,-0.182234617,0.784952008,0.720608319,0.420969478,0.053779605,True,CSI_nonSOE,0.031791294604842396,0.025287,0.006504294604842396,2685311036.198393,2685311036.198393,0,1,FixedAssetsRatio_lag,
600795.SH,国电电力,CSI,中央国有企业,公用事业,公用事业Ⅱ,公用事业--公用事业Ⅱ--电力--电力公用事业,2023,,,,,,,,,,457899346871.8,,0.026904,5608589563.0,6710634947.41,target_year,,,,,,,,,,SOE_target,0.035992,0.119557,26.746355,0.174129,0.129341,0.469478,-0.148351,0.777889,0.732903,0.489031,0.091215,True,CSI_nonSOE,0.031489337779499124,0.035992,-0.004502662220500879,-2061766089.9516811,0.0,0,1,FixedAssetsRatio_lag,
600795.SH,国电电力,CSI,中央国有企业,公用事业,公用事业Ⅱ,公用事业--公用事业Ⅱ--电力--电力公用事业,2024,,,,,,,,,,493936293815.87,,0.033167,9831015730.47,6551289184.38,target_year,,,,,,,,,,SOE_target,0.056732,0.187621,26.849915,0.155481,0.121904,0.411434,-0.18418,0.786377,0.739186,0.410321,0.10869,True,CSI_nonSOE,0.026234097744138332,0.056732,-0.030497902255861666,-15064020809.418972,0.0,0,1,FixedAssetsRatio_lag,
600795.SH,国电电力,CSI,中央国有企业,公用事业,公用事业Ⅱ,公用事业--公用事业Ⅱ--电力--电力公用事业,2025,,,,,,,,,,520151776851.06,,0.025088,7161419062.53,5887937095.54,target_year,,,,,,,,,,SOE_target,0.04671,0.124002,26.925672,0.154752,0.118327,0.372564,-0.127761,0.776514,0.734045,0.498768,0.117618,True,CSI_nonSOE,0.02613716728934161,0.04671,-0.020572832710658392,-10700995489.308573,0.0,0,2,"FirmSize_lag, FixedAssetsRatio_lag",
600809.SH,山西汾酒,CSI,地方国有企业,日常消费,食品饮料,日常消费--食品饮料--饮料--白酒与葡萄酒,2019,,,,,,,,,,16067772126.0,,0.120645565,1938505451.0,0.0,target_year,,,,,,,,,,SOE_target,0.19643999999999998,0.28379899999999997,23.19381691,0.011358508,0.118716357,0.730553813,0.313357956,0.160991916,0.452055606,1.698127236,0.006345891,True,CSI_nonSOE,0.15127244013017313,0.19643999999999998,-0.045167559869826845,-725742059.47584,0.0,1,0,,
600809.SH,山西汾酒,CSI,地方国有企业,日常消费,食品饮料,日常消费--食品饮料--饮料--白酒与葡萄酒,2020,,,,,,,,,,19778534913.0,,0.152246337,3079233697.0,-68024211.2,target_year,,,,,,,,,,SOE_target,0.23637699999999998,0.357553,23.50008137,0.012563816,0.109737598,0.690167098,0.264738088,0.132517046,0.525473058,1.507083422,0.010036058,True,CSI_nonSOE,0.1289250963281956,0.23637699999999998,-0.10745190367180438,-2125241228.2410958,0.0,1,0,,
600809.SH,山西汾酒,CSI,地方国有企业,日常消费,食品饮料,日常消费--食品饮料--饮料--白酒与葡萄酒,2021,,,,,,,,,,29954563964.0,,0.176283383,5313612016.0,-33120152.46,target_year,,,,,,,,,,SOE_target,0.285143,0.42509399999999997,23.70786309,0.012665221,0.106852675,0.640874842,0.312390239,0.115668116,0.491118185,1.641645687,0.00990074,True,CSI_nonSOE,0.12787657028118932,0.285143,-0.15726642971881066,-4710847328.402024,0.0,1,0,,
600809.SH,山西汾酒,CSI,地方国有企业,日常消费,食品饮料,日常消费--食品饮料--饮料--白酒与葡萄酒,2022,,,,,,,,,,36686474275.0,,0.219673789,8095851304.0,-36794481.72,target_year,,,,,,,,,,SOE_target,0.32640300000000005,0.44307899999999995,24.12294754,0.015645986,0.106913309,0.653126402,0.367907014,0.083238228,0.479653252,1.772545459,0.005217143,True,CSI_nonSOE,0.12247156413961174,0.32640300000000005,-0.2039314358603883,-7481525375.555948,0.0,1,0,,
600809.SH,山西汾酒,CSI,地方国有企业,日常消费,食品饮料,日常消费--食品饮料--饮料--白酒与葡萄酒,2023,,,,,,,,,,44095837995.19,,0.236534,10438114410.47,-7937771.17,target_year,,,,,,,,,,SOE_target,0.35168900000000003,0.42467799999999994,24.325674,0.017717,0.105461,0.648619,0.391304,0.067605,0.407261,1.966935,0.022504,True,CSI_nonSOE,0.12678308247385098,0.35168900000000003,-0.22490591752614905,-9917414903.392632,0.0,1,0,,
600809.SH,山西汾酒,CSI,地方国有企业,日常消费,食品饮料,日常消费--食品饮料--饮料--白酒与葡萄酒,2024,,,,,,,,,,53495197888.51,,0.228677,12242884323.77,-9765157.86,target_year,,,,,,,,,,SOE_target,0.33853700000000003,0.39120399999999994,24.509631,0.020625,0.100594,0.646094,0.441337,0.062488,0.358781,2.284846,0.011,True,CSI_nonSOE,0.13071511427502072,0.33853700000000003,-0.2078218857249793,-11117472902.42108,0.0,1,0,,
600809.SH,山西汾酒,CSI,地方国有企业,日常消费,食品饮料,日常消费--食品饮料--饮料--白酒与葡萄酒,2025,,,,,,,,,,56323475330.54,,0.217073,12246329337.25,-20025507.86,target_year,,,,,,,,,,SOE_target,0.30286,0.32926,24.702858,0.023549,0.097008,0.616411,0.487344,0.09119,0.341913,2.451332,0.01192,True,CSI_nonSOE,0.13035202811598348,0.30286,-0.17250797188401654,-9716248498.730894,0.0,1,0,,
600845.SH,宝信软件,CSI,中央国有企业,信息技术,软件服务,信息技术--软件服务--软件--应用软件,2019,,,,,,,,,,10267677543.0,,0.081925389,879342167.8,-38158695.38,target_year,,,,,,,,,,SOE_target,0.101713,0.12857100000000002,22.96879561,0.111629061,0.165297342,0.603696254,0.453013002,0.177288325,0.283095215,2.655370712,0.066055153,True,CSI_nonSOE,0.11175928345783498,0.101713,0.010046283457834981,103151999.05062462,103151999.05062462,1,0,,
600845.SH,宝信软件,CSI,中央国有企业,信息技术,软件服务,信息技术--软件服务--软件--应用软件,2020,,,,,,,,,,14070448560.0,,0.088149099,1300621550.0,-60324188.48,target_year,,,,,,,,,,SOE_target,0.12177500000000001,0.181308,23.0522667,0.119813233,0.156571733,0.693114084,0.42081115,0.184828746,0.292041392,2.50922769,0.088434728,True,CSI_nonSOE,0.11219727903025144,0.12177500000000001,-0.009577720969748571,-134762830.22688058,0.0,1,0,,
600845.SH,宝信软件,CSI,中央国有企业,信息技术,软件服务,信息技术--软件服务--软件--应用软件,2021,,,,,,,,,,17860169154.0,,0.099359437,1818835201.0,-44258849.6,target_year,,,,,,,,,,SOE_target,0.126112,0.223171,23.36734259,0.14363829,0.151169635,0.779807981,0.305796909,0.122237644,0.466077062,1.666951471,0.023677422,True,CSI_nonSOE,0.08207030863643014,0.126112,-0.04404169136356986,-786592057.5816187,0.0,1,0,,
600845.SH,宝信软件,CSI,中央国有企业,信息技术,软件服务,信息技术--软件服务--软件--应用软件,2022,,,,,,,,,,19581031615.0,,0.112537592,2185886525.0,17715615.56,target_year,,,,,,,,,,SOE_target,0.122726,0.230578,23.60583888,0.14572694,0.153055264,0.733913566,0.320951649,0.115802186,0.462290693,1.724840493,0.042653776,True,CSI_nonSOE,0.07505805955617462,0.122726,-0.047667940443825385,-933387448.852482,0.0,1,0,,
600845.SH,宝信软件,CSI,中央国有企业,信息技术,软件服务,信息技术--软件服务--软件--应用软件,2023,,,,,,,,,,21882684637.81,,0.114085,2553638969.59,-57147146.8,target_year,,,,,,,,,,SOE_target,0.13603500000000002,0.24034199999999997,23.697827,0.149362,0.14694,0.69877,0.357491,0.102442,0.455595,1.825248,0.015366,True,CSI_nonSOE,0.07397411214999078,0.13603500000000002,-0.06206088785000924,-1358058837.1642466,0.0,1,0,,
600845.SH,宝信软件,CSI,中央国有企业,信息技术,软件服务,信息技术--软件服务--软件--应用软件,2024,,,,,,,,,,21636685902.19,,0.10333,2265482898.16,-29759456.65,target_year,,,,,,,,,,SOE_target,0.11368,0.199552,23.808962,0.143091,0.139728,0.619504,0.376569,0.099233,0.447554,1.926631,0.017193,True,CSI_nonSOE,0.06852100700617551,0.11368,-0.04515899299382449,-977090947.0665792,0.0,1,0,,
600845.SH,宝信软件,CSI,中央国有企业,信息技术,软件服务,信息技术--软件服务--软件--应用软件,2025,,,,,,,,,,22314945033.04,,0.057715,1305010991.72,-17114725.47,target_year,,,,,,,,,,SOE_target,0.064209,0.11631,23.797656,0.127,0.169431,0.624517,0.381346,0.108447,0.432194,1.981772,0.020184,True,CSI_nonSOE,0.07033624336946735,0.064209,0.00612724336946735,136729098.99372274,136729098.99372274,1,0,,
600875.SH,东方电气,CSI,中央国有企业,工业,电气设备,工业--电气设备--电气设备Ⅲ--重型电气设备,2019,,,,,,,,,,89618965556.0,,0.015717674,1277671818.0,130929860.5,target_year,,,,,,,,,,SOE_target,0.006066,0.044028,25.23767212,0.084142144,0.075162529,0.349259169,0.228409844,0.066453384,0.663898493,1.395835175,0.002025643,True,CSI_nonSOE,0.04357211405521903,0.006066,0.03750611405521903,3361259143.654082,3361259143.654082,1,0,,
600875.SH,东方电气,CSI,中央国有企业,工业,电气设备,工业--电气设备--电气设备Ⅲ--重型电气设备,2020,,,,,,,,,,97795137769.0,,0.020410563,1861998155.0,134055669.1,target_year,,,,,,,,,,SOE_target,0.011969,0.061694000000000006,25.2188328,0.073544025,0.069863037,0.351245526,0.222554195,0.06293563,0.645181879,1.403307137,0.007166305,True,CSI_nonSOE,0.045105673466313695,0.011969,0.033136673466313694,3240605546.8445144,3240605546.8445144,1,0,,
600875.SH,东方电气,CSI,中央国有企业,工业,电气设备,工业--电气设备--电气设备Ⅲ--重型电气设备,2021,,,,,,,,,,103105000000.0,,0.023600924,2289036817.0,144326348.8,target_year,,,,,,,,,,SOE_target,0.017065,0.072203,25.3061407,0.070729662,0.069189957,0.386725704,0.148967446,0.055489357,0.655999257,1.259661364,0.00553372,True,CSI_nonSOE,0.03825607124651462,0.017065,0.021191071246514617,2184905400.8718896,2184905400.8718896,1,0,,
600875.SH,东方电气,CSI,中央国有企业,工业,电气设备,工业--电气设备--电气设备Ⅲ--重型电气设备,2022,,,,,,,,,,115265000000.0,,0.026347295,2854650575.0,182271979.4,target_year,,,,,,,,,,SOE_target,0.021002,0.084608,25.35900958,0.063575156,0.081262738,0.46546583,0.115208513,0.05076816,0.656815638,1.204886628,0.006960057,True,CSI_nonSOE,0.038110767262766174,0.021002,0.017108767262766174,1972042058.542743,1972042058.542743,1,0,,
600875.SH,东方电气,CSI,中央国有企业,工业,电气设备,工业--电气设备--电气设备Ⅲ--重型电气设备,2023,,,,,,,,,,121108373341.62,,0.030112,3550393576.32,96404032.6,target_year,,,,,,,,,,SOE_target,0.024314,0.09831300000000001,25.4705,0.041868,0.108841,0.496214,-0.000125,0.045409,0.664904,0.999787,0.006491,True,CSI_nonSOE,0.026761212104535248,0.024314,0.002447212104535249,296377877.2021865,296377877.2021865,1,0,,
600875.SH,东方电气,CSI,中央国有企业,工业,电气设备,工业--电气设备--电气设备Ⅲ--重型电气设备,2024,,,,,,,,,,142009284851.87,,0.021335,2922100908.48,107669363.23,target_year,,,,,,,,,,SOE_target,0.020957,0.076856,25.519952,0.039852,0.112299,0.504004,0.036663,0.047941,0.659645,1.06232,0.009166,True,CSI_nonSOE,0.028978863714318945,0.020957,0.008021863714318945,1139179129.249599,1139179129.249599,1,0,,
600875.SH,东方电气,CSI,中央国有企业,工业,电气设备,工业--电气设备--电气设备Ⅲ--重型电气设备,2025,,,,,,,,,,162674195217.33,,0.024077,3831301222.13,85345766.36,target_year,,,,,,,,,,SOE_target,0.031003,0.091188,25.679158,0.050664,0.107313,0.521385,0.034271,0.048634,0.696201,1.054737,0.021119,True,CSI_nonSOE,0.022122709375574617,0.031003,-0.008880290624425382,-1444594130.6244,0.0,1,0,,
600886.SH,国投电力,CSI,中央国有企业,公用事业,公用事业Ⅱ,公用事业--公用事业Ⅱ--电力--电力公用事业,2019,,,,,,,,,,224722000000.0,,0.042848909,4755460882.0,4873610845.0,target_year,,,,,,,,,,SOE_target,0.067674,0.12181900000000001,26.1201075,0.067425895,0.148389593,0.18671361,-0.080609047,0.838680884,0.682009567,0.494120103,0.046417675,True,CSI_nonSOE,0.021059785818416762,0.067674,-0.046614214181583236,-10475239439.313747,0.0,0,1,FixedAssetsRatio_lag,
600886.SH,国投电力,CSI,中央国有企业,公用事业,公用事业Ⅱ,公用事业--公用事业Ⅱ--电力--电力公用事业,2020,,,,,,,,,,228909000000.0,,0.042418916,5515627276.0,4194460020.0,target_year,,,,,,,,,,SOE_target,0.051626000000000005,0.125914,26.13812775,0.061507665,0.143602423,0.186274265,-0.04132307,0.810239806,0.668949453,0.728631805,0.044695381,True,CSI_nonSOE,0.024813938784345527,0.051626000000000005,-0.02681206121565448,-6137522120.814251,0.0,0,1,FixedAssetsRatio_lag,
600886.SH,国投电力,CSI,中央国有企业,公用事业,公用事业Ⅱ,公用事业--公用事业Ⅱ--电力--电力公用事业,2021,,,,,,,,,,241370000000.0,,0.027875459,2436891837.0,4291394378.0,target_year,,,,,,,,,,SOE_target,0.027852000000000002,0.049387999999999994,26.156592,0.050456318,0.126082379,0.169181835,-0.066500176,0.82814494,0.639222502,0.577776524,0.044517337,True,CSI_nonSOE,0.025991534065700844,0.027852000000000002,-0.0018604659342991575,-449060662.56178766,0.0,0,1,FixedAssetsRatio_lag,
600886.SH,国投电力,CSI,中央国有企业,公用事业,公用事业Ⅱ,公用事业--公用事业Ⅱ--电力--电力公用事业,2022,,,,,,,,,,258254000000.0,,0.03381893,4079375650.0,4654513767.0,target_year,,,,,,,,,,SOE_target,0.037759999999999995,0.076989,26.2095949,0.045790834,0.130392082,0.18176182,-0.067490828,0.809947994,0.635164482,0.571163608,0.038436347,True,CSI_nonSOE,0.026114732106290103,0.037759999999999995,-0.011645267893709892,-3007437014.622154,0.0,0,1,FixedAssetsRatio_lag,
600886.SH,国投电力,CSI,中央国有企业,公用事业,公用事业Ⅱ,公用事业--公用事业Ⅱ--电力--电力公用事业,2023,,,,,,,,,,277363021076.32,,0.038506,6704936953.85,3975288601.66,target_year,,,,,,,,,,SOE_target,0.053080999999999996,0.118062,26.277211,0.045306,0.129341,0.198222,-0.08302,0.800705,0.637472,0.521016,0.058878,True,CSI_nonSOE,0.024617534530878463,0.053080999999999996,-0.028463465469121534,-7894712772.817062,0.0,0,1,FixedAssetsRatio_lag,
600886.SH,国投电力,CSI,中央国有企业,公用事业,公用事业Ⅱ,公用事业--公用事业Ⅱ--电力--电力公用事业,2024,,,,,,,,,,296536685805.74,,0.033908,6643033266.19,3412049732.32,target_year,,,,,,,,,,SOE_target,0.06662499999999999,0.109754,26.348593,0.04841,0.121904,0.208256,-0.061429,0.776516,0.631828,0.628079,0.073018,True,CSI_nonSOE,0.027184070863200405,0.06662499999999999,-0.039440929136799585,-11695682411.325594,0.0,0,1,FixedAssetsRatio_lag,
600886.SH,国投电力,CSI,中央国有企业,公用事业,公用事业Ⅱ,公用事业--公用事业Ⅱ--电力--电力公用事业,2025,,,,,,,,,,313579818706.81,,0.032146,7393381322.0,2687092580.25,target_year,,,,,,,,,,SOE_target,0.062301,0.109834,26.415437,0.049531,0.118327,0.197773,-0.090115,0.767208,0.632175,0.527581,0.073402,True,CSI_nonSOE,0.02497618376477395,0.062301,-0.03732481623522605,-11704309108.307184,0.0,0,1,FixedAssetsRatio_lag,
600893.SH,航发动力,CSI,中央国有企业,工业,国防军工,工业--国防军工--航空航天与国防Ⅲ--航空航天,2019,,,,,,,,,,63115020067.0,,0.023695335,1077406923.0,418124589.7,target_year,,,,,,,,,,SOE_target,0.029830000000000002,0.039094000000000004,24.70302304,0.267740082,0.285442207,0.437535611,0.043166966,0.334289968,0.429212935,1.08260805,0.032583643,True,CSI_nonSOE,0.03297596000816384,0.029830000000000002,0.003145960008163841,198557329.0452403,198557329.0452403,1,0,,
600893.SH,航发动力,CSI,中央国有企业,工业,国防军工,工业--国防军工--航空航天与国防Ⅲ--航空航天,2020,,,,,,,,,,64352332318.0,,0.022585258,1145986116.0,307427913.2,target_year,,,,,,,,,,SOE_target,0.022119,0.035375000000000004,24.86822461,0.268981923,0.279462147,0.430985785,0.180032179,0.308221958,0.42097161,1.423587814,0.038841514,True,CSI_nonSOE,0.03751395883056473,0.022119,0.015394958830564728,990701506.6864301,990701506.6864301,1,0,,
600893.SH,航发动力,CSI,中央国有企业,工业,国防军工,工业--国防军工--航空航天与国防Ⅲ--航空航天,2021,,,,,,,,,,90648498035.0,,0.013911733,1187619447.0,73458273.32,target_year,,,,,,,,,,SOE_target,0.01816,0.032292999999999995,24.88763901,0.284731838,0.273615357,0.448269208,0.168979618,0.311568166,0.417257503,1.394363511,0.040230166,True,CSI_nonSOE,0.03892296842640733,0.01816,0.02076296842640733,1882131902.6019518,1882131902.6019518,1,0,,
600893.SH,航发动力,CSI,中央国有企业,工业,国防军工,工业--国防军工--航空航天与国防Ⅲ--航空航天,2022,,,,,,,,,,89965912662.0,,0.01576586,1267781837.0,150608102.9,target_year,,,,,,,,,,SOE_target,0.017733000000000002,0.033426,25.23025521,0.300423066,0.271325141,0.439110596,0.129696967,0.235812024,0.559425655,1.232595064,0.033230453,True,CSI_nonSOE,0.009088655602618026,0.017733000000000002,-0.008644344397381976,-777696333.0751159,0.0,1,0,,
600893.SH,航发动力,CSI,中央国有企业,工业,国防军工,工业--国防军工--航空航天与国防Ⅲ--航空航天,2023,,,,,,,,,,99795552106.78,,0.016727,1421421585.27,247847861.48,target_year,,,,,,,,,,SOE_target,0.018008,0.036513,25.222697,0.285061,0.272876,0.409442,0.123892,0.246077,0.541098,1.22639,0.031555,True,CSI_nonSOE,0.00878487144804932,0.018008,-0.00922312855195068,-920427205.9937245,0.0,1,0,,
600893.SH,航发动力,CSI,中央国有企业,工业,国防军工,工业--国防军工--航空航天与国防Ⅲ--航空航天,2024,,,,,,,,,,115913298911.68,,0.011363,860291114.25,456787611.33,target_year,,,,,,,,,,SOE_target,0.014764999999999999,0.021689,25.326389,0.269155,0.247277,0.458109,0.107993,0.235554,0.560545,1.185283,0.033502,True,CSI_nonSOE,0.0038252619072134675,0.014764999999999999,-0.010939738092786531,-1268061131.5646572,0.0,1,0,,
600893.SH,航发动力,CSI,中央国有企业,工业,国防军工,工业--国防军工--航空航天与国防Ⅲ--航空航天,2025,,,,,,,,,,123071590336.09,,0.010252,634328156.8,627400791.46,target_year,,,,,,,,,,SOE_target,0.012845,0.015845,25.476108,0.297316,0.253215,0.441468,0.114637,0.213589,0.607384,1.188188,0.025182,True,CSI_nonSOE,-0.004594954759445241,0.012845,-0.017439954759445243,-2146362967.634388,0.0,1,0,,
600900.SH,长江电力,CSI,中央国有企业,公用事业,公用事业Ⅱ,公用事业--公用事业Ⅱ--电力--电力公用事业,2019,,,,,,,,,,296483000000.0,,0.090205718,21543493636.0,5200957545.0,target_year,,,,,,,,,,SOE_target,0.107289,0.147703,26.41192448,0.084052252,0.148389593,0.167846247,-0.160212281,0.827770041,0.517137032,0.16690857,0.010554722,True,CSI_nonSOE,0.03775338765272729,0.107289,-0.06953561234727271,-20616126955.556454,0.0,0,2,"FixedAssetsRatio_lag, CurrentRatio_lag",
600900.SH,长江电力,CSI,中央国有企业,公用事业,公用事业Ⅱ,公用事业--公用事业Ⅱ--电力--电力公用事业,2020,,,,,,,,,,330827000000.0,,0.094562387,26297890223.0,4985909832.0,target_year,,,,,,,,,,SOE_target,0.11937099999999999,0.16353,26.41525532,0.072210962,0.143602423,0.164550436,-0.151521069,0.786457909,0.494014744,0.197202157,0.00916354,True,CSI_nonSOE,0.03970400061328867,0.11937099999999999,-0.07966699938671132,-26355994406.107544,0.0,0,2,"FixedAssetsRatio_lag, CurrentRatio_lag",
600900.SH,长江电力,CSI,中央国有企业,公用事业,公用事业Ⅱ,公用事业--公用事业Ⅱ--电力--电力公用事业,2021,,,,,,,,,,328563000000.0,,0.094424331,26272998503.0,4751369574.0,target_year,,,,,,,,,,SOE_target,0.112712,0.148779,26.52486171,0.074410164,0.126082379,0.180422565,-0.192822765,0.707604134,0.460982464,0.187030032,0.010966039,True,CSI_nonSOE,0.04383650869404726,0.112712,-0.06887549130595275,-22629938049.957752,0.0,0,1,CurrentRatio_lag,
600900.SH,长江电力,CSI,中央国有企业,公用事业,公用事业Ⅱ,公用事业--公用事业Ⅱ--电力--电力公用事业,2022,,,,,,,,,,327268000000.0,,0.077615125,21309033981.0,4091934992.0,target_year,,,,,,,,,,SOE_target,0.092723,0.116267,26.51799529,0.058372527,0.130392082,0.165251528,-0.10799369,0.674421881,0.42084757,0.335606159,0.010572933,True,CSI_nonSOE,0.050419867480382796,0.092723,-0.042303132519617204,-13844461573.430082,0.0,0,1,CurrentRatio_lag,
600900.SH,长江电力,CSI,中央国有企业,公用事业,公用事业Ⅱ,公用事业--公用事业Ⅱ--电力--电力公用事业,2023,,,,,,,,,,571942544909.29,,0.069579,27238970860.7,12556406948.81,target_year,,,,,,,,,,SOE_target,0.10002000000000001,0.14083600000000002,26.514046,0.046651,0.129341,0.155493,-0.113534,0.654516,0.401854,0.291705,0.014883,True,CSI_nonSOE,0.051480326961272124,0.10002000000000001,-0.04853967303872789,-27761904126.83488,0.0,0,1,CurrentRatio_lag,
600900.SH,长江电力,CSI,中央国有企业,公用事业,公用事业Ⅱ,公用事业--公用事业Ⅱ--电力--电力公用事业,2024,,,,,,,,,,566071979792.34,,0.077071,32496172808.65,11131343530.28,target_year,,,,,,,,,,SOE_target,0.087861,0.157895,27.072304,0.06641,0.121904,0.170171,-0.220611,0.786164,0.628811,0.122989,0.021388,True,CSI_nonSOE,0.02269576335150643,0.087861,-0.06516523664849357,-36888214523.2491,0.0,0,3,"FirmSize_lag, FixedAssetsRatio_lag, CurrentRatio_lag",
600900.SH,长江电力,CSI,中央国有企业,公用事业,公用事业Ⅱ,公用事业--公用事业Ⅱ--电力--电力公用事业,2025,,,,,,,,,,559208340046.84,,0.078458,34502809176.39,9371372984.05,target_year,,,,,,,,,,SOE_target,0.09084199999999999,0.159873,27.061987,0.072025,0.118327,0.145031,-0.251498,0.776353,0.607902,0.107736,0.025474,True,CSI_nonSOE,0.02563139854454488,0.09084199999999999,-0.06521060145545511,-36466312193.3611,0.0,0,3,"FirmSize_lag, FixedAssetsRatio_lag, CurrentRatio_lag",
600905.SH,三峡能源,CSI,中央国有企业,公用事业,公用事业Ⅱ,公用事业--公用事业Ⅱ--电力--电力公用事业,2019,,,,,,,,,,100050000000.0,,0.044637736,2839735774.0,1626271621.0,target_year,,,,,,,,,,SOE_target,0.036157,0.071715,25.16693766,0.012310599,0.148389593,0.095504611,0.032057758,0.624194288,0.492527498,1.235768548,0.12482356,True,CSI_nonSOE,0.06661288900250045,0.036157,0.03045588900250045,3047111694.70017,3047111694.70017,1,0,,
600905.SH,三峡能源,CSI,中央国有企业,公用事业,公用事业Ⅱ,公用事业--公用事业Ⅱ--电力--电力公用事业,2020,,,,,,,,,,142576000000.0,,0.040053102,3610991284.0,2099634099.0,target_year,,,,,,,,,,SOE_target,0.052405999999999994,0.08984,25.32893633,0.013171647,0.143602423,0.095973224,-0.052296024,0.661347862,0.583253272,0.762889652,0.142675768,True,CSI_nonSOE,0.047028169722489556,0.052405999999999994,-0.005377830277510438,-766749529.6463282,0.0,1,0,,
600905.SH,三峡能源,CSI,中央国有企业,公用事业,公用事业Ⅱ,公用事业--公用事业Ⅱ--电力--电力公用事业,2021,,,,,,,,,,217196000000.0,,0.039073376,5642366893.0,2844231671.0,target_year,,,,,,,,,,SOE_target,0.036911,0.10189999999999999,25.68314352,0.014739605,0.126082379,0.092403534,-0.064530566,0.68917574,0.67431158,0.69579096,0.178542795,True,CSI_nonSOE,0.02646760015037755,0.036911,-0.010443399849622448,-2268264673.7385974,0.0,0,1,AssetTurnover_lag,
600905.SH,三峡能源,CSI,中央国有企业,公用事业,公用事业Ⅱ,公用事业--公用事业Ⅱ--电力--电力公用事业,2022,,,,,,,,,,262127000000.0,,0.042507105,7155475873.0,3986790888.0,target_year,,,,,,,,,,SOE_target,0.037842,0.0981,26.10406807,0.016447582,0.130392082,0.085340136,-0.016042716,0.667788729,0.647345629,0.909165829,0.137691712,True,CSI_nonSOE,0.025078923473205908,0.037842,-0.012763076526794093,-3345546960.738955,0.0,0,1,AssetTurnover_lag,
600905.SH,三峡能源,CSI,中央国有企业,公用事业,公用事业Ⅱ,公用事业--公用事业Ⅱ--电力--电力公用事业,2023,,,,,,,,,,311707560904.4,,0.035726,7181086737.34,3954822772.55,target_year,,,,,,,,,,SOE_target,0.031429,0.09,26.292096,0.021631,0.129341,0.098646,-0.016599,0.657012,0.66444,0.907727,0.10579,True,CSI_nonSOE,0.02343207773012726,0.031429,-0.007996922269872739,-2492701135.4841094,0.0,1,0,,
600905.SH,三峡能源,CSI,中央国有企业,公用事业,公用事业Ⅱ,公用事业--公用事业Ⅱ--电力--电力公用事业,2024,,,,,,,,,,356871426700.32,,0.029203,6111426749.8,4310318180.69,target_year,,,,,,,,,,SOE_target,0.038501,0.07221899999999999,26.465331,0.022815,0.121904,0.091612,0.00235,0.684482,0.693671,1.015668,0.131892,True,CSI_nonSOE,0.020850186076131566,0.038501,-0.017650813923868434,-6299071147.432802,0.0,0,1,AssetTurnover_lag,
600905.SH,三峡能源,CSI,中央国有企业,公用事业,公用事业Ⅱ,公用事业--公用事业Ⅱ--电力--电力公用事业,2025,,,,,,,,,,387155529975.3,,0.020299,3714396619.2,4144510564.47,target_year,,,,,,,,,,SOE_target,0.024668000000000002,0.042359,26.600641,0.025729,0.118327,0.088185,-0.023704,0.690148,0.709569,0.866542,0.086512,True,CSI_nonSOE,0.017857372780338776,0.024668000000000002,-0.006810627219661226,-2636771990.692146,0.0,0,1,AssetTurnover_lag,
600930.SH,华电新能,CSI,中央国有企业,公用事业,公用事业Ⅱ,公用事业--公用事业Ⅱ--电力--电力公用事业,2022,,,,,,,,,,271927000000.0,,0.046442641,8522326035.0,4106695099.0,target_year,,,,,,,,,,SOE_target,0.051731,,,,0.130392082,,,,,,,True,CSI_nonSOE,0.11858657629617606,0.051731,0.06685557629617606,18179836295.490265,18179836295.490265,1,0,,
600930.SH,华电新能,CSI,中央国有企业,公用事业,公用事业Ⅱ,公用事业--公用事业Ⅱ--电力--电力公用事业,2023,,,,,,,,,,336672867584.0,,0.042015,9619770057.0,4525620297.0,target_year,,,,,,,,,,SOE_target,0.052148,0.122204,26.328801,0.022349,0.129341,,-0.124576,0.705813,0.71125,0.542037,0.214746,True,CSI_nonSOE,0.034260183838599925,0.052148,-0.017887816161400075,-6022342361.873982,0.0,1,0,,
600930.SH,华电新能,CSI,中央国有企业,公用事业,公用事业Ⅱ,公用事业--公用事业Ⅱ--电力--电力公用事业,2024,,,,,,,,,,444090216404.0,,0.032194,8831054314.0,5465860155.0,target_year,,,,,,,,,,SOE_target,0.040872,0.093033,26.542378,0.025418,0.121904,0.096234,-0.106022,0.69146,0.73178,0.567832,0.179024,True,CSI_nonSOE,0.00958255504421543,0.040872,-0.03128944495578457,-13895336381.575415,0.0,1,0,,
600930.SH,华电新能,CSI,中央国有企业,公用事业,公用事业Ⅱ,公用事业--公用事业Ⅱ--电力--电力公用事业,2025,,,,,,,,,,518120395445.0,,0.025709,7262870120.0,6057531034.0,target_year,,,,,,,,,,SOE_target,0.031789,0.059893999999999996,26.819294,0.029306,0.118327,0.086012,-0.092824,0.653688,0.730639,0.610585,0.1612,True,CSI_nonSOE,0.010991763157707002,0.031789,-0.020797236842292996,-10775472576.89217,0.0,0,1,AssetTurnover_lag,
600938.SH,中国海油,CSI,中央国有企业,能源,石油石化,能源--石油石化--石油天然气--石油天然气勘探与生产,2019,,,,,,,,,,757731000000.0,,0.084581468,61045000000.0,3045000000.0,target_year,,,,,,,,,,SOE_target,0.122,0.14105399999999998,27.24356143,0.039982787,0.452070271,0.338122435,0.176552309,0.600102537,0.385123877,2.706101762,0.07465611,True,CSI_nonSOE,0.07763756180942497,0.122,-0.04436243819057503,-33614794652.58261,0.0,0,1,FirmSize_lag,
600938.SH,中国海油,CSI,中央国有企业,能源,石油石化,能源--石油石化--石油天然气--石油天然气勘探与生产,2020,,,,,,,,,,721275000000.0,,0.039516135,24956000000.0,3546000000.0,target_year,,,,,,,,,,SOE_target,0.050007,0.056596,27.35359428,0.039338217,0.44417932,0.316247015,0.151367702,0.581412137,0.408462898,2.256956241,0.095039005,True,CSI_nonSOE,0.07251599577562041,0.050007,0.022508995775620412,16235175928.060614,16235175928.060614,0,1,FirmSize_lag,
600938.SH,中国海油,CSI,中央国有企业,能源,石油石化,能源--石油石化--石油天然气--石油天然气勘探与生产,2021,,,,,,,,,,786569000000.0,,0.093450161,70320000000.0,3185000000.0,target_year,,,,,,,,,,SOE_target,0.129543,0.153769,27.30428632,0.035156816,0.429200271,0.205074219,0.122753457,0.619275588,0.398384805,2.182854166,0.10456206,True,CSI_nonSOE,0.06696253688399996,0.129543,-0.06258046311600003,-49223852292.689026,0.0,0,1,FirmSize_lag,
600938.SH,中国海油,CSI,中央国有企业,能源,石油石化,能源--石油石化--石油天然气--石油天然气勘探与生产,2022,,,,,,,,,,929031000000.0,,0.155839794,141700000000.0,3080000000.0,target_year,,,,,,,,,,SOE_target,0.22717400000000001,0.26287099999999997,27.39094629,0.041284448,0.425995256,0.315149313,0.14497266,0.591748467,0.387242569,2.213728433,0.104805809,True,CSI_nonSOE,0.07516689710405416,0.22717400000000001,-0.15200710289594585,-141219310810.52347,0.0,0,1,FirmSize_lag,
600938.SH,中国海油,CSI,中央国有企业,能源,石油石化,能源--石油石化--石油天然气--石油天然气勘探与生产,2023,,,,,,,,,,1005598000000.0,,0.125544,123843000000.0,2404000000.0,target_year,,,,,,,,,,SOE_target,0.17633700000000002,0.19599,27.557408,0.054529,0.418201,0.45369,0.162845,0.573414,0.355906,2.334215,0.101992,True,CSI_nonSOE,0.08756716555510884,0.17633700000000002,-0.08876983444489119,-89266767978.1137,0.0,0,1,FirmSize_lag,
600938.SH,中国海油,CSI,中央国有企业,能源,石油石化,能源--石油石化--石油天然气--石油天然气勘探与生产,2024,,,,,,,,,,1056281000000.0,,0.133222,137936000000.0,2784000000.0,target_year,,,,,,,,,,SOE_target,0.182531,0.19508199999999998,27.636604,0.059575,0.410755,0.420933,0.125633,0.589619,0.335842,2.01934,0.120202,True,CSI_nonSOE,0.08743622590889778,0.182531,-0.09509477409110222,-100446803071.72354,0.0,0,1,FirmSize_lag,
600938.SH,中国海油,CSI,中央国有企业,能源,石油石化,能源--石油石化--石油天然气--石油天然气勘探与生产,2025,,,,,,,,,,1098559000000.0,,0.113556,122082000000.0,2666000000.0,target_year,,,,,,,,,,SOE_target,0.155225,0.157495,27.685775,0.061841,0.406814,0.39843,0.137969,0.598714,0.290496,2.225943,0.116786,True,CSI_nonSOE,0.09250267108748736,0.155225,-0.06272232891251264,-68904178927.80098,0.0,0,1,FirmSize_lag,
600941.SH,中国移动,CSI,中央国有企业,通讯服务,电信服务,通讯服务--电信服务--多元电信服务--综合电信业务,2019,,,,,,,,,,1629240000000.0,,0.067442489,106641000000.0,3239000000.0,target_year,,,,,,,,,,SOE_target,0.08549799999999999,0.098917,28.06014416,0.500605614,0.376451505,0.438784797,0.039532264,0.480937034,0.312584071,1.127989578,0.127067341,True,CSI_nonSOE,0.055481258121905845,0.08549799999999999,-0.030016741878094146,-48904476537.4661,0.0,0,1,FirmSize_lag,
600941.SH,中国移动,CSI,中央国有企业,通讯服务,电信服务,通讯服务--电信服务--多元电信服务--综合电信业务,2020,,,,,,,,,,1727880000000.0,,0.064135745,107843000000.0,2976000000.0,target_year,,,,,,,,,,SOE_target,0.079764,0.095746,28.11913476,0.502483187,0.377325617,0.426135886,0.041613881,0.455924235,0.32036471,1.146729803,0.125804056,True,CSI_nonSOE,0.05316650973298369,0.079764,-0.026597490267016313,-45957271482.57214,0.0,0,1,FirmSize_lag,
600941.SH,中国移动,CSI,中央国有企业,通讯服务,电信服务,通讯服务--电信服务--多元电信服务--综合电信业务,2021,,,,,,,,,,1841330000000.0,,0.064443741,116148000000.0,2514000000.0,target_year,,,,,,,,,,SOE_target,0.08055799999999999,0.098628,28.1779175,0.498909861,0.375629725,0.414457383,0.03615351,0.449798076,0.332841016,1.120765784,0.110221068,True,CSI_nonSOE,0.050568705606810496,0.08055799999999999,-0.029989294393189495,-55220187445.01161,0.0,0,1,FirmSize_lag,
600941.SH,中国移动,CSI,中央国有企业,通讯服务,电信服务,通讯服务--电信服务--多元电信服务--综合电信业务,2022,,,,,,,,,,1935540000000.0,,0.065937739,125459000000.0,2166000000.0,target_year,,,,,,,,,,SOE_target,0.081688,0.100219,28.24150762,0.494347903,0.374126853,0.421050715,0.007181234,0.431779363,0.342706646,1.022714155,0.112587824,True,CSI_nonSOE,0.04735736841469287,0.081688,-0.03433063158530713,-66448310658.62536,0.0,0,1,FirmSize_lag,
600941.SH,中国移动,CSI,中央国有企业,通讯服务,电信服务,通讯服务--电信服务--多元电信服务--综合电信业务,2023,,,,,,,,,,1992657000000.0,,0.067908,131766000000.0,3552000000.0,target_year,,,,,,,,,,SOE_target,0.0849,0.09985799999999999,28.291406,0.492227,0.373379,0.430017,-0.039765,0.420615,0.327617,0.85569,0.097951,True,CSI_nonSOE,0.04652877810608274,0.0849,-0.038371221893917264,-76460683905.4675,0.0,0,1,FirmSize_lag,
600941.SH,中国移动,CSI,中央国有企业,通讯服务,电信服务,通讯服务--电信服务--多元电信服务--综合电信业务,2024,,,,,,,,,,2108127000000.0,,0.067097,138373000000.0,3077000000.0,target_year,,,,,,,,,,SOE_target,0.08544299999999999,0.101233,28.32049,0.493234,0.374249,0.439649,-0.030342,0.396034,0.324528,0.891757,0.090965,True,CSI_nonSOE,0.04721686378427732,0.08544299999999999,-0.03822613621572267,-80585549862.04279,0.0,0,1,FirmSize_lag,
600941.SH,中国移动,CSI,中央国有企业,通讯服务,电信服务,通讯服务--电信服务--多元电信服务--综合电信业务,2025,,,,,,,,,,2128182000000.0,,0.065914,137095000000.0,3183000000.0,target_year,,,,,,,,,,SOE_target,0.08191000000000001,0.097213,28.376821,0.491611,0.373264,0.433804,-0.030576,0.374154,0.337545,0.898172,0.073989,True,CSI_nonSOE,0.04463783253119026,0.08191000000000001,-0.03727216746880975,-79321955908.10648,0.0,0,1,FirmSize_lag,
601006.SH,大秦铁路,CSI,中央国有企业,工业,交通运输,工业--交通运输--铁路公路运输--铁路运输,2019,,,,,,,,,,148044000000.0,,0.095561613,13669294112.0,478008759.0,target_year,,,,,,,,,,SOE_target,0.134944,0.124054,25.70652666,0.089625731,0.111099702,0.570549848,0.084136557,0.57754898,0.215728043,1.670729602,0.046021713,True,CSI_nonSOE,0.06643914400707053,0.134944,-0.06850485599292948,-10141732900.617252,0.0,1,0,,
601006.SH,大秦铁路,CSI,中央国有企业,工业,交通运输,工业--交通运输--铁路公路运输--铁路运输,2020,,,,,,,,,,182203000000.0,,0.06014214,10895704612.0,62353169.0,target_year,,,,,,,,,,SOE_target,0.09520899999999999,0.092804,25.72077391,0.082277343,0.108646931,0.541686591,0.100402373,0.552307357,0.174412521,2.048937304,0.035506266,True,CSI_nonSOE,0.0683030446450707,0.09520899999999999,-0.02690595535492929,-4902345783.534182,0.0,1,0,,
601006.SH,大秦铁路,CSI,中央国有企业,工业,交通运输,工业--交通运输--铁路公路运输--铁路运输,2021,,,,,,,,,,198546000000.0,,0.06305714,12181309677.0,338451918.0,target_year,,,,,,,,,,SOE_target,0.096868,0.099306,25.92838541,0.090638906,0.123286456,0.436682029,0.297357989,0.425794186,0.287461936,5.030979552,0.010649474,True,CSI_nonSOE,0.04541926162066762,0.096868,-0.05144873837933238,-10214941210.262926,0.0,1,0,,
601006.SH,大秦铁路,CSI,中央国有企业,工业,交通运输,工业--交通运输--铁路公路运输--铁路运输,2022,,,,,,,,,,202297000000.0,,0.056109512,11196257454.0,154529809.0,target_year,,,,,,,,,,SOE_target,0.084593,0.088618,26.01428814,0.071203937,0.15352339,0.411764299,0.271773036,0.441406619,0.318403373,3.96929373,0.018177959,True,CSI_nonSOE,0.03921975076551877,0.084593,-0.04537324923448123,-9178872200.38785,0.0,1,0,,
601006.SH,大秦铁路,CSI,中央国有企业,工业,交通运输,工业--交通运输--铁路公路运输--铁路运输,2023,,,,,,,,,,207673222249.0,,0.058222,11930006082.0,161042754.0,target_year,,,,,,,,,,SOE_target,0.087265,0.08968400000000001,26.033003,0.064458,0.180808,0.377665,0.299635,0.437414,0.307013,4.480187,0.035211,True,CSI_nonSOE,0.03865609196747678,0.087265,-0.04860890803252321,-10094768561.119394,0.0,1,0,,
601006.SH,大秦铁路,CSI,中央国有企业,工业,交通运输,工业--交通运输--铁路公路运输--铁路运输,2024,,,,,,,,,,207017831253.0,,0.043731,9039359180.0,13716097.0,target_year,,,,,,,,,,SOE_target,0.064335,0.061777,26.059232,0.066414,0.114556,0.393827,0.313596,0.43126,0.266118,5.188494,0.035112,True,CSI_nonSOE,0.04301509919492888,0.064335,-0.021319900805071124,-4413599627.194913,0.0,1,0,,
601006.SH,大秦铁路,CSI,中央国有企业,工业,交通运输,工业--交通运输--铁路公路运输--铁路运输,2025,,,,,,,,,,211817901515.0,,0.026457,5900148479.0,-296022107.0,target_year,,,,,,,,,,SOE_target,0.039529999999999996,0.036973,26.056071,0.053537,0.116886,0.358657,0.289553,0.436047,0.178965,4.920361,0.021893,True,CSI_nonSOE,0.05020288925355017,0.039529999999999996,0.010672889253550172,2260709004.788992,2260709004.788992,1,0,,
601018.SH,宁波港,CSI,地方国有企业,工业,交通运输,工业--交通运输--交通基础设施--海港与服务,2019,,,,,,,,,,71778991000.0,,0.054406379,3422218000.0,483017000.0,target_year,,,,,,,,,,SOE_target,0.06641,0.08650600000000001,25.02221389,0.024928256,0.111099702,0.31969526,-0.075756932,0.484900717,0.429334025,0.769098533,0.030742178,True,CSI_nonSOE,0.027733498086387892,0.06641,-0.038676501913612105,-2776160282.7686462,0.0,1,0,,
601018.SH,宁波港,CSI,地方国有企业,工业,交通运输,工业--交通运输--交通基础设施--海港与服务,2020,,,,,,,,,,85419000000.0,,0.045359534,3430805000.0,443761000.0,target_year,,,,,,,,,,SOE_target,0.061177,0.074361,24.99685767,0.024966116,0.108646931,0.332344106,-0.073309306,0.515756024,0.380991076,0.727700149,0.038359163,True,CSI_nonSOE,0.0361835455880746,0.061177,-0.024993454411925402,-2134915882.412256,0.0,1,0,,
601018.SH,宁波港,CSI,地方国有企业,工业,交通运输,工业--交通运输--交通基础设施--海港与服务,2021,,,,,,,,,,94961585000.0,,0.050877647,4331678000.0,499744000.0,target_year,,,,,,,,,,SOE_target,0.066056,0.081565,25.1708344,0.026568472,0.123286456,0.268910892,-0.037107962,0.512220536,0.351703169,0.848909062,0.045371896,True,CSI_nonSOE,0.034400036882927865,0.066056,-0.03165596311707214,-3006100432.298711,0.0,1,0,,
601018.SH,宁波港,CSI,地方国有企业,工业,交通运输,工业--交通运输--交通基础设施--海港与服务,2022,,,,,,,,,,108880000000.0,,0.044127532,4220128000.0,584461000.0,target_year,,,,,,,,,,SOE_target,0.064013,0.06663000000000001,25.27673828,0.020766758,0.15352339,0.253490862,-0.022773914,0.5203172,0.380029988,0.899107636,0.067032422,True,CSI_nonSOE,0.028271342703402064,0.064013,-0.03574165729659794,-3891551646.4535832,0.0,1,0,,
601018.SH,宁波港,CSI,地方国有企业,工业,交通运输,工业--交通运输--交通基础设施--海港与服务,2023,,,,,,,,,,112344177000.0,,0.04463,4668391000.0,345504000.0,target_year,,,,,,,,,,SOE_target,0.05669,0.063583,25.413509,0.021723,0.180808,0.250287,0.082167,0.499505,0.297792,1.472622,0.058357,True,CSI_nonSOE,0.04004780891157447,0.05669,-0.016642191088425524,-1869653261.3058999,0.0,1,0,,
601018.SH,宁波港,CSI,地方国有企业,工业,交通运输,工业--交通运输--交通基础设施--海港与服务,2024,,,,,,,,,,112898984000.0,,0.045185,4897513000.0,203858000.0,target_year,,,,,,,,,,SOE_target,0.06326,0.063945,25.444833,0.021216,0.114556,0.233152,-0.026377,0.542051,0.281558,0.866527,0.07921,True,CSI_nonSOE,0.035496229740295815,0.06326,-0.027763770259704182,-3134501454.330018,0.0,1,0,,
601018.SH,宁波港,CSI,地方国有企业,工业,交通运输,工业--交通运输--交通基础设施--海港与服务,2025,,,,,,,,,,123425080000.0,,0.042734,5168472000.0,105974000.0,target_year,,,,,,,,,,SOE_target,0.061954,0.064993,25.449759,0.020463,0.116886,0.252389,-0.018075,0.559628,0.242247,0.883191,0.046109,True,CSI_nonSOE,0.04235598898789751,0.061954,-0.01959801101210249,-2418886077.009631,0.0,1,0,,
601088.SH,中国神华,CSI,中央国有企业,能源,煤炭Ⅱ,能源--煤炭Ⅱ--煤炭Ⅲ--煤炭与消费用燃料,2019,,,,,,,,,,563083000000.0,,0.079515809,41707000000.0,3067000000.0,target_year,,,,,,,,,,SOE_target,0.115733,0.121282,27.10614052,0.507010805,0.3281903,0.454082948,0.1857846,0.496824007,0.308960391,1.890858398,0.035385531,True,CSI_nonSOE,0.09779192404649781,0.115733,-0.017941075953502195,-10102314871.125875,0.0,0,1,FirmSize_lag,
601088.SH,中国神华,CSI,中央国有企业,能源,煤炭Ⅱ,能源--煤炭Ⅱ--煤炭Ⅲ--煤炭与消费用燃料,2020,,,,,,,,,,562904000000.0,,0.067702486,35849000000.0,2261000000.0,target_year,,,,,,,,,,SOE_target,0.10646499999999999,0.099542,27.05669288,0.447627872,0.293470907,0.418929791,0.115455448,0.49812905,0.253719256,1.680864657,0.033758789,True,CSI_nonSOE,0.09824542412513518,0.10646499999999999,-0.008219575874864812,-4626832138.264902,0.0,0,1,FirmSize_lag,
601088.SH,中国神华,CSI,中央国有企业,能源,煤炭Ⅱ,能源--煤炭Ⅱ--煤炭Ⅲ--煤炭与消费用燃料,2021,,,,,,,,,,610597000000.0,,0.088765585,51607000000.0,2593000000.0,target_year,,,,,,,,,,SOE_target,0.135102,0.138684,27.05637494,0.411734128,0.275297772,0.414326276,0.182510695,0.493943905,0.236837898,2.478364727,0.036727399,True,CSI_nonSOE,0.10217803880865574,0.135102,-0.03292396119134426,-20103271931.55123,0.0,0,1,FirmSize_lag,
601088.SH,中国神华,CSI,中央国有企业,能源,煤炭Ⅱ,能源--煤炭Ⅱ--煤炭Ⅲ--煤炭与消费用燃料,2022,,,,,,,,,,625178000000.0,,0.121784516,72903000000.0,3234000000.0,target_year,,,,,,,,,,SOE_target,0.161546,0.187659,27.137703,0.389105518,0.269530745,0.57130927,0.190898416,0.474710816,0.26429216,2.270458212,0.039081424,True,CSI_nonSOE,0.10767398747065993,0.161546,-0.05387201252934007,-33679597049.067764,0.0,0,1,FirmSize_lag,
601088.SH,中国神华,CSI,中央国有企业,能源,煤炭Ⅱ,能源--煤炭Ⅱ--煤炭Ⅲ--煤炭与消费用燃料,2023,,,,,,,,,,633412000000.0,,0.106539,64625000000.0,2858000000.0,target_year,,,,,,,,,,SOE_target,0.147784,0.159881,27.161302,0.370616,0.250024,0.557598,0.180182,0.471779,0.259856,2.14473,0.045881,True,CSI_nonSOE,0.1069319345087332,0.147784,-0.0408520654912668,-25876188506.954285,0.0,0,1,FirmSize_lag,
601088.SH,中国神华,CSI,中央国有企业,能源,煤炭Ⅱ,能源--煤炭Ⅱ--煤炭Ⅲ--煤炭与消费用燃料,2024,,,,,,,,,,661436000000.0,,0.098454,62421000000.0,2700000000.0,target_year,,,,,,,,,,SOE_target,0.139226,0.148422,27.174387,0.39907,0.263234,0.545172,0.169504,0.489088,0.239593,2.17231,0.058546,True,CSI_nonSOE,0.10846562541482994,0.139226,-0.030760374585170044,-20346019124.116535,0.0,0,1,FirmSize_lag,
601088.SH,中国神华,CSI,中央国有企业,能源,煤炭Ⅱ,能源--煤炭Ⅱ--煤炭Ⅲ--煤炭与消费用燃料,2025,,,,,,,,,,631777000000.0,,0.089593,54218000000.0,2385000000.0,target_year,,,,,,,,,,SOE_target,0.125517,0.128749,27.217679,0.392903,0.263097,0.522648,0.170092,0.483933,0.233002,2.214694,0.055987,True,CSI_nonSOE,0.10784191445366435,0.125517,-0.017675085546335637,-11166712521.207289,0.0,0,1,FirmSize_lag,
601111.SH,中国国航,CSI,中央国有企业,工业,交通运输,工业--交通运输--航空客运Ⅲ--航空客运Ⅳ,2019,,,,,,,,,,294206000000.0,,0.038643697,6420294000.0,4948928000.0,target_year,,,,,,,,,,SOE_target,0.051708,0.068808,26.21902778,0.157036515,0.111099702,0.570723639,-0.200337972,0.704525554,0.587543188,0.327076743,0.037507993,True,CSI_nonSOE,0.006851708062565243,0.051708,-0.044856291937434754,-13196990225.74493,0.0,0,1,CurrentRatio_lag,
601111.SH,中国国航,CSI,中央国有企业,工业,交通运输,工业--交通运输--航空客运Ⅲ--航空客运Ⅳ,2020,,,,,,,,,,284030000000.0,,-0.032755591,-14403343000.0,5099785000.0,target_year,,,,,,,,,,SOE_target,-0.046895,-0.16846,26.40754731,0.140714954,0.108646931,0.506376413,-0.180675733,0.347233919,0.655583725,0.318275776,0.025430907,True,CSI_nonSOE,-0.014876418125993371,-0.046895,0.03201858187400663,9094237809.674103,9094237809.674103,0,1,CurrentRatio_lag,
601111.SH,中国国航,CSI,中央国有企业,工业,交通运输,工业--交通运输--航空客运Ⅲ--航空客运Ⅳ,2021,,,,,,,,,,298381000000.0,,-0.037335215,-16635178000.0,5495052000.0,target_year,,,,,,,,,,SOE_target,-0.056464,-0.23951,26.37234435,0.087367401,0.123286456,0.24039925,-0.214281471,0.356816629,0.705055278,0.244867819,0.017709488,True,CSI_nonSOE,-0.03838449330364918,-0.056464,0.01807950669635082,5394581287.563854,5394581287.563854,0,1,CurrentRatio_lag,
601111.SH,中国国航,CSI,中央国有企业,工业,交通运输,工业--交通运输--航空客运Ⅲ--航空客运Ⅳ,2022,,,,,,,,,,294979000000.0,,-0.108973296,-38617495000.0,6472620000.0,target_year,,,,,,,,,,SOE_target,-0.133588,-0.909227,26.42163767,0.067699809,0.15352339,0.25594192,-0.205183842,0.331135843,0.77937245,0.331770559,0.006113086,True,CSI_nonSOE,-0.04485534636445401,-0.133588,0.088732653635546,26174269436.759724,26174269436.759724,0,1,CurrentRatio_lag,
601111.SH,中国国航,CSI,中央国有企业,工业,交通运输,工业--交通运输--航空客运Ⅲ--航空客运Ⅳ,2023,,,,,,,,,,335278694000.0,,0.017611,-1038411000.0,6943087000.0,target_year,,,,,,,,,,SOE_target,0.014877,-0.034168,26.410171,0.045046,0.180808,0.178298,-0.23811,0.337563,0.927018,0.240533,0.003352,True,CSI_nonSOE,-0.048883829806150414,0.014877,-0.06376082980615042,-21377647745.762383,0.0,0,2,"FinancialLeverage_lag, CurrentRatio_lag",
601111.SH,中国国航,CSI,中央国有企业,工业,交通运输,工业--交通运输--航空客运Ⅲ--航空客运Ⅳ,2024,,,,,,,,,,345750173000.0,,0.017834,-232557000.0,6398748000.0,target_year,,,,,,,,,,SOE_target,0.012565,-0.0056489999999999995,26.538228,0.11608,0.114556,0.447754,-0.23259,0.351136,0.894822,0.293107,0.028784,True,CSI_nonSOE,-0.03083131273601311,0.012565,-0.04339631273601311,-15004282636.038637,0.0,0,2,"FinancialLeverage_lag, CurrentRatio_lag",
601111.SH,中国国航,CSI,中央国有企业,工业,交通运输,工业--交通运输--航空客运Ⅲ--航空客运Ⅳ,2025,,,,,,,,,,343010455000.0,,0.010977,-1787943000.0,5553051000.0,target_year,,,,,,,,,,SOE_target,0.009768,-0.040801,26.568982,0.12001,0.116886,0.48955,-0.280326,0.353379,0.881631,0.29567,0.026481,True,CSI_nonSOE,-0.028261939430928057,0.009768,-0.038029939430928056,-13044666827.825073,0.0,0,2,"FinancialLeverage_lag, CurrentRatio_lag",
601117.SH,中国化学,CSI,中央国有企业,工业,建筑,工业--建筑--建筑与工程Ⅲ--建筑与工程Ⅳ,2019,,,,,,,,,,115865000000.0,,0.028923341,3061407369.0,289806779.8,target_year,,,,,,,,,,SOE_target,0.038437,0.09006299999999999,25.29821051,0.019913202,0.178025019,0.878292587,0.21952137,0.111219633,0.63906894,1.387030531,0.010159534,True,CSI_nonSOE,0.04403918545238146,0.038437,0.005602185452381461,649097217.440178,649097217.440178,1,0,,
601117.SH,中国化学,CSI,中央国有企业,工业,建筑,工业--建筑--建筑与工程Ⅲ--建筑与工程Ⅳ,2020,,,,,,,,,,136008000000.0,,0.030814922,3658838010.0,532242625.5,target_year,,,,,,,,,,SOE_target,0.03608,0.10051299999999999,25.47569493,0.021861497,0.179054819,0.970062543,0.153063024,0.082862011,0.675556122,1.25315949,0.006583871,True,CSI_nonSOE,0.034958290126341426,0.03608,-0.0011217098736585746,-152561516.49655542,0.0,1,0,,
601117.SH,中国化学,CSI,中央国有企业,工业,建筑,工业--建筑--建筑与工程Ⅲ--建筑与工程Ⅳ,2021,,,,,,,,,,177896000000.0,,0.02864568,4633424156.0,462528943.3,target_year,,,,,,,,,,SOE_target,0.038491,0.10793,25.63598067,0.020410956,0.179498397,0.866772612,0.13346452,0.087295556,0.700576858,1.206806431,0.006452369,True,CSI_nonSOE,0.02131792045241676,0.038491,-0.017173079547583237,-3055022159.1968675,0.0,1,0,,
601117.SH,中国化学,CSI,中央国有企业,工业,建筑,工业--建筑--建筑与工程Ⅲ--建筑与工程Ⅳ,2022,,,,,,,,,,194566000000.0,,0.025998681,5415214019.0,-356763819.8,target_year,,,,,,,,,,SOE_target,0.036001,0.10713800000000001,25.90446519,0.022285355,0.17910201,0.872286223,0.12086578,0.084982363,0.704877319,1.184472444,0.021539793,True,CSI_nonSOE,0.01368648409310362,0.036001,-0.022314515906896377,-4341646101.9412,0.0,1,0,,
601117.SH,中国化学,CSI,中央国有企业,工业,建筑,工业--建筑--建筑与工程Ⅲ--建筑与工程Ⅳ,2023,,,,,,,,,,219115319747.0,,0.023994,5426141014.95,-168615955.65,target_year,,,,,,,,,,SOE_target,0.033386,0.09831300000000001,25.994035,0.02301,0.173049,0.844108,0.1213,0.088868,0.700228,1.185803,0.015632,True,CSI_nonSOE,0.01077517400005125,0.033386,-0.02261082599994875,-4954378368.722551,0.0,1,0,,
601117.SH,中国化学,CSI,中央国有企业,工业,建筑,工业--建筑--建筑与工程Ⅲ--建筑与工程Ⅳ,2024,,,,,,,,,,233421377309.4,,0.025317,5687933905.73,221671999.73,target_year,,,,,,,,,,SOE_target,0.033504,0.09498,26.112864,0.024201,0.176169,0.859609,0.11793,0.094952,0.707587,1.180015,0.015217,True,CSI_nonSOE,0.010632896689372229,0.033504,-0.02287110331062777,-5338604435.352312,0.0,1,0,,
601117.SH,中国化学,CSI,中央国有企业,工业,建筑,工业--建筑--建筑与工程Ⅲ--建筑与工程Ⅳ,2025,,,,,,,,,,247353213805.61,,0.026946,6436145919.35,229081690.59,target_year,,,,,,,,,,SOE_target,0.036042,0.099426,26.176111,0.026149,0.174423,0.818796,0.08385,0.099532,0.704835,1.125799,0.012938,True,CSI_nonSOE,0.006847429136216429,0.036042,-0.02919457086378357,-7221370928.832489,0.0,1,0,,
601186.SH,中国铁建,CSI,中央国有企业,工业,建筑,工业--建筑--建筑与工程Ⅲ--建筑与工程Ⅳ,2019,,,,,,,,,,1081240000000.0,,0.024870217,20197378000.0,6693276000.0,target_year,,,,,,,,,,SOE_target,0.030754,0.106344,27.54510432,0.179441198,0.178025019,0.839435107,0.057684202,0.059639027,0.774063963,1.088617697,0.035240302,True,CSI_nonSOE,0.010749656379134179,0.030754,-0.02000434362086582,-21629496496.62496,0.0,0,1,FirmSize_lag,
601186.SH,中国铁建,CSI,中央国有企业,工业,建筑,工业--建筑--建筑与工程Ⅲ--建筑与工程Ⅳ,2020,,,,,,,,,,1242790000000.0,,0.022541552,22392983000.0,5621495000.0,target_year,,,,,,,,,,SOE_target,0.028767,0.09646800000000001,27.70912892,0.175822099,0.179054819,0.830905085,0.061813243,0.052260934,0.757665491,1.097005706,0.029840757,True,CSI_nonSOE,0.010094457352433875,0.028767,-0.018672542647566126,-23206049276.968704,0.0,0,1,FirmSize_lag,
601186.SH,中国铁建,CSI,中央国有企业,工业,建筑,工业--建筑--建筑与工程Ⅲ--建筑与工程Ⅳ,2021,,,,,,,,,,1352970000000.0,,0.022695834,24690556000.0,6016226000.0,target_year,,,,,,,,,,SOE_target,0.028597,0.094403,27.84838222,0.170216618,0.179498397,0.783401225,0.073337434,0.051226586,0.747633644,1.118425578,0.025256172,True,CSI_nonSOE,0.007931455377876734,0.028597,-0.020665544622123267,-27959861907.394115,0.0,0,1,FirmSize_lag,
601186.SH,中国铁建,CSI,中央国有企业,工业,建筑,工业--建筑--建筑与工程Ⅲ--建筑与工程Ⅳ,2022,,,,,,,,,,1523950000000.0,,0.02151334,26642094000.0,6143183000.0,target_year,,,,,,,,,,SOE_target,0.027513,0.095274,27.9333233,0.166034342,0.17910201,0.785903995,0.056408052,0.052064362,0.743901938,1.091719883,0.024298731,True,CSI_nonSOE,0.00709197121449727,0.027513,-0.02042102878550273,-31120626817.666885,0.0,0,1,FirmSize_lag,
601186.SH,中国铁建,CSI,中央国有企业,工业,建筑,工业--建筑--建筑与工程Ⅲ--建筑与工程Ⅳ,2023,,,,,,,,,,1663019578000.0,,0.020178,26096971000.0,7459090000.0,target_year,,,,,,,,,,SOE_target,0.026402000000000002,0.086943,28.052327,0.16047,0.173049,0.762143,0.049486,0.048347,0.746701,1.080689,0.019856,True,CSI_nonSOE,0.004512016649441494,0.026402000000000002,-0.021889983350558508,-36403470874.07284,0.0,0,1,FirmSize_lag,
601186.SH,中国铁建,CSI,中央国有企业,工业,建筑,工业--建筑--建筑与工程Ⅲ--建筑与工程Ⅳ,2024,,,,,,,,,,1862842522000.0,,0.017098,22215074000.0,9635257000.0,target_year,,,,,,,,,,SOE_target,0.021749,0.06963,28.139656,0.154893,0.176169,0.714154,0.040108,0.047552,0.749179,1.06683,0.020998,True,CSI_nonSOE,0.000854075314762226,0.021749,-0.020894924685237775,-38923954197.64839,0.0,0,1,FirmSize_lag,
601186.SH,中国铁建,CSI,中央国有企业,工业,建筑,工业--建筑--建筑与工程Ⅲ--建筑与工程Ⅳ,2025,,,,,,,,,,2083825209000.0,,0.015085,18362618000.0,13072638000.0,target_year,,,,,,,,,,SOE_target,0.018279,0.054934000000000004,28.253125,0.150621,0.174423,0.605339,0.01676,0.04286,0.773144,1.028057,0.020371,True,CSI_nonSOE,-0.006875622970037007,0.018279,-0.025154622970037007,-52417837467.85357,0.0,0,1,FirmSize_lag,
601225.SH,陕西煤业,CSI,地方国有企业,能源,煤炭Ⅱ,能源--煤炭Ⅱ--煤炭Ⅲ--煤炭与消费用燃料,2019,,,,,,,,,,126684000000.0,,0.098061525,11643397961.0,779381426.5,target_year,,,,,,,,,,SOE_target,0.161265,0.213801,25.51516149,0.104323389,0.3281903,0.481035865,0.023440984,0.436528856,0.449190309,1.098515116,0.036689981,True,CSI_nonSOE,0.06854730234852249,0.161265,-0.0927176976514775,-11745848809.279776,0.0,1,0,,
601225.SH,陕西煤业,CSI,地方国有企业,能源,煤炭Ⅱ,能源--煤炭Ⅱ--煤炭Ⅲ--煤炭与消费用燃料,2020,,,,,,,,,,148912000000.0,,0.100237638,14882641695.0,43980183.04,target_year,,,,,,,,,,SOE_target,0.174229,0.231661,25.56495786,0.12915651,0.293470907,0.564600682,0.054510991,0.439341317,0.39873896,1.247457596,0.038178355,True,CSI_nonSOE,0.08139758276722048,0.174229,-0.09283141723277952,-13823712002.967663,0.0,1,0,,
601225.SH,陕西煤业,CSI,地方国有企业,能源,煤炭Ⅱ,能源--煤炭Ⅱ--煤炭Ⅲ--煤炭与消费用燃料,2021,,,,,,,,,,185407000000.0,,0.113549493,21139687861.0,-86779774.34,target_year,,,,,,,,,,SOE_target,0.243413,0.271687,25.72662369,0.16038508,0.275297772,0.659401984,0.107688959,0.403718514,0.39783739,1.411395469,0.055749205,True,CSI_nonSOE,0.08681330206145105,0.243413,-0.15659969793854894,-29034680195.692543,0.0,1,0,,
601225.SH,陕西煤业,CSI,地方国有企业,能源,煤炭Ⅱ,能源--煤炭Ⅱ--煤炭Ⅲ--煤炭与消费用燃料,2022,,,,,,,,,,215260000000.0,,0.16034107,35122944094.0,-607952085.2,target_year,,,,,,,,,,SOE_target,0.319782,0.37351300000000004,25.94582102,0.166631218,0.269530745,0.85877972,0.196678798,0.349646573,0.381809852,1.767717225,0.042977561,True,CSI_nonSOE,0.0978719859896431,0.319782,-0.22191001401035693,-47768349615.86943,0.0,1,0,,
601225.SH,陕西煤业,CSI,地方国有企业,能源,煤炭Ⅱ,能源--煤炭Ⅱ--煤炭Ⅲ--煤炭与消费用燃料,2023,,,,,,,,,,193901834023.3,,0.107386,21239015394.53,-416754788.59,target_year,,,,,,,,,,SOE_target,0.20664000000000002,0.221275,26.095112,0.167115,0.250024,0.775475,0.145327,0.384026,0.359299,1.616833,0.047264,True,CSI_nonSOE,0.09277893520497035,0.20664000000000002,-0.11386106479502967,-22077869287.602047,0.0,1,0,,
601225.SH,陕西煤业,CSI,地方国有企业,能源,煤炭Ⅱ,能源--煤炭Ⅱ--煤炭Ⅲ--煤炭与消费用燃料,2024,,,,,,,,,,228552861117.95,,0.099353,22359786564.16,347711903.42,target_year,,,,,,,,,,SOE_target,0.209174,0.24861799999999998,25.990618,0.185843,0.263234,0.780946,0.047082,0.456536,0.360052,1.221613,0.056212,True,CSI_nonSOE,0.09108173664052123,0.209174,-0.11809226335947877,-26990324666.703327,0.0,1,0,,
601225.SH,陕西煤业,CSI,地方国有企业,能源,煤炭Ⅱ,能源--煤炭Ⅱ--煤炭Ⅲ--煤炭与消费用燃料,2025,,,,,,,,,,236269289914.48,,0.071676,16764763168.36,170032743.71,target_year,,,,,,,,,,SOE_target,0.13987,0.17881,26.155033,0.201894,0.263097,0.823164,-0.024704,0.483405,0.437124,0.902357,0.060788,True,CSI_nonSOE,0.08153605367179831,0.13987,-0.058333946328201686,-13782520076.8736,0.0,1,0,,
601238.SH,广汽集团,CSI,地方国有企业,可选消费,汽车与零配件,可选消费--汽车与零配件--汽车--汽车制造,2019,,,,,,,,,,137464000000.0,,0.051888271,6616265000.0,516481000.0,target_year,,,,,,,,,,SOE_target,0.04707,0.08439500000000001,25.60738325,0.048609696,0.376606004,0.574830016,0.196102639,0.12346167,0.410059095,1.643304855,0.074538305,True,CSI_nonSOE,0.05315726005899721,0.04707,0.006087260058997207,836779116.749992,836779116.749992,1,0,,
601238.SH,广汽集团,CSI,地方国有企业,可选消费,汽车与零配件,可选消费--汽车与零配件--汽车--汽车制造,2020,,,,,,,,,,142861000000.0,,0.044824242,5964055000.0,439567000.0,target_year,,,,,,,,,,SOE_target,0.04066499999999999,0.072483,25.64662464,0.042562766,0.369422071,0.442849115,0.109771804,0.141097817,0.399780921,1.361212832,0.073478685,True,CSI_nonSOE,0.04132394637011583,0.04066499999999999,0.0006589463701158343,94137737.38111821,94137737.38111821,1,0,,
601238.SH,广汽集团,CSI,地方国有企业,可选消费,汽车与零配件,可选消费--汽车与零配件--汽车--汽车制造,2021,,,,,,,,,,154251000000.0,,0.051450993,7511030000.0,425316000.0,target_year,,,,,,,,,,SOE_target,0.050627000000000005,0.085993,25.68513578,0.047287381,0.324255792,0.450599529,0.098695612,0.140508983,0.393019667,1.331421417,0.046097755,True,CSI_nonSOE,0.04116330521007751,0.050627000000000005,-0.009463694789922497,-1459784385.0403352,0.0,1,0,,
601238.SH,广汽集团,CSI,地方国有企业,可选消费,汽车与零配件,可选消费--汽车与零配件--汽车--汽车制造,2022,,,,,,,,,,190075000000.0,,0.043845671,7982930000.0,351026000.0,target_year,,,,,,,,,,SOE_target,0.042034,0.078417,25.76184432,0.049781593,0.289774151,0.50941025,0.078178567,0.126259291,0.399361872,1.245439908,0.04047274,True,CSI_nonSOE,0.04001717285753127,0.042034,-0.00201682714246873,-383348419.1047439,0.0,1,0,,
601238.SH,广汽集团,CSI,地方国有企业,可选消费,汽车与零配件,可选消费--汽车与零配件--汽车--汽车制造,2023,,,,,,,,,,218448770000.0,,0.022413,4428845000.0,467323000.0,target_year,,,,,,,,,,SOE_target,0.015753,0.038668999999999995,25.970683,0.061175,0.236564,0.638968,0.184684,0.109223,0.356557,1.619242,0.04216,True,CSI_nonSOE,0.05346041923596952,0.015753,0.037707419235969514,8237139351.97188,8237139351.97188,1,0,,
601238.SH,广汽集团,CSI,地方国有企业,可选消费,汽车与零配件,可选消费--汽车与零配件--汽车--汽车制造,2024,,,,,,,,,,232512366000.0,,0.005963,823579000.0,562994000.0,target_year,,,,,,,,,,SOE_target,-0.003319,0.007156,26.109817,0.061643,0.222276,0.635,0.109483,0.114121,0.430284,1.309821,0.052994,True,CSI_nonSOE,0.03923075549369201,-0.003319,0.04254975549369201,9893344322.559828,9893344322.559828,1,0,,
601238.SH,广汽集团,CSI,地方国有企业,可选消费,汽车与零配件,可选消费--汽车与零配件--汽车--汽车制造,2025,,,,,,,,,,214997433000.0,,-0.037883,-8783621000.0,638948000.0,target_year,,,,,,,,,,SOE_target,-0.052878,-0.079962,26.172209,0.04632,0.204324,0.478018,0.087342,0.122127,0.476025,1.22371,0.046704,True,CSI_nonSOE,0.02317473955784191,-0.052878,0.07605273955784192,16351143777.553568,16351143777.553568,1,0,,
601298.SH,青岛港,CSI,地方国有企业,工业,交通运输,工业--交通运输--交通基础设施--海港与服务,2019,,,,,,,,,,52785301395.0,,0.076096852,3790143318.0,226651944.0,target_year,,,,,,,,,,SOE_target,0.094567,0.132206,24.61029473,0.013480893,0.111099702,0.242543868,0.108784129,0.330942547,0.396717894,1.406157264,0.060536752,True,CSI_nonSOE,0.043145432195706546,0.094567,-0.05142156780429345,-2714302954.7530584,0.0,1,0,,
601298.SH,青岛港,CSI,地方国有企业,工业,交通运输,工业--交通运输--交通基础设施--海港与服务,2020,,,,,,,,,,57177364980.0,,0.070826963,3841863143.0,207835967.0,target_year,,,,,,,,,,SOE_target,0.09688599999999999,0.12128299999999999,24.68949861,0.012569095,0.108646931,0.239565753,0.168973722,0.319254585,0.363509137,1.813336737,0.044035765,True,CSI_nonSOE,0.04774775487250958,0.09688599999999999,-0.049138245127490404,-2809595376.1312256,0.0,1,0,,
601298.SH,青岛港,CSI,地方国有企业,工业,交通运输,工业--交通运输--交通基础设施--海港与服务,2021,,,,,,,,,,60575556128.0,,0.068009798,3964054012.0,155677343.0,target_year,,,,,,,,,,SOE_target,0.093518,0.116728,24.76942394,0.016617029,0.123286456,0.240434582,0.073048221,0.336444896,0.35742523,1.282351066,0.052256028,True,CSI_nonSOE,0.04223678117830629,0.093518,-0.051281218821693716,-3106388349.045758,0.0,1,0,,
601298.SH,青岛港,CSI,地方国有企业,工业,交通运输,工业--交通运输--交通基础设施--海港与服务,2022,,,,,,,,,,57475910361.0,,0.081422004,4525175176.0,154628607.0,target_year,,,,,,,,,,SOE_target,0.107742,0.125138,24.82715728,0.014623468,0.15352339,0.273440036,0.072342317,0.350636445,0.359731403,1.270789891,0.039981503,True,CSI_nonSOE,0.04271674510700414,0.107742,-0.06502525489299586,-3737385721.431007,0.0,1,0,,
601298.SH,青岛港,CSI,地方国有企业,工业,交通运输,工业--交通运输--交通基础设施--海港与服务,2023,,,,,,,,,,60245860643.0,,0.084406,4923321689.0,161761849.0,target_year,,,,,,,,,,SOE_target,0.11590500000000001,0.126764,24.774632,0.016404,0.180808,0.326345,0.090309,0.429321,0.28184,1.597515,0.051444,True,CSI_nonSOE,0.059277162090436555,0.11590500000000001,-0.05662783790956345,-3411592831.213952,0.0,1,0,,
601298.SH,青岛港,CSI,地方国有企业,工业,交通运输,工业--交通运输--交通基础设施--海港与服务,2024,,,,,,,,,,62749753460.0,,0.0854,5234897470.0,123906331.0,target_year,,,,,,,,,,SOE_target,0.11468600000000001,0.1265,24.8217,0.014951,0.114556,0.308747,0.103533,0.42303,0.260718,1.729182,0.045052,True,CSI_nonSOE,0.05978846219327372,0.11468600000000001,-0.05489753780672629,-3444806962.933104,0.0,1,0,,
601298.SH,青岛港,CSI,地方国有企业,工业,交通运输,工业--交通运输--交通基础设施--海港与服务,2025,,,,,,,,,,66578767145.0,,0.081146,5271506093.0,131117644.0,target_year,,,,,,,,,,SOE_target,0.110008,0.119534,24.86242,0.013636,0.116886,0.307995,0.131168,0.411668,0.254306,1.979535,0.033242,True,CSI_nonSOE,0.06032189741718249,0.110008,-0.049686102582817505,-3308039454.20399,0.0,1,0,,
601390.SH,中国中铁,CSI,中央国有企业,工业,建筑,工业--建筑--建筑与工程Ⅲ--建筑与工程Ⅳ,2019,,,,,,,,,,1056040000000.0,,0.030053757,23678000000.0,8060000000.0,target_year,,,,,,,,,,SOE_target,0.039075,0.114683,27.57181555,0.181962771,0.178025019,0.828894418,0.031368268,0.068632475,0.764479641,1.047495883,0.020089909,True,CSI_nonSOE,0.00896407530800522,0.039075,-0.030110924691994778,-31798340911.734165,0.0,0,1,FirmSize_lag,
601390.SH,中国中铁,CSI,中央国有企业,工业,建筑,工业--建筑--建筑与工程Ⅲ--建筑与工程Ⅳ,2020,,,,,,,,,,1199980000000.0,,0.02854638,25188000000.0,9067000000.0,target_year,,,,,,,,,,SOE_target,0.035775,0.105719,27.68554813,0.180139218,0.179054819,0.851458605,0.031945729,0.062643401,0.767690838,1.049902816,0.018613861,True,CSI_nonSOE,0.009869675738097647,0.035775,-0.025905324261902354,-31085871007.79759,0.0,0,1,FirmSize_lag,
601390.SH,中国中铁,CSI,中央国有企业,工业,建筑,工业--建筑--建筑与工程Ⅲ--建筑与工程Ⅳ,2021,,,,,,,,,,1361580000000.0,,0.028494837,27618000000.0,11180000000.0,target_year,,,,,,,,,,SOE_target,0.034908999999999996,0.104156,27.81332351,0.182259773,0.179498397,0.864117219,0.030802257,0.061987855,0.739123333,1.052417588,0.035895688,True,CSI_nonSOE,0.011535926742114858,0.034908999999999996,-0.023373073257885138,-31824309086.471245,0.0,0,1,FirmSize_lag,
601390.SH,中国中铁,CSI,中央国有企业,工业,建筑,工业--建筑--建筑与工程Ⅲ--建筑与工程Ⅳ,2022,,,,,,,,,,1613020000000.0,,0.026974884,31276000000.0,12235000000.0,target_year,,,,,,,,,,SOE_target,0.032713,0.108559,27.93966691,0.174704149,0.17910201,0.837984085,0.009693151,0.056822221,0.736927687,1.016751707,0.040920842,True,CSI_nonSOE,0.008304142180250815,0.032713,-0.024408857819749184,-39371975840.41183,0.0,0,1,FirmSize_lag,
601390.SH,中国中铁,CSI,中央国有企业,工业,建筑,工业--建筑--建筑与工程Ⅲ--建筑与工程Ⅳ,2023,,,,,,,,,,1829290000000.0,,0.026783,33483000000.0,15511000000.0,target_year,,,,,,,,,,SOE_target,0.031595,0.105713,28.109129,0.168965,0.173049,0.776138,0.015749,0.07331,0.737815,1.029086,0.038164,True,CSI_nonSOE,0.005435394707840449,0.031595,-0.02615960529215955,-47853504364.89454,0.0,0,1,FirmSize_lag,
601390.SH,中国中铁,CSI,中央国有企业,工业,建筑,工业--建筑--建筑与工程Ⅲ--建筑与工程Ⅳ,2024,,,,,,,,,,2256266000000.0,,0.017582,27887000000.0,11783000000.0,target_year,,,,,,,,,,SOE_target,0.021793999999999997,0.08119,28.234949,0.171964,0.176169,0.734049,-0.002704,0.07456,0.748671,0.995106,0.031069,True,CSI_nonSOE,0.0011298975895196323,0.021793999999999997,-0.020664102410480365,-46623711689.28489,0.0,0,1,FirmSize_lag,
601390.SH,中国中铁,CSI,中央国有企业,工业,建筑,工业--建筑--建筑与工程Ⅲ--建筑与工程Ⅳ,2025,,,,,,,,,,2470432000000.0,,0.014446,22892000000.0,12796000000.0,target_year,,,,,,,,,,SOE_target,0.016576,0.063108,28.444732,0.163766,0.174423,0.568006,-0.005365,0.064425,0.773966,0.990516,0.025456,True,CSI_nonSOE,-0.008678535328695489,0.016576,-0.02525453532869549,-62389612221.139854,0.0,0,1,FirmSize_lag,
601600.SH,中国铝业,CSI,中央国有企业,材料,有色金属,材料--有色金属--其他金属与采矿--铝,2019,,,,,,,,,,203071000000.0,,0.028138373,850999000.0,4863079000.0,target_year,,,,,,,,,,SOE_target,0.033251,0.015895,26.02595421,0.229574015,0.167062795,0.898902434,-0.078920896,0.528651052,0.663129674,0.787911317,0.034110686,True,CSI_nonSOE,0.07093079162756624,0.033251,0.03767979162756624,7651672965.601503,7651672965.601503,1,0,,
601600.SH,中国铝业,CSI,中央国有企业,材料,有色金属,材料--有色金属--其他金属与采矿--铝,2020,,,,,,,,,,194902000000.0,,0.023620612,741004000.0,3862693000.0,target_year,,,,,,,,,,SOE_target,0.029102000000000003,0.013597,26.03681985,0.205405763,0.15478921,0.941085169,-0.10073329,0.508844823,0.651721925,0.704264039,0.044552565,True,CSI_nonSOE,0.07078264679379828,0.029102000000000003,0.04168064679379828,8123641421.404872,8123641421.404872,1,0,,
601600.SH,中国铝业,CSI,中央国有企业,材料,有色金属,材料--有色金属--其他金属与采矿--铝,2021,,,,,,,,,,192377000000.0,,0.044704308,5079562000.0,3520514000.0,target_year,,,,,,,,,,SOE_target,0.06932100000000001,0.091034,25.99576108,0.167808698,0.159708925,0.934709429,-0.084265737,0.51635343,0.634832729,0.737757281,0.025853527,True,CSI_nonSOE,0.07126450563133056,0.06932100000000001,0.0019435056313305554,373885782.83847827,373885782.83847827,1,0,,
601600.SH,中国铝业,CSI,中央国有企业,材料,有色金属,材料--有色金属--其他金属与采矿--铝,2022,,,,,,,,,,212348000000.0,,0.03776659,4191927000.0,3827734000.0,target_year,,,,,,,,,,SOE_target,0.081831,0.075079,25.98272229,0.180693598,0.168216562,1.393044931,-0.01802061,0.485645784,0.621661966,0.933562737,0.011100876,True,CSI_nonSOE,0.10144474307967337,0.081831,0.019613743079673368,4164939115.4824805,4164939115.4824805,1,0,,
601600.SH,中国铝业,CSI,中央国有企业,材料,有色金属,材料--有色金属--其他金属与采矿--铝,2023,,,,,,,,,,211755809000.0,,0.047425,6716945000.0,3325573000.0,target_year,,,,,,,,,,SOE_target,0.084984,0.116958,26.081492,0.169857,0.153058,1.437954,-0.036877,0.514612,0.586735,0.874439,0.022375,True,CSI_nonSOE,0.1065504987689087,0.084984,0.02156649876890869,4566831394.107763,4566831394.107763,1,0,,
601600.SH,中国铝业,CSI,中央国有企业,材料,有色金属,材料--有色金属--其他金属与采矿--铝,2024,,,,,,,,,,215895530000.0,,0.070221,12400160000.0,2760298000.0,target_year,,,,,,,,,,SOE_target,0.115569,0.19128799999999999,26.0787,0.12989,0.159476,1.061395,-0.001253,0.494956,0.533004,0.995482,0.031685,True,CSI_nonSOE,0.09196251745380436,0.115569,-0.023606482546195642,-5096534060.746657,0.0,1,0,,
601600.SH,中国铝业,CSI,中央国有企业,材料,有色金属,材料--有色金属--其他金属与采矿--铝,2025,,,,,,,,,,227021733000.0,,0.066142,12673918000.0,2341729000.0,target_year,,,,,,,,,,SOE_target,0.1257,0.17588499999999999,26.09806,0.132426,0.15747,1.108686,0.059533,0.492976,0.481042,1.278215,0.047985,True,CSI_nonSOE,0.1043227501589703,0.1257,-0.021377249841029705,-4853100305.684538,0.0,1,0,,
601607.SH,上海医药,CSI,地方国有企业,医疗保健,医药生物,医疗保健--医药生物--制药--西药,2019,,,,,,,,,,137026000000.0,,0.040037592,4080994000.0,1405213000.0,target_year,,,,,,,,,,SOE_target,0.056336000000000004,0.101174,25.56650233,0.502594113,0.277672488,1.438221312,0.19363372,0.086756652,0.634035975,1.357563694,0.01531411,True,CSI_nonSOE,0.09960741254981459,0.056336000000000004,0.043271412549814585,5929308576.050894,5929308576.050894,1,0,,
601607.SH,上海医药,CSI,地方国有企业,医疗保健,医药生物,医疗保健--医药生物--制药--西药,2020,,,,,,,,,,149186000000.0,,0.039602396,4496216959.0,1411892516.0,target_year,,,,,,,,,,SOE_target,0.057992,0.103345,25.64343942,0.501901176,0.276190471,1.413882127,0.171382593,0.086848347,0.639588215,1.314765861,0.020091932,True,CSI_nonSOE,0.09428638954401498,0.057992,0.03629438954401498,5414614798.513419,5414614798.513419,1,0,,
601607.SH,上海医药,CSI,地方国有企业,医疗保健,医药生物,医疗保健--医药生物--制药--西药,2021,,,,,,,,,,163436000000.0,,0.040454463,5093467261.0,1518228463.0,target_year,,,,,,,,,,SOE_target,0.05965,0.107555,25.72845738,0.479965502,0.256105921,1.341027781,0.130239979,0.081964446,0.633069751,1.220461562,0.02017601,True,CSI_nonSOE,0.08629204896674667,0.05965,0.026642048966746663,4354269914.929208,4354269914.929208,1,0,,
601607.SH,上海医药,CSI,地方国有企业,医疗保健,医药生物,医疗保健--医药生物--制药--西药,2022,,,,,,,,,,198135000000.0,,0.036876042,5617152003.0,1689278923.0,target_year,,,,,,,,,,SOE_target,0.055642,0.096496,25.81968431,0.450773824,0.230275265,1.380739908,0.150947055,0.081978808,0.638596224,1.268666382,0.025201203,True,CSI_nonSOE,0.08668266324725321,0.055642,0.031040663247253214,6150241812.494515,6150241812.494515,1,0,,
601607.SH,上海医药,CSI,地方国有企业,医疗保健,医药生物,医疗保健--医药生物--制药--西药,2023,,,,,,,,,,211972533766.8,,0.026668,3767999581.18,1884984092.73,target_year,,,,,,,,,,SOE_target,0.041343,0.05558,26.012214,0.428444,0.212266,1.283187,0.195936,0.072257,0.606316,1.350722,0.013551,True,CSI_nonSOE,0.08371193796918068,0.041343,0.04236893796918068,8981051134.335606,8981051134.335606,1,0,,
601607.SH,上海医药,CSI,地方国有企业,医疗保健,医药生物,医疗保健--医药生物--制药--西药,2024,,,,,,,,,,221209430148.17,,0.028974,4552528438.69,1856737428.35,target_year,,,,,,,,,,SOE_target,0.043189000000000005,0.064943,26.079723,0.433857,0.216978,1.2694,0.188996,0.074183,0.621054,1.327379,0.014014,True,CSI_nonSOE,0.0808398332061113,0.043189000000000005,0.03765083320611129,8328719358.127675,8328719358.127675,1,0,,
601607.SH,上海医药,CSI,地方国有企业,医疗保健,医药生物,医疗保健--医药生物--制药--西药,2025,,,,,,,,,,233148766767.21,,0.031784,5724557508.41,1685890506.64,target_year,,,,,,,,,,SOE_target,0.048863000000000004,0.077586,26.122376,0.454225,0.230555,1.270833,0.206975,0.07712,0.621434,1.36326,0.010853,True,CSI_nonSOE,0.08219371160976094,0.048863000000000004,0.033330711609760935,7771014307.28929,7771014307.28929,1,0,,
601618.SH,中国中冶,CSI,中央国有企业,工业,建筑,工业--建筑--建筑与工程Ⅲ--建筑与工程Ⅳ,2019,,,,,,,,,,458506000000.0,,0.023484279,6599712000.0,4167976000.0,target_year,,,,,,,,,,SOE_target,0.025755,0.072567,26.80757353,0.071158446,0.178025019,0.678479116,0.096500586,0.070059014,0.766083987,1.142580396,0.012747792,True,CSI_nonSOE,-0.002545744807892436,0.025755,-0.028300744807892436,-12976061298.88753,0.0,1,0,,
601618.SH,中国中冶,CSI,中央国有企业,工业,建筑,工业--建筑--建筑与工程Ⅲ--建筑与工程Ⅳ,2020,,,,,,,,,,506393000000.0,,0.020525204,7862185000.0,2531634000.0,target_year,,,,,,,,,,SOE_target,0.026345999999999998,0.080291,26.85123968,0.071695852,0.179054819,0.75468974,0.090538407,0.066624521,0.74502961,1.135695417,0.008963835,True,CSI_nonSOE,0.001286107334433767,0.026345999999999998,-0.02505989266556623,-12690154226.59408,0.0,1,0,,
601618.SH,中国中冶,CSI,中央国有企业,工业,建筑,工业--建筑--建筑与工程Ⅲ--建筑与工程Ⅳ,2021,,,,,,,,,,543470000000.0,,0.019399573,8374970000.0,2168119000.0,target_year,,,,,,,,,,SOE_target,0.025741,0.081553,26.95057881,0.074815232,0.179498397,0.829339755,0.113473741,0.058452096,0.72283322,1.173188123,0.007391542,True,CSI_nonSOE,0.009411171087742143,0.025741,-0.016329828912257857,-8874772118.944778,0.0,0,1,FirmSize_lag,
601618.SH,中国中冶,CSI,中央国有企业,工业,建筑,工业--建筑--建筑与工程Ⅲ--建筑与工程Ⅳ,2022,,,,,,,,,,585384000000.0,,0.022109459,10272357000.0,2670175000.0,target_year,,,,,,,,,,SOE_target,0.027708,0.08987099999999999,27.02124061,0.081481622,0.17910201,0.953594125,0.098305267,0.054275288,0.721442365,1.148864632,0.006534642,True,CSI_nonSOE,0.015453697605819633,0.027708,-0.012254302394180367,-7173472552.71488,0.0,0,1,FirmSize_lag,
601618.SH,中国中冶,CSI,中央国有企业,工业,建筑,工业--建筑--建筑与工程Ⅲ--建筑与工程Ⅳ,2023,,,,,,,,,,661602236000.0,,0.017156,8670405000.0,2679906000.0,target_year,,,,,,,,,,SOE_target,0.023165,0.065047,27.095535,0.086751,0.173049,1.050036,0.089447,0.050375,0.723414,1.135705,0.007369,True,CSI_nonSOE,0.01992608000399987,0.023165,-0.003238919996000133,-2142876711.578799,0.0,0,1,FirmSize_lag,
601618.SH,中国中冶,CSI,中央国有企业,工业,建筑,工业--建筑--建筑与工程Ⅲ--建筑与工程Ⅳ,2024,,,,,,,,,,808015755000.0,,0.012548,6745954000.0,3392681000.0,target_year,,,,,,,,,,SOE_target,0.013515999999999999,0.045195,27.21793,0.086276,0.176169,1.016643,0.053379,0.047697,0.746084,1.078686,0.006946,True,CSI_nonSOE,0.012893788281522697,0.013515999999999999,-0.0006222117184773012,-502756871.475284,0.0,0,1,FirmSize_lag,
601618.SH,中国中冶,CSI,中央国有企业,工业,建筑,工业--建筑--建筑与工程Ⅲ--建筑与工程Ⅳ,2025,,,,,,,,,,839488682000.0,,0.005927,1321768000.0,3654143000.0,target_year,,,,,,,,,,SOE_target,0.006326000000000001,0.008561,27.417847,0.077913,0.174423,0.751249,0.032347,0.040738,0.774341,1.045565,0.008493,True,CSI_nonSOE,-0.0034519753265457587,0.006326000000000001,-0.00977797532654576,-8208499619.51042,0.0,0,1,FirmSize_lag,
601668.SH,中国建筑,CSI,中央国有企业,工业,建筑,工业--建筑--建筑与工程Ⅲ--建筑与工程Ⅳ,2019,,,,,,,,,,2034450000000.0,,0.025735582,41881399000.0,10476405000.0,target_year,,,,,,,,,,SOE_target,0.045323,0.16072399999999998,28.25258652,0.290775892,0.178025019,0.693343498,0.158678508,0.023618232,0.769440883,1.27699336,0.010003014,True,CSI_nonSOE,0.016694426367263024,0.045323,-0.02862857363273698,-58243401627.12174,0.0,0,1,FirmSize_lag,
601668.SH,中国建筑,CSI,中央国有企业,工业,建筑,工业--建筑--建筑与工程Ⅲ--建筑与工程Ⅳ,2020,,,,,,,,,,2192170000000.0,,0.0240592,44944250000.0,7797699000.0,target_year,,,,,,,,,,SOE_target,0.044617000000000004,0.155619,28.34124758,0.296959904,0.179054819,0.719975045,0.155215417,0.023416778,0.753331444,1.275613753,0.010045355,True,CSI_nonSOE,0.018296795240466554,0.044617000000000004,-0.02632020475953345,-57698363267.70644,0.0,0,1,FirmSize_lag,
601668.SH,中国建筑,CSI,中央国有企业,工业,建筑,工业--建筑--建筑与工程Ⅲ--建筑与工程Ⅳ,2021,,,,,,,,,,2388250000000.0,,0.026183115,51407661000.0,11124140000.0,target_year,,,,,,,,,,SOE_target,0.044051,0.15957100000000002,28.41591479,0.299012106,0.179498397,0.756692397,0.174080774,0.022835803,0.736747565,1.319072419,0.022579294,True,CSI_nonSOE,0.022836351117946047,0.044051,-0.021214648882053953,-50665885192.56535,0.0,0,1,FirmSize_lag,
601668.SH,中国建筑,CSI,中央国有企业,工业,建筑,工业--建筑--建筑与工程Ⅲ--建筑与工程Ⅳ,2022,,,,,,,,,,2652900000000.0,,0.026621424,50950301000.0,19673762000.0,target_year,,,,,,,,,,SOE_target,0.035244,0.139931,28.50158163,0.305461088,0.17910201,0.81938288,0.183999738,0.019747785,0.732145905,1.344759921,0.013029666,True,CSI_nonSOE,0.027503574944360926,0.035244,-0.007740425055639072,-20534573630.104893,0.0,0,1,FirmSize_lag,
601668.SH,中国建筑,CSI,中央国有企业,工业,建筑,工业--建筑--建筑与工程Ⅲ--建筑与工程Ⅳ,2023,,,,,,,,,,2903322519000.0,,0.025089,54264173000.0,18577073000.0,target_year,,,,,,,,,,SOE_target,0.033474,0.133667,28.606676,0.299083,0.173049,0.810647,0.167924,0.020296,0.743531,1.31168,0.009781,True,CSI_nonSOE,0.024365561303880234,0.033474,-0.009108438696119762,-26444735179.375504,0.0,0,1,FirmSize_lag,
601668.SH,中国建筑,CSI,中央国有企业,工业,建筑,工业--建筑--建筑与工程Ⅲ--建筑与工程Ⅳ,2024,,,,,,,,,,3189262063000.0,,0.020584,46187099000.0,19462089000.0,target_year,,,,,,,,,,SOE_target,0.032662,0.103815,28.696877,0.306415,0.176169,0.810341,0.157933,0.019567,0.748195,1.288305,0.01173,True,CSI_nonSOE,0.023469958053951717,0.032662,-0.00919204194604828,-29315830660.03647,0.0,0,1,FirmSize_lag,
601668.SH,中国建筑,CSI,中央国有企业,工业,建筑,工业--建筑--建筑与工程Ⅲ--建筑与工程Ⅳ,2025,,,,,,,,,,3560679818000.0,,0.015927,39069002000.0,17641773000.0,target_year,,,,,,,,,,SOE_target,0.026034,0.081928,28.790811,0.307315,0.174423,0.714762,0.162218,0.018002,0.758107,1.293695,0.00621,True,CSI_nonSOE,0.018730574027637586,0.026034,-0.007303425972362415,-26005161462.04788,0.0,0,1,FirmSize_lag,
601669.SH,中国电建,CSI,中央国有企业,工业,建筑,工业--建筑--建筑与工程Ⅲ--建筑与工程Ⅳ,2019,,,,,,,,,,813228000000.0,,0.021953092,7239365377.0,10613495264.0,target_year,,,,,,,,,,SOE_target,0.027473,0.074761,27.29310223,0.071786436,0.178025019,0.453133935,-0.01854785,0.153011793,0.799690811,0.96258388,0.081485557,True,CSI_nonSOE,-0.019585591049187584,0.027473,-0.04705859104918758,-38269363881.74872,0.0,0,1,FirmSize_lag,
601669.SH,中国电建,CSI,中央国有企业,工业,建筑,工业--建筑--建筑与工程Ⅲ--建筑与工程Ⅳ,2020,,,,,,,,,,886543000000.0,,0.019807332,7987168431.0,9572891922.0,target_year,,,,,,,,,,SOE_target,0.019069,0.07081900000000001,27.42427689,0.073061092,0.179054819,0.452132758,0.02210958,0.139392719,0.762094823,1.050965733,0.096349335,True,CSI_nonSOE,-0.017396865869084177,0.019069,-0.03646586586908418,-32328558125.175495,0.0,0,1,FirmSize_lag,
601669.SH,中国电建,CSI,中央国有企业,工业,建筑,工业--建筑--建筑与工程Ⅲ--建筑与工程Ⅳ,2021,,,,,,,,,,963977000000.0,,0.01708308,8632095909.0,7835606959.0,target_year,,,,,,,,,,SOE_target,0.018102,0.07104,27.51059596,0.074592774,0.179498397,0.469386636,0.038978898,0.129357962,0.747435571,1.090530936,0.080311614,True,CSI_nonSOE,-0.015562094759984532,0.018102,-0.03366409475998453,-32451413074.44561,0.0,0,1,FirmSize_lag,
601669.SH,中国电建,CSI,中央国有企业,工业,建筑,工业--建筑--建筑与工程Ⅲ--建筑与工程Ⅳ,2022,,,,,,,,,,1040080000000.0,,0.01794748,11435443832.0,7231337452.0,target_year,,,,,,,,,,SOE_target,0.019208,0.082608,27.59433366,0.072680712,0.17910201,0.48257162,0.016143212,0.126515766,0.750894566,1.038058291,0.044033759,True,CSI_nonSOE,-0.016446639156050602,0.019208,-0.035654639156050605,-37083677093.42511,0.0,0,1,FirmSize_lag,
601669.SH,中国电建,CSI,中央国有企业,工业,建筑,工业--建筑--建筑与工程Ⅲ--建筑与工程Ⅳ,2023,,,,,,,,,,1153774735013.99,,0.020264,12988385293.6,10391264452.69,target_year,,,,,,,,,,SOE_target,0.019068,0.08314,27.670317,0.083366,0.173049,0.568392,-0.054595,0.145382,0.768917,0.87983,0.055525,True,CSI_nonSOE,-0.015180017704873414,0.019068,-0.034248017704873415,-39514497552.19476,0.0,0,1,FirmSize_lag,
601669.SH,中国电建,CSI,中央国有企业,工业,建筑,工业--建筑--建筑与工程Ⅲ--建筑与工程Ⅳ,2024,,,,,,,,,,1289001336534.82,,0.017271,12015017079.83,10246725711.28,target_year,,,,,,,,,,SOE_target,0.024380000000000002,0.073681,27.77406,0.082524,0.176169,0.552729,-0.074919,0.159919,0.774956,0.84115,0.063848,True,CSI_nonSOE,-0.01694840054229299,0.024380000000000002,-0.04132840054229299,-53272363535.862045,0.0,0,1,FirmSize_lag,
601669.SH,中国电建,CSI,中央国有企业,工业,建筑,工业--建筑--建筑与工程Ⅲ--建筑与工程Ⅳ,2025,,,,,,,,,,1380267054189.34,,0.015796,10007143581.45,11795542225.98,target_year,,,,,,,,,,SOE_target,0.021762,0.060095,27.884889,0.089088,0.174423,0.516793,-0.055059,0.170322,0.789312,0.882455,0.045842,True,CSI_nonSOE,-0.016687209671823827,0.021762,-0.03844920967182383,-53070177369.636566,0.0,0,1,FirmSize_lag,
601698.SH,中国卫通,CSI,中央国有企业,通讯服务,电信服务,通讯服务--电信服务--多元电信服务--非传统电信运营商,2019,,,,,,,,,,18157405439.0,,0.024849346,446422541.2,4777116.63,target_year,,,,,,,,,,SOE_target,0.043070000000000004,0.042381,23.56516666,0.001994058,0.376451505,0.157733546,0.037744231,0.655058428,0.210461411,1.262196336,0.065116144,True,CSI_nonSOE,0.09802302883137687,0.043070000000000004,0.054953028831376864,997804424.5923661,997804424.5923661,1,0,,
601698.SH,中国卫通,CSI,中央国有企业,通讯服务,电信服务,通讯服务--电信服务--多元电信服务--非传统电信运营商,2020,,,,,,,,,,18289285775.0,,0.02517721,488789159.5,-28315974.82,target_year,,,,,,,,,,SOE_target,0.040647,0.042714,23.62234433,0.002022361,0.377325617,0.153756745,0.201421555,0.526406664,0.156816488,2.94769589,0.104425995,True,CSI_nonSOE,0.10635086347431416,0.040647,0.06570386347431416,1201676735.603316,1201676735.603316,1,0,,
601698.SH,中国卫通,CSI,中央国有企业,通讯服务,电信服务,通讯服务--电信服务--多元电信服务--非传统电信运营商,2021,,,,,,,,,,19108303143.0,,0.027076187,572304982.5,-54924998.8,target_year,,,,,,,,,,SOE_target,0.045194,0.048521999999999996,23.62958125,0.001926959,0.375629725,0.14744811,0.236037739,0.504704231,0.15672958,3.423905895,0.074944516,True,CSI_nonSOE,0.10658285123065496,0.045194,0.06138885123065496,1173036778.9158835,1173036778.9158835,1,0,,
601698.SH,中国卫通,CSI,中央国有企业,通讯服务,电信服务,通讯服务--电信服务--多元电信服务--非传统电信运营商,2022,,,,,,,,,,22428111563.0,,0.037206934,920731173.8,-86249910.71,target_year,,,,,,,,,,SOE_target,0.044083,0.06791900000000001,23.6733888,0.001718411,0.374126853,0.139687335,0.232013654,0.484045143,0.174437198,3.049275176,0.070971637,True,CSI_nonSOE,0.10356322441643404,0.044083,0.05948022441643404,1334029109.004059,1334029109.004059,1,0,,
601698.SH,中国卫通,CSI,中央国有企业,通讯服务,电信服务,通讯服务--电信服务--多元电信服务--非传统电信运营商,2023,,,,,,,,,,22655663962.77,,0.0088,348770555.15,-149399701.62,target_year,,,,,,,,,,SOE_target,0.027014,0.022941,23.833581,0.001644,0.373379,0.130568,0.278289,0.472996,0.143892,4.389044,0.106807,True,CSI_nonSOE,0.10205170379836256,0.027014,0.07503770379836257,1700029001.7935724,1700029001.7935724,1,0,,
601698.SH,中国卫通,CSI,中央国有企业,通讯服务,电信服务,通讯服务--电信服务--多元电信服务--非传统电信运营商,2024,,,,,,,,,,22412943899.49,,0.010881,454492823.77,-210622634.37,target_year,,,,,,,,,,SOE_target,0.019974000000000002,0.029298,23.843676,0.001484,0.374249,0.11526,0.270497,0.48634,0.140534,4.284335,0.072722,True,CSI_nonSOE,0.1025233344466166,0.019974000000000002,0.08254933444661659,1850173601.8922553,1850173601.8922553,1,0,,
601698.SH,中国卫通,CSI,中央国有企业,通讯服务,电信服务,通讯服务--电信服务--多元电信服务--非传统电信运营商,2025,,,,,,,,,,22406144635.9,,0.01243,441236300.09,-162717818.39,target_year,,,,,,,,,,SOE_target,0.020058,0.027825000000000003,23.832904,0.001396,0.373264,0.112123,0.325021,0.483047,0.105243,5.843483,0.063943,True,CSI_nonSOE,0.10609435875510181,0.020058,0.08603635875510182,1927743098.212993,1927743098.212993,1,0,,
601728.SH,中国电信,CSI,中央国有企业,通讯服务,电信服务,通讯服务--电信服务--多元电信服务--综合电信业务,2019,,,,,,,,,,703131000000.0,,0.034996324,20517000000.0,4090000000.0,target_year,,,,,,,,,,SOE_target,0.044832000000000004,0.058993000000000004,27.22061683,0.281395769,0.376451505,0.56942599,-0.280253308,0.715182203,0.481295845,0.281959679,0.126405299,True,CSI_nonSOE,0.032920001423434,0.044832000000000004,-0.011911998576566003,-8375695471.13943,0.0,0,2,"FirmSize_lag, CurrentRatio_lag",
601728.SH,中国电信,CSI,中央国有企业,通讯服务,电信服务,通讯服务--电信服务--多元电信服务--综合电信业务,2020,,,,,,,,,,715096000000.0,,0.033957678,20850000000.0,3433000000.0,target_year,,,,,,,,,,SOE_target,0.042642,0.058243,27.27880906,0.279955898,0.377325617,0.549916466,-0.272323365,0.667320883,0.495058531,0.276512218,0.118275257,True,CSI_nonSOE,0.030138297320555146,0.042642,-0.012503702679444853,-8941347771.260296,0.0,0,2,"FirmSize_lag, CurrentRatio_lag",
601728.SH,中国电信,CSI,中央国有企业,通讯服务,电信服务,通讯服务--电信服务--多元电信服务--综合电信业务,2021,,,,,,,,,,762234000000.0,,0.037195927,25948000000.0,2404000000.0,target_year,,,,,,,,,,SOE_target,0.047605,0.065514,27.29568264,0.282239071,0.375629725,0.555004241,-0.261679551,0.653101122,0.487935886,0.309859778,0.124414065,True,CSI_nonSOE,0.03141508641020972,0.047605,-0.01618991358979028,-12340502595.200203,0.0,0,2,"FirmSize_lag, CurrentRatio_lag",
601728.SH,中国电信,CSI,中央国有企业,通讯服务,电信服务,通讯服务--电信服务--多元电信服务--综合电信业务,2022,,,,,,,,,,807698000000.0,,0.036491362,27593000000.0,1881000000.0,target_year,,,,,,,,,,SOE_target,0.045591,0.064113,27.35951943,0.289178875,0.374126853,0.595062714,-0.180668928,0.613246064,0.434336437,0.48047323,0.111313586,True,CSI_nonSOE,0.04020947202453533,0.045591,-0.005381527975464671,-4346649382.726864,0.0,0,1,FirmSize_lag,
601728.SH,中国电信,CSI,中央国有企业,通讯服务,电信服务,通讯服务--电信服务--多元电信服务--综合电信业务,2023,,,,,,,,,,835814000000.0,,0.039472,30446000000.0,2545000000.0,target_year,,,,,,,,,,SOE_target,0.047923,0.06959,27.417454,0.291828,0.373379,0.613336,-0.174155,0.584879,0.459666,0.500722,0.111063,True,CSI_nonSOE,0.03736047197261806,0.047923,-0.010562528027381939,-8828308800.678207,0.0,0,1,FirmSize_lag,
601728.SH,中国电信,CSI,中央国有企业,通讯服务,电信服务,通讯服务--电信服务--多元电信服务--综合电信业务,2024,,,,,,,,,,866625000000.0,,0.040852,33012000000.0,2391000000.0,target_year,,,,,,,,,,SOE_target,0.049718,0.07374399999999999,27.451672,0.293337,0.374249,0.624943,-0.162205,0.5769,0.464992,0.553207,0.107519,True,CSI_nonSOE,0.03718971288172192,0.049718,-0.01252828711827808,-10857326823.87774,0.0,0,1,FirmSize_lag,
601728.SH,中国电信,CSI,中央国有企业,通讯服务,电信服务,通讯服务--电信服务--多元电信服务--综合电信业务,2025,,,,,,,,,,870644000000.0,,0.040475,33185000000.0,2054000000.0,target_year,,,,,,,,,,SOE_target,0.049398,0.07267699999999999,27.487872,0.29261,0.373264,0.621951,-0.158375,0.560658,0.473184,0.578175,0.103768,True,CSI_nonSOE,0.03546991741625366,0.049398,-0.013928082583746337,-12126401533.043245,0.0,0,1,FirmSize_lag,
601766.SH,中国中车,CSI,中央国有企业,工业,机械,工业--机械--机械Ⅲ--建筑机械与重型卡车,2019,,,,,,,,,,383572000000.0,,0.03370097,11794929000.0,1131836000.0,target_year,,,,,,,,,,SOE_target,0.04577200000000001,0.089237,26.60246567,0.380955658,0.247583643,0.585569598,0.110528546,0.182542147,0.581328737,1.209801974,0.025459091,True,CSI_nonSOE,0.053212384927244574,0.04577200000000001,0.007440384927244567,2853923327.313053,2853923327.313053,1,0,,
601766.SH,中国中车,CSI,中央国有企业,工业,机械,工业--机械--机械Ⅲ--建筑机械与重型卡车,2020,,,,,,,,,,392380000000.0,,0.031464678,11331053000.0,1015069000.0,target_year,,,,,,,,,,SOE_target,0.041803999999999994,0.081251,26.67279445,0.352429015,0.225950341,0.618033228,0.133092456,0.172195044,0.585923161,1.255043233,0.021025562,True,CSI_nonSOE,0.055433915863021425,0.041803999999999994,0.013629915863021431,5348106386.332349,5348106386.332349,1,0,,
601766.SH,中国中车,CSI,中央国有企业,工业,机械,工业--机械--机械Ⅲ--建筑机械与重型卡车,2021,,,,,,,,,,426826000000.0,,0.026980396,10302605000.0,1213343000.0,target_year,,,,,,,,,,SOE_target,0.034282,0.070664,26.69549753,0.297815831,0.195497669,0.586778024,0.13312163,0.169134836,0.568934692,1.264487033,0.019816213,True,CSI_nonSOE,0.05530916972021886,0.034282,0.021027169720218862,8974942743.002136,8974942743.002136,1,0,,
601766.SH,中国中车,CSI,中央国有企业,工业,机械,工业--机械--机械Ⅲ--建筑机械与重型卡车,2022,,,,,,,,,,442140000000.0,,0.028952752,11653448000.0,1147726000.0,target_year,,,,,,,,,,SOE_target,0.037285,0.076764,26.77964344,0.282626173,0.187780789,0.551098298,0.15070834,0.152206293,0.572914272,1.298419986,0.013838832,True,CSI_nonSOE,0.052449383973431705,0.037285,0.015164383973431707,6704780730.013095,6704780730.013095,1,0,,
601766.SH,中国中车,CSI,中央国有企业,工业,机械,工业--机械--机械Ⅲ--建筑机械与重型卡车,2023,,,,,,,,,,471791735000.0,,0.027342,11711576000.0,1188098000.0,target_year,,,,,,,,,,SOE_target,0.035874,0.07412,26.814893,0.300995,0.187488,0.513112,0.142605,0.146244,0.568042,1.277266,0.016776,True,CSI_nonSOE,0.05166514742453064,0.035874,0.015791147424530638,7450132841.060091,7450132841.060091,1,0,,
601766.SH,中国中车,CSI,中央国有企业,工业,机械,工业--机械--机械Ⅲ--建筑机械与重型卡车,2024,,,,,,,,,,512823630000.0,,0.02649,12387514000.0,1196993000.0,target_year,,,,,,,,,,SOE_target,0.03497,0.075133,26.879803,0.287662,0.188674,0.512645,0.136035,0.136917,0.583453,1.256302,0.017177,True,CSI_nonSOE,0.04809285012847555,0.03497,0.013122850128475548,6729707638.830797,6729707638.830797,1,0,,
601766.SH,中国中车,CSI,中央国有企业,工业,机械,工业--机械--机械Ⅲ--建筑机械与重型卡车,2025,,,,,,,,,,550774434000.0,,0.025916,13181015000.0,1092976000.0,target_year,,,,,,,,,,SOE_target,0.036116,0.077332,26.963198,0.292016,0.187309,0.500615,0.131796,0.135321,0.590123,1.242508,0.01986,True,CSI_nonSOE,0.04663607599503029,0.036116,0.010520075995030291,5794188901.799795,5794188901.799795,0,1,FirmSize_lag,
601800.SH,中国交建,CSI,中央国有企业,工业,建筑,工业--建筑--建筑与工程Ⅲ--建筑与工程Ⅳ,2019,,,,,,,,,,1120400000000.0,,0.030282042,20094000000.0,13834000000.0,target_year,,,,,,,,,,SOE_target,0.031488,0.094044,27.59069483,0.120098678,0.178025019,0.539853864,0.001700199,0.058684444,0.750454983,1.003403012,0.04009158,True,CSI_nonSOE,-0.013075947885102232,0.031488,-0.044563947885102234,-49929447210.468544,0.0,0,1,FirmSize_lag,
601800.SH,中国交建,CSI,中央国有企业,工业,建筑,工业--建筑--建筑与工程Ⅲ--建筑与工程Ⅳ,2020,,,,,,,,,,1304170000000.0,,0.02487101,16475000000.0,15961000000.0,target_year,,,,,,,,,,SOE_target,0.026902,0.06933600000000001,27.74470688,0.116983373,0.179054819,0.531066724,0.002457158,0.051295073,0.735470368,1.005233681,0.05686005,True,CSI_nonSOE,-0.012542827943756801,0.026902,-0.0394448279437568,-51442761259.4093,0.0,0,1,FirmSize_lag,
601800.SH,中国交建,CSI,中央国有企业,工业,建筑,工业--建筑--建筑与工程Ⅲ--建筑与工程Ⅳ,2021,,,,,,,,,,1390840000000.0,,0.026442351,18348000000.0,18429000000.0,target_year,,,,,,,,,,SOE_target,0.024939,0.072605,27.89658717,0.116770883,0.179498397,0.515138979,0.001371755,0.04680375,0.725645986,1.003070148,0.032097834,True,CSI_nonSOE,-0.012324748699021976,0.024939,-0.03726374869902198,-51827912240.54773,0.0,0,1,FirmSize_lag,
601800.SH,中国交建,CSI,中央国有企业,工业,建筑,工业--建筑--建筑与工程Ⅲ--建筑与工程Ⅳ,2022,,,,,,,,,,1511350000000.0,,0.02673967,20065000000.0,20348000000.0,target_year,,,,,,,,,,SOE_target,0.021932,0.073996,27.96092684,0.111111515,0.17910201,0.506565848,-0.022871839,0.044015222,0.718619795,0.946906982,0.026560985,True,CSI_nonSOE,-0.013955253812893864,0.021932,-0.035887253812893864,-54238201050.11714,0.0,0,1,FirmSize_lag,
601800.SH,中国交建,CSI,中央国有企业,工业,建筑,工业--建筑--建筑与工程Ⅲ--建筑与工程Ⅳ,2023,,,,,,,,,,1684262000000.0,,0.027634,24734000000.0,21809000000.0,target_year,,,,,,,,,,SOE_target,0.022187000000000002,0.084747,28.044024,0.105018,0.173049,0.494436,-0.029834,0.039797,0.718016,0.931822,0.022517,True,CSI_nonSOE,-0.01555387214573796,0.022187000000000002,-0.03774087214573796,-63565516801.924904,0.0,0,1,FirmSize_lag,
601800.SH,中国交建,CSI,中央国有企业,工业,建筑,工业--建筑--建筑与工程Ⅲ--建筑与工程Ⅳ,2024,,,,,,,,,,1858272000000.0,,0.024677,23854000000.0,22002000000.0,target_year,,,,,,,,,,SOE_target,0.019717,0.077554,28.152349,0.102851,0.176169,0.472927,-0.045148,0.04459,0.727403,0.900232,0.023113,True,CSI_nonSOE,-0.018821958118904497,0.019717,-0.038538958118904496,-71615866781.5329,0.0,0,1,FirmSize_lag,
601800.SH,中国交建,CSI,中央国有企业,工业,建筑,工业--建筑--建筑与工程Ⅲ--建筑与工程Ⅳ,2025,,,,,,,,,,2019132000000.0,,0.017665,14995000000.0,20673000000.0,target_year,,,,,,,,,,SOE_target,0.013065,0.048034,28.250668,0.10843,0.174423,0.433725,-0.042988,0.043066,0.748253,0.908054,0.014673,True,CSI_nonSOE,-0.022821068641796727,0.013065,-0.03588606864179673,-72458709548.84831,0.0,0,1,FirmSize_lag,
601808.SH,中海油服,CSI,中央国有企业,能源,石油石化,能源--石油石化--能源设备与服务--石油天然气钻井,2019,,,,,,,,,,76101838000.0,,0.046964858,2502238000.0,1071874000.0,target_year,,,,,,,,,,SOE_target,0.059375,0.07022400000000001,25.03657194,0.003993959,0.452070271,0.29468154,0.062900957,0.689987886,0.53569692,1.276166723,0.032541029,True,CSI_nonSOE,0.07524837782084973,0.059375,0.01587337782084973,1207993227.4350991,1207993227.4350991,1,0,,
601808.SH,中海油服,CSI,中央国有企业,能源,石油石化,能源--石油石化--能源设备与服务--石油天然气钻井,2020,,,,,,,,,,75942308000.0,,0.04729003,2703187000.0,888127000.0,target_year,,,,,,,,,,SOE_target,0.055210999999999996,0.071851,25.05533825,0.00538186,0.44417932,0.41217689,0.042059878,0.659880817,0.514988363,1.161423314,0.038244503,True,CSI_nonSOE,0.08244362905572927,0.055210999999999996,0.027232629055729277,2068108703.399942,2068108703.399942,1,0,,
601808.SH,中海油服,CSI,中央国有企业,能源,石油石化,能源--石油石化--能源设备与服务--石油天然气钻井,2021,,,,,,,,,,73311708000.0,,0.015423798,313176000.0,817569000.0,target_year,,,,,,,,,,SOE_target,0.023895,0.008183000000000001,25.05323978,0.006705584,0.429200271,0.380485744,0.124394771,0.617823335,0.490550011,1.55978126,0.054926774,True,CSI_nonSOE,0.08824450058831808,0.023895,0.06434950058831808,4717571797.076603,4717571797.076603,1,0,,
601808.SH,中海油服,CSI,中央国有企业,能源,石油石化,能源--石油石化--能源设备与服务--石油天然气钻井,2022,,,,,,,,,,77184090000.0,,0.040373955,2352625000.0,763602000.0,target_year,,,,,,,,,,SOE_target,0.04813,0.06082,25.01798616,0.005068244,0.425995256,0.390856873,0.04464467,0.590030695,0.478714505,1.14871269,0.050342709,True,CSI_nonSOE,0.08569151332242816,0.04813,0.037561513322428165,2899151224.8144946,2899151224.8144946,1,0,,
601808.SH,中海油服,CSI,中央国有企业,能源,石油石化,能源--石油石化--能源设备与服务--石油天然气钻井,2023,,,,,,,,,,83245834000.0,,0.047842,3013255000.0,969394000.0,target_year,,,,,,,,,,SOE_target,0.062721,0.074425,25.069459,0.00499,0.418201,0.473238,0.088332,0.571986,0.483079,1.320206,0.053665,True,CSI_nonSOE,0.09022106155720382,0.062721,0.027500061557203817,2289265559.3807707,2289265559.3807707,1,0,,
601808.SH,中海油服,CSI,中央国有企业,能源,石油石化,能源--石油石化--能源设备与服务--石油天然气钻井,2024,,,,,,,,,,82947663000.0,,0.04698,3136992000.0,759921000.0,target_year,,,,,,,,,,SOE_target,0.063888,0.073431,25.145064,0.006444,0.410755,0.549053,0.082953,0.587758,0.492394,1.295552,0.113805,True,CSI_nonSOE,0.09131203714123323,0.063888,0.027424037141233232,2274759790.8904977,2274759790.8904977,1,0,,
601808.SH,中海油服,CSI,中央国有企业,能源,石油石化,能源--石油石化--能源设备与服务--石油天然气钻井,2025,,,,,,,,,,84462835000.0,,0.053019,3841741000.0,636403000.0,target_year,,,,,,,,,,SOE_target,0.067563,0.085022,25.141476,0.007259,0.406814,0.580265,-0.011293,0.608334,0.464427,0.968357,0.072709,True,CSI_nonSOE,0.09159498042365047,0.067563,0.02403198042365047,2029809197.2460198,2029809197.2460198,1,0,,
601816.SH,京沪高铁,CSI,中央国有企业,工业,交通运输,工业--交通运输--铁路公路运输--铁路运输,2019,,,,,,,,,,185151000000.0,,0.070411296,11937249779.0,1099497717.0,target_year,,,,,,,,,,SOE_target,0.09175599999999999,0.07778,25.89209933,0.035751168,0.111099702,0.176202692,0.03661226,0.756071535,0.15671601,2.260657774,0.003739369,True,CSI_nonSOE,0.04240444039972613,0.09175599999999999,-0.04935155960027386,-9137490611.550306,0.0,0,1,FixedAssetsRatio_lag,
601816.SH,京沪高铁,CSI,中央国有企业,工业,交通运输,工业--交通运输--铁路公路运输--铁路运输,2020,,,,,,,,,,300863000000.0,,0.020521067,3228866109.0,2945170117.0,target_year,,,,,,,,,,SOE_target,0.016576,0.01886,25.94443952,0.03393513,0.108646931,0.182018151,0.028729308,0.705225269,0.142462742,1.968147265,0.002679892,True,CSI_nonSOE,0.04306234311802509,0.016576,0.026486343118025092,7968760649.518383,7968760649.518383,1,0,,
601816.SH,京沪高铁,CSI,中央国有企业,工业,交通运输,工业--交通运输--铁路公路运输--铁路运输,2021,,,,,,,,,,295252000000.0,,0.027510617,4815710298.0,3306861251.0,target_year,,,,,,,,,,SOE_target,0.020964,0.025997,26.42992188,0.031568495,0.123286456,0.103345912,-0.013321118,0.766537866,0.307049247,0.718920146,0.016708567,True,CSI_nonSOE,0.02232437034645622,0.020964,0.001360370346456221,401652065.5318922,401652065.5318922,0,1,FixedAssetsRatio_lag,
601816.SH,京沪高铁,CSI,中央国有企业,工业,交通运输,工业--交通运输--铁路公路运输--铁路运输,2022,,,,,,,,,,288545000000.0,,0.008071276,-576160740.5,2905087457.0,target_year,,,,,,,,,,SOE_target,-0.00358,-0.003107,26.41109593,0.026490794,0.15352339,0.097847091,0.000961479,0.767963413,0.285003369,1.031638177,0.011694701,True,CSI_nonSOE,0.024830875269972283,-0.00358,0.028410875269972283,8197816004.774153,8197816004.774153,0,1,FixedAssetsRatio_lag,
601816.SH,京沪高铁,CSI,中央国有企业,工业,交通运输,工业--交通运输--铁路公路运输--铁路运输,2023,,,,,,,,,,292219725586.82,,0.047604,11545536011.72,2365430963.91,target_year,,,,,,,,,,SOE_target,0.05272,0.060931,26.388117,0.016464,0.180808,0.066234,-0.011277,0.775856,0.281638,0.650237,0.003807,True,CSI_nonSOE,0.02488561743531681,0.05272,-0.027834382564683194,-8133755634.93029,0.0,0,2,"AssetTurnover_lag, FixedAssetsRatio_lag",
601816.SH,京沪高铁,CSI,中央国有企业,工业,交通运输,工业--交通运输--铁路公路运输--铁路运输,2024,,,,,,,,,,284662650232.54,,0.051136,12768289200.79,1788199149.18,target_year,,,,,,,,,,SOE_target,0.065529,0.064263,26.400772,0.033355,0.114556,0.139624,-0.001078,0.749455,0.254289,0.978628,0.0051,True,CSI_nonSOE,0.02895987435822084,0.065529,-0.036569125641779165,-10409864221.875591,0.0,0,1,FixedAssetsRatio_lag,
601816.SH,京沪高铁,CSI,中央国有企业,工业,交通运输,工业--交通运输--铁路公路运输--铁路运输,2025,,,,,,,,,,287938421202.66,,0.050637,13171912357.24,1408303112.44,target_year,,,,,,,,,,SOE_target,0.066649,0.064329,26.374571,0.030185,0.116886,0.145363,0.01349,0.753939,0.208718,1.470092,0.004145,True,CSI_nonSOE,0.03382916486325008,0.066649,-0.03281983513674992,-9450091513.407358,0.0,0,1,FixedAssetsRatio_lag,
601857.SH,中国石油,CSI,中央国有企业,能源,石油石化,能源--石油石化--石油天然气--综合性石油天然气,2019,,,,,,,,,,2732910000000.0,,0.027842483,45682000000.0,30409000000.0,target_year,,,,,,,,,,SOE_target,0.050334000000000004,0.037376,28.51984445,0.429492104,0.452070271,0.973184769,-0.063010378,0.701362844,0.420023139,0.738639736,0.113369179,True,CSI_nonSOE,0.11543674364368317,0.050334000000000004,0.06510274364368317,177919939131.25818,177919939131.25818,0,1,FirmSize_lag,
601857.SH,中国石油,CSI,中央国有企业,能源,石油石化,能源--石油石化--石油天然气--综合性石油天然气,2020,,,,,,,,,,2488130000000.0,,0.01830052,19006000000.0,26528000000.0,target_year,,,,,,,,,,SOE_target,0.030484,0.015545,28.63638809,0.435873044,0.44417932,0.9745302,-0.071171755,0.652500082,0.471513881,0.705926198,0.119565591,True,CSI_nonSOE,0.1087123734617118,0.030484,0.0782283734617118,194642362861.28897,194642362861.28897,0,1,FirmSize_lag,
601857.SH,中国石油,CSI,中央国有企业,能源,石油石化,能源--石油石化--石油天然气--综合性石油天然气,2021,,,,,,,,,,2502260000000.0,,0.044723135,92170000000.0,19739000000.0,target_year,,,,,,,,,,SOE_target,0.070118,0.07436899999999999,28.54255093,0.448309732,0.429200271,0.740786311,-0.047686894,0.583608306,0.450742848,0.80401805,0.103180868,True,CSI_nonSOE,0.09904421931203092,0.070118,0.028926219312030918,72380921535.72249,72380921535.72249,0,1,FirmSize_lag,
601857.SH,中国石油,CSI,中央国有企业,能源,石油石化,能源--石油石化--石油天然气--综合性石油天然气,2022,,,,,,,,,,2673490000000.0,,0.063936772,149380000000.0,21554000000.0,target_year,,,,,,,,,,SOE_target,0.08891199999999999,0.113472,28.54821624,0.454262894,0.425995256,1.047753802,-0.014914505,0.583190729,0.436961837,0.927975637,0.106129174,True,CSI_nonSOE,0.11879714833298688,0.08891199999999999,0.02988514833298689,79897645216.75711,79897645216.75711,0,1,FirmSize_lag,
601857.SH,中国石油,CSI,中央国有企业,能源,石油石化,能源--石油石化--石油天然气--综合性石油天然气,2023,,,,,,,,,,2752448000000.0,,0.067289,161146000000.0,24063000000.0,target_year,,,,,,,,,,SOE_target,0.093352,0.114471,28.614404,0.453855,0.418201,1.251671,-0.003889,0.558265,0.424776,0.983347,0.091729,True,CSI_nonSOE,0.13087490312320138,0.093352,0.037522903123201376,103279839655.64938,103279839655.64938,0,1,FirmSize_lag,
601857.SH,中国石油,CSI,中央国有企业,能源,石油石化,能源--石油石化--石油天然气--综合性石油天然气,2024,,,,,,,,,,2752751000000.0,,0.067356,164684000000.0,20731000000.0,target_year,,,,,,,,,,SOE_target,0.092073,0.111224,28.643512,0.440548,0.410755,1.10986,-0.011076,0.552914,0.407664,0.955752,0.10365,True,CSI_nonSOE,0.12487421621301473,0.092073,0.032801216213014725,90293580731.5925,90293580731.5925,0,1,FirmSize_lag,
601857.SH,中国石油,CSI,中央国有企业,能源,石油石化,能源--石油石化--石油天然气--综合性石油天然气,2025,,,,,,,,,,2827777000000.0,,0.061845,157318000000.0,17567000000.0,target_year,,,,,,,,,,SOE_target,0.08457,0.101464,28.643622,0.442325,0.406814,1.067348,-0.016882,0.570633,0.37894,0.92708,0.109945,True,CSI_nonSOE,0.1263680553005743,0.08457,0.04179805530057429,118195579423.69206,118195579423.69206,0,1,FirmSize_lag,
601868.SH,中国能建,CSI,中央国有企业,工业,建筑,工业--建筑--建筑与工程Ⅲ--建筑与工程Ⅳ,2019,,,,,,,,,,421670000000.0,,0.022373373,5078524000.0,4355663000.0,target_year,,,,,,,,,,SOE_target,0.040955000000000005,0.093375,26.68783575,0.055060571,0.178025019,0.611053387,0.080332028,0.089422698,0.755605049,1.138216335,0.041483933,True,CSI_nonSOE,-0.007875226320796541,0.040955000000000005,-0.048830226320796546,-20590241532.69028,0.0,1,0,,
601868.SH,中国能建,CSI,中央国有企业,工业,建筑,工业--建筑--建筑与工程Ⅲ--建筑与工程Ⅳ,2020,,,,,,,,,,476052000000.0,,0.017142067,4680285000.0,3480229000.0,target_year,,,,,,,,,,SOE_target,0.035304,0.073961,26.76748957,0.052356081,0.179054819,0.609800165,0.094137391,0.091607576,0.731329544,1.17643605,0.034060274,True,CSI_nonSOE,-0.005206026729145774,0.035304,-0.040510026729145776,-19284879244.463306,0.0,1,0,,
601868.SH,中国能建,CSI,中央国有企业,工业,建筑,工业--建筑--建筑与工程Ⅲ--建筑与工程Ⅳ,2021,,,,,,,,,,528863000000.0,,0.018656423,6504102000.0,3362582000.0,target_year,,,,,,,,,,SOE_target,0.031996000000000004,0.079994,26.88879274,0.050547082,0.179498397,0.602252363,0.076272281,0.086413832,0.710265092,1.143458048,0.031423462,True,CSI_nonSOE,-0.004487567726526628,0.031996000000000004,-0.03648356772652663,-19294809078.554054,0.0,1,0,,
601868.SH,中国能建,CSI,中央国有企业,工业,建筑,工业--建筑--建筑与工程Ⅲ--建筑与工程Ⅳ,2022,,,,,,,,,,664351000000.0,,0.020211219,7809343000.0,5618003000.0,target_year,,,,,,,,,,SOE_target,0.031312,0.07965,26.99399448,0.052466095,0.17910201,0.641484554,0.074525801,0.089604705,0.716875416,1.145695808,0.026553177,True,CSI_nonSOE,-0.003109351457137033,0.031312,-0.03442135145713703,-22867859261.900444,0.0,0,1,FirmSize_lag,
601868.SH,中国能建,CSI,中央国有企业,工业,建筑,工业--建筑--建筑与工程Ⅲ--建筑与工程Ⅳ,2023,,,,,,,,,,783156193000.0,,0.017731,7986116000.0,5899961000.0,target_year,,,,,,,,,,SOE_target,0.025701,0.075214,27.222077,0.05363,0.173049,0.614129,0.055987,0.089218,0.747895,1.108897,0.030079,True,CSI_nonSOE,-0.009450884217129363,0.025701,-0.035151884217129364,-27529415820.263817,0.0,0,1,FirmSize_lag,
601868.SH,中国能建,CSI,中央国有企业,工业,建筑,工业--建筑--建筑与工程Ⅲ--建筑与工程Ⅳ,2024,,,,,,,,,,869004776000.0,,0.017443,8396167000.0,6761837000.0,target_year,,,,,,,,,,SOE_target,0.024536,0.074146,27.386598,0.055265,0.176169,0.561008,0.01157,0.106064,0.759623,1.02173,0.039749,True,CSI_nonSOE,-0.014509364392669297,0.024536,-0.0390453643926693,-33930608137.88996,0.0,0,1,FirmSize_lag,
601868.SH,中国能建,CSI,中央国有企业,工业,建筑,工业--建筑--建筑与工程Ⅲ--建筑与工程Ⅳ,2025,,,,,,,,,,941597382000.0,,0.013588,5840294000.0,6954227000.0,target_year,,,,,,,,,,SOE_target,0.020983,0.049495,27.490614,0.061638,0.174423,0.528656,0.011594,0.127901,0.763144,1.023043,0.05238,True,CSI_nonSOE,-0.015103167465977119,0.020983,-0.03608616746597712,-33978640812.377632,0.0,0,1,FirmSize_lag,
601872.SH,招商轮船,CSI,中央国有企业,工业,交通运输,工业--交通运输--海上运输Ⅲ--海上运输Ⅳ,2019,,,,,,,,,,54817643675.0,,0.048220512,1612975362.0,1030359463.0,target_year,,,,,,,,,,SOE_target,0.048766,0.070773,24.63439951,0.012531131,0.111099702,0.248768239,-0.144937503,0.763285164,0.593101964,0.553060102,0.127231869,True,CSI_nonSOE,0.012177536060514568,0.048766,-0.03658846393948543,-2005693378.850299,0.0,0,1,FixedAssetsRatio_lag,
601872.SH,招商轮船,CSI,中央国有企业,工业,交通运输,工业--交通运输--海上运输Ⅲ--海上运输Ⅳ,2020,,,,,,,,,,58634669141.0,,0.056169586,2777489423.0,515995643.3,target_year,,,,,,,,,,SOE_target,0.06112599999999999,0.10917299999999999,24.72727794,0.015023484,0.108646931,0.277540098,0.025627368,0.720457705,0.530282788,1.131312613,0.07166024,True,CSI_nonSOE,0.030166836441399975,0.06112599999999999,-0.03095916355860002,-1815280312.1406162,0.0,1,0,,
601872.SH,招商轮船,CSI,中央国有企业,工业,交通运输,工业--交通运输--海上运输Ⅲ--海上运输Ⅳ,2021,,,,,,,,,,60135535611.0,,0.068015247,3609069039.0,481064278.5,target_year,,,,,,,,,,SOE_target,0.08123200000000001,0.138902,24.79459198,0.022698194,0.123286456,0.318322079,0.10278916,0.672902532,0.556505787,1.634599657,0.02325035,True,CSI_nonSOE,0.0321748207092538,0.08123200000000001,-0.04905717929074621,-2950079752.2138805,0.0,1,0,,
601872.SH,招商轮船,CSI,中央国有企业,工业,交通运输,工业--交通运输--海上运输Ⅲ--海上运输Ⅳ,2022,,,,,,,,,,65469954370.0,,0.084040716,5085887332.0,416254517.4,target_year,,,,,,,,,,SOE_target,0.101114,0.171097,24.81986678,0.022144272,0.15352339,0.41052282,0.037080611,0.637702484,0.552953965,1.153785552,0.040402073,True,CSI_nonSOE,0.03364471028994499,0.101114,-0.067469289710055,-4417211318.693611,0.0,1,0,,
601872.SH,招商轮船,CSI,中央国有企业,工业,交通运输,工业--交通运输--海上运输Ⅲ--海上运输Ⅳ,2023,,,,,,,,,,62394661514.41,,0.09434,4836966617.91,1049349709.81,target_year,,,,,,,,,,SOE_target,0.101106,0.138321,24.904857,0.025269,0.180808,0.472482,0.136669,0.633026,0.488315,1.997692,0.041179,True,CSI_nonSOE,0.047537979287331764,0.101106,-0.05356802071266824,-3342358520.3638387,0.0,1,0,,
601872.SH,招商轮船,CSI,中央国有企业,工业,交通运输,工业--交通运输--海上运输Ⅲ--海上运输Ⅳ,2024,,,,,,,,,,70619308351.63,,0.087285,5107447941.27,1056539123.01,target_year,,,,,,,,,,SOE_target,0.10538600000000001,0.132773,24.856746,0.021278,0.114556,0.404556,-0.023155,0.703197,0.401566,0.884669,0.071941,True,CSI_nonSOE,0.04715100053624438,0.10538600000000001,-0.05823499946375563,-4112515383.9879665,0.0,1,0,,
601872.SH,招商轮船,CSI,中央国有企业,工业,交通运输,工业--交通运输--海上运输Ⅲ--海上运输Ⅳ,2025,,,,,,,,,,82054880078.89,,0.087403,6012096267.97,1159711575.55,target_year,,,,,,,,,,SOE_target,0.10524800000000001,0.144784,24.980569,0.018482,0.116886,0.386011,-0.101025,0.665063,0.421558,0.592028,0.106915,True,CSI_nonSOE,0.035512581959916245,0.10524800000000001,-0.06973541804008376,-5722131364.530335,0.0,1,0,,
601888.SH,中国中免,CSI,中央国有企业,可选消费,可选消费零售,可选消费--可选消费零售--经销商Ⅲ--经销商Ⅳ,2019,,,,,,,,,,36080230000.0,,0.130492211,4497573000.0,210616000.0,target_year,,,,,,,,,,SOE_target,0.18617,0.249605,24.14778729,1.0,1.0,1.340804305,0.354696241,0.100572764,0.397675149,2.253891129,0.051508655,True,CSI_nonSOE,0.16028636521170436,0.18617,-0.02588363478829564,-933887496.3977079,0.0,0,2,"HHI_lag, MarketShare_lag",
601888.SH,中国中免,CSI,中央国有企业,可选消费,可选消费零售,可选消费--可选消费零售--经销商Ⅲ--经销商Ⅳ,2020,,,,,,,,,,45863816000.0,,0.13404953,5931348000.0,216675000.0,target_year,,,,,,,,,,SOE_target,0.231043,0.28396699999999997,24.30901091,1.0,1.0,1.437757186,0.377254053,0.075365096,0.369845314,2.431739667,0.042022238,True,CSI_nonSOE,0.16511448543510399,0.231043,-0.06592851456489601,-3023733261.1577106,0.0,0,2,"HHI_lag, MarketShare_lag",
601888.SH,中国中免,CSI,中央国有企业,可选消费,可选消费零售,可选消费--可选消费零售--经销商Ⅲ--经销商Ⅳ,2021,,,,,,,,,,55101329000.0,,0.180547587,9726557000.0,221855000.0,target_year,,,,,,,,,,SOE_target,0.29467,0.38020000000000004,24.54894232,1.0,1.0,1.283749328,0.313407218,0.076801765,0.438851403,1.866473287,0.026899681,True,CSI_nonSOE,0.1399808544928238,0.29467,-0.1546891455071762,-8523577499.319787,0.0,0,2,"HHI_lag, MarketShare_lag",
601888.SH,中国中免,CSI,中央国有企业,可选消费,可选消费零售,可选消费--可选消费零售--经销商Ⅲ--经销商Ⅳ,2022,,,,,,,,,,75618784000.0,,0.070196024,5113962000.0,194176000.0,target_year,,,,,,,,,,SOE_target,0.12078799999999999,0.131835,24.73243967,1.0,1.0,1.340571838,0.388476311,0.100419465,0.375350874,2.249147766,0.039106988,True,CSI_nonSOE,0.15111054702409674,0.12078799999999999,0.030322547024096744,2292954133.7450147,2292954133.7450147,0,2,"HHI_lag, MarketShare_lag",
601888.SH,中国中免,CSI,中央国有企业,可选消费,可选消费零售,可选消费--可选消费零售--经销商Ⅲ--经销商Ⅳ,2023,,,,,,,,,,78662313000.0,,0.090106,6790027000.0,297894000.0,target_year,,,,,,,,,,SOE_target,0.117281,0.133195,25.048971,1.0,1.0,0.832815,0.525335,0.110924,0.288026,3.272565,0.039612,True,CSI_nonSOE,0.1342592155153336,0.117281,0.0169782155153336,1335545703.0486279,1335545703.0486279,0,2,"HHI_lag, MarketShare_lag",
601888.SH,中国中免,CSI,中央国有企业,可选消费,可选消费零售,可选消费--可选消费零售--经销商Ⅲ--经销商Ⅳ,2024,,,,,,,,,,76108344000.0,,0.05947,4323643000.0,202501000.0,target_year,,,,,,,,,,SOE_target,0.083054,0.07961599999999999,25.08843,1.0,1.0,0.875546,0.548259,0.107205,0.250282,3.813539,0.022903,True,CSI_nonSOE,0.14005082100001717,0.083054,0.05699682100001717,4337933659.57573,4337933659.57573,0,2,"HHI_lag, MarketShare_lag",
601888.SH,中国中免,CSI,中央国有企业,可选消费,可选消费零售,可选消费--可选消费零售--经销商Ⅲ--经销商Ⅳ,2025,,,,,,,,,,74891423000.0,,0.051038,3643905000.0,178416000.0,target_year,,,,,,,,,,SOE_target,0.061806,0.066036,25.055424,1.0,1.0,0.729775,0.591149,0.107038,0.201187,5.101675,0.014702,True,CSI_nonSOE,0.13830085418665167,0.061806,0.07649485418665167,5728808482.215851,5728808482.215851,0,2,"HHI_lag, MarketShare_lag",
601898.SH,中煤能源,CSI,中央国有企业,能源,煤炭Ⅱ,能源--煤炭Ⅱ--煤炭Ⅲ--煤炭与消费用燃料,2019,,,,,,,,,,272469000000.0,,0.040662582,6197168000.0,4882121000.0,target_year,,,,,,,,,,SOE_target,0.066093,0.065577,26.30135748,0.199924039,0.3281903,0.40562245,-0.051643698,0.498581841,0.582205584,0.802290686,0.035635828,True,CSI_nonSOE,0.040904810827853105,0.066093,-0.025188189172146894,-6863000715.545692,0.0,1,0,,
601898.SH,中煤能源,CSI,中央国有企业,能源,煤炭Ⅱ,能源--煤炭Ⅱ--煤炭Ⅲ--煤炭与消费用燃料,2020,,,,,,,,,,281574000000.0,,0.035577161,5350726000.0,4666871000.0,target_year,,,,,,,,,,SOE_target,0.058464999999999996,0.054136,26.33079033,0.239282422,0.293470907,0.481509395,-0.105136963,0.477110854,0.569782391,0.657633162,0.040171693,True,CSI_nonSOE,0.045052863655937025,0.058464999999999996,-0.01341213634406297,-3776508878.9431868,0.0,1,0,,
601898.SH,中煤能源,CSI,中央国有企业,能源,煤炭Ⅱ,能源--煤炭Ⅱ--煤炭Ⅲ--煤炭与消费用燃料,2021,,,,,,,,,,321329000000.0,,0.058533792,14714915000.0,4093691000.0,target_year,,,,,,,,,,SOE_target,0.104012,0.13738799999999998,26.36366047,0.248811769,0.275297772,0.508846338,-0.02459337,0.474754771,0.560805759,0.899856996,0.036606113,True,CSI_nonSOE,0.05316158014264152,0.104012,-0.05085041985735848,-16339714562.345142,0.0,1,0,,
601898.SH,中煤能源,CSI,中央国有企业,能源,煤炭Ⅱ,能源--煤炭Ⅱ--煤炭Ⅲ--煤炭与消费用燃料,2022,,,,,,,,,,339616000000.0,,0.069420696,19719469000.0,3856932000.0,target_year,,,,,,,,,,SOE_target,0.11591,0.16159300000000001,26.49573143,0.26828346,0.269530745,0.766714926,0.053652331,0.400720788,0.557575067,1.196478782,0.032450595,True,CSI_nonSOE,0.07082362136080374,0.11591,-0.04508637863919626,-15312055567.929277,0.0,1,0,,
601898.SH,中煤能源,CSI,中央国有企业,能源,煤炭Ⅱ,能源--煤炭Ⅱ--煤炭Ⅲ--煤炭与消费用燃料,2023,,,,,,,,,,349155327000.0,,0.066585,20183598000.0,3064810000.0,target_year,,,,,,,,,,SOE_target,0.10643599999999999,0.147113,26.551082,0.229487,0.250024,0.645549,0.055689,0.37232,0.514808,1.180126,0.028727,True,CSI_nonSOE,0.06610280704464724,0.10643599999999999,-0.040333192955352745,-14082549175.280285,0.0,1,0,,
601898.SH,中煤能源,CSI,中央国有企业,能源,煤炭Ⅱ,能源--煤炭Ⅱ--煤炭Ⅲ--煤炭与消费用燃料,2024,,,,,,,,,,357794496000.0,,0.057829,18155988000.0,2534892000.0,target_year,,,,,,,,,,SOE_target,0.092524,0.122846,26.578783,0.216143,0.263234,0.539553,0.061607,0.365746,0.477243,1.219139,0.050336,True,CSI_nonSOE,0.0642242799639842,0.092524,-0.028299720036015802,-10125484067.227375,0.0,1,0,,
601898.SH,中煤能源,CSI,中央国有企业,能源,煤炭Ⅱ,能源--煤炭Ⅱ--煤炭Ⅲ--煤炭与消费用燃料,2025,,,,,,,,,,370517742000.0,,0.044927,14497092000.0,2149057000.0,target_year,,,,,,,,,,SOE_target,0.066686,0.092908,26.603225,0.211221,0.263097,0.514626,0.030435,0.393,0.463299,1.106577,0.050505,True,CSI_nonSOE,0.063252057919393,0.066686,-0.0034339420806069887,-1272336465.8652835,0.0,1,0,,
601899.SH,紫金矿业,CSI,地方国有企业,材料,有色金属,材料--有色金属--贵金属--黄金,2019,,,,,,,,,,123831000000.0,,0.050163348,4283957365.0,1927817536.0,target_year,,,,,,,,,,SOE_target,0.07092999999999999,0.093494,25.44958498,0.135006124,0.167062795,1.048438121,-0.060014627,0.349933684,0.581201238,0.818005224,0.069178863,True,CSI_nonSOE,0.09089355750619241,0.07092999999999999,0.019963557506192414,2472107289.549313,2472107289.549313,1,0,,
601899.SH,紫金矿业,CSI,地方国有企业,材料,有色金属,材料--有色金属--贵金属--黄金,2020,,,,,,,,,,182313000000.0,,0.046235297,6508553913.0,1920753386.0,target_year,,,,,,,,,,SOE_target,0.079348,0.120837,25.54218314,0.147075799,0.15478921,1.149911991,-0.038506206,0.359373782,0.539052237,0.857077928,0.096066464,True,CSI_nonSOE,0.10156093740807802,0.079348,0.022212937408078018,4049707257.678928,4049707257.678928,1,0,,
601899.SH,紫金矿业,CSI,地方国有企业,材料,有色金属,材料--有色金属--贵金属--黄金,2021,,,,,,,,,,208595000000.0,,0.0852602,15672870591.0,2111953389.0,target_year,,,,,,,,,,SOE_target,0.133764,0.24570799999999998,25.9289922,0.154732825,0.159708925,1.120395812,-0.042637039,0.349846763,0.590833682,0.834736234,0.076167844,True,CSI_nonSOE,0.08429363024712354,0.133764,-0.049470369752876456,-10319271778.601265,0.0,1,0,,
601899.SH,紫金矿业,CSI,地方国有企业,材料,有色金属,材料--有色金属--贵金属--黄金,2022,,,,,,,,,,306044000000.0,,0.075917288,20042045977.0,3191995016.0,target_year,,,,,,,,,,SOE_target,0.123702,0.25056100000000003,26.06365887,0.150787193,0.168216562,1.151690576,-0.015523729,0.355451102,0.55465225,0.935626067,0.096591957,True,CSI_nonSOE,0.09011505612376608,0.123702,-0.03358694387623393,-10279082651.658136,0.0,1,0,,
601899.SH,紫金矿业,CSI,地方国有企业,材料,有色金属,材料--有色金属--贵金属--黄金,2023,,,,,,,,,,343005706012.0,,0.075169,21119419571.0,4663911436.0,target_year,,,,,,,,,,SOE_target,0.104795,0.215012,26.446995,0.157798,0.153058,1.050558,0.027691,0.309148,0.593342,1.119075,0.081016,True,CSI_nonSOE,0.08161661515982417,0.104795,-0.023178384840175828,-7950318256.322348,0.0,1,0,,
601899.SH,紫金矿业,CSI,地方国有企业,材料,有色金属,材料--有色金属--贵金属--黄金,2024,,,,,,,,,,396610730026.0,,0.09228,32050602437.0,4548705755.0,target_year,,,,,,,,,,SOE_target,0.135342,0.25921299999999997,26.561013,0.169325,0.159476,0.904101,-0.019107,0.342247,0.596617,0.922147,0.088712,True,CSI_nonSOE,0.0726740215909612,0.135342,-0.06266797840903879,-24854792666.06248,0.0,1,0,,
601899.SH,紫金矿业,CSI,地方国有企业,材料,有色金属,材料--有色金属--贵金属--黄金,2025,,,,,,,,,,512005142450.0,,0.108807,51777327785.0,3932640491.0,target_year,,,,,,,,,,SOE_target,0.18064699999999997,0.318309,26.706221,0.169614,0.15747,0.821074,-0.002131,0.333734,0.551876,0.991529,0.062524,True,CSI_nonSOE,0.0746043678814485,0.18064699999999997,-0.10604263211855147,-54294372963.63189,0.0,1,0,,
601919.SH,中远海控,CSI,中央国有企业,工业,交通运输,工业--交通运输--海上运输Ⅲ--海上运输Ⅳ,2019,,,,,,,,,,262224000000.0,,0.046345211,6690106000.0,5462722000.0,target_year,,,,,,,,,,SOE_target,0.034775,0.229719,26.15324199,0.1381701,0.111099702,0.666100324,-0.126402542,0.505757923,0.752993999,0.675445454,0.08717098,True,CSI_nonSOE,-0.011564028905285989,0.034775,-0.04633902890528599,-12151205515.659714,0.0,1,0,,
601919.SH,中远海控,CSI,中央国有企业,工业,交通运输,工业--交通运输--海上运输Ⅲ--海上运输Ⅳ,2020,,,,,,,,,,271926000000.0,,0.051028303,9927098000.0,3948828000.0,target_year,,,,,,,,,,SOE_target,0.064635,0.250452,26.29246505,0.155552982,0.108646931,0.613990479,0.006206761,0.397290073,0.736388625,1.023095445,0.042264429,True,CSI_nonSOE,-0.006622276087215315,0.064635,-0.07125727608721531,-19376706057.29211,0.0,1,0,,
601919.SH,中远海控,CSI,中央国有企业,工业,交通运输,工业--交通运输--海上运输Ⅲ--海上运输Ⅳ,2021,,,,,,,,,,413668000000.0,,0.224550922,89296138000.0,3593411000.0,target_year,,,,,,,,,,SOE_target,0.380517,1.008949,26.32879608,0.215275282,0.123286456,0.641238606,-0.007594321,0.378170712,0.710593928,0.972104244,0.024524221,True,CSI_nonSOE,0.0009652640233040188,0.380517,-0.379551735976696,-157008407518.00787,0.0,1,0,,
601919.SH,中远海控,CSI,中央国有企业,工业,交通运输,工业--交通运输--海上运输Ⅲ--海上运输Ⅳ,2022,,,,,,,,,,511780000000.0,,0.221511332,109684000000.0,3680840000.0,target_year,,,,,,,,,,SOE_target,0.357707,0.657821,26.74832975,0.303105964,0.15352339,0.97344357,0.196168556,0.257317874,0.567623053,1.668671798,0.023085939,True,CSI_nonSOE,0.05086203121799894,0.357707,-0.30684496878200107,-157037118123.2525,0.0,1,0,,
601919.SH,中远海控,CSI,中央国有企业,工业,交通运输,工业--交通运输--海上运输Ⅲ--海上运输Ⅳ,2023,,,,,,,,,,462429381000.0,,0.059367,23860258000.0,3592746000.0,target_year,,,,,,,,,,SOE_target,0.059946,0.120355,26.96116,0.333016,0.180808,0.845123,0.198677,0.233535,0.504624,1.63763,0.0205,True,CSI_nonSOE,0.05144192378600282,0.059946,-0.00850407621399718,-3932534699.6155396,0.0,0,1,FirmSize_lag,
601919.SH,中远海控,CSI,中央国有企业,工业,交通运输,工业--交通运输--海上运输Ⅲ--海上运输Ⅳ,2024,,,,,,,,,,497472214000.0,,0.104992,49172465000.0,3058232000.0,target_year,,,,,,,,,,SOE_target,0.13303,0.228293,26.85976,0.144337,0.114556,0.360185,0.162486,0.280678,0.47404,1.590121,0.033131,True,CSI_nonSOE,0.01702529983804095,0.13303,-0.11600470016195906,-57709115023.97593,0.0,1,0,,
601919.SH,中远海控,CSI,中央国有企业,工业,交通运输,工业--交通运输--海上运输Ⅲ--海上运输Ⅳ,2025,,,,,,,,,,483758024000.0,,0.07002,30859651000.0,3013024000.0,target_year,,,,,,,,,,SOE_target,0.080724,0.13218,26.932806,0.16836,0.116886,0.487256,0.167499,0.303861,0.426986,1.678604,0.052262,True,CSI_nonSOE,0.03196407751063121,0.080724,-0.04875992248936879,-23588003753.85021,0.0,0,1,FirmSize_lag,
601985.SH,中国核电,CSI,中央国有企业,公用事业,公用事业Ⅱ,公用事业--公用事业Ⅱ--电力--电力公用事业,2019,,,,,,,,,,347639000000.0,,0.033423197,4612558850.0,7006645806.0,target_year,,,,,,,,,,SOE_target,0.051093,0.095614,26.50240634,0.065305579,0.148389593,0.123797436,-0.015956505,0.849558327,0.741652254,0.86858063,0.071637094,True,CSI_nonSOE,0.01750929852298118,0.051093,-0.03358370147701882,-11675004397.769346,0.0,0,1,FixedAssetsRatio_lag,
601985.SH,中国核电,CSI,中央国有企业,公用事业,公用事业Ⅱ,公用事业--公用事业Ⅱ--电力--电力公用事业,2020,,,,,,,,,,381746000000.0,,0.033938319,5995452045.0,6960364749.0,target_year,,,,,,,,,,SOE_target,0.036137999999999997,0.099496,26.57443023,0.067481903,0.143602423,0.135640693,-0.019129801,0.828426352,0.740297102,0.863979538,0.070616627,True,CSI_nonSOE,0.017606244334746696,0.036137999999999997,-0.0185317556652533,-7074423598.187786,0.0,0,1,FixedAssetsRatio_lag,
601985.SH,中国核电,CSI,中央国有企业,公用事业,公用事业Ⅱ,公用事业--公用事业Ⅱ--电力--电力公用事业,2021,,,,,,,,,,409621000000.0,,0.036396898,8038084942.0,6870862905.0,target_year,,,,,,,,,,SOE_target,0.04185,0.109671,26.66802123,0.067942863,0.126082379,0.141686299,-0.007015087,0.817627022,0.694850283,0.950978047,0.062692714,True,CSI_nonSOE,0.023752177019802284,0.04185,-0.018097822980197714,-7413248346.971568,0.0,0,1,FixedAssetsRatio_lag,
601985.SH,中国核电,CSI,中央国有企业,公用事业,公用事业Ⅱ,公用事业--公用事业Ⅱ--电力--电力公用事业,2022,,,,,,,,,,464620000000.0,,0.036921229,9009829595.0,8144511017.0,target_year,,,,,,,,,,SOE_target,0.044770000000000004,0.109367,26.73849912,0.066112516,0.130392082,0.155949917,-0.018961189,0.805403382,0.694160724,0.88155248,0.061331462,True,CSI_nonSOE,0.02308608964835393,0.044770000000000004,-0.021683910351646074,-10074778427.581799,0.0,0,1,FixedAssetsRatio_lag,
601985.SH,中国核电,CSI,中央国有企业,公用事业,公用事业Ⅱ,公用事业--公用事业Ⅱ--电力--电力公用事业,2023,,,,,,,,,,539267250476.02,,0.033241,10623826706.6,7301743750.68,target_year,,,,,,,,,,SOE_target,0.045784000000000005,0.11831200000000001,26.864486,0.064424,0.129341,0.161085,-0.017598,0.79749,0.681741,0.889415,0.108712,True,CSI_nonSOE,0.024393444838652426,0.045784000000000005,-0.02139055516134758,-11535225868.015549,0.0,0,1,FixedAssetsRatio_lag,
601985.SH,中国核电,CSI,中央国有企业,公用事业,公用事业Ⅱ,公用事业--公用事业Ⅱ--电力--电力公用事业,2024,,,,,,,,,,659739168841.27,,0.023677,8777342050.34,6843597272.48,target_year,,,,,,,,,,SOE_target,0.049053000000000006,0.087264,27.013477,0.064166,0.121904,0.147279,-0.05444,0.798297,0.698113,0.699198,0.124429,True,CSI_nonSOE,0.020252902745370116,0.049053000000000006,-0.02880009725462989,-19000552225.317265,0.0,0,2,"FirmSize_lag, FixedAssetsRatio_lag",
601985.SH,中国核电,CSI,中央国有企业,公用事业,公用事业Ⅱ,公用事业--公用事业Ⅱ--电力--电力公用事业,2025,,,,,,,,,,749261994107.31,,0.021539,9304211536.74,6834483614.48,target_year,,,,,,,,,,SOE_target,0.042759,0.081283,27.21511,0.066502,0.118327,0.127097,-0.026619,0.780601,0.68265,0.827394,0.137491,True,CSI_nonSOE,0.023844926836886146,0.042759,-0.018914073163113852,-14171596174.886242,0.0,0,2,"FirmSize_lag, FixedAssetsRatio_lag",
603019.SH,中科曙光,CSI,中央国有企业,信息技术,硬件设备,信息技术--硬件设备--电脑与外围设备--电脑硬件、储存设备及电脑周边,2019,,,,,,,,,,16769281027.0,,0.046053914,593633044.8,178657973.6,target_year,,,,,,,,,,SOE_target,0.058621999999999994,0.145814,23.30100268,0.0077991,0.161142974,0.775761243,0.22087728,0.104489626,0.692376064,1.556652795,0.048115164,True,CSI_nonSOE,0.08104868702867965,0.058621999999999994,0.022426687028679657,376079417.2885048,376079417.2885048,1,0,,
603019.SH,中科曙光,CSI,中央国有企业,信息技术,硬件设备,信息技术--硬件设备--电脑与外围设备--电脑硬件、储存设备及电脑周边,2020,,,,,,,,,,20963979137.0,,0.039996011,822381760.3,16093782.61,target_year,,,,,,,,,,SOE_target,0.055788000000000004,0.103103,23.54281454,0.007820415,0.145048886,0.634093523,0.239751642,0.097377554,0.724420087,1.686252249,0.044994331,True,CSI_nonSOE,0.06442176310076828,0.055788000000000004,0.008633763100768271,180998029.51830646,180998029.51830646,1,0,,
603019.SH,中科曙光,CSI,中央国有企业,信息技术,硬件设备,信息技术--硬件设备--电脑与外围设备--电脑硬件、储存设备及电脑周边,2021,,,,,,,,,,26121984763.0,,0.038917893,1157781112.0,-141168510.7,target_year,,,,,,,,,,SOE_target,0.06096599999999999,0.095297,23.76607152,0.0072491,0.129289002,0.536679608,0.5056888,0.074705179,0.429743553,3.876764347,0.026434258,True,CSI_nonSOE,0.10128514213245715,0.06096599999999999,0.04031914213245716,1053216016.4412773,1053216016.4412773,1,0,,
603019.SH,中科曙光,CSI,中央国有企业,信息技术,硬件设备,信息技术--硬件设备--电脑与外围设备--电脑硬件、储存设备及电脑周边,2022,,,,,,,,,,31810174007.0,,0.045421863,1544219003.0,-99341626.16,target_year,,,,,,,,,,SOE_target,0.06579,0.104033,23.98604312,0.006334817,0.108896372,0.47400165,0.420008992,0.077714723,0.499409101,2.965212884,0.062330355,True,CSI_nonSOE,0.08061367772822825,0.06579,0.014823677728228249,471543767.95863104,471543767.95863104,1,0,,
603019.SH,中科曙光,CSI,中央国有企业,信息技术,硬件设备,信息技术--硬件设备--电脑与外围设备--电脑硬件、储存设备及电脑周边,2023,,,,,,,,,,31615458539.32,,0.05553,1835900702.06,-80304736.43,target_year,,,,,,,,,,SOE_target,0.068714,0.10294600000000001,24.183052,0.006852,0.117158,0.447215,0.330217,0.078245,0.442298,2.663063,0.084412,True,CSI_nonSOE,0.0758854945006935,0.068714,0.007171494500693501,226730087.05163676,226730087.05163676,1,0,,
603019.SH,中科曙光,CSI,中央国有企业,信息技术,硬件设备,信息技术--硬件设备--电脑与外围设备--电脑硬件、储存设备及电脑周边,2024,,,,,,,,,,36617491563.87,,0.050742,1911152257.13,-53100633.56,target_year,,,,,,,,,,SOE_target,0.06714,0.09787699999999999,24.176912,0.007472,0.108206,0.45091,0.314399,0.090495,0.383821,2.992228,0.068542,True,CSI_nonSOE,0.08168647774793794,0.06714,0.014546477747937936,532655526.2191401,532655526.2191401,1,0,,
603019.SH,中科曙光,CSI,中央国有企业,信息技术,硬件设备,信息技术--硬件设备--电脑与外围设备--电脑硬件、储存设备及电脑周边,2025,,,,,,,,,,40953741117.01,,0.051483,2176292865.25,-67880099.25,target_year,,,,,,,,,,SOE_target,0.062329999999999997,0.102089,24.323792,0.005798,0.114376,0.383723,0.229408,0.098389,0.417578,2.503729,0.023476,True,CSI_nonSOE,0.06616940989070931,0.062329999999999997,0.003839409890709314,157238198.7061969,157238198.7061969,1,0,,
603369.SH,今世缘,CSI,地方国有企业,日常消费,食品饮料,日常消费--食品饮料--饮料--白酒与葡萄酒,2019,,,,,,,,,,10062294426.0,,0.144971709,1458097936.0,650083.33,target_year,,,,,,,,,,SOE_target,0.20241399999999998,0.21924700000000003,22.87359084,0.004647124,0.118716357,0.39261743,0.437826307,0.123350825,0.288617426,2.527404298,0.02385493,True,CSI_nonSOE,0.16593830158750875,0.20241399999999998,-0.036475698412491236,-367029216.8204676,0.0,1,0,,
603369.SH,今世缘,CSI,地方国有企业,日常消费,食品饮料,日常消费--食品饮料--饮料--白酒与葡萄酒,2020,,,,,,,,,,11851101844.0,,0.132767611,1566907818.0,6534659.97,target_year,,,,,,,,,,SOE_target,0.187577,0.202526,23.03206105,0.005205694,0.109737598,0.427747232,0.369028646,0.111611,0.283834551,2.336807766,0.014921261,True,CSI_nonSOE,0.15982115768467653,0.187577,-0.027755842315323465,-328937314.04490316,0.0,1,0,,
603369.SH,今世缘,CSI,地方国有企业,日常消费,食品饮料,日常消费--食品饮料--饮料--白酒与葡萄酒,2021,,,,,,,,,,14433697119.0,,0.136075632,2029127929.0,-65053472.68,target_year,,,,,,,,,,SOE_target,0.205399,0.23105,23.19568668,0.004661291,0.106852675,0.385834782,0.417382351,0.126780398,0.302399008,2.425192333,0.033352504,True,CSI_nonSOE,0.15488181981417948,0.205399,-0.05051718018582052,-729149678.1080816,0.0,1,0,,
603369.SH,今世缘,CSI,地方国有企业,日常消费,食品饮料,日常消费--食品饮料--饮料--白酒与葡萄酒,2022,,,,,,,,,,18183711058.0,,0.132137809,2502789291.0,-100033561.7,target_year,,,,,,,,,,SOE_target,0.204044,0.24583200000000002,23.39283139,0.005106391,0.106913309,0.403319474,0.343201835,0.13995768,0.355876741,1.99477757,0.039951176,True,CSI_nonSOE,0.14089120303231645,0.204044,-0.06315279696768356,-1148352212.5648963,0.0,1,0,,
603369.SH,今世缘,CSI,地方国有企业,日常消费,食品饮料,日常消费--食品饮料--饮料--白酒与葡萄酒,2023,,,,,,,,,,21630647731.29,,0.136515,3136042999.78,-183138913.29,target_year,,,,,,,,,,SOE_target,0.20906400000000003,0.257564,23.623792,0.005416,0.105461,0.405134,0.259668,0.163857,0.391503,1.680295,0.063079,True,CSI_nonSOE,0.12667398026348825,0.20906400000000003,-0.08239001973651178,-1782149493.4945168,0.0,1,0,,
603369.SH,今世缘,CSI,地方国有企业,日常消费,食品饮料,日常消费--食品饮料--饮料--白酒与葡萄酒,2024,,,,,,,,,,24221898385.69,,0.13537,3411925268.61,-133006465.89,target_year,,,,,,,,,,SOE_target,0.19253599999999998,0.23742999999999997,23.797377,0.006797,0.100594,0.432038,0.220588,0.229512,0.385741,1.585996,0.101447,True,CSI_nonSOE,0.12407973313876444,0.19253599999999998,-0.06845626686123554,-1658140739.776525,0.0,1,0,,
603369.SH,今世缘,CSI,地方国有企业,日常消费,食品饮料,日常消费--食品饮料--饮料--白酒与葡萄酒,2025,,,,,,,,,,25899040538.78,,0.097322,2603690665.79,-83151223.46,target_year,,,,,,,,,,SOE_target,0.134739,0.16264800000000001,23.910523,0.007719,0.097008,0.430028,0.229316,0.272964,0.361997,1.663303,0.074998,True,CSI_nonSOE,0.12600817548836948,0.134739,-0.008730824511630514,-226119977.96369275,0.0,1,0,,
688009.SH,中国通号,CSI,中央国有企业,工业,电气设备,工业--电气设备--电气设备Ⅲ--电气部件与设备,2019,,,,,,,,,,97512591304.0,,0.040378019,3815874901.0,121490364.0,target_year,,,,,,,,,,SOE_target,0.054669999999999996,0.108981,25.10126608,0.112768212,0.075162529,0.565471287,0.222678652,0.057931624,0.620072312,1.372498386,0.013432789,True,CSI_nonSOE,0.0651005579446204,0.054669999999999996,0.010430557944620403,1017110733.9264596,1017110733.9264596,1,0,,
688009.SH,中国通号,CSI,中央国有企业,工业,电气设备,工业--电气设备--电气设备Ⅲ--电气部件与设备,2020,,,,,,,,,,105328000000.0,,0.036664884,3819046319.0,42795594.41,target_year,,,,,,,,,,SOE_target,0.045983,0.091274,25.30324735,0.09638352,0.069863037,0.470071921,0.294788513,0.046045731,0.561854761,1.555377083,0.008409159,True,CSI_nonSOE,0.06526539170704532,0.045983,0.019282391707045314,2030975753.7196689,2030975753.7196689,1,0,,
688009.SH,中国通号,CSI,中央国有企业,工业,电气设备,工业--电气设备--电气设备Ⅲ--电气部件与设备,2021,,,,,,,,,,108943000000.0,,0.030924685,3274672689.0,94342569.44,target_year,,,,,,,,,,SOE_target,0.036272,0.07605100000000001,25.38034591,0.078313323,0.069189957,0.395625552,0.256343946,0.05340966,0.579434691,1.46497188,0.016604732,True,CSI_nonSOE,0.053753557461307486,0.036272,0.017481557461307487,1904493314.5072215,1904493314.5072215,1,0,,
688009.SH,中国通号,CSI,中央国有企业,工业,电气设备,工业--电气设备--电气设备Ⅲ--电气部件与设备,2022,,,,,,,,,,116807000000.0,,0.03205844,3633640259.0,110995320.5,target_year,,,,,,,,,,SOE_target,0.039245999999999996,0.081766,25.41408687,0.052156644,0.081262738,0.358035908,0.261945955,0.050393267,0.583529486,1.479651178,0.007981433,True,CSI_nonSOE,0.04885258710359367,0.039245999999999996,0.009606587103593675,1122116619.8094664,1122116619.8094664,1,0,,
688009.SH,中国通号,CSI,中央国有企业,工业,电气设备,工业--电气设备--电气设备Ⅲ--电气部件与设备,2023,,,,,,,,,,118990487731.74,,0.029868,3477326647.54,76697247.11,target_year,,,,,,,,,,SOE_target,0.036031,0.07548300000000001,25.483785,0.031068,0.108841,0.356176,0.232672,0.046851,0.595248,1.416564,0.006061,True,CSI_nonSOE,0.042177163962219044,0.036031,0.006146163962219044,731335047.5436877,731335047.5436877,1,0,,
688009.SH,中国通号,CSI,中央国有企业,工业,电气设备,工业--电气设备--电气设备Ⅲ--电气部件与设备,2024,,,,,,,,,,117890875515.13,,0.030092,3494725837.36,52849365.13,target_year,,,,,,,,,,SOE_target,0.036261999999999996,0.0737,25.502309,0.024756,0.112299,0.313848,0.220738,0.046415,0.589254,1.396501,0.00572,True,CSI_nonSOE,0.03898169636958629,0.036261999999999996,0.0027196963695862927,320627386.14584863,320627386.14584863,1,0,,
688009.SH,中国通号,CSI,中央国有企业,工业,电气设备,工业--电气设备--电气设备Ⅲ--电气部件与设备,2025,,,,,,,,,,118321690651.9,,0.031924,3686410571.89,90856906.74,target_year,,,,,,,,,,SOE_target,0.039783,0.075334,25.493025,0.023985,0.107313,0.274171,0.236504,0.048914,0.572182,1.440999,0.007286,True,CSI_nonSOE,0.0402037495560888,0.039783,0.00042074955608879805,49783798.81746301,49783798.81746301,1,0,,
688187.SH,时代电气,CSI,中央国有企业,工业,电气设备,工业--电气设备--电气设备Ⅲ--电气部件与设备,2019,,,,,,,,,,32985615356.0,,0.081390133,2659163867.0,25539769.0,target_year,,,,,,,,,,SOE_target,0.094467,0.127431,24.09175139,0.044315661,0.075162529,0.562382467,0.542306516,0.103897947,0.306910795,3.009164305,0.023124896,True,CSI_nonSOE,0.14222366401289688,0.094467,0.04775666401289688,1575282949.815144,1575282949.815144,1,0,,
688187.SH,时代电气,CSI,中央国有企业,工业,电气设备,工业--电气设备--电气设备Ⅲ--电气部件与设备,2020,,,,,,,,,,33865721258.0,,0.073569155,2475454606.0,16017904.0,target_year,,,,,,,,,,SOE_target,0.08407999999999999,0.108186,24.21933741,0.03773342,0.069863037,0.525771381,0.527282997,0.093215346,0.327092161,2.853868965,0.022752527,True,CSI_nonSOE,0.13329199204353437,0.08407999999999999,0.04921199204353438,1666599605.097249,1666599605.097249,1,0,,
688187.SH,时代电气,CSI,中央国有企业,工业,电气设备,工业--电气设备--电气设备Ⅲ--电气部件与设备,2021,,,,,,,,,,44150745227.0,,0.046177335,2017694796.0,21068951.0,target_year,,,,,,,,,,SOE_target,0.052518,0.071456,24.24566917,0.031294312,0.069189957,0.479688199,0.547696637,0.129781827,0.283653514,3.354619665,0.054779891,True,CSI_nonSOE,0.13603363252298634,0.052518,0.08351563252298633,3687277413.9941244,3687277413.9941244,1,0,,
688187.SH,时代电气,CSI,中央国有企业,工业,电气设备,工业--电气设备--电气设备Ⅲ--电气部件与设备,2022,,,,,,,,,,48509554784.0,,0.053119178,2555823375.0,20964320.0,target_year,,,,,,,,,,SOE_target,0.059538,0.076121,24.51087564,0.020560593,0.081262738,0.387640407,0.577379598,0.110659814,0.245932447,3.785604226,0.022060856,True,CSI_nonSOE,0.12882474166101102,0.059538,0.06928674166101101,3361068990.409669,3361068990.409669,1,0,,
688187.SH,时代电气,CSI,中央国有企业,工业,电气设备,工业--电气设备--电气设备Ⅲ--电气部件与设备,2023,,,,,,,,,,53404847387.0,,0.059038,3105703645.0,47187001.0,target_year,,,,,,,,,,SOE_target,0.061758,0.08699899999999999,24.605027,0.013936,0.108841,0.389245,0.510029,0.108352,0.272396,3.114295,0.019655,True,CSI_nonSOE,0.1201864229495006,0.061758,0.058428422949500604,3120361010.681168,3120361010.681168,1,0,,
688187.SH,时代电气,CSI,中央国有企业,工业,电气设备,工业--电气设备--电气设备Ⅲ--电气部件与设备,2024,,,,,,,,,,64802246319.0,,0.057745,3702585914.0,39387935.0,target_year,,,,,,,,,,SOE_target,0.06887800000000001,0.09446099999999999,24.701167,0.014584,0.112299,0.427789,0.450948,0.1216,0.293762,2.792924,0.05581,True,CSI_nonSOE,0.11437905393429695,0.06887800000000001,0.045501053934296945,2948570504.8244147,2948570504.8244147,1,0,,
688187.SH,时代电气,CSI,中央国有企业,工业,电气设备,工业--电气设备--电气设备Ⅲ--电气部件与设备,2025,,,,,,,,,,72084237098.0,,0.057194,4096540421.0,26238709.0,target_year,,,,,,,,,,SOE_target,0.06713,0.09752000000000001,24.894606,0.018398,0.107313,0.421446,0.427513,0.168321,0.309246,2.479153,0.053247,True,CSI_nonSOE,0.10845646195007197,0.06713,0.041326461950071974,2978986481.6304636,2978986481.6304636,1,0,,
688396.SH,华润微,CSI,中央国有企业,信息技术,半导体,信息技术--半导体--半导体产品--集成电路,2019,,,,,,,,,,10095287650.0,,0.044152013,400755536.4,44971740.09,target_year,,,,,,,,,,SOE_target,0.051093,,23.02505596,0.11049825,0.214515912,0.626810524,0.045280859,0.425249338,0.497621112,1.097219995,0.054485693,True,CSI_nonSOE,0.05210652936826835,0.051093,0.0010135293682683524,10231870.5143918,10231870.5143918,1,0,,
688396.SH,华润微,CSI,中央国有企业,信息技术,半导体,信息技术--半导体--半导体产品--集成电路,2020,,,,,,,,,,16532495767.0,,0.051034764,963661634.4,-119929609.6,target_year,,,,,,,,,,SOE_target,0.08154299999999999,0.12041299999999999,23.03533458,0.08050321,0.169245785,0.565193741,0.308438292,0.426422857,0.366949986,2.573627749,0.060653362,True,CSI_nonSOE,0.07648264587929753,0.08154299999999999,-0.005060354120702465,-83660283.08003451,0.0,1,0,,
688396.SH,华润微,CSI,中央国有企业,信息技术,半导体,信息技术--半导体--半导体产品--集成电路,2021,,,,,,,,,,22191209564.0,,0.095861013,2267920400.0,-140648576.5,target_year,,,,,,,,,,SOE_target,0.121587,0.162735,23.52859372,0.076520316,0.155238897,0.518895343,0.476678499,0.288458562,0.286207979,3.597830673,0.034637275,True,CSI_nonSOE,0.07599985449381494,0.121587,-0.04558714550618506,-1011633899.3523135,0.0,1,0,,
688396.SH,华润微,CSI,中央国有企业,信息技术,半导体,信息技术--半导体--半导体产品--集成电路,2022,,,,,,,,,,26457799587.0,,0.087533745,2617079980.0,-301129708.7,target_year,,,,,,,,,,SOE_target,0.10905300000000001,0.140437,23.82296208,0.074435868,0.127200785,0.473296709,0.467761071,0.225283176,0.211380859,3.407609318,0.057039825,True,CSI_nonSOE,0.07313191003953008,0.10905300000000001,-0.03592108996046993,-950392999.1207111,0.0,1,0,,
688396.SH,华润微,CSI,中央国有企业,信息技术,半导体,信息技术--半导体--半导体产品--集成电路,2023,,,,,,,,,,29215259820.18,,0.042254,1479265748.53,-244794478.16,target_year,,,,,,,,,,SOE_target,0.060594999999999996,0.071223,23.998817,0.071578,0.113252,0.409656,0.460362,0.239196,0.217785,3.725747,0.080692,True,CSI_nonSOE,0.06328189091657174,0.060594999999999996,0.0026868909165717464,78498216.23612516,78498216.23612516,1,0,,
688396.SH,华润微,CSI,中央国有企业,信息技术,半导体,信息技术--半导体--半导体产品--集成电路,2024,,,,,,,,,,29106829546.42,,0.021943,762459866.87,-123759891.25,target_year,,,,,,,,,,SOE_target,0.023006000000000002,0.034765000000000004,24.097957,0.068644,0.109637,0.35265,0.405247,0.250068,0.191161,3.774064,0.178145,True,CSI_nonSOE,0.05681936045997215,0.023006000000000002,0.033813360459972144,984199719.300067,984199719.300067,1,0,,
688396.SH,华润微,CSI,中央国有企业,信息技术,半导体,信息技术--半导体--半导体产品--集成电路,2025,,,,,,,,,,30589736143.75,,0.016086,660543164.52,-168487952.9,target_year,,,,,,,,,,SOE_target,0.018557,0.029171999999999997,24.094239,0.056819,0.111057,0.344124,0.316661,0.278279,0.165283,3.230072,0.053891,True,CSI_nonSOE,0.055444249821732815,0.018557,0.03688724982173282,1128371239.115396,1128371239.115396,1,0,,
000338.SZ,潍柴动力,CSI,地方国有企业,工业,机械,工业--机械--机械Ⅲ--建筑机械与重型卡车,2019,,,,,,,,,,236832000000.0,,0.043652595,9104955354.0,1233361936.0,target_year,,,,,,,,,,SOE_target,0.065675,0.21540600000000001,26.04762303,0.282812533,0.247583643,0.806533158,0.094937857,0.157359438,0.696704841,1.219918367,0.017944605,True,Pooled_H_plus_CSI_nonSOE,0.08905711848672909,0.065675,0.023382118486729095,5537633885.449025,5537633885.449025,1,0,,1.0
000338.SZ,潍柴动力,CSI,地方国有企业,工业,机械,工业--机械--机械Ⅲ--建筑机械与重型卡车,2020,,,,,,,,,,270750000000.0,,0.03821291,9207129174.0,1139022760.0,target_year,,,,,,,,,,SOE_target,0.049421999999999994,0.190967,26.19061549,0.268327209,0.225950341,0.788770512,0.085749984,0.133965754,0.705382629,1.191810837,0.022775325,True,Pooled_H_plus_CSI_nonSOE,0.0837464666595218,0.049421999999999994,0.03432446665952181,9293349348.06553,9293349348.06553,1,0,,1.0
000338.SZ,潍柴动力,CSI,地方国有企业,工业,机械,工业--机械--机械Ⅲ--建筑机械与重型卡车,2021,,,,,,,,,,277044000000.0,,0.037294307,9254488226.0,1077691525.0,target_year,,,,,,,,,,SOE_target,0.048954000000000004,0.151577,26.32446235,0.25835455,0.195497669,0.778164528,0.106379349,0.135804241,0.70292418,1.232815663,0.021294992,True,Pooled_H_plus_CSI_nonSOE,0.08560858258012337,0.048954000000000004,0.036654582580123364,10154932176.327698,10154932176.327698,1,0,,1.0
000338.SZ,潍柴动力,CSI,地方国有企业,工业,机械,工业--机械--机械Ⅲ--建筑机械与重型卡车,2022,,,,,,,,,,293666000000.0,,0.021474462,4905013042.0,1401308298.0,target_year,,,,,,,,,,SOE_target,0.017967999999999998,0.068082,26.34744371,0.254850756,0.187780789,0.743153385,0.163353204,0.141573837,0.628356843,1.392227376,0.021697149,True,Pooled_H_plus_CSI_nonSOE,0.10144437178328905,0.017967999999999998,0.08347637178328905,24514172196.111362,24514172196.111362,1,0,,1.0
000338.SZ,潍柴动力,CSI,地方国有企业,工业,机械,工业--机械--机械Ⅲ--建筑机械与重型卡车,2023,,,,,,,,,,334247213024.91,,0.037006,9013894024.19,3355408336.47,target_year,,,,,,,,,,SOE_target,0.0436,0.1182,26.405709,0.236485,0.187488,0.613823,0.165976,0.156214,0.645479,1.407052,0.022594,True,Pooled_H_plus_CSI_nonSOE,0.08808242139507427,0.0436,0.04448242139507427,14868125379.903204,14868125379.903204,1,0,,1.0
000338.SZ,潍柴动力,CSI,地方国有企业,工业,机械,工业--机械--机械Ⅲ--建筑机械与重型卡车,2024,,,,,,,,,,343879412547.54,,0.044369,11403288984.59,3854441561.78,target_year,,,,,,,,,,SOE_target,0.051303999999999995,0.137363,26.535147,0.262731,0.188674,0.681491,0.154706,0.154158,0.662867,1.353656,0.02154,True,Pooled_H_plus_CSI_nonSOE,0.09089737299719158,0.051303999999999995,0.03959337299719159,13615345847.049875,13615345847.049875,1,0,,1.0
000338.SZ,潍柴动力,CSI,地方国有企业,工业,机械,工业--机械--机械Ⅲ--建筑机械与重型卡车,2025,,,,,,,,,,367475596673.66,,0.039619,10930504451.02,3628593475.52,target_year,,,,,,,,,,SOE_target,0.045776000000000004,0.121527,26.563557,0.255562,0.187309,0.636136,0.086979,0.156461,0.645345,1.193169,0.021402,True,Pooled_H_plus_CSI_nonSOE,0.08890718429546961,0.045776000000000004,0.0431311842954696,15849657684.219284,15849657684.219284,1,0,,1.0
000408.SZ,藏格矿业,CSI,地方国有企业,材料,化工,材料--化工--农用化工--化肥与农用药剂,2019,,,,,,,,,,9643558999.0,,0.028576293,308259358.9,-32682195.98,target_year,,,,,,,,,,SOE_target,0.042816,0.040185000000000005,22.96242767,0.009303695,0.192081294,0.288100092,0.251399299,0.47683991,0.207795813,2.229038205,0.030171161,True,Pooled_H_plus_CSI_nonSOE,0.14900206334076202,0.042816,0.10618606334076203,1024011566.6981896,1024011566.6981896,1,0,,1.0
000408.SZ,藏格矿业,CSI,地方国有企业,材料,化工,材料--化工--农用化工--化肥与农用药剂,2020,,,,,,,,,,8677638571.0,,0.02458924,228887517.0,-15510979.86,target_year,,,,,,,,,,SOE_target,0.033561,0.028929999999999997,22.98955607,0.006921733,0.180537484,0.196181882,0.103305111,0.403406845,0.18011321,1.583993588,0.011820166,True,Pooled_H_plus_CSI_nonSOE,0.1446276413971644,0.033561,0.1110666413971644,963796171.3394592,963796171.3394592,1,0,,1.0
000408.SZ,藏格矿业,CSI,地方国有企业,材料,化工,材料--化工--农用化工--化肥与农用药剂,2021,,,,,,,,,,10624520306.0,,0.133385912,1427339931.0,-10178605.37,target_year,,,,,,,,,,SOE_target,0.17562,0.164337,22.88401527,0.005915643,0.203999831,0.192045977,0.179732617,0.415528525,0.087639638,3.123556858,0.009274747,True,Pooled_H_plus_CSI_nonSOE,0.14800751476340723,0.17562,-0.027612485236592765,-293369410.095305,0.0,1,0,,1.0
000408.SZ,藏格矿业,CSI,地方国有企业,材料,化工,材料--化工--农用化工--化肥与农用药剂,2022,,,,,,,,,,13536459913.0,,0.415613537,5654872861.0,-28936882.64,target_year,,,,,,,,,,SOE_target,0.5457569999999999,0.524145,23.0864304,0.006422482,0.197245037,0.352733449,0.144177782,0.304820178,0.110191234,2.373728083,0.005833331,True,Pooled_H_plus_CSI_nonSOE,0.1592442298026987,0.5457569999999999,-0.38651277019730124,-5232014619.63835,0.0,1,0,,1.0
000408.SZ,藏格矿业,CSI,地方国有企业,材料,化工,材料--化工--农用化工--化肥与农用药剂,2023,,,,,,,,,,14091584562.19,,0.241369,3419880869.14,-18613040.56,target_year,,,,,,,,,,SOE_target,0.279883,0.271619,23.328653,0.010818,0.212868,0.647059,0.261908,0.230172,0.104367,3.56622,0.009877,True,Pooled_H_plus_CSI_nonSOE,0.17117008089985633,0.279883,-0.10871291910014366,-1531937292.502195,0.0,1,0,,1.0
000408.SZ,藏格矿业,CSI,地方国有企业,材料,化工,材料--化工--农用化工--化肥与农用药剂,2024,,,,,,,,,,15083281912.76,,0.171245,2579985938.8,2947153.55,target_year,,,,,,,,,,SOE_target,0.18587800000000002,0.191658,23.368844,0.006021,0.215825,0.357037,0.156713,0.208682,0.073898,3.360255,0.022977,True,Pooled_H_plus_CSI_nonSOE,0.14350447540231187,0.18587800000000002,-0.042373524597688145,-639131817.1442006,0.0,1,0,,1.0
000408.SZ,藏格矿业,CSI,地方国有企业,材料,化工,材料--化工--农用化工--化肥与农用药剂,2025,,,,,,,,,,17692154203.25,,0.2181,3852353240.98,6312248.81,target_year,,,,,,,,,,SOE_target,0.247846,0.255897,23.436853,0.003488,0.213171,0.19862,0.083802,0.174457,0.081966,2.536757,0.009784,True,Pooled_H_plus_CSI_nonSOE,0.13619883122290188,0.247846,-0.11164716877709813,-1975278926.3606987,0.0,1,0,,1.0
000425.SZ,徐工机械,CSI,地方国有企业,工业,机械,工业--机械--机械Ⅲ--建筑机械与重型卡车,2019,,,,,,,,,,77291657089.0,,0.051322633,3620572465.0,346238850.7,target_year,,,,,,,,,,SOE_target,0.05873300000000001,0.114355,24.83822776,0.078480399,0.247583643,0.796135572,0.30446409,0.129199699,0.504643767,1.690507246,0.029202569,True,Pooled_H_plus_CSI_nonSOE,0.11222779860863702,0.05873300000000001,0.05349479860863701,4134701630.103886,4134701630.103886,1,0,,1.0
000425.SZ,徐工机械,CSI,地方国有企业,工业,机械,工业--机械--机械Ⅲ--建筑机械与重型卡车,2020,,,,,,,,,,91797176722.0,,0.049729124,3728859646.0,836133538.3,target_year,,,,,,,,,,SOE_target,0.060702,0.11150700000000001,25.07085186,0.090656285,0.225950341,0.850417672,0.304295183,0.108165675,0.564685381,1.637343394,0.030445106,True,Pooled_H_plus_CSI_nonSOE,0.10579863319557609,0.060702,0.04509663319557609,4139743607.0215096,4139743607.0215096,1,0,,1.0
000425.SZ,徐工机械,CSI,地方国有企业,工业,机械,工业--机械--机械Ⅲ--建筑机械与重型卡车,2021,,,,,,,,,,110029000000.0,,0.056573361,5614606146.0,610110237.7,target_year,,,,,,,,,,SOE_target,0.059959,0.160106,25.24284738,0.096405963,0.195497669,0.871666513,0.21018586,0.097334006,0.627759186,1.379569973,0.022362833,True,Pooled_H_plus_CSI_nonSOE,0.09444848711296999,0.059959,0.034489487112969994,3794843777.5529757,3794843777.5529757,1,0,,1.0
000425.SZ,徐工机械,CSI,地方国有企业,工业,机械,工业--机械--机械Ⅲ--建筑机械与重型卡车,2022,,,,,,,,,,175086000000.0,,0.023397377,4307097070.0,-210553267.2,target_year,,,,,,,,,,SOE_target,0.033686,0.096036,25.42401078,0.105236552,0.187780789,0.832912081,0.200299799,0.087174384,0.662187887,1.349125606,0.029744056,True,Pooled_H_plus_CSI_nonSOE,0.0847706848243852,0.033686,0.0510846848243852,8944213127.162306,8944213127.162306,1,0,,1.0
000425.SZ,徐工机械,CSI,地方国有企业,工业,机械,工业--机械--机械Ⅲ--建筑机械与重型卡车,2023,,,,,,,,,,161994607612.63,,0.037362,5326470288.96,726008158.72,target_year,,,,,,,,,,SOE_target,0.037995,0.097377,25.888541,0.126116,0.187488,0.655251,0.186019,0.124798,0.687841,1.337335,0.045609,True,Pooled_H_plus_CSI_nonSOE,0.07051655742549973,0.037995,0.032521557425499725,5268316934.095442,5268316934.095442,1,0,,1.0
000425.SZ,徐工机械,CSI,地方国有企业,工业,机械,工业--机械--机械Ⅲ--建筑机械与重型卡车,2024,,,,,,,,,,160969811609.42,,0.049144,5976118332.51,1934545872.81,target_year,,,,,,,,,,SOE_target,0.052740999999999996,0.10352399999999999,25.810829,0.113471,0.188674,0.548277,0.152436,0.157001,0.64513,1.285921,0.036833,True,Pooled_H_plus_CSI_nonSOE,0.07290364680079406,0.052740999999999996,0.020162646800794062,3245577457.0710955,3245577457.0710955,1,0,,1.0
000425.SZ,徐工机械,CSI,地方国有企业,工业,机械,工业--机械--机械Ⅲ--建筑机械与重型卡车,2025,,,,,,,,,,172078712755.41,,0.042356,6572221644.27,716429463.03,target_year,,,,,,,,,,SOE_target,0.047889,0.109748,25.804483,0.108112,0.187309,0.565044,0.175762,0.164311,0.624391,1.354563,0.018254,True,Pooled_H_plus_CSI_nonSOE,0.08161542527480706,0.047889,0.033726425274807056,5803599847.130323,5803599847.130323,1,0,,1.0
000568.SZ,泸州老窖,CSI,地方国有企业,日常消费,食品饮料,日常消费--食品饮料--饮料--白酒与葡萄酒,2019,,,,,,,,,,28919969078.0,,0.165338765,4641988857.0,139603113.8,target_year,,,,,,,,,,SOE_target,0.228967,0.25525400000000004,23.84143384,0.017142738,0.118716357,0.540578094,0.44587553,0.178256904,0.242456715,2.861142238,0.064962944,True,Pooled_H_plus_CSI_nonSOE,0.17945341026091033,0.228967,-0.049513589739089675,-1431931484.1952515,0.0,1,0,,1.0
000568.SZ,泸州老窖,CSI,地方国有企业,日常消费,食品饮料,日常消费--食品饮料--饮料--白酒与葡萄酒,2020,,,,,,,,,,35009203823.0,,0.167763823,6005723069.0,-132445202.7,target_year,,,,,,,,,,SOE_target,0.248369,0.282744,24.08779817,0.018063993,0.109737598,0.537257752,0.329414591,0.303398139,0.323832921,2.403646532,0.159240357,True,Pooled_H_plus_CSI_nonSOE,0.15836231026289668,0.248369,-0.09000668973710332,-3151062546.4397726,0.0,1,0,,1.0
000568.SZ,泸州老窖,CSI,地方国有企业,日常消费,食品饮料,日常消费--食品饮料--饮料--白酒与葡萄酒,2021,,,,,,,,,,43211782006.0,,0.179086999,7955554352.0,-216885999.2,target_year,,,,,,,,,,SOE_target,0.269773,0.31128,24.27887683,0.015909988,0.106852675,0.45141465,0.346826668,0.254154299,0.337834988,2.56721691,0.061238482,True,Pooled_H_plus_CSI_nonSOE,0.15852717437429786,0.269773,-0.11124582562570212,-4807130366.015328,0.0,1,0,,1.0
000568.SZ,泸州老窖,CSI,地方国有企业,日常消费,食品饮料,日常消费--食品饮料--饮料--白酒与葡萄酒,2022,,,,,,,,,,51385481355.0,,0.196145022,10365383282.0,-286376927.5,target_year,,,,,,,,,,SOE_target,0.292921,0.33303400000000005,24.48937903,0.017126059,0.106913309,0.454541962,0.36166986,0.216331324,0.3488521,2.42764762,0.04580695,True,Pooled_H_plus_CSI_nonSOE,0.15952997294971719,0.292921,-0.1333910270502828,-6854362133.416608,0.0,1,0,,1.0
000568.SZ,泸州老窖,CSI,地方国有企业,日常消费,食品饮料,日常消费--食品饮料--饮料--白酒与葡萄酒,2023,,,,,,,,,,63294455201.6,,0.203418,13246394700.59,-371152206.41,target_year,,,,,,,,,,SOE_target,0.310533,0.350437,24.662622,0.017707,0.105461,0.456665,0.445643,0.188035,0.331936,3.149763,0.020145,True,Pooled_H_plus_CSI_nonSOE,0.16340261774598774,0.310533,-0.14713038225401226,-9312537388.370863,0.0,1,0,,1.0
000568.SZ,泸州老窖,CSI,地方国有企业,日常消费,食品饮料,日常消费--食品饮料--饮料--白酒与葡萄酒,2024,,,,,,,,,,68334595564.58,,0.190013,13472986476.01,-488521059.32,target_year,,,,,,,,,,SOE_target,0.269193,0.303514,24.871064,0.020627,0.100594,0.455183,0.557514,0.163232,0.343833,4.503939,0.023724,True,Pooled_H_plus_CSI_nonSOE,0.15315721679564093,0.269193,-0.11603578320435909,-7929258316.289164,0.0,1,0,,1.0
000568.SZ,泸州老窖,CSI,地方国有企业,日常消费,食品饮料,日常消费--食品饮料--饮料--白酒与葡萄酒,2025,,,,,,,,,,64794994851.27,,0.159252,10830713936.14,-511995793.73,target_year,,,,,,,,,,SOE_target,0.212454,0.222926,24.947682,0.020702,0.097008,0.401773,0.535297,0.145444,0.304774,3.562096,0.01739,True,Pooled_H_plus_CSI_nonSOE,0.1661254450701548,0.212454,-0.046328554929845195,-3001858478.1460986,0.0,1,0,,1.0
000596.SZ,古井贡酒,CSI,地方国有企业,日常消费,食品饮料,日常消费--食品饮料--饮料--白酒与葡萄酒,2019,,,,,,,,,,13871297363.0,,0.1536396,2097527740.0,33652843.25,target_year,,,,,,,,,,SOE_target,0.210201,0.253537,23.24978844,0.011090336,0.118716357,0.65369115,0.377977266,0.148466803,0.358129813,2.099445101,0.024566017,True,Pooled_H_plus_CSI_nonSOE,0.16475818385379765,0.210201,-0.04544281614620235,-630350815.7761105,0.0,1,0,,1.0
000596.SZ,古井贡酒,CSI,地方国有企业,日常消费,食品饮料,日常消费--食品饮料--饮料--白酒与葡萄酒,2020,,,,,,,,,,15186625709.0,,0.104943641,1854576249.0,-260836456.1,target_year,,,,,,,,,,SOE_target,0.170269,0.195348,23.3530876,0.011516279,0.109737598,0.668964823,0.452659503,0.137446251,0.32002361,2.478278192,0.029725347,True,Pooled_H_plus_CSI_nonSOE,0.17447034238423104,0.170269,0.004201342384231033,63804214.26467436,63804214.26467436,1,0,,1.0
000596.SZ,古井贡酒,CSI,地方国有企业,日常消费,食品饮料,日常消费--食品饮料--饮料--白酒与葡萄酒,2021,,,,,,,,,,25418086448.0,,0.08237594,2297894413.0,-204055657.1,target_year,,,,,,,,,,SOE_target,0.156203,0.1729,23.44368099,0.009556143,0.106852675,0.596517194,0.463047649,0.13676234,0.311970217,2.566970606,0.03698101,True,Pooled_H_plus_CSI_nonSOE,0.1704267947696007,0.156203,0.0142237947696007,361541645.0723209,361541645.0723209,1,0,,1.0
000596.SZ,古井贡酒,CSI,地方国有企业,日常消费,食品饮料,日常消费--食品饮料--饮料--白酒与葡萄酒,2022,,,,,,,,,,29789822299.0,,0.098249854,3143144732.0,-216299053.1,target_year,,,,,,,,,,SOE_target,0.161951,0.17931,23.95872682,0.010826289,0.106913309,0.553532359,0.496127525,0.119922437,0.321236832,2.642086497,0.022745779,True,Pooled_H_plus_CSI_nonSOE,0.17067069157928658,0.161951,0.008719691579286565,259758062.64903343,259758062.64903343,1,0,,1.0
000596.SZ,古井贡酒,CSI,地方国有企业,日常消费,食品饮料,日常消费--食品饮料--饮料--白酒与葡萄酒,2023,,,,,,,,,,35420907274.99,,0.12498,4589164052.8,-162244024.88,target_year,,,,,,,,,,SOE_target,0.194206,0.229194,24.117433,0.011386,0.105461,0.503159,0.413555,0.17444,0.351025,2.230925,0.053046,True,Pooled_H_plus_CSI_nonSOE,0.16097885100097403,0.194206,-0.03322714899902596,-1176935763.7067752,0.0,1,0,,1.0
000596.SZ,古井贡酒,CSI,地方国有企业,日常消费,食品饮料,日常消费--食品饮料--饮料--白酒与葡萄酒,2024,,,,,,,,,,40522413702.09,,0.127545,5517251073.1,-348824206.45,target_year,,,,,,,,,,SOE_target,0.196114,0.238933,24.290568,0.013596,0.100594,0.527626,0.369823,0.211931,0.367202,2.055674,0.067221,True,Pooled_H_plus_CSI_nonSOE,0.16045316907474805,0.196114,-0.03566083092525196,-1445062943.7133448,0.0,1,0,,1.0
000596.SZ,古井贡酒,CSI,地方国有企业,日常消费,食品饮料,日常消费--食品饮料--饮料--白酒与葡萄酒,2025,,,,,,,,,,38197033001.78,,0.07919,3549108530.34,-524281825.11,target_year,,,,,,,,,,SOE_target,0.11585100000000001,0.14279999999999998,24.425121,0.015531,0.097008,0.522432,0.357908,0.220514,0.365936,2.013605,0.059903,True,Pooled_H_plus_CSI_nonSOE,0.1625695075828651,0.11585100000000001,0.04671850758286508,1784508375.9366066,1784508375.9366066,1,0,,1.0
000625.SZ,长安汽车,CSI,中央国有企业,可选消费,汽车与零配件,可选消费--汽车与零配件--汽车--汽车制造,2019,,,,,,,,,,97617053590.0,,-0.0267024,-2646719357.0,40109729.93,target_year,,,,,,,,,,SOE_target,-0.025617,-0.058638,25.26110806,0.042976766,0.376606004,0.641161065,0.000570269,0.294632963,0.506327012,1.001235261,0.069402175,True,Pooled_H_plus_CSI_nonSOE,0.07129935997159695,-0.025617,0.09691635997159695,9460689505.09511,9460689505.09511,1,0,,1.0
000625.SZ,长安汽车,CSI,中央国有企业,可选消费,汽车与零配件,可选消费--汽车与零配件--汽车--汽车制造,2020,,,,,,,,,,120916000000.0,,0.025753678,3324251164.0,-210224449.6,target_year,,,,,,,,,,SOE_target,0.021840000000000002,0.068233,25.30431804,0.048553106,0.369422071,0.712769049,0.003824706,0.293691446,0.54993447,1.007583405,0.049004987,True,Pooled_H_plus_CSI_nonSOE,0.07057392805131013,0.021840000000000002,0.04873392805131013,5892711644.252216,5892711644.252216,1,0,,1.0
000625.SZ,长安汽车,CSI,中央国有企业,可选消费,汽车与零配件,可选消费--汽车与零配件--汽车--汽车制造,2021,,,,,,,,,,135405000000.0,,0.020468578,3552463320.0,-780923197.2,target_year,,,,,,,,,,SOE_target,0.023718,0.065097,25.51836032,0.060899463,0.324255792,0.744393964,0.085155696,0.227305221,0.557706229,1.164501984,0.02448023,True,Pooled_H_plus_CSI_nonSOE,0.07788256076287385,0.023718,0.05416456076287385,7334152350.096933,7334152350.096933,1,0,,1.0
000625.SZ,长安汽车,CSI,中央国有企业,可选消费,汽车与零配件,可选消费--汽车与零配件--汽车--汽车制造,2022,,,,,,,,,,146049000000.0,,0.046430759,7798451094.0,-1017305743.0,target_year,,,,,,,,,,SOE_target,0.047546,0.131518,25.63153334,0.066552035,0.289774151,0.789398213,0.111028195,0.168281819,0.587412612,1.197534901,0.014842728,True,Pooled_H_plus_CSI_nonSOE,0.0763273564817929,0.047546,0.028781356481792898,4203488332.809371,4203488332.809371,1,0,,1.0
000625.SZ,长安汽车,CSI,中央国有企业,可选消费,汽车与零配件,可选消费--汽车与零配件--汽车--汽车制造,2023,,,,,,,,,,190171127138.27,,0.054846,11327463013.15,-897343739.8,target_year,,,,,,,,,,SOE_target,0.057652,0.168174,25.707205,0.065149,0.236564,0.832473,0.151505,0.141971,0.568987,1.276767,0.00962,True,Pooled_H_plus_CSI_nonSOE,0.08729269223280697,0.057652,0.02964069223280697,5636803851.071466,5636803851.071466,1,0,,1.0
000625.SZ,长安汽车,CSI,中央国有企业,可选消费,汽车与零配件,可选消费--汽车与零配件--汽车--汽车制造,2024,,,,,,,,,,208168160960.86,,0.030682,7321363897.24,-934377313.05,target_year,,,,,,,,,,SOE_target,0.029237000000000003,0.098651,25.97119,0.069643,0.222276,0.871688,0.145635,0.115204,0.607284,1.268265,0.01485,True,Pooled_H_plus_CSI_nonSOE,0.08089347375905351,0.029237000000000003,0.05165647375905351,10753233144.14509,10753233144.14509,1,0,,1.0
000625.SZ,长安汽车,CSI,中央国有企业,可选消费,汽车与零配件,可选消费--汽车与零配件--汽车--汽车制造,2025,,,,,,,,,,202961073175.76,,0.008243,4075223181.54,-2402254178.2,target_year,,,,,,,,,,SOE_target,0.007078999999999999,0.052954999999999995,26.061612,0.066776,0.204324,0.780152,0.110542,0.112265,0.620112,1.202997,0.023385,True,Pooled_H_plus_CSI_nonSOE,0.06990310559964999,0.007078999999999999,0.06282410559964999,12750847893.812235,12750847893.812235,1,0,,1.0
000630.SZ,铜陵有色,CSI,地方国有企业,材料,有色金属,材料--有色金属--其他金属与采矿--铜,2019,,,,,,,,,,47911462040.0,,0.034936129,830519538.9,843321498.5,target_year,,,,,,,,,,SOE_target,0.044438000000000005,0.045825,24.57311927,0.107375707,0.167062795,1.778891139,0.047947434,0.423232636,0.585335866,1.105669994,0.039954446,True,Pooled_H_plus_CSI_nonSOE,0.22726119961729083,0.044438000000000005,0.18282319961729082,8759326788.495173,8759326788.495173,1,0,,1.0
000630.SZ,铜陵有色,CSI,地方国有企业,材料,有色金属,材料--有色金属--其他金属与采矿--铜,2020,,,,,,,,,,52183190515.0,,0.0300009,865617570.2,699925112.8,target_year,,,,,,,,,,SOE_target,0.040757,0.046484,24.5926206,0.100133945,0.15478921,1.952838717,0.040641048,0.064143716,0.582373514,1.089014302,0.048908307,True,Pooled_H_plus_CSI_nonSOE,0.2116391558027768,0.040757,0.17088215580277683,8917176091.870216,8917176091.870216,1,0,,1.0
000630.SZ,铜陵有色,CSI,地方国有企业,材料,有色金属,材料--有色金属--其他金属与采矿--铜,2021,,,,,,,,,,50840423322.0,,0.073934839,3101437394.0,657441101.1,target_year,,,,,,,,,,SOE_target,0.087515,0.152663,24.67802626,0.089422838,0.159708925,1.980398677,0.062694728,0.395146684,0.604078218,1.133379498,0.029110604,True,Pooled_H_plus_CSI_nonSOE,0.23092169635791526,0.087515,0.14340669635791525,7290857150.045927,7290857150.045927,1,0,,1.0
000630.SZ,铜陵有色,CSI,地方国有企业,材料,有色金属,材料--有色金属--其他金属与采矿--铜,2022,,,,,,,,,,61435721001.0,,0.048847359,2730365503.0,270607202.3,target_year,,,,,,,,,,SOE_target,0.071308,0.116014,24.65195761,0.087482568,0.168216562,2.535307153,0.122679783,0.331032316,0.539754531,1.271506553,0.028018459,True,Pooled_H_plus_CSI_nonSOE,0.24209012576674777,0.071308,0.17078212576674778,10492123030.56361,10492123030.56361,1,0,,1.0
000630.SZ,铜陵有色,CSI,地方国有企业,材料,有色金属,材料--有色金属--其他金属与采矿--铜,2023,,,,,,,,,,78245124732.45,,0.044503,2699176213.13,782997513.28,target_year,,,,,,,,,,SOE_target,0.07719999999999999,0.09441000000000001,24.841257,0.070913,0.153058,2.163998,0.238003,0.307224,0.511933,1.604722,0.022351,True,Pooled_H_plus_CSI_nonSOE,0.251415891484311,0.07719999999999999,0.174215891484311,13631544159.564886,13631544159.564886,1,0,,1.0
000630.SZ,铜陵有色,CSI,地方国有企业,材料,有色金属,材料--有色金属--其他金属与采矿--铜,2024,,,,,,,,,,80944491696.95,,0.041541,2808595667.89,553908195.56,target_year,,,,,,,,,,SOE_target,0.076154,0.08549,25.083112,0.078795,0.159476,1.954958,0.220046,0.360623,0.495217,1.716717,0.035157,True,Pooled_H_plus_CSI_nonSOE,0.25658283125875303,0.076154,0.18042883125875303,14604720033.714527,14604720033.714527,1,0,,1.0
000630.SZ,铜陵有色,CSI,地方国有企业,材料,有色金属,材料--有色金属--其他金属与采矿--铜,2025,,,,,,,,,,100206269994.18,,0.026554,2415007111.01,245854206.4,target_year,,,,,,,,,,SOE_target,0.082262,0.068151,25.117029,0.0806,0.15747,1.812794,0.223788,0.367705,0.477954,1.762476,0.053808,True,Pooled_H_plus_CSI_nonSOE,0.25325524287862544,0.082262,0.17099324287862544,17134595063.075935,17134595063.075935,1,0,,1.0
000661.SZ,长春高新,CSI,地方国有企业,医疗保健,医药生物,医疗保健--医药生物--生物科技Ⅲ--生物科技Ⅳ,2019,,,,,,,,,,12721347980.0,,0.140094925,1775009197.0,7187092.75,target_year,,,,,,,,,,SOE_target,0.25021,0.265335,22.96536241,0.01666701,0.277672488,0.629372512,0.384823425,0.183556495,0.327952407,2.243198051,0.072832591,True,Pooled_H_plus_CSI_nonSOE,0.0629123608604161,0.25021,-0.1872976391395839,-2382678443.3271146,0.0,1,0,,1.0
000661.SZ,长春高新,CSI,地方国有企业,医疗保健,医药生物,医疗保健--医药生物--生物科技Ⅲ--生物科技Ⅳ,2020,,,,,,,,,,16844623212.0,,0.177002842,3046586145.0,-65039965.52,target_year,,,,,,,,,,SOE_target,0.264716,0.320434,23.26654736,0.019412895,0.276190471,0.652028363,0.434200445,0.186278313,0.307653964,2.717054693,0.066412897,True,Pooled_H_plus_CSI_nonSOE,0.07022184723673487,0.264716,-0.19449415276326515,-3276180720.23437,0.0,1,0,,1.0
000661.SZ,长春高新,CSI,地方国有企业,医疗保健,医药生物,医疗保健--医药生物--生物科技Ⅲ--生物科技Ⅳ,2021,,,,,,,,,,22515769521.0,,0.168378138,3757472953.0,33690395.89,target_year,,,,,,,,,,SOE_target,0.229995,0.294649,23.54729735,0.021158132,0.256105921,0.572269824,0.452061369,0.161954607,0.268417314,3.196037951,0.065130959,True,Pooled_H_plus_CSI_nonSOE,0.07104939086666988,0.229995,-0.1589456091333301,-3578782701.621013,0.0,1,0,,1.0
000661.SZ,长春高新,CSI,地方国有企业,医疗保健,医药生物,医疗保健--医药生物--生物科技Ⅲ--生物科技Ⅳ,2022,,,,,,,,,,26027589000.0,,0.160762835,4140524000.0,43745000.0,target_year,,,,,,,,,,SOE_target,0.19917300000000002,0.253845,23.83748177,0.022164402,0.230275265,0.539222704,0.455923984,0.189456247,0.234455712,3.719092909,0.099033871,True,Pooled_H_plus_CSI_nonSOE,0.07219690523383221,0.19917300000000002,-0.1269760947661678,-3304881607.3988667,0.0,1,0,,1.0
000661.SZ,长春高新,CSI,地方国有企业,医疗保健,医药生物,医疗保健--医药生物--生物科技Ⅲ--生物科技Ⅳ,2023,,,,,,,,,,30743650000.0,,0.148622,4532484000.0,36691000.0,target_year,,,,,,,,,,SOE_target,0.190234,0.22592600000000002,23.982423,0.023321,0.212266,0.520244,0.441385,0.215704,0.200643,4.014785,0.080347,True,Pooled_H_plus_CSI_nonSOE,0.08041230458080706,0.190234,-0.10982169541919293,-3376319766.3742704,0.0,1,0,,1.0
000661.SZ,长春高新,CSI,地方国有企业,医疗保健,医药生物,医疗保健--医药生物--生物科技Ⅲ--生物科技Ⅳ,2024,,,,,,,,,,31051118000.0,,0.084386,2583059000.0,37225000.0,target_year,,,,,,,,,,SOE_target,0.098578,0.11461299999999999,24.148949,0.024278,0.216978,0.513149,0.434749,0.220367,0.185775,3.785057,0.068203,True,Pooled_H_plus_CSI_nonSOE,0.08771404740000797,0.098578,-0.010863952599992024,-337337874.12875915,0.0,1,0,,1.0
000661.SZ,长春高新,CSI,地方国有企业,医疗保健,医药生物,医疗保健--医药生物--生物科技Ⅲ--生物科技Ⅳ,2025,,,,,,,,,,30080522676.54,,0.005032,154971452.8,-3597720.1,target_year,,,,,,,,,,SOE_target,-0.000103,0.006886,24.158901,0.022221,0.230555,0.435818,0.413877,0.296122,0.159372,4.758913,0.070244,True,Pooled_H_plus_CSI_nonSOE,0.08077215539220435,-0.000103,0.08087515539220436,2432766945.7438993,2432766945.7438993,1,0,,1.0
000708.SZ,中信特钢,CSI,中央国有企业,材料,钢铁Ⅱ,材料--钢铁Ⅱ--钢铁Ⅲ--钢铁Ⅳ,2019,,,,,,,,,,72585012817.0,,0.083513444,5386471751.0,675352668.3,target_year,,,,,,,,,,SOE_target,0.176222,0.363352,22.76161251,0.032712966,0.659924097,1.755051415,0.268473152,0.301352839,0.426450625,1.656608326,0.006238616,True,Pooled_H_plus_CSI_nonSOE,0.20334127607741762,0.176222,0.027119276077417626,1968453001.6671197,1968453001.6671197,1,0,,1.0
000708.SZ,中信特钢,CSI,中央国有企业,材料,钢铁Ⅱ,材料--钢铁Ⅱ--钢铁Ⅲ--钢铁Ⅳ,2020,,,,,,,,,,77440955872.0,,0.081567321,6024490435.0,292160864.1,target_year,,,,,,,,,,SOE_target,0.100046,0.224814,25.0080243,0.169549802,0.517023931,1.795776839,-0.115890571,0.502585806,0.651765819,0.777849873,0.033710624,True,Pooled_H_plus_CSI_nonSOE,0.18728627019909336,0.100046,0.08724027019909336,6755969914.749346,6755969914.749346,1,0,,1.0
000708.SZ,中信特钢,CSI,中央国有企业,材料,钢铁Ⅱ,材料--钢铁Ⅱ--钢铁Ⅲ--钢铁Ⅳ,2021,,,,,,,,,,84876296225.0,,0.099292685,7952600073.0,474995237.4,target_year,,,,,,,,,,SOE_target,0.117103,0.260083,25.07278162,0.17881253,0.51422962,0.990041735,-0.075179664,0.500365298,0.633460502,0.845073368,0.040993194,True,Pooled_H_plus_CSI_nonSOE,0.13636327289144504,0.117103,0.019260272891445038,1634740627.3086262,1634740627.3086262,1,0,,1.0
000708.SZ,中信特钢,CSI,中央国有企业,材料,钢铁Ⅱ,材料--钢铁Ⅱ--钢铁Ⅲ--钢铁Ⅳ,2022,,,,,,,,,,90774617316.0,,0.084181709,7105382184.0,536180238.7,target_year,,,,,,,,,,SOE_target,0.10000999999999999,0.205711,25.16446069,0.177590042,0.499605416,1.192303635,-0.066566956,0.509734388,0.611580087,0.854053661,0.029734147,True,Pooled_H_plus_CSI_nonSOE,0.15908521053617158,0.10000999999999999,0.059075210536171596,5362529629.283108,5362529629.283108,1,0,,1.0
000708.SZ,中信特钢,CSI,中央国有企业,材料,钢铁Ⅱ,材料--钢铁Ⅱ--钢铁Ⅲ--钢铁Ⅳ,2023,,,,,,,,,,116506605547.44,,0.05531,5721189483.5,722748724.28,target_year,,,,,,,,,,SOE_target,0.063282,0.152797,25.231646,0.182756,0.520062,1.113146,0.001558,0.489854,0.598595,1.00377,0.019696,True,Pooled_H_plus_CSI_nonSOE,0.15831136791822512,0.063282,0.09502936791822511,11071549083.471203,11071549083.471203,1,0,,1.0
000708.SZ,中信特钢,CSI,中央国有企业,材料,钢铁Ⅱ,材料--钢铁Ⅱ--钢铁Ⅲ--钢铁Ⅳ,2024,,,,,,,,,,111043379345.44,,0.053478,5125627037.63,812782921.61,target_year,,,,,,,,,,SOE_target,0.052064000000000006,0.128882,25.481214,0.215568,0.490176,1.092959,0.014667,0.464756,0.642643,1.034493,0.017144,True,Pooled_H_plus_CSI_nonSOE,0.15236454556166526,0.052064000000000006,0.10030054556166526,11137711529.358583,11137711529.358583,1,0,,1.0
000708.SZ,中信特钢,CSI,中央国有企业,材料,钢铁Ⅱ,材料--钢铁Ⅱ--钢铁Ⅲ--钢铁Ⅳ,2025,,,,,,,,,,110322568610.71,,0.060174,5928668055.97,709860550.13,target_year,,,,,,,,,,SOE_target,0.071372,0.140293,25.433187,0.218923,0.484294,0.954379,0.047169,0.470685,0.605304,1.124346,0.004975,True,Pooled_H_plus_CSI_nonSOE,0.15376776901556288,0.071372,0.08239576901556288,9090112880.451649,9090112880.451649,1,0,,1.0
000725.SZ,京东方A,CSI,地方国有企业,信息技术,硬件设备,信息技术--硬件设备--电子设备、仪器和元件--电子元件,2019,,,,,,,,,,340412000000.0,,0.013054115,1918643871.0,2525136209.0,target_year,,,,,,,,,,SOE_target,0.006793,0.02121,26.44038726,0.083290852,0.161142974,0.34395235,0.123225909,0.607117725,0.604124939,1.602046183,0.179327091,True,Pooled_H_plus_CSI_nonSOE,0.0770071539485849,0.006793,0.0702141539485849,23901740573.945686,23901740573.945686,1,0,,1.0
000725.SZ,京东方A,CSI,地方国有企业,信息技术,硬件设备,信息技术--硬件设备--电子设备、仪器和元件--电子元件,2020,,,,,,,,,,424257000000.0,,0.018115872,5035627952.0,2650153972.0,target_year,,,,,,,,,,SOE_target,0.015936,0.050779,26.55342308,0.094918529,0.145048886,0.357514634,0.076584666,0.626190901,0.585626791,1.33262216,0.145164883,True,Pooled_H_plus_CSI_nonSOE,0.08793288579808328,0.015936,0.07199688579808328,30545182778.03742,30545182778.03742,1,0,,1.0
000725.SZ,京东方A,CSI,地方国有企业,信息技术,硬件设备,信息技术--硬件设备--电子设备、仪器和元件--电子元件,2021,,,,,,,,,,450233000000.0,,0.068181899,25830935500.0,4866778333.0,target_year,,,,,,,,,,SOE_target,0.087905,0.209698,26.77360478,0.096274649,0.129289002,0.351717326,0.056631111,0.630378658,0.591290624,1.228909006,0.104218327,True,Pooled_H_plus_CSI_nonSOE,0.09216503903161649,0.087905,0.004260039031616494,1918010153.321789,1918010153.321789,0,1,FirmSize_lag,1.0
000725.SZ,京东方A,CSI,地方国有企业,信息技术,硬件设备,信息技术--硬件设备--电子设备、仪器和元件--电子元件,2022,,,,,,,,,,420562000000.0,,0.026448149,7550877790.0,3572211438.0,target_year,,,,,,,,,,SOE_target,0.004916,0.054093999999999996,26.83303018,0.123686202,0.108896372,0.498314997,0.128549125,0.57579366,0.517185639,1.559942897,0.079225595,True,Pooled_H_plus_CSI_nonSOE,0.1256271133321587,0.004916,0.1207111133321587,50766507245.199326,50766507245.199326,0,1,FirmSize_lag,1.0
000725.SZ,京东方A,CSI,地方国有企业,信息技术,硬件设备,信息技术--硬件设备--电子设备、仪器和元件--电子元件,2023,,,,,,,,,,419187099795.0,,0.008821,2547435360.0,1150310546.0,target_year,,,,,,,,,,SOE_target,0.004366,0.019188,26.764858,0.093694,0.117158,0.406843,0.134489,0.592952,0.519571,1.660217,0.069902,True,Pooled_H_plus_CSI_nonSOE,0.11637562661524807,0.004366,0.11200962661524808,46952990529.96668,46952990529.96668,0,1,FirmSize_lag,1.0
000725.SZ,京东方A,CSI,地方国有企业,信息技术,硬件设备,信息技术--硬件设备--电子设备、仪器和元件--电子元件,2024,,,,,,,,,,429978221541.0,,0.015228,5323248974.0,1224387370.0,target_year,,,,,,,,,,SOE_target,0.014862,0.040579000000000004,26.761583,0.090613,0.108206,0.413005,0.126493,0.572636,0.528137,1.588068,0.059181,True,Pooled_H_plus_CSI_nonSOE,0.11680367974113481,0.014862,0.10194167974113481,43832702155.99534,43832702155.99534,0,1,FirmSize_lag,1.0
000725.SZ,京东方A,CSI,地方国有企业,信息技术,硬件设备,信息技术--硬件设备--电子设备、仪器和元件--电子元件,2025,,,,,,,,,,436378322803.0,,0.017631,5856966754.0,1836646802.0,target_year,,,,,,,,,,SOE_target,0.020478999999999997,0.043803999999999996,26.787,0.087283,0.114376,0.464184,0.065413,0.546687,0.524287,1.244021,0.079162,True,Pooled_H_plus_CSI_nonSOE,0.1173561156612109,0.020478999999999997,0.0968771156612109,42275073250.23146,42275073250.23146,0,1,FirmSize_lag,1.0
000768.SZ,中航西飞,CSI,中央国有企业,工业,国防军工,工业--国防军工--航空航天与国防Ⅲ--航空航天,2019,,,,,,,,,,48762673248.0,,0.012683797,568852605.8,49643225.99,target_year,,,,,,,,,,SOE_target,0.013455,0.034902,24.59232877,0.388396049,0.285442207,0.753242655,0.236234078,0.115521522,0.596783173,1.405193657,0.017350223,True,Pooled_H_plus_CSI_nonSOE,0.08454301607381973,0.013455,0.07108801607381973,3466441699.6562433,3466441699.6562433,1,0,,1.0
000768.SZ,中航西飞,CSI,中央国有企业,工业,国防军工,工业--国防军工--航空航天与国防Ⅲ--航空航天,2020,,,,,,,,,,58460327428.0,,0.012833044,777376665.7,-27152717.86,target_year,,,,,,,,,,SOE_target,0.018278000000000003,0.048807,24.61023096,0.366640164,0.279462147,0.708764482,0.205304523,0.096630721,0.659529328,1.32864265,0.014818499,True,Pooled_H_plus_CSI_nonSOE,0.06638377471627392,0.018278000000000003,0.04810577471627392,2812279341.090977,2812279341.090977,1,0,,1.0
000768.SZ,中航西飞,CSI,中央国有企业,工业,国防军工,工业--国防军工--航空航天与国防Ⅲ--航空航天,2021,,,,,,,,,,71989049045.0,,0.009441759,652910969.4,26792284.69,target_year,,,,,,,,,,SOE_target,0.012112000000000001,0.042059,24.7916142,0.332759455,0.273615357,0.622793812,0.084209641,0.168720078,0.738183945,1.129117964,0.018325985,True,Pooled_H_plus_CSI_nonSOE,0.04410351432627316,0.012112000000000001,0.03199151432627316,2303038693.8578987,2303038693.8578987,1,0,,1.0
000768.SZ,中航西飞,CSI,中央国有企业,工业,国防军工,工业--国防军工--航空航天与国防Ⅲ--航空航天,2022,,,,,,,,,,82173551967.0,,0.004895149,523352485.0,-121100735.1,target_year,,,,,,,,,,SOE_target,0.007887,0.032837,24.99977985,0.287896095,0.271325141,0.499998192,0.051283057,0.131025938,0.781332402,1.06932487,0.009251516,True,Pooled_H_plus_CSI_nonSOE,0.022144140801470147,0.007887,0.014257140801470147,1171559900.5504432,1171559900.5504432,1,0,,1.0
000768.SZ,中航西飞,CSI,中央国有企业,工业,国防军工,工业--国防军工--航空航天与国防Ⅲ--航空航天,2023,,,,,,,,,,80920781039.43,,0.007502,860970264.62,-253872238.01,target_year,,,,,,,,,,SOE_target,0.012524,0.048262,25.132099,0.286581,0.272876,0.482254,0.039442,0.108782,0.803657,1.050589,0.010648,True,Pooled_H_plus_CSI_nonSOE,0.014655640258579093,0.012524,0.002131640258579093,172493994.6193127,172493994.6193127,1,0,,1.0
000768.SZ,中航西飞,CSI,中央国有企业,工业,国防军工,工业--国防军工--航空航天与国防Ⅲ--航空航天,2024,,,,,,,,,,73810707203.02,,0.012074,1023435524.55,-132241221.51,target_year,,,,,,,,,,SOE_target,0.01374,0.050454,25.116737,0.247662,0.247277,0.490449,0.034391,0.111253,0.75847,1.044253,0.014477,True,Pooled_H_plus_CSI_nonSOE,0.022904389666689597,0.01374,0.009164389666689596,676430082.3824079,676430082.3824079,1,0,,1.0
000768.SZ,中航西飞,CSI,中央国有企业,工业,国防军工,工业--国防军工--航空航天与国防Ⅲ--航空航天,2025,,,,,,,,,,77846648435.6,,0.013604,1151240411.01,-92184233.18,target_year,,,,,,,,,,SOE_target,0.016361,0.053258,25.02477,0.267949,0.253215,0.554655,0.03727,0.126676,0.71516,1.050416,0.019016,True,Pooled_H_plus_CSI_nonSOE,0.03793174079596638,0.016361,0.02157074079596638,1679209875.2390494,1679209875.2390494,1,0,,1.0
000786.SZ,北新建材,CSI,中央国有企业,材料,建材Ⅱ,材料--建材Ⅱ--建材Ⅲ--建材Ⅳ,2019,,,,,,,,,,21463592266.0,,0.021954556,441144299.5,30079335.77,target_year,,,,,,,,,,SOE_target,0.034527999999999996,0.031249,23.60851566,0.082164854,0.736746816,0.728133542,0.186426406,0.552409337,0.193719088,2.443171724,0.087405108,True,Pooled_H_plus_CSI_nonSOE,0.17988207547617763,0.034527999999999996,0.14535407547617762,3119820610.2220664,3119820610.2220664,1,0,,1.0
000786.SZ,北新建材,CSI,中央国有企业,材料,建材Ⅱ,材料--建材Ⅱ--建材Ⅲ--建材Ⅳ,2020,,,,,,,,,,22915217102.0,,0.128089923,2859866559.0,75341830.31,target_year,,,,,,,,,,SOE_target,0.15058,0.186805,23.78962395,0.072892526,0.764425084,0.668831118,0.005969725,0.558113567,0.322457519,1.020643679,0.098415159,True,Pooled_H_plus_CSI_nonSOE,0.14966336747219924,0.15058,-0.0009166325278007481,-21004833.377309192,0.0,1,0,,1.0
000786.SZ,北新建材,CSI,中央国有企业,材料,建材Ⅱ,材料--建材Ⅱ--建材Ⅲ--建材Ⅳ,2021,,,,,,,,,,26573872663.0,,0.135197922,3510191056.0,82541300.71,target_year,,,,,,,,,,SOE_target,0.153334,0.197136,23.85506703,0.081293583,0.753086611,0.748938503,0.085974085,0.556825824,0.238293646,1.403259242,0.059647758,True,Pooled_H_plus_CSI_nonSOE,0.18061141627421978,0.153334,0.027277416274219785,724866586.6467605,724866586.6467605,1,0,,1.0
000786.SZ,北新建材,CSI,中央国有企业,材料,建材Ⅱ,材料--建材Ⅱ--建材Ⅲ--建材Ⅳ,2022,,,,,,,,,,28604536226.0,,0.113485144,3136397898.0,109792022.4,target_year,,,,,,,,,,SOE_target,0.12256700000000001,0.157211,24.00319434,0.100137906,0.668525521,0.843240168,0.141342424,0.510095168,0.265218624,1.693275559,0.061260434,True,Pooled_H_plus_CSI_nonSOE,0.1858123900570345,0.12256700000000001,0.0632453900570345,1809105051.0139437,1809105051.0139437,1,0,,1.0
000786.SZ,北新建材,CSI,中央国有企业,材料,建材Ⅱ,材料--建材Ⅱ--建材Ⅲ--建材Ⅳ,2023,,,,,,,,,,30660627191.82,,0.117717,3524001193.59,85282127.5,target_year,,,,,,,,,,SOE_target,0.127174,0.159022,24.076831,0.114777,0.617588,0.714546,0.199399,0.480786,0.250342,2.082374,0.045478,True,Pooled_H_plus_CSI_nonSOE,0.18396279604986526,0.127174,0.05678879604986525,1741180104.3572187,1741180104.3572187,1,0,,1.0
000786.SZ,北新建材,CSI,中央国有企业,材料,建材Ⅱ,材料--建材Ⅱ--建材Ⅲ--建材Ⅳ,2024,,,,,,,,,,35139481982.58,,0.105885,3646942470.4,73810131.21,target_year,,,,,,,,,,SOE_target,0.12231,0.148739,24.146245,0.124756,0.650954,0.748723,0.217618,0.463646,0.225985,2.188839,0.037909,True,Pooled_H_plus_CSI_nonSOE,0.19071658626582444,0.12231,0.06840658626582444,2403772005.5777426,2403772005.5777426,1,0,,1.0
000786.SZ,北新建材,CSI,中央国有企业,材料,建材Ⅱ,材料--建材Ⅱ--建材Ⅲ--建材Ⅳ,2025,,,,,,,,,,36088073943.54,,0.08132,2906380291.66,28292119.13,target_year,,,,,,,,,,SOE_target,0.092774,0.110011,24.282591,0.193215,0.525443,0.776379,0.126703,0.443899,0.239609,1.573315,0.03398,True,Pooled_H_plus_CSI_nonSOE,0.20322285380482466,0.092774,0.11044885380482466,3985886403.087752,3985886403.087752,1,0,,1.0
000792.SZ,盐湖股份,CSI,中央国有企业,材料,化工,材料--化工--农用化工--化肥与农用药剂,2019,,,,,,,,,,22531500339.0,,-1.970434396,-45859976778.0,1463133525.0,target_year,,,,,,,,,,SOE_target,-0.967884,,25.04071871,0.064266966,0.192081294,0.216564189,-0.278582226,0.806404587,0.749488816,0.36481008,0.010298963,True,Pooled_H_plus_CSI_nonSOE,0.04285080357362852,-0.967884,1.0107348035736285,22773371569.35831,22773371569.35831,0,1,FixedAssetsRatio_lag,1.0
000792.SZ,盐湖股份,CSI,中央国有企业,材料,化工,材料--化工--农用化工--化肥与农用药剂,2020,,,,,,,,,,20109814551.0,,0.12072931,2039507351.0,388336689.4,target_year,,,,,,,,,,SOE_target,0.153226,-0.154504,23.83818018,0.063309446,0.180537484,0.350103012,-0.888553207,0.365084577,2.290134477,0.314471187,0.020977312,True,Pooled_H_plus_CSI_nonSOE,-0.0032731458346509784,0.153226,-0.15649914583465097,-3147168800.124735,0.0,1,0,,1.0
000792.SZ,盐湖股份,CSI,中央国有企业,材料,化工,材料--化工--农用化工--化肥与农用药剂,2021,,,,,,,,,,25267358712.0,,0.186473385,4478386640.0,233303260.0,target_year,,,,,,,,,,SOE_target,0.24559799999999998,0.6657129999999999,23.72447382,0.044384921,0.203999831,0.619101631,0.10089712,0.432346651,0.738152668,1.397826148,0.026706701,True,Pooled_H_plus_CSI_nonSOE,0.06187826037827712,0.24559799999999998,-0.18371973962172286,-4642112563.497311,0.0,1,0,,1.0
000792.SZ,盐湖股份,CSI,中央国有企业,材料,化工,材料--化工--农用化工--化肥与农用药剂,2022,,,,,,,,,,41982836045.0,,0.377563052,15564592332.0,286575396.1,target_year,,,,,,,,,,SOE_target,0.638701,0.9016689999999999,23.95277923,0.026196976,0.197245037,0.612016847,0.258214762,0.32793301,0.538918822,2.112423225,0.03199102,True,Pooled_H_plus_CSI_nonSOE,0.09950345600358507,0.638701,-0.539197543996415,-22637042085.468163,0.0,1,0,,1.0
000792.SZ,盐湖股份,CSI,中央国有企业,材料,化工,材料--化工--农用化工--化肥与农用药剂,2023,,,,,,,,,,46407287224.03,,0.166608,7913614646.24,-181785870.71,target_year,,,,,,,,,,SOE_target,0.236788,0.277208,24.460527,0.040375,0.212868,0.867661,0.494585,0.195432,0.32174,3.437173,0.016199,True,Pooled_H_plus_CSI_nonSOE,0.16170988856411814,0.236788,-0.07507811143588186,-3484171481.6427007,0.0,1,0,,1.0
000792.SZ,盐湖股份,CSI,中央国有企业,材料,化工,材料--化工--农用化工--化肥与农用药剂,2024,,,,,,,,,,45782850934.85,,0.098615,4663116528.38,-148225180.31,target_year,,,,,,,,,,SOE_target,0.121684,0.136187,24.560722,0.024829,0.215825,0.460211,0.452081,0.196388,0.252473,3.23378,0.020319,True,Pooled_H_plus_CSI_nonSOE,0.1464293268514234,0.121684,0.024745326851423402,1132911610.5728586,1132911610.5728586,1,0,,1.0
000792.SZ,盐湖股份,CSI,中央国有企业,材料,化工,材料--化工--农用化工--化肥与农用药剂,2025,,,,,,,,,,55781587198.78,,0.148146,8475535262.69,-211737505.69,target_year,,,,,,,,,,SOE_target,0.137464,0.20790199999999998,24.547175,0.016693,0.213171,0.300786,0.523648,0.229043,0.135178,7.330134,0.026687,True,Pooled_H_plus_CSI_nonSOE,0.12442826374238769,0.137464,-0.013035736257612313,-727154058.7542993,0.0,1,0,,1.0
000807.SZ,云铝股份,CSI,中央国有企业,材料,有色金属,材料--有色金属--其他金属与采矿--铝,2019,,,,,,,,,,39579456610.0,,0.036408062,495225700.7,945785611.3,target_year,,,,,,,,,,SOE_target,0.038792,0.051628999999999994,24.34817655,0.027430628,0.167062795,0.58682112,-0.302984394,0.62190244,0.754381207,0.463725714,0.097778035,True,Pooled_H_plus_CSI_nonSOE,0.09175546172774177,0.038792,0.052963461727741766,2096265035.3685508,2096265035.3685508,1,0,,1.0
000807.SZ,云铝股份,CSI,中央国有企业,材料,有色金属,材料--有色金属--其他金属与采矿--铝,2020,,,,,,,,,,41018597713.0,,0.037772411,902555209.2,646816135.0,target_year,,,,,,,,,,SOE_target,0.033660999999999996,0.079432,24.40157605,0.025926514,0.15478921,0.622336875,-0.289221224,0.663335078,0.682322746,0.441998275,0.089439243,True,Pooled_H_plus_CSI_nonSOE,0.11180092973802488,0.033660999999999996,0.07813992973802489,3205190343.2461286,3205190343.2461286,1,0,,1.0
000807.SZ,云铝股份,CSI,中央国有企业,材料,有色金属,材料--有色金属--其他金属与采矿--铝,2021,,,,,,,,,,37837121415.0,,0.103262874,3319026415.0,588143490.6,target_year,,,,,,,,,,SOE_target,0.118904,0.22129000000000001,24.4372914,0.026430521,0.159708925,0.726936071,-0.275514356,0.73416272,0.664574167,0.348730522,0.128882093,True,Pooled_H_plus_CSI_nonSOE,0.11822742417315432,0.118904,-0.000676575826845674,-25599681.706813782,0.0,0,1,FixedAssetsRatio_lag,1.0
000807.SZ,云铝股份,CSI,中央国有企业,材料,有色金属,材料--有色金属--其他金属与采矿--铝,2022,,,,,,,,,,39059473292.0,,0.123982697,4568644918.0,274053905.3,target_year,,,,,,,,,,SOE_target,0.159689,0.22537600000000002,24.35655651,0.027692993,0.168216562,1.048534058,-0.118291959,0.73601922,0.447359166,0.544969442,0.033677016,True,Pooled_H_plus_CSI_nonSOE,0.2033596263189644,0.159689,0.0436706263189644,1705751662.3505023,1705751662.3505023,0,1,FixedAssetsRatio_lag,1.0
000807.SZ,云铝股份,CSI,中央国有企业,材料,有色金属,材料--有色金属--其他金属与采矿--铝,2023,,,,,,,,,,39309705821.93,,0.103436,3955771178.74,110284499.19,target_year,,,,,,,,,,SOE_target,0.141472,0.16454899999999997,24.388351,0.028078,0.153058,1.251062,-0.020505,0.639861,0.352871,0.911469,0.024668,True,Pooled_H_plus_CSI_nonSOE,0.2425006762698444,0.141472,0.10102867626984441,3971407543.746584,3971407543.746584,1,0,,1.0
000807.SZ,云铝股份,CSI,中央国有企业,材料,有色金属,材料--有色金属--其他金属与采矿--铝,2024,,,,,,,,,,41901504028.87,,0.105837,4411670800.53,23060223.52,target_year,,,,,,,,,,SOE_target,0.147651,0.163245,24.394737,0.024418,0.159476,1.079805,0.096094,0.600554,0.255987,1.620727,0.018647,True,Pooled_H_plus_CSI_nonSOE,0.2510929934901564,0.147651,0.1034419934901564,4334375106.982133,4334375106.982133,1,0,,1.0
000807.SZ,云铝股份,CSI,中央国有企业,材料,有色金属,材料--有色金属--其他金属与采矿--铝,2025,,,,,,,,,,44175520008.47,,0.136401,6054686552.59,-29118803.1,target_year,,,,,,,,,,SOE_target,0.200353,0.200643,24.458588,0.030201,0.15747,1.33148,0.174647,0.533549,0.232785,2.02867,0.015705,True,Pooled_H_plus_CSI_nonSOE,0.2739712657486935,0.200353,0.07361826574869351,3252125171.570272,3252125171.570272,1,0,,1.0
000858.SZ,五粮液,CSI,地方国有企业,日常消费,食品饮料,日常消费--食品饮料--饮料--白酒与葡萄酒,2019,,,,,,,,,,106397000000.0,,0.163558829,17402164190.0,0.0,target_year,,,,,,,,,,SOE_target,0.235747,0.252612,25.17870865,0.051088045,0.118716357,0.434624476,0.66673842,0.065199925,0.243626288,3.772013974,0.004429813,True,Pooled_H_plus_CSI_nonSOE,0.18673617013186555,0.235747,-0.04901082986813446,-5214605265.479902,0.0,1,0,,1.0
000858.SZ,五粮液,CSI,地方国有企业,日常消费,食品饮料,日常消费--食品饮料--饮料--白酒与葡萄酒,2020,,,,,,,,,,113893000000.0,,0.162163327,19954809595.0,-1485519200.0,target_year,,,,,,,,,,SOE_target,0.251291,0.24944,25.39044296,0.056293889,0.109737598,0.448163389,0.625884029,0.065045193,0.284791231,3.217181758,0.015965258,True,Pooled_H_plus_CSI_nonSOE,0.18290109017766998,0.251291,-0.06838990982233001,-7789131999.394631,0.0,1,0,,1.0
000858.SZ,五粮液,CSI,地方国有企业,日常消费,食品饮料,日常消费--食品饮料--饮料--白酒与葡萄酒,2021,,,,,,,,,,135621000000.0,,0.159602143,23377074353.0,-1731702085.0,target_year,,,,,,,,,,SOE_target,0.260109,0.253034,25.45852647,0.054280467,0.106852675,0.446944355,0.671477934,0.064523911,0.22946854,3.955172532,0.008725373,True,Pooled_H_plus_CSI_nonSOE,0.19123609564776217,0.260109,-0.06887290435223781,-9340612161.154844,0.0,1,0,,1.0
000858.SZ,五粮液,CSI,地方国有企业,日常消费,食品饮料,日常消费--食品饮料--饮料--白酒与葡萄酒,2022,,,,,,,,,,152715000000.0,,0.161505774,26690661397.0,-2026351048.0,target_year,,,,,,,,,,SOE_target,0.257363,0.250507,25.63312868,0.054352346,0.106913309,0.452234076,0.652717866,0.060860503,0.25238699,3.633364619,0.011348768,True,Pooled_H_plus_CSI_nonSOE,0.18940053773468069,0.257363,-0.06796246226531932,-10378887424.84824,0.0,1,0,,1.0
000858.SZ,五粮液,CSI,地方国有企业,日常消费,食品饮料,日常消费--食品饮料--饮料--白酒与葡萄酒,2023,,,,,,,,,,165432981684.75,,0.167666,30210585269.3,-2473170676.27,target_year,,,,,,,,,,SOE_target,0.263479,0.248051,25.751837,0.051826,0.105461,0.438516,0.666646,0.059486,0.235934,3.84701,0.011659,True,Pooled_H_plus_CSI_nonSOE,0.19111698528755605,0.263479,-0.07236201471244397,-11971063854.595352,0.0,1,0,,1.0
000858.SZ,五粮液,CSI,地方国有企业,日常消费,食品饮料,日常消费--食品饮料--饮料--白酒与葡萄酒,2024,,,,,,,,,,188252218704.17,,0.154153,31853172533.98,-2833530840.46,target_year,,,,,,,,,,SOE_target,0.233709,0.242374,25.831832,0.055907,0.100594,0.444701,0.692118,0.065353,0.199982,4.503309,0.017876,True,Pooled_H_plus_CSI_nonSOE,0.19441632736590286,0.233709,-0.03929267263409714,-7396932802.1854105,0.0,1,0,,1.0
000858.SZ,五粮液,CSI,地方国有企业,日常消费,食品饮料,日常消费--食品饮料--饮料--白酒与葡萄酒,2025,,,,,,,,,,189984270815.47,,0.033122,8954257202.51,-2661630589.09,target_year,,,,,,,,,,SOE_target,0.05043,0.070724,25.961048,0.059607,0.097008,0.43052,0.609591,0.06936,0.275468,3.248964,0.014164,True,Pooled_H_plus_CSI_nonSOE,0.1858996715411324,0.05043,0.1354696715411324,25737106765.353268,25737106765.353268,1,0,,1.0
000975.SZ,山金国际,CSI,地方国有企业,材料,有色金属,材料--有色金属--贵金属--黄金,2019,,,,,,,,,,11885793700.0,,0.07517066,864165428.9,29297524.57,target_year,,,,,,,,,,SOE_target,0.106521,0.099397,23.09193917,0.006000051,0.167062795,0.585413213,0.108609477,0.260657273,0.120655521,3.221219308,0.063739343,True,Pooled_H_plus_CSI_nonSOE,0.19511679978788665,0.106521,0.08859579978788665,1053031398.9653244,1053031398.9653244,1,0,,1.0
000975.SZ,山金国际,CSI,地方国有企业,材料,有色金属,材料--有色金属--贵金属--黄金,2020,,,,,,,,,,12906755770.0,,0.09964649,1242446761.0,43666152.27,target_year,,,,,,,,,,SOE_target,0.142065,0.131214,23.19860972,0.005455011,0.15478921,0.447325565,0.091789189,0.252350115,0.1493012,2.019578707,0.053587837,True,Pooled_H_plus_CSI_nonSOE,0.19231738669330037,0.142065,0.05025238669330037,648595281.9100258,648595281.9100258,1,0,,1.0
000975.SZ,山金国际,CSI,地方国有企业,材料,有色金属,材料--有色金属--贵金属--黄金,2021,,,,,,,,,,15933256367.0,,0.084137949,1273338699.0,67252814.69,target_year,,,,,,,,,,SOE_target,0.127921,0.125104,23.28101671,0.006961481,0.159708925,0.622437169,0.214098407,0.231175705,0.142596114,3.360518547,0.046767807,True,Pooled_H_plus_CSI_nonSOE,0.19954810495425485,0.127921,0.07162710495425484,1141253026.062158,1141253026.062158,1,0,,1.0
000975.SZ,山金国际,CSI,地方国有企业,材料,有色金属,材料--有色金属--贵金属--黄金,2022,,,,,,,,,,16163564000.0,,0.073385486,1125812000.0,60359000.0,target_year,,,,,,,,,,SOE_target,0.10418,0.10532,23.49167436,0.005936039,0.168216562,0.614535754,0.10977772,0.202924251,0.225597952,1.566330908,0.045088538,True,Pooled_H_plus_CSI_nonSOE,0.19221900407297565,0.10418,0.08803900407297566,1423024076.8298028,1423024076.8298028,1,0,,1.0
000975.SZ,山金国际,CSI,地方国有企业,材料,有色金属,材料--有色金属--贵金属--黄金,2023,,,,,,,,,,16298949000.0,,0.089989,1421924000.0,44806000.0,target_year,,,,,,,,,,SOE_target,0.13109400000000002,0.12654400000000002,23.506025,0.004888,0.153058,0.521745,0.167537,0.196757,0.215565,1.910269,0.037655,True,Pooled_H_plus_CSI_nonSOE,0.18911493343828936,0.13109400000000002,0.058020933438289346,945680235.0430727,945680235.0430727,1,0,,1.0
000975.SZ,山金国际,CSI,地方国有企业,材料,有色金属,材料--有色金属--贵金属--黄金,2024,,,,,,,,,,18189090000.0,,0.122639,2179961000.0,50737000.0,target_year,,,,,,,,,,SOE_target,0.187452,0.177654,23.514366,0.004672,0.159476,0.498719,0.220944,0.191747,0.179785,2.49648,0.037722,True,Pooled_H_plus_CSI_nonSOE,0.19176311248727704,0.187452,0.00431111248727703,78415213.03120576,78415213.03120576,1,0,,1.0
000975.SZ,山金国际,CSI,地方国有企业,材料,有色金属,材料--有色金属--贵金属--黄金,2025,,,,,,,,,,20625469000.0,,0.147424,2983616000.0,57075000.0,target_year,,,,,,,,,,SOE_target,0.223768,0.213887,23.624088,0.007586,0.15747,0.787544,0.201765,0.189844,0.185674,2.979621,0.037812,True,Pooled_H_plus_CSI_nonSOE,0.20584321030099362,0.223768,-0.017924789699006377,-369707194.26837534,0.0,1,0,,1.0
000977.SZ,浪潮信息,CSI,地方国有企业,信息技术,硬件设备,信息技术--硬件设备--电脑与外围设备--电脑硬件、储存设备及电脑周边,2019,,,,,,,,,,29409085017.0,,0.037688036,928747236.9,179623428.5,target_year,,,,,,,,,,SOE_target,0.04292,0.098164,23.96582976,0.040540726,0.161142974,2.156699725,0.301689676,0.028343674,0.636328198,1.491094523,0.016350809,True,Pooled_H_plus_CSI_nonSOE,0.16077918184276704,0.04292,0.11785918184276704,3466130698.8479986,3466130698.8479986,1,0,,1.0
000977.SZ,浪潮信息,CSI,地方国有企业,信息技术,硬件设备,信息技术--硬件设备--电脑与外围设备--电脑硬件、储存设备及电脑周边,2020,,,,,,,,,,38322865651.0,,0.041773216,1466448648.0,134420695.4,target_year,,,,,,,,,,SOE_target,0.049766000000000005,0.120228,24.10456948,0.042483394,0.145048886,1.874633229,0.290731222,0.032415912,0.649488665,1.464589021,0.014801985,True,Pooled_H_plus_CSI_nonSOE,0.15888118633990242,0.049766000000000005,0.10911518633990241,4181606626.5879107,4181606626.5879107,1,0,,1.0
000977.SZ,浪潮信息,CSI,地方国有企业,信息技术,硬件设备,信息技术--硬件设备--电脑与外围设备--电脑硬件、储存设备及电脑周边,2021,,,,,,,,,,46208162563.0,,0.04202014,2002738392.0,-61064951.14,target_year,,,,,,,,,,SOE_target,0.051094999999999995,0.13527799999999998,24.36931257,0.045065608,0.129289002,1.858689999,0.343874087,0.028221106,0.613086076,1.583032018,0.011722936,True,Pooled_H_plus_CSI_nonSOE,0.1704507952021962,0.051094999999999995,0.11935579520219619,5515211987.539217,5515211987.539217,1,0,,1.0
000977.SZ,浪潮信息,CSI,地方国有企业,信息技术,硬件设备,信息技术--硬件设备--电脑与外围设备--电脑硬件、储存设备及电脑周边,2022,,,,,,,,,,41013425652.0,,0.05949463,2080350926.0,359727643.5,target_year,,,,,,,,,,SOE_target,0.054576,0.128312,24.5564223,0.038013817,0.108896372,1.584391783,0.326724134,0.023823108,0.663142179,1.526799066,0.004217095,True,Pooled_H_plus_CSI_nonSOE,0.14236853477081396,0.054576,0.08779253477081396,3600672597.623403,3600672597.623403,1,0,,1.0
000977.SZ,浪潮信息,CSI,地方国有企业,信息技术,硬件设备,信息技术--硬件设备--电脑与外围设备--电脑硬件、储存设备及电脑周边,2023,,,,,,,,,,48119624861.79,,0.032838,1782784322.91,-202647157.47,target_year,,,,,,,,,,SOE_target,0.040993,0.101262,24.437165,0.036718,0.117158,1.591817,0.461711,0.050139,0.570415,2.015704,0.0274,True,Pooled_H_plus_CSI_nonSOE,0.16332365994758835,0.040993,0.12233065994758835,5886505465.77315,5886505465.77315,1,0,,1.0
000977.SZ,浪潮信息,CSI,地方国有企业,信息技术,硬件设备,信息技术--硬件设备--电脑与外围设备--电脑硬件、储存设备及电脑周边,2024,,,,,,,,,,71191039667.42,,0.027486,2291764648.21,-335008121.3,target_year,,,,,,,,,,SOE_target,0.033993999999999996,0.120797,24.596956,0.034337,0.108206,1.474483,0.481204,0.045664,0.620018,2.088979,0.006379,True,Pooled_H_plus_CSI_nonSOE,0.14835742161491142,0.033993999999999996,0.11436342161491142,8141650884.689036,8141650884.689036,1,0,,1.0
000977.SZ,浪潮信息,CSI,地方国有企业,信息技术,硬件设备,信息技术--硬件设备--电脑与外围设备--电脑硬件、储存设备及电脑周边,2025,,,,,,,,,,83793847851.87,,0.028827,2412866308.76,2667767.42,target_year,,,,,,,,,,SOE_target,0.031889,0.115566,24.988633,0.050763,0.114376,1.921439,0.310051,0.04049,0.714421,1.495676,0.003481,True,Pooled_H_plus_CSI_nonSOE,0.15688857359438085,0.031889,0.12499957359438085,10474195251.316175,10474195251.316175,1,0,,1.0
000983.SZ,山西焦煤,CSI,地方国有企业,能源,煤炭Ⅱ,能源--煤炭Ⅱ--煤炭Ⅲ--煤炭与消费用燃料,2019,,,,,,,,,,65113270693.0,,0.03869515,1710215168.0,809352580.3,target_year,,,,,,,,,,SOE_target,0.058545999999999994,0.08498599999999999,24.8985198,0.059259446,0.3281903,0.502277248,-0.103609553,0.529823201,0.640113458,0.713464277,0.046575521,True,Pooled_H_plus_CSI_nonSOE,0.06367996395657738,0.058545999999999994,0.005133963956577385,334289184.83272856,334289184.83272856,1,0,,1.0
000983.SZ,山西焦煤,CSI,地方国有企业,能源,煤炭Ⅱ,能源--煤炭Ⅱ--煤炭Ⅲ--煤炭与消费用燃料,2020,,,,,,,,,,70610618879.0,,0.040261809,1956303613.0,886607623.1,target_year,,,,,,,,,,SOE_target,0.045820999999999994,0.09989,24.89939422,0.058447923,0.293470907,0.48523943,-0.119586599,0.553156077,0.644768604,0.661625678,0.02959785,True,Pooled_H_plus_CSI_nonSOE,0.06658426283609331,0.045820999999999994,0.020763262836093317,1466106838.8038898,1466106838.8038898,1,0,,1.0
000983.SZ,山西焦煤,CSI,地方国有企业,能源,煤炭Ⅱ,能源--煤炭Ⅱ--煤炭Ⅲ--煤炭与消费用燃料,2021,,,,,,,,,,70497875041.0,,0.072416902,4165827696.0,939410007.2,target_year,,,,,,,,,,SOE_target,0.099619,0.201847,24.98044638,0.057059504,0.275297772,0.476354949,-0.24679589,0.530942252,0.692119478,0.464785942,0.038402857,True,Pooled_H_plus_CSI_nonSOE,0.05078790378989844,0.099619,-0.04883109621010156,-3442488518.7347884,0.0,1,0,,1.0
000983.SZ,山西焦煤,CSI,地方国有企业,能源,煤炭Ⅱ,能源--煤炭Ⅱ--煤炭Ⅲ--煤炭与消费用燃料,2022,,,,,,,,,,95737794132.0,,0.124064922,10721933349.0,1155768633.0,target_year,,,,,,,,,,SOE_target,0.216608,0.38567599999999996,24.97884841,0.049903043,0.269530745,0.609342145,-0.177627946,0.523040164,0.631336619,0.553832026,0.018967371,True,Pooled_H_plus_CSI_nonSOE,0.0764119163614865,0.216608,-0.1401960836385135,-13422063793.496658,0.0,1,0,,1.0
000983.SZ,山西焦煤,CSI,地方国有企业,能源,煤炭Ⅱ,能源--煤炭Ⅱ--煤炭Ⅲ--煤炭与消费用燃料,2023,,,,,,,,,,93603512358.87,,0.080743,6771368105.86,786470973.18,target_year,,,,,,,,,,SOE_target,0.123025,0.191651,25.284879,0.066477,0.250024,0.743502,-0.025689,0.428424,0.549948,0.916079,0.018929,True,Pooled_H_plus_CSI_nonSOE,0.10707688003358093,0.123025,-0.015948119966419066,-1492800044.3774483,0.0,1,0,,1.0
000983.SZ,山西焦煤,CSI,地方国有企业,能源,煤炭Ⅱ,能源--煤炭Ⅱ--煤炭Ⅲ--煤炭与消费用燃料,2024,,,,,,,,,,109949187629.7,,0.034092,3108028389.69,640396035.42,target_year,,,,,,,,,,SOE_target,0.061924,0.084156,25.262334,0.061179,0.263234,0.555554,0.020376,0.421542,0.484602,1.076753,0.022016,True,Pooled_H_plus_CSI_nonSOE,0.10686101592233672,0.061924,0.044937015922336725,4940788395.163816,4940788395.163816,1,0,,1.0
000983.SZ,山西焦煤,CSI,地方国有企业,能源,煤炭Ⅱ,能源--煤炭Ⅱ--煤炭Ⅲ--煤炭与消费用燃料,2025,,,,,,,,,,108847567597.08,,0.018728,1200774988.79,837775063.92,target_year,,,,,,,,,,SOE_target,0.037017,0.033287,25.423284,0.049378,0.263097,0.417832,-0.053984,0.346475,0.573686,0.768558,0.241579,True,Pooled_H_plus_CSI_nonSOE,0.05240839994494197,0.037017,0.015391399944941972,1675316445.9207647,1675316445.9207647,1,0,,1.0
000999.SZ,华润三九,CSI,中央国有企业,医疗保健,医药生物,医疗保健--医药生物--制药--中药,2019,,,,,,,,,,20103525732.0,,0.105300023,2112494768.0,4406951.57,target_year,,,,,,,,,,SOE_target,0.133755,0.18062,23.61529911,0.04173358,0.277672488,0.771928981,0.125343609,0.195562013,0.380558016,1.35777995,0.033297761,True,Pooled_H_plus_CSI_nonSOE,0.06729736466590322,0.133755,-0.06645763533409679,-1336032782.0268872,0.0,1,0,,1.0
000999.SZ,华润三九,CSI,中央国有企业,医疗保健,医药生物,医疗保健--医药生物--制药--中药,2020,,,,,,,,,,22010147281.0,,0.069982153,1597489175.0,-57171685.38,target_year,,,,,,,,,,SOE_target,0.097803,0.12152400000000001,23.72416105,0.038998338,0.276190471,0.760297773,0.179053709,0.179562889,0.359222949,1.537802175,0.026660352,True,Pooled_H_plus_CSI_nonSOE,0.0727430849214707,0.097803,-0.025059915078529296,-551572421.7277825,0.0,1,0,,1.0
000999.SZ,华润三九,CSI,中央国有企业,医疗保健,医药生物,医疗保健--医药生物--制药--中药,2021,,,,,,,,,,24307980617.0,,0.084751379,2046867983.0,13266897.53,target_year,,,,,,,,,,SOE_target,0.102566,0.14111700000000002,23.81476942,0.03366772,0.256105921,0.639302281,0.164913637,0.171159093,0.361247168,1.497537633,0.028251688,True,Pooled_H_plus_CSI_nonSOE,0.0639877616165063,0.102566,-0.03857823838349371,-937759070.8639705,0.0,1,0,,1.0
000999.SZ,华润三九,CSI,中央国有企业,医疗保健,医药生物,医疗保健--医药生物--制药--中药,2022,,,,,,,,,,27122781699.0,,0.09048886,2448802103.0,5507490.71,target_year,,,,,,,,,,SOE_target,0.11524,0.151666,23.91407055,0.031571534,0.230275265,0.652703975,0.193473943,0.169028884,0.353598528,1.604848529,0.035823623,True,Pooled_H_plus_CSI_nonSOE,0.06808929647872022,0.11524,-0.04715070352127977,-1278858238.5619419,0.0,1,0,,1.0
000999.SZ,华润三九,CSI,中央国有企业,医疗保健,医药生物,医疗保健--医药生物--制药--中药,2023,,,,,,,,,,40148455933.08,,0.070457,2852931664.85,-24191715.87,target_year,,,,,,,,,,SOE_target,0.11162100000000001,0.158599,24.02364,0.033008,0.212266,0.695008,0.122251,0.172172,0.353554,1.382325,0.035084,True,Pooled_H_plus_CSI_nonSOE,0.07138567641816296,0.11162100000000001,-0.040235323581837054,-1615386115.7785995,0.0,1,0,,1.0
000999.SZ,华润三九,CSI,中央国有企业,医疗保健,医药生物,医疗保健--医药生物--制药--中药,2024,,,,,,,,,,40081972320.77,,0.083421,3367888968.2,-24191376.44,target_year,,,,,,,,,,SOE_target,0.11451,0.173289,24.41585,0.040776,0.216978,0.727326,0.238491,0.159934,0.395696,1.739557,0.021351,True,Pooled_H_plus_CSI_nonSOE,0.07142526569291825,0.11451,-0.04308473430708175,-1726921127.94418,0.0,1,0,,1.0
000999.SZ,华润三九,CSI,中央国有企业,医疗保健,医药生物,医疗保健--医药生物--制药--中药,2025,,,,,,,,,,58804678665.86,,0.058771,3421001213.82,34997438.73,target_year,,,,,,,,,,SOE_target,0.099085,0.162615,24.414193,0.045087,0.230555,0.681084,0.206336,0.160639,0.369883,1.607876,0.019711,True,Pooled_H_plus_CSI_nonSOE,0.07299299246760527,0.099085,-0.02609200753239474,-1534332118.6896713,0.0,1,0,,1.0
001391.SZ,国货航,CSI,中央国有企业,工业,交通运输,工业--交通运输--航空运输--航空货运与物流,2019,,,,,,,,,,15534419800.0,,0.042836418,472448900.0,192990000.0,target_year,,,,,,,,,,SOE_target,0.045141,,,,0.111099702,,,,,,,True,Pooled_H_plus_CSI_nonSOE,0.031192807106263737,0.045141,-0.013948192893736264,-216677083.8626759,0.0,1,0,,1.0
001391.SZ,国货航,CSI,中央国有企业,工业,交通运输,工业--交通运输--航空运输--航空货运与物流,2021,,,,,,,,,,24788731227.0,,0.173336656,4342337250.0,-45541466.0,target_year,,,,,,,,,,SOE_target,0.23220600000000002,,,,0.123286456,,,,,,,True,Pooled_H_plus_CSI_nonSOE,0.030487316756160482,0.23220600000000002,-0.20171868324383954,-5000350222.395887,0.0,1,0,,1.0
001391.SZ,国货航,CSI,中央国有企业,工业,交通运输,工业--交通运输--航空运输--航空货运与物流,2022,,,,,,,,,,21243507964.0,,0.143764567,3108357541.0,-54293807.0,target_year,,,,,,,,,,SOE_target,0.17939699999999997,0.16931100000000002,23.933655,0.02197836,0.15352339,,0.379038722,0.215196887,0.271153714,2.935428866,0.026891053,True,Pooled_H_plus_CSI_nonSOE,0.0823798162836673,0.17939699999999997,-0.09701718371633267,-2060985314.922764,0.0,1,0,,1.0
001391.SZ,国货航,CSI,中央国有企业,工业,交通运输,工业--交通运输--航空运输--航空货运与物流,2023,,,,,,,,,,22822973085.0,,0.047164,1153435927.0,-77014538.0,target_year,,,,,,,,,,SOE_target,0.068141,0.060203,23.779317,0.019592,0.180808,0.999573,0.297946,0.538575,0.121361,3.59115,0.155102,True,Pooled_H_plus_CSI_nonSOE,0.13126114323002272,0.068141,0.06312014323002273,1440589330.0601537,1440589330.0601537,1,0,,1.0
001391.SZ,国货航,CSI,中央国有企业,工业,交通运输,工业--交通运输--航空运输--航空货运与物流,2024,,,,,,,,,,27618399131.0,,0.069199,1953257457.0,-42086328.0,target_year,,,,,,,,,,SOE_target,0.10135899999999999,0.088254,23.851033,0.012225,0.114556,0.674444,0.251862,0.558371,0.138159,2.969242,0.103475,True,Pooled_H_plus_CSI_nonSOE,0.11955810877976925,0.10135899999999999,0.018199108779769255,502630250.10815364,502630250.10815364,1,0,,1.0
001391.SZ,国货航,CSI,中央国有企业,工业,交通运输,工业--交通运输--航空运输--航空货运与物流,2025,,,,,,,,,,29952962908.0,,0.08515,2584694178.0,-34187709.0,target_year,,,,,,,,,,SOE_target,0.118423,0.100481,24.041748,0.014765,0.116886,0.813211,0.233523,0.611545,0.108932,3.211667,0.198638,True,Pooled_H_plus_CSI_nonSOE,0.12376819551694468,0.118423,0.0053451955169446785,160104443.05505183,160104443.05505183,1,0,,1.0
001965.SZ,招商公路,CSI,中央国有企业,工业,交通运输,工业--交通运输--交通基础设施--公路与铁路,2019,,,,,,,,,,90913208562.0,,0.059938124,4326608089.0,1122559092.0,target_year,,,,,,,,,,SOE_target,0.071666,0.09117800000000001,25.15508515,0.007713308,0.111099702,0.090021592,0.056932892,0.045612335,0.407746891,1.696921213,0.009043163,True,Pooled_H_plus_CSI_nonSOE,0.013348035089041019,0.071666,-0.058317964910958975,-5301873306.861411,0.0,1,0,,1.0
001965.SZ,招商公路,CSI,中央国有企业,工业,交通运输,工业--交通运输--交通基础设施--公路与铁路,2020,,,,,,,,,,94009174839.0,,0.033919866,2222601822.0,966176753.5,target_year,,,,,,,,,,SOE_target,0.03342,0.04258,25.23317114,0.008400459,0.108646931,0.09291301,-0.003307272,0.050382008,0.406707967,0.97310803,0.009187505,True,Pooled_H_plus_CSI_nonSOE,0.018358722403098694,0.03342,-0.015061277596901304,-1415898278.9058084,0.0,1,0,,1.0
001965.SZ,招商公路,CSI,中央国有企业,工业,交通运输,工业--交通运输--交通基础设施--公路与铁路,2021,,,,,,,,,,98320774958.0,,0.061230895,4972822293.0,1047446772.0,target_year,,,,,,,,,,SOE_target,0.06995599999999999,0.08779400000000001,25.26665822,0.008809883,0.123286456,0.075800048,-0.00149945,0.019860883,0.36459679,0.987251125,0.015828155,True,Pooled_H_plus_CSI_nonSOE,0.024064752419698132,0.06995599999999999,-0.04589124758030186,-4512063025.884721,0.0,1,0,,1.0
001965.SZ,招商公路,CSI,中央国有企业,工业,交通运输,工业--交通运输--交通基础设施--公路与铁路,2022,,,,,,,,,,114930000000.0,,0.052447643,4860696357.0,1167125891.0,target_year,,,,,,,,,,SOE_target,0.061221,0.081785,25.31150118,0.007791528,0.15352339,0.089198821,0.019274683,0.013068903,0.355978857,1.194678539,0.007807129,True,Pooled_H_plus_CSI_nonSOE,0.024046754757343407,0.061221,-0.03717424524265659,-4272436005.738522,0.0,1,0,,1.0
001965.SZ,招商公路,CSI,中央国有企业,工业,交通运输,工业--交通运输--交通基础设施--公路与铁路,2023,,,,,,,,,,157482240634.0,,0.04975,6766648808.34,1068097868.94,target_year,,,,,,,,,,SOE_target,0.055831,0.107759,25.467592,0.007022,0.180808,0.077335,0.020497,0.022904,0.411244,1.242257,0.00651,True,Pooled_H_plus_CSI_nonSOE,0.011869776211131555,0.055831,-0.04396122378886844,-6923112023.283706,0.0,1,0,,1.0
001965.SZ,招商公路,CSI,中央国有企业,工业,交通运输,工业--交通运输--交通基础设施--公路与铁路,2024,,,,,,,,,,159169493582.77,,0.044243,5322235002.26,1719972397.54,target_year,,,,,,,,,,SOE_target,0.051401,0.078106,25.782579,0.007952,0.114556,0.070969,-0.017386,0.017005,0.478429,0.840921,0.003422,True,Pooled_H_plus_CSI_nonSOE,0.005157409915818617,0.051401,-0.046243590084181385,-7360568815.148355,0.0,1,0,,1.0
001965.SZ,招商公路,CSI,中央国有企业,工业,交通运输,工业--交通运输--交通基础设施--公路与铁路,2025,,,,,,,,,,162418433553.48,,0.037371,4610171908.56,1459611131.01,target_year,,,,,,,,,,SOE_target,0.044155,0.063367,25.793235,0.009094,0.116886,0.079781,-0.007712,0.017504,0.442218,0.924368,0.007846,True,Pooled_H_plus_CSI_nonSOE,0.012218957536989969,0.044155,-0.03193604246301003,-5187001990.739511,0.0,1,0,,1.0
001979.SZ,招商蛇口,CSI,中央国有企业,房地产,房地产Ⅱ,房地产--房地产Ⅱ--房地产管理和开发--房地产开发,2019,,,,,,,,,,617688000000.0,,0.034086554,16033175796.0,5021682731.0,target_year,,,,,,,,,,SOE_target,0.055381,0.187792,26.77116139,0.141473583,0.396279334,0.211561663,0.292567645,0.010202086,0.742776076,1.536916159,0.006545233,True,Pooled_H_plus_CSI_nonSOE,0.0757824203755934,0.055381,0.020401420375593407,12601712548.959541,12601712548.959541,0,1,FirmSize_lag,1.0
001979.SZ,招商蛇口,CSI,中央国有企业,房地产,房地产Ⅱ,房地产--房地产Ⅱ--房地产管理和开发--房地产开发,2020,,,,,,,,,,737157000000.0,,0.019638475,12252864765.0,2223781385.0,target_year,,,,,,,,,,SOE_target,0.035590000000000004,0.124892,27.14924946,0.12998211,0.408200157,0.169990492,0.295036879,0.008785172,0.631900839,1.617747812,0.013126974,True,Pooled_H_plus_CSI_nonSOE,0.09371191333848762,0.035590000000000004,0.05812191333848762,42844975270.85952,42844975270.85952,0,1,FirmSize_lag,1.0
001979.SZ,招商蛇口,CSI,中央国有企业,房地产,房地产Ⅱ,房地产--房地产Ⅱ--房地产管理和开发--房地产开发,2021,,,,,,,,,,856203000000.0,,0.014457167,10372254169.0,2006020943.0,target_year,,,,,,,,,,SOE_target,0.028672,0.098764,27.32606719,0.156661588,0.406330004,0.177979167,0.273672431,0.007235794,0.656305197,1.539718382,0.00574289,True,Pooled_H_plus_CSI_nonSOE,0.09157696716205359,0.028672,0.06290496716205358,53859421599.051765,53859421599.051765,0,1,FirmSize_lag,1.0
001979.SZ,招商蛇口,CSI,中央国有企业,房地产,房地产Ⅱ,房地产--房地产Ⅱ--房地产管理和开发--房地产开发,2022,,,,,,,,,,886471000000.0,,0.007021038,4264079663.0,1959869316.0,target_year,,,,,,,,,,SOE_target,0.018153,0.040536,27.47577374,0.172074602,0.390202805,0.189489882,0.262764191,0.011327641,0.676764653,1.52555683,0.0116882,True,Pooled_H_plus_CSI_nonSOE,0.08902543098081783,0.018153,0.07087243098081783,62826354763.99656,62826354763.99656,0,1,FirmSize_lag,1.0
001979.SZ,招商蛇口,CSI,中央国有企业,房地产,房地产Ⅱ,房地产--房地产Ⅱ--房地产管理和开发--房地产开发,2023,,,,,,,,,,908508499680.74,,0.00796,6319420453.25,912224693.84,target_year,,,,,,,,,,SOE_target,0.015586,0.057077,27.510515,0.18421,0.393852,0.201091,0.260897,0.01312,0.679132,1.545582,0.006782,True,Pooled_H_plus_CSI_nonSOE,0.09044186355623067,0.015586,0.07485586355623067,68007188291.777306,68007188291.777306,0,1,FirmSize_lag,1.0
001979.SZ,招商蛇口,CSI,中央国有企业,房地产,房地产Ⅱ,房地产--房地产Ⅱ--房地产管理和开发--房地产开发,2024,,,,,,,,,,860308816014.37,,0.006952,4038571564.37,1942659762.13,target_year,,,,,,,,,,SOE_target,0.010278,0.035007,27.53507,0.17276,0.37554,0.188138,0.261897,0.01386,0.673431,1.558504,0.007254,True,Pooled_H_plus_CSI_nonSOE,0.09087196527415425,0.010278,0.08059396527415426,69335698842.9109,69335698842.9109,0,1,FirmSize_lag,1.0
001979.SZ,招商蛇口,CSI,中央国有企业,房地产,房地产Ⅱ,房地产--房地产Ⅱ--房地产管理和开发--房地产开发,2025,,,,,,,,,,835411599109.07,,0.004229,1023784320.62,2509145230.18,target_year,,,,,,,,,,SOE_target,0.00907,0.009812999999999999,27.480557,0.208506,0.353891,0.1945,0.264855,0.014261,0.666696,1.589833,0.006629,True,Pooled_H_plus_CSI_nonSOE,0.09669788227439388,0.00907,0.08762788227439389,73205349257.39272,73205349257.39272,0,1,FirmSize_lag,1.0
002179.SZ,中航光电,CSI,中央国有企业,信息技术,硬件设备,信息技术--硬件设备--电子设备、仪器和元件--电子元件,2019,,,,,,,,,,15131869545.0,,0.077037356,1071086932.0,94632283.43,target_year,,,,,,,,,,SOE_target,0.091645,0.150748,23.30997577,0.006730782,0.161142974,0.667734363,0.397305769,0.144004702,0.505436967,1.950453535,0.021050843,True,Pooled_H_plus_CSI_nonSOE,0.10373149057035289,0.091645,0.012086490570352881,182891198.56745243,182891198.56745243,1,0,,1.0
002179.SZ,中航光电,CSI,中央国有企业,信息技术,硬件设备,信息技术--硬件设备--电子设备、仪器和元件--电子元件,2020,,,,,,,,,,19218418866.0,,0.079804927,1439082432.0,94642079.01,target_year,,,,,,,,,,SOE_target,0.09787900000000001,0.160768,23.44006892,0.00751972,0.145048886,0.642297355,0.413336206,0.146526993,0.422841836,2.042361086,0.019416101,True,Pooled_H_plus_CSI_nonSOE,0.12200905605963194,0.09787900000000001,0.024130056059631935,463741524.61406803,463741524.61406803,1,0,,1.0
002179.SZ,中航光电,CSI,中央国有企业,信息技术,硬件设备,信息技术--硬件设备--电子设备、仪器和元件--电子元件,2021,,,,,,,,,,26987332213.0,,0.075344647,1990997442.0,42353578.97,target_year,,,,,,,,,,SOE_target,0.097951,0.16145299999999999,23.67913497,0.007357687,0.129289002,0.598365046,0.394876789,0.134251397,0.453928313,1.90719652,0.020467462,True,Pooled_H_plus_CSI_nonSOE,0.11404097380438641,0.097951,0.016089973804386412,434225468.3574436,434225468.3574436,1,0,,1.0
002179.SZ,中航光电,CSI,中央国有企业,信息技术,硬件设备,信息技术--硬件设备--电子设备、仪器和元件--电子元件,2022,,,,,,,,,,31810733160.0,,0.086607258,2717129034.0,37911325.55,target_year,,,,,,,,,,SOE_target,0.101354,0.168109,24.01863342,0.007278296,0.108896372,0.554971795,0.468324176,0.119732833,0.410962753,2.26328147,0.04145821,True,Pooled_H_plus_CSI_nonSOE,0.12086159656051215,0.101354,0.019507596560512153,620550948.7793859,620550948.7793859,1,0,,1.0
002179.SZ,中航光电,CSI,中央国有企业,信息技术,硬件设备,信息技术--硬件设备--电子设备、仪器和元件--电子元件,2023,,,,,,,,,,35569904322.27,,0.089639,3339290323.66,-150842656.92,target_year,,,,,,,,,,SOE_target,0.110826,0.176227,24.18307,0.008341,0.117158,0.536391,0.426579,0.137277,0.418385,2.073528,0.047696,True,Pooled_H_plus_CSI_nonSOE,0.1185086140630894,0.110826,0.007682614063089413,273269847.16901636,273269847.16901636,1,0,,1.0
002179.SZ,中航光电,CSI,中央国有企业,信息技术,硬件设备,信息技术--硬件设备--电子设备、仪器和元件--电子元件,2024,,,,,,,,,,41246813453.82,,0.078991,3354288683.06,-96169299.72,target_year,,,,,,,,,,SOE_target,0.095501,0.152143,24.294766,0.010429,0.108206,0.592388,0.42457,0.176172,0.381093,2.20832,0.067295,True,Pooled_H_plus_CSI_nonSOE,0.13059819991561444,0.095501,0.03509719991561444,1447647657.670776,1447647657.670776,1,0,,1.0
002179.SZ,中航光电,CSI,中央国有企业,信息技术,硬件设备,信息技术--硬件设备--电子设备、仪器和元件--电子元件,2025,,,,,,,,,,42527397016.91,,0.049956,2161521950.25,-37031845.91,target_year,,,,,,,,,,SOE_target,0.063355,0.090316,24.44284,0.009101,0.114376,0.535031,0.39583,0.203244,0.387763,2.10942,0.037404,True,Pooled_H_plus_CSI_nonSOE,0.1303303032738836,0.063355,0.0669753032738836,2848285312.6564,2848285312.6564,1,0,,1.0
002304.SZ,洋河股份,CSI,地方国有企业,日常消费,食品饮料,日常消费--食品饮料--饮料--白酒与葡萄酒,2019,,,,,,,,,,53455037841.0,,0.138124655,7382822727.0,635922.85,target_year,,,,,,,,,,SOE_target,0.188196,0.210477,24.62652592,0.030528342,0.118716357,0.439333178,0.408495938,0.16117016,0.32159075,2.295516674,0.009503821,True,Pooled_H_plus_CSI_nonSOE,0.17052358336806928,0.188196,-0.017672416631930726,-944679699.8017747,0.0,1,0,,1.0
002304.SZ,洋河股份,CSI,地方国有企业,日常消费,食品饮料,日常消费--食品饮料--饮料--白酒与葡萄酒,2020,,,,,,,,,,53866259307.0,,0.13728434,7482228634.0,-87234764.39,target_year,,,,,,,,,,SOE_target,0.1841,0.199544,24.70210672,0.026004121,0.109737598,0.386822521,0.39789491,0.14067357,0.317341189,2.286193333,0.005933199,True,Pooled_H_plus_CSI_nonSOE,0.16701363455209353,0.1841,-0.017086365447906482,-920378591.8310958,0.0,1,0,,1.0
002304.SZ,洋河股份,CSI,地方国有企业,日常消费,食品饮料,日常消费--食品饮料--饮料--白酒与葡萄酒,2021,,,,,,,,,,67798704194.0,,0.104847687,7507682797.0,-399145510.0,target_year,,,,,,,,,,SOE_target,0.163505,0.185442,24.70977013,0.019500248,0.106852675,0.329578673,0.41920331,0.131927151,0.285830248,2.540604109,0.006555206,True,Pooled_H_plus_CSI_nonSOE,0.1674763637700016,0.163505,0.003971363770001596,269253317.48910683,269253317.48910683,1,0,,1.0
002304.SZ,洋河股份,CSI,地方国有企业,日常消费,食品饮料,日常消费--食品饮料--饮料--白酒与葡萄酒,2022,,,,,,,,,,67964247134.0,,0.138078691,9377832429.0,6581838.28,target_year,,,,,,,,,,SOE_target,0.174776,0.208486,24.93980892,0.020425421,0.106913309,0.34853413,0.369200779,0.10032586,0.373420027,2.012049571,0.00624679,True,Pooled_H_plus_CSI_nonSOE,0.15188288433856956,0.174776,-0.02289311566143043,-1555913370.4807036,0.0,1,0,,1.0
002304.SZ,洋河股份,CSI,地方国有企业,日常消费,食品饮料,日常消费--食品饮料--饮料--白酒与葡萄酒,2023,,,,,,,,,,69792287455.91,,0.1327,10015930040.27,-754525568.63,target_year,,,,,,,,,,SOE_target,0.19190100000000002,0.20149999999999998,24.942248,0.021082,0.105461,0.378845,0.464713,0.096402,0.300743,2.584875,0.007933,True,Pooled_H_plus_CSI_nonSOE,0.169095184120714,0.19190100000000002,-0.022805815879286012,-1591670057.5136864,0.0,1,0,,1.0
002304.SZ,洋河股份,CSI,地方国有企业,日常消费,食品饮料,日常消费--食品饮料--饮料--白酒与葡萄酒,2024,,,,,,,,,,67345265219.62,,0.090021,6673388602.12,-610889994.14,target_year,,,,,,,,,,SOE_target,0.124433,0.12892099999999998,24.968789,0.022016,0.100594,0.404439,0.506631,0.096901,0.254218,3.05865,0.015928,True,Pooled_H_plus_CSI_nonSOE,0.1779343565849381,0.124433,0.05350135658493811,3603063048.82212,3603063048.82212,1,0,,1.0
002304.SZ,洋河股份,CSI,地方国有企业,日常消费,食品饮料,日常消费--食品饮料--饮料--白酒与葡萄酒,2025,,,,,,,,,,58595944446.8,,0.032801,2206058926.68,-284050446.25,target_year,,,,,,,,,,SOE_target,0.050498,0.044844999999999996,24.933098,0.01883,0.097008,0.350746,0.520695,0.111132,0.232418,3.298148,0.021591,True,Pooled_H_plus_CSI_nonSOE,0.1770254685610516,0.050498,0.12652746856105163,7413996518.797615,7413996518.797615,1,0,,1.0
002371.SZ,北方华创,CSI,地方国有企业,信息技术,半导体,信息技术--半导体--半导体材料与设备--半导体材料与设备Ⅳ,2019,,,,,,,,,,13734762795.0,,0.028332703,309032271.0,80110684.27,target_year,,,,,,,,,,SOE_target,0.043356000000000006,0.065726,23.02599999,0.059004655,0.214515912,0.364070797,0.117906968,0.193151197,0.624914258,1.266499342,0.024431591,True,Pooled_H_plus_CSI_nonSOE,0.018211390172149816,0.043356000000000006,-0.02514460982785019,-345355251.5583481,0.0,1,0,,1.0
002371.SZ,北方华创,CSI,地方国有企业,信息技术,半导体,信息技术--半导体--半导体材料与设备--半导体材料与设备Ⅳ,2020,,,,,,,,,,17518033653.0,,0.028180177,536930435.4,-43269154.89,target_year,,,,,,,,,,SOE_target,0.043783,0.084979,23.34319589,0.057149218,0.169245785,0.339550768,0.267859651,0.158238824,0.555856401,1.767952175,0.012461754,True,Pooled_H_plus_CSI_nonSOE,0.038780297473193254,0.043783,-0.005002702526806749,-87637511.22054876,0.0,1,0,,1.0
002371.SZ,北方华创,CSI,地方国有企业,信息技术,半导体,信息技术--半导体--半导体材料与设备--半导体材料与设备Ⅳ,2021,,,,,,,,,,31054473365.0,,0.03320992,1077409991.0,-46093407.42,target_year,,,,,,,,,,SOE_target,0.051574999999999996,0.091003,23.58649668,0.066364914,0.155238897,0.383431407,0.177738006,0.131644265,0.594030449,1.394110555,0.03815127,True,Pooled_H_plus_CSI_nonSOE,0.030479276576779915,0.051574999999999996,-0.02109572342322008,-655116581.1617947,0.0,1,0,,1.0
002371.SZ,北方华创,CSI,地方国有企业,信息技术,半导体,信息技术--半导体--半导体材料与设备--半导体材料与设备Ⅳ,2022,,,,,,,,,,42551398848.0,,0.053340261,2352726658.0,-83023921.98,target_year,,,,,,,,,,SOE_target,0.077561,0.128411,24.1590087,0.077971816,0.127200785,0.395253079,0.35596625,0.082648728,0.446186353,1.981018974,0.014388261,True,Pooled_H_plus_CSI_nonSOE,0.07364451029923173,0.077561,-0.003916489700768272,-166652115.34147492,0.0,1,0,,1.0
002371.SZ,北方华创,CSI,地方国有企业,信息技术,半导体,信息技术--半导体--半导体材料与设备--半导体材料与设备Ⅳ,2023,,,,,,,,,,53624552279.13,,0.072372,3899069987.91,-18133193.65,target_year,,,,,,,,,,SOE_target,0.092863,0.17677600000000002,24.473979,0.104536,0.113252,0.395427,0.360672,0.087128,0.530358,1.973161,0.033103,True,Pooled_H_plus_CSI_nonSOE,0.05872238751165254,0.092863,-0.03414061248834746,-1830775059.2229068,0.0,1,0,,1.0
002371.SZ,北方华创,CSI,地方国有企业,信息技术,半导体,信息技术--半导体--半导体材料与设备--半导体材料与设备Ⅳ,2024,,,,,,,,,,65708880828.22,,0.086456,5621189109.03,59708499.95,target_year,,,,,,,,,,SOE_target,0.110118,0.20275400000000002,24.705273,0.153225,0.109637,0.455672,0.356981,0.100324,0.537063,2.003141,0.036923,True,Pooled_H_plus_CSI_nonSOE,0.06681935580795367,0.110118,-0.04329864419204632,-2845105451.238672,0.0,1,0,,1.0
002371.SZ,北方华创,CSI,地方国有企业,信息技术,半导体,信息技术--半导体--半导体材料与设备--半导体材料与设备Ⅳ,2025,,,,,,,,,,89800578023.69,,0.064039,5521993004.86,228775158.4,target_year,,,,,,,,,,SOE_target,0.078116,0.16050599999999998,24.9085,0.167941,0.111057,0.497102,0.345901,0.097356,0.509576,1.96792,0.03114,True,Pooled_H_plus_CSI_nonSOE,0.0782835131240956,0.078116,0.00016751312409558905,15042775.37033801,15042775.37033801,1,0,,1.0
002415.SZ,海康威视,CSI,中央国有企业,信息技术,硬件设备,信息技术--硬件设备--电子设备、仪器和元件--电子设备和仪器,2019,,,,,,,,,,75358000240.0,,0.168244221,12414587690.0,263960347.9,target_year,,,,,,,,,,SOE_target,0.191563,0.300981,24.87405929,0.042729406,0.161142974,0.85904435,0.455503934,0.086612014,0.401992223,2.17029789,0.032383717,True,Pooled_H_plus_CSI_nonSOE,0.1487060491562428,0.191563,-0.04285695084375721,-3229614111.969524,0.0,1,0,,1.0
002415.SZ,海康威视,CSI,中央国有企业,信息技术,硬件设备,信息技术--硬件设备--电子设备、仪器和元件--电子设备和仪器,2020,,,,,,,,,,88701682384.0,,0.155372267,13385526714.0,396254772.6,target_year,,,,,,,,,,SOE_target,0.186188,0.271241,25.04551593,0.047163914,0.145048886,0.824543671,0.537508164,0.085230157,0.396575563,2.722115508,0.025574974,True,Pooled_H_plus_CSI_nonSOE,0.149761946420321,0.186188,-0.036426053579678985,-3231052235.1272516,0.0,1,0,,1.0
002415.SZ,海康威视,CSI,中央国有企业,信息技术,硬件设备,信息技术--硬件设备--电子设备、仪器和元件--电子设备和仪器,2021,,,,,,,,,,103865000000.0,,0.160469273,16800411032.0,-133343257.8,target_year,,,,,,,,,,SOE_target,0.191812,0.286561,25.20854469,0.045166439,0.129289002,0.769076065,0.490836144,0.082312337,0.385809356,2.394335055,0.022588391,True,Pooled_H_plus_CSI_nonSOE,0.15079054482033882,0.191812,-0.04102145517966119,-4260693442.2355094,0.0,1,0,,1.0
002415.SZ,海康威视,CSI,中央国有企业,信息技术,硬件设备,信息技术--硬件设备--电子设备、仪器和元件--电子设备和仪器,2022,,,,,,,,,,119233000000.0,,0.099359342,12837342061.0,-990401533.3,target_year,,,,,,,,,,SOE_target,0.13317,0.194726,25.36635342,0.045900932,0.108896372,0.839805353,0.507657056,0.086833548,0.370385309,2.583807297,0.029830304,True,Pooled_H_plus_CSI_nonSOE,0.15987232770821114,0.13317,0.026702327708211127,3183798639.633137,3183798639.633137,1,0,,1.0
002415.SZ,海康威视,CSI,中央国有企业,信息技术,硬件设备,信息技术--硬件设备--电子设备、仪器和元件--电子设备和仪器,2023,,,,,,,,,,138848007548.55,,0.096205,14107621359.66,-749780213.12,target_year,,,,,,,,,,SOE_target,0.124759,0.19493300000000002,25.504348,0.043681,0.117158,0.740343,0.532996,0.103248,0.388005,2.849789,0.031499,True,Pooled_H_plus_CSI_nonSOE,0.14895752509604443,0.124759,0.024198525096044435,3359916995.199354,3359916995.199354,1,0,,1.0
002415.SZ,海康威视,CSI,中央国有企业,信息技术,硬件设备,信息技术--硬件设备--电子设备、仪器和元件--电子设备和仪器,2024,,,,,,,,,,132016200156.14,,0.089856,11977327023.54,-114817493.16,target_year,,,,,,,,,,SOE_target,0.105061,0.152555,25.656646,0.046315,0.108206,0.686878,0.495065,0.113908,0.408248,2.54774,0.029153,True,Pooled_H_plus_CSI_nonSOE,0.14434771313386663,0.105061,0.03928671313386663,5186482584.557391,5186482584.557391,1,0,,1.0
002415.SZ,海康威视,CSI,中央国有企业,信息技术,硬件设备,信息技术--硬件设备--电子设备、仪器和元件--电子设备和仪器,2025,,,,,,,,,,138049655334.62,,0.09902,14195371894.42,-525631319.14,target_year,,,,,,,,,,SOE_target,0.122102,0.173097,25.60619,0.040657,0.114376,0.677854,0.491118,0.149703,0.3372,2.722287,0.035342,True,Pooled_H_plus_CSI_nonSOE,0.1575362628673637,0.122102,0.03543426286736369,4891687775.875881,4891687775.875881,1,0,,1.0
002916.SZ,深南电路,CSI,中央国有企业,信息技术,硬件设备,信息技术--硬件设备--电子设备、仪器和元件--电子元件,2019,,,,,,,,,,12219367752.0,,0.106777221,1232775470.0,71974663.41,target_year,,,,,,,,,,SOE_target,0.141637,0.282642,22.86631694,0.006511296,0.161142974,0.943171377,0.08392133,0.44465338,0.563211503,1.206723487,0.138914307,True,Pooled_H_plus_CSI_nonSOE,0.10223772893101186,0.141637,-0.03939927106898815,-481434182.35270035,0.0,1,0,,1.0
002916.SZ,深南电路,CSI,中央国有企业,信息技术,硬件设备,信息技术--硬件设备--电子设备、仪器和元件--电子元件,2020,,,,,,,,,,14007819588.0,,0.112944465,1430111325.0,151994362.1,target_year,,,,,,,,,,SOE_target,0.12245900000000001,0.229887,23.22628805,0.008620163,0.145048886,1.008631414,0.106987996,0.445034903,0.59057465,1.279956481,0.178626968,True,Pooled_H_plus_CSI_nonSOE,0.10020723660477054,0.12245900000000001,-0.022251763395229468,-311698687.1552367,0.0,1,0,,1.0
002916.SZ,深南电路,CSI,中央国有企业,信息技术,硬件设备,信息技术--硬件设备--电子设备、仪器和元件--电子元件,2021,,,,,,,,,,16792291128.0,,0.093566268,1480637000.0,90555003.5,target_year,,,,,,,,,,SOE_target,0.110082,0.18556699999999998,23.36288155,0.008259297,0.129289002,0.879724453,0.072009507,0.526130613,0.468558656,1.204513334,0.17747026,True,Pooled_H_plus_CSI_nonSOE,0.12339344646562178,0.110082,0.013311446465621782,223529684.3855076,223529684.3855076,1,0,,1.0
002916.SZ,深南电路,CSI,中央国有企业,信息技术,硬件设备,信息技术--硬件设备--电子设备、仪器和元件--电子元件,2022,,,,,,,,,,20726545629.0,,0.0835519,1639730778.0,92011499.06,target_year,,,,,,,,,,SOE_target,0.095471,0.157922,23.54418576,0.007865785,0.108896372,0.899760732,0.078770102,0.501596784,0.492620274,1.222400459,0.15830631,True,Pooled_H_plus_CSI_nonSOE,0.12289982069426106,0.095471,0.027428820694261058,568504703.6692612,568504703.6692612,1,0,,1.0
002916.SZ,深南电路,CSI,中央国有企业,信息技术,硬件设备,信息技术--硬件设备--电子设备、仪器和元件--电子元件,2023,,,,,,,,,,22606867760.88,,0.063229,1398114737.36,31298099.48,target_year,,,,,,,,,,SOE_target,0.064536,0.109944,23.754681,0.007355,0.117158,0.741247,0.090198,0.514089,0.408832,1.278677,0.162967,True,Pooled_H_plus_CSI_nonSOE,0.1310451456945461,0.064536,0.06650914569454609,1503563461.605705,1503563461.605705,1,0,,1.0
002916.SZ,深南电路,CSI,中央国有企业,信息技术,硬件设备,信息技术--硬件设备--电子设备、仪器和元件--电子元件,2024,,,,,,,,,,25302247864.46,,0.076054,1877565481.01,46765939.29,target_year,,,,,,,,,,SOE_target,0.084467,0.135073,23.84152,0.007014,0.108206,0.619557,0.096065,0.565125,0.416686,1.338012,0.143748,True,Pooled_H_plus_CSI_nonSOE,0.12679511694445636,0.084467,0.04232811694445636,1070996506.564484,1070996506.564484,1,0,,1.0
002916.SZ,深南电路,CSI,中央国有企业,信息技术,硬件设备,信息技术--硬件设备--电子设备、仪器和元件--电子元件,2025,,,,,,,,,,30582928717.03,,0.108703,3275738151.27,48731905.76,target_year,,,,,,,,,,SOE_target,0.131432,0.20623899999999998,23.954159,0.007873,0.114376,0.742132,0.132985,0.524988,0.421162,1.449279,0.099851,True,Pooled_H_plus_CSI_nonSOE,0.13904811337251372,0.131432,0.007616113372513722,232923052.3724061,232923052.3724061,1,0,,1.0
003816.SZ,中国广核,CSI,中央国有企业,公用事业,公用事业Ⅱ,公用事业--公用事业Ⅱ--电力--独立电力生产商与能源贸易商,2019,,,,,,,,,,387975000000.0,,0.045009464,9465700356.0,7996857032.0,target_year,,,,,,,,,,SOE_target,0.06401,0.117647,26.63285761,0.085571585,0.148389593,0.139621345,-0.014209997,0.774577497,0.693056818,0.913613736,0.045123692,True,Pooled_H_plus_CSI_nonSOE,0.07643133570511604,0.06401,0.01242133570511604,4819167720.192396,4819167720.192396,0,1,FixedAssetsRatio_lag,1.0
003816.SZ,中国广核,CSI,中央国有企业,公用事业,公用事业Ⅱ,公用事业--公用事业Ⅱ--电力--独立电力生产商与能源贸易商,2020,,,,,,,,,,391898000000.0,,0.044930235,9562307621.0,8045778572.0,target_year,,,,,,,,,,SOE_target,0.06333899999999999,0.103334,26.68420735,0.090254192,0.143602423,0.160932424,-0.013131035,0.763438583,0.651282207,0.92398275,0.04034608,True,Pooled_H_plus_CSI_nonSOE,0.08678775229696899,0.06333899999999999,0.023448752296968994,9189519127.677555,9189519127.677555,0,1,FixedAssetsRatio_lag,1.0
003816.SZ,中国广核,CSI,中央国有企业,公用事业,公用事业Ⅱ,公用事业--公用事业Ⅱ--电力--独立电力生产商与能源贸易商,2021,,,,,,,,,,399993000000.0,,0.04216241,9732589251.0,7132079812.0,target_year,,,,,,,,,,SOE_target,0.063404,0.099219,26.69426839,0.092811085,0.126082379,0.181015769,-0.035490015,0.754839381,0.638603741,0.819728027,0.034455814,True,Pooled_H_plus_CSI_nonSOE,0.09262692926588838,0.063404,0.029222929265888375,11688967145.850489,11688967145.850489,0,1,FixedAssetsRatio_lag,1.0
003816.SZ,中国广核,CSI,中央国有企业,公用事业,公用事业Ⅱ,公用事业--公用事业Ⅱ--电力--独立电力生产商与能源贸易商,2022,,,,,,,,,,409016000000.0,,0.040171345,9964854412.0,6465851165.0,target_year,,,,,,,,,,SOE_target,0.061731,0.095844,26.7147129,0.08643896,0.130392082,0.203762149,-0.023385318,0.743371583,0.622717326,0.879022892,0.036102671,True,Pooled_H_plus_CSI_nonSOE,0.09683569912235938,0.061731,0.03510469912235938,14358383616.230946,14358383616.230946,0,1,FixedAssetsRatio_lag,1.0
003816.SZ,中国广核,CSI,中央国有企业,公用事业,公用事业Ⅱ,公用事业--公用事业Ⅱ--电力--独立电力生产商与能源贸易商,2023,,,,,,,,,,415250356776.35,,0.039698,10724570116.68,5759954182.21,target_year,,,,,,,,,,SOE_target,0.063124,0.097379,26.737019,0.075777,0.129341,0.20475,-0.013759,0.736067,0.613878,0.926082,0.028947,True,Pooled_H_plus_CSI_nonSOE,0.09901745273989247,0.063124,0.03589345273989247,14904769056.175406,14904769056.175406,0,2,"FirmSize_lag, FixedAssetsRatio_lag",1.0
003816.SZ,中国广核,CSI,中央国有企业,公用事业,公用事业Ⅱ,公用事业--公用事业Ⅱ--电力--独立电力生产商与能源贸易商,2024,,,,,,,,,,425400654520.48,,0.038407,10813873224.82,5524691866.4,target_year,,,,,,,,,,SOE_target,0.063887,0.09295199999999999,26.752147,0.071651,0.121904,0.200296,-0.011078,0.729698,0.601917,0.940557,0.034307,True,Pooled_H_plus_CSI_nonSOE,0.10076778903206512,0.063887,0.036880789032065125,15689111793.472244,15689111793.472244,0,2,"FirmSize_lag, FixedAssetsRatio_lag",1.0
003816.SZ,中国广核,CSI,中央国有企业,公用事业,公用事业Ⅱ,公用事业--公用事业Ⅱ--电力--独立电力生产商与能源贸易商,2025,,,,,,,,,,505656118063.91,,0.028808,9765358959.88,4801744225.58,target_year,,,,,,,,,,SOE_target,0.049821,0.080496,26.776297,0.075761,0.118327,0.206517,-0.018778,0.721087,0.594932,0.904312,0.04623,True,Pooled_H_plus_CSI_nonSOE,0.10171274865202959,0.049821,0.05189174865202959,26239380182.933414,26239380182.933414,0,2,"FirmSize_lag, FixedAssetsRatio_lag",1.0
300413.SZ,芒果超媒,CSI,地方国有企业,通讯服务,传媒,通讯服务--传媒--娱乐--电影和娱乐,2019,,,,,,,,,,17078206150.0,,0.068641107,1156285254.0,15981713.9,target_year,,,,,,,,,,SOE_target,0.077256,0.160336,23.21741108,0.332789181,0.370261017,1.329485085,0.205253854,0.017091947,0.531493876,1.402285603,0.002639844,True,Pooled_H_plus_CSI_nonSOE,0.1258306597923683,0.077256,0.04857465979236829,829568053.6001818,829568053.6001818,1,0,,1.0
300413.SZ,芒果超媒,CSI,地方国有企业,通讯服务,传媒,通讯服务--传媒--娱乐--电影和娱乐,2020,,,,,,,,,,19265699803.0,,0.103587808,1982159477.0,13532130.1,target_year,,,,,,,,,,SOE_target,0.103658,0.20464300000000002,23.56106899,0.4032528,0.333824483,0.849908238,0.222062882,0.010575241,0.483554812,1.477902145,0.009132519,True,Pooled_H_plus_CSI_nonSOE,0.1058573105736711,0.103658,0.0021993105736711066,42371257.285911255,42371257.285911255,1,0,,1.0
300413.SZ,芒果超媒,CSI,地方国有企业,通讯服务,传媒,通讯服务--传媒--娱乐--电影和娱乐,2021,,,,,,,,,,26110751405.0,,0.077090077,2114090172.0,-101210337.2,target_year,,,,,,,,,,SOE_target,0.09319699999999999,0.153449,23.68159214,0.467603506,0.39041121,0.769513174,0.225144904,0.00970244,0.448697875,1.50511888,0.003631273,True,Pooled_H_plus_CSI_nonSOE,0.10575972421515382,0.09319699999999999,0.012562724215153837,328022168.95145553,328022168.95145553,1,0,,1.0
300413.SZ,芒果超媒,CSI,地方国有企业,通讯服务,传媒,通讯服务--传媒--娱乐--电影和娱乐,2022,,,,,,,,,,29049673557.0,,0.05829542,1824925936.0,-131463023.7,target_year,,,,,,,,,,SOE_target,0.064042,0.101902,23.985613,0.424702545,0.366576045,0.675635515,0.383604379,0.007064153,0.349035806,2.127365039,0.007414667,True,Pooled_H_plus_CSI_nonSOE,0.1264277235853689,0.064042,0.06238572358536891,1812284904.7722025,1812284904.7722025,1,0,,1.0
300413.SZ,芒果超媒,CSI,地方国有企业,通讯服务,传媒,通讯服务--传媒--娱乐--电影和娱乐,2023,,,,,,,,,,31422386654.49,,0.108459,3555705558.9,-147667394.09,target_year,,,,,,,,,,SOE_target,0.061204,0.176273,24.092273,0.480307,0.365677,0.493612,0.391559,0.005689,0.352615,2.130679,0.006457,True,Pooled_H_plus_CSI_nonSOE,0.11411380197851578,0.061204,0.05290980197851578,1662552255.581423,1662552255.581423,1,0,,1.0
300413.SZ,芒果超媒,CSI,地方国有企业,通讯服务,传媒,通讯服务--传媒--娱乐--电影和娱乐,2024,,,,,,,,,,32530165142.43,,0.036125,1364348174.2,-189180203.0,target_year,,,,,,,,,,SOE_target,0.049221,0.062042,24.170786,0.444981,0.35057,0.480483,0.3518,0.004532,0.320114,2.12108,0.004782,True,Pooled_H_plus_CSI_nonSOE,0.1196247858994738,0.049221,0.0704037858994738,2290246781.9621673,2290246781.9621673,1,0,,1.0
300413.SZ,芒果超媒,CSI,地方国有企业,通讯服务,传媒,通讯服务--传媒--娱乐--电影和娱乐,2025,,,,,,,,,,33171867484.43,,0.036738,1227146306.33,-8478642.08,target_year,,,,,,,,,,SOE_target,0.027166000000000003,0.053520000000000005,24.205434,0.421076,0.338999,0.438059,0.248058,0.004037,0.307417,1.823166,0.005059,True,Pooled_H_plus_CSI_nonSOE,0.11727017932130464,0.027166000000000003,0.09010417932130463,2988923896.239635,2988923896.239635,1,0,,1.0
301269.SZ,华大九天,CSI,中央国有企业,信息技术,软件服务,信息技术--软件服务--软件--应用软件,2019,,,,,,,,,,690535054.8,,0.082216111,57157732.35,-384625.72,target_year,,,,,,,,,,SOE_target,0.094655,,20.06388712,0.003029881,0.165297342,,0.640156447,0.020557283,0.185418018,4.669399695,0.14372221,True,Pooled_H_plus_CSI_nonSOE,0.0578819755104829,0.094655,-0.0367730244895171,-25393062.48103043,0.0,1,0,,1.0
301269.SZ,华大九天,CSI,中央国有企业,信息技术,软件服务,信息技术--软件服务--软件--应用软件,2020,,,,,,,,,,1340618263.0,,0.076569311,103558656.1,-908439.35,target_year,,,,,,,,,,SOE_target,0.10196999999999999,0.153531,20.3529773,0.004452496,0.156571733,0.420432719,0.475532197,0.109044942,0.287859574,2.845732996,0.046978305,True,Pooled_H_plus_CSI_nonSOE,0.048833330697090366,0.10196999999999999,-0.053136669302909625,-71235989.30247213,0.0,1,0,,1.0
301269.SZ,华大九天,CSI,中央国有企业,信息技术,软件服务,信息技术--软件服务--软件--应用软件,2021,,,,,,,,,,1801574166.0,,0.077496324,139305915.6,309460.2,target_year,,,,,,,,,,SOE_target,0.088668,0.150455,21.01639674,0.006199286,0.151169635,0.403277081,0.390839565,0.168835429,0.360539946,3.144446132,0.272559931,True,Pooled_H_plus_CSI_nonSOE,0.016100311677486746,0.088668,-0.07256768832251326,-130736072.56817976,0.0,1,0,,1.0
301269.SZ,华大九天,CSI,中央国有企业,信息技术,软件服务,信息技术--软件服务--软件--应用软件,2022,,,,,,,,,,5395667291.0,,0.02931664,185508367.6,-27325534.6,target_year,,,,,,,,,,SOE_target,0.051550000000000006,0.065706,21.31192666,0.007100149,0.153055264,0.363368354,0.283224088,0.263035157,0.447970087,2.472137664,0.209888857,True,Pooled_H_plus_CSI_nonSOE,0.0028973698112704505,0.051550000000000006,-0.048652630188729555,-262513405.33044723,0.0,1,0,,1.0
301269.SZ,华大九天,CSI,中央国有企业,信息技术,软件服务,信息技术--软件服务--软件--应用软件,2023,,,,,,,,,,5535537490.15,,0.025511,200722810.92,-59506122.71,target_year,,,,,,,,,,SOE_target,0.036657,0.042546999999999995,22.408862,0.00896,0.14694,0.218057,0.684761,0.099677,0.13781,9.389767,0.07788,True,Pooled_H_plus_CSI_nonSOE,0.03192168453289142,0.036657,-0.004735315467108585,-26212516.295866728,0.0,1,0,,1.0
301269.SZ,华大九天,CSI,中央国有企业,信息技术,软件服务,信息技术--软件服务--软件--应用软件,2024,,,,,,,,,,5628841870.04,,0.00873,109478790.34,-60339408.44,target_year,,,,,,,,,,SOE_target,0.009101,0.022371,22.434455,0.011111,0.139728,0.182471,0.555102,0.101333,0.135884,7.250245,0.020717,True,Pooled_H_plus_CSI_nonSOE,0.04327468674047996,0.009101,0.034173686740479964,192358278.77844438,192358278.77844438,1,0,,1.0
301269.SZ,华大九天,CSI,中央国有企业,信息技术,软件服务,信息技术--软件服务--软件--应用软件,2025,,,,,,,,,,6327842567.91,,0.002881,60983525.27,-42752826.3,target_year,,,,,,,,,,SOE_target,0.003333,0.011892,22.45117,0.011267,0.169431,0.215974,0.534887,0.095337,0.110967,7.747215,0.014054,True,Pooled_H_plus_CSI_nonSOE,0.043712801694343356,0.003333,0.040379801694343354,255517028.0452302,255517028.0452302,1,0,,1.0
302132.SZ,中航成飞,CSI,中央国有企业,工业,国防军工,工业--国防军工--航空航天与国防Ⅲ--航空航天,2019,,,,,,,,,,2488073274.0,,0.085373876,212416459.5,0.0,target_year,,,,,,,,,,SOE_target,0.10238699999999999,0.138862,21.44747873,0.015943973,0.285442207,0.641176276,0.39772466,0.226683045,0.267876613,2.581204273,0.020522082,True,Pooled_H_plus_CSI_nonSOE,0.10783198486174853,0.10238699999999999,0.005444984861748534,13547521.311851112,13547521.311851112,1,0,,1.0
302132.SZ,中航成飞,CSI,中央国有企业,工业,国防军工,工业--国防军工--航空航天与国防Ⅲ--航空航天,2020,,,,,,,,,,2933073285.0,,0.085369507,262505398.2,-12110378.84,target_year,,,,,,,,,,SOE_target,0.11345599999999999,0.149552,21.63477446,0.016380091,0.279462147,0.672514606,0.383429525,0.190144896,0.330304191,2.213912023,0.018979576,True,Pooled_H_plus_CSI_nonSOE,0.09884802034033062,0.11345599999999999,-0.014607979659669368,-42846274.88759962,0.0,1,0,,1.0
302132.SZ,中航成飞,CSI,中央国有企业,工业,国防军工,工业--国防军工--航空航天与国防Ⅲ--航空航天,2021,,,,,,,,,,3299177131.0,,0.093446643,307007852.7,1289174.33,target_year,,,,,,,,,,SOE_target,0.109764,0.15221500000000002,21.79931661,0.017393366,0.273615357,0.643864279,0.380180108,0.15930884,0.326786323,2.195231823,0.054289079,True,Pooled_H_plus_CSI_nonSOE,0.09283008578457878,0.109764,-0.016933914215421217,-55867982.517833486,0.0,1,0,,1.0
302132.SZ,中航成飞,CSI,中央国有企业,工业,国防军工,工业--国防军工--航空航天与国防Ⅲ--航空航天,2022,,,,,,,,,,3653386274.0,,0.053896446,192869415.8,4035120.0,target_year,,,,,,,,,,SOE_target,0.061519000000000004,0.087141,21.91693892,0.017013231,0.271325141,0.618467046,0.331618995,0.194091611,0.333050818,2.025433447,0.079859872,True,Pooled_H_plus_CSI_nonSOE,0.0886165714875107,0.061519000000000004,0.0270975714875107,98997895.73120534,98997895.73120534,1,0,,1.0
302132.SZ,中航成飞,CSI,中央国有企业,工业,国防军工,工业--国防军工--航空航天与国防Ⅲ--航空航天,2023,,,,,,,,,,3974910728.94,,0.023927,98167133.37,-3060194.8,target_year,,,,,,,,,,SOE_target,0.024353,0.041905,22.01892,0.014535,0.272876,0.542331,0.285757,0.253218,0.359161,1.879366,0.060375,True,Pooled_H_plus_CSI_nonSOE,0.08298788002218964,0.024353,0.05863488002218964,233068413.69031125,233068413.69031125,1,0,,1.0
302132.SZ,中航成飞,CSI,中央国有企业,工业,国防军工,工业--国防军工--航空航天与国防Ⅲ--航空航天,2024,,,,,,,,,,4240904107.27,,0.028572,112308792.39,8862120.9,target_year,,,,,,,,,,SOE_target,0.030506000000000002,0.045963000000000004,22.103268,0.01023,0.247277,0.433118,0.301447,0.267885,0.389709,2.05273,0.060168,True,Pooled_H_plus_CSI_nonSOE,0.07052623683009283,0.030506000000000002,0.04002023683009283,169721986.7466588,169721986.7466588,1,0,,1.0
302132.SZ,中航成飞,CSI,中央国有企业,工业,国防军工,工业--国防军工--航空航天与国防Ⅲ--航空航天,2025,,,,,,,,,,114547703019.42,,0.030012,3432289851.96,5548186.19,target_year,,,,,,,,,,SOE_target,0.069925,0.289526,22.168042,0.010955,0.253215,0.427063,0.310679,0.281781,0.400591,2.116237,0.032194,True,Pooled_H_plus_CSI_nonSOE,0.07205937167971443,0.069925,0.0021343716797144335,244487373.30098954,244487373.30098954,1,0,,1.0
600009.SH,上海机场,CSI,地方国有企业,工业,交通运输,工业--交通运输--交通基础设施--机场服务,2019,,,,,,,,,,37171229056.0,,0.135325363,5030210053.0,0.0,target_year,,,,,,,,,,SOE_target,0.18968,0.16697700000000001,24.15495134,0.010667317,0.111099702,0.317768449,0.26997457,0.538896291,0.074177692,4.651502557,0.115411128,True,Pooled_H_plus_CSI_nonSOE,0.08466018459998327,0.18968,-0.10501981540001672,-3903715613.652858,0.0,1,0,,1.0
600009.SH,上海机场,CSI,地方国有企业,工业,交通运输,工业--交通运输--交通基础设施--机场服务,2020,,,,,,,,,,33202181016.0,,-0.046464322,-1266651388.0,-276065448.4,target_year,,,,,,,,,,SOE_target,-0.043074,-0.04138,24.33880089,0.01129868,0.108646931,0.321133894,0.208572246,0.544341853,0.127020399,2.644322879,0.061933017,True,Pooled_H_plus_CSI_nonSOE,0.10543696281466729,-0.043074,0.1485109628146673,4930887870.233028,4930887870.233028,1,0,,1.0
600009.SH,上海机场,CSI,地方国有企业,工业,交通运输,工业--交通运输--交通基础设施--机场服务,2021,,,,,,,,,,51426088634.0,,-0.024815916,-1710938710.0,434753220.5,target_year,,,,,,,,,,SOE_target,-0.053886,-0.060328999999999994,24.2258814,0.005403886,0.123286456,0.122176142,0.186864173,0.587093421,0.109730278,2.713927985,0.039917988,True,Pooled_H_plus_CSI_nonSOE,0.09735860651780298,-0.053886,0.15124460651780297,7777918540.19899,7777918540.19899,1,0,,1.0
600009.SH,上海机场,CSI,地方国有企业,工业,交通运输,工业--交通运输--交通基础设施--机场服务,2022,,,,,,,,,,67775098796.0,,-0.037307282,-2994949875.0,466445182.7,target_year,,,,,,,,,,SOE_target,-0.064178,-0.089252,24.66341144,0.003380414,0.15352339,0.087950406,0.070495039,0.374915455,0.461247466,1.455015779,0.029224342,True,Pooled_H_plus_CSI_nonSOE,0.01769181428285148,-0.064178,0.08186981428285148,5548734751.43043,5548734751.43043,1,0,,1.0
600009.SH,上海机场,CSI,地方国有企业,工业,交通运输,工业--交通运输--交通基础设施--机场服务,2023,,,,,,,,,,69480530979.72,,0.019528,934049713.44,422770066.22,target_year,,,,,,,,,,SOE_target,0.020225,0.023308,24.939461,0.004577,0.180808,0.090186,0.110696,0.392449,0.399433,1.849756,0.018317,True,Pooled_H_plus_CSI_nonSOE,0.032194891284945217,0.020225,0.011969891284945217,831674402.2475166,831674402.2475166,1,0,,1.0
600009.SH,上海机场,CSI,地方国有企业,工业,交通运输,工业--交通运输--交通基础设施--机场服务,2024,,,,,,,,,,70046212107.27,,0.03427,1933948719.51,466522580.65,target_year,,,,,,,,,,SOE_target,0.045598,0.047057,24.964312,0.008884,0.114556,0.157351,0.116209,0.374799,0.395132,1.836529,0.017904,True,Pooled_H_plus_CSI_nonSOE,0.03681431867356659,0.045598,-0.00878368132643341,-615263605.2740214,0.0,1,0,,1.0
600009.SH,上海机场,CSI,地方国有企业,工业,交通运输,工业--交通运输--交通基础设施--机场服务,2025,,,,,,,,,,71678547661.74,,0.035391,2116775136.25,419999345.8,target_year,,,,,,,,,,SOE_target,0.048545,0.050284,24.972421,0.008704,0.116886,0.173305,0.148691,0.359696,0.378552,2.103956,0.027949,True,Pooled_H_plus_CSI_nonSOE,0.03833060853992691,0.048545,-0.010214391460073087,-732152745.1065189,0.0,1,0,,1.0
600010.SH,包钢股份,CSI,地方国有企业,材料,钢铁Ⅱ,材料--钢铁Ⅱ--钢铁Ⅲ--钢铁Ⅳ,2019,,,,,,,,,,147087000000.0,,0.020683039,667930745.0,2374267551.0,target_year,,,,,,,,,,SOE_target,0.024859,0.012701,25.72587357,0.174587004,0.659924097,0.451986254,-0.235444349,0.471268423,0.646037382,0.561392251,0.016541917,True,Pooled_H_plus_CSI_nonSOE,0.08771525796397109,0.024859,0.0628562579639711,9245338415.146616,9245338415.146616,1,0,,1.0
600010.SH,包钢股份,CSI,地方国有企业,材料,钢铁Ⅱ,材料--钢铁Ⅱ--钢铁Ⅲ--钢铁Ⅳ,2020,,,,,,,,,,144222000000.0,,0.02008244,405957990.0,2490377141.0,target_year,,,,,,,,,,SOE_target,0.021772,0.007696,25.71428751,0.147407036,0.517023931,0.423508272,-0.181707264,0.468132667,0.585405843,0.607224895,0.013326807,True,Pooled_H_plus_CSI_nonSOE,0.10603635508856217,0.021772,0.08426435508856217,12152773819.582613,12152773819.582613,1,0,,1.0
600010.SH,包钢股份,CSI,地方国有企业,材料,钢铁Ⅱ,材料--钢铁Ⅱ--钢铁Ⅲ--钢铁Ⅳ,2021,,,,,,,,,,147968000000.0,,0.033773765,2866448328.0,2130985927.0,target_year,,,,,,,,,,SOE_target,0.039842,0.053052999999999996,25.69462152,0.141260049,0.51422962,0.402798272,-0.126304511,0.463882778,0.57276154,0.682397053,0.007599126,True,Pooled_H_plus_CSI_nonSOE,0.10972519141925366,0.039842,0.06988319141925366,10340476067.924126,10340476067.924126,1,0,,1.0
600010.SH,包钢股份,CSI,地方国有企业,材料,钢铁Ⅱ,材料--钢铁Ⅱ--钢铁Ⅲ--钢铁Ⅳ,2022,,,,,,,,,,146722000000.0,,0.008217907,-729956771.6,1935705241.0,target_year,,,,,,,,,,SOE_target,0.004838,-0.013555999999999999,25.72026144,0.15636373,0.499605416,0.583180909,-0.168313007,0.406013773,0.566103529,0.625593506,0.00641977,True,Pooled_H_plus_CSI_nonSOE,0.12062165145843227,0.004838,0.11578365145843228,16988008909.284101,16988008909.284101,1,0,,1.0
600010.SH,包钢股份,CSI,地方国有企业,材料,钢铁Ⅱ,材料--钢铁Ⅱ--钢铁Ⅲ--钢铁Ⅳ,2023,,,,,,,,,,151775636822.69,,0.016546,515270562.53,1995948456.05,target_year,,,,,,,,,,SOE_target,0.016189,0.009885,25.711806,0.13229,0.520062,0.480279,-0.201207,0.42375,0.581556,0.564601,0.00666,True,Pooled_H_plus_CSI_nonSOE,0.10671482607621167,0.016189,0.09052582607621168,13739614901.617104,13739614901.617104,1,0,,1.0
600010.SH,包钢股份,CSI,地方国有企业,材料,钢铁Ⅱ,材料--钢铁Ⅱ--钢铁Ⅲ--钢铁Ⅳ,2024,,,,,,,,,,155125400366.74,,0.015523,264629175.96,2143386028.83,target_year,,,,,,,,,,SOE_target,0.014527000000000002,0.005102,25.745669,0.131409,0.490176,0.462663,-0.205062,0.44482,0.595039,0.556477,0.011571,True,Pooled_H_plus_CSI_nonSOE,0.10508128479478487,0.014527000000000002,0.09055428479478488,14047269683.7148,14047269683.7148,1,0,,1.0
600010.SH,包钢股份,CSI,地方国有企业,材料,钢铁Ⅱ,材料--钢铁Ⅱ--钢铁Ⅲ--钢铁Ⅳ,2025,,,,,,,,,,151673460592.94,,0.014627,373622495.09,1844903595.26,target_year,,,,,,,,,,SOE_target,0.015224,0.007188,25.7675,0.13429,0.484294,0.434063,-0.192026,0.428071,0.604798,0.579791,0.011855,True,Pooled_H_plus_CSI_nonSOE,0.10112146616035579,0.015224,0.08589746616035579,13028365948.706121,13028365948.706121,1,0,,1.0
600011.SH,华能国际,CSI,中央国有企业,公用事业,公用事业Ⅱ,公用事业--公用事业Ⅱ--电力--电力公用事业,2019,,,,,,,,,,428250000000.0,,0.026921334,766345000.0,10762718000.0,target_year,,,,,,,,,,SOE_target,0.032111,0.007541,26.76329031,0.285447759,0.148389593,0.415314426,-0.181963664,0.671729097,0.72345617,0.447151161,0.04931611,True,Pooled_H_plus_CSI_nonSOE,0.09637676030106795,0.032111,0.06426576030106795,27521811848.93235,27521811848.93235,0,1,FirmSize_lag,1.0
600011.SH,华能国际,CSI,中央国有企业,公用事业,公用事业Ⅱ,公用事业--公用事业Ⅱ--电力--电力公用事业,2020,,,,,,,,,,449905000000.0,,0.02573537,2377851000.0,9200612000.0,target_year,,,,,,,,,,SOE_target,0.03116,0.019927999999999998,26.78297312,0.257988212,0.143602423,0.410325317,-0.188765901,0.666953567,0.695553936,0.42918532,0.07328115,True,Pooled_H_plus_CSI_nonSOE,0.09696211610032768,0.03116,0.06580211610032768,29604701044.117928,29604701044.117928,0,1,FirmSize_lag,1.0
600011.SH,华能国际,CSI,中央国有企业,公用事业,公用事业Ⅱ,公用事业--公用事业Ⅱ--电力--电力公用事业,2021,,,,,,,,,,500771000000.0,,-0.003670327,-10636194000.0,8798200000.0,target_year,,,,,,,,,,SOE_target,-0.013907000000000001,-0.08757899999999999,26.83230153,0.222803186,0.126082379,0.385914541,-0.195397977,0.66718834,0.663003716,0.429331065,0.094593931,True,Pooled_H_plus_CSI_nonSOE,0.09766555273588994,-0.013907000000000001,0.11157255273588994,55872298806.10434,55872298806.10434,0,1,FirmSize_lag,1.0
600011.SH,华能国际,CSI,中央国有企业,公用事业,公用事业Ⅱ,公用事业--公用事业Ⅱ--电力--电力公用事业,2022,,,,,,,,,,512222000000.0,,0.003779402,-8026233000.0,9962125000.0,target_year,,,,,,,,,,SOE_target,-0.002352,-0.070186,26.93941519,0.21921326,0.130392082,0.430441304,-0.187565045,0.640191789,0.733295352,0.496094243,0.085978992,True,Pooled_H_plus_CSI_nonSOE,0.08657529708637635,-0.002352,0.08892729708637634,45550517968.177864,45550517968.177864,0,1,FirmSize_lag,1.0
600011.SH,华能国际,CSI,中央国有企业,公用事业,公用事业Ⅱ,公用事业--公用事业Ⅱ--电力--电力公用事业,2023,,,,,,,,,,550316013000.0,,0.031428,8357460000.0,8938084000.0,target_year,,,,,,,,,,SOE_target,0.039355,0.065696,26.962024,0.225738,0.129341,0.48712,-0.165185,0.656213,0.735825,0.506159,0.079233,True,Pooled_H_plus_CSI_nonSOE,0.09268193470045613,0.039355,0.05332693470045613,29346666089.866367,29346666089.866367,0,1,FirmSize_lag,1.0
600011.SH,华能国际,CSI,中央国有企业,公用事业,公用事业Ⅱ,公用事业--公用事业Ⅱ--电力--电力公用事业,2024,,,,,,,,,,595576880000.0,,0.030174,10184633000.0,7786460000.0,target_year,,,,,,,,,,SOE_target,0.043636999999999995,0.072089,27.033759,0.220813,0.121904,0.478847,-0.133115,0.669935,0.674088,0.55332,0.106634,True,Pooled_H_plus_CSI_nonSOE,0.10403035353650315,0.043636999999999995,0.06039335353650316,35968885072.007515,35968885072.007515,0,1,FirmSize_lag,1.0
600011.SH,华能国际,CSI,中央国有企业,公用事业,公用事业Ⅱ,公用事业--公用事业Ⅱ--电力--电力公用事业,2025,,,,,,,,,,619678043000.0,,0.034876,14536770000.0,7075104000.0,target_year,,,,,,,,,,SOE_target,0.04979,0.09944900000000001,27.112796,0.214312,0.118327,0.428576,-0.138418,0.676548,0.646428,0.538775,0.103737,True,Pooled_H_plus_CSI_nonSOE,0.10622793924638328,0.04979,0.05643793924638328,34973351743.15169,34973351743.15169,0,1,FirmSize_lag,1.0
600018.SH,上港集团,CSI,地方国有企业,工业,交通运输,工业--交通运输--交通基础设施--海港与服务,2019,,,,,,,,,,142177000000.0,,0.071946458,9062278384.0,1166874402.0,target_year,,,,,,,,,,SOE_target,0.088708,0.115,25.69562474,0.043247584,0.111099702,0.263775755,0.111980011,0.224977432,0.429576738,1.510355431,0.009939284,True,Pooled_H_plus_CSI_nonSOE,0.038746109239842126,0.088708,-0.04996189076015787,-7103431742.606965,0.0,1,0,,1.0
600018.SH,上港集团,CSI,地方国有企业,工业,交通运输,工业--交通运输--交通基础设施--海港与服务,2020,,,,,,,,,,155925000000.0,,0.058674426,8307143208.0,841651919.0,target_year,,,,,,,,,,SOE_target,0.07094400000000001,0.097976,25.68034068,0.036949366,0.108646931,0.249586126,0.148127441,0.226792005,0.361439131,2.088994379,0.018116082,True,Pooled_H_plus_CSI_nonSOE,0.04745346131720579,0.07094400000000001,-0.023490538682794215,-3662762244.114688,0.0,1,0,,1.0
600018.SH,上港集团,CSI,地方国有企业,工业,交通运输,工业--交通运输--交通基础设施--海港与服务,2021,,,,,,,,,,170787000000.0,,0.091969319,14682049061.0,1025159017.0,target_year,,,,,,,,,,SOE_target,0.11466,0.156769,25.77263936,0.03221372,0.123286456,0.171935177,0.136270403,0.219397156,0.384449232,1.948323212,0.026470955,True,Pooled_H_plus_CSI_nonSOE,0.035644375257647874,0.11466,-0.07901562474235213,-13494841502.872093,0.0,1,0,,1.0
600018.SH,上港集团,CSI,地方国有企业,工业,交通运输,工业--交通运输--交通基础设施--海港与服务,2022,,,,,,,,,,181802000000.0,,0.100678041,17223915521.0,1079524113.0,target_year,,,,,,,,,,SOE_target,0.11762299999999999,0.162399,25.8636858,0.030346527,0.15352339,0.204515865,0.124531649,0.198931958,0.368773225,1.726333925,0.025329621,True,Pooled_H_plus_CSI_nonSOE,0.039935560750216245,0.11762299999999999,-0.07768743924978375,-14123731830.489185,0.0,1,0,,1.0
600018.SH,上港集团,CSI,地方国有企业,工业,交通运输,工业--交通运输--交通基础设施--海港与服务,2023,,,,,,,,,,203575515172.97,,0.068344,13203137528.87,710060052.85,target_year,,,,,,,,,,SOE_target,0.08431699999999999,0.112127,25.926182,0.03082,0.180808,0.205288,0.113647,0.204329,0.333521,1.798842,0.031603,True,Pooled_H_plus_CSI_nonSOE,0.044306592559813465,0.08431699999999999,-0.040010407440186524,-8145139306.916404,0.0,1,0,,1.0
600018.SH,上港集团,CSI,地方国有企业,工业,交通运输,工业--交通运输--交通基础设施--海港与服务,2024,,,,,,,,,,212055541073.03,,0.0729,14954353821.25,504486954.24,target_year,,,,,,,,,,SOE_target,0.092489,0.11661099999999999,26.039303,0.030003,0.114556,0.18927,0.148418,0.217938,0.331028,2.323133,0.039309,True,Pooled_H_plus_CSI_nonSOE,0.04417929451415867,0.092489,-0.048309705485841334,-10244340735.878809,0.0,1,0,,1.0
600018.SH,上港集团,CSI,地方国有企业,工业,交通运输,工业--交通运输--交通基础设施--海港与服务,2025,,,,,,,,,,221735642992.73,,0.064018,13564589175.03,630411404.37,target_year,,,,,,,,,,SOE_target,0.086867,0.09892200000000001,26.080114,0.026759,0.116886,0.178859,0.12108,0.214478,0.304858,2.113032,0.029471,True,Pooled_H_plus_CSI_nonSOE,0.050226348504783566,0.086867,-0.036640651495216434,-8124538418.96435,0.0,1,0,,1.0
600019.SH,宝钢股份,CSI,中央国有企业,材料,钢铁Ⅱ,材料--钢铁Ⅱ--钢铁Ⅲ--钢铁Ⅳ,2019,,,,,,,,,,339633000000.0,,0.043755661,12423230252.0,2437636362.0,target_year,,,,,,,,,,SOE_target,0.050975,0.070026,26.537816,0.792700029,0.659924097,0.884642307,-0.039430299,0.472887343,0.435326289,0.900867436,0.038072477,True,Pooled_H_plus_CSI_nonSOE,0.17929027733142128,0.050975,0.12831527733142128,43580102585.9026,43580102585.9026,0,1,MarketShare_lag,1.0
600019.SH,宝钢股份,CSI,中央国有企业,材料,钢铁Ⅱ,材料--钢铁Ⅱ--钢铁Ⅲ--钢铁Ⅳ,2020,,,,,,,,,,356225000000.0,,0.039689294,12676775744.0,1461545060.0,target_year,,,,,,,,,,SOE_target,0.046049,0.069955,26.55113147,0.683043162,0.517023931,0.860518238,-0.005954304,0.459035729,0.436992531,0.98474751,0.051892104,True,Pooled_H_plus_CSI_nonSOE,0.18401941232591218,0.046049,0.13797041232591217,49148510130.798065,49148510130.798065,1,0,,1.0
600019.SH,宝钢股份,CSI,中央国有企业,材料,钢铁Ⅱ,材料--钢铁Ⅱ--钢铁Ⅲ--钢铁Ⅳ,2021,,,,,,,,,,380398000000.0,,0.066824544,23631996673.0,1787896717.0,target_year,,,,,,,,,,SOE_target,0.083376,0.12593500000000002,26.59882854,0.679927421,0.51422962,0.811640837,0.048629822,0.44341339,0.439279576,1.134195774,0.054945494,True,Pooled_H_plus_CSI_nonSOE,0.1805034135280424,0.083376,0.09712741352804238,36947073851.240265,36947073851.240265,1,0,,1.0
600019.SH,宝钢股份,CSI,中央国有企业,材料,钢铁Ⅱ,材料--钢铁Ⅱ--钢铁Ⅲ--钢铁Ⅳ,2022,,,,,,,,,,398249000000.0,,0.034483213,12186850692.0,1546049308.0,target_year,,,,,,,,,,SOE_target,0.038641999999999996,0.063217,26.66448276,0.666046227,0.499605416,0.985353956,0.031417823,0.420460315,0.446051724,1.086979158,0.062887585,True,Pooled_H_plus_CSI_nonSOE,0.1891803968810496,0.038641999999999996,0.15053839688104959,59951766019.48112,59951766019.48112,1,0,,1.0
600019.SH,宝钢股份,CSI,中央国有企业,材料,钢铁Ⅱ,材料--钢铁Ⅱ--钢铁Ⅲ--钢铁Ⅳ,2023,,,,,,,,,,376051483588.01,,0.034404,11944052177.22,993608758.07,target_year,,,,,,,,,,SOE_target,0.038966,0.060484,26.710343,0.684954,0.520062,0.941136,0.077592,0.406806,0.457936,1.214609,0.056304,True,Pooled_H_plus_CSI_nonSOE,0.18360051089976542,0.038966,0.14463451089976542,54390022401.88299,54390022401.88299,1,0,,1.0
600019.SH,宝钢股份,CSI,中央国有企业,材料,钢铁Ⅱ,材料--钢铁Ⅱ--钢铁Ⅲ--钢铁Ⅳ,2024,,,,,,,,,,364873528314.28,,0.023675,7361925588.6,1276380176.69,target_year,,,,,,,,,,SOE_target,0.028655,0.036729,26.652992,0.653022,0.490176,0.886335,0.060295,0.436439,0.414607,1.198963,0.05592,True,Pooled_H_plus_CSI_nonSOE,0.19195288153304516,0.028655,0.16329788153304514,59583074201.209496,59583074201.209496,1,0,,1.0
600019.SH,宝钢股份,CSI,中央国有企业,材料,钢铁Ⅱ,材料--钢铁Ⅱ--钢铁Ⅲ--钢铁Ⅳ,2025,,,,,,,,,,363020038344.87,,0.031204,10345621735.27,982227625.3,target_year,,,,,,,,,,SOE_target,0.038849999999999996,0.050873999999999996,26.622817,0.646787,0.484294,0.865952,0.062198,0.440586,0.396602,1.204451,0.052995,True,Pooled_H_plus_CSI_nonSOE,0.19542512080736732,0.038849999999999996,0.15657512080736732,56839906359.34314,56839906359.34314,1,0,,1.0
600023.SH,浙能电力,CSI,地方国有企业,公用事业,公用事业Ⅱ,公用事业--公用事业Ⅱ--电力--电力公用事业,2019,,,,,,,,,,110970000000.0,,0.050534123,4293272329.0,1314488272.0,target_year,,,,,,,,,,SOE_target,0.06282,0.068494,25.42098188,0.094581215,0.148389593,0.504803137,0.064295709,0.496581631,0.369600083,1.42961057,0.0190636,True,Pooled_H_plus_CSI_nonSOE,0.16749719343896055,0.06282,0.10467719343896055,11616028155.921452,11616028155.921452,1,0,,1.0
600023.SH,浙能电力,CSI,地方国有企业,公用事业,公用事业Ⅱ,公用事业--公用事业Ⅱ--电力--电力公用事业,2020,,,,,,,,,,114512000000.0,,0.061668532,6086298670.0,975514753.9,target_year,,,,,,,,,,SOE_target,0.069368,0.092206,25.43252377,0.07992097,0.143602423,0.488571268,0.111892252,0.462811915,0.346698754,1.869567311,0.015793276,True,Pooled_H_plus_CSI_nonSOE,0.167098902104733,0.069368,0.097730902104733,11191361061.817184,11191361061.817184,1,0,,1.0
600023.SH,浙能电力,CSI,地方国有企业,公用事业,公用事业Ⅱ,公用事业--公用事业Ⅱ--电力--电力公用事业,2021,,,,,,,,,,115629000000.0,,0.000902358,-861139048.7,965477507.3,target_year,,,,,,,,,,SOE_target,-0.024626000000000002,-0.013076,25.46394921,0.067378873,0.126082379,0.454519211,0.114780798,0.432954564,0.333572726,1.787152941,0.027964981,True,Pooled_H_plus_CSI_nonSOE,0.1654037006309886,-0.024626000000000002,0.19002970063098862,21972944254.260582,21972944254.260582,1,0,,1.0
600023.SH,浙能电力,CSI,地方国有企业,公用事业,公用事业Ⅱ,公用事业--公用事业Ⅱ--电力--电力公用事业,2022,,,,,,,,,,120921000000.0,,-0.004608855,-1828584556.0,1271279231.0,target_year,,,,,,,,,,SOE_target,-0.026208999999999996,-0.029239,25.47365009,0.075649559,0.130392082,0.613609027,0.03506961,0.416813536,0.379713517,1.175566727,0.040747512,True,Pooled_H_plus_CSI_nonSOE,0.16604471938419593,-0.026208999999999996,0.19225371938419594,23247512001.656357,23247512001.656357,1,0,,1.0
600023.SH,浙能电力,CSI,地方国有企业,公用事业,公用事业Ⅱ,公用事业--公用事业Ⅱ--电力--电力公用事业,2023,,,,,,,,,,147240775217.75,,0.05267,6519770719.89,1235423486.11,target_year,,,,,,,,,,SOE_target,0.06791900000000001,0.101326,25.5184,0.073071,0.129341,0.675243,0.026448,0.388835,0.441894,1.12047,0.046614,True,Pooled_H_plus_CSI_nonSOE,0.15465050283419474,0.06791900000000001,0.08673150283419473,12770413713.107313,12770413713.107313,1,0,,1.0
600023.SH,浙能电力,CSI,地方国有企业,公用事业,公用事业Ⅱ,公用事业--公用事业Ⅱ--电力--电力公用事业,2024,,,,,,,,,,154085417032.43,,0.057312,7753383026.78,1077486855.79,target_year,,,,,,,,,,SOE_target,0.073738,0.110196,25.715335,0.082944,0.121904,0.712701,0.070542,0.360131,0.456895,1.324005,0.061328,True,Pooled_H_plus_CSI_nonSOE,0.15339063424062763,0.073738,0.07965263424062763,12273309364.69872,12273309364.69872,1,0,,1.0
600023.SH,浙能电力,CSI,地方国有企业,公用事业,公用事业Ⅱ,公用事业--公用事业Ⅱ--电力--电力公用事业,2025,,,,,,,,,,156337713781.7,,0.054322,7528041660.9,964494281.96,target_year,,,,,,,,,,SOE_target,0.064713,0.100489,25.760773,0.076372,0.118327,0.580798,0.020493,0.379917,0.436542,1.089867,0.062822,True,Pooled_H_plus_CSI_nonSOE,0.14906230674124463,0.064713,0.08434930674124462,13186977774.99752,13186977774.99752,1,0,,1.0
600025.SH,华能水电,CSI,中央国有企业,公用事业,公用事业Ⅱ,公用事业--公用事业Ⅱ--电力--新能源发电业者,2019,,,,,,,,,,167460000000.0,,0.059975261,5544565706.0,4498862232.0,target_year,,,,,,,,,,SOE_target,0.063759,0.11171900000000001,25.84940273,0.02561941,0.148389593,0.090486908,-0.206299429,0.893747433,0.72808843,0.19707849,0.045755398,True,Pooled_H_plus_CSI_nonSOE,0.056790566512040695,0.063759,-0.006968433487959301,-1166933871.8936646,0.0,0,2,"FixedAssetsRatio_lag, CurrentRatio_lag",1.0
600025.SH,华能水电,CSI,中央国有企业,公用事业,公用事业Ⅱ,公用事业--公用事业Ⅱ--电力--新能源发电业者,2020,,,,,,,,,,164632000000.0,,0.052680692,4834590181.0,3838342905.0,target_year,,,,,,,,,,SOE_target,0.057054,0.082913,25.84400745,0.030372672,0.143602423,0.122003663,-0.120187065,0.890221278,0.661096442,0.272467001,0.025680616,True,Pooled_H_plus_CSI_nonSOE,0.07912084687194716,0.057054,0.02206684687194716,3632909134.222405,3632909134.222405,0,1,FixedAssetsRatio_lag,1.0
600025.SH,华能水电,CSI,中央国有企业,公用事业,公用事业Ⅱ,公用事业--公用事业Ⅱ--电力--新能源发电业者,2021,,,,,,,,,,160654000000.0,,0.057343974,5837544928.0,3375009615.0,target_year,,,,,,,,,,SOE_target,0.04386,0.09267500000000001,25.82697914,0.024891608,0.126082379,0.114008133,-0.098900698,0.898091745,0.614218443,0.28005557,0.026261211,True,Pooled_H_plus_CSI_nonSOE,0.09100911459920587,0.04386,0.047149114599205864,7574693856.820819,7574693856.820819,0,1,FixedAssetsRatio_lag,1.0
600025.SH,华能水电,CSI,中央国有企业,公用事业,公用事业Ⅱ,公用事业--公用事业Ⅱ--电力--新能源发电业者,2022,,,,,,,,,,162879000000.0,,0.05980324,6801255631.0,2939458221.0,target_year,,,,,,,,,,SOE_target,0.051261,0.102966,25.80252053,0.021238323,0.130392082,0.121880419,-0.118007314,0.90376974,0.587768792,0.162074982,0.037470232,True,Pooled_H_plus_CSI_nonSOE,0.09374834271470951,0.051261,0.04248734271470951,6920295894.02917,6920295894.02917,0,2,"FixedAssetsRatio_lag, CurrentRatio_lag",1.0
600025.SH,华能水电,CSI,中央国有企业,公用事业,公用事业Ⅱ,公用事业--公用事业Ⅱ--电力--新能源发电业者,2023,,,,,,,,,,195239265297.35,,0.053107,7638074711.0,2730456864.91,target_year,,,,,,,,,,SOE_target,0.052607999999999995,0.113096,25.816276,0.019028,0.129341,0.128562,-0.108919,0.902161,0.571473,0.169814,0.048581,True,Pooled_H_plus_CSI_nonSOE,0.09634219207848609,0.052607999999999995,0.04373419207848609,8538631529.776809,8538631529.776809,0,2,"FixedAssetsRatio_lag, CurrentRatio_lag",1.0
600025.SH,华能水电,CSI,中央国有企业,公用事业,公用事业Ⅱ,公用事业--公用事业Ⅱ--电力--新能源发电业者,2024,,,,,,,,,,214607123371.44,,0.051125,8297028967.06,2674676981.69,target_year,,,,,,,,,,SOE_target,0.06363100000000001,0.11774699999999999,25.997492,0.019985,0.121904,0.128588,-0.126507,0.906214,0.637761,0.149448,0.092856,True,Pooled_H_plus_CSI_nonSOE,0.07613928784209315,0.06363100000000001,0.012508287842093138,2684367672.093565,2684367672.093565,0,2,"FixedAssetsRatio_lag, CurrentRatio_lag",1.0
600025.SH,华能水电,CSI,中央国有企业,公用事业,公用事业Ⅱ,公用事业--公用事业Ⅱ--电力--新能源发电业者,2025,,,,,,,,,,226717001711.92,,0.049089,8504138221.82,2625266463.59,target_year,,,,,,,,,,SOE_target,0.060695,0.109335,26.092075,0.021295,0.118327,0.119065,-0.17103,0.897786,0.6311,0.141749,0.09497,True,Pooled_H_plus_CSI_nonSOE,0.07507386253476031,0.060695,0.014378862534760312,3259932601.908716,3259932601.908716,0,2,"FixedAssetsRatio_lag, CurrentRatio_lag",1.0
600026.SH,中远海能,CSI,中央国有企业,工业,交通运输,工业--交通运输--海上运输Ⅲ--海上运输Ⅳ,2019,,,,,,,,,,65841861000.0,,0.027846783,413857000.0,1419627000.0,target_year,,,,,,,,,,SOE_target,0.035864,0.014698,24.87298624,0.013892163,0.111099702,0.195469911,-0.062080665,0.777889449,0.53841184,0.638202775,0.054344432,True,Pooled_H_plus_CSI_nonSOE,0.01759790490160995,0.035864,-0.01826609509839005,-1202673694.480979,0.0,0,1,FixedAssetsRatio_lag,1.0
600026.SH,中远海能,CSI,中央国有企业,工业,交通运输,工业--交通运输--海上运输Ⅲ--海上运输Ⅳ,2020,,,,,,,,,,65959857000.0,,0.051866941,2381415000.0,1039721000.0,target_year,,,,,,,,,,SOE_target,0.059844,0.075906,24.91052166,0.014177998,0.108646931,0.21230603,-0.082326986,0.74665104,0.55700514,0.561023832,0.019372797,True,Pooled_H_plus_CSI_nonSOE,0.018905751446464086,0.059844,-0.040938248553535915,-2700281020.4216857,0.0,0,1,FixedAssetsRatio_lag,1.0
600026.SH,中远海能,CSI,中央国有企业,工业,交通运输,工业--交通运输--海上运输Ⅲ--海上运输Ⅳ,2021,,,,,,,,,,59388937000.0,,-0.070025062,-4985386000.0,826672000.0,target_year,,,,,,,,,,SOE_target,-0.05904499999999999,-0.157733,24.91231217,0.020449402,0.123286456,0.246858649,-0.030524157,0.735252413,0.46024222,0.796482244,0.083477455,True,Pooled_H_plus_CSI_nonSOE,0.034876526616297324,-0.05904499999999999,0.09392152661629732,5577899627.159105,5577899627.159105,0,1,FixedAssetsRatio_lag,1.0
600026.SH,中远海能,CSI,中央国有企业,工业,交通运输,工业--交通运输--海上运输Ⅲ--海上运输Ⅳ,2022,,,,,,,,,,68250082000.0,,0.035972367,1461118000.0,993999000.0,target_year,,,,,,,,,,SOE_target,0.058710000000000005,0.048573000000000005,24.8073738,0.011485638,0.15352339,0.20175224,-0.115369871,0.728866944,0.496164025,0.486296004,0.049270254,True,Pooled_H_plus_CSI_nonSOE,0.022319798583026802,0.058710000000000005,-0.0363902014169732,-2483634230.7049375,0.0,0,1,FixedAssetsRatio_lag,1.0
600026.SH,中远海能,CSI,中央国有企业,工业,交通运输,工业--交通运输--海上运输Ⅲ--海上运输Ⅳ,2023,,,,,,,,,,72083612000.0,,0.066136,3348717000.0,1418587000.0,target_year,,,,,,,,,,SOE_target,0.087773,0.10153499999999999,24.946444,0.015811,0.180808,0.290927,-0.032351,0.691269,0.508127,0.791518,0.065197,True,Pooled_H_plus_CSI_nonSOE,0.026330032965753078,0.087773,-0.061442967034246926,-4429030995.825446,0.0,1,0,,1.0
600026.SH,中远海能,CSI,中央国有企业,工业,交通运输,工业--交通运输--海上运输Ⅲ--海上运输Ⅳ,2024,,,,,,,,,,81042317000.0,,0.066951,4038089000.0,1387805000.0,target_year,,,,,,,,,,SOE_target,0.086607,0.11495,25.001093,0.018027,0.114556,0.312291,0.010305,0.69434,0.485274,1.085128,0.078267,True,Pooled_H_plus_CSI_nonSOE,0.035069055049693945,0.086607,-0.05153794495030606,-4176754472.1912527,0.0,1,0,,1.0
600026.SH,中远海能,CSI,中央国有企业,工业,交通运输,工业--交通运输--海上运输Ⅲ--海上运输Ⅳ,2025,,,,,,,,,,92078580000.0,,0.058354,4037075000.0,1336121000.0,target_year,,,,,,,,,,SOE_target,0.075335,0.09814,25.118237,0.016654,0.116886,0.30215,-0.008449,0.672639,0.518953,0.933002,0.097176,True,Pooled_H_plus_CSI_nonSOE,0.02576056968411928,0.075335,-0.04957443031588072,-4564743147.795248,0.0,1,0,,1.0
600027.SH,华电国际,CSI,中央国有企业,公用事业,公用事业Ⅱ,公用事业--公用事业Ⅱ--电力--电力公用事业,2019,,,,,,,,,,232164000000.0,,0.035928784,3385324000.0,4956059000.0,target_year,,,,,,,,,,SOE_target,0.044404000000000006,0.058502,26.15039902,0.147175376,0.148389593,0.391599295,-0.218739097,0.773628096,0.700030648,0.341196999,0.07580338,True,Pooled_H_plus_CSI_nonSOE,0.08485315770400395,0.044404000000000006,0.040449157704003945,9390838249.192371,9390838249.192371,0,1,FixedAssetsRatio_lag,1.0
600027.SH,华电国际,CSI,中央国有企业,公用事业,公用事业Ⅱ,公用事业--公用事业Ⅱ--电力--电力公用事业,2020,,,,,,,,,,236691000000.0,,0.036277765,4166756000.0,4419862000.0,target_year,,,,,,,,,,SOE_target,0.04776,0.06139,26.17071138,0.136033956,0.143602423,0.399220663,-0.175434407,0.759751414,0.652799229,0.395072825,0.064993263,True,Pooled_H_plus_CSI_nonSOE,0.0979486084103312,0.04776,0.05018860841033121,11879191913.249704,11879191913.249704,0,1,FixedAssetsRatio_lag,1.0
600027.SH,华电国际,CSI,中央国有企业,公用事业,公用事业Ⅱ,公用事业--公用事业Ⅱ--电力--电力公用事业,2021,,,,,,,,,,222386000000.0,,0.004040654,-3341982000.0,4240567000.0,target_year,,,,,,,,,,SOE_target,-0.012641,-0.04884,26.19002106,0.11752776,0.126082379,0.381278595,-0.144868062,0.771747976,0.601196772,0.420261511,0.078810724,True,Pooled_H_plus_CSI_nonSOE,0.10753609757111025,-0.012641,0.12017709757111025,26725704020.448925,26725704020.448925,0,1,FixedAssetsRatio_lag,1.0
600027.SH,华电国际,CSI,中央国有企业,公用事业,公用事业Ⅱ,公用事业--公用事业Ⅱ--电力--电力公用事业,2022,,,,,,,,,,226802000000.0,,0.017901154,-30791000.0,4090816000.0,target_year,,,,,,,,,,SOE_target,0.010929,-0.000492,26.12768062,0.108193469,0.130392082,0.4399417,-0.162191446,0.636210561,0.657044275,0.450692943,0.057896499,True,Pooled_H_plus_CSI_nonSOE,0.10017560370044662,0.010929,0.08924660370044663,20241308212.468697,20241308212.468697,1,0,,1.0
600027.SH,华电国际,CSI,中央国有企业,公用事业,公用事业Ⅱ,公用事业--公用事业Ⅱ--电力--电力公用事业,2023,,,,,,,,,,226476498000.0,,0.036399,4601094000.0,3642399000.0,target_year,,,,,,,,,,SOE_target,0.041466,0.069153,26.147345,0.096947,0.129341,0.471786,-0.149299,0.630566,0.678006,0.463299,0.045957,True,Pooled_H_plus_CSI_nonSOE,0.09928196262077454,0.041466,0.05781596262077454,13093956742.851921,13093956742.851921,1,0,,1.0
600027.SH,华电国际,CSI,中央国有企业,公用事业,公用事业Ⅱ,公用事业--公用事业Ⅱ--电力--电力公用事业,2024,,,,,,,,,,227138590000.0,,0.039234,5669855000.0,3241716000.0,target_year,,,,,,,,,,SOE_target,0.05258,0.080532,26.145907,0.101013,0.121904,0.513485,-0.152841,0.626863,0.620701,0.452266,0.046311,True,Pooled_H_plus_CSI_nonSOE,0.1151072884119874,0.05258,0.0625272884119874,14202360126.422157,14202360126.422157,1,0,,1.0
600027.SH,华电国际,CSI,中央国有企业,公用事业,公用事业Ⅱ,公用事业--公用事业Ⅱ--电力--电力公用事业,2025,,,,,,,,,,264230768000.0,,0.034895,6070315000.0,3149957000.0,target_year,,,,,,,,,,SOE_target,0.056004,0.08776400000000001,26.148826,0.098093,0.118327,0.495538,-0.158672,0.612499,0.610296,0.446625,0.039921,True,Pooled_H_plus_CSI_nonSOE,0.116516628794022,0.056004,0.060512628794022,15989298379.943346,15989298379.943346,1,0,,1.0
600028.SH,中国石化,CSI,中央国有企业,能源,石油石化,能源--石油石化--石油天然气--综合性石油天然气,2019,,,,,,,,,,1755070000000.0,,0.042430192,57465000000.0,17003000000.0,target_year,,,,,,,,,,SOE_target,0.059583000000000004,0.07896600000000001,28.09620565,0.515629105,0.452070271,1.772760125,-0.038295355,0.473981792,0.462079573,0.892093053,0.06469477,True,Pooled_H_plus_CSI_nonSOE,0.22202328796168871,0.059583000000000004,0.16244028796168872,285094076192.921,285094076192.921,0,1,FirmSize_lag,1.0
600028.SH,中国石化,CSI,中央国有企业,能源,石油石化,能源--石油石化--石油天然气--综合性石油天然气,2020,,,,,,,,,,1733810000000.0,,0.027852036,33096000000.0,15194000000.0,target_year,,,,,,,,,,SOE_target,0.033555,0.044735,28.19353043,0.502320213,0.44417932,1.732990498,-0.074366222,0.453480799,0.500968907,0.773553283,0.080419539,True,Pooled_H_plus_CSI_nonSOE,0.2071589469275195,0.033555,0.1736039469275195,300996259222.4026,300996259222.4026,0,1,FirmSize_lag,1.0
600028.SH,中国石化,CSI,中央国有企业,能源,石油石化,能源--石油石化--石油天然气--综合性石油天然气,2021,,,,,,,,,,1889260000000.0,,0.046046193,71975000000.0,15018000000.0,target_year,,,,,,,,,,SOE_target,0.065389,0.094974,28.18133953,0.475113231,0.429200271,1.174851729,-0.038525094,0.411817938,0.490797408,0.872086788,0.075665372,True,Pooled_H_plus_CSI_nonSOE,0.16983859374050286,0.065389,0.10444959374050286,197332439470.18243,197332439470.18243,0,1,FirmSize_lag,1.0
600028.SH,中国石化,CSI,中央国有企业,能源,石油石化,能源--石油石化--石油天然气--综合性石油天然气,2022,,,,,,,,,,1948640000000.0,,0.042553781,66153000000.0,16769000000.0,target_year,,,,,,,,,,SOE_target,0.054667,0.084872,28.26720369,0.465583372,0.425995256,1.479136421,-0.044068164,0.399556439,0.515642939,0.870172156,0.076708015,True,Pooled_H_plus_CSI_nonSOE,0.18489215148719595,0.054667,0.13022515148719596,253761939194.00955,253761939194.00955,0,1,FirmSize_lag,1.0
600028.SH,中国石化,CSI,中央国有企业,能源,石油石化,能源--石油石化--石油天然气--综合性石油天然气,2023,,,,,,,,,,2024696000000.0,,0.037724,58310000000.0,18069000000.0,target_year,,,,,,,,,,SOE_target,0.047907000000000005,0.073452,28.298153,0.456404,0.418201,1.69747,-0.074023,0.424268,0.519543,0.783865,0.088537,True,Pooled_H_plus_CSI_nonSOE,0.19919605064521667,0.047907000000000005,0.15128905064521667,306314335685.1676,306314335685.1676,0,1,FirmSize_lag,1.0
600028.SH,中国石化,CSI,中央国有企业,能源,石油石化,能源--石油石化--石油天然气--综合性石油天然气,2024,,,,,,,,,,2081440000000.0,,0.032449,48939000000.0,18601000000.0,target_year,,,,,,,,,,SOE_target,0.039847,0.060462999999999996,28.336441,0.460426,0.410755,1.583995,-0.055634,0.430261,0.527925,0.825923,0.084701,True,Pooled_H_plus_CSI_nonSOE,0.19129803452542665,0.039847,0.15145103452542666,315236241302.60406,315236241302.60406,0,1,FirmSize_lag,1.0
600028.SH,中国石化,CSI,中央国有企业,能源,石油石化,能源--石油石化--石油天然气--综合性石油天然气,2025,,,,,,,,,,2153485000000.0,,0.024018,32476000000.0,19247000000.0,target_year,,,,,,,,,,SOE_target,0.027008,0.039526,28.364081,0.453969,0.406814,1.46869,-0.071451,0.444803,0.532945,0.779094,0.06688,True,Pooled_H_plus_CSI_nonSOE,0.18496432144694044,0.027008,0.15795632144694044,340156568891.16455,340156568891.16455,0,1,FirmSize_lag,1.0
600029.SH,南方航空,CSI,中央国有企业,工业,交通运输,工业--交通运输--航空客运Ⅲ--航空客运Ⅳ,2019,,,,,,,,,,306928000000.0,,0.02764492,2640000000.0,5845000000.0,target_year,,,,,,,,,,SOE_target,0.035481,0.040815000000000004,26.23244767,0.158517157,0.111099702,0.59297309,-0.24140612,0.844235044,0.682246132,0.287643242,0.097534309,True,Pooled_H_plus_CSI_nonSOE,0.018858237675212733,0.035481,-0.016622762324787266,-5101991194.822306,0.0,0,1,FixedAssetsRatio_lag,1.0
600029.SH,南方航空,CSI,中央国有企业,工业,交通运输,工业--交通运输--航空客运Ⅲ--航空客运Ⅳ,2020,,,,,,,,,,326383000000.0,,-0.012656909,-10847000000.0,6716000000.0,target_year,,,,,,,,,,SOE_target,-0.027794,-0.162271,26.44987903,0.153048695,0.108646931,0.534837157,-0.256581348,0.404036126,0.748054918,0.17528537,0.050917479,True,Pooled_H_plus_CSI_nonSOE,-0.004073669824180337,-0.027794,0.023720330175819662,7741912523.774549,7741912523.774549,0,1,CurrentRatio_lag,1.0
600029.SH,南方航空,CSI,中央国有企业,工业,交通运输,工业--交通运输--航空客运Ⅲ--航空客运Ⅳ,2021,,,,,,,,,,323211000000.0,,-0.018266705,-12106000000.0,6202000000.0,target_year,,,,,,,,,,SOE_target,-0.02581,-0.176171,26.51133738,0.109394427,0.123286456,0.274831797,-0.173710028,0.363232766,0.7391684,0.407447665,0.033889633,True,Pooled_H_plus_CSI_nonSOE,-0.02350303868884382,-0.02581,0.0023069613111561804,745635272.3401002,745635272.3401002,1,0,,1.0
600029.SH,南方航空,CSI,中央国有企业,工业,交通运输,工业--交通运输--航空客运Ⅲ--航空客运Ⅳ,2022,,,,,,,,,,312246000000.0,,-0.085487084,-32699000000.0,6006000000.0,target_year,,,,,,,,,,SOE_target,-0.081834,-0.599289,26.5015712,0.086545358,0.15352339,0.293349384,-0.2262423,0.380658455,0.738536127,0.341165871,0.053021091,True,Pooled_H_plus_CSI_nonSOE,-0.02844043474107341,-0.081834,0.05339356525892659,16671927177.838793,16671927177.838793,1,0,,1.0
600029.SH,南方航空,CSI,中央国有企业,工业,交通运输,工业--交通运输--航空客运Ⅲ--航空客运Ⅳ,2023,,,,,,,,,,309596000000.0,,0.005775,-4140000000.0,5928000000.0,target_year,,,,,,,,,,SOE_target,0.013012999999999999,-0.105685,26.467057,0.068893,0.180808,0.254623,-0.345894,0.396537,0.822707,0.236494,0.037458,True,Pooled_H_plus_CSI_nonSOE,-0.04938552040279463,0.013012999999999999,-0.06239852040279463,-19318332322.623608,0.0,1,0,,1.0
600029.SH,南方航空,CSI,中央国有企业,工业,交通运输,工业--交通运输--航空客运Ⅲ--航空客运Ⅳ,2024,,,,,,,,,,329979000000.0,,0.012089,-1769000000.0,5758000000.0,target_year,,,,,,,,,,SOE_target,0.021871,-0.049129,26.458534,0.12459,0.114556,0.487085,-0.327837,0.412641,0.830854,0.215852,0.036722,True,Pooled_H_plus_CSI_nonSOE,-0.025573768933475183,0.021871,-0.047444768933475184,-15655777407.899208,0.0,1,0,,1.0
600029.SH,南方航空,CSI,中央国有企业,工业,交通运输,工业--交通运输--航空客运Ⅲ--航空客运Ⅳ,2025,,,,,,,,,,350053000000.0,,0.018306,855000000.0,5553000000.0,target_year,,,,,,,,,,SOE_target,0.029478,0.024175,26.522295,0.118891,0.116886,0.516421,-0.304986,0.411478,0.839881,0.27285,0.049085,True,Pooled_H_plus_CSI_nonSOE,-0.027596122066337936,0.029478,-0.05707412206633794,-19978967651.687794,0.0,1,0,,1.0
600039.SH,四川路桥,CSI,地方国有企业,工业,建筑,工业--建筑--建筑与工程Ⅲ--建筑与工程Ⅳ,2019,,,,,,,,,,97615480976.0,,0.037211172,1701863780.0,1930522630.0,target_year,,,,,,,,,,SOE_target,0.043567,0.115012,25.1787028,0.009802807,0.178025019,0.501353906,0.024012975,0.027128851,0.820162075,1.051384264,0.043630385,True,Pooled_H_plus_CSI_nonSOE,0.01745398277436218,0.043567,-0.026113017225637823,-2549034736.215209,0.0,1,0,,1.0
600039.SH,四川路桥,CSI,地方国有企业,工业,建筑,工业--建筑--建筑与工程Ⅲ--建筑与工程Ⅳ,2020,,,,,,,,,,113224000000.0,,0.047205214,3025220328.0,2319530755.0,target_year,,,,,,,,,,SOE_target,0.056818999999999995,0.158343,25.30430193,0.011120884,0.179054819,0.571846466,0.014592269,0.025621943,0.823336581,1.030749274,0.051754319,True,Pooled_H_plus_CSI_nonSOE,0.02119113923834931,0.056818999999999995,-0.035627860761650684,-4033928906.877137,0.0,1,0,,1.0
600039.SH,四川路桥,CSI,地方国有企业,工业,建筑,工业--建筑--建筑与工程Ⅲ--建筑与工程Ⅳ,2021,,,,,,,,,,137038000000.0,,0.058043518,5582069265.0,2372125857.0,target_year,,,,,,,,,,SOE_target,0.072688,0.224344,25.45263175,0.011374577,0.179498397,0.577043095,0.041942153,0.028810282,0.781285264,1.091306515,0.043553685,True,Pooled_H_plus_CSI_nonSOE,0.033784708598022656,0.072688,-0.03890329140197735,-5331229247.144172,0.0,1,0,,1.0
600039.SH,四川路桥,CSI,地方国有企业,工业,建筑,工业--建筑--建筑与工程Ⅲ--建筑与工程Ⅳ,2022,,,,,,,,,,208299000000.0,,0.066383319,11212905939.0,2614655615.0,target_year,,,,,,,,,,SOE_target,0.093207,0.325278,25.64352755,0.013775122,0.17910201,0.676295862,0.075618992,0.026636224,0.777198956,1.166354427,0.018731852,True,Pooled_H_plus_CSI_nonSOE,0.04717771055040044,0.093207,-0.04602928944959956,-9587854963.06214,0.0,1,0,,1.0
600039.SH,四川路桥,CSI,地方国有企业,工业,建筑,工业--建筑--建筑与工程Ⅲ--建筑与工程Ⅳ,2023,,,,,,,,,,240914762578.04,,0.04862,9003845893.62,2709537928.39,target_year,,,,,,,,,,SOE_target,0.060896,0.20717400000000002,26.062239,0.019707,0.173049,0.779731,0.109348,0.029618,0.779158,1.209964,0.025586,True,Pooled_H_plus_CSI_nonSOE,0.05668570729252413,0.060896,-0.004210292707475867,-1014321668.0056018,0.0,1,0,,1.0
600039.SH,四川路桥,CSI,地方国有企业,工业,建筑,工业--建筑--建筑与工程Ⅲ--建筑与工程Ⅳ,2024,,,,,,,,,,239773354769.84,,0.042016,7209866536.24,2864382037.39,target_year,,,,,,,,,,SOE_target,0.050009,0.155112,26.207709,0.015611,0.176169,0.510636,0.090428,0.07493,0.789344,1.17526,0.032152,True,Pooled_H_plus_CSI_nonSOE,0.03639864028500646,0.050009,-0.013610359714993539,-3263401608.488284,0.0,1,0,,1.0
600039.SH,四川路桥,CSI,地方国有企业,工业,建筑,工业--建筑--建筑与工程Ⅲ--建筑与工程Ⅳ,2025,,,,,,,,,,267673535809.41,,0.035663,7296866124.06,2249190329.58,target_year,,,,,,,,,,SOE_target,0.045757000000000006,0.14499,26.20296,0.015081,0.174423,0.444562,0.109226,0.016385,0.788718,1.199839,0.031514,True,Pooled_H_plus_CSI_nonSOE,0.029080744759933073,0.045757000000000006,-0.016676255240066933,-4463792204.168918,0.0,1,0,,1.0
600048.SH,保利发展,CSI,中央国有企业,房地产,房地产Ⅱ,房地产--房地产Ⅱ--房地产管理和开发--房地产开发,2019,,,,,,,,,,1033210000000.0,,0.031517,27959019793.0,4604619675.0,target_year,,,,,,,,,,SOE_target,0.056267,0.201184,27.46436886,0.31565396,0.396279334,0.231234939,0.37990177,0.006463865,0.779686125,1.722829263,0.000713354,True,Pooled_H_plus_CSI_nonSOE,0.08582969677404641,0.056267,0.02956269677404641,30544473933.91249,30544473933.91249,0,1,FirmSize_lag,1.0
600048.SH,保利发展,CSI,中央国有企业,房地产,房地产Ⅱ,房地产--房地产Ⅱ--房地产管理和开发--房地产开发,2020,,,,,,,,,,1251370000000.0,,0.025658366,28948429857.0,3159806207.0,target_year,,,,,,,,,,SOE_target,0.045993000000000006,0.172182,27.66369034,0.314541861,0.408200157,0.227794552,0.326382738,0.007711161,0.777855138,1.562316531,0.000270148,True,Pooled_H_plus_CSI_nonSOE,0.08374285366678212,0.045993000000000006,0.037749853666782116,47239034383.00114,47239034383.00114,0,2,"FirmSize_lag, CapexRatio_lag",1.0
600048.SH,保利发展,CSI,中央国有企业,房地产,房地产Ⅱ,房地产--房地产Ⅱ--房地产管理和开发--房地产开发,2021,,,,,,,,,,1399930000000.0,,0.023551996,27387836594.0,5583381396.0,target_year,,,,,,,,,,SOE_target,0.040119999999999996,0.145761,27.855264,0.291838363,0.406330004,0.196621821,0.307236072,0.006557157,0.786924063,1.51142457,0.000317625,True,Pooled_H_plus_CSI_nonSOE,0.07738093994425482,0.040119999999999996,0.03726093994425483,52162707656.16066,52162707656.16066,0,2,"FirmSize_lag, CapexRatio_lag",1.0
600048.SH,保利发展,CSI,中央国有企业,房地产,房地产Ⅱ,房地产--房地产Ⅱ--房地产管理和开发--房地产开发,2022,,,,,,,,,,1470460000000.0,,0.016221919,18346819483.0,5506935348.0,target_year,,,,,,,,,,SOE_target,0.026187000000000002,0.09364800000000001,27.96744553,0.306902177,0.390202805,0.203106181,0.306103727,0.008462026,0.783622181,1.52334607,0.000194029,True,Pooled_H_plus_CSI_nonSOE,0.08044343975078877,0.026187000000000002,0.05425643975078877,79781924395.94485,79781924395.94485,0,2,"FirmSize_lag, CapexRatio_lag",1.0
600048.SH,保利发展,CSI,中央国有企业,房地产,房地产Ⅱ,房地产--房地产Ⅱ--房地产管理和开发--房地产开发,2023,,,,,,,,,,1436911790321.09,,0.011454,12067156751.87,4391271101.53,target_year,,,,,,,,,,SOE_target,0.01694,0.061128999999999996,28.016599,0.281643,0.393852,0.186661,0.311548,0.007289,0.780891,1.543905,0.000127,True,Pooled_H_plus_CSI_nonSOE,0.0778551103372499,0.01694,0.0609151103372499,87529640252.3045,87529640252.3045,0,2,"FirmSize_lag, CapexRatio_lag",1.0
600048.SH,保利发展,CSI,中央国有企业,房地产,房地产Ⅱ,房地产--房地产Ⅱ--房地产管理和开发--房地产开发,2024,,,,,,,,,,1335108015599.69,,0.007223,5001183340.24,4642572794.51,target_year,,,,,,,,,,SOE_target,0.014591,0.025249999999999998,27.993517,0.344359,0.37554,0.231528,0.316517,0.00623,0.765451,1.558916,0.000125,True,Pooled_H_plus_CSI_nonSOE,0.08888367093785048,0.014591,0.07429267093785047,99188740469.4343,99188740469.4343,0,2,"FirmSize_lag, CapexRatio_lag",1.0
600048.SH,保利发展,CSI,中央国有企业,房地产,房地产Ⅱ,房地产--房地产Ⅱ--房地产管理和开发--房地产开发,2025,,,,,,,,,,1188292419390.15,,0.004163,1034698076.02,3911853774.36,target_year,,,,,,,,,,SOE_target,0.010818000000000001,0.005313,27.920033,0.370621,0.353891,0.220606,0.332909,0.004635,0.743444,1.615099,0.000134,True,Pooled_H_plus_CSI_nonSOE,0.09450465129037387,0.010818000000000001,0.08368665129037386,99444213332.49817,99444213332.49817,0,2,"FirmSize_lag, CapexRatio_lag",1.0
600050.SH,中国联通,CSI,中央国有企业,通讯服务,电信服务,通讯服务--电信服务--多元电信服务--综合电信业务,2019,,,,,,,,,,564231000000.0,,0.010101391,4982083711.0,717430307.0,target_year,,,,,,,,,,SOE_target,0.02538,0.03515,27.01809315,0.216004559,0.376451505,0.51908301,-0.254483315,0.707287713,0.414982728,0.355129441,0.104885955,True,Pooled_H_plus_CSI_nonSOE,0.12259838464885056,0.02538,0.09721838464885056,54853626388.8056,54853626388.8056,0,1,FirmSize_lag,1.0
600050.SH,中国联通,CSI,中央国有企业,通讯服务,电信服务,通讯服务--电信服务--多元电信服务--综合电信业务,2020,,,,,,,,,,582475000000.0,,0.009868284,5521311508.0,226721429.0,target_year,,,,,,,,,,SOE_target,0.027835000000000002,0.037942000000000004,27.0587289,0.215538555,0.377325617,0.523110571,-0.218366135,0.648668624,0.426660113,0.404249093,0.106989431,True,Pooled_H_plus_CSI_nonSOE,0.12001642970564641,0.027835000000000002,0.09218142970564641,53693378267.796394,53693378267.796394,0,1,FirmSize_lag,1.0
600050.SH,中国联通,CSI,中央国有企业,通讯服务,电信服务,通讯服务--电信服务--多元电信服务--综合电信业务,2021,,,,,,,,,,593284000000.0,,0.012700151,6305465753.0,1229336920.0,target_year,,,,,,,,,,SOE_target,0.030314,0.042472,27.09055284,0.216924109,0.375629725,0.52757066,-0.195009677,0.622322545,0.430921996,0.488897939,0.100700722,True,Pooled_H_plus_CSI_nonSOE,0.12085253970974197,0.030314,0.09053853970974196,53715066993.15455,53715066993.15455,0,1,FirmSize_lag,1.0
600050.SH,中国联通,CSI,中央国有企业,通讯服务,电信服务,通讯服务--电信服务--多元电信服务--综合电信业务,2022,,,,,,,,,,644687000000.0,,0.010162857,7299489574.0,-747627534.0,target_year,,,,,,,,,,SOE_target,0.032905000000000004,0.048088,27.10893985,0.214754812,0.374126853,0.555261993,-0.183530803,0.593470184,0.433306679,0.536927029,0.121437607,True,Pooled_H_plus_CSI_nonSOE,0.12036008847877969,0.032905000000000004,0.08745508847877968,56381158626.11903,56381158626.11903,0,1,FirmSize_lag,1.0
600050.SH,中国联通,CSI,中央国有企业,通讯服务,电信服务,通讯服务--电信服务--多元电信服务--综合电信业务,2023,,,,,,,,,,662844796563.0,,0.011939,8172679256.0,-258709687.0,target_year,,,,,,,,,,SOE_target,0.034735999999999996,0.05212,27.192031,0.214301,0.373379,0.571171,-0.157774,0.54134,0.461329,0.589832,0.112407,True,Pooled_H_plus_CSI_nonSOE,0.11668737224378732,0.034735999999999996,0.08195137224378732,54321040662.99189,54321040662.99189,0,1,FirmSize_lag,1.0
600050.SH,中国联通,CSI,中央国有企业,通讯服务,电信服务,通讯服务--电信服务--多元电信服务--综合电信业务,2024,,,,,,,,,,672836701609.0,,0.013008,9029899018.0,-277552108.0,target_year,,,,,,,,,,SOE_target,0.037571,0.055725,27.219807,0.211944,0.374249,0.567565,-0.15427,0.531136,0.460002,0.607135,0.119744,True,Pooled_H_plus_CSI_nonSOE,0.11497425526255657,0.037571,0.07740325526255656,52079750964.65803,52079750964.65803,0,1,FirmSize_lag,1.0
600050.SH,中国联通,CSI,中央国有企业,通讯服务,电信服务,通讯服务--电信服务--多元电信服务--综合电信业务,2025,,,,,,,,,,671056308815.0,,0.01273,9126662570.0,-584217448.0,target_year,,,,,,,,,,SOE_target,0.036787,0.05474300000000001,27.234768,0.214383,0.373264,0.5808,-0.159284,0.521086,0.45189,0.597066,0.112571,True,Pooled_H_plus_CSI_nonSOE,0.1179386584926018,0.036787,0.0811516584926018,54457332402.2608,54457332402.2608,0,1,FirmSize_lag,1.0
600085.SH,同仁堂,CSI,地方国有企业,医疗保健,医药生物,医疗保健--医药生物--制药--中药,2019,,,,,,,,,,20921822081.0,,0.049259163,985435905.0,45155539.17,target_year,,,,,,,,,,SOE_target,0.092627,0.106557,23.74259659,0.044393641,0.277672488,0.717188255,0.545479466,0.175814588,0.290478372,3.305792709,0.030049137,True,Pooled_H_plus_CSI_nonSOE,0.08770111357018652,0.092627,-0.004925886429813481,-103058519.47576994,0.0,1,0,,1.0
600085.SH,同仁堂,CSI,地方国有企业,医疗保健,医药生物,医疗保健--医药生物--制药--中药,2020,,,,,,,,,,21837512362.0,,0.045586645,1031440915.0,-35941988.89,target_year,,,,,,,,,,SOE_target,0.09274800000000001,0.108193,23.76405857,0.035361667,0.276190471,0.635012754,0.536228996,0.186854042,0.299285654,3.292555198,0.022168669,True,Pooled_H_plus_CSI_nonSOE,0.08081050968564549,0.09274800000000001,-0.011937490314354524,-260685092.31097218,0.0,1,0,,1.0
600085.SH,同仁堂,CSI,地方国有企业,医疗保健,医药生物,医疗保健--医药生物--制药--中药,2021,,,,,,,,,,25072835362.0,,0.054031558,1227372820.0,127351544.8,target_year,,,,,,,,,,SOE_target,0.099836,0.11994500000000001,23.80689508,0.031735322,0.256105921,0.593509445,0.500448163,0.19275382,0.28808725,2.95210164,0.052705572,True,Pooled_H_plus_CSI_nonSOE,0.07951213770480783,0.099836,-0.02032386229519216,-509576853.2473125,0.0,1,0,,1.0
600085.SH,同仁堂,CSI,地方国有企业,医疗保健,医药生物,医疗保健--医药生物--制药--中药,2022,,,,,,,,,,27044491890.0,,0.052549744,1425811705.0,-4630592.51,target_year,,,,,,,,,,SOE_target,0.104262,0.12707100000000002,23.94505084,0.030176801,0.230275265,0.615993482,0.47347069,0.160434637,0.33503726,2.883619323,0.018793541,True,Pooled_H_plus_CSI_nonSOE,0.0743959969565596,0.104262,-0.029866003043440392,-807710877.095039,0.0,1,0,,1.0
600085.SH,同仁堂,CSI,地方国有企业,医疗保健,医药生物,医疗保健--医药生物--制药--中药,2023,,,,,,,,,,30089450163.66,,0.051802,1668834509.63,-110139252.35,target_year,,,,,,,,,,SOE_target,0.10784,0.13423,24.020749,0.028082,0.212266,0.583495,0.525941,0.145857,0.31764,3.245059,0.012203,True,Pooled_H_plus_CSI_nonSOE,0.07650377893905458,0.10784,-0.03133622106094543,-942889661.9307503,0.0,1,0,,1.0
600085.SH,同仁堂,CSI,地方国有企业,医疗保健,医药生物,医疗保健--医药生物--制药--中药,2024,,,,,,,,,,31197524019.77,,0.049119,1526274925.98,6104419.93,target_year,,,,,,,,,,SOE_target,0.091748,0.116268,24.12744,0.02949,0.216978,0.619334,0.538375,0.130842,0.32677,3.261915,0.010785,True,Pooled_H_plus_CSI_nonSOE,0.07734457064946856,0.091748,-0.014403429350531433,-449351333.1302646,0.0,1,0,,1.0
600085.SH,同仁堂,CSI,地方国有企业,医疗保健,医药生物,医疗保健--医药生物--制药--中药,2025,,,,,,,,,,30621119491.71,,0.036822,1189374356.88,-61856885.45,target_year,,,,,,,,,,SOE_target,0.063568,0.088584,24.163605,0.030434,0.230555,0.601836,0.516001,0.132703,0.330043,3.11878,0.016654,True,Pooled_H_plus_CSI_nonSOE,0.07448443067111304,0.063568,0.010916430671113045,334273328.00312054,334273328.00312054,1,0,,1.0
600104.SH,上汽集团,CSI,地方国有企业,可选消费,汽车与零配件,可选消费--汽车与零配件--汽车--汽车制造,2019,,,,,,,,,,849333000000.0,,0.03253059,25603384202.0,2025928206.0,target_year,,,,,,,,,,SOE_target,0.050204000000000006,0.105784,27.38610456,0.591110538,0.376606004,1.168639891,0.049890403,0.115023003,0.636265723,1.094256631,0.040848718,True,Pooled_H_plus_CSI_nonSOE,0.09911792792436949,0.050204000000000006,0.04891392792436949,41544213145.788506,41544213145.788506,0,1,FirmSize_lag,1.0
600104.SH,上汽集团,CSI,地方国有企业,可选消费,汽车与零配件,可选消费--汽车与零配件--汽车--汽车制造,2020,,,,,,,,,,919415000000.0,,0.022784011,20431037480.0,516918858.2,target_year,,,,,,,,,,SOE_target,0.040583999999999995,0.080152,27.4677175,0.584514926,0.369422071,1.004740563,0.056932128,0.116848769,0.645793199,1.104481436,0.031712856,True,Pooled_H_plus_CSI_nonSOE,0.08744247915660741,0.040583999999999995,0.046858479156607416,43082388613.77221,43082388613.77221,0,1,FirmSize_lag,1.0
600104.SH,上汽集团,CSI,地方国有企业,可选消费,汽车与零配件,可选消费--汽车与零配件--汽车--汽车制造,2021,,,,,,,,,,916923000000.0,,0.027371208,24533097944.0,564183662.3,target_year,,,,,,,,,,SOE_target,0.045260999999999996,0.091905,27.54700317,0.537049464,0.324255792,0.811062728,0.060136769,0.104539258,0.662784059,1.108225401,0.016464627,True,Pooled_H_plus_CSI_nonSOE,0.0739275970380163,0.045260999999999996,0.0286665970380163,26285062155.88902,26285062155.88902,0,1,FirmSize_lag,1.0
600104.SH,上汽集团,CSI,地方国有企业,可选消费,汽车与零配件,可选消费--汽车与零配件--汽车--汽车制造,2022,,,,,,,,,,990107000000.0,,0.015506544,16117549650.0,-764406025.7,target_year,,,,,,,,,,SOE_target,0.02944,0.058291,27.544289,0.49624797,0.289774151,0.82160727,0.070374421,0.101621896,0.641441168,1.13429849,0.02044087,True,Pooled_H_plus_CSI_nonSOE,0.0809404335680065,0.02944,0.051500433568006494,50990939778.71821,50990939778.71821,0,1,FirmSize_lag,1.0
600104.SH,上汽集团,CSI,地方国有企业,可选消费,汽车与零配件,可选消费--汽车与零配件--汽车--汽车制造,2023,,,,,,,,,,1006650278661.54,,0.013857,14106165142.98,-156683993.96,target_year,,,,,,,,,,SOE_target,0.026015,0.049885,27.621079,0.398005,0.236564,0.750589,0.038572,0.095925,0.66034,1.070207,0.023164,True,Pooled_H_plus_CSI_nonSOE,0.0730458235320984,0.026015,0.047030823532098406,47343591614.26858,47343591614.26858,0,1,FirmSize_lag,1.0
600104.SH,上汽集团,CSI,地方国有企业,可选消费,汽车与零配件,可选消费--汽车与零配件--汽车--汽车制造,2024,,,,,,,,,,957143417731.69,,0.004932,1666376761.07,3054077070.48,target_year,,,,,,,,,,SOE_target,0.013815,0.005805,27.637649,0.342769,0.222276,0.722406,0.071692,0.097073,0.659358,1.131829,0.019282,True,Pooled_H_plus_CSI_nonSOE,0.0739266916501318,0.013815,0.0601116916501318,57535509991.64064,57535509991.64064,0,1,FirmSize_lag,1.0
600104.SH,上汽集团,CSI,地方国有企业,可选消费,汽车与零配件,可选消费--汽车与零配件--汽车--汽车制造,2025,,,,,,,,,,960207461450.69,,0.010248,10105800270.34,-265824180.92,target_year,,,,,,,,,,SOE_target,0.025705,0.034451999999999997,27.587219,0.26178,0.204324,0.620374,0.094252,0.100007,0.63774,1.176221,0.021734,True,Pooled_H_plus_CSI_nonSOE,0.06835266458454908,0.025705,0.042647664584549085,40950605747.53037,40950605747.53037,0,1,FirmSize_lag,1.0
600111.SH,北方稀土,CSI,地方国有企业,材料,有色金属,材料--有色金属--其他金属与采矿--金属非金属,2019,,,,,,,,,,23249789494.0,,0.043282698,616294511.7,390019111.1,target_year,,,,,,,,,,SOE_target,0.05133,0.065095,23.8938532,0.017646653,0.167062795,0.622517459,0.470818754,0.163159257,0.47422306,2.82050655,0.007902791,True,Pooled_H_plus_CSI_nonSOE,0.15273799898992585,0.05133,0.10140799898992585,2357714629.5235405,2357714629.5235405,1,0,,1.0
600111.SH,北方稀土,CSI,地方国有企业,材料,有色金属,材料--有色金属--其他金属与采矿--金属非金属,2020,,,,,,,,,,25529146004.0,,0.048506632,832623455.2,405709442.1,target_year,,,,,,,,,,SOE_target,0.060104,0.082956,23.86956191,0.019452349,0.15478921,0.764815494,0.477193011,0.16554144,0.442861415,2.937880661,0.008883409,True,Pooled_H_plus_CSI_nonSOE,0.16946622858602403,0.060104,0.10936222858602404,2791924300.89543,2791924300.89543,1,0,,1.0
600111.SH,北方稀土,CSI,地方国有企业,材料,有色金属,材料--有色金属--其他金属与采矿--金属非金属,2021,,,,,,,,,,34707756657.0,,0.159096641,5130043122.0,391844362.9,target_year,,,,,,,,,,SOE_target,0.222313,0.39806600000000003,23.96308662,0.019082992,0.159708925,0.867219831,0.564907722,0.150001984,0.459639851,4.537805877,0.005932262,True,Pooled_H_plus_CSI_nonSOE,0.1617377853177002,0.222313,-0.060575214682299816,-2102429810.6387956,0.0,1,0,,1.0
600111.SH,北方稀土,CSI,地方国有企业,材料,有色金属,材料--有色金属--其他金属与采矿--金属非金属,2022,,,,,,,,,,36645246207.0,,0.16901701,5983647410.0,210022530.5,target_year,,,,,,,,,,SOE_target,0.20846800000000001,0.340184,24.27022903,0.020218983,0.168216562,1.002172561,0.480913141,0.128744205,0.446127904,2.662234864,0.009474372,True,Pooled_H_plus_CSI_nonSOE,0.18795233309137455,0.20846800000000001,-0.02051566690862547,-751801664.9673829,0.0,1,0,,1.0
600111.SH,北方稀土,CSI,地方国有企业,材料,有色金属,材料--有色金属--其他金属与采矿--金属非金属,2023,,,,,,,,,,40496655048.44,,0.062697,2370740184.54,168287209.07,target_year,,,,,,,,,,SOE_target,0.081204,0.11439,24.32455,0.0216,0.153058,1.037221,0.48697,0.15619,0.316914,2.914617,0.027693,True,Pooled_H_plus_CSI_nonSOE,0.21708761868079768,0.081204,0.13588361868079768,5502832032.450022,5502832032.450022,1,0,,1.0
600111.SH,北方稀土,CSI,地方国有企业,材料,有色金属,材料--有色金属--其他金属与采矿--金属非金属,2024,,,,,,,,,,45380919517.66,,0.026432,1004276921.89,195231222.79,target_year,,,,,,,,,,SOE_target,0.047333999999999994,0.045596,24.424485,0.019248,0.159476,0.864691,0.486653,0.170179,0.335716,3.131002,0.027501,True,Pooled_H_plus_CSI_nonSOE,0.19970378684757623,0.047333999999999994,0.15236978684757624,6914681033.852867,6914681033.852867,1,0,,1.0
600111.SH,北方稀土,CSI,地方国有企业,材料,有色金属,材料--有色金属--其他金属与采矿--金属非金属,2025,,,,,,,,,,48127817177.89,,0.050843,2251272073.68,195668514.09,target_year,,,,,,,,,,SOE_target,0.076569,0.09561,24.538358,0.018338,0.15747,0.764517,0.457977,0.200181,0.379574,2.910177,0.037205,True,Pooled_H_plus_CSI_nonSOE,0.18527286019441344,0.076569,0.10870386019441344,5231679509.967645,5231679509.967645,1,0,,1.0
600115.SH,中国东航,CSI,中央国有企业,工业,交通运输,工业--交通运输--航空客运Ⅲ--航空客运Ⅳ,2019,,,,,,,,,,285185000000.0,,0.029321318,3192000000.0,5170000000.0,target_year,,,,,,,,,,SOE_target,0.035761,0.05026099999999999,26.19980052,0.13235558,0.111099702,0.491859096,-0.239029023,0.753519624,0.742273562,0.218055403,0.045402628,True,Pooled_H_plus_CSI_nonSOE,0.0030762692569138717,0.035761,-0.03268473074308613,-9321194936.967018,0.0,0,1,FixedAssetsRatio_lag,1.0
600115.SH,中国东航,CSI,中央国有企业,工业,交通运输,工业--交通运输--航空客运Ⅲ--航空客运Ⅳ,2020,,,,,,,,,,284650000000.0,,-0.02326717,-11836000000.0,5213000000.0,target_year,,,,,,,,,,SOE_target,-0.040155,-0.18898700000000002,26.37640393,0.125014343,0.108646931,0.461600681,-0.205550783,0.348675421,0.745267107,0.251942881,0.026610797,True,Pooled_H_plus_CSI_nonSOE,-0.01137783028593721,-0.040155,0.028777169714062793,8191421359.107974,8191421359.107974,1,0,,1.0
600115.SH,中国东航,CSI,中央国有企业,工业,交通运输,工业--交通运输--航空客运Ⅲ--航空客运Ⅳ,2021,,,,,,,,,,288790000000.0,,-0.022168358,-12214000000.0,5812000000.0,target_year,,,,,,,,,,SOE_target,-0.041992,-0.222348,26.37452619,0.073820843,0.123286456,0.206119315,-0.271596698,0.354972774,0.792186896,0.225412793,0.025459336,True,Pooled_H_plus_CSI_nonSOE,-0.04372252437861182,-0.041992,-0.0017305243786118196,-499758135.2993074,0.0,1,0,,1.0
600115.SH,中国东航,CSI,中央国有企业,工业,交通运输,工业--交通运输--航空客运Ⅲ--航空客运Ⅳ,2022,,,,,,,,,,287984000000.0,,-0.0992069,-37386000000.0,8816000000.0,target_year,,,,,,,,,,SOE_target,-0.110379,-0.8803230000000001,26.38896562,0.06097388,0.15352339,0.234120396,-0.200772187,0.322871291,0.802098411,0.324946735,0.037421656,True,Pooled_H_plus_CSI_nonSOE,-0.049981479000036313,-0.110379,0.06039752099996369,17393519687.653545,17393519687.653545,1,0,,1.0
600115.SH,中国东航,CSI,中央国有企业,工业,交通运输,工业--交通运输--航空客运Ⅲ--航空客运Ⅳ,2023,,,,,,,,,,284733000000.0,,-0.00733,-8168000000.0,6081000000.0,target_year,,,,,,,,,,SOE_target,-0.009401,-0.22023900000000002,26.386171,0.039267,0.180808,0.159893,-0.274435,0.309767,0.887692,0.25753,0.03479,True,Pooled_H_plus_CSI_nonSOE,-0.07762257366208292,-0.009401,-0.06822157366208292,-19424933333.525856,0.0,1,0,,1.0
600115.SH,中国东航,CSI,中央国有企业,工业,交通运输,工业--交通运输--航空客运Ⅲ--航空客运Ⅳ,2024,,,,,,,,,,278842000000.0,,0.003307,-4226000000.0,5148000000.0,target_year,,,,,,,,,,SOE_target,0.004007,-0.09870799999999999,26.374818,0.093572,0.114556,0.397198,-0.283076,0.337098,0.847355,0.241502,0.065553,True,Pooled_H_plus_CSI_nonSOE,-0.04618170596868855,0.004007,-0.050188705968688546,-13994719149.721052,0.0,1,0,,1.0
600115.SH,中国东航,CSI,中央国有企业,工业,交通运输,工业--交通运输--航空客运Ⅲ--航空客运Ⅳ,2025,,,,,,,,,,294006000000.0,,0.00868,-1633000000.0,4185000000.0,target_year,,,,,,,,,,SOE_target,0.015205,-0.039456000000000005,26.353911,0.095116,0.116886,0.468864,-0.340336,0.370568,0.843456,0.167566,0.058596,True,Pooled_H_plus_CSI_nonSOE,-0.03730794121634515,0.015205,-0.052512941216345144,-15439119795.25277,0.0,0,1,CurrentRatio_lag,1.0
600150.SH,中国船舶,CSI,中央国有企业,工业,机械,工业--机械--机械Ⅲ--建筑机械与重型卡车,2019,,,,,,,,,,44351383662.0,,0.012464128,404757012.2,148044295.7,target_year,,,,,,,,,,SOE_target,0.009106999999999999,0.026532,24.53591577,0.029817025,0.247583643,0.344076768,0.270348175,0.193985661,0.544529807,1.710203397,0.006719063,True,Pooled_H_plus_CSI_nonSOE,0.07077937899582386,0.009106999999999999,0.06167237899582386,2735255342.1920543,2735255342.1920543,1,0,,1.0
600150.SH,中国船舶,CSI,中央国有企业,工业,机械,工业--机械--机械Ⅲ--建筑机械与重型卡车,2020,,,,,,,,,,152510000000.0,,0.001747771,305800985.4,-39249305.42,target_year,,,,,,,,,,SOE_target,0.0031569999999999997,0.009995,24.51540974,0.035511472,0.225950341,0.514956109,0.259465378,0.201965756,0.52498716,1.691017199,0.017188794,True,Pooled_H_plus_CSI_nonSOE,0.08741602060669523,0.0031569999999999997,0.08425902060669524,12850343232.72709,12850343232.72709,1,0,,1.0
600150.SH,中国船舶,CSI,中央国有企业,工业,机械,工业--机械--机械Ⅲ--建筑机械与重型卡车,2021,,,,,,,,,,160402000000.0,,-0.003399258,213814622.4,-759063293.3,target_year,,,,,,,,,,SOE_target,0.002098,0.004657,25.75049291,0.072042941,0.195497669,0.559491297,0.129903575,0.174424107,0.6536226,1.219782006,0.013788703,True,Pooled_H_plus_CSI_nonSOE,0.0713299931588716,0.002098,0.0692319931588716,11104950166.669323,11104950166.669323,1,0,,1.0
600150.SH,中国船舶,CSI,中央国有企业,工业,机械,工业--机械--机械Ⅲ--建筑机械与重型卡车,2022,,,,,,,,,,162438000000.0,,-0.006994407,171873146.3,-1308027192.0,target_year,,,,,,,,,,SOE_target,0.013464,0.0037359999999999997,25.80095053,0.074553764,0.187780789,0.380590501,0.158124474,0.16421145,0.668931232,1.272382023,0.007356286,True,Pooled_H_plus_CSI_nonSOE,0.05752934512294171,0.013464,0.044065345122941704,7157886531.080404,7157886531.080404,1,0,,1.0
600150.SH,中国船舶,CSI,中央国有企业,工业,机械,工业--机械--机械Ⅲ--建筑机械与重型卡车,2023,,,,,,,,,,177832168643.44,,0.009259,2957396962.72,-1310930190.34,target_year,,,,,,,,,,SOE_target,0.017764,0.062717,25.813559,0.080153,0.187488,0.367781,0.150325,0.129527,0.689239,1.259374,0.008802,True,Pooled_H_plus_CSI_nonSOE,0.049952261044216406,0.017764,0.032188261044216404,5724108266.354162,5724108266.354162,1,0,,1.0
600150.SH,中国船舶,CSI,中央国有企业,工业,机械,工业--机械--机械Ⅲ--建筑机械与重型卡车,2024,,,,,,,,,,181976769308.99,,0.011201,3614135616.3,-1575781961.35,target_year,,,,,,,,,,SOE_target,0.014025000000000001,0.07283,25.904106,0.091615,0.188674,0.438522,0.14979,0.122893,0.704932,1.249494,0.013618,True,Pooled_H_plus_CSI_nonSOE,0.05140511721530244,0.014025000000000001,0.03738011721530244,6802312967.232098,6802312967.232098,1,0,,1.0
600150.SH,中国船舶,CSI,中央国有企业,工业,机械,工业--机械--机械Ⅲ--建筑机械与重型卡车,2025,,,,,,,,,,420489480242.16,,0.013112,7848378198.33,-2334822741.29,target_year,,,,,,,,,,SOE_target,0.027851,0.080778,25.927145,0.092837,0.187309,0.435525,0.148662,0.119424,0.6963,1.243995,0.009025,True,Pooled_H_plus_CSI_nonSOE,0.053555473998508095,0.027851,0.025704473998508094,10808460911.530785,10808460911.530785,1,0,,1.0
600160.SH,巨化股份,CSI,地方国有企业,材料,化工,材料--化工--基础化工--商品化工,2019,,,,,,,,,,15385300893.0,,0.058389253,895359996.4,2976229.44,target_year,,,,,,,,,,SOE_target,0.068131,0.070288,23.44894781,0.058569237,0.192081294,1.101103205,0.357058844,0.368157629,0.156008094,3.558695124,0.069004854,True,Pooled_H_plus_CSI_nonSOE,0.20552923360764164,0.068131,0.13739823360764164,2113913166.2202716,2113913166.2202716,1,0,,1.0
600160.SH,巨化股份,CSI,地方国有企业,材料,化工,材料--化工--基础化工--商品化工,2020,,,,,,,,,,15691644389.0,,0.009376308,95375175.24,51754515.63,target_year,,,,,,,,,,SOE_target,0.008813999999999999,0.007516,23.4566784,0.057567958,0.180537484,1.012933043,0.300401662,0.441129176,0.14094665,3.51676239,0.114227752,True,Pooled_H_plus_CSI_nonSOE,0.19959765484348352,0.008813999999999999,0.19078365484348353,2993709267.037661,2993709267.037661,1,0,,1.0
600160.SH,巨化股份,CSI,地方国有企业,材料,化工,材料--化工--基础化工--商品化工,2021,,,,,,,,,,17894390845.0,,0.063603951,1109093339.0,29060612.11,target_year,,,,,,,,,,SOE_target,0.06406200000000001,0.085906,23.4763942,0.053828028,0.203999831,1.030213477,0.203862432,0.490215989,0.179823706,2.293492469,0.120151089,True,Pooled_H_plus_CSI_nonSOE,0.20004130159149147,0.06406200000000001,0.13597930159149146,2433266769.508279,2433266769.508279,1,0,,1.0
600160.SH,巨化股份,CSI,地方国有企业,材料,化工,材料--化工--基础化工--商品化工,2022,,,,,,,,,,22626691197.0,,0.10046582,2380732575.0,-107523486.8,target_year,,,,,,,,,,SOE_target,0.134514,0.16531700000000002,23.60775314,0.033818168,0.197245037,1.067433871,0.145556896,0.47974255,0.238189141,1.7330402,0.095100199,True,Pooled_H_plus_CSI_nonSOE,0.19440667313359108,0.134514,0.05989267313359109,1355173019.956624,1355173019.956624,1,0,,1.0
600160.SH,巨化股份,CSI,地方国有企业,材料,化工,材料--化工--基础化工--商品化工,2023,,,,,,,,,,23383806879.39,,0.039421,943505301.47,-21689528.72,target_year,,,,,,,,,,SOE_target,0.046794,0.059823,23.842396,0.029618,0.212868,1.056345,0.129305,0.489276,0.302398,1.596604,0.15415,True,Pooled_H_plus_CSI_nonSOE,0.17395910075733362,0.046794,0.12716510075733362,2973604157.90766,2973604157.90766,1,0,,1.0
600160.SH,巨化股份,CSI,地方国有企业,材料,化工,材料--化工--基础化工--商品化工,2024,,,,,,,,,,27913610331.15,,0.071699,1959534855.24,41838704.69,target_year,,,,,,,,,,SOE_target,0.09899699999999999,0.115721,23.87531,0.025104,0.215825,0.893905,0.081446,0.526715,0.299657,1.421695,0.127952,True,Pooled_H_plus_CSI_nonSOE,0.16738537709636517,0.09899699999999999,0.06838837709636518,1908966509.4476812,1908966509.4476812,1,0,,1.0
600160.SH,巨化股份,CSI,地方国有企业,材料,化工,材料--化工--基础化工--商品化工,2025,,,,,,,,,,38208012673.28,,0.101902,3783228877.44,110248162.07,target_year,,,,,,,,,,SOE_target,0.156815,0.19794899999999999,24.05238,0.029335,0.213171,0.949932,0.10628,0.516944,0.312525,1.595459,0.069399,True,Pooled_H_plus_CSI_nonSOE,0.17634193953507543,0.156815,0.01952693953507542,746085553.226534,746085553.226534,1,0,,1.0
600161.SH,天坛生物,CSI,中央国有企业,医疗保健,医药生物,医疗保健--医药生物--生物科技Ⅲ--生物科技Ⅳ,2019,,,,,,,,,,6314412346.0,,0.096777628,611093849.3,0.0,target_year,,,,,,,,,,SOE_target,0.179251,0.167189,22.34600895,0.009154301,0.277672488,0.663614746,0.58229648,0.194766146,0.142133659,7.116183644,0.058004009,True,Pooled_H_plus_CSI_nonSOE,0.0659267827780163,0.179251,-0.1133242172219837,-715575836.3272797,0.0,1,0,,1.0
600161.SH,天坛生物,CSI,中央国有企业,医疗保健,医药生物,医疗保健--医药生物--生物科技Ⅲ--生物科技Ⅳ,2020,,,,,,,,,,7541051691.0,,0.080718513,639006857.1,-30304376.4,target_year,,,,,,,,,,SOE_target,0.159485,0.151122,22.56610053,0.008736307,0.276190471,0.570658994,0.537566054,0.247020815,0.18007217,6.206630682,0.083337901,True,Pooled_H_plus_CSI_nonSOE,0.05950448505827266,0.159485,-0.09998051494172733,-753958231.2683636,0.0,1,0,,1.0
600161.SH,天坛生物,CSI,中央国有企业,医疗保健,医药生物,医疗保健--医药生物--生物科技Ⅲ--生物科技Ⅳ,2021,,,,,,,,,,11577632332.0,,0.060104193,760012025.0,-64147776.17,target_year,,,,,,,,,,SOE_target,0.129822,0.12092499999999999,22.74362749,0.008525476,0.256105921,0.492054521,0.49287932,0.264855123,0.200250169,4.956767402,0.080745481,True,Pooled_H_plus_CSI_nonSOE,0.06332398533139977,0.129822,-0.06649801466860022,-769889564.6409962,0.0,1,0,,1.0
600161.SH,天坛生物,CSI,中央国有企业,医疗保健,医药生物,医疗保健--医药生物--生物科技Ⅲ--生物科技Ⅳ,2022,,,,,,,,,,12940709340.0,,0.06360082,881029002.2,-57989278.24,target_year,,,,,,,,,,SOE_target,0.116343,0.104587,23.17234083,0.0084904,0.230275265,0.425247477,0.581824335,0.223624264,0.113215656,9.320564621,0.0977486,True,Pooled_H_plus_CSI_nonSOE,0.04607480610779189,0.116343,-0.07026819389220812,-909320273.0058286,0.0,1,0,,1.0
600161.SH,天坛生物,CSI,中央国有企业,医疗保健,医药生物,医疗保健--医药生物--生物科技Ⅲ--生物科技Ⅳ,2023,,,,,,,,,,14188056936.91,,0.074736,1109888597.22,-49525032.2,target_year,,,,,,,,,,SOE_target,0.132597,0.119225,23.283644,0.007787,0.212266,0.343937,0.472413,0.309779,0.122433,6.282215,0.104633,True,Pooled_H_plus_CSI_nonSOE,0.06130198343893482,0.132597,-0.07129501656106517,-1011537754.286334,0.0,1,0,,1.0
600161.SH,天坛生物,CSI,中央国有企业,医疗保健,医药生物,医疗保健--医药生物--生物科技Ⅲ--生物科技Ⅳ,2024,,,,,,,,,,15869522217.56,,0.095545,1549164832.24,-32913962.1,target_year,,,,,,,,,,SOE_target,0.167299,0.147812,23.375666,0.008554,0.216978,0.378329,0.4433,0.340882,0.101049,5.915182,0.075947,True,Pooled_H_plus_CSI_nonSOE,0.07486161960543994,0.167299,-0.09243738039456006,-1466937061.904516,0.0,1,0,,1.0
600161.SH,天坛生物,CSI,中央国有企业,医疗保健,医药生物,医疗保健--医药生物--生物科技Ⅲ--生物科技Ⅳ,2025,,,,,,,,,,16583015601.51,,0.065656,1090837981.2,-2060925.16,target_year,,,,,,,,,,SOE_target,0.112205,0.095379,23.487666,0.009853,0.230555,0.397298,0.416015,0.36459,0.084207,6.892785,0.067262,True,Pooled_H_plus_CSI_nonSOE,0.0674722295456813,0.112205,-0.0447327704543187,-741804230.3427325,0.0,1,0,,1.0
600176.SH,中国巨石,CSI,中央国有企业,材料,建材Ⅱ,材料--建材Ⅱ--建材Ⅲ--建材Ⅳ,2019,,,,,,,,,,33604242332.0,,0.078703117,2128865280.0,515893338.2,target_year,,,,,,,,,,SOE_target,0.094403,0.142471,24.13673625,0.065989415,0.736746816,0.360641015,-0.166593432,0.677495813,0.51991577,0.589855446,0.199344878,True,Pooled_H_plus_CSI_nonSOE,0.07267755155545928,0.094403,-0.021725448444540718,-730067234.3017187,0.0,1,0,,1.0
600176.SH,中国巨石,CSI,中央国有企业,材料,建材Ⅱ,材料--建材Ⅱ--建材Ⅲ--建材Ⅳ,2020,,,,,,,,,,36737268363.0,,0.078969139,2416110989.0,484999467.5,target_year,,,,,,,,,,SOE_target,0.08114,0.146063,24.23791816,0.057753522,0.764425084,0.326127262,-0.074864208,0.646960783,0.521473005,0.784352158,0.152040284,True,Pooled_H_plus_CSI_nonSOE,0.07556185083500402,0.08114,-0.00557814916499598,-204925962.84330168,0.0,1,0,,1.0
600176.SH,中国巨石,CSI,中央国有企业,材料,建材Ⅱ,材料--建材Ⅱ--建材Ⅲ--建材Ⅳ,2021,,,,,,,,,,43828317485.0,,0.147346744,6028473747.0,429486116.3,target_year,,,,,,,,,,SOE_target,0.190828,0.301392,24.32705756,0.05657087,0.753086611,0.328811274,-0.012078152,0.619425523,0.500610691,0.961569222,0.041692723,True,Pooled_H_plus_CSI_nonSOE,0.0966087764650268,0.190828,-0.0942192235349732,-4129470042.280989,0.0,1,0,,1.0
600176.SH,中国巨石,CSI,中央国有企业,材料,建材Ⅱ,材料--建材Ⅱ--建材Ⅲ--建材Ⅳ,2022,,,,,,,,,,48633670689.0,,0.141381399,6610015912.0,265880466.9,target_year,,,,,,,,,,SOE_target,0.173891,0.26353000000000004,24.50354596,0.093825706,0.668525521,0.485327071,0.00410086,0.612297252,0.463330844,1.0129454,0.083408369,True,Pooled_H_plus_CSI_nonSOE,0.11995304002406404,0.173891,-0.05393795997593595,-2623200983.1061316,0.0,1,0,,1.0
600176.SH,中国巨石,CSI,中央国有企业,材料,建材Ⅱ,材料--建材Ⅱ--建材Ⅲ--建材Ⅳ,2023,,,,,,,,,,52073958059.2,,0.06291,3044441957.13,231536047.89,target_year,,,,,,,,,,SOE_target,0.073635,0.108267,24.607582,0.116572,0.617588,0.433087,-0.017491,0.687123,0.407869,0.933374,0.114058,True,Pooled_H_plus_CSI_nonSOE,0.12946830207452573,0.073635,0.05583330207452572,2907461030.5354967,2907461030.5354967,1,0,,1.0
600176.SH,中国巨石,CSI,中央国有企业,材料,建材Ⅱ,材料--建材Ⅱ--建材Ⅲ--建材Ⅳ,2024,,,,,,,,,,53378083328.82,,0.04988,2444813278.64,217662066.36,target_year,,,,,,,,,,SOE_target,0.056956,0.083323,24.675931,0.082401,0.650954,0.291024,-0.020449,0.671059,0.42393,0.926322,0.028037,True,Pooled_H_plus_CSI_nonSOE,0.12222296861041607,0.056956,0.06526696861041606,3483825689.106268,3483825689.106268,1,0,,1.0
600176.SH,中国巨石,CSI,中央国有企业,材料,建材Ⅱ,材料--建材Ⅱ--建材Ⅲ--建材Ⅳ,2025,,,,,,,,,,54627103828.07,,0.065924,3285461018.68,315762318.79,target_year,,,,,,,,,,SOE_target,0.08269,0.10748100000000001,24.700666,0.118209,0.525443,0.296385,-0.027947,0.669764,0.410842,0.899525,0.02441,True,Pooled_H_plus_CSI_nonSOE,0.13585178112962254,0.08269,0.05316178112962254,2904074137.453023,2904074137.453023,1,0,,1.0
600188.SH,兖矿能源,CSI,地方国有企业,能源,煤炭Ⅱ,能源--煤炭Ⅱ--煤炭Ⅲ--煤炭与消费用燃料,2019,,,,,,,,,,210761000000.0,,0.057600333,9388645000.0,2751234000.0,target_year,,,,,,,,,,SOE_target,0.081058,0.176815,26.05115955,0.129482321,0.3281903,0.334462625,0.025388991,0.267689293,0.577458925,1.087754827,0.049390706,True,Pooled_H_plus_CSI_nonSOE,0.06306462217820566,0.081058,-0.017993377821794346,-3792302303.0991983,0.0,1,0,,1.0
600188.SH,兖矿能源,CSI,地方国有企业,能源,煤炭Ⅱ,能源--煤炭Ⅱ--煤炭Ⅲ--煤炭与消费用燃料,2020,,,,,,,,,,273009000000.0,,0.033643654,6318000000.0,2867029000.0,target_year,,,,,,,,,,SOE_target,0.042332,0.11280699999999999,26.07398859,0.125485273,0.293470907,0.325386136,-0.019229621,0.285464889,0.595044725,0.939511468,0.05065633,True,Pooled_H_plus_CSI_nonSOE,0.06024097315954061,0.042332,0.01790897315954061,4889310853.313023,4889310853.313023,1,0,,1.0
600188.SH,兖矿能源,CSI,地方国有企业,能源,煤炭Ⅱ,能源--煤炭Ⅱ--煤炭Ⅲ--煤炭与消费用燃料,2021,,,,,,,,,,301959000000.0,,0.073721162,16941435000.0,5319334000.0,target_year,,,,,,,,,,SOE_target,0.102991,0.26773800000000003,26.33277154,0.122009519,0.275297772,0.285768214,-0.164915276,0.309818779,0.662710303,0.561073745,0.025940776,True,Pooled_H_plus_CSI_nonSOE,0.04347263739312315,0.102991,-0.05951836260687685,-17972105254.409927,0.0,1,0,,1.0
600188.SH,兖矿能源,CSI,地方国有企业,能源,煤炭Ⅱ,能源--煤炭Ⅱ--煤炭Ⅲ--煤炭与消费用燃料,2022,,,,,,,,,,308604000000.0,,0.117920884,30407538000.0,5983260000.0,target_year,,,,,,,,,,SOE_target,0.19546399999999997,0.38366700000000004,26.43355711,0.126076761,0.269530745,0.377814407,-0.024272447,0.283932375,0.642479663,0.923876494,0.059214617,True,Pooled_H_plus_CSI_nonSOE,0.05384245511648994,0.19546399999999997,-0.14162154488351003,-43704975237.23073,0.0,1,0,,1.0
600188.SH,兖矿能源,CSI,地方国有企业,能源,煤炭Ⅱ,能源--煤炭Ⅱ--煤炭Ⅲ--煤炭与消费用燃料,2023,,,,,,,,,,414317629000.0,,0.051511,17778972000.0,3563014000.0,target_year,,,,,,,,,,SOE_target,0.095581,0.20117200000000002,26.455323,0.166306,0.250024,0.506423,0.01511,0.306255,0.548879,1.05571,0.055648,True,Pooled_H_plus_CSI_nonSOE,0.09014045458400019,0.095581,-0.005440545415999809,-2254113877.2238593,0.0,1,0,,1.0
600188.SH,兖矿能源,CSI,地方国有企业,能源,煤炭Ⅱ,能源--煤炭Ⅱ--煤炭Ⅲ--煤炭与消费用燃料,2024,,,,,,,,,,356350370000.0,,0.051055,14056067000.0,4137324000.0,target_year,,,,,,,,,,SOE_target,0.08046099999999999,0.193195,26.749899,0.137765,0.263234,0.327655,-0.057889,0.316449,0.597567,0.806057,0.064969,True,Pooled_H_plus_CSI_nonSOE,0.0619132697074965,0.08046099999999999,-0.018547730292503492,-6609490552.393827,0.0,0,1,FirmSize_lag,1.0
600188.SH,兖矿能源,CSI,地方国有企业,能源,煤炭Ⅱ,能源--煤炭Ⅱ--煤炭Ⅲ--煤炭与消费用燃料,2025,,,,,,,,,,451972364000.0,,0.027923,8524664000.0,4095650000.0,target_year,,,,,,,,,,SOE_target,0.057912,0.131251,26.59918,0.144603,0.263097,0.323185,-0.054503,0.375712,0.629619,0.834785,0.052579,True,Pooled_H_plus_CSI_nonSOE,0.06041191877938153,0.057912,0.0024999187793815283,1129894200.5250638,1129894200.5250638,1,0,,1.0
600309.SH,万华化学,CSI,地方国有企业,材料,化工,材料--化工--基础化工--商品化工,2019,,,,,,,,,,96865322655.0,,0.117008313,10129985098.0,1204062846.0,target_year,,,,,,,,,,SOE_target,0.153052,0.266079,25.06593632,0.226505092,0.192081294,0.841741027,-0.042060662,0.511890882,0.489675535,0.901909063,0.13364523,True,Pooled_H_plus_CSI_nonSOE,0.1435748531707863,0.153052,-0.00947714682921369,-918006885.4605942,0.0,1,0,,1.0
600309.SH,万华化学,CSI,地方国有企业,材料,化工,材料--化工--基础化工--商品化工,2020,,,,,,,,,,133753000000.0,,0.083122398,10041428015.0,1076414577.0,target_year,,,,,,,,,,SOE_target,0.101746,0.22034099999999998,25.29658742,0.250213206,0.180537484,0.776561667,-0.220057996,0.635362071,0.546470731,0.524192072,0.183913232,True,Pooled_H_plus_CSI_nonSOE,0.12167000509813329,0.101746,0.019924005098133288,2664895453.8906217,2664895453.8906217,1,0,,1.0
600309.SH,万华化学,CSI,地方国有企业,材料,化工,材料--化工--基础化工--商品化工,2021,,,,,,,,,,190310000000.0,,0.140208439,24648748123.0,2034261425.0,target_year,,,,,,,,,,SOE_target,0.187508,0.420344,25.61925818,0.244652397,0.203999831,0.630976773,-0.206406942,0.595338767,0.613833698,0.594805539,0.173721261,True,Pooled_H_plus_CSI_nonSOE,0.09819403636144061,0.187508,-0.0893139636385594,-16997340420.05424,0.0,1,0,,1.0
600309.SH,万华化学,CSI,地方国有企业,材料,化工,材料--化工--基础化工--商品化工,2022,,,,,,,,,,200843000000.0,,0.086976163,16233626024.0,1234944691.0,target_year,,,,,,,,,,SOE_target,0.099913,0.223384,25.97191796,0.272912546,0.197245037,0.892780517,-0.135100194,0.497004865,0.623268223,0.737650082,0.141871905,True,Pooled_H_plus_CSI_nonSOE,0.12063501018051552,0.099913,0.020722010180515518,4161870690.6852784,4161870690.6852784,1,0,,1.0
600309.SH,万华化学,CSI,地方国有企业,材料,化工,材料--化工--基础化工--商品化工,2023,,,,,,,,,,253040390845.31,,0.07308,16815755534.31,1676471684.26,target_year,,,,,,,,,,SOE_target,0.088172,0.203211,26.02579,0.22786,0.212868,0.841883,-0.216511,0.575682,0.595022,0.542349,0.162597,True,Pooled_H_plus_CSI_nonSOE,0.11805426949415272,0.088172,0.02988226949415272,7561421152.145288,7561421152.145288,1,0,,1.0
600309.SH,万华化学,CSI,地方国有企业,材料,化工,材料--化工--基础化工--商品化工,2024,,,,,,,,,,293333349744.25,,0.051571,13033066612.84,2094484339.39,target_year,,,,,,,,,,SOE_target,0.069618,0.14221899999999998,26.256815,0.212902,0.215825,0.768484,-0.184923,0.589702,0.626723,0.569352,0.170322,True,Pooled_H_plus_CSI_nonSOE,0.10484059915664562,0.069618,0.03522259915664562,10331962997.317854,10331962997.317854,1,0,,1.0
600309.SH,万华化学,CSI,地方国有企业,材料,化工,材料--化工--基础化工--商品化工,2025,,,,,,,,,,323009018441.98,,0.045222,12527201094.15,2079996797.01,target_year,,,,,,,,,,SOE_target,0.059539,0.123462,26.404576,0.217908,0.213171,0.662497,-0.191224,0.62041,0.647159,0.555115,0.122148,True,Pooled_H_plus_CSI_nonSOE,0.0989524497655822,0.059539,0.039413449765582205,12730899722.192993,12730899722.192993,1,0,,1.0
600362.SH,江西铜业,CSI,地方国有企业,材料,有色金属,材料--有色金属--其他金属与采矿--铜,2019,,,,,,,,,,134914000000.0,,0.032033864,2437988000.0,1883826000.0,target_year,,,,,,,,,,SOE_target,0.033765,0.047564999999999996,25.3566913,0.27307784,0.167062795,2.140373487,0.227714688,0.209602968,0.494227646,1.50769518,0.024828003,True,Pooled_H_plus_CSI_nonSOE,0.26695917065568836,0.033765,0.23319417065568837,31461158339.84154,31461158339.84154,1,0,,1.0
600362.SH,江西铜业,CSI,地方国有企业,材料,有色金属,材料--有色金属--其他金属与采矿--铜,2020,,,,,,,,,,140882000000.0,,0.02965472,2227704000.0,1950099000.0,target_year,,,,,,,,,,SOE_target,0.037725,0.039549,25.62790275,0.258910733,0.15478921,2.015188426,0.116088129,0.199146181,0.562442458,1.229031729,0.024626941,True,Pooled_H_plus_CSI_nonSOE,0.24936385561076008,0.037725,0.21163885561076007,29816105256.1551,29816105256.1551,1,0,,1.0
600362.SH,江西铜业,CSI,地方国有企业,材料,有色金属,材料--有色金属--其他金属与采矿--铜,2021,,,,,,,,,,161035000000.0,,0.048382962,5772525000.0,2018808000.0,target_year,,,,,,,,,,SOE_target,0.06250499999999999,0.089007,25.67118532,0.286687902,0.159708925,2.304290845,0.154970935,0.181430297,0.52542187,1.387973092,0.025885937,True,Pooled_H_plus_CSI_nonSOE,0.2588253221642976,0.06250499999999999,0.19632032216429762,31614443079.72767,31614443079.72767,1,0,,1.0
600362.SH,江西铜业,CSI,地方国有企业,材料,有色金属,材料--有色金属--其他金属与采矿--铜,2022,,,,,,,,,,167331000000.0,,0.047622108,6001476000.0,1967157000.0,target_year,,,,,,,,,,SOE_target,0.057654,0.08375099999999999,25.80488535,0.295819925,0.168216562,2.925410719,0.16153585,0.157166138,0.516812504,1.386929611,0.017832629,True,Pooled_H_plus_CSI_nonSOE,0.2614829156338049,0.057654,0.2038289156338049,34106896281.920208,34106896281.920208,1,0,,1.0
600362.SH,江西铜业,CSI,地方国有企业,材料,有色金属,材料--有色金属--其他金属与采矿--铜,2023,,,,,,,,,,168150906000.0,,0.053938,6745839000.0,2323801000.0,target_year,,,,,,,,,,SOE_target,0.065317,0.09572599999999999,25.843237,0.27925,0.153058,2.913785,0.140327,0.161812,0.51025,1.320747,0.031766,True,Pooled_H_plus_CSI_nonSOE,0.2605800774884755,0.065317,0.1952630774884755,32833663388.03536,32833663388.03536,1,0,,1.0
600362.SH,江西铜业,CSI,地方国有企业,材料,有色金属,材料--有色金属--其他金属与采矿--铜,2024,,,,,,,,,,193127836000.0,,0.04877,6900987000.0,2517793000.0,target_year,,,,,,,,,,SOE_target,0.063979,0.094945,25.848128,0.30029,0.159476,3.10204,0.188639,0.195189,0.543573,1.451231,0.040507,True,Pooled_H_plus_CSI_nonSOE,0.2571532944772187,0.063979,0.19317429447721868,37307333463.212,37307333463.212,0,1,AssetTurnover_lag,1.0
600362.SH,江西铜业,CSI,地方国有企业,材料,有色金属,材料--有色金属--其他金属与采矿--铜,2025,,,,,,,,,,218691169000.0,,0.045031,7372829000.0,2475070000.0,target_year,,,,,,,,,,SOE_target,0.053338,0.09261100000000001,25.986618,0.290054,0.15747,2.874502,0.149061,0.19198,0.545368,1.333937,0.034125,True,Pooled_H_plus_CSI_nonSOE,0.25557349516933525,0.053338,0.20223549516933526,44227116851.87578,44227116851.87578,1,0,,1.0
600372.SH,中航机载,CSI,中央国有企业,工业,国防军工,工业--国防军工--航空航天与国防Ⅲ--航空航天,2019,,,,,,,,,,22696700722.0,,0.038537034,556020333.4,318643189.9,target_year,,,,,,,,,,SOE_target,0.041747,0.072201,23.79832538,0.088537078,0.285442207,0.355248156,0.227058738,0.198282525,0.634501425,1.448891967,0.039258305,True,Pooled_H_plus_CSI_nonSOE,0.026826289213599287,0.041747,-0.014920710786400712,-338650907.27845424,0.0,1,0,,1.0
600372.SH,中航机载,CSI,中央国有企业,工业,国防军工,工业--国防军工--航空航天与国防Ⅲ--航空航天,2020,,,,,,,,,,24719896668.0,,0.035788368,630777488.8,253907263.1,target_year,,,,,,,,,,SOE_target,0.030347,0.068315,23.84548541,0.088984862,0.279462147,0.374932205,0.247904795,0.192049706,0.637732538,1.495248109,0.034509268,True,Pooled_H_plus_CSI_nonSOE,0.029113325838319742,0.030347,-0.0012336741616802566,-30496297.79871747,0.0,1,0,,1.0
600372.SH,中航机载,CSI,中央国有企业,工业,国防军工,工业--国防军工--航空航天与国防Ⅲ--航空航天,2021,,,,,,,,,,26262648705.0,,0.035448331,798697071.3,132269986.5,target_year,,,,,,,,,,SOE_target,0.038635,0.073063,23.93087429,0.086942312,0.273615357,0.36796172,0.295766718,0.197663982,0.553869032,1.657799537,0.03562793,True,Pooled_H_plus_CSI_nonSOE,0.048850590493191286,0.038635,0.010215590493191283,268288464.43682036,268288464.43682036,1,0,,1.0
600372.SH,中航机载,CSI,中央国有企业,工业,国防军工,工业--国防军工--航空航天与国防Ⅲ--航空航天,2022,,,,,,,,,,28402468059.0,,0.037133494,871912569.3,182770303.0,target_year,,,,,,,,,,SOE_target,0.039441000000000004,0.074451,23.99141357,0.086550715,0.271325141,0.384612869,0.28014269,0.203234787,0.556326897,1.610303347,0.031237761,True,Pooled_H_plus_CSI_nonSOE,0.05046340075734601,0.039441000000000004,0.011022400757346007,313063385.44401735,313063385.44401735,1,0,,1.0
600372.SH,中航机载,CSI,中央国有企业,工业,国防军工,工业--国防军工--航空航天与国防Ⅲ--航空航天,2023,,,,,,,,,,73523417381.93,,0.027009,1886420594.77,99351150.07,target_year,,,,,,,,,,SOE_target,0.044280999999999994,0.078163,24.069742,0.085827,0.272876,0.407307,0.261113,0.182826,0.555523,1.517513,0.017857,True,Pooled_H_plus_CSI_nonSOE,0.052752852212692006,0.044280999999999994,0.008471852212692012,622879526.231782,622879526.231782,1,0,,1.0
600372.SH,中航机载,CSI,中央国有企业,工业,国防军工,工业--国防军工--航空航天与国防Ⅲ--航空航天,2024,,,,,,,,,,78120456108.96,,0.014631,1040725755.41,102256730.44,target_year,,,,,,,,,,SOE_target,0.018606,0.028304,25.02087,0.178262,0.247277,0.56487,0.34877,0.173278,0.487307,1.859553,0.019524,True,Pooled_H_plus_CSI_nonSOE,0.09416571401153727,0.018606,0.07555971401153727,5902759322.043868,5902759322.043868,1,0,,1.0
600372.SH,中航机载,CSI,中央国有企业,工业,国防军工,工业--国防军工--航空航天与国防Ⅲ--航空航天,2025,,,,,,,,,,83259234737.86,,0.015266,1067323487.88,203724505.25,target_year,,,,,,,,,,SOE_target,0.020488,0.028304999999999997,25.081518,0.14773,0.253215,0.312028,0.312238,0.166134,0.498049,1.694911,0.025577,True,Pooled_H_plus_CSI_nonSOE,0.07011457490298066,0.020488,0.04962657490298066,4131870649.0832586,4131870649.0832586,1,0,,1.0
600377.SH,宁沪高速,CSI,地方国有企业,工业,交通运输,工业--交通运输--交通基础设施--公路与铁路,2019,,,,,,,,,,55625048625.0,,0.083808736,4199704372.0,462160618.9,target_year,,,,,,,,,,SOE_target,0.11512800000000001,0.15359899999999999,24.5978513,0.011445846,0.111099702,0.219835426,-0.019645962,0.247119711,0.390527538,0.861772049,0.073607939,True,Pooled_H_plus_CSI_nonSOE,0.027097253242322636,0.11512800000000001,-0.08803074675767737,-4896714568.890865,0.0,1,0,,1.0
600377.SH,宁沪高速,CSI,地方国有企业,工业,交通运输,工业--交通运输--交通基础设施--公路与铁路,2020,,,,,,,,,,61095560365.0,,0.047471427,2464213676.0,436079760.4,target_year,,,,,,,,,,SOE_target,0.062762,0.08683400000000001,24.74189945,0.010413744,0.108646931,0.194207477,-0.127543892,0.294994748,0.412443891,0.459302808,0.087188599,True,Pooled_H_plus_CSI_nonSOE,0.019700813878268518,0.062762,-0.04306118612173148,-2630847296.088746,0.0,1,0,,1.0
600377.SH,宁沪高速,CSI,地方国有企业,工业,交通运输,工业--交通运输--交通基础设施--公路与铁路,2021,,,,,,,,,,67662020722.0,,0.073413497,4178794497.0,788511048.1,target_year,,,,,,,,,,SOE_target,0.096206,0.143011,24.83570504,0.010096948,0.123286456,0.137635792,-0.10632362,0.283636888,0.459056117,0.537101648,0.06948944,True,Pooled_H_plus_CSI_nonSOE,0.009498409400159127,0.096206,-0.08670759059984087,-5866810791.921125,0.0,1,0,,1.0
600377.SH,宁沪高速,CSI,地方国有企业,工业,交通运输,工业--交通运输--交通基础设施--公路与铁路,2022,,,,,,,,,,78458345074.0,,0.061469015,3724115166.0,1098642030.0,target_year,,,,,,,,,,SOE_target,0.077421,0.119802,24.93779087,0.012528305,0.15352339,0.214241167,-0.066822044,0.043427104,0.477404124,0.651384465,0.049049776,True,Pooled_H_plus_CSI_nonSOE,-0.002948915578024028,0.077421,-0.08036991557802403,-6305690569.988857,0.0,1,0,,1.0
600377.SH,宁沪高速,CSI,地方国有企业,工业,交通运输,工业--交通运输--交通基础设施--公路与铁路,2023,,,,,,,,,,78661443944.36,,0.069785,4413271587.29,1076088753.42,target_year,,,,,,,,,,SOE_target,0.085532,0.133881,25.085834,0.011288,0.180808,0.181434,-0.054283,0.104956,0.5163,0.687869,0.051481,True,Pooled_H_plus_CSI_nonSOE,-0.010353411497654341,0.085532,-0.09588541149765434,-7542484921.604629,0.0,1,0,,1.0
600377.SH,宁沪高速,CSI,地方国有企业,工业,交通运输,工业--交通运输--交通基础设施--公路与铁路,2024,,,,,,,,,,89886075247.13,,0.065752,4946691605.41,963483489.08,target_year,,,,,,,,,,SOE_target,0.08614100000000001,0.136302,25.088419,0.012498,0.114556,0.193381,-0.010331,0.097668,0.480196,0.914899,0.048364,True,Pooled_H_plus_CSI_nonSOE,0.002399987667876219,0.08614100000000001,-0.08374101233212379,-7527150935.756121,0.0,1,0,,1.0
600377.SH,宁沪高速,CSI,地方国有企业,工业,交通运输,工业--交通运输--交通基础设施--公路与铁路,2025,,,,,,,,,,96388991421.56,,0.056364,4593870605.31,838994863.39,target_year,,,,,,,,,,SOE_target,0.074415,0.11478999999999999,25.221809,0.016701,0.116886,0.275272,-0.086697,0.082371,0.4467,0.518561,0.120178,True,Pooled_H_plus_CSI_nonSOE,0.005845635261501045,0.074415,-0.06856936473849895,-6609331909.560994,0.0,1,0,,1.0
600406.SH,国电南瑞,CSI,中央国有企业,工业,电气设备,工业--电气设备--电气设备Ⅲ--电气部件与设备,2019,,,,,,,,,,57424875019.0,,0.076932332,4343067281.0,74762257.48,target_year,,,,,,,,,,SOE_target,0.09559799999999999,0.148972,24.68102405,0.080040228,0.075162529,0.57528482,0.358267037,0.151511094,0.438641589,1.831750321,0.032746689,True,Pooled_H_plus_CSI_nonSOE,0.12066491053940316,0.09559799999999999,0.025066910539403173,1439464204.837681,1439464204.837681,1,0,,1.0
600406.SH,国电南瑞,CSI,中央国有企业,工业,电气设备,工业--电气设备--电气设备Ⅲ--电气部件与设备,2020,,,,,,,,,,65962017470.0,,0.074601339,4851540712.0,69314111.2,target_year,,,,,,,,,,SOE_target,0.09493700000000001,0.150043,24.77374341,0.074581189,0.069863037,0.587178263,0.318429201,0.189080259,0.431386914,1.751891674,0.051007372,True,Pooled_H_plus_CSI_nonSOE,0.12198736251938437,0.09493700000000001,0.027050362519384363,1784296485.0734646,1784296485.0734646,1,0,,1.0
600406.SH,国电南瑞,CSI,中央国有企业,工业,电气设备,工业--电气设备--电气设备Ⅲ--电气部件与设备,2021,,,,,,,,,,72732951414.0,,0.07585696,5642448312.0,-125147720.6,target_year,,,,,,,,,,SOE_target,0.097209,0.156425,24.91234492,0.074747547,0.069189957,0.620771318,0.300420686,0.175602059,0.448290308,1.709676587,0.052515301,True,Pooled_H_plus_CSI_nonSOE,0.11996581342633357,0.097209,0.022756813426333566,1655170205.2749822,1655170205.2749822,0,1,HHI_lag,1.0
600406.SH,国电南瑞,CSI,中央国有企业,工业,电气设备,工业--电气设备--电气设备Ⅲ--电气部件与设备,2022,,,,,,,,,,76665557522.0,,0.077997441,6446181151.0,-466463828.2,target_year,,,,,,,,,,SOE_target,0.099314,0.160227,25.01006037,0.057367108,0.081262738,0.608389809,0.291924688,0.171913904,0.442584907,1.696586324,0.027723262,True,Pooled_H_plus_CSI_nonSOE,0.12206095106849182,0.099314,0.022746951068491825,1743907685.5915794,1743907685.5915794,1,0,,1.0
600406.SH,国电南瑞,CSI,中央国有企业,工业,电气设备,工业--电气设备--电气设备Ⅲ--电气部件与设备,2023,,,,,,,,,,86087418302.42,,0.077922,7183687344.52,-475609422.41,target_year,,,,,,,,,,SOE_target,0.099833,0.160248,25.062718,0.035944,0.108841,0.622681,0.332505,0.15197,0.408361,1.830446,0.044547,True,Pooled_H_plus_CSI_nonSOE,0.12682584604959202,0.099833,0.026992846049592012,2323744429.0440526,2323744429.0440526,1,0,,1.0
600406.SH,国电南瑞,CSI,中央国有企业,工业,电气设备,工业--电气设备--电气设备Ⅲ--电气部件与设备,2024,,,,,,,,,,92705313123.25,,0.076956,7610121306.96,-475852442.3,target_year,,,,,,,,,,SOE_target,0.096785,0.157861,25.178629,0.034286,0.112299,0.629757,0.372577,0.120765,0.414795,1.912763,0.022668,True,Pooled_H_plus_CSI_nonSOE,0.12849007933957657,0.096785,0.03170507933957657,2939229307.7729306,2939229307.7729306,1,0,,1.0
600406.SH,国电南瑞,CSI,中央国有企业,工业,电气设备,工业--电气设备--电气设备Ⅲ--电气部件与设备,2025,,,,,,,,,,98585657661.02,,0.082259,8278971723.32,-169421300.09,target_year,,,,,,,,,,SOE_target,0.100888,0.16253900000000002,25.252692,0.042088,0.107313,0.637413,0.388622,0.100528,0.431145,1.917368,0.019759,True,Pooled_H_plus_CSI_nonSOE,0.1267363448215308,0.100888,0.025848344821530783,2548276073.679433,2548276073.679433,1,0,,1.0
600415.SH,小商品城,CSI,地方国有企业,工业,企业服务,工业--企业服务--商业服务与用品--综合支持服务,2019,,,,,,,,,,31323233994.0,,0.0538665,1255276024.0,431996964.5,target_year,,,,,,,,,,SOE_target,0.06334,0.101303,24.01456867,1.0,1.0,0.132252563,-0.039002537,0.230567379,0.560046211,0.920067909,0.016351929,True,Pooled_H_plus_CSI_nonSOE,0.006055122928043555,0.06334,-0.05728487707195644,-1794347608.842417,0.0,0,2,"HHI_lag, MarketShare_lag",1.0
600415.SH,小商品城,CSI,地方国有企业,工业,企业服务,工业--企业服务--商业服务与用品--综合支持服务,2020,,,,,,,,,,28750127147.0,,0.038563878,926626706.4,182089699.3,target_year,,,,,,,,,,SOE_target,0.053391,0.069727,24.16762596,1.0,1.0,0.129631555,0.079354983,0.180363677,0.582281348,1.192794216,0.030387059,True,Pooled_H_plus_CSI_nonSOE,0.0013919102296781755,0.053391,-0.051999089770321825,-1494980442.4250195,0.0,0,2,"HHI_lag, MarketShare_lag",1.0
600415.SH,小商品城,CSI,地方国有企业,工业,企业服务,工业--企业服务--商业服务与用品--综合支持服务,2021,,,,,,,,,,31014635513.0,,0.048815906,1334095907.0,179911613.7,target_year,,,,,,,,,,SOE_target,0.061460999999999995,0.094721,24.08190803,1.0,1.0,0.118515097,-0.033032909,0.21624898,0.527838284,0.914368028,0.042161709,True,Pooled_H_plus_CSI_nonSOE,0.009817850549792125,0.061460999999999995,-0.05164314945020787,-1601693456.9415834,0.0,0,2,"HHI_lag, MarketShare_lag",1.0
600415.SH,小商品城,CSI,地方国有企业,工业,企业服务,工业--企业服务--商业服务与用品--综合支持服务,2022,,,,,,,,,,32111004317.0,,0.043093729,1104719092.0,279063831.1,target_year,,,,,,,,,,SOE_target,0.041082,0.073961,24.15772504,1.0,1.0,0.196506553,-0.200120846,0.198911539,0.528260067,0.589122806,0.065860094,True,Pooled_H_plus_CSI_nonSOE,0.002566451002992201,0.041082,-0.0385155489970078,-1236772960.1145425,0.0,0,2,"HHI_lag, MarketShare_lag",1.0
600415.SH,小商品城,CSI,地方国有企业,工业,企业服务,工业--企业服务--商业服务与用品--综合支持服务,2023,,,,,,,,,,36218947000.0,,0.079221,2676182000.0,193111000.0,target_year,,,,,,,,,,SOE_target,0.096951,0.162436,24.192465,1.0,1.0,0.235112,-0.222906,0.251657,0.524117,0.423328,0.128146,True,Pooled_H_plus_CSI_nonSOE,0.0022465271049991464,0.096951,-0.09470447289500085,-3430096284.4469724,0.0,0,2,"HHI_lag, MarketShare_lag",1.0
600415.SH,小商品城,CSI,地方国有企业,工业,企业服务,工业--企业服务--商业服务与用品--综合支持服务,2024,,,,,,,,,,39168461000.0,,0.082095,3073677000.0,141845000.0,target_year,,,,,,,,,,SOE_target,0.108774,0.160959,24.312848,1.0,1.0,0.330185,-0.197133,0.203438,0.511197,0.480069,0.072549,True,Pooled_H_plus_CSI_nonSOE,0.016524554602270702,0.108774,-0.0922494453977293,-3613268804.332589,0.0,0,2,"HHI_lag, MarketShare_lag",1.0
600415.SH,小商品城,CSI,地方国有企业,工业,企业服务,工业--企业服务--商业服务与用品--综合支持服务,2025,,,,,,,,,,44405436000.0,,0.096453,4203547000.0,79493000.0,target_year,,,,,,,,,,SOE_target,0.128412,0.193482,24.391138,1.0,1.0,0.410543,-0.200038,0.189302,0.47477,0.554038,0.038303,True,Pooled_H_plus_CSI_nonSOE,0.033654714830605316,0.128412,-0.09475728516939469,-4207738562.123305,0.0,0,2,"HHI_lag, MarketShare_lag",1.0
600426.SH,华鲁恒升,CSI,地方国有企业,材料,化工,材料--化工--农用化工--化肥与农用药剂,2019,,,,,,,,,,18187250698.0,,0.144365746,2453030877.0,172585138.5,target_year,,,,,,,,,,SOE_target,0.165545,0.18654800000000002,23.64948878,0.053759205,0.192081294,0.822311198,0.018175969,0.706377359,0.353168815,1.085255392,0.069000749,True,Pooled_H_plus_CSI_nonSOE,0.1617791572722573,0.165545,-0.003765842727742691,-68490325.77869648,0.0,1,0,,1.0
600426.SH,华鲁恒升,CSI,地方国有企业,材料,化工,材料--化工--农用化工--化肥与农用药剂,2020,,,,,,,,,,20549289346.0,,0.092689026,1798376502.0,106317113.0,target_year,,,,,,,,,,SOE_target,0.10961399999999999,0.121104,23.62398667,0.052275357,0.180537484,0.765221932,0.058111226,0.68506024,0.217518294,1.434260146,0.102025627,True,Pooled_H_plus_CSI_nonSOE,0.18227684786587672,0.10961399999999999,0.07266284786587673,1493169885.5002797,1493169885.5002797,1,0,,1.0
600426.SH,华鲁恒升,CSI,地方国有企业,材料,化工,材料--化工--农用化工--化肥与农用药剂,2021,,,,,,,,,,28653178698.0,,0.256996505,7254167061.0,109599732.9,target_year,,,,,,,,,,SOE_target,0.350209,0.384587,23.7460922,0.043768215,0.203999831,0.672039958,-0.021759985,0.716394492,0.238479061,0.879608179,0.127291765,True,Pooled_H_plus_CSI_nonSOE,0.16788324150170794,0.350209,-0.18232575849829205,-5224212539.499954,0.0,1,0,,1.0
600426.SH,华鲁恒升,CSI,地方国有企业,材料,化工,材料--化工--农用化工--化肥与农用药剂,2022,,,,,,,,,,35005445704.0,,0.181349031,6289374659.0,58829004.27,target_year,,,,,,,,,,SOE_target,0.232823,0.25577500000000003,24.07853022,0.04999619,0.197245037,1.077208247,0.145599252,0.604131887,0.207575966,1.988796587,0.128166895,True,Pooled_H_plus_CSI_nonSOE,0.20458704185589627,0.232823,-0.028235958144103734,-988412299.7138399,0.0,1,0,,1.0
600426.SH,华鲁恒升,CSI,地方国有企业,材料,化工,材料--化工--农用化工--化肥与农用药剂,2023,,,,,,,,,,44051457552.57,,0.082722,3575898630.37,68124308.2,target_year,,,,,,,,,,SOE_target,0.10829599999999999,0.128136,24.278769,0.041555,0.212868,0.943401,0.143146,0.588965,0.202385,2.403407,0.199116,True,Pooled_H_plus_CSI_nonSOE,0.1849729032120039,0.10829599999999999,0.07667690321200392,3377729347.106109,3377729347.106109,1,0,,1.0
600426.SH,华鲁恒升,CSI,地方国有企业,材料,化工,材料--化工--农用化工--化肥与农用药剂,2024,,,,,,,,,,46657911907.48,,0.088364,3902593305.73,220305651.56,target_year,,,,,,,,,,SOE_target,0.115422,0.130283,24.508624,0.033045,0.215825,0.684814,0.048453,0.729643,0.309044,1.368756,0.197735,True,Pooled_H_plus_CSI_nonSOE,0.14929475770212153,0.115422,0.03387275770212153,1580432144.929001,1580432144.929001,0,1,FixedAssetsRatio_lag,1.0
600426.SH,华鲁恒升,CSI,地方国有企业,材料,化工,材料--化工--农用化工--化肥与农用药剂,2025,,,,,,,,,,49177377189.73,,0.072767,3315494470.04,262996143.83,target_year,,,,,,,,,,SOE_target,0.09444000000000001,0.10345,24.566108,0.040966,0.213171,0.750189,0.039628,0.747737,0.296416,1.334617,0.108893,True,Pooled_H_plus_CSI_nonSOE,0.16672266071208625,0.09444000000000001,0.07228266071208624,3554671670.115543,3554671670.115543,0,1,FixedAssetsRatio_lag,1.0
600436.SH,片仔癀,CSI,地方国有企业,医疗保健,医药生物,医疗保健--医药生物--制药--中药,2019,,,,,,,,,,8810796391.0,,0.159521104,1374376824.0,31131145.29,target_year,,,,,,,,,,SOE_target,0.206961,0.235988,22.61904861,0.014921144,0.277672488,0.767580889,0.591842655,0.035469812,0.202792045,4.055176811,0.011150241,True,Pooled_H_plus_CSI_nonSOE,0.08899755751563951,0.206961,-0.1179634424843605,-1039351873.3111396,0.0,1,0,,1.0
600436.SH,片仔癀,CSI,地方国有企业,医疗保健,医药生物,医疗保健--医药生物--制药--中药,2020,,,,,,,,,,10205569714.0,,0.15789427,1671518667.0,-60117690.48,target_year,,,,,,,,,,SOE_target,0.208126,0.230657,22.89924367,0.015270738,0.276190471,0.733929094,0.636185727,0.027324402,0.208952607,4.208536053,0.007426797,True,Pooled_H_plus_CSI_nonSOE,0.08818910280540675,0.208126,-0.11993689719459326,-1224024365.6002724,0.0,1,0,,1.0
600436.SH,片仔癀,CSI,地方国有企业,医疗保健,医药生物,医疗保健--医药生物--制药--中药,2021,,,,,,,,,,12495334742.0,,0.187847669,2431454745.0,-84235237.62,target_year,,,,,,,,,,SOE_target,0.252767,0.276818,23.04619946,0.016150361,0.256105921,0.679157303,0.63648568,0.025648201,0.19097554,4.608033642,0.041057092,True,Pooled_H_plus_CSI_nonSOE,0.08225046415633505,0.252767,-0.17051653584366497,-2130661194.4128351,0.0,1,0,,1.0
600436.SH,片仔癀,CSI,地方国有企业,医疗保健,医药生物,医疗保健--医药生物--制药--中药,2022,,,,,,,,,,14603844518.0,,0.165023006,2472344732.0,-62374415.78,target_year,,,,,,,,,,SOE_target,0.21976600000000002,0.23507,23.24862119,0.016603444,0.230275265,0.700368482,0.679961024,0.022322156,0.188757291,4.975676054,0.007376102,True,Pooled_H_plus_CSI_nonSOE,0.08976928361592135,0.21976600000000002,-0.12999671638407867,-1898451833.923628,0.0,1,0,,1.0
600436.SH,片仔癀,CSI,地方国有企业,医疗保健,医药生物,医疗保健--医药生物--制药--中药,2023,,,,,,,,,,17080413435.81,,0.16331,2797351515.7,-7953890.04,target_year,,,,,,,,,,SOE_target,0.21265499999999998,0.226449,23.404551,0.015924,0.212266,0.636332,0.69808,0.022027,0.190354,5.061318,0.012009,True,Pooled_H_plus_CSI_nonSOE,0.08653051485472743,0.21265499999999998,-0.12612448514527255,-2154258350.659932,0.0,1,0,,1.0
600436.SH,片仔癀,CSI,地方国有企业,医疗保健,医药生物,医疗保健--医药生物--制药--中药,2024,,,,,,,,,,17539661657.5,,0.169484,2977002486.34,-4319056.56,target_year,,,,,,,,,,SOE_target,0.20418299999999998,0.21535,23.561198,0.016631,0.216978,0.629831,0.715259,0.027513,0.185002,5.237409,0.008306,True,Pooled_H_plus_CSI_nonSOE,0.08713323651304886,0.20418299999999998,-0.11704976348695112,-2053013248.65152,0.0,1,0,,1.0
600436.SH,片仔癀,CSI,地方国有企业,医疗保健,医药生物,医疗保健--医药生物--制药--中药,2025,,,,,,,,,,17560037344.69,,0.124081,2158633048.42,20226793.2,target_year,,,,,,,,,,SOE_target,0.145759,0.149847,23.587731,0.017688,0.230555,0.619207,0.510557,0.07495,0.15399,4.772412,0.060907,True,Pooled_H_plus_CSI_nonSOE,0.08307846528004016,0.145759,-0.06268053471995984,-1100672530.4676328,0.0,1,0,,1.0
600482.SH,中国动力,CSI,中央国有企业,工业,机械,工业--机械--机械Ⅲ--建筑机械与重型卡车,2019,,,,,,,,,,56015704188.0,,0.021066248,991122501.3,188918210.8,target_year,,,,,,,,,,SOE_target,0.021861000000000002,0.037224,24.7699628,0.051930912,0.247583643,0.576793352,0.332161962,0.199063948,0.459162622,1.846252165,0.025847307,True,Pooled_H_plus_CSI_nonSOE,0.10906606956542911,0.021861000000000002,0.0872050695654291,4884853380.471038,4884853380.471038,1,0,,1.0
600482.SH,中国动力,CSI,中央国有企业,工业,机械,工业--机械--机械Ⅲ--建筑机械与重型卡车,2020,,,,,,,,,,58744689010.0,,0.009974478,542857007.1,43090612.38,target_year,,,,,,,,,,SOE_target,0.01155,0.017203,24.74889792,0.045077149,0.225950341,0.517407526,0.411757521,0.217079015,0.347135411,2.466997135,0.033752662,True,Pooled_H_plus_CSI_nonSOE,0.12825619159987856,0.01155,0.11670619159987855,6855868931.07634,6855868931.07634,1,0,,1.0
600482.SH,中国动力,CSI,中央国有企业,工业,机械,工业--机械--机械Ⅲ--建筑机械与重型卡车,2021,,,,,,,,,,62005997289.0,,0.01022811,613048770.5,21155409.87,target_year,,,,,,,,,,SOE_target,0.012637,0.017034,24.79646659,0.034860421,0.195497669,0.464410462,0.42441873,0.214387711,0.377798653,2.605407503,0.020669161,True,Pooled_H_plus_CSI_nonSOE,0.11994242472574668,0.012637,0.10730542472574668,6653579874.639643,6653579874.639643,1,0,,1.0
600482.SH,中国动力,CSI,中央国有企业,工业,机械,工业--机械--机械Ⅲ--建筑机械与重型卡车,2022,,,,,,,,,,85867792662.0,,0.002736134,332687082.9,-97741320.07,target_year,,,,,,,,,,SOE_target,0.004758,0.009274,24.85049695,0.03483963,0.187780789,0.460886734,0.397369649,0.199766574,0.403258915,2.328060964,0.018590468,True,Pooled_H_plus_CSI_nonSOE,0.11552420142935618,0.004758,0.11076620142935618,9511249218.293285,9511249218.293285,1,0,,1.0
600482.SH,中国动力,CSI,中央国有企业,工业,机械,工业--机械--机械Ⅲ--建筑机械与重型卡车,2023,,,,,,,,,,99119595878.61,,0.007033,779487252.58,-82406541.23,target_year,,,,,,,,,,SOE_target,0.011656999999999999,0.021549,25.176075,0.051108,0.187488,0.511977,0.349594,0.199063,0.468309,1.976542,0.014988,True,Pooled_H_plus_CSI_nonSOE,0.10962243337400653,0.011656999999999999,0.09796543337400652,9710294166.10442,9710294166.10442,1,0,,1.0
600482.SH,中国动力,CSI,中央国有企业,工业,机械,工业--机械--机械Ⅲ--建筑机械与重型卡车,2024,,,,,,,,,,108947127910.61,,0.010127,1390869974.66,-287585557.51,target_year,,,,,,,,,,SOE_target,0.024444,0.036613,25.319593,0.054734,0.188674,0.481903,0.349827,0.171566,0.522741,1.897556,0.009325,True,Pooled_H_plus_CSI_nonSOE,0.09660398577501149,0.024444,0.07215998577501148,7861623200.257974,7861623200.257974,1,0,,1.0
600482.SH,中国动力,CSI,中央国有企业,工业,机械,工业--机械--机械Ⅲ--建筑机械与重型卡车,2025,,,,,,,,,,116795591158.73,,0.007841,1300885777.44,-385069662.69,target_year,,,,,,,,,,SOE_target,0.031677,0.032863,25.414129,0.060583,0.187309,0.491489,0.33477,0.156553,0.532312,1.790372,0.009973,True,Pooled_H_plus_CSI_nonSOE,0.09552008910039195,0.031677,0.06384308910039195,7456591332.879749,7456591332.879749,1,0,,1.0
600489.SH,中金黄金,CSI,中央国有企业,材料,有色金属,材料--有色金属--贵金属--黄金,2019,,,,,,,,,,40021635913.0,,0.017765359,178768317.4,532230416.5,target_year,,,,,,,,,,SOE_target,0.025233,0.013075000000000002,24.36223375,0.043496677,0.167062795,0.892001272,0.01554923,0.387881826,0.492146907,1.040654121,0.033759896,True,Pooled_H_plus_CSI_nonSOE,0.17591372795357182,0.025233,0.15068072795357182,6030489233.263653,6030489233.263653,1,0,,1.0
600489.SH,中金黄金,CSI,中央国有企业,材料,有色金属,材料--有色金属--贵金属--黄金,2020,,,,,,,,,,45802747112.0,,0.045389079,1554638623.0,524305866.0,target_year,,,,,,,,,,SOE_target,0.056073000000000005,0.083728,24.41268604,0.041780262,0.15478921,0.990385297,0.011202003,0.36927657,0.502667595,1.027067204,0.039977449,True,Pooled_H_plus_CSI_nonSOE,0.17942538106690656,0.056073000000000005,0.12335238106690655,5649877915.670577,5649877915.670577,1,0,,1.0
600489.SH,中金黄金,CSI,中央国有企业,材料,有色金属,材料--有色金属--贵金属--黄金,2021,,,,,,,,,,47631293984.0,,0.045137813,1697836681.0,452135778.8,target_year,,,,,,,,,,SOE_target,0.054226,0.070368,24.54760991,0.042820805,0.159708925,1.10601035,0.088210639,0.38329592,0.442747709,1.268584014,0.035541924,True,Pooled_H_plus_CSI_nonSOE,0.20466186821369314,0.054226,0.15043586821369315,7165455064.6247,7165455064.6247,1,0,,1.0
600489.SH,中金黄金,CSI,中央国有企业,材料,有色金属,材料--有色金属--贵金属--黄金,2022,,,,,,,,,,48642313052.0,,0.052378211,2117139779.0,430657534.4,target_year,,,,,,,,,,SOE_target,0.063318,0.08348499999999999,24.58675582,0.037165564,0.168216562,1.187630737,0.117843859,0.353493946,0.43478337,1.364867896,0.026935395,True,Pooled_H_plus_CSI_nonSOE,0.21133862527503,0.063318,0.14802062527503002,7200065592.780793,7200065592.780793,1,0,,1.0
600489.SH,中金黄金,CSI,中央国有企业,材料,有色金属,材料--有色金属--贵金属--黄金,2023,,,,,,,,,,52680243371.36,,0.064674,2977855387.68,429181525.57,target_year,,,,,,,,,,SOE_target,0.084982,0.11501099999999999,24.60776,0.032911,0.153058,1.171252,0.116913,0.327818,0.424304,1.329625,0.023062,True,Pooled_H_plus_CSI_nonSOE,0.2122602750574311,0.084982,0.1272782750574311,6705050505.912371,6705050505.912371,1,0,,1.0
600489.SH,中金黄金,CSI,中央国有企业,材料,有色金属,材料--有色金属--贵金属--黄金,2024,,,,,,,,,,55638663702.8,,0.066961,3385988472.81,339639762.12,target_year,,,,,,,,,,SOE_target,0.10135999999999999,0.12705,24.687506,0.034818,0.159476,1.190882,0.10582,0.311803,0.416555,1.365398,0.030848,True,Pooled_H_plus_CSI_nonSOE,0.21265085979132958,0.10135999999999999,0.11129085979132959,6192074721.125254,6192074721.125254,1,0,,1.0
600489.SH,中金黄金,CSI,中央国有企业,材料,有色金属,材料--有色金属--贵金属--黄金,2025,,,,,,,,,,62550961213.58,,0.083675,4933582739.46,300387884.18,target_year,,,,,,,,,,SOE_target,0.129625,0.17095,24.742144,0.036012,0.15747,1.190325,0.137993,0.305226,0.414573,1.509469,0.043272,True,Pooled_H_plus_CSI_nonSOE,0.2120844272345025,0.129625,0.0824594272345025,5157916434.639388,5157916434.639388,1,0,,1.0
600515.SH,海南机场,CSI,地方国有企业,房地产,房地产Ⅱ,房地产--房地产Ⅱ--房地产管理和开发--房地产开发,2019,,,,,,,,,,81523299957.0,,0.010411302,-1212912199.0,2061675899.0,target_year,,,,,,,,,,SOE_target,0.006821000000000001,-0.044611,25.26597659,0.017200231,0.396279334,0.104359404,0.160150595,0.0800513,0.608602648,1.37645289,0.007813703,True,Pooled_H_plus_CSI_nonSOE,0.08653156767432703,0.006821000000000001,0.07971056767432702,6498268518.256909,6498268518.256909,1,0,,1.0
600515.SH,海南机场,CSI,地方国有企业,房地产,房地产Ⅱ,房地产--房地产Ⅱ--房地产管理和开发--房地产开发,2020,,,,,,,,,,57434499260.0,,-0.087684698,-7736830873.0,2700704149.0,target_year,,,,,,,,,,SOE_target,-0.106265,-0.5050979999999999,25.12415471,0.014972514,0.408200157,0.116158179,0.013623708,0.095212169,0.656139885,1.028301094,0.004837668,True,Pooled_H_plus_CSI_nonSOE,0.07086576996481134,-0.106265,0.17713076996481134,10173417076.467186,10173417076.467186,1,0,,1.0
600515.SH,海南机场,CSI,地方国有企业,房地产,房地产Ⅱ,房地产--房地产Ⅱ--房地产管理和开发--房地产开发,2021,,,,,,,,,,61168928318.0,,0.01204503,463289691.7,273491895.7,target_year,,,,,,,,,,SOE_target,0.01861,0.034881,24.77391099,0.00691795,0.406330004,0.076628603,-0.277082839,0.131787007,0.858026092,0.632679943,0.007158523,True,Pooled_H_plus_CSI_nonSOE,0.017970637709057123,0.01861,-0.0006393622909428784,-39109106.14391719,0.0,1,0,,1.0
600515.SH,海南机场,CSI,地方国有企业,房地产,房地产Ⅱ,房地产--房地产Ⅱ--房地产管理和开发--房地产开发,2022,,,,,,,,,,56125450012.0,,0.043689221,1856312763.0,595764415.3,target_year,,,,,,,,,,SOE_target,0.04491799999999999,0.088987,24.83690519,0.004902934,0.390202805,0.072534082,0.184552862,0.150839679,0.667156035,1.611567449,0.005480548,True,Pooled_H_plus_CSI_nonSOE,0.07434341853927928,0.04491799999999999,0.02942541853927929,1651514857.308498,1651514857.308498,1,0,,1.0
600515.SH,海南机场,CSI,地方国有企业,房地产,房地产Ⅱ,房地产--房地产Ⅱ--房地产管理和开发--房地产开发,2023,,,,,,,,,,55794608066.78,,0.025982,952777304.64,496899788.07,target_year,,,,,,,,,,SOE_target,0.035449,0.041847,24.750855,0.004452,0.393852,0.07221,0.236873,0.172597,0.575791,2.203911,0.008616,True,Pooled_H_plus_CSI_nonSOE,0.09138254002463102,0.035449,0.055933540024631016,3120789943.4618397,3120789943.4618397,1,0,,1.0
600515.SH,海南机场,CSI,地方国有企业,房地产,房地产Ⅱ,房地产--房地产Ⅱ--房地产管理和开发--房地产开发,2024,,,,,,,,,,53691111395.9,,0.016317,458501533.62,417578946.82,target_year,,,,,,,,,,SOE_target,0.015396,0.019660999999999998,24.744943,0.006362,0.37554,0.111115,0.227801,0.194336,0.555888,2.334503,0.029745,True,Pooled_H_plus_CSI_nonSOE,0.09386423247429088,0.015396,0.07846823247429088,4213046610.8165298,4213046610.8165298,1,0,,1.0
600515.SH,海南机场,CSI,地方国有企业,房地产,房地产Ⅱ,房地产--房地产Ⅱ--房地产管理和开发--房地产开发,2025,,,,,,,,,,59718688955.05,,0.011697,218564398.53,479944246.33,target_year,,,,,,,,,,SOE_target,0.012048000000000001,0.009284,24.706513,0.004902,0.353891,0.073869,0.191783,0.205811,0.521749,1.962012,0.01083,True,Pooled_H_plus_CSI_nonSOE,0.10682598133748779,0.012048000000000001,0.09477798133748778,5660016787.280967,5660016787.280967,1,0,,1.0
600519.SH,贵州茅台,CSI,地方国有企业,日常消费,食品饮料,日常消费--食品饮料--饮料--白酒与葡萄酒,2019,,,,,,,,,,183042000000.0,,0.225160593,41206471014.0,7458015.66,target_year,,,,,,,,,,SOE_target,0.342866,0.331177,25.79748091,0.093352251,0.118716357,0.423491305,0.596969869,0.107621129,0.265493085,3.248532646,0.010051821,True,Pooled_H_plus_CSI_nonSOE,0.19174967749747632,0.342866,-0.1511163225025237,-27660633903.50694,0.0,1,0,,1.0
600519.SH,贵州茅台,CSI,地方国有企业,日常消费,食品饮料,日常消费--食品饮料--饮料--白酒与葡萄酒,2020,,,,,,,,,,213396000000.0,,0.217730024,46697285430.0,-234610582.4,target_year,,,,,,,,,,SOE_target,0.33395800000000003,0.314108,25.9329835,0.094875943,0.109737598,0.424022183,0.64428346,0.096497444,0.224898702,3.869839489,0.017202928,True,Pooled_H_plus_CSI_nonSOE,0.1961159780388353,0.33395800000000003,-0.13784202196116474,-29414936118.42471,0.0,1,0,,1.0
600519.SH,贵州茅台,CSI,地方国有企业,日常消费,食品饮料,日常消费--食品饮料--饮料--白酒与葡萄酒,2021,,,,,,,,,,255168000000.0,,0.205643475,52460144378.0,13529867.76,target_year,,,,,,,,,,SOE_target,0.314138,0.299036,26.08641454,0.089343891,0.106852675,0.408784356,0.655957044,0.087501848,0.214039476,4.064752303,0.009792927,True,Pooled_H_plus_CSI_nonSOE,0.19609663525605375,0.314138,-0.11804136474394622,-30120378958.98327,0.0,1,0,,1.0
600519.SH,贵州茅台,CSI,地方国有企业,日常消费,食品饮料,日常消费--食品饮料--饮料--白酒与葡萄酒,2022,,,,,,,,,,254365000000.0,,0.24660828,62716443738.0,12023204.77,target_year,,,,,,,,,,SOE_target,0.338499,0.324077,26.26518875,0.087555949,0.106913309,0.387932853,0.63821226,0.077572997,0.22812674,3.811942633,0.013358971,True,Pooled_H_plus_CSI_nonSOE,0.19188620069732742,0.338499,-0.14661279930267257,-37293164694.624306,0.0,1,0,,1.0
600519.SH,贵州茅台,CSI,地方国有企业,日常消费,食品饮料,日常消费--食品饮料--饮料--白酒与葡萄酒,2023,,,,,,,,,,272699660092.25,,0.26749,74734071550.75,-1789503701.48,target_year,,,,,,,,,,SOE_target,0.393358,0.361755,26.262035,0.086572,0.105461,0.414513,0.658683,0.086297,0.19421,4.414725,0.020862,True,Pooled_H_plus_CSI_nonSOE,0.19581356294380442,0.393358,-0.19754443705619557,-53870300838.33941,0.0,1,0,,1.0
600519.SH,贵州茅台,CSI,地方国有企业,日常消费,食品饮料,日常消费--食品饮料--饮料--白酒与葡萄酒,2024,,,,,,,,,,298944579918.7,,0.283524,86228146421.62,-1470219863.34,target_year,,,,,,,,,,SOE_target,0.413433,0.384283,26.331637,0.099153,0.100594,0.476069,0.64714,0.080846,0.179843,4.623892,0.009607,True,Pooled_H_plus_CSI_nonSOE,0.20246987306757094,0.413433,-0.21096312693242905,-63066283359.15039,0.0,1,0,,1.0
600519.SH,贵州茅台,CSI,地方国有企业,日常消费,食品饮料,日常消费--食品饮料--饮料--白酒与葡萄酒,2025,,,,,,,,,,303834844021.44,,0.268254,82320067101.68,-815240284.72,target_year,,,,,,,,,,SOE_target,0.378049,0.34462000000000004,26.423524,0.11272,0.097008,0.503715,0.653,0.080353,0.190448,4.454079,0.015651,True,Pooled_H_plus_CSI_nonSOE,0.20442737144545806,0.378049,-0.17362162855454197,-52752300430.61765,0.0,1,0,,1.0
600547.SH,山东黄金,CSI,地方国有企业,材料,有色金属,材料--有色金属--贵金属--黄金,2019,,,,,,,,,,58848726000.0,,0.034295033,1290503000.0,727716000.0,target_year,,,,,,,,,,SOE_target,0.052248,0.057457,24.54342986,0.069783967,0.167062795,1.234748067,-0.168747226,0.506074265,0.481784636,0.460910124,0.079974587,True,Pooled_H_plus_CSI_nonSOE,0.2016218085150654,0.052248,0.14937380851506538,8790458328.879549,8790458328.879549,1,0,,1.0
600547.SH,山东黄金,CSI,地方国有企业,材料,有色金属,材料--有色金属--贵金属--黄金,2020,,,,,,,,,,64461691000.0,,0.046063033,2231533000.0,737768000.0,target_year,,,,,,,,,,SOE_target,0.062424,0.09291,24.79823602,0.06766359,0.15478921,1.198791734,-0.247137126,0.442311427,0.557028218,0.41604487,0.087074323,True,Pooled_H_plus_CSI_nonSOE,0.17809626280437002,0.062424,0.11567226280437001,7456429662.166093,7456429662.166093,1,0,,1.0
600547.SH,山东黄金,CSI,地方国有企业,材料,有色金属,材料--有色金属--贵金属--黄金,2021,,,,,,,,,,79036550000.0,,0.006070812,-221301000.0,701117000.0,target_year,,,,,,,,,,SOE_target,0.008607,-0.009239,24.88933695,0.057422438,0.159708925,1.032278579,-0.191698943,0.44392585,0.505781116,0.516050317,0.084631149,True,Pooled_H_plus_CSI_nonSOE,0.17804562064759852,0.008607,0.16943862064759851,13391844012.744953,13391844012.744953,1,0,,1.0
600547.SH,山东黄金,CSI,地方国有企业,材料,有色金属,材料--有色金属--贵金属--黄金,2022,,,,,,,,,,91216092000.0,,0.024132694,1191359000.0,1009931000.0,target_year,,,,,,,,,,SOE_target,0.033211,0.051716,25.09317624,0.022730128,0.168216562,0.472934661,-0.262458167,0.399789604,0.595619002,0.407525779,0.065528784,True,Pooled_H_plus_CSI_nonSOE,0.11620457041435887,0.033211,0.08299357041435887,7570349154.324636,7570349154.324636,1,0,,1.0
600547.SH,山东黄金,CSI,地方国有企业,材料,有色金属,材料--有色金属--贵金属--黄金,2023,,,,,,,,,,135018841000.0,,0.02814,2267383000.0,1532106000.0,target_year,,,,,,,,,,SOE_target,0.043099,0.098295,25.236497,0.029365,0.153058,0.590954,-0.144872,0.405942,0.596539,0.619063,0.05267,True,Pooled_H_plus_CSI_nonSOE,0.13149535202723084,0.043099,0.08839635202723084,11935172999.34471,11935172999.34471,1,0,,1.0
600547.SH,山东黄金,CSI,地方国有企业,材料,有色金属,材料--有色金属--贵金属--黄金,2024,,,,,,,,,,161010475000.0,,0.030549,2898680000.0,2020016000.0,target_year,,,,,,,,,,SOE_target,0.050286,0.12102299999999999,25.62868,0.034208,0.159476,0.524015,-0.154502,0.37297,0.605257,0.578511,0.079842,True,Pooled_H_plus_CSI_nonSOE,0.12191287843641777,0.050286,0.07162687843641777,11532677719.814882,11532677719.814882,1,0,,1.0
600547.SH,山东黄金,CSI,地方国有企业,材料,有色金属,材料--有色金属--贵金属--黄金,2025,,,,,,,,,,170374158329.33,,0.03915,4739393120.72,1930825091.04,target_year,,,,,,,,,,SOE_target,0.065581,0.136069,25.804735,0.046095,0.15747,0.557499,-0.209441,0.382655,0.636317,0.459784,0.173847,True,Pooled_H_plus_CSI_nonSOE,0.10614573764297883,0.065581,0.040564737642978826,6911183033.772607,6911183033.772607,1,0,,1.0
600584.SH,长电科技,CSI,中央国有企业,信息技术,半导体,信息技术--半导体--半导体产品--集成电路,2019,,,,,,,,,,33581893568.0,,0.025835091,88663437.59,778927828.0,target_year,,,,,,,,,,SOE_target,0.024489999999999998,0.007116,24.26211863,0.425302714,0.214515912,0.731214167,-0.217835094,0.570274559,0.642866911,0.592526697,0.125223737,True,Pooled_H_plus_CSI_nonSOE,0.06820920076505632,0.024489999999999998,0.043719200765056324,1468173546.9701457,1468173546.9701457,1,0,,1.0
600584.SH,长电科技,CSI,中央国有企业,信息技术,半导体,信息技术--半导体--半导体产品--集成电路,2020,,,,,,,,,,32328196228.0,,0.059969666,1304390209.0,634320913.2,target_year,,,,,,,,,,SOE_target,0.06268,0.100233,24.23725288,0.333118905,0.169245785,0.690776587,-0.240903638,0.579565316,0.623655665,0.541626438,0.083485094,True,Pooled_H_plus_CSI_nonSOE,0.07722443453788425,0.06268,0.014544434537884246,470195333.7660224,470195333.7660224,1,0,,1.0
600584.SH,长电科技,CSI,中央国有企业,信息技术,半导体,信息技术--半导体--半导体产品--集成电路,2021,,,,,,,,,,37098618886.0,,0.08818834,2958712533.0,312953065.0,target_year,,,,,,,,,,SOE_target,0.09927899999999999,0.172064,24.19920563,0.292587408,0.155238897,0.801570564,-0.136611898,0.577067125,0.585201037,0.681027474,0.10301753,True,Pooled_H_plus_CSI_nonSOE,0.09179064876920368,0.09927899999999999,-0.007488351230796317,-277807488.3958216,0.0,1,0,,1.0
600584.SH,长电科技,CSI,中央国有企业,信息技术,半导体,信息技术--半导体--半导体产品--集成电路,2022,,,,,,,,,,39407731739.0,,0.087256409,3230988206.0,207588936.5,target_year,,,,,,,,,,SOE_target,0.09065200000000001,0.141605,24.33684558,0.247136762,0.127200785,0.876472393,0.055951263,0.51445276,0.433948862,1.183022294,0.117475684,True,Pooled_H_plus_CSI_nonSOE,0.13027484967581582,0.09065200000000001,0.03962284967581581,1561446630.7592726,1561446630.7592726,1,0,,1.0
600584.SH,长电科技,CSI,中央国有企业,信息技术,半导体,信息技术--半导体--半导体产品--集成电路,2023,,,,,,,,,,42579471835.65,,0.03904,1470705571.95,191582595.95,target_year,,,,,,,,,,SOE_target,0.041807,0.058006,24.397228,0.241875,0.113252,0.880251,0.078921,0.51575,0.374673,1.281888,0.099579,True,Pooled_H_plus_CSI_nonSOE,0.1467460836603122,0.041807,0.1049390836603122,4468250757.1731825,4468250757.1731825,1,0,,1.0
600584.SH,长电科技,CSI,中央国有企业,信息技术,半导体,信息技术--半导体--半导体产品--集成电路,2024,,,,,,,,,,54059828326.1,,0.032423,1609575410.92,143202493.72,target_year,,,,,,,,,,SOE_target,0.037089,0.059965000000000004,24.474638,0.20667,0.109637,0.720973,0.186402,0.464953,0.385827,1.819745,0.07347,True,Pooled_H_plus_CSI_nonSOE,0.13183398974236119,0.037089,0.09474498974236119,5121897880.230151,5121897880.230151,1,0,,1.0
600584.SH,长电科技,CSI,中央国有企业,信息技术,半导体,信息技术--半导体--半导体产品--集成电路,2025,,,,,,,,,,55516503601.44,,0.034768,1565238036.45,364966704.33,target_year,,,,,,,,,,SOE_target,0.038389,0.055614,24.713357,0.203175,0.111057,0.742623,0.127708,0.453394,0.453519,1.451593,0.084921,True,Pooled_H_plus_CSI_nonSOE,0.11813380990179033,0.038389,0.07974480990179034,4427153026.1088915,4427153026.1088915,1,0,,1.0
600585.SH,海螺水泥,CSI,地方国有企业,材料,建材Ⅱ,材料--建材Ⅱ--建材Ⅲ--建材Ⅳ,2019,,,,,,,,,,178777000000.0,,0.190604923,33629803000.0,446008000.0,target_year,,,,,,,,,,SOE_target,0.264696,0.26940200000000003,25.73087892,0.851845731,0.736746816,0.945214441,0.307864936,0.42602985,0.223060914,2.760494595,0.031752625,True,Pooled_H_plus_CSI_nonSOE,0.22369025916658108,0.264696,-0.0410057408334189,-7330883328.976131,0.0,0,1,MarketShare_lag,1.0
600585.SH,海螺水泥,CSI,地方国有企业,材料,建材Ⅱ,材料--建材Ⅱ--建材Ⅲ--建材Ⅳ,2020,,,,,,,,,,200973000000.0,,0.177189761,35163538000.0,446777000.0,target_year,,,,,,,,,,SOE_target,0.250641,0.235312,25.90940607,0.869353952,0.764425084,0.956555552,0.390378958,0.392942982,0.204983699,3.545143008,0.049637873,True,Pooled_H_plus_CSI_nonSOE,0.2197857428242014,0.250641,-0.030855257175798595,-6201073600.391771,0.0,0,1,MarketShare_lag,1.0
600585.SH,海螺水泥,CSI,地方国有企业,材料,建材Ⅱ,材料--建材Ⅱ--建材Ⅲ--建材Ⅳ,2021,,,,,,,,,,230515000000.0,,0.145909871,33300694000.0,333671000.0,target_year,,,,,,,,,,SOE_target,0.206196,0.192903,26.0264352,0.862135547,0.753086611,0.92820387,0.442261239,0.335339415,0.163752786,4.669323247,0.049609649,True,Pooled_H_plus_CSI_nonSOE,0.21538150472407777,0.206196,0.009185504724077781,2117396621.4707897,2117396621.4707897,0,1,MarketShare_lag,1.0
600585.SH,海螺水泥,CSI,地方国有企业,材料,建材Ⅱ,材料--建材Ⅱ--建材Ⅲ--建材Ⅳ,2022,,,,,,,,,,243976000000.0,,0.067158879,15860553000.0,524630000.0,target_year,,,,,,,,,,SOE_target,0.087491,0.086401,26.16358032,0.806036387,0.668525521,0.778482317,0.396284433,0.32075031,0.168348631,3.796208792,0.065949423,True,Pooled_H_plus_CSI_nonSOE,0.21191079889434603,0.087491,0.12441979889434603,30355444855.046967,30355444855.046967,0,1,MarketShare_lag,1.0
600585.SH,海螺水泥,CSI,地方国有企业,材料,建材Ⅱ,材料--建材Ⅱ--建材Ⅲ--建材Ⅳ,2023,,,,,,,,,,246189200000.0,,0.047198,10689181000.0,930404000.0,target_year,,,,,,,,,,SOE_target,0.060389,0.057962,26.220337,0.768652,0.617588,0.556476,0.290341,0.368056,0.197017,2.991394,0.109217,True,Pooled_H_plus_CSI_nonSOE,0.19278491357122574,0.060389,0.13239591357122574,32594444045.369205,32594444045.369205,1,0,,1.0
600585.SH,海螺水泥,CSI,地方国有企业,材料,建材Ⅱ,材料--建材Ⅱ--建材Ⅲ--建材Ⅳ,2024,,,,,,,,,,254635244000.0,,0.03468,8051954000.0,778705000.0,target_year,,,,,,,,,,SOE_target,0.044611,0.043154000000000005,26.229366,0.792843,0.650954,0.575313,0.291186,0.392783,0.196105,3.41697,0.057547,True,Pooled_H_plus_CSI_nonSOE,0.19601334944605422,0.044611,0.15140234944605424,38552374193.369286,38552374193.369286,0,1,MarketShare_lag,1.0
600585.SH,海螺水泥,CSI,地方国有企业,材料,建材Ⅱ,材料--建材Ⅱ--建材Ⅲ--建材Ⅳ,2025,,,,,,,,,,256000730000.0,,0.035606,8464457000.0,650683000.0,target_year,,,,,,,,,,SOE_target,0.044752,0.044513,26.263098,0.688576,0.525443,0.363519,0.254756,0.389179,0.21324,3.245249,0.044433,True,Pooled_H_plus_CSI_nonSOE,0.18562368661967876,0.044752,0.14087168661967875,36063254610.968994,36063254610.968994,1,0,,1.0
600600.SH,青岛啤酒,CSI,地方国有企业,日常消费,食品饮料,日常消费--食品饮料--饮料--啤酒,2019,,,,,,,,,,37312383547.0,,0.050066542,1852103376.0,15998657.0,target_year,,,,,,,,,,SOE_target,0.062422000000000005,0.099731,24.25183759,0.039789287,0.118716357,0.817071935,0.166497166,0.314204026,0.451509728,1.46938827,0.022356278,True,Pooled_H_plus_CSI_nonSOE,0.16995832013899997,0.062422000000000005,0.10753632013899997,4012436422.259347,4012436422.259347,1,0,,1.0
600600.SH,青岛啤酒,CSI,地方国有企业,日常消费,食品饮料,日常消费--食品饮料--饮料--啤酒,2020,,,,,,,,,,41514185835.0,,0.053486635,2201323556.0,19130553.0,target_year,,,,,,,,,,SOE_target,0.069384,0.11063700000000001,24.34259111,0.036521616,0.109737598,0.783994456,0.204973157,0.278755397,0.466306653,1.572724464,0.030961465,True,Pooled_H_plus_CSI_nonSOE,0.16314877769562142,0.069384,0.09376477769562142,3892568406.0334907,3892568406.0334907,1,0,,1.0
600600.SH,青岛啤酒,CSI,地方国有企业,日常消费,食品饮料,日常消费--食品饮料--饮料--啤酒,2021,,,,,,,,,,46563004491.0,,0.068392254,3155455810.0,29093000.0,target_year,,,,,,,,,,SOE_target,0.09519899999999999,0.144667,24.44930103,0.030608359,0.106852675,0.704323711,0.219639959,0.256356563,0.485283121,1.587892074,0.031198181,True,Pooled_H_plus_CSI_nonSOE,0.15299196249482155,0.09519899999999999,0.05779296249482156,2691013972.194571,2691013972.194571,1,0,,1.0
600600.SH,青岛啤酒,CSI,地方国有企业,日常消费,食品饮料,日常消费--食品饮料--饮料--啤酒,2022,,,,,,,,,,50311699796.0,,0.07408436,3710628593.0,16681483.0,target_year,,,,,,,,,,SOE_target,0.094207,0.153026,24.56407217,0.029061598,0.106913309,0.685008349,0.22979565,0.234330308,0.489000085,1.586022499,0.035113023,True,Pooled_H_plus_CSI_nonSOE,0.15017643448533155,0.094207,0.05596943448533155,2815917385.577891,2815917385.577891,1,0,,1.0
600600.SH,青岛啤酒,CSI,地方国有企业,日常消费,食品饮料,日常消费--食品饮料--饮料--啤酒,2023,,,,,,,,,,49256011349.0,,0.08698,4267851406.0,16430590.0,target_year,,,,,,,,,,SOE_target,0.105586,0.16122,24.641503,0.026374,0.105461,0.664189,0.245086,0.227891,0.477809,1.626821,0.035382,True,Pooled_H_plus_CSI_nonSOE,0.15145789723855663,0.105586,0.04587189723855663,2259466690.982507,2259466690.982507,1,0,,1.0
600600.SH,青岛啤酒,CSI,地方国有企业,日常消费,食品饮料,日常消费--食品饮料--饮料--啤酒,2024,,,,,,,,,,51420385832.0,,0.084924,4344983858.0,21837054.0,target_year,,,,,,,,,,SOE_target,0.105021,0.153778,24.620297,0.026821,0.100594,0.681677,0.257703,0.236404,0.42637,1.750271,0.032844,True,Pooled_H_plus_CSI_nonSOE,0.1640524653084852,0.105021,0.05903146530848519,3035420722.390631,3035420722.390631,1,0,,1.0
600600.SH,青岛啤酒,CSI,地方国有企业,日常消费,食品饮料,日常消费--食品饮料--饮料--啤酒,2025,,,,,,,,,,52131585698.0,,0.088233,4588101137.0,11645392.0,target_year,,,,,,,,,,SOE_target,0.11355,0.153681,24.663301,0.025162,0.097008,0.638438,0.149096,0.242093,0.419305,1.437532,0.041638,True,Pooled_H_plus_CSI_nonSOE,0.1588856652213159,0.11355,0.04533566522131589,2363420116.6608677,2363420116.6608677,1,0,,1.0
600674.SH,川投能源,CSI,地方国有企业,公用事业,公用事业Ⅱ,公用事业--公用事业Ⅱ--电力--电力公用事业,2019,,,,,,,,,,37455297271.0,,0.08663757,2947152991.0,297882959.1,target_year,,,,,,,,,,SOE_target,0.09496600000000001,0.113437,24.19037321,0.001407933,0.148389593,0.027388009,-0.126162172,0.096642724,0.211156314,0.238375654,0.000112629,True,Pooled_H_plus_CSI_nonSOE,0.13600011707511037,0.09496600000000001,0.04103411707511036,1536945053.3012755,1536945053.3012755,0,1,CapexRatio_lag,1.0
600674.SH,川投能源,CSI,地方国有企业,公用事业,公用事业Ⅱ,公用事业--公用事业Ⅱ--电力--电力公用事业,2020,,,,,,,,,,41329132241.0,,0.085105621,3161648053.0,355693399.7,target_year,,,,,,,,,,SOE_target,0.08250199999999999,0.113068,24.34641399,0.001205579,0.143602423,0.023400148,-0.003795965,0.089266117,0.261609643,0.974542199,0.005644483,True,Pooled_H_plus_CSI_nonSOE,0.1286382845950431,0.08250199999999999,0.0461362845950431,1906772607.1369474,1906772607.1369474,0,1,AssetTurnover_lag,1.0
600674.SH,川投能源,CSI,地方国有企业,公用事业,公用事业Ⅱ,公用事业--公用事业Ⅱ--电力--电力公用事业,2021,,,,,,,,,,48467289300.0,,0.072029473,3087390564.0,403682721.0,target_year,,,,,,,,,,SOE_target,0.070829,0.10283899999999999,24.44483347,0.001311827,0.126082379,0.025326604,-0.020587501,0.149878777,0.279982539,0.842265433,0.011127501,True,Pooled_H_plus_CSI_nonSOE,0.12993110751609485,0.070829,0.05910210751609485,2864518943.2222733,2864518943.2222733,1,0,,1.0
600674.SH,川投能源,CSI,地方国有企业,公用事业,公用事业Ⅱ,公用事业--公用事业Ⅱ--电力--电力公用事业,2022,,,,,,,,,,54713816868.0,,0.073686954,3515265709.0,516428791.4,target_year,,,,,,,,,,SOE_target,0.070057,0.108055,24.60415496,0.001311755,0.130392082,0.027269246,-0.076929215,0.15739761,0.333789881,0.523491198,0.018682481,True,Pooled_H_plus_CSI_nonSOE,0.11813110931389974,0.070057,0.04807410931389974,2630318013.0929236,2630318013.0929236,1,0,,1.0
600674.SH,川投能源,CSI,地方国有企业,公用事业,公用事业Ⅱ,公用事业--公用事业Ⅱ--电力--电力公用事业,2023,,,,,,,,,,60353345396.81,,0.083092,4400136762.78,614743511.5,target_year,,,,,,,,,,SOE_target,0.079343,0.12410700000000001,24.725382,0.001264,0.129341,0.026783,-0.063429,0.159617,0.356674,0.562795,0.011853,True,Pooled_H_plus_CSI_nonSOE,0.11578332455793898,0.079343,0.03644032455793898,2199295494.417149,2199295494.417149,1,0,,1.0
600674.SH,川投能源,CSI,地方国有企业,公用事业,公用事业Ⅱ,公用事业--公用事业Ⅱ--电力--电力公用事业,2024,,,,,,,,,,65049216986.43,,0.076308,4507725742.38,456048265.85,target_year,,,,,,,,,,SOE_target,0.082261,0.113788,24.823482,0.001247,0.121904,0.024977,-0.093234,0.155371,0.36055,0.376089,0.01185,True,Pooled_H_plus_CSI_nonSOE,0.11403690650082697,0.082261,0.03177590650082697,2066997836.912805,2066997836.912805,0,1,AssetTurnover_lag,1.0
600674.SH,川投能源,CSI,地方国有企业,公用事业,公用事业Ⅱ,公用事业--公用事业Ⅱ--电力--电力公用事业,2025,,,,,,,,,,70280844646.92,,0.074284,4754148319.5,466574820.23,target_year,,,,,,,,,,SOE_target,0.079641,0.10925800000000001,24.89841,0.001364,0.118327,0.024926,-0.030629,0.163193,0.325335,0.646079,0.014149,True,Pooled_H_plus_CSI_nonSOE,0.12544400734908856,0.079641,0.045803007349088556,3219074043.8630276,3219074043.8630276,0,1,AssetTurnover_lag,1.0
600741.SH,华域汽车,CSI,地方国有企业,可选消费,汽车与零配件,可选消费--汽车与零配件--汽车零配件--汽车零配件与设备,2019,,,,,,,,,,139127000000.0,,0.046042526,6463163299.0,-57384823.34,target_year,,,,,,,,,,SOE_target,0.06916699999999999,0.136372,25.61876601,0.105173849,0.376606004,1.218424095,0.095917985,0.187971562,0.591375165,1.188356392,0.056289775,True,Pooled_H_plus_CSI_nonSOE,0.09901040352577806,0.06916699999999999,0.029843403525778064,4152023202.330925,4152023202.330925,1,0,,1.0
600741.SH,华域汽车,CSI,地方国有企业,可选消费,汽车与零配件,可选消费--汽车与零配件--汽车零配件--汽车零配件与设备,2020,,,,,,,,,,150436000000.0,,0.036173167,5403276870.0,38468287.51,target_year,,,,,,,,,,SOE_target,0.05484,0.105986,25.65865613,0.102321962,0.369422071,1.052222715,0.098096971,0.185580865,0.578073616,1.195337752,0.041014965,True,Pooled_H_plus_CSI_nonSOE,0.09238166148964455,0.05484,0.03754166148964455,5647617387.856168,5647617387.856168,1,0,,1.0
600741.SH,华域汽车,CSI,地方国有企业,可选消费,汽车与零配件,可选消费--汽车与零配件--汽车零配件--汽车零配件与设备,2021,,,,,,,,,,153847000000.0,,0.041668248,6468939920.0,-58414795.01,target_year,,,,,,,,,,SOE_target,0.058917000000000004,0.12674,25.73680331,0.099651359,0.324255792,0.919275528,0.061256394,0.179405617,0.613203253,1.108781534,0.026615808,True,Pooled_H_plus_CSI_nonSOE,0.07843547024960536,0.058917000000000004,0.019518470249605353,3002858092.491035,3002858092.491035,1,0,,1.0
600741.SH,华域汽车,CSI,地方国有企业,可选消费,汽车与零配件,可选消费--汽车与零配件--汽车零配件--汽车零配件与设备,2022,,,,,,,,,,162797000000.0,,0.042880326,7203125199.0,-222339441.1,target_year,,,,,,,,,,SOE_target,0.057724000000000004,0.140533,25.7592229,0.091719109,0.289774151,0.916432657,0.04330837,0.164489571,0.651116923,1.075429526,0.032901711,True,Pooled_H_plus_CSI_nonSOE,0.06916134987551362,0.057724000000000004,0.011437349875513612,1861966247.6839895,1861966247.6839895,1,0,,1.0
600741.SH,华域汽车,CSI,地方国有企业,可选消费,汽车与零配件,可选消费--汽车与零配件--汽车零配件--汽车零配件与设备,2023,,,,,,,,,,176096527061.77,,0.041438,7214175836.76,82967479.37,target_year,,,,,,,,,,SOE_target,0.053342,0.130295,25.815769,0.087651,0.236564,0.995539,0.051679,0.160689,0.649534,1.087895,0.031948,True,Pooled_H_plus_CSI_nonSOE,0.07829412813431036,0.053342,0.02495212813431036,4393983107.2523365,4393983107.2523365,1,0,,1.0
600741.SH,华域汽车,CSI,地方国有企业,可选消费,汽车与零配件,可选消费--汽车与零配件--汽车零配件--汽车零配件与设备,2024,,,,,,,,,,185005958123.93,,0.038573,6690703044.68,445450880.84,target_year,,,,,,,,,,SOE_target,0.048373,0.111687,25.894298,0.079829,0.222276,0.9913,0.071113,0.146473,0.650302,1.120299,0.027814,True,Pooled_H_plus_CSI_nonSOE,0.07844083012785914,0.048373,0.030067830127859144,5562727721.512149,5562727721.512149,1,0,,1.0
600741.SH,华域汽车,CSI,地方国有企业,可选消费,汽车与零配件,可选消费--汽车与零配件--汽车零配件--汽车零配件与设备,2025,,,,,,,,,,199186450932.39,,0.037691,7207268139.61,300363531.54,target_year,,,,,,,,,,SOE_target,0.05118,0.111577,25.943654,0.072316,0.204324,0.932002,0.047394,0.13775,0.642604,1.080251,0.024096,True,Pooled_H_plus_CSI_nonSOE,0.07532235700752145,0.05118,0.024142357007521445,4808830409.470913,4808830409.470913,1,0,,1.0
600760.SH,中航沈飞,CSI,中央国有企业,工业,国防军工,工业--国防军工--航空航天与国防Ⅲ--航空航天,2019,,,,,,,,,,29223855418.0,,0.030645756,877785950.4,17801204.6,target_year,,,,,,,,,,SOE_target,0.032455,0.10607100000000001,24.07103611,0.234061146,0.285442207,0.73382927,0.094811604,0.156668572,0.711535713,1.13982081,0.021528326,True,Pooled_H_plus_CSI_nonSOE,0.044661920304102806,0.032455,0.012206920304102808,356733274.06614906,356733274.06614906,1,0,,1.0
600760.SH,中航沈飞,CSI,中央国有企业,工业,国防军工,工业--国防军工--航空航天与国防Ⅲ--航空航天,2020,,,,,,,,,,32853080760.0,,0.044497289,1480199037.0,-18325999.76,target_year,,,,,,,,,,SOE_target,0.055996,0.157162,24.09825118,0.25391587,0.279462147,0.822813114,0.126611615,0.154215263,0.680994566,1.194178025,0.019204256,True,Pooled_H_plus_CSI_nonSOE,0.06097686561640734,0.055996,0.004980865616407343,163636780.35053763,163636780.35053763,1,0,,1.0
600760.SH,中航沈飞,CSI,中央国有企业,工业,国防军工,工业--国防军工--航空航天与国防Ⅲ--航空航天,2021,,,,,,,,,,62780477436.0,,0.023023896,1695718597.0,-250267428.3,target_year,,,,,,,,,,SOE_target,0.038985,0.157295,24.21531136,0.271869554,0.273615357,0.878885182,0.154294154,0.141732989,0.670187379,1.23638641,0.022587022,True,Pooled_H_plus_CSI_nonSOE,0.06969308317832335,0.038985,0.030708083178323346,1927868123.07954,1927868123.07954,1,0,,1.0
600760.SH,中航沈飞,CSI,中央国有企业,工业,国防军工,工业--国防军工--航空航天与国防Ⅲ--航空航天,2022,,,,,,,,,,58792300811.0,,0.034290357,2304914649.0,-288905647.1,target_year,,,,,,,,,,SOE_target,0.042947,0.190097,24.86290999,0.300582293,0.271325141,0.712078293,0.11045987,0.075155929,0.804076801,1.140517772,0.015019361,True,Pooled_H_plus_CSI_nonSOE,0.03063169751510573,0.042947,-0.01231530248489427,-724044968.2703598,0.0,1,0,,1.0
600760.SH,中航沈飞,CSI,中央国有企业,工业,国防军工,工业--国防军工--航空航天与国防Ⅲ--航空航天,2023,,,,,,,,,,55466437662.06,,0.04908,3007151011.69,-284871174.07,target_year,,,,,,,,,,SOE_target,0.05942,0.215317,24.797277,0.31911,0.272876,0.680945,0.127789,0.091034,0.765048,1.170943,0.018031,True,Pooled_H_plus_CSI_nonSOE,0.03910598661760978,0.05942,-0.020314013382390222,-1126745956.9406,0.0,1,0,,1.0
600760.SH,中航沈飞,CSI,中央国有企业,工业,国防军工,工业--国防军工--航空航天与国防Ⅲ--航空航天,2024,,,,,,,,,,61589834322.62,,0.050531,3393966060.7,-281780980.48,target_year,,,,,,,,,,SOE_target,0.062074,0.21099199999999999,24.739044,0.285535,0.247277,0.80713,0.19824,0.106196,0.706893,1.30884,0.046211,True,Pooled_H_plus_CSI_nonSOE,0.059359998195929436,0.062074,-0.0027140018040705607,-167154921.46399763,0.0,1,0,,1.0
600760.SH,中航沈飞,CSI,中央国有企业,工业,国防军工,工业--国防军工--航空航天与国防Ⅲ--航空航天,2025,,,,,,,,,,77486151790.18,,0.044729,3517760109.76,-51895460.66,target_year,,,,,,,,,,SOE_target,0.057051,0.17316600000000001,24.843763,0.26643,0.253215,0.729017,0.191021,0.119894,0.690682,1.30753,0.049573,True,Pooled_H_plus_CSI_nonSOE,0.05632873880042162,0.057051,-0.0007222611995783765,-55965240.94268756,0.0,1,0,,1.0
600795.SH,国电电力,CSI,中央国有企业,公用事业,公用事业Ⅱ,公用事业--公用事业Ⅱ--电力--电力公用事业,2019,,,,,,,,,,364848000000.0,,0.03103471,1868693329.0,9454253879.0,target_year,,,,,,,,,,SOE_target,0.052023,0.035694,26.33094615,0.108567586,0.148389593,0.235939416,-0.20008333,0.824503098,0.738424424,0.254622885,0.046610381,True,Pooled_H_plus_CSI_nonSOE,0.06636987411488496,0.052023,0.014346874114884958,5234428327.067547,5234428327.067547,0,1,FixedAssetsRatio_lag,1.0
600795.SH,国电电力,CSI,中央国有企业,公用事业,公用事业Ⅱ,公用事业--公用事业Ⅱ--电力--电力公用事业,2020,,,,,,,,,,357337000000.0,,0.031801717,2633092717.0,8730848509.0,target_year,,,,,,,,,,SOE_target,0.028807,0.049264,26.62274626,0.17020986,0.143602423,0.360249419,-0.153296874,0.803204859,0.680281684,0.389709423,0.033277747,True,Pooled_H_plus_CSI_nonSOE,0.09695963434191421,0.028807,0.06815263434191421,24353457897.836597,24353457897.836597,0,1,FixedAssetsRatio_lag,1.0
600795.SH,国电电力,CSI,中央国有企业,公用事业,公用事业Ⅱ,公用事业--公用事业Ⅱ--电力--电力公用事业,2021,,,,,,,,,,397909000000.0,,0.01530631,-1845353429.0,7935869338.0,target_year,,,,,,,,,,SOE_target,-0.004032,-0.037367,26.60194614,0.150635222,0.126082379,0.31726249,-0.175229782,0.798494104,0.668275244,0.366384625,0.039259747,True,Pooled_H_plus_CSI_nonSOE,0.09407175551883526,-0.004032,0.09810375551883525,39036367254.74422,39036367254.74422,0,1,FixedAssetsRatio_lag,1.0
600795.SH,国电电力,CSI,中央国有企业,公用事业,公用事业Ⅱ,公用事业--公用事业Ⅱ--电力--电力公用事业,2022,,,,,,,,,,412852000000.0,,0.025132614,2824661198.0,7551385897.0,target_year,,,,,,,,,,SOE_target,0.025287,0.06217399999999999,26.70948872,0.177715444,0.130392082,0.439254514,-0.182234617,0.784952008,0.720608319,0.420969478,0.053779605,True,Pooled_H_plus_CSI_nonSOE,0.09099921402932967,0.025287,0.06571221402932967,27129418986.436813,27129418986.436813,0,1,FixedAssetsRatio_lag,1.0
600795.SH,国电电力,CSI,中央国有企业,公用事业,公用事业Ⅱ,公用事业--公用事业Ⅱ--电力--电力公用事业,2023,,,,,,,,,,457899346871.8,,0.026904,5608589563.0,6710634947.41,target_year,,,,,,,,,,SOE_target,0.035992,0.119557,26.746355,0.174129,0.129341,0.469478,-0.148351,0.777889,0.732903,0.489031,0.091215,True,Pooled_H_plus_CSI_nonSOE,0.08767310284358115,0.035992,0.05168110284358115,23664743237.690132,23664743237.690132,0,2,"FirmSize_lag, FixedAssetsRatio_lag",1.0
600795.SH,国电电力,CSI,中央国有企业,公用事业,公用事业Ⅱ,公用事业--公用事业Ⅱ--电力--电力公用事业,2024,,,,,,,,,,493936293815.87,,0.033167,9831015730.47,6551289184.38,target_year,,,,,,,,,,SOE_target,0.056732,0.187621,26.849915,0.155481,0.121904,0.411434,-0.18418,0.786377,0.739186,0.410321,0.10869,True,Pooled_H_plus_CSI_nonSOE,0.07706542333792513,0.056732,0.02033342333792513,10043415764.123854,10043415764.123854,0,2,"FirmSize_lag, FixedAssetsRatio_lag",1.0
600795.SH,国电电力,CSI,中央国有企业,公用事业,公用事业Ⅱ,公用事业--公用事业Ⅱ--电力--电力公用事业,2025,,,,,,,,,,520151776851.06,,0.025088,7161419062.53,5887937095.54,target_year,,,,,,,,,,SOE_target,0.04671,0.124002,26.925672,0.154752,0.118327,0.372564,-0.127761,0.776514,0.734045,0.498768,0.117618,True,Pooled_H_plus_CSI_nonSOE,0.07774661079021436,0.04671,0.03103661079021436,16143748249.96478,16143748249.96478,0,2,"FirmSize_lag, FixedAssetsRatio_lag",1.0
600809.SH,山西汾酒,CSI,地方国有企业,日常消费,食品饮料,日常消费--食品饮料--饮料--白酒与葡萄酒,2019,,,,,,,,,,16067772126.0,,0.120645565,1938505451.0,0.0,target_year,,,,,,,,,,SOE_target,0.19643999999999998,0.28379899999999997,23.19381691,0.011358508,0.118716357,0.730553813,0.313357956,0.160991916,0.452055606,1.698127236,0.006345891,True,Pooled_H_plus_CSI_nonSOE,0.15283661953816885,0.19643999999999998,-0.043603380461831126,-700609181.1839832,0.0,1,0,,1.0
600809.SH,山西汾酒,CSI,地方国有企业,日常消费,食品饮料,日常消费--食品饮料--饮料--白酒与葡萄酒,2020,,,,,,,,,,19778534913.0,,0.152246337,3079233697.0,-68024211.2,target_year,,,,,,,,,,SOE_target,0.23637699999999998,0.357553,23.50008137,0.012563816,0.109737598,0.690167098,0.264738088,0.132517046,0.525473058,1.507083422,0.010036058,True,Pooled_H_plus_CSI_nonSOE,0.13358445805999092,0.23637699999999998,-0.10279254194000906,-2033085879.556486,0.0,1,0,,1.0
600809.SH,山西汾酒,CSI,地方国有企业,日常消费,食品饮料,日常消费--食品饮料--饮料--白酒与葡萄酒,2021,,,,,,,,,,29954563964.0,,0.176283383,5313612016.0,-33120152.46,target_year,,,,,,,,,,SOE_target,0.285143,0.42509399999999997,23.70786309,0.012665221,0.106852675,0.640874842,0.312390239,0.115668116,0.491118185,1.641645687,0.00990074,True,Pooled_H_plus_CSI_nonSOE,0.13932559599019606,0.285143,-0.14581740400980392,-4367896755.476102,0.0,1,0,,1.0
600809.SH,山西汾酒,CSI,地方国有企业,日常消费,食品饮料,日常消费--食品饮料--饮料--白酒与葡萄酒,2022,,,,,,,,,,36686474275.0,,0.219673789,8095851304.0,-36794481.72,target_year,,,,,,,,,,SOE_target,0.32640300000000005,0.44307899999999995,24.12294754,0.015645986,0.106913309,0.653126402,0.367907014,0.083238228,0.479653252,1.772545459,0.005217143,True,Pooled_H_plus_CSI_nonSOE,0.14598877841939017,0.32640300000000005,-0.18041422158060988,-6618761698.861195,0.0,1,0,,1.0
600809.SH,山西汾酒,CSI,地方国有企业,日常消费,食品饮料,日常消费--食品饮料--饮料--白酒与葡萄酒,2023,,,,,,,,,,44095837995.19,,0.236534,10438114410.47,-7937771.17,target_year,,,,,,,,,,SOE_target,0.35168900000000003,0.42467799999999994,24.325674,0.017717,0.105461,0.648619,0.391304,0.067605,0.407261,1.966935,0.022504,True,Pooled_H_plus_CSI_nonSOE,0.15911792851213288,0.35168900000000003,-0.19257107148786715,-8491582770.889142,0.0,1,0,,1.0
600809.SH,山西汾酒,CSI,地方国有企业,日常消费,食品饮料,日常消费--食品饮料--饮料--白酒与葡萄酒,2024,,,,,,,,,,53495197888.51,,0.228677,12242884323.77,-9765157.86,target_year,,,,,,,,,,SOE_target,0.33853700000000003,0.39120399999999994,24.509631,0.020625,0.100594,0.646094,0.441337,0.062488,0.358781,2.284846,0.011,True,Pooled_H_plus_CSI_nonSOE,0.1716105718093371,0.33853700000000003,-0.16692642819066295,-8929762308.881668,0.0,1,0,,1.0
600809.SH,山西汾酒,CSI,地方国有企业,日常消费,食品饮料,日常消费--食品饮料--饮料--白酒与葡萄酒,2025,,,,,,,,,,56323475330.54,,0.217073,12246329337.25,-20025507.86,target_year,,,,,,,,,,SOE_target,0.30286,0.32926,24.702858,0.023549,0.097008,0.616411,0.487344,0.09119,0.341913,2.451332,0.01192,True,Pooled_H_plus_CSI_nonSOE,0.1773701980474655,0.30286,-0.1254898019525345,-7068021764.507928,0.0,1,0,,1.0
600845.SH,宝信软件,CSI,中央国有企业,信息技术,软件服务,信息技术--软件服务--软件--应用软件,2019,,,,,,,,,,10267677543.0,,0.081925389,879342167.8,-38158695.38,target_year,,,,,,,,,,SOE_target,0.101713,0.12857100000000002,22.96879561,0.111629061,0.165297342,0.603696254,0.453013002,0.177288325,0.283095215,2.655370712,0.066055153,True,Pooled_H_plus_CSI_nonSOE,0.09033931298537343,0.101713,-0.011373687014626571,-116781350.74119195,0.0,1,0,,1.0
600845.SH,宝信软件,CSI,中央国有企业,信息技术,软件服务,信息技术--软件服务--软件--应用软件,2020,,,,,,,,,,14070448560.0,,0.088149099,1300621550.0,-60324188.48,target_year,,,,,,,,,,SOE_target,0.12177500000000001,0.181308,23.0522667,0.119813233,0.156571733,0.693114084,0.42081115,0.184828746,0.292041392,2.50922769,0.088434728,True,Pooled_H_plus_CSI_nonSOE,0.0937747233254247,0.12177500000000001,-0.028000276674575303,-393976452.61537963,0.0,1,0,,1.0
600845.SH,宝信软件,CSI,中央国有企业,信息技术,软件服务,信息技术--软件服务--软件--应用软件,2021,,,,,,,,,,17860169154.0,,0.099359437,1818835201.0,-44258849.6,target_year,,,,,,,,,,SOE_target,0.126112,0.223171,23.36734259,0.14363829,0.151169635,0.779807981,0.305796909,0.122237644,0.466077062,1.666951471,0.023677422,True,Pooled_H_plus_CSI_nonSOE,0.07209073822113424,0.126112,-0.054021261778865765,-964828873.2830575,0.0,1,0,,1.0
600845.SH,宝信软件,CSI,中央国有企业,信息技术,软件服务,信息技术--软件服务--软件--应用软件,2022,,,,,,,,,,19581031615.0,,0.112537592,2185886525.0,17715615.56,target_year,,,,,,,,,,SOE_target,0.122726,0.230578,23.60583888,0.14572694,0.153055264,0.733913566,0.320951649,0.115802186,0.462290693,1.724840493,0.042653776,True,Pooled_H_plus_CSI_nonSOE,0.06887359204840654,0.122726,-0.05385240795159346,-1054485702.644029,0.0,1,0,,1.0
600845.SH,宝信软件,CSI,中央国有企业,信息技术,软件服务,信息技术--软件服务--软件--应用软件,2023,,,,,,,,,,21882684637.81,,0.114085,2553638969.59,-57147146.8,target_year,,,,,,,,,,SOE_target,0.13603500000000002,0.24034199999999997,23.697827,0.149362,0.14694,0.69877,0.357491,0.102442,0.455595,1.825248,0.015366,True,Pooled_H_plus_CSI_nonSOE,0.07261689152912972,0.13603500000000002,-0.0634181084708703,-1387758467.9944818,0.0,1,0,,1.0
600845.SH,宝信软件,CSI,中央国有企业,信息技术,软件服务,信息技术--软件服务--软件--应用软件,2024,,,,,,,,,,21636685902.19,,0.10333,2265482898.16,-29759456.65,target_year,,,,,,,,,,SOE_target,0.11368,0.199552,23.808962,0.143091,0.139728,0.619504,0.376569,0.099233,0.447554,1.926631,0.017193,True,Pooled_H_plus_CSI_nonSOE,0.06909409580278551,0.11368,-0.04458590419721449,-964691204.7802646,0.0,1,0,,1.0
600845.SH,宝信软件,CSI,中央国有企业,信息技术,软件服务,信息技术--软件服务--软件--应用软件,2025,,,,,,,,,,22314945033.04,,0.057715,1305010991.72,-17114725.47,target_year,,,,,,,,,,SOE_target,0.064209,0.11631,23.797656,0.127,0.169431,0.624517,0.381346,0.108447,0.432194,1.981772,0.020184,True,Pooled_H_plus_CSI_nonSOE,0.06970809388125615,0.064209,0.005499093881256148,122711977.69175754,122711977.69175754,1,0,,1.0
600875.SH,东方电气,CSI,中央国有企业,工业,电气设备,工业--电气设备--电气设备Ⅲ--重型电气设备,2019,,,,,,,,,,89618965556.0,,0.015717674,1277671818.0,130929860.5,target_year,,,,,,,,,,SOE_target,0.006066,0.044028,25.23767212,0.084142144,0.075162529,0.349259169,0.228409844,0.066453384,0.663898493,1.395835175,0.002025643,True,Pooled_H_plus_CSI_nonSOE,0.05497986967353278,0.006066,0.04891386967353278,4383610401.4830065,4383610401.4830065,1,0,,1.0
600875.SH,东方电气,CSI,中央国有企业,工业,电气设备,工业--电气设备--电气设备Ⅲ--重型电气设备,2020,,,,,,,,,,97795137769.0,,0.020410563,1861998155.0,134055669.1,target_year,,,,,,,,,,SOE_target,0.011969,0.061694000000000006,25.2188328,0.073544025,0.069863037,0.351245526,0.222554195,0.06293563,0.645181879,1.403307137,0.007166305,True,Pooled_H_plus_CSI_nonSOE,0.057151808955356445,0.011969,0.045182808955356445,4418659026.579491,4418659026.579491,1,0,,1.0
600875.SH,东方电气,CSI,中央国有企业,工业,电气设备,工业--电气设备--电气设备Ⅲ--重型电气设备,2021,,,,,,,,,,103105000000.0,,0.023600924,2289036817.0,144326348.8,target_year,,,,,,,,,,SOE_target,0.017065,0.072203,25.3061407,0.070729662,0.069189957,0.386725704,0.148967446,0.055489357,0.655999257,1.259661364,0.00553372,True,Pooled_H_plus_CSI_nonSOE,0.05460809227329326,0.017065,0.03754309227329326,3870880528.837902,3870880528.837902,0,1,HHI_lag,1.0
600875.SH,东方电气,CSI,中央国有企业,工业,电气设备,工业--电气设备--电气设备Ⅲ--重型电气设备,2022,,,,,,,,,,115265000000.0,,0.026347295,2854650575.0,182271979.4,target_year,,,,,,,,,,SOE_target,0.021002,0.084608,25.35900958,0.063575156,0.081262738,0.46546583,0.115208513,0.05076816,0.656815638,1.204886628,0.006960057,True,Pooled_H_plus_CSI_nonSOE,0.057923281396729864,0.021002,0.036921281396729864,4255731500.194068,4255731500.194068,1,0,,1.0
600875.SH,东方电气,CSI,中央国有企业,工业,电气设备,工业--电气设备--电气设备Ⅲ--重型电气设备,2023,,,,,,,,,,121108373341.62,,0.030112,3550393576.32,96404032.6,target_year,,,,,,,,,,SOE_target,0.024314,0.09831300000000001,25.4705,0.041868,0.108841,0.496214,-0.000125,0.045409,0.664904,0.999787,0.006491,True,Pooled_H_plus_CSI_nonSOE,0.052538130347312056,0.024314,0.028224130347312058,3418178515.3448157,3418178515.3448157,1,0,,1.0
600875.SH,东方电气,CSI,中央国有企业,工业,电气设备,工业--电气设备--电气设备Ⅲ--重型电气设备,2024,,,,,,,,,,142009284851.87,,0.021335,2922100908.48,107669363.23,target_year,,,,,,,,,,SOE_target,0.020957,0.076856,25.519952,0.039852,0.112299,0.504004,0.036663,0.047941,0.659645,1.06232,0.009166,True,Pooled_H_plus_CSI_nonSOE,0.055522737501993116,0.020957,0.03456573750199311,4908655663.035505,4908655663.035505,1,0,,1.0
600875.SH,东方电气,CSI,中央国有企业,工业,电气设备,工业--电气设备--电气设备Ⅲ--重型电气设备,2025,,,,,,,,,,162674195217.33,,0.024077,3831301222.13,85345766.36,target_year,,,,,,,,,,SOE_target,0.031003,0.091188,25.679158,0.050664,0.107313,0.521385,0.034271,0.048634,0.696201,1.054737,0.021119,True,Pooled_H_plus_CSI_nonSOE,0.049484598905645494,0.031003,0.018481598905645494,3006479228.3053675,3006479228.3053675,1,0,,1.0
600886.SH,国投电力,CSI,中央国有企业,公用事业,公用事业Ⅱ,公用事业--公用事业Ⅱ--电力--电力公用事业,2019,,,,,,,,,,224722000000.0,,0.042848909,4755460882.0,4873610845.0,target_year,,,,,,,,,,SOE_target,0.067674,0.12181900000000001,26.1201075,0.067425895,0.148389593,0.18671361,-0.080609047,0.838680884,0.682009567,0.494120103,0.046417675,True,Pooled_H_plus_CSI_nonSOE,0.07886312691369962,0.067674,0.011189126913699624,2514442978.300407,2514442978.300407,0,1,FixedAssetsRatio_lag,1.0
600886.SH,国投电力,CSI,中央国有企业,公用事业,公用事业Ⅱ,公用事业--公用事业Ⅱ--电力--电力公用事业,2020,,,,,,,,,,228909000000.0,,0.042418916,5515627276.0,4194460020.0,target_year,,,,,,,,,,SOE_target,0.051626000000000005,0.125914,26.13812775,0.061507665,0.143602423,0.186274265,-0.04132307,0.810239806,0.668949453,0.728631805,0.044695381,True,Pooled_H_plus_CSI_nonSOE,0.08238515954096912,0.051626000000000005,0.03075915954096911,7041048451.363698,7041048451.363698,0,1,FixedAssetsRatio_lag,1.0
600886.SH,国投电力,CSI,中央国有企业,公用事业,公用事业Ⅱ,公用事业--公用事业Ⅱ--电力--电力公用事业,2021,,,,,,,,,,241370000000.0,,0.027875459,2436891837.0,4291394378.0,target_year,,,,,,,,,,SOE_target,0.027852000000000002,0.049387999999999994,26.156592,0.050456318,0.126082379,0.169181835,-0.066500176,0.82814494,0.639222502,0.577776524,0.044517337,True,Pooled_H_plus_CSI_nonSOE,0.08787137504207589,0.027852000000000002,0.060019375042075884,14486876553.905857,14486876553.905857,0,1,FixedAssetsRatio_lag,1.0
600886.SH,国投电力,CSI,中央国有企业,公用事业,公用事业Ⅱ,公用事业--公用事业Ⅱ--电力--电力公用事业,2022,,,,,,,,,,258254000000.0,,0.03381893,4079375650.0,4654513767.0,target_year,,,,,,,,,,SOE_target,0.037759999999999995,0.076989,26.2095949,0.045790834,0.130392082,0.18176182,-0.067490828,0.809947994,0.635164482,0.571163608,0.038436347,True,Pooled_H_plus_CSI_nonSOE,0.08976583447081338,0.037759999999999995,0.05200583447081338,13430714775.42544,13430714775.42544,0,1,FixedAssetsRatio_lag,1.0
600886.SH,国投电力,CSI,中央国有企业,公用事业,公用事业Ⅱ,公用事业--公用事业Ⅱ--电力--电力公用事业,2023,,,,,,,,,,277363021076.32,,0.038506,6704936953.85,3975288601.66,target_year,,,,,,,,,,SOE_target,0.053080999999999996,0.118062,26.277211,0.045306,0.129341,0.198222,-0.08302,0.800705,0.637472,0.521016,0.058878,True,Pooled_H_plus_CSI_nonSOE,0.08708476705215563,0.053080999999999996,0.03400376705215564,9431387557.56132,9431387557.56132,0,1,FixedAssetsRatio_lag,1.0
600886.SH,国投电力,CSI,中央国有企业,公用事业,公用事业Ⅱ,公用事业--公用事业Ⅱ--电力--电力公用事业,2024,,,,,,,,,,296536685805.74,,0.033908,6643033266.19,3412049732.32,target_year,,,,,,,,,,SOE_target,0.06662499999999999,0.109754,26.348593,0.04841,0.121904,0.208256,-0.061429,0.776516,0.631828,0.628079,0.073018,True,Pooled_H_plus_CSI_nonSOE,0.08864896822659683,0.06662499999999999,0.022023968226596843,6530914546.205949,6530914546.205949,0,1,FixedAssetsRatio_lag,1.0
600886.SH,国投电力,CSI,中央国有企业,公用事业,公用事业Ⅱ,公用事业--公用事业Ⅱ--电力--电力公用事业,2025,,,,,,,,,,313579818706.81,,0.032146,7393381322.0,2687092580.25,target_year,,,,,,,,,,SOE_target,0.062301,0.109834,26.415437,0.049531,0.118327,0.197773,-0.090115,0.767208,0.632175,0.527581,0.073402,True,Pooled_H_plus_CSI_nonSOE,0.0869905535585379,0.062301,0.024689553558537893,7742145728.838388,7742145728.838388,0,1,FixedAssetsRatio_lag,1.0
600893.SH,航发动力,CSI,中央国有企业,工业,国防军工,工业--国防军工--航空航天与国防Ⅲ--航空航天,2019,,,,,,,,,,63115020067.0,,0.023695335,1077406923.0,418124589.7,target_year,,,,,,,,,,SOE_target,0.029830000000000002,0.039094000000000004,24.70302304,0.267740082,0.285442207,0.437535611,0.043166966,0.334289968,0.429212935,1.08260805,0.032583643,True,Pooled_H_plus_CSI_nonSOE,0.09923729261482099,0.029830000000000002,0.06940729261482098,4380642666.180567,4380642666.180567,1,0,,1.0
600893.SH,航发动力,CSI,中央国有企业,工业,国防军工,工业--国防军工--航空航天与国防Ⅲ--航空航天,2020,,,,,,,,,,64352332318.0,,0.022585258,1145986116.0,307427913.2,target_year,,,,,,,,,,SOE_target,0.022119,0.035375000000000004,24.86822461,0.268981923,0.279462147,0.430985785,0.180032179,0.308221958,0.42097161,1.423587814,0.038841514,True,Pooled_H_plus_CSI_nonSOE,0.10409682627385386,0.022119,0.08197782627385386,5275464319.082315,5275464319.082315,1,0,,1.0
600893.SH,航发动力,CSI,中央国有企业,工业,国防军工,工业--国防军工--航空航天与国防Ⅲ--航空航天,2021,,,,,,,,,,90648498035.0,,0.013911733,1187619447.0,73458273.32,target_year,,,,,,,,,,SOE_target,0.01816,0.032292999999999995,24.88763901,0.284731838,0.273615357,0.448269208,0.168979618,0.311568166,0.417257503,1.394363511,0.040230166,True,Pooled_H_plus_CSI_nonSOE,0.10748421830157177,0.01816,0.08932421830157178,8097106227.187941,8097106227.187941,1,0,,1.0
600893.SH,航发动力,CSI,中央国有企业,工业,国防军工,工业--国防军工--航空航天与国防Ⅲ--航空航天,2022,,,,,,,,,,89965912662.0,,0.01576586,1267781837.0,150608102.9,target_year,,,,,,,,,,SOE_target,0.017733000000000002,0.033426,25.23025521,0.300423066,0.271325141,0.439110596,0.129696967,0.235812024,0.559425655,1.232595064,0.033230453,True,Pooled_H_plus_CSI_nonSOE,0.07501283468423353,0.017733000000000002,0.05727983468423353,5153232604.495552,5153232604.495552,1,0,,1.0
600893.SH,航发动力,CSI,中央国有企业,工业,国防军工,工业--国防军工--航空航天与国防Ⅲ--航空航天,2023,,,,,,,,,,99795552106.78,,0.016727,1421421585.27,247847861.48,target_year,,,,,,,,,,SOE_target,0.018008,0.036513,25.222697,0.285061,0.272876,0.409442,0.123892,0.246077,0.541098,1.22639,0.031555,True,Pooled_H_plus_CSI_nonSOE,0.07617214247634205,0.018008,0.05816414247634205,5804522711.243969,5804522711.243969,1,0,,1.0
600893.SH,航发动力,CSI,中央国有企业,工业,国防军工,工业--国防军工--航空航天与国防Ⅲ--航空航天,2024,,,,,,,,,,115913298911.68,,0.011363,860291114.25,456787611.33,target_year,,,,,,,,,,SOE_target,0.014764999999999999,0.021689,25.326389,0.269155,0.247277,0.458109,0.107993,0.235554,0.560545,1.185283,0.033502,True,Pooled_H_plus_CSI_nonSOE,0.0749437028479677,0.014764999999999999,0.0601787028479677,6975511971.333648,6975511971.333648,1,0,,1.0
600893.SH,航发动力,CSI,中央国有企业,工业,国防军工,工业--国防军工--航空航天与国防Ⅲ--航空航天,2025,,,,,,,,,,123071590336.09,,0.010252,634328156.8,627400791.46,target_year,,,,,,,,,,SOE_target,0.012845,0.015845,25.476108,0.297316,0.253215,0.441468,0.114637,0.213589,0.607384,1.188188,0.025182,True,Pooled_H_plus_CSI_nonSOE,0.06636601774428441,0.012845,0.05352101774428441,6586916770.195174,6586916770.195174,1,0,,1.0
600900.SH,长江电力,CSI,中央国有企业,公用事业,公用事业Ⅱ,公用事业--公用事业Ⅱ--电力--电力公用事业,2019,,,,,,,,,,296483000000.0,,0.090205718,21543493636.0,5200957545.0,target_year,,,,,,,,,,SOE_target,0.107289,0.147703,26.41192448,0.084052252,0.148389593,0.167846247,-0.160212281,0.827770041,0.517137032,0.16690857,0.010554722,True,Pooled_H_plus_CSI_nonSOE,0.11421993137482508,0.107289,0.006930931374825089,2054903326.8022668,2054903326.8022668,0,2,"FixedAssetsRatio_lag, CurrentRatio_lag",1.0
600900.SH,长江电力,CSI,中央国有企业,公用事业,公用事业Ⅱ,公用事业--公用事业Ⅱ--电力--电力公用事业,2020,,,,,,,,,,330827000000.0,,0.094562387,26297890223.0,4985909832.0,target_year,,,,,,,,,,SOE_target,0.11937099999999999,0.16353,26.41525532,0.072210962,0.143602423,0.164550436,-0.151521069,0.786457909,0.494014744,0.197202157,0.00916354,True,Pooled_H_plus_CSI_nonSOE,0.11903478522501468,0.11937099999999999,-0.0003362147749853134,-111228925.36406627,0.0,0,2,"FixedAssetsRatio_lag, CurrentRatio_lag",1.0
600900.SH,长江电力,CSI,中央国有企业,公用事业,公用事业Ⅱ,公用事业--公用事业Ⅱ--电力--电力公用事业,2021,,,,,,,,,,328563000000.0,,0.094424331,26272998503.0,4751369574.0,target_year,,,,,,,,,,SOE_target,0.112712,0.148779,26.52486171,0.074410164,0.126082379,0.180422565,-0.192822765,0.707604134,0.460982464,0.187030032,0.010966039,True,Pooled_H_plus_CSI_nonSOE,0.12588871223404843,0.112712,0.013176712234048427,4329380101.755653,4329380101.755653,0,1,CurrentRatio_lag,1.0
600900.SH,长江电力,CSI,中央国有企业,公用事业,公用事业Ⅱ,公用事业--公用事业Ⅱ--电力--电力公用事业,2022,,,,,,,,,,327268000000.0,,0.077615125,21309033981.0,4091934992.0,target_year,,,,,,,,,,SOE_target,0.092723,0.116267,26.51799529,0.058372527,0.130392082,0.165251528,-0.10799369,0.674421881,0.42084757,0.335606159,0.010572933,True,Pooled_H_plus_CSI_nonSOE,0.13695126348772307,0.092723,0.044228263487723074,14474495335.100155,14474495335.100155,1,0,,1.0
600900.SH,长江电力,CSI,中央国有企业,公用事业,公用事业Ⅱ,公用事业--公用事业Ⅱ--电力--电力公用事业,2023,,,,,,,,,,571942544909.29,,0.069579,27238970860.7,12556406948.81,target_year,,,,,,,,,,SOE_target,0.10002000000000001,0.14083600000000002,26.514046,0.046651,0.129341,0.155493,-0.113534,0.654516,0.401854,0.291705,0.014883,True,Pooled_H_plus_CSI_nonSOE,0.13893283070646095,0.10002000000000001,0.03891283070646094,22255903423.877636,22255903423.877636,1,0,,1.0
600900.SH,长江电力,CSI,中央国有企业,公用事业,公用事业Ⅱ,公用事业--公用事业Ⅱ--电力--电力公用事业,2024,,,,,,,,,,566071979792.34,,0.077071,32496172808.65,11131343530.28,target_year,,,,,,,,,,SOE_target,0.087861,0.157895,27.072304,0.06641,0.121904,0.170171,-0.220611,0.786164,0.628811,0.122989,0.021388,True,Pooled_H_plus_CSI_nonSOE,0.08664110904981065,0.087861,-0.0012198909501893451,-690546085.3044413,0.0,0,3,"FirmSize_lag, FixedAssetsRatio_lag, CurrentRatio_lag",1.0
600900.SH,长江电力,CSI,中央国有企业,公用事业,公用事业Ⅱ,公用事业--公用事业Ⅱ--电力--电力公用事业,2025,,,,,,,,,,559208340046.84,,0.078458,34502809176.39,9371372984.05,target_year,,,,,,,,,,SOE_target,0.09084199999999999,0.159873,27.061987,0.072025,0.118327,0.145031,-0.251498,0.776353,0.607902,0.107736,0.025474,True,Pooled_H_plus_CSI_nonSOE,0.09049578632843781,0.09084199999999999,-0.00034621367156217886,-193605572.57580787,0.0,0,3,"FirmSize_lag, FixedAssetsRatio_lag, CurrentRatio_lag",1.0
600905.SH,三峡能源,CSI,中央国有企业,公用事业,公用事业Ⅱ,公用事业--公用事业Ⅱ--电力--电力公用事业,2019,,,,,,,,,,100050000000.0,,0.044637736,2839735774.0,1626271621.0,target_year,,,,,,,,,,SOE_target,0.036157,0.071715,25.16693766,0.012310599,0.148389593,0.095504611,0.032057758,0.624194288,0.492527498,1.235768548,0.12482356,True,Pooled_H_plus_CSI_nonSOE,0.09990631126416744,0.036157,0.06374931126416744,6378118591.979953,6378118591.979953,1,0,,1.0
600905.SH,三峡能源,CSI,中央国有企业,公用事业,公用事业Ⅱ,公用事业--公用事业Ⅱ--电力--电力公用事业,2020,,,,,,,,,,142576000000.0,,0.040053102,3610991284.0,2099634099.0,target_year,,,,,,,,,,SOE_target,0.052405999999999994,0.08984,25.32893633,0.013171647,0.143602423,0.095973224,-0.052296024,0.661347862,0.583253272,0.762889652,0.142675768,True,Pooled_H_plus_CSI_nonSOE,0.07942594201603445,0.052405999999999994,0.027019942016034457,3852395252.8781285,3852395252.8781285,1,0,,1.0
600905.SH,三峡能源,CSI,中央国有企业,公用事业,公用事业Ⅱ,公用事业--公用事业Ⅱ--电力--电力公用事业,2021,,,,,,,,,,217196000000.0,,0.039073376,5642366893.0,2844231671.0,target_year,,,,,,,,,,SOE_target,0.036911,0.10189999999999999,25.68314352,0.014739605,0.126082379,0.092403534,-0.064530566,0.68917574,0.67431158,0.69579096,0.178542795,True,Pooled_H_plus_CSI_nonSOE,0.05882813926684134,0.036911,0.021917139266841343,4760314980.200872,4760314980.200872,1,0,,1.0
600905.SH,三峡能源,CSI,中央国有企业,公用事业,公用事业Ⅱ,公用事业--公用事业Ⅱ--电力--电力公用事业,2022,,,,,,,,,,262127000000.0,,0.042507105,7155475873.0,3986790888.0,target_year,,,,,,,,,,SOE_target,0.037842,0.0981,26.10406807,0.016447582,0.130392082,0.085340136,-0.016042716,0.667788729,0.647345629,0.909165829,0.137691712,True,Pooled_H_plus_CSI_nonSOE,0.07084914459669081,0.037842,0.03300714459669081,8652063791.696772,8652063791.696772,1,0,,1.0
600905.SH,三峡能源,CSI,中央国有企业,公用事业,公用事业Ⅱ,公用事业--公用事业Ⅱ--电力--电力公用事业,2023,,,,,,,,,,311707560904.4,,0.035726,7181086737.34,3954822772.55,target_year,,,,,,,,,,SOE_target,0.031429,0.09,26.292096,0.021631,0.129341,0.098646,-0.016599,0.657012,0.66444,0.907727,0.10579,True,Pooled_H_plus_CSI_nonSOE,0.07145138269819512,0.031429,0.04002238269819512,12475279292.436861,12475279292.436861,1,0,,1.0
600905.SH,三峡能源,CSI,中央国有企业,公用事业,公用事业Ⅱ,公用事业--公用事业Ⅱ--电力--电力公用事业,2024,,,,,,,,,,356871426700.32,,0.029203,6111426749.8,4310318180.69,target_year,,,,,,,,,,SOE_target,0.038501,0.07221899999999999,26.465331,0.022815,0.121904,0.091612,0.00235,0.684482,0.693671,1.015668,0.131892,True,Pooled_H_plus_CSI_nonSOE,0.06249706459318473,0.038501,0.023996064593184728,8563509806.562868,8563509806.562868,1,0,,1.0
600905.SH,三峡能源,CSI,中央国有企业,公用事业,公用事业Ⅱ,公用事业--公用事业Ⅱ--电力--电力公用事业,2025,,,,,,,,,,387155529975.3,,0.020299,3714396619.2,4144510564.47,target_year,,,,,,,,,,SOE_target,0.024668000000000002,0.042359,26.600641,0.025729,0.118327,0.088185,-0.023704,0.690148,0.709569,0.866542,0.086512,True,Pooled_H_plus_CSI_nonSOE,0.06497883022491693,0.024668000000000002,0.04031083022491693,15606560839.472055,15606560839.472055,1,0,,1.0
600930.SH,华电新能,CSI,中央国有企业,公用事业,公用事业Ⅱ,公用事业--公用事业Ⅱ--电力--电力公用事业,2022,,,,,,,,,,271927000000.0,,0.046442641,8522326035.0,4106695099.0,target_year,,,,,,,,,,SOE_target,0.051731,,,,0.130392082,,,,,,,True,Pooled_H_plus_CSI_nonSOE,0.11450305294375297,0.051731,0.06277205294375297,17069416040.835915,17069416040.835915,1,0,,1.0
600930.SH,华电新能,CSI,中央国有企业,公用事业,公用事业Ⅱ,公用事业--公用事业Ⅱ--电力--电力公用事业,2023,,,,,,,,,,336672867584.0,,0.042015,9619770057.0,4525620297.0,target_year,,,,,,,,,,SOE_target,0.052148,0.122204,26.328801,0.022349,0.129341,,-0.124576,0.705813,0.71125,0.542037,0.214746,True,Pooled_H_plus_CSI_nonSOE,0.08312147559104799,0.052148,0.03097347559104799,10427928846.281157,10427928846.281157,1,0,,1.0
600930.SH,华电新能,CSI,中央国有企业,公用事业,公用事业Ⅱ,公用事业--公用事业Ⅱ--电力--电力公用事业,2024,,,,,,,,,,444090216404.0,,0.032194,8831054314.0,5465860155.0,target_year,,,,,,,,,,SOE_target,0.040872,0.093033,26.542378,0.025418,0.121904,0.096234,-0.106022,0.69146,0.73178,0.567832,0.179024,True,Pooled_H_plus_CSI_nonSOE,0.04696165819070237,0.040872,0.006089658190702368,2704357623.735406,2704357623.735406,1,0,,1.0
600930.SH,华电新能,CSI,中央国有企业,公用事业,公用事业Ⅱ,公用事业--公用事业Ⅱ--电力--电力公用事业,2025,,,,,,,,,,518120395445.0,,0.025709,7262870120.0,6057531034.0,target_year,,,,,,,,,,SOE_target,0.031789,0.059893999999999996,26.819294,0.029306,0.118327,0.086012,-0.092824,0.653688,0.730639,0.610585,0.1612,True,Pooled_H_plus_CSI_nonSOE,0.050244075326286115,0.031789,0.018455075326286118,9561950926.022625,9561950926.022625,0,1,FirmSize_lag,1.0
600938.SH,中国海油,CSI,中央国有企业,能源,石油石化,能源--石油石化--石油天然气--石油天然气勘探与生产,2019,,,,,,,,,,757731000000.0,,0.084581468,61045000000.0,3045000000.0,target_year,,,,,,,,,,SOE_target,0.122,0.14105399999999998,27.24356143,0.039982787,0.452070271,0.338122435,0.176552309,0.600102537,0.385123877,2.706101762,0.07465611,True,Pooled_H_plus_CSI_nonSOE,0.11429999791066538,0.122,-0.0077000020893346205,-5834530283.153611,0.0,0,1,FirmSize_lag,1.0
600938.SH,中国海油,CSI,中央国有企业,能源,石油石化,能源--石油石化--石油天然气--石油天然气勘探与生产,2020,,,,,,,,,,721275000000.0,,0.039516135,24956000000.0,3546000000.0,target_year,,,,,,,,,,SOE_target,0.050007,0.056596,27.35359428,0.039338217,0.44417932,0.316247015,0.151367702,0.581412137,0.408462898,2.256956241,0.095039005,True,Pooled_H_plus_CSI_nonSOE,0.10870103709300823,0.050007,0.058694037093008224,42334541604.25951,42334541604.25951,0,1,FirmSize_lag,1.0
600938.SH,中国海油,CSI,中央国有企业,能源,石油石化,能源--石油石化--石油天然气--石油天然气勘探与生产,2021,,,,,,,,,,786569000000.0,,0.093450161,70320000000.0,3185000000.0,target_year,,,,,,,,,,SOE_target,0.129543,0.153769,27.30428632,0.035156816,0.429200271,0.205074219,0.122753457,0.619275588,0.398384805,2.182854166,0.10456206,True,Pooled_H_plus_CSI_nonSOE,0.10153776538386018,0.129543,-0.02800523461613981,-22028049386.782475,0.0,0,1,FirmSize_lag,1.0
600938.SH,中国海油,CSI,中央国有企业,能源,石油石化,能源--石油石化--石油天然气--石油天然气勘探与生产,2022,,,,,,,,,,929031000000.0,,0.155839794,141700000000.0,3080000000.0,target_year,,,,,,,,,,SOE_target,0.22717400000000001,0.26287099999999997,27.39094629,0.041284448,0.425995256,0.315149313,0.14497266,0.591748467,0.387242569,2.213728433,0.104805809,True,Pooled_H_plus_CSI_nonSOE,0.1132959197597299,0.22717400000000001,-0.11387808024027012,-105796266763.69838,0.0,0,1,FirmSize_lag,1.0
600938.SH,中国海油,CSI,中央国有企业,能源,石油石化,能源--石油石化--石油天然气--石油天然气勘探与生产,2023,,,,,,,,,,1005598000000.0,,0.125544,123843000000.0,2404000000.0,target_year,,,,,,,,,,SOE_target,0.17633700000000002,0.19599,27.557408,0.054529,0.418201,0.45369,0.162845,0.573414,0.355906,2.334215,0.101992,True,Pooled_H_plus_CSI_nonSOE,0.13145700676705502,0.17633700000000002,-0.044879993232945004,-45131231435.06303,0.0,0,1,FirmSize_lag,1.0
600938.SH,中国海油,CSI,中央国有企业,能源,石油石化,能源--石油石化--石油天然气--石油天然气勘探与生产,2024,,,,,,,,,,1056281000000.0,,0.133222,137936000000.0,2784000000.0,target_year,,,,,,,,,,SOE_target,0.182531,0.19508199999999998,27.636604,0.059575,0.410755,0.420933,0.125633,0.589619,0.335842,2.01934,0.120202,True,Pooled_H_plus_CSI_nonSOE,0.13311087761473686,0.182531,-0.04942012238526314,-52201536293.228134,0.0,0,1,FirmSize_lag,1.0
600938.SH,中国海油,CSI,中央国有企业,能源,石油石化,能源--石油石化--石油天然气--石油天然气勘探与生产,2025,,,,,,,,,,1098559000000.0,,0.113556,122082000000.0,2666000000.0,target_year,,,,,,,,,,SOE_target,0.155225,0.157495,27.685775,0.061841,0.406814,0.39843,0.137969,0.598714,0.290496,2.225943,0.116786,True,Pooled_H_plus_CSI_nonSOE,0.14078393484418156,0.155225,-0.014441065155818444,-15864362096.510754,0.0,0,1,FirmSize_lag,1.0
600941.SH,中国移动,CSI,中央国有企业,通讯服务,电信服务,通讯服务--电信服务--多元电信服务--综合电信业务,2019,,,,,,,,,,1629240000000.0,,0.067442489,106641000000.0,3239000000.0,target_year,,,,,,,,,,SOE_target,0.08549799999999999,0.098917,28.06014416,0.500605614,0.376451505,0.438784797,0.039532264,0.480937034,0.312584071,1.127989578,0.127067341,True,Pooled_H_plus_CSI_nonSOE,0.1480584181057912,0.08549799999999999,0.06256041810579122,101925935594.67928,101925935594.67928,0,1,FirmSize_lag,1.0
600941.SH,中国移动,CSI,中央国有企业,通讯服务,电信服务,通讯服务--电信服务--多元电信服务--综合电信业务,2020,,,,,,,,,,1727880000000.0,,0.064135745,107843000000.0,2976000000.0,target_year,,,,,,,,,,SOE_target,0.079764,0.095746,28.11913476,0.502483187,0.377325617,0.426135886,0.041613881,0.455924235,0.32036471,1.146729803,0.125804056,True,Pooled_H_plus_CSI_nonSOE,0.14390929157161791,0.079764,0.06414529157161791,110835366400.76717,110835366400.76717,0,1,FirmSize_lag,1.0
600941.SH,中国移动,CSI,中央国有企业,通讯服务,电信服务,通讯服务--电信服务--多元电信服务--综合电信业务,2021,,,,,,,,,,1841330000000.0,,0.064443741,116148000000.0,2514000000.0,target_year,,,,,,,,,,SOE_target,0.08055799999999999,0.098628,28.1779175,0.498909861,0.375629725,0.414457383,0.03615351,0.449798076,0.332841016,1.120765784,0.110221068,True,Pooled_H_plus_CSI_nonSOE,0.14192514216599295,0.08055799999999999,0.061367142165992955,112997159884.50781,112997159884.50781,0,1,FirmSize_lag,1.0
600941.SH,中国移动,CSI,中央国有企业,通讯服务,电信服务,通讯服务--电信服务--多元电信服务--综合电信业务,2022,,,,,,,,,,1935540000000.0,,0.065937739,125459000000.0,2166000000.0,target_year,,,,,,,,,,SOE_target,0.081688,0.100219,28.24150762,0.494347903,0.374126853,0.421050715,0.007181234,0.431779363,0.342706646,1.022714155,0.112587824,True,Pooled_H_plus_CSI_nonSOE,0.13821614831393045,0.081688,0.05652814831393045,109412492187.54495,109412492187.54495,0,1,FirmSize_lag,1.0
600941.SH,中国移动,CSI,中央国有企业,通讯服务,电信服务,通讯服务--电信服务--多元电信服务--综合电信业务,2023,,,,,,,,,,1992657000000.0,,0.067908,131766000000.0,3552000000.0,target_year,,,,,,,,,,SOE_target,0.0849,0.09985799999999999,28.291406,0.492227,0.373379,0.430017,-0.039765,0.420615,0.327617,0.85569,0.097951,True,Pooled_H_plus_CSI_nonSOE,0.1421857842104269,0.0849,0.057285784210426904,114150918907.39664,114150918907.39664,0,1,FirmSize_lag,1.0
600941.SH,中国移动,CSI,中央国有企业,通讯服务,电信服务,通讯服务--电信服务--多元电信服务--综合电信业务,2024,,,,,,,,,,2108127000000.0,,0.067097,138373000000.0,3077000000.0,target_year,,,,,,,,,,SOE_target,0.08544299999999999,0.101233,28.32049,0.493234,0.374249,0.439649,-0.030342,0.396034,0.324528,0.891757,0.090965,True,Pooled_H_plus_CSI_nonSOE,0.1429272862733918,0.08544299999999999,0.057484286273391805,121184175968.66664,121184175968.66664,0,1,FirmSize_lag,1.0
600941.SH,中国移动,CSI,中央国有企业,通讯服务,电信服务,通讯服务--电信服务--多元电信服务--综合电信业务,2025,,,,,,,,,,2128182000000.0,,0.065914,137095000000.0,3183000000.0,target_year,,,,,,,,,,SOE_target,0.08191000000000001,0.097213,28.376821,0.491611,0.373264,0.433804,-0.030576,0.374154,0.337545,0.898172,0.073989,True,Pooled_H_plus_CSI_nonSOE,0.14032761711114422,0.08191000000000001,0.05841761711114421,124323321218.8291,124323321218.8291,0,1,FirmSize_lag,1.0
601006.SH,大秦铁路,CSI,中央国有企业,工业,交通运输,工业--交通运输--铁路公路运输--铁路运输,2019,,,,,,,,,,148044000000.0,,0.095561613,13669294112.0,478008759.0,target_year,,,,,,,,,,SOE_target,0.134944,0.124054,25.70652666,0.089625731,0.111099702,0.570549848,0.084136557,0.57754898,0.215728043,1.670729602,0.046021713,True,Pooled_H_plus_CSI_nonSOE,0.12412811540165537,0.134944,-0.010815884598344636,-1601226819.4773333,0.0,1,0,,1.0
601006.SH,大秦铁路,CSI,中央国有企业,工业,交通运输,工业--交通运输--铁路公路运输--铁路运输,2020,,,,,,,,,,182203000000.0,,0.06014214,10895704612.0,62353169.0,target_year,,,,,,,,,,SOE_target,0.09520899999999999,0.092804,25.72077391,0.082277343,0.108646931,0.541686591,0.100402373,0.552307357,0.174412521,2.048937304,0.035506266,True,Pooled_H_plus_CSI_nonSOE,0.1286913006322284,0.09520899999999999,0.0334823006322284,6100575622.093911,6100575622.093911,1,0,,1.0
601006.SH,大秦铁路,CSI,中央国有企业,工业,交通运输,工业--交通运输--铁路公路运输--铁路运输,2021,,,,,,,,,,198546000000.0,,0.06305714,12181309677.0,338451918.0,target_year,,,,,,,,,,SOE_target,0.096868,0.099306,25.92838541,0.090638906,0.123286456,0.436682029,0.297357989,0.425794186,0.287461936,5.030979552,0.010649474,True,Pooled_H_plus_CSI_nonSOE,0.07341832448669748,0.096868,-0.023449675513302515,-4655839274.464161,0.0,1,0,,1.0
601006.SH,大秦铁路,CSI,中央国有企业,工业,交通运输,工业--交通运输--铁路公路运输--铁路运输,2022,,,,,,,,,,202297000000.0,,0.056109512,11196257454.0,154529809.0,target_year,,,,,,,,,,SOE_target,0.084593,0.088618,26.01428814,0.071203937,0.15352339,0.411764299,0.271773036,0.441406619,0.318403373,3.96929373,0.018177959,True,Pooled_H_plus_CSI_nonSOE,0.07099936590316872,0.084593,-0.013593634096831286,-2749951396.8866787,0.0,1,0,,1.0
601006.SH,大秦铁路,CSI,中央国有企业,工业,交通运输,工业--交通运输--铁路公路运输--铁路运输,2023,,,,,,,,,,207673222249.0,,0.058222,11930006082.0,161042754.0,target_year,,,,,,,,,,SOE_target,0.087265,0.08968400000000001,26.033003,0.064458,0.180808,0.377665,0.299635,0.437414,0.307013,4.480187,0.035211,True,Pooled_H_plus_CSI_nonSOE,0.0631328900671061,0.087265,-0.0241321099328939,-5011593029.431175,0.0,1,0,,1.0
601006.SH,大秦铁路,CSI,中央国有企业,工业,交通运输,工业--交通运输--铁路公路运输--铁路运输,2024,,,,,,,,,,207017831253.0,,0.043731,9039359180.0,13716097.0,target_year,,,,,,,,,,SOE_target,0.064335,0.061777,26.059232,0.066414,0.114556,0.393827,0.313596,0.43126,0.266118,5.188494,0.035112,True,Pooled_H_plus_CSI_nonSOE,0.07042619373279797,0.064335,0.00609119373279797,1260985716.3057013,1260985716.3057013,1,0,,1.0
601006.SH,大秦铁路,CSI,中央国有企业,工业,交通运输,工业--交通运输--铁路公路运输--铁路运输,2025,,,,,,,,,,211817901515.0,,0.026457,5900148479.0,-296022107.0,target_year,,,,,,,,,,SOE_target,0.039529999999999996,0.036973,26.056071,0.053537,0.116886,0.358657,0.289553,0.436047,0.178965,4.920361,0.021893,True,Pooled_H_plus_CSI_nonSOE,0.08889523164684261,0.039529999999999996,0.04936523164684262,10456439775.23607,10456439775.23607,1,0,,1.0
601018.SH,宁波港,CSI,地方国有企业,工业,交通运输,工业--交通运输--交通基础设施--海港与服务,2019,,,,,,,,,,71778991000.0,,0.054406379,3422218000.0,483017000.0,target_year,,,,,,,,,,SOE_target,0.06641,0.08650600000000001,25.02221389,0.024928256,0.111099702,0.31969526,-0.075756932,0.484900717,0.429334025,0.769098533,0.030742178,True,Pooled_H_plus_CSI_nonSOE,0.04775650719570661,0.06641,-0.01865349280429339,-1338928892.11794,0.0,1,0,,1.0
601018.SH,宁波港,CSI,地方国有企业,工业,交通运输,工业--交通运输--交通基础设施--海港与服务,2020,,,,,,,,,,85419000000.0,,0.045359534,3430805000.0,443761000.0,target_year,,,,,,,,,,SOE_target,0.061177,0.074361,24.99685767,0.024966116,0.108646931,0.332344106,-0.073309306,0.515756024,0.380991076,0.727700149,0.038359163,True,Pooled_H_plus_CSI_nonSOE,0.06069801912399086,0.061177,-0.0004789808760091441,-40914067.447825074,0.0,1,0,,1.0
601018.SH,宁波港,CSI,地方国有企业,工业,交通运输,工业--交通运输--交通基础设施--海港与服务,2021,,,,,,,,,,94961585000.0,,0.050877647,4331678000.0,499744000.0,target_year,,,,,,,,,,SOE_target,0.066056,0.081565,25.1708344,0.026568472,0.123286456,0.268910892,-0.037107962,0.512220536,0.351703169,0.848909062,0.045371896,True,Pooled_H_plus_CSI_nonSOE,0.0627682330424818,0.066056,-0.003287766957518201,-312211561.396556,0.0,1,0,,1.0
601018.SH,宁波港,CSI,地方国有企业,工业,交通运输,工业--交通运输--交通基础设施--海港与服务,2022,,,,,,,,,,108880000000.0,,0.044127532,4220128000.0,584461000.0,target_year,,,,,,,,,,SOE_target,0.064013,0.06663000000000001,25.27673828,0.020766758,0.15352339,0.253490862,-0.022773914,0.5203172,0.380029988,0.899107636,0.067032422,True,Pooled_H_plus_CSI_nonSOE,0.05228139226217208,0.064013,-0.011731607737827922,-1277337450.4947042,0.0,1,0,,1.0
601018.SH,宁波港,CSI,地方国有企业,工业,交通运输,工业--交通运输--交通基础设施--海港与服务,2023,,,,,,,,,,112344177000.0,,0.04463,4668391000.0,345504000.0,target_year,,,,,,,,,,SOE_target,0.05669,0.063583,25.413509,0.021723,0.180808,0.250287,0.082167,0.499505,0.297792,1.472622,0.058357,True,Pooled_H_plus_CSI_nonSOE,0.06922956845707731,0.05669,0.012539568457077314,1408747498.2455108,1408747498.2455108,1,0,,1.0
601018.SH,宁波港,CSI,地方国有企业,工业,交通运输,工业--交通运输--交通基础设施--海港与服务,2024,,,,,,,,,,112898984000.0,,0.045185,4897513000.0,203858000.0,target_year,,,,,,,,,,SOE_target,0.06326,0.063945,25.444833,0.021216,0.114556,0.233152,-0.026377,0.542051,0.281558,0.866527,0.07921,True,Pooled_H_plus_CSI_nonSOE,0.07558314027323286,0.06326,0.012323140273232863,1391270016.5374727,1391270016.5374727,1,0,,1.0
601018.SH,宁波港,CSI,地方国有企业,工业,交通运输,工业--交通运输--交通基础设施--海港与服务,2025,,,,,,,,,,123425080000.0,,0.042734,5168472000.0,105974000.0,target_year,,,,,,,,,,SOE_target,0.061954,0.064993,25.449759,0.020463,0.116886,0.252389,-0.018075,0.559628,0.242247,0.883191,0.046109,True,Pooled_H_plus_CSI_nonSOE,0.09069465045334504,0.061954,0.02874065045334504,3547317081.456148,3547317081.456148,1,0,,1.0
601088.SH,中国神华,CSI,中央国有企业,能源,煤炭Ⅱ,能源--煤炭Ⅱ--煤炭Ⅲ--煤炭与消费用燃料,2019,,,,,,,,,,563083000000.0,,0.079515809,41707000000.0,3067000000.0,target_year,,,,,,,,,,SOE_target,0.115733,0.121282,27.10614052,0.507010805,0.3281903,0.454082948,0.1857846,0.496824007,0.308960391,1.890858398,0.035385531,True,Pooled_H_plus_CSI_nonSOE,0.16203308908497,0.115733,0.04630008908496999,26070793062.23216,26070793062.23216,0,1,FirmSize_lag,1.0
601088.SH,中国神华,CSI,中央国有企业,能源,煤炭Ⅱ,能源--煤炭Ⅱ--煤炭Ⅲ--煤炭与消费用燃料,2020,,,,,,,,,,562904000000.0,,0.067702486,35849000000.0,2261000000.0,target_year,,,,,,,,,,SOE_target,0.10646499999999999,0.099542,27.05669288,0.447627872,0.293470907,0.418929791,0.115455448,0.49812905,0.253719256,1.680864657,0.033758789,True,Pooled_H_plus_CSI_nonSOE,0.171855935922811,0.10646499999999999,0.06539093592281102,36808819394.694016,36808819394.694016,0,1,FirmSize_lag,1.0
601088.SH,中国神华,CSI,中央国有企业,能源,煤炭Ⅱ,能源--煤炭Ⅱ--煤炭Ⅲ--煤炭与消费用燃料,2021,,,,,,,,,,610597000000.0,,0.088765585,51607000000.0,2593000000.0,target_year,,,,,,,,,,SOE_target,0.135102,0.138684,27.05637494,0.411734128,0.275297772,0.414326276,0.182510695,0.493943905,0.236837898,2.478364727,0.036727399,True,Pooled_H_plus_CSI_nonSOE,0.17147106453622568,0.135102,0.03636906453622568,22206841698.625793,22206841698.625793,0,1,FirmSize_lag,1.0
601088.SH,中国神华,CSI,中央国有企业,能源,煤炭Ⅱ,能源--煤炭Ⅱ--煤炭Ⅲ--煤炭与消费用燃料,2022,,,,,,,,,,625178000000.0,,0.121784516,72903000000.0,3234000000.0,target_year,,,,,,,,,,SOE_target,0.161546,0.187659,27.137703,0.389105518,0.269530745,0.57130927,0.190898416,0.474710816,0.26429216,2.270458212,0.039081424,True,Pooled_H_plus_CSI_nonSOE,0.1779775455194361,0.161546,0.016431545519436097,10272640764.750021,10272640764.750021,0,1,FirmSize_lag,1.0
601088.SH,中国神华,CSI,中央国有企业,能源,煤炭Ⅱ,能源--煤炭Ⅱ--煤炭Ⅲ--煤炭与消费用燃料,2023,,,,,,,,,,633412000000.0,,0.106539,64625000000.0,2858000000.0,target_year,,,,,,,,,,SOE_target,0.147784,0.159881,27.161302,0.370616,0.250024,0.557598,0.180182,0.471779,0.259856,2.14473,0.045881,True,Pooled_H_plus_CSI_nonSOE,0.1787309418367819,0.147784,0.0309469418367819,19602164322.719696,19602164322.719696,0,1,FirmSize_lag,1.0
601088.SH,中国神华,CSI,中央国有企业,能源,煤炭Ⅱ,能源--煤炭Ⅱ--煤炭Ⅲ--煤炭与消费用燃料,2024,,,,,,,,,,661436000000.0,,0.098454,62421000000.0,2700000000.0,target_year,,,,,,,,,,SOE_target,0.139226,0.148422,27.174387,0.39907,0.263234,0.545172,0.169504,0.489088,0.239593,2.17231,0.058546,True,Pooled_H_plus_CSI_nonSOE,0.18016271125235345,0.139226,0.04093671125235346,27077014543.911663,27077014543.911663,0,1,FirmSize_lag,1.0
601088.SH,中国神华,CSI,中央国有企业,能源,煤炭Ⅱ,能源--煤炭Ⅱ--煤炭Ⅲ--煤炭与消费用燃料,2025,,,,,,,,,,631777000000.0,,0.089593,54218000000.0,2385000000.0,target_year,,,,,,,,,,SOE_target,0.125517,0.128749,27.217679,0.392903,0.263097,0.522648,0.170092,0.483933,0.233002,2.214694,0.055987,True,Pooled_H_plus_CSI_nonSOE,0.17959551306240054,0.125517,0.05407851306240055,34165560747.024235,34165560747.024235,0,1,FirmSize_lag,1.0
601111.SH,中国国航,CSI,中央国有企业,工业,交通运输,工业--交通运输--航空客运Ⅲ--航空客运Ⅳ,2019,,,,,,,,,,294206000000.0,,0.038643697,6420294000.0,4948928000.0,target_year,,,,,,,,,,SOE_target,0.051708,0.068808,26.21902778,0.157036515,0.111099702,0.570723639,-0.200337972,0.704525554,0.587543188,0.327076743,0.037507993,True,Pooled_H_plus_CSI_nonSOE,0.045098160936902526,0.051708,-0.006609839063097471,-1944654311.3976545,0.0,1,0,,1.0
601111.SH,中国国航,CSI,中央国有企业,工业,交通运输,工业--交通运输--航空客运Ⅲ--航空客运Ⅳ,2020,,,,,,,,,,284030000000.0,,-0.032755591,-14403343000.0,5099785000.0,target_year,,,,,,,,,,SOE_target,-0.046895,-0.16846,26.40754731,0.140714954,0.108646931,0.506376413,-0.180675733,0.347233919,0.655583725,0.318275776,0.025430907,True,Pooled_H_plus_CSI_nonSOE,0.01371597407165414,-0.046895,0.06061097407165414,17215334965.571926,17215334965.571926,1,0,,1.0
601111.SH,中国国航,CSI,中央国有企业,工业,交通运输,工业--交通运输--航空客运Ⅲ--航空客运Ⅳ,2021,,,,,,,,,,298381000000.0,,-0.037335215,-16635178000.0,5495052000.0,target_year,,,,,,,,,,SOE_target,-0.056464,-0.23951,26.37234435,0.087367401,0.123286456,0.24039925,-0.214281471,0.356816629,0.705055278,0.244867819,0.017709488,True,Pooled_H_plus_CSI_nonSOE,-0.020378703169188023,-0.056464,0.03608529683081198,10767166953.67451,10767166953.67451,1,0,,1.0
601111.SH,中国国航,CSI,中央国有企业,工业,交通运输,工业--交通运输--航空客运Ⅲ--航空客运Ⅳ,2022,,,,,,,,,,294979000000.0,,-0.108973296,-38617495000.0,6472620000.0,target_year,,,,,,,,,,SOE_target,-0.133588,-0.909227,26.42163767,0.067699809,0.15352339,0.25594192,-0.205183842,0.331135843,0.77937245,0.331770559,0.006113086,True,Pooled_H_plus_CSI_nonSOE,-0.03884355154783958,-0.133588,0.09474444845216043,27947622659.96983,27947622659.96983,1,0,,1.0
601111.SH,中国国航,CSI,中央国有企业,工业,交通运输,工业--交通运输--航空客运Ⅲ--航空客运Ⅳ,2023,,,,,,,,,,335278694000.0,,0.017611,-1038411000.0,6943087000.0,target_year,,,,,,,,,,SOE_target,0.014877,-0.034168,26.410171,0.045046,0.180808,0.178298,-0.23811,0.337563,0.927018,0.240533,0.003352,True,Pooled_H_plus_CSI_nonSOE,-0.07485379346842236,0.014877,-0.08973079346842236,-30084823245.67638,0.0,1,0,,1.0
601111.SH,中国国航,CSI,中央国有企业,工业,交通运输,工业--交通运输--航空客运Ⅲ--航空客运Ⅳ,2024,,,,,,,,,,345750173000.0,,0.017834,-232557000.0,6398748000.0,target_year,,,,,,,,,,SOE_target,0.012565,-0.0056489999999999995,26.538228,0.11608,0.114556,0.447754,-0.23259,0.351136,0.894822,0.293107,0.028784,True,Pooled_H_plus_CSI_nonSOE,-0.04582067125233015,0.012565,-0.05838567125233015,-20186855936.214275,0.0,1,0,,1.0
601111.SH,中国国航,CSI,中央国有企业,工业,交通运输,工业--交通运输--航空客运Ⅲ--航空客运Ⅳ,2025,,,,,,,,,,343010455000.0,,0.010977,-1787943000.0,5553051000.0,target_year,,,,,,,,,,SOE_target,0.009768,-0.040801,26.568982,0.12001,0.116886,0.48955,-0.280326,0.353379,0.881631,0.29567,0.026481,True,Pooled_H_plus_CSI_nonSOE,-0.03943481728834486,0.009768,-0.04920281728834486,-16877080745.357037,0.0,1,0,,1.0
601117.SH,中国化学,CSI,中央国有企业,工业,建筑,工业--建筑--建筑与工程Ⅲ--建筑与工程Ⅳ,2019,,,,,,,,,,115865000000.0,,0.028923341,3061407369.0,289806779.8,target_year,,,,,,,,,,SOE_target,0.038437,0.09006299999999999,25.29821051,0.019913202,0.178025019,0.878292587,0.21952137,0.111219633,0.63906894,1.387030531,0.010159534,True,Pooled_H_plus_CSI_nonSOE,0.10207518727211605,0.038437,0.06363818727211605,7373438568.283727,7373438568.283727,1,0,,1.0
601117.SH,中国化学,CSI,中央国有企业,工业,建筑,工业--建筑--建筑与工程Ⅲ--建筑与工程Ⅳ,2020,,,,,,,,,,136008000000.0,,0.030814922,3658838010.0,532242625.5,target_year,,,,,,,,,,SOE_target,0.03608,0.10051299999999999,25.47569493,0.021861497,0.179054819,0.970062543,0.153063024,0.082862011,0.675556122,1.25315949,0.006583871,True,Pooled_H_plus_CSI_nonSOE,0.09804661220155363,0.03608,0.061966612201553625,8427954992.308906,8427954992.308906,1,0,,1.0
601117.SH,中国化学,CSI,中央国有企业,工业,建筑,工业--建筑--建筑与工程Ⅲ--建筑与工程Ⅳ,2021,,,,,,,,,,177896000000.0,,0.02864568,4633424156.0,462528943.3,target_year,,,,,,,,,,SOE_target,0.038491,0.10793,25.63598067,0.020410956,0.179498397,0.866772612,0.13346452,0.087295556,0.700576858,1.206806431,0.006452369,True,Pooled_H_plus_CSI_nonSOE,0.08591347904120247,0.038491,0.047422479041202475,8436269331.513756,8436269331.513756,1,0,,1.0
601117.SH,中国化学,CSI,中央国有企业,工业,建筑,工业--建筑--建筑与工程Ⅲ--建筑与工程Ⅳ,2022,,,,,,,,,,194566000000.0,,0.025998681,5415214019.0,-356763819.8,target_year,,,,,,,,,,SOE_target,0.036001,0.10713800000000001,25.90446519,0.022285355,0.17910201,0.872286223,0.12086578,0.084982363,0.704877319,1.184472444,0.021539793,True,Pooled_H_plus_CSI_nonSOE,0.08408815010885792,0.036001,0.048087150108857925,9356124448.080051,9356124448.080051,1,0,,1.0
601117.SH,中国化学,CSI,中央国有企业,工业,建筑,工业--建筑--建筑与工程Ⅲ--建筑与工程Ⅳ,2023,,,,,,,,,,219115319747.0,,0.023994,5426141014.95,-168615955.65,target_year,,,,,,,,,,SOE_target,0.033386,0.09831300000000001,25.994035,0.02301,0.173049,0.844108,0.1213,0.088868,0.700228,1.185803,0.015632,True,Pooled_H_plus_CSI_nonSOE,0.08448897402876779,0.033386,0.05110297402876779,11197444494.33609,11197444494.33609,1,0,,1.0
601117.SH,中国化学,CSI,中央国有企业,工业,建筑,工业--建筑--建筑与工程Ⅲ--建筑与工程Ⅳ,2024,,,,,,,,,,233421377309.4,,0.025317,5687933905.73,221671999.73,target_year,,,,,,,,,,SOE_target,0.033504,0.09498,26.112864,0.024201,0.176169,0.859609,0.11793,0.094952,0.707587,1.180015,0.015217,True,Pooled_H_plus_CSI_nonSOE,0.0842062336805604,0.033504,0.050702233680560406,11834985218.37946,11834985218.37946,1,0,,1.0
601117.SH,中国化学,CSI,中央国有企业,工业,建筑,工业--建筑--建筑与工程Ⅲ--建筑与工程Ⅳ,2025,,,,,,,,,,247353213805.61,,0.026946,6436145919.35,229081690.59,target_year,,,,,,,,,,SOE_target,0.036042,0.099426,26.176111,0.026149,0.174423,0.818796,0.08385,0.099532,0.704835,1.125799,0.012938,True,Pooled_H_plus_CSI_nonSOE,0.08132902167021679,0.036042,0.04528702167021679,11201890353.812426,11201890353.812426,1,0,,1.0
601186.SH,中国铁建,CSI,中央国有企业,工业,建筑,工业--建筑--建筑与工程Ⅲ--建筑与工程Ⅳ,2019,,,,,,,,,,1081240000000.0,,0.024870217,20197378000.0,6693276000.0,target_year,,,,,,,,,,SOE_target,0.030754,0.106344,27.54510432,0.179441198,0.178025019,0.839435107,0.057684202,0.059639027,0.774063963,1.088617697,0.035240302,True,Pooled_H_plus_CSI_nonSOE,0.07282923852709651,0.030754,0.042075238527096506,45493430905.03783,45493430905.03783,0,1,FirmSize_lag,1.0
601186.SH,中国铁建,CSI,中央国有企业,工业,建筑,工业--建筑--建筑与工程Ⅲ--建筑与工程Ⅳ,2020,,,,,,,,,,1242790000000.0,,0.022541552,22392983000.0,5621495000.0,target_year,,,,,,,,,,SOE_target,0.028767,0.09646800000000001,27.70912892,0.175822099,0.179054819,0.830905085,0.061813243,0.052260934,0.757665491,1.097005706,0.029840757,True,Pooled_H_plus_CSI_nonSOE,0.07577238987123877,0.028767,0.04700538987123877,58417828478.07683,58417828478.07683,0,1,FirmSize_lag,1.0
601186.SH,中国铁建,CSI,中央国有企业,工业,建筑,工业--建筑--建筑与工程Ⅲ--建筑与工程Ⅳ,2021,,,,,,,,,,1352970000000.0,,0.022695834,24690556000.0,6016226000.0,target_year,,,,,,,,,,SOE_target,0.028597,0.094403,27.84838222,0.170216618,0.179498397,0.783401225,0.073337434,0.051226586,0.747633644,1.118425578,0.025256172,True,Pooled_H_plus_CSI_nonSOE,0.07507752007065448,0.028597,0.04648052007065448,62886749239.99339,62886749239.99339,0,1,FirmSize_lag,1.0
601186.SH,中国铁建,CSI,中央国有企业,工业,建筑,工业--建筑--建筑与工程Ⅲ--建筑与工程Ⅳ,2022,,,,,,,,,,1523950000000.0,,0.02151334,26642094000.0,6143183000.0,target_year,,,,,,,,,,SOE_target,0.027513,0.095274,27.9333233,0.166034342,0.17910201,0.785903995,0.056408052,0.052064362,0.743901938,1.091719883,0.024298731,True,Pooled_H_plus_CSI_nonSOE,0.07523205501322677,0.027513,0.04771905501322678,72721453887.40695,72721453887.40695,0,1,FirmSize_lag,1.0
601186.SH,中国铁建,CSI,中央国有企业,工业,建筑,工业--建筑--建筑与工程Ⅲ--建筑与工程Ⅳ,2023,,,,,,,,,,1663019578000.0,,0.020178,26096971000.0,7459090000.0,target_year,,,,,,,,,,SOE_target,0.026402000000000002,0.086943,28.052327,0.16047,0.173049,0.762143,0.049486,0.048347,0.746701,1.080689,0.019856,True,Pooled_H_plus_CSI_nonSOE,0.07289175452207049,0.026402000000000002,0.046489754522070485,77313371946.61725,77313371946.61725,0,1,FirmSize_lag,1.0
601186.SH,中国铁建,CSI,中央国有企业,工业,建筑,工业--建筑--建筑与工程Ⅲ--建筑与工程Ⅳ,2024,,,,,,,,,,1862842522000.0,,0.017098,22215074000.0,9635257000.0,target_year,,,,,,,,,,SOE_target,0.021749,0.06963,28.139656,0.154893,0.176169,0.714154,0.040108,0.047552,0.749179,1.06683,0.020998,True,Pooled_H_plus_CSI_nonSOE,0.06777965416778836,0.021749,0.04603065416778836,85747859899.23268,85747859899.23268,0,1,FirmSize_lag,1.0
601186.SH,中国铁建,CSI,中央国有企业,工业,建筑,工业--建筑--建筑与工程Ⅲ--建筑与工程Ⅳ,2025,,,,,,,,,,2083825209000.0,,0.015085,18362618000.0,13072638000.0,target_year,,,,,,,,,,SOE_target,0.018279,0.054934000000000004,28.253125,0.150621,0.174423,0.605339,0.01676,0.04286,0.773144,1.028057,0.020371,True,Pooled_H_plus_CSI_nonSOE,0.053523503362277756,0.018279,0.03524450336227776,73443384584.99965,73443384584.99965,0,1,FirmSize_lag,1.0
601225.SH,陕西煤业,CSI,地方国有企业,能源,煤炭Ⅱ,能源--煤炭Ⅱ--煤炭Ⅲ--煤炭与消费用燃料,2019,,,,,,,,,,126684000000.0,,0.098061525,11643397961.0,779381426.5,target_year,,,,,,,,,,SOE_target,0.161265,0.213801,25.51516149,0.104323389,0.3281903,0.481035865,0.023440984,0.436528856,0.449190309,1.098515116,0.036689981,True,Pooled_H_plus_CSI_nonSOE,0.10958701721753131,0.161265,-0.051677982782468684,-6546773570.814262,0.0,1,0,,1.0
601225.SH,陕西煤业,CSI,地方国有企业,能源,煤炭Ⅱ,能源--煤炭Ⅱ--煤炭Ⅲ--煤炭与消费用燃料,2020,,,,,,,,,,148912000000.0,,0.100237638,14882641695.0,43980183.04,target_year,,,,,,,,,,SOE_target,0.174229,0.231661,25.56495786,0.12915651,0.293470907,0.564600682,0.054510991,0.439341317,0.39873896,1.247457596,0.038178355,True,Pooled_H_plus_CSI_nonSOE,0.13090375889749528,0.174229,-0.043325241102504713,-6451648303.056182,0.0,1,0,,1.0
601225.SH,陕西煤业,CSI,地方国有企业,能源,煤炭Ⅱ,能源--煤炭Ⅱ--煤炭Ⅲ--煤炭与消费用燃料,2021,,,,,,,,,,185407000000.0,,0.113549493,21139687861.0,-86779774.34,target_year,,,,,,,,,,SOE_target,0.243413,0.271687,25.72662369,0.16038508,0.275297772,0.659401984,0.107688959,0.403718514,0.39783739,1.411395469,0.055749205,True,Pooled_H_plus_CSI_nonSOE,0.13926128504105012,0.243413,-0.10415171495894987,-19310457015.39402,0.0,1,0,,1.0
601225.SH,陕西煤业,CSI,地方国有企业,能源,煤炭Ⅱ,能源--煤炭Ⅱ--煤炭Ⅲ--煤炭与消费用燃料,2022,,,,,,,,,,215260000000.0,,0.16034107,35122944094.0,-607952085.2,target_year,,,,,,,,,,SOE_target,0.319782,0.37351300000000004,25.94582102,0.166631218,0.269530745,0.85877972,0.196678798,0.349646573,0.381809852,1.767717225,0.042977561,True,Pooled_H_plus_CSI_nonSOE,0.1576319950618747,0.319782,-0.16215000493812531,-34904410062.98086,0.0,1,0,,1.0
601225.SH,陕西煤业,CSI,地方国有企业,能源,煤炭Ⅱ,能源--煤炭Ⅱ--煤炭Ⅲ--煤炭与消费用燃料,2023,,,,,,,,,,193901834023.3,,0.107386,21239015394.53,-416754788.59,target_year,,,,,,,,,,SOE_target,0.20664000000000002,0.221275,26.095112,0.167115,0.250024,0.775475,0.145327,0.384026,0.359299,1.616833,0.047264,True,Pooled_H_plus_CSI_nonSOE,0.15804681771639378,0.20664000000000002,-0.048593182283606234,-9422307165.819778,0.0,1,0,,1.0
601225.SH,陕西煤业,CSI,地方国有企业,能源,煤炭Ⅱ,能源--煤炭Ⅱ--煤炭Ⅲ--煤炭与消费用燃料,2024,,,,,,,,,,228552861117.95,,0.099353,22359786564.16,347711903.42,target_year,,,,,,,,,,SOE_target,0.209174,0.24861799999999998,25.990618,0.185843,0.263234,0.780946,0.047082,0.456536,0.360052,1.221613,0.056212,True,Pooled_H_plus_CSI_nonSOE,0.16082143704446528,0.209174,-0.04835256295553472,-11051116605.873262,0.0,1,0,,1.0
601225.SH,陕西煤业,CSI,地方国有企业,能源,煤炭Ⅱ,能源--煤炭Ⅱ--煤炭Ⅲ--煤炭与消费用燃料,2025,,,,,,,,,,236269289914.48,,0.071676,16764763168.36,170032743.71,target_year,,,,,,,,,,SOE_target,0.13987,0.17881,26.155033,0.201894,0.263097,0.823164,-0.024704,0.483405,0.437124,0.902357,0.060788,True,Pooled_H_plus_CSI_nonSOE,0.1486045429814032,0.13987,0.008734542981403193,2063704267.9436376,2063704267.9436376,1,0,,1.0
601238.SH,广汽集团,CSI,地方国有企业,可选消费,汽车与零配件,可选消费--汽车与零配件--汽车--汽车制造,2019,,,,,,,,,,137464000000.0,,0.051888271,6616265000.0,516481000.0,target_year,,,,,,,,,,SOE_target,0.04707,0.08439500000000001,25.60738325,0.048609696,0.376606004,0.574830016,0.196102639,0.12346167,0.410059095,1.643304855,0.074538305,True,Pooled_H_plus_CSI_nonSOE,0.08331660624201694,0.04707,0.036246606242016935,4982603480.452616,4982603480.452616,1,0,,1.0
601238.SH,广汽集团,CSI,地方国有企业,可选消费,汽车与零配件,可选消费--汽车与零配件--汽车--汽车制造,2020,,,,,,,,,,142861000000.0,,0.044824242,5964055000.0,439567000.0,target_year,,,,,,,,,,SOE_target,0.04066499999999999,0.072483,25.64662464,0.042562766,0.369422071,0.442849115,0.109771804,0.141097817,0.399780921,1.361212832,0.073478685,True,Pooled_H_plus_CSI_nonSOE,0.07557967255420626,0.04066499999999999,0.03491467255420627,4987945035.766462,4987945035.766462,1,0,,1.0
601238.SH,广汽集团,CSI,地方国有企业,可选消费,汽车与零配件,可选消费--汽车与零配件--汽车--汽车制造,2021,,,,,,,,,,154251000000.0,,0.051450993,7511030000.0,425316000.0,target_year,,,,,,,,,,SOE_target,0.050627000000000005,0.085993,25.68513578,0.047287381,0.324255792,0.450599529,0.098695612,0.140508983,0.393019667,1.331421417,0.046097755,True,Pooled_H_plus_CSI_nonSOE,0.08375479217739987,0.050627000000000005,0.03312779217739986,5109995071.156106,5109995071.156106,1,0,,1.0
601238.SH,广汽集团,CSI,地方国有企业,可选消费,汽车与零配件,可选消费--汽车与零配件--汽车--汽车制造,2022,,,,,,,,,,190075000000.0,,0.043845671,7982930000.0,351026000.0,target_year,,,,,,,,,,SOE_target,0.042034,0.078417,25.76184432,0.049781593,0.289774151,0.50941025,0.078178567,0.126259291,0.399361872,1.245439908,0.04047274,True,Pooled_H_plus_CSI_nonSOE,0.0886681405933574,0.042034,0.046634140593357395,8863984273.282408,8863984273.282408,1,0,,1.0
601238.SH,广汽集团,CSI,地方国有企业,可选消费,汽车与零配件,可选消费--汽车与零配件--汽车--汽车制造,2023,,,,,,,,,,218448770000.0,,0.022413,4428845000.0,467323000.0,target_year,,,,,,,,,,SOE_target,0.015753,0.038668999999999995,25.970683,0.061175,0.236564,0.638968,0.184684,0.109223,0.356557,1.619242,0.04216,True,Pooled_H_plus_CSI_nonSOE,0.11227336865227969,0.015753,0.09652036865227968,21084755812.037056,21084755812.037056,1,0,,1.0
601238.SH,广汽集团,CSI,地方国有企业,可选消费,汽车与零配件,可选消费--汽车与零配件--汽车--汽车制造,2024,,,,,,,,,,232512366000.0,,0.005963,823579000.0,562994000.0,target_year,,,,,,,,,,SOE_target,-0.003319,0.007156,26.109817,0.061643,0.222276,0.635,0.109483,0.114121,0.430284,1.309821,0.052994,True,Pooled_H_plus_CSI_nonSOE,0.09469561340480981,-0.003319,0.09801461340480981,22789609665.327644,22789609665.327644,1,0,,1.0
601238.SH,广汽集团,CSI,地方国有企业,可选消费,汽车与零配件,可选消费--汽车与零配件--汽车--汽车制造,2025,,,,,,,,,,214997433000.0,,-0.037883,-8783621000.0,638948000.0,target_year,,,,,,,,,,SOE_target,-0.052878,-0.079962,26.172209,0.04632,0.204324,0.478018,0.087342,0.122127,0.476025,1.22371,0.046704,True,Pooled_H_plus_CSI_nonSOE,0.07448008639028578,-0.052878,0.12735808639028579,27381661645.70368,27381661645.70368,1,0,,1.0
601298.SH,青岛港,CSI,地方国有企业,工业,交通运输,工业--交通运输--交通基础设施--海港与服务,2019,,,,,,,,,,52785301395.0,,0.076096852,3790143318.0,226651944.0,target_year,,,,,,,,,,SOE_target,0.094567,0.132206,24.61029473,0.013480893,0.111099702,0.242543868,0.108784129,0.330942547,0.396717894,1.406157264,0.060536752,True,Pooled_H_plus_CSI_nonSOE,0.03649406577509064,0.094567,-0.05807293422490936,-3065397335.953851,0.0,1,0,,1.0
601298.SH,青岛港,CSI,地方国有企业,工业,交通运输,工业--交通运输--交通基础设施--海港与服务,2020,,,,,,,,,,57177364980.0,,0.070826963,3841863143.0,207835967.0,target_year,,,,,,,,,,SOE_target,0.09688599999999999,0.12128299999999999,24.68949861,0.012569095,0.108646931,0.239565753,0.168973722,0.319254585,0.363509137,1.813336737,0.044035765,True,Pooled_H_plus_CSI_nonSOE,0.04468601788624156,0.09688599999999999,-0.052199982113758425,-2984657429.2678375,0.0,1,0,,1.0
601298.SH,青岛港,CSI,地方国有企业,工业,交通运输,工业--交通运输--交通基础设施--海港与服务,2021,,,,,,,,,,60575556128.0,,0.068009798,3964054012.0,155677343.0,target_year,,,,,,,,,,SOE_target,0.093518,0.116728,24.76942394,0.016617029,0.123286456,0.240434582,0.073048221,0.336444896,0.35742523,1.282351066,0.052256028,True,Pooled_H_plus_CSI_nonSOE,0.045968033268348835,0.093518,-0.04754996673165117,-2880365678.637668,0.0,1,0,,1.0
601298.SH,青岛港,CSI,地方国有企业,工业,交通运输,工业--交通运输--交通基础设施--海港与服务,2022,,,,,,,,,,57475910361.0,,0.081422004,4525175176.0,154628607.0,target_year,,,,,,,,,,SOE_target,0.107742,0.125138,24.82715728,0.014623468,0.15352339,0.273440036,0.072342317,0.350636445,0.359731403,1.270789891,0.039981503,True,Pooled_H_plus_CSI_nonSOE,0.04874978237473751,0.107742,-0.058992217625262494,-3390631412.2261915,0.0,1,0,,1.0
601298.SH,青岛港,CSI,地方国有企业,工业,交通运输,工业--交通运输--交通基础设施--海港与服务,2023,,,,,,,,,,60245860643.0,,0.084406,4923321689.0,161761849.0,target_year,,,,,,,,,,SOE_target,0.11590500000000001,0.126764,24.774632,0.016404,0.180808,0.326345,0.090309,0.429321,0.28184,1.597515,0.051444,True,Pooled_H_plus_CSI_nonSOE,0.0689676872912389,0.11590500000000001,-0.046937312708761114,-2827778800.408935,0.0,1,0,,1.0
601298.SH,青岛港,CSI,地方国有企业,工业,交通运输,工业--交通运输--交通基础设施--海港与服务,2024,,,,,,,,,,62749753460.0,,0.0854,5234897470.0,123906331.0,target_year,,,,,,,,,,SOE_target,0.11468600000000001,0.1265,24.8217,0.014951,0.114556,0.308747,0.103533,0.42303,0.260718,1.729182,0.045052,True,Pooled_H_plus_CSI_nonSOE,0.07614037745282003,0.11468600000000001,-0.038545622547179983,-2418728311.797761,0.0,1,0,,1.0
601298.SH,青岛港,CSI,地方国有企业,工业,交通运输,工业--交通运输--交通基础设施--海港与服务,2025,,,,,,,,,,66578767145.0,,0.081146,5271506093.0,131117644.0,target_year,,,,,,,,,,SOE_target,0.110008,0.119534,24.86242,0.013636,0.116886,0.307995,0.131168,0.411668,0.254306,1.979535,0.033242,True,Pooled_H_plus_CSI_nonSOE,0.07728715741535275,0.110008,-0.03272084258464725,-2178513359.231429,0.0,1,0,,1.0
601390.SH,中国中铁,CSI,中央国有企业,工业,建筑,工业--建筑--建筑与工程Ⅲ--建筑与工程Ⅳ,2019,,,,,,,,,,1056040000000.0,,0.030053757,23678000000.0,8060000000.0,target_year,,,,,,,,,,SOE_target,0.039075,0.114683,27.57181555,0.181962771,0.178025019,0.828894418,0.031368268,0.068632475,0.764479641,1.047495883,0.020089909,True,Pooled_H_plus_CSI_nonSOE,0.07566353451721355,0.039075,0.036588534517213556,38638955991.558205,38638955991.558205,0,1,FirmSize_lag,1.0
601390.SH,中国中铁,CSI,中央国有企业,工业,建筑,工业--建筑--建筑与工程Ⅲ--建筑与工程Ⅳ,2020,,,,,,,,,,1199980000000.0,,0.02854638,25188000000.0,9067000000.0,target_year,,,,,,,,,,SOE_target,0.035775,0.105719,27.68554813,0.180139218,0.179054819,0.851458605,0.031945729,0.062643401,0.767690838,1.049902816,0.018613861,True,Pooled_H_plus_CSI_nonSOE,0.07616477577315207,0.035775,0.04038977577315207,48466923132.26702,48466923132.26702,0,1,FirmSize_lag,1.0
601390.SH,中国中铁,CSI,中央国有企业,工业,建筑,工业--建筑--建筑与工程Ⅲ--建筑与工程Ⅳ,2021,,,,,,,,,,1361580000000.0,,0.028494837,27618000000.0,11180000000.0,target_year,,,,,,,,,,SOE_target,0.034908999999999996,0.104156,27.81332351,0.182259773,0.179498397,0.864117219,0.030802257,0.061987855,0.739123333,1.052417588,0.035895688,True,Pooled_H_plus_CSI_nonSOE,0.08114480659772902,0.034908999999999996,0.04623580659772902,62953749547.335884,62953749547.335884,0,1,FirmSize_lag,1.0
601390.SH,中国中铁,CSI,中央国有企业,工业,建筑,工业--建筑--建筑与工程Ⅲ--建筑与工程Ⅳ,2022,,,,,,,,,,1613020000000.0,,0.026974884,31276000000.0,12235000000.0,target_year,,,,,,,,,,SOE_target,0.032713,0.108559,27.93966691,0.174704149,0.17910201,0.837984085,0.009693151,0.056822221,0.736927687,1.016751707,0.040920842,True,Pooled_H_plus_CSI_nonSOE,0.07743149042193193,0.032713,0.044718490421931927,72131819420.38464,72131819420.38464,0,1,FirmSize_lag,1.0
601390.SH,中国中铁,CSI,中央国有企业,工业,建筑,工业--建筑--建筑与工程Ⅲ--建筑与工程Ⅳ,2023,,,,,,,,,,1829290000000.0,,0.026783,33483000000.0,15511000000.0,target_year,,,,,,,,,,SOE_target,0.031595,0.105713,28.109129,0.168965,0.173049,0.776138,0.015749,0.07331,0.737815,1.029086,0.038164,True,Pooled_H_plus_CSI_nonSOE,0.07441272165247967,0.031595,0.04281772165247967,78326030041.66454,78326030041.66454,0,1,FirmSize_lag,1.0
601390.SH,中国中铁,CSI,中央国有企业,工业,建筑,工业--建筑--建筑与工程Ⅲ--建筑与工程Ⅳ,2024,,,,,,,,,,2256266000000.0,,0.017582,27887000000.0,11783000000.0,target_year,,,,,,,,,,SOE_target,0.021793999999999997,0.08119,28.234949,0.171964,0.176169,0.734049,-0.002704,0.07456,0.748671,0.995106,0.031069,True,Pooled_H_plus_CSI_nonSOE,0.06936428007658803,0.021793999999999997,0.047570280076588034,107331205547.28297,107331205547.28297,0,1,FirmSize_lag,1.0
601390.SH,中国中铁,CSI,中央国有企业,工业,建筑,工业--建筑--建筑与工程Ⅲ--建筑与工程Ⅳ,2025,,,,,,,,,,2470432000000.0,,0.014446,22892000000.0,12796000000.0,target_year,,,,,,,,,,SOE_target,0.016576,0.063108,28.444732,0.163766,0.174423,0.568006,-0.005365,0.064425,0.773966,0.990516,0.025456,True,Pooled_H_plus_CSI_nonSOE,0.05158687445894117,0.016576,0.03501087445894117,86491984611.35095,86491984611.35095,0,1,FirmSize_lag,1.0
601600.SH,中国铝业,CSI,中央国有企业,材料,有色金属,材料--有色金属--其他金属与采矿--铝,2019,,,,,,,,,,203071000000.0,,0.028138373,850999000.0,4863079000.0,target_year,,,,,,,,,,SOE_target,0.033251,0.015895,26.02595421,0.229574015,0.167062795,0.898902434,-0.078920896,0.528651052,0.663129674,0.787911317,0.034110686,True,Pooled_H_plus_CSI_nonSOE,0.16907099957452063,0.033251,0.13581999957452062,27581103133.597477,27581103133.597477,1,0,,1.0
601600.SH,中国铝业,CSI,中央国有企业,材料,有色金属,材料--有色金属--其他金属与采矿--铝,2020,,,,,,,,,,194902000000.0,,0.023620612,741004000.0,3862693000.0,target_year,,,,,,,,,,SOE_target,0.029102000000000003,0.013597,26.03681985,0.205405763,0.15478921,0.941085169,-0.10073329,0.508844823,0.651721925,0.704264039,0.044552565,True,Pooled_H_plus_CSI_nonSOE,0.1704373607127812,0.029102000000000003,0.1413353607127812,27546544473.64248,27546544473.64248,1,0,,1.0
601600.SH,中国铝业,CSI,中央国有企业,材料,有色金属,材料--有色金属--其他金属与采矿--铝,2021,,,,,,,,,,192377000000.0,,0.044704308,5079562000.0,3520514000.0,target_year,,,,,,,,,,SOE_target,0.06932100000000001,0.091034,25.99576108,0.167808698,0.159708925,0.934709429,-0.084265737,0.51635343,0.634832729,0.737757281,0.025853527,True,Pooled_H_plus_CSI_nonSOE,0.17386240984180124,0.06932100000000001,0.10454140984180123,20111362801.136196,20111362801.136196,1,0,,1.0
601600.SH,中国铝业,CSI,中央国有企业,材料,有色金属,材料--有色金属--其他金属与采矿--铝,2022,,,,,,,,,,212348000000.0,,0.03776659,4191927000.0,3827734000.0,target_year,,,,,,,,,,SOE_target,0.081831,0.075079,25.98272229,0.180693598,0.168216562,1.393044931,-0.01802061,0.485645784,0.621661966,0.933562737,0.011100876,True,Pooled_H_plus_CSI_nonSOE,0.21116639016193314,0.081831,0.12933539016193313,27464111430.106174,27464111430.106174,1,0,,1.0
601600.SH,中国铝业,CSI,中央国有企业,材料,有色金属,材料--有色金属--其他金属与采矿--铝,2023,,,,,,,,,,211755809000.0,,0.047425,6716945000.0,3325573000.0,target_year,,,,,,,,,,SOE_target,0.084984,0.116958,26.081492,0.169857,0.153058,1.437954,-0.036877,0.514612,0.586735,0.874439,0.022375,True,Pooled_H_plus_CSI_nonSOE,0.22194947468128162,0.084984,0.13696547468128162,29003234896.203808,29003234896.203808,1,0,,1.0
601600.SH,中国铝业,CSI,中央国有企业,材料,有色金属,材料--有色金属--其他金属与采矿--铝,2024,,,,,,,,,,215895530000.0,,0.070221,12400160000.0,2760298000.0,target_year,,,,,,,,,,SOE_target,0.115569,0.19128799999999999,26.0787,0.12989,0.159476,1.061395,-0.001253,0.494956,0.533004,0.995482,0.031685,True,Pooled_H_plus_CSI_nonSOE,0.20205849579445426,0.115569,0.08648949579445425,18672695533.97647,18672695533.97647,1,0,,1.0
601600.SH,中国铝业,CSI,中央国有企业,材料,有色金属,材料--有色金属--其他金属与采矿--铝,2025,,,,,,,,,,227021733000.0,,0.066142,12673918000.0,2341729000.0,target_year,,,,,,,,,,SOE_target,0.1257,0.17588499999999999,26.09806,0.132426,0.15747,1.108686,0.059533,0.492976,0.481042,1.278215,0.047985,True,Pooled_H_plus_CSI_nonSOE,0.2154969028563958,0.1257,0.0897969028563958,20385848504.491623,20385848504.491623,1,0,,1.0
601607.SH,上海医药,CSI,地方国有企业,医疗保健,医药生物,医疗保健--医药生物--制药--西药,2019,,,,,,,,,,137026000000.0,,0.040037592,4080994000.0,1405213000.0,target_year,,,,,,,,,,SOE_target,0.056336000000000004,0.101174,25.56650233,0.502594113,0.277672488,1.438221312,0.19363372,0.086756652,0.634035975,1.357563694,0.01531411,True,Pooled_H_plus_CSI_nonSOE,0.09294238652060131,0.056336000000000004,0.03660638652060131,5016026719.371915,5016026719.371915,1,0,,1.0
601607.SH,上海医药,CSI,地方国有企业,医疗保健,医药生物,医疗保健--医药生物--制药--西药,2020,,,,,,,,,,149186000000.0,,0.039602396,4496216959.0,1411892516.0,target_year,,,,,,,,,,SOE_target,0.057992,0.103345,25.64343942,0.501901176,0.276190471,1.413882127,0.171382593,0.086848347,0.639588215,1.314765861,0.020091932,True,Pooled_H_plus_CSI_nonSOE,0.08919672167945294,0.057992,0.031204721679452943,4655307608.470867,4655307608.470867,1,0,,1.0
601607.SH,上海医药,CSI,地方国有企业,医疗保健,医药生物,医疗保健--医药生物--制药--西药,2021,,,,,,,,,,163436000000.0,,0.040454463,5093467261.0,1518228463.0,target_year,,,,,,,,,,SOE_target,0.05965,0.107555,25.72845738,0.479965502,0.256105921,1.341027781,0.130239979,0.081964446,0.633069751,1.220461562,0.02017601,True,Pooled_H_plus_CSI_nonSOE,0.08545008021821768,0.05965,0.025800080218217676,4216661910.5446243,4216661910.5446243,1,0,,1.0
601607.SH,上海医药,CSI,地方国有企业,医疗保健,医药生物,医疗保健--医药生物--制药--西药,2022,,,,,,,,,,198135000000.0,,0.036876042,5617152003.0,1689278923.0,target_year,,,,,,,,,,SOE_target,0.055642,0.096496,25.81968431,0.450773824,0.230275265,1.380739908,0.150947055,0.081978808,0.638596224,1.268666382,0.025201203,True,Pooled_H_plus_CSI_nonSOE,0.08906585184452939,0.055642,0.033423851844529395,6622434885.215832,6622434885.215832,1,0,,1.0
601607.SH,上海医药,CSI,地方国有企业,医疗保健,医药生物,医疗保健--医药生物--制药--西药,2023,,,,,,,,,,211972533766.8,,0.026668,3767999581.18,1884984092.73,target_year,,,,,,,,,,SOE_target,0.041343,0.05558,26.012214,0.428444,0.212266,1.283187,0.195936,0.072257,0.606316,1.350722,0.013551,True,Pooled_H_plus_CSI_nonSOE,0.09275764019303033,0.041343,0.05141464019303033,10898491554.424994,10898491554.424994,1,0,,1.0
601607.SH,上海医药,CSI,地方国有企业,医疗保健,医药生物,医疗保健--医药生物--制药--西药,2024,,,,,,,,,,221209430148.17,,0.028974,4552528438.69,1856737428.35,target_year,,,,,,,,,,SOE_target,0.043189000000000005,0.064943,26.079723,0.433857,0.216978,1.2694,0.188996,0.074183,0.621054,1.327379,0.014014,True,Pooled_H_plus_CSI_nonSOE,0.08822861591487766,0.043189000000000005,0.04503961591487765,9963187770.622534,9963187770.622534,1,0,,1.0
601607.SH,上海医药,CSI,地方国有企业,医疗保健,医药生物,医疗保健--医药生物--制药--西药,2025,,,,,,,,,,233148766767.21,,0.031784,5724557508.41,1685890506.64,target_year,,,,,,,,,,SOE_target,0.048863000000000004,0.077586,26.122376,0.454225,0.230555,1.270833,0.206975,0.07712,0.621434,1.36326,0.010853,True,Pooled_H_plus_CSI_nonSOE,0.08870621160102247,0.048863000000000004,0.03984321160102247,9289395648.823383,9289395648.823383,1,0,,1.0
601618.SH,中国中冶,CSI,中央国有企业,工业,建筑,工业--建筑--建筑与工程Ⅲ--建筑与工程Ⅳ,2019,,,,,,,,,,458506000000.0,,0.023484279,6599712000.0,4167976000.0,target_year,,,,,,,,,,SOE_target,0.025755,0.072567,26.80757353,0.071158446,0.178025019,0.678479116,0.096500586,0.070059014,0.766083987,1.142580396,0.012747792,True,Pooled_H_plus_CSI_nonSOE,0.060079064966145575,0.025755,0.034324064966145575,15737789731.367542,15737789731.367542,0,1,FirmSize_lag,1.0
601618.SH,中国中冶,CSI,中央国有企业,工业,建筑,工业--建筑--建筑与工程Ⅲ--建筑与工程Ⅳ,2020,,,,,,,,,,506393000000.0,,0.020525204,7862185000.0,2531634000.0,target_year,,,,,,,,,,SOE_target,0.026345999999999998,0.080291,26.85123968,0.071695852,0.179054819,0.75468974,0.090538407,0.066624521,0.74502961,1.135695417,0.008963835,True,Pooled_H_plus_CSI_nonSOE,0.06995080238705932,0.026345999999999998,0.04360480238705933,22081166695.190132,22081166695.190132,0,1,FirmSize_lag,1.0
601618.SH,中国中冶,CSI,中央国有企业,工业,建筑,工业--建筑--建筑与工程Ⅲ--建筑与工程Ⅳ,2021,,,,,,,,,,543470000000.0,,0.019399573,8374970000.0,2168119000.0,target_year,,,,,,,,,,SOE_target,0.025741,0.081553,26.95057881,0.074815232,0.179498397,0.829339755,0.113473741,0.058452096,0.72283322,1.173188123,0.007391542,True,Pooled_H_plus_CSI_nonSOE,0.08083147284673987,0.025741,0.055090472846739874,29940019278.01772,29940019278.01772,0,1,FirmSize_lag,1.0
601618.SH,中国中冶,CSI,中央国有企业,工业,建筑,工业--建筑--建筑与工程Ⅲ--建筑与工程Ⅳ,2022,,,,,,,,,,585384000000.0,,0.022109459,10272357000.0,2670175000.0,target_year,,,,,,,,,,SOE_target,0.027708,0.08987099999999999,27.02124061,0.081481622,0.17910201,0.953594125,0.098305267,0.054275288,0.721442365,1.148864632,0.006534642,True,Pooled_H_plus_CSI_nonSOE,0.0896294444611623,0.027708,0.06192144446116231,36247822844.45303,36247822844.45303,0,1,FirmSize_lag,1.0
601618.SH,中国中冶,CSI,中央国有企业,工业,建筑,工业--建筑--建筑与工程Ⅲ--建筑与工程Ⅳ,2023,,,,,,,,,,661602236000.0,,0.017156,8670405000.0,2679906000.0,target_year,,,,,,,,,,SOE_target,0.023165,0.065047,27.095535,0.086751,0.173049,1.050036,0.089447,0.050375,0.723414,1.135705,0.007369,True,Pooled_H_plus_CSI_nonSOE,0.09602429383037157,0.023165,0.07285929383037157,48203871711.55483,48203871711.55483,0,1,FirmSize_lag,1.0
601618.SH,中国中冶,CSI,中央国有企业,工业,建筑,工业--建筑--建筑与工程Ⅲ--建筑与工程Ⅳ,2024,,,,,,,,,,808015755000.0,,0.012548,6745954000.0,3392681000.0,target_year,,,,,,,,,,SOE_target,0.013515999999999999,0.045195,27.21793,0.086276,0.176169,1.016643,0.053379,0.047697,0.746084,1.078686,0.006946,True,Pooled_H_plus_CSI_nonSOE,0.08692954062418776,0.013515999999999999,0.07341354062418776,59319297454.67624,59319297454.67624,0,1,FirmSize_lag,1.0
601618.SH,中国中冶,CSI,中央国有企业,工业,建筑,工业--建筑--建筑与工程Ⅲ--建筑与工程Ⅳ,2025,,,,,,,,,,839488682000.0,,0.005927,1321768000.0,3654143000.0,target_year,,,,,,,,,,SOE_target,0.006326000000000001,0.008561,27.417847,0.077913,0.174423,0.751249,0.032347,0.040738,0.774341,1.045565,0.008493,True,Pooled_H_plus_CSI_nonSOE,0.060062049331671544,0.006326000000000001,0.053736049331671545,45110805229.331924,45110805229.331924,0,1,FirmSize_lag,1.0
601668.SH,中国建筑,CSI,中央国有企业,工业,建筑,工业--建筑--建筑与工程Ⅲ--建筑与工程Ⅳ,2019,,,,,,,,,,2034450000000.0,,0.025735582,41881399000.0,10476405000.0,target_year,,,,,,,,,,SOE_target,0.045323,0.16072399999999998,28.25258652,0.290775892,0.178025019,0.693343498,0.158678508,0.023618232,0.769440883,1.27699336,0.010003014,True,Pooled_H_plus_CSI_nonSOE,0.07662004029110421,0.045323,0.03129704029110421,63672263620.23695,63672263620.23695,0,1,FirmSize_lag,1.0
601668.SH,中国建筑,CSI,中央国有企业,工业,建筑,工业--建筑--建筑与工程Ⅲ--建筑与工程Ⅳ,2020,,,,,,,,,,2192170000000.0,,0.0240592,44944250000.0,7797699000.0,target_year,,,,,,,,,,SOE_target,0.044617000000000004,0.155619,28.34124758,0.296959904,0.179054819,0.719975045,0.155215417,0.023416778,0.753331444,1.275613753,0.010045355,True,Pooled_H_plus_CSI_nonSOE,0.08218769278187071,0.044617000000000004,0.03757069278187071,82361345595.63351,82361345595.63351,0,1,FirmSize_lag,1.0
601668.SH,中国建筑,CSI,中央国有企业,工业,建筑,工业--建筑--建筑与工程Ⅲ--建筑与工程Ⅳ,2021,,,,,,,,,,2388250000000.0,,0.026183115,51407661000.0,11124140000.0,target_year,,,,,,,,,,SOE_target,0.044051,0.15957100000000002,28.41591479,0.299012106,0.179498397,0.756692397,0.174080774,0.022835803,0.736747565,1.319072419,0.022579294,True,Pooled_H_plus_CSI_nonSOE,0.0875859645865956,0.044051,0.043534964586595594,103972379173.93692,103972379173.93692,0,1,FirmSize_lag,1.0
601668.SH,中国建筑,CSI,中央国有企业,工业,建筑,工业--建筑--建筑与工程Ⅲ--建筑与工程Ⅳ,2022,,,,,,,,,,2652900000000.0,,0.026621424,50950301000.0,19673762000.0,target_year,,,,,,,,,,SOE_target,0.035244,0.139931,28.50158163,0.305461088,0.17910201,0.81938288,0.183999738,0.019747785,0.732145905,1.344759921,0.013029666,True,Pooled_H_plus_CSI_nonSOE,0.09478324105046959,0.035244,0.059539241050469593,157951652582.79077,157951652582.79077,0,1,FirmSize_lag,1.0
601668.SH,中国建筑,CSI,中央国有企业,工业,建筑,工业--建筑--建筑与工程Ⅲ--建筑与工程Ⅳ,2023,,,,,,,,,,2903322519000.0,,0.025089,54264173000.0,18577073000.0,target_year,,,,,,,,,,SOE_target,0.033474,0.133667,28.606676,0.299083,0.173049,0.810647,0.167924,0.020296,0.743531,1.31168,0.009781,True,Pooled_H_plus_CSI_nonSOE,0.09140885770236476,0.033474,0.05793485770236476,168203577002.3362,168203577002.3362,0,1,FirmSize_lag,1.0
601668.SH,中国建筑,CSI,中央国有企业,工业,建筑,工业--建筑--建筑与工程Ⅲ--建筑与工程Ⅳ,2024,,,,,,,,,,3189262063000.0,,0.020584,46187099000.0,19462089000.0,target_year,,,,,,,,,,SOE_target,0.032662,0.103815,28.696877,0.306415,0.176169,0.810341,0.157933,0.019567,0.748195,1.288305,0.01173,True,Pooled_H_plus_CSI_nonSOE,0.09013139260831136,0.032662,0.05746939260831137,183284953629.34006,183284953629.34006,0,1,FirmSize_lag,1.0
601668.SH,中国建筑,CSI,中央国有企业,工业,建筑,工业--建筑--建筑与工程Ⅲ--建筑与工程Ⅳ,2025,,,,,,,,,,3560679818000.0,,0.015927,39069002000.0,17641773000.0,target_year,,,,,,,,,,SOE_target,0.026034,0.081928,28.790811,0.307315,0.174423,0.714762,0.162218,0.018002,0.758107,1.293695,0.00621,True,Pooled_H_plus_CSI_nonSOE,0.08217767569945819,0.026034,0.05614367569945819,199909652971.3978,199909652971.3978,0,1,FirmSize_lag,1.0
601669.SH,中国电建,CSI,中央国有企业,工业,建筑,工业--建筑--建筑与工程Ⅲ--建筑与工程Ⅳ,2019,,,,,,,,,,813228000000.0,,0.021953092,7239365377.0,10613495264.0,target_year,,,,,,,,,,SOE_target,0.027473,0.074761,27.29310223,0.071786436,0.178025019,0.453133935,-0.01854785,0.153011793,0.799690811,0.96258388,0.081485557,True,Pooled_H_plus_CSI_nonSOE,0.02917921545087092,0.027473,0.0017062154508709175,1387542178.6808546,1387542178.6808546,0,1,FirmSize_lag,1.0
601669.SH,中国电建,CSI,中央国有企业,工业,建筑,工业--建筑--建筑与工程Ⅲ--建筑与工程Ⅳ,2020,,,,,,,,,,886543000000.0,,0.019807332,7987168431.0,9572891922.0,target_year,,,,,,,,,,SOE_target,0.019069,0.07081900000000001,27.42427689,0.073061092,0.179054819,0.452132758,0.02210958,0.139392719,0.762094823,1.050965733,0.096349335,True,Pooled_H_plus_CSI_nonSOE,0.03604978688133956,0.019069,0.016980786881339558,15054197744.143415,15054197744.143415,0,1,FirmSize_lag,1.0
601669.SH,中国电建,CSI,中央国有企业,工业,建筑,工业--建筑--建筑与工程Ⅲ--建筑与工程Ⅳ,2021,,,,,,,,,,963977000000.0,,0.01708308,8632095909.0,7835606959.0,target_year,,,,,,,,,,SOE_target,0.018102,0.07104,27.51059596,0.074592774,0.179498397,0.469386636,0.038978898,0.129357962,0.747435571,1.090530936,0.080311614,True,Pooled_H_plus_CSI_nonSOE,0.04239582774449323,0.018102,0.024293827744493228,23418691187.653347,23418691187.653347,0,1,FirmSize_lag,1.0
601669.SH,中国电建,CSI,中央国有企业,工业,建筑,工业--建筑--建筑与工程Ⅲ--建筑与工程Ⅳ,2022,,,,,,,,,,1040080000000.0,,0.01794748,11435443832.0,7231337452.0,target_year,,,,,,,,,,SOE_target,0.019208,0.082608,27.59433366,0.072680712,0.17910201,0.48257162,0.016143212,0.126515766,0.750894566,1.038058291,0.044033759,True,Pooled_H_plus_CSI_nonSOE,0.04587946852023912,0.019208,0.026671468520239123,27740460978.530308,27740460978.530308,0,1,FirmSize_lag,1.0
601669.SH,中国电建,CSI,中央国有企业,工业,建筑,工业--建筑--建筑与工程Ⅲ--建筑与工程Ⅳ,2023,,,,,,,,,,1153774735013.99,,0.020264,12988385293.6,10391264452.69,target_year,,,,,,,,,,SOE_target,0.019068,0.08314,27.670317,0.083366,0.173049,0.568392,-0.054595,0.145382,0.768917,0.87983,0.055525,True,Pooled_H_plus_CSI_nonSOE,0.0465384412777056,0.019068,0.0274704412777056,31694701105.90215,31694701105.90215,0,1,FirmSize_lag,1.0
601669.SH,中国电建,CSI,中央国有企业,工业,建筑,工业--建筑--建筑与工程Ⅲ--建筑与工程Ⅳ,2024,,,,,,,,,,1289001336534.82,,0.017271,12015017079.83,10246725711.28,target_year,,,,,,,,,,SOE_target,0.024380000000000002,0.073681,27.77406,0.082524,0.176169,0.552729,-0.074919,0.159919,0.774956,0.84115,0.063848,True,Pooled_H_plus_CSI_nonSOE,0.043031248617358346,0.024380000000000002,0.018651248617358344,24041484395.81812,24041484395.81812,0,1,FirmSize_lag,1.0
601669.SH,中国电建,CSI,中央国有企业,工业,建筑,工业--建筑--建筑与工程Ⅲ--建筑与工程Ⅳ,2025,,,,,,,,,,1380267054189.34,,0.015796,10007143581.45,11795542225.98,target_year,,,,,,,,,,SOE_target,0.021762,0.060095,27.884889,0.089088,0.174423,0.516793,-0.055059,0.170322,0.789312,0.882455,0.045842,True,Pooled_H_plus_CSI_nonSOE,0.041567627111234996,0.021762,0.019805627111234996,27337054589.196857,27337054589.196857,0,1,FirmSize_lag,1.0
601698.SH,中国卫通,CSI,中央国有企业,通讯服务,电信服务,通讯服务--电信服务--多元电信服务--非传统电信运营商,2019,,,,,,,,,,18157405439.0,,0.024849346,446422541.2,4777116.63,target_year,,,,,,,,,,SOE_target,0.043070000000000004,0.042381,23.56516666,0.001994058,0.376451505,0.157733546,0.037744231,0.655058428,0.210461411,1.262196336,0.065116144,True,Pooled_H_plus_CSI_nonSOE,0.12227312158665021,0.043070000000000004,0.07920312158665022,1438123190.6832209,1438123190.6832209,1,0,,1.0
601698.SH,中国卫通,CSI,中央国有企业,通讯服务,电信服务,通讯服务--电信服务--多元电信服务--非传统电信运营商,2020,,,,,,,,,,18289285775.0,,0.02517721,488789159.5,-28315974.82,target_year,,,,,,,,,,SOE_target,0.040647,0.042714,23.62234433,0.002022361,0.377325617,0.153756745,0.201421555,0.526406664,0.156816488,2.94769589,0.104425995,True,Pooled_H_plus_CSI_nonSOE,0.11986380042477836,0.040647,0.07921680042477836,1448818701.1499128,1448818701.1499128,1,0,,1.0
601698.SH,中国卫通,CSI,中央国有企业,通讯服务,电信服务,通讯服务--电信服务--多元电信服务--非传统电信运营商,2021,,,,,,,,,,19108303143.0,,0.027076187,572304982.5,-54924998.8,target_year,,,,,,,,,,SOE_target,0.045194,0.048521999999999996,23.62958125,0.001926959,0.375629725,0.14744811,0.236037739,0.504704231,0.15672958,3.423905895,0.074944516,True,Pooled_H_plus_CSI_nonSOE,0.11941476278147614,0.045194,0.07422076278147614,1418232834.733138,1418232834.733138,1,0,,1.0
601698.SH,中国卫通,CSI,中央国有企业,通讯服务,电信服务,通讯服务--电信服务--多元电信服务--非传统电信运营商,2022,,,,,,,,,,22428111563.0,,0.037206934,920731173.8,-86249910.71,target_year,,,,,,,,,,SOE_target,0.044083,0.06791900000000001,23.6733888,0.001718411,0.374126853,0.139687335,0.232013654,0.484045143,0.174437198,3.049275176,0.070971637,True,Pooled_H_plus_CSI_nonSOE,0.11861718252206163,0.044083,0.07453418252206163,1671660960.861803,1671660960.861803,1,0,,1.0
601698.SH,中国卫通,CSI,中央国有企业,通讯服务,电信服务,通讯服务--电信服务--多元电信服务--非传统电信运营商,2023,,,,,,,,,,22655663962.77,,0.0088,348770555.15,-149399701.62,target_year,,,,,,,,,,SOE_target,0.027014,0.022941,23.833581,0.001644,0.373379,0.130568,0.278289,0.472996,0.143892,4.389044,0.106807,True,Pooled_H_plus_CSI_nonSOE,0.11050996790079325,0.027014,0.08349596790079325,1891656591.0066023,1891656591.0066023,1,0,,1.0
601698.SH,中国卫通,CSI,中央国有企业,通讯服务,电信服务,通讯服务--电信服务--多元电信服务--非传统电信运营商,2024,,,,,,,,,,22412943899.49,,0.010881,454492823.77,-210622634.37,target_year,,,,,,,,,,SOE_target,0.019974000000000002,0.029298,23.843676,0.001484,0.374249,0.11526,0.270497,0.48634,0.140534,4.284335,0.072722,True,Pooled_H_plus_CSI_nonSOE,0.11682656156322142,0.019974000000000002,0.09685256156322142,2170751028.838383,2170751028.838383,1,0,,1.0
601698.SH,中国卫通,CSI,中央国有企业,通讯服务,电信服务,通讯服务--电信服务--多元电信服务--非传统电信运营商,2025,,,,,,,,,,22406144635.9,,0.01243,441236300.09,-162717818.39,target_year,,,,,,,,,,SOE_target,0.020058,0.027825000000000003,23.832904,0.001396,0.373264,0.112123,0.325021,0.483047,0.105243,5.843483,0.063943,True,Pooled_H_plus_CSI_nonSOE,0.11235784785350816,0.020058,0.09229984785350817,2068083740.8772683,2068083740.8772683,1,0,,1.0
601728.SH,中国电信,CSI,中央国有企业,通讯服务,电信服务,通讯服务--电信服务--多元电信服务--综合电信业务,2019,,,,,,,,,,703131000000.0,,0.034996324,20517000000.0,4090000000.0,target_year,,,,,,,,,,SOE_target,0.044832000000000004,0.058993000000000004,27.22061683,0.281395769,0.376451505,0.56942599,-0.280253308,0.715182203,0.481295845,0.281959679,0.126405299,True,Pooled_H_plus_CSI_nonSOE,0.11415915824697039,0.044832000000000004,0.06932715824697039,48746074105.35053,48746074105.35053,0,1,FirmSize_lag,1.0
601728.SH,中国电信,CSI,中央国有企业,通讯服务,电信服务,通讯服务--电信服务--多元电信服务--综合电信业务,2020,,,,,,,,,,715096000000.0,,0.033957678,20850000000.0,3433000000.0,target_year,,,,,,,,,,SOE_target,0.042642,0.058243,27.27880906,0.279955898,0.377325617,0.549916466,-0.272323365,0.667320883,0.495058531,0.276512218,0.118275257,True,Pooled_H_plus_CSI_nonSOE,0.11063191677762813,0.042642,0.06798991677762813,48619317528.01476,48619317528.01476,0,1,FirmSize_lag,1.0
601728.SH,中国电信,CSI,中央国有企业,通讯服务,电信服务,通讯服务--电信服务--多元电信服务--综合电信业务,2021,,,,,,,,,,762234000000.0,,0.037195927,25948000000.0,2404000000.0,target_year,,,,,,,,,,SOE_target,0.047605,0.065514,27.29568264,0.282239071,0.375629725,0.555004241,-0.261679551,0.653101122,0.487935886,0.309859778,0.124414065,True,Pooled_H_plus_CSI_nonSOE,0.11205893744517009,0.047605,0.06445393744517008,49128982554.58177,49128982554.58177,0,1,FirmSize_lag,1.0
601728.SH,中国电信,CSI,中央国有企业,通讯服务,电信服务,通讯服务--电信服务--多元电信服务--综合电信业务,2022,,,,,,,,,,807698000000.0,,0.036491362,27593000000.0,1881000000.0,target_year,,,,,,,,,,SOE_target,0.045591,0.064113,27.35951943,0.289178875,0.374126853,0.595062714,-0.180668928,0.613246064,0.434336437,0.48047323,0.111313586,True,Pooled_H_plus_CSI_nonSOE,0.12997605776633694,0.045591,0.08438505776633695,68157642387.75482,68157642387.75482,0,1,FirmSize_lag,1.0
601728.SH,中国电信,CSI,中央国有企业,通讯服务,电信服务,通讯服务--电信服务--多元电信服务--综合电信业务,2023,,,,,,,,,,835814000000.0,,0.039472,30446000000.0,2545000000.0,target_year,,,,,,,,,,SOE_target,0.047923,0.06959,27.417454,0.291828,0.373379,0.613336,-0.174155,0.584879,0.459666,0.500722,0.111063,True,Pooled_H_plus_CSI_nonSOE,0.12643528624608413,0.047923,0.07851228624608414,65621668016.484566,65621668016.484566,0,1,FirmSize_lag,1.0
601728.SH,中国电信,CSI,中央国有企业,通讯服务,电信服务,通讯服务--电信服务--多元电信服务--综合电信业务,2024,,,,,,,,,,866625000000.0,,0.040852,33012000000.0,2391000000.0,target_year,,,,,,,,,,SOE_target,0.049718,0.07374399999999999,27.451672,0.293337,0.374249,0.624943,-0.162205,0.5769,0.464992,0.553207,0.107519,True,Pooled_H_plus_CSI_nonSOE,0.12728118125160018,0.049718,0.07756318125160018,67218191952.16801,67218191952.16801,0,1,FirmSize_lag,1.0
601728.SH,中国电信,CSI,中央国有企业,通讯服务,电信服务,通讯服务--电信服务--多元电信服务--综合电信业务,2025,,,,,,,,,,870644000000.0,,0.040475,33185000000.0,2054000000.0,target_year,,,,,,,,,,SOE_target,0.049398,0.07267699999999999,27.487872,0.29261,0.373264,0.621951,-0.158375,0.560658,0.473184,0.578175,0.103768,True,Pooled_H_plus_CSI_nonSOE,0.1259170076485274,0.049398,0.0765190076485274,66620814895.144485,66620814895.144485,0,1,FirmSize_lag,1.0
601766.SH,中国中车,CSI,中央国有企业,工业,机械,工业--机械--机械Ⅲ--建筑机械与重型卡车,2019,,,,,,,,,,383572000000.0,,0.03370097,11794929000.0,1131836000.0,target_year,,,,,,,,,,SOE_target,0.04577200000000001,0.089237,26.60246567,0.380955658,0.247583643,0.585569598,0.110528546,0.182542147,0.581328737,1.209801974,0.025459091,True,Pooled_H_plus_CSI_nonSOE,0.10337649399072363,0.04577200000000001,0.05760449399072362,22095470969.009842,22095470969.009842,1,0,,1.0
601766.SH,中国中车,CSI,中央国有企业,工业,机械,工业--机械--机械Ⅲ--建筑机械与重型卡车,2020,,,,,,,,,,392380000000.0,,0.031464678,11331053000.0,1015069000.0,target_year,,,,,,,,,,SOE_target,0.041803999999999994,0.081251,26.67279445,0.352429015,0.225950341,0.618033228,0.133092456,0.172195044,0.585923161,1.255043233,0.021025562,True,Pooled_H_plus_CSI_nonSOE,0.10663812312238252,0.041803999999999994,0.06483412312238253,25439613230.760456,25439613230.760456,1,0,,1.0
601766.SH,中国中车,CSI,中央国有企业,工业,机械,工业--机械--机械Ⅲ--建筑机械与重型卡车,2021,,,,,,,,,,426826000000.0,,0.026980396,10302605000.0,1213343000.0,target_year,,,,,,,,,,SOE_target,0.034282,0.070664,26.69549753,0.297815831,0.195497669,0.586778024,0.13312163,0.169134836,0.568934692,1.264487033,0.019816213,True,Pooled_H_plus_CSI_nonSOE,0.10762299187592828,0.034282,0.07334099187592827,31303842198.43496,31303842198.43496,1,0,,1.0
601766.SH,中国中车,CSI,中央国有企业,工业,机械,工业--机械--机械Ⅲ--建筑机械与重型卡车,2022,,,,,,,,,,442140000000.0,,0.028952752,11653448000.0,1147726000.0,target_year,,,,,,,,,,SOE_target,0.037285,0.076764,26.77964344,0.282626173,0.187780789,0.551098298,0.15070834,0.152206293,0.572914272,1.298419986,0.013838832,True,Pooled_H_plus_CSI_nonSOE,0.10384668819830384,0.037285,0.06656168819830384,29429584819.99806,29429584819.99806,0,1,FirmSize_lag,1.0
601766.SH,中国中车,CSI,中央国有企业,工业,机械,工业--机械--机械Ⅲ--建筑机械与重型卡车,2023,,,,,,,,,,471791735000.0,,0.027342,11711576000.0,1188098000.0,target_year,,,,,,,,,,SOE_target,0.035874,0.07412,26.814893,0.300995,0.187488,0.513112,0.142605,0.146244,0.568042,1.277266,0.016776,True,Pooled_H_plus_CSI_nonSOE,0.10263882884083965,0.035874,0.06676482884083965,31499094435.797775,31499094435.797775,0,1,FirmSize_lag,1.0
601766.SH,中国中车,CSI,中央国有企业,工业,机械,工业--机械--机械Ⅲ--建筑机械与重型卡车,2024,,,,,,,,,,512823630000.0,,0.02649,12387514000.0,1196993000.0,target_year,,,,,,,,,,SOE_target,0.03497,0.075133,26.879803,0.287662,0.188674,0.512645,0.136035,0.136917,0.583453,1.256302,0.017177,True,Pooled_H_plus_CSI_nonSOE,0.09737789592898136,0.03497,0.062407895928981355,32004243730.96244,32004243730.96244,0,1,FirmSize_lag,1.0
601766.SH,中国中车,CSI,中央国有企业,工业,机械,工业--机械--机械Ⅲ--建筑机械与重型卡车,2025,,,,,,,,,,550774434000.0,,0.025916,13181015000.0,1092976000.0,target_year,,,,,,,,,,SOE_target,0.036116,0.077332,26.963198,0.292016,0.187309,0.500615,0.131796,0.135321,0.590123,1.242508,0.01986,True,Pooled_H_plus_CSI_nonSOE,0.09496352451987705,0.036116,0.05884752451987705,32411712009.736404,32411712009.736404,0,1,FirmSize_lag,1.0
601800.SH,中国交建,CSI,中央国有企业,工业,建筑,工业--建筑--建筑与工程Ⅲ--建筑与工程Ⅳ,2019,,,,,,,,,,1120400000000.0,,0.030282042,20094000000.0,13834000000.0,target_year,,,,,,,,,,SOE_target,0.031488,0.094044,27.59069483,0.120098678,0.178025019,0.539853864,0.001700199,0.058684444,0.750454983,1.003403012,0.04009158,True,Pooled_H_plus_CSI_nonSOE,0.04930257665503668,0.031488,0.017814576655036676,19959451684.303093,19959451684.303093,0,1,FirmSize_lag,1.0
601800.SH,中国交建,CSI,中央国有企业,工业,建筑,工业--建筑--建筑与工程Ⅲ--建筑与工程Ⅳ,2020,,,,,,,,,,1304170000000.0,,0.02487101,16475000000.0,15961000000.0,target_year,,,,,,,,,,SOE_target,0.026902,0.06933600000000001,27.74470688,0.116983373,0.179054819,0.531066724,0.002457158,0.051295073,0.735470368,1.005233681,0.05686005,True,Pooled_H_plus_CSI_nonSOE,0.04914719200907346,0.026902,0.022245192009073458,29011512062.47333,29011512062.47333,0,1,FirmSize_lag,1.0
601800.SH,中国交建,CSI,中央国有企业,工业,建筑,工业--建筑--建筑与工程Ⅲ--建筑与工程Ⅳ,2021,,,,,,,,,,1390840000000.0,,0.026442351,18348000000.0,18429000000.0,target_year,,,,,,,,,,SOE_target,0.024939,0.072605,27.89658717,0.116770883,0.179498397,0.515138979,0.001371755,0.04680375,0.725645986,1.003070148,0.032097834,True,Pooled_H_plus_CSI_nonSOE,0.05277564770384106,0.024939,0.027836647703841057,38716323092.41029,38716323092.41029,0,1,FirmSize_lag,1.0
601800.SH,中国交建,CSI,中央国有企业,工业,建筑,工业--建筑--建筑与工程Ⅲ--建筑与工程Ⅳ,2022,,,,,,,,,,1511350000000.0,,0.02673967,20065000000.0,20348000000.0,target_year,,,,,,,,,,SOE_target,0.021932,0.073996,27.96092684,0.111111515,0.17910201,0.506565848,-0.022871839,0.044015222,0.718619795,0.946906982,0.026560985,True,Pooled_H_plus_CSI_nonSOE,0.052945900143535216,0.021932,0.031013900143535215,46872857981.931946,46872857981.931946,0,1,FirmSize_lag,1.0
601800.SH,中国交建,CSI,中央国有企业,工业,建筑,工业--建筑--建筑与工程Ⅲ--建筑与工程Ⅳ,2023,,,,,,,,,,1684262000000.0,,0.027634,24734000000.0,21809000000.0,target_year,,,,,,,,,,SOE_target,0.022187000000000002,0.084747,28.044024,0.105018,0.173049,0.494436,-0.029834,0.039797,0.718016,0.931822,0.022517,True,Pooled_H_plus_CSI_nonSOE,0.05207927161667232,0.022187000000000002,0.02989227161667232,50346417177.639755,50346417177.639755,0,1,FirmSize_lag,1.0
601800.SH,中国交建,CSI,中央国有企业,工业,建筑,工业--建筑--建筑与工程Ⅲ--建筑与工程Ⅳ,2024,,,,,,,,,,1858272000000.0,,0.024677,23854000000.0,22002000000.0,target_year,,,,,,,,,,SOE_target,0.019717,0.077554,28.152349,0.102851,0.176169,0.472927,-0.045148,0.04459,0.727403,0.900232,0.023113,True,Pooled_H_plus_CSI_nonSOE,0.04786091460715598,0.019717,0.028143914607155984,52299048484.868965,52299048484.868965,0,1,FirmSize_lag,1.0
601800.SH,中国交建,CSI,中央国有企业,工业,建筑,工业--建筑--建筑与工程Ⅲ--建筑与工程Ⅳ,2025,,,,,,,,,,2019132000000.0,,0.017665,14995000000.0,20673000000.0,target_year,,,,,,,,,,SOE_target,0.013065,0.048034,28.250668,0.10843,0.174423,0.433725,-0.042988,0.043066,0.748253,0.908054,0.014673,True,Pooled_H_plus_CSI_nonSOE,0.042081474694753054,0.013065,0.029016474694753054,58588092583.36613,58588092583.36613,0,1,FirmSize_lag,1.0
601808.SH,中海油服,CSI,中央国有企业,能源,石油石化,能源--石油石化--能源设备与服务--石油天然气钻井,2019,,,,,,,,,,76101838000.0,,0.046964858,2502238000.0,1071874000.0,target_year,,,,,,,,,,SOE_target,0.059375,0.07022400000000001,25.03657194,0.003993959,0.452070271,0.29468154,0.062900957,0.689987886,0.53569692,1.276166723,0.032541029,True,Pooled_H_plus_CSI_nonSOE,0.08385944480378477,0.059375,0.02448444480378477,1863311251.9775703,1863311251.9775703,1,0,,1.0
601808.SH,中海油服,CSI,中央国有企业,能源,石油石化,能源--石油石化--能源设备与服务--石油天然气钻井,2020,,,,,,,,,,75942308000.0,,0.04729003,2703187000.0,888127000.0,target_year,,,,,,,,,,SOE_target,0.055210999999999996,0.071851,25.05533825,0.00538186,0.44417932,0.41217689,0.042059878,0.659880817,0.514988363,1.161423314,0.038244503,True,Pooled_H_plus_CSI_nonSOE,0.09656969155322968,0.055210999999999996,0.04135869155322969,3140874492.4123673,3140874492.4123673,1,0,,1.0
601808.SH,中海油服,CSI,中央国有企业,能源,石油石化,能源--石油石化--能源设备与服务--石油天然气钻井,2021,,,,,,,,,,73311708000.0,,0.015423798,313176000.0,817569000.0,target_year,,,,,,,,,,SOE_target,0.023895,0.008183000000000001,25.05323978,0.006705584,0.429200271,0.380485744,0.124394771,0.617823335,0.490550011,1.55978126,0.054926774,True,Pooled_H_plus_CSI_nonSOE,0.09929288737686835,0.023895,0.07539788737686835,5527547903.189858,5527547903.189858,1,0,,1.0
601808.SH,中海油服,CSI,中央国有企业,能源,石油石化,能源--石油石化--能源设备与服务--石油天然气钻井,2022,,,,,,,,,,77184090000.0,,0.040373955,2352625000.0,763602000.0,target_year,,,,,,,,,,SOE_target,0.04813,0.06082,25.01798616,0.005068244,0.425995256,0.390856873,0.04464467,0.590030695,0.478714505,1.14871269,0.050342709,True,Pooled_H_plus_CSI_nonSOE,0.10250437782903107,0.04813,0.054374377829031074,4196836872.049939,4196836872.049939,1,0,,1.0
601808.SH,中海油服,CSI,中央国有企业,能源,石油石化,能源--石油石化--能源设备与服务--石油天然气钻井,2023,,,,,,,,,,83245834000.0,,0.047842,3013255000.0,969394000.0,target_year,,,,,,,,,,SOE_target,0.062721,0.074425,25.069459,0.00499,0.418201,0.473238,0.088332,0.571986,0.483079,1.320206,0.053665,True,Pooled_H_plus_CSI_nonSOE,0.1085428632847821,0.062721,0.045821863284782105,3814479224.575666,3814479224.575666,1,0,,1.0
601808.SH,中海油服,CSI,中央国有企业,能源,石油石化,能源--石油石化--能源设备与服务--石油天然气钻井,2024,,,,,,,,,,82947663000.0,,0.04698,3136992000.0,759921000.0,target_year,,,,,,,,,,SOE_target,0.063888,0.073431,25.145064,0.006444,0.410755,0.549053,0.082953,0.587758,0.492394,1.295552,0.113805,True,Pooled_H_plus_CSI_nonSOE,0.10556982351214052,0.063888,0.04168182351214052,3457409849.910508,3457409849.910508,1,0,,1.0
601808.SH,中海油服,CSI,中央国有企业,能源,石油石化,能源--石油石化--能源设备与服务--石油天然气钻井,2025,,,,,,,,,,84462835000.0,,0.053019,3841741000.0,636403000.0,target_year,,,,,,,,,,SOE_target,0.067563,0.085022,25.141476,0.007259,0.406814,0.580265,-0.011293,0.608334,0.464427,0.968357,0.072709,True,Pooled_H_plus_CSI_nonSOE,0.11692551007185842,0.067563,0.04936251007185842,4169297543.3852158,4169297543.3852158,1,0,,1.0
601816.SH,京沪高铁,CSI,中央国有企业,工业,交通运输,工业--交通运输--铁路公路运输--铁路运输,2019,,,,,,,,,,185151000000.0,,0.070411296,11937249779.0,1099497717.0,target_year,,,,,,,,,,SOE_target,0.09175599999999999,0.07778,25.89209933,0.035751168,0.111099702,0.176202692,0.03661226,0.756071535,0.15671601,2.260657774,0.003739369,True,Pooled_H_plus_CSI_nonSOE,0.10204624884905461,0.09175599999999999,0.01029024884905462,1905249864.6513119,1905249864.6513119,0,1,FixedAssetsRatio_lag,1.0
601816.SH,京沪高铁,CSI,中央国有企业,工业,交通运输,工业--交通运输--铁路公路运输--铁路运输,2020,,,,,,,,,,300863000000.0,,0.020521067,3228866109.0,2945170117.0,target_year,,,,,,,,,,SOE_target,0.016576,0.01886,25.94443952,0.03393513,0.108646931,0.182018151,0.028729308,0.705225269,0.142462742,1.968147265,0.002679892,True,Pooled_H_plus_CSI_nonSOE,0.10805478627946767,0.016576,0.09147878627946768,27522582076.399483,27522582076.399483,1,0,,1.0
601816.SH,京沪高铁,CSI,中央国有企业,工业,交通运输,工业--交通运输--铁路公路运输--铁路运输,2021,,,,,,,,,,295252000000.0,,0.027510617,4815710298.0,3306861251.0,target_year,,,,,,,,,,SOE_target,0.020964,0.025997,26.42992188,0.031568495,0.123286456,0.103345912,-0.013321118,0.766537866,0.307049247,0.718920146,0.016708567,True,Pooled_H_plus_CSI_nonSOE,0.0782810245844445,0.020964,0.0573170245844445,16922966142.606407,16922966142.606407,0,1,FixedAssetsRatio_lag,1.0
601816.SH,京沪高铁,CSI,中央国有企业,工业,交通运输,工业--交通运输--铁路公路运输--铁路运输,2022,,,,,,,,,,288545000000.0,,0.008071276,-576160740.5,2905087457.0,target_year,,,,,,,,,,SOE_target,-0.00358,-0.003107,26.41109593,0.026490794,0.15352339,0.097847091,0.000961479,0.767963413,0.285003369,1.031638177,0.011694701,True,Pooled_H_plus_CSI_nonSOE,0.07920950110465397,-0.00358,0.08278950110465397,23888496596.24238,23888496596.24238,0,1,FixedAssetsRatio_lag,1.0
601816.SH,京沪高铁,CSI,中央国有企业,工业,交通运输,工业--交通运输--铁路公路运输--铁路运输,2023,,,,,,,,,,292219725586.82,,0.047604,11545536011.72,2365430963.91,target_year,,,,,,,,,,SOE_target,0.05272,0.060931,26.388117,0.016464,0.180808,0.066234,-0.011277,0.775856,0.281638,0.650237,0.003807,True,Pooled_H_plus_CSI_nonSOE,0.08166853382679318,0.05272,0.028948533826793174,8459332611.006278,8459332611.006278,0,1,FixedAssetsRatio_lag,1.0
601816.SH,京沪高铁,CSI,中央国有企业,工业,交通运输,工业--交通运输--铁路公路运输--铁路运输,2024,,,,,,,,,,284662650232.54,,0.051136,12768289200.79,1788199149.18,target_year,,,,,,,,,,SOE_target,0.065529,0.064263,26.400772,0.033355,0.114556,0.139624,-0.001078,0.749455,0.254289,0.978628,0.0051,True,Pooled_H_plus_CSI_nonSOE,0.08984002346436964,0.065529,0.02431102346436964,6920440369.232927,6920440369.232927,0,1,FixedAssetsRatio_lag,1.0
601816.SH,京沪高铁,CSI,中央国有企业,工业,交通运输,工业--交通运输--铁路公路运输--铁路运输,2025,,,,,,,,,,287938421202.66,,0.050637,13171912357.24,1408303112.44,target_year,,,,,,,,,,SOE_target,0.066649,0.064329,26.374571,0.030185,0.116886,0.145363,0.01349,0.753939,0.208718,1.470092,0.004145,True,Pooled_H_plus_CSI_nonSOE,0.09535147993441667,0.066649,0.028702479934416672,8264546756.916964,8264546756.916964,0,1,FixedAssetsRatio_lag,1.0
601857.SH,中国石油,CSI,中央国有企业,能源,石油石化,能源--石油石化--石油天然气--综合性石油天然气,2019,,,,,,,,,,2732910000000.0,,0.027842483,45682000000.0,30409000000.0,target_year,,,,,,,,,,SOE_target,0.050334000000000004,0.037376,28.51984445,0.429492104,0.452070271,0.973184769,-0.063010378,0.701362844,0.420023139,0.738639736,0.113369179,True,Pooled_H_plus_CSI_nonSOE,0.17443800488745975,0.050334000000000004,0.12410400488745975,339165075996.9876,339165075996.9876,0,1,FirmSize_lag,1.0
601857.SH,中国石油,CSI,中央国有企业,能源,石油石化,能源--石油石化--石油天然气--综合性石油天然气,2020,,,,,,,,,,2488130000000.0,,0.01830052,19006000000.0,26528000000.0,target_year,,,,,,,,,,SOE_target,0.030484,0.015545,28.63638809,0.435873044,0.44417932,0.9745302,-0.071171755,0.652500082,0.471513881,0.705926198,0.119565591,True,Pooled_H_plus_CSI_nonSOE,0.16296311043058703,0.030484,0.13247911043058702,329625249035.6565,329625249035.6565,0,1,FirmSize_lag,1.0
601857.SH,中国石油,CSI,中央国有企业,能源,石油石化,能源--石油石化--石油天然气--综合性石油天然气,2021,,,,,,,,,,2502260000000.0,,0.044723135,92170000000.0,19739000000.0,target_year,,,,,,,,,,SOE_target,0.070118,0.07436899999999999,28.54255093,0.448309732,0.429200271,0.740786311,-0.047686894,0.583608306,0.450742848,0.80401805,0.103180868,True,Pooled_H_plus_CSI_nonSOE,0.15419110929028595,0.070118,0.08407310929028596,210372778452.71094,210372778452.71094,0,1,FirmSize_lag,1.0
601857.SH,中国石油,CSI,中央国有企业,能源,石油石化,能源--石油石化--石油天然气--综合性石油天然气,2022,,,,,,,,,,2673490000000.0,,0.063936772,149380000000.0,21554000000.0,target_year,,,,,,,,,,SOE_target,0.08891199999999999,0.113472,28.54821624,0.454262894,0.425995256,1.047753802,-0.014914505,0.583190729,0.436961837,0.927975637,0.106129174,True,Pooled_H_plus_CSI_nonSOE,0.17928473902644226,0.08891199999999999,0.09037273902644227,241610614059.80316,241610614059.80316,0,1,FirmSize_lag,1.0
601857.SH,中国石油,CSI,中央国有企业,能源,石油石化,能源--石油石化--石油天然气--综合性石油天然气,2023,,,,,,,,,,2752448000000.0,,0.067289,161146000000.0,24063000000.0,target_year,,,,,,,,,,SOE_target,0.093352,0.114471,28.614404,0.453855,0.418201,1.251671,-0.003889,0.558265,0.424776,0.983347,0.091729,True,Pooled_H_plus_CSI_nonSOE,0.19851902955769268,0.093352,0.10516702955769268,289466780172.0121,289466780172.0121,0,1,FirmSize_lag,1.0
601857.SH,中国石油,CSI,中央国有企业,能源,石油石化,能源--石油石化--石油天然气--综合性石油天然气,2024,,,,,,,,,,2752751000000.0,,0.067356,164684000000.0,20731000000.0,target_year,,,,,,,,,,SOE_target,0.092073,0.111224,28.643512,0.440548,0.410755,1.10986,-0.011076,0.552914,0.407664,0.955752,0.10365,True,Pooled_H_plus_CSI_nonSOE,0.19072760552918955,0.092073,0.09865460552918955,271571564025.08206,271571564025.08206,0,1,FirmSize_lag,1.0
601857.SH,中国石油,CSI,中央国有企业,能源,石油石化,能源--石油石化--石油天然气--综合性石油天然气,2025,,,,,,,,,,2827777000000.0,,0.061845,157318000000.0,17567000000.0,target_year,,,,,,,,,,SOE_target,0.08457,0.101464,28.643622,0.442325,0.406814,1.067348,-0.016882,0.570633,0.37894,0.92708,0.109945,True,Pooled_H_plus_CSI_nonSOE,0.19375830857437373,0.08457,0.10918830857437373,308760187655.5168,308760187655.5168,0,1,FirmSize_lag,1.0
601868.SH,中国能建,CSI,中央国有企业,工业,建筑,工业--建筑--建筑与工程Ⅲ--建筑与工程Ⅳ,2019,,,,,,,,,,421670000000.0,,0.022373373,5078524000.0,4355663000.0,target_year,,,,,,,,,,SOE_target,0.040955000000000005,0.093375,26.68783575,0.055060571,0.178025019,0.611053387,0.080332028,0.089422698,0.755605049,1.138216335,0.041483933,True,Pooled_H_plus_CSI_nonSOE,0.053252075829883325,0.040955000000000005,0.01229707582988332,5185307965.186899,5185307965.186899,1,0,,1.0
601868.SH,中国能建,CSI,中央国有企业,工业,建筑,工业--建筑--建筑与工程Ⅲ--建筑与工程Ⅳ,2020,,,,,,,,,,476052000000.0,,0.017142067,4680285000.0,3480229000.0,target_year,,,,,,,,,,SOE_target,0.035304,0.073961,26.76748957,0.052356081,0.179054819,0.609800165,0.094137391,0.091607576,0.731329544,1.17643605,0.034060274,True,Pooled_H_plus_CSI_nonSOE,0.05959821860943435,0.035304,0.02429421860943435,11565311357.45844,11565311357.45844,0,1,FirmSize_lag,1.0
601868.SH,中国能建,CSI,中央国有企业,工业,建筑,工业--建筑--建筑与工程Ⅲ--建筑与工程Ⅳ,2021,,,,,,,,,,528863000000.0,,0.018656423,6504102000.0,3362582000.0,target_year,,,,,,,,,,SOE_target,0.031996000000000004,0.079994,26.88879274,0.050547082,0.179498397,0.602252363,0.076272281,0.086413832,0.710265092,1.143458048,0.031423462,True,Pooled_H_plus_CSI_nonSOE,0.06274815706152367,0.031996000000000004,0.03075215706152367,16263678040.028593,16263678040.028593,0,1,FirmSize_lag,1.0
601868.SH,中国能建,CSI,中央国有企业,工业,建筑,工业--建筑--建筑与工程Ⅲ--建筑与工程Ⅳ,2022,,,,,,,,,,664351000000.0,,0.020211219,7809343000.0,5618003000.0,target_year,,,,,,,,,,SOE_target,0.031312,0.07965,26.99399448,0.052466095,0.17910201,0.641484554,0.074525801,0.089604705,0.716875416,1.145695808,0.026553177,True,Pooled_H_plus_CSI_nonSOE,0.06492558655335909,0.031312,0.03361358655335909,22331219840.310665,22331219840.310665,0,1,FirmSize_lag,1.0
601868.SH,中国能建,CSI,中央国有企业,工业,建筑,工业--建筑--建筑与工程Ⅲ--建筑与工程Ⅳ,2023,,,,,,,,,,783156193000.0,,0.017731,7986116000.0,5899961000.0,target_year,,,,,,,,,,SOE_target,0.025701,0.075214,27.222077,0.05363,0.173049,0.614129,0.055987,0.089218,0.747895,1.108897,0.030079,True,Pooled_H_plus_CSI_nonSOE,0.05557941394227241,0.025701,0.029878413942272405,23399464915.90818,23399464915.90818,0,1,FirmSize_lag,1.0
601868.SH,中国能建,CSI,中央国有企业,工业,建筑,工业--建筑--建筑与工程Ⅲ--建筑与工程Ⅳ,2024,,,,,,,,,,869004776000.0,,0.017443,8396167000.0,6761837000.0,target_year,,,,,,,,,,SOE_target,0.024536,0.074146,27.386598,0.055265,0.176169,0.561008,0.01157,0.106064,0.759623,1.02173,0.039749,True,Pooled_H_plus_CSI_nonSOE,0.04747610777713692,0.024536,0.022940107777136922,19935063220.286728,19935063220.286728,0,1,FirmSize_lag,1.0
601868.SH,中国能建,CSI,中央国有企业,工业,建筑,工业--建筑--建筑与工程Ⅲ--建筑与工程Ⅳ,2025,,,,,,,,,,941597382000.0,,0.013588,5840294000.0,6954227000.0,target_year,,,,,,,,,,SOE_target,0.020983,0.049495,27.490614,0.061638,0.174423,0.528656,0.011594,0.127901,0.763144,1.023043,0.05238,True,Pooled_H_plus_CSI_nonSOE,0.04488120864731698,0.020983,0.023898208647316975,22502490696.803425,22502490696.803425,0,1,FirmSize_lag,1.0
601872.SH,招商轮船,CSI,中央国有企业,工业,交通运输,工业--交通运输--海上运输Ⅲ--海上运输Ⅳ,2019,,,,,,,,,,54817643675.0,,0.048220512,1612975362.0,1030359463.0,target_year,,,,,,,,,,SOE_target,0.048766,0.070773,24.63439951,0.012531131,0.111099702,0.248768239,-0.144937503,0.763285164,0.593101964,0.553060102,0.127231869,True,Pooled_H_plus_CSI_nonSOE,-0.005070954297895003,0.048766,-0.053836954297895,-2951214977.249268,0.0,0,1,FixedAssetsRatio_lag,1.0
601872.SH,招商轮船,CSI,中央国有企业,工业,交通运输,工业--交通运输--海上运输Ⅲ--海上运输Ⅳ,2020,,,,,,,,,,58634669141.0,,0.056169586,2777489423.0,515995643.3,target_year,,,,,,,,,,SOE_target,0.06112599999999999,0.10917299999999999,24.72727794,0.015023484,0.108646931,0.277540098,0.025627368,0.720457705,0.530282788,1.131312613,0.07166024,True,Pooled_H_plus_CSI_nonSOE,0.022412276152846224,0.06112599999999999,-0.03871372384715377,-2269966388.9939027,0.0,0,1,FixedAssetsRatio_lag,1.0
601872.SH,招商轮船,CSI,中央国有企业,工业,交通运输,工业--交通运输--海上运输Ⅲ--海上运输Ⅳ,2021,,,,,,,,,,60135535611.0,,0.068015247,3609069039.0,481064278.5,target_year,,,,,,,,,,SOE_target,0.08123200000000001,0.138902,24.79459198,0.022698194,0.123286456,0.318322079,0.10278916,0.672902532,0.556505787,1.634599657,0.02325035,True,Pooled_H_plus_CSI_nonSOE,0.025048015217195303,0.08123200000000001,-0.05618398478280471,-3378654017.674235,0.0,1,0,,1.0
601872.SH,招商轮船,CSI,中央国有企业,工业,交通运输,工业--交通运输--海上运输Ⅲ--海上运输Ⅳ,2022,,,,,,,,,,65469954370.0,,0.084040716,5085887332.0,416254517.4,target_year,,,,,,,,,,SOE_target,0.101114,0.171097,24.81986678,0.022144272,0.15352339,0.41052282,0.037080611,0.637702484,0.552953965,1.153785552,0.040402073,True,Pooled_H_plus_CSI_nonSOE,0.0296556911729099,0.101114,-0.07145830882709009,-4678372218.266956,0.0,1,0,,1.0
601872.SH,招商轮船,CSI,中央国有企业,工业,交通运输,工业--交通运输--海上运输Ⅲ--海上运输Ⅳ,2023,,,,,,,,,,62394661514.41,,0.09434,4836966617.91,1049349709.81,target_year,,,,,,,,,,SOE_target,0.101106,0.138321,24.904857,0.025269,0.180808,0.472482,0.136669,0.633026,0.488315,1.997692,0.041179,True,Pooled_H_plus_CSI_nonSOE,0.04439545146394833,0.101106,-0.056710548536051675,-3538435480.203464,0.0,1,0,,1.0
601872.SH,招商轮船,CSI,中央国有企业,工业,交通运输,工业--交通运输--海上运输Ⅲ--海上运输Ⅳ,2024,,,,,,,,,,70619308351.63,,0.087285,5107447941.27,1056539123.01,target_year,,,,,,,,,,SOE_target,0.10538600000000001,0.132773,24.856746,0.021278,0.114556,0.404556,-0.023155,0.703197,0.401566,0.884669,0.071941,True,Pooled_H_plus_CSI_nonSOE,0.05982390887880484,0.10538600000000001,-0.045562091121195164,-3217563362.032745,0.0,1,0,,1.0
601872.SH,招商轮船,CSI,中央国有企业,工业,交通运输,工业--交通运输--海上运输Ⅲ--海上运输Ⅳ,2025,,,,,,,,,,82054880078.89,,0.087403,6012096267.97,1159711575.55,target_year,,,,,,,,,,SOE_target,0.10524800000000001,0.144784,24.980569,0.018482,0.116886,0.386011,-0.101025,0.665063,0.421558,0.592028,0.106915,True,Pooled_H_plus_CSI_nonSOE,0.048886329046368776,0.10524800000000001,-0.05636167095363123,-4624750151.146069,0.0,1,0,,1.0
601888.SH,中国中免,CSI,中央国有企业,可选消费,可选消费零售,可选消费--可选消费零售--经销商Ⅲ--经销商Ⅳ,2019,,,,,,,,,,36080230000.0,,0.130492211,4497573000.0,210616000.0,target_year,,,,,,,,,,SOE_target,0.18617,0.249605,24.14778729,1.0,1.0,1.340804305,0.354696241,0.100572764,0.397675149,2.253891129,0.051508655,True,Pooled_H_plus_CSI_nonSOE,0.2044435938973851,0.18617,0.018273593897385088,659315470.7442504,659315470.7442504,0,2,"HHI_lag, MarketShare_lag",1.0
601888.SH,中国中免,CSI,中央国有企业,可选消费,可选消费零售,可选消费--可选消费零售--经销商Ⅲ--经销商Ⅳ,2020,,,,,,,,,,45863816000.0,,0.13404953,5931348000.0,216675000.0,target_year,,,,,,,,,,SOE_target,0.231043,0.28396699999999997,24.30901091,1.0,1.0,1.437757186,0.377254053,0.075365096,0.369845314,2.431739667,0.042022238,True,Pooled_H_plus_CSI_nonSOE,0.21740255794100516,0.231043,-0.01364044205899484,-625602724.7524005,0.0,0,2,"HHI_lag, MarketShare_lag",1.0
601888.SH,中国中免,CSI,中央国有企业,可选消费,可选消费零售,可选消费--可选消费零售--经销商Ⅲ--经销商Ⅳ,2021,,,,,,,,,,55101329000.0,,0.180547587,9726557000.0,221855000.0,target_year,,,,,,,,,,SOE_target,0.29467,0.38020000000000004,24.54894232,1.0,1.0,1.283749328,0.313407218,0.076801765,0.438851403,1.866473287,0.026899681,True,Pooled_H_plus_CSI_nonSOE,0.1971188708137606,0.29467,-0.0975511291862394,-5375196863.612479,0.0,0,2,"HHI_lag, MarketShare_lag",1.0
601888.SH,中国中免,CSI,中央国有企业,可选消费,可选消费零售,可选消费--可选消费零售--经销商Ⅲ--经销商Ⅳ,2022,,,,,,,,,,75618784000.0,,0.070196024,5113962000.0,194176000.0,target_year,,,,,,,,,,SOE_target,0.12078799999999999,0.131835,24.73243967,1.0,1.0,1.340571838,0.388476311,0.100419465,0.375350874,2.249147766,0.039106988,True,Pooled_H_plus_CSI_nonSOE,0.21658724133953702,0.12078799999999999,0.09579924133953703,7244222138.218322,7244222138.218322,0,2,"HHI_lag, MarketShare_lag",1.0
601888.SH,中国中免,CSI,中央国有企业,可选消费,可选消费零售,可选消费--可选消费零售--经销商Ⅲ--经销商Ⅳ,2023,,,,,,,,,,78662313000.0,,0.090106,6790027000.0,297894000.0,target_year,,,,,,,,,,SOE_target,0.117281,0.133195,25.048971,1.0,1.0,0.832815,0.525335,0.110924,0.288026,3.272565,0.039612,True,Pooled_H_plus_CSI_nonSOE,0.1999824088533525,0.117281,0.0827014088533525,6505484108.763386,6505484108.763386,0,2,"HHI_lag, MarketShare_lag",1.0
601888.SH,中国中免,CSI,中央国有企业,可选消费,可选消费零售,可选消费--可选消费零售--经销商Ⅲ--经销商Ⅳ,2024,,,,,,,,,,76108344000.0,,0.05947,4323643000.0,202501000.0,target_year,,,,,,,,,,SOE_target,0.083054,0.07961599999999999,25.08843,1.0,1.0,0.875546,0.548259,0.107205,0.250282,3.813539,0.022903,True,Pooled_H_plus_CSI_nonSOE,0.20910186139514578,0.083054,0.1260478613951458,9593293995.526075,9593293995.526075,0,2,"HHI_lag, MarketShare_lag",1.0
601888.SH,中国中免,CSI,中央国有企业,可选消费,可选消费零售,可选消费--可选消费零售--经销商Ⅲ--经销商Ⅳ,2025,,,,,,,,,,74891423000.0,,0.051038,3643905000.0,178416000.0,target_year,,,,,,,,,,SOE_target,0.061806,0.066036,25.055424,1.0,1.0,0.729775,0.591149,0.107038,0.201187,5.101675,0.014702,True,Pooled_H_plus_CSI_nonSOE,0.19977140410001448,0.061806,0.13796540410001448,10332425437.82012,10332425437.82012,0,2,"HHI_lag, MarketShare_lag",1.0
601898.SH,中煤能源,CSI,中央国有企业,能源,煤炭Ⅱ,能源--煤炭Ⅱ--煤炭Ⅲ--煤炭与消费用燃料,2019,,,,,,,,,,272469000000.0,,0.040662582,6197168000.0,4882121000.0,target_year,,,,,,,,,,SOE_target,0.066093,0.065577,26.30135748,0.199924039,0.3281903,0.40562245,-0.051643698,0.498581841,0.582205584,0.802290686,0.035635828,True,Pooled_H_plus_CSI_nonSOE,0.0873480789217589,0.066093,0.021255078921758902,5791350098.732726,5791350098.732726,1,0,,1.0
601898.SH,中煤能源,CSI,中央国有企业,能源,煤炭Ⅱ,能源--煤炭Ⅱ--煤炭Ⅲ--煤炭与消费用燃料,2020,,,,,,,,,,281574000000.0,,0.035577161,5350726000.0,4666871000.0,target_year,,,,,,,,,,SOE_target,0.058464999999999996,0.054136,26.33079033,0.239282422,0.293470907,0.481509395,-0.105136963,0.477110854,0.569782391,0.657633162,0.040171693,True,Pooled_H_plus_CSI_nonSOE,0.0968257875211108,0.058464999999999996,0.03836078752111081,10801400385.469255,10801400385.469255,1,0,,1.0
601898.SH,中煤能源,CSI,中央国有企业,能源,煤炭Ⅱ,能源--煤炭Ⅱ--煤炭Ⅲ--煤炭与消费用燃料,2021,,,,,,,,,,321329000000.0,,0.058533792,14714915000.0,4093691000.0,target_year,,,,,,,,,,SOE_target,0.104012,0.13738799999999998,26.36366047,0.248811769,0.275297772,0.508846338,-0.02459337,0.474754771,0.560805759,0.899856996,0.036606113,True,Pooled_H_plus_CSI_nonSOE,0.10494860169178843,0.104012,0.0009366016917884412,300957285.02068806,300957285.02068806,1,0,,1.0
601898.SH,中煤能源,CSI,中央国有企业,能源,煤炭Ⅱ,能源--煤炭Ⅱ--煤炭Ⅲ--煤炭与消费用燃料,2022,,,,,,,,,,339616000000.0,,0.069420696,19719469000.0,3856932000.0,target_year,,,,,,,,,,SOE_target,0.11591,0.16159300000000001,26.49573143,0.26828346,0.269530745,0.766714926,0.053652331,0.400720788,0.557575067,1.196478782,0.032450595,True,Pooled_H_plus_CSI_nonSOE,0.12290346972528003,0.11591,0.006993469725280033,2375094214.2207036,2375094214.2207036,1,0,,1.0
601898.SH,中煤能源,CSI,中央国有企业,能源,煤炭Ⅱ,能源--煤炭Ⅱ--煤炭Ⅲ--煤炭与消费用燃料,2023,,,,,,,,,,349155327000.0,,0.066585,20183598000.0,3064810000.0,target_year,,,,,,,,,,SOE_target,0.10643599999999999,0.147113,26.551082,0.229487,0.250024,0.645549,0.055689,0.37232,0.514808,1.180126,0.028727,True,Pooled_H_plus_CSI_nonSOE,0.12070149612551247,0.10643599999999999,0.014265496125512478,4980873964.520542,4980873964.520542,1,0,,1.0
601898.SH,中煤能源,CSI,中央国有企业,能源,煤炭Ⅱ,能源--煤炭Ⅱ--煤炭Ⅲ--煤炭与消费用燃料,2024,,,,,,,,,,357794496000.0,,0.057829,18155988000.0,2534892000.0,target_year,,,,,,,,,,SOE_target,0.092524,0.122846,26.578783,0.216143,0.263234,0.539553,0.061607,0.365746,0.477243,1.219139,0.050336,True,Pooled_H_plus_CSI_nonSOE,0.1164849396954171,0.092524,0.0239609396954171,8573092342.008155,8573092342.008155,1,0,,1.0
601898.SH,中煤能源,CSI,中央国有企业,能源,煤炭Ⅱ,能源--煤炭Ⅱ--煤炭Ⅲ--煤炭与消费用燃料,2025,,,,,,,,,,370517742000.0,,0.044927,14497092000.0,2149057000.0,target_year,,,,,,,,,,SOE_target,0.066686,0.092908,26.603225,0.211221,0.263097,0.514626,0.030435,0.393,0.463299,1.106577,0.050505,True,Pooled_H_plus_CSI_nonSOE,0.11844738450371622,0.066686,0.05176138450371623,19178511309.11073,19178511309.11073,1,0,,1.0
601899.SH,紫金矿业,CSI,地方国有企业,材料,有色金属,材料--有色金属--贵金属--黄金,2019,,,,,,,,,,123831000000.0,,0.050163348,4283957365.0,1927817536.0,target_year,,,,,,,,,,SOE_target,0.07092999999999999,0.093494,25.44958498,0.135006124,0.167062795,1.048438121,-0.060014627,0.349933684,0.581201238,0.818005224,0.069178863,True,Pooled_H_plus_CSI_nonSOE,0.17295072553947463,0.07092999999999999,0.10202072553947464,12633328464.278685,12633328464.278685,1,0,,1.0
601899.SH,紫金矿业,CSI,地方国有企业,材料,有色金属,材料--有色金属--贵金属--黄金,2020,,,,,,,,,,182313000000.0,,0.046235297,6508553913.0,1920753386.0,target_year,,,,,,,,,,SOE_target,0.079348,0.120837,25.54218314,0.147075799,0.15478921,1.149911991,-0.038506206,0.359373782,0.539052237,0.857077928,0.096066464,True,Pooled_H_plus_CSI_nonSOE,0.1896518228510448,0.079348,0.11030382285104479,20109820855.442528,20109820855.442528,1,0,,1.0
601899.SH,紫金矿业,CSI,地方国有企业,材料,有色金属,材料--有色金属--贵金属--黄金,2021,,,,,,,,,,208595000000.0,,0.0852602,15672870591.0,2111953389.0,target_year,,,,,,,,,,SOE_target,0.133764,0.24570799999999998,25.9289922,0.154732825,0.159708925,1.120395812,-0.042637039,0.349846763,0.590833682,0.834736234,0.076167844,True,Pooled_H_plus_CSI_nonSOE,0.18009578605374119,0.133764,0.04633178605374119,9664578911.880144,9664578911.880144,1,0,,1.0
601899.SH,紫金矿业,CSI,地方国有企业,材料,有色金属,材料--有色金属--贵金属--黄金,2022,,,,,,,,,,306044000000.0,,0.075917288,20042045977.0,3191995016.0,target_year,,,,,,,,,,SOE_target,0.123702,0.25056100000000003,26.06365887,0.150787193,0.168216562,1.151690576,-0.015523729,0.355451102,0.55465225,0.935626067,0.096591957,True,Pooled_H_plus_CSI_nonSOE,0.18776935374080728,0.123702,0.06406735374080727,19607429208.25162,19607429208.25162,1,0,,1.0
601899.SH,紫金矿业,CSI,地方国有企业,材料,有色金属,材料--有色金属--贵金属--黄金,2023,,,,,,,,,,343005706012.0,,0.075169,21119419571.0,4663911436.0,target_year,,,,,,,,,,SOE_target,0.104795,0.215012,26.446995,0.157798,0.153058,1.050558,0.027691,0.309148,0.593342,1.119075,0.081016,True,Pooled_H_plus_CSI_nonSOE,0.17323280705622146,0.104795,0.06843780705622146,23474558327.232277,23474558327.232277,1,0,,1.0
601899.SH,紫金矿业,CSI,地方国有企业,材料,有色金属,材料--有色金属--贵金属--黄金,2024,,,,,,,,,,396610730026.0,,0.09228,32050602437.0,4548705755.0,target_year,,,,,,,,,,SOE_target,0.135342,0.25921299999999997,26.561013,0.169325,0.159476,0.904101,-0.019107,0.342247,0.596617,0.922147,0.088712,True,Pooled_H_plus_CSI_nonSOE,0.16318206747251868,0.135342,0.027840067472518687,11041669484.248734,11041669484.248734,1,0,,1.0
601899.SH,紫金矿业,CSI,地方国有企业,材料,有色金属,材料--有色金属--贵金属--黄金,2025,,,,,,,,,,512005142450.0,,0.108807,51777327785.0,3932640491.0,target_year,,,,,,,,,,SOE_target,0.18064699999999997,0.318309,26.706221,0.169614,0.15747,0.821074,-0.002131,0.333734,0.551876,0.991529,0.062524,True,Pooled_H_plus_CSI_nonSOE,0.17004480712460207,0.18064699999999997,-0.010602192875397903,-5428377273.450479,0.0,1,0,,1.0
601919.SH,中远海控,CSI,中央国有企业,工业,交通运输,工业--交通运输--海上运输Ⅲ--海上运输Ⅳ,2019,,,,,,,,,,262224000000.0,,0.046345211,6690106000.0,5462722000.0,target_year,,,,,,,,,,SOE_target,0.034775,0.229719,26.15324199,0.1381701,0.111099702,0.666100324,-0.126402542,0.505757923,0.752993999,0.675445454,0.08717098,True,Pooled_H_plus_CSI_nonSOE,0.00838326274691309,0.034775,-0.02639173725308691,-6920546909.453463,0.0,1,0,,1.0
601919.SH,中远海控,CSI,中央国有企业,工业,交通运输,工业--交通运输--海上运输Ⅲ--海上运输Ⅳ,2020,,,,,,,,,,271926000000.0,,0.051028303,9927098000.0,3948828000.0,target_year,,,,,,,,,,SOE_target,0.064635,0.250452,26.29246505,0.155552982,0.108646931,0.613990479,0.006206761,0.397290073,0.736388625,1.023095445,0.042264429,True,Pooled_H_plus_CSI_nonSOE,0.012353555397398477,0.064635,-0.05228144460260152,-14216684105.00702,0.0,1,0,,1.0
601919.SH,中远海控,CSI,中央国有企业,工业,交通运输,工业--交通运输--海上运输Ⅲ--海上运输Ⅳ,2021,,,,,,,,,,413668000000.0,,0.224550922,89296138000.0,3593411000.0,target_year,,,,,,,,,,SOE_target,0.380517,1.008949,26.32879608,0.215275282,0.123286456,0.641238606,-0.007594321,0.378170712,0.710593928,0.972104244,0.024524221,True,Pooled_H_plus_CSI_nonSOE,0.024169548420203295,0.380517,-0.3563474515797967,-147409537600.11133,0.0,1,0,,1.0
601919.SH,中远海控,CSI,中央国有企业,工业,交通运输,工业--交通运输--海上运输Ⅲ--海上运输Ⅳ,2022,,,,,,,,,,511780000000.0,,0.221511332,109684000000.0,3680840000.0,target_year,,,,,,,,,,SOE_target,0.357707,0.657821,26.74832975,0.303105964,0.15352339,0.97344357,0.196168556,0.257317874,0.567623053,1.668671798,0.023085939,True,Pooled_H_plus_CSI_nonSOE,0.08054568413660174,0.357707,-0.27716131586339826,-141845618232.56998,0.0,0,1,FirmSize_lag,1.0
601919.SH,中远海控,CSI,中央国有企业,工业,交通运输,工业--交通运输--海上运输Ⅲ--海上运输Ⅳ,2023,,,,,,,,,,462429381000.0,,0.059367,23860258000.0,3592746000.0,target_year,,,,,,,,,,SOE_target,0.059946,0.120355,26.96116,0.333016,0.180808,0.845123,0.198677,0.233535,0.504624,1.63763,0.0205,True,Pooled_H_plus_CSI_nonSOE,0.08448419867035478,0.059946,0.024538198670354783,11347184021.987185,11347184021.987185,0,1,FirmSize_lag,1.0
601919.SH,中远海控,CSI,中央国有企业,工业,交通运输,工业--交通运输--海上运输Ⅲ--海上运输Ⅳ,2024,,,,,,,,,,497472214000.0,,0.104992,49172465000.0,3058232000.0,target_year,,,,,,,,,,SOE_target,0.13303,0.228293,26.85976,0.144337,0.114556,0.360185,0.162486,0.280678,0.47404,1.590121,0.033131,True,Pooled_H_plus_CSI_nonSOE,0.0469011066589424,0.13303,-0.08612889334105761,-42846731259.74579,0.0,0,1,FirmSize_lag,1.0
601919.SH,中远海控,CSI,中央国有企业,工业,交通运输,工业--交通运输--海上运输Ⅲ--海上运输Ⅳ,2025,,,,,,,,,,483758024000.0,,0.07002,30859651000.0,3013024000.0,target_year,,,,,,,,,,SOE_target,0.080724,0.13218,26.932806,0.16836,0.116886,0.487256,0.167499,0.303861,0.426986,1.678604,0.052262,True,Pooled_H_plus_CSI_nonSOE,0.06629964611690536,0.080724,-0.01442435388309464,-6977896931.96259,0.0,0,1,FirmSize_lag,1.0
601985.SH,中国核电,CSI,中央国有企业,公用事业,公用事业Ⅱ,公用事业--公用事业Ⅱ--电力--电力公用事业,2019,,,,,,,,,,347639000000.0,,0.033423197,4612558850.0,7006645806.0,target_year,,,,,,,,,,SOE_target,0.051093,0.095614,26.50240634,0.065305579,0.148389593,0.123797436,-0.015956505,0.849558327,0.741652254,0.86858063,0.071637094,True,Pooled_H_plus_CSI_nonSOE,0.06152613755515818,0.051093,0.010433137555158178,3626965506.537634,3626965506.537634,0,1,FixedAssetsRatio_lag,1.0
601985.SH,中国核电,CSI,中央国有企业,公用事业,公用事业Ⅱ,公用事业--公用事业Ⅱ--电力--电力公用事业,2020,,,,,,,,,,381746000000.0,,0.033938319,5995452045.0,6960364749.0,target_year,,,,,,,,,,SOE_target,0.036137999999999997,0.099496,26.57443023,0.067481903,0.143602423,0.135640693,-0.019129801,0.828426352,0.740297102,0.863979538,0.070616627,True,Pooled_H_plus_CSI_nonSOE,0.06224874476406948,0.036137999999999997,0.026110744764069486,9967672370.70447,9967672370.70447,0,1,FixedAssetsRatio_lag,1.0
601985.SH,中国核电,CSI,中央国有企业,公用事业,公用事业Ⅱ,公用事业--公用事业Ⅱ--电力--电力公用事业,2021,,,,,,,,,,409621000000.0,,0.036396898,8038084942.0,6870862905.0,target_year,,,,,,,,,,SOE_target,0.04185,0.109671,26.66802123,0.067942863,0.126082379,0.141686299,-0.007015087,0.817627022,0.694850283,0.950978047,0.062692714,True,Pooled_H_plus_CSI_nonSOE,0.07391011669801405,0.04185,0.03206011669801405,13132497061.957212,13132497061.957212,0,1,FixedAssetsRatio_lag,1.0
601985.SH,中国核电,CSI,中央国有企业,公用事业,公用事业Ⅱ,公用事业--公用事业Ⅱ--电力--电力公用事业,2022,,,,,,,,,,464620000000.0,,0.036921229,9009829595.0,8144511017.0,target_year,,,,,,,,,,SOE_target,0.044770000000000004,0.109367,26.73849912,0.066112516,0.130392082,0.155949917,-0.018961189,0.805403382,0.694160724,0.88155248,0.061331462,True,Pooled_H_plus_CSI_nonSOE,0.07384499274701105,0.044770000000000004,0.029074992747011044,13508823130.116272,13508823130.116272,0,2,"FirmSize_lag, FixedAssetsRatio_lag",1.0
601985.SH,中国核电,CSI,中央国有企业,公用事业,公用事业Ⅱ,公用事业--公用事业Ⅱ--电力--电力公用事业,2023,,,,,,,,,,539267250476.02,,0.033241,10623826706.6,7301743750.68,target_year,,,,,,,,,,SOE_target,0.045784000000000005,0.11831200000000001,26.864486,0.064424,0.129341,0.161085,-0.017598,0.79749,0.681741,0.889415,0.108712,True,Pooled_H_plus_CSI_nonSOE,0.07089066894927533,0.045784000000000005,0.025106668949275324,13539204332.887371,13539204332.887371,0,2,"FirmSize_lag, FixedAssetsRatio_lag",1.0
601985.SH,中国核电,CSI,中央国有企业,公用事业,公用事业Ⅱ,公用事业--公用事业Ⅱ--电力--电力公用事业,2024,,,,,,,,,,659739168841.27,,0.023677,8777342050.34,6843597272.48,target_year,,,,,,,,,,SOE_target,0.049053000000000006,0.087264,27.013477,0.064166,0.121904,0.147279,-0.05444,0.798297,0.698113,0.699198,0.124429,True,Pooled_H_plus_CSI_nonSOE,0.0654827384556864,0.049053000000000006,0.016429738455686398,10839341993.033995,10839341993.033995,0,2,"FirmSize_lag, FixedAssetsRatio_lag",1.0
601985.SH,中国核电,CSI,中央国有企业,公用事业,公用事业Ⅱ,公用事业--公用事业Ⅱ--电力--电力公用事业,2025,,,,,,,,,,749261994107.31,,0.021539,9304211536.74,6834483614.48,target_year,,,,,,,,,,SOE_target,0.042759,0.081283,27.21511,0.066502,0.118327,0.127097,-0.026619,0.780601,0.68265,0.827394,0.137491,True,Pooled_H_plus_CSI_nonSOE,0.06794319753556521,0.042759,0.025184197535565216,18869562065.489998,18869562065.489998,0,2,"FirmSize_lag, FixedAssetsRatio_lag",1.0
603019.SH,中科曙光,CSI,中央国有企业,信息技术,硬件设备,信息技术--硬件设备--电脑与外围设备--电脑硬件、储存设备及电脑周边,2019,,,,,,,,,,16769281027.0,,0.046053914,593633044.8,178657973.6,target_year,,,,,,,,,,SOE_target,0.058621999999999994,0.145814,23.30100268,0.0077991,0.161142974,0.775761243,0.22087728,0.104489626,0.692376064,1.556652795,0.048115164,True,Pooled_H_plus_CSI_nonSOE,0.058937583929303386,0.058621999999999994,0.0003155839293033924,5292115.598093487,5292115.598093487,1,0,,1.0
603019.SH,中科曙光,CSI,中央国有企业,信息技术,硬件设备,信息技术--硬件设备--电脑与外围设备--电脑硬件、储存设备及电脑周边,2020,,,,,,,,,,20963979137.0,,0.039996011,822381760.3,16093782.61,target_year,,,,,,,,,,SOE_target,0.055788000000000004,0.103103,23.54281454,0.007820415,0.145048886,0.634093523,0.239751642,0.097377554,0.724420087,1.686252249,0.044994331,True,Pooled_H_plus_CSI_nonSOE,0.044252560383419876,0.055788000000000004,-0.011535439616580129,-241828715.4581091,0.0,1,0,,1.0
603019.SH,中科曙光,CSI,中央国有企业,信息技术,硬件设备,信息技术--硬件设备--电脑与外围设备--电脑硬件、储存设备及电脑周边,2021,,,,,,,,,,26121984763.0,,0.038917893,1157781112.0,-141168510.7,target_year,,,,,,,,,,SOE_target,0.06096599999999999,0.095297,23.76607152,0.0072491,0.129289002,0.536679608,0.5056888,0.074705179,0.429743553,3.876764347,0.026434258,True,Pooled_H_plus_CSI_nonSOE,0.09757722093747954,0.06096599999999999,0.03661122093747955,956357755.4836675,956357755.4836675,1,0,,1.0
603019.SH,中科曙光,CSI,中央国有企业,信息技术,硬件设备,信息技术--硬件设备--电脑与外围设备--电脑硬件、储存设备及电脑周边,2022,,,,,,,,,,31810174007.0,,0.045421863,1544219003.0,-99341626.16,target_year,,,,,,,,,,SOE_target,0.06579,0.104033,23.98604312,0.006334817,0.108896372,0.47400165,0.420008992,0.077714723,0.499409101,2.965212884,0.062330355,True,Pooled_H_plus_CSI_nonSOE,0.08070732289525341,0.06579,0.01491732289525341,474522637.016616,474522637.016616,1,0,,1.0
603019.SH,中科曙光,CSI,中央国有企业,信息技术,硬件设备,信息技术--硬件设备--电脑与外围设备--电脑硬件、储存设备及电脑周边,2023,,,,,,,,,,31615458539.32,,0.05553,1835900702.06,-80304736.43,target_year,,,,,,,,,,SOE_target,0.068714,0.10294600000000001,24.183052,0.006852,0.117158,0.447215,0.330217,0.078245,0.442298,2.663063,0.084412,True,Pooled_H_plus_CSI_nonSOE,0.08725869515515443,0.068714,0.01854469515515443,586299040.8021134,586299040.8021134,1,0,,1.0
603019.SH,中科曙光,CSI,中央国有企业,信息技术,硬件设备,信息技术--硬件设备--电脑与外围设备--电脑硬件、储存设备及电脑周边,2024,,,,,,,,,,36617491563.87,,0.050742,1911152257.13,-53100633.56,target_year,,,,,,,,,,SOE_target,0.06714,0.09787699999999999,24.176912,0.007472,0.108206,0.45091,0.314399,0.090495,0.383821,2.992228,0.068542,True,Pooled_H_plus_CSI_nonSOE,0.09919582909079792,0.06714,0.03205582909079792,1173804051.3051515,1173804051.3051515,1,0,,1.0
603019.SH,中科曙光,CSI,中央国有企业,信息技术,硬件设备,信息技术--硬件设备--电脑与外围设备--电脑硬件、储存设备及电脑周边,2025,,,,,,,,,,40953741117.01,,0.051483,2176292865.25,-67880099.25,target_year,,,,,,,,,,SOE_target,0.062329999999999997,0.102089,24.323792,0.005798,0.114376,0.383723,0.229408,0.098389,0.417578,2.503729,0.023476,True,Pooled_H_plus_CSI_nonSOE,0.09361770804103513,0.062329999999999997,0.03128770804103513,1281348695.257145,1281348695.257145,1,0,,1.0
603369.SH,今世缘,CSI,地方国有企业,日常消费,食品饮料,日常消费--食品饮料--饮料--白酒与葡萄酒,2019,,,,,,,,,,10062294426.0,,0.144971709,1458097936.0,650083.33,target_year,,,,,,,,,,SOE_target,0.20241399999999998,0.21924700000000003,22.87359084,0.004647124,0.118716357,0.39261743,0.437826307,0.123350825,0.288617426,2.527404298,0.02385493,True,Pooled_H_plus_CSI_nonSOE,0.15603663307546706,0.20241399999999998,-0.046377366924532926,-466662720.6972844,0.0,1,0,,1.0
603369.SH,今世缘,CSI,地方国有企业,日常消费,食品饮料,日常消费--食品饮料--饮料--白酒与葡萄酒,2020,,,,,,,,,,11851101844.0,,0.132767611,1566907818.0,6534659.97,target_year,,,,,,,,,,SOE_target,0.187577,0.202526,23.03206105,0.005205694,0.109737598,0.427747232,0.369028646,0.111611,0.283834551,2.336807766,0.014921261,True,Pooled_H_plus_CSI_nonSOE,0.15943928536655533,0.187577,-0.028137714633444666,-333462921.77836186,0.0,1,0,,1.0
603369.SH,今世缘,CSI,地方国有企业,日常消费,食品饮料,日常消费--食品饮料--饮料--白酒与葡萄酒,2021,,,,,,,,,,14433697119.0,,0.136075632,2029127929.0,-65053472.68,target_year,,,,,,,,,,SOE_target,0.205399,0.23105,23.19568668,0.004661291,0.106852675,0.385834782,0.417382351,0.126780398,0.302399008,2.425192333,0.033352504,True,Pooled_H_plus_CSI_nonSOE,0.15423063960956668,0.205399,-0.05116836039043332,-738548615.9513512,0.0,1,0,,1.0
603369.SH,今世缘,CSI,地方国有企业,日常消费,食品饮料,日常消费--食品饮料--饮料--白酒与葡萄酒,2022,,,,,,,,,,18183711058.0,,0.132137809,2502789291.0,-100033561.7,target_year,,,,,,,,,,SOE_target,0.204044,0.24583200000000002,23.39283139,0.005106391,0.106913309,0.403319474,0.343201835,0.13995768,0.355876741,1.99477757,0.039951176,True,Pooled_H_plus_CSI_nonSOE,0.14533041030786234,0.204044,-0.05871358969213766,-1067630950.1397984,0.0,1,0,,1.0
603369.SH,今世缘,CSI,地方国有企业,日常消费,食品饮料,日常消费--食品饮料--饮料--白酒与葡萄酒,2023,,,,,,,,,,21630647731.29,,0.136515,3136042999.78,-183138913.29,target_year,,,,,,,,,,SOE_target,0.20906400000000003,0.257564,23.623792,0.005416,0.105461,0.405134,0.259668,0.163857,0.391503,1.680295,0.063079,True,Pooled_H_plus_CSI_nonSOE,0.13638895409937027,0.20906400000000003,-0.07267504590062976,-1572008316.7318537,0.0,1,0,,1.0
603369.SH,今世缘,CSI,地方国有企业,日常消费,食品饮料,日常消费--食品饮料--饮料--白酒与葡萄酒,2024,,,,,,,,,,24221898385.69,,0.13537,3411925268.61,-133006465.89,target_year,,,,,,,,,,SOE_target,0.19253599999999998,0.23742999999999997,23.797377,0.006797,0.100594,0.432038,0.220588,0.229512,0.385741,1.585996,0.101447,True,Pooled_H_plus_CSI_nonSOE,0.1390585404509664,0.19253599999999998,-0.053477459549033574,-1295325591.1215384,0.0,1,0,,1.0
603369.SH,今世缘,CSI,地方国有企业,日常消费,食品饮料,日常消费--食品饮料--饮料--白酒与葡萄酒,2025,,,,,,,,,,25899040538.78,,0.097322,2603690665.79,-83151223.46,target_year,,,,,,,,,,SOE_target,0.134739,0.16264800000000001,23.910523,0.007719,0.097008,0.430028,0.229316,0.272964,0.361997,1.663303,0.074998,True,Pooled_H_plus_CSI_nonSOE,0.1505918744811559,0.134739,0.01585287448115591,410574238.84364784,410574238.84364784,1,0,,1.0
688009.SH,中国通号,CSI,中央国有企业,工业,电气设备,工业--电气设备--电气设备Ⅲ--电气部件与设备,2019,,,,,,,,,,97512591304.0,,0.040378019,3815874901.0,121490364.0,target_year,,,,,,,,,,SOE_target,0.054669999999999996,0.108981,25.10126608,0.112768212,0.075162529,0.565471287,0.222678652,0.057931624,0.620072312,1.372498386,0.013432789,True,Pooled_H_plus_CSI_nonSOE,0.07912063964030491,0.054669999999999996,0.024450639640304916,2384245230.366435,2384245230.366435,1,0,,1.0
688009.SH,中国通号,CSI,中央国有企业,工业,电气设备,工业--电气设备--电气设备Ⅲ--电气部件与设备,2020,,,,,,,,,,105328000000.0,,0.036664884,3819046319.0,42795594.41,target_year,,,,,,,,,,SOE_target,0.045983,0.091274,25.30324735,0.09638352,0.069863037,0.470071921,0.294788513,0.046045731,0.561854761,1.555377083,0.008409159,True,Pooled_H_plus_CSI_nonSOE,0.08722616649144505,0.045983,0.04124316649144504,4344060240.210923,4344060240.210923,1,0,,1.0
688009.SH,中国通号,CSI,中央国有企业,工业,电气设备,工业--电气设备--电气设备Ⅲ--电气部件与设备,2021,,,,,,,,,,108943000000.0,,0.030924685,3274672689.0,94342569.44,target_year,,,,,,,,,,SOE_target,0.036272,0.07605100000000001,25.38034591,0.078313323,0.069189957,0.395625552,0.256343946,0.05340966,0.579434691,1.46497188,0.016604732,True,Pooled_H_plus_CSI_nonSOE,0.0754925501794293,0.036272,0.0392205501794293,4272804398.197566,4272804398.197566,0,1,HHI_lag,1.0
688009.SH,中国通号,CSI,中央国有企业,工业,电气设备,工业--电气设备--电气设备Ⅲ--电气部件与设备,2022,,,,,,,,,,116807000000.0,,0.03205844,3633640259.0,110995320.5,target_year,,,,,,,,,,SOE_target,0.039245999999999996,0.081766,25.41408687,0.052156644,0.081262738,0.358035908,0.261945955,0.050393267,0.583529486,1.479651178,0.007981433,True,Pooled_H_plus_CSI_nonSOE,0.07122079579999194,0.039245999999999996,0.03197479579999194,3734879973.009659,3734879973.009659,1,0,,1.0
688009.SH,中国通号,CSI,中央国有企业,工业,电气设备,工业--电气设备--电气设备Ⅲ--电气部件与设备,2023,,,,,,,,,,118990487731.74,,0.029868,3477326647.54,76697247.11,target_year,,,,,,,,,,SOE_target,0.036031,0.07548300000000001,25.483785,0.031068,0.108841,0.356176,0.232672,0.046851,0.595248,1.416564,0.006061,True,Pooled_H_plus_CSI_nonSOE,0.06633483151461854,0.036031,0.03030383151461854,3605867692.0649333,3605867692.0649333,1,0,,1.0
688009.SH,中国通号,CSI,中央国有企业,工业,电气设备,工业--电气设备--电气设备Ⅲ--电气部件与设备,2024,,,,,,,,,,117890875515.13,,0.030092,3494725837.36,52849365.13,target_year,,,,,,,,,,SOE_target,0.036261999999999996,0.0737,25.502309,0.024756,0.112299,0.313848,0.220738,0.046415,0.589254,1.396501,0.00572,True,Pooled_H_plus_CSI_nonSOE,0.06361883525032976,0.036261999999999996,0.02735683525032976,3225121258.984546,3225121258.984546,1,0,,1.0
688009.SH,中国通号,CSI,中央国有企业,工业,电气设备,工业--电气设备--电气设备Ⅲ--电气部件与设备,2025,,,,,,,,,,118321690651.9,,0.031924,3686410571.89,90856906.74,target_year,,,,,,,,,,SOE_target,0.039783,0.075334,25.493025,0.023985,0.107313,0.274171,0.236504,0.048914,0.572182,1.440999,0.007286,True,Pooled_H_plus_CSI_nonSOE,0.0650612938135783,0.039783,0.025278293813578295,2990970460.8180485,2990970460.8180485,1,0,,1.0
688187.SH,时代电气,CSI,中央国有企业,工业,电气设备,工业--电气设备--电气设备Ⅲ--电气部件与设备,2019,,,,,,,,,,32985615356.0,,0.081390133,2659163867.0,25539769.0,target_year,,,,,,,,,,SOE_target,0.094467,0.127431,24.09175139,0.044315661,0.075162529,0.562382467,0.542306516,0.103897947,0.306910795,3.009164305,0.023124896,True,Pooled_H_plus_CSI_nonSOE,0.13853174341811203,0.094467,0.044064743418112035,1453502677.1506763,1453502677.1506763,1,0,,1.0
688187.SH,时代电气,CSI,中央国有企业,工业,电气设备,工业--电气设备--电气设备Ⅲ--电气部件与设备,2020,,,,,,,,,,33865721258.0,,0.073569155,2475454606.0,16017904.0,target_year,,,,,,,,,,SOE_target,0.08407999999999999,0.108186,24.21933741,0.03773342,0.069863037,0.525771381,0.527282997,0.093215346,0.327092161,2.853868965,0.022752527,True,Pooled_H_plus_CSI_nonSOE,0.13197802214731114,0.08407999999999999,0.04789802214731115,1622101066.85035,1622101066.85035,1,0,,1.0
688187.SH,时代电气,CSI,中央国有企业,工业,电气设备,工业--电气设备--电气设备Ⅲ--电气部件与设备,2021,,,,,,,,,,44150745227.0,,0.046177335,2017694796.0,21068951.0,target_year,,,,,,,,,,SOE_target,0.052518,0.071456,24.24566917,0.031294312,0.069189957,0.479688199,0.547696637,0.129781827,0.283653514,3.354619665,0.054779891,True,Pooled_H_plus_CSI_nonSOE,0.13244075647571119,0.052518,0.07992275647571118,3528649258.9986887,3528649258.9986887,0,1,HHI_lag,1.0
688187.SH,时代电气,CSI,中央国有企业,工业,电气设备,工业--电气设备--电气设备Ⅲ--电气部件与设备,2022,,,,,,,,,,48509554784.0,,0.053119178,2555823375.0,20964320.0,target_year,,,,,,,,,,SOE_target,0.059538,0.076121,24.51087564,0.020560593,0.081262738,0.387640407,0.577379598,0.110659814,0.245932447,3.785604226,0.022060856,True,Pooled_H_plus_CSI_nonSOE,0.13516324312396436,0.059538,0.07562524312396435,3668546874.375268,3668546874.375268,1,0,,1.0
688187.SH,时代电气,CSI,中央国有企业,工业,电气设备,工业--电气设备--电气设备Ⅲ--电气部件与设备,2023,,,,,,,,,,53404847387.0,,0.059038,3105703645.0,47187001.0,target_year,,,,,,,,,,SOE_target,0.061758,0.08699899999999999,24.605027,0.013936,0.108841,0.389245,0.510029,0.108352,0.272396,3.114295,0.019655,True,Pooled_H_plus_CSI_nonSOE,0.13263193088691108,0.061758,0.07087393088691107,3785011462.7322717,3785011462.7322717,1,0,,1.0
688187.SH,时代电气,CSI,中央国有企业,工业,电气设备,工业--电气设备--电气设备Ⅲ--电气部件与设备,2024,,,,,,,,,,64802246319.0,,0.057745,3702585914.0,39387935.0,target_year,,,,,,,,,,SOE_target,0.06887800000000001,0.09446099999999999,24.701167,0.014584,0.112299,0.427789,0.450948,0.1216,0.293762,2.792924,0.05581,True,Pooled_H_plus_CSI_nonSOE,0.12751145806445827,0.06887800000000001,0.05863345806445826,3799579792.027781,3799579792.027781,1,0,,1.0
688187.SH,时代电气,CSI,中央国有企业,工业,电气设备,工业--电气设备--电气设备Ⅲ--电气部件与设备,2025,,,,,,,,,,72084237098.0,,0.057194,4096540421.0,26238709.0,target_year,,,,,,,,,,SOE_target,0.06713,0.09752000000000001,24.894606,0.018398,0.107313,0.421446,0.427513,0.168321,0.309246,2.479153,0.053247,True,Pooled_H_plus_CSI_nonSOE,0.13062818712021823,0.06713,0.06349818712021824,4577218375.666981,4577218375.666981,1,0,,1.0
688396.SH,华润微,CSI,中央国有企业,信息技术,半导体,信息技术--半导体--半导体产品--集成电路,2019,,,,,,,,,,10095287650.0,,0.044152013,400755536.4,44971740.09,target_year,,,,,,,,,,SOE_target,0.051093,,23.02505596,0.11049825,0.214515912,0.626810524,0.045280859,0.425249338,0.497621112,1.097219995,0.054485693,True,Pooled_H_plus_CSI_nonSOE,0.07697774774092744,0.051093,0.025884747740927444,261313974.19235024,261313974.19235024,1,0,,1.0
688396.SH,华润微,CSI,中央国有企业,信息技术,半导体,信息技术--半导体--半导体产品--集成电路,2020,,,,,,,,,,16532495767.0,,0.051034764,963661634.4,-119929609.6,target_year,,,,,,,,,,SOE_target,0.08154299999999999,0.12041299999999999,23.03533458,0.08050321,0.169245785,0.565193741,0.308438292,0.426422857,0.366949986,2.573627749,0.060653362,True,Pooled_H_plus_CSI_nonSOE,0.10096274272172111,0.08154299999999999,0.019419742721721117,321056814.34308344,321056814.34308344,1,0,,1.0
688396.SH,华润微,CSI,中央国有企业,信息技术,半导体,信息技术--半导体--半导体产品--集成电路,2021,,,,,,,,,,22191209564.0,,0.095861013,2267920400.0,-140648576.5,target_year,,,,,,,,,,SOE_target,0.121587,0.162735,23.52859372,0.076520316,0.155238897,0.518895343,0.476678499,0.288458562,0.286207979,3.597830673,0.034637275,True,Pooled_H_plus_CSI_nonSOE,0.11260066688737111,0.121587,-0.008986333112628891,-199417601.31426015,0.0,1,0,,1.0
688396.SH,华润微,CSI,中央国有企业,信息技术,半导体,信息技术--半导体--半导体产品--集成电路,2022,,,,,,,,,,26457799587.0,,0.087533745,2617079980.0,-301129708.7,target_year,,,,,,,,,,SOE_target,0.10905300000000001,0.140437,23.82296208,0.074435868,0.127200785,0.473296709,0.467761071,0.225283176,0.211380859,3.407609318,0.057039825,True,Pooled_H_plus_CSI_nonSOE,0.12358897856439471,0.10905300000000001,0.014535978564394703,384590007.657683,384590007.657683,1,0,,1.0
688396.SH,华润微,CSI,中央国有企业,信息技术,半导体,信息技术--半导体--半导体产品--集成电路,2023,,,,,,,,,,29215259820.18,,0.042254,1479265748.53,-244794478.16,target_year,,,,,,,,,,SOE_target,0.060594999999999996,0.071223,23.998817,0.071578,0.113252,0.409656,0.460362,0.239196,0.217785,3.725747,0.080692,True,Pooled_H_plus_CSI_nonSOE,0.11388774660653272,0.060594999999999996,0.05329274660653273,1556961438.6408696,1556961438.6408696,1,0,,1.0
688396.SH,华润微,CSI,中央国有企业,信息技术,半导体,信息技术--半导体--半导体产品--集成电路,2024,,,,,,,,,,29106829546.42,,0.021943,762459866.87,-123759891.25,target_year,,,,,,,,,,SOE_target,0.023006000000000002,0.034765000000000004,24.097957,0.068644,0.109637,0.35265,0.405247,0.250068,0.191161,3.774064,0.178145,True,Pooled_H_plus_CSI_nonSOE,0.10151741554729901,0.023006000000000002,0.07851141554729901,2285218389.7833815,2285218389.7833815,1,0,,1.0
688396.SH,华润微,CSI,中央国有企业,信息技术,半导体,信息技术--半导体--半导体产品--集成电路,2025,,,,,,,,,,30589736143.75,,0.016086,660543164.52,-168487952.9,target_year,,,,,,,,,,SOE_target,0.018557,0.029171999999999997,24.094239,0.056819,0.111057,0.344124,0.316661,0.278279,0.165283,3.230072,0.053891,True,Pooled_H_plus_CSI_nonSOE,0.12272905542397779,0.018557,0.10417205542397778,3186595688.9715815,3186595688.9715815,1,0,,1.0
