市场,证券代码,证券简称,一级行业,二级行业,行业全路径,企业所有制性质,资产总计_2023,营业收入_2023,归母净利润_2024,利息支出_2024,资产总计_2024,EBI_A_2024,FirmSize_2023,MarketShare_2023_二级行业,HHI_2023_二级行业,AssetTurnover_2023,WorkingCapitalRatio_2023,FixedAssetsRatio_2023,FinancialLeverage_2023,CurrentRatio_2023,CapexRatio_2023,Revenue Growth Rate
H,0038.HK,第一拖拉机股份,工业,机械,工业--机械--机械Ⅲ--农用农业机械,中央国有企业,"13,817,261,971.79","11,528,160,755.86","922,023,211.45","5,764,579.07","14,691,335,709.97",0.063152,23.349185,0.013677,0.179656,0.860201,0.032066,0.174337,0.477514,1.073300,0.006449,-7.4450
H,0042.HK,东北电气,工业,电气设备,工业--电气设备--电气设备Ⅲ--电气部件与设备,公众企业,"181,530,000.00","110,430,000.00","-10,111,000.00","517,000.00","182,457,000.00",-0.052582,19.016931,0.000129,0.254719,0.608411,-1.143442,0.196541,2.097483,0.339823,0.000055,-31.4112
H,0107.HK,四川成渝高速公路,工业,交通运输,工业--交通运输--交通基础设施--公路与铁路,地方国有企业,"57,640,787,000.00","11,580,867,000.00","1,449,447,000.00","851,932,000.00","61,032,031,000.00",0.037708,24.777496,0.010168,0.128314,0.237047,-0.055497,0.017207,0.710738,0.493665,0.003556,11.1474
H,0168.HK,青岛啤酒股份,日常消费,食品饮料,日常消费--食品饮料--饮料--啤酒,地方国有企业,"49,256,011,349.00","33,936,522,741.00","4,344,983,858.00","21,837,054.00","51,420,385,832.00",0.084924,24.620297,0.132854,0.252100,0.681677,0.257703,0.236404,0.426370,1.750271,0.032844,5.4861
H,0177.HK,江苏宁沪高速公路,工业,交通运输,工业--交通运输--交通基础设施--公路与铁路,地方国有企业,"78,661,443,944.36","15,192,010,226.04","4,946,691,605.41","963,483,489.08","89,886,075,247.13",0.065752,25.088419,0.013338,0.128314,0.193381,-0.010331,0.097668,0.480196,0.914899,0.048364,14.6082
H,0187.HK,京城机电股份,工业,机械,工业--机械--机械Ⅲ--工业机械,地方国有企业,"2,812,343,564.88","1,405,495,692.08","7,477,047.53","18,115,965.90","3,086,613,319.89",0.008292,21.757284,0.001668,0.179656,0.535740,0.178498,0.252494,0.509873,1.647620,0.053566,2.4219
H,0300.HK,美的集团,可选消费,家电Ⅱ,可选消费--家电Ⅱ--家电Ⅲ--家用电器,民营企业,"486,036,015,000.00","373,709,804,000.00","38,538,987,000.00","1,916,510,000.00","604,351,853,000.00",0.066940,26.909549,0.517342,0.412657,0.822618,0.061879,0.072012,0.641389,1.119705,0.012991,8.5915
H,0317.HK,中船防务,工业,机械,工业--机械--机械Ⅲ--建筑机械与重型卡车,中央国有企业,"50,862,502,007.57","16,145,951,496.09","377,262,684.20","113,748,961.92","53,596,113,615.25",0.009161,24.652392,0.019156,0.179656,0.331736,0.065687,0.108379,0.614509,1.126144,0.010898,26.1883
H,0323.HK,马鞍山钢铁股份,材料,钢铁Ⅱ,材料--钢铁Ⅱ--钢铁Ⅲ--钢铁Ⅳ,中央国有企业,"84,552,252,935.00","98,937,969,364.00","-4,659,156,254.00","593,915,273.00","78,962,973,613.00",-0.051483,25.160636,0.392988,0.382085,1.090589,-0.260348,0.621659,0.618230,0.500325,0.075683,-3.1478
H,0338.HK,上海石油化工股份,能源,石油石化,能源--石油石化--石油天然气--石油天然气炼制和销售,中央国有企业,"39,564,231,000.00","92,931,608,000.00","310,980,000.00","114,987,000.00","41,687,336,000.00",0.010218,24.401191,0.014447,0.458947,2.303111,0.022298,0.388670,0.369913,1.060540,0.041125,12.7220
H,0347.HK,鞍钢股份,材料,钢铁Ⅱ,材料--钢铁Ⅱ--钢铁Ⅲ--钢铁Ⅳ,中央国有企业,"97,014,000,000.00","113,502,000,000.00","-7,122,000,000.00","285,000,000.00","100,578,000,000.00",-0.067977,25.298121,0.450838,0.382085,1.170431,-0.083174,0.572897,0.429041,0.770689,0.031532,-13.4048
H,0357.HK,美兰空港,工业,交通运输,工业--交通运输--交通基础设施--机场服务,地方国有企业,"11,360,952,185.00","2,085,679,527.00","-381,444,206.00","135,625,805.00","10,982,577,092.00",-0.022383,23.153448,0.001831,0.128314,0.189603,-0.501174,0.606896,0.626977,0.110158,0.028765,82.7201
H,0358.HK,江西铜业股份,材料,有色金属,材料--有色金属--其他金属与采矿--铜,地方国有企业,"168,150,906,000.00","520,338,500,000.00","6,900,987,000.00","2,517,793,000.00","193,127,836,000.00",0.048770,25.848128,0.367725,0.224317,3.102040,0.188639,0.195189,0.543573,1.451231,0.040507,8.7680
H,0386.HK,中国石油化工股份,能源,石油石化,能源--石油石化--石油天然气--综合性石油天然气,中央国有企业,"2,024,696,000,000.00","3,146,873,000,000.00","48,939,000,000.00","18,601,000,000.00","2,081,440,000,000.00",0.032449,28.336441,0.489224,0.458947,1.583995,-0.055634,0.430261,0.527925,0.825923,0.084701,-3.3918
H,0390.HK,中国中铁,工业,建筑,工业--建筑--建筑与工程Ⅲ--建筑与工程Ⅳ,中央国有企业,"1,829,290,000,000.00","1,263,412,000,000.00","27,887,000,000.00","11,783,000,000.00","2,256,266,000,000.00",0.017582,28.234949,0.293829,0.218050,0.734049,-0.002704,0.074560,0.748671,0.995106,0.031069,9.4480
H,0438.HK,彩虹新能源,信息技术,硬件设备,信息技术--硬件设备--电子设备、仪器和元件--电子元件,中央国有企业,"8,840,396,310.29","3,145,385,502.34","-375,953,814.61","158,058,708.21","8,775,270,835.89",-0.024831,22.902598,0.004034,0.356631,0.413360,-0.131791,0.488835,0.796471,0.745869,0.106477,27.3292
H,0470.HK,先导智能,工业,机械,工业--机械--机械Ⅲ--工业机械,民营企业,"35,221,738,000.00","16,483,341,000.00","286,100,000.00","60,749,000.00","36,094,127,000.00",0.009610,24.284929,0.019556,0.179656,0.483894,0.218618,0.053754,0.663632,1.334934,0.015660,19.0997
H,0501.HK,豪威集团,信息技术,半导体,信息技术--半导体--半导体产品--集成电路,民营企业,"37,743,164,000.00","20,984,259,000.00","3,317,582,000.00","326,701,000.00","38,964,574,000.00",0.093528,24.354070,0.498761,0.283838,0.575430,0.296625,0.089626,0.430501,2.234534,0.027777,4.6409
H,0525.HK,广深铁路股份,工业,交通运输,工业--交通运输--铁路公路运输--铁路运输,中央国有企业,"37,234,948,000.00","24,612,433,000.00","1,060,161,237.00","104,227,316.00","36,567,255,729.00",0.031842,24.340514,0.021609,0.128314,0.662726,0.020842,0.627042,0.292278,1.096736,0.027456,31.4707
H,0548.HK,深圳高速公路股份,工业,交通运输,工业--交通运输--交通基础设施--公路与铁路,地方国有企业,"67,507,469,090.77","9,295,304,371.69","1,145,048,951.69","1,059,816,553.01","67,558,030,948.58",0.032637,24.935504,0.008161,0.128314,0.135987,-0.190715,0.112855,0.585251,0.350631,0.031018,-0.8245
H,0552.HK,中国通信服务,通讯服务,电信服务,通讯服务--电信服务--多元电信服务--综合电信业务,中央国有企业,"121,789,750,000.00","148,614,676,000.00","3,606,861,000.00","105,515,000.00","136,617,576,000.00",0.027173,25.525562,0.196535,0.515318,1.280864,0.170030,0.057195,0.641450,1.271597,0.010004,5.5895
H,0553.HK,南京熊猫电子股份,信息技术,硬件设备,信息技术--硬件设备--通信设备Ⅲ--通信设备Ⅳ,中央国有企业,"5,540,955,892.33","2,912,311,480.01","-188,854,556.25","506,758.31","5,320,807,895.66",-0.035398,22.435433,0.003735,0.356631,0.510753,0.361450,0.146320,0.354437,2.053166,0.002495,-29.8964
H,0564.HK,中创智领,工业,机械,工业--机械--机械Ⅲ--工业机械,公众企业,"49,387,019,000.00","36,423,236,000.00","3,943,489,000.00","297,947,000.00","49,015,983,000.00",0.086532,24.622953,0.043213,0.179656,0.776146,0.350920,0.127466,0.556942,1.894247,0.030985,13.6688
H,0568.HK,山东墨龙,能源,石油石化,能源--石油石化--能源设备与服务--石油天然气设备与服务,地方国有企业,"2,888,081,988.80","1,317,495,782.20","-43,699,833.39","102,961,159.42","2,420,182,877.14",0.024486,21.783858,0.000205,0.458947,0.380411,-0.519277,0.547002,0.884109,0.381082,0.001968,-52.3621
H,0576.HK,浙江沪杭甬,工业,交通运输,工业--交通运输--交通基础设施--公路与铁路,地方国有企业,"207,733,802,000.00","16,965,024,000.00","5,501,588,000.00","1,741,651,000.00","217,182,367,000.00",0.033351,26.059523,0.014895,0.128314,0.086086,0.238556,0.029856,0.709219,1.479700,0.006800,10.6527
H,0579.HK,京能清洁能源,公用事业,公用事业Ⅱ,公用事业--公用事业Ⅱ--电力--独立电力生产商与能源贸易商,地方国有企业,"93,594,441,000.00","20,446,028,000.00","3,245,045,000.00","1,152,740,000.00","101,053,441,000.00",0.043519,25.262237,0.028721,0.202677,0.225190,-0.025636,0.645337,0.631167,0.891973,0.093620,2.0756
H,0588.HK,北京北辰实业股份,房地产,房地产Ⅱ,房地产--房地产Ⅱ--房地产管理和开发--房地产开发,地方国有企业,"65,155,827,000.00","15,751,478,000.00","-2,992,483,000.00","1,027,400,000.00","57,619,449,000.00",-0.034105,24.900048,0.026651,0.629943,0.223000,0.362509,0.037347,0.658851,2.177546,0.003148,21.2684
H,0598.HK,中国外运,工业,交通运输,工业--交通运输--航空运输--航空货运与物流,中央国有企业,"75,886,622,231.81","101,704,562,839.01","3,917,651,361.38","400,003,767.71","77,195,500,137.85",0.055931,25.052506,0.089296,0.128314,1.323310,0.086760,0.205293,0.471326,1.234826,0.021229,-6.9436
H,0600.HK,爱芯元智,信息技术,半导体,信息技术--半导体--半导体材料与设备--半导体材料与设备Ⅳ,公众企业,"2,533,166,000.00","230,127,000.00","-860,915,000.00","251,127,000.00","3,007,959,000.00",-0.202725,21.652736,0.005470,0.283838,0.127575,-1.210119,0.010065,1.604405,0.206302,0.042516,358.1465
H,0638.HK,广和通,信息技术,硬件设备,信息技术--硬件设备--通信设备Ⅲ--通信设备Ⅳ,民营企业,"7,095,287,000.00","5,651,814,000.00","667,964,000.00","37,447,000.00","7,549,056,000.00",0.093444,22.682697,0.007248,0.356631,0.837739,0.308325,0.030760,0.559058,1.627044,0.021926,0.3275
H,0664.HK,铜师傅,可选消费,耐用消费品,可选消费--耐用消费品--休闲用品Ⅲ--休闲用品Ⅳ,公众企业,"417,479,000.00","506,383,000.00","78,982,000.00","97,000.00","489,024,000.00",0.161708,19.849745,0.627847,0.532690,1.302626,0.351337,0.422057,0.209160,2.703099,0.062715,0.6356
H,0666.HK,瑞浦兰钧,工业,电气设备,工业--电气设备--电气设备Ⅲ--电气部件与设备,民营企业,"36,020,782,000.00","13,748,914,000.00","-1,163,089,000.00","340,855,000.00","38,539,480,000.00",-0.021335,24.307362,0.016117,0.254719,0.440232,0.118358,0.424562,0.679561,1.283371,0.158032,-6.1365
H,0670.HK,中国东方航空股份,工业,交通运输,工业--交通运输--航空客运Ⅲ--航空客运Ⅳ,中央国有企业,"284,733,000,000.00","113,741,000,000.00","-4,226,000,000.00","5,148,000,000.00","278,842,000,000.00",0.003307,26.374818,0.099863,0.128314,0.397198,-0.283076,0.337098,0.847355,0.241502,0.065553,145.6344
H,0694.HK,北京首都机场股份,工业,交通运输,工业--交通运输--交通基础设施--机场服务,中央国有企业,"32,589,339,000.00","2,096,878,000.00","-1,389,745,000.00","299,009,000.00","30,675,358,000.00",-0.035557,24.207251,0.001841,0.128314,0.063472,-0.321571,0.687920,0.543170,0.223457,0.008990,195.0324
H,0696.HK,中国民航信息网络,工业,企业服务,工业--企业服务--专业服务--数据处理与外包服务,中央国有企业,"27,500,129,430.98","6,983,846,860.77","2,074,272,594.78","11,482,616.50","29,694,645,613.18",0.070240,24.037457,0.304352,0.355947,0.264858,0.433915,0.116862,0.235691,2.926653,0.019196,34.0442
H,0699.HK,均胜电子,可选消费,汽车与零配件,可选消费--汽车与零配件--汽车零配件--汽车零配件与设备,民营企业,"56,886,848,000.00","55,728,476,000.00","960,470,000.00","827,840,000.00","64,165,868,000.00",0.027870,24.764330,0.038998,0.235727,1.004126,0.065600,0.236102,0.663782,1.164900,0.066279,12.2375
H,0719.HK,山东新华制药股份,医疗保健,医药生物,医疗保健--医药生物--制药--西药,地方国有企业,"8,286,166,330.90","8,100,844,707.33","470,023,746.08","39,739,279.77","9,019,601,567.53",0.056517,22.837853,0.015271,0.276977,0.978877,0.099966,0.489550,0.423647,1.333199,0.039238,7.9683
H,0728.HK,中国电信,通讯服务,电信服务,通讯服务--电信服务--多元电信服务--综合电信业务,中央国有企业,"835,814,000,000.00","513,551,000,000.00","33,012,000,000.00","2,391,000,000.00","866,625,000,000.00",0.040852,27.451672,0.679143,0.515318,0.624943,-0.162205,0.576900,0.464992,0.553207,0.107519,6.6680
H,0747.HK,沈阳公用发展股份,房地产,房地产Ⅱ,房地产--房地产Ⅱ--房地产管理和开发--多元化房地产业务,公众企业,"632,689,000.00","1,498,000.00","-89,243,000.00","1,124,000.00","544,799,000.00",-0.161746,20.265490,0.000003,0.629943,0.002168,0.124867,0.000431,0.331664,1.377271,,-94.9094
H,0753.HK,中国国航,工业,交通运输,工业--交通运输--航空客运Ⅲ--航空客运Ⅳ,中央国有企业,"335,278,694,000.00","141,100,234,000.00","-232,557,000.00","6,398,748,000.00","345,750,173,000.00",0.017834,26.538228,0.123885,0.128314,0.447754,-0.232590,0.351136,0.894822,0.293107,0.028784,166.7423
H,0763.HK,中兴通讯,信息技术,硬件设备,信息技术--硬件设备--通信设备Ⅲ--通信设备Ⅳ,公众企业,"200,958,318,000.00","124,250,878,000.00","8,424,792,000.00","3,447,022,000.00","207,323,230,000.00",0.057262,26.026363,0.159336,0.356631,0.650678,0.375571,0.071288,0.659972,1.908994,0.019928,1.0544
H,0788.HK,中国铁塔,通讯服务,电信服务,通讯服务--电信服务--多元电信服务--综合电信业务,中央国有企业,"326,007,000,000.00","94,009,000,000.00","10,729,000,000.00","2,639,000,000.00","332,834,000,000.00",0.040164,26.510185,0.124322,0.515318,0.297701,0.043401,0.655983,0.393590,1.221306,0.102691,1.9952
H,0811.HK,新华文轩,通讯服务,传媒,通讯服务--传媒--媒体--出版,地方国有企业,"21,787,563,374.32","11,868,490,425.19","1,544,856,196.33","12,441,882.61","22,898,703,360.27",0.068008,23.804605,0.925465,0.859128,0.559321,0.281558,0.111086,0.384320,1.779060,0.008284,8.5834
H,0814.HK,北京京客隆,日常消费,日常消费零售,日常消费--日常消费零售--日常消费品经销与零售--大卖场与超市,地方国有企业,"7,132,044,691.00","9,467,889,370.00","-160,673,531.51","168,689,863.28","6,977,601,312.59",0.001149,22.687864,0.158608,0.216084,1.295274,0.017097,0.117536,0.743009,1.025266,0.005035,-0.7700
H,0840.HK,天业节水,工业,机械,工业--机械--机械Ⅲ--农用农业机械,地方国有企业,"1,219,949,729.65","2,219,335,910.35","-39,535,871.71","4,520,225.95","1,232,947,050.30",-0.028400,20.922075,0.002633,0.179656,1.973304,0.228045,0.093351,0.630583,1.386740,0.011902,50.7291
H,0857.HK,中国石油股份,能源,石油石化,能源--石油石化--石油天然气--综合性石油天然气,中央国有企业,"2,752,448,000,000.00","3,011,012,000,000.00","164,684,000,000.00","20,731,000,000.00","2,752,751,000,000.00",0.067356,28.643512,0.468102,0.458947,1.109860,-0.011076,0.552914,0.407664,0.955752,0.103650,-7.0436
H,0874.HK,白云山,医疗保健,医药生物,医疗保健--医药生物--制药--中药,地方国有企业,"78,586,877,764.09","75,515,403,994.78","2,835,496,163.51","418,151,317.81","81,683,611,520.64",0.039832,25.087471,0.142351,0.276977,0.985505,0.251294,0.086337,0.533283,1.545005,0.020722,6.6780
H,0895.HK,东江环保,工业,环保Ⅱ,工业--环保Ⅱ--环保Ⅲ--环境与设施服务,地方国有企业,"12,161,497,644.55","4,022,468,104.97","-804,185,867.23","198,850,961.59","11,278,479,415.46",-0.053672,23.221541,0.271265,0.296479,0.337067,0.031648,0.441886,0.585421,1.117484,0.035055,3.7126
H,0901.HK,华曦达,信息技术,硬件设备,信息技术--硬件设备--通信设备Ⅲ--通信设备Ⅳ,民营企业,"1,824,763,000.00","2,366,870,000.00","137,228,000.00","6,121,000.00","2,224,758,000.00",0.064434,21.324716,0.003035,0.356631,1.430686,0.446452,0.011177,0.506565,1.882276,0.024367,-6.3852
H,0902.HK,华能国际电力股份,公用事业,公用事业Ⅱ,公用事业--公用事业Ⅱ--电力--电力公用事业,中央国有企业,"550,316,013,000.00","254,396,695,000.00","10,184,633,000.00","7,786,460,000.00","595,576,880,000.00",0.030174,27.033759,0.357359,0.202677,0.478847,-0.133115,0.669935,0.674088,0.553320,0.106634,3.1095
H,0914.HK,海螺水泥,材料,建材Ⅱ,材料--建材Ⅱ--建材Ⅲ--建材Ⅳ,地方国有企业,"246,189,200,000.00","140,999,428,000.00","8,051,954,000.00","778,705,000.00","254,635,244,000.00",0.034680,26.229366,0.283689,0.311192,0.575313,0.291186,0.392783,0.196105,3.416970,0.057547,6.8003
H,0916.HK,龙源电力,公用事业,公用事业Ⅱ,公用事业--公用事业Ⅱ--电力--新能源发电业者,中央国有企业,"229,915,139,000.00","37,638,426,000.00","6,424,515,000.00","3,428,625,000.00","257,367,662,000.00",0.038284,26.160976,0.052872,0.202677,0.166125,-0.114156,0.704648,0.643233,0.631656,0.091825,-5.5773
H,0921.HK,海信家电,可选消费,家电Ⅱ,可选消费--家电Ⅱ--家电Ⅲ--家用电器,公众企业,"65,946,495,555.67","85,600,189,224.06","3,347,881,773.89","149,842,418.36","69,701,939,817.33",0.050181,24.912110,0.118500,0.412657,1.411123,0.016647,0.087636,0.705882,1.024927,0.014938,15.4962
H,0939.HK,建设银行,金融,银行,金融--银行--商业银行--多元化银行,中央国有企业,"38,324,826,000,000.00",,"335,577,000,000.00","651,675,000,000.00","40,571,149,000,000.00",0.024334,31.277119,,,,,0.004367,0.917232,,0.000655,
H,0954.HK,常茂生物,日常消费,食品饮料,日常消费--食品饮料--食品--食品加工与肉类,民营企业,"1,242,496,000.00","637,078,000.00","-68,243,000.00","11,360,000.00","1,249,758,000.00",-0.045515,20.940388,0.002494,0.252100,0.520223,0.010526,0.621691,0.475581,1.040214,0.112008,-12.7331
H,0956.HK,新天绿色能源,公用事业,公用事业Ⅱ,公用事业--公用事业Ⅱ--燃气Ⅲ--燃气Ⅳ,地方国有企业,"79,016,593,096.75","20,281,788,883.53","1,672,367,020.97","1,239,238,614.74","84,016,482,012.66",0.034655,25.092924,0.028490,0.202677,0.259316,-0.072621,0.700270,0.661580,0.693028,0.083245,9.2738
H,0980.HK,联华超市,日常消费,日常消费零售,日常消费--日常消费零售--日常消费品经销与零售--大卖场与超市,地方国有企业,"20,989,143,000.00","21,835,879,000.00","-358,765,000.00","203,573,000.00","19,662,370,000.00",-0.007893,23.767271,0.365799,0.216084,0.994416,-0.405224,0.154185,0.978639,0.471982,0.009687,-11.5290
H,0991.HK,大唐发电,公用事业,公用事业Ⅱ,公用事业--公用事业Ⅱ--电力--电力公用事业,中央国有企业,"304,039,466,000.00","122,404,466,000.00","4,537,854,000.00","5,258,375,000.00","322,623,934,000.00",0.030364,26.440423,0.171946,0.202677,0.401889,-0.167528,0.716034,0.709124,0.441687,0.067751,4.7732
H,0995.HK,安徽皖通高速公路,工业,交通运输,工业--交通运输--交通基础设施--公路与铁路,地方国有企业,"21,776,552,000.00","6,631,337,000.00","1,670,667,000.00","174,490,000.00","24,452,640,000.00",0.075458,23.804100,0.005822,0.128314,0.307561,0.128885,0.055508,0.350435,2.921676,0.005355,27.3698
H,0998.HK,中信银行,金融,银行,金融--银行--商业银行--多元化银行,中央国有企业,"9,052,484,000,000.00",,"68,576,000,000.00","163,112,000,000.00","9,532,722,000,000.00",0.024304,29.834060,,,,,0.004232,0.918843,,0.001494,
H,1000.HK,北青传媒,通讯服务,传媒,通讯服务--传媒--媒体--广告,地方国有企业,"711,611,000.00","200,784,000.00","-2,042,000.00","172,000.00","712,753,000.00",-0.002624,20.383042,0.015656,0.859128,0.283449,0.327759,0.000982,0.107695,4.239088,0.002757,26.7600
H,1021.HK,华沿机器人,工业,机械,工业--机械--机械Ⅲ--工业机械,民营企业,"584,215,000.00","175,380,000.00","17,869,000.00","214,000.00","616,563,000.00",0.029329,20.185780,0.000208,0.179656,0.326096,0.713008,0.021576,0.181697,5.141850,0.006489,60.2493
H,1033.HK,中石化油服,能源,石油石化,能源--石油石化--能源设备与服务--石油天然气设备与服务,中央国有企业,"75,162,974,000.00","79,980,939,000.00","620,631,000.00","749,254,000.00","77,340,105,000.00",0.017712,25.042925,0.012434,0.458947,1.092908,-0.356338,0.349343,0.893256,0.595331,0.055261,8.4154
H,1053.HK,重庆钢铁股份,材料,钢铁Ⅱ,材料--钢铁Ⅱ--钢铁Ⅲ--钢铁Ⅳ,中央国有企业,"37,357,034,682.66","39,318,142,482.09","-3,195,561,486.30","185,550,737.25","35,479,243,942.55",-0.084839,24.343787,0.156174,0.382085,1.024953,-0.209106,0.733554,0.468525,0.436538,0.021853,7.5396
H,1055.HK,中国南方航空股份,工业,交通运输,工业--交通运输--航空客运Ⅲ--航空客运Ⅳ,中央国有企业,"309,596,000,000.00","151,445,000,000.00","-1,769,000,000.00","5,758,000,000.00","329,979,000,000.00",0.012089,26.458534,0.132967,0.128314,0.487085,-0.327837,0.412641,0.830854,0.215852,0.036722,87.1979
H,1057.HK,浙江世宝,可选消费,汽车与零配件,可选消费--汽车与零配件--汽车零配件--汽车零配件与设备,民营企业,"2,650,678,847.84","1,819,442,221.52","149,123,766.76","4,130,493.62","3,264,667,069.57",0.046943,21.698082,0.001273,0.235727,0.721978,0.210861,0.268452,0.449966,1.497603,0.023981,31.2354
H,1065.HK,天津创业环保股份,公用事业,公用事业Ⅱ,公用事业--公用事业Ⅱ--水务Ⅲ--水务Ⅳ,地方国有企业,"24,460,654,000.00","4,665,083,000.00","807,210,626.05","381,723,020.15","25,154,981,695.71",0.047264,23.920332,0.006553,0.202677,0.196713,0.078850,0.069842,0.582359,1.447818,0.068123,3.1603
H,1066.HK,威高股份,医疗保健,医疗设备与服务,医疗保健--医疗设备与服务--医疗保健设备与用品--医疗保健用品,民营企业,"33,670,231,000.00","13,229,453,000.00","2,066,668,000.00","249,572,000.00","34,759,849,000.00",0.066636,24.239880,0.020809,0.881149,0.395700,0.328250,0.193161,0.287421,2.457688,0.020364,-3.7681
H,1071.HK,华电国际电力股份,公用事业,公用事业Ⅱ,公用事业--公用事业Ⅱ--电力--电力公用事业,中央国有企业,"226,476,498,000.00","116,376,064,000.00","5,669,855,000.00","3,241,716,000.00","227,138,590,000.00",0.039234,26.145907,0.163477,0.202677,0.513485,-0.152841,0.626863,0.620701,0.452266,0.046311,9.8298
H,1072.HK,东方电气,工业,电气设备,工业--电气设备--电气设备Ⅲ--重型电气设备,中央国有企业,"121,108,373,341.62","59,566,526,583.78","2,922,100,908.48","107,669,363.23","142,009,284,851.87",0.021335,25.519952,0.069827,0.254719,0.504004,0.036663,0.047941,0.659645,1.062320,0.009166,9.9222
H,1075.HK,首都信息,信息技术,软件服务,信息技术--软件服务--信息技术服务--互联网服务与基础架构,地方国有企业,"2,496,823,399.03","1,425,581,774.41","-13,781,409.57","2,583,341.38","2,362,293,370.20",-0.004740,21.638285,0.013345,0.599444,0.565992,0.132337,0.050286,0.518263,1.261829,0.102324,0.1847
H,1081.HK,大金重工,工业,电气设备,工业--电气设备--电气设备Ⅲ--重型电气设备,民营企业,"10,224,814,000.00","4,325,082,000.00","473,875,000.00","5,633,000.00","11,561,950,000.00",0.041473,23.048083,0.005070,0.254719,0.402634,0.426276,0.234889,0.323786,2.485150,0.040427,-14.9893
H,1088.HK,中国神华,能源,煤炭Ⅱ,能源--煤炭Ⅱ--煤炭Ⅲ--煤炭与消费用燃料,中央国有企业,"633,412,000,000.00","343,074,000,000.00","62,421,000,000.00","2,700,000,000.00","661,436,000,000.00",0.098454,27.174387,0.520286,0.382701,0.545172,0.169504,0.489088,0.239593,2.172310,0.058546,-0.4235
H,1099.HK,国药控股,医疗保健,医疗设备与服务,医疗保健--医疗设备与服务--医疗保健提供商与服务--保健护理产品经销商,中央国有企业,"383,394,844,000.00","596,569,565,000.00","7,049,683,000.00","2,945,212,000.00","392,831,244,000.00",0.025443,26.672331,0.938352,0.881149,1.594743,0.248685,0.032555,0.686175,1.394816,0.006093,8.0453
H,1108.HK,凯盛新能,工业,电气设备,工业--电气设备--电气设备Ⅲ--光伏设备,中央国有企业,"12,427,698,664.06","6,595,249,704.60","-609,930,319.66","114,118,529.96","12,305,210,394.10",-0.040293,23.243194,0.007731,0.254719,0.573660,0.012854,0.540724,0.593388,1.038452,0.150048,31.1154
H,1122.HK,庆铃汽车股份,可选消费,汽车与零配件,可选消费--汽车与零配件--汽车--汽车制造,地方国有企业,"9,984,490,000.00","3,596,535,000.00","-55,097,000.00","2,189,000.00","10,183,928,000.00",-0.005195,23.024299,0.002517,0.235727,0.353752,0.315780,0.121428,0.225072,2.417963,0.017463,10.7280
H,1133.HK,哈尔滨电气,工业,电气设备,工业--电气设备--电气设备Ⅲ--重型电气设备,中央国有企业,"71,296,954,272.71","29,250,349,896.53","1,685,571,289.41","164,687,835.93","71,946,155,154.17",0.025717,24.990119,0.034289,0.254719,0.434689,0.108802,0.079221,0.795394,1.146724,0.015294,17.0751
H,1138.HK,中远海能,工业,交通运输,工业--交通运输--海上运输Ⅲ--海上运输Ⅳ,中央国有企业,"72,083,612,000.00","21,912,456,000.00","4,038,089,000.00","1,387,805,000.00","81,042,317,000.00",0.066951,25.001093,0.019239,0.128314,0.312291,0.010305,0.694340,0.485274,1.085128,0.078267,18.0196
H,1157.HK,中联重科,工业,机械,工业--机械--机械Ⅲ--建筑机械与重型卡车,公众企业,"130,825,000,000.00","47,075,000,000.00","3,521,000,000.00","571,000,000.00","123,712,000,000.00",0.033077,25.597126,0.055851,0.179656,0.370171,0.214103,0.132727,0.548015,1.560245,0.014149,13.0768
H,1171.HK,兖矿能源,能源,煤炭Ⅱ,能源--煤炭Ⅱ--煤炭Ⅲ--煤炭与消费用燃料,地方国有企业,"414,317,629,000.00","118,434,270,000.00","14,056,067,000.00","4,137,324,000.00","356,350,370,000.00",0.051055,26.749899,0.179610,0.382701,0.327655,-0.057889,0.316449,0.597567,0.806057,0.064969,-23.3938
H,1186.HK,中国铁建,工业,建筑,工业--建筑--建筑与工程Ⅲ--建筑与工程Ⅳ,中央国有企业,"1,663,019,578,000.00","1,137,993,486,000.00","22,215,074,000.00","9,635,257,000.00","1,862,842,522,000.00",0.017098,28.139656,0.264661,0.218050,0.714154,0.040108,0.047552,0.749179,1.066830,0.020998,3.8019
H,1187.HK,可孚医疗,医疗保健,医疗设备与服务,医疗保健--医疗设备与服务--医疗保健设备与用品--医疗保健设备,民营企业,"6,244,191,000.00","2,853,695,000.00","311,751,000.00","17,912,000.00","6,422,667,000.00",0.051328,22.554917,0.004489,0.881149,0.450998,0.439502,0.257478,0.213958,3.526082,0.059772,-3.5025
H,1202.HK,四威科技,信息技术,硬件设备,信息技术--硬件设备--通信设备Ⅲ--通信设备Ⅳ,中央国有企业,"995,768,004.39","403,641,154.18","1,149,744.65","65,109.12","1,004,717,519.26",0.001209,20.719025,0.000518,0.356631,0.400882,0.685518,0.115586,0.131249,11.063919,0.013094,32.7708
H,1211.HK,比亚迪股份,可选消费,汽车与零配件,可选消费--汽车与零配件--汽车--汽车制造,民营企业,"679,547,670,000.00","602,315,354,000.00","40,254,346,000.00","2,093,781,000.00","783,355,855,000.00",0.054060,27.244693,0.421488,0.235727,1.026608,-0.223009,0.390263,0.778585,0.665955,0.179669,42.0352
H,1216.HK,中原银行,金融,银行,金融--银行--商业银行--区域性银行,公众企业,"1,346,446,497,000.00",,"3,445,905,000.00","26,492,951,000.00","1,365,196,973,000.00",0.021930,27.928490,,,,,0.005756,0.928042,,0.000626,
H,1236.HK,乐动机器人,信息技术,硬件设备,信息技术--硬件设备--电子设备、仪器和元件--电子制造服务,民营企业,"600,144,000.00","276,562,000.00","-56,483,000.00","469,000.00","652,644,000.00",-0.085826,20.212680,0.000355,0.356631,0.457882,0.436960,0.044639,0.246398,2.884673,0.010014,18.2728
H,1265.HK,天津津燃公用,公用事业,公用事业Ⅱ,公用事业--公用事业Ⅱ--燃气Ⅲ--燃气Ⅳ,地方国有企业,"2,177,398,537.03","1,780,527,288.76","-46,329,130.88","93,227.79","2,030,748,022.71",-0.022768,21.501397,0.002501,0.202677,0.760795,0.198243,0.371456,0.343375,1.663936,0.059113,0.0095
H,1272.HK,大唐环境,工业,环保Ⅱ,工业--环保Ⅱ--环保Ⅲ--环境与设施服务,中央国有企业,"18,045,122,000.00","5,720,131,000.00","549,061,000.00","144,618,000.00","15,348,073,000.00",0.045196,23.616141,0.385752,0.296479,0.314350,0.111607,0.354848,0.596477,1.230456,0.035533,7.4663
H,1274.HK,知行科技,信息技术,软件服务,信息技术--软件服务--信息技术服务--互联网服务与基础架构,民营企业,"1,672,552,000.00","1,216,287,000.00","-288,339,000.00","5,254,000.00","1,560,922,000.00",-0.181358,21.237616,0.011386,0.599444,0.831947,0.596951,0.056347,0.328148,2.957963,0.050415,-8.2658
H,1276.HK,恒瑞医药,医疗保健,医药生物,医疗保健--医药生物--制药--西药,民营企业,"43,784,507,000.00","22,819,785,000.00","6,336,527,000.00","5,559,000.00","50,135,644,000.00",0.126499,24.502546,0.043017,0.276977,0.529736,0.656255,0.157327,0.062840,12.252012,0.033888,8.2282
H,1288.HK,农业银行,金融,银行,金融--银行--商业银行--多元化银行,中央国有企业,"39,872,989,000,000.00",,"282,083,000,000.00","694,988,000,000.00","43,238,135,000,000.00",0.022597,31.316720,,,,,0.003931,0.927348,,0.000723,
H,1289.HK,盛力达科技,工业,机械,工业--机械--机械Ⅲ--工业机械,民营企业,"1,029,125,000.00","313,265,000.00","49,539,000.00",,"1,063,564,000.00",,20.751975,0.000372,0.179656,0.317253,0.451030,0.083867,0.345346,2.306024,0.006146,50.5734
H,1292.HK,长安民生物流,工业,交通运输,工业--交通运输--航空运输--航空货运与物流,国有企业,"5,174,411,768.52","7,968,998,231.49","59,943,006.45","13,967,111.72","5,196,726,047.16",0.014222,22.366992,0.006997,0.128314,1.579478,0.181734,0.142650,0.576848,1.344514,0.033227,3.2227
H,1304.HK,峰岹科技,信息技术,半导体,信息技术--半导体--半导体产品--集成电路,民营企业,"2,493,688,000.00","411,359,000.00","222,362,000.00","283,000.00","2,649,251,000.00",0.084041,21.637029,0.009777,0.283838,0.169053,0.752888,0.004372,0.041132,21.192377,0.010160,28.5025
H,1318.HK,毛戈平,日常消费,家庭用品,日常消费--家庭用品--美容护理Ⅲ--美容护理Ⅳ,民营企业,"2,094,568,000.00","2,885,964,000.00","880,611,000.00","5,289,000.00","4,473,469,000.00",0.198034,21.462613,0.341710,0.376523,1.581143,0.557973,0.080194,0.260952,3.208012,0.097729,57.7795
H,1330.HK,绿色动力环保,工业,环保Ⅱ,工业--环保Ⅱ--环保Ⅲ--环境与设施服务,地方国有企业,"22,537,265,642.95","3,955,548,511.61","585,082,147.27","453,395,045.98","21,988,772,935.44",0.047228,23.838436,0.266752,0.296479,0.174967,-0.005661,0.014635,0.632877,0.968032,0.032042,-13.3907
H,1333.HK,博雷顿,工业,电气设备,工业--电气设备--电气设备Ⅲ--电气部件与设备,民营企业,"1,421,814,904.00","463,738,031.00","-274,547,480.00","9,186,683.00","1,438,339,429.00",-0.184491,21.075200,0.000544,0.254719,0.394732,0.495340,0.068434,0.351322,2.648692,0.119787,28.7781
H,1336.HK,新华保险,金融,非银金融,金融--非银金融--保险--人寿与健康保险,中央国有企业,"1,403,257,000,000.00",,"26,229,000,000.00","3,166,000,000.00","1,692,297,000,000.00",0.017370,27.969817,,0.788067,,,0.012840,0.925109,,0.001489,
H,1339.HK,中国人民保险集团,金融,非银金融,金融--非银金融--保险--财产与意外伤害保险,中央国有企业,"1,556,682,000,000.00",,"42,151,000,000.00","3,245,000,000.00","1,766,321,000,000.00",0.025701,28.073578,,0.788067,,,0.021008,0.786146,,0.002295,
H,1349.HK,复旦张江,医疗保健,医药生物,医疗保健--医药生物--制药--西药,公众企业,"2,876,687,507.00","850,733,212.00","39,733,896.00","591,615.00","2,586,502,623.00",0.015591,21.779905,0.001604,0.276977,0.290715,0.474298,0.159370,0.180111,3.701693,0.034403,-17.4974
H,1354.HK,经发物业,房地产,房地产Ⅱ,房地产--房地产Ⅱ--房地产管理和开发--房地产经营公司,地方国有企业,"649,873,000.00","862,247,000.00","59,031,000.00","63,000.00","806,667,000.00",0.073257,20.292288,0.001459,0.629943,1.450426,0.028279,0.095614,0.812326,1.036009,0.078954,21.9903
H,1359.HK,中国信达,金融,非银金融,金融--非银金融--资本市场--资产管理与托管银行,中央国有企业,"1,594,357,447,000.00",,"3,036,354,000.00",,"1,638,960,257,000.00",,28.097492,,0.788067,,,0.008326,0.863797,,0.000531,
H,1375.HK,中州证券,金融,非银金融,金融--非银金融--资本市场--投资银行业与经纪业,地方国有企业,"51,701,683,772.46",,"245,847,400.51","583,403,257.39","51,614,348,080.07",0.016066,24.668756,,0.788067,,,0.007230,0.726305,,0.002890,
H,1379.HK,温岭工量刃具,房地产,房地产Ⅱ,房地产--房地产Ⅱ--房地产管理和开发--房地产经营公司,地方国有企业,"1,130,184,000.00","96,802,000.00","15,070,000.00",,"1,116,176,000.00",,20.845646,0.000164,0.629943,0.084171,-0.005828,0.006477,0.287604,0.921908,0.001176,-58.0690
H,1384.HK,滴普科技,信息技术,软件服务,信息技术--软件服务--信息技术服务--信息科技咨询与其它服务,民营企业,"464,976,000.00","129,040,000.00","-1,254,990,000.00","382,000.00","424,816,000.00",-2.953297,19.957496,0.001208,0.599444,0.229110,-5.266184,0.015553,6.212966,0.150955,0.005813,28.4389
H,1385.HK,上海复旦,信息技术,半导体,信息技术--半导体--半导体产品--集成电路,公众企业,"8,411,350,886.39","3,536,259,423.60","572,595,101.31","42,712,216.50","9,041,112,799.09",0.068057,22.852848,0.084051,0.283838,0.487013,0.482439,0.189757,0.291231,3.159270,0.101165,-0.0749
H,1398.HK,工商银行,金融,银行,金融--银行--商业银行--多元化银行,中央国有企业,"44,697,079,000,000.00",,"365,863,000,000.00","790,543,000,000.00","48,821,746,000,000.00",0.023686,31.430929,,,,,0.006687,0.915507,,0.000698,
H,1456.HK,国联民生,金融,非银金融,金融--非银金融--资本市场--投资银行业与经纪业,地方国有企业,"87,128,874,000.00",,"397,419,000.00","1,321,469,000.00","97,208,144,000.00",0.017683,25.190654,,0.788067,,,0.001269,0.791991,,0.002279,
H,1459.HK,巨匠建设,工业,建筑,工业--建筑--建筑与工程Ⅲ--建筑与工程Ⅳ,民营企业,"6,825,376,000.00","8,315,073,000.00","5,019,000.00","30,951,000.00","6,314,587,000.00",0.005696,22.643913,0.001934,0.218050,1.248362,0.186622,0.019012,0.759848,1.252351,0.002206,-2.7658
H,1461.HK,中泰期货,金融,非银金融,金融--非银金融--资本市场--投资银行业与经纪业,地方国有企业,"30,126,389,234.78",,"4,529,834.45","282,365,203.73","33,757,140,066.29",0.008499,24.128667,,0.788067,,,0.001568,0.915015,,0.000716,
H,1471.HK,众淼控股,金融,非银金融,金融--非银金融--保险--保险经纪商,集体企业,"389,952,000.00","174,011,000.00","46,657,000.00","28,000.00","635,393,000.00",0.073474,19.781534,0.018270,0.788067,0.485351,0.570722,0.000831,0.068555,9.325066,0.000500,17.2597
H,1476.HK,金融街证券,金融,非银金融,金融--非银金融--资本市场--投资银行业与经纪业,地方国有企业,"31,202,650,000.00",,"176,283,000.00","405,233,000.00","39,981,081,000.00",0.014545,24.163769,,0.788067,,,0.010761,0.737520,,0.002533,
H,1497.HK,燕之屋,日常消费,日常消费零售,日常消费--日常消费零售--日常消费品经销与零售--食品零售,民营企业,"1,469,993,000.00","1,964,237,000.00","156,295,000.00","6,950,000.00","1,486,614,000.00",0.109810,21.108523,0.032905,0.216084,1.604541,0.404347,0.129233,0.457870,2.061178,0.016565,13.5433
H,1501.HK,瑛泰医疗,医疗保健,医疗设备与服务,医疗保健--医疗设备与服务--医疗保健设备与用品--医疗保健设备,公众企业,"2,029,626,000.00","752,836,000.00","191,914,000.00","2,430,000.00","2,259,881,000.00",0.085997,21.431117,0.001184,0.881149,0.390378,0.200756,0.388782,0.173060,2.286057,0.113910,28.4960
H,1502.HK,金融街物业,房地产,房地产Ⅱ,房地产--房地产Ⅱ--房地产管理和开发--房地产经营公司,地方国有企业,"2,102,900,000.00","1,514,476,000.00","116,066,000.00","4,017,000.00","2,329,501,000.00",0.051549,21.466583,0.002562,0.629943,0.738005,0.528308,0.011947,0.380398,2.515462,0.006199,9.0972
H,1508.HK,中国再保险,金融,非银金融,金融--非银金融--保险--再保险,中央国有企业,"459,727,587,000.00",,"10,556,993,000.00","2,288,478,000.00","508,347,105,000.00",0.025269,26.853900,,0.788067,,,0.007984,0.777740,,0.000937,
H,1511.HK,驭势科技,信息技术,软件服务,信息技术--软件服务--信息技术服务--信息科技咨询与其它服务,公众企业,"846,494,000.00","161,363,000.00","-207,511,000.00","3,076,000.00","667,782,000.00",-0.306140,20.556614,0.001511,0.599444,0.215996,0.625813,0.038633,0.253792,3.803858,0.035159,146.4197
H,1513.HK,丽珠医药,医疗保健,医药生物,医疗保健--医药生物--制药--西药,民营企业,"25,044,827,127.75","12,430,038,325.82","2,061,095,803.97","88,606,560.78","24,455,825,697.18",0.087901,23.943933,0.023431,0.276977,0.498102,0.366504,0.183013,0.410389,2.135017,0.032759,-1.5799
H,1527.HK,天洁环境,工业,环保Ⅱ,工业--环保Ⅱ--环保Ⅲ--环境与设施服务,民营企业,"1,796,856,000.00","620,134,000.00","84,637,000.00","8,962,000.00","2,045,036,000.00",0.045769,21.309304,0.041820,0.296479,0.372164,0.326472,0.035491,0.515722,1.633040,0.030707,31.2533
H,1528.HK,红星美凯龙,工业,企业服务,工业--企业服务--商业服务与用品--综合支持服务,地方国有企业,"124,186,609,000.00","11,514,983,000.00","-3,492,042,000.00","2,531,193,000.00","118,635,369,000.00",-0.008099,25.545051,0.501817,0.355947,0.090787,-0.149838,0.023985,0.555966,0.349182,0.002829,-18.5548
H,1541.HK,宜明昂科-B,医疗保健,医药生物,医疗保健--医药生物--生物科技Ⅲ--生物科技Ⅳ,民营企业,"874,590,000.00","386,000.00","-315,855,000.00","3,449,000.00","921,996,000.00",-0.338837,20.589266,0.000001,0.276977,0.000450,0.652640,0.067640,0.144414,5.924526,0.003077,-28.2528
H,1542.HK,台州水务,公用事业,公用事业Ⅱ,公用事业--公用事业Ⅱ--水务Ⅲ--水务Ⅳ,地方国有企业,"5,902,992,000.00","606,347,000.00","-95,580,000.00","136,825,000.00","5,695,815,000.00",0.007241,22.498725,0.000852,0.202677,0.104178,-0.121820,0.733843,0.817403,0.471063,0.045567,11.7363
H,1543.HK,中盈盛达融资担保,金融,非银金融,金融--非银金融--金融服务--特殊金融服务,公众企业,"3,788,238,000.00",,"42,179,000.00","37,982,000.00","3,884,585,000.00",0.020636,22.055167,,0.788067,,,0.005106,0.378142,,0.001912,
H,1551.HK,广州农商银行,金融,银行,金融--银行--商业银行--区域性银行,公众企业,"1,314,042,450,000.00",,"2,080,674,000.00","24,345,234,000.00","1,362,407,921,000.00",0.019396,27.904129,,,,,0.002213,0.926531,,0.000381,
H,1576.HK,齐鲁高速,工业,交通运输,工业--交通运输--交通基础设施--公路与铁路,地方国有企业,"14,507,032,000.00","5,608,829,000.00","484,586,000.00","72,843,000.00","21,075,618,000.00",0.026449,23.397899,0.004924,0.128314,0.450154,0.012593,0.028524,0.582822,1.106060,0.305488,91.3431
H,1577.HK,汇鑫小贷,金融,非银金融,金融--非银金融--消费信贷Ⅲ--消费信贷Ⅳ,民营企业,"1,302,877,545.00",,"91,713,602.00","438,232.00","1,239,109,489.00",0.074369,20.987841,,0.788067,,,0.006182,0.026369,,0.000198,
H,1578.HK,天津银行,金融,银行,金融--银行--商业银行--区域性银行,公众企业,"840,771,460,000.00",,"3,801,630,000.00","19,670,894,000.00","925,993,655,000.00",0.025348,27.457586,,,,,0.002642,0.922655,,0.000587,
H,1588.HK,畅捷通,信息技术,软件服务,信息技术--软件服务--软件--应用软件,民营企业,"1,585,582,000.00","800,621,000.00","33,464,000.00","216,000.00","1,694,662,000.00",0.019874,21.184217,0.007495,0.599444,0.515804,0.450317,0.002110,0.451521,2.291650,0.000701,17.7126
H,1596.HK,翼辰实业,工业,机械,工业--机械--机械Ⅲ--工业机械,民营企业,"3,439,192,406.28","1,196,146,498.76","-50,828,456.99","18,054,168.77","3,501,497,343.98",-0.009360,21.958503,0.001419,0.179656,0.340074,0.332376,0.252053,0.279219,2.419637,0.027526,-4.9369
H,1599.HK,城建设计,工业,建筑,工业--建筑--建筑与工程Ⅲ--建筑与工程Ⅳ,地方国有企业,"24,849,539,000.00","10,361,699,000.00","516,907,000.00","282,016,000.00","24,541,927,000.00",0.032553,23.936105,0.002410,0.218050,0.424714,0.056615,0.057824,0.693008,1.117258,0.019813,-0.6844
H,1601.HK,中关村科技租赁,金融,非银金融,金融--非银金融--消费信贷Ⅲ--消费信贷Ⅳ,地方国有企业,"12,414,873,000.00","833,627,000.00","271,038,000.00","286,057,000.00","13,055,814,000.00",0.042670,23.242161,0.087526,0.788067,0.071465,-0.057959,0.002897,0.806664,0.909125,0.002560,12.1754
H,1606.HK,国银金租,金融,非银金融,金融--非银金融--金融服务--特殊金融服务,中央国有企业,"409,694,903,000.00",,"4,502,988,000.00","12,978,413,000.00","405,850,330,000.00",0.043074,26.738679,,0.788067,,,0.289582,0.909001,,0.049201,
H,1609.HK,天星医疗,医疗保健,医疗设备与服务,医疗保健--医疗设备与服务--医疗保健设备与用品--医疗保健用品,民营企业,"451,278,000.00","238,542,000.00","95,389,000.00","352,000.00","617,334,000.00",0.155088,19.927594,0.000375,0.881149,0.597699,0.741492,0.066567,0.169541,5.744686,0.047095,62.7207
H,1618.HK,中国中冶,工业,建筑,工业--建筑--建筑与工程Ⅲ--建筑与工程Ⅳ,中央国有企业,"661,602,236,000.00","633,870,422,000.00","6,745,954,000.00","3,392,681,000.00","808,015,755,000.00",0.012548,27.217930,0.147418,0.218050,1.016643,0.053379,0.047697,0.746084,1.078686,0.006946,6.9518
H,1635.HK,大众公用,公用事业,公用事业Ⅱ,公用事业--公用事业Ⅱ--燃气Ⅲ--燃气Ⅳ,其他企业,"22,521,687,000.00","6,335,775,000.00","233,149,000.00","258,017,000.00","22,697,233,000.00",0.021640,23.837745,0.008900,0.202677,0.276867,-0.015015,0.235368,0.570169,0.960038,0.017489,9.0003
H,1641.HK,红星冷链,工业,企业服务,工业--企业服务--商业服务与用品--综合支持服务,其他企业,"1,289,104,000.00","201,760,000.00","82,880,000.00","1,166,000.00","1,211,953,000.00",0.069348,20.977213,0.008793,0.355947,0.181462,-0.072443,0.563150,0.316169,0.581711,0.180792,-14.7743
H,1658.HK,邮储银行,金融,银行,金融--银行--商业银行--多元化银行,中央国有企业,"15,726,631,000,000.00",,"86,479,000,000.00","222,120,000,000.00","17,084,910,000,000.00",0.018063,30.386377,,,,,0.003511,0.939172,,0.000824,
H,1666.HK,同仁堂科技,医疗保健,医药生物,医疗保健--医药生物--制药--中药,地方国有企业,"13,507,742,000.00","6,773,463,000.00","521,795,000.00","64,461,000.00","14,408,591,000.00",0.040688,23.326529,0.012768,0.276977,0.521186,0.578928,0.190220,0.285455,4.492816,0.007654,13.0448
H,1671.HK,天保能源,公用事业,公用事业Ⅱ,公用事业--公用事业Ⅱ--电力--电力公用事业,地方国有企业,"1,089,093,000.00","785,003,000.00","4,530,000.00","17,039,000.00","1,070,774,000.00",0.020143,20.808611,0.001103,0.202677,0.729048,-0.037727,0.601759,0.578740,0.895223,0.068205,10.0070
H,1697.HK,山东国信,金融,非银金融,金融--非银金融--资本市场--资产管理与托管银行,地方国有企业,"14,168,884,311.21",,"142,794,885.05","57,607,062.14","14,279,337,691.82",0.014034,23.374314,,0.788067,,,0.003009,0.217343,,,
H,1708.HK,三宝科技,信息技术,硬件设备,信息技术--硬件设备--电子设备、仪器和元件--电子设备和仪器,民营企业,"2,874,452,654.75","493,541,069.55","-420,592,151.70","27,069,007.64","2,386,292,423.53",-0.164910,21.779128,0.000633,0.356631,0.168078,0.352902,0.017576,0.431834,1.900545,0.001150,-3.7303
H,1713.HK,四川能投发展,公用事业,公用事业Ⅱ,公用事业--公用事业Ⅱ--电力--电力公用事业,地方国有企业,"6,324,835,385.59","4,160,192,577.95","400,024,969.52","16,406,800.27","7,361,549,780.96",0.056568,22.567750,0.005844,0.202677,0.725224,-0.054395,0.658594,0.461830,0.819595,0.175697,25.5621
H,1727.HK,河北建设,工业,建筑,工业--建筑--建筑与工程Ⅲ--建筑与工程Ⅳ,民营企业,"64,885,597,000.00","33,492,866,000.00","170,709,000.00","381,036,000.00","61,835,035,000.00",0.008923,24.895892,0.007789,0.218050,0.505486,0.038568,0.017229,0.904018,1.044851,0.000688,-16.2804
H,1749.HK,杉杉品牌,可选消费,纺织服装Ⅱ,可选消费--纺织服装Ⅱ--纺织服装Ⅲ--服装、服饰与奢侈品,公众企业,"726,389,551.00","1,060,045,974.00","33,173,528.00","5,634,254.00","819,550,761.00",0.047353,20.403597,0.043359,0.702042,1.427703,0.237395,0.020101,0.650635,1.382427,0.022241,20.2958
H,1763.HK,中国同辐,医疗保健,医疗设备与服务,医疗保健--医疗设备与服务--医疗保健设备与用品--医疗保健用品,中央国有企业,"13,191,710,000.00","6,634,992,000.00","406,645,000.00","48,423,000.00","14,767,361,000.00",0.030816,23.302854,0.010436,0.881149,0.533418,0.298714,0.252372,0.458802,1.926333,0.068044,7.8238
H,1766.HK,中国中车,工业,机械,工业--机械--机械Ⅲ--建筑机械与重型卡车,中央国有企业,"471,791,735,000.00","234,261,514,000.00","12,387,514,000.00","1,196,993,000.00","512,823,630,000.00",0.026490,26.879803,0.277933,0.179656,0.512645,0.136035,0.136917,0.583453,1.256302,0.017177,5.0789
H,1768.HK,鸣鸣很忙,可选消费,可选消费零售,可选消费--可选消费零售--多品类零售Ⅲ--多品类零售Ⅳ,民营企业,"6,698,734,000.00","10,295,318,000.00","833,701,000.00","7,006,000.00","10,168,219,000.00",0.082680,22.625184,0.087522,0.369507,2.698024,0.189804,0.007972,0.314077,1.783067,0.019271,140.2224
H,1772.HK,赣锋锂业,材料,有色金属,材料--有色金属--其他金属与采矿--金属非金属,民营企业,"91,697,901,000.00","32,812,017,000.00","-2,068,512,000.00","1,090,748,000.00","100,832,297,000.00",-0.009697,25.241765,0.023188,0.224317,0.384086,0.086295,0.258343,0.429476,1.390360,0.094289,-20.6877
H,1776.HK,广发证券,金融,非银金融,金融--非银金融--资本市场--投资银行业与经纪业,公众企业,"682,181,679,000.00",,"9,636,830,000.00","10,225,907,000.00","758,745,109,000.00",0.026178,27.248562,,0.788067,,,0.004735,0.793786,,0.001380,
H,1779.HK,天辰生物-B,医疗保健,医药生物,医疗保健--医药生物--生物科技Ⅲ--生物科技Ⅳ,民营企业,"145,475,000.00",,"-137,321,000.00","30,993,000.00","148,909,000.00",-0.714047,18.795515,,0.276977,,0.441155,0.074116,2.331425,2.049587,0.016993,
H,1785.HK,成都高速,工业,交通运输,工业--交通运输--交通基础设施--公路与铁路,地方国有企业,"9,254,746,976.00","2,894,040,981.00","519,517,638.00","101,603,305.00","9,041,947,811.00",0.068693,22.948402,0.002541,0.128314,0.314880,0.170272,0.047265,0.427070,2.436901,0.013715,11.4540
H,1786.HK,铁建装备,工业,机械,工业--机械--机械Ⅲ--建筑机械与重型卡车,中央国有企业,"9,058,899,329.31","3,099,977,185.20","128,205,804.33","524,103.56","9,150,875,378.73",0.014067,22.927013,0.003678,0.179656,0.351539,0.401930,0.164120,0.351318,2.149735,0.003115,9.8536
H,1787.HK,山东黄金,材料,有色金属,材料--有色金属--贵金属--黄金,地方国有企业,"135,018,841,000.00","59,275,275,000.00","2,898,680,000.00","2,020,016,000.00","161,010,475,000.00",0.030549,25.628680,0.041890,0.224317,0.524015,-0.154502,0.372970,0.605257,0.578511,0.079842,17.8300
H,1798.HK,大唐新能源,公用事业,公用事业Ⅱ,公用事业--公用事业Ⅱ--电力--新能源发电业者,中央国有企业,"101,545,305,000.00","12,802,292,000.00","2,377,953,000.00","1,617,556,000.00","115,544,532,000.00",0.034580,25.343771,0.017984,0.202677,0.128606,0.034102,0.709691,0.645892,1.181827,0.064163,2.4247
H,1799.HK,新特能源,工业,电气设备,工业--电气设备--电气设备Ⅲ--光伏设备,民营企业,"85,929,456,765.50","30,751,795,719.24","-3,904,879,436.49","711,250,981.25","81,680,586,196.76",-0.039099,25.176793,0.036049,0.254719,0.372319,0.093974,0.562713,0.520166,1.344424,0.094395,-16.5066
H,1800.HK,中国交通建设,工业,建筑,工业--建筑--建筑与工程Ⅲ--建筑与工程Ⅳ,中央国有企业,"1,684,262,000,000.00","755,646,000,000.00","23,854,000,000.00","22,002,000,000.00","1,858,272,000,000.00",0.024677,28.152349,0.175739,0.218050,0.472927,-0.045148,0.044590,0.727403,0.900232,0.023113,5.0845
H,1812.HK,晨鸣纸业,材料,造纸与包装,材料--造纸与包装--纸与林业产品--纸制品,地方国有企业,"79,487,052,953.58","26,608,570,228.20","-7,410,784,491.65","1,869,661,335.22","63,509,295,142.08",-0.087249,25.098860,0.958821,0.920315,0.324915,-0.266859,0.428320,0.734575,0.573869,0.003955,-16.8596
H,1816.HK,中广核电力,公用事业,公用事业Ⅱ,公用事业--公用事业Ⅱ--电力--独立电力生产商与能源贸易商,中央国有企业,"415,250,356,776.35","82,548,643,150.32","10,813,873,224.82","5,524,691,866.40","425,400,654,520.48",0.038407,26.752147,0.115959,0.202677,0.200296,-0.011078,0.729698,0.601917,0.940557,0.034307,-0.3305
H,1818.HK,招金矿业,材料,有色金属,材料--有色金属--贵金属--黄金,地方国有企业,"46,867,396,000.00","8,423,618,000.00","1,450,799,000.00","544,594,000.00","53,567,945,000.00",0.037250,24.570588,0.005953,0.224317,0.181632,0.016924,0.351950,0.525377,1.064782,0.038267,6.8234
H,1835.HK,瑞威资管,金融,非银金融,金融--非银金融--资本市场--资产管理与托管银行,民营企业,"334,150,000.00",,"-13,105,000.00","1,756,000.00","289,841,000.00",-0.039156,19.627101,,0.788067,,,0.002562,0.182897,,0.001682,
H,1847.HK,云南建投混凝土,材料,建材Ⅱ,材料--建材Ⅱ--建材Ⅲ--建材Ⅳ,地方国有企业,"4,455,751,000.00","1,405,775,000.00","-112,036,650.26","20,483,325.50","3,883,403,330.88",-0.023576,22.217461,0.002828,0.311192,0.302754,0.233280,0.052964,0.703712,1.338014,0.021489,-16.3571
H,1853.HK,春城热力,公用事业,公用事业Ⅱ,公用事业--公用事业Ⅱ--复合型公用事业Ⅲ--复合型公用事业Ⅳ,地方国有企业,"3,006,592,883.45","1,694,416,835.88","99,899,660.72","9,255,842.25","3,745,836,079.66",0.029140,21.824073,0.002380,0.202677,0.560548,0.013435,0.303451,0.670775,1.021240,0.009700,2.3999
H,1858.HK,春立医疗,医疗保健,医疗设备与服务,医疗保健--医疗设备与服务--医疗保健设备与用品--医疗保健设备,民营企业,"3,649,560,924.88","1,208,523,845.88","124,988,009.59","44,939.07","3,465,734,982.98",0.036077,22.017873,0.001901,0.881149,0.342391,0.638073,0.126883,0.211073,4.441378,0.009108,0.5759
H,1877.HK,君实生物,医疗保健,医药生物,医疗保健--医药生物--制药--西药,民营企业,"11,362,464,000.00","1,502,550,000.00","-1,282,398,000.00","51,352,000.00","10,800,088,000.00",-0.113985,23.153581,0.002832,0.276977,0.125533,0.270599,0.333502,0.353995,2.242213,0.073274,3.3751
H,1879.HK,曦智科技-P,信息技术,硬件设备,信息技术--硬件设备--电子设备、仪器和元件--电子元件,公众企业,"870,179,000.00","38,235,000.00","-735,280,000.00","3,181,000.00","1,183,203,000.00",-0.618743,20.584209,0.000049,0.356631,,-2.747944,0.026536,3.789102,0.248442,0.049684,
H,1880.HK,中国中免,可选消费,可选消费零售,可选消费--可选消费零售--经销商Ⅲ--经销商Ⅳ,中央国有企业,"78,662,313,000.00","67,540,105,000.00","4,323,643,000.00","202,501,000.00","76,108,344,000.00",0.059470,25.088430,0.574169,0.369507,0.875546,0.548259,0.107205,0.250282,3.813539,0.022903,24.0797
H,1898.HK,中煤能源,能源,煤炭Ⅱ,能源--煤炭Ⅱ--煤炭Ⅲ--煤炭与消费用燃料,中央国有企业,"349,155,327,000.00","185,814,530,000.00","18,155,988,000.00","2,534,892,000.00","357,794,496,000.00",0.057829,26.578783,0.281795,0.382701,0.539553,0.061607,0.365746,0.477243,1.219139,0.050336,-12.9006
H,1905.HK,海通恒信,金融,非银金融,金融--非银金融--金融服务--特殊金融服务,地方国有企业,"123,351,128,000.00","8,411,735,000.00","1,509,321,000.00","3,056,795,000.00","111,296,780,000.00",0.041026,25.538301,0.883182,0.788067,0.067874,0.047257,0.057784,0.835872,1.108219,0.001040,-1.3246
H,1915.HK,泰和小贷,金融,非银金融,金融--非银金融--消费信贷Ⅲ--消费信贷Ⅳ,民营企业,"886,917,645.00",,,,,,20.603263,,0.788067,,,0.000706,0.017128,,0.000042,
H,1916.HK,江西银行,金融,银行,金融--银行--商业银行--区域性银行,公众企业,"552,345,363,000.00",,"1,056,922,000.00","10,823,285,000.00","573,634,744,000.00",0.020710,27.037439,,,,,0.003606,0.913944,,0.000298,
H,1919.HK,中远海控,工业,交通运输,工业--交通运输--海上运输Ⅲ--海上运输Ⅳ,中央国有企业,"462,429,381,000.00","175,447,747,000.00","49,172,465,000.00","3,058,232,000.00","497,472,214,000.00",0.104992,26.859760,0.154041,0.128314,0.360185,0.162486,0.280678,0.474040,1.590121,0.033131,-55.1352
H,1958.HK,北京汽车,可选消费,汽车与零配件,可选消费--汽车与零配件--汽车--汽车制造,地方国有企业,"168,723,153,000.00","197,949,177,000.00","955,839,000.00","323,036,000.00","172,044,268,000.00",0.007433,25.851525,0.138521,0.235727,1.157264,0.026300,0.279074,0.529504,1.058040,0.052260,3.9307
H,1963.HK,重庆银行,金融,银行,金融--银行--商业银行--区域性银行,地方国有企业,"759,883,870,000.00",,"5,117,290,000.00","18,514,682,000.00","856,641,840,000.00",0.027587,27.356431,,,,,0.003900,0.921963,,0.000547,
H,1973.HK,天图投资,金融,非银金融,金融--非银金融--资本市场--资产管理与托管银行,民营企业,"16,723,941,000.00","44,614,000.00","-891,485,000.00","67,166,000.00","14,192,936,000.00",-0.058080,23.540107,0.004684,0.788067,0.002603,0.078357,0.000193,0.561955,3.269589,0.000140,-2.9772
H,1983.HK,泸州银行,金融,银行,金融--银行--商业银行--区域性银行,地方国有企业,"157,636,383,000.00",,"1,275,665,000.00","3,999,107,000.00","170,999,572,000.00",0.030847,25.783557,,,,,0.006325,0.930682,,0.001540,
H,1988.HK,民生银行,金融,银行,金融--银行--商业银行--多元化银行,公众企业,"7,674,965,000,000.00",,"32,296,000,000.00","152,396,000,000.00","7,814,969,000,000.00",0.023633,29.668985,,,,,0.007881,0.916899,,0.001131,
H,1989.HK,广合科技,信息技术,硬件设备,信息技术--硬件设备--电子设备、仪器和元件--电子元件,民营企业,"3,812,432,000.00","2,678,270,000.00","676,100,000.00","15,867,000.00","5,685,756,000.00",0.121702,22.061533,0.003435,0.356631,0.759008,0.064919,0.440077,0.519909,1.159143,0.105987,11.6072
H,2009.HK,金隅集团,材料,建材Ⅱ,材料--建材Ⅱ--建材Ⅲ--建材Ⅳ,地方国有企业,"269,679,139,215.48","107,955,679,558.02","-555,162,082.74","2,939,700,546.05","263,995,720,701.11",0.009032,26.320499,0.217206,0.311192,0.391712,0.087028,0.173114,0.650087,1.199564,0.012178,4.9926
H,2016.HK,浙商银行,金融,银行,金融--银行--商业银行--多元化银行,公众企业,"3,143,879,000,000.00",,"15,186,000,000.00","65,540,000,000.00","3,325,539,000,000.00",0.024275,28.776479,,,,,0.007870,0.939700,,0.003143,
H,2039.HK,中集集团,工业,机械,工业--机械--机械Ⅲ--建筑机械与重型卡车,中央国有企业,"161,763,233,000.00","127,809,519,000.00","2,972,343,000.00","1,848,086,000.00","174,752,236,000.00",0.027584,25.809400,0.151636,0.179656,0.830841,0.058448,0.277187,0.600463,1.119704,0.033851,-9.6986
H,2050.HK,三花智控,工业,机械,工业--机械--机械Ⅲ--工业机械,民营企业,"31,890,585,000.00","24,557,802,000.00","3,099,165,000.00","132,384,000.00","36,354,749,000.00",0.088889,24.185577,0.029136,0.179656,0.820620,0.258782,0.289563,0.433572,1.698266,0.086090,15.6342
H,2068.HK,中铝国际,工业,建筑,工业--建筑--建筑与工程Ⅲ--建筑与工程Ⅳ,中央国有企业,"40,943,803,000.00","22,337,171,000.00","221,177,000.00","361,843,000.00","41,156,527,000.00",0.014166,24.435466,0.005195,0.218050,0.505737,0.129596,0.060719,0.822818,1.197919,0.001260,-5.7397
H,2097.HK,蜜雪集团,可选消费,消费者服务,可选消费--消费者服务--酒店、餐馆与休闲--餐馆,民营企业,"14,593,566,000.00","20,302,465,000.00","4,436,504,000.00","6,367,000.00","19,783,322,000.00",0.224577,23.403847,0.660408,0.483472,1.654715,0.370977,0.232298,0.273963,2.449764,0.115857,49.5514
H,2120.HK,康宁医院,医疗保健,医疗设备与服务,医疗保健--医疗设备与服务--医疗保健提供商与服务--保健护理设施,民营企业,"3,047,686,606.84","1,596,265,532.13","65,610,188.85","41,601,182.38","3,004,953,160.81",0.035678,21.837649,0.002511,0.881149,0.561524,0.061200,0.322158,0.537943,1.232817,0.058973,7.4996
H,2121.HK,创新奇智,信息技术,软件服务,信息技术--软件服务--软件--应用软件,公众企业,"3,289,157,000.00","1,751,045,000.00","-593,810,000.00","7,410,000.00","2,623,132,000.00",-0.223550,21.913897,0.016392,0.599444,0.534050,0.494896,0.017208,0.323795,2.880823,0.001906,12.4163
H,2139.HK,甘肃银行,金融,银行,金融--银行--商业银行--区域性银行,地方国有企业,"388,588,652,000.00",,"582,348,000.00","8,341,807,000.00","414,707,570,000.00",0.021519,26.685787,,,,,0.007416,0.914614,,0.000437,
H,2145.HK,上美股份,日常消费,家庭用品,日常消费--家庭用品--美容护理Ⅲ--美容护理Ⅳ,民营企业,"3,128,827,000.00","4,190,727,000.00","781,205,000.00","6,072,000.00","3,596,597,000.00",0.218895,21.863924,0.496199,0.376523,1.335798,0.328209,0.189979,0.351442,1.976702,0.028277,56.6433
H,2146.HK,荣万家,房地产,房地产Ⅱ,房地产--房地产Ⅱ--房地产管理和开发--房地产经营公司,民营企业,"4,154,225,189.29","1,831,896,676.99","113,814,240.93","936,763.44","4,174,097,355.23",0.027491,22.147392,0.003099,0.629943,0.451884,0.425669,0.008870,0.496147,1.865543,0.003446,-9.0811
H,2149.HK,贝克微,信息技术,硬件设备,信息技术--硬件设备--电子设备、仪器和元件--电子元件,民营企业,"1,270,927,000.00","463,881,000.00","166,601,000.00","7,990,000.00","1,608,812,000.00",0.108522,20.963012,0.000595,0.356631,0.497072,0.581967,0.049042,0.340459,2.733468,0.034370,31.5937
H,2152.HK,苏新服务,房地产,房地产Ⅱ,房地产--房地产Ⅱ--房地产管理和开发--房地产经营公司,地方国有企业,"1,616,633,000.00","725,104,000.00","65,316,000.00","14,242,000.00","1,718,658,000.00",0.046291,21.203611,0.001227,0.629943,0.475030,0.220899,0.242862,0.498406,1.698946,0.030327,35.7306
H,2157.HK,乐普生物,医疗保健,医药生物,医疗保健--医药生物--生物科技Ⅲ--生物科技Ⅳ,民营企业,"2,384,306,000.00","225,352,000.00","-411,376,000.00","21,650,000.00","2,280,685,000.00",-0.170881,21.592174,0.000425,0.276977,0.091728,-0.093283,0.397679,0.627271,0.752752,0.017279,1347.1616
H,2163.HK,远大住工,工业,机械,工业--机械--机械Ⅲ--建筑机械与重型卡车,民营企业,"8,681,587,000.00","2,201,110,000.00",,,,,22.884470,0.002611,0.179656,0.243150,-0.105813,0.264925,0.633077,0.789001,0.024664,-1.3966
H,2170.HK,贝康医疗-B,医疗保健,医药生物,医疗保健--医药生物--生物科技Ⅲ--生物科技Ⅳ,外资企业,"1,898,087,000.00","207,976,000.00","-237,029,000.00","9,372,000.00","1,669,281,000.00",-0.136380,21.364112,0.000392,0.276977,0.113094,0.537331,0.182639,0.263413,6.223163,0.054902,47.6043
H,2176.HK,赛迪顾问,工业,企业服务,工业--企业服务--商业服务与用品--综合支持服务,中央国有企业,"374,442,000.00","278,325,000.00","77,643,000.00","203,000.00","437,621,000.00",0.177885,19.740947,0.012129,0.355947,0.813777,0.417792,0.030614,0.503539,1.849174,0.000681,36.5436
H,2179.HK,瑞科生物-B,医疗保健,医药生物,医疗保健--医药生物--生物科技Ⅲ--生物科技Ⅳ,公众企业,"2,186,277,000.00",,"-562,389,000.00","18,897,000.00","1,940,232,000.00",-0.280117,21.505466,,0.276977,,0.313381,0.384600,0.510152,2.542287,0.102508,
H,2185.HK,百心安-B,医疗保健,医疗设备与服务,医疗保健--医疗设备与服务--医疗保健设备与用品--医疗保健设备,外资企业,"817,899,000.00",,"-87,944,000.00","64,000.00","733,776,000.00",-0.119764,20.522249,,0.881149,,0.474880,0.036176,0.053848,20.353431,0.021971,
H,2190.HK,归创通桥,医疗保健,医疗设备与服务,医疗保健--医疗设备与服务--医疗保健设备与用品--医疗保健设备,外资企业,"3,375,701,000.00","527,754,000.00","100,256,000.00","2,175,000.00","3,452,560,000.00",0.029668,21.939869,0.000830,0.881149,0.159216,0.414550,0.159534,0.097259,5.403628,0.056557,57.9676
H,2196.HK,复星医药,医疗保健,医药生物,医疗保健--医药生物--制药--西药,民营企业,"113,431,227,000.00","41,248,505,000.00","2,769,886,000.00","1,431,915,000.00","117,422,190,000.00",0.035784,25.454463,0.077756,0.276977,0.374061,0.000308,0.175390,0.501214,1.001036,0.047048,-5.8498
H,2202.HK,万科企业,房地产,房地产Ⅱ,房地产--房地产Ⅱ--房地产管理和开发--房地产开发,公众企业,"1,504,872,164,000.00","465,739,077,000.00","-49,478,429,000.00","6,656,518,000.00","1,286,259,860,000.00",-0.033292,28.039729,0.788004,0.629943,0.285551,0.218289,0.021180,0.732247,1.399736,0.005538,-7.5618
H,2208.HK,金风科技,工业,电气设备,工业--电气设备--电气设备Ⅲ--重型电气设备,公众企业,"143,494,600,000.00","50,243,726,000.00","1,860,446,000.00","1,216,551,000.00","155,224,285,000.00",0.019823,25.689563,0.058899,0.254719,0.358478,0.005644,0.291337,0.719649,1.012851,0.045851,8.6268
H,2210.HK,京城佳业,房地产,房地产Ⅱ,房地产--房地产Ⅱ--房地产管理和开发--房地产经营公司,地方国有企业,"2,367,425,000.00","1,829,381,000.00","79,671,000.00","5,407,000.00","2,541,444,000.00",0.033476,21.585069,0.003095,0.629943,0.804675,0.220602,0.088221,0.638759,1.375835,0.015570,16.7319
H,2218.HK,安德利果汁,日常消费,食品饮料,日常消费--食品饮料--食品--食品加工与肉类,民营企业,"2,610,342,331.37","876,104,953.71","260,703,197.00","37,033.00","2,779,525,659.87",0.093807,21.682747,0.003430,0.252100,0.335662,0.641487,0.290870,0.030923,22.749543,0.050881,-17.7698
H,2235.HK,微泰医疗-B,医疗保健,医疗设备与服务,医疗保健--医疗设备与服务--医疗保健设备与用品--医疗保健设备,公众企业,"2,158,781,924.55","253,227,561.50","-63,118,238.98","676,448.90","2,146,352,845.61",-0.029092,21.492810,0.000398,0.881149,0.113737,0.893926,0.046615,0.045256,21.666297,0.013292,45.8626
H,2238.HK,广汽集团,可选消费,汽车与零配件,可选消费--汽车与零配件--汽车--汽车制造,地方国有企业,"218,448,770,000.00","129,706,167,000.00","823,579,000.00","562,994,000.00","232,512,366,000.00",0.005963,26.109817,0.090766,0.235727,0.635000,0.109483,0.114121,0.430284,1.309821,0.052994,17.6239
H,2245.HK,力勤资源,材料,有色金属,材料--有色金属--其他金属与采矿--金属非金属,民营企业,"30,679,708,000.00","21,059,316,000.00","1,773,150,000.00","647,543,000.00","37,957,011,000.00",0.063775,24.146867,0.014883,0.224317,0.817518,0.032376,0.553161,0.560447,1.106970,0.220576,15.1437
H,2251.HK,鹰瞳科技-B,医疗保健,医疗设备与服务,医疗保健--医疗设备与服务--医疗保健技术Ⅲ--医疗保健技术Ⅳ,公众企业,"1,684,912,000.00","203,964,000.00","-255,458,000.00","229,000.00","1,411,466,000.00",-0.180825,21.244979,0.000321,0.881149,0.119108,0.695401,0.010679,0.075451,11.628827,0.009109,79.4557
H,2252.HK,微创机器人-B,医疗保健,医疗设备与服务,医疗保健--医疗设备与服务--医疗保健设备与用品--医疗保健设备,民营企业,"1,427,907,000.00","104,592,000.00","-642,406,000.00","21,639,000.00","1,279,039,000.00",-0.485339,21.079476,0.000165,0.881149,0.062294,0.076176,0.181644,0.648608,1.158727,0.046539,384.1550
H,2276.HK,康耐特光学,医疗保健,医疗设备与服务,医疗保健--医疗设备与服务--医疗保健设备与用品--医疗保健用品,民营企业,"1,984,313,000.00","1,759,641,000.00","428,284,000.00","10,228,000.00","2,388,784,000.00",0.183571,21.408539,0.002768,0.881149,0.932768,0.495376,0.229542,0.297036,3.276997,0.063866,12.7024
H,2281.HK,兴泸水务,公用事业,公用事业Ⅱ,公用事业--公用事业Ⅱ--水务Ⅲ--水务Ⅳ,地方国有企业,"7,054,786,439.89","1,286,433,526.80","177,238,036.73","88,937,953.75","7,188,076,493.36",0.037030,22.676972,0.001807,0.202677,0.181247,-0.027802,0.554041,0.572966,0.869299,0.074084,-4.9494
H,2289.HK,创美药业,医疗保健,医疗设备与服务,医疗保健--医疗设备与服务--医疗保健提供商与服务--保健护理产品经销商,地方国有企业,"3,247,655,876.60","4,403,633,478.08","53,284,091.69","60,651,514.02","3,456,643,682.33",0.032961,21.901199,0.006927,0.881149,1.440616,0.059471,0.090749,0.815927,1.073750,0.012578,5.4692
H,2291.HK,心泰医疗,医疗保健,医疗设备与服务,医疗保健--医疗设备与服务--医疗保健设备与用品--医疗保健设备,民营企业,"1,986,466,000.00","325,896,000.00","245,559,893.33","164,644.43","2,083,031,430.32",0.117965,21.409623,0.000513,0.881149,0.171701,0.682810,0.053837,0.030100,24.109706,0.043668,31.5848
H,2315.HK,百奥赛图-B,医疗保健,医药生物,医疗保健--医药生物--生物科技Ⅲ--生物科技Ⅳ,民营企业,"2,449,408,000.00","716,912,000.00","33,542,000.00","91,675,000.00","2,415,314,000.00",0.051843,21.619112,0.001351,0.276977,0.273149,0.059375,0.511695,0.677295,1.251783,0.051693,34.2831
H,2318.HK,中国平安,金融,非银金融,金融--非银金融--保险--多元化保险,公众企业,"11,583,417,000,000.00",,"126,607,000,000.00","123,453,000,000.00","12,957,827,000,000.00",0.019298,30.080596,,0.788067,,,0.004351,0.893903,,0.000674,
H,2328.HK,中国财险,金融,非银金融,金融--非银金融--保险--财产与意外伤害保险,中央国有企业,"703,623,000,000.00",,"32,173,000,000.00","1,193,000,000.00","778,244,000,000.00",0.042873,27.279509,,0.788067,,,0.034239,0.667003,,0.003886,
H,2333.HK,长城汽车,可选消费,汽车与零配件,可选消费--汽车与零配件--汽车--汽车制造,民营企业,"201,270,288,570.21","173,212,076,757.97","12,692,204,172.58","882,010,505.97","217,266,223,746.47",0.062477,26.027915,0.121210,0.235727,0.896015,0.038499,0.182404,0.659618,1.069912,0.083038,26.1192
H,2338.HK,潍柴动力,工业,机械,工业--机械--机械Ⅲ--建筑机械与重型卡车,地方国有企业,"334,247,213,024.91","213,958,475,631.13","11,403,288,984.59","3,854,441,561.78","343,879,412,547.54",0.044369,26.535147,0.253845,0.179656,0.681491,0.154706,0.154158,0.662867,1.353656,0.021540,22.1520
H,2352.HK,东原仁知服务,房地产,房地产Ⅱ,房地产--房地产Ⅱ--房地产管理和开发--房地产经营公司,公众企业,"1,395,131,000.00","1,483,834,000.00","-66,882,000.00","6,761,000.00","1,484,253,000.00",-0.040506,21.056254,0.002511,0.629943,1.117101,0.101808,0.022215,0.646314,1.162407,0.013900,9.9615
H,2355.HK,宝业集团,工业,建筑,工业--建筑--建筑与工程Ⅲ--建筑与工程Ⅳ,民营企业,"48,514,157,000.00","26,479,305,000.00","409,907,000.00","32,777,000.00","45,202,576,000.00",0.009793,24.605121,0.006158,0.218050,0.544088,0.140797,0.062936,0.731956,1.199830,0.013976,8.4091
H,2357.HK,中航科工,工业,国防军工,工业--国防军工--航空航天与国防Ⅲ--航空航天,中央国有企业,"185,018,195,632.00","84,724,890,637.00","2,187,431,551.00","424,127,673.00","202,044,106,950.00",0.012926,25.943720,1.000000,1.000000,0.515007,0.319873,0.144886,0.524070,1.691898,0.025560,7.5723
H,2359.HK,药明康德,医疗保健,医药生物,医疗保健--医药生物--生命科学工具和服务Ⅲ--生命科学工具和服务Ⅳ,民营企业,"73,669,349,000.00","40,340,807,000.00","9,352,608,000.00","268,565,000.00","80,325,824,000.00",0.119777,25.022853,0.076045,0.276977,0.583130,0.212655,0.350817,0.246397,2.061660,0.074883,2.5055
H,2376.HK,鲁商服务,房地产,房地产Ⅱ,房地产--房地产Ⅱ--房地产管理和开发--房地产经营公司,地方国有企业,"900,803,727.61","621,021,864.07","45,091,464.06","287,299.69","929,092,664.93",0.048842,20.618798,0.001051,0.629943,0.706739,0.469444,0.056296,0.418625,2.126597,0.006221,-1.0693
H,2386.HK,中石化炼化工程,能源,石油石化,能源--石油石化--能源设备与服务--石油天然气设备与服务,中央国有企业,"80,967,671,000.00","56,220,641,000.00","2,465,727,000.00","68,008,000.00","81,513,339,000.00",0.031084,25.117316,0.008740,0.458947,0.704301,0.303742,0.059379,0.619012,1.512694,0.004893,6.0204
H,2396.HK,华芢生物-B,医疗保健,医药生物,医疗保健--医药生物--生物科技Ⅲ--生物科技Ⅳ,民营企业,"263,089,000.00","472,000.00","-212,250,000.00","6,009,000.00","190,612,000.00",-1.081994,19.388003,0.000001,0.276977,0.003159,0.886286,0.026865,1.501252,20.874872,0.011871,
H,2402.HK,亿华通,工业,电气设备,工业--电气设备--电气设备Ⅲ--电气部件与设备,民营企业,"4,945,720,776.24","800,701,885.77","-456,432,854.37","22,186,579.25","4,778,968,863.11",-0.090866,22.321789,0.000939,0.254719,0.183548,0.408216,0.106130,0.311093,2.527044,0.015059,8.4791
H,2408.HK,遇见小面,可选消费,消费者服务,可选消费--消费者服务--酒店、餐馆与休闲--餐馆,民营企业,"842,497,000.00","800,514,000.00","60,700,000.00","27,464,000.00","1,161,133,000.00",0.075929,20.551881,0.026039,0.483472,1.099682,-0.221670,0.100914,0.936151,0.455958,0.073593,91.4666
H,2410.HK,同源康医药-B,医疗保健,医药生物,医疗保健--医药生物--生物科技Ⅲ--生物科技Ⅳ,外资企业,"573,138,000.00",,"-386,955,000.00","12,817,000.00","915,693,000.00",-0.408585,20.166637,,0.276977,,-1.862152,0.274820,2.535464,0.179641,0.134791,
H,2411.HK,百果园集团,日常消费,日常消费零售,日常消费--日常消费零售--日常消费品经销与零售--食品零售,民营企业,"7,590,985,000.00","11,390,555,000.00","-386,027,000.00","99,960,000.00","7,819,588,000.00",-0.036583,22.750227,0.190817,0.216084,1.581942,0.230311,0.068745,0.560387,1.497016,0.015506,0.6945
H,2418.HK,德银天下,工业,交通运输,工业--交通运输--铁路公路运输--地面货运,地方国有企业,"9,204,828,000.00","3,119,437,000.00","153,229,000.00","28,840,000.00","9,489,225,000.00",0.019187,22.942994,0.002739,0.128314,0.339485,0.203196,0.012311,0.639397,1.363180,0.006822,14.3364
H,2419.HK,德康农牧,日常消费,食品饮料,日常消费--食品饮料--食品--食品加工与肉类,民营企业,"18,934,232,000.00","16,155,412,000.00","4,101,559,000.00","411,846,000.00","23,056,050,000.00",0.195758,23.664237,0.063245,0.252100,0.845066,-0.082603,0.388496,0.796397,0.838605,0.059506,7.4375
H,2429.HK,友宝在线,日常消费,日常消费零售,日常消费--日常消费零售--日常消费品经销与零售--食品零售,公众企业,"1,512,658,000.00","2,672,020,000.00","-197,276,000.00","2,325,000.00","1,287,205,000.00",-0.151453,21.137134,0.044762,0.216084,1.762821,0.162132,0.087548,0.357465,1.465299,0.043827,6.0652
H,2431.HK,佑驾创新,信息技术,软件服务,信息技术--软件服务--软件--应用软件,公众企业,"1,087,808,000.00","476,206,000.00","-216,487,000.00","7,494,000.00","1,678,290,000.00",-0.124527,20.807430,0.004458,0.599444,0.500002,0.650991,0.032816,0.307714,3.493900,0.024993,70.4644
H,2432.HK,越疆,信息技术,硬件设备,信息技术--硬件设备--电子设备、仪器和元件--电子制造服务,民营企业,"734,888,000.00","286,749,000.00","-95,363,000.00","1,821,000.00","1,495,208,000.00",-0.062561,20.415229,0.000368,0.356631,0.345417,0.464091,0.258230,0.492027,3.121028,0.015455,18.9766
H,2450.HK,淮北绿金股份,材料,建材Ⅱ,材料--建材Ⅱ--建材Ⅲ--建材Ⅳ,地方国有企业,"2,383,014,000.00","290,622,000.00","-21,972,000.00","85,876,000.00","2,475,042,000.00",0.025819,21.591632,0.000585,0.311192,0.124313,-0.323997,0.726578,0.720376,0.341274,0.045526,-28.7183
H,2453.HK,美中嘉和,医疗保健,医疗设备与服务,医疗保健--医疗设备与服务--医疗保健提供商与服务--保健护理设施,民营企业,"5,236,396,000.00","538,650,000.00","-443,223,000.00","109,267,000.00","5,906,562,000.00",-0.056540,22.378899,0.000847,0.881149,0.101175,-0.161316,0.633446,0.643040,0.298710,0.035091,14.0797
H,2465.HK,龙蟠科技,材料,化工,材料--化工--多元化工Ⅲ--特种化工,民营企业,"17,228,834,000.00","8,729,479,000.00","-633,042,000.00","258,663,000.00","15,808,968,000.00",-0.023681,23.569850,0.112840,0.289045,0.546968,-0.072870,0.369144,0.757322,0.869830,0.186312,-37.7635
H,2476.HK,胜宏科技,信息技术,硬件设备,信息技术--硬件设备--电子设备、仪器和元件--电子元件,民营企业,"17,383,616,000.00","7,931,248,000.00","1,154,431,000.00","110,431,000.00","19,175,313,000.00",0.065963,23.578794,0.010171,0.356631,0.500593,-0.018412,0.413284,0.561327,0.957792,0.015512,1.2039
H,2479.HK,天聚地合,信息技术,软件服务,信息技术--软件服务--信息技术服务--互联网服务与基础架构,民营企业,"772,059,000.00","441,083,000.00",,,,,20.464572,0.004129,0.599444,0.581815,0.444081,0.282289,0.186051,3.482564,0.034593,34.0939
H,2480.HK,绿竹生物-B,医疗保健,医药生物,医疗保健--医药生物--生物科技Ⅲ--生物科技Ⅳ,民营企业,"1,166,694,000.00",,"-168,235,000.00","766,000.00","1,050,463,000.00",-0.159424,20.877440,,0.276977,,0.449698,0.329054,0.125196,6.447504,0.074673,
H,2481.HK,双良睿能,公用事业,公用事业Ⅱ,公用事业--公用事业Ⅱ--复合型公用事业Ⅲ--复合型公用事业Ⅳ,民营企业,"5,796,958,000.00","1,534,035,000.00","164,154,000.00","43,743,000.00","5,966,668,000.00",0.034843,22.480599,0.002155,0.202677,0.277875,-0.061179,0.033782,0.775916,0.799238,0.054169,6.2548
H,2482.HK,维天运通,工业,交通运输,工业--交通运输--航空运输--航空货运与物流,民营企业,"2,450,762,000.00","5,616,216,000.00","50,034,000.00","12,279,000.00","2,727,770,000.00",0.022844,21.619665,0.004931,0.128314,2.429292,0.222745,0.024059,0.733713,1.307277,0.001581,-9.4812
H,2488.HK,元征科技,可选消费,汽车与零配件,可选消费--汽车与零配件--汽车零配件--汽车零配件与设备,民营企业,"1,855,218,849.68","1,598,352,611.56","339,505,814.80","13,554,856.28","1,996,671,672.07",0.176825,21.341269,0.001118,0.235727,0.832078,0.333235,0.224146,0.420640,2.052569,0.046699,35.7883
H,2493.HK,迈威生物-B,医疗保健,医药生物,医疗保健--医药生物--制药--西药,外资企业,"4,455,048,000.00","127,685,000.00","-1,043,919,000.00","57,780,000.00","4,275,508,000.00",-0.230648,22.217304,0.000241,0.276977,0.028141,0.276362,0.366999,0.422397,2.508116,0.112212,394.0711
H,2495.HK,声通科技,信息技术,软件服务,信息技术--软件服务--软件--系统软件,民营企业,"1,380,132,000.00","813,017,000.00","-488,675,000.00","19,280,000.00","2,395,321,000.00",-0.195963,21.045445,0.007611,0.599444,0.714613,-0.330360,0.070027,0.994514,0.661516,0.132534,57.8698
H,2496.HK,友芝友生物-B,医疗保健,医药生物,医疗保健--医药生物--生物科技Ⅲ--生物科技Ⅳ,公众企业,"301,624,000.00",,"-97,599,000.00","4,078,000.00","267,843,000.00",-0.349164,19.524692,,0.276977,,0.252901,0.137751,0.576778,1.438851,0.006399,
H,2499.HK,佛朗斯股份,工业,企业服务,工业--企业服务--商业服务与用品--综合支持服务,民营企业,"3,147,771,000.00","1,371,805,000.00","101,961,000.00","104,475,000.00","3,781,236,000.00",0.054595,21.869960,0.059783,0.355947,0.472201,-0.086025,0.347184,0.657920,0.757639,0.080803,14.8714
H,2500.HK,启明医疗-B,医疗保健,医疗设备与服务,医疗保健--医疗设备与服务--医疗保健设备与用品--医疗保健设备,公众企业,"4,413,714,000.00","491,373,000.00","-714,307,000.00","16,647,000.00","3,249,770,000.00",-0.214680,22.207982,0.000773,0.881149,0.101350,0.181910,0.123110,0.338574,1.997182,0.059566,20.8906
H,2502.HK,金源氢化,材料,化工,材料--化工--基础化工--商品化工,民营企业,"1,663,386,000.00","2,330,228,000.00","-16,038,000.00","16,472,000.00","1,676,398,000.00",0.000259,21.232121,0.030121,0.289045,1.701627,0.101717,0.523393,0.322202,1.442253,0.089218,3.3575
H,2506.HK,讯飞医疗科技,信息技术,软件服务,信息技术--软件服务--信息技术服务--互联网服务与基础架构,民营企业,"1,237,614,000.00","556,125,000.00","-132,600,000.00","6,140,000.00","2,089,937,000.00",-0.060509,20.936451,0.005206,0.599444,0.490584,0.147141,0.011214,0.555710,1.271373,0.029497,17.8581
H,2509.HK,荃信生物-B,医疗保健,医药生物,医疗保健--医药生物--生物科技Ⅲ--生物科技Ⅳ,民营企业,"795,583,000.00",,"-335,574,000.00","23,388,000.00","983,877,000.00",-0.317302,20.494586,,0.276977,,0.209347,0.426236,0.621724,1.661513,0.009989,
H,2513.HK,智谱,信息技术,软件服务,信息技术--软件服务--软件--应用软件,民营企业,"2,860,153,000.00","124,538,000.00","-2,956,491,000.00","38,321,000.00","4,375,769,000.00",-0.666893,21.774141,0.001166,0.599444,0.077302,-0.610251,0.185289,1.343546,0.516358,0.177812,116.9311
H,2515.HK,天津建发,工业,建筑,工业--建筑--建筑与工程Ⅲ--建筑与工程Ⅳ,民营企业,"556,422,000.00","319,437,000.00","21,750,000.00","1,628,000.00","710,355,000.00",0.032910,20.137038,0.000074,0.218050,0.646280,0.287974,0.081564,0.595295,1.483958,0.002592,10.9310
H,2517.HK,锅圈,日常消费,日常消费零售,日常消费--日常消费零售--日常消费品经销与零售--食品零售,民营企业,"4,651,646,000.00","6,094,104,000.00","230,558,000.00","4,421,000.00","4,751,478,000.00",0.049454,22.260487,0.102090,0.216084,1.395759,0.367054,0.094766,0.273637,2.461960,0.029023,-15.0465
H,2519.HK,傲基股份,可选消费,可选消费零售,可选消费--可选消费零售--多品类零售Ⅲ--多品类零售Ⅳ,民营企业,"5,177,527,000.00","8,682,977,000.00","504,299,000.00","122,455,000.00","8,779,550,000.00",0.071388,22.367593,0.073815,0.369507,1.713384,0.259182,0.121052,0.561032,1.743913,0.006243,22.2915
H,2520.HK,山西安装,公用事业,公用事业Ⅱ,公用事业--公用事业Ⅱ--复合型公用事业Ⅲ--复合型公用事业Ⅳ,地方国有企业,"23,522,431,000.00","11,150,176,000.00","153,411,683.25","344,380,827.52","24,124,160,580.70",0.020635,23.881220,0.015663,0.202677,0.495900,0.002174,0.053072,0.867114,1.003006,0.032669,-13.1932
H,2522.HK,一脉阳光,医疗保健,医疗设备与服务,医疗保健--医疗设备与服务--医疗保健提供商与服务--保健护理服务,公众企业,"1,878,658,000.00","928,914,000.00","-45,919,000.00","25,272,000.00","2,263,788,000.00",-0.009121,21.353824,0.001461,0.881149,0.480298,0.161975,0.394495,0.289326,1.962398,0.051376,18.4169
H,2526.HK,德适-B,医疗保健,医药生物,医疗保健--医药生物--生物科技Ⅲ--生物科技Ⅳ,民营企业,"221,090,000.00","52,844,000.00","-43,375,000.00","21,190,000.00","212,474,000.00",-0.104413,19.214080,0.000100,0.276977,,0.483559,0.137781,1.387254,5.512113,0.109539,
H,2529.HK,泓盈城市服务,房地产,房地产Ⅱ,房地产--房地产Ⅱ--房地产管理和开发--房地产经营公司,地方国有企业,"650,094,000.00","651,875,000.00","71,858,000.00","68,000.00","896,548,000.00",0.080225,20.292628,0.001103,0.629943,1.095994,0.314035,0.027570,0.606435,1.520652,0.016058,23.3390
H,2539.HK,乐摩科技,可选消费,消费者服务,可选消费--消费者服务--酒店、餐馆与休闲--休闲设施,民营企业,"405,814,000.00","586,836,000.00","85,807,000.00","3,383,000.00","472,690,000.00",0.188686,19.821405,0.019089,0.483472,1.769436,-0.078465,0.454933,0.625728,0.863048,0.331743,77.7461
H,2543.HK,大行科工,可选消费,耐用消费品,可选消费--耐用消费品--休闲用品Ⅲ--休闲用品Ⅳ,外资企业,"192,835,000.00","300,156,000.00","52,299,000.00","872,000.00","301,465,000.00",0.176375,19.077345,0.372153,0.532690,1.585677,0.389494,0.018674,0.535069,1.920193,0.084855,18.0843
H,2546.HK,智汇矿业,材料,有色金属,材料--有色金属--其他金属与采矿--铜,民营企业,"1,292,966,000.00","546,128,000.00","55,854,000.00","2,922,000.00","1,454,895,000.00",0.040399,20.980205,0.000386,0.224317,0.443540,-0.075671,0.390040,0.259322,0.564567,0.115949,13.2214
H,2551.HK,晶科电子股份,信息技术,半导体,信息技术--半导体--半导体材料与设备--半导体材料与设备Ⅳ,外资企业,"2,400,157,000.00","1,858,032,000.00","104,864,000.00","3,060,000.00","3,101,515,000.00",0.034797,21.598800,0.044162,0.283838,0.829881,0.028158,0.365414,0.572377,1.051959,0.070392,31.7163
H,2553.HK,首钢朗泽,材料,化工,材料--化工--多元化工Ⅲ--工业气体,地方国有企业,"2,680,513,000.00","592,551,000.00","-137,408,000.00","34,227,000.00","2,560,572,000.00",-0.040296,21.709274,0.007660,0.289045,0.216402,-0.161427,0.818706,0.560122,0.432876,0.082242,52.1265
H,2555.HK,茶百道,可选消费,消费者服务,可选消费--消费者服务--酒店、餐馆与休闲--餐馆,民营企业,"3,085,498,000.00","5,704,307,000.00","472,184,000.00","4,305,000.00","5,493,977,000.00",0.086729,21.849979,0.185552,0.483472,2.392545,0.510580,0.076394,0.725605,2.534795,0.033553,34.8004
H,2558.HK,晋商银行,金融,银行,金融--银行--商业银行--区域性银行,公众企业,"361,305,031,000.00",,"1,755,108,000.00","7,515,698,000.00","376,305,508,000.00",0.024636,26.612988,,,,,0.003616,0.931324,,0.000720,
H,2560.HK,海螺材料科技,材料,建材Ⅱ,材料--建材Ⅱ--建材Ⅲ--建材Ⅳ,地方国有企业,"2,345,470,000.00","2,395,471,000.00","125,637,000.00","26,484,000.00","2,459,259,000.00",0.061856,21.575752,0.004820,0.311192,1.068326,-0.007051,0.431892,0.595617,0.984945,0.039122,30.2177
H,2563.HK,华昊中天医药-B,医疗保健,医药生物,医疗保健--医药生物--制药--西药,外资企业,"772,344,000.00","66,635,000.00","-143,776,000.00","56,000.00","913,243,000.00",-0.157373,20.464941,0.000126,0.276977,0.078455,0.763633,0.158880,0.063680,14.483003,0.036046,103.0317
H,2565.HK,派格生物医药-B,医疗保健,医药生物,医疗保健--医药生物--制药--西药,公众企业,"368,053,000.00",,"-283,158,000.00","2,499,000.00","218,357,000.00",-1.285322,19.723738,,0.276977,,0.490397,0.010031,0.469226,2.093977,0.001676,
H,2566.HK,九源基因,医疗保健,医药生物,医疗保健--医药生物--制药--西药,公众企业,"1,307,696,000.00","1,287,408,000.00","138,601,000.00","7,145,000.00","1,923,022,000.00",0.075790,20.991533,0.002427,0.276977,1.021235,0.376404,0.284064,0.313379,2.416401,0.035930,14.3951
H,2570.HK,重塑能源,可选消费,汽车与零配件,可选消费--汽车与零配件--汽车零配件--汽车零配件与设备,公众企业,"4,036,575,000.00","895,278,000.00","-737,301,000.00","57,593,000.00","4,692,131,000.00",-0.144861,22.118662,0.000626,0.235727,0.218956,0.363559,0.112175,0.566349,2.114080,0.035687,48.0660
H,2571.HK,赛目科技,信息技术,硬件设备,信息技术--硬件设备--电子设备、仪器和元件--电子制造服务,民营企业,"600,814,000.00","175,703,000.00","53,666,000.00","1,197,000.00","667,960,000.00",0.082135,20.213796,0.000225,0.356631,0.306751,0.652581,0.103728,0.165446,7.848200,0.115452,20.8536
H,2573.HK,新琪安,材料,化工,材料--化工--基础化工--商品化工,民营企业,"713,209,000.00","446,938,000.00","43,406,000.00","2,786,000.00","812,908,000.00",0.056823,20.385285,0.005777,0.289045,0.620803,0.094526,0.455374,0.390179,1.247074,0.095934,-41.3081
H,2575.HK,轩竹生物-B,医疗保健,医药生物,医疗保健--医药生物--生物科技Ⅲ--生物科技Ⅳ,民营企业,"1,321,010,000.00","29,000.00","-556,430,000.00","304,000.00","1,196,619,000.00",-0.464748,21.001662,0.000000,0.276977,0.000021,0.302276,0.097257,0.159547,3.789893,0.110788,
H,2576.HK,太美医疗科技,医疗保健,医药生物,医疗保健--医药生物--生命科学工具和服务Ⅲ--生命科学工具和服务Ⅳ,民营企业,"1,444,672,000.00","573,137,000.00","-214,609,000.00","727,000.00","1,583,197,000.00",-0.135095,21.091148,0.001080,0.276977,0.350545,0.670272,0.015188,0.278651,3.705803,0.006559,4.3557
H,2577.HK,英诺赛科,信息技术,半导体,信息技术--半导体--半导体产品--分立器件,外资企业,"4,591,404,000.00","592,717,000.00","-1,045,677,000.00","84,065,000.00","5,547,249,000.00",-0.173349,22.247452,0.014088,0.283838,0.115242,0.040356,0.666769,0.572261,1.200015,0.072158,335.2644
H,2579.HK,中伟新材,材料,化工,材料--化工--多元化工Ⅲ--特种化工,民营企业,"62,010,966,000.00","34,273,223,000.00","1,467,224,000.00","1,010,573,000.00","72,895,179,000.00",0.033991,24.850577,0.443028,0.289045,0.592379,0.217453,0.388235,0.549698,1.818122,0.111855,13.3228
H,2582.HK,国富氢能,工业,机械,工业--机械--机械Ⅲ--工业机械,公众企业,"2,097,535,000.00","522,442,000.00","-210,280,000.00","32,807,000.00","2,564,529,000.00",-0.069203,21.464029,0.000620,0.179656,0.277684,0.026746,0.328969,0.730340,1.051190,0.106125,45.3279
H,2583.HK,西普尼,可选消费,家电Ⅱ,可选消费--家电Ⅱ--家电Ⅲ--消费电子产品,民营企业,"775,856,000.00","445,477,000.00","49,348,000.00","4,557,000.00","857,932,000.00",0.062831,20.469477,0.000617,0.412657,0.629155,0.722687,0.059387,0.187573,4.907215,0.047517,36.2200
H,2585.HK,梦金园,可选消费,纺织服装Ⅱ,可选消费--纺织服装Ⅱ--纺织服装Ⅲ--服装、服饰与奢侈品,民营企业,"4,021,006,000.00","20,208,599,000.00","189,361,000.00","71,457,000.00","4,934,656,000.00",0.052854,22.114798,0.826588,0.702042,5.550746,0.336459,0.099478,0.521785,1.659532,0.025154,28.5190
H,2589.HK,沪上阿姨,可选消费,消费者服务,可选消费--消费者服务--酒店、餐馆与休闲--餐馆,民营企业,"1,548,079,000.00","3,348,201,000.00","328,931,000.00","5,178,000.00","1,855,783,000.00",0.180037,21.160281,0.108912,0.483472,2.707505,0.440120,0.040331,0.458058,2.089570,0.021534,52.2598
H,2590.HK,极智嘉-W,信息技术,软件服务,信息技术--软件服务--信息技术服务--信息科技咨询与其它服务,民营企业,"3,447,380,000.00","2,142,927,000.00","-831,501,000.00","13,923,000.00","3,204,430,000.00",-0.255140,21.960880,0.020060,0.599444,0.622837,-1.617639,0.024729,2.578899,0.369413,0.013933,47.5679
H,2591.HK,银诺医药-B,医疗保健,医疗设备与服务,医疗保健--医疗设备与服务--医疗保健技术Ⅲ--医疗保健技术Ⅳ,外资企业,"1,105,364,000.00",,"-174,690,000.00","873,000.00","934,800,000.00",-0.185940,20.823441,,0.881149,,0.541062,0.016276,0.362088,2.664063,0.011029,
H,2595.HK,劲方医药-B,医疗保健,医药生物,医疗保健--医药生物--生物科技Ⅲ--生物科技Ⅳ,外资企业,"536,134,000.00","73,734,000.00","-677,641,000.00","17,963,000.00","606,821,000.00",-1.087105,20.099895,0.000139,0.276977,0.113919,-2.576526,0.038425,3.457056,0.246025,0.001108,-29.8179
H,2596.HK,宜宾银行,金融,银行,金融--银行--商业银行--区域性银行,地方国有企业,"93,444,044,000.00",,"513,430,000.00","2,113,627,000.00","109,205,393,000.00",0.024056,25.260629,,,,,0.003588,0.900620,,0.000736,
H,2597.HK,讯众通信,信息技术,软件服务,信息技术--软件服务--信息技术服务--互联网服务与基础架构,民营企业,"1,204,563,000.00","915,630,000.00","53,545,000.00","12,303,000.00","1,484,049,000.00",0.044371,20.909383,0.008571,0.599444,0.833586,0.641241,0.003841,0.344374,2.923761,0.002145,13.4971
H,2598.HK,连连数字,信息技术,软件服务,信息技术--软件服务--信息技术服务--信息科技咨询与其它服务,民营企业,"10,467,499,000.00","1,028,256,000.00","-168,219,000.00","19,724,000.00","14,538,817,000.00",-0.010214,23.071541,0.009626,0.599444,0.099765,0.000442,0.011538,0.943287,1.000477,0.000460,38.4394
H,2600.HK,中国铝业,材料,有色金属,材料--有色金属--其他金属与采矿--铝,中央国有企业,"211,755,809,000.00","225,070,880,000.00","12,400,160,000.00","2,760,298,000.00","215,895,530,000.00",0.070221,26.078700,0.159059,0.224317,1.061395,-0.001253,0.494956,0.533004,0.995482,0.031685,-22.6528
H,2601.HK,中国太保,金融,非银金融,金融--非银金融--保险--多元化保险,公众企业,"2,343,962,000,000.00",,"44,960,000,000.00","2,728,000,000.00","2,834,907,000,000.00",0.016822,28.482864,,0.788067,,,0.009123,0.885790,,0.001701,
H,2602.HK,万物云,房地产,房地产Ⅱ,房地产--房地产Ⅱ--房地产管理和开发--房地产经营公司,其他企业,"39,383,117,000.00","33,183,458,000.00","1,149,578,000.00","12,412,000.00","38,608,225,000.00",0.030097,24.396603,0.056145,0.629943,0.869896,0.157491,0.017231,0.537359,1.331993,0.009267,10.2228
H,2603.HK,吉宏股份,可选消费,可选消费零售,可选消费--可选消费零售--多品类零售Ⅲ--多品类零售Ⅳ,民营企业,"3,586,576,000.00","6,694,681,000.00","181,931,000.00","10,933,000.00","3,503,094,000.00",0.055055,22.000464,0.056913,0.369507,1.960673,0.345371,0.255573,0.355136,2.217987,0.056453,24.8478
H,2607.HK,上海医药,医疗保健,医药生物,医疗保健--医药生物--制药--西药,地方国有企业,"211,972,533,766.80","260,295,088,943.53","4,552,528,438.69","1,856,737,428.35","221,209,430,148.17",0.028974,26.079723,0.490673,0.276977,1.269400,0.188996,0.074183,0.621054,1.327379,0.014014,12.2052
H,2611.HK,国泰海通,金融,非银金融,金融--非银金融--资本市场--投资银行业与经纪业,地方国有企业,"925,402,484,000.00",,"13,024,085,000.00","12,707,342,000.00","1,047,745,412,000.00",0.024559,27.553495,,0.788067,,,0.004696,0.812646,,0.001259,
H,2613.HK,汇舸环保,工业,环保Ⅱ,工业--环保Ⅱ--环保Ⅲ--环境与设施服务,民营企业,"522,500,000.00","510,255,000.00","120,891,000.00","1,017,000.00","453,619,000.00",0.268745,20.074136,0.034410,0.296479,1.134889,0.355181,0.093977,0.512362,1.697111,0.022672,107.9748
H,2617.HK,药捷安康-B,医疗保健,医药生物,医疗保健--医药生物--制药--西药,外资企业,"887,090,000.00","1,181,000.00","-274,610,000.00","201,000.00","629,601,000.00",-0.435846,20.603457,0.000002,0.276977,0.001137,0.837614,0.013120,0.117138,8.244779,0.013291,852.4194
H,2619.HK,香江电器,可选消费,家电Ⅱ,可选消费--家电Ⅱ--家电Ⅲ--家用电器,民营企业,"1,550,292,000.00","1,188,321,000.00","140,425,000.00","11,993,000.00","1,706,979,000.00",0.089291,21.161709,0.001645,0.412657,0.857663,0.209912,0.279783,0.493686,1.543008,0.080279,8.3281
H,2625.HK,江苏宏信,日常消费,日常消费零售,日常消费--日常消费零售--日常消费品经销与零售--大卖场与超市,民营企业,"1,407,136,000.00","1,401,972,000.00","42,722,000.00","24,030,000.00","1,455,688,000.00",0.045856,21.064822,0.023486,0.216084,1.023832,0.148799,0.151261,0.649401,1.255348,0.028946,5.5158
H,2627.HK,中慧生物-B,医疗保健,医药生物,医疗保健--医药生物--生物科技Ⅲ--生物科技Ⅳ,民营企业,"1,119,743,000.00","52,168,000.00","-258,716,000.00","17,713,000.00","1,612,839,000.00",-0.149428,20.836365,0.000098,0.276977,,-0.282134,0.661564,0.675577,0.402985,0.261017,
H,2628.HK,中国人寿,金融,非银金融,金融--非银金融--保险--人寿与健康保险,中央国有企业,"5,802,086,000,000.00",,"106,935,000,000.00","4,200,000,000.00","6,769,546,000,000.00",0.016417,29.389239,,0.788067,,,0.009257,0.916059,,0.000719,
H,2630.HK,旺山旺水-B,医疗保健,医药生物,医疗保健--医药生物--生物科技Ⅲ--生物科技Ⅳ,民营企业,"676,296,000.00","199,651,000.00","-211,404,000.00","16,164,000.00","725,956,000.00",-0.268942,20.332141,0.000376,0.276977,,-0.176883,0.457022,0.721844,0.581451,0.166860,
H,2631.HK,天岳先进,信息技术,半导体,信息技术--半导体--半导体材料与设备--半导体材料与设备Ⅳ,民营企业,"6,911,353,000.00","1,250,696,000.00","179,025,000.00","8,335,000.00","7,356,705,000.00",0.025468,22.656431,0.029727,0.283838,0.195964,0.217052,0.488406,0.243779,2.150627,0.201876,203.5311
H,2632.HK,泽景股份,可选消费,汽车与零配件,可选消费--汽车与零配件--汽车零配件--汽车零配件与设备,民营企业,"565,749,000.00","549,362,000.00","-143,274,000.00","3,234,000.00","776,136,000.00",-0.180432,20.153661,0.000384,0.235727,1.222062,-1.308108,0.114678,2.137830,0.383662,0.032472,156.6009
H,2635.HK,诺比侃,信息技术,软件服务,信息技术--软件服务--信息技术服务--信息科技咨询与其它服务,民营企业,"538,105,000.00","363,699,000.00","115,368,000.00","3,415,000.00","836,195,000.00",0.142052,20.103564,0.003405,0.599444,0.724585,0.705702,0.007389,0.259871,4.003646,0.017283,43.9708
H,2637.HK,海西新药,医疗保健,医药生物,医疗保健--医药生物--制药--西药,民营企业,"561,544,000.00","316,633,000.00","136,079,000.00","7,221,000.00","755,819,000.00",0.189596,20.146201,0.000597,0.276977,0.644543,0.386059,0.165590,0.278334,2.852201,0.110643,49.0283
H,2648.HK,安井食品,日常消费,食品饮料,日常消费--食品饮料--食品--食品加工与肉类,民营企业,"17,300,428,000.00","13,964,878,000.00","1,484,831,000.00","1,540,000.00","17,375,100,000.00",0.085546,23.573997,0.054670,0.252100,0.835141,0.371105,0.298636,0.254320,2.602641,0.083493,15.4835
H,2649.HK,优乐赛共享,材料,造纸与包装,材料--造纸与包装--容器与包装Ⅲ--金属及玻璃容器,民营企业,"844,409,000.00","794,019,000.00","40,114,000.00","4,462,000.00","865,825,000.00",0.051484,20.554148,0.028612,0.920315,0.976293,0.112296,0.319441,0.526708,1.218822,0.144091,22.6119
H,2650.HK,挚达科技,公用事业,公用事业Ⅱ,公用事业--公用事业Ⅱ--电力--电力公用事业,民营企业,"917,663,000.00","670,733,000.00","-238,842,000.00","14,021,000.00","836,438,000.00",-0.268784,20.637341,0.000942,0.202677,0.703495,0.169790,0.043900,0.710958,1.242781,0.021826,-3.7769
H,2651.HK,大众口腔,医疗保健,医疗设备与服务,医疗保健--医疗设备与服务--医疗保健提供商与服务--保健护理服务,民营企业,"491,011,000.00","441,841,000.00","41,916,000.00","5,329,000.00","377,992,000.00",0.124989,20.011977,0.000695,0.881149,0.929697,-0.000574,0.151231,0.651429,0.998864,0.037720,7.9124
H,2652.HK,长风药业,医疗保健,医药生物,医疗保健--医药生物--制药--西药,外资企业,"1,135,145,000.00","556,421,000.00","21,088,000.00","1,783,000.00","1,259,026,000.00",0.018166,20.850026,0.001049,0.276977,0.517514,0.285054,0.354193,0.198320,2.887137,0.121865,59.3750
H,2655.HK,果下科技,信息技术,软件服务,信息技术--软件服务--信息技术服务--信息科技咨询与其它服务,民营企业,"448,175,000.00","314,307,000.00","49,119,000.00","10,324,000.00","1,148,072,000.00",0.051776,19.920694,0.002942,0.599444,1.122734,0.121839,0.051707,0.788781,1.190376,0.067886,121.6067
H,2657.HK,林清轩,日常消费,家庭用品,日常消费--家庭用品--美容护理Ⅲ--美容护理Ⅳ,民营企业,"738,752,000.00","805,004,000.00","186,833,000.00","2,479,000.00","1,073,954,000.00",0.176276,20.420473,0.095316,0.376523,1.254703,0.268803,0.236266,0.363635,1.860357,0.124839,16.4731
H,2658.HK,天域半导体,信息技术,半导体,信息技术--半导体--半导体产品--分立器件,民营企业,"3,043,023,000.00","1,171,214,000.00","-492,455,000.00","34,551,000.00","3,479,553,000.00",-0.131599,21.836117,0.027838,0.283838,0.487846,0.085658,0.408667,0.442431,1.331445,0.359444,168.1013
H,2659.HK,宝济药业-B,医疗保健,医药生物,医疗保健--医药生物--生物科技Ⅲ--生物科技Ⅳ,民营企业,"973,880,000.00","6,930,000.00","-364,433,000.00","4,556,000.00","1,363,267,000.00",-0.263981,20.696799,0.000013,0.276977,,0.225206,0.545462,0.230782,2.493819,0.140022,
H,2670.HK,云迹,工业,机械,工业--机械--机械Ⅲ--工业机械,民营企业,"517,191,000.00","145,153,000.00","-184,963,000.00","167,000.00","510,927,000.00",-0.361688,20.063923,0.000172,0.179656,0.249285,-2.771284,0.031509,3.621964,0.224970,0.010395,-9.9994
H,2671.HK,美联股份,工业,建筑,工业--建筑--建筑产品Ⅲ--建筑产品Ⅳ,外资企业,"1,211,603,000.00","1,453,178,000.00","74,639,000.00","8,799,000.00","1,401,806,000.00",0.059522,20.915210,0.000338,0.218050,1.218125,0.207679,0.077752,0.669785,1.313621,0.004735,-23.7455
H,2675.HK,精锋医疗-B,医疗保健,医疗设备与服务,医疗保健--医疗设备与服务--医疗保健设备与用品--医疗保健设备,民营企业,"1,555,646,000.00","48,042,000.00","-218,509,000.00","863,000.00","1,360,730,000.00",-0.159948,21.165157,0.000076,0.881149,,0.818182,0.029264,0.075403,17.413708,0.040886,
H,2676.HK,纳芯微,信息技术,半导体,信息技术--半导体--半导体产品--集成电路,民营企业,"7,156,314,000.00","1,310,927,000.00","-402,878,000.00","16,435,000.00","7,673,576,000.00",-0.050360,22.691261,0.031159,0.283838,0.187185,0.658903,0.179502,0.132581,9.080581,0.124435,-21.3641
H,2687.HK,卓越睿新,信息技术,软件服务,信息技术--软件服务--软件--应用软件,民营企业,"628,441,000.00","652,964,000.00","105,071,000.00","2,765,000.00","792,508,000.00",0.136069,20.258753,0.006113,0.599444,1.093832,0.506526,0.026960,0.378548,2.406656,0.014566,63.1957
H,2691.HK,南华期货股份,金融,非银金融,金融--非银金融--资本市场--投资银行业与经纪业,其他企业,"36,325,522,000.00",,"457,972,000.00","44,292,000.00","48,863,397,000.00",0.010279,24.315786,,0.788067,,,0.006687,0.897788,,,
H,2692.HK,兆威机电,工业,电气设备,工业--电气设备--电气设备Ⅲ--电气部件与设备,民营企业,"3,804,044,000.00","1,205,945,000.00","225,419,000.00","2,411,000.00","4,121,910,000.00",0.055273,22.059331,0.001414,0.254719,0.327590,0.516893,0.246558,0.188316,4.087800,0.054179,5.5602
H,2693.HK,金岩高岭新材,材料,有色金属,材料--有色金属--其他金属与采矿--金属非金属,地方国有企业,"739,003,000.00","204,687,000.00","52,602,000.00","3,709,000.00","926,715,000.00",0.060764,20.420813,0.000145,0.224317,0.310333,-0.016672,0.521921,0.448324,0.912127,0.277370,8.2862
H,2695.HK,印象大红袍,通讯服务,传媒,通讯服务--传媒--娱乐--电影和娱乐,地方国有企业,"294,275,000.00","143,887,000.00","42,859,000.00","1,712,000.00","316,965,000.00",0.140618,19.500025,0.011220,0.859128,0.534728,0.257171,0.491153,0.206419,4.253611,0.019091,138.8239
H,2696.HK,复宏汉霖,医疗保健,医药生物,医疗保健--医药生物--生物科技Ⅲ--生物科技Ⅳ,民营企业,"9,903,571,000.00","5,394,909,000.00","820,470,000.00","122,887,000.00","10,597,520,000.00",0.089017,23.016161,0.010170,0.276977,0.573077,-0.241469,0.225956,0.778635,0.528084,0.102129,67.8184
H,2701.HK,国民技术,信息技术,半导体,信息技术--半导体--半导体产品--集成电路,公众企业,"3,802,580,000.00","1,036,753,000.00","-235,342,000.00","67,842,000.00","3,712,937,000.00",-0.045113,22.058946,0.024642,0.283838,0.275867,0.188688,0.278504,0.672459,1.570905,0.057306,-12.6339
H,2706.HK,海致科技集团,信息技术,软件服务,信息技术--软件服务--信息技术服务--互联网服务与基础架构,民营企业,"1,062,551,000.00","375,573,000.00","-93,733,000.00","405,000.00","633,505,000.00",-0.147320,20.783938,0.003516,0.599444,0.525920,-1.179275,0.002374,2.160952,0.449217,0.000536,19.9944
H,2714.HK,牧原股份,日常消费,食品饮料,日常消费--食品饮料--食品--食品加工与肉类,民营企业,"195,404,553,902.24","110,860,727,714.40","17,881,260,485.27","3,177,468,228.97","187,648,723,830.92",0.112224,25.998338,0.433996,0.252100,0.570929,-0.159035,0.585753,0.621111,0.671703,0.087079,-11.0559
H,2715.HK,埃斯顿,工业,机械,工业--机械--机械Ⅲ--工业机械,民营企业,"10,081,499,000.00","4,651,949,000.00","-810,929,000.00","154,193,000.00","10,140,899,000.00",-0.064761,23.033968,0.005519,0.179656,0.507518,0.066274,0.127399,0.720080,1.132975,0.041268,20.5543
H,2722.HK,重庆机电,工业,机械,工业--机械--机械Ⅲ--工业机械,地方国有企业,"17,486,084,156.96","8,058,534,342.38","431,282,798.81","90,431,420.80","17,616,732,115.43",0.029615,23.584671,0.009561,0.179656,0.464417,0.243909,0.158642,0.528778,1.599546,0.011241,11.8409
H,2723.HK,深演智能,通讯服务,传媒,通讯服务--传媒--媒体--广告,民营企业,"615,421,000.00","611,190,000.00","21,967,000.00","347,000.00","540,178,000.00",0.041309,20.237817,0.047659,0.859128,1.044396,0.420086,0.003071,0.235408,2.784504,0.000054,12.5783
H,2726.HK,瀚天天成,信息技术,半导体,信息技术--半导体--半导体产品--分立器件,民营企业,"3,073,598,000.00","1,142,502,000.00","165,067,000.00","30,197,000.00","4,502,944,000.00",0.043364,21.846115,0.027155,0.283838,0.504728,0.152878,0.650826,0.523631,1.838353,0.376937,159.2524
H,2727.HK,上海电气,工业,电气设备,工业--电气设备--电气设备Ⅲ--重型电气设备,地方国有企业,"283,266,567,000.00","114,218,209,000.00","752,480,000.00","1,659,580,000.00","302,504,988,000.00",0.007974,26.369654,0.133893,0.254719,0.399863,0.085086,0.078941,0.728430,1.143701,0.014928,-2.3658
H,2729.HK,凯乐士科技,工业,机械,工业--机械--机械Ⅲ--工业机械,公众企业,"2,149,769,000.00","550,790,000.00","-168,958,000.00","3,449,000.00","2,006,318,000.00",-0.082494,21.488626,0.000653,0.179656,0.269885,-0.527683,0.058214,1.415689,0.619804,0.010401,-16.1562
H,2768.HK,国恩科技,材料,化工,材料--化工--基础化工--商品化工,民营企业,"15,053,205,000.00","17,438,779,000.00","685,232,000.00","144,568,000.00","18,351,448,000.00",0.045217,23.434857,0.225420,0.289045,1.253954,0.239704,0.200424,0.576172,1.539338,0.047644,30.4897
H,2777.HK,富力地产,房地产,房地产Ⅱ,房地产--房地产Ⅱ--房地产管理和开发--房地产开发,外资企业,"334,868,229,000.00","36,238,835,000.00","-17,709,538,000.00","5,908,871,000.00","290,592,833,000.00",-0.040609,26.537003,0.061314,0.629943,0.102982,0.087481,0.132311,0.861461,1.148674,0.001596,2.9729
H,2799.HK,中信金融资产,金融,非银金融,金融--非银金融--资本市场--资产管理与托管银行,中央国有企业,"968,103,164,000.00",,"9,618,368,000.00","32,355,706,000.00","984,328,550,000.00",0.042642,27.598604,,0.788067,,,0.006631,0.950381,,0.000404,
H,2865.HK,钧达股份,工业,电气设备,工业--电气设备--电气设备Ⅲ--光伏设备,民营企业,"17,925,955,000.00","18,610,794,000.00","-591,113,000.00","220,557,000.00","16,444,209,000.00",-0.022534,23.609515,0.021817,0.254719,1.390649,0.030125,0.521700,0.737295,1.083587,0.144693,61.0410
H,2866.HK,中远海发,工业,机械,工业--机械--机械Ⅲ--工业机械,中央国有企业,"125,930,990,000.00","15,533,247,000.00","1,685,947,000.00","4,035,382,000.00","126,367,138,000.00",0.045275,25.559000,0.018429,0.179656,0.122299,-0.123795,0.359378,0.767462,0.592016,0.029580,-38.8913
H,2880.HK,辽港股份,工业,交通运输,工业--交通运输--交通基础设施--海港与服务,中央国有企业,"56,352,939,728.84","12,219,878,814.79","1,143,973,474.80","447,276,518.35","59,786,931,555.09",0.026615,24.754900,0.010729,0.128314,0.214455,0.087580,0.560141,0.241758,1.952560,0.011846,0.4307
H,2883.HK,中海油田服务,能源,石油石化,能源--石油石化--能源设备与服务--石油天然气钻井,中央国有企业,"83,245,834,000.00","44,042,241,000.00","3,136,992,000.00","759,921,000.00","82,947,663,000.00",0.046980,25.145064,0.006847,0.458947,0.549053,0.082953,0.587758,0.492394,1.295552,0.113805,23.6790
H,2889.HK,博泰车联,信息技术,硬件设备,信息技术--硬件设备--电子设备、仪器和元件--电子设备和仪器,民营企业,"2,580,751,000.00","1,495,817,000.00","-541,238,000.00","44,074,000.00","4,307,750,000.00",-0.115412,21.671346,0.001918,0.356631,0.614595,0.155259,0.121055,0.767934,1.233543,0.070888,22.8338
H,2899.HK,紫金矿业,材料,有色金属,材料--有色金属--贵金属--黄金,地方国有企业,"343,005,706,012.00","293,403,242,878.00","32,050,602,437.00","4,548,705,755.00","396,610,730,026.00",0.092280,26.561013,0.207349,0.224317,0.904101,-0.019107,0.342247,0.596617,0.922147,0.088712,8.5356
H,3200.HK,大族数控,信息技术,硬件设备,信息技术--硬件设备--电子设备、仪器和元件--电子设备和仪器,外资企业,"5,979,127,000.00","1,634,311,000.00","301,180,000.00","10,061,000.00","7,186,497,000.00",0.043309,22.511540,0.002096,0.356631,0.248925,0.570166,0.069472,0.215848,3.759046,0.040545,-41.0451
H,3268.HK,美格智能,信息技术,硬件设备,信息技术--硬件设备--电子设备、仪器和元件--电子元件,民营企业,"2,144,722,000.00","2,147,336,000.00","135,572,000.00","6,297,000.00","2,759,557,000.00",0.051410,21.486276,0.002754,0.356631,1.109326,0.457325,0.010109,0.310030,2.570731,0.041226,-6.6939
H,3277.HK,长光辰芯,信息技术,硬件设备,信息技术--硬件设备--电子设备、仪器和元件--电子设备和仪器,民营企业,"1,313,888,000.00","604,835,000.00","198,675,000.00","868,000.00","1,491,080,000.00",0.133824,20.996257,0.000776,0.356631,0.512705,0.713602,0.037527,0.266948,5.682370,0.021383,0.0708
H,3288.HK,海天味业,日常消费,食品饮料,日常消费--食品饮料--食品--食品加工与肉类,民营企业,"38,423,517,000.00","24,559,312,000.00","6,344,126,000.00","23,961,000.00","40,858,435,000.00",0.155857,24.371936,0.096144,0.252100,0.677660,0.568355,0.136579,0.244396,3.443778,0.050077,-3.3191
H,3296.HK,华勤技术,信息技术,硬件设备,信息技术--硬件设备--电脑与外围设备--电脑硬件、储存设备及电脑周边,民营企业,"51,509,636,000.00","85,338,484,000.00","2,928,940,000.00","244,092,000.00","76,296,823,000.00",0.041588,24.665035,0.109436,0.356631,1.789780,0.149643,0.149797,0.595356,1.271165,0.028438,-7.6748
H,3310.HK,云英谷科技,信息技术,硬件设备,信息技术--硬件设备--电子设备、仪器和元件--电子设备和仪器,公众企业,"1,214,193,000.00","720,404,000.00","-308,986,000.00","3,853,000.00","1,225,721,000.00",-0.248942,20.917345,0.000924,0.356631,0.542961,0.794471,0.041004,0.108135,8.603741,0.006370,30.6761
H,3317.HK,迅策,信息技术,软件服务,信息技术--软件服务--信息技术服务--信息科技咨询与其它服务,公众企业,"2,048,893,000.00","530,458,000.00","-84,011,000.00","2,189,000.00","1,832,362,000.00",-0.044654,21.440565,0.004966,0.599444,0.271098,0.431065,0.002402,0.137374,4.183772,0.001944,84.2514
H,3319.HK,雅生活服务,房地产,房地产Ⅱ,房地产--房地产Ⅱ--房地产管理和开发--房地产经营公司,民营企业,"24,050,580,000.00","15,443,449,000.00","-3,270,698,000.00","28,832,000.00","20,247,171,000.00",-0.160115,23.903425,0.026129,0.629943,0.660650,0.309500,0.026311,0.399219,1.823018,0.008971,0.4218
H,3323.HK,中国建材,材料,建材Ⅱ,材料--建材Ⅱ--建材Ⅲ--建材Ⅳ,中央国有企业,"488,897,924,000.00","210,216,434,000.00","2,387,299,000.00","5,236,794,000.00","494,007,276,000.00",0.015433,26.915420,0.422953,0.311192,0.432827,-0.057868,0.405009,0.604183,0.839976,0.045087,-10.1178
H,3328.HK,交通银行,金融,银行,金融--银行--商业银行--多元化银行,中央国有企业,"14,060,472,000,000.00",,"93,586,000,000.00","281,880,000,000.00","14,900,717,000,000.00",0.025198,30.274389,,,,,0.015487,0.921806,,0.003385,
H,3330.HK,灵宝黄金,材料,有色金属,材料--有色金属--贵金属--黄金,民营企业,"6,836,150,000.00","10,533,681,000.00","697,997,000.00","135,422,000.00","7,215,144,000.00",0.115510,22.645491,0.007444,0.224317,1.533281,-0.108507,0.348533,0.643578,0.799864,0.065084,4.0214
H,3332.HK,中生联合,日常消费,家庭用品,日常消费--家庭用品--美容护理Ⅲ--美容护理Ⅳ,民营企业,"505,419,000.00","563,959,000.00","34,562,000.00","3,390,000.00","505,557,000.00",0.075070,20.040898,0.066775,0.376523,1.196849,0.382777,0.142705,0.251969,3.357838,0.004640,105.1872
H,3347.HK,泰格医药,医疗保健,医药生物,医疗保健--医药生物--生命科学工具和服务Ⅲ--生命科学工具和服务Ⅳ,民营企业,"29,680,743,000.00","7,384,039,000.00","405,143,491.82","141,235,382.04","28,671,015,787.16",0.019057,24.113764,0.013919,0.276977,0.258512,0.242692,0.039637,0.176114,2.740450,0.010629,4.2138
H,3355.HK,飞速创新,信息技术,硬件设备,信息技术--硬件设备--通信设备Ⅲ--通信设备Ⅳ,民营企业,"2,719,416,000.00","2,212,851,000.00","397,257,000.00","18,544,000.00","3,550,399,000.00",0.117114,21.723683,0.002838,0.356631,0.908166,0.487552,0.127552,0.265290,3.354716,0.125439,11.2968
H,3369.HK,秦港股份,工业,交通运输,工业--交通运输--交通基础设施--海港与服务,地方国有企业,"28,026,106,959.77","7,054,883,834.36","1,564,897,805.73","172,337,813.80","27,880,013,639.48",0.062311,24.056402,0.006194,0.128314,0.252110,0.012715,0.490615,0.308783,1.112742,0.037860,1.9577
H,3378.HK,翰思艾泰-B,医疗保健,医药生物,医疗保健--医药生物--生物科技Ⅲ--生物科技Ⅳ,外资企业,"586,240,000.00",,"-115,830,000.00","9,379,000.00","501,471,000.00",-0.212277,20.189240,,0.276977,,0.402374,0.014226,0.454863,4.751817,0.008155,
H,3388.HK,创想三维,工业,企业服务,工业--企业服务--商业服务与用品--商业印刷,公众企业,"1,945,124,000.00","1,882,862,000.00","88,757,000.00","15,172,000.00","2,254,649,000.00",0.046095,21.388592,0.082054,0.355947,1.048407,0.175280,0.323976,0.492257,1.446062,0.074582,39.8422
H,3396.HK,联想控股,信息技术,硬件设备,信息技术--硬件设备--电脑与外围设备--电脑硬件、储存设备及电脑周边,中央国有企业,"665,732,567,000.00","436,012,166,000.00","133,231,000.00","9,396,569,000.00","695,967,994,000.00",0.013693,27.224154,0.559130,0.356631,0.647475,-0.224988,0.051008,0.849611,0.661499,0.022196,-9.8520
H,3399.HK,粤运交通,工业,交通运输,工业--交通运输--铁路公路运输--地面货运,地方国有企业,"8,603,368,305.61","7,227,231,098.67","236,507,552.38","175,797,446.27","8,724,059,777.83",0.047261,22.875420,0.006345,0.128314,0.811184,-0.012378,0.280192,0.695828,0.958408,0.016847,24.1893
H,3606.HK,福耀玻璃,可选消费,汽车与零配件,可选消费--汽车与零配件--汽车零配件--汽车零配件与设备,外资企业,"56,640,463,000.00","33,160,997,000.00","7,497,392,000.00","288,507,000.00","63,263,654,000.00",0.123071,24.759989,0.023205,0.235727,0.617416,0.325449,0.359159,0.445249,2.220540,0.079002,18.0159
H,3618.HK,重庆农村商业银行,金融,银行,金融--银行--商业银行--区域性银行,地方国有企业,"1,441,522,072,000.00",,"11,512,747,000.00","24,593,354,000.00","1,515,381,799,000.00",0.023826,27.996721,,,,,0.003355,0.914020,,0.000719,
H,3625.HK,傅里叶,信息技术,半导体,信息技术--半导体--半导体产品--集成电路,民营企业,"321,686,000.00","150,291,000.00","-56,844,000.00","1,393,000.00","321,427,000.00",-0.172515,19.589086,0.003572,0.283838,0.442361,0.423432,0.057454,0.342670,2.275393,0.010862,15.3184
H,3636.HK,金浔资源,材料,有色金属,材料--有色金属--其他金属与采矿--铜,民营企业,"882,818,000.00","675,701,000.00","202,438,000.00","26,870,000.00","1,373,816,000.00",0.166913,20.598630,0.000478,0.224317,0.889189,-0.199321,0.571988,0.559056,0.622703,0.218299,8.7607
H,3677.HK,正力新能,工业,电气设备,工业--电气设备--电气设备Ⅲ--电气部件与设备,民营企业,"14,130,782,000.00","4,161,670,000.00","91,014,000.00","132,585,000.00","15,594,231,000.00",0.014339,23.371621,0.004879,0.254719,0.338600,-0.127003,0.397642,0.664050,0.708187,0.057587,26.4848
H,3678.HK,弘业期货,金融,非银金融,金融--非银金融--资本市场--综合性资本市场,地方国有企业,"9,313,077,143.89",,"29,826,197.50","6,551,801.35","11,699,369,620.88",0.003109,22.954685,,0.788067,,,0.034117,0.801624,,0.003059,
H,3689.HK,康华医疗,医疗保健,医疗设备与服务,医疗保健--医疗设备与服务--医疗保健提供商与服务--保健护理设施,民营企业,"2,624,986,000.00","2,041,858,000.00","15,337,000.00","23,627,000.00","2,741,535,000.00",0.014212,21.688341,0.003212,0.881149,0.764123,0.125260,0.429761,0.429510,1.428861,0.049861,10.6319
H,3698.HK,徽商银行,金融,银行,金融--银行--商业银行--区域性银行,公众企业,"1,806,143,550,000.00",,"15,414,392,000.00","37,743,115,000.00","2,013,753,074,000.00",0.026397,28.222215,,,,,0.002513,0.918762,,0.000345,
H,3750.HK,宁德时代,工业,电气设备,工业--电气设备--电气设备Ⅲ--电气部件与设备,民营企业,"717,168,041,000.00","400,917,045,000.00","52,032,846,000.00","3,879,076,000.00","786,658,123,000.00",0.071075,27.298576,0.469978,0.254719,0.608316,0.226986,0.202318,0.693401,1.567200,0.046886,22.3477
H,3759.HK,康龙化成,医疗保健,医药生物,医疗保健--医药生物--生命科学工具和服务Ⅲ--生命科学工具和服务Ⅳ,民营企业,"26,476,713,000.00","11,537,996,000.00","1,793,351,000.00","243,718,000.00","23,927,399,000.00",0.085135,23.999531,0.021750,0.276977,0.491300,0.272690,0.364458,0.500012,2.975642,0.108220,12.3872
H,3768.HK,滇池水务,公用事业,公用事业Ⅱ,公用事业--公用事业Ⅱ--水务Ⅲ--水务Ⅳ,地方国有企业,"12,063,850,000.00","1,807,488,000.00","263,222,000.00","249,335,000.00","12,383,952,000.00",0.041389,23.213479,0.002539,0.202677,0.152107,0.009538,0.206029,0.587420,1.023989,0.007106,-12.5069
H,3833.HK,新疆新鑫矿业,材料,有色金属,材料--有色金属--其他金属与采矿--金属非金属,地方国有企业,"7,837,578,222.31","2,049,837,120.97","185,917,666.16","23,704,862.77","7,723,225,253.89",0.027142,22.782196,0.001449,0.224317,0.261675,0.124917,0.511031,0.295636,1.826223,0.013373,-28.4206
H,3866.HK,青岛银行,金融,银行,金融--银行--商业银行--区域性银行,公众企业,"607,985,372,000.00",,"4,264,120,000.00","12,547,608,000.00","689,963,033,000.00",0.024366,27.133417,,,,,0.005824,0.934309,,0.000664,
H,3880.HK,泰德医药,医疗保健,医疗设备与服务,医疗保健--医疗设备与服务--医疗保健设备与用品--医疗保健用品,外资企业,"1,308,746,000.00","336,774,000.00","59,173,000.00","1,141,000.00","1,172,628,000.00",0.051435,20.992335,0.000530,0.881149,0.264354,0.206527,0.226490,0.806010,1.538945,0.042517,-4.0092
H,3881.HK,希迪智驾,信息技术,软件服务,信息技术--软件服务--软件--应用软件,外资企业,"1,308,181,000.00","132,604,000.00","-580,709,000.00","135,716,000.00","1,243,232,000.00",-0.357932,20.991903,0.001241,0.599444,0.100004,0.274024,0.225255,1.655105,1.907885,0.023248,326.9835
H,3898.HK,时代电气,工业,电气设备,工业--电气设备--电气设备Ⅲ--电气部件与设备,中央国有企业,"53,404,847,387.00","21,798,940,776.00","3,702,585,914.00","39,387,935.00","64,802,246,319.00",0.057745,24.701167,0.025554,0.254719,0.427789,0.450948,0.121600,0.293762,2.792924,0.055810,20.8784
H,3903.HK,瀚华金控,金融,非银金融,金融--非银金融--金融服务--特殊金融服务,公众企业,"13,162,389,000.00",,,,,,23.300629,,0.788067,,,0.064401,0.397408,,0.000805,
H,3908.HK,中金公司,金融,非银金融,金融--非银金融--资本市场--投资银行业与经纪业,中央国有企业,"624,306,586,684.00",,"5,694,343,080.00","10,102,740,331.00","674,715,821,446.00",0.023413,27.159907,,0.788067,,,0.003383,0.831978,,0.002338,
H,3931.HK,中创新航,工业,电气设备,工业--电气设备--电气设备Ⅲ--电气部件与设备,公众企业,"105,429,025,000.00","27,005,885,000.00","591,196,000.00","415,116,000.00","122,473,383,000.00",0.008217,25.381304,0.031658,0.254719,0.275726,-0.044679,0.642089,0.560028,0.872073,0.190925,32.5446
H,3958.HK,东方证券,金融,非银金融,金融--非银金融--资本市场--投资银行业与经纪业,地方国有企业,"383,690,462,000.00",,"3,350,208,000.00","4,237,545,000.00","417,736,375,000.00",0.018164,26.673102,,0.788067,,,0.007140,0.794730,,0.002857,
H,3968.HK,招商银行,金融,银行,金融--银行--商业银行--多元化银行,公众企业,"11,028,483,000,000.00",,"148,391,000,000.00","162,994,000,000.00","12,152,036,000,000.00",0.025624,30.031502,,,,,0.010459,0.901552,,0.002735,
H,3969.HK,中国通号,工业,电气设备,工业--电气设备--电气设备Ⅲ--电气部件与设备,中央国有企业,"118,990,487,731.74","37,002,229,438.89","3,494,725,837.36","52,849,365.13","117,890,875,515.13",0.030092,25.502309,0.043376,0.254719,0.313848,0.220738,0.046415,0.589254,1.396501,0.005720,-7.9620
H,3983.HK,中海石油化学,材料,化工,材料--化工--农用化工--化肥与农用药剂,中央国有企业,"24,317,346,000.00","12,989,832,000.00","1,071,273,000.00","52,759,000.00","24,075,995,000.00",0.046687,23.914456,0.167911,0.289045,0.543337,0.511263,0.293737,0.201921,4.954284,0.030999,-9.0288
H,3986.HK,兆易创新,信息技术,半导体,信息技术--半导体--半导体产品--集成电路,民营企业,"16,455,780,000.00","5,760,823,000.00","1,102,543,000.00","19,253,000.00","19,228,830,000.00",0.058339,23.523943,0.136925,0.283838,0.348060,0.645170,0.068784,0.076338,11.765617,0.021170,-28.5110
H,3988.HK,中国银行,金融,银行,金融--银行--商业银行--多元化银行,中央国有企业,"32,432,166,000,000.00",,"237,841,000,000.00","622,605,000,000.00","35,061,299,000,000.00",0.024541,31.110172,,,,,0.007631,0.914998,,0.000899,
H,3993.HK,洛阳钼业,材料,有色金属,材料--有色金属--其他金属与采矿--金属非金属,民营企业,"172,974,530,702.61","186,268,971,920.54","13,532,035,002.94","4,043,301,643.47","170,236,431,691.82",0.103241,25.876410,0.131637,0.224317,1.102204,0.200419,0.267235,0.583972,1.707781,0.074719,7.6756
H,3996.HK,中国能源建设,工业,建筑,工业--建筑--建筑与工程Ⅲ--建筑与工程Ⅳ,中央国有企业,"783,156,193,000.00","406,031,848,000.00","8,396,167,000.00","6,761,837,000.00","869,004,776,000.00",0.017443,27.386598,0.094430,0.218050,0.561008,0.011570,0.106064,0.759623,1.021730,0.039749,10.8178
H,6030.HK,中信证券,金融,非银金融,金融--非银金融--资本市场--投资银行业与经纪业,中央国有企业,"1,453,359,126,000.00",,"21,703,697,000.00","18,857,700,000.00","1,710,710,828,000.00",0.023710,28.004899,,0.788067,,,0.006060,0.811334,,0.001087,
H,6031.HK,三一重工,工业,机械,工业--机械--机械Ⅲ--建筑机械与重型卡车,民营企业,"151,203,358,000.00","74,018,936,000.00","5,975,451,000.00","845,080,000.00","152,145,076,000.00",0.044829,25.741892,0.087818,0.179656,0.477348,0.285756,0.165368,0.542589,1.793858,0.029928,-8.0167
H,6049.HK,保利物业,房地产,房地产Ⅱ,房地产--房地产Ⅱ--房地产管理和开发--房地产经营公司,中央国有企业,"14,877,257,000.00","15,061,858,000.00","1,473,850,000.00","4,504,000.00","16,781,237,000.00",0.088096,23.423100,0.025484,0.629943,1.076355,0.558353,0.011732,0.403349,2.402861,0.005148,10.0477
H,6060.HK,众安在线,金融,非银金融,金融--非银金融--保险--多元化保险,公众企业,"42,863,606,000.00",,"603,456,000.00",,"45,284,579,000.00",,24.481289,,0.788067,,,0.001287,0.531691,,0.006789,
H,6066.HK,中信建投证券,金融,非银金融,金融--非银金融--资本市场--投资银行业与经纪业,地方国有企业,"522,752,188,000.00",,"7,223,220,000.00","7,897,001,000.00","566,418,218,000.00",0.026694,26.982373,,0.788067,,,0.001530,0.813437,,0.002062,
H,6082.HK,壁仞科技,信息技术,半导体,信息技术--半导体--半导体材料与设备--半导体材料与设备Ⅳ,公众企业,"3,397,768,000.00","62,030,000.00","-1,538,100,000.00","38,827,000.00","3,041,147,000.00",-0.492996,21.946385,0.001474,0.283838,0.017865,0.455530,0.090506,2.756995,2.262715,0.037278,12330.8617
H,6099.HK,招商证券,金融,非银金融,金融--非银金融--资本市场--投资银行业与经纪业,中央国有企业,"695,852,992,000.00",,"10,385,872,000.00","8,885,650,000.00","721,160,331,000.00",0.026723,27.268404,,0.788067,,,0.002213,0.824623,,0.000874,
H,6117.HK,日照港裕廊,工业,交通运输,工业--交通运输--海上运输Ⅲ--海上运输Ⅳ,地方国有企业,"3,300,604,000.00","825,808,000.00","206,038,000.00","18,371,000.00","3,536,673,000.00",0.063452,21.917371,0.000725,0.128314,0.266181,0.126564,0.574879,0.171404,2.810874,0.162324,-0.9217
H,6127.HK,昭衍新药,医疗保健,医药生物,医疗保健--医药生物--生命科学工具和服务Ⅲ--生命科学工具和服务Ⅳ,民营企业,"10,027,159,000.00","2,376,487,000.00","74,075,000.00","2,448,000.00","9,396,152,000.00",0.008144,23.028563,0.004480,0.276977,0.233087,0.563929,0.099277,0.174139,4.853576,0.019220,4.7847
H,6138.HK,哈尔滨银行,金融,银行,金融--银行--商业银行--区域性银行,地方国有企业,"813,328,725,000.00",,"919,666,000.00","20,435,759,000.00","916,231,929,000.00",0.023308,27.424401,,,,,0.009982,0.921448,,0.000220,
H,6166.HK,剑桥科技,信息技术,硬件设备,信息技术--硬件设备--通信设备Ⅲ--通信设备Ⅳ,外资企业,"4,735,918,000.00","3,085,362,000.00","166,681,000.00","52,890,000.00","5,188,814,000.00",0.042316,22.278441,0.003957,0.356631,0.618738,0.214688,0.110874,0.516892,1.454280,0.042898,-18.4179
H,6168.HK,周六福,可选消费,可选消费零售,可选消费--可选消费零售--专营零售--其他专卖店,民营企业,"3,075,203,000.00","5,149,601,000.00","706,312,000.00","9,397,000.00","3,957,571,000.00",0.180846,21.846637,0.043778,0.369507,1.819635,0.549649,0.023020,0.263911,3.129854,0.010907,66.0257
H,6178.HK,光大证券,金融,非银金融,金融--非银金融--资本市场--投资银行业与经纪业,中央国有企业,"259,604,027,000.00",,"3,058,464,000.00","2,701,984,000.00","292,959,018,000.00",0.019663,26.282423,,0.788067,,,0.003429,0.738466,,0.001949,
H,6181.HK,老铺黄金,可选消费,纺织服装Ⅱ,可选消费--纺织服装Ⅱ--纺织服装Ⅲ--服装、服饰与奢侈品,民营企业,"2,158,547,000.00","3,179,564,000.00","1,473,106,000.00","30,127,000.00","6,336,758,000.00",0.237224,21.492701,0.130053,0.702042,1.843354,0.603041,0.026661,0.297946,3.745352,0.027584,145.6742
H,6185.HK,康希诺生物,医疗保健,医药生物,医疗保健--医药生物--生物科技Ⅲ--生物科技Ⅳ,民营企业,"9,318,769,000.00","345,182,000.00","-378,884,000.00","59,982,000.00","7,958,132,000.00",-0.040072,22.955296,0.000651,0.276977,0.033210,0.277825,0.304583,0.432606,1.998897,0.065510,-66.5210
H,6188.HK,迪信通,可选消费,可选消费零售,可选消费--可选消费零售--专营零售--电脑与电子产品零售,地方国有企业,"8,332,188,000.00","17,145,992,000.00","-1,374,142,000.00","173,908,000.00","10,395,975,000.00",-0.115452,22.843392,0.145761,0.369507,2.227233,-0.015812,0.005572,0.994722,0.983769,0.002197,26.9365
H,6189.HK,爱得威建设集团,工业,建筑,工业--建筑--建筑与工程Ⅲ--建筑与工程Ⅳ,民营企业,"93,566,000.00","61,366,000.00","-55,709,000.00","45,028,000.00","57,724,000.00",-0.185036,18.354178,0.000014,0.218050,0.556769,-7.473431,0.474638,7.925283,0.055307,0.000770,-67.5503
H,6190.HK,九江银行,金融,银行,金融--银行--商业银行--区域性银行,公众企业,"503,849,217,000.00",,"744,432,000.00","10,041,235,000.00","516,458,621,000.00",0.020884,26.945543,,,,,0.007235,0.918713,,0.001186,
H,6196.HK,郑州银行,金融,银行,金融--银行--商业银行--区域性银行,地方国有企业,"630,709,429,000.00",,"1,875,762,000.00","12,991,254,000.00","676,365,240,000.00",0.021981,27.170111,,,,,0.005429,0.913883,,0.000828,
H,6198.HK,青岛港,工业,交通运输,工业--交通运输--交通基础设施--海港与服务,地方国有企业,"60,245,860,643.00","18,173,127,837.00","5,234,897,470.00","123,906,331.00","62,749,753,460.00",0.085400,24.821700,0.015956,0.128314,0.308747,0.103533,0.423030,0.260718,1.729182,0.045052,-5.6567
H,6199.HK,贵州银行,金融,银行,金融--银行--商业银行--区域性银行,地方国有企业,"576,786,026,000.00",,"3,778,511,000.00","12,681,005,000.00","589,986,892,000.00",0.027898,27.080737,,,,,0.006398,0.916056,,0.000512,
H,6600.HK,卧安机器人,信息技术,软件服务,信息技术--软件服务--信息技术服务--信息科技咨询与其它服务,民营企业,"374,469,000.00","457,264,000.00","-3,074,000.00","4,409,000.00","452,532,000.00",0.002950,19.741020,0.004281,0.599444,1.277922,0.434201,0.030515,0.475521,2.184180,0.038289,66.5218
H,6609.HK,心玮医疗-B,医疗保健,医疗设备与服务,医疗保健--医疗设备与服务--医疗保健设备与用品--医疗保健设备,民营企业,"1,201,245,000.00","232,344,000.00","-13,622,000.00","1,749,000.00","1,206,249,000.00",-0.009843,20.906624,0.000365,0.881149,0.184855,0.787192,0.058222,0.104559,16.817637,0.041052,26.9417
H,6613.HK,蓝思科技,信息技术,硬件设备,信息技术--硬件设备--电子设备、仪器和元件--电子元件,民营企业,"77,469,741,000.00","54,490,734,000.00","3,623,901,000.00","388,438,000.00","81,016,047,000.00",0.049525,25.073153,0.069877,0.356631,0.699426,0.116489,0.478759,0.399486,1.473563,0.066176,17.5819
H,6636.HK,极视角,信息技术,软件服务,信息技术--软件服务--信息技术服务--互联网服务与基础架构,民营企业,"335,225,000.00","127,681,000.00","8,683,000.00","1,372,000.00","470,796,000.00",0.021357,19.630313,0.001195,0.599444,0.368521,0.633926,0.005035,0.366133,2.843727,0.000394,25.7049
H,6651.HK,五一视界,信息技术,软件服务,信息技术--软件服务--信息技术服务--信息科技咨询与其它服务,公众企业,"374,688,000.00","256,302,000.00","-79,127,000.00","5,603,000.00","634,217,000.00",-0.115929,19.741604,0.002399,0.599444,0.583147,0.049983,0.017524,0.724894,1.074684,0.009088,50.7863
H,6655.HK,华新建材,材料,建材Ⅱ,材料--建材Ⅱ--建材Ⅲ--建材Ⅳ,外资企业,"68,800,268,263.00","33,757,087,272.00","2,416,280,487.00","802,402,368.00","69,512,689,187.00",0.046304,24.954473,0.067919,0.311192,0.507465,-0.053991,0.455917,0.516065,0.803814,0.070496,10.7866
H,6656.HK,思格新能,信息技术,硬件设备,信息技术--硬件设备--电子设备、仪器和元件--电子设备和仪器,民营企业,"655,979,000.00","58,302,000.00","83,845,000.00","10,820,000.00","1,626,010,000.00",0.058219,20.301639,0.000075,0.356631,,0.232992,0.150404,0.597845,1.427642,0.141645,
H,6657.HK,百望股份,工业,企业服务,工业--企业服务--专业服务--数据处理与外包服务,民营企业,"1,151,869,000.00","712,996,000.00","-501,210,000.00","361,000.00","1,215,931,000.00",-0.411906,20.864652,0.031072,0.355947,0.591064,-1.383751,0.008637,2.216877,0.375473,0.005297,35.6112
H,6660.HK,艾美疫苗,医疗保健,医药生物,医疗保健--医药生物--生物科技Ⅲ--生物科技Ⅳ,民营企业,"7,261,995,000.00","1,187,468,000.00","-277,234,000.00","60,796,000.00","7,314,321,000.00",-0.029591,22.705920,0.002238,0.276977,0.147166,-0.016382,0.453583,0.464393,0.954278,0.041537,-6.0602
H,6661.HK,湖州燃气,公用事业,公用事业Ⅱ,公用事业--公用事业Ⅱ--燃气Ⅲ--燃气Ⅳ,地方国有企业,"2,201,674,000.00","2,435,567,000.00","117,792,000.00","2,458,000.00","2,209,895,000.00",0.054414,21.512484,0.003421,0.202677,1.082350,0.160765,0.457268,0.419628,1.543898,0.084626,-5.5784
H,6680.HK,金力永磁,材料,有色金属,材料--有色金属--其他金属与采矿--金属非金属,民营企业,"11,825,956,000.00","6,687,864,000.00","291,043,000.00","46,745,000.00","12,297,310,000.00",0.027468,23.193563,0.004726,0.224317,0.580382,0.410349,0.189570,0.404940,2.218218,0.061863,-6.6617
H,6682.HK,范式智能,信息技术,软件服务,信息技术--软件服务--软件--应用软件,民营企业,"7,147,274,000.00","4,204,142,000.00","-268,788,000.00","6,137,000.00","7,587,645,000.00",-0.034616,22.689997,0.039356,0.599444,0.606385,0.561525,0.006583,0.237120,3.442489,0.005427,36.3814
H,6690.HK,海尔智家,可选消费,家电Ⅱ,可选消费--家电Ⅱ--家电Ⅲ--家用电器,集体企业,"253,380,000,000.00","261,422,000,000.00","18,741,000,000.00","2,705,000,000.00","290,114,000,000.00",0.073923,26.258156,0.361897,0.412657,1.068723,0.049483,0.140086,0.582003,1.104411,0.039099,7.3381
H,6693.HK,赤峰黄金,材料,有色金属,材料--有色金属--贵金属--黄金,民营企业,"18,717,793,000.00","7,220,952,000.00","1,764,339,650.99","208,992,302.95","20,328,568,613.12",0.097072,23.652740,0.005103,0.224317,0.398265,0.062666,0.348420,0.543632,1.315111,0.093065,20.6951
H,6806.HK,申万宏源,金融,非银金融,金融--非银金融--资本市场--投资银行业与经纪业,中央国有企业,"635,437,418,000.00",,"5,210,662,000.00","8,748,192,000.00","697,596,593,000.00",0.020010,27.177579,,0.788067,,,0.002250,0.797314,,0.000922,
H,6809.HK,澜起科技,信息技术,半导体,信息技术--半导体--半导体产品--集成电路,公众企业,"10,697,540,000.00","2,285,738,000.00","1,411,778,000.00","1,513,000.00","12,218,910,000.00",0.115664,23.093280,0.054328,0.283838,0.213784,0.738951,0.087382,0.045891,21.208441,0.039435,-37.6590
H,6810.HK,商米科技-W,信息技术,软件服务,信息技术--软件服务--信息技术服务--互联网服务与基础架构,民营企业,"3,461,520,000.00","3,070,569,000.00","181,043,000.00","30,103,000.00","4,403,272,000.00",0.047952,21.964974,0.028744,0.599444,0.966328,0.447885,0.007992,0.487069,1.947917,0.009179,-9.8053
H,6818.HK,中国光大银行,金融,银行,金融--银行--商业银行--多元化银行,中央国有企业,"6,772,796,000,000.00",,"41,696,000,000.00","137,341,000,000.00","6,959,021,000,000.00",0.025727,29.543935,,,,,0.003815,0.918086,,0.000761,
H,6821.HK,凯莱英,医疗保健,医药生物,医疗保健--医药生物--制药--西药,外资企业,"19,767,159,000.00","7,781,436,000.00","948,950,000.00","9,505,000.00","19,288,556,000.00",0.049690,23.707288,0.014669,0.276977,0.409480,0.533777,0.271464,0.114188,6.859194,0.062812,-23.9365
H,6826.HK,昊海生物科技,医疗保健,医药生物,医疗保健--医药生物--生物科技Ⅲ--生物科技Ⅳ,民营企业,"7,105,497,000.00","2,634,910,000.00","420,447,000.00","18,061,000.00","7,121,392,000.00",0.061576,22.684135,0.004967,0.276977,0.376472,0.427021,0.198145,0.153150,5.237990,0.037609,25.2668
H,6839.HK,云南水务,公用事业,公用事业Ⅱ,公用事业--公用事业Ⅱ--水务Ⅲ--水务Ⅳ,地方国有企业,"46,844,467,000.00","3,116,539,000.00","-1,739,385,000.00","1,110,464,000.00","44,468,734,000.00",-0.014143,24.570099,0.004378,0.202677,0.066655,-0.062058,0.090879,0.926321,0.758585,0.002864,-17.7547
H,6865.HK,福莱特玻璃,工业,电气设备,工业--电气设备--电气设备Ⅲ--光伏设备,民营企业,"42,981,997,983.52","21,523,708,522.42","1,006,602,737.08","569,813,716.98","42,919,798,033.81",0.036729,24.484047,0.025231,0.254719,0.571195,0.177935,0.392511,0.481390,1.832663,0.130574,39.2143
H,6866.HK,佐力科创,金融,非银金融,金融--非银金融--消费信贷Ⅲ--消费信贷Ⅳ,民营企业,"2,657,317,000.00",,"62,440,000.00","40,512,000.00","2,578,519,000.00",0.039927,21.700583,,0.788067,,,0.011807,0.246340,,0.000011,
H,6869.HK,长飞光纤光缆,信息技术,硬件设备,信息技术--硬件设备--通信设备Ⅲ--通信设备Ⅳ,公众企业,"29,142,343,893.00","13,352,753,464.00","675,878,799.00","248,559,033.00","31,726,719,925.00",0.029138,24.095458,0.017123,0.356631,0.465694,0.187845,0.264132,0.505960,1.602756,0.077643,-3.4530
H,6871.HK,翼菲科技,工业,机械,工业--机械--机械Ⅲ--工业机械,公众企业,"314,258,000.00","201,170,000.00","-71,495,000.00","4,127,000.00","397,861,000.00",-0.169325,19.565725,0.000239,0.179656,0.593485,0.152123,0.063645,0.686843,1.244902,0.024009,24.0152
H,6872.HK,丹诺医药-B,医疗保健,医药生物,医疗保健--医药生物--制药--西药,公众企业,"96,054,000.00",,"-145,929,000.00","68,181,000.00","132,886,000.00",-0.585073,18.380421,,0.276977,,-7.988912,0.028567,8.900858,0.076585,0.005341,
H,6881.HK,中国银河,金融,非银金融,金融--非银金融--资本市场--投资银行业与经纪业,中央国有企业,"663,205,297,000.00",,"10,030,838,000.00","10,207,394,000.00","737,470,691,000.00",0.027443,27.220350,,0.788067,,,0.001010,0.803236,,0.001083,
H,6885.HK,金马能源,能源,煤炭Ⅱ,能源--煤炭Ⅱ--煤炭Ⅲ--煤炭与消费用燃料,民营企业,"12,534,978,000.00","12,072,303,000.00","-345,890,000.00","143,963,000.00","11,215,744,000.00",-0.018004,23.251789,0.018308,0.382701,1.015928,-0.151732,0.596371,0.613863,0.671372,0.088913,-3.0231
H,6886.HK,华泰证券,金融,非银金融,金融--非银金融--资本市场--投资银行业与经纪业,地方国有企业,"905,508,389,000.00",,"15,351,162,000.00","10,856,424,000.00","814,270,494,000.00",0.032185,27.531762,,0.788067,,,0.005689,0.798768,,0.001851,
H,6887.HK,东阳光药,医疗保健,医药生物,医疗保健--医药生物--制药--西药,民营企业,"12,658,099,000.00","6,385,616,000.00","-207,434,000.00","239,787,000.00","11,931,514,000.00",0.002712,23.261563,0.012037,0.276977,0.547016,0.018485,0.294831,0.670146,1.037871,0.029460,67.4447
H,6911.HK,澜沧古茶,日常消费,食品饮料,日常消费--食品饮料--食品--农产品,民营企业,"1,627,976,000.00","527,345,000.00","-307,545,000.00","15,075,000.00","1,341,679,000.00",-0.217988,21.210603,0.002064,0.252100,0.347066,0.507628,0.085902,0.379409,3.144534,0.009584,13.9296
H,6922.HK,康沣生物-B,医疗保健,医疗设备与服务,医疗保健--医疗设备与服务--医疗保健设备与用品--医疗保健设备,民营企业,"212,821,000.00","40,950,000.00","-104,365,000.00","1,089,000.00","149,247,000.00",-0.691980,19.175962,0.000064,0.881149,0.155501,0.559780,0.188727,0.184949,4.870216,0.070966,50.8343
H,6936.HK,顺丰控股,工业,交通运输,工业--交通运输--航空运输--航空货运与物流,民营企业,"221,490,655,000.00","258,409,403,000.00","10,170,427,000.00","2,373,319,000.00","213,824,213,000.00",0.058664,26.123646,0.226881,0.128314,1.179054,0.076757,0.271363,0.533688,1.229776,0.056309,-3.2224
H,6938.HK,瑞博生物-B,医疗保健,医药生物,医疗保健--医药生物--生物科技Ⅲ--生物科技Ⅳ,公众企业,"716,248,000.00","44,000.00","-270,151,000.00","20,398,000.00","650,858,000.00",-0.383729,20.389537,0.000000,0.276977,,-0.025656,0.305992,0.838432,0.943950,0.056739,
H,6955.HK,博安生物,医疗保健,医药生物,医疗保健--医药生物--生物科技Ⅲ--生物科技Ⅳ,民营企业,"2,323,386,000.00","618,129,000.00","73,189,000.00","32,651,000.00","2,851,288,000.00",0.037120,21.566291,0.001165,0.276977,0.273149,0.025677,0.264879,0.431920,1.091311,0.126866,19.8017
H,6960.HK,双登股份,工业,电气设备,工业--电气设备--电气设备Ⅲ--电气部件与设备,民营企业,"4,327,902,000.00","4,259,777,000.00","353,331,000.00","19,842,000.00","5,160,930,000.00",0.072307,22.188349,0.004994,0.254719,1.018445,0.266749,0.250525,0.518205,1.644641,0.094623,4.5991
H,6963.HK,阳光保险,金融,非银金融,金融--非银金融--保险--多元化保险,公众企业,"513,686,000,000.00",,"5,449,000,000.00","1,309,000,000.00","581,790,000,000.00",0.011616,26.964878,,0.788067,,,0.038483,0.879714,,0.003993,
H,6980.HK,八马茶业,可选消费,可选消费零售,可选消费--可选消费零售--多品类零售Ⅲ--多品类零售Ⅳ,民营企业,"1,815,011,000.00","2,122,305,000.00","224,344,000.00","9,624,000.00","1,800,889,000.00",0.129918,21.319357,0.018042,0.369507,1.295173,0.149823,0.236145,0.486179,1.371947,0.117109,16.7680
H,6990.HK,科伦博泰生物,医疗保健,医药生物,医疗保健--医药生物--生物科技Ⅲ--生物科技Ⅳ,民营企业,"3,509,755,000.00","1,540,493,000.00","-266,766,000.00","3,796,000.00","4,268,002,000.00",-0.061614,21.978812,0.002904,0.276977,0.684223,0.483647,0.173170,0.336279,2.529258,0.023435,91.6196
H,7489.HK,岚图汽车,可选消费,汽车与零配件,可选消费--汽车与零配件--汽车--汽车制造,国有企业,"18,581,637,000.00","12,749,380,000.00","-90,459,000.00","94,403,000.00","21,949,366,000.00",0.000180,23.645440,0.008922,0.235727,0.811711,-0.109846,0.201953,0.822019,0.823160,0.236701,110.6725
H,7630.HK,英派药业-B,医疗保健,医药生物,医疗保健--医药生物--生物科技Ⅲ--生物科技Ⅳ,公众企业,"309,704,000.00","235,220,000.00","-254,755,000.00","55,558,000.00","388,894,000.00",-0.512214,19.551128,0.000443,0.276977,,-0.231744,0.003817,1.308004,0.807954,0.001111,
H,7666.HK,剂泰科技-P,医疗保健,医药生物,医疗保健--医药生物--生物科技Ⅲ--生物科技Ⅳ,公众企业,"1,313,394,000.00","9,338,000.00","-499,198,000.00","168,499,000.00","1,048,535,000.00",-0.315391,20.995880,0.000018,0.276977,0.009675,0.706698,0.070778,1.744303,10.450516,0.042989,1585.5596
H,7688.HK,拓璞数控,工业,机械,工业--机械--机械Ⅲ--工业机械,民营企业,"1,121,883,000.00","334,630,000.00","8,882,000.00","7,006,000.00","984,086,000.00",0.016145,20.838274,0.000397,0.179656,0.290771,0.017985,0.029549,0.880986,1.021807,0.019646,146.4701
H,8049.HK,吉林长龙药业,医疗保健,医药生物,医疗保健--医药生物--制药--中药,公众企业,"2,318,824,000.00","841,545,000.00","184,250,000.00","2,027,000.00","2,531,106,000.00",0.073595,21.564326,0.001586,0.276977,0.358740,0.205213,0.114913,0.361582,1.656086,0.013732,-0.0049
H,8095.HK,北大青鸟环宇,工业,工业贸易与综合,工业--工业贸易与综合--工业集团Ⅲ--工业集团Ⅳ,公众企业,"4,985,138,000.00","566,375,000.00","99,305,000.00","43,491,000.00","5,516,277,000.00",0.025886,22.329727,1.000000,1.000000,0.113207,0.067059,0.044585,0.242555,1.347422,0.011875,105.0790
H,8106.HK,芯化兰德,信息技术,软件服务,信息技术--软件服务--软件--应用软件,民营企业,"87,145,000.00","98,089,000.00","-6,506,000.00","680,000.00","110,144,000.00",-0.052894,18.283084,0.000918,0.599444,0.927718,0.570635,0.030524,0.377578,2.511306,0.009788,-27.3544
H,8115.HK,清大东方,工业,电气设备,工业--电气设备--电气设备Ⅲ--电气部件与设备,民营企业,"193,914,000.00","74,137,000.00","4,350,000.00","234,000.00","202,426,000.00",0.022645,19.082925,0.000087,0.254719,0.395120,0.789324,0.098136,0.159297,11.952487,0.002496,19.1952
H,8139.HK,长安仁恒,材料,化工,材料--化工--多元化工Ⅲ--其他多元化工,民营企业,"292,849,380.00","162,277,897.00","1,269,938.00","6,710,259.00","337,982,310.00",0.023611,19.495169,0.002098,0.289045,0.568397,0.040648,0.310300,0.599010,1.079723,0.054182,7.5988
H,8189.HK,泰达生物,材料,化工,材料--化工--农用化工--化肥与农用药剂,公众企业,"303,277,966.00","397,998,097.00","-27,802,241.00","4,581,000.00","332,527,049.00",-0.069833,19.530160,0.005145,0.289045,1.242823,-0.087379,0.242771,0.787062,0.877790,0.008139,-1.4195
H,8205.HK,交大慧谷,信息技术,软件服务,信息技术--软件服务--信息技术服务--信息科技咨询与其它服务,公众企业,"39,399,299.45","42,661,494.19","-2,688,988.48","94,129.63","52,865,025.92",-0.049085,17.489259,0.000399,0.599444,0.981312,0.114728,0.001229,0.523649,1.222598,,18.4948
H,8227.HK,海天天线,信息技术,硬件设备,信息技术--硬件设备--通信设备Ⅲ--通信设备Ⅳ,公众企业,"58,564,833.84","13,091,468.20","-15,882,252.20","611,872.83","49,999,190.96",-0.305413,17.885645,0.000017,0.356631,0.173617,-0.950508,0.081684,1.529299,0.297140,0.008275,-36.2328
H,8247.HK,中生北控生物科技,医疗保健,医药生物,医疗保健--医药生物--生物科技Ⅲ--生物科技Ⅳ,公众企业,"563,251,000.00","289,073,000.00","-42,532,000.00","9,299,000.00","477,372,000.00",-0.069617,20.149236,0.000545,0.276977,0.495627,0.052185,0.132021,0.589164,1.091639,0.029433,-22.5153
H,8249.HK,瑞远智控,信息技术,硬件设备,信息技术--硬件设备--电子设备、仪器和元件--电子元件,民营企业,"13,317,000.00","21,783,000.00","-1,298,000.00","91,000.00","12,162,000.00",-0.099244,16.404552,0.000028,0.356631,1.398767,-3.926635,0.010813,4.915822,0.201225,,-32.3782
H,8286.HK,长城微光,信息技术,硬件设备,信息技术--硬件设备--电子设备、仪器和元件--电子设备和仪器,公众企业,"171,670,000.00","26,717,000.00","-33,534,000.00","9,967,000.00","162,874,000.00",-0.144695,18.961085,0.000034,0.356631,0.165780,-0.893155,0.718448,1.630867,0.203863,0.002953,71.9794
H,8329.HK,海王英特龙,医疗保健,医药生物,医疗保健--医药生物--制药--西药,民营企业,"1,415,646,000.00","1,064,861,000.00","25,014,000.00","5,078,000.00","1,398,086,000.00",0.021524,21.070852,0.002007,0.276977,0.743650,0.391626,0.143800,0.282178,2.514020,0.010854,7.9224
H,8348.HK,滨海泰达物流,工业,交通运输,工业--交通运输--航空运输--航空货运与物流,地方国有企业,"1,820,788,000.00","3,649,930,000.00","5,898,000.00","19,610,000.00","1,792,941,000.00",0.014227,21.322535,0.003205,0.128314,1.799685,0.057534,0.099737,0.455579,1.145456,0.001880,10.5656
H,8452.HK,富银融资股份,金融,非银金融,金融--非银金融--金融服务--特殊金融服务,公众企业,"486,549,000.00","60,364,000.00","-6,873,000.00","282,000.00","557,536,000.00",-0.011822,20.002848,0.006338,0.788067,0.120948,0.612339,0.033008,0.073462,10.369552,0.004146,104.6168
H,8629.HK,集信国控,工业,建筑,工业--建筑--建筑与工程Ⅲ--建筑与工程Ⅳ,地方国有企业,"118,830,000.00","41,500,000.00","16,297,000.00","1,212,000.00","235,045,000.00",0.074492,18.593204,0.000010,0.218050,0.408384,0.774089,0.035555,0.136708,7.235848,0.038643,107.8534
H,9609.HK,海伟股份,信息技术,硬件设备,信息技术--硬件设备--电子设备、仪器和元件--电子设备和仪器,民营企业,"740,123,000.00","329,545,000.00","89,884,000.00","2,405,000.00","762,578,000.00",0.121022,20.422327,0.000423,0.356631,0.505624,0.578173,0.200510,0.186189,4.105295,0.033915,0.7549
H,9611.HK,龙旗科技,信息技术,硬件设备,信息技术--硬件设备--通信设备Ⅲ--通信设备Ⅳ,民营企业,"19,838,899,000.00","27,185,064,000.00","501,132,000.00","67,525,000.00","26,345,614,000.00",0.021585,23.710910,0.034861,0.356631,1.581935,0.050170,0.102826,0.807177,1.066397,0.034245,-7.1742
H,9633.HK,农夫山泉,日常消费,食品饮料,日常消费--食品饮料--饮料--软饮料,民营企业,"49,137,130,000.00","42,667,221,000.00","12,123,304,000.00","91,469,000.00","53,160,312,000.00",0.229772,24.617881,0.167033,0.252100,0.965409,0.174712,0.349626,0.418548,1.431909,0.098963,28.3642
H,9663.HK,国鸿氢能,工业,电气设备,工业--电气设备--电气设备Ⅲ--电气部件与设备,公众企业,"4,863,522,000.00","700,616,000.00","-407,176,000.00","22,594,000.00","4,664,141,000.00",-0.082455,22.305029,0.000821,0.254719,0.169161,0.454424,0.142731,0.302797,2.704158,0.030947,-6.3942
H,9668.HK,渤海银行,金融,银行,金融--银行--商业银行--多元化银行,地方国有企业,"1,732,733,836,000.00",,"5,255,815,000.00","39,339,375,000.00","1,843,842,128,000.00",0.024186,28.180722,,,,,0.002070,0.933976,,0.000346,
H,9676.HK,十月稻田,日常消费,日常消费零售,日常消费--日常消费零售--日常消费品经销与零售--食品零售,民营企业,"4,734,811,000.00","4,867,026,000.00","204,373,000.00","22,381,000.00","4,613,818,000.00",0.049147,22.278208,0.081533,0.216084,1.248377,0.481913,0.202303,0.285397,2.775041,0.054394,7.3707
H,9677.HK,威海银行,金融,银行,金融--银行--商业银行--区域性银行,地方国有企业,"391,876,826,000.00",,"1,991,714,000.00","9,499,101,000.00","441,463,774,000.00",0.026029,26.694213,,,,,0.007129,0.928529,,0.005579,
H,9678.HK,云知声,信息技术,软件服务,信息技术--软件服务--信息技术服务--信息科技咨询与其它服务,民营企业,"1,104,606,000.00","727,316,000.00","-452,364,000.00","270,943,000.00","1,079,976,000.00",-0.167986,20.822755,0.006809,0.599444,0.869241,0.601555,0.017346,3.081065,2.990728,0.783415,21.0944
H,9696.HK,天齐锂业,材料,有色金属,材料--有色金属--其他金属与采矿--金属非金属,民营企业,"74,969,069,000.00","40,448,303,000.00","-8,727,021,000.00","600,534,000.00","69,556,579,000.00",-0.116833,25.040341,0.028585,0.224317,0.548351,0.172719,0.264280,0.253617,2.944267,0.059264,0.6955
H,9699.HK,顺丰同城,工业,交通运输,工业--交通运输--航空运输--航空货运与物流,民营企业,"4,199,691,000.00","12,387,416,000.00","132,460,000.00","783,000.00","4,669,733,000.00",0.028533,22.158277,0.010876,0.128314,2.984070,0.612792,0.002903,0.290163,3.131973,0.016428,21.1035
H,9863.HK,零跑汽车,可选消费,汽车与零配件,可选消费--汽车与零配件--汽车--汽车制造,公众企业,"28,453,417,000.00","16,746,689,000.00","-2,820,796,000.00","39,527,000.00","37,646,520,000.00",-0.073879,24.071534,0.011719,0.235727,0.701854,0.299297,0.135956,0.560749,1.610306,0.049009,35.2216
H,9877.HK,健世科技-B,医疗保健,医疗设备与服务,医疗保健--医疗设备与服务--医疗保健设备与用品--医疗保健设备,民营企业,"1,327,092,000.00",,"-177,510,000.00","289,000.00","1,027,565,000.00",-0.172467,21.006256,,0.881149,,0.826041,0.083022,0.075984,19.681209,0.059250,
H,9878.HK,汇通达网络,信息技术,软件服务,信息技术--软件服务--信息技术服务--信息科技咨询与其它服务,民营企业,"29,110,070,000.00","82,432,520,000.00","269,738,000.00","242,160,000.00","28,491,140,000.00",0.017967,24.094350,0.771670,0.599444,2.848136,0.279377,0.002807,0.673823,1.421017,0.001132,0.3977
H,9880.HK,优必选,信息技术,软件服务,信息技术--软件服务--信息技术服务--信息科技咨询与其它服务,民营企业,"4,765,635,000.00","1,055,698,000.00","-1,123,590,000.00","26,976,000.00","5,133,525,000.00",-0.213618,22.284697,0.009883,0.599444,0.279520,0.202519,0.241905,0.561678,1.494406,0.111563,4.7037
H,9881.HK,容大科技,材料,造纸与包装,材料--造纸与包装--纸与林业产品--纸制品,民营企业,"383,384,000.00","348,749,000.00","41,347,000.00","2,829,000.00","337,128,000.00",0.131036,19.764548,0.012567,0.920315,0.884675,0.207304,0.219840,0.523439,1.524947,0.067108,-11.3214
H,9887.HK,维立志博-B,医疗保健,医药生物,医疗保健--医药生物--生物科技Ⅲ--生物科技Ⅳ,公众企业,"447,482,000.00","8,865,000.00","-301,216,000.00","5,764,000.00","669,443,000.00",-0.441340,19.919147,0.000017,0.276977,0.016546,-2.295934,0.121305,3.120320,0.263262,0.026209,
H,9889.HK,东莞农商银行,金融,银行,金融--银行--商业银行--区域性银行,公众企业,"708,853,592,000.00",,"4,624,651,000.00","12,747,780,000.00","745,904,488,000.00",0.023290,27.286915,,,,,0.003255,0.918899,,0.000290,
H,9903.HK,天数智芯,信息技术,半导体,信息技术--半导体--半导体产品--集成电路,公众企业,"1,592,979,000.00","289,041,000.00","-892,433,000.00","17,383,000.00","1,685,175,000.00",-0.519264,21.188872,0.006870,0.283838,0.218999,0.377075,0.066508,0.448619,1.875022,0.073803,52.6337
H,9908.HK,嘉兴燃气,公用事业,公用事业Ⅱ,公用事业--公用事业Ⅱ--燃气Ⅲ--燃气Ⅳ,公众企业,"2,654,740,000.00","2,956,483,000.00","187,623,000.00","16,285,000.00","2,983,849,000.00",0.068337,21.699613,0.004153,0.202677,1.249685,-0.022919,0.245947,0.597544,0.935579,0.001016,-14.7013
H,9927.HK,赛力斯,可选消费,汽车与零配件,可选消费--汽车与零配件--汽车--汽车制造,民营企业,"51,244,671,000.00","35,788,885,000.00","5,945,945,000.00","240,382,000.00","94,363,958,000.00",0.065558,24.659877,0.025044,0.235727,0.727381,-0.223616,0.183718,0.859499,0.695043,0.067612,7.8661
H,9973.HK,奇瑞汽车,可选消费,汽车与零配件,可选消费--汽车与零配件--汽车--汽车制造,公众企业,"179,434,000,000.00","163,205,000,000.00","14,135,000,000.00","2,310,000,000.00","213,996,000,000.00",0.076847,25.913073,0.114208,0.235727,1.083001,-0.096905,0.105710,0.918739,0.881798,0.036036,76.2130
H,9980.HK,东鹏饮料,日常消费,食品饮料,日常消费--食品饮料--饮料--软饮料,民营企业,"14,710,050,000.00","11,257,135,000.00","3,326,710,000.00","102,876,000.00","22,676,297,000.00",0.151241,23.411797,0.044069,0.252100,0.847038,0.049029,0.226635,0.570106,1.089622,0.052946,33.8104
H,9981.HK,沃尔核材,工业,电气设备,工业--电气设备--电气设备Ⅲ--电气部件与设备,公众企业,"8,980,436,000.00","5,718,841,000.00","847,551,000.00","60,439,000.00","10,230,326,000.00",0.088755,22.918314,0.006704,0.254719,0.661169,0.219936,0.315956,0.391733,1.720064,0.034472,7.9902
H,9989.HK,海普瑞,医疗保健,医药生物,医疗保健--医药生物--制药--西药,外资企业,"19,203,417,000.00","5,430,974,000.00","646,742,000.00","145,205,000.00","17,343,524,000.00",0.045662,23.678354,0.010238,0.276977,0.271429,0.292557,0.135086,0.375716,2.126731,0.023167,-24.0534
H,9995.HK,荣昌生物,医疗保健,医药生物,医疗保健--医药生物--生物科技Ⅲ--生物科技Ⅳ,民营企业,"5,528,243,000.00","1,076,130,000.00","-1,468,362,000.00","72,379,000.00","5,498,519,000.00",-0.253883,22.433136,0.002029,0.276977,0.186352,0.197421,0.512469,0.378235,1.959431,0.139380,40.1622