一级行业,二级行业,企业所有制性质,资产总计,actual_EBI_A,implied_gap_amount__CSI_nonSOE,implied_gap_amount__H_nonSOE,implied_gap_amount__Pooled_H_plus_CSI_nonSOE,positive_gap_amount__CSI_nonSOE,positive_gap_amount__H_nonSOE,positive_gap_amount__Pooled_H_plus_CSI_nonSOE,predicted_EBI_A__CSI_nonSOE,predicted_EBI_A__H_nonSOE,predicted_EBI_A__Pooled_H_plus_CSI_nonSOE,return_gap_pred_minus_actual__CSI_nonSOE,return_gap_pred_minus_actual__H_nonSOE,return_gap_pred_minus_actual__Pooled_H_plus_CSI_nonSOE
信息技术,半导体,中央国有企业,10095287650.0,0.044152013,25862709.47840581,99020963.90748595,185839308.08508375,25862709.47840581,99020963.90748595,185839308.08508375,0.04671387258984594,0.053960645239170116,0.06256053334415124,0.0025618595898459426,0.009808632239170119,0.01840852034415124
信息技术,半导体,中央国有企业,16532495767.0,0.051034764,262554135.73837945,191344451.6588508,496330697.8117458,262554135.73837945,191344451.6588508,496330697.8117458,0.06691585899247268,0.06260860344659992,0.08105628675172247,0.01588109499247268,0.01157383944659992,0.030021522751722464
信息技术,半导体,中央国有企业,22191209564.0,0.095861013,-628105796.6523837,-585886125.7448592,-114804093.52691711,0.0,0.0,0.0,0.06755675158329304,0.06945929190160069,0.09068760894575864,-0.028304261416706958,-0.026401721098399306,-0.005173404054241354
信息技术,半导体,中央国有企业,26457799587.0,0.087533745,-620892283.214975,-299765763.6510436,284483219.83062744,0.0,0.0,284483219.83062744,0.06406647663653225,0.07620378678993278,0.09828608360227771,-0.02346726836346774,-0.011329958210067215,0.010752338602277714
信息技术,半导体,中央国有企业,29106829546.42,0.021943,820416984.1615577,907941971.575526,1617501770.3843663,820416984.1615577,907941971.575526,1617501770.3843663,0.050129408377221046,0.053136434177622364,0.07751421114152096,0.028186408377221046,0.031193434177622364,0.05557121114152096
信息技术,半导体,中央国有企业,29215259820.18,0.042254,424493893.4598158,753842022.1293411,1405450274.05017,424493893.4598158,753842022.1293411,1405450274.05017,0.05678386884500007,0.0680570230355383,0.09036071829382042,0.014529868845000071,0.025803023035538303,0.04810671829382042
信息技术,半导体,中央国有企业,30589736143.75,0.016086,1019664553.6277659,1999884883.8586662,2520477787.134128,1019664553.6277659,1999884883.8586662,2520477787.134128,0.04941955177815421,0.0814636441372567,0.09848219247742693,0.03333355177815421,0.06537764413725669,0.08239619247742692
信息技术,半导体,中央国有企业,32328196228.0,0.059969666,-1258264015.111938,25468859.82036938,188312559.67293832,0.0,25468859.82036938,188312559.67293832,0.021048100248610063,0.06075748786425577,0.06579469126107032,-0.038921565751389935,0.0007878218642557722,0.005825025261070323
信息技术,半导体,中央国有企业,33581893568.0,0.025835091,-197801041.01559013,960753832.6451188,1053859931.698622,0.0,960753832.6451188,1053859931.698622,0.01994498118189035,0.054444372090707044,0.05721688099837101,-0.0058901098181096505,0.028609281090707043,0.031381789998371004
信息技术,半导体,中央国有企业,37098618886.0,0.08818834,-2203676134.0193753,-630254174.948583,-452461268.3402529,0.0,0.0,0.0,0.028787850165296697,0.07119972441608069,0.07599216445689914,-0.05940048983470331,-0.016988615583919314,-0.01219617554310086
信息技术,半导体,中央国有企业,39407731739.0,0.087256409,-1533686121.7241316,470121437.6009647,702460270.1829295,0.0,470121437.6009647,702460270.1829295,0.048338002533932986,0.09918608413874205,0.10508185185561447,-0.03891840646606701,0.01192967513874206,0.01782544285561448
信息技术,半导体,中央国有企业,42579471835.65,0.03904,615467421.1570256,3118648075.169843,3387676930.847951,615467421.1570256,3118648075.169843,3387676930.847951,0.053494557433982085,0.11228299576113412,0.11860127177725092,0.014454557433982086,0.07324299576113413,0.07956127177725092
信息技术,半导体,中央国有企业,54059828326.1,0.032423,835309381.2841091,3628008652.753373,4055840852.8586497,835309381.2841091,3628008652.753373,4055840852.8586497,0.04787457295441915,0.09953399100922924,0.10744804130040858,0.015451572954419152,0.06711099100922924,0.07502504130040857
信息技术,半导体,中央国有企业,55516503601.44,0.034768,33907981.01177102,3265831484.095785,3437462525.2337313,33907981.01177102,3265831484.095785,3437462525.2337313,0.035378772992031356,0.09359431780166853,0.09668584968865672,0.0006107729920313554,0.05882631780166853,0.06191784968865672
信息技术,半导体,地方国有企业,13734762795.0,0.028332703,-103230859.05116427,-321969057.0045114,-170702550.18106073,0.0,0.0,0.0,0.020816675195810735,0.004890794187295863,0.01590419930256423,-0.007516027804189265,-0.023441908812704138,-0.01242850369743577
信息技术,半导体,地方国有企业,17518033653.0,0.028180177,-11479836.198281787,-176481349.29512632,76063741.52034564,0.0,0.0,76063741.52034564,0.027524861658924843,0.018105909945209664,0.03252220208266786,-0.0006553153410751578,-0.010074267054790337,0.004342025082667858
信息技术,半导体,地方国有企业,31054473365.0,0.03320992,-533884693.2283482,-590295049.3915021,-239786363.35340863,0.0,0.0,0.0,0.016018042779822633,0.014201545829443454,0.025488444239162904,-0.017191877220177364,-0.019008374170556543,-0.007721475760837093
信息技术,半导体,地方国有企业,42551398848.0,0.053340261,-1064734241.1040592,-267417626.91205174,292180891.6291164,0.0,0.0,292180891.6291164,0.02831795221745092,0.04705568201665546,0.0602068012205185,-0.02502230878254908,-0.006284578983344537,0.006866540220518497
信息技术,半导体,地方国有企业,53624552279.13,0.072372,-2933522619.7377615,-1896770786.957573,-1274832069.5352273,0.0,0.0,0.0,0.017667158746165396,0.03700068767492214,0.048598709308463994,-0.05470484125383461,-0.03537131232507786,-0.02377329069153601
信息技术,半导体,地方国有企业,65708880828.22,0.086456,-4492009654.860124,-2779523070.947327,-2042827275.5097835,0.0,0.0,0.0,0.018093708659147653,0.044155430641442235,0.05536694096016851,-0.06836229134085235,-0.04230056935855777,-0.031089059039831494
信息技术,半导体,地方国有企业,89800578023.69,0.064039,-4085250810.1706686,-773964679.7067857,66522694.08950921,0.0,0.0,66522694.08950921,0.01854652211090499,0.05542029512370612,0.06477978247104334,-0.04549247788909501,-0.008618704876293876,0.0007407824710433386
信息技术,硬件设备,中央国有企业,12219367752.0,0.106777221,-160246203.84127656,-514885716.97284025,-291185737.8351028,0.0,0.0,0.0,0.09366310518864403,0.06464036683350137,0.08294736795482563,-0.013114115811355978,-0.042136854166498636,-0.023829853045174376
信息技术,硬件设备,中央国有企业,14007819588.0,0.112944465,-340603444.24097097,-682494169.2252356,-452520636.153909,0.0,0.0,0.0,0.08862922863496615,0.06422209497391085,0.08063960603811221,-0.02431523636503384,-0.048722370026089146,-0.032304858961887783
信息技术,硬件设备,中央国有企业,15131869545.0,0.077037356,212367329.7740776,-236051490.9165075,135474272.75876355,212367329.7740776,0.0,135474272.75876355,0.0910717969620059,0.06143773096923137,0.08599026643554682,0.0140344409620059,-0.01559962503076863,0.008952910435546815
信息技术,硬件设备,中央国有企业,16769281027.0,0.046053914,363925659.27426517,-248483690.79105175,73525764.56491454,363925659.27426517,0.0,73525764.56491454,0.06775583781464138,0.031236123637314123,0.05043846480134513,0.02170192381464138,-0.014817790362685879,0.00438455080134513
信息技术,硬件设备,中央国有企业,16792291128.0,0.093566268,-30668002.641914554,-189777825.3977147,95543778.63328096,0.0,0.0,95543778.63328096,0.09173995362704479,0.08226478305365618,0.09925600848299866,-0.001826314372955204,-0.01130148494634381,0.0056897404829986675
信息技术,硬件设备,中央国有企业,19218418866.0,0.079804927,301559022.4479277,-96758660.12871704,395789286.8314632,301559022.4479277,0.0,395789286.8314632,0.09549607331908802,0.07477024330393922,0.1003991959453849,0.015691146319088023,-0.005034683696060777,0.020594268945384908
信息技术,硬件设备,中央国有企业,20726545629.0,0.0835519,75436439.67299643,26745088.418175217,336055819.27021784,75436439.67299643,26745088.418175217,336055819.27021784,0.08719150502745078,0.08484227847873474,0.09976568811913636,0.003639605027450782,0.001290378478734741,0.01621378811913636
信息技术,硬件设备,中央国有企业,20963979137.0,0.039996011,341943277.44168854,-411945971.96783936,-13681341.812628463,341943277.44168854,0.0,0.0,0.056307002115144826,0.020345830598857417,0.03934339912115674,0.016310991115144828,-0.01965018040114258,-0.0006526118788432594
信息技术,硬件设备,中央国有企业,22606867760.88,0.063229,500074420.70818895,625241791.959077,965663280.890465,500074420.70818895,625241791.959077,965663280.890465,0.08534946471884713,0.09088616146847309,0.10594448323742109,0.02212046471884714,0.027657161468473093,0.042715483237421095
信息技术,硬件设备,中央国有企业,25302247864.46,0.076054,118480331.19182247,256127383.43572012,699079594.1826364,118480331.19182247,256127383.43572012,699079594.1826364,0.08073660100155931,0.08617671260671196,0.10368314970746834,0.004682601001559317,0.010122712606711964,0.02762914970746834
信息技术,硬件设备,中央国有企业,26121984763.0,0.038917893,1192919635.7914836,330324758.71293277,1113914230.2035298,1192919635.7914836,330324758.71293277,1113914230.2035298,0.08458515935110715,0.051563362389478215,0.08156067992105023,0.04566726635110715,0.012645469389478213,0.04264278692105023
信息技术,硬件设备,中央国有企业,26987332213.0,0.075344647,282181234.9345337,-123124027.45447221,515065767.4702366,282181234.9345337,0.0,515065767.4702366,0.08580070959660616,0.07078235731227894,0.09443011137287809,0.010456062596606155,-0.004562289687721058,0.019085464372878086
信息技术,硬件设备,中央国有企业,30582928717.03,0.108703,-735041568.3169371,-189480759.23872602,185681927.2248651,0.0,0.0,185681927.2248651,0.08466862529645397,0.10250736187155567,0.11477442399417975,-0.024034374703546024,-0.006195638128444328,0.006071423994179759
信息技术,硬件设备,中央国有企业,31615458539.32,0.05553,251111329.16595146,-234495744.71292776,515829359.23178905,251111329.16595146,0.0,515829359.23178905,0.0634726755380962,0.048112876999196884,0.07184573233676983,0.007942675538096196,-0.007417123000803119,0.016315732336769827
信息技术,硬件设备,中央国有企业,31810174007.0,0.045421863,740305408.3883286,-146534329.801515,698431336.507112,740305408.3883286,0.0,698431336.507112,0.06869446151597858,0.04081533900647298,0.06737808795976974,0.023272598515978578,-0.004606523993527019,0.02195622495976974
信息技术,硬件设备,中央国有企业,31810733160.0,0.086607258,-51452375.84961177,-387264746.2903238,404848676.88392353,0.0,0.0,404848676.88392353,0.08498980468351028,0.07443323031121712,0.09933405291062455,-0.0016174533164897281,-0.012174027688782882,0.012726794910624548
信息技术,硬件设备,中央国有企业,35569904322.27,0.089639,-373532426.20964414,-493509334.01598996,282287620.61780435,0.0,0.0,282287620.61780435,0.07913763843249702,0.07576464910086057,0.0975751366300068,-0.010501361567502976,-0.013874350899139423,0.007936136630006807
信息技术,硬件设备,中央国有企业,36617491563.87,0.050742,604478991.3265043,244152013.3374209,1140959987.2920084,604478991.3265043,244152013.3374209,1140959987.2920084,0.06724993010417284,0.05740963349727436,0.081900878955482,0.016507930104172834,0.00666763349727436,0.031158878955481993
信息技术,硬件设备,中央国有企业,40953741117.01,0.051483,176274854.01893556,367088372.74718577,1138757888.7779176,176274854.01893556,367088372.74718577,1138757888.7779176,0.05578724301201925,0.06044648813893139,0.07928895515130945,0.004304243012019246,0.008963488138931386,0.027805955151309444
信息技术,硬件设备,中央国有企业,41246813453.82,0.078991,165786817.4889347,267242470.9554001,1148900303.0718393,165786817.4889347,267242470.9554001,1148900303.0718393,0.08301038485925828,0.08547010586485924,0.10684528029144967,0.0040193848592582765,0.006479105864859239,0.027854280291449665
信息技术,硬件设备,中央国有企业,42527397016.91,0.049956,1165188156.9647045,1710756961.8326511,2468485432.3923235,1165188156.9647045,1710756961.8326511,2468485432.3923235,0.07735452985832628,0.09018317311272095,0.10800059255784664,0.027398529858326276,0.04022717311272095,0.058044592557846636
信息技术,硬件设备,中央国有企业,75358000240.0,0.168244221,-6406937552.203118,-4391126226.71396,-3454122992.722987,0.0,0.0,0.0,0.08322421606623959,0.10997401461542092,0.12240803928442497,-0.08502000493376041,-0.05827020638457908,-0.04583618171557503
信息技术,硬件设备,中央国有企业,88701682384.0,0.155372267,-6351572270.762158,-4064549971.465098,-2801105183.73836,0.0,0.0,0.0,0.08376627148724912,0.10954957387599382,0.12379332612250857,-0.07160599551275089,-0.04582269312400619,-0.03157894087749144
信息技术,硬件设备,中央国有企业,103865000000.0,0.160469273,-8651201938.2981,-4996058944.791595,-3701591813.9438143,0.0,0.0,0.0,0.07717651857552496,0.11236780527948206,0.12483078251770265,-0.08329275442447504,-0.04810146772051793,-0.03563849048229735
信息技术,硬件设备,中央国有企业,119233000000.0,0.099359342,-2418425436.8478966,2363588613.2116327,3903894628.3626676,0.0,2363588613.2116327,3903894628.3626676,0.07907615331190278,0.11918261754629703,0.13210107145713576,-0.020283188688097226,0.019823275546297023,0.03274172945713576
信息技术,硬件设备,中央国有企业,132016200156.14,0.089856,-3229318041.805625,2052245425.1884518,4044034705.0914726,0.0,2052245425.1884518,4044034705.0914726,0.06539447150587427,0.10540140596351957,0.120488867029262,-0.024461528494125737,0.015545405963519568,0.03063286702926199
信息技术,硬件设备,中央国有企业,138049655334.62,0.09902,-3753357544.615483,2300828423.031662,4366708024.015044,0.0,2300828423.031662,4366708024.015044,0.07183153990918933,0.11568667270885001,0.13065143010701863,-0.027188460090810662,0.016666672708850014,0.03163143010701863
信息技术,硬件设备,中央国有企业,138848007548.55,0.096205,-3221781248.8707533,1787279528.6720073,3826239833.5514727,0.0,1787279528.6720073,3826239833.5514727,0.07300134511324034,0.10907720148295655,0.12376203809587313,-0.023203654886759656,0.01287220148295655,0.027557038095873135
信息技术,硬件设备,地方国有企业,29409085017.0,0.037688036,1765141804.3389647,2889419636.494951,2828423760.2849793,1765141804.3389647,2889419636.494951,2828423760.2849793,0.09770832576143323,0.13593725507038978,0.13386320631386736,0.06002028976143323,0.09824921907038978,0.09617517031386735
信息技术,硬件设备,地方国有企业,38322865651.0,0.041773216,1993109255.304787,3244305472.4802575,3431430317.773298,1993109255.304787,3244305472.4802575,3431430317.773298,0.09378157240673908,0.12643038913589258,0.13131324019920176,0.05200835640673908,0.08465717313589258,0.08954002419920176
信息技术,硬件设备,地方国有企业,41013425652.0,0.05949463,1076477902.1541784,2247627325.5784836,2446165497.706337,1076477902.1541784,2247627325.5784836,2446165497.706337,0.08574159389148572,0.11429686341131416,0.11913767270660335,0.026246963891485724,0.05480223341131416,0.059643042706603346
信息技术,硬件设备,地方国有企业,46208162563.0,0.04202014,2467594915.4325533,4340531873.725832,4560200293.076443,2467594915.4325533,4340531873.725832,4560200293.076443,0.09542185040275071,0.13595445015154456,0.1407083379316768,0.05340171040275071,0.09393431015154456,0.09868819793167681
信息技术,硬件设备,地方国有企业,48119624861.79,0.032838,3424777658.587392,4398579461.535106,4889604359.823884,3424777658.587392,4398579461.535106,4889604359.823884,0.10401016039036248,0.12424726335499872,0.1344515178498978,0.07117216039036248,0.09140926335499872,0.1016135178498978
信息技术,硬件设备,地方国有企业,71191039667.42,0.027486,4722273106.087132,6193093285.289429,6847900225.236168,4722273106.087132,6193093285.289429,6847900225.236168,0.09381840823772156,0.11447859505439766,0.1236764792685596,0.06633240823772156,0.08699259505439766,0.0961904792685596
信息技术,硬件设备,地方国有企业,83793847851.87,0.028827,3887225436.9590516,9064745319.538105,8735564950.332,3887225436.9590516,9064745319.538105,8735564950.332,0.07521734411966441,0.1370061271307015,0.1330776720275533,0.04639034411966441,0.10817912713070152,0.10425067202755331
信息技术,硬件设备,地方国有企业,340412000000.0,0.013054115,3915351106.552274,14986530728.95332,18095323010.040306,3915351106.552274,14986530728.95332,18095323010.040306,0.02455591607208992,0.05707879899748927,0.06621123933768581,0.011501801072089922,0.044024683997489274,0.05315712433768582
信息技术,硬件设备,地方国有企业,419187099795.0,0.008821,11313110465.003448,34863918087.62944,38602240731.81229,11313110465.003448,34863918087.62944,38602240731.81229,0.035809212353233276,0.09199130296180238,0.10090933179907109,0.026988212353233273,0.08317030296180239,0.0920883317990711
信息技术,硬件设备,地方国有企业,420562000000.0,0.026448149,5773927231.509516,30019789880.29562,34277546971.43138,5773927231.509516,30019789880.29562,34277546971.43138,0.04017722397945491,0.09782832571662115,0.10795229576416648,0.01372907497945491,0.07138017671662114,0.08150414676416648
信息技术,硬件设备,地方国有企业,424257000000.0,0.018115872,3237486048.52901,21062463672.01265,24550372885.886833,3237486048.52901,21062463672.01265,24550372885.886833,0.025746826936580917,0.06776140211974499,0.07598261995203576,0.007630954936580916,0.049645530119744985,0.05786674795203575
信息技术,硬件设备,地方国有企业,429978221541.0,0.015228,8182383909.681119,33546398094.558125,37166076156.46896,8182383909.681119,33546398094.558125,37166076156.46896,0.03425776360141277,0.09324683075456963,0.10166511307812144,0.019029763601412772,0.07801883075456963,0.08643711307812144
信息技术,硬件设备,地方国有企业,436378322803.0,0.017631,6267279316.459929,33972298232.37044,36501601265.73656,6267279316.459929,33972298232.37044,36501601265.73656,0.031993031725597997,0.09548156327765164,0.1012776876522988,0.014362031725597996,0.07785056327765164,0.0836466876522988
信息技术,硬件设备,地方国有企业,450233000000.0,0.068181899,-19644439403.84136,2455217456.043021,5678845733.24241,0.0,2455217456.043021,5678845733.24241,0.024550180747803123,0.07363511423753928,0.0807950253884309,-0.04363171825219688,0.005453215237539277,0.0126131263884309
信息技术,软件服务,中央国有企业,690535054.8,0.082216111,26762065.191574708,-101421075.52316722,-33519559.1763049,26762065.191574708,0.0,0.0,0.12097166005655849,-0.06465706338582734,0.03367468078106174,0.038755549056558494,-0.14687317438582734,-0.04854143021893825
信息技术,软件服务,中央国有企业,1340618263.0,0.076569311,33273686.13192813,-175992060.4872326,-61891127.50636089,33273686.13192813,0.0,0.0,0.10138896850449286,-0.054707477735819715,0.0304032030075111,0.02481965750449286,-0.13127678873581972,-0.0461661079924889
信息技术,软件服务,中央国有企业,1801574166.0,0.077496324,20183587.85031233,-282230030.27390534,-136524995.7837876,20183587.85031233,0.0,0.0,0.08869963065882358,-0.079161134571653,0.0017153773366098413,0.011203306658823575,-0.156657458571653,-0.07578094666339016
信息技术,软件服务,中央国有企业,5395667291.0,0.02931664,261035561.3341854,-590274088.2756456,-198637164.1491783,261035561.3341854,0.0,0.0,0.07769537561433153,-0.08008115205071181,-0.0074975580289455696,0.04837873561433152,-0.10939779205071182,-0.036814198028945574
信息技术,软件服务,中央国有企业,5535537490.15,0.025511,340797666.2953541,-459220937.818078,-33953233.88109071,340797666.2953541,0.0,0.0,0.08707641562617424,-0.057447689853554626,0.019377316696164104,0.06156541562617424,-0.08295868985355462,-0.006133683303835895
信息技术,软件服务,中央国有企业,5628841870.04,0.00873,416754446.2266522,-307861146.69658,124739869.79338899,416754446.2266522,0.0,124739869.79338899,0.08276911068187294,-0.045963514901386324,0.030890841017284176,0.07403911068187294,-0.054693514901386325,0.022160841017284175
信息技术,软件服务,中央国有企业,6327842567.91,0.002881,503784181.98145574,-312574176.96405697,181395605.24373624,503784181.98145574,0.0,181395605.24373624,0.08249489313575302,-0.04651564247482945,0.03154726394335988,0.07961389313575302,-0.04939664247482945,0.02866626394335988
信息技术,软件服务,中央国有企业,10267677543.0,0.081925389,65416387.683499165,-781128341.0275275,-160087664.17609447,65416387.683499165,0.0,0.0,0.0882964877620659,0.005848950315960638,0.06633396985914138,0.006371098762065902,-0.07607643868403936,-0.015591419140858626
信息技术,软件服务,中央国有企业,14070448560.0,0.088149099,-976757.7885438518,-1110874627.184881,-275546061.23118776,0.0,0.0,0.0,0.0880796799061894,0.009198195448643625,0.06856578152037675,-6.94190938105993e-05,-0.07895090355135637,-0.019583317479623247
信息技术,软件服务,中央国有企业,17860169154.0,0.099359437,-590468170.1205435,-1700609690.3502102,-805866853.0972737,0.0,0.0,0.0,0.06629882234236664,0.004141431185685621,0.054238539983367307,-0.03306061465763335,-0.09521800581431437,-0.04512089701663269
信息技术,软件服务,中央国有企业,19581031615.0,0.112537592,-1003351757.9843376,-2163806333.973965,-1199883488.8637216,0.0,0.0,0.0,0.06129658602482337,0.0020323654869910113,0.051259743495605886,-0.05124100597517663,-0.110505226513009,-0.06127784850439412
信息技术,软件服务,中央国有企业,21636685902.19,0.10333,-991936080.0007005,-2176651799.544412,-1103006686.1455047,0.0,0.0,0.0,0.05748489763613476,0.002729944641055318,0.05235145868680094,-0.04584510236386524,-0.10060005535894469,-0.050978541313199066
信息技术,软件服务,中央国有企业,21882684637.81,0.114085,-1156793064.051264,-2368867339.8481307,-1290362814.0627382,0.0,0.0,0.0,0.06122160214924001,0.005831950657275264,0.055117700721136184,-0.05286339785076,-0.10825304934272474,-0.05896729927886382
信息技术,软件服务,中央国有企业,22314945033.04,0.057715,25637850.896545812,-1177994272.7946882,-113947938.8664165,25637850.896545812,0.0,0.0,0.05886390943529486,0.004925523214351468,0.05260864913524534,0.0011489094352948592,-0.052789476785648534,-0.005106350864754659
公用事业,公用事业Ⅱ,中央国有企业,100050000000.0,0.044637736,-1047591886.2183369,3203823944.1881504,1915721609.2598646,0.0,3203823944.1881504,1915721609.2598646,0.03416705247957684,0.07665996432771764,0.06378537827146291,-0.010470683520423157,0.032022228327717644,0.019147642271462914
公用事业,公用事业Ⅱ,中央国有企业,142576000000.0,0.040053102,-2946991805.395612,3484122772.705105,1068159092.1458825,0.0,3484122772.705105,1068159092.1458825,0.019383481549183512,0.0644900533291515,0.04754495962081895,-0.020669620450816488,0.024436951329151503,0.007491857620818949
公用事业,公用事业Ⅱ,中央国有企业,160654000000.0,0.057343974,-7981144265.126546,3647646501.719811,681455710.360381,0.0,3647646501.719811,681455710.360381,0.007664885616725722,0.08004895801359325,0.06158573399576967,-0.04967908838327428,0.022704984013593256,0.004241759995769673
公用事业,公用事业Ⅱ,中央国有企业,162879000000.0,0.05980324,-8334710900.299021,3582905404.6047587,561453639.9481225,0.0,3582905404.6047587,561453639.9481225,0.008632058323424008,0.08180058406893927,0.06325029971885954,-0.05117118167657599,0.021997344068939266,0.0034470597188595367
公用事业,公用事业Ⅱ,中央国有企业,164632000000.0,0.052680692,-8253897901.201687,3245114392.7150106,-48962178.368575096,0.0,3245114392.7150106,0.0,0.002545251130656942,0.07239201417743216,0.05238328822449721,-0.05013544086934306,0.019711322177432156,-0.0002974037755027886
公用事业,公用事业Ⅱ,中央国有企业,167460000000.0,0.059975261,-10937805535.57726,-577309027.2014949,-4274133221.420263,0.0,0.0,0.0,-0.005340668389569203,0.056527816671793296,0.03445195261937022,-0.0653159293895692,-0.0034474443282067058,-0.02552330838062978
公用事业,公用事业Ⅱ,中央国有企业,195239265297.35,0.053107,-8407427894.062387,5781968080.721748,2298512794.588966,0.0,5781968080.721748,2298512794.588966,0.010044822516091484,0.0827217809812529,0.06487979985707959,-0.04306217748390852,0.02961478098125289,0.011772799857079588
公用事业,公用事业Ⅱ,中央国有企业,214607123371.44,0.051125,-11015688611.990026,2933849451.7492347,-723635419.6372765,0.0,2933849451.7492347,0.0,-0.00020455718773684795,0.0647957924958826,0.047753092263345724,-0.051329557187736845,0.013670792495882607,-0.0033719077366542727
公用事业,公用事业Ⅱ,中央国有企业,217196000000.0,0.039073376,-7448268899.017224,1254937536.135489,-1769011143.9541583,0.0,1254937536.135489,0.0,0.004780530372008582,0.04485127953475888,0.0309286074777705,-0.03429284562799142,0.005777903534758877,-0.0081447685222295
公用事业,公用事业Ⅱ,中央国有企业,222386000000.0,0.004040654,2135150730.6505957,19010322786.76218,15367036814.949827,2135150730.6505957,19010322786.76218,15367036814.949827,0.013641756275550601,0.08952410523686824,0.07314139242305644,0.0096011022755506,0.08548345123686824,0.06910073842305643
公用事业,公用事业Ⅱ,中央国有企业,224722000000.0,0.042848909,-9062407093.511877,6277763987.410573,1951965247.656036,0.0,6277763987.410573,1951965247.656036,0.0025217176546405012,0.07078459837358413,0.051535042300949775,-0.040327191345359496,0.02793568937358413,0.008686133300949778
公用事业,公用事业Ⅱ,中央国有企业,226476498000.0,0.036399,-5972383074.670779,11834830411.351189,7172679184.669548,0.0,11834830411.351189,7172679184.669548,0.010028126521239397,0.08865532909314586,0.068069743975693,-0.026370873478760604,0.052256329093145856,0.031670743975693
公用事业,公用事业Ⅱ,中央国有企业,226717001711.92,0.049089,-11379474380.394978,3463292034.242501,-487929547.1884442,0.0,3463292034.242501,0.0,-0.00110341739467959,0.0643648373130003,0.04693684756544886,-0.05019241739467959,0.0152758373130003,-0.0021521524345511425
公用事业,公用事业Ⅱ,中央国有企业,226802000000.0,0.017901154,-1576148153.5198798,15813777740.892918,11431830316.883764,0.0,15813777740.892918,11431830316.883764,0.010951708432853854,0.08762619055564289,0.0683056050933932,-0.0069494455671461446,0.06972503655564288,0.0504044510933932
公用事业,公用事业Ⅱ,中央国有企业,227138590000.0,0.039234,-5177918307.268517,13834702330.823961,9349214757.870867,0.0,13834702330.823961,9349214757.870867,0.016437704983514614,0.10014263877786668,0.08039483822599615,-0.022796295016485384,0.06090863877786668,0.04116083822599615
公用事业,公用事业Ⅱ,中央国有企业,228909000000.0,0.042418916,-8401090793.349164,6744409437.604167,2718261842.2115154,0.0,6744409437.604167,2718261842.2115154,0.005718345933514349,0.07188219371124843,0.05429377387894541,-0.03670057006648565,0.02946327771124843,0.011874857878945412
公用事业,公用事业Ⅱ,中央国有企业,232164000000.0,0.035928784,-6592661532.665118,8782338961.903248,4598440477.190901,0.0,8782338961.903248,4598440477.190901,0.007532212900841134,0.07375695271652473,0.05573564672286358,-0.028396571099158864,0.03782816871652473,0.019806862722863583
公用事业,公用事业Ⅱ,中央国有企业,236691000000.0,0.036277765,-5937860231.085868,11375989675.955385,7097428560.093667,0.0,11375989675.955385,7097428560.093667,0.01119079409242063,0.08434038536137996,0.06626381668803911,-0.025086970907579366,0.04806262036137996,0.02998605168803912
公用事业,公用事业Ⅱ,中央国有企业,241370000000.0,0.027875459,-5293845987.6057005,11624410322.53572,7405318486.167778,0.0,11624410322.53572,7405318486.167778,0.005942965369450631,0.07603558794119286,0.058555818970865384,-0.021932493630549367,0.04816012894119286,0.030680359970865385
公用事业,公用事业Ⅱ,中央国有企业,258254000000.0,0.03381893,-7167240415.56061,11533622866.032509,6822730710.465465,0.0,11533622866.032509,6822730710.465465,0.006066250794409339,0.07847892700307646,0.06023761358463166,-0.027752679205590658,0.04465999700307646,0.02641868358463166
公用事业,公用事业Ⅱ,中央国有企业,262127000000.0,0.042507105,-9840340171.609612,3274874200.8341656,-151931822.5800632,0.0,3274874200.8341656,0.0,0.004966751768132965,0.05500056885848908,0.04192749350412181,-0.03754035323186704,0.012493463858489075,-0.0005796114958781934
公用事业,公用事业Ⅱ,中央国有企业,264230768000.0,0.034895,-4974373263.006365,17585757068.841373,12367809135.602036,0.0,17585757068.841373,12367809135.602036,0.01606913312364,0.10144953943517045,0.08170184701942824,-0.018825866876360002,0.06655453943517045,0.04680684701942824
公用事业,公用事业Ⅱ,中央国有企业,271927000000.0,0.046442641,6418043069.860355,-1083810104.6583316,7085928331.956763,6418043069.860355,0.0,7085928331.956763,0.07004472196239195,0.04245697534466481,0.07250084166398983,0.02360208096239195,-0.003985665655335188,0.026058200663989832
公用事业,公用事业Ⅱ,中央国有企业,277363021076.32,0.038506,-9423415216.469126,10377560215.548052,5270027891.066772,0.0,10377560215.548052,5270027891.066772,0.004530976293158587,0.07592108213776101,0.05750647046868824,-0.03397502370684141,0.03741508213776101,0.01900047046868824
公用事业,公用事业Ⅱ,中央国有企业,296483000000.0,0.090205718,-22950066139.884212,2618733413.7046947,-2959041675.8524747,0.0,2618733413.7046947,0.0,0.012798021302772133,0.09903837759162817,0.0802252412918836,-0.07740769669722787,0.00883265959162817,-0.0099804767081164
公用事业,公用事业Ⅱ,中央国有企业,296536685805.74,0.033908,-8125718272.588719,12109472869.920881,7210109195.828602,0.0,12109472869.920881,7210109195.828602,0.006505932527269678,0.07474433981750828,0.058222391914907676,-0.027402067472730322,0.040836339817508276,0.024314391914907675
公用事业,公用事业Ⅱ,中央国有企业,311707560904.4,0.035726,-9807672954.715857,6819025655.73719,2442386312.845386,0.0,6819025655.73719,2442386312.845386,0.004261659108622501,0.0576023562742983,0.043561505516000174,-0.0314643408913775,0.0218763562742983,0.007835505516000173
公用事业,公用事业Ⅱ,中央国有企业,313579818706.81,0.032146,-8683603523.709377,13166810907.668877,7788224440.080459,0.0,13166810907.668877,7788224440.080459,0.004454155673027066,0.07413470629483827,0.05698249768087363,-0.027691844326972935,0.04198870629483827,0.024836497680873627
公用事业,公用事业Ⅱ,中央国有企业,327268000000.0,0.077615125,-18261027444.514202,12198576317.127045,6583073112.878525,0.0,12198576317.127045,6583073112.878525,0.02181673516502009,0.11488909103739761,0.0977303611760958,-0.0557983898349799,0.03727396603739762,0.020115236176095813
公用事业,公用事业Ⅱ,中央国有企业,328563000000.0,0.094424331,-25527775849.32164,4324330063.544191,-1658200143.011269,0.0,4324330063.544191,0.0,0.016729107102842866,0.10758567315825943,0.0893775054505277,-0.07769522389715713,0.013161342158259426,-0.005046825549472306
公用事业,公用事业Ⅱ,中央国有企业,330827000000.0,0.094562387,-26644958672.589333,2710385278.993489,-3502884662.3259835,0.0,2710385278.993489,0.0,0.014021927265488204,0.10275514417820338,0.08397411983218726,-0.0805404597345118,0.008192757178203378,-0.010588267167812734
公用事业,公用事业Ⅱ,中央国有企业,336672867584.0,0.042015,-10758670516.726133,9596196856.125536,2959460035.9857025,0.0,9596196856.125536,2959460035.9857025,0.010059141501715038,0.0705180300332452,0.050805313449441586,-0.03195585849828496,0.028503030033245197,0.008790313449441589
公用事业,公用事业Ⅱ,中央国有企业,347639000000.0,0.033423197,-11263879021.712786,6437879688.139071,1282605867.2398484,0.0,6437879688.139071,1282605867.2398484,0.0010221170817146935,0.051942061937878294,0.03711267334540385,-0.03240107991828531,0.018518864937878292,0.0036894763454038484
公用事业,公用事业Ⅱ,中央国有企业,356871426700.32,0.029203,-9510681505.752863,6824853722.246714,2339256516.192575,0.0,6824853722.246714,2339256516.192575,0.0025528375207848064,0.04832712485737568,0.03575790000368381,-0.026650162479215193,0.019124124857375684,0.006554900003683813
公用事业,公用事业Ⅱ,中央国有企业,357337000000.0,0.031801717,-7885994963.086354,18488019805.66052,12440087808.327648,0.0,18488019805.66052,12440087808.327648,0.009732927697223198,0.08354004749938998,0.06661503834183599,-0.022068789302776802,0.05173833049938998,0.03481332134183599
公用事业,公用事业Ⅱ,中央国有企业,364848000000.0,0.03103471,-12470921401.48091,11497054622.776613,4081687267.082589,0.0,11497054622.776613,4081687267.082589,-0.0031464322879689866,0.062546612553328,0.042222073688666484,-0.03418114228796899,0.031511902553327996,0.011187363688666484
公用事业,公用事业Ⅱ,中央国有企业,381746000000.0,0.033938319,-12559809617.845938,7150976189.1448,1450853235.6644373,0.0,7150976189.1448,1450853235.6644373,0.0010373596766647536,0.052670607456577936,0.03773889120158021,-0.03290095932333525,0.018732288456577935,0.003800572201580206
公用事业,公用事业Ⅱ,中央国有企业,387155529975.3,0.020299,-7605077639.678868,13043653775.802269,7365767928.364554,0.0,13043653775.802269,7365767928.364554,0.0006555310298833605,0.05398999177437667,0.03932434603815289,-0.01964346897011664,0.033690991774376663,0.019025346038152886
公用事业,公用事业Ⅱ,中央国有企业,387975000000.0,0.045009464,-14971625154.04318,7454171549.171837,1791183593.3905673,0.0,7454171549.171837,1791183593.3905673,0.006420314817596029,0.06422248429556501,0.04962621403129214,-0.03858914918240397,0.019213020295565014,0.004616750031292138
公用事业,公用事业Ⅱ,中央国有企业,391898000000.0,0.044930235,-13631166800.767822,10935967804.654905,5077370169.816841,0.0,10935967804.654905,5077370169.816841,0.010147799772548413,0.07283537308351894,0.057886081087034996,-0.034782435227451586,0.027905138083518938,0.012955846087034997
公用事业,公用事业Ⅱ,中央国有企业,397909000000.0,0.01530631,-2963033043.03824,26098382765.134785,19445000381.442013,0.0,26098382765.134785,19445000381.442013,0.007859800765380426,0.08089513248236352,0.06417426820512231,-0.007446509234619574,0.06558882248236352,0.04886795820512231
公用事业,公用事业Ⅱ,中央国有企业,399993000000.0,0.04216241,-12838284116.246439,14124738936.220951,8227747793.356357,0.0,14124738936.220951,8227747793.356357,0.010066138024624333,0.07747487530869528,0.06273213945365633,-0.032096271975375665,0.03531246530869528,0.02056972945365633
公用事业,公用事业Ⅱ,中央国有企业,409016000000.0,0.040171345,-11653308095.080587,16648155307.809454,10535412840.897362,0.0,16648155307.809454,10535412840.897362,0.011680263734033414,0.08087428891370864,0.06592929295533026,-0.028491081265966584,0.04070294391370864,0.025757947955330263
公用事业,公用事业Ⅱ,中央国有企业,409621000000.0,0.036396898,-12709399807.500868,10043722726.837536,4395251817.247179,0.0,10043722726.837536,4395251817.247179,0.005369680627109283,0.06091644833271618,0.04712694313256688,-0.031027217372890714,0.024519550332716182,0.010730045132566882
公用事业,公用事业Ⅱ,中央国有企业,412852000000.0,0.025132614,-6449344195.075141,22014373100.63456,15030081613.973585,0.0,22014373100.63456,15030081613.973585,0.00951117049221721,0.07845528919749101,0.06153810946562348,-0.01562144350778279,0.05332267519749101,0.03640549546562348
公用事业,公用事业Ⅱ,中央国有企业,415250356776.35,0.039698,-11303806939.46957,18067684276.743706,11694188660.831417,0.0,18067684276.743706,11694188660.831417,0.012476332986339378,0.08320834016443915,0.06785977871974665,-0.02722166701366062,0.04351034016443915,0.02816177871974665
公用事业,公用事业Ⅱ,中央国有企业,425400654520.48,0.038407,-10707056068.232618,19308903488.431683,13031165441.139551,0.0,19308903488.431683,13031165441.139551,0.013237654456087225,0.08379692425904248,0.06903968780305131,-0.02516934554391277,0.04538992425904248,0.03063268780305131
公用事业,公用事业Ⅱ,中央国有企业,428250000000.0,0.026921334,-5432794722.443824,21887604765.823277,16704901933.805101,0.0,21887604765.823277,16704901933.805101,0.014235298454305143,0.07803074384430421,0.06592869403223608,-0.012686035545694859,0.051109409844304204,0.03900736003223608
公用事业,公用事业Ⅱ,中央国有企业,444090216404.0,0.032194,-17592875620.96825,1721896481.6637979,-4480630330.89663,0.0,1721896481.6637979,0.0,-0.007421544254556531,0.03607135738834054,0.022104540324039725,-0.03961554425455653,0.0038773573883405382,-0.010089459675960276
公用事业,公用事业Ⅱ,中央国有企业,449905000000.0,0.02573537,-5057551864.580316,23388870599.231712,17883236113.693356,0.0,23388870599.231712,17883236113.693356,0.014493992676831075,0.07772161287178785,0.06548428613494706,-0.011241377323168926,0.051986242871787845,0.039748916134947056
公用事业,公用事业Ⅱ,中央国有企业,457899346871.8,0.026904,-8223501129.114537,21222359739.507935,14066487543.915176,0.0,21222359739.507935,14066487543.915176,0.008944810529007141,0.07325121557148158,0.05762360604445551,-0.01795918947099286,0.04634721557148158,0.03071960604445551
公用事业,公用事业Ⅱ,中央国有企业,464620000000.0,0.036921229,-14951885456.987957,11881034354.564856,4726346059.017996,0.0,11881034354.564856,4726346059.017996,0.004740338257053167,0.06249273766205685,0.04709372708234255,-0.03218089074294683,0.025571508662056854,0.010172498082342551
公用事业,公用事业Ⅱ,中央国有企业,493936293815.87,0.033167,-13935129623.889898,15510035571.12235,7698265641.272256,0.0,15510035571.12235,7698265641.272256,0.004954597310910205,0.06456788259419179,0.0487525435967255,-0.028212402689089797,0.031400882594191784,0.015585543596725496
公用事业,公用事业Ⅱ,中央国有企业,500771000000.0,-0.003670327,8825190365.340033,40515288129.10772,34509134229.086914,8825190365.340033,40515288129.10772,34509134229.086914,0.013952878747417546,0.07723549248457023,0.0652416791446987,0.017623205747417547,0.08090581948457023,0.0689120061446987
公用事业,公用事业Ⅱ,中央国有企业,505656118063.91,0.028808,-7740548153.105397,27658109323.267975,20512523408.332233,0.0,27658109323.267975,20512523408.332233,0.013500070605725237,0.08350546797322891,0.06937415291608051,-0.015307929394274764,0.054697467973228914,0.04056615291608051
公用事业,公用事业Ⅱ,中央国有企业,512222000000.0,0.003779402,3133096879.9968576,34346770561.63794,27278431055.7073,3133096879.9968576,34346770561.63794,27278431055.7073,0.009896079690526485,0.07083386385762802,0.05703449657951298,0.006116677690526486,0.06705446185762802,0.05325509457951298
公用事业,公用事业Ⅱ,中央国有企业,518120395445.0,0.025709,-16437165135.11336,6956225914.121708,-226642684.58390743,0.0,6956225914.121708,0.0,-0.006015605477064673,0.03913488706269165,0.02527156752952323,-0.03172460547706467,0.013425887062691651,-0.00043743247047677014
公用事业,公用事业Ⅱ,中央国有企业,520151776851.06,0.025088,-10419093593.630205,19585436023.814278,12346808215.37566,0.0,19585436023.814278,12346808215.37566,0.005057128132741909,0.06274130985194801,0.04882493365063913,-0.02003087186725809,0.03765330985194801,0.023736933650639128
公用事业,公用事业Ⅱ,中央国有企业,539267250476.02,0.033241,-15195697543.830072,12794526474.931536,5350883589.611615,0.0,12794526474.931536,5350883589.611615,0.005062582841500976,0.05696676206628086,0.043163507967780915,-0.028178417158499024,0.02372576206628086,0.009922507967780915
公用事业,公用事业Ⅱ,中央国有企业,550316013000.0,0.031428,-10535834437.994204,24410257347.38955,16868113188.190308,0.0,24410257347.38955,16868113188.190308,0.012282937546594333,0.07578480003988826,0.06207968519490329,-0.019145062453405665,0.04435680003988826,0.030651685194903293
公用事业,公用事业Ⅱ,中央国有企业,559208340046.84,0.078458,-41391240235.61047,108803661.21745582,-9515772693.550404,0.0,108803661.21745582,0.0,0.004440433967019347,0.07865256730779148,0.06144149289148057,-0.07401756603298065,0.00019456730779147946,-0.01701650710851943
公用事业,公用事业Ⅱ,中央国有企业,566071979792.34,0.077071,-42200344727.39885,791040465.3962301,-10421358476.739431,0.0,791040465.3962301,0.0,0.0025215677124669073,0.07846842028158048,0.05866104711633591,-0.0745494322875331,0.0013974202815804776,-0.018409952883664094
公用事业,公用事业Ⅱ,中央国有企业,571942544909.29,0.069579,-27034815284.662624,26694949426.435707,16842109672.1083,0.0,26694949426.435707,16842109672.1083,0.022310588993872907,0.11625318023722911,0.09902620553142179,-0.047268411006127095,0.04667418023722911,0.029447205531421786
公用事业,公用事业Ⅱ,中央国有企业,595576880000.0,0.030174,-7675560456.045803,30074817642.03807,23609728797.760777,0.0,30074817642.03807,23609728797.760777,0.017286393523325144,0.08067095287372147,0.06981578192706335,-0.012887606476674855,0.050496952873721475,0.03964178192706335
公用事业,公用事业Ⅱ,中央国有企业,619678043000.0,0.034876,-11112750271.34854,29249494679.424164,22719326200.831135,0.0,29249494679.424164,22719326200.831135,0.016942896839608465,0.08207711517558508,0.07153911313991665,-0.017933103160391532,0.04720111517558508,0.03666311313991665
公用事业,公用事业Ⅱ,中央国有企业,659739168841.27,0.023677,-14654056540.675472,18522118923.300545,9705350028.116976,0.0,18522118923.300545,9705350028.116976,0.00146510591705043,0.0517519117197813,0.038387889524966246,-0.02221189408294957,0.0280749117197813,0.014710889524966245
公用事业,公用事业Ⅱ,中央国有企业,749261994107.31,0.021539,-13000860997.83542,21652260512.652546,13713255681.713419,0.0,21652260512.652546,13713255681.713419,0.004187444602712059,0.050437116657377774,0.039841350565707985,-0.01735155539728794,0.028898116657377775,0.018302350565707986
公用事业,公用事业Ⅱ,地方国有企业,37455297271.0,0.08663757,-1439229883.879458,337729247.1547974,168141346.98191607,0.0,337729247.1547974,168141346.98191607,0.048212300712555556,0.09565443201316806,0.09112669061130804,-0.03842526928744444,0.009016862013168064,0.004489120611308045
公用事业,公用事业Ⅱ,地方国有企业,41329132241.0,0.085105621,-1509934097.23087,124405966.8751203,15564453.013311317,0.0,124405966.8751203,15564453.013311317,0.048571244027696664,0.08811574872660408,0.0854822186242267,-0.03653437697230334,0.00301012772660407,0.0003765976242266905
公用事业,公用事业Ⅱ,地方国有企业,48467289300.0,0.072029473,-1236969814.9235797,930889969.8244209,723198200.9604087,0.0,930889969.8244209,723198200.9604087,0.04650772765816633,0.0912360344411083,0.0869508397899601,-0.025521745341833664,0.0192065614411083,0.014921366789960103
公用事业,公用事业Ⅱ,地方国有企业,54713816868.0,0.073686954,-2047291383.8988843,693575555.5834776,227563027.7563726,0.0,693575555.5834776,227563027.7563726,0.0362687751725553,0.08636337826147614,0.07784610502953575,-0.0374181788274447,0.012676424261476138,0.004159151029535749
公用事业,公用事业Ⅱ,地方国有企业,60353345396.81,0.083092,-2999054085.9961805,182719061.64923826,-400754331.54949486,0.0,182719061.64923826,0.0,0.033400403514700666,0.0861194885418182,0.07645186549022887,-0.04969159648529933,0.0030274885418181963,-0.006640134509771134
公用事业,公用事业Ⅱ,地方国有企业,65049216986.43,0.076308,-3060918514.573838,677497668.2332,-66477877.155754745,0.0,677497668.2332,0.0,0.029252575563263425,0.08672315485689142,0.07528603724263702,-0.047055424436736576,0.010415154856891415,-0.0010219627573629791
公用事业,公用事业Ⅱ,地方国有企业,70280844646.92,0.074284,-2747248173.5541725,1374345364.4275172,689490426.0609231,0.0,1374345364.4275172,689490426.0609231,0.03519442748054724,0.09383904905116058,0.08409450284077853,-0.03908957251945276,0.01955504905116058,0.009810502840778529
公用事业,公用事业Ⅱ,地方国有企业,110970000000.0,0.050534123,445944390.5586333,9739182513.315155,7761538346.747405,445944390.5586333,9739182513.315155,7761538346.747405,0.05455272614101679,0.13829822603068537,0.12047679531456615,0.004018603141016791,0.08776410303068537,0.06994267231456615
公用事业,公用事业Ⅱ,地方国有企业,114512000000.0,0.061668532,-666631432.2535597,8505525257.603058,6690060052.774546,0.0,8505525257.603058,6690060052.774546,0.05584703353474256,0.13594481097166286,0.1200908812103408,-0.005821498465257438,0.07427627897166286,0.0584223492103408
公用事业,公用事业Ⅱ,地方国有企业,115629000000.0,0.000902358,6088104504.048369,15192981044.394075,13554893987.697838,6088104504.048369,15192981044.394075,13554893987.697838,0.05355441331526148,0.13229656744913537,0.11812981813281995,0.05265205531526148,0.13139420944913538,0.11722746013281994
公用事业,公用事业Ⅱ,地方国有企业,120921000000.0,-0.004608855,6796695642.47248,16991184530.967396,14854878867.734007,6796695642.47248,16991184530.967396,14854878867.734007,0.051598880980288614,0.13590589869015635,0.11823894536332819,0.056207735980288616,0.14051475369015634,0.12284780036332818
公用事业,公用事业Ⅱ,地方国有企业,147240775217.75,0.05267,-901994948.0965132,11029540311.907463,8321395170.573424,0.0,11029540311.907463,8321395170.573424,0.0465440138608848,0.12757819235090417,0.10918556206673838,-0.0061259861391151985,0.07490819235090418,0.05651556206673838
公用事业,公用事业Ⅱ,地方国有企业,154085417032.43,0.057312,-1871392906.6645458,10053666569.977436,7789322898.036592,0.0,10053666569.977436,7789322898.036592,0.045166834398308583,0.12255935931279899,0.1078639798567128,-0.012145165601691418,0.06524735931279899,0.050551979856712795
公用事业,公用事业Ⅱ,地方国有企业,156337713781.7,0.054322,-2470953794.56067,10122871891.5915,7836104248.247942,0.0,10122871891.5915,7836104248.247942,0.038516768269344456,0.11907203149736749,0.10444492976977889,-0.015805231730655546,0.0647500314973675,0.05012292976977888
医疗保健,医药生物,中央国有企业,6314412346.0,0.096777628,310000528.15170044,-824545338.5975634,-328872412.1622913,310000528.15170044,0.0,0.0,0.14587174969575478,-0.03380385661271923,0.044694806330835085,0.04909412169575478,-0.13058148461271923,-0.05208282166916492
医疗保健,医药生物,中央国有企业,7541051691.0,0.080718513,416974268.59662,-874669045.3420898,-313636790.2490691,416974268.59662,0.0,0.0,0.1360124276530802,-0.03526916102509371,0.03912792284088674,0.05529391465308019,-0.11598767402509372,-0.04159059015911327
医疗保健,医药生物,中央国有企业,11577632332.0,0.060104193,795832485.1037415,-1026293485.353009,-207744805.5711051,795832485.1037415,0.0,0.0,0.12884298710595032,-0.02854031184546696,0.04216055827281068,0.06873879410595032,-0.08864450484546696,-0.017943634727189323
医疗保健,医药生物,中央国有企业,12940709340.0,0.06360082,737866466.5158595,-1412193011.3085883,-451953397.92792606,737866466.5158595,0.0,0.0,0.12061983241496083,-0.04552712455119012,0.02867588767570084,0.057019012414960824,-0.10912794455119013,-0.03492493232429916
医疗保健,医药生物,中央国有企业,14188056936.91,0.074736,595290951.2283124,-1497683859.201899,-475116885.0008476,595290951.2283124,0.0,0.0,0.11669318651788552,-0.030823476245524423,0.0412488997498707,0.04195718651788552,-0.10555947624552442,-0.0334871002501293
医疗保健,医药生物,中央国有企业,15869522217.56,0.095545,365731739.16037065,-1793859456.3661008,-673124513.6551234,365731739.16037065,0.0,0.0,0.11859117203633768,-0.017493025453668237,0.05312881982601246,0.023046172036337673,-0.11303802545366824,-0.042416180173987544
医疗保健,医药生物,中央国有企业,16583015601.51,0.065656,816321895.8432754,-1434142832.6972818,-286087771.6614617,816321895.8432754,0.0,0.0,0.11488238411851603,-0.02082663181798447,0.048404145540223015,0.04922638411851603,-0.08648263181798448,-0.01725185445977699
医疗保健,医药生物,中央国有企业,20103525732.0,0.105300023,-221024263.65360716,-2062694765.9566638,-1164278603.9459815,0.0,0.0,0.0,0.09430571948328953,0.002696390510135427,0.04738587304108366,-0.010994303516710477,-0.10260363248986458,-0.05791414995891635
医疗保健,医药生物,中央国有企业,22010147281.0,0.069982153,578985710.8693024,-1393028913.3571959,-399700117.6661349,578985710.8693024,0.0,0.0,0.0962875522087143,0.006691848961021055,0.05182234186547065,0.02630539920871429,-0.06329030403897895,-0.018159811134529358
医疗保健,医药生物,中央国有企业,24307980617.0,0.084751379,89682801.02628861,-2080612098.6709688,-967471655.8786341,89682801.02628861,0.0,0.0,0.08844081756091313,-0.0008424073146013136,0.04495080193346967,0.0036894385609131247,-0.08559378631460132,-0.039800577066530334
医疗保健,医药生物,中央国有企业,27122781699.0,0.09048886,-37716429.6607343,-2417626391.9785757,-1149413324.3523524,0.0,0.0,0.0,0.08909827882439275,0.0013524867913585065,0.04811070951720013,-0.0013905811756072528,-0.0891363732086415,-0.04237815048279987
医疗保健,医药生物,中央国有企业,40081972320.77,0.083421,-19184815.377505302,-2946615357.5022717,-1258132639.073717,0.0,0.0,0.0,0.0829423604953376,0.009906270387371352,0.05203200973262815,-0.00047863950466239813,-0.07351472961262864,-0.031388990267371845
医疗保健,医药生物,中央国有企业,40148455933.08,0.070457,573201177.3612679,-2562391464.5705266,-779094288.5632544,573201177.3612679,0.0,0.0,0.08473404164555388,0.0066340856433045395,0.051051663718528574,0.014277041645553878,-0.06382291435669546,-0.01940533628147143
医疗保健,医药生物,中央国有企业,58804678665.86,0.058771,1355701072.4986315,-2779061478.0806103,-329868024.96890205,1355701072.4986315,0.0,0.0,0.08182530627726065,0.01151181006595077,0.05316144592279334,0.02305430627726065,-0.04725918993404923,-0.0056095540772066535
医疗保健,医药生物,地方国有企业,8810796391.0,0.159521104,-138537099.8337016,-1473797588.1208026,-854652563.5041345,0.0,0.0,0.0,0.14379754239605536,-0.007750675157925893,0.06252050092430755,-0.01572356160394464,-0.1672717791579259,-0.09700060307569244
医疗保健,医药生物,地方国有企业,10205569714.0,0.15789427,-187169252.72158635,-1677219763.7794294,-975671894.724533,0.0,0.0,0.0,0.13955435777885006,-0.006449300303441208,0.062292366131163915,-0.018339912221149945,-0.1643435703034412,-0.09560190386883609
医疗保健,医药生物,地方国有企业,12495334742.0,0.187847669,-660791001.5065356,-2521059771.214585,-1637214406.7593954,0.0,0.0,0.0,0.13496465184596979,-0.01391241372436762,0.0568216148314549,-0.05288301715403021,-0.20176008272436763,-0.1310260541685451
医疗保健,医药生物,地方国有企业,12721347980.0,0.140094925,-292345837.05651957,-2016357118.095604,-1257882328.4054627,0.0,0.0,0.0,0.11711419705229084,-0.018406919400895325,0.041215283441333773,-0.022980727947709167,-0.15850184440089532,-0.09887964155866624
医疗保健,医药生物,地方国有企业,14603844518.0,0.165023006,-442639471.88177985,-2492188590.183057,-1470544116.6407762,0.0,0.0,0.0,0.13471321522290677,-0.005629905780271602,0.06432732173492488,-0.030309790777093226,-0.1706529117802716,-0.10069568426507512
医疗保健,医药生物,地方国有企业,16844623212.0,0.177002842,-1011469118.9111067,-3158284958.6593943,-2178633900.675861,0.0,0.0,0.0,0.11695584028431052,-0.010492296294898312,0.047665790452072455,-0.06004700171568947,-0.1874951382948983,-0.12933705154792755
医疗保健,医药生物,地方国有企业,17080413435.81,0.16331,-565413214.7533667,-2934071770.5243316,-1732934060.38678,0.0,0.0,0.0,0.13020698309246148,-0.008469903428619197,0.06185261626047113,-0.03310301690753853,-0.1717799034286192,-0.10145738373952888
医疗保健,医药生物,地方国有企业,17539661657.5,0.169484,-735380388.0160092,-3077208572.796041,-1872331896.06998,0.0,0.0,0.0,0.12755728542728423,-0.005958869588092636,0.06273553856264003,-0.04192671457271577,-0.17544286958809263,-0.10674846143735997
医疗保健,医药生物,地方国有企业,17560037344.69,0.124081,-89506007.2452158,-2305334167.39877,-1158255863.4739106,0.0,0.0,0.0,0.11898385780785758,-0.007201987737829749,0.05812123916702221,-0.005097142192142412,-0.13128298773782976,-0.06595976083297779
医疗保健,医药生物,地方国有企业,20921822081.0,0.049259163,1484013592.9270012,-878437619.1024176,292594575.680516,1484013592.9270012,0.0,292594575.680516,0.1201905372933842,0.007272493975595845,0.06324430131862827,0.0709313742933842,-0.04198666902440416,0.013985138318628264
医疗保健,医药生物,地方国有企业,21837512362.0,0.045586645,1524263199.0785592,-934362912.918932,274939410.124104,1524263199.0785592,0.0,274939410.124104,0.11538686646345606,0.0027995867751428455,0.05817687989335411,0.06980022146345605,-0.04278705822485716,0.012590234893354105
医疗保健,医药生物,地方国有企业,22515769521.0,0.168378138,-1279138844.719158,-4022641501.7906127,-2695806795.26107,0.0,0.0,0.0,0.11156733952712831,-0.010280712546448176,0.0486484173370333,-0.056810798472871696,-0.1786588505464482,-0.11972972066296671
医疗保健,医药生物,地方国有企业,25072835362.0,0.054031558,1450527439.0237358,-1349038552.6277263,52698642.22016406,1450527439.0237358,0.0,52698642.22016406,0.11188410710667712,0.00022677153886013768,0.05613338020954688,0.05785254910667712,-0.05380478646113986,0.002101822209546883
医疗保健,医药生物,地方国有企业,26027589000.0,0.160762835,-1386696834.7997591,-4453743537.39978,-2904717609.398306,0.0,0.0,0.0,0.10748487541643045,-0.01035341927156469,0.049161348999959574,-0.05327795958356954,-0.17111625427156468,-0.11160148600004041
医疗保健,医药生物,地方国有企业,27044491890.0,0.052549744,1395015283.4613283,-1421843026.974224,26723987.376855478,1395015283.4613283,0.0,26723987.376855478,0.10413197705268126,-2.447454170483032e-05,0.053537892991134754,0.05158223305268126,-0.05257421854170483,0.0009881489911347519
医疗保健,医药生物,地方国有企业,30080522676.54,0.005032,2941960276.3830385,-94359444.53912258,1602171460.8617895,2941960276.3830385,0.0,1602171460.8617895,0.10283483102186561,0.0018951048883763533,0.05829475337999142,0.09780283102186561,-0.0031368951116236467,0.053262753379991416
医疗保健,医药生物,地方国有企业,30089450163.66,0.051802,1602259683.5898616,-1560472872.5143802,110435579.52502045,1602259683.5898616,0.0,110435579.52502045,0.10505188242972158,-5.9129533002022505e-05,0.05547224252435151,0.053249882429721576,-0.05186112953300202,0.0036702425243515108
医疗保健,医药生物,地方国有企业,30621119491.71,0.036822,1985488683.906369,-1104300821.1880813,518810463.51604074,1985488683.906369,0.0,518810463.51604074,0.10166249952660604,0.0007586280685117769,0.05376489667157654,0.06484049952660603,-0.036063371931488224,0.016942896671576536
医疗保健,医药生物,地方国有企业,30743650000.0,0.148622,-1296089269.005389,-4628014872.25817,-2824306550.6140027,0.0,0.0,0.0,0.10646404969138704,-0.0019136349118653861,0.05675566172806408,-0.04215795030861297,-0.1505356349118654,-0.09186633827193592
医疗保健,医药生物,地方国有企业,31051118000.0,0.084386,641806824.3092628,-2404695261.128271,-664283769.5262899,641806824.3092628,0.0,0.0,0.10505536283290227,0.006942886321185893,0.06299276805497664,0.02066936283290227,-0.07744311367881411,-0.021393231945023364
医疗保健,医药生物,地方国有企业,31197524019.77,0.049119,1720143290.7051888,-1471473936.9304767,222016730.51120323,1720143290.7051888,0.0,222016730.51120323,0.10425617337360256,0.0019526307715318214,0.0562354856022071,0.055137173373602556,-0.04716636922846818,0.0071164856022070955
医疗保健,医药生物,地方国有企业,137026000000.0,0.040037592,5583683354.216564,-652130322.5115273,4357318845.744247,5583683354.216564,0.0,4357318845.744247,0.08078667140257005,0.03527841985375383,0.07183680416224839,0.040749079402570054,-0.004759172146246167,0.03179921216224839
医疗保健,医药生物,地方国有企业,149186000000.0,0.039602396,5526604933.696994,-1151708086.32327,4364955074.811514,5526604933.696994,0.0,4364955074.811514,0.0766474601058611,0.03188244850946288,0.06886087249787187,0.0370450641058611,-0.007719947490537116,0.029258476497871874
医疗保健,医药生物,地方国有企业,163436000000.0,0.040454463,4857618043.57594,-2091835195.2100635,4182311415.6884866,4857618043.57594,0.0,4182311415.6884866,0.07017629933701229,0.027655353897904605,0.0660443661773201,0.029721836337012288,-0.012799109102095398,0.025589903177320093
医疗保健,医药生物,地方国有企业,198135000000.0,0.036876042,6709560439.585229,-1601428001.8214934,6373181015.450087,6709560439.585229,0.0,6373181015.450087,0.07073962208219259,0.028793532590650345,0.06904189364382914,0.03386358008219259,-0.008082509409349653,0.03216585164382914
医疗保健,医药生物,地方国有企业,211972533766.8,0.026668,8998683566.586569,508954122.3782302,9634625094.516142,8998683566.586569,508954122.3782302,9634625094.516142,0.06912012059637124,0.02906903806532856,0.07212023347245357,0.04245212059637124,0.0024010380653285597,0.04545223347245357
医疗保健,医药生物,地方国有企业,221209430148.17,0.028974,8428308064.855099,-666067677.881003,8760408277.871088,8428308064.855099,0.0,8760408277.871088,0.06707503420640643,0.025962972497985917,0.06857632740531545,0.038101034206406426,-0.0030110275020140825,0.039602327405315454
医疗保健,医药生物,地方国有企业,233148766767.21,0.031784,8540454240.1542635,-1163431058.409064,8677278201.663225,8540454240.1542635,0.0,8677278201.663225,0.06841492178686742,0.026793919741198095,0.06900177439349336,0.03663092178686742,-0.004990080258801904,0.037217774393493365
可选消费,可选消费零售,中央国有企业,36080230000.0,0.130492211,-263314150.73604918,485972953.97428966,858573417.913455,0.0,485972953.97428966,858573417.913455,0.12319419347804825,0.14396144204354627,0.15428844006820314,-0.00729801752195175,0.013469231043546276,0.02379622906820314
可选消费,可选消费零售,中央国有企业,45863816000.0,0.13404953,-334035589.68371737,1006503613.785191,1413165692.9578302,0.0,1006503613.785191,1413165692.9578302,0.12676632465826138,0.15599501342390854,0.16486174355322528,-0.0072832053417386244,0.021945483423908535,0.030812213553225276
可选消费,可选消费零售,中央国有企业,55101329000.0,0.180547587,-3966656195.8803263,-1940364814.4186225,-1698476722.3602538,0.0,0.0,0.0,0.10855919274765219,0.14533310398056826,0.14972298161960612,-0.07198839425234782,-0.03521448301943175,-0.030824605380393888
可选消费,可选消费零售,中央国有企业,74891423000.0,0.051038,4421996418.205093,6379648100.144363,7623744830.149974,4421996418.205093,6379648100.144363,7623744830.149974,0.11008343192089023,0.13622329685494644,0.15283530234462195,0.059045431920890235,0.08518529685494644,0.10179730234462195
可选消费,可选消费零售,中央国有企业,75618784000.0,0.070196024,3571787865.1973257,6800891869.092719,7158633553.956766,3571787865.1973257,6800891869.092719,7158633553.956766,0.11743015917463234,0.1601325650199233,0.1648634224331296,0.04723413517463235,0.0899365410199233,0.0946673984331296
可选消费,可选消费零售,中央国有企业,76108344000.0,0.05947,3934498899.2518044,6737721439.661129,7626812675.629874,3934498899.2518044,6737721439.661129,7626812675.629874,0.11116602559282862,0.14799802577942214,0.1596799411810862,0.05169602559282862,0.08852802577942215,0.1002099411810862
可选消费,可选消费零售,中央国有企业,78662313000.0,0.090106,1312754517.0110123,3968932027.114068,4852130075.955264,1312754517.0110123,3968932027.114068,4852130075.955264,0.1067944810139134,0.14056131812818762,0.15178903334730653,0.01668848101391339,0.05045531812818761,0.06168303334730653
可选消费,汽车与零配件,中央国有企业,97617053590.0,-0.0267024,6471229375.932754,7896366796.564125,8423634321.7147455,6471229375.932754,7896366796.564125,8423634321.7147455,0.039589596510286734,0.05418886342339263,0.05959025084249246,0.06629199651028674,0.08089126342339263,0.08629265084249246
可选消费,汽车与零配件,中央国有企业,120916000000.0,0.025753678,1571751648.6032367,3684062012.263424,4140166098.710118,1571751648.6032367,3684062012.263424,4140166098.710118,0.038752384942036096,0.05622162279029594,0.0599936966799937,0.012998706942036097,0.03046794479029594,0.0342400186799937
可选消费,汽车与零配件,中央国有企业,135405000000.0,0.020468578,2546071836.561915,5015892260.907517,6240818177.419133,2546071836.561915,5015892260.907517,6240818177.419133,0.039271959238225435,0.0575122046083787,0.06655859075742501,0.018803381238225433,0.0370436266083787,0.04609001275742501
可选消费,汽车与零配件,中央国有企业,146049000000.0,0.046430759,-1437351497.0449915,1059652830.7591465,2807550618.2227235,0.0,1059652830.7591465,2807550618.2227235,0.03658918872533197,0.05368622004909412,0.06565410608366866,-0.009841570274668032,0.007255461049094115,0.019223347083668657
可选消费,汽车与零配件,中央国有企业,190171127138.27,0.054846,-2867479635.3362613,759412921.6412354,3742260151.455926,0.0,759412921.6412354,3742260151.455926,0.0397675825846614,0.05883931345966667,0.07452438234841505,-0.0150784174153386,0.003993313459666671,0.019678382348415048
可选消费,汽车与零配件,中央国有企业,202961073175.76,0.008243,3372537808.4010987,7029269401.922687,10649603510.330767,3372537808.4010987,7029269401.922687,10649603510.330767,0.024859673116822516,0.04287658412494936,0.060714162788484245,0.016616673116822515,0.03463358412494936,0.052471162788484245
可选消费,汽车与零配件,中央国有企业,208168160960.86,0.030682,378745603.58488756,4584033424.522806,8096719002.554885,378745603.58488756,4584033424.522806,8096719002.554885,0.03250142138431102,0.05270281914623198,0.06957708830352419,0.0018194213843110221,0.022020819146231982,0.038895088303524186
可选消费,汽车与零配件,地方国有企业,137464000000.0,0.051888271,-946597818.7915263,-38105234.44555627,2170654026.9392285,0.0,0.0,2170654026.9392285,0.045002120307516685,0.05161106944580722,0.06767898003610566,-0.006886150692483314,-0.0002772015541927797,0.01579070903610566
可选消费,汽车与零配件,地方国有企业,139127000000.0,0.046042526,1162279765.7822978,4091829828.8785696,5032017850.890711,1162279765.7822978,4091829828.8785696,5032017850.890711,0.05439661805820795,0.07545327897302874,0.08221104721364444,0.008354092058207953,0.02941075297302874,0.036168521213644445
可选消费,汽车与零配件,地方国有企业,142861000000.0,0.044824242,-1358402071.1208498,221332207.19327942,2418093223.795846,0.0,221332207.19327942,2418093223.795846,0.035315684233213754,0.046373525619695224,0.06175043755929082,-0.009508557766786246,0.0015492836196952242,0.01692619555929082
可选消费,汽车与零配件,地方国有企业,150436000000.0,0.036173167,1860941075.1840875,4929718030.576089,6204653568.482839,1860941075.1840875,4929718030.576089,6204653568.482839,0.04854348444518657,0.0689427037503529,0.07741764018781966,0.012370317445186574,0.0327695367503529,0.04124447318781966
可选消费,汽车与零配件,地方国有企业,153847000000.0,0.041668248,-767407060.9120947,2318454964.5626326,3935161419.122077,0.0,2318454964.5626326,3935161419.122077,0.03668012953872292,0.05673812238534799,0.06724665654304651,-0.004988118461277079,0.015069874385347994,0.025578408543046514
可选消费,汽车与零配件,地方国有企业,154251000000.0,0.051450993,-2503854332.656717,176803441.55274224,2762075636.8624763,0.0,176803441.55274224,2762075636.8624763,0.035218655234561094,0.05259719912866524,0.06935736402425577,-0.016232337765438906,0.001146206128665242,0.01790637102425577
可选消费,汽车与零配件,地方国有企业,162797000000.0,0.042880326,-1963118568.5543015,917564384.7809647,2778669144.919454,0.0,917564384.7809647,2778669144.919454,0.030821635922453725,0.048516574731739315,0.05994863281719844,-0.012058690077546279,0.0056362487317393115,0.01706830681719844
可选消费,汽车与零配件,地方国有企业,176096527061.77,0.041438,-1499882850.2525964,2237520562.8103013,4599258621.775048,0.0,2237520562.8103013,4599258621.775048,0.03292060970685426,0.054144216301616435,0.06755582695840305,-0.008517390293145743,0.012706216301616433,0.026117826958403048
可选消费,汽车与零配件,地方国有企业,185005958123.93,0.038573,-1277181432.8384893,2777825656.5884438,5396705597.760966,0.0,2777825656.5884438,5396705597.760966,0.031669538912639,0.05358779025193157,0.0677434421440626,-0.006903461087361,0.015014790251931566,0.029170442144062593
可选消费,汽车与零配件,地方国有企业,190075000000.0,0.043845671,-1864573254.9402566,2270395679.126601,5662273068.84557,0.0,2270395679.126601,5662273068.84557,0.03403599979158092,0.05579040691543655,0.07363534912098156,-0.00980967120841908,0.011944735915436544,0.029789678120981558
可选消费,汽车与零配件,地方国有企业,199186450932.39,0.037691,-2132049914.9465806,2581550294.723722,5518236347.794475,0.0,2581550294.723722,5518236347.794475,0.026987210133939968,0.05065147137061536,0.06539487404345858,-0.010703789866060034,0.012960471370615359,0.027703874043458573
可选消费,汽车与零配件,地方国有企业,214997433000.0,-0.037883,12955916946.171013,17036330756.033188,21675906856.32463,12955916946.171013,17036330756.033188,21675906856.32463,0.02237779830530355,0.041356693787568094,0.06293637516121242,0.06026079830530355,0.0792396937875681,0.10081937516121242
可选消费,汽车与零配件,地方国有企业,218448770000.0,0.022413,4891964996.935911,10184847780.089489,15270094487.348413,4891964996.935911,10184847780.089489,15270094487.348413,0.044807106393622224,0.06903650710461537,0.09231540543514351,0.022394106393622226,0.046623507104615367,0.0699024054351435
可选消费,汽车与零配件,地方国有企业,232512366000.0,0.005963,6491807720.899526,11849848419.082062,16857645920.12035,6491807720.899526,11849848419.082062,16857645920.12035,0.0338832686402474,0.05692737932717119,0.07846514777875663,0.0279202686402474,0.05096437932717119,0.07250214777875663
可选消费,汽车与零配件,地方国有企业,849333000000.0,0.03253059,12969365334.715197,27040632745.141315,43306006113.5082,12969365334.715197,27040632745.141315,43306006113.5082,0.047800649369782164,0.06436808217932344,0.08351884326875113,0.015270059369782166,0.03183749217932344,0.05098825326875113
可选消费,汽车与零配件,地方国有企业,916923000000.0,0.027371208,4622886812.966192,11970669591.481321,34044004461.711628,4622886812.966192,11970669591.481321,34044004461.711628,0.03241294739683724,0.04042646955574822,0.06449973947070324,0.00504173939683724,0.013055261555748217,0.03712853147070324
可选消费,汽车与零配件,地方国有企业,919415000000.0,0.022784011,17101145527.449766,28605790538.77027,47631693887.626015,17101145527.449766,28605790538.77027,47631693887.626015,0.041384039852530974,0.053897045417287376,0.07459053350357675,0.018600028852530974,0.031113034417287376,0.05180652250357675
可选消费,汽车与零配件,地方国有企业,957143417731.69,0.004932,23246594512.15082,28137504727.73857,57202000379.23056,23246594512.15082,28137504727.73857,57202000379.23056,0.02921947257881409,0.034329375781385965,0.06469524897557373,0.02428747257881409,0.029397375781385966,0.05976324897557373
可选消费,汽车与零配件,地方国有企业,960207461450.69,0.010248,15400299233.200502,19368055168.423862,47388181947.64524,15400299233.200502,19368055168.423862,47388181947.64524,0.02628651235433392,0.030418698464644747,0.05960002427614003,0.01603851235433392,0.020170698464644747,0.04935202427614003
可选消费,汽车与零配件,地方国有企业,990107000000.0,0.015506544,19137912417.718945,27960008767.7196,53890221398.86479,19137912417.718945,27960008767.7196,53890221398.86479,0.0348356795557722,0.04374592496359242,0.06993522837337054,0.0193291355557722,0.02823938096359242,0.05442868437337055
可选消费,汽车与零配件,地方国有企业,1006650278661.54,0.013857,14377827883.77533,21621033790.92476,50344567865.11117,14377827883.77533,21621033790.92476,50344567865.11117,0.02813984299776119,0.03533519779047046,0.06386897429960502,0.014282842997761192,0.021478197790470457,0.050011974299605015
工业,交通运输,中央国有企业,15534419800.0,0.042836418,177736096.41747597,-1398354252.6884904,-346033964.081218,177736096.41747597,0.0,0.0,0.05427785570451446,-0.047180091833762205,0.020561111388212802,0.01144143770451446,-0.0900165098337622,-0.0222753066117872
工业,交通运输,中央国有企业,21243507964.0,0.143764567,-1309154092.3667,-2616201919.57403,-1719285672.8026438,0.0,0.0,0.0,0.08213848836057573,0.02061155837225649,0.06283228050022766,-0.06162607863942428,-0.12315300862774352,-0.08093228649977235
工业,交通运输,中央国有企业,22822973085.0,0.047164,1479672855.4267402,241227034.85013336,1180067305.7096844,1479672855.4267402,241227034.85013336,1180067305.7096844,0.11199660747475662,0.05773348338639875,0.09886924021190135,0.06483260747475662,0.01056948338639875,0.05170524021190136
工业,交通运输,中央国有企业,24788731227.0,0.173336656,-2949768235.8050303,-5466330393.103266,-3802153625.3832264,0.0,0.0,0.0,0.054340318156289424,-0.047180091833762205,0.019954315025569533,-0.11899633784371058,-0.2205167478337622,-0.1533823409744305
工业,交通运输,中央国有企业,27618399131.0,0.069199,742590553.4182969,-563672922.2785716,617458304.042131,742590553.4182969,0.0,617458304.042131,0.09608653066012372,0.048789673608381504,0.09155577387068647,0.026887530660123726,-0.020409326391618493,0.022356773870686478
工业,交通运输,中央国有企业,29952962908.0,0.08515,430848172.0780915,-1154563322.6289606,219148656.52533507,430848172.0780915,0.0,219148656.52533507,0.09953415870247742,0.0466041197084515,0.09246642666531676,0.014384158702477418,-0.038545880291548505,0.007316426665316761
工业,交通运输,中央国有企业,54817643675.0,0.048220512,-2063250413.7236369,-4199269741.1973405,-2935528337.2818727,0.0,0.0,0.0,0.010582075259520443,-0.028383833967399706,-0.0053302818773487,-0.03763843674047956,-0.0766043459673997,-0.0535507938773487
工业,交通运输,中央国有企业,58634669141.0,0.056169586,-1751283751.6142585,-3706728649.984522,-2237902511.720559,0.0,0.0,0.0,0.026301868192930768,-0.007047768242604738,0.018002703769641908,-0.029867717807069233,-0.06321735424260475,-0.03816688223035809
工业,交通运输,中央国有企业,59388937000.0,-0.070025062,5638404089.724493,4432989568.093645,5779837133.904657,5638404089.724493,4432989568.093645,5779837133.904657,0.024915248006297845,0.00461829401921357,0.02729671922509009,0.09494031000629785,0.07464335601921357,0.09732178122509008
工业,交通运输,中央国有企业,60135535611.0,0.068015247,-2305857694.38469,-4207381763.9535995,-2769999663.5277343,0.0,0.0,0.0,0.02967090249626697,-0.001949736619169501,0.021952638005443288,-0.03834434450373303,-0.0699649836191695,-0.04606260899455671
工业,交通运输,中央国有企业,62394661514.41,0.09434,-3343044129.1257343,-4937206226.4795265,-3612256145.321903,0.0,0.0,0.0,0.04076099102735478,0.015211335677663994,0.03644632676502852,-0.05357900897264521,-0.079128664322336,-0.05789367323497147
工业,交通运输,中央国有企业,65469954370.0,0.084040716,-3558086732.8348746,-5177523990.483793,-3874303591.596565,0.0,0.0,0.0,0.029693851593671952,0.004958272147614073,0.024863897734614605,-0.05434686440632805,-0.07908244385238593,-0.0591768182653854
工业,交通运输,中央国有企业,65841861000.0,0.027846783,-790572269.3428469,-2239669808.117141,-851742217.1712866,0.0,0.0,0.0,0.015839645635780497,-0.0061691116618647485,0.014910602214173084,-0.012007137364219503,-0.03401589466186475,-0.012936180785826916
工业,交通运输,中央国有企业,65959857000.0,0.051866941,-2554038690.188024,-3514458567.286686,-2278973387.197976,0.0,0.0,0.0,0.013145833854664252,-0.001414838663147025,0.01731602638540379,-0.03872110714533575,-0.053281779663147025,-0.03455091461459621
工业,交通运输,中央国有企业,68250082000.0,0.035972367,-1294082993.45685,-2424775735.3002872,-1191167634.9879048,0.0,0.0,0.0,0.017011466799809027,0.0004445600839542846,0.01851938232830532,-0.01896090020019097,-0.035527806916045714,-0.017452984671694677
工业,交通运输,中央国有企业,70619308351.63,0.087285,-3546168462.503313,-4442395835.903695,-2828213470.37732,0.0,0.0,0.0,0.0370697182976345,0.024378750426102012,0.04723627201904916,-0.0502152817023655,-0.06290624957389798,-0.04004872798095084
工业,交通运输,中央国有企业,72083612000.0,0.066136,-3158504859.9483156,-4507363698.906782,-3240203066.175137,0.0,0.0,0.0,0.022318760931176483,0.0036063407078604434,0.021185379792800378,-0.04381723906882352,-0.06252965929213955,-0.04495062020719962
工业,交通运输,中央国有企业,81042317000.0,0.066951,-3336009298.5507846,-4958165830.518755,-3160577154.6774836,0.0,0.0,0.0,0.025787205305546915,0.00577103854210196,0.02795190333451987,-0.04116379469445308,-0.06117996145789804,-0.038999096665480126
工业,交通运输,中央国有企业,82054880078.89,0.087403,-4927159206.173662,-5768798291.880794,-4081481774.7193866,0.0,0.0,0.0,0.027355880298691,0.01709885372211256,0.037662122055929774,-0.06004711970130899,-0.07030414627788743,-0.04974087794407022
工业,交通运输,中央国有企业,90913208562.0,0.059938124,-4704315030.326628,-7200745242.392573,-4562217244.363914,0.0,0.0,0.0,0.008193002419361578,-0.019266486158290547,0.009756007269925274,-0.051745121580638424,-0.07920461015829056,-0.05018211673007473
工业,交通运输,中央国有企业,92078580000.0,0.058354,-3581734188.2274346,-5403755986.352168,-3514159576.579385,0.0,0.0,0.0,0.019455331186607847,-0.0003323523129067363,0.02018921100586711,-0.03889866881339216,-0.05868635231290674,-0.03816478899413289
工业,交通运输,中央国有企业,94009174839.0,0.033919866,-2734481020.215854,-4356960337.649294,-1908432186.4151375,0.0,0.0,0.0,0.004832481445259218,-0.012426252292294548,0.013619377354253281,-0.029087384554740782,-0.04634611829229455,-0.02030048864574672
工业,交通运输,中央国有企业,98320774958.0,0.061230895,-5352453833.077223,-6879618932.011498,-4297393645.202157,0.0,0.0,0.0,0.0067922086149135585,-0.008740267604752522,0.01752300470888006,-0.05443868638508644,-0.06997116260475253,-0.04370789029111994
工业,交通运输,中央国有企业,114930000000.0,0.052447643,-5133403228.407075,-6855655909.961158,-3994474712.316814,0.0,0.0,0.0,0.007782166375906424,-0.007203065343871551,0.01769192462954134,-0.04466547662409358,-0.05965070834387155,-0.03475571837045866
工业,交通运输,中央国有企业,148044000000.0,0.095561613,-6510360073.558622,-3455518337.3655286,587389053.0470436,0.0,0.0,587389053.0470436,0.05158576748408161,0.07222045538898214,0.09952927837682746,-0.04397584551591839,-0.023341157611017863,0.003967665376827453
工业,交通运输,中央国有企业,157482240634.0,0.04975,-7709689000.826049,-10203252062.743778,-6495331651.500326,0.0,0.0,0.0,0.0007940734790920501,-0.015039858346357071,0.008505148356087074,-0.04895592652090795,-0.06478985834635707,-0.04124485164391293
工业,交通运输,中央国有企业,159169493582.77,0.044243,-8951105410.32284,-10650751407.821505,-6391922794.163709,0.0,0.0,0.0,-0.011993312680533608,-0.02267152720042105,0.00408503599391466,-0.056236312680533605,-0.06691452720042104,-0.04015796400608534
工业,交通运输,中央国有企业,162418433553.48,0.037371,-7485886496.628308,-9034683301.711527,-4541943558.121715,0.0,0.0,0.0,-0.008719128643947346,-0.018254972397625968,0.009406541417617632,-0.04609012864394735,-0.05562597239762597,-0.02796445858238237
工业,交通运输,中央国有企业,182203000000.0,0.06014214,-1356832994.8901644,2773721758.266426,7886632455.187472,0.0,2773721758.266426,7886632455.187472,0.0526953197232199,0.07536538966255454,0.10342700608446333,-0.007446820276780099,0.015223249662554547,0.04328486608446333
工业,交通运输,中央国有企业,185151000000.0,0.070411296,-6751859958.722237,-2772477798.044848,2459249798.0159397,0.0,0.0,2459249798.0159397,0.033944520456134525,0.055437151663513304,0.08369369684048122,-0.03646677554386547,-0.014974144336486694,0.013282400840481226
工业,交通运输,中央国有企业,198546000000.0,0.06305714,-4835717627.414764,-7292738734.812946,-333080808.95378166,0.0,0.0,0.0,0.03870148626023811,0.026326413947533836,0.0613795398017901,-0.02435565373976189,-0.03673072605246616,-0.0016776001982098943
工业,交通运输,中央国有企业,202297000000.0,0.056109512,-4396208021.661722,-5556717287.703396,545610040.0545466,0.0,0.0,545610040.0545466,0.034378057644959034,0.028641396863822027,0.05880658630191524,-0.021731454355040966,-0.027468115136177973,0.0026970743019152366
工业,交通运输,中央国有企业,207017831253.0,0.043731,-1432163020.1270797,-4494622460.767547,2990677977.04491,0.0,0.0,2990677977.04491,0.036812933998348146,0.02201971825405903,0.058177475257437855,-0.006918066001651853,-0.021711281745940968,0.014446475257437856
工业,交通运输,中央国有企业,207673222249.0,0.058222,-5017548194.924357,-7707243969.920907,-1290876627.9369035,0.0,0.0,0.0,0.03406121441297655,0.021109637190509192,0.052006096890502604,-0.024160785587023455,-0.03711236280949081,-0.006215903109497399
工业,交通运输,中央国有企业,211817901515.0,0.026457,3134419768.829502,2325048923.784059,9813827929.337189,3134419768.829502,2325048923.784059,9813827929.337189,0.041254709477862694,0.03743364034604464,0.07278843780173942,0.014797709477862693,0.01097664034604464,0.04633143780173942
工业,交通运输,中央国有企业,262224000000.0,0.046345211,-13444754582.000587,-14304696439.844273,-9858002526.467314,0.0,0.0,0.0,-0.0049268105617204655,-0.008206227616771436,0.008751388441930123,-0.05127202156172046,-0.05455143861677143,-0.037593822558069874
工业,交通运输,中央国有企业,271926000000.0,0.051028303,-13896487386.52635,-16406857818.30873,-10478559979.557596,0.0,0.0,0.0,-7.562743153781415e-05,-0.009307442086195251,0.012493701749815768,-0.05110393043153781,-0.06033574508619525,-0.03853460125018423
工业,交通运输,中央国有企业,278842000000.0,0.003307,-7664728761.036019,-15397325664.917606,-10515760389.903807,0.0,0.0,0.0,-0.024180712615158473,-0.05191181805795973,-0.034405254215304035,-0.027487712615158474,-0.05521881805795973,-0.03771225421530403
工业,交通运输,中央国有企业,284030000000.0,-0.032755591,6688086355.067408,7935040862.0121565,13191323312.419643,6688086355.067408,7935040862.0121565,13191323312.419643,-0.009208478529248998,-0.004818257401393668,0.013687824528006348,0.023547112470751003,0.027937333598606333,0.04644341552800635
工业,交通运输,中央国有企业,284650000000.0,-0.02326717,1217129938.1653712,225454720.3393618,4959827803.602263,1217129938.1653712,225454720.3393618,4959827803.602263,-0.01899128755431101,-0.022475128122819737,-0.005842867159310511,0.004275882445688991,0.0007920418771802627,0.01742430284068949
工业,交通运输,中央国有企业,284662650232.54,0.051136,-7551497467.595977,-788652878.5375667,6435687573.678736,0.0,0.0,6435687573.678736,0.024608117043007985,0.04836551754333307,0.07374412076477699,-0.026527882956992016,-0.002770482456666931,0.022608120764776987
工业,交通运输,中央国有企业,284733000000.0,-0.00733,-7747205295.315244,-18100595895.470116,-14608774532.912836,0.0,0.0,0.0,-0.03453866669938238,-0.0709004182355755,-0.058636924497381185,-0.02720866669938238,-0.0635704182355755,-0.05130692449738118
工业,交通运输,中央国有企业,285185000000.0,0.029321318,-10728824276.669436,-11646168977.91831,-6559598804.974283,0.0,0.0,0.0,-0.008299259087397426,-0.011515924414286553,0.006320112449307351,-0.037620577087397425,-0.04083724241428655,-0.023001205550692648
工业,交通运输,中央国有企业,287938421202.66,0.050637,-6530271159.3821535,346150347.1463131,7923743195.931728,0.0,346150347.1463131,7923743195.931728,0.02795759816086181,0.05183916796945859,0.07815588116506256,-0.02267940183913819,0.0012021679694585868,0.027518881165062556
工业,交通运输,中央国有企业,287984000000.0,-0.0992069,19356651721.50108,14108882123.741514,17933354098.572975,19356651721.50108,14108882123.741514,17933354098.572975,-0.0319925696153221,-0.05021500418724126,-0.0369348498216117,0.0672143303846779,0.04899189581275874,0.0622720501783883
工业,交通运输,中央国有企业,288545000000.0,0.008071276,4005756750.209437,9621735360.212664,16456456808.021194,4005756750.209437,9621735360.212664,16456456808.021194,0.021953882699854224,0.04141697722584922,0.06510382485033944,0.013882606699854224,0.03334570122584922,0.05703254885033944
工业,交通运输,中央国有企业,288790000000.0,-0.022168358,-2638506318.9428377,-7433338534.390534,-2650710977.289211,0.0,0.0,0.0,-0.031304776570389686,-0.047907956096854235,-0.031347037931054436,-0.009136418570389687,-0.025739598096854235,-0.009178679931054437
工业,交通运输,中央国有企业,292219725586.82,0.047604,-7510367194.703654,-384889923.1212042,5673084374.800976,0.0,0.0,5673084374.800976,0.021902904087936784,0.04628687494162727,0.06701776258364692,-0.025701095912063217,-0.0013171250583727326,0.019413762583646917
工业,交通运输,中央国有企业,294006000000.0,0.00868,-8478144997.094621,-15405858498.542149,-10469625197.90703,0.0,0.0,0.0,-0.020156639378429764,-0.04371980986286725,-0.026930243321248645,-0.028836639378429764,-0.05239980986286725,-0.035610243321248645
工业,交通运输,中央国有企业,294206000000.0,0.038643697,-8816435668.777164,-5465835074.627916,185389360.1983747,0.0,0.0,185389360.1983747,0.008676817776676324,0.020065438655071897,0.03927383153226098,-0.029966879223323674,-0.0185782583449281,0.0006301345322609828
工业,交通运输,中央国有企业,294979000000.0,-0.108973296,23246900829.033947,20460521429.868774,24138207794.716633,23246900829.033947,20460521429.868774,24138207794.716633,-0.030164632233989713,-0.03961065855845747,-0.027143037592734967,0.07880866376601028,0.06936263744154253,0.08183025840726503
工业,交通运输,中央国有企业,295252000000.0,0.027510617,-2217947504.179412,3598888341.183863,10858390165.622475,0.0,3598888341.183863,10858390165.622475,0.019998567956540814,0.03969982601868188,0.06428730323962742,-0.0075120490434591874,0.012189209018681882,0.03677668623962742
工业,交通运输,中央国有企业,298381000000.0,-0.037335215,3479171361.5044093,2422361473.381414,7276013649.515083,3479171361.5044093,2422361473.381414,7276013649.515083,-0.025675051110528452,-0.02921686472507829,-0.012950238578863654,0.011660163889471546,0.008118350274921707,0.024384976421136344
工业,交通运输,中央国有企业,300863000000.0,0.020521067,4134945308.083508,12068979209.453299,20384440974.065964,4134945308.083508,12068979209.453299,20384440974.065964,0.034264682227141616,0.060635601553777965,0.08827430011296492,0.013743615227141615,0.04011453455377796,0.06775323311296491
工业,交通运输,中央国有企业,306928000000.0,0.02764492,-8154098718.936176,-9701163144.231325,-3314086377.5065737,0.0,0.0,0.0,0.0010781072004633768,-0.003962372733902819,0.016847318029809683,-0.026566812799536623,-0.03160729273390282,-0.010797601970190317
工业,交通运输,中央国有企业,309596000000.0,0.005775,-10524812006.90243,-17086175037.486464,-12948847163.515781,0.0,0.0,0.0,-0.028220310039220237,-0.04941361689907642,-0.03604998211706799,-0.03399531003922024,-0.05518861689907642,-0.04182498211706799
工业,交通运输,中央国有企业,312246000000.0,-0.085487084,18583479481.179577,15683204223.263142,20345975473.066216,18583479481.179577,15683204223.263142,20345975473.066216,-0.02597157545487988,-0.03526000591649168,-0.02032700037021383,0.059515508545120124,0.05022707808350833,0.06516008362978618
工业,交通运输,中央国有企业,323211000000.0,-0.018266705,-2492751551.3200755,-4830483854.827839,804345827.6448506,0.0,0.0,804345827.6448506,-0.025979163893169094,-0.03321200034832614,-0.015778095925293847,-0.007712458893169093,-0.014945295348326136,0.0024886090747061537
工业,交通运输,中央国有企业,326383000000.0,-0.012656909,-243765543.66457912,-2102501278.552712,3976265097.694878,0.0,0.0,3976265097.694878,-0.013403778609215489,-0.019098731271848447,-0.0004740897425788773,-0.0007468696092154895,-0.006441822271848448,0.012182819257421122
工业,交通运输,中央国有企业,329979000000.0,0.012089,-9340424652.495321,-15108052668.167122,-9486170679.13791,0.0,0.0,0.0,-0.01621711842721907,-0.033695891366320646,-0.01665880116049176,-0.02830611842721907,-0.04578489136632065,-0.028747801160491762
工业,交通运输,中央国有企业,335278694000.0,0.017611,-16963184662.94114,-28586804992.47242,-24492814279.50893,0.0,0.0,0.0,-0.03298328161260118,-0.06765181420218255,-0.05544110476484655,-0.05059428161260118,-0.08526281420218255,-0.07305210476484655
工业,交通运输,中央国有企业,343010455000.0,0.010977,-9997045251.462772,-18623810564.470886,-13182782790.839533,0.0,0.0,0.0,-0.01816801615253323,-0.04331816882939002,-0.027455597603590634,-0.029145016152533232,-0.05429516882939002,-0.038432597603590635
工业,交通运输,中央国有企业,345750173000.0,0.017834,-13110636399.497955,-22575898744.287144,-17421867843.85068,0.0,0.0,0.0,-0.02008539216035607,-0.04746140838230367,-0.03255460195697048,-0.03791939216035607,-0.06529540838230367,-0.05038860195697048
工业,交通运输,中央国有企业,350053000000.0,0.018306,-11869620597.856924,-18719656328.360104,-12935187083.45408,0.0,0.0,0.0,-0.015602067058008137,-0.03517063447637958,-0.018646081780342064,-0.03390806705800814,-0.053476634476379584,-0.036952081780342066
工业,交通运输,中央国有企业,413668000000.0,0.224550922,-90772959097.07799,-93488066159.08087,-83705316802.09683,0.0,0.0,0.0,0.0051165952039268076,-0.0014468978919928294,0.022201896206134303,-0.21943432679607316,-0.2259978198919928,-0.20234902579386568
工业,交通运输,中央国有企业,462429381000.0,0.059367,-8066591994.274165,-11736136015.412973,4204432815.486731,0.0,0.0,4204432815.486731,0.04192305650136196,0.0339876956183587,0.06845905381023731,-0.017443943498638044,-0.0253793043816413,0.00909205381023731
工业,交通运输,中央国有企业,483758024000.0,0.07002,-20876252097.149788,-24170034253.967094,-8331730306.4218445,0.0,0.0,0.0,0.026865672709400296,0.020056933642743885,0.05279707057439559,-0.0431543272905997,-0.049963066357256114,-0.01722292942560441
工业,交通运输,中央国有企业,497472214000.0,0.104992,-44120145536.23891,-49066558135.57764,-33298874756.820232,0.0,0.0,0.0,0.01630333700617316,0.006360243783807312,0.038055849960431695,-0.08868866299382684,-0.09863175621619269,-0.0669361500395683
工业,交通运输,中央国有企业,511780000000.0,0.221511332,-91837222564.1211,-96277120030.58202,-79896355432.92953,0.0,0.0,0.0,0.04206465068357284,0.0333892482324006,0.0653966822815086,-0.17944668131642716,-0.1881220837675994,-0.1561146497184914
工业,交通运输,地方国有企业,33202181016.0,-0.046464322,3971118861.955319,3008354170.8716326,4267737611.765757,3971118861.955319,3008354170.8716326,4267737611.765757,0.0731398347281876,0.04414280315909477,0.08207354753661722,0.1196041567281876,0.09060712515909478,0.12853786953661722
工业,交通运输,地方国有企业,37171229056.0,0.135325363,-2160176014.4044895,-4455709586.815526,-2635368880.982489,0.0,0.0,0.0,0.07721116905849501,0.015455514733675152,0.06442728004954937,-0.058114193941504994,-0.11986984826632485,-0.07089808295045064
工业,交通运输,地方国有企业,51426088634.0,-0.024815916,4973608908.323103,2926099693.4736476,5196573035.8640375,4973608908.323103,2926099693.4736476,5196573035.8640375,0.0718978151126329,0.03208321382297233,0.07623343801267052,0.0967137311126329,0.05689912982297233,0.10104935401267051
工业,交通运输,地方国有企业,52785301395.0,0.076096852,-2273732639.455801,-4168903318.429026,-2578898043.339633,0.0,0.0,0.0,0.033021742464466,-0.0028816364855070303,0.027240485261817195,-0.043075109535534006,-0.07897848848550704,-0.04885636673818281
工业,交通运输,地方国有企业,55625048625.0,0.083808736,-3406373085.6522436,-5230042408.329007,-3615562105.47143,0.0,0.0,0.0,0.02257062169979441,-0.01021441611601323,0.018809923507340717,-0.061238114300205586,-0.09402315211601323,-0.06499881249265928
工业,交通运输,地方国有企业,57177364980.0,0.070826963,-1930166814.2546687,-3874858289.4639487,-2092222611.748552,0.0,0.0,0.0,0.037069429491244935,0.0030578678201271525,0.03423516461124271,-0.03375753350875507,-0.06776909517987285,-0.0365917983887573
工业,交通运输,地方国有企业,57475910361.0,0.081422004,-2805552868.035402,-3897013783.394456,-2510853618.066828,0.0,0.0,0.0,0.032609330126475836,0.013619445346857634,0.0377366825793139,-0.04881267387352417,-0.06780255865314237,-0.0436853214206861
工业,交通运输,地方国有企业,60245860643.0,0.084406,-2377945755.868119,-3299369749.407193,-1862178230.7273974,0.0,0.0,0.0,0.04493530889378183,0.029640913831535595,0.053496353912244006,-0.03947069110621816,-0.0547650861684644,-0.03090964608775599
工业,交通运输,地方国有企业,60575556128.0,0.068009798,-2189997265.7412457,-3651407223.1675906,-1995914465.3920465,0.0,0.0,0.0,0.03185664637042779,0.0077312391791460044,0.03506062521527884,-0.03615315162957221,-0.06027855882085399,-0.032949172784721155
工业,交通运输,地方国有企业,61095560365.0,0.047471427,-2144729453.520112,-3571881287.8883166,-2092302729.6107943,0.0,0.0,0.0,0.012366921194554112,-0.010992416633629251,0.013225031400862189,-0.035104505805445885,-0.05846384363362925,-0.03424639559913781
工业,交通运输,地方国有企业,62749753460.0,0.0854,-2522058260.828358,-3333993564.097001,-1618368348.3969312,0.0,0.0,0.0,0.04520767856823452,0.03226841971064852,0.05960916801802952,-0.04019232143176548,-0.053131580289351485,-0.025790831981970484
工业,交通运输,地方国有企业,66578767145.0,0.081146,-2341308489.4929733,-3178053615.6332645,-1346698846.3395753,0.0,0.0,0.0,0.045980006547554346,0.0334122591707072,0.060918847950058336,-0.03516599345244565,-0.0477337408292928,-0.02022715204994166
工业,交通运输,地方国有企业,67662020722.0,0.073413497,-4404256052.001809,-6194233283.529147,-4574176827.6661,0.0,0.0,0.0,0.008321499968203028,-0.018133181881778072,0.0058101830750461325,-0.06509199703179697,-0.09154667888177806,-0.06760331392495386
工业,交通运输,地方国有企业,67775098796.0,-0.037307282,4177658271.2643147,1679768402.760507,3470525788.9354544,4177658271.2643147,1679768402.760507,3470525788.9354544,0.024332735432344557,-0.012522834133438646,0.013899220839362597,0.061640017432344554,0.02478444786656135,0.051206502839362594
工业,交通运输,地方国有企业,69480530979.72,0.019528,540344161.8908982,-1205043213.781641,445347630.89881295,540344161.8908982,0.0,445347630.89881295,0.02730491468777943,0.0021843902608434385,0.02593767512221231,0.00777691468777943,-0.017343609739156562,0.00640967512221231
工业,交通运输,地方国有企业,70046212107.27,0.03427,-513561099.38424814,-2110336561.6363387,-316460784.70735914,0.0,0.0,0.0,0.026938253087008167,0.004142224376608231,0.029752114233061948,-0.007331746912991835,-0.03012777562339177,-0.004517885766938054
工业,交通运输,地方国有企业,71678547661.74,0.035391,-455661000.483303,-2282846706.0930324,-345746902.50140417,0.0,0.0,0.0,0.029033993401127153,0.0035426049004498444,0.030567424275042138,-0.0063570065988728455,-0.031848395099550154,-0.004823575724957861
工业,交通运输,地方国有企业,71778991000.0,0.054406379,-2352526526.5815606,-2372197105.950753,-1108707871.734079,0.0,0.0,0.0,0.021631795604399456,0.021357751917031487,0.03896024558006827,-0.03277458339560054,-0.03304862708296851,-0.015446133419931729
工业,交通运输,地方国有企业,78458345074.0,0.061469015,-4765417965.686034,-7057226896.877484,-5200146958.12317,0.0,0.0,0.0,0.0007308237828463904,-0.028479694601525225,-0.00481006536064893,-0.06073819121715361,-0.08994870960152523,-0.06627908036064893
工业,交通运输,地方国有企业,78661443944.36,0.069785,-5685561289.28769,-7856574898.630344,-6287233786.070189,0.0,0.0,0.0,-0.0024938828197622054,-0.030093345790188845,-0.010142769829872056,-0.0722788828197622,-0.09987834579018884,-0.07992776982987206
工业,交通运输,地方国有企业,85419000000.0,0.045359534,-1514331832.0914369,-1252755950.2501025,301683095.71747696,0.0,0.0,301683095.71747696,0.02763125537239447,0.030693523507602495,0.04889133717865436,-0.01772827862760553,-0.014666010492397505,0.003531803178654362
工业,交通运输,地方国有企业,89886075247.13,0.065752,-5703299076.5604105,-8124165614.589365,-5897911045.849801,0.0,0.0,0.0,0.0023016929209564996,-0.024630916288791493,0.0001365970620670065,-0.0634503070790435,-0.0903829162887915,-0.065615402937933
工业,交通运输,地方国有企业,94961585000.0,0.050877647,-2297484857.3826404,-1752892251.7114124,-59331827.019117475,0.0,0.0,0.0,0.026683812647059907,0.03241868539240454,0.050252848803770254,-0.02419383435294009,-0.018458961607595456,-0.0006247981962297436
工业,交通运输,地方国有企业,96388991421.56,0.056364,-5461999132.564147,-7648649231.189397,-5391238553.87527,0.0,0.0,0.0,-0.00030221314332400107,-0.022987896086740983,0.00043190158954423824,-0.056666213143324,-0.07935189608674098,-0.05593209841045576
工业,交通运输,地方国有企业,108880000000.0,0.044127532,-2340207813.7387543,-2023582961.8755498,-298279322.96970475,0.0,0.0,0.0,0.02263407302003348,0.025542089660951964,0.04138800846060153,-0.021493458979966518,-0.018585442339048033,-0.002739523539398464
工业,交通运输,地方国有企业,112344177000.0,0.04463,-1409061907.9623535,-927323184.481261,1132499268.7988687,0.0,0.0,1132499268.7988687,0.03208763291352116,0.03637569426521091,0.05471062277049632,-0.012542367086478844,-0.008254305734789094,0.010080622770496317
工业,交通运输,地方国有企业,112898984000.0,0.045185,-2031891311.3872871,-759724145.2504101,1614532832.7546914,0.0,0.0,1614532832.7546914,0.027187572216351506,0.03845576189409809,0.05948568522808577,-0.017997427783648497,-0.006729238105901911,0.014300685228085766
工业,交通运输,地方国有企业,123425080000.0,0.042734,-1256623227.9768264,1052084412.5681825,3675887450.622772,0.0,1052084412.5681825,3675887450.622772,0.032552736775565985,0.05125807316704338,0.07251633800312524,-0.010181263224434016,0.00852407316704338,0.029782338003125235
工业,交通运输,地方国有企业,142177000000.0,0.071946458,-8614512812.627312,-9477650242.377155,-5733767261.431987,0.0,0.0,0.0,0.011356399040904575,0.005285533642493831,0.031618083780316185,-0.06059005895909543,-0.06666092435750617,-0.04032837421968382
工业,交通运输,地方国有企业,155925000000.0,0.058674426,-6458029885.040795,-7695690747.335946,-3200159907.66321,0.0,0.0,0.0,0.01725688625306529,0.009319346652006122,0.038150713268473885,-0.04141753974693471,-0.04935507934799388,-0.020523712731526117
工业,交通运输,地方国有企业,170787000000.0,0.091969319,-13812704434.499372,-15758018452.411911,-10830714924.151117,0.0,0.0,0.0,0.011092528409970465,-0.00029776486710880734,0.028552812332916913,-0.08087679059002953,-0.0922670838671088,-0.06341650666708308
工业,交通运输,地方国有企业,181802000000.0,0.100678041,-16492401201.89071,-17457228454.148907,-12535117624.548376,0.0,0.0,0.0,0.009961760640649103,0.004654738428252134,0.03172875757875944,-0.09071628035935089,-0.09602330257174786,-0.06894928342124056
工业,交通运输,地方国有企业,203575515172.97,0.068344,-11644198838.772507,-12163367671.657375,-6825062331.402802,0.0,0.0,0.0,0.011145574988628199,0.008595323145012573,0.034818051038977754,-0.0571984250113718,-0.05974867685498743,-0.03352594896102225
工业,交通运输,地方国有企业,212055541073.03,0.0729,-13107742511.404978,-14653782480.644794,-8041226102.418823,0.0,0.0,0.0,0.011087219984547397,0.003796488691148306,0.034979622811414784,-0.06181278001545261,-0.0691035113088517,-0.03792037718858522
工业,交通运输,地方国有企业,221735642992.73,0.064018,-11588662349.556273,-12043077866.34461,-5346382488.376842,0.0,0.0,0.0,0.011754583107947941,0.009705225996681721,0.039906484069509154,-0.052263416892052064,-0.054312774003318284,-0.02411151593049085
工业,企业服务,地方国有企业,28750127147.0,0.038563878,163596576.22646484,-1430493040.9155278,-1180859147.0812175,163596576.22646484,0.0,0.0,0.044254168529498955,-0.011192181637628279,-0.002509301991290472,0.005690290529498952,-0.04975605963762828,-0.041073179991290475
工业,企业服务,地方国有企业,31014635513.0,0.048815906,-138457775.24667817,-1632623467.5175822,-1396551673.6515157,0.0,0.0,0.0,0.04435163379571623,-0.0038245149017145062,0.0037871107053997627,-0.004464272204283769,-0.0526404209017145,-0.045028795294600236
工业,企业服务,地方国有企业,31323233994.0,0.0538665,-330580612.768797,-1835488617.0859787,-1629527468.5230823,0.0,0.0,0.0,0.04331265320269548,-0.004731811318606786,0.001843536188689196,-0.01055384679730452,-0.05859831131860678,-0.0520229638113108
工业,企业服务,地方国有企业,32111004317.0,0.043093729,-257411988.6489122,-1533791523.3465638,-1462380533.850355,0.0,0.0,0.0,0.035077412035642866,-0.004671563801338943,-0.0024476847600221688,-0.008016316964357131,-0.04776529280133894,-0.045541413760022166
工业,企业服务,地方国有企业,36218947000.0,0.079221,-1533990411.8077762,-3120889308.274395,-3030473037.906807,0.0,0.0,0.0,0.036867741861165204,-0.006946312050082375,-0.004449931623351916,-0.042353258138834796,-0.08616731205008238,-0.08367093162335192
工业,企业服务,地方国有企业,39168461000.0,0.082095,-1701164016.9106693,-2843067226.8098626,-2879060789.5802183,0.0,0.0,0.0,0.03866301483952435,0.009509374876514492,0.008590432394440559,-0.04343198516047565,-0.07258562512348551,-0.07350456760555944
工业,企业服务,地方国有企业,44405436000.0,0.096453,-2357980822.0176992,-3143096448.9126563,-3253056846.044509,0.0,0.0,0.0,0.043351825134434,0.02567120542618574,0.023194923082468802,-0.053101174865565995,-0.07078179457381426,-0.0732580769175312
工业,国防军工,中央国有企业,2488073274.0,0.085373876,43088550.20877433,-115345919.5353384,-17281177.006333817,43088550.20877433,0.0,0.0,0.10269191508632569,0.03901434119823741,0.07842826986093666,0.01731803908632569,-0.046359534801762595,-0.006945606139063337
工业,国防军工,中央国有企业,2933073285.0,0.085369507,26322255.72374371,-147351524.014221,-40635832.86907902,26322255.72374371,0.0,0.0,0.09434379886592714,0.035131579169219246,0.07151515393050994,0.008974291865927145,-0.05023792783078075,-0.013854353069490052
工业,国防军工,中央国有企业,3299177131.0,0.093446643,-14447657.631074987,-213721447.79532093,-91989247.46454228,0.0,0.0,0.0,0.08906747296535084,0.028666414685753438,0.06556416085007681,-0.00437917003464916,-0.06478022831424655,-0.027882482149923185
工业,国防军工,中央国有企业,3653386274.0,0.053896446,108220330.82436042,-99379870.03191522,28849506.669877652,108220330.82436042,0.0,28849506.669877652,0.08351837007480437,0.026694321018261698,0.06179309434380928,0.029621924074804365,-0.027202124981738303,0.007896648343809279
工业,国防军工,中央国有企业,3974910728.94,0.023927,207624103.00641945,12277910.507031476,137874486.76492915,207624103.00641945,12277910.507031476,137874486.76492915,0.07616065181380743,0.027015851887324187,0.05861318446223483,0.05223365181380743,0.0030888518873241864,0.03468618446223483
工业,国防军工,中央国有企业,4240904107.27,0.028572,170791936.82228816,-50914205.16783969,87461926.37010436,170791936.82228816,0.0,87461926.37010436,0.06884452974890587,0.016566492711929125,0.049195415233598924,0.04027252974890587,-0.012005507288070875,0.020623415233598924
工业,国防军工,中央国有企业,22696700722.0,0.038537034,-514172607.86406267,-774941125.5392243,-471692242.6201822,0.0,0.0,0.0,0.01588296572100678,0.00439369594258486,0.017754619480916653,-0.022654068278993217,-0.03414333805741514,-0.020782414519083345
工业,国防军工,中央国有企业,24719896668.0,0.035788368,-472044963.5241939,-725618613.9449269,-396178414.2570078,0.0,0.0,0.0,0.0166926181324345,0.006434741498630242,0.01976166612588326,-0.0190957498675655,-0.02935362650136976,-0.01602670187411674
工业,国防军工,中央国有企业,26262648705.0,0.035448331,-284924693.7042005,-395984758.0527876,-8781281.042291773,0.0,0.0,0.0,0.02459928462601582,0.020370462712579383,0.03511396712296196,-0.010849046373984178,-0.015077868287420616,-0.00033436387703803666
工业,国防军工,中央国有企业,28402468059.0,0.037133494,-393280182.24730784,-393903139.54407275,-12598964.540213613,0.0,0.0,0.0,0.023286803584563108,0.023264870374552243,0.03668990703727402,-0.013846690415436895,-0.01386862362544776,-0.000443586962725985
工业,国防军工,中央国有企业,29223855418.0,0.030645756,-371913371.9208728,-243483929.7283741,76503109.7325126,0.0,0.0,76503109.7325126,0.017919393697653052,0.022314071961541344,0.03326358683163598,-0.012726362302346948,-0.008331684038458655,0.0026178308316359804
工业,国防军工,中央国有企业,32853080760.0,0.044497289,-598622423.1765898,-343968186.8953823,54619117.296246186,0.0,0.0,54619117.296246186,0.026276093016899454,0.03402739762487582,0.04615981549775078,-0.018221195983100548,-0.010469891375124184,0.0016625264977507756
工业,国防军工,中央国有企业,48762673248.0,0.012683797,852365633.2442299,1827879862.5865974,2560655986.9750195,852365633.2442299,1827879862.5865974,2560655986.9750195,0.030163676105667975,0.05016902372844988,0.06519642226055306,0.017479879105667975,0.03748522672844988,0.05251262526055306
工业,国防军工,中央国有企业,55466437662.06,0.04908,-2491725510.404587,-1623022608.124471,-1074708947.5828626,0.0,0.0,0.0,0.004156878641712908,0.019818654282918794,0.029704157727043247,-0.04492312135828709,-0.029261345717081205,-0.01937584227295675
工业,国防军工,中央国有企业,58460327428.0,0.012833044,452968581.8965544,1391927493.19292,2238444749.3811674,452968581.8965544,1391927493.19292,2238444749.3811674,0.020581351302151746,0.036642823288479426,0.05112302368131544,0.007748307302151746,0.023809779288479424,0.038289979681315436
工业,国防军工,中央国有企业,58792300811.0,0.034290357,-1866603727.957712,-1078306209.091976,-647157541.0928088,0.0,0.0,0.0,0.0025412384554086703,0.015949414491925447,0.023282835059784894,-0.03174911854459133,-0.018340942508074554,-0.011007521940215106
工业,国防军工,中央国有企业,61589834322.62,0.050531,-2085945301.3543832,-1079088912.6792402,-365944860.966982,0.0,0.0,0.0,0.016662662403445022,0.03301043147522115,0.04458935613958484,-0.03386833759655498,-0.017520568524778853,-0.005941643860415159
工业,国防军工,中央国有企业,62780477436.0,0.023023896,405817124.7021918,1088604026.1681464,1880101792.3893638,405817124.7021918,1088604026.1681464,1880101792.3893638,0.029487961602493895,0.040363745434529974,0.052971132293416004,0.0064640656024938965,0.017339849434529975,0.029947236293416005
工业,国防军工,中央国有企业,63115020067.0,0.023695335,-46667512.08085534,2787956775.5211854,3351685753.7130084,0.0,2787956775.5211854,3351685753.7130084,0.022955930781617194,0.06786797049249638,0.0767997426379127,-0.0007394042183828074,0.04417263549249638,0.0531044076379127
工业,国防军工,中央国有企业,64352332318.0,0.022585258,343461659.9890794,2985187992.3242645,3713863200.523605,343461659.9890794,2985187992.3242645,3713863200.523605,0.027922464090555474,0.0689734444851894,0.08029665814275441,0.005337206090555473,0.0463881864851894,0.057711400142754415
工业,国防军工,中央国有企业,71989049045.0,0.009441759,-495411407.7537696,1125934670.4963584,1805577323.1150463,0.0,1125934670.4963584,1805577323.1150463,0.002559998311036177,0.02508211938026481,0.034523036598018954,-0.006881760688963822,0.01564036038026481,0.025081277598018953
工业,国防军工,中央国有企业,73523417381.93,0.027009,-418593622.35624814,16310608.725451248,875644683.0245702,0.0,16310608.725451248,875644683.0245702,0.02131566259456097,0.02723084236405556,0.03891873861396953,-0.005693337405439029,0.00022184236405556335,0.011909738613969531
工业,国防军工,中央国有企业,73810707203.02,0.012074,-2130016297.6757107,150955163.195391,412291094.4484641,0.0,150955163.195391,412291094.4484641,-0.01678382264376624,0.01411916619492862,0.017659789786764093,-0.02885782264376624,0.002045166194928621,0.005585789786764094
工业,国防军工,中央国有企业,77486151790.18,0.044729,-2523451849.4034667,-966016695.1542308,-197580361.8092024,0.0,0.0,0.0,0.012162511781091317,0.03226204077133617,0.04217912034738519,-0.03256648821890868,-0.01246695922866383,-0.0025498796526148074
工业,国防军工,中央国有企业,77846648435.6,0.013604,-1714706891.931898,810950128.7965493,1214608372.6591005,0.0,810950128.7965493,1214608372.6591005,-0.00842272724376078,0.024021277366377845,0.02920657759412605,-0.02202672724376078,0.010417277366377846,0.015602577594126052
工业,国防军工,中央国有企业,78120456108.96,0.014631,891390497.030272,3785547874.5950274,4531885919.570684,891390497.030272,3785547874.5950274,4531885919.570684,0.02604146201505772,0.06308883118975984,0.07264251382487769,0.01141046201505772,0.04845783118975985,0.05801151382487769
工业,国防军工,中央国有企业,80920781039.43,0.007502,-1810989295.6002798,3522748.8870740007,312352738.4179783,0.0,3522748.8870740007,312352738.4179783,-0.014877780228738091,0.00754553330308759,0.011361981755067085,-0.022379780228738093,4.353330308758986e-05,0.0038599817550670854
工业,国防军工,中央国有企业,82173551967.0,0.004895149,-1257130349.867205,579184516.9897108,1012082321.9270382,0.0,579184516.9897108,1012082321.9270382,-0.010403329887368223,0.011943457161515337,0.017211548835478443,-0.015298478887368223,0.007048308161515337,0.012316399835478444
工业,国防军工,中央国有企业,83259234737.86,0.015266,-391469649.8932384,2447585535.0297294,3170425174.3597727,0.0,2447585535.0297294,3170425174.3597727,0.010564183425228774,0.04466316588479227,0.05334496126287722,-0.004701816574771226,0.02939716588479227,0.03807896126287722
工业,国防军工,中央国有企业,89965912662.0,0.01576586,-767714553.3040895,3126859548.5231047,3810866282.100404,0.0,3126859548.5231047,3810866282.100404,0.007232466289113337,0.050521907662970406,0.05812486208579828,-0.008533393710886662,0.034756047662970406,0.04235900208579828
工业,国防军工,中央国有企业,90648498035.0,0.013911733,1347895468.932886,5189672595.075377,6263715150.620543,1347895468.932886,5189672595.075377,6263715150.620543,0.028781206826388767,0.07116224136552868,0.08301067326266248,0.014869473826388766,0.057250508365528675,0.06909894026266249
工业,国防军工,中央国有企业,99795552106.78,0.016727,-980222841.4773847,3529290950.7262154,4224905203.421473,0.0,3529290950.7262154,4224905203.421473,0.0069046900795282085,0.052092212940050855,0.05906260628935523,-0.00982230992047179,0.03536521294005086,0.04233560628935523
工业,国防军工,中央国有企业,114547703019.42,0.030012,4352179933.884156,-1056227650.2990658,2467578761.1339912,4352179933.884156,0.0,2467578761.1339912,0.06800647583114175,0.020791145958780188,0.051553931405779886,0.03799447583114175,-0.009220854041219813,0.021541931405779886
工业,国防军工,中央国有企业,115913298911.68,0.011363,-957853537.5126495,4808146519.888273,5440760269.406234,0.0,4808146519.888273,5440760269.406234,0.0030994655608457405,0.05284354248332484,0.05830118846059946,-0.00826353443915426,0.04148054248332484,0.04693818846059946
工业,国防军工,中央国有企业,123071590336.09,0.010252,-1574813780.4691558,4226160932.231818,5139024935.989591,0.0,4226160932.231818,5139024935.989591,-0.0025439163944219467,0.0445910454343753,0.05200838684732753,-0.012795916394421947,0.0343390454343753,0.041756386847327534
工业,建筑,中央国有企业,115865000000.0,0.028923341,908929545.9918013,3219692062.9827447,5029850672.466593,908929545.9918013,3219692062.9827447,5029850672.466593,0.036768070176125676,0.056711646898957795,0.07233464443474383,0.007844729176125675,0.027788305898957793,0.04341130343474382
工业,建筑,中央国有企业,136008000000.0,0.030814922,-200172555.6995685,3365438121.9101944,5274069375.933365,0.0,3365438121.9101944,5274069375.933365,0.02934315154752979,0.05555933498975203,0.06959256284416626,-0.0014717704524702113,0.02474441298975203,0.03877764084416626
工业,建筑,中央国有企业,177896000000.0,0.02864568,-1622912407.8304079,2940350806.5058584,5633105171.158074,0.0,2940350806.5058584,5633105171.158074,0.01952286437834236,0.04517416184616775,0.06031083925685836,-0.009122815621657641,0.01652848184616775,0.03166515925685836
工业,建筑,中央国有企业,194566000000.0,0.025998681,-2356339302.7273946,3140075836.9442706,6360685356.113796,0.0,3140075836.9442706,6360685356.113796,0.013887935531997395,0.042137553346372286,0.05869034015994468,-0.012110745468002605,0.016138872346372287,0.03269165915994468
工业,建筑,中央国有企业,219115319747.0,0.023994,-2648581128.273924,4003173299.8280344,7719618940.323945,0.0,4003173299.8280344,7719618940.323945,0.011906387270173124,0.042263709778623745,0.059224849897840784,-0.012087612729826877,0.018269709778623744,0.03523084989784078
工业,建筑,中央国有企业,233421377309.4,0.025317,-3135339766.3741193,4041125905.9432726,7882204610.891422,0.0,4041125905.9432726,7882204610.891422,0.011884897925569057,0.04262957844728917,0.059085135128615754,-0.013432102074430942,0.017312578447289173,0.033768135128615755
工业,建筑,中央国有企业,247353213805.61,0.026946,-4513846678.921225,3409979106.2253423,7421885494.456048,0.0,3409979106.2253423,7421885494.456048,0.008697412850173974,0.04073186942033904,0.0569512114960138,-0.018248587149826027,0.013785869420339037,0.0300052114960138
工业,建筑,中央国有企业,421670000000.0,0.022373373,-10323690835.27222,-3578736230.6369677,4840059306.3454895,0.0,0.0,4840059306.3454895,-0.0021094947289639343,0.01388631859575742,0.033851683779390254,-0.024482867728963933,-0.008487054404242578,0.011478310779390256
工业,建筑,中央国有企业,458506000000.0,0.023484279,-9788361622.92743,-1388817465.9819548,7637818641.860849,0.0,0.0,7637818641.860849,0.0021358961589304643,0.020455272910697014,0.040142335038221635,-0.021348382841069536,-0.003029006089302986,0.016658056038221635
工业,建筑,中央国有企业,476052000000.0,0.017142067,-8154501788.684321,844000251.0004257,10412522511.728703,0.0,844000251.0004257,10412522511.728703,1.2632004066107094e-05,0.018914983091100186,0.039014724843531176,-0.017129434995933893,0.0017729160911001858,0.021872657843531176
工业,建筑,中央国有企业,506393000000.0,0.020525204,-7966211641.29408,4286999411.7437425,13917506418.381052,0.0,4286999411.7437425,13917506418.381052,0.004793920903088944,0.02899095967147204,0.048008811432134826,-0.015731283096911054,0.008465755671472043,0.027483607432134828
工业,建筑,中央国有企业,528863000000.0,0.018656423,-9814878528.07725,1536911016.0990763,12078697608.455896,0.0,1536911016.0990763,12078697608.455896,9.79711361387553e-05,0.021562489440834536,0.04149541458847546,-0.018558451863861243,0.002906066440834538,0.02283899158847546
工业,建筑,中央国有企业,543470000000.0,0.019399573,-4690778309.407073,9696723139.241405,20172629703.870125,0.0,9696723139.241405,20172629703.870125,0.010768409717009084,0.03724181477827922,0.056517775851804376,-0.008631163282990916,0.017842241778279217,0.03711820285180438
工业,建筑,中央国有企业,585384000000.0,0.022109459,-4235381324.9706554,13590102239.459532,24262451556.330334,0.0,13590102239.459532,24262451556.330334,0.014874240194958088,0.04532516397222256,0.06355652888289795,-0.007235218805041913,0.02321570497222256,0.04144706988289795
工业,建筑,中央国有企业,661602236000.0,0.017156,523565668.51621574,22295665705.408463,34070660671.92627,523565668.51621574,22295665705.408463,34070660671.92627,0.0179473601859656,0.05085550174323242,0.06865319698336429,0.0007913601859655985,0.03369950174323241,0.05149719698336429
工业,建筑,中央国有企业,664351000000.0,0.020211219,-12625637708.475168,2577438449.2667665,15442294197.551071,0.0,2577438449.2667665,15442294197.551071,0.001206750415659541,0.024090852581144254,0.043455398955401695,-0.019004468584340458,0.0038796335811442546,0.023244179955401695
工业,建筑,中央国有企业,783156193000.0,0.017731,-16618017182.555439,-755473871.489538,14393953507.51616,0.0,0.0,14393953507.51616,-0.0034882884779440654,0.01676634712712214,0.036110416055407685,-0.021219288477944066,-0.0009646528728778601,0.018379416055407684
工业,建筑,中央国有企业,808015755000.0,0.012548,-55772509.96511395,25923948093.31001,39621796841.39483,0.0,25923948093.31001,39621796841.39483,0.01247897596226312,0.04463146858695845,0.061583921139179806,-6.902403773688046e-05,0.032083468586958444,0.0490359211391798
工业,建筑,中央国有企业,813228000000.0,0.021953092,-27484415219.790096,-22689232420.03658,-6349636772.525502,0.0,0.0,0.0,-0.011843598743297198,-0.005947118543705554,0.014145150349533585,-0.0337966907432972,-0.027900210543705554,-0.007807941650466416
工业,建筑,中央国有企业,839488682000.0,0.005927,-4749734169.527016,13330079179.604876,28836390051.3829,0.0,13330079179.604876,28836390051.3829,0.0002691105354139661,0.02180580749964045,0.04027694499590276,-0.005657889464586034,0.01587880749964045,0.034349944995902756
工业,建筑,中央国有企业,869004776000.0,0.017443,-21875299046.61318,-5771576227.0362425,10530935102.574543,0.0,0.0,10530935102.574543,-0.00772981797610417,0.010801406781602955,0.029561385759682573,-0.02517281797610417,-0.006641593218397045,0.012118385759682573
工业,建筑,中央国有企业,886543000000.0,0.019807332,-26403754299.03689,-20554345350.382267,-916059602.1700602,0.0,0.0,0.0,-0.009975492182286577,-0.003377494173555335,0.018774037955413263,-0.029782824182286578,-0.023184826173555335,-0.0010332940445867377
工业,建筑,中央国有企业,941597382000.0,0.013588,-20411227941.123833,-5535028428.02337,12848801720.718403,0.0,0.0,12848801720.718403,-0.008089235229530228,0.007709661196352635,0.0272337491984811,-0.021677235229530228,-0.005878338803647364,0.013645749198481102
工业,建筑,中央国有企业,963977000000.0,0.01708308,-24483848267.770752,-14553509253.833626,6856275804.591279,0.0,0.0,6856275804.591279,-0.008315708838085092,0.001985718492584755,0.02419556899568276,-0.025398788838085093,-0.015097361507415245,0.007112488995682759
工业,建筑,中央国有企业,1040080000000.0,0.01794748,-27919585270.421875,-10436715211.277008,10673347236.222212,0.0,0.0,10673347236.222212,-0.008896210168469615,0.007912948799249087,0.028209524492944976,-0.026843690168469613,-0.010034531200750912,0.010262044492944978
工业,建筑,中央国有企业,1056040000000.0,0.030053757,-21720932764.414413,-748382130.2391442,23641533208.59513,0.0,0.0,23641533208.59513,0.009485470983926353,0.02934508864440822,0.05244072454724739,-0.020568286016073647,-0.0007086683555917808,0.022386967547247387
工业,建筑,中央国有企业,1081240000000.0,0.024870217,-15111261344.688795,891908674.2455363,26769158917.861374,0.0,891908674.2455363,26769158917.861374,0.010894354707919801,0.02569511126422028,0.04962804959762992,-0.013975862292080199,0.0008248942642202807,0.024757832597629918
工业,建筑,中央国有企业,1120400000000.0,0.030282042,-42072893508.7495,-25253832401.162556,451480610.28574646,0.0,0.0,451480610.28574646,-0.007269630178462605,0.007742027361332955,0.03068500577212223,-0.0375516721784626,-0.022540014638667043,0.00040296377212223
工业,建筑,中央国有企业,1153774735013.99,0.020264,-33712620136.060005,-11866777204.10353,9731213749.38088,0.0,0.0,9731213749.38088,-0.008955412692072187,0.009978823141833106,0.028698240631264027,-0.029219412692072188,-0.010285176858166895,0.008434240631264026
工业,建筑,中央国有企业,1199980000000.0,0.02854638,-22125201144.807823,1874277536.842205,29183616729.147514,0.0,1874277536.842205,29183616729.147514,0.010108405079744809,0.030108303979434828,0.052866465942388634,-0.01843797492025519,0.0015619239794348282,0.024320085942388634
工业,建筑,中央国有企业,1242790000000.0,0.022541552,-15003254909.347366,6804040972.902961,36619693403.56087,0.0,6804040972.902961,36619693403.56087,0.010469315411881841,0.02801636349100247,0.05200726495517414,-0.012072236588118158,0.005474811491002471,0.02946571295517414
工业,建筑,中央国有企业,1289001336534.82,0.017271,-35764260037.62035,-12528885150.852543,10957593004.440441,0.0,0.0,10957593004.440441,-0.010474712144693532,0.007551161241311409,0.025771839133260623,-0.027745712144693534,-0.009719838758688593,0.008500839133260621
工业,建筑,中央国有企业,1304170000000.0,0.02487101,-41861314574.864395,-24368536388.023636,6525619979.081894,0.0,0.0,6525619979.081894,-0.007227040541619878,0.006185918034977315,0.02987466748259958,-0.03209805054161988,-0.018685091965022684,0.00500365748259958
工业,建筑,中央国有企业,1352970000000.0,0.022695834,-18379958541.83147,6067826448.101432,39000420546.07275,0.0,6067826448.101432,39000420546.07275,0.009110936669067704,0.027180653654612766,0.05152161768040145,-0.013584897330932297,0.004484819654612764,0.028825783680401448
工业,建筑,中央国有企业,1361580000000.0,0.028494837,-23775940329.05474,5390743269.994393,37595820409.952705,0.0,5390743269.994393,37595820409.952705,0.011032814695725007,0.032454019178053725,0.056106744056473146,-0.01746202230427499,0.003959182178053727,0.027611907056473147
工业,建筑,中央国有企业,1380267054189.34,0.015796,-35173184940.69091,-12342235796.883024,13141495659.082108,0.0,0.0,13141495659.082108,-0.009686883789723474,0.006854081289832802,0.02531698046475534,-0.025482883789723475,-0.0089419187101672,0.00952098046475534
工业,建筑,中央国有企业,1390840000000.0,0.026442351,-46393428377.467545,-22359954738.951435,9823120991.483366,0.0,0.0,9823120991.483366,-0.006914058347924662,0.010365767971792991,0.033505076397229994,-0.033356409347924665,-0.016076583028207008,0.007062725397229994
工业,建筑,中央国有企业,1511350000000.0,0.02673967,-53205267480.69852,-23117399079.11858,10679035910.939548,0.0,0.0,10679035910.939548,-0.008464132878683639,0.011443809293268548,0.033805562024309094,-0.03520380287868364,-0.015295860706731453,0.007065892024309094
工业,建筑,中央国有企业,1523950000000.0,0.02151334,-20216044247.625904,9766302174.261341,45994734845.7873,0.0,9766302174.261341,45994734845.7873,0.008247783880950224,0.027921885014115515,0.05169460240741973,-0.013265556119049775,0.006408545014115516,0.03018126240741973
工业,建筑,中央国有企业,1613020000000.0,0.026974884,-30194843161.45139,4257143458.115569,41942816431.3716,0.0,4257143458.115569,41942816431.3716,0.00825543652789712,0.029614121863210358,0.05297754759460614,-0.01871944747210288,0.0026392378632103565,0.02600266359460614
工业,建筑,中央国有企业,1663019578000.0,0.020178,-23085948030.520786,10124212657.89027,49601294116.749535,0.0,10124212657.89027,49601294116.749535,0.0062960539688626665,0.026265849350556637,0.050004043404974,-0.013881946031137335,0.006087849350556635,0.029826043404973995
工业,建筑,中央国有企业,1684262000000.0,0.027634,-62948144815.53804,-28004924694.507103,9462916273.381365,0.0,0.0,9462916273.381365,-0.00974031873160948,0.011006584138033688,0.03325243482390588,-0.03737431873160948,-0.01662741586196631,0.0056184348239058796
工业,建筑,中央国有企业,1829290000000.0,0.026783,-37194513658.84387,534864823.6672079,43894886939.91381,0.0,534864823.6672079,43894886939.91381,0.006450240481911632,0.02707538930058504,0.0507785867795231,-0.02033275951808837,0.00029238930058504004,0.023995586779523098
工业,建筑,中央国有企业,1858272000000.0,0.024677,-68549574590.13088,-30472401079.991043,9825178463.520359,0.0,0.0,9825178463.520359,-0.012211880955065174,0.00827875416731725,0.029964266053365902,-0.03688888095506518,-0.01639824583268275,0.005287266053365901
工业,建筑,中央国有企业,1862842522000.0,0.017098,-25331933969.77061,9759528804.302137,53666906617.39519,0.0,9759528804.302137,53666906617.39519,0.003499462458257857,0.02233705198053136,0.04590714837598665,-0.013598537541742142,0.0052390519805313625,0.028809148375986655
工业,建筑,中央国有企业,2019132000000.0,0.017665,-65649202455.58941,-28042590323.411232,16319248403.723265,0.0,0.0,16319248403.723265,-0.014848576356369672,0.0037765616396494978,0.02574730883554085,-0.03251357635636967,-0.013888438360350502,0.008082308835540848
工业,建筑,中央国有企业,2034450000000.0,0.025735582,-18492919140.85601,-11566512936.20276,55617256513.13472,0.0,0.0,55617256513.13472,0.01664569572073238,0.02005025528457187,0.05307331775813351,-0.009089886279267621,-0.005685326715428131,0.02733773575813351
工业,建筑,中央国有企业,2083825209000.0,0.015085,-36607588097.383736,-8548769996.636192,40911177911.0723,0.0,0.0,40911177911.0723,-0.00248249459564856,0.010982558989250046,0.03471773010345481,-0.01756749459564856,-0.004102441010749953,0.019632730103454808
工业,建筑,中央国有企业,2192170000000.0,0.0240592,-13810834323.41404,398558862.41254896,73145172467.08362,0.0,398558862.41254896,73145172467.08362,0.017759125496921296,0.02424101019830239,0.05742576028824572,-0.006300074503078703,0.0001818101983023894,0.03336656028824572
工业,建筑,中央国有企业,2256266000000.0,0.017582,-32360509887.815685,13918780047.15399,66550309832.60063,0.0,13918780047.15399,66550309832.60063,0.003239493448105993,0.02375094464001762,0.047077773030573804,-0.014342506551894008,0.006168944640017618,0.029495773030573803
工业,建筑,中央国有企业,2388250000000.0,0.026183115,-12129877766.64397,2485551381.824262,83604769376.60397,0.0,2485551381.824262,83604769376.60397,0.021104133416562768,0.02722385670703413,0.06118982257944268,-0.005078981583437232,0.0010407417070341304,0.03500670757944268
工业,建筑,中央国有企业,2470432000000.0,0.014446,-45435935110.68194,-13357457866.129238,46286398897.50977,0.0,0.0,46286398897.50977,-0.003945898708680076,0.009039067987247074,0.0331821558211316,-0.018391898708680077,-0.005406932012752927,0.018736155821131598
工业,建筑,中央国有企业,2652900000000.0,0.026621424,-5114519574.34923,18111058853.026703,107617166447.67928,0.0,18111058853.026703,107617166447.67928,0.024693526388198113,0.03344831489412594,0.06718728266322865,-0.0019278976118018883,0.006826890894125939,0.04056585866322865
工业,建筑,中央国有企业,2903322519000.0,0.025089,-8204647452.223335,18690457577.780045,115058194862.25137,0.0,18690457577.780045,115058194862.25137,0.022263048904821885,0.031526609826488604,0.06471883585505382,-0.0028259510951781155,0.006437609826488604,0.03962983585505382
工业,建筑,中央国有企业,3189262063000.0,0.020584,2971506021.8547945,31401410710.71192,137384305116.52757,2971506021.8547945,31401410710.71192,137384305116.52757,0.02151572212353714,0.030429980070127566,0.06366114524635086,0.0009317221235371383,0.009845980070127564,0.043077145246350854
工业,建筑,中央国有企业,3560679818000.0,0.015927,7912965439.771507,26913261211.313274,148193862606.7019,7912965439.771507,26913261211.313274,148193862606.7019,0.01814931872682564,0.023485461469986986,0.05754654182388154,0.0022223187268256388,0.007558461469986986,0.04161954182388154
工业,建筑,地方国有企业,97615480976.0,0.037211172,-3660251133.838091,-4767326724.975093,-3195163718.8567557,0.0,0.0,0.0,-0.00028545350695222127,-0.0116266422207505,0.004479030674564878,-0.03749662550695222,-0.0488378142207505,-0.03273214132543512
工业,建筑,地方国有企业,113224000000.0,0.047205214,-5391569290.288298,-6122190488.859129,-4511394520.547066,0.0,0.0,0.0,-0.0004133941598273988,-0.006866276928240735,0.007360353188272224,-0.0476186081598274,-0.054071490928240734,-0.03984486081172778
工业,建筑,地方国有企业,137038000000.0,0.058043518,-8069437170.478548,-7677246091.838968,-5543164794.012322,0.0,0.0,0.0,-0.0008411502706880403,0.0020207645167401173,0.01759368077227979,-0.05888466827068804,-0.056022753483259885,-0.04044983722772021
工业,建筑,地方国有企业,208299000000.0,0.066383319,-13382972391.488571,-11068960181.951588,-7737911776.118292,0.0,0.0,0.0,0.0021344633094370485,0.013243552693145005,0.029235220467994125,-0.06424885569056295,-0.05313976630685499,-0.037148098532005874
工业,建筑,地方国有企业,239773354769.84,0.042016,-11943993566.744202,-9557429261.312353,-5081765902.372714,0.0,0.0,0.0,-0.007797681667044781,0.0021557358330887393,0.020821960707140562,-0.04981368166704478,-0.039860264166911255,-0.021194039292859436
工业,建筑,地方国有企业,240914762578.04,0.04862,-11131399105.24237,-7058015222.185193,-2833542820.2880654,0.0,0.0,0.0,0.002415280180737972,0.019323268049425253,0.03685840104289918,-0.046204719819262025,-0.029296731950574743,-0.011761598957100813
工业,建筑,地方国有企业,267673535809.41,0.035663,-12480791181.845932,-11153297675.518951,-5632302817.823155,0.0,0.0,0.0,-0.010963914924950052,-0.006004539683341602,0.014621312779065726,-0.04662691492495005,-0.0416675396833416,-0.021041687220934274
工业,机械,中央国有企业,44351383662.0,0.012464128,2174945946.204193,1196067197.3653665,2096754240.6067486,2174945946.204193,1196067197.3653665,2096754240.6067486,0.061503092889559324,0.039432107318989086,0.059740088014822154,0.049038964889559326,0.026967979318989088,0.047275960014822156
工业,机械,中央国有企业,56015704188.0,0.021066248,3200728171.945181,2717643125.09998,3826381593.099217,3200728171.945181,2717643125.09998,3826381593.099217,0.07820608437879284,0.06958198415818559,0.08937533468499656,0.057139836378792844,0.04851573615818559,0.06830908668499656
工业,机械,中央国有企业,58744689010.0,0.009974478,4655637334.057739,4063066064.558939,5528995308.13144,4655637334.057739,4063066064.558939,5528995308.13144,0.08922653316476933,0.07913930179994029,0.10409354478389683,0.07925205516476934,0.0691648237999403,0.09411906678389684
工业,机械,中央国有企业,62005997289.0,0.01022811,4563075364.297893,3879105193.078351,5458800415.324077,4563075364.297893,3879105193.078351,5458800415.324077,0.08381898126734097,0.07278827131792001,0.09826476216255589,0.07359087126734097,0.06256016131792001,0.08803665216255589
工业,机械,中央国有企业,85867792662.0,0.002736134,6553737876.5686245,5832537481.253875,7911472482.086277,6553737876.5686245,5832537481.253875,7911472482.086277,0.07905972021778013,0.07066075742909404,0.09487163948839747,0.07632358621778013,0.06792462342909404,0.09213550548839747
工业,机械,中央国有企业,99119595878.61,0.007033,6113252223.629774,6444669588.864153,8319369220.597635,6113252223.629774,6444669588.864153,8319369220.597635,0.06870851602123726,0.07205212696210772,0.09096563861553893,0.06167551602123726,0.06501912696210772,0.08393263861553893
工业,机械,中央国有企业,108947127910.61,0.010127,5459795148.580708,5839409990.020483,7724911935.350218,5459795148.580708,5839409990.020483,7724911935.350218,0.060241172381491445,0.06372556750709077,0.08103214530762508,0.05011417238149145,0.05359856750709077,0.07090514530762508
工业,机械,中央国有企业,116795591158.73,0.007841,5773634018.662908,6369592177.899766,8452221718.708129,5773634018.662908,6369592177.899766,8452221718.708129,0.05727466407398291,0.062377238180799384,0.08020864363152384,0.04943366407398291,0.05453623818079938,0.07236764363152384
工业,机械,中央国有企业,152510000000.0,0.001747771,10353539570.28119,7699328746.100942,10816229991.770222,10353539570.28119,7699328746.100942,10816229991.770222,0.06963538210931211,0.05223186218156804,0.07266921871995424,0.06788761110931212,0.05048409118156804,0.07092144771995425
工业,机械,中央国有企业,160402000000.0,-0.003399258,5873562144.588123,8369363384.621912,10522299397.0726,5873562144.588123,8369363384.621912,10522299397.0726,0.03321850327846363,0.048778167372638195,0.062200294356408274,0.03661776127846363,0.0521774253726382,0.06559955235640827
工业,机械,中央国有企业,162438000000.0,-0.006994407,5334920077.812966,6867309509.052401,9505673017.07674,5334920077.812966,6867309509.052401,9505673017.07674,0.025848401196437817,0.03528208931891799,0.05152436949981371,0.03284280819643782,0.04227649631891799,0.05851877649981371
工业,机械,中央国有企业,177832168643.44,0.009259,2294277071.6156425,3420530271.2346506,6428225154.409071,2294277071.6156425,3420530271.2346506,6428225154.409071,0.022160361374137835,0.028493597977000094,0.04540670715245506,0.012901361374137835,0.019234597977000095,0.036147707152455064
工业,机械,中央国有企业,181976769308.99,0.011201,2034296820.3505218,3346387568.1410637,6413357956.196147,2034296820.3505218,3346387568.1410637,6413357956.196147,0.022379881942322863,0.02959009208492991,0.04644372895133387,0.011178881942322864,0.01838909208492991,0.035242728951333874
工业,机械,中央国有企业,383572000000.0,0.03370097,5163288497.135965,10913545572.097374,20651400603.871624,5163288497.135965,10913545572.097374,20651400603.871624,0.04716203727585946,0.062153374169484146,0.08754066790253621,0.01346106727585946,0.02845240416948415,0.05383969790253622
工业,机械,中央国有企业,392380000000.0,0.031464678,6890577407.147108,12599956995.688854,23082376802.69402,6890577407.147108,12599956995.688854,23082376802.69402,0.049025658190496736,0.06357629682789351,0.09029126651800301,0.017560980190496733,0.032111618827893505,0.05882658851800301
工业,机械,中央国有企业,420489480242.16,0.013112,3942893398.031413,7632485823.681297,14773648295.75505,3942893398.031413,7632485823.681297,14773648295.75505,0.02248891329581111,0.03126343108761186,0.048246406423787115,0.00937691329581111,0.018151431087611865,0.035134406423787116
工业,机械,中央国有企业,426826000000.0,0.026980396,9269248461.378428,15698882130.202986,27165543824.528927,9269248461.378428,15698882130.202986,27165543824.528927,0.04869708725446535,0.06376091576731265,0.09062587173139623,0.02171669125446535,0.03678051976731264,0.06364547573139623
工业,机械,中央国有企业,442140000000.0,0.028952752,7883671091.938216,13992283382.03821,25987994019.24482,7883671091.938216,13992283382.03821,25987994019.24482,0.046783464199615994,0.060599477883290835,0.08773050117276161,0.017830712199615996,0.03164672588329084,0.058777749172761615
工业,机械,中央国有企业,471791735000.0,0.027342,8792927880.585619,14502760029.723698,27967301560.415367,8792927880.585619,14502760029.723698,27967301560.415367,0.04597930800749534,0.05808175009274738,0.08662091373598431,0.01863730800749534,0.03073975009274738,0.059278913735984304
工业,机械,中央国有企业,512823630000.0,0.02649,8625605662.126408,14534106737.185476,28694440474.435127,8625605662.126408,14534106737.185476,28694440474.435127,0.04330982880181712,0.054831335864701625,0.08244381880986086,0.01681982880181712,0.028341335864701625,0.05595381880986086
工业,机械,中央国有企业,550774434000.0,0.025916,8966294553.698387,14649748433.48581,30045236824.863674,8966294553.698387,14649748433.48581,30045236824.863674,0.04219543128837819,0.052514453975236276,0.08046689228935357,0.016279431288378186,0.026598453975236275,0.054550892289353566
工业,机械,地方国有企业,77291657089.0,0.051322633,2160831357.002907,1700832728.1105583,3119658300.2092032,2160831357.002907,1700832728.1105583,3119658300.2092032,0.07927948420988863,0.07332801873202123,0.09168479390718524,0.027956851209888632,0.02200538573202123,0.040362160907185245
工业,机械,地方国有企业,91797176722.0,0.049729124,2084412817.4335938,1900749430.219738,3426189850.6141725,2084412817.4335938,1900749430.219738,3426189850.6141725,0.07243584431391621,0.07043509228893766,0.0870526013983311,0.022706720313916212,0.020705968288937657,0.0373234773983311
工业,机械,地方国有企业,110029000000.0,0.056573361,316693924.4365264,996058141.600284,2466470905.354287,316693924.4365264,996058141.600284,2466470905.354287,0.05945163785825125,0.06562604839696157,0.07898991395744111,0.002878276858251247,0.009052687396961565,0.022416552957441105
工业,机械,地方国有企业,160969811609.42,0.049144,-2268103150.398354,-723053408.5663584,2182787399.832181,0.0,0.0,2182787399.832181,0.035053760794764924,0.04465214279188704,0.06270422833106455,-0.014090239205235076,-0.004491857208112959,0.013560228331064551
工业,机械,地方国有企业,161994607612.63,0.037362,-233855346.53513232,711494651.177214,3746851407.633682,0.0,711494651.177214,3746851407.633682,0.03591840042602937,0.041754088487775946,0.06049148228865339,-0.0014435995739706317,0.004392088487775947,0.023129482288653393
工业,机械,地方国有企业,172078712755.41,0.042356,-563709789.2786034,1738841176.5491633,4781561345.721339,0.0,1738841176.5491633,4781561345.721339,0.039080116654220606,0.05246091738754883,0.07014305901012739,-0.0032758833457793915,0.010104917387548831,0.027787059010127395
工业,机械,地方国有企业,175086000000.0,0.023397377,4919144988.484447,5935118396.710777,8407718416.515864,4919144988.484447,5935118396.710777,8407718416.515864,0.0514929699570865,0.05729568067197136,0.07141788358828155,0.0280955929570865,0.03389830367197136,0.04802050658828155
工业,机械,地方国有企业,236832000000.0,0.043652595,-66433409.037298195,3137591865.720592,7758183157.670894,0.0,3137591865.720592,7758183157.670894,0.04337208641569848,0.05690077035519099,0.0764107660143515,-0.0002805085843015226,0.013248175355190989,0.032758171014351495
工业,机械,地方国有企业,270750000000.0,0.03821291,410530748.6139659,3707351755.5539174,9151166858.693129,410530748.6139659,3707351755.5539174,9151166858.693129,0.03972918238638584,0.05190580660407726,0.07201223357781396,0.001516272386385839,0.013692896604077257,0.033799323577813956
工业,机械,地方国有企业,277044000000.0,0.037294307,803499347.5119059,4125224018.638125,10063514460.92737,803499347.5119059,4125224018.638125,10063514460.92737,0.04019456597515162,0.052184447261612324,0.07361891414156368,0.002900258975151622,0.014890140261612325,0.036324607141563686
工业,机械,地方国有企业,293666000000.0,0.021474462,7871597684.640937,11840590689.012718,18893998588.796906,7871597684.640937,11840590689.012718,18893998588.796906,0.04827905526119107,0.061794385617350046,0.08581285523856662,0.02680459326119107,0.04031992361735005,0.06433839323856662
工业,机械,地方国有企业,334247213024.91,0.037006,1536247282.9710996,4804794772.778295,12805053424.061018,1536247282.9710996,4804794772.778295,12805053424.061018,0.041602140889457795,0.05138097332975582,0.07531612772904321,0.004596140889457798,0.014374973329755826,0.038310127729043214
工业,机械,地方国有企业,343879412547.54,0.044369,-302672064.99166214,3155791793.4417825,11453570003.033377,0.0,3155791793.4417825,11453570003.033377,0.043488830807115214,0.0535460303143853,0.07767593721436425,-0.0008801691928847846,0.009177030314385298,0.03330693721436425
工业,机械,地方国有企业,367475596673.66,0.039619,-316718455.560681,4978609466.378065,13411292309.951431,0.0,4978609466.378065,13411292309.951431,0.03875712384161677,0.05316713628835159,0.07611473585660833,-0.0008618761583832346,0.013548136288351588,0.03649573585660833
工业,电气设备,中央国有企业,32985615356.0,0.081390133,865705615.3157269,-367411940.9578622,815327306.783914,865705615.3157269,0.0,815327306.783914,0.1076350766208034,0.07025158254421683,0.10610779547148723,0.0262449436208034,-0.011138550455783172,0.024717662471487226
工业,电气设备,中央国有企业,33865721258.0,0.073569155,932232637.5779406,-218172420.45794636,930608411.8163941,932232637.5779406,0.0,930608411.8163941,0.10109647770120253,0.06712687613058398,0.10104851694025571,0.027527322701202533,-0.006442278869416021,0.027479361940255714
工业,电气设备,中央国有企业,44150745227.0,0.046177335,2509191134.696422,815297575.0805892,2403076738.710212,2509191134.696422,815297575.0805892,2403076738.710212,0.10300969698608825,0.0646435595425022,0.10060624047724281,0.05683236198608825,0.0184662245425022,0.054428905477242814
工业,电气设备,中央国有企业,48509554784.0,0.053119178,2190645681.4673514,799804955.974607,2469382228.5217834,2190645681.4673514,799804955.974607,2469382228.5217834,0.09827823359681402,0.06960675368557212,0.10402424689863818,0.04515905559681402,0.016487575685572117,0.050905068898638176
工业,电气设备,中央国有企业,53404847387.0,0.059038,1730575950.5603838,678890951.1871192,2301177246.107611,1730575950.5603838,678890951.1871192,2301177246.107611,0.09144284778506542,0.07175015974586564,0.10212729542354188,0.03240484778506542,0.01271215974586564,0.043089295423541875
工业,电气设备,中央国有企业,57424875019.0,0.076932332,248464048.8265682,-466329176.72595596,928870132.5680292,248464048.8265682,0.0,928870132.5680292,0.0812590989062294,0.06881164951576886,0.093107728677149,0.004326766906229393,-0.008120682484231145,0.016175396677148998
工业,电气设备,中央国有企业,64802246319.0,0.057745,1853859931.6517105,734080596.1162611,2552274447.565947,1853859931.6517105,734080596.1162611,2552274447.565947,0.08635295785574734,0.0690730115708123,0.09713058603357583,0.028607957855747344,0.011328011570812306,0.03938558603357583
工业,电气设备,中央国有企业,65962017470.0,0.074601339,287209933.2367252,-190771338.45839176,1274467185.5267963,287209933.2367252,0.0,1274467185.5267963,0.07895551044976426,0.07170919976934115,0.09392256710079958,0.0043541714497642575,-0.002892139230658855,0.019321228100799573
工业,电气设备,中央国有企业,72084237098.0,0.057194,1823425879.968519,1328594114.995061,3099949024.6666126,1823425879.968519,1328594114.995061,3099949024.6666126,0.08248976441919659,0.07562513235961435,0.10019853399336347,0.025295764419196586,0.018431132359614348,0.043004533993363465
工业,电气设备,中央国有企业,72732951414.0,0.07585696,-66625105.28262976,-257345656.26293892,1208099268.2750745,0.0,0.0,1208099268.2750745,0.07494093632727158,0.07231873349798287,0.09246702799240837,-0.0009160236727284166,-0.0035382265020171277,0.01661006799240837
工业,电气设备,中央国有企业,76665557522.0,0.077997441,-454843592.87561774,-32331374.35981695,1306348804.862476,0.0,0.0,1306348804.862476,0.0720646126533843,0.07757572132033108,0.09503701975070047,-0.005932828346615696,-0.0004217196796689193,0.017039578750700474
工业,电气设备,中央国有企业,86087418302.42,0.077922,-253600840.17964742,190452902.2807467,1727901594.777603,0.0,190452902.2807467,1727901594.777603,0.07497614745638251,0.08013431982601334,0.0979934765159711,-0.002945852543617497,0.0022123198260133314,0.02007147651597109
工业,电气设备,中央国有企业,89618965556.0,0.015717674,1726709062.8396795,1095164291.7004263,2465840533.0496454,1726709062.8396795,1095164291.7004263,2465840533.0496454,0.03498490222705106,0.027937903110054764,0.04323239164655464,0.019267228227051056,0.012220229110054763,0.027514717646554637
工业,电气设备,中央国有企业,92705313123.25,0.076956,-235594200.20133954,569061034.981229,2131933457.249027,0.0,569061034.981229,2131933457.249027,0.0744146763987505,0.08309438641831318,0.09995288535019196,-0.0025413236012494927,0.006138386418313185,0.022996885350191967
工业,电气设备,中央国有企业,97512591304.0,0.040378019,936251264.2523154,396532949.14385194,2078347359.0006835,936251264.2523154,396532949.14385194,2078347359.0006835,0.049979356137411404,0.04444449845502384,0.06169164969330544,0.009601337137411403,0.004066479455023836,0.02131363069330544
工业,电气设备,中央国有企业,97795137769.0,0.020410563,1506640725.280239,868393110.3840977,2376788004.7129407,1506640725.280239,868393110.3840977,2376788004.7129407,0.03581665331953149,0.02929027962185611,0.04471430712199414,0.015406090319531489,0.008879716621856111,0.02430374412199414
工业,电气设备,中央国有企业,98585657661.02,0.082259,-919815755.7904086,-52084965.752411634,1619001989.466471,0.0,0.0,1619001989.466471,0.07292888264202556,0.08173067806161519,0.09868128725636033,-0.00933011735797444,-0.0005283219383848126,0.01642228725636033
工业,电气设备,中央国有企业,103105000000.0,0.023600924,644879705.9129306,716146629.6480558,1998646595.4710789,644879705.9129306,716146629.6480558,1998646595.4710789,0.02985551597820601,0.03054672323037734,0.04298549890394335,0.00625459197820601,0.006945799230377341,0.01938457490394335
工业,电气设备,中央国有企业,105328000000.0,0.036664884,1483448961.8352895,1466237404.1602757,3308156082.400692,1483448961.8352895,1466237404.1602757,3308156082.400692,0.050748973338402795,0.0505855642005191,0.06807301937141778,0.014084089338402793,0.013920680200519099,0.03140813537141778
工业,电气设备,中央国有企业,108943000000.0,0.030924685,1211024121.915065,1231578920.928177,3030132964.7014194,1211024121.915065,1231578920.928177,3030132964.7014194,0.042040811065144755,0.04222948586768473,0.05873861489638085,0.011116126065144755,0.011304800867684726,0.027813929896380853
工业,电气设备,中央国有企业,115265000000.0,0.026347295,336506754.599561,983409089.28662,2228839727.162625,336506754.599561,983409089.28662,2228839727.162625,0.029266713336872086,0.034879018326999696,0.0456839516361222,0.002919418336872086,0.008531723326999696,0.019336656636122197
工业,电气设备,中央国有企业,116807000000.0,0.03205844,771145551.3409685,941871285.7167486,2756243277.2833886,771145551.3409685,941871285.7167486,2756243277.2833886,0.03866031789551113,0.040121923230600466,0.05565499908707003,0.00660187789551113,0.008063483230600466,0.023596559087070028
工业,电气设备,中央国有企业,117890875515.13,0.030092,111968043.71592033,686227357.1151762,2327662073.1854753,111968043.71592033,686227357.1151762,2327662073.1854753,0.031041760049084974,0.03591286912253957,0.0498362088966991,0.0009497600490849731,0.005820869122539568,0.019744208896699096
工业,电气设备,中央国有企业,118321690651.9,0.031924,12949569.161894782,467114439.5062419,2238229617.3574066,12949569.161894782,467114439.5062419,2238229617.3574066,0.032033443746878096,0.03587183439057242,0.05084047765532892,0.00010944374687809483,0.003947834390572419,0.018916477655328917
工业,电气设备,中央国有企业,118990487731.74,0.029868,439226564.33264023,956356086.7407396,2632756298.7886877,439226564.33264023,956356086.7407396,2632756298.7886877,0.03355927459434288,0.037905248228587915,0.051993771134951114,0.003691274594342882,0.008037248228587916,0.022125771134951115
工业,电气设备,中央国有企业,121108373341.62,0.030112,-1283320421.7797563,482413022.02971053,1410378413.2584257,0.0,482413022.02971053,1410378413.2584257,0.01951553679625609,0.03409531683201565,0.041757589601637696,-0.010596463203743911,0.0039833168320156515,0.011645589601637696
工业,电气设备,中央国有企业,142009284851.87,0.021335,49469357.39026721,2013944529.2400103,3220587428.7706046,49469357.39026721,2013944529.2400103,3220587428.7706046,0.02168335297876381,0.03551678065850242,0.044013710283838145,0.0003483529787638093,0.014181780658502417,0.022678710283838145
工业,电气设备,中央国有企业,162674195217.33,0.024077,-1159670389.721679,831803721.836402,2463539829.419779,0.0,831803721.836402,2463539829.419779,0.01694820868695629,0.029190310815677474,0.039221011169863366,-0.007128791313043711,0.005113310815677473,0.015144011169863365
房地产,房地产Ⅱ,中央国有企业,617688000000.0,0.034086554,-16155934692.515663,-2600514695.3085003,12613331665.067673,0.0,0.0,12613331665.067673,0.007931060138186813,0.02987647594229368,0.05450678503098599,-0.026155493861813185,-0.004210078057706318,0.02042023103098599
房地产,房地产Ⅱ,中央国有企业,737157000000.0,0.019638475,-2694442437.2418184,16718468763.570528,35619843110.19674,0.0,16718468763.570528,35619843110.19674,0.01598329376012597,0.042318133150937354,0.06795904051073481,-0.0036551812398740273,0.022679658150937355,0.04832056551073481
房地产,房地产Ⅱ,中央国有企业,835411599109.07,0.004229,9209084733.973269,30190057669.634747,55823780901.64079,9209084733.973269,30190057669.634747,55823780901.64079,0.015252410189413645,0.04036694410064587,0.07105088870872085,0.011023410189413645,0.03613794410064587,0.06682188870872086
房地产,房地产Ⅱ,中央国有企业,856203000000.0,0.014457167,-210594490.82003444,22341276026.87302,44692220234.91496,0.0,22341276026.87302,44692220234.91496,0.01421120372864959,0.040550600481163955,0.06665532588862216,-0.00024596327135040924,0.026093433481163955,0.05219815888862216
房地产,房地产Ⅱ,中央国有企业,860308816014.37,0.006952,5030399954.673105,27227207792.583374,51083165204.62063,5030399954.673105,27227207792.583374,51083165204.62063,0.012799202610311367,0.03860017945109677,0.06632970746239496,0.005847202610311367,0.03164817945109677,0.05937770746239496
房地产,房地产Ⅱ,中央国有企业,886471000000.0,0.007021038,5007065790.708538,27026780978.640594,51076629332.347115,5007065790.708538,27026780978.640594,51076629332.347115,0.01266935113230612,0.037509097935001366,0.06463897398701719,0.0056483131323061195,0.030488059935001366,0.05761793598701719
房地产,房地产Ⅱ,中央国有企业,908508499680.74,0.00796,4540204382.477127,27913355813.81928,52692193903.026405,4540204382.477127,27913355813.81928,52692193903.026405,0.012957426423718221,0.03868437497682008,0.06595857009763038,0.004997426423718221,0.030724374976820075,0.05799857009763038
房地产,房地产Ⅱ,中央国有企业,1033210000000.0,0.031517,-9617120693.291607,-3795465563.589172,32198490681.97619,0.0,0.0,32198490681.97619,0.022208998051420716,0.027843530363053814,0.06268054921262492,-0.009308001948579288,-0.003673469636946189,0.031163549212624916
房地产,房地产Ⅱ,中央国有企业,1188292419390.15,0.004163,17749924800.936245,34479977452.34271,78370596640.67499,17749924800.936245,34479977452.34271,78370596640.67499,0.01910033740222443,0.033179407821602,0.07011528191466204,0.01493733740222443,0.029016407821602003,0.06595228191466204
房地产,房地产Ⅱ,中央国有企业,1251370000000.0,0.025658366,-8453088946.939314,2883501584.8759317,44252441956.05046,0.0,2883501584.8759317,44252441956.05046,0.018903298396541937,0.027962641781644062,0.06102156150256955,-0.006755067603458061,0.0023042757816440634,0.035363195502569555
房地产,房地产Ⅱ,中央国有企业,1335108015599.69,0.007223,14854000808.684086,30774007817.119537,78060299598.27951,14854000808.684086,30774007817.119537,78060299598.27951,0.018348692180053403,0.030272826274390832,0.06569040390006362,0.011125692180053402,0.023049826274390832,0.058467403900063615
房地产,房地产Ⅱ,中央国有企业,1399930000000.0,0.023551996,-10180415087.218079,1041705918.3981242,45467342469.46234,0.0,1041705918.3981242,45467342469.46234,0.016279907333268034,0.02429610886164174,0.05603029310732847,-0.007272088666731964,0.0007441128616417422,0.03247829710732847
房地产,房地产Ⅱ,中央国有企业,1436911790321.09,0.011454,6458971443.91849,18560514298.655003,64621831239.283264,6458971443.91849,18560514298.655003,64621831239.283264,0.015949036847373338,0.02437094759808986,0.05642671974144145,0.004495036847373337,0.012916947598089859,0.04497271974144145
房地产,房地产Ⅱ,中央国有企业,1470460000000.0,0.016221919,777144267.377202,13455482245.959894,62202440186.65282,777144267.377202,13455482245.959894,62202440186.65282,0.01675042318738164,0.02537244485310712,0.05852326700446991,0.0005285041873816371,0.00915052585310712,0.042301348004469906
房地产,房地产Ⅱ,地方国有企业,53691111395.9,0.016317,1075491171.3492708,1463517627.021134,2749093682.8521137,1075491171.3492708,1463517627.021134,2749093682.8521137,0.03634808416622194,0.043575098947322075,0.06751902602217025,0.02003108416622194,0.027258098947322073,0.05120202602217025
房地产,房地产Ⅱ,地方国有企业,55794608066.78,0.025982,505026513.08096796,992195010.8936398,2235922222.7050242,505026513.08096796,992195010.8936398,2235922222.7050242,0.03503352900216643,0.04376499096045431,0.06605616308093556,0.009051529002166426,0.01778299096045431,0.04007416308093556
房地产,房地产Ⅱ,地方国有企业,56125450012.0,0.043689221,-1139942831.9304218,-540649017.3366418,515187739.8442981,0.0,0.0,515187739.8442981,0.02337859842705503,0.034056353607025025,0.05286843897926159,-0.02031062257294497,-0.009632867392974975,0.009179217979261592
房地产,房地产Ⅱ,地方国有企业,57434499260.0,-0.087684698,5500691287.668661,7194422230.993091,7916386129.756524,5500691287.668661,7194422230.993091,7916386129.756524,0.00808859781594512,0.03757838122394673,0.05014859438964665,0.09577329581594513,0.12526307922394675,0.13783329238964664
房地产,房地产Ⅱ,地方国有企业,59718688955.05,0.011697,1613378411.1138294,2567947065.9569964,3975933412.0858574,1613378411.1138294,2567947065.9569964,3975933412.0858574,0.03871330660927959,0.05469772742537732,0.07827470760973211,0.02701630660927959,0.04300072742537732,0.06657770760973211
房地产,房地产Ⅱ,地方国有企业,61168928318.0,0.01204503,-884987939.9361706,-803188936.1723778,-176988859.87176192,0.0,0.0,0.0,-0.002422902727795523,-0.001085638760401117,0.00915158614315087,-0.014467932727795523,-0.013130668760401117,-0.0028934438568491306
房地产,房地产Ⅱ,地方国有企业,81523299957.0,0.010411302,622545935.0842377,2929980745.3214054,4220983431.281462,622545935.0842377,2929980745.3214054,4220983431.281462,0.018047719262458753,0.046351711022535186,0.0621877074387868,0.007636417262458752,0.03594040902253519,0.051776405438786796
日常消费,食品饮料,地方国有企业,10062294426.0,0.144971709,-172308816.8143496,-550938595.8307812,-264646963.44303635,0.0,0.0,0.0,0.12784750158572278,0.09021892871887358,0.11867085233263654,-0.017124207414277226,-0.05475278028112643,-0.026300856667363468
日常消费,食品饮料,地方国有企业,11851101844.0,0.132767611,-122064727.55380978,-429647420.31341237,-128914129.52526784,0.0,0.0,0.0,0.12246774781760664,0.09651381570155397,0.12188979295217564,-0.01029986318239337,-0.03625379529844604,-0.010877818047824367
日常消费,食品饮料,地方国有企业,13871297363.0,0.1536396,-412344322.7187116,-646634973.1585413,-376364533.2974048,0.0,0.0,0.0,0.12391315755355731,0.10702283761385423,0.1265069877108776,-0.02972644244644268,-0.04661676238614576,-0.027132612289122393
日常消费,食品饮料,地方国有企业,14433697119.0,0.136075632,-235321603.65346423,-633859407.142186,-268982805.678861,0.0,0.0,0.0,0.11977200572093008,0.09216038271104296,0.11743987960328511,-0.01630362627906992,-0.04391524928895704,-0.01863575239671489
日常消费,食品饮料,地方国有企业,15186625709.0,0.104943641,371819252.832225,114276440.12200786,440803495.1948679,371819252.832225,114276440.12200786,440803495.1948679,0.12942697653199214,0.11246844883498106,0.13396941036057863,0.02448333553199214,0.007524807834981051,0.02902576936057863
日常消费,食品饮料,地方国有企业,16067772126.0,0.120645565,-51415298.152845144,-291938172.07148296,-41234406.42510288,0.0,0.0,0.0,0.11744566287606785,0.10247638947384946,0.11807928474025076,-0.003199902123932147,-0.018169175526150536,-0.00256628025974924
日常消费,食品饮料,地方国有企业,18183711058.0,0.132137809,-417336004.186345,-761608319.75706,-389858038.7470697,0.0,0.0,0.0,0.10918671816627624,0.0902537118909015,0.11069784894434623,-0.02295109083372375,-0.04188409710909849,-0.021439960055653767
日常消费,食品饮料,地方国有企业,19778534913.0,0.152246337,-1013211449.986501,-1202739247.1321163,-968621346.1825482,0.0,0.0,0.0,0.10101850569483396,0.09143600638539104,0.10327297519927864,-0.05122783130516605,-0.06081033061460897,-0.04897336180072137
日常消费,食品饮料,地方国有企业,21630647731.29,0.136515,-831173836.6894734,-1061357052.8267499,-714609591.3473921,0.0,0.0,0.0,0.09808925117292573,0.0874477198144217,0.10347809790512341,-0.038425748827074266,-0.049067280185578294,-0.033036902094876586
日常消费,食品饮料,地方国有企业,24221898385.69,0.13537,-955490517.8980587,-1064287486.4492502,-736423352.9038625,0.0,0.0,0.0,0.09592261636872562,0.09143093834998423,0.10496679455434704,-0.03944738363127437,-0.043939061650015765,-0.030403205445652948
日常消费,食品饮料,地方国有企业,25418086448.0,0.08237594,1109168688.380726,669047164.3284142,1225651949.0158546,1109168688.380726,669047164.3284142,1225651949.0158546,0.1260129262322189,0.1086976367845767,0.1305956182013185,0.04363698623221891,0.0263216967845767,0.04821967820131849
日常消费,食品饮料,地方国有企业,25899040538.78,0.097322,19426697.48655078,170273450.5748936,466222447.44291615,19426697.48655078,170273450.5748936,466222447.44291615,0.09807209332710462,0.10389650805252551,0.11532353356047367,0.0007500933271046145,0.0065745080525255045,0.018001533560473668
日常消费,食品饮料,地方国有企业,28919969078.0,0.165338765,-1243624525.1971562,-1372066588.6585267,-808054710.5904037,0.0,0.0,0.0,0.1223364878591435,0.11789519460896922,0.13739770087192293,-0.0430022771408565,-0.04744357039103078,-0.027941064128077064
日常消费,食品饮料,地方国有企业,29789822299.0,0.098249854,545303549.5444664,479792939.62103504,998967234.3013706,545303549.5444664,479792939.62103504,998967234.3013706,0.11655488261249936,0.11435578893325876,0.13178369734672263,0.018305028612499358,0.016105934933258764,0.03353384334672263
日常消费,食品饮料,地方国有企业,29954563964.0,0.176283383,-2265245829.1967216,-2411128267.518281,-2052468890.833209,0.0,0.0,0.0,0.10066065546108005,0.09579053154617734,0.10776397830093952,-0.07562272753891994,-0.08049285145382265,-0.06851940469906047
日常消费,食品饮料,地方国有企业,35009203823.0,0.167763823,-2107636183.281924,-2225868383.438591,-1704978650.5039082,0.0,0.0,0.0,0.10756147752714267,0.10418430274892071,0.11906295396213322,-0.06020234547285734,-0.0635795202510793,-0.04870086903786679
日常消费,食品饮料,地方国有企业,35420907274.99,0.12498,-658285889.8871342,-538035485.3296446,-44117779.762656,0.0,0.0,0.0,0.10639532951777503,0.10979022857058376,0.1237344706458209,-0.018584670482224966,-0.01518977142941623,-0.001245529354179098
日常消费,食品饮料,地方国有企业,36686474275.0,0.219673789,-4484694017.073235,-4244566812.081029,-3899065715.346664,0.0,0.0,0.0,0.0974299891882168,0.10397537709309487,0.11339304678096146,-0.12224379981178321,-0.11569841190690514,-0.10628074221903855
日常消费,食品饮料,地方国有企业,37312383547.0,0.050066542,1859575926.653963,3100701207.2850122,3119910451.921871,1859575926.653963,3100701207.2850122,3119910451.921871,0.0999045783267754,0.13316767123714077,0.13368249347069394,0.04983803632677541,0.08310112923714078,0.08361595147069395
日常消费,食品饮料,地方国有企业,38197033001.78,0.07919,759814690.8941332,1434913536.872272,1770374901.8419676,759814690.8941332,1434913536.872272,1770374901.8419676,0.09908198194683669,0.11675609935660197,0.12553849261091737,0.019891981946836695,0.037566099356601976,0.04634849261091738
日常消费,食品饮料,地方国有企业,40522413702.09,0.127545,-1047394409.0529408,-600601736.7700214,-168264991.65253407,0.0,0.0,0.0,0.10169771418052473,0.1127235300553544,0.12339260688517782,-0.025847285819475263,-0.014821469944645588,-0.00415239311482217
日常消费,食品饮料,地方国有企业,41514185835.0,0.053486635,1793758497.157512,3020666352.4609437,3090512521.5607467,1793758497.157512,3020666352.4609437,3090512521.5607467,0.09669496152931906,0.12624890388964458,0.12793136899632906,0.04320832652931906,0.07276226888964457,0.07444473399632906
日常消费,食品饮料,地方国有企业,43211782006.0,0.179086999,-3405440857.9252844,-2944759032.458323,-2445266736.274207,0.0,0.0,0.0,0.1002788429870766,0.11093986653391841,0.12249903565392278,-0.0788081560129234,-0.06814713246608159,-0.056587963346077214
日常消费,食品饮料,地方国有企业,44095837995.19,0.236534,-6012174088.071474,-5439779678.581076,-5002528643.364069,0.0,0.0,0.0,0.10019065420107709,0.11317134434133103,0.12308726963261822,-0.1363433457989229,-0.12336265565866897,-0.11344673036738177
日常消费,食品饮料,地方国有企业,46563004491.0,0.068392254,1013866112.9684982,2328215186.1680574,2398291543.2954674,1013866112.9684982,2328215186.1680574,2398291543.2954674,0.09016632386622749,0.11839364913372832,0.11989862841703369,0.021774069866227486,0.050001395133728324,0.05150637441703369
日常消费,食品饮料,地方国有企业,49256011349.0,0.08698,-32072497.65960562,1510298152.3182764,1552932646.2691765,0.0,1510298152.3182764,1552932646.2691765,0.08632886125000341,0.11764220976800507,0.1185077791225518,-0.0006511387499965882,0.030662209768005072,0.031527779122551794
日常消费,食品饮料,地方国有企业,50311699796.0,0.07408436,648977754.960432,2133629489.4607015,2185395973.4392037,648977754.960432,2133629489.4607015,2185395973.4392037,0.0869835019012249,0.11649257713660993,0.11752149256161845,0.012899141901224903,0.04240821713660993,0.04343713256161845
日常消费,食品饮料,地方国有企业,51385481355.0,0.196145022,-5132964253.309695,-4201547398.503576,-3718903337.9642863,0.0,0.0,0.0,0.09625368853465262,0.11437975897800148,0.12377237432016226,-0.09989133346534738,-0.08176526302199852,-0.07237264767983774
日常消费,食品饮料,地方国有企业,51420385832.0,0.084924,384039059.2080312,2144770301.6413696,2236077099.696515,384039059.2080312,2144770301.6413696,2236077099.696515,0.0923926148887089,0.1266345058030629,0.12841019839225237,0.0074686148887088966,0.0417105058030629,0.04348619839225237
日常消费,食品饮料,地方国有企业,52131585698.0,0.088233,-216984116.95384777,1899504679.8923972,1873649598.937779,0.0,1899504679.8923972,1873649598.937779,0.08407076104162947,0.1246697332100023,0.12417377513375276,-0.004162238958370534,0.03643673321000229,0.03594077513375275
日常消费,食品饮料,地方国有企业,53455037841.0,0.138124655,-2123533790.4342144,-739583295.5454816,-264732502.4888465,0.0,0.0,0.0,0.09839904865489582,0.12428904052068107,0.1331722218303466,-0.03972560634510419,-0.013835614479318942,-0.0049524331696534085
日常消费,食品饮料,地方国有企业,53495197888.51,0.228677,-6692255537.841497,-5625895344.645498,-5097123995.877352,0.0,0.0,0.0,0.1035768825691063,0.12351063803288481,0.13339510186588466,-0.1251001174308937,-0.10516636196711518,-0.09528189813411533
日常消费,食品饮料,地方国有企业,53866259307.0,0.13728434,-2341837417.3930516,-842710492.6199336,-365750149.0139222,0.0,0.0,0.0,0.09380930669489863,0.12163984373347678,0.1304943725190691,-0.04347503330510137,-0.015644496266523228,-0.006789967480930914
日常消费,食品饮料,地方国有企业,56323475330.54,0.217073,-6354604494.989252,-4957868567.503333,-4440330460.652551,0.0,0.0,0.0,0.10424962648306742,0.12904809495982658,0.1382367699095444,-0.11282337351693257,-0.0880249050401734,-0.0788362300904556
日常消费,食品饮料,地方国有企业,58595944446.8,0.032801,3912917104.326753,5429533837.839647,6154876744.9967,3912917104.326753,5429533837.839647,6154876744.9967,0.0995789509532326,0.12546157385198714,0.13784029586090707,0.0667779509532326,0.09266057385198714,0.10503929586090707
日常消费,食品饮料,地方国有企业,63294455201.6,0.203418,-6668146717.3398485,-5422251168.994447,-4783782384.34647,0.0,0.0,0.0,0.09806680144554451,0.11775091981542515,0.12783819811830938,-0.10535119855445547,-0.08566708018457483,-0.07557980188169061
日常消费,食品饮料,地方国有企业,64794994851.27,0.159252,-4031120573.871216,-2605763742.7482653,-1893715692.4612193,0.0,0.0,0.0,0.09703854380443701,0.11903649031858837,0.13002573496505337,-0.062213456195563,-0.04021550968141163,-0.02922626503494663
日常消费,食品饮料,地方国有企业,67345265219.62,0.090021,582575554.1213411,2552991792.210304,3280265663.1349454,582575554.1213411,2552991792.210304,3280265663.1349454,0.09867157925336698,0.12793000197489354,0.13872918538523316,0.008650579253366972,0.03790900197489354,0.04870818538523315
日常消费,食品饮料,地方国有企业,67798704194.0,0.104847687,-720361668.5341669,1050027331.8635094,1754089083.2405086,0.0,1050027331.8635094,1754089083.2405086,0.09422268056222331,0.12033511178704237,0.1307197018724574,-0.010625006437776682,0.015487424787042375,0.02587201487245741
日常消费,食品饮料,地方国有企业,67964247134.0,0.138078691,-3890239715.204314,-1693793949.4867632,-1316898369.7784603,0.0,0.0,0.0,0.08083918818414124,0.1131568531085681,0.11870235086072015,-0.05723950281585877,-0.024921837891431903,-0.019376340139279857
日常消费,食品饮料,地方国有企业,68334595564.58,0.190013,-6357552283.682913,-5638964152.456947,-4770911954.778966,0.0,0.0,0.0,0.0969773680312021,0.1074930976596428,0.12019606590736769,-0.09303563196879788,-0.08251990234035719,-0.0698169340926323
日常消费,食品饮料,地方国有企业,69792287455.91,0.1327,-2789145762.192453,-669925140.0340012,-48133757.72578679,0.0,0.0,0.0,0.09273647589349406,0.12310115800105831,0.13201032841191523,-0.03996352410650596,-0.009598841998941704,-0.0006896715880847781
日常消费,食品饮料,地方国有企业,106397000000.0,0.163558829,-6050094220.579771,-3310128493.99405,-1862200543.5131557,0.0,0.0,0.0,0.10669543792149429,0.13244772160041118,0.14605645070443568,-0.0568633910785057,-0.031111107399588805,-0.017502378295564308
日常消费,食品饮料,地方国有企业,113893000000.0,0.162163327,-7193140214.235427,-3488105336.1238303,-2191232543.916642,0.0,0.0,0.0,0.09900632688379069,0.1315371661637429,0.1429239308657631,-0.06315700011620931,-0.030626160836257105,-0.01923939613423689
日常消费,食品饮料,地方国有企业,135621000000.0,0.159602143,-7608489511.268713,-3253622705.1635885,-1317150581.571544,0.0,0.0,0.0,0.10350102657062171,0.13561159061383865,0.14989014720604815,-0.05610111642937829,-0.02399055238616135,-0.00971199579395185
日常消费,食品饮料,地方国有企业,152715000000.0,0.161505774,-9659646386.731932,-4176410420.4914045,-1983063835.5064619,0.0,0.0,0.0,0.09825300651329645,0.13415803199370457,0.14852038398915324,-0.06325276748670354,-0.027347742006295417,-0.012985390010846753
日常消费,食品饮料,地方国有企业,165432981684.75,0.167666,-11646254669.971813,-5561155327.024126,-2921126503.5916886,0.0,0.0,0.0,0.09726737361143029,0.13405024049189,0.15000853850808177,-0.07039862638856972,-0.03361575950811002,-0.01765746149191824
日常消费,食品饮料,地方国有企业,183042000000.0,0.225160593,-23976849546.82684,-16272296191.221928,-13589809225.815727,0.0,0.0,0.0,0.09416962072682313,0.1362613447879944,0.15091638005534397,-0.13099097227317685,-0.0888992482120056,-0.07424421294465602
日常消费,食品饮料,地方国有企业,188252218704.17,0.154153,-10289597430.557806,-3763520647.764186,-265661725.82673383,0.0,0.0,0.0,0.09949442810434841,0.13416109406831805,0.1527417989652637,-0.0546585718956516,-0.019991905931681958,-0.0014112010347363257
日常消费,食品饮料,地方国有企业,189984270815.47,0.033122,10514026818.668821,18739476921.87706,21448035593.489834,10514026818.668821,18739476921.87706,21448035593.489834,0.08846356471764444,0.13175899158589052,0.14601574378956939,0.05534156471764444,0.09863699158589052,0.11289374378956939
日常消费,食品饮料,地方国有企业,213396000000.0,0.217730024,-25885662076.22058,-17403376186.477707,-13555822886.758762,0.0,0.0,0.0,0.09642661589384721,0.1361756547218612,0.15420576446955536,-0.12130340810615278,-0.0815543692781388,-0.06352425953044463
日常消费,食品饮料,地方国有企业,254365000000.0,0.24660828,-39220706291.64839,-28931445609.895134,-24356632320.86747,0.0,0.0,0.0,0.09241762369253478,0.1328683959361739,0.15085362695863241,-0.15419065630746523,-0.11373988406382612,-0.0957546530413676
日常消费,食品饮料,地方国有企业,255168000000.0,0.205643475,-28133202285.195812,-17797669122.67687,-13073734412.076948,0.0,0.0,0.0,0.09538982922468407,0.1358946462962563,0.15440768363087476,-0.11025364577531592,-0.06974882870374369,-0.05123579136912523
日常消费,食品饮料,地方国有企业,272699660092.25,0.26749,-46699251792.47813,-36315855003.81686,-30976910021.35409,0.0,0.0,0.0,0.0962420718702748,0.13431838184861772,0.15389649566312225,-0.17124792812972522,-0.1331716181513823,-0.11359350433687776
日常消费,食品饮料,地方国有企业,298944579918.7,0.283524,-55135778096.313156,-42927955942.6247,-37040885435.036064,0.0,0.0,0.0,0.09908921910747569,0.13992562482859114,0.15961847394861756,-0.1844347808925243,-0.14359837517140886,-0.12390552605138244
日常消费,食品饮料,地方国有企业,303834844021.44,0.268254,-50911222588.09784,-38704257521.30185,-32612093788.789684,0.0,0.0,0.0,0.10069184052461964,0.14086815771467376,0.160919063173306,-0.16756215947538033,-0.12738584228532623,-0.10733493682669398
材料,化工,中央国有企业,20109814551.0,0.12072931,-1517302048.9654894,-4275862095.0721636,-2426468102.7910233,0.0,0.0,0.0,0.04527848746170671,-0.09189632531992083,6.842092828240887e-05,-0.0754508225382933,-0.21262563531992085,-0.1206608890717176
材料,化工,中央国有企业,22531500339.0,-1.970434396,45039312851.38784,45420483115.233795,45281103765.48429,45039312851.38784,45420483115.233795,45281103765.48429,0.02851428357056751,0.04543149982829645,0.03924552252308084,1.9989486795705673,2.0158658958282962,2.009679918523081
材料,化工,中央国有企业,25267358712.0,0.186473385,-2835287050.8712015,-3606744735.5024304,-3422359523.864743,0.0,0.0,0.0,0.0742619313538908,0.04373014156832654,0.051027509438840025,-0.1122114536461092,-0.14274324343167344,-0.13544587556115997
材料,化工,中央国有企业,41982836045.0,0.377563052,-12051861578.343237,-13045229663.43116,-12518112016.273706,0.0,0.0,0.0,0.09049665264038434,0.06683536201144344,0.07939091320366048,-0.28706639935961564,-0.3107276899885566,-0.2981721387963395
材料,化工,中央国有企业,45782850934.85,0.098615,230214454.19905794,-11428734.222805422,777101258.7484848,230214454.19905794,0.0,777101258.7484848,0.10364339926955746,0.09836537084870339,0.1155886318923065,0.0050283992695574625,-0.00024962915129660146,0.01697363189230651
材料,化工,中央国有企业,46407287224.03,0.166608,-2236277433.1146297,-2504765152.5033855,-1783914302.9561377,0.0,0.0,0.0,0.1184199337094828,0.11263446906698736,0.1281676082066953,-0.04818806629051721,-0.053973530933012645,-0.03844039179330472
材料,化工,中央国有企业,55781587198.78,0.148146,-2520730301.417884,-4257935988.9653788,-2709125450.6212263,0.0,0.0,0.0,0.10295671034362724,0.07181371540953026,0.09957933872937058,-0.045189289656372755,-0.07633228459046974,-0.04856666127062942
材料,化工,地方国有企业,8677638571.0,0.02458924,768714251.0634044,555043366.5660751,771845696.1886008,768714251.0634044,555043366.5660751,771845696.1886008,0.11317488974489584,0.08855172956726398,0.11353575348675084,0.08858564974489584,0.06396248956726398,0.08894651348675084
材料,化工,地方国有企业,9643558999.0,0.028576293,932284932.6244277,593042459.8343208,851678737.4640267,932284932.6244277,593042459.8343208,851678737.4640267,0.12525065696885238,0.09007251653073352,0.11689210436718742,0.09667436396885237,0.061496223530733515,0.08831581136718741
材料,化工,地方国有企业,10624520306.0,0.133385912,-101090985.50788757,-526285300.5514975,-179259307.83784652,0.0,0.0,0.0,0.12387103673068564,0.08385094144191393,0.11651368599120662,-0.009514875269314355,-0.04953497055808606,-0.016872226008793373
材料,化工,地方国有企业,13536459913.0,0.415613537,-3994642437.273715,-4323948832.891004,-3936476328.3392334,0.0,0.0,0.0,0.12051109050013016,0.09618372590600664,0.12480808611850604,-0.29510244649986983,-0.3194298110939933,-0.29080545088149395
材料,化工,地方国有企业,14091584562.19,0.241369,-1556698915.6330032,-1913879712.5611258,-1507784508.8334582,0.0,0.0,0.0,0.13089888865355298,0.10555178908843407,0.13437006725548184,-0.11047011134644702,-0.13581721091156593,-0.10699893274451816
材料,化工,地方国有企业,15083281912.76,0.171245,-887762884.8596878,-1336108218.032828,-894037593.8728993,0.0,0.0,0.0,0.11238759151327887,0.08266293770343039,0.11197158728757364,-0.058857408486721136,-0.08858206229656962,-0.059273412712426365
材料,化工,地方国有企业,15385300893.0,0.058389253,1477805263.5717359,1198101980.3041217,1575519579.4615529,1477805263.5717359,1198101980.3041217,1575519579.4615529,0.15444231519549514,0.13626241184405186,0.16079346273361544,0.09605306219549514,0.07787315884405185,0.10240420973361544
材料,化工,地方国有企业,15691644389.0,0.009376308,2209422510.345514,1891065904.274523,2286873160.839634,2209422510.345514,1891065904.274523,2286873160.839634,0.15017879214846447,0.1298905037971071,0.15511458144970647,0.14080248414846447,0.1205141957971071,0.14573827344970647
材料,化工,地方国有企业,17692154203.25,0.2181,-2064714673.1245034,-2466496644.0565634,-1979824002.9228563,0.0,0.0,0.0,0.10139772341995407,0.07868811065509056,0.10619593336241845,-0.11670227658004592,-0.13941188934490945,-0.11190406663758154
材料,化工,地方国有企业,17894390845.0,0.063603951,1461566997.9800303,1303777702.2994108,1640454860.230014,1461566997.9800303,1303777702.2994108,1640454860.230014,0.1452813330712884,0.13646352546624727,0.1552782010171994,0.0816773820712884,0.07285957446624726,0.09167425001719941
材料,化工,地方国有企业,18187250698.0,0.144365746,-515866961.8536225,-523220388.9237209,-298867875.48607194,0.0,0.0,0.0,0.11600153799409446,0.11559722031066873,0.12793292278505758,-0.028364208005905528,-0.028768525689331262,-0.01643282321494241
材料,化工,地方国有企业,20549289346.0,0.092689026,694794069.9174052,662389285.8739665,1024321046.164194,694794069.9174052,662389285.8739665,1024321046.164194,0.12650012565501798,0.1249231959861705,0.142536056177887,0.03381109965501798,0.0322341699861705,0.04984703017788701
材料,化工,地方国有企业,22626691197.0,0.10046582,805775874.9982085,869147323.5733114,1163622304.3521295,805775874.9982085,869147323.5733114,1163622304.3521295,0.13607756137140492,0.13887830002220267,0.15189279596484678,0.03561174137140492,0.03841248002220267,0.051426975964846786
材料,化工,地方国有企业,23383806879.39,0.039421,2001761226.841331,1976117442.1664984,2217329628.7484927,2001761226.841331,1976117442.1664984,2217329628.7484927,0.12502559112436656,0.12392894399556076,0.13424429546190364,0.08560459112436657,0.08450794399556076,0.09482329546190364
材料,化工,地方国有企业,27913610331.15,0.071699,1267769918.1506593,1374861357.4424274,1631414847.1467688,1267769918.1506593,1374861357.4424274,1631414847.1467688,0.11711662613687776,0.12095315742112586,0.13014413940664288,0.04541762613687776,0.04925415742112586,0.05844513940664288
材料,化工,地方国有企业,28653178698.0,0.256996505,-4083328205.8700542,-4030658617.8685765,-3630068169.7219605,0.0,0.0,0.0,0.11448777153947572,0.11632594763004518,0.13030661107994634,-0.14250873346052428,-0.14067055736995482,-0.12668989392005364
材料,化工,地方国有企业,35005445704.0,0.181349031,-1629724244.2148297,-1189657313.9709284,-748584341.8153088,0.0,0.0,0.0,0.1347927249327813,0.1473641097957261,0.15996423424165535,-0.046556306067218695,-0.033984921204273905,-0.02138479675834465
材料,化工,地方国有企业,38208012673.28,0.101902,581654839.9913609,1233905308.3576748,1436048473.2767746,581654839.9913609,1233905308.3576748,1436048473.2767746,0.11712537330038968,0.1341964121409534,0.13948700829542088,0.01522337330038967,0.032294412140953396,0.03758500829542087
材料,化工,地方国有企业,44051457552.57,0.082722,1817285822.6234412,2051791101.3310094,2647731613.1857452,1817285822.6234412,2051791101.3310094,2647731613.1857452,0.12397570472599537,0.1292991444425522,0.14282742579722824,0.04125370472599536,0.04657714444255219,0.06010542579722823
材料,化工,地方国有企业,46657911907.48,0.088364,472579612.97679657,851139864.335538,1238375432.3513727,472579612.97679657,851139864.335538,1238375432.3513727,0.09849260613895228,0.10660613363905569,0.1149055956634965,0.010128606138952279,0.01824213363905569,0.026541595663496495
材料,化工,地方国有企业,49177377189.73,0.072767,1433113558.418672,2648270256.0854006,2881379025.41405,1433113558.418672,2648270256.0854006,2881379025.41405,0.10190872410801033,0.12661839280340584,0.1313585555093041,0.02914172410801033,0.05385139280340584,0.05859155550930409
材料,化工,地方国有企业,96865322655.0,0.117008313,-3354014025.4609585,-675061476.6305009,-338025223.6450272,0.0,0.0,0.0,0.08238277381290857,0.11003924029030769,0.11351867177050703,-0.034625539187091436,-0.006969072709692312,-0.003489641229492968
材料,化工,地方国有企业,133753000000.0,0.083122398,-1860831072.7643318,1219843670.2835844,1665851214.8947327,0.0,1219843670.2835844,1665851214.8947327,0.06920995437059108,0.09224251994331031,0.09557708099697751,-0.013912443629408924,0.009120121943310314,0.01245468299697751
材料,化工,地方国有企业,190310000000.0,0.140208439,-16866829813.939545,-12611594951.573038,-11865755399.960335,0.0,0.0,0.0,0.051580254385741445,0.07393974606965982,0.0778588231103445,-0.08862818461425855,-0.06626869293034017,-0.062349615889655485
材料,化工,地方国有企业,200843000000.0,0.086976163,-6603696795.31097,1425739703.196367,1962409299.9402113,0.0,1425739703.196367,1962409299.9402113,0.0540962677817899,0.0940749401702094,0.09674702531504314,-0.032879895218210095,0.007098777170209403,0.00977086231504315
材料,化工,地方国有企业,253040390845.31,0.07308,-5004571064.360258,4922706133.801088,5358719012.611898,0.0,4922706133.801088,5358719012.611898,0.05330224417358066,0.09253423067580727,0.09425732665014662,-0.019777755826419344,0.01945423067580726,0.021177326650146613
材料,化工,地方国有企业,293333349744.25,0.051571,-1190249281.5032632,8919664491.702814,9402733842.354332,0.0,8919664491.702814,9402733842.354332,0.047513332221886764,0.0819789454295928,0.08362577266922544,-0.0040576677781132345,0.030407945429592804,0.03205477266922544
材料,化工,地方国有企业,323009018441.98,0.045222,-472014859.7708687,11154786521.104916,11451396937.36426,0.0,11154786521.104916,11451396937.36426,0.04376069448584559,0.07975597857096853,0.08067425143433944,-0.0014613055141544096,0.03453397857096853,0.035452251434339443
材料,建材Ⅱ,中央国有企业,21463592266.0,0.021954556,2251303967.3281784,2366201286.8996506,2448928501.482644,2251303967.3281784,2366201286.8996506,2448928501.482644,0.12684398640976505,0.1321971126780775,0.13605141691372213,0.10488943040976505,0.11024255667807749,0.11409686091372213
材料,建材Ⅱ,中央国有企业,22915217102.0,0.128089923,-598693513.5836864,-236896975.67118976,-365503865.6222988,0.0,0.0,0.0,0.1019634625384304,0.1177519465096741,0.11213965449521685,-0.026126460461569592,-0.01033797649032589,-0.01595026850478315
材料,建材Ⅱ,中央国有企业,26573872663.0,0.135197922,-508089883.75109005,184311727.2459367,67495459.37902711,0.0,184311727.2459367,67495459.37902711,0.11607801839413504,0.14213374688270752,0.1377378400704664,-0.019119903605864963,0.006935824882707525,0.0025399180704664126
材料,建材Ⅱ,中央国有企业,28604536226.0,0.113485144,111322175.48154928,905062422.9696952,821308675.2353362,111322175.48154928,905062422.9696952,821308675.2353362,0.11737691048773502,0.14512566478379937,0.14219767647199338,0.003891766487735024,0.03164052078379938,0.028712532471993388
材料,建材Ⅱ,中央国有企业,30660627191.82,0.117717,-71242726.77543701,651487777.332928,723867788.8247116,0.0,651487777.332928,723867788.8247116,0.11539340999873467,0.13896535128965462,0.14132603396711446,-0.0023235900012653354,0.02124835128965462,0.02360903396711446
材料,建材Ⅱ,中央国有企业,33604242332.0,0.078703117,-640405748.6572233,-693079208.6955183,-972870391.6192455,0.0,0.0,0.0,0.05964582827049367,0.05807836367724688,0.04975229638611521,-0.019057288729506336,-0.020624753322753125,-0.028950820613884792
材料,建材Ⅱ,中央国有企业,35139481982.58,0.105885,443708103.2027041,1393426658.3905213,1434081119.4453077,443708103.2027041,1393426658.3905213,1434081119.4453077,0.11851205305168322,0.14553916049904483,0.14669610587106086,0.012627053051683212,0.03965416049904483,0.04081110587106085
材料,建材Ⅱ,中央国有企业,36088073943.54,0.08132,1200208817.7853193,2519957058.664343,2741105205.209724,1200208817.7853193,2519957058.664343,2741105205.209724,0.11457776874828657,0.1511479731583024,0.15727598505750678,0.033257768748286565,0.06982797315830239,0.07595598505750678
材料,建材Ⅱ,中央国有企业,36737268363.0,0.078969139,-660452459.2215481,-577856172.7307581,-952081522.2598699,0.0,0.0,0.0,0.06099141532453141,0.06323971222223916,0.053053180501061614,-0.017977723675468585,-0.015729426777760833,-0.02591595849893838
材料,建材Ⅱ,中央国有企业,43828317485.0,0.147346744,-3553138985.6652174,-2680679937.939134,-3239242633.537728,0.0,0.0,0.0,0.06627726222303561,0.08618354879277851,0.07343921527393515,-0.0810694817769644,-0.061163195207221493,-0.07390752872606485
材料,建材Ⅱ,中央国有企业,48633670689.0,0.141381399,-3259815039.3883257,-2060863931.847349,-2451667552.945314,0.0,0.0,0.0,0.07435345327420814,0.09900614945270483,0.0909704898867828,-0.06702794572579185,-0.04237524954729516,-0.05041090911321719
材料,建材Ⅱ,中央国有企业,52073958059.2,0.06291,633332835.6542836,2009962639.7646503,1804608746.1363633,633332835.6542836,2009962639.7646503,1804608746.1363633,0.07507217970092234,0.10150823056813993,0.09756472595889107,0.012162179700922343,0.038598230568139935,0.034654725958891075
材料,建材Ⅱ,中央国有企业,53378083328.82,0.04988,882106268.848709,2913554826.3608165,2391668022.333161,882106268.848709,2913554826.3608165,2391668022.333161,0.06640562650881922,0.10446335415329018,0.09468618023693344,0.016525626508819218,0.05458335415329018,0.04480618023693344
材料,建材Ⅱ,中央国有企业,54627103828.07,0.065924,155121603.42349485,2341218471.62846,2194340959.601202,155121603.42349485,2341218471.62846,2194340959.601202,0.0687636453876031,0.1087821840801421,0.10609345446179128,0.002839645387603104,0.04285818408014211,0.04016945446179128
材料,建材Ⅱ,地方国有企业,178777000000.0,0.190604923,-14039689591.127148,-2667555625.8753314,-2766722192.9933724,0.0,0.0,0.0,0.11207306716212855,0.17568378870489867,0.17512909449301436,-0.07853185583787146,-0.014921134295101335,-0.015475828506985645
材料,建材Ⅱ,地方国有企业,200973000000.0,0.177189761,-12859007054.249023,-1700303300.2705474,-1156548363.4553044,0.0,0.0,0.0,0.11320600669345622,0.16872940413479648,0.17143501601706546,-0.06398375430654378,-0.008460356865203522,-0.005754744982934545
材料,建材Ⅱ,地方国有企业,230515000000.0,0.145909871,-7626045303.356396,3299111909.904805,5069840799.062446,0.0,3299111909.904805,5069840799.062446,0.11282722864112359,0.16022178957321564,0.16790341067881676,-0.03308264235887641,0.014311918573215648,0.02199353967881676
材料,建材Ⅱ,地方国有企业,243976000000.0,0.067158879,9245176678.24484,20972438875.53028,23739751460.30514,9245176678.24484,20972438875.53028,23739751460.30514,0.10505267461204726,0.15311995252989755,0.164462513211173,0.037893795612047254,0.08596107352989754,0.097303634211173
材料,建材Ⅱ,地方国有企业,246189200000.0,0.047198,10561591246.54005,21710969820.611984,24876739743.604935,10561591246.54005,21710969820.611984,24876739743.604935,0.09009830288306737,0.13538614887335423,0.14824524229821995,0.04290030288306738,0.08818814887335424,0.10104724229821996
材料,建材Ⅱ,地方国有企业,254635244000.0,0.03468,14463408168.598726,27584203440.09774,30076577374.10365,14463408168.598726,27584203440.09774,30076577374.10365,0.09148049604051954,0.14300830132539602,0.15279631768500848,0.05680049604051954,0.10832830132539602,0.11811631768500848
材料,建材Ⅱ,地方国有企业,256000730000.0,0.035606,11385303513.530025,24059160956.10497,28128407130.099167,11385303513.530025,24059160956.10497,28128407130.099167,0.08007971503014864,0.12958682949257594,0.14548227703287864,0.044473715030148644,0.09398082949257594,0.10987627703287864
材料,有色金属,中央国有企业,37837121415.0,0.103262874,-1756339503.3776715,-913203987.7665213,-791598487.0956262,0.0,0.0,0.0,0.05684445109425022,0.07912774020505718,0.08234166071811942,-0.04641842290574978,-0.024135133794942823,-0.020921213281880582
材料,有色金属,中央国有企业,39059473292.0,0.123982697,-1268475499.8621984,1076480855.6576931,1088054179.2230012,0.0,1076480855.6576931,1088054179.2230012,0.09150720788166614,0.15154274235980708,0.15183904240150986,-0.03247548911833387,0.027560045359807078,0.027856345401509858
材料,有色金属,中央国有企业,39309705821.93,0.103436,348922012.5690058,3033342962.5274997,3119784779.9474473,348922012.5690058,3033342962.5274997,3119784779.9474473,0.1123122305713911,0.1806012419956617,0.1828002362545229,0.0088762305713911,0.07716524199566169,0.07936423625452291
材料,有色金属,中央国有企业,39579456610.0,0.036408062,407428552.6018757,891721437.3490784,1037807523.424193,407428552.6018757,891721437.3490784,1037807523.424193,0.04670200202592083,0.058937968009972336,0.06262892535470266,0.01029394002592083,0.022529906009972338,0.02622086335470266
材料,有色金属,中央国有企业,40021635913.0,0.017765359,2601923360.881731,4249632443.245016,4452958208.804785,2601923360.881731,4249632443.245016,4452958208.804785,0.08277827767573466,0.12394873572360444,0.12902913188736356,0.06501291867573467,0.10618337672360445,0.11126377288736355
材料,有色金属,中央国有企业,41018597713.0,0.037772411,605457922.0003226,1527590114.8492887,1674533277.7516067,605457922.0003226,1527590114.8492887,1674533277.7516067,0.052532981954585195,0.07501381368123185,0.0785961682982876,0.014760570954585196,0.03724140268123185,0.0408237572982876
材料,有色金属,中央国有企业,41901504028.87,0.105837,538872593.2230271,3189541703.656689,3500760534.4899163,538872593.2230271,3189541703.656689,3500760534.4899163,0.1186974594444091,0.18195698131282126,0.18938437176207096,0.012860459444409097,0.07611998131282126,0.08354737176207096
材料,有色金属,中央国有企业,44175520008.47,0.136401,-218885482.086276,2894780558.6486135,3141546116.948959,0.0,2894780558.6486135,3141546116.948959,0.13144609551796316,0.2019300658286214,0.20751609080926753,-0.004954904482036837,0.06552906582862142,0.07111509080926753
材料,有色金属,中央国有企业,45802747112.0,0.045389079,1754530684.9542649,3748977626.6635885,3952275940.4103556,1754530684.9542649,3748977626.6635885,3952275940.4103556,0.08369531160792561,0.1272395762528467,0.1316781378362742,0.03830623260792561,0.08185049725284671,0.08628905883627419
材料,有色金属,中央国有企业,47631293984.0,0.045137813,2413184852.764348,4893502115.04747,5078730832.65698,2413184852.764348,4893502115.04747,5078730832.65698,0.09580166549947167,0.14787493613361177,0.15176373910570257,0.05066385249947167,0.10273712313361177,0.10662592610570257
材料,有色金属,中央国有企业,48642313052.0,0.052378211,2292403467.010565,4951535194.009835,5095613070.213712,2292403467.010565,4951535194.009835,5095613070.213712,0.0995059753511714,0.15417302467829908,0.15713501121150225,0.04712776435117139,0.10179481367829907,0.10475680021150224
材料,有色金属,中央国有企业,52680243371.36,0.064674,1771341001.0557673,4710567568.351798,4908427328.726102,1771341001.0557673,4710567568.351798,4908427328.726102,0.09829838910103383,0.15409210566715667,0.1578479683532784,0.03362438910103384,0.08941810566715667,0.09317396835327842
材料,有色金属,中央国有企业,55638663702.8,0.066961,1670613471.755863,4891990858.317789,5059072020.14833,1670613471.755863,4891990858.317789,5059072020.14833,0.09698712501047163,0.15488530537959885,0.15788827401168215,0.030026125010471624,0.08792430537959885,0.09092727401168214
材料,有色金属,中央国有企业,62550961213.58,0.083675,874247977.4547411,4341470080.072864,4589162886.828821,874247977.4547411,4341470080.072864,4589162886.828821,0.0976515714306072,0.15308192830041303,0.15704178442333033,0.013976571430607196,0.06940692830041303,0.07336678442333033
材料,有色金属,中央国有企业,192377000000.0,0.044704308,1001365491.2168638,16926122785.794476,16638918530.524559,1001365491.2168638,16926122785.794476,16638918530.524559,0.049909532591384954,0.1326884370060375,0.13119551292847148,0.005205224591384956,0.0879841290060375,0.08649120492847148
材料,有色金属,中央国有企业,194902000000.0,0.023620612,4978733990.727224,20163234108.099266,20332470420.756474,4978733990.727224,20163234108.099266,20332470420.756474,0.04916541908626502,0.12707380441515873,0.1279421193255096,0.02554480708626502,0.10345319241515873,0.10432150732550961
材料,有色金属,中央国有企业,203071000000.0,0.028138373,4445452523.893484,19648135537.524673,20141796645.336643,4445452523.893484,19648135537.524673,20141796645.336643,0.050029497404240314,0.1248933775921115,0.12732435546591903,0.021891124404240313,0.0967550045921115,0.09918598246591903
材料,有色金属,中央国有企业,211755809000.0,0.047425,6007586002.580234,26703540344.52499,25815003032.315956,6007586002.580234,26703540344.52499,25815003032.315956,0.07579534804830423,0.17353034969798628,0.1693343027682464,0.028370348048304232,0.12610534969798629,0.12190930276824641
材料,有色金属,中央国有企业,212348000000.0,0.03776659,7375764529.802677,27003045991.228077,26180259986.498066,7375764529.802677,27003045991.228077,26180259986.498066,0.07250091539888616,0.16493070735089607,0.16105600165679954,0.03473432539888616,0.12716411735089606,0.12328941165679953
材料,有色金属,中央国有企业,215895530000.0,0.070221,-1119102798.7186742,18023164566.53347,17807342554.762344,0.0,18023164566.53347,17807342554.762344,0.06503746146764283,0.15370195287815117,0.15270229340502023,-0.005183538532357174,0.08348095287815116,0.08248129340502022
材料,有色金属,中央国有企业,227021733000.0,0.066142,1841501052.7012272,21542527974.27595,21892987368.84539,1841501052.7012272,21542527974.27595,21892987368.84539,0.07425356283747173,0.16103391933124725,0.16257764551965337,0.00811156283747172,0.09489191933124724,0.09643564551965336
材料,有色金属,地方国有企业,11885793700.0,0.07517066,501727009.72811663,379501117.6379618,770657301.6100222,501727009.72811663,379501117.6379618,770657301.6100222,0.11738298695029165,0.10709962723741401,0.14000918244634047,0.042212326950291645,0.03192896723741401,0.06483852244634047
材料,有色金属,地方国有企业,12906755770.0,0.09964649,126844630.69912699,107053692.77231702,491662884.96571034,126844630.69912699,107053692.77231702,491662884.96571034,0.1094742602746929,0.10794088207497432,0.13773994227625008,0.009827770274692893,0.008294392074974316,0.03809345227625008
材料,有色金属,地方国有企业,15933256367.0,0.084137949,567156671.0011961,449583392.99524295,955122749.887986,567156671.0011961,449583392.99524295,955122749.887986,0.11973372791283146,0.11235461624238449,0.1440831810284119,0.03559577891283146,0.02821666724238449,0.059945232028411885
材料,有色金属,地方国有企业,16163564000.0,0.073385486,518840329.0061214,662198034.6593013,1045258014.1295286,518840329.0061214,662198034.6593013,1045258014.1295286,0.10548486266013024,0.11435405176057739,0.13805303172998434,0.03209937666013024,0.04096856576057739,0.06466754572998434
材料,有色金属,地方国有企业,16298949000.0,0.089989,249759652.43783712,312554784.07088345,747362414.8533428,249759652.43783712,312554784.07088345,747362414.8533428,0.10531266611109938,0.10916537659157553,0.13584241145943476,0.01532366611109938,0.019176376591575534,0.045853411459434765
材料,有色金属,地方国有企业,18189090000.0,0.122639,-244167399.35094586,-248208917.39745072,277625140.6767668,0.0,0.0,277625140.6767668,0.10921516189974617,0.108992967273929,0.13790227818911044,-0.013423838100253827,-0.013646032726070997,0.01526327818911044
材料,有色金属,地方国有企业,20625469000.0,0.147424,-657984237.6486351,-486114054.1040129,45291624.167264625,0.0,0.0,45291624.167264625,0.11552245935388741,0.12385536967678103,0.14961990760177452,-0.031901540646112586,-0.023568630323218973,0.002195907601774516
材料,有色金属,地方国有企业,23249789494.0,0.043282698,1307791517.0913932,950701230.8523577,1531156027.870187,1307791517.0913932,950701230.8523577,1531156027.870187,0.09953230479445682,0.08417344374622288,0.1091394675103359,0.05624960679445682,0.040890745746222874,0.0658567695103359
材料,有色金属,地方国有企业,25529146004.0,0.048506632,1523051596.468247,1239799892.2406585,1885126584.7673447,1523051596.468247,1239799892.2406585,1885126584.7673447,0.10816595613993048,0.09707072780040014,0.12234876461469758,0.05965932413993048,0.048564095800400144,0.07384213261469758
材料,有色金属,地方国有企业,34707756657.0,0.159096641,-1681615346.6619053,-2404677672.2235317,-1458777807.4968078,0.0,0.0,0.0,0.11064593405052765,0.0898130599265299,0.11706632996857252,-0.04845070694947236,-0.06928358107347012,-0.042030311031427486
材料,有色金属,地方国有企业,36645246207.0,0.16901701,-2167056559.034054,-1845264231.6994982,-1168724399.6857867,0.0,0.0,0.0,0.10988092051126022,0.11866220486985969,0.13712407651869796,-0.059136089488739774,-0.050354805130140304,-0.03189293348130204
材料,有色金属,地方国有企业,40496655048.44,0.062697,2371142264.726598,3081114216.839168,3918254590.7952657,2371142264.726598,3081114216.839168,3918254590.7952657,0.12124855844082333,0.13878017805887174,0.159452018065281,0.058551558440823326,0.07608317805887174,0.096755018065281
材料,有色金属,地方国有企业,45380919517.66,0.026432,3850938206.8565316,4487050118.793251,5426770547.754478,3850938206.8565316,4487050118.793251,5426770547.754478,0.11129009119310457,0.12530725785031996,0.14601464851029844,0.08485809119310457,0.09887525785031996,0.11958264851029844
材料,有色金属,地方国有企业,47911462040.0,0.034936129,3367985570.1246443,6638597848.770207,6503748462.299804,3367985570.1246443,6638597848.770207,6503748462.299804,0.1052321589419125,0.17349582987549864,0.17068127609799502,0.0702960299419125,0.13855970087549863,0.135745147097995
材料,有色金属,地方国有企业,48127817177.89,0.050843,2432549453.4380417,3123567721.534981,4036342736.0896006,2432549453.4380417,3123567721.534981,4036342736.0896006,0.10138652339410811,0.11574450405096604,0.13471014737488454,0.050543523394108114,0.06490150405096604,0.08386714737488454
材料,有色金属,地方国有企业,50840423322.0,0.073934839,1379428267.5744846,5659812278.431739,5160846576.293835,1379428267.5744846,5659812278.431739,5160846576.293835,0.10106734847652062,0.18525988133068783,0.1754455314583887,0.027132509476520614,0.11132504233068782,0.1015106924583887
材料,有色金属,地方国有企业,52183190515.0,0.0300009,3249034567.424376,6672956790.499567,6640729954.397187,3249034567.424376,6672956790.499567,6640729954.397187,0.09226299120905408,0.1578764998750485,0.1572589286651564,0.062262091209054085,0.1278755998750485,0.1272580286651564
材料,有色金属,地方国有企业,58848726000.0,0.034295033,3175224283.3793287,6964952042.5848255,6758940235.303032,3175224283.3793287,6964952042.5848255,6758940235.303032,0.08825073432443188,0.1526485219537766,0.14914782072735083,0.05395570132443188,0.11835348895377659,0.11485278772735083
材料,有色金属,地方国有企业,61435721001.0,0.048847359,3648082757.1058826,8912515000.882212,8271993063.658116,3648082757.1058826,8912515000.882212,8271993063.658116,0.10822784152166687,0.1939179279730107,0.183492040121647,0.05938048252166687,0.14507056897301068,0.134644681121647
材料,有色金属,地方国有企业,64461691000.0,0.046063033,1803624271.0981636,5739673262.671178,5448556006.295264,1803624271.0981636,5739673262.671178,5448556006.295264,0.07404281825102861,0.13510309964471737,0.13058697150938947,0.027979785251028608,0.08904006664471736,0.08452393850938947
材料,有色金属,地方国有企业,78245124732.45,0.044503,5317211042.067995,12194746045.191893,11460130104.441591,5317211042.067995,12194746045.191893,11460130104.441591,0.11245881271356616,0.20035611016999963,0.19096746208154386,0.06795581271356615,0.15585311016999964,0.14646446208154384
材料,有色金属,地方国有企业,79036550000.0,0.006070812,5043005765.512326,10213507133.615438,9831994783.32155,5043005765.512326,10213507133.615438,9831994783.32155,0.06987680765026973,0.13529592536356963,0.13046888837506382,0.06380599565026973,0.12922511336356962,0.12439807637506382
材料,有色金属,地方国有企业,80944491696.95,0.041541,5562557374.670843,13016299264.638351,12444212327.129622,5562557374.670843,13016299264.638351,12444212327.129622,0.11026164124507241,0.2023462505088349,0.19527860544102005,0.0687206412450724,0.1608052505088349,0.15373760544102005
材料,有色金属,地方国有企业,91216092000.0,0.024132694,975676191.9709034,5659809975.388837,5299277452.576026,975676191.9709034,5659809975.388837,5299277452.576026,0.0348290105224279,0.08618106563368977,0.08222855555670894,0.0106963165224279,0.06204837163368977,0.05809586155670894
材料,有色金属,地方国有企业,100206269994.18,0.026554,8490267450.137934,16722864179.325333,16437884610.940954,8490267450.137934,16722864179.325333,16437884610.940954,0.11128190625408022,0.19343840933183723,0.19059447982122946,0.08472790625408022,0.16688440933183724,0.16404047982122946
材料,有色金属,地方国有企业,123831000000.0,0.050163348,1408716818.1997943,9741531311.244585,9534834938.460022,1408716818.1997943,9741531311.244585,9534834938.460022,0.06153947205778678,0.12883130118817246,0.1271621200236453,0.011376124057786777,0.07866795318817246,0.0769987720236453
材料,有色金属,地方国有企业,134914000000.0,0.032033864,10811015631.790209,23452630930.661373,23085708790.86556,10811015631.790209,23452630930.661373,23085708790.86556,0.11216650873509204,0.2058677947311426,0.20314812042161345,0.08013264473509205,0.17383393073114262,0.17111425642161346
材料,有色金属,地方国有企业,135018841000.0,0.02814,1286079064.2245553,9787182567.37831,9027072842.571712,1286079064.2245553,9787182567.37831,9027072842.571712,0.037665182224194585,0.10062753207249282,0.09499787535808955,0.009525182224194587,0.07248753207249282,0.06685787535808956
材料,有色金属,地方国有企业,140882000000.0,0.02965472,9077326053.539099,23019267374.3317,22585146903.958645,9077326053.539099,23019267374.3317,22585146903.958645,0.09408684087803337,0.19304867646237062,0.18996722907822605,0.06443212087803338,0.16339395646237062,0.16031250907822606
材料,有色金属,地方国有企业,161010475000.0,0.030549,-680972780.9421213,9518730139.664726,9051441026.975733,0.0,9518730139.664726,9051441026.975733,0.026319630569581753,0.08966770106379554,0.08676547303987975,-0.004229369430418246,0.05911870106379554,0.05621647303987975
材料,有色金属,地方国有企业,161035000000.0,0.048382962,8224107275.385811,24119049537.12196,23960890293.06916,8224107275.385811,24119049537.12196,23960890293.06916,0.0994532714071836,0.19815816327377253,0.19717602122978956,0.0510703094071836,0.14977520127377253,0.14879305922978955
材料,有色金属,地方国有企业,167331000000.0,0.047622108,8454042008.143096,25376941406.628048,25422028448.284927,8454042008.143096,25376941406.628048,25422028448.284927,0.09814497589741947,0.19927925106750122,0.19954869929680052,0.050522867897419464,0.15165714306750122,0.15192659129680053
材料,有色金属,地方国有企业,168150906000.0,0.053938,7034519851.657675,24273339311.87715,24301777269.089035,7034519851.657675,24273339311.87715,24301777269.089035,0.09577256407697068,0.1982924961445355,0.1984616177858538,0.041834564076970684,0.1443544961445355,0.14452361778585382
材料,有色金属,地方国有企业,170374158329.33,0.03915,-2974581899.2812147,5576733164.332013,5548840231.977502,0.0,5576733164.332013,5548840231.977502,0.021690885727920044,0.0718822712494479,0.07171855550389103,-0.017459114272079954,0.03273227124944791,0.03256855550389103
材料,有色金属,地方国有企业,182313000000.0,0.046235297,4166408648.9763,16837762367.886122,17008775548.730848,4166408648.9763,16837762367.886122,17008775548.730848,0.06908834998566915,0.1385916422298307,0.13952966190393362,0.02285305298566915,0.09235634522983069,0.09329436490393361
材料,有色金属,地方国有企业,193127836000.0,0.04877,9510249520.23368,28116276041.84565,28384466633.304657,9510249520.23368,28116276041.84565,28384466633.304657,0.09801328733344106,0.19435375749545317,0.19574242624985794,0.049243287333441056,0.14558375749545316,0.14697242624985793
材料,有色金属,地方国有企业,208595000000.0,0.0852602,-5826600067.152047,9614641672.276173,9998360979.401794,0.0,9614641672.276173,9998360979.401794,0.0573276030194777,0.13135258798761318,0.13319213019680143,-0.027932596980522292,0.046092387987613184,0.047931930196801434
材料,有色金属,地方国有企业,218691169000.0,0.045031,10398693437.611666,32767129147.528854,32738975738.38273,10398693437.611666,32767129147.528854,32738975738.38273,0.09258067237662745,0.19486388670210938,0.19473515078069625,0.04754967237662745,0.14983288670210937,0.14970415078069627
材料,有色金属,地方国有企业,306044000000.0,0.075917288,-4397233847.994171,18332847750.30888,19128222396.424397,0.0,18332847750.30888,19128222396.424397,0.06154930872906454,0.13581994170439832,0.1384188315572153,-0.014367979270935458,0.05990265370439832,0.0625015435572153
材料,有色金属,地方国有企业,343005706012.0,0.075169,-6581984470.219021,16010963188.414034,17888502809.077763,0.0,16010963188.414034,17888502809.077763,0.05597986012607396,0.1218474164455092,0.12732120183086965,-0.019189139873926037,0.0466784164455092,0.052152201830869646
材料,有色金属,地方国有企业,396610730026.0,0.09228,-17115066960.00939,8454757388.35521,10703772031.363832,0.0,8454757388.35521,10703772031.363832,0.04912668703015825,0.11359752055170307,0.11926810501335186,-0.04315331296984175,0.021317520551703065,0.02698810501335186
材料,有色金属,地方国有企业,512005142450.0,0.108807,-29776343334.403957,4982039318.656532,8448268814.34655,0.0,4982039318.656532,8448268814.34655,0.05065066353837594,0.11853744781311558,0.1253073593009255,-0.05815633646162406,0.009730447813115578,0.016500359300925513
材料,钢铁Ⅱ,中央国有企业,72585012817.0,0.083513444,5063776209.199954,5250818764.895911,5243842638.778239,5063776209.199954,5250818764.895911,5243842638.778239,0.15327682920414198,0.15585370490391662,0.1557575951720735,0.06976338520414198,0.07234026090391661,0.07224415117207349
材料,钢铁Ⅱ,中央国有企业,77440955872.0,0.081567321,401351515.2658677,6972196636.362303,5169971291.609273,401351515.2658677,6972196636.362303,5169971291.609273,0.08674999870260029,0.17159974063963426,0.14832748987181216,0.005182677702600294,0.09003241963963426,0.06676016887181216
材料,钢铁Ⅱ,中央国有企业,84876296225.0,0.099292685,-2777606231.988431,1916594872.1552458,687883356.8502506,0.0,1916594872.1552458,687883356.8502506,0.06656733816552896,0.12187372302119867,0.10739722522436052,-0.03272534683447105,0.022581038021198666,0.00810454022436051
材料,钢铁Ⅱ,中央国有企业,90774617316.0,0.084181709,-794668575.4907475,5318791693.747587,3792578057.9811726,0.0,5318791693.747587,3792578057.9811726,0.07542740522007452,0.14277508951772863,0.12596186924874708,-0.008754303779925476,0.05859338051772864,0.04178016024874709
材料,钢铁Ⅱ,中央国有企业,110322568610.71,0.060174,1124386830.034025,8016669374.163296,6875095281.347612,1124386830.034025,8016669374.163296,6875095281.347612,0.07036581155944252,0.13283972447611636,0.12249212192124925,0.010191811559442522,0.07266572447611636,0.062318121921249255
材料,钢铁Ⅱ,中央国有企业,111043379345.44,0.053478,1766467200.7506425,8903592085.864632,7521892141.315893,1766467200.7506425,8903592085.864632,7521892141.315893,0.06938590203939504,0.1336592061047497,0.12121632159697128,0.015907902039395044,0.08018120610474971,0.06773832159697128
材料,钢铁Ⅱ,中央国有企业,116506605547.44,0.05531,2439427184.6317644,10009272976.461174,8164472308.163292,2439427184.6317644,10009272976.461174,8164472308.163292,0.0762481019485497,0.14122163504789886,0.12538733398291158,0.020938101948549698,0.08591163504789887,0.07007733398291158
材料,钢铁Ⅱ,中央国有企业,339633000000.0,0.043755661,9166340955.851936,35977724671.83623,33143140378.84252,9166340955.851936,35977724671.83623,33143140378.84252,0.07074461954010634,0.14968684163273072,0.14134082021256922,0.026988958540106342,0.10593118063273071,0.09758515921256922
材料,钢铁Ⅱ,中央国有企业,356225000000.0,0.039689294,11176921094.911428,37638214762.366005,37533669699.65476,11176921094.911428,37638214762.366005,37533669699.65476,0.07106530942539527,0.1453478377921707,0.14505435737189912,0.03137601542539527,0.1056585437921707,0.10536506337189912
材料,钢铁Ⅱ,中央国有企业,363020038344.87,0.031204,16963048070.180561,43240230693.00022,44515934674.00238,16963048070.180561,43240230693.00022,44515934674.00238,0.07793158051462057,0.15031651756279604,0.15383065961076264,0.04672758051462057,0.11911251756279605,0.12262665961076265
材料,钢铁Ⅱ,中央国有企业,364873528314.28,0.023675,19440503675.419056,45384150896.92913,46465120815.569595,19440503675.419056,45384150896.92913,46465120815.569595,0.07695511534636237,0.14805823795810685,0.15102082590915542,0.05328011534636237,0.12438323795810685,0.1273458259091554
材料,钢铁Ⅱ,中央国有企业,376051483588.01,0.034404,15511584017.491703,40787793308.60829,41311841936.63837,15511584017.491703,40787793308.60829,41311841936.63837,0.07565256487598836,0.1428673224138376,0.14426087795317488,0.04124856487598836,0.1084633224138376,0.10985687795317489
材料,钢铁Ⅱ,中央国有企业,380398000000.0,0.066824544,1866929821.326593,27908215183.936596,28601159377.229824,1866929821.326593,27908215183.936596,28601159377.229824,0.07173237690481704,0.14019037448264343,0.14201200391627145,0.004907832904817042,0.07336583048264343,0.07518745991627145
材料,钢铁Ⅱ,中央国有企业,398249000000.0,0.034483213,16491830576.0765,45054157055.75638,45462322467.545906,16491830576.0765,45054157055.75638,45462322467.545906,0.07589406544677701,0.14761383493691982,0.1486387349662721,0.041410852446777016,0.11313062193691982,0.11415552196627211
材料,钢铁Ⅱ,地方国有企业,144222000000.0,0.02008244,1602686542.6266277,11201833058.455385,9306181549.56128,1602686542.6266277,11201833058.455385,9306181549.56128,0.03119507567712712,0.0977532049211312,0.08460922197196877,0.011112635677127121,0.0776707649211312,0.06452678197196876
材料,钢铁Ⅱ,地方国有企业,146722000000.0,0.008217907,4250982447.2026477,14657461684.63633,12883504816.183296,4250982447.2026477,14657461684.63633,12883504816.183296,0.037190947492922996,0.10811745638343485,0.0960268573699738,0.028973040492922996,0.09989954938343486,0.0878089503699738
材料,钢铁Ⅱ,地方国有企业,147087000000.0,0.020683039,1173414986.3377957,9978946303.287199,7219064207.2612915,1173414986.3377957,9978946303.287199,7219064207.2612915,0.028660732381045204,0.08852687498337854,0.06976327183676526,0.007977693381045203,0.06784383598337854,0.049080232836765256
材料,钢铁Ⅱ,地方国有企业,147968000000.0,0.033773765,-154650249.7099796,9749560867.423567,7952232015.623874,0.0,9749560867.423567,7952232015.623874,0.03272860489977576,0.09966342267884655,0.0875166824931328,-0.001045160100224235,0.06588965767884655,0.0537429174931328
材料,钢铁Ⅱ,地方国有企业,151673460592.94,0.014627,1894284937.9999564,11855991715.374378,10036917748.634356,1894284937.9999564,11855991715.374378,10036917748.634356,0.027116231343404386,0.09279487240843269,0.0808015153660821,0.012489231343404386,0.07816787240843269,0.0661745153660821
材料,钢铁Ⅱ,地方国有企业,151775636822.69,0.016546,2265762990.424183,12616537357.529541,10409756390.463911,2265762990.424183,12616537357.529541,10409756390.463911,0.03147437083642833,0.09967223568345593,0.08513247809611882,0.01492837083642833,0.08312623568345592,0.06858647809611881
材料,钢铁Ⅱ,地方国有企业,155125400366.74,0.015523,2210691724.123205,12682761048.165068,10617978007.294252,2210691724.123205,12682761048.165068,10617978007.294252,0.029773997701838605,0.09728111967724883,0.08397070735283674,0.014250997701838604,0.08175811967724883,0.06844770735283674
能源,煤炭Ⅱ,中央国有企业,272469000000.0,0.040662582,-871295129.3118831,2592487258.5319376,8331499971.476181,0.0,2592487258.5319376,8331499971.476181,0.03746480489760713,0.05017737912749685,0.07124037239625125,-0.003197777102392871,0.009514797127496845,0.030577790396251248
能源,煤炭Ⅱ,中央国有企业,281574000000.0,0.035577161,1041733026.7352769,5524320278.107497,12126413746.411448,1041733026.7352769,5524320278.107497,12126413746.411448,0.039276838621993784,0.05519658707665302,0.07864368612807095,0.0036996776219937813,0.01961942607665302,0.043066525128070944
能源,煤炭Ⅱ,中央国有企业,321329000000.0,0.058533792,-3957961268.162741,83038063.67089707,8553415872.116191,0.0,83038063.67089707,8553415872.116191,0.046216319041870665,0.05879221269552047,0.08515266509304853,-0.012317472958129336,0.00025842069552046987,0.02661887309304853
能源,煤炭Ⅱ,中央国有企业,339616000000.0,0.069420696,-3401625698.3794627,512643301.7084828,10083320100.157845,0.0,512643301.7084828,10083320100.157845,0.05940460224004917,0.07093017524040235,0.09911105246188003,-0.010016093759950835,0.001509479240402345,0.02969035646188002
能源,煤炭Ⅱ,中央国有企业,349155327000.0,0.066585,-3907288741.615363,538677845.3791063,10663707270.549839,0.0,538677845.3791063,10663707270.549839,0.05539431081536854,0.06812780288376957,0.0971264422921001,-0.011190689184631467,0.0015428028837695673,0.030541442292100096
能源,煤炭Ⅱ,中央国有企业,357794496000.0,0.057829,-1530993622.8159974,1712603651.9463513,12498818902.917385,0.0,1712603651.9463513,12498818902.917385,0.053550025225564124,0.06261555672765394,0.09276195465036272,-0.004278974774435874,0.004786556727653941,0.03493295465036272
能源,煤炭Ⅱ,中央国有企业,370517742000.0,0.044927,2829879240.908281,7547963051.799046,18342153194.145508,2829879240.908281,7547963051.799046,18342153194.145508,0.05256463490955389,0.0652983943927658,0.09443111576821471,0.007637634909553888,0.0203713943927658,0.04950411576821471
能源,煤炭Ⅱ,中央国有企业,562904000000.0,0.067702486,6319045722.391289,18237357382.303226,39302711272.88165,6319045722.391289,18237357382.303226,39302711272.88165,0.07892828244555962,0.10010118521390367,0.13752382546975267,0.011225796445559613,0.03239869921390366,0.06982133946975266
能源,煤炭Ⅱ,中央国有企业,563083000000.0,0.079515809,312048639.9715303,7707845161.702127,28276088692.4272,312048639.9715303,7707845161.702127,28276088692.4272,0.08006998776222783,0.09320445731952329,0.12973236444995534,0.0005541787622278249,0.01368864831952328,0.05021655544995533
能源,煤炭Ⅱ,中央国有企业,610597000000.0,0.088765585,-3874149393.6184773,4524544462.295981,29661411501.828087,0.0,4524544462.295981,29661411501.828087,0.08242073005702046,0.09617561888863027,0.1373433072977317,-0.006344854942979539,0.007410033888630277,0.048577722297731704
能源,煤炭Ⅱ,中央国有企业,625178000000.0,0.121784516,-22048053507.07447,-12032911782.136194,12864522608.919712,0.0,0.0,12864522608.919712,0.08651767438517274,0.1025373387446644,0.14236189173766145,-0.03526684161482725,-0.01924717725533559,0.020577375737661455
能源,煤炭Ⅱ,中央国有企业,631777000000.0,0.089593,-2276382476.658959,7918419703.65798,33757817646.15263,0.0,7918419703.65798,33757817646.15263,0.08598985763068463,0.10212656754623543,0.1430261222031708,-0.0036031423693153736,0.012533567546235427,0.053433122203170785
能源,煤炭Ⅱ,中央国有企业,633412000000.0,0.106539,-13231985408.499203,-2991032369.9290524,22919735297.960144,0.0,0.0,22919735297.960144,0.08564898621987078,0.1018169038446871,0.14272356123022636,-0.02089001378012921,-0.0047220961553128965,0.03618456123022637
能源,煤炭Ⅱ,中央国有企业,661436000000.0,0.098454,-7901232603.4461775,2947576947.0407114,29753501054.528812,0.0,2947576947.0407114,29753501054.528812,0.0865084261221854,0.1029103297840467,0.14343718968808594,-0.0119455738778146,0.0044563297840466976,0.04498318968808594
能源,煤炭Ⅱ,地方国有企业,65113270693.0,0.03869515,438688029.3661247,-18128245.866995495,828115842.4320211,438688029.3661247,0.0,828115842.4320211,0.04543245600071493,0.03841673907586646,0.051413230870740956,0.0067373060007149335,-0.0002784109241335403,0.012718080870740958
能源,煤炭Ⅱ,地方国有企业,70497875041.0,0.072416902,-2584166941.7747784,-2992076359.5310187,-2132423325.351803,0.0,0.0,0.0,0.035760946905298435,0.02997482331619722,0.042168850918862695,-0.03665595509470157,-0.042442078683802786,-0.03024805108113731
能源,煤炭Ⅱ,地方国有企业,70610618879.0,0.040261809,280833733.64441645,-47395653.02676868,1012333817.3083851,280833733.64441645,0.0,1012333817.3083851,0.044239025714750226,0.039590583428277044,0.05459865851895329,0.003977216714750223,-0.0006712255717229582,0.014336849518953289
能源,煤炭Ⅱ,地方国有企业,93603512358.87,0.080743,-2218252539.9292345,-705194254.9812661,535366087.7100906,0.0,0.0,535366087.7100906,0.057044610014113636,0.07320915605323018,0.08646250853358504,-0.02369838998588636,-0.007533843946769814,0.005719508533585049
能源,煤炭Ⅱ,地方国有企业,95737794132.0,0.124064922,-7532746516.765673,-6858440166.992118,-5860150960.40606,0.0,0.0,0.0,0.045383910127303424,0.05242717194346606,0.06285449811738698,-0.07868101187269658,-0.07163775005653394,-0.06121042388261301
能源,煤炭Ⅱ,地方国有企业,108847567597.08,0.018728,1557764984.0499341,-303462803.92638904,2001399111.082214,1557764984.0499341,0.0,2001399111.082214,0.03303943587715527,0.015940038719599925,0.0371151735057119,0.01431143587715527,-0.0027879612804000767,0.018387173505711896
能源,煤炭Ⅱ,地方国有企业,109949187629.7,0.034092,2603884555.424357,3862919069.501057,5671591494.268548,2603884555.424357,3862919069.501057,5671591494.268548,0.05777461750322367,0.06922567540750785,0.08567575079013781,0.023682617503223674,0.03513367540750785,0.051583750790137814
能源,煤炭Ⅱ,地方国有企业,126684000000.0,0.098061525,-5258291330.304551,-3623229838.155298,-1358860862.9634485,0.0,0.0,0.0,0.05655437863341423,0.06946099266635646,0.08733514390243875,-0.04150714636658576,-0.02860053233364354,-0.010726381097561244
能源,煤炭Ⅱ,地方国有企业,148912000000.0,0.100237638,-5113254282.332778,-2640335967.6099267,590702235.6476912,0.0,0.0,590702235.6476912,0.06590021534546056,0.08250679046850538,0.10420442533512203,-0.03433742265453944,-0.01773084753149462,0.003966787335122027
能源,煤炭Ⅱ,地方国有企业,185407000000.0,0.113549493,-8055119217.047514,-5556682958.416406,-607279926.3313928,0.0,0.0,0.0,0.07010388837316545,0.0835793033177528,0.11027410465796657,-0.043445604626834555,-0.029970189682247197,-0.0032753883420334334
能源,煤炭Ⅱ,地方国有企业,193901834023.3,0.107386,-6337894785.177206,-2137828903.3861444,3511122069.9771595,0.0,0.0,3511122069.9771595,0.07469989975189394,0.0963606844626067,0.12549373006693298,-0.03268610024810606,-0.01102531553739329,0.01810773006693299
能源,煤炭Ⅱ,地方国有企业,210761000000.0,0.057600333,-6232110578.570291,-6674929911.087073,-1611212406.9294233,0.0,0.0,0.0,0.028030770421675302,0.02592972073735618,0.049955596037614056,-0.029569562578324694,-0.03167061226264382,-0.007644736962385941
能源,煤炭Ⅱ,地方国有企业,215260000000.0,0.16034107,-17507263583.1783,-13773157383.340517,-7587618623.951935,0.0,0.0,0.0,0.07901029055570799,0.0963572486521392,0.12509244682824522,-0.08133077944429201,-0.0639838213478608,-0.035248623171754784
能源,煤炭Ⅱ,地方国有企业,228552861117.95,0.099353,-6083643538.807082,518964573.43371683,6513355855.916846,0.0,518964573.43371683,6513355855.916846,0.07273489725978763,0.10162365445995836,0.1278512468565794,-0.026618102740212368,0.00227065445995836,0.028498246856579396
能源,煤炭Ⅱ,地方国有企业,236269289914.48,0.071676,-1435608490.1336677,5482968141.243253,11078600353.614153,0.0,5482968141.243253,11078600353.614153,0.06559984642687461,0.09488243594107329,0.11856571790461706,-0.006076153573125395,0.023206435941073286,0.04688971790461706
能源,煤炭Ⅱ,地方国有企业,273009000000.0,0.033643654,-2680574345.6911016,-2617981406.5999026,3928445999.8423715,0.0,0.0,3928445999.8423715,0.023825024043877305,0.02405429465067488,0.048033091710267324,-0.009818629956122697,-0.009589359349325123,0.014389437710267322
能源,煤炭Ⅱ,地方国有企业,301959000000.0,0.073721162,-19301238035.258923,-17247776536.063477,-11299997994.084866,0.0,0.0,0.0,0.00980109988806123,0.01660156451801246,0.036298869589159906,-0.06392006211193878,-0.05711959748198755,-0.0374222924108401
能源,煤炭Ⅱ,地方国有企业,308604000000.0,0.117920884,-29783075543.46029,-30597843631.305832,-23122867081.049812,0.0,0.0,0.0,0.021411844767001434,0.018771671315440396,0.04299357560137325,-0.09650903923299857,-0.0991492126845596,-0.07492730839862675
能源,煤炭Ⅱ,地方国有企业,356350370000.0,0.051055,-10077994483.197216,-9564976364.03796,-648187203.1073492,0.0,0.0,0.0,0.022773860616877667,0.024213505871516397,0.049236039623707005,-0.028281139383122336,-0.026841494128483606,-0.0018189603762929982
能源,煤炭Ⅱ,地方国有企业,414317629000.0,0.051511,-5172874222.541241,-3064591743.5416985,8366154592.399936,0.0,0.0,8366154592.399936,0.03902571368711361,0.04411427939475224,0.07170361070930664,-0.012485286312886389,-0.007396720605247764,0.02019261070930664
能源,煤炭Ⅱ,地方国有企业,451972364000.0,0.027923,-2382291071.168559,-1233228496.4451158,9521914588.832165,0.0,0.0,9521914588.832165,0.02265212226295199,0.02519445154289762,0.04899047081737981,-0.00527087773704801,-0.002728548457102381,0.02106747081737981
能源,石油石化,中央国有企业,73311708000.0,0.015423798,4418851865.366074,3761337440.205915,4898012463.48074,4418851865.366074,3761337440.205915,4898012463.48074,0.07569864339530949,0.06672989279465293,0.08223457893939293,0.06027484539530949,0.05130609479465292,0.06681078093939292
能源,石油石化,中央国有企业,75942308000.0,0.04729003,1784822143.3989809,1666021670.3351228,2537108706.2341104,1784822143.3989809,1666021670.3351228,2537108706.2341104,0.07079237263882236,0.06922802101200773,0.08069839976187385,0.023502342638822366,0.021937991012007732,0.03340836976187385
能源,石油石化,中央国有企业,76101838000.0,0.046964858,1454687776.2568717,868505726.165243,1815893005.0914118,1454687776.2568717,868505726.165243,1815893005.0914118,0.06607987301786161,0.05837727258800565,0.07082621342602022,0.019115015017861614,0.011412414588005654,0.02386135542602022
能源,石油石化,中央国有企业,77184090000.0,0.040373955,2471152282.579398,2372185666.631962,3431752983.0194564,2471152282.579398,2372185666.631962,3431752983.0194564,0.07239029777970238,0.07110808254664805,0.08483587691965283,0.032016342779702375,0.030734127546648046,0.04446192191965283
能源,石油石化,中央国有企业,82947663000.0,0.04698,2443444569.5844994,1980310702.4146023,3190305887.5499525,2443444569.5844994,1980310702.4146023,3190305887.5499525,0.07643766621037291,0.07085421936666983,0.0854416729653969,0.029457666210372914,0.02387421936666983,0.0384616729653969
能源,石油石化,中央国有企业,83245834000.0,0.047842,2355837032.494539,2322492140.5229044,3478677439.275712,2355837032.494539,2322492140.5229044,3478677439.275712,0.07614175891039231,0.07574119962268508,0.08963000634366534,0.028299758910392304,0.027899199622685077,0.04178800634366534
能源,石油石化,中央国有企业,84462835000.0,0.053019,1921452720.4684203,2657528357.821676,3612135126.083398,1921452720.4684203,2657528357.821676,3612135126.083398,0.07576809101107511,0.0844828782586646,0.0957849706909364,0.022749091011075112,0.031463878258664604,0.042765970690936406
能源,石油石化,中央国有企业,721275000000.0,0.039516135,17561009886.279984,20374434949.290047,35864310827.62459,17561009886.279984,20374434949.290047,35864310827.62459,0.06386331171661985,0.0677639391652491,0.08923962580118483,0.024347176716619852,0.0282478041652491,0.04972349080118483
能源,石油石化,中央国有企业,757731000000.0,0.084581468,-12459192833.299534,-9025395965.21073,7448046183.949021,0.0,0.0,7448046183.949021,0.06813870291146656,0.07267038614481561,0.09441087472078749,-0.016442765088533443,-0.0119110818551844,0.009829406720787484
能源,石油石化,中央国有企业,786569000000.0,0.093450161,-26609569844.3269,-25941573507.77463,-8021553291.924952,0.0,0.0,0.0,0.05962023655048966,0.060469489872896555,0.0832520050951462,-0.03382992444951034,-0.03298067112710345,-0.010198155904853803
能源,石油石化,中央国有企业,929031000000.0,0.155839794,-83901745100.84027,-80013268050.05814,-58824286430.65397,0.0,0.0,0.0,0.06552876551888337,0.06971428467893523,0.0925218999462451,-0.09031102848111663,-0.08612550932106477,-0.0633178940537549
能源,石油石化,中央国有企业,1005598000000.0,0.125544,-51447394055.30833,-42173799953.16258,-18680373304.45304,0.0,0.0,0.0,0.07438300519361779,0.08360497471040854,0.10696761728598003,-0.0511609948063822,-0.04193902528959145,-0.018576382714019957
能源,石油石化,中央国有企业,1056281000000.0,0.133222,-62993978551.02321,-52436778768.3658,-27145959757.3646,0.0,0.0,0.0,0.0735844806741547,0.08357916938166474,0.1075224373293048,-0.05963751932584531,-0.04964283061833527,-0.025699562670695203
能源,石油石化,中央国有企业,1098559000000.0,0.113556,-39931014937.193756,-27902514116.363567,51472836.55166855,0.0,0.0,51472836.55166855,0.07720746074339771,0.08815680513075441,0.11360285486765087,-0.036348539256602294,-0.025399194869245592,4.685486765086677e-05
能源,石油石化,中央国有企业,1733810000000.0,0.027852036,131812157178.07307,219536998174.38483,243574457279.5752,131812157178.07307,219536998174.38483,243574457279.5752,0.10387660453869402,0.15447317567181226,0.1683371279533139,0.07602456853869402,0.12662113967181227,0.1404850919533139
能源,石油石化,中央国有企业,1755070000000.0,0.042430192,118667790351.7966,218568395076.64172,242415972305.28836,118667790351.7966,218568395076.64172,242415972305.28836,0.1100444696936513,0.16696562082998498,0.18055344195885542,0.0676142776936513,0.12453542882998497,0.13812324995885542
能源,石油石化,中央国有企业,1889260000000.0,0.046046193,81437866382.06284,134590477097.90742,174577754972.0413,81437866382.06284,134590477097.90742,174577754972.0413,0.08915188855384798,0.11728597847045268,0.13845155540223225,0.04310569555384798,0.07123978547045268,0.09240536240223225
能源,石油石化,中央国有企业,1948640000000.0,0.042553781,107916410943.17393,174701977917.26126,210356735650.42252,107916410943.17393,174701977917.26126,210356735650.42252,0.09793415446209353,0.1322070663257971,0.1505043186315905,0.05538037346209353,0.0896532853257971,0.1079505376315905
能源,石油石化,中央国有企业,2024696000000.0,0.037724,128701112666.9323,218919468290.1366,251109662180.8287,128701112666.9323,218919468290.1366,251109662180.8287,0.10128964771547547,0.1458486114429705,0.1617473902673926,0.06356564771547546,0.1081246114429705,0.12402339026739259
能源,石油石化,中央国有企业,2081440000000.0,0.032449,143032858803.5979,220319975153.54327,256457998820.32315,143032858803.5979,220319975153.54327,256457998820.32315,0.10116722334710485,0.13829878435772508,0.1556608143306188,0.06871822334710484,0.10584978435772507,0.12321181433061879
能源,石油石化,中央国有企业,2153485000000.0,0.024018,155358891566.9186,236802867824.1954,274205510879.8203,155358891566.9186,236802867824.1954,274205510879.8203,0.09616101077876958,0.13398062700886954,0.15134905216884276,0.07214301077876958,0.10996262700886954,0.12733105216884275
能源,石油石化,中央国有企业,2488130000000.0,0.01830052,172863909496.63217,224027008332.1168,283551733090.06573,172863909496.63217,224027008332.1168,283551733090.06573,0.08777595315527412,0.10833882520596463,0.13226230378543957,0.06947543315527412,0.09003830520596463,0.11396178378543957
能源,石油石化,中央国有企业,2502260000000.0,0.044723135,90078039790.81877,135031728345.2382,202735126187.28088,90078039790.81877,135031728345.2382,202735126187.28088,0.0807218081158308,0.09868704296529465,0.1257439426647834,0.0359986731158308,0.053963907965294655,0.0810208076647834
能源,石油石化,中央国有企业,2673490000000.0,0.063936772,83988336055.76768,150357430007.23322,218227153403.89316,83988336055.76768,150357430007.23322,218227153403.89316,0.09535201426975515,0.12017690381542973,0.1455630931771479,0.031415242269755145,0.05624013181542972,0.08162632117714791
能源,石油石化,中央国有企业,2732910000000.0,0.027842483,176578230180.71808,243945388707.62378,310064061359.3568,176578230180.71808,243945388707.62378,310064061359.3568,0.0924542814788076,0.1171046206875286,0.14129812601764669,0.0646117984788076,0.0892621376875286,0.11345564301764668
能源,石油石化,中央国有企业,2752448000000.0,0.067289,101270152796.86911,193504754144.68204,258781574074.07944,101270152796.86911,193504754144.68204,258781574074.07944,0.10408175786386123,0.13759178288442944,0.16130769683789828,0.03679275786386123,0.07030278288442944,0.09401869683789828
能源,石油石化,中央国有企业,2752751000000.0,0.067356,87981596735.86781,169978608453.725,240184249124.269,87981596735.86781,169978608453.725,240184249124.269,0.09931733494670161,0.12910463198804578,0.1546084427833353,0.031961334946701614,0.06174863198804578,0.0872524427833353
能源,石油石化,中央国有企业,2827777000000.0,0.061845,108485803069.16605,192356146637.2864,268313345469.8149,108485803069.16605,192356146637.2864,268313345469.8149,0.1002093416963806,0.12986880337533208,0.1567299026885129,0.0383643416963806,0.06802380337533208,0.09488490268851289
通讯服务,传媒,地方国有企业,17078206150.0,0.068641107,444437856.5239812,542294568.0658864,580691287.4978139,444437856.5239812,542294568.0658864,580691287.4978139,0.09466479195967484,0.1003947094160176,0.102642997034441,0.02602368495967483,0.03175360241601759,0.034001890034441
通讯服务,传媒,地方国有企业,19265699803.0,0.103587808,-547277913.2757038,-435351911.5947494,-322742719.2228656,0.0,0.0,0.0,0.0751809544274927,0.08099055401772018,0.08683561511196336,-0.0284068535725073,-0.022597253982279825,-0.016752192888036643
通讯服务,传媒,地方国有企业,26110751405.0,0.077090077,-99113197.5038042,168336745.0778171,250656285.89568493,0.0,168336745.0778171,250656285.89568493,0.07329420012282883,0.08353710498731338,0.08668981168429891,-0.0037958768771711726,0.006447027987313378,0.009599734684298908
通讯服务,传媒,地方国有企业,29049673557.0,0.05829542,676153352.3379055,1084015284.4937143,1294333469.3925228,676153352.3379055,1084015284.4937143,1294333469.3925228,0.08157118421852683,0.09561133965626419,0.10285128968482928,0.023275764218526826,0.037315919656264185,0.044555869684829275
通讯服务,传媒,地方国有企业,31422386654.49,0.108459,-1112756161.8491786,-729223749.1031157,-479492244.0569457,0.0,0.0,0.0,0.0730461532902745,0.0852518592719129,0.09319942569301685,-0.0354128467097255,-0.023207140728087106,-0.015259574306983145
通讯服务,传媒,地方国有企业,32530165142.43,0.036125,1139293239.2426963,1757985632.8659499,2003904415.5910192,1139293239.2426963,1757985632.8659499,2003904415.5910192,0.07114767001272257,0.09016670637218685,0.09772642153650707,0.03502267001272257,0.05404170637218685,0.06160142153650707
通讯服务,传媒,地方国有企业,33171867484.43,0.036738,895268413.5445915,1767405770.1945996,1965006076.134094,895268413.5445915,1767405770.1945996,1965006076.134094,0.06372678542080294,0.09001826138486696,0.09597512546652419,0.026988785420802942,0.05328026138486696,0.05923712546652419
通讯服务,电信服务,中央国有企业,18157405439.0,0.024849346,934171589.6875198,1221047311.930265,1294145421.0548382,934171589.6875198,1221047311.930265,1294145421.0548382,0.07629786340111655,0.09209724196357182,0.09612304341247083,0.05144851740111655,0.06724789596357181,0.07127369741247083
通讯服务,电信服务,中央国有企业,18289285775.0,0.02517721,1052610198.1670526,1067437368.8463324,1240022175.883656,1052610198.1670526,1067437368.8463324,1240022175.883656,0.08273058912680478,0.08354129168029363,0.09297768023917509,0.057553379126804784,0.05836408168029363,0.0678004702391751
通讯服务,电信服务,中央国有企业,19108303143.0,0.027076187,1077700428.827413,1081572004.1047113,1272280691.3974862,1077700428.827413,1081572004.1047113,1272280691.3974862,0.08347577521891572,0.08367838741573533,0.09365879676268657,0.05639958821891572,0.056602200415735326,0.06658260976268657
通讯服务,电信服务,中央国有企业,22406144635.9,0.01243,1599262080.532843,1313362273.5399845,1726152249.1444118,1599262080.532843,1313362273.5399845,1726152249.1444118,0.08380604913834408,0.07104616511372795,0.08946923531666859,0.07137604913834408,0.058616165113727955,0.07703923531666859
通讯服务,电信服务,中央国有企业,22412943899.49,0.010881,1567260623.452007,1565479630.972437,1821233585.9922829,1567260623.452007,1565479630.972437,1821233585.9922829,0.08080758485562307,0.08072812218050297,0.09213911558533033,0.06992658485562307,0.06984712218050297,0.08125811558533033
通讯服务,电信服务,中央国有企业,22428111563.0,0.037206934,988311924.2739253,1040579727.7586367,1250840350.6551561,988311924.2739253,1040579727.7586367,1250840350.6551561,0.0812727003708236,0.08360315977387643,0.09297802944606896,0.0440657663708236,0.046396225773876434,0.055771095446068966
通讯服务,电信服务,中央国有企业,22655663962.77,0.0088,1614354525.9444852,1449814790.343451,1747770779.5227163,1614354525.9444852,1449814790.343451,1747770779.5227163,0.0800561118754829,0.07279348051445009,0.08594498159907492,0.07125611187548289,0.06399348051445009,0.07714498159907492
通讯服务,电信服务,中央国有企业,564231000000.0,0.010101391,11177246086.026125,55469234634.306854,50341049548.56243,11177246086.026125,55469234634.306854,50341049548.56243,0.02991108966247357,0.10841083276109936,0.09932202855547362,0.01980969866247357,0.09830944176109936,0.08922063755547362
通讯服务,电信服务,中央国有企业,582475000000.0,0.009868284,11182880892.695694,56827519817.7446,50900763070.00871,11182880892.695694,56827519817.7446,50900763070.00871,0.029067186772987155,0.10743044515325911,0.09725531875687148,0.019198902772987157,0.09756216115325911,0.08738703475687147
通讯服务,电信服务,中央国有企业,593284000000.0,0.012700151,9624295455.799706,56955185816.16449,50719836546.31221,9624295455.799706,56955185816.16449,50719836546.31221,0.02892222247976299,0.10870001921853359,0.09819012973920788,0.01622207147976299,0.0959998682185336,0.08548997873920788
通讯服务,电信服务,中央国有企业,644687000000.0,0.010162857,11768306979.555752,62207182251.37552,56045646401.67476,11768306979.555752,62207182251.37552,56045646401.67476,0.028417152463621496,0.10665492563388826,0.09709751893932056,0.018254295463621496,0.09649206863388826,0.08693466193932056
通讯服务,电信服务,中央国有企业,662844796563.0,0.011939,8740718034.616468,61689447691.77358,54661714589.74457,8740718034.616468,61689447691.77358,54661714589.74457,0.02512567368279734,0.10500671058873405,0.09440432955101694,0.01318667368279734,0.09306771058873405,0.08246532955101693
通讯服务,电信服务,中央国有企业,671056308815.0,0.01273,8630243460.701881,63239922391.72104,55363027532.0358,8630243460.701881,63239922391.72104,55363027532.0358,0.025590684487031785,0.10696936793529993,0.09523131442739859,0.012860684487031785,0.09423936793529993,0.08250131442739858
通讯服务,电信服务,中央国有企业,672836701609.0,0.013008,7756475708.585691,61012249342.48003,53635998043.10021,7756475708.585691,61012249342.48003,53635998043.10021,0.02453602112315976,0.10368713387687875,0.09272421927703531,0.011528021123159758,0.09067913387687875,0.0797162192770353
通讯服务,电信服务,中央国有企业,703131000000.0,0.034996324,-3785730509.7869334,44156401704.42275,40258251450.67461,0.0,44156401704.42275,40258251450.67461,0.02961221988599147,0.09779600386679971,0.0922520152590607,-0.0053841041140085324,0.06279967986679971,0.057255691259060694
通讯服务,电信服务,中央国有企业,715096000000.0,0.033957678,-4407090600.565125,44294457370.8066,39919565813.62568,0.0,44294457370.8066,39919565813.62568,0.027794742393360994,0.09589965134456717,0.08978174331937765,-0.006162935606639004,0.06194197334456717,0.05582406531937765
通讯服务,电信服务,中央国有企业,762234000000.0,0.037195927,-6557551829.790829,45301890091.57039,40769948375.67934,0.0,45301890091.57039,40769948375.67934,0.028592857824666924,0.09662897523921576,0.09068337098134868,-0.008603069175333072,0.05943304823921577,0.053487443981348685
通讯服务,电信服务,中央国有企业,807698000000.0,0.036491362,-1536613446.038854,60828344985.13655,55414775050.83023,0.0,60828344985.13655,55414775050.83023,0.03458890161748221,0.11180211550581103,0.1050996475854914,-0.00190246038251779,0.07531075350581103,0.0686082855854914
通讯服务,电信服务,中央国有企业,835814000000.0,0.039472,-5883808528.984145,58322608436.20119,52603737290.08356,0.0,58322608436.20119,52603737290.08356,0.0324323852902869,0.10925141077345102,0.10240913348912982,-0.0070396147097131,0.06977941077345101,0.06293713348912983
通讯服务,电信服务,中央国有企业,866625000000.0,0.040852,-7400533957.175488,59579314026.84977,54026136463.29093,0.0,59579314026.84977,54026136463.29093,0.03231251180478813,0.10960066756307488,0.10319284692143768,-0.008539488195211872,0.06874866756307488,0.06234084692143768
通讯服务,电信服务,中央国有企业,870644000000.0,0.040475,-8243787579.2738085,59328716668.202675,53775147915.05651,0.0,59328716668.202675,53775147915.05651,0.031006391040110756,0.10861848536049484,0.10223979469801263,-0.009468608959889241,0.06814348536049485,0.06176479469801263
通讯服务,电信服务,中央国有企业,1629240000000.0,0.067442489,-34915212268.989235,78706477685.62259,82351898873.05435,0.0,78706477685.62259,82351898873.05435,0.04601212130157052,0.11575119593428997,0.11798869390109151,-0.021430367698429473,0.04830870693428997,0.05054620490109152
通讯服务,电信服务,中央国有企业,1727880000000.0,0.064135745,-34464777407.47497,82659022731.53642,87225813828.05322,0.0,82659022731.53642,87225813828.05322,0.04418946550867249,0.111974149710707,0.1146171521741401,-0.019946279491327504,0.04783840471070701,0.05048140717414011
通讯服务,电信服务,中央国有企业,1841330000000.0,0.064443741,-40519427149.08316,86607315267.7101,90492928499.90163,0.0,86607315267.7101,90492928499.90163,0.04243821936667889,0.11147893581446025,0.11358915681351611,-0.02200552163332111,0.04703519481446025,0.04914541581351611
通讯服务,电信服务,中央国有企业,1935540000000.0,0.065937739,-51054261618.27765,83044760267.83546,86310952039.23055,0.0,83044760267.83546,86310952039.23055,0.03956046877139317,0.10884295422047359,0.11053043769867352,-0.026377270228606822,0.042905215220473594,0.04459269869867352
通讯服务,电信服务,中央国有企业,1992657000000.0,0.067908,-59127407533.77154,91185591050.00955,91978691828.92462,0.0,91185591050.00955,91978691828.92462,0.0382353531100578,0.11366880632542858,0.11406681801480366,-0.029672646889942193,0.04576080632542859,0.04615881801480366
通讯服务,电信服务,中央国有企业,2108127000000.0,0.067097,-59899126014.0242,98938557694.29463,100384759835.24815,0.0,98938557694.29463,100384759835.24815,0.03868356664706434,0.11402897216974814,0.11471498498631637,-0.02841343335293566,0.046931972169748135,0.047617984986316364
通讯服务,电信服务,中央国有企业,2128182000000.0,0.065914,-61781192023.280914,99661490817.09323,100531002706.52858,0.0,99661490817.09323,100531002706.52858,0.03688396778316849,0.11274340219261944,0.11315197246031053,-0.02903003221683151,0.04682940219261944,0.04723797246031053
